company,sector,model_type,problem_type,sequence_length,horizon_steps,epoch,train_loss,val_loss,train_samples,val_samples,test_samples
AAPL,Consumer Goods,BiLSTM,classification,20,1,1,0.7023347655133386,0.6840923627217611,398,42,64
AAPL,Consumer Goods,BiLSTM,classification,20,1,2,0.7037588351934998,0.6804263222785223,398,42,64
AAPL,Consumer Goods,BiLSTM,classification,20,1,3,0.703064621393405,0.6991195650327773,398,42,64
AAPL,Consumer Goods,BiLSTM,classification,20,1,4,0.7011738817895478,0.7027085395086379,398,42,64
AAPL,Consumer Goods,BiLSTM,classification,20,1,5,0.6969868301147193,0.6821580614362445,398,42,64
AAPL,Consumer Goods,BiLSTM,classification,20,1,6,0.697097598008774,0.6954740938686189,398,42,64
AAPL,Consumer Goods,BiLSTM,classification,20,1,7,0.6838061950314585,0.7380874298867726,398,42,64
AAPL,Consumer Goods,BiLSTM,classification,20,1,8,0.6796132418977555,0.7431428404081435,398,42,64
AAPL,Consumer Goods,BiLSTM,classification,20,1,9,0.6904360121818044,0.7417720669791812,398,42,64
AAPL,Consumer Goods,BiLSTM,classification,20,1,10,0.6585036108841249,0.7387517037845793,398,42,64
AAPL,Consumer Goods,BiLSTM,classification,20,1,11,0.6668368649842152,1.042456757454645,398,42,64
AAPL,Consumer Goods,BiLSTM,classification,20,1,12,0.6681467690060486,0.9944364627202352,398,42,64
AAPL,Consumer Goods,BiLSTM,classification,20,1,13,0.6631028858860534,1.40478930019197,398,42,64
AAPL,Consumer Goods,BiLSTM,classification,20,1,14,0.6453480891246891,0.8770572344462076,398,42,64
AAPL,Consumer Goods,BiLSTM,classification,20,1,15,0.619996320662187,0.9279120081946963,398,42,64
AAPL,Consumer Goods,BiLSTM,classification,20,1,16,0.6208504914638385,1.3833988223757063,398,42,64
AAPL,Consumer Goods,BiLSTM,classification,20,1,17,0.6266537769955007,1.0694474776585896,398,42,64
AAPL,Consumer Goods,BiLSTM,classification,20,1,18,0.6156562914201362,1.4257689317067463,398,42,64
AAPL,Consumer Goods,BiLSTM,classification,20,1,19,0.5910677259890877,1.6016678639820643,398,42,64
AAPL,Consumer Goods,BiLSTM,classification,20,1,20,0.5803000163193324,1.8561985890070598,398,42,64
ABB,Industrial Goods,BiLSTM,classification,20,1,1,0.6942510284371113,0.7234558434713454,398,42,64
ABB,Industrial Goods,BiLSTM,classification,20,1,2,0.6890020810779015,0.7947782959256854,398,42,64
ABB,Industrial Goods,BiLSTM,classification,20,1,3,0.6801748844846409,0.8108061438515073,398,42,64
ABB,Industrial Goods,BiLSTM,classification,20,1,4,0.6573937861763652,1.2018591222308932,398,42,64
ABB,Industrial Goods,BiLSTM,classification,20,1,5,0.6758633648330842,0.8950899385270619,398,42,64
ABB,Industrial Goods,BiLSTM,classification,20,1,6,0.673994363252841,0.8955587148666382,398,42,64
ABB,Industrial Goods,BiLSTM,classification,20,1,7,0.6542831030323277,1.341462771097819,398,42,64
ABB,Industrial Goods,BiLSTM,classification,20,1,8,0.6520888727513989,1.3780953884124756,398,42,64
ABB,Industrial Goods,BiLSTM,classification,20,1,9,0.6231413872996766,1.1712956996191115,398,42,64
ABB,Industrial Goods,BiLSTM,classification,20,1,10,0.6217248376889445,1.2152193955012731,398,42,64
ABB,Industrial Goods,BiLSTM,classification,20,1,11,0.6501772698745056,1.2783293610527402,398,42,64
ABB,Industrial Goods,BiLSTM,classification,20,1,12,0.6193595456717601,1.2888302008310955,398,42,64
ABB,Industrial Goods,BiLSTM,classification,20,1,13,0.6143252999339271,1.280740771974836,398,42,64
ABB,Industrial Goods,BiLSTM,classification,20,1,14,0.5820915947607415,0.8690676064718337,398,42,64
ABB,Industrial Goods,BiLSTM,classification,20,1,15,0.5782849456197653,1.4573527063642229,398,42,64
ABB,Industrial Goods,BiLSTM,classification,20,1,16,0.5687163792662884,1.1502955016635714,398,42,64
ABB,Industrial Goods,BiLSTM,classification,20,1,17,0.5896782334425941,1.0267024891717094,398,42,64
ABB,Industrial Goods,BiLSTM,classification,20,1,18,0.6158362950511913,1.0923632099514915,398,42,64
ABB,Industrial Goods,BiLSTM,classification,20,1,19,0.5387956937353815,1.9219698338281541,398,42,64
ABB,Industrial Goods,BiLSTM,classification,20,1,20,0.5363881775182695,2.0242178326561335,398,42,64
ABBV,Healthcare,BiLSTM,classification,20,1,1,0.7214698450050162,0.8139597404570806,398,42,64
ABBV,Healthcare,BiLSTM,classification,20,1,2,0.689237744664427,0.7866332502592177,398,42,64
ABBV,Healthcare,BiLSTM,classification,20,1,3,0.6809273787479305,0.9267194100788662,398,42,64
ABBV,Healthcare,BiLSTM,classification,20,1,4,0.6945749638068616,0.7781724078314645,398,42,64
ABBV,Healthcare,BiLSTM,classification,20,1,5,0.659896736468502,1.084742926415943,398,42,64
ABBV,Healthcare,BiLSTM,classification,20,1,6,0.6511881291566781,1.3365663687388103,398,42,64
ABBV,Healthcare,BiLSTM,classification,20,1,7,0.6698032072441062,1.0580071892057146,398,42,64
ABBV,Healthcare,BiLSTM,classification,20,1,8,0.6345278902269488,1.5172384125845773,398,42,64
ABBV,Healthcare,BiLSTM,classification,20,1,9,0.656565936965559,1.161471134140378,398,42,64
ABBV,Healthcare,BiLSTM,classification,20,1,10,0.6220846301946209,1.1227016278675623,398,42,64
ABBV,Healthcare,BiLSTM,classification,20,1,11,0.6265738303936905,1.3144095511663527,398,42,64
ABBV,Healthcare,BiLSTM,classification,20,1,12,0.6405460421164432,1.5153981163388206,398,42,64
ABBV,Healthcare,BiLSTM,classification,20,1,13,0.6175890370229979,1.7732711746579124,398,42,64
ABBV,Healthcare,BiLSTM,classification,20,1,14,0.5817552184938786,1.9663734776633126,398,42,64
ABBV,Healthcare,BiLSTM,classification,20,1,15,0.5960479420633172,1.4490947723388672,398,42,64
ABBV,Healthcare,BiLSTM,classification,20,1,16,0.5903882815610224,1.8130443436758858,398,42,64
ABBV,Healthcare,BiLSTM,classification,20,1,17,0.5794062878019247,1.9027589048658098,398,42,64
ABBV,Healthcare,BiLSTM,classification,20,1,18,0.5678140302399295,1.5578057311830067,398,42,64
ABBV,Healthcare,BiLSTM,classification,20,1,19,0.5652257728217235,1.5316323325747536,398,42,64
ABBV,Healthcare,BiLSTM,classification,20,1,20,0.6052910949117575,1.5644804409572057,398,42,64
AEP,Utilities,BiLSTM,classification,20,1,1,0.6982393261775299,0.6671326501028878,398,42,64
AEP,Utilities,BiLSTM,classification,20,1,2,0.6887628945273969,0.7283821105957031,398,42,64
AEP,Utilities,BiLSTM,classification,20,1,3,0.6839372725342986,0.6824264327685038,398,42,64
AEP,Utilities,BiLSTM,classification,20,1,4,0.6751207649408273,0.6671855818657648,398,42,64
AEP,Utilities,BiLSTM,classification,20,1,5,0.6511547637345204,0.7849819518270946,398,42,64
AEP,Utilities,BiLSTM,classification,20,1,6,0.6537521891857512,0.7475763474191938,398,42,64
AEP,Utilities,BiLSTM,classification,20,1,7,0.6454274235059269,0.8632509112358093,398,42,64
AEP,Utilities,BiLSTM,classification,20,1,8,0.6555104585149181,0.7755232510112581,398,42,64
AEP,Utilities,BiLSTM,classification,20,1,9,0.6725870595505489,0.7504514824776423,398,42,64
AEP,Utilities,BiLSTM,classification,20,1,10,0.6328584998097252,0.9955700011480422,398,42,64
AEP,Utilities,BiLSTM,classification,20,1,11,0.6209020407954652,1.0977331683749245,398,42,64
AEP,Utilities,BiLSTM,classification,20,1,12,0.6057707239035985,1.0319173506328039,398,42,64
AEP,Utilities,BiLSTM,classification,20,1,13,0.6036054402140517,1.2354683251607985,398,42,64
AEP,Utilities,BiLSTM,classification,20,1,14,0.583194047661882,1.205393223535447,398,42,64
AEP,Utilities,BiLSTM,classification,20,1,15,0.6079138331676848,1.430786547206697,398,42,64
AEP,Utilities,BiLSTM,classification,20,1,16,0.5923027456106253,1.3538629724865867,398,42,64
AEP,Utilities,BiLSTM,classification,20,1,17,0.5766410420288393,1.581875857852754,398,42,64
AEP,Utilities,BiLSTM,classification,20,1,18,0.6091267963749679,1.4505873180571056,398,42,64
AEP,Utilities,BiLSTM,classification,20,1,19,0.5781276795133274,1.3993940750757854,398,42,64
AEP,Utilities,BiLSTM,classification,20,1,20,0.5695595926974886,1.379464524132865,398,42,64
AGFS,Conglomerates,BiLSTM,classification,20,1,1,0.7318425252324059,0.6889314424423945,105,42,64
AGFS,Conglomerates,BiLSTM,classification,20,1,2,0.6412048163868133,0.6635849475860596,105,42,64
AGFS,Conglomerates,BiLSTM,classification,20,1,3,0.6088619320165544,0.6881726809910366,105,42,64
AGFS,Conglomerates,BiLSTM,classification,20,1,4,0.5930558579308646,0.7407017037982032,105,42,64
AGFS,Conglomerates,BiLSTM,classification,20,1,5,0.5449064654963357,0.8326618841716221,105,42,64
AGFS,Conglomerates,BiLSTM,classification,20,1,6,0.5993323172841754,0.9445604256221226,105,42,64
AGFS,Conglomerates,BiLSTM,classification,20,1,7,0.5554394960403443,1.0924571241651262,105,42,64
AGFS,Conglomerates,BiLSTM,classification,20,1,8,0.4928093163740067,0.99363074416206,105,42,64
AGFS,Conglomerates,BiLSTM,classification,20,1,9,0.5487479181516738,1.0759583087194533,105,42,64
AGFS,Conglomerates,BiLSTM,classification,20,1,10,0.49816176210130964,1.075957593463716,105,42,64
AGFS,Conglomerates,BiLSTM,classification,20,1,11,0.4717792062532334,1.0967594101315452,105,42,64
AGFS,Conglomerates,BiLSTM,classification,20,1,12,0.5097051450184413,1.1575226897285098,105,42,64
AGFS,Conglomerates,BiLSTM,classification,20,1,13,0.39666277993293036,1.2714139166332425,105,42,64
AGFS,Conglomerates,BiLSTM,classification,20,1,14,0.48321291094734553,1.238620360692342,105,42,64
AGFS,Conglomerates,BiLSTM,classification,20,1,15,0.4276838223139445,0.9442880040123349,105,42,64
AGFS,Conglomerates,BiLSTM,classification,20,1,16,0.43020741911161514,1.2002757276807512,105,42,64
AGFS,Conglomerates,BiLSTM,classification,20,1,17,0.4071124085358211,1.1452920323326474,105,42,64
AGFS,Conglomerates,BiLSTM,classification,20,1,18,0.42673255829584034,1.156634217216855,105,42,64
AGFS,Conglomerates,BiLSTM,classification,20,1,19,0.4445112631434486,1.1564017136891682,105,42,64
AGFS,Conglomerates,BiLSTM,classification,20,1,20,0.38231959286190215,1.1500549089340937,105,42,64
AMGN,Healthcare,BiLSTM,classification,20,1,1,0.686109714771635,0.7306223199481056,398,42,64
AMGN,Healthcare,BiLSTM,classification,20,1,2,0.6980624351669197,0.6873647684142703,398,42,64
AMGN,Healthcare,BiLSTM,classification,20,1,3,0.6927963707914304,0.7624677958942595,398,42,64
AMGN,Healthcare,BiLSTM,classification,20,1,4,0.6698306616227231,0.7120620438030788,398,42,64
AMGN,Healthcare,BiLSTM,classification,20,1,5,0.6852631844467854,0.7212472614787874,398,42,64
AMGN,Healthcare,BiLSTM,classification,20,1,6,0.6434684410766142,0.9040682145527431,398,42,64
AMGN,Healthcare,BiLSTM,classification,20,1,7,0.6803931848487662,0.8557572308040801,398,42,64
AMGN,Healthcare,BiLSTM,classification,20,1,8,0.6537522122488549,2.229929424467541,398,42,64
AMGN,Healthcare,BiLSTM,classification,20,1,9,0.6342220656835853,2.0681450026375905,398,42,64
AMGN,Healthcare,BiLSTM,classification,20,1,10,0.6137082765449831,2.3475863138834634,398,42,64
AMGN,Healthcare,BiLSTM,classification,20,1,11,0.6153251489802222,3.1887686593191966,398,42,64
AMGN,Healthcare,BiLSTM,classification,20,1,12,0.6211077573910431,2.1619555155436196,398,42,64
AMGN,Healthcare,BiLSTM,classification,20,1,13,0.6006558222986346,2.2493119012741816,398,42,64
AMGN,Healthcare,BiLSTM,classification,20,1,14,0.5947117637749293,1.4485175950186593,398,42,64
AMGN,Healthcare,BiLSTM,classification,20,1,15,0.6099236191217624,1.476385582061041,398,42,64
AMGN,Healthcare,BiLSTM,classification,20,1,16,0.6330903115584023,1.2482220104762487,398,42,64
AMGN,Healthcare,BiLSTM,classification,20,1,17,0.5708577462177181,1.7885848454066686,398,42,64
AMGN,Healthcare,BiLSTM,classification,20,1,18,0.5712787170506003,1.2508899257296608,398,42,64
AMGN,Healthcare,BiLSTM,classification,20,1,19,0.5536750246532,1.6571717943464006,398,42,64
AMGN,Healthcare,BiLSTM,classification,20,1,20,0.5641203115333864,1.5281659875597273,398,42,64
AMZN,Services,BiLSTM,classification,20,1,1,0.7274185413092225,0.6950987236840385,398,42,64
AMZN,Services,BiLSTM,classification,20,1,2,0.6957466716143355,0.6979198597726368,398,42,64
AMZN,Services,BiLSTM,classification,20,1,3,0.6992843372737942,0.7024991909662882,398,42,64
AMZN,Services,BiLSTM,classification,20,1,4,0.6891521179496344,0.693767283643995,398,42,64
AMZN,Services,BiLSTM,classification,20,1,5,0.6914539537837158,0.6950394397690183,398,42,64
AMZN,Services,BiLSTM,classification,20,1,6,0.6873337512639299,0.726348238331931,398,42,64
AMZN,Services,BiLSTM,classification,20,1,7,0.6778569335314497,0.6730095545450846,398,42,64
AMZN,Services,BiLSTM,classification,20,1,8,0.6764362553256241,0.6899690656434923,398,42,64
AMZN,Services,BiLSTM,classification,20,1,9,0.6738981212203826,0.6891092771575564,398,42,64
AMZN,Services,BiLSTM,classification,20,1,10,0.6741870402091712,0.7055591713814509,398,42,64
AMZN,Services,BiLSTM,classification,20,1,11,0.6505734528129424,0.6681205204554966,398,42,64
AMZN,Services,BiLSTM,classification,20,1,12,0.632101170381709,0.7512084387597584,398,42,64
AMZN,Services,BiLSTM,classification,20,1,13,0.6365458653799853,0.7388336743627276,398,42,64
AMZN,Services,BiLSTM,classification,20,1,14,0.6349158940003745,0.7385221748124986,398,42,64
AMZN,Services,BiLSTM,classification,20,1,15,0.620328734568016,0.7595045367876688,398,42,64
AMZN,Services,BiLSTM,classification,20,1,16,0.6167654841389488,0.6750871879713876,398,42,64
AMZN,Services,BiLSTM,classification,20,1,17,0.60364435845284,0.7371043988636562,398,42,64
AMZN,Services,BiLSTM,classification,20,1,18,0.5741992769528873,1.1750673538162595,398,42,64
AMZN,Services,BiLSTM,classification,20,1,19,0.5738733383878392,0.9321044768605914,398,42,64
AMZN,Services,BiLSTM,classification,20,1,20,0.5679121709349167,0.8648648574238732,398,42,64
BA,Industrial Goods,BiLSTM,classification,20,1,1,0.7053740845253719,0.7278947631518046,398,42,64
BA,Industrial Goods,BiLSTM,classification,20,1,2,0.7046327300407179,0.7065836560158503,398,42,64
BA,Industrial Goods,BiLSTM,classification,20,1,3,0.6715939883610711,0.6719408262343634,398,42,64
BA,Industrial Goods,BiLSTM,classification,20,1,4,0.6722537204248822,0.7279472464606875,398,42,64
BA,Industrial Goods,BiLSTM,classification,20,1,5,0.6424394603350654,0.8628027098519462,398,42,64
BA,Industrial Goods,BiLSTM,classification,20,1,6,0.6354464193684372,0.9220300856090727,398,42,64
BA,Industrial Goods,BiLSTM,classification,20,1,7,0.6371124075285753,0.8925508714857555,398,42,64
BA,Industrial Goods,BiLSTM,classification,20,1,8,0.6408073288112429,0.9094387406394595,398,42,64
BA,Industrial Goods,BiLSTM,classification,20,1,9,0.6049363840764491,0.9305035386766706,398,42,64
BA,Industrial Goods,BiLSTM,classification,20,1,10,0.6202148255990378,1.073024454570952,398,42,64
BA,Industrial Goods,BiLSTM,classification,20,1,11,0.6198881310434198,1.020608175368536,398,42,64
BA,Industrial Goods,BiLSTM,classification,20,1,12,0.5686161272489845,1.2325404371534074,398,42,64
BA,Industrial Goods,BiLSTM,classification,20,1,13,0.577516975115292,1.468516747156779,398,42,64
BA,Industrial Goods,BiLSTM,classification,20,1,14,0.551452513016648,1.120540874344962,398,42,64
BA,Industrial Goods,BiLSTM,classification,20,1,15,0.5398608976273082,1.4024934201013475,398,42,64
BA,Industrial Goods,BiLSTM,classification,20,1,16,0.5582416704551658,1.2403350160235451,398,42,64
BA,Industrial Goods,BiLSTM,classification,20,1,17,0.5582258818137585,1.2865018390473866,398,42,64
BA,Industrial Goods,BiLSTM,classification,20,1,18,0.5309624120817712,1.3190310114905948,398,42,64
BA,Industrial Goods,BiLSTM,classification,20,1,19,0.4976737052951027,2.2627638408115933,398,42,64
BA,Industrial Goods,BiLSTM,classification,20,1,20,0.4844830737042068,2.1548458281017484,398,42,64
BABA,Services,BiLSTM,classification,20,1,1,0.6844343783071377,0.7104570553416297,149,42,64
BABA,Services,BiLSTM,classification,20,1,2,0.6411353637708114,0.7239759223801749,149,42,64
BABA,Services,BiLSTM,classification,20,1,3,0.6343516751423778,0.7694290706089565,149,42,64
BABA,Services,BiLSTM,classification,20,1,4,0.7101815254896279,0.8860447860899425,149,42,64
BABA,Services,BiLSTM,classification,20,1,5,0.6117742265630889,0.7852232569739932,149,42,64
BABA,Services,BiLSTM,classification,20,1,6,0.588474024862251,1.4418824570519584,149,42,64
BABA,Services,BiLSTM,classification,20,1,7,0.5294158794735903,1.642292544955299,149,42,64
BABA,Services,BiLSTM,classification,20,1,8,0.5122976437111029,2.4685919738951183,149,42,64
BABA,Services,BiLSTM,classification,20,1,9,0.4326006670126179,2.8278680869511197,149,42,64
BABA,Services,BiLSTM,classification,20,1,10,0.5555740634867009,2.2939208235059465,149,42,64
BABA,Services,BiLSTM,classification,20,1,11,0.49020207928331105,2.7708228202093217,149,42,64
BABA,Services,BiLSTM,classification,20,1,12,0.4988629553942072,3.4161049752008346,149,42,64
BABA,Services,BiLSTM,classification,20,1,13,0.41925581909666126,3.1584835052490234,149,42,64
BABA,Services,BiLSTM,classification,20,1,14,0.3891821155612101,3.0447001457214355,149,42,64
BABA,Services,BiLSTM,classification,20,1,15,0.36704511090413033,3.8582208497183665,149,42,64
BABA,Services,BiLSTM,classification,20,1,16,0.3685811698036706,3.406097094217936,149,42,64
BABA,Services,BiLSTM,classification,20,1,17,0.4544536979406472,2.8341805821373347,149,42,64
BABA,Services,BiLSTM,classification,20,1,18,0.4330095796777098,2.6540780862172446,149,42,64
BABA,Services,BiLSTM,classification,20,1,19,0.34385798241468085,2.8065267630985806,149,42,64
BABA,Services,BiLSTM,classification,20,1,20,0.3362018574004205,2.6060606070927212,149,42,64
BAC,Financial,BiLSTM,classification,20,1,1,0.7022931740511602,0.7292103398413885,398,42,64
BAC,Financial,BiLSTM,classification,20,1,2,0.6907607269047493,0.9079119250887916,398,42,64
BAC,Financial,BiLSTM,classification,20,1,3,0.6846499700642111,0.7201785360063825,398,42,64
BAC,Financial,BiLSTM,classification,20,1,4,0.6716467762113216,1.0298735698064168,398,42,64
BAC,Financial,BiLSTM,classification,20,1,5,0.6646609587885027,1.0098062696911039,398,42,64
BAC,Financial,BiLSTM,classification,20,1,6,0.6506375125305137,1.0308589821770078,398,42,64
BAC,Financial,BiLSTM,classification,20,1,7,0.648779051986771,1.0513002702168055,398,42,64
BAC,Financial,BiLSTM,classification,20,1,8,0.6257121769627135,1.1085735672996158,398,42,64
BAC,Financial,BiLSTM,classification,20,1,9,0.6351492521750867,1.63967045715877,398,42,64
BAC,Financial,BiLSTM,classification,20,1,10,0.6294859806496893,1.249587240673247,398,42,64
BAC,Financial,BiLSTM,classification,20,1,11,0.6133866632104519,1.2025593859808785,398,42,64
BAC,Financial,BiLSTM,classification,20,1,12,0.6105360921902873,1.0998728615897042,398,42,64
BAC,Financial,BiLSTM,classification,20,1,13,0.5710297481498526,1.247246509506589,398,42,64
BAC,Financial,BiLSTM,classification,20,1,14,0.6029556064150441,1.2847204265140353,398,42,64
BAC,Financial,BiLSTM,classification,20,1,15,0.5858303968930364,1.2788362503051758,398,42,64
BAC,Financial,BiLSTM,classification,20,1,16,0.5701267347862972,1.3022782178152175,398,42,64
BAC,Financial,BiLSTM,classification,20,1,17,0.5358204509145651,1.771421886625744,398,42,64
BAC,Financial,BiLSTM,classification,20,1,18,0.5360775577962099,1.6115842773800804,398,42,64
BAC,Financial,BiLSTM,classification,20,1,19,0.5522873338742472,1.4761073021661668,398,42,64
BAC,Financial,BiLSTM,classification,20,1,20,0.518166915106414,1.8729124409811837,398,42,64
BBL,Basic Matierials,BiLSTM,classification,20,1,1,0.7274646989664241,0.7003012725285122,398,42,64
BBL,Basic Matierials,BiLSTM,classification,20,1,2,0.6971802136406826,0.6897564388456798,398,42,64
BBL,Basic Matierials,BiLSTM,classification,20,1,3,0.6932724360844598,0.658079309122903,398,42,64
BBL,Basic Matierials,BiLSTM,classification,20,1,4,0.7057362546273811,0.6695680362837655,398,42,64
BBL,Basic Matierials,BiLSTM,classification,20,1,5,0.6870040504177611,0.6800044689859662,398,42,64
BBL,Basic Matierials,BiLSTM,classification,20,1,6,0.6837973984042603,0.7422547822906858,398,42,64
BBL,Basic Matierials,BiLSTM,classification,20,1,7,0.698977718101674,0.6940419021106902,398,42,64
BBL,Basic Matierials,BiLSTM,classification,20,1,8,0.675096874560543,0.6580139966238112,398,42,64
BBL,Basic Matierials,BiLSTM,classification,20,1,9,0.6866377457302419,0.6571428179740906,398,42,64
BBL,Basic Matierials,BiLSTM,classification,20,1,10,0.6768232026890894,0.6939230390957424,398,42,64
BBL,Basic Matierials,BiLSTM,classification,20,1,11,0.6635345633904538,0.7047002145222255,398,42,64
BBL,Basic Matierials,BiLSTM,classification,20,1,12,0.6572717050811154,0.617873279821305,398,42,64
BBL,Basic Matierials,BiLSTM,classification,20,1,13,0.6530421355261875,0.6707092920939127,398,42,64
BBL,Basic Matierials,BiLSTM,classification,20,1,14,0.6480073431628434,0.7924475442795527,398,42,64
BBL,Basic Matierials,BiLSTM,classification,20,1,15,0.6703284289968673,0.6960215852374122,398,42,64
BBL,Basic Matierials,BiLSTM,classification,20,1,16,0.6743484870273264,0.653365589323498,398,42,64
BBL,Basic Matierials,BiLSTM,classification,20,1,17,0.6647091861346259,0.6611223447890509,398,42,64
BBL,Basic Matierials,BiLSTM,classification,20,1,18,0.6546581606170041,0.6722025672594706,398,42,64
BBL,Basic Matierials,BiLSTM,classification,20,1,19,0.6497533288433324,0.649946425642286,398,42,64
BBL,Basic Matierials,BiLSTM,classification,20,1,20,0.6386155201562086,0.6572624359812055,398,42,64
BCH,Financial,BiLSTM,classification,20,1,1,0.7178262292440213,0.6656156380971273,398,42,64
BCH,Financial,BiLSTM,classification,20,1,2,0.6875423037227074,0.6823914164588565,398,42,64
BCH,Financial,BiLSTM,classification,20,1,3,0.6736621212719673,0.6460835621470497,398,42,64
BCH,Financial,BiLSTM,classification,20,1,4,0.667472375697227,0.6488170396713984,398,42,64
BCH,Financial,BiLSTM,classification,20,1,5,0.6676640855008035,0.6607207542374021,398,42,64
BCH,Financial,BiLSTM,classification,20,1,6,0.6626960299721915,0.6829137631825039,398,42,64
BCH,Financial,BiLSTM,classification,20,1,7,0.6638969949741459,0.6925100627399626,398,42,64
BCH,Financial,BiLSTM,classification,20,1,8,0.65537499033626,0.7098064621289571,398,42,64
BCH,Financial,BiLSTM,classification,20,1,9,0.6454413305574925,0.8216112852096558,398,42,64
BCH,Financial,BiLSTM,classification,20,1,10,0.6295563105362744,0.8530100924628121,398,42,64
BCH,Financial,BiLSTM,classification,20,1,11,0.6150327082255378,0.8722857918058123,398,42,64
BCH,Financial,BiLSTM,classification,20,1,12,0.6268687517798726,0.8105208646683466,398,42,64
BCH,Financial,BiLSTM,classification,20,1,13,0.5900007806830669,0.8556576740174067,398,42,64
BCH,Financial,BiLSTM,classification,20,1,14,0.5951279278975635,0.8991229363850185,398,42,64
BCH,Financial,BiLSTM,classification,20,1,15,0.5904332743817239,1.2841357390085857,398,42,64
BCH,Financial,BiLSTM,classification,20,1,16,0.5415904818467758,1.2323596363975888,398,42,64
BCH,Financial,BiLSTM,classification,20,1,17,0.5499588014492437,1.1120457649230957,398,42,64
BCH,Financial,BiLSTM,classification,20,1,18,0.5674479280284901,1.0748699733189173,398,42,64
BCH,Financial,BiLSTM,classification,20,1,19,0.5540387115286822,1.3690407503218878,398,42,64
BCH,Financial,BiLSTM,classification,20,1,20,0.5206824484182961,1.3616689613887243,398,42,64
BHP,Basic Matierials,BiLSTM,classification,20,1,1,0.698065813162818,0.6858254273732504,398,42,64
BHP,Basic Matierials,BiLSTM,classification,20,1,2,0.7065474453882955,0.6680660105886913,398,42,64
BHP,Basic Matierials,BiLSTM,classification,20,1,3,0.6908857346180096,0.6832744479179382,398,42,64
BHP,Basic Matierials,BiLSTM,classification,20,1,4,0.6839403914446807,0.6781354149182638,398,42,64
BHP,Basic Matierials,BiLSTM,classification,20,1,5,0.6815325836440427,0.667502604779743,398,42,64
BHP,Basic Matierials,BiLSTM,classification,20,1,6,0.6635734355030347,0.6693150514648074,398,42,64
BHP,Basic Matierials,BiLSTM,classification,20,1,7,0.6791514092354319,0.6810340483983358,398,42,64
BHP,Basic Matierials,BiLSTM,classification,20,1,8,0.6630274863099334,0.6741196853773934,398,42,64
BHP,Basic Matierials,BiLSTM,classification,20,1,9,0.6655358956686815,0.6638183877581642,398,42,64
BHP,Basic Matierials,BiLSTM,classification,20,1,10,0.6746240806339974,0.6433967266763959,398,42,64
BHP,Basic Matierials,BiLSTM,classification,20,1,11,0.6531749421627677,0.6524179634593782,398,42,64
BHP,Basic Matierials,BiLSTM,classification,20,1,12,0.6636042418192379,0.6450694487208412,398,42,64
BHP,Basic Matierials,BiLSTM,classification,20,1,13,0.6526127658297668,0.6902826343263898,398,42,64
BHP,Basic Matierials,BiLSTM,classification,20,1,14,0.6414407740286248,0.6656445406732105,398,42,64
BHP,Basic Matierials,BiLSTM,classification,20,1,15,0.64546560552252,0.7079914013544718,398,42,64
BHP,Basic Matierials,BiLSTM,classification,20,1,16,0.6329581959163724,0.840261507601965,398,42,64
BHP,Basic Matierials,BiLSTM,classification,20,1,17,0.6273409002390339,0.8091610329491752,398,42,64
BHP,Basic Matierials,BiLSTM,classification,20,1,18,0.6219605318265944,0.668447060244424,398,42,64
BHP,Basic Matierials,BiLSTM,classification,20,1,19,0.6108055908476288,0.7524013065156483,398,42,64
BHP,Basic Matierials,BiLSTM,classification,20,1,20,0.6142056943783208,1.0175571186201913,398,42,64
BP,Basic Matierials,BiLSTM,classification,20,1,1,0.7173880407558614,0.6922119713964916,398,42,64
BP,Basic Matierials,BiLSTM,classification,20,1,2,0.7013613785331573,0.6969131940887088,398,42,64
BP,Basic Matierials,BiLSTM,classification,20,1,3,0.6950798627719208,0.690874613466717,398,42,64
BP,Basic Matierials,BiLSTM,classification,20,1,4,0.6895438001383489,0.7007435616992769,398,42,64
BP,Basic Matierials,BiLSTM,classification,20,1,5,0.6969845115239895,0.6956275077093215,398,42,64
BP,Basic Matierials,BiLSTM,classification,20,1,6,0.688171729969619,0.6944815062341236,398,42,64
BP,Basic Matierials,BiLSTM,classification,20,1,7,0.6810320157501566,0.6725369209334964,398,42,64
BP,Basic Matierials,BiLSTM,classification,20,1,8,0.6857973735536164,0.6590216358502706,398,42,64
BP,Basic Matierials,BiLSTM,classification,20,1,9,0.6869942273326854,0.662260787827628,398,42,64
BP,Basic Matierials,BiLSTM,classification,20,1,10,0.679536636151261,0.6849689114661444,398,42,64
BP,Basic Matierials,BiLSTM,classification,20,1,11,0.6699699852334794,0.6739143502144587,398,42,64
BP,Basic Matierials,BiLSTM,classification,20,1,12,0.6939964489122132,0.6602857567015148,398,42,64
BP,Basic Matierials,BiLSTM,classification,20,1,13,0.6704340325528054,0.6557302560125079,398,42,64
BP,Basic Matierials,BiLSTM,classification,20,1,14,0.6522570177538312,0.6832156550316584,398,42,64
BP,Basic Matierials,BiLSTM,classification,20,1,15,0.6735561178557238,0.6460240965797788,398,42,64
BP,Basic Matierials,BiLSTM,classification,20,1,16,0.669157455314943,0.6727920742261977,398,42,64
BP,Basic Matierials,BiLSTM,classification,20,1,17,0.6402022089790459,0.6616996044204349,398,42,64
BP,Basic Matierials,BiLSTM,classification,20,1,18,0.6276286439080934,0.6660823254358201,398,42,64
BP,Basic Matierials,BiLSTM,classification,20,1,19,0.6470935545375,0.664664972396124,398,42,64
BP,Basic Matierials,BiLSTM,classification,20,1,20,0.6459051376611145,0.6492436017308917,398,42,64
BRK-A,Financial,BiLSTM,classification,20,1,1,0.7010264249902275,0.7001399397850037,398,42,64
BRK-A,Financial,BiLSTM,classification,20,1,2,0.6952848707012196,0.7186987598737081,398,42,64
BRK-A,Financial,BiLSTM,classification,20,1,3,0.7030608758854506,0.7636990149815878,398,42,64
BRK-A,Financial,BiLSTM,classification,20,1,4,0.6951051968425962,0.7245860866137913,398,42,64
BRK-A,Financial,BiLSTM,classification,20,1,5,0.6851295181854287,0.7747270351364499,398,42,64
BRK-A,Financial,BiLSTM,classification,20,1,6,0.6728549929120433,0.9867516869590396,398,42,64
BRK-A,Financial,BiLSTM,classification,20,1,7,0.6646511890181345,0.8189648304666791,398,42,64
BRK-A,Financial,BiLSTM,classification,20,1,8,0.684118785450806,0.8302844564119974,398,42,64
BRK-A,Financial,BiLSTM,classification,20,1,9,0.6733372289331714,1.0417990400677635,398,42,64
BRK-A,Financial,BiLSTM,classification,20,1,10,0.6376339146240273,1.4110053039732433,398,42,64
BRK-A,Financial,BiLSTM,classification,20,1,11,0.6395617456891429,1.5621791794186546,398,42,64
BRK-A,Financial,BiLSTM,classification,20,1,12,0.6403681794602667,1.5195927903765725,398,42,64
BRK-A,Financial,BiLSTM,classification,20,1,13,0.6502618049856407,1.1220667418979464,398,42,64
BRK-A,Financial,BiLSTM,classification,20,1,14,0.6328076109215243,1.5255556333632696,398,42,64
BRK-A,Financial,BiLSTM,classification,20,1,15,0.6150708709230375,1.4823602097375053,398,42,64
BRK-A,Financial,BiLSTM,classification,20,1,16,0.5875939702867863,1.3744339715866816,398,42,64
BRK-A,Financial,BiLSTM,classification,20,1,17,0.6563425022153998,1.5983406135014124,398,42,64
BRK-A,Financial,BiLSTM,classification,20,1,18,0.6086651396811308,2.2095296382904053,398,42,64
BRK-A,Financial,BiLSTM,classification,20,1,19,0.6272642068826972,1.6040587311699277,398,42,64
BRK-A,Financial,BiLSTM,classification,20,1,20,0.5817852053210963,2.014188970838274,398,42,64
BSAC,Financial,BiLSTM,classification,20,1,1,0.710776796293019,0.6939538319905599,398,42,64
BSAC,Financial,BiLSTM,classification,20,1,2,0.6988978436843833,0.8005732042448861,398,42,64
BSAC,Financial,BiLSTM,classification,20,1,3,0.6870273738051179,0.7981434748286292,398,42,64
BSAC,Financial,BiLSTM,classification,20,1,4,0.6808271542865427,0.8583306868871053,398,42,64
BSAC,Financial,BiLSTM,classification,20,1,5,0.663008348726148,1.2503560327348255,398,42,64
BSAC,Financial,BiLSTM,classification,20,1,6,0.6705826805464586,1.2211668093999226,398,42,64
BSAC,Financial,BiLSTM,classification,20,1,7,0.6797094237265275,0.8640186786651611,398,42,64
BSAC,Financial,BiLSTM,classification,20,1,8,0.6611796090351277,1.1028818573270525,398,42,64
BSAC,Financial,BiLSTM,classification,20,1,9,0.6573211442885087,0.9731031202134632,398,42,64
BSAC,Financial,BiLSTM,classification,20,1,10,0.634902211289909,1.7259323710487002,398,42,64
BSAC,Financial,BiLSTM,classification,20,1,11,0.6003340443774084,1.1860686256771995,398,42,64
BSAC,Financial,BiLSTM,classification,20,1,12,0.601794797870981,1.7002310412270683,398,42,64
BSAC,Financial,BiLSTM,classification,20,1,13,0.6037387301274879,2.30891482035319,398,42,64
BSAC,Financial,BiLSTM,classification,20,1,14,0.6056769316519924,1.8716706094287692,398,42,64
BSAC,Financial,BiLSTM,classification,20,1,15,0.5923004529284472,2.40120073727199,398,42,64
BSAC,Financial,BiLSTM,classification,20,1,16,0.6067954733144099,1.2596812418528966,398,42,64
BSAC,Financial,BiLSTM,classification,20,1,17,0.5749883665211836,1.9787946996234713,398,42,64
BSAC,Financial,BiLSTM,classification,20,1,18,0.569617174528352,2.248899119240897,398,42,64
BSAC,Financial,BiLSTM,classification,20,1,19,0.5645562338469615,2.6816617988404774,398,42,64
BSAC,Financial,BiLSTM,classification,20,1,20,0.5554660295122232,2.982137441635132,398,42,64
BUD,Consumer Goods,BiLSTM,classification,20,1,1,0.7058056817581905,0.7415811703318641,398,42,64
BUD,Consumer Goods,BiLSTM,classification,20,1,2,0.6886553225205772,0.9583584524336315,398,42,64
BUD,Consumer Goods,BiLSTM,classification,20,1,3,0.6903496672160662,0.8068234778585888,398,42,64
BUD,Consumer Goods,BiLSTM,classification,20,1,4,0.6735555227078385,0.9029573202133179,398,42,64
BUD,Consumer Goods,BiLSTM,classification,20,1,5,0.686035417432162,1.169133566674732,398,42,64
BUD,Consumer Goods,BiLSTM,classification,20,1,6,0.6843532614372484,1.128172931217012,398,42,64
BUD,Consumer Goods,BiLSTM,classification,20,1,7,0.6650454692505113,1.1066190969376337,398,42,64
BUD,Consumer Goods,BiLSTM,classification,20,1,8,0.6629195770426611,1.1992507832390922,398,42,64
BUD,Consumer Goods,BiLSTM,classification,20,1,9,0.6711469313607143,1.4971841800780523,398,42,64
BUD,Consumer Goods,BiLSTM,classification,20,1,10,0.6637103617490836,1.2270336889085316,398,42,64
BUD,Consumer Goods,BiLSTM,classification,20,1,11,0.6368592228721733,2.077103308268956,398,42,64
BUD,Consumer Goods,BiLSTM,classification,20,1,12,0.6358820751084754,1.571578514008295,398,42,64
BUD,Consumer Goods,BiLSTM,classification,20,1,13,0.6487287441689764,1.6258052757808141,398,42,64
BUD,Consumer Goods,BiLSTM,classification,20,1,14,0.6169423191391643,1.952203080767677,398,42,64
BUD,Consumer Goods,BiLSTM,classification,20,1,15,0.6064837420705574,2.2161783944992792,398,42,64
BUD,Consumer Goods,BiLSTM,classification,20,1,16,0.6422251271243071,1.9594480991363525,398,42,64
BUD,Consumer Goods,BiLSTM,classification,20,1,17,0.6207879482202194,1.9007905210767473,398,42,64
BUD,Consumer Goods,BiLSTM,classification,20,1,18,0.5791293574337983,2.1370068050566173,398,42,64
BUD,Consumer Goods,BiLSTM,classification,20,1,19,0.5699229845449553,2.237229585647583,398,42,64
BUD,Consumer Goods,BiLSTM,classification,20,1,20,0.5630155602591721,2.3235101586296443,398,42,64
C,Financial,BiLSTM,classification,20,1,1,0.7094931533588237,0.8678847494579497,398,42,64
C,Financial,BiLSTM,classification,20,1,2,0.6751028059715003,0.9568759259723482,398,42,64
C,Financial,BiLSTM,classification,20,1,3,0.6569044470188007,1.2402040561040242,398,42,64
C,Financial,BiLSTM,classification,20,1,4,0.6453819706212336,1.3822239353543235,398,42,64
C,Financial,BiLSTM,classification,20,1,5,0.6598103816185764,1.0618641206196375,398,42,64
C,Financial,BiLSTM,classification,20,1,6,0.6309421523731558,1.5845104853312175,398,42,64
C,Financial,BiLSTM,classification,20,1,7,0.5706790537390877,2.1189844267708913,398,42,64
C,Financial,BiLSTM,classification,20,1,8,0.6239594349909068,1.7110016573043096,398,42,64
C,Financial,BiLSTM,classification,20,1,9,0.6125748831423083,1.8496704896291096,398,42,64
C,Financial,BiLSTM,classification,20,1,10,0.5902489127226211,2.0210373288109187,398,42,64
C,Financial,BiLSTM,classification,20,1,11,0.5884126418799012,2.4302877471560524,398,42,64
C,Financial,BiLSTM,classification,20,1,12,0.5529296353234717,2.4685613768441335,398,42,64
C,Financial,BiLSTM,classification,20,1,13,0.5471383583306069,2.543333416893369,398,42,64
C,Financial,BiLSTM,classification,20,1,14,0.5265189731240871,2.297936416807629,398,42,64
C,Financial,BiLSTM,classification,20,1,15,0.5123896920800808,3.0248706000191823,398,42,64
C,Financial,BiLSTM,classification,20,1,16,0.5226695651385054,2.5411401703244163,398,42,64
C,Financial,BiLSTM,classification,20,1,17,0.5053012973100097,2.23040467216855,398,42,64
C,Financial,BiLSTM,classification,20,1,18,0.47689420404146665,2.466937859853109,398,42,64
C,Financial,BiLSTM,classification,20,1,19,0.4331624380607701,2.8081467492239818,398,42,64
C,Financial,BiLSTM,classification,20,1,20,0.4556694824491913,2.652925514039539,398,42,64
CAT,Industrial Goods,BiLSTM,classification,20,1,1,0.7016494328053153,0.6889943168276832,398,42,64
CAT,Industrial Goods,BiLSTM,classification,20,1,2,0.7211746708232554,0.6996430783044725,398,42,64
CAT,Industrial Goods,BiLSTM,classification,20,1,3,0.6852696603866079,0.7285175323486328,398,42,64
CAT,Industrial Goods,BiLSTM,classification,20,1,4,0.6978095557222415,0.702863837991442,398,42,64
CAT,Industrial Goods,BiLSTM,classification,20,1,5,0.6763080705949409,0.7200258203915187,398,42,64
CAT,Industrial Goods,BiLSTM,classification,20,1,6,0.673140768130221,0.6857439393088931,398,42,64
CAT,Industrial Goods,BiLSTM,classification,20,1,7,0.6761103604906168,0.7794897215706962,398,42,64
CAT,Industrial Goods,BiLSTM,classification,20,1,8,0.6676645123179833,0.8455642972673688,398,42,64
CAT,Industrial Goods,BiLSTM,classification,20,1,9,0.6427480515523173,0.8393140690667289,398,42,64
CAT,Industrial Goods,BiLSTM,classification,20,1,10,0.6719087670795881,0.8029447055998302,398,42,64
CAT,Industrial Goods,BiLSTM,classification,20,1,11,0.6716231182591998,0.7742466784658886,398,42,64
CAT,Industrial Goods,BiLSTM,classification,20,1,12,0.6744779066823835,0.7433060946918669,398,42,64
CAT,Industrial Goods,BiLSTM,classification,20,1,13,0.6328679398076618,0.8517740567525228,398,42,64
CAT,Industrial Goods,BiLSTM,classification,20,1,14,0.6395912164419739,0.7688067243212745,398,42,64
CAT,Industrial Goods,BiLSTM,classification,20,1,15,0.6203484020041461,0.7436646506899879,398,42,64
CAT,Industrial Goods,BiLSTM,classification,20,1,16,0.6117869885123555,0.7506378690401713,398,42,64
CAT,Industrial Goods,BiLSTM,classification,20,1,17,0.6005448058022925,0.8097259941555205,398,42,64
CAT,Industrial Goods,BiLSTM,classification,20,1,18,0.6064667824524731,0.8646295240947178,398,42,64
CAT,Industrial Goods,BiLSTM,classification,20,1,19,0.5788619798332003,0.9982546170552572,398,42,64
CAT,Industrial Goods,BiLSTM,classification,20,1,20,0.5536573756879298,0.8313379401252383,398,42,64
CELG,Healthcare,BiLSTM,classification,20,1,1,0.688197891616342,0.7762049919083005,398,42,64
CELG,Healthcare,BiLSTM,classification,20,1,2,0.6960709661095585,0.877360463142395,398,42,64
CELG,Healthcare,BiLSTM,classification,20,1,3,0.6734532294560917,0.7681165394328889,398,42,64
CELG,Healthcare,BiLSTM,classification,20,1,4,0.6627858472828889,0.8159244912011283,398,42,64
CELG,Healthcare,BiLSTM,classification,20,1,5,0.6345071004862761,1.078821681794666,398,42,64
CELG,Healthcare,BiLSTM,classification,20,1,6,0.6611301275952977,0.9427157186326527,398,42,64
CELG,Healthcare,BiLSTM,classification,20,1,7,0.6520924508272103,1.0011555126735143,398,42,64
CELG,Healthcare,BiLSTM,classification,20,1,8,0.6311436472226627,0.8949660516920543,398,42,64
CELG,Healthcare,BiLSTM,classification,20,1,9,0.6301513949231287,0.9454357567287627,398,42,64
CELG,Healthcare,BiLSTM,classification,20,1,10,0.6350331432256268,1.3883799655096871,398,42,64
CELG,Healthcare,BiLSTM,classification,20,1,11,0.6319883822196692,1.2694258065450759,398,42,64
CELG,Healthcare,BiLSTM,classification,20,1,12,0.6218432089192184,1.258917212486267,398,42,64
CELG,Healthcare,BiLSTM,classification,20,1,13,0.5939592027184951,1.701993533543178,398,42,64
CELG,Healthcare,BiLSTM,classification,20,1,14,0.6095282926631334,1.7800664334070115,398,42,64
CELG,Healthcare,BiLSTM,classification,20,1,15,0.583641830401205,1.6505793049221946,398,42,64
CELG,Healthcare,BiLSTM,classification,20,1,16,0.6067640398015928,1.8717019444420224,398,42,64
CELG,Healthcare,BiLSTM,classification,20,1,17,0.5749610415355644,2.196739151364281,398,42,64
CELG,Healthcare,BiLSTM,classification,20,1,18,0.5636867326707696,1.9014019852592832,398,42,64
CELG,Healthcare,BiLSTM,classification,20,1,19,0.5998520359921096,2.1718395551045737,398,42,64
CELG,Healthcare,BiLSTM,classification,20,1,20,0.5630490498327131,2.6302822885059176,398,42,64
CHL,Technology,BiLSTM,classification,20,1,1,0.710802686573872,0.7025743070102873,398,42,64
CHL,Technology,BiLSTM,classification,20,1,2,0.6958535720954588,0.6849745199793861,398,42,64
CHL,Technology,BiLSTM,classification,20,1,3,0.6711596376332806,0.6706216902959914,398,42,64
CHL,Technology,BiLSTM,classification,20,1,4,0.6779042155898396,0.6806846147491818,398,42,64
CHL,Technology,BiLSTM,classification,20,1,5,0.6740748843355994,0.6844105351538885,398,42,64
CHL,Technology,BiLSTM,classification,20,1,6,0.6500586358147051,0.7161839434078762,398,42,64
CHL,Technology,BiLSTM,classification,20,1,7,0.6639576557293609,0.6917762955029806,398,42,64
CHL,Technology,BiLSTM,classification,20,1,8,0.6663390540297905,0.7679016277903602,398,42,64
CHL,Technology,BiLSTM,classification,20,1,9,0.6236671279722722,0.728507501738412,398,42,64
CHL,Technology,BiLSTM,classification,20,1,10,0.6401403474448314,0.759633081299918,398,42,64
CHL,Technology,BiLSTM,classification,20,1,11,0.6281995629545433,0.7214652839161101,398,42,64
CHL,Technology,BiLSTM,classification,20,1,12,0.6290376277724702,0.7171885825338817,398,42,64
CHL,Technology,BiLSTM,classification,20,1,13,0.6060066780253272,0.7409919415201459,398,42,64
CHL,Technology,BiLSTM,classification,20,1,14,0.5979250877646346,0.7186898078237262,398,42,64
CHL,Technology,BiLSTM,classification,20,1,15,0.6075874345386447,0.9850165531748817,398,42,64
CHL,Technology,BiLSTM,classification,20,1,16,0.5791389742987839,1.1081229561851138,398,42,64
CHL,Technology,BiLSTM,classification,20,1,17,0.5695727865899628,1.1922380980991183,398,42,64
CHL,Technology,BiLSTM,classification,20,1,18,0.578548052502637,0.9415829834483919,398,42,64
CHL,Technology,BiLSTM,classification,20,1,19,0.586848565381975,0.9627618335542225,398,42,64
CHL,Technology,BiLSTM,classification,20,1,20,0.5640435334126553,0.798053591024308,398,42,64
CHTR,Services,BiLSTM,classification,20,1,1,0.7113121448449753,0.7019342694963727,398,42,64
CHTR,Services,BiLSTM,classification,20,1,2,0.7061906142450457,0.7151503818375724,398,42,64
CHTR,Services,BiLSTM,classification,20,1,3,0.6981407350032174,0.6964510537329174,398,42,64
CHTR,Services,BiLSTM,classification,20,1,4,0.6933329629538646,0.742086146559034,398,42,64
CHTR,Services,BiLSTM,classification,20,1,5,0.6745239966478779,0.6894630449158805,398,42,64
CHTR,Services,BiLSTM,classification,20,1,6,0.6997015350428059,0.6998729762576875,398,42,64
CHTR,Services,BiLSTM,classification,20,1,7,0.6875225374447042,0.6865708033243815,398,42,64
CHTR,Services,BiLSTM,classification,20,1,8,0.671950080885959,0.6907751304762704,398,42,64
CHTR,Services,BiLSTM,classification,20,1,9,0.6496546696777918,0.6670303174427578,398,42,64
CHTR,Services,BiLSTM,classification,20,1,10,0.6573098472614384,0.6884868513970148,398,42,64
CHTR,Services,BiLSTM,classification,20,1,11,0.6492413528001488,0.6690345179466974,398,42,64
CHTR,Services,BiLSTM,classification,20,1,12,0.6463310344135342,0.6276691215378898,398,42,64
CHTR,Services,BiLSTM,classification,20,1,13,0.6441309485004176,0.628705464658283,398,42,64
CHTR,Services,BiLSTM,classification,20,1,14,0.6240700567187976,0.6470367567879813,398,42,64
CHTR,Services,BiLSTM,classification,20,1,15,0.6473009790008392,0.649749375524975,398,42,64
CHTR,Services,BiLSTM,classification,20,1,16,0.6105775126260728,0.6824140321640741,398,42,64
CHTR,Services,BiLSTM,classification,20,1,17,0.6252140929950541,1.2985858207657224,398,42,64
CHTR,Services,BiLSTM,classification,20,1,18,0.6048797042525593,1.3372426827748616,398,42,64
CHTR,Services,BiLSTM,classification,20,1,19,0.5644089369917634,2.1837271593865895,398,42,64
CHTR,Services,BiLSTM,classification,20,1,20,0.601395580636796,1.5002709939366294,398,42,64
CMCSA,Services,BiLSTM,classification,20,1,1,0.6936914097124608,0.6752687976473853,398,42,64
CMCSA,Services,BiLSTM,classification,20,1,2,0.6876984562107067,0.6498462784857977,398,42,64
CMCSA,Services,BiLSTM,classification,20,1,3,0.6722917712513526,0.7161263085546947,398,42,64
CMCSA,Services,BiLSTM,classification,20,1,4,0.6537268419361594,0.7078456325190408,398,42,64
CMCSA,Services,BiLSTM,classification,20,1,5,0.649839138565351,0.7209806811241877,398,42,64
CMCSA,Services,BiLSTM,classification,20,1,6,0.6424314799021237,0.7402716846693129,398,42,64
CMCSA,Services,BiLSTM,classification,20,1,7,0.6471297384506494,0.8175767007328215,398,42,64
CMCSA,Services,BiLSTM,classification,20,1,8,0.633042666181248,0.8274138967196146,398,42,64
CMCSA,Services,BiLSTM,classification,20,1,9,0.6148201242164152,0.8536011945633661,398,42,64
CMCSA,Services,BiLSTM,classification,20,1,10,0.61631075041977,1.145648201306661,398,42,64
CMCSA,Services,BiLSTM,classification,20,1,11,0.5775027808232523,1.0118266145388286,398,42,64
CMCSA,Services,BiLSTM,classification,20,1,12,0.6068559434246178,0.8200669913064866,398,42,64
CMCSA,Services,BiLSTM,classification,20,1,13,0.5349014662018973,1.0828122411455428,398,42,64
CMCSA,Services,BiLSTM,classification,20,1,14,0.5383331239523002,1.1029170354207356,398,42,64
CMCSA,Services,BiLSTM,classification,20,1,15,0.5102793655203814,1.3299252192179363,398,42,64
CMCSA,Services,BiLSTM,classification,20,1,16,0.5236628238280215,0.9829234566007342,398,42,64
CMCSA,Services,BiLSTM,classification,20,1,17,0.5162844340405871,0.999862083366939,398,42,64
CMCSA,Services,BiLSTM,classification,20,1,18,0.48624878747379363,0.8755956973348346,398,42,64
CMCSA,Services,BiLSTM,classification,20,1,19,0.5201014909312953,1.3241974399203347,398,42,64
CMCSA,Services,BiLSTM,classification,20,1,20,0.4496929945059158,1.4278063717342557,398,42,64
CODI,Conglomerates,BiLSTM,classification,20,1,1,0.7109770256670276,0.6996268005598159,398,42,64
CODI,Conglomerates,BiLSTM,classification,20,1,2,0.6808653060515323,0.7153844890140352,398,42,64
CODI,Conglomerates,BiLSTM,classification,20,1,3,0.6730325305881213,0.7274587182771592,398,42,64
CODI,Conglomerates,BiLSTM,classification,20,1,4,0.6678015577733217,0.7533847803161258,398,42,64
CODI,Conglomerates,BiLSTM,classification,20,1,5,0.6670344142458546,0.7420586375963121,398,42,64
CODI,Conglomerates,BiLSTM,classification,20,1,6,0.6702447344909361,0.7685781660534087,398,42,64
CODI,Conglomerates,BiLSTM,classification,20,1,7,0.6506896680922963,0.7768553807621911,398,42,64
CODI,Conglomerates,BiLSTM,classification,20,1,8,0.6136660784033675,0.7766262746992565,398,42,64
CODI,Conglomerates,BiLSTM,classification,20,1,9,0.6226107726744072,0.7378071092423939,398,42,64
CODI,Conglomerates,BiLSTM,classification,20,1,10,0.6093480014920833,0.7903904006594703,398,42,64
CODI,Conglomerates,BiLSTM,classification,20,1,11,0.6179592366793647,0.812923686844962,398,42,64
CODI,Conglomerates,BiLSTM,classification,20,1,12,0.5779289227334699,0.7940424340111869,398,42,64
CODI,Conglomerates,BiLSTM,classification,20,1,13,0.5774880783941279,0.7739987146286738,398,42,64
CODI,Conglomerates,BiLSTM,classification,20,1,14,0.5982840940281374,0.7511020586604163,398,42,64
CODI,Conglomerates,BiLSTM,classification,20,1,15,0.5669667454221141,0.8396087544304984,398,42,64
CODI,Conglomerates,BiLSTM,classification,20,1,16,0.5614019349292295,0.831456272375016,398,42,64
CODI,Conglomerates,BiLSTM,classification,20,1,17,0.4986693977411069,1.0474178734279813,398,42,64
CODI,Conglomerates,BiLSTM,classification,20,1,18,0.5679039910211036,0.908809224764506,398,42,64
CODI,Conglomerates,BiLSTM,classification,20,1,19,0.5265612226335248,0.8280291131564549,398,42,64
CODI,Conglomerates,BiLSTM,classification,20,1,20,0.4859564810542006,0.9213456369581676,398,42,64
CSCO,Technology,BiLSTM,classification,20,1,1,0.7079654536654602,0.6961471211342585,398,42,64
CSCO,Technology,BiLSTM,classification,20,1,2,0.6914078425522425,0.6518290951138451,398,42,64
CSCO,Technology,BiLSTM,classification,20,1,3,0.6781007482777888,0.6702180589948382,398,42,64
CSCO,Technology,BiLSTM,classification,20,1,4,0.6694640744870631,0.623166697365897,398,42,64
CSCO,Technology,BiLSTM,classification,20,1,5,0.6570678239491716,0.7420637834639776,398,42,64
CSCO,Technology,BiLSTM,classification,20,1,6,0.6585931861819934,0.6466888444764274,398,42,64
CSCO,Technology,BiLSTM,classification,20,1,7,0.6343812034956774,0.7530423629851568,398,42,64
CSCO,Technology,BiLSTM,classification,20,1,8,0.6264892361271921,0.6938043804395766,398,42,64
CSCO,Technology,BiLSTM,classification,20,1,9,0.6317824784235738,0.646703629266648,398,42,64
CSCO,Technology,BiLSTM,classification,20,1,10,0.6326257236039818,0.8101372775577363,398,42,64
CSCO,Technology,BiLSTM,classification,20,1,11,0.5892652689512051,0.6208448722248986,398,42,64
CSCO,Technology,BiLSTM,classification,20,1,12,0.603432628677119,0.6582103768984476,398,42,64
CSCO,Technology,BiLSTM,classification,20,1,13,0.5995312890215735,0.6784717525754657,398,42,64
CSCO,Technology,BiLSTM,classification,20,1,14,0.5774523771587928,0.8319126481101626,398,42,64
CSCO,Technology,BiLSTM,classification,20,1,15,0.5674971512813664,0.7446150212060838,398,42,64
CSCO,Technology,BiLSTM,classification,20,1,16,0.554411065338844,0.9059675023669288,398,42,64
CSCO,Technology,BiLSTM,classification,20,1,17,0.5352958165221477,0.9265348513921102,398,42,64
CSCO,Technology,BiLSTM,classification,20,1,18,0.5637657323374821,0.9606257620311919,398,42,64
CSCO,Technology,BiLSTM,classification,20,1,19,0.5584274353693478,1.2544004803612119,398,42,64
CSCO,Technology,BiLSTM,classification,20,1,20,0.532240546378658,1.417086544490996,398,42,64
CVX,Basic Matierials,BiLSTM,classification,20,1,1,0.7014070686383463,0.7083324364253453,398,42,64
CVX,Basic Matierials,BiLSTM,classification,20,1,2,0.685338298879077,0.6913392856007531,398,42,64
CVX,Basic Matierials,BiLSTM,classification,20,1,3,0.6989388091480313,0.7525651085944403,398,42,64
CVX,Basic Matierials,BiLSTM,classification,20,1,4,0.6799531171669313,0.707825189545041,398,42,64
CVX,Basic Matierials,BiLSTM,classification,20,1,5,0.6775071656883661,0.7220209155763898,398,42,64
CVX,Basic Matierials,BiLSTM,classification,20,1,6,0.6807431434866172,0.7818781165849595,398,42,64
CVX,Basic Matierials,BiLSTM,classification,20,1,7,0.6578745087187494,0.7436023297764006,398,42,64
CVX,Basic Matierials,BiLSTM,classification,20,1,8,0.6484177591812671,0.7744131854602269,398,42,64
CVX,Basic Matierials,BiLSTM,classification,20,1,9,0.6855084446806404,0.8241885730198452,398,42,64
CVX,Basic Matierials,BiLSTM,classification,20,1,10,0.6577127459061206,0.7319044328871227,398,42,64
CVX,Basic Matierials,BiLSTM,classification,20,1,11,0.6628235404814907,0.6940737536975315,398,42,64
CVX,Basic Matierials,BiLSTM,classification,20,1,12,0.6552318777870293,0.6858855429149809,398,42,64
CVX,Basic Matierials,BiLSTM,classification,20,1,13,0.6522212687449239,0.6875941668237958,398,42,64
CVX,Basic Matierials,BiLSTM,classification,20,1,14,0.6338122181556932,0.7181185342016674,398,42,64
CVX,Basic Matierials,BiLSTM,classification,20,1,15,0.6409218236429608,0.7833855492728097,398,42,64
CVX,Basic Matierials,BiLSTM,classification,20,1,16,0.6426855322703644,0.7653781658127194,398,42,64
CVX,Basic Matierials,BiLSTM,classification,20,1,17,0.6243495381058161,0.7945731991813296,398,42,64
CVX,Basic Matierials,BiLSTM,classification,20,1,18,0.6045465361532854,0.7895979114941188,398,42,64
CVX,Basic Matierials,BiLSTM,classification,20,1,19,0.5911598364312445,0.8487824059668041,398,42,64
CVX,Basic Matierials,BiLSTM,classification,20,1,20,0.6141679457683659,0.803006404922122,398,42,64
D,Utilities,BiLSTM,classification,20,1,1,0.7041614828397281,0.7456020627702985,398,42,64
D,Utilities,BiLSTM,classification,20,1,2,0.6716885075497268,0.8940211023603167,398,42,64
D,Utilities,BiLSTM,classification,20,1,3,0.6708412871288894,1.049665893827166,398,42,64
D,Utilities,BiLSTM,classification,20,1,4,0.6510250490514478,0.9135929913747878,398,42,64
D,Utilities,BiLSTM,classification,20,1,5,0.673074607573562,0.7552102179754347,398,42,64
D,Utilities,BiLSTM,classification,20,1,6,0.6467717236010873,0.9938556097802662,398,42,64
D,Utilities,BiLSTM,classification,20,1,7,0.6459023092859354,0.9834181524458385,398,42,64
D,Utilities,BiLSTM,classification,20,1,8,0.6296570989953812,1.0923041956765311,398,42,64
D,Utilities,BiLSTM,classification,20,1,9,0.6047169543690418,1.5730072203136625,398,42,64
D,Utilities,BiLSTM,classification,20,1,10,0.5886788699195613,1.2359849214553833,398,42,64
D,Utilities,BiLSTM,classification,20,1,11,0.5921352552109628,1.4545908371607463,398,42,64
D,Utilities,BiLSTM,classification,20,1,12,0.568503976916548,1.102487671942938,398,42,64
D,Utilities,BiLSTM,classification,20,1,13,0.5671412532952562,1.348064655349368,398,42,64
D,Utilities,BiLSTM,classification,20,1,14,0.564240526763638,1.1774858520144509,398,42,64
D,Utilities,BiLSTM,classification,20,1,15,0.5613545375553208,1.6340307054065524,398,42,64
D,Utilities,BiLSTM,classification,20,1,16,0.5351483691577337,1.6544847658702306,398,42,64
D,Utilities,BiLSTM,classification,20,1,17,0.5275200594909227,2.063202392487299,398,42,64
D,Utilities,BiLSTM,classification,20,1,18,0.512290722461202,2.028433090164548,398,42,64
D,Utilities,BiLSTM,classification,20,1,19,0.48539920608002934,2.268608013788859,398,42,64
D,Utilities,BiLSTM,classification,20,1,20,0.48801772109228164,1.9945354688735235,398,42,64
DHR,Industrial Goods,BiLSTM,classification,20,1,1,0.7066557688928728,0.6893592249779474,398,42,64
DHR,Industrial Goods,BiLSTM,classification,20,1,2,0.7066275663112276,0.685150472890763,398,42,64
DHR,Industrial Goods,BiLSTM,classification,20,1,3,0.688403665420398,0.6745087731452215,398,42,64
DHR,Industrial Goods,BiLSTM,classification,20,1,4,0.6876675480574219,0.6711296212105524,398,42,64
DHR,Industrial Goods,BiLSTM,classification,20,1,5,0.6784182810903194,0.7112581871804737,398,42,64
DHR,Industrial Goods,BiLSTM,classification,20,1,6,0.6783053272932618,0.740142876193637,398,42,64
DHR,Industrial Goods,BiLSTM,classification,20,1,7,0.6647183164280264,0.7578011268661136,398,42,64
DHR,Industrial Goods,BiLSTM,classification,20,1,8,0.6691571902390101,0.794099475656237,398,42,64
DHR,Industrial Goods,BiLSTM,classification,20,1,9,0.6490227819687158,0.8765313171205067,398,42,64
DHR,Industrial Goods,BiLSTM,classification,20,1,10,0.6585177021409998,0.8701939298993066,398,42,64
DHR,Industrial Goods,BiLSTM,classification,20,1,11,0.6572575970510741,0.7657815899167743,398,42,64
DHR,Industrial Goods,BiLSTM,classification,20,1,12,0.6326453050776343,0.7240987533614749,398,42,64
DHR,Industrial Goods,BiLSTM,classification,20,1,13,0.6234211160908991,0.798270929427374,398,42,64
DHR,Industrial Goods,BiLSTM,classification,20,1,14,0.6369469707934701,0.8056258530843825,398,42,64
DHR,Industrial Goods,BiLSTM,classification,20,1,15,0.6309310862766438,0.8319967190424601,398,42,64
DHR,Industrial Goods,BiLSTM,classification,20,1,16,0.605671111962304,1.0518972362790788,398,42,64
DHR,Industrial Goods,BiLSTM,classification,20,1,17,0.5857819378675528,0.9234901865323385,398,42,64
DHR,Industrial Goods,BiLSTM,classification,20,1,18,0.5940792009459069,0.9365079828671047,398,42,64
DHR,Industrial Goods,BiLSTM,classification,20,1,19,0.5991470410895707,0.8697854904901414,398,42,64
DHR,Industrial Goods,BiLSTM,classification,20,1,20,0.578761278384894,1.1237215484891618,398,42,64
DIS,Services,BiLSTM,classification,20,1,1,0.6888928545180277,0.7036762578146798,398,42,64
DIS,Services,BiLSTM,classification,20,1,2,0.6750156636813178,0.7430408653758821,398,42,64
DIS,Services,BiLSTM,classification,20,1,3,0.657231726239075,1.0864442473366147,398,42,64
DIS,Services,BiLSTM,classification,20,1,4,0.6545958626809432,1.8175453884260995,398,42,64
DIS,Services,BiLSTM,classification,20,1,5,0.6592008432551245,1.44284740232286,398,42,64
DIS,Services,BiLSTM,classification,20,1,6,0.6475306087402842,1.667079741046542,398,42,64
DIS,Services,BiLSTM,classification,20,1,7,0.6510552152916415,1.725006211371649,398,42,64
DIS,Services,BiLSTM,classification,20,1,8,0.6463903790742309,1.5455674046561831,398,42,64
DIS,Services,BiLSTM,classification,20,1,9,0.6377546787261963,1.5467279212815421,398,42,64
DIS,Services,BiLSTM,classification,20,1,10,0.6605726201929639,1.276314643167314,398,42,64
DIS,Services,BiLSTM,classification,20,1,11,0.6152843479535088,1.3766698936621349,398,42,64
DIS,Services,BiLSTM,classification,20,1,12,0.594200133678302,1.6257925147101993,398,42,64
DIS,Services,BiLSTM,classification,20,1,13,0.5942574302155768,1.799307298092615,398,42,64
DIS,Services,BiLSTM,classification,20,1,14,0.5789704158078486,2.1040584104401723,398,42,64
DIS,Services,BiLSTM,classification,20,1,15,0.5979140670455281,2.4558323054086593,398,42,64
DIS,Services,BiLSTM,classification,20,1,16,0.5716943381419733,2.5739902598517284,398,42,64
DIS,Services,BiLSTM,classification,20,1,17,0.5671306141656847,2.80768312726702,398,42,64
DIS,Services,BiLSTM,classification,20,1,18,0.5485996262512015,2.375250458717346,398,42,64
DIS,Services,BiLSTM,classification,20,1,19,0.540228430649743,2.748030571710496,398,42,64
DIS,Services,BiLSTM,classification,20,1,20,0.5402059132729343,2.704951008160909,398,42,64
DUK,Utilities,BiLSTM,classification,20,1,1,0.7067107195830226,0.7124307836805072,398,42,64
DUK,Utilities,BiLSTM,classification,20,1,2,0.6835702762531874,0.8309457103411356,398,42,64
DUK,Utilities,BiLSTM,classification,20,1,3,0.6749360765045013,0.7747531646773929,398,42,64
DUK,Utilities,BiLSTM,classification,20,1,4,0.6737915888503568,0.7470566516830808,398,42,64
DUK,Utilities,BiLSTM,classification,20,1,5,0.6828408370065928,0.7805293486231849,398,42,64
DUK,Utilities,BiLSTM,classification,20,1,6,0.6682619704073997,0.8253099407468524,398,42,64
DUK,Utilities,BiLSTM,classification,20,1,7,0.6508716410727956,0.9213732253937494,398,42,64
DUK,Utilities,BiLSTM,classification,20,1,8,0.633771371601814,1.0010548489434379,398,42,64
DUK,Utilities,BiLSTM,classification,20,1,9,0.6350537176108241,0.7693263718060085,398,42,64
DUK,Utilities,BiLSTM,classification,20,1,10,0.6208257609276316,0.894214562007359,398,42,64
DUK,Utilities,BiLSTM,classification,20,1,11,0.6197116430380836,0.8855036042985462,398,42,64
DUK,Utilities,BiLSTM,classification,20,1,12,0.605646442827867,0.8550186327525547,398,42,64
DUK,Utilities,BiLSTM,classification,20,1,13,0.6102398538110244,0.8558166651498704,398,42,64
DUK,Utilities,BiLSTM,classification,20,1,14,0.6094994146620208,1.0543306725365775,398,42,64
DUK,Utilities,BiLSTM,classification,20,1,15,0.5815311478610015,0.8751416972705296,398,42,64
DUK,Utilities,BiLSTM,classification,20,1,16,0.5651678525323245,1.0286556908062525,398,42,64
DUK,Utilities,BiLSTM,classification,20,1,17,0.6084649958203187,0.8228464523951212,398,42,64
DUK,Utilities,BiLSTM,classification,20,1,18,0.540583340366881,1.1591553631282987,398,42,64
DUK,Utilities,BiLSTM,classification,20,1,19,0.5151950507307771,1.309407109305972,398,42,64
DUK,Utilities,BiLSTM,classification,20,1,20,0.5061171694317056,1.235103033837818,398,42,64
EXC,Utilities,BiLSTM,classification,20,1,1,0.6991373776790485,0.7493376476424081,398,42,64
EXC,Utilities,BiLSTM,classification,20,1,2,0.6965697072259146,0.7958491501354036,398,42,64
EXC,Utilities,BiLSTM,classification,20,1,3,0.6789141548937888,0.8094351916086107,398,42,64
EXC,Utilities,BiLSTM,classification,20,1,4,0.6762583887756769,1.1010144721894037,398,42,64
EXC,Utilities,BiLSTM,classification,20,1,5,0.6570881446402277,0.8856168077105567,398,42,64
EXC,Utilities,BiLSTM,classification,20,1,6,0.6484811767261831,0.8801478544871012,398,42,64
EXC,Utilities,BiLSTM,classification,20,1,7,0.6542280042291286,0.9598126070840018,398,42,64
EXC,Utilities,BiLSTM,classification,20,1,8,0.6344516811957911,1.0861369257881528,398,42,64
EXC,Utilities,BiLSTM,classification,20,1,9,0.6521039635092769,1.0251791931333996,398,42,64
EXC,Utilities,BiLSTM,classification,20,1,10,0.6304756665050085,1.1154784645353044,398,42,64
EXC,Utilities,BiLSTM,classification,20,1,11,0.5799376239728689,1.8202578340257918,398,42,64
EXC,Utilities,BiLSTM,classification,20,1,12,0.589984809483715,1.428241945448376,398,42,64
EXC,Utilities,BiLSTM,classification,20,1,13,0.5947532962315046,1.776335773013887,398,42,64
EXC,Utilities,BiLSTM,classification,20,1,14,0.5926446967088996,1.2705070915676298,398,42,64
EXC,Utilities,BiLSTM,classification,20,1,15,0.5659291434228121,1.9531942322140647,398,42,64
EXC,Utilities,BiLSTM,classification,20,1,16,0.5390517732605862,1.8916044291995822,398,42,64
EXC,Utilities,BiLSTM,classification,20,1,17,0.5509668039017587,1.8899101643335252,398,42,64
EXC,Utilities,BiLSTM,classification,20,1,18,0.5384307938005457,2.010832184836978,398,42,64
EXC,Utilities,BiLSTM,classification,20,1,19,0.5015796394503895,2.7018449760618664,398,42,64
EXC,Utilities,BiLSTM,classification,20,1,20,0.4870437767038393,2.6036479700179327,398,42,64
FB,Technology,BiLSTM,classification,20,1,1,0.6990423711700056,0.6910214055152166,398,42,64
FB,Technology,BiLSTM,classification,20,1,2,0.705795609471786,0.6619882640384492,398,42,64
FB,Technology,BiLSTM,classification,20,1,3,0.6763782075901127,0.618975662049793,398,42,64
FB,Technology,BiLSTM,classification,20,1,4,0.6739925047261032,0.6289005478223165,398,42,64
FB,Technology,BiLSTM,classification,20,1,5,0.6676165188976269,0.6831772071974618,398,42,64
FB,Technology,BiLSTM,classification,20,1,6,0.6744821814436409,0.6886175956044879,398,42,64
FB,Technology,BiLSTM,classification,20,1,7,0.6565283393141014,0.6926911501657396,398,42,64
FB,Technology,BiLSTM,classification,20,1,8,0.6610353684904587,0.6783210266204107,398,42,64
FB,Technology,BiLSTM,classification,20,1,9,0.6361841179018644,0.8299822381564549,398,42,64
FB,Technology,BiLSTM,classification,20,1,10,0.6340461651883532,0.7397737474668593,398,42,64
FB,Technology,BiLSTM,classification,20,1,11,0.6286523204352987,0.7494056792486281,398,42,64
FB,Technology,BiLSTM,classification,20,1,12,0.6170038718674051,0.7513387799263,398,42,64
FB,Technology,BiLSTM,classification,20,1,13,0.6086304493285902,0.7176616532461983,398,42,64
FB,Technology,BiLSTM,classification,20,1,14,0.6042896751782403,0.7120260425976345,398,42,64
FB,Technology,BiLSTM,classification,20,1,15,0.5739032244262983,0.6543250225839161,398,42,64
FB,Technology,BiLSTM,classification,20,1,16,0.5550742985016137,0.6853788324764797,398,42,64
FB,Technology,BiLSTM,classification,20,1,17,0.5588404209769551,0.7147158469472613,398,42,64
FB,Technology,BiLSTM,classification,20,1,18,0.5381932372423872,0.7653004782540458,398,42,64
FB,Technology,BiLSTM,classification,20,1,19,0.6196808683213277,0.6511745339348203,398,42,64
FB,Technology,BiLSTM,classification,20,1,20,0.5783139799707498,0.7659747714088077,398,42,64
GD,Industrial Goods,BiLSTM,classification,20,1,1,0.7028061178461391,0.6864159930320013,398,42,64
GD,Industrial Goods,BiLSTM,classification,20,1,2,0.6825919849189681,0.6860185066858927,398,42,64
GD,Industrial Goods,BiLSTM,classification,20,1,3,0.6783046746373775,0.6956474213373094,398,42,64
GD,Industrial Goods,BiLSTM,classification,20,1,4,0.6709314399029143,0.7457854605856395,398,42,64
GD,Industrial Goods,BiLSTM,classification,20,1,5,0.6607807949559772,0.684676122097742,398,42,64
GD,Industrial Goods,BiLSTM,classification,20,1,6,0.6684140673833876,0.6847002137274969,398,42,64
GD,Industrial Goods,BiLSTM,classification,20,1,7,0.645350828841703,0.678219633443015,398,42,64
GD,Industrial Goods,BiLSTM,classification,20,1,8,0.6448423041770207,0.6906312505404154,398,42,64
GD,Industrial Goods,BiLSTM,classification,20,1,9,0.6356599097275853,0.6690984992753892,398,42,64
GD,Industrial Goods,BiLSTM,classification,20,1,10,0.6166412255272793,0.6620596476963588,398,42,64
GD,Industrial Goods,BiLSTM,classification,20,1,11,0.6056822574318353,0.6842098945663089,398,42,64
GD,Industrial Goods,BiLSTM,classification,20,1,12,0.6157538583829775,0.7171222113427662,398,42,64
GD,Industrial Goods,BiLSTM,classification,20,1,13,0.6005158276114632,0.7701818233444577,398,42,64
GD,Industrial Goods,BiLSTM,classification,20,1,14,0.5960005422932418,0.6875860889752706,398,42,64
GD,Industrial Goods,BiLSTM,classification,20,1,15,0.6047324544221313,0.6834503071648734,398,42,64
GD,Industrial Goods,BiLSTM,classification,20,1,16,0.5979860293206258,0.7101838787396749,398,42,64
GD,Industrial Goods,BiLSTM,classification,20,1,17,0.5982034041653925,0.7673633240518116,398,42,64
GD,Industrial Goods,BiLSTM,classification,20,1,18,0.5817187140934431,0.6965455072266715,398,42,64
GD,Industrial Goods,BiLSTM,classification,20,1,19,0.544736366176126,0.6515120778764997,398,42,64
GD,Industrial Goods,BiLSTM,classification,20,1,20,0.5762282518585723,0.7338480580420721,398,42,64
GE,Industrial Goods,BiLSTM,classification,20,1,1,0.7056626590652082,0.6804582930746532,398,42,64
GE,Industrial Goods,BiLSTM,classification,20,1,2,0.6987599619668932,0.839322254771278,398,42,64
GE,Industrial Goods,BiLSTM,classification,20,1,3,0.6854246857777313,0.8257184028625488,398,42,64
GE,Industrial Goods,BiLSTM,classification,20,1,4,0.69308349954423,0.7412757107189724,398,42,64
GE,Industrial Goods,BiLSTM,classification,20,1,5,0.6811317816451566,0.9246841896147955,398,42,64
GE,Industrial Goods,BiLSTM,classification,20,1,6,0.6631790201867646,0.7187745315687997,398,42,64
GE,Industrial Goods,BiLSTM,classification,20,1,7,0.6591728401543507,0.7740539113680521,398,42,64
GE,Industrial Goods,BiLSTM,classification,20,1,8,0.6496748449514859,0.8144626560665312,398,42,64
GE,Industrial Goods,BiLSTM,classification,20,1,9,0.660884859573901,0.7352222260974702,398,42,64
GE,Industrial Goods,BiLSTM,classification,20,1,10,0.6345365793261696,1.1542477778026037,398,42,64
GE,Industrial Goods,BiLSTM,classification,20,1,11,0.6300363946500136,1.0935076134545463,398,42,64
GE,Industrial Goods,BiLSTM,classification,20,1,12,0.6255492538063969,1.0599097127006167,398,42,64
GE,Industrial Goods,BiLSTM,classification,20,1,13,0.6051257369506299,1.1045462347212291,398,42,64
GE,Industrial Goods,BiLSTM,classification,20,1,14,0.6084005002999425,1.1559762954711914,398,42,64
GE,Industrial Goods,BiLSTM,classification,20,1,15,0.623424706596825,1.0638947941008068,398,42,64
GE,Industrial Goods,BiLSTM,classification,20,1,16,0.5841786937797488,1.6698338304247176,398,42,64
GE,Industrial Goods,BiLSTM,classification,20,1,17,0.5555209328780821,1.3097625346410842,398,42,64
GE,Industrial Goods,BiLSTM,classification,20,1,18,0.5562880129071336,1.668590159643264,398,42,64
GE,Industrial Goods,BiLSTM,classification,20,1,19,0.5426547241270842,1.5897170362018405,398,42,64
GE,Industrial Goods,BiLSTM,classification,20,1,20,0.5268585714862575,1.788407564163208,398,42,64
GOOG,Technology,BiLSTM,classification,20,1,1,0.7019658244434913,0.7030873951457796,398,42,64
GOOG,Technology,BiLSTM,classification,20,1,2,0.6812948536633248,0.844542920589447,398,42,64
GOOG,Technology,BiLSTM,classification,20,1,3,0.6773241767332182,0.7811010508310228,398,42,64
GOOG,Technology,BiLSTM,classification,20,1,4,0.6619694601351293,0.7669639331953866,398,42,64
GOOG,Technology,BiLSTM,classification,20,1,5,0.6634314266880553,0.7806751898356846,398,42,64
GOOG,Technology,BiLSTM,classification,20,1,6,0.6415057823286584,0.8606668937773931,398,42,64
GOOG,Technology,BiLSTM,classification,20,1,7,0.6281600106301619,0.8069570036161513,398,42,64
GOOG,Technology,BiLSTM,classification,20,1,8,0.6226879741678286,1.1113821722212291,398,42,64
GOOG,Technology,BiLSTM,classification,20,1,9,0.5904554227488724,0.8570952500615802,398,42,64
GOOG,Technology,BiLSTM,classification,20,1,10,0.5877801741487417,0.8977111123857044,398,42,64
GOOG,Technology,BiLSTM,classification,20,1,11,0.571064810657022,0.7624156134469169,398,42,64
GOOG,Technology,BiLSTM,classification,20,1,12,0.5639997019839647,0.8305779894193014,398,42,64
GOOG,Technology,BiLSTM,classification,20,1,13,0.5536640487124572,0.757070453394027,398,42,64
GOOG,Technology,BiLSTM,classification,20,1,14,0.48690264653320886,1.3771062521707444,398,42,64
GOOG,Technology,BiLSTM,classification,20,1,15,0.5320216561082619,0.9534754582813808,398,42,64
GOOG,Technology,BiLSTM,classification,20,1,16,0.5408331006016563,0.9650103563354129,398,42,64
GOOG,Technology,BiLSTM,classification,20,1,17,0.5088517671853454,1.0098966303325834,398,42,64
GOOG,Technology,BiLSTM,classification,20,1,18,0.47547245564772256,1.6204996960503715,398,42,64
GOOG,Technology,BiLSTM,classification,20,1,19,0.47863259387375723,1.2798349176134383,398,42,64
GOOG,Technology,BiLSTM,classification,20,1,20,0.4395580131504404,1.4410657031195504,398,42,64
HD,Services,BiLSTM,classification,20,1,1,0.6945433598666934,0.681883073988415,398,42,64
HD,Services,BiLSTM,classification,20,1,2,0.6782439803358299,0.6875394951729548,398,42,64
HD,Services,BiLSTM,classification,20,1,3,0.6659976621369021,0.6757964066096714,398,42,64
HD,Services,BiLSTM,classification,20,1,4,0.6434807528802498,0.6835171920912606,398,42,64
HD,Services,BiLSTM,classification,20,1,5,0.6499945057097392,0.680670474256788,398,42,64
HD,Services,BiLSTM,classification,20,1,6,0.6327211129006429,0.6942292678923834,398,42,64
HD,Services,BiLSTM,classification,20,1,7,0.602662973667509,0.6843037945883614,398,42,64
HD,Services,BiLSTM,classification,20,1,8,0.5900087323620091,0.7839919782820202,398,42,64
HD,Services,BiLSTM,classification,20,1,9,0.5958671315231515,0.6816468210447402,398,42,64
HD,Services,BiLSTM,classification,20,1,10,0.5862749145558132,0.6737066422189985,398,42,64
HD,Services,BiLSTM,classification,20,1,11,0.5713912308515616,0.7060228728112721,398,42,64
HD,Services,BiLSTM,classification,20,1,12,0.5960128514011901,0.7774057927585784,398,42,64
HD,Services,BiLSTM,classification,20,1,13,0.5555316876226933,0.7678772182691664,398,42,64
HD,Services,BiLSTM,classification,20,1,14,0.5377941240916899,0.8208927199954078,398,42,64
HD,Services,BiLSTM,classification,20,1,15,0.5205611006997938,0.9404254726001194,398,42,64
HD,Services,BiLSTM,classification,20,1,16,0.5246376902913329,0.8543151248069036,398,42,64
HD,Services,BiLSTM,classification,20,1,17,0.5386467224089944,1.1606852383840651,398,42,64
HD,Services,BiLSTM,classification,20,1,18,0.5247931634660942,1.092479325476147,398,42,64
HD,Services,BiLSTM,classification,20,1,19,0.5313213714702645,0.7895285799389794,398,42,64
HD,Services,BiLSTM,classification,20,1,20,0.4814064628514812,0.9077715419587635,398,42,64
HON,Industrial Goods,BiLSTM,classification,20,1,1,0.6943788031237809,0.6853793887864976,398,42,64
HON,Industrial Goods,BiLSTM,classification,20,1,2,0.6828646111727958,0.6763927879787627,398,42,64
HON,Industrial Goods,BiLSTM,classification,20,1,3,0.6572323717064594,0.7151982755888076,398,42,64
HON,Industrial Goods,BiLSTM,classification,20,1,4,0.6909502442158646,0.7802780071894327,398,42,64
HON,Industrial Goods,BiLSTM,classification,20,1,5,0.6591287120502798,0.8049159674417405,398,42,64
HON,Industrial Goods,BiLSTM,classification,20,1,6,0.6418467610325646,0.8499148402895246,398,42,64
HON,Industrial Goods,BiLSTM,classification,20,1,7,0.6482945177423295,0.7499496851648603,398,42,64
HON,Industrial Goods,BiLSTM,classification,20,1,8,0.623721840693124,0.7722893953323364,398,42,64
HON,Industrial Goods,BiLSTM,classification,20,1,9,0.6262735332076873,0.7741237282752991,398,42,64
HON,Industrial Goods,BiLSTM,classification,20,1,10,0.6358988180232408,0.7324712645439875,398,42,64
HON,Industrial Goods,BiLSTM,classification,20,1,11,0.6238122759152896,0.7619447906812032,398,42,64
HON,Industrial Goods,BiLSTM,classification,20,1,12,0.606041607245728,0.7338579694430033,398,42,64
HON,Industrial Goods,BiLSTM,classification,20,1,13,0.6084581670449607,0.7396303188233149,398,42,64
HON,Industrial Goods,BiLSTM,classification,20,1,14,0.6018108789944768,0.8906941130047753,398,42,64
HON,Industrial Goods,BiLSTM,classification,20,1,15,0.6000289937958645,0.8745016597566151,398,42,64
HON,Industrial Goods,BiLSTM,classification,20,1,16,0.598108635775408,0.9440871931257702,398,42,64
HON,Industrial Goods,BiLSTM,classification,20,1,17,0.5686000909038524,1.0736156645275297,398,42,64
HON,Industrial Goods,BiLSTM,classification,20,1,18,0.5452635464955814,1.2742470332554408,398,42,64
HON,Industrial Goods,BiLSTM,classification,20,1,19,0.5613292704275505,1.275063537416004,398,42,64
HON,Industrial Goods,BiLSTM,classification,20,1,20,0.5524593687536729,1.4113373415810722,398,42,64
HRG,Conglomerates,BiLSTM,classification,20,1,1,0.704316096389713,0.658317091919127,398,42,64
HRG,Conglomerates,BiLSTM,classification,20,1,2,0.6836116041370373,0.644554404985337,398,42,64
HRG,Conglomerates,BiLSTM,classification,20,1,3,0.6719120369484676,0.6499719137237185,398,42,64
HRG,Conglomerates,BiLSTM,classification,20,1,4,0.6687685754430953,0.6720284535771325,398,42,64
HRG,Conglomerates,BiLSTM,classification,20,1,5,0.6729589919349057,0.6656105887322199,398,42,64
HRG,Conglomerates,BiLSTM,classification,20,1,6,0.6519341519729576,0.6963300250825428,398,42,64
HRG,Conglomerates,BiLSTM,classification,20,1,7,0.6356550239438388,0.8411504569507781,398,42,64
HRG,Conglomerates,BiLSTM,classification,20,1,8,0.6354422632174276,0.8406797164962405,398,42,64
HRG,Conglomerates,BiLSTM,classification,20,1,9,0.6333461643463403,1.244434464545477,398,42,64
HRG,Conglomerates,BiLSTM,classification,20,1,10,0.6237078216207687,1.0720350628807431,398,42,64
HRG,Conglomerates,BiLSTM,classification,20,1,11,0.6124235535386818,1.3122431550707137,398,42,64
HRG,Conglomerates,BiLSTM,classification,20,1,12,0.5816002916451075,0.9412866717293149,398,42,64
HRG,Conglomerates,BiLSTM,classification,20,1,13,0.6047441758702149,0.9044939676920573,398,42,64
HRG,Conglomerates,BiLSTM,classification,20,1,14,0.5736689711335915,0.9018000165621439,398,42,64
HRG,Conglomerates,BiLSTM,classification,20,1,15,0.6264835970485629,0.8773924992198036,398,42,64
HRG,Conglomerates,BiLSTM,classification,20,1,16,0.5782190468443099,0.6929549347786677,398,42,64
HRG,Conglomerates,BiLSTM,classification,20,1,17,0.5903788849936059,0.7843728037107558,398,42,64
HRG,Conglomerates,BiLSTM,classification,20,1,18,0.5730762544588827,0.8831718819481986,398,42,64
HRG,Conglomerates,BiLSTM,classification,20,1,19,0.5581175753818685,0.8446606880142575,398,42,64
HRG,Conglomerates,BiLSTM,classification,20,1,20,0.5478310902514051,1.0461248613539196,398,42,64
HSBC,Financial,BiLSTM,classification,20,1,1,0.7045742632755682,0.7036896234466916,398,42,64
HSBC,Financial,BiLSTM,classification,20,1,2,0.6958134731455664,0.6907572973342169,398,42,64
HSBC,Financial,BiLSTM,classification,20,1,3,0.66892305510727,0.7591442125184196,398,42,64
HSBC,Financial,BiLSTM,classification,20,1,4,0.6900296897145372,0.7152838792119708,398,42,64
HSBC,Financial,BiLSTM,classification,20,1,5,0.6813166348179381,0.7206132894470578,398,42,64
HSBC,Financial,BiLSTM,classification,20,1,6,0.6506845699482827,0.8802604050863356,398,42,64
HSBC,Financial,BiLSTM,classification,20,1,7,0.6534777340577476,0.9030455379259019,398,42,64
HSBC,Financial,BiLSTM,classification,20,1,8,0.6357544945113024,0.8147796534356617,398,42,64
HSBC,Financial,BiLSTM,classification,20,1,9,0.6278138981392635,1.0099248431977772,398,42,64
HSBC,Financial,BiLSTM,classification,20,1,10,0.6405347122918421,0.8370178370248704,398,42,64
HSBC,Financial,BiLSTM,classification,20,1,11,0.6290875845518543,0.862790808791206,398,42,64
HSBC,Financial,BiLSTM,classification,20,1,12,0.5924461879322876,1.0264488799231393,398,42,64
HSBC,Financial,BiLSTM,classification,20,1,13,0.5809088075280788,1.1670806748526437,398,42,64
HSBC,Financial,BiLSTM,classification,20,1,14,0.6137933939246077,0.9883222182591757,398,42,64
HSBC,Financial,BiLSTM,classification,20,1,15,0.5952489119977807,1.6435925733475458,398,42,64
HSBC,Financial,BiLSTM,classification,20,1,16,0.5892750297359486,1.300729127157302,398,42,64
HSBC,Financial,BiLSTM,classification,20,1,17,0.578382960965286,1.2361896605718703,398,42,64
HSBC,Financial,BiLSTM,classification,20,1,18,0.5550700137064085,2.0067644005730036,398,42,64
HSBC,Financial,BiLSTM,classification,20,1,19,0.5193314922215352,1.9937098139808291,398,42,64
HSBC,Financial,BiLSTM,classification,20,1,20,0.5486037714697009,1.6896843342554002,398,42,64
IEP,Conglomerates,BiLSTM,classification,20,1,1,0.7081042923519959,0.6832762474105472,398,42,64
IEP,Conglomerates,BiLSTM,classification,20,1,2,0.70741637957156,0.6652202237220037,398,42,64
IEP,Conglomerates,BiLSTM,classification,20,1,3,0.6912355938149457,0.7323016978445507,398,42,64
IEP,Conglomerates,BiLSTM,classification,20,1,4,0.6872561505092448,0.7563528787522089,398,42,64
IEP,Conglomerates,BiLSTM,classification,20,1,5,0.6754109053755525,0.6549291213353475,398,42,64
IEP,Conglomerates,BiLSTM,classification,20,1,6,0.6675622612986732,0.740681719212305,398,42,64
IEP,Conglomerates,BiLSTM,classification,20,1,7,0.6500772246763334,0.6630578920954749,398,42,64
IEP,Conglomerates,BiLSTM,classification,20,1,8,0.6815109435637393,0.6523345595314389,398,42,64
IEP,Conglomerates,BiLSTM,classification,20,1,9,0.6502630908285553,0.6957081982067653,398,42,64
IEP,Conglomerates,BiLSTM,classification,20,1,10,0.6383770509580871,0.6725798362777347,398,42,64
IEP,Conglomerates,BiLSTM,classification,20,1,11,0.6397147211597194,0.6998809377352396,398,42,64
IEP,Conglomerates,BiLSTM,classification,20,1,12,0.6248822083425283,0.6460865395409721,398,42,64
IEP,Conglomerates,BiLSTM,classification,20,1,13,0.6193802575370175,0.6687246220452445,398,42,64
IEP,Conglomerates,BiLSTM,classification,20,1,14,0.6131719806086477,0.647137945606595,398,42,64
IEP,Conglomerates,BiLSTM,classification,20,1,15,0.6335185862066758,0.6575344233285814,398,42,64
IEP,Conglomerates,BiLSTM,classification,20,1,16,0.6163586030653374,0.6661155081930614,398,42,64
IEP,Conglomerates,BiLSTM,classification,20,1,17,0.5893798674171294,0.662968723546891,398,42,64
IEP,Conglomerates,BiLSTM,classification,20,1,18,0.5898580362449339,0.6430588676815941,398,42,64
IEP,Conglomerates,BiLSTM,classification,20,1,19,0.633915948208852,0.6668212357021513,398,42,64
IEP,Conglomerates,BiLSTM,classification,20,1,20,0.560725858163594,0.6616692174048651,398,42,64
INTC,Technology,BiLSTM,classification,20,1,1,0.7178898657386626,0.6941402384213039,398,42,64
INTC,Technology,BiLSTM,classification,20,1,2,0.6829512260068002,0.8993906776110331,398,42,64
INTC,Technology,BiLSTM,classification,20,1,3,0.6823458171370042,1.1673879055749803,398,42,64
INTC,Technology,BiLSTM,classification,20,1,4,0.6703263976466116,0.8680884355590457,398,42,64
INTC,Technology,BiLSTM,classification,20,1,5,0.6390862496354472,1.3066071413812184,398,42,64
INTC,Technology,BiLSTM,classification,20,1,6,0.6735868678620113,0.8718143701553345,398,42,64
INTC,Technology,BiLSTM,classification,20,1,7,0.6500754251551988,0.7986792240824018,398,42,64
INTC,Technology,BiLSTM,classification,20,1,8,0.6433445002565432,0.7964128908656892,398,42,64
INTC,Technology,BiLSTM,classification,20,1,9,0.642864551076937,0.7733607859838576,398,42,64
INTC,Technology,BiLSTM,classification,20,1,10,0.6031793580582393,0.8259162789299375,398,42,64
INTC,Technology,BiLSTM,classification,20,1,11,0.5850391861182361,0.8050835104215712,398,42,64
INTC,Technology,BiLSTM,classification,20,1,12,0.583179303449602,0.732034581048148,398,42,64
INTC,Technology,BiLSTM,classification,20,1,13,0.5399315486002207,0.8768797999336606,398,42,64
INTC,Technology,BiLSTM,classification,20,1,14,0.5700432583315289,0.8595211222058251,398,42,64
INTC,Technology,BiLSTM,classification,20,1,15,0.5691449128503177,1.3598872394788832,398,42,64
INTC,Technology,BiLSTM,classification,20,1,16,0.5266710791605801,1.158760170141856,398,42,64
INTC,Technology,BiLSTM,classification,20,1,17,0.5145149336538123,1.8635840160506112,398,42,64
INTC,Technology,BiLSTM,classification,20,1,18,0.4884494120751194,1.4775259579930986,398,42,64
INTC,Technology,BiLSTM,classification,20,1,19,0.5116476513932099,2.05830987294515,398,42,64
INTC,Technology,BiLSTM,classification,20,1,20,0.47633739676906833,1.1359652507872808,398,42,64
JNJ,Healthcare,BiLSTM,classification,20,1,1,0.6888325142500987,0.7732663779031663,398,42,64
JNJ,Healthcare,BiLSTM,classification,20,1,2,0.7058005431788651,0.8398170755023048,398,42,64
JNJ,Healthcare,BiLSTM,classification,20,1,3,0.6762226457571864,0.9876882973171416,398,42,64
JNJ,Healthcare,BiLSTM,classification,20,1,4,0.6742695593953731,1.1554755085990542,398,42,64
JNJ,Healthcare,BiLSTM,classification,20,1,5,0.6792810601205682,1.0140820287522816,398,42,64
JNJ,Healthcare,BiLSTM,classification,20,1,6,0.6541482776253666,1.3180621237981887,398,42,64
JNJ,Healthcare,BiLSTM,classification,20,1,7,0.6616314916155446,1.3647275538671584,398,42,64
JNJ,Healthcare,BiLSTM,classification,20,1,8,0.662866642127684,1.5300022988092332,398,42,64
JNJ,Healthcare,BiLSTM,classification,20,1,9,0.6403325610424406,1.5946977592649914,398,42,64
JNJ,Healthcare,BiLSTM,classification,20,1,10,0.6121435180381315,2.104845819019136,398,42,64
JNJ,Healthcare,BiLSTM,classification,20,1,11,0.58947387472469,1.794374318349929,398,42,64
JNJ,Healthcare,BiLSTM,classification,20,1,12,0.6203558295216393,1.5528170040675573,398,42,64
JNJ,Healthcare,BiLSTM,classification,20,1,13,0.5971173720443668,2.200583185468401,398,42,64
JNJ,Healthcare,BiLSTM,classification,20,1,14,0.5960530921741946,1.611840350287301,398,42,64
JNJ,Healthcare,BiLSTM,classification,20,1,15,0.6025095291473158,1.8204366933731806,398,42,64
JNJ,Healthcare,BiLSTM,classification,20,1,16,0.6092267060399654,1.603916883468628,398,42,64
JNJ,Healthcare,BiLSTM,classification,20,1,17,0.5861091592803074,1.6191550095876057,398,42,64
JNJ,Healthcare,BiLSTM,classification,20,1,18,0.5948384961291174,1.6180069560096377,398,42,64
JNJ,Healthcare,BiLSTM,classification,20,1,19,0.552762654558498,1.7262184279305595,398,42,64
JNJ,Healthcare,BiLSTM,classification,20,1,20,0.5774424513380731,1.9249770527794248,398,42,64
JPM,Financial,BiLSTM,classification,20,1,1,0.6921493533867688,0.7670223826453799,398,42,64
JPM,Financial,BiLSTM,classification,20,1,2,0.688851800096694,0.8302635919480097,398,42,64
JPM,Financial,BiLSTM,classification,20,1,3,0.6877890699472858,0.7726796013968331,398,42,64
JPM,Financial,BiLSTM,classification,20,1,4,0.6761892887216118,0.8515213671184722,398,42,64
JPM,Financial,BiLSTM,classification,20,1,5,0.6607942497310926,0.7839822769165039,398,42,64
JPM,Financial,BiLSTM,classification,20,1,6,0.6615927923264815,0.9350867782320295,398,42,64
JPM,Financial,BiLSTM,classification,20,1,7,0.6489340069904999,1.0637148164567494,398,42,64
JPM,Financial,BiLSTM,classification,20,1,8,0.6555306255517892,0.724595620518639,398,42,64
JPM,Financial,BiLSTM,classification,20,1,9,0.6356206206820119,1.2039329892113095,398,42,64
JPM,Financial,BiLSTM,classification,20,1,10,0.6229695824522469,1.0906782434100197,398,42,64
JPM,Financial,BiLSTM,classification,20,1,11,0.61956022043324,0.92177719161624,398,42,64
JPM,Financial,BiLSTM,classification,20,1,12,0.6111582898015353,0.9755609432856241,398,42,64
JPM,Financial,BiLSTM,classification,20,1,13,0.6213083854272737,1.239231824874878,398,42,64
JPM,Financial,BiLSTM,classification,20,1,14,0.6064858226919893,1.442085788363502,398,42,64
JPM,Financial,BiLSTM,classification,20,1,15,0.573652918314814,1.9140795185452415,398,42,64
JPM,Financial,BiLSTM,classification,20,1,16,0.5617160569483312,1.847492286137172,398,42,64
JPM,Financial,BiLSTM,classification,20,1,17,0.5129738920298054,1.4676886286054338,398,42,64
JPM,Financial,BiLSTM,classification,20,1,18,0.5583828163506398,1.9191930861700148,398,42,64
JPM,Financial,BiLSTM,classification,20,1,19,0.5555879132232474,2.0669934976668585,398,42,64
JPM,Financial,BiLSTM,classification,20,1,20,0.5323562637046354,2.388623146783738,398,42,64
KO,Consumer Goods,BiLSTM,classification,20,1,1,0.6925066634638226,0.6984135508537292,398,42,64
KO,Consumer Goods,BiLSTM,classification,20,1,2,0.7029392584484426,0.8113233418691725,398,42,64
KO,Consumer Goods,BiLSTM,classification,20,1,3,0.6639938132846774,0.7063462024643308,398,42,64
KO,Consumer Goods,BiLSTM,classification,20,1,4,0.672259126476307,0.7802267330033439,398,42,64
KO,Consumer Goods,BiLSTM,classification,20,1,5,0.6400256073055555,0.8548867078054518,398,42,64
KO,Consumer Goods,BiLSTM,classification,20,1,6,0.6301440617546963,0.9592062007813227,398,42,64
KO,Consumer Goods,BiLSTM,classification,20,1,7,0.6424920184528409,0.8461869756380717,398,42,64
KO,Consumer Goods,BiLSTM,classification,20,1,8,0.6231546866234823,0.9050518274307251,398,42,64
KO,Consumer Goods,BiLSTM,classification,20,1,9,0.6243024510354852,1.272038766316005,398,42,64
KO,Consumer Goods,BiLSTM,classification,20,1,10,0.6115878164468698,1.1128356229691279,398,42,64
KO,Consumer Goods,BiLSTM,classification,20,1,11,0.5782751048629607,1.568198453812372,398,42,64
KO,Consumer Goods,BiLSTM,classification,20,1,12,0.5828467331939007,1.436500594729469,398,42,64
KO,Consumer Goods,BiLSTM,classification,20,1,13,0.599140035896445,1.3624284324191867,398,42,64
KO,Consumer Goods,BiLSTM,classification,20,1,14,0.5764639501895138,1.6384707405453636,398,42,64
KO,Consumer Goods,BiLSTM,classification,20,1,15,0.5657775214868574,1.647718247913179,398,42,64
KO,Consumer Goods,BiLSTM,classification,20,1,16,0.5689711804365992,1.5811309700920468,398,42,64
KO,Consumer Goods,BiLSTM,classification,20,1,17,0.5359051586994573,1.6187652406238375,398,42,64
KO,Consumer Goods,BiLSTM,classification,20,1,18,0.5278545865161934,1.6726836363474529,398,42,64
KO,Consumer Goods,BiLSTM,classification,20,1,19,0.5277893607640386,1.5118297735850017,398,42,64
KO,Consumer Goods,BiLSTM,classification,20,1,20,0.50665888744383,1.4812403803779965,398,42,64
LMT,Industrial Goods,BiLSTM,classification,20,1,1,0.6784865832208988,0.6726332675843012,398,42,64
LMT,Industrial Goods,BiLSTM,classification,20,1,2,0.7179213977938321,0.6830554008483887,398,42,64
LMT,Industrial Goods,BiLSTM,classification,20,1,3,0.6753158473489272,0.675902525583903,398,42,64
LMT,Industrial Goods,BiLSTM,classification,20,1,4,0.6504154067542685,0.8213391247249785,398,42,64
LMT,Industrial Goods,BiLSTM,classification,20,1,5,0.6254105753635042,0.8539302973520189,398,42,64
LMT,Industrial Goods,BiLSTM,classification,20,1,6,0.6384278326178315,0.760944976693108,398,42,64
LMT,Industrial Goods,BiLSTM,classification,20,1,7,0.6518196978760724,0.7927001203809466,398,42,64
LMT,Industrial Goods,BiLSTM,classification,20,1,8,0.623131738236202,0.7669826660837445,398,42,64
LMT,Industrial Goods,BiLSTM,classification,20,1,9,0.5911714752115796,0.7605633593740917,398,42,64
LMT,Industrial Goods,BiLSTM,classification,20,1,10,0.587389130388672,0.7465475371905735,398,42,64
LMT,Industrial Goods,BiLSTM,classification,20,1,11,0.5591325693993113,0.7238542494319734,398,42,64
LMT,Industrial Goods,BiLSTM,classification,20,1,12,0.5780453604070386,0.8070903306915647,398,42,64
LMT,Industrial Goods,BiLSTM,classification,20,1,13,0.5571492598883471,0.865604837735494,398,42,64
LMT,Industrial Goods,BiLSTM,classification,20,1,14,0.545903000400294,0.8819260767527989,398,42,64
LMT,Industrial Goods,BiLSTM,classification,20,1,15,0.5061905515852885,1.0012872616449993,398,42,64
LMT,Industrial Goods,BiLSTM,classification,20,1,16,0.5195716676400535,1.1736288155828203,398,42,64
LMT,Industrial Goods,BiLSTM,classification,20,1,17,0.5765209156065131,0.8973722174054101,398,42,64
LMT,Industrial Goods,BiLSTM,classification,20,1,18,0.5235709341327149,0.9657058517138163,398,42,64
LMT,Industrial Goods,BiLSTM,classification,20,1,19,0.5112462302847723,1.346401646023705,398,42,64
LMT,Industrial Goods,BiLSTM,classification,20,1,20,0.5372881330736917,1.2454551571891421,398,42,64
MA,Financial,BiLSTM,classification,20,1,1,0.7005420060613048,0.6843814480872381,398,42,64
MA,Financial,BiLSTM,classification,20,1,2,0.6940605424756381,0.6750865919249398,398,42,64
MA,Financial,BiLSTM,classification,20,1,3,0.6958133320712564,0.6851844815980821,398,42,64
MA,Financial,BiLSTM,classification,20,1,4,0.6768896885253676,0.6934814453125,398,42,64
MA,Financial,BiLSTM,classification,20,1,5,0.6692282719228735,0.6717794083413624,398,42,64
MA,Financial,BiLSTM,classification,20,1,6,0.6658211461263686,0.7586710765248253,398,42,64
MA,Financial,BiLSTM,classification,20,1,7,0.6679577782525489,0.7816975514094034,398,42,64
MA,Financial,BiLSTM,classification,20,1,8,0.6600940362292917,0.867060070946103,398,42,64
MA,Financial,BiLSTM,classification,20,1,9,0.6552673731017952,0.9312007143383935,398,42,64
MA,Financial,BiLSTM,classification,20,1,10,0.6398362682093328,1.041913350423177,398,42,64
MA,Financial,BiLSTM,classification,20,1,11,0.6602133650276529,1.136124537104652,398,42,64
MA,Financial,BiLSTM,classification,20,1,12,0.6162336238065557,1.0213059414000738,398,42,64
MA,Financial,BiLSTM,classification,20,1,13,0.6248662289063535,0.9800575347173781,398,42,64
MA,Financial,BiLSTM,classification,20,1,14,0.6271177790871817,0.9587656486602056,398,42,64
MA,Financial,BiLSTM,classification,20,1,15,0.6214359225939267,0.7499414739154634,398,42,64
MA,Financial,BiLSTM,classification,20,1,16,0.594639935834923,0.9278907179832458,398,42,64
MA,Financial,BiLSTM,classification,20,1,17,0.562873785969001,1.100316496122451,398,42,64
MA,Financial,BiLSTM,classification,20,1,18,0.5620016830051364,0.8851557459150042,398,42,64
MA,Financial,BiLSTM,classification,20,1,19,0.5790355659309944,0.9258646567662557,398,42,64
MA,Financial,BiLSTM,classification,20,1,20,0.5472217772773762,1.1211620001565843,398,42,64
MCD,Services,BiLSTM,classification,20,1,1,0.7100273457603838,0.7012536043212527,398,42,64
MCD,Services,BiLSTM,classification,20,1,2,0.6831371466718127,0.7385886850811186,398,42,64
MCD,Services,BiLSTM,classification,20,1,3,0.6705988139363389,0.73586847952434,398,42,64
MCD,Services,BiLSTM,classification,20,1,4,0.6436755001245431,0.9927011955352056,398,42,64
MCD,Services,BiLSTM,classification,20,1,5,0.6507926280774063,0.7788785298665365,398,42,64
MCD,Services,BiLSTM,classification,20,1,6,0.630914708178247,0.9851894662493751,398,42,64
MCD,Services,BiLSTM,classification,20,1,7,0.6365827729354552,0.9697388722783044,398,42,64
MCD,Services,BiLSTM,classification,20,1,8,0.6257479508318494,1.0245454850650968,398,42,64
MCD,Services,BiLSTM,classification,20,1,9,0.6042828583837154,0.8741280748730614,398,42,64
MCD,Services,BiLSTM,classification,20,1,10,0.5812199600976915,1.1234325851712907,398,42,64
MCD,Services,BiLSTM,classification,20,1,11,0.5833859609898611,0.9698349975404286,398,42,64
MCD,Services,BiLSTM,classification,20,1,12,0.5379266109897862,1.3088727735337757,398,42,64
MCD,Services,BiLSTM,classification,20,1,13,0.553704219397588,1.1093985750561668,398,42,64
MCD,Services,BiLSTM,classification,20,1,14,0.5513277253014358,1.3498519375210716,398,42,64
MCD,Services,BiLSTM,classification,20,1,15,0.5250646723574729,1.322965831983657,398,42,64
MCD,Services,BiLSTM,classification,20,1,16,0.5245896489476439,1.4236312196368264,398,42,64
MCD,Services,BiLSTM,classification,20,1,17,0.5325386826716476,1.0258489620117914,398,42,64
MCD,Services,BiLSTM,classification,20,1,18,0.481454589858127,1.365572174390157,398,42,64
MCD,Services,BiLSTM,classification,20,1,19,0.4422822346040352,1.9120384284428187,398,42,64
MCD,Services,BiLSTM,classification,20,1,20,0.46272900296216035,2.2532698767525807,398,42,64
MDT,Healthcare,BiLSTM,classification,20,1,1,0.7066835341741092,0.7544924645196824,398,42,64
MDT,Healthcare,BiLSTM,classification,20,1,2,0.6792004719451444,0.8234793685731434,398,42,64
MDT,Healthcare,BiLSTM,classification,20,1,3,0.6815515624817892,1.365865911756243,398,42,64
MDT,Healthcare,BiLSTM,classification,20,1,4,0.6564346577354412,1.0764086303256808,398,42,64
MDT,Healthcare,BiLSTM,classification,20,1,5,0.6464590849588864,1.4787654763176328,398,42,64
MDT,Healthcare,BiLSTM,classification,20,1,6,0.6625394869090324,1.194336522193182,398,42,64
MDT,Healthcare,BiLSTM,classification,20,1,7,0.6422230505464065,1.4105606419699532,398,42,64
MDT,Healthcare,BiLSTM,classification,20,1,8,0.6285132717846627,1.850819190343221,398,42,64
MDT,Healthcare,BiLSTM,classification,20,1,9,0.6323997204627224,1.6571221578688848,398,42,64
MDT,Healthcare,BiLSTM,classification,20,1,10,0.6384137033218116,1.4982669807615734,398,42,64
MDT,Healthcare,BiLSTM,classification,20,1,11,0.598737702297805,1.882957140604655,398,42,64
MDT,Healthcare,BiLSTM,classification,20,1,12,0.6088305421211012,2.256610552469889,398,42,64
MDT,Healthcare,BiLSTM,classification,20,1,13,0.5803524240776522,2.7540057727268765,398,42,64
MDT,Healthcare,BiLSTM,classification,20,1,14,0.5812371169502412,2.4584083557128906,398,42,64
MDT,Healthcare,BiLSTM,classification,20,1,15,0.5781273892776451,2.893074807666597,398,42,64
MDT,Healthcare,BiLSTM,classification,20,1,16,0.5601621452887454,3.211907227834066,398,42,64
MDT,Healthcare,BiLSTM,classification,20,1,17,0.5986044201719102,2.449660619099935,398,42,64
MDT,Healthcare,BiLSTM,classification,20,1,18,0.5711133590894728,2.7879828271411715,398,42,64
MDT,Healthcare,BiLSTM,classification,20,1,19,0.5369740326200897,2.8500652540297735,398,42,64
MDT,Healthcare,BiLSTM,classification,20,1,20,0.5410141714254216,2.423719633193243,398,42,64
MMM,Industrial Goods,BiLSTM,classification,20,1,1,0.702976431678887,0.740595144884927,398,42,64
MMM,Industrial Goods,BiLSTM,classification,20,1,2,0.7223581647753117,0.7011316645713079,398,42,64
MMM,Industrial Goods,BiLSTM,classification,20,1,3,0.6836353166019498,0.6988695434161595,398,42,64
MMM,Industrial Goods,BiLSTM,classification,20,1,4,0.6955534851730768,0.6778489294506255,398,42,64
MMM,Industrial Goods,BiLSTM,classification,20,1,5,0.6940939764880655,0.6853583029338292,398,42,64
MMM,Industrial Goods,BiLSTM,classification,20,1,6,0.6655492357273197,0.6923300283295768,398,42,64
MMM,Industrial Goods,BiLSTM,classification,20,1,7,0.6716853266385332,0.7271929979324341,398,42,64
MMM,Industrial Goods,BiLSTM,classification,20,1,8,0.6696816551026388,0.8488118932360694,398,42,64
MMM,Industrial Goods,BiLSTM,classification,20,1,9,0.677609892646272,0.7043532076336089,398,42,64
MMM,Industrial Goods,BiLSTM,classification,20,1,10,0.680820304245206,0.7711359262466431,398,42,64
MMM,Industrial Goods,BiLSTM,classification,20,1,11,0.6584747939852614,0.7065218687057495,398,42,64
MMM,Industrial Goods,BiLSTM,classification,20,1,12,0.646306562064281,0.7173426009359813,398,42,64
MMM,Industrial Goods,BiLSTM,classification,20,1,13,0.659436189948614,0.7805512746175131,398,42,64
MMM,Industrial Goods,BiLSTM,classification,20,1,14,0.6420405330370419,0.858195043745495,398,42,64
MMM,Industrial Goods,BiLSTM,classification,20,1,15,0.634175203852917,0.8467813843772525,398,42,64
MMM,Industrial Goods,BiLSTM,classification,20,1,16,0.6131595678664931,0.848198257741474,398,42,64
MMM,Industrial Goods,BiLSTM,classification,20,1,17,0.6414504976727855,0.7805024981498718,398,42,64
MMM,Industrial Goods,BiLSTM,classification,20,1,18,0.6111091339408453,0.8425338580494836,398,42,64
MMM,Industrial Goods,BiLSTM,classification,20,1,19,0.5944538643611735,0.9703110910597301,398,42,64
MMM,Industrial Goods,BiLSTM,classification,20,1,20,0.6153467929542963,0.925798739705767,398,42,64
MO,Consumer Goods,BiLSTM,classification,20,1,1,0.7059069174018937,0.711214215982528,398,42,64
MO,Consumer Goods,BiLSTM,classification,20,1,2,0.687366640747492,0.7047047359602792,398,42,64
MO,Consumer Goods,BiLSTM,classification,20,1,3,0.683819405697099,0.6982502937316895,398,42,64
MO,Consumer Goods,BiLSTM,classification,20,1,4,0.6889201228942105,0.6864875469888959,398,42,64
MO,Consumer Goods,BiLSTM,classification,20,1,5,0.6755550012516616,0.7077970391228086,398,42,64
MO,Consumer Goods,BiLSTM,classification,20,1,6,0.6552042616671653,0.8077161454019093,398,42,64
MO,Consumer Goods,BiLSTM,classification,20,1,7,0.6591514989958337,0.7122537351789928,398,42,64
MO,Consumer Goods,BiLSTM,classification,20,1,8,0.643089327081364,0.7128705126898629,398,42,64
MO,Consumer Goods,BiLSTM,classification,20,1,9,0.6575694422626016,0.7894664889290219,398,42,64
MO,Consumer Goods,BiLSTM,classification,20,1,10,0.6455112162546895,0.7869816223780314,398,42,64
MO,Consumer Goods,BiLSTM,classification,20,1,11,0.6070369748613942,0.8622231568608966,398,42,64
MO,Consumer Goods,BiLSTM,classification,20,1,12,0.6400006173843116,0.72333881684712,398,42,64
MO,Consumer Goods,BiLSTM,classification,20,1,13,0.6125103262201625,0.7345749168168931,398,42,64
MO,Consumer Goods,BiLSTM,classification,20,1,14,0.6038023245394529,0.785038343497685,398,42,64
MO,Consumer Goods,BiLSTM,classification,20,1,15,0.5912347450927274,0.6941018303235372,398,42,64
MO,Consumer Goods,BiLSTM,classification,20,1,16,0.5804127643455812,0.7070905424299694,398,42,64
MO,Consumer Goods,BiLSTM,classification,20,1,17,0.5745796444428027,0.7705699801445007,398,42,64
MO,Consumer Goods,BiLSTM,classification,20,1,18,0.6104833962929309,0.8382376716250465,398,42,64
MO,Consumer Goods,BiLSTM,classification,20,1,19,0.6329593014477486,0.9320126715160552,398,42,64
MO,Consumer Goods,BiLSTM,classification,20,1,20,0.5969798451092974,0.7889332799684434,398,42,64
MRK,Healthcare,BiLSTM,classification,20,1,1,0.6933011286821796,0.9783308733077276,398,42,64
MRK,Healthcare,BiLSTM,classification,20,1,2,0.6780007439642096,1.026363838286627,398,42,64
MRK,Healthcare,BiLSTM,classification,20,1,3,0.6858220972008442,1.5577642917633057,398,42,64
MRK,Healthcare,BiLSTM,classification,20,1,4,0.6972601419717224,1.3900145121983118,398,42,64
MRK,Healthcare,BiLSTM,classification,20,1,5,0.6634394975762871,1.6936918780917214,398,42,64
MRK,Healthcare,BiLSTM,classification,20,1,6,0.6699822715778446,2.418656144823347,398,42,64
MRK,Healthcare,BiLSTM,classification,20,1,7,0.6562337530917258,2.394128504253569,398,42,64
MRK,Healthcare,BiLSTM,classification,20,1,8,0.640575908536288,2.5213134175255183,398,42,64
MRK,Healthcare,BiLSTM,classification,20,1,9,0.6376713304663423,2.0495730354672386,398,42,64
MRK,Healthcare,BiLSTM,classification,20,1,10,0.6126554075197957,2.82717380069551,398,42,64
MRK,Healthcare,BiLSTM,classification,20,1,11,0.6110150415693695,2.183614957900274,398,42,64
MRK,Healthcare,BiLSTM,classification,20,1,12,0.6053435478977223,3.167774041493734,398,42,64
MRK,Healthcare,BiLSTM,classification,20,1,13,0.6240170583054049,3.109294982183547,398,42,64
MRK,Healthcare,BiLSTM,classification,20,1,14,0.5846828463389047,2.379539353506906,398,42,64
MRK,Healthcare,BiLSTM,classification,20,1,15,0.5878255723708838,2.1524839174179804,398,42,64
MRK,Healthcare,BiLSTM,classification,20,1,16,0.557953336280794,2.319773378826323,398,42,64
MRK,Healthcare,BiLSTM,classification,20,1,17,0.5354418580855557,2.601651986440023,398,42,64
MRK,Healthcare,BiLSTM,classification,20,1,18,0.5115825557828548,2.9990590867542086,398,42,64
MRK,Healthcare,BiLSTM,classification,20,1,19,0.5649292963234025,2.518368584769113,398,42,64
MRK,Healthcare,BiLSTM,classification,20,1,20,0.5107606113256522,2.400701295761835,398,42,64
MSFT,Technology,BiLSTM,classification,20,1,1,0.693332723636723,0.8093105100450062,398,42,64
MSFT,Technology,BiLSTM,classification,20,1,2,0.6715781943282889,0.8974409671056838,398,42,64
MSFT,Technology,BiLSTM,classification,20,1,3,0.6594762493617571,1.0148537982077825,398,42,64
MSFT,Technology,BiLSTM,classification,20,1,4,0.6682052669213645,0.9216418606894357,398,42,64
MSFT,Technology,BiLSTM,classification,20,1,5,0.6488276213856797,0.9132785626820156,398,42,64
MSFT,Technology,BiLSTM,classification,20,1,6,0.6149601987258873,1.1031748538925534,398,42,64
MSFT,Technology,BiLSTM,classification,20,1,7,0.5922776543015811,0.870089210215069,398,42,64
MSFT,Technology,BiLSTM,classification,20,1,8,0.6116715708569666,0.6904633357411339,398,42,64
MSFT,Technology,BiLSTM,classification,20,1,9,0.5811613879012103,0.8791151841481527,398,42,64
MSFT,Technology,BiLSTM,classification,20,1,10,0.5359216652922894,1.4081368276051112,398,42,64
MSFT,Technology,BiLSTM,classification,20,1,11,0.5750003741614184,1.179906232016427,398,42,64
MSFT,Technology,BiLSTM,classification,20,1,12,0.5409785838582408,1.0166415997913905,398,42,64
MSFT,Technology,BiLSTM,classification,20,1,13,0.5387257439407271,1.1961876352628071,398,42,64
MSFT,Technology,BiLSTM,classification,20,1,14,0.5393553503494167,1.2502966239338829,398,42,64
MSFT,Technology,BiLSTM,classification,20,1,15,0.4814469755893976,1.4269807963144212,398,42,64
MSFT,Technology,BiLSTM,classification,20,1,16,0.5131281470533592,1.447329805010841,398,42,64
MSFT,Technology,BiLSTM,classification,20,1,17,0.47834003241217915,1.5543177411669777,398,42,64
MSFT,Technology,BiLSTM,classification,20,1,18,0.48987148185471197,1.3904504548935663,398,42,64
MSFT,Technology,BiLSTM,classification,20,1,19,0.46615777812411435,1.8317851452600389,398,42,64
MSFT,Technology,BiLSTM,classification,20,1,20,0.4612798034845285,1.85615493002392,398,42,64
NEE,Utilities,BiLSTM,classification,20,1,1,0.6876983972051036,0.6655850069863456,398,42,64
NEE,Utilities,BiLSTM,classification,20,1,2,0.6909523591324312,0.7336668542453221,398,42,64
NEE,Utilities,BiLSTM,classification,20,1,3,0.6691941040844175,0.8206359715688796,398,42,64
NEE,Utilities,BiLSTM,classification,20,1,4,0.6773668201125447,0.7303489929153806,398,42,64
NEE,Utilities,BiLSTM,classification,20,1,5,0.6518539998998594,0.7867778369358608,398,42,64
NEE,Utilities,BiLSTM,classification,20,1,6,0.6705019929301199,0.7230834563573202,398,42,64
NEE,Utilities,BiLSTM,classification,20,1,7,0.6478749944936091,0.8106259334655035,398,42,64
NEE,Utilities,BiLSTM,classification,20,1,8,0.6679752819502174,0.7758400837580363,398,42,64
NEE,Utilities,BiLSTM,classification,20,1,9,0.6461647051063615,0.9516629150935582,398,42,64
NEE,Utilities,BiLSTM,classification,20,1,10,0.6337147097491739,1.1245032265072776,398,42,64
NEE,Utilities,BiLSTM,classification,20,1,11,0.6183288810241162,1.1328644525437128,398,42,64
NEE,Utilities,BiLSTM,classification,20,1,12,0.6173460639301857,1.0249012878962926,398,42,64
NEE,Utilities,BiLSTM,classification,20,1,13,0.598647354535721,1.4030813716706776,398,42,64
NEE,Utilities,BiLSTM,classification,20,1,14,0.5869137587858804,1.5923084304446267,398,42,64
NEE,Utilities,BiLSTM,classification,20,1,15,0.5914717969582908,1.5144945439838229,398,42,64
NEE,Utilities,BiLSTM,classification,20,1,16,0.5677135583743378,1.4871426877521334,398,42,64
NEE,Utilities,BiLSTM,classification,20,1,17,0.5892345390128131,1.858383950733003,398,42,64
NEE,Utilities,BiLSTM,classification,20,1,18,0.5720771921040425,1.765517688932873,398,42,64
NEE,Utilities,BiLSTM,classification,20,1,19,0.5442170575635517,2.278489453451974,398,42,64
NEE,Utilities,BiLSTM,classification,20,1,20,0.5034152747099124,2.267502784729004,398,42,64
NGG,Utilities,BiLSTM,classification,20,1,1,0.7022134338192005,0.6947341589700609,398,42,64
NGG,Utilities,BiLSTM,classification,20,1,2,0.6765606565092077,0.7158381967317491,398,42,64
NGG,Utilities,BiLSTM,classification,20,1,3,0.6989941552056739,0.6872109032812572,398,42,64
NGG,Utilities,BiLSTM,classification,20,1,4,0.6673621487377877,0.7112034190268743,398,42,64
NGG,Utilities,BiLSTM,classification,20,1,5,0.6812114721566589,0.690735209555853,398,42,64
NGG,Utilities,BiLSTM,classification,20,1,6,0.6644318603990066,0.6897636822291783,398,42,64
NGG,Utilities,BiLSTM,classification,20,1,7,0.655853813018032,0.7059796253840128,398,42,64
NGG,Utilities,BiLSTM,classification,20,1,8,0.6460466959967686,0.7690099023637318,398,42,64
NGG,Utilities,BiLSTM,classification,20,1,9,0.6454522891260271,0.6882780165899367,398,42,64
NGG,Utilities,BiLSTM,classification,20,1,10,0.610154278913335,0.6119713868413653,398,42,64
NGG,Utilities,BiLSTM,classification,20,1,11,0.6016723876023412,0.6035561277752831,398,42,64
NGG,Utilities,BiLSTM,classification,20,1,12,0.6159037726009311,0.6265621213685899,398,42,64
NGG,Utilities,BiLSTM,classification,20,1,13,0.5892052042424379,0.6831495449656532,398,42,64
NGG,Utilities,BiLSTM,classification,20,1,14,0.5626105425046317,0.6807197275615874,398,42,64
NGG,Utilities,BiLSTM,classification,20,1,15,0.5507327764477562,0.6857682551656451,398,42,64
NGG,Utilities,BiLSTM,classification,20,1,16,0.5763640721239637,0.6786492921057201,398,42,64
NGG,Utilities,BiLSTM,classification,20,1,17,0.5444581661392097,0.7420084164256141,398,42,64
NGG,Utilities,BiLSTM,classification,20,1,18,0.5624214009423951,0.5933832923571268,398,42,64
NGG,Utilities,BiLSTM,classification,20,1,19,0.5771029326484431,0.5766229515983945,398,42,64
NGG,Utilities,BiLSTM,classification,20,1,20,0.5174104508443095,0.7536422610282898,398,42,64
NVS,Healthcare,BiLSTM,classification,20,1,1,0.7121373268228081,0.7869394336427961,398,42,64
NVS,Healthcare,BiLSTM,classification,20,1,2,0.6932544941878199,0.7047101599829537,398,42,64
NVS,Healthcare,BiLSTM,classification,20,1,3,0.6838084648002931,0.9085029079800561,398,42,64
NVS,Healthcare,BiLSTM,classification,20,1,4,0.689544019387595,0.8358252162025088,398,42,64
NVS,Healthcare,BiLSTM,classification,20,1,5,0.6682649964663252,0.7097138279960269,398,42,64
NVS,Healthcare,BiLSTM,classification,20,1,6,0.6786211818905931,0.7417758930297125,398,42,64
NVS,Healthcare,BiLSTM,classification,20,1,7,0.6654191849818781,1.1527784778958274,398,42,64
NVS,Healthcare,BiLSTM,classification,20,1,8,0.6523055290456993,0.9376260950451806,398,42,64
NVS,Healthcare,BiLSTM,classification,20,1,9,0.6387369479965325,1.718543257032122,398,42,64
NVS,Healthcare,BiLSTM,classification,20,1,10,0.6557513622183296,0.9622992220379057,398,42,64
NVS,Healthcare,BiLSTM,classification,20,1,11,0.6650409114420713,0.9353798230489095,398,42,64
NVS,Healthcare,BiLSTM,classification,20,1,12,0.6562567269382764,0.8411625907534644,398,42,64
NVS,Healthcare,BiLSTM,classification,20,1,13,0.6493110809493904,0.9751041673478626,398,42,64
NVS,Healthcare,BiLSTM,classification,20,1,14,0.6419039305730082,1.1079562845684232,398,42,64
NVS,Healthcare,BiLSTM,classification,20,1,15,0.6228535106433696,1.2765157449813116,398,42,64
NVS,Healthcare,BiLSTM,classification,20,1,16,0.624481147258126,1.49228606905256,398,42,64
NVS,Healthcare,BiLSTM,classification,20,1,17,0.6147124162271395,1.7138677778698148,398,42,64
NVS,Healthcare,BiLSTM,classification,20,1,18,0.6048830379193751,1.4947726385934013,398,42,64
NVS,Healthcare,BiLSTM,classification,20,1,19,0.6163819123752153,1.7441138312930153,398,42,64
NVS,Healthcare,BiLSTM,classification,20,1,20,0.593872664262302,1.6300804955618722,398,42,64
ORCL,Technology,BiLSTM,classification,20,1,1,0.7100380251755067,0.717982774689084,398,42,64
ORCL,Technology,BiLSTM,classification,20,1,2,0.7071783863120342,0.6958968128476825,398,42,64
ORCL,Technology,BiLSTM,classification,20,1,3,0.6812302610982004,0.7112742492130825,398,42,64
ORCL,Technology,BiLSTM,classification,20,1,4,0.6666689032885298,0.7389303190367562,398,42,64
ORCL,Technology,BiLSTM,classification,20,1,5,0.6675039266222086,0.9091758586111522,398,42,64
ORCL,Technology,BiLSTM,classification,20,1,6,0.6581314559557929,0.7203679567291623,398,42,64
ORCL,Technology,BiLSTM,classification,20,1,7,0.6368995254962289,0.8678501872789293,398,42,64
ORCL,Technology,BiLSTM,classification,20,1,8,0.627338209343915,1.0664434603282384,398,42,64
ORCL,Technology,BiLSTM,classification,20,1,9,0.6380880660747164,0.8104794593084426,398,42,64
ORCL,Technology,BiLSTM,classification,20,1,10,0.5967962043968278,0.7998908190500169,398,42,64
ORCL,Technology,BiLSTM,classification,20,1,11,0.6157238809906658,0.870575453553881,398,42,64
ORCL,Technology,BiLSTM,classification,20,1,12,0.5884977836704733,1.1044814643405734,398,42,64
ORCL,Technology,BiLSTM,classification,20,1,13,0.5621194384205881,1.2724347966057914,398,42,64
ORCL,Technology,BiLSTM,classification,20,1,14,0.5698505115868459,1.1135170005616688,398,42,64
ORCL,Technology,BiLSTM,classification,20,1,15,0.5149854634275388,1.6120482285817463,398,42,64
ORCL,Technology,BiLSTM,classification,20,1,16,0.5252351308587807,1.19802078746614,398,42,64
ORCL,Technology,BiLSTM,classification,20,1,17,0.5090042598283471,1.1709429706845964,398,42,64
ORCL,Technology,BiLSTM,classification,20,1,18,0.4883229456954266,1.1188166879472279,398,42,64
ORCL,Technology,BiLSTM,classification,20,1,19,0.49211247302779,1.373494029045105,398,42,64
ORCL,Technology,BiLSTM,classification,20,1,20,0.46111480285174883,1.3462713389169603,398,42,64
PCG,Utilities,BiLSTM,classification,20,1,1,0.6973956805377749,0.6433310366812206,398,42,64
PCG,Utilities,BiLSTM,classification,20,1,2,0.6937281276712466,0.6832723844619024,398,42,64
PCG,Utilities,BiLSTM,classification,20,1,3,0.6819866745915245,0.7108601956140428,398,42,64
PCG,Utilities,BiLSTM,classification,20,1,4,0.6774942826985115,0.7218679785728455,398,42,64
PCG,Utilities,BiLSTM,classification,20,1,5,0.6706648762501664,0.6713208925156366,398,42,64
PCG,Utilities,BiLSTM,classification,20,1,6,0.6632711743589622,0.7317137746583848,398,42,64
PCG,Utilities,BiLSTM,classification,20,1,7,0.661292166266609,0.8225737356004261,398,42,64
PCG,Utilities,BiLSTM,classification,20,1,8,0.6377079933132958,0.7690999933651516,398,42,64
PCG,Utilities,BiLSTM,classification,20,1,9,0.6447736851534053,0.7118358243079412,398,42,64
PCG,Utilities,BiLSTM,classification,20,1,10,0.6304393994748293,0.703473428885142,398,42,64
PCG,Utilities,BiLSTM,classification,20,1,11,0.6070474607860623,0.827312361626398,398,42,64
PCG,Utilities,BiLSTM,classification,20,1,12,0.6457977771159992,0.6811824299040294,398,42,64
PCG,Utilities,BiLSTM,classification,20,1,13,0.6300964619047079,0.7518109849521092,398,42,64
PCG,Utilities,BiLSTM,classification,20,1,14,0.6395023519070304,0.7508756206149146,398,42,64
PCG,Utilities,BiLSTM,classification,20,1,15,0.6197841140493077,0.9246413367135184,398,42,64
PCG,Utilities,BiLSTM,classification,20,1,16,0.6185358592014217,0.7426301155771527,398,42,64
PCG,Utilities,BiLSTM,classification,20,1,17,0.6096202906352192,0.8257063542093549,398,42,64
PCG,Utilities,BiLSTM,classification,20,1,18,0.6058437237188444,0.9254153910137358,398,42,64
PCG,Utilities,BiLSTM,classification,20,1,19,0.5738713807197072,0.8248671463557652,398,42,64
PCG,Utilities,BiLSTM,classification,20,1,20,0.5969814234343006,0.7482441124461946,398,42,64
PCLN,Services,BiLSTM,classification,20,1,1,0.7105928168224929,0.6743809722718739,398,42,64
PCLN,Services,BiLSTM,classification,20,1,2,0.6879836377786033,0.6809617224193755,398,42,64
PCLN,Services,BiLSTM,classification,20,1,3,0.682044845729617,0.7825771087691897,398,42,64
PCLN,Services,BiLSTM,classification,20,1,4,0.6816383195881868,0.7566048900286356,398,42,64
PCLN,Services,BiLSTM,classification,20,1,5,0.6793797513348373,0.7328046815735954,398,42,64
PCLN,Services,BiLSTM,classification,20,1,6,0.651083086603251,0.9146101105780828,398,42,64
PCLN,Services,BiLSTM,classification,20,1,7,0.6764811888412016,0.9349769013268607,398,42,64
PCLN,Services,BiLSTM,classification,20,1,8,0.6501908799511703,1.1048300095966883,398,42,64
PCLN,Services,BiLSTM,classification,20,1,9,0.6395421031132416,1.0369358091127305,398,42,64
PCLN,Services,BiLSTM,classification,20,1,10,0.6491052936668971,1.0159628220966883,398,42,64
PCLN,Services,BiLSTM,classification,20,1,11,0.616438484371607,1.0036859058198475,398,42,64
PCLN,Services,BiLSTM,classification,20,1,12,0.6252916062896575,1.1068667684282576,398,42,64
PCLN,Services,BiLSTM,classification,20,1,13,0.6263419779101808,0.8477698479379926,398,42,64
PCLN,Services,BiLSTM,classification,20,1,14,0.6008510904096479,0.9613999185108003,398,42,64
PCLN,Services,BiLSTM,classification,20,1,15,0.6157716818191298,0.9053714587574914,398,42,64
PCLN,Services,BiLSTM,classification,20,1,16,0.6088540046358827,0.9266651783670697,398,42,64
PCLN,Services,BiLSTM,classification,20,1,17,0.5808386643927301,1.2184194014185952,398,42,64
PCLN,Services,BiLSTM,classification,20,1,18,0.5730911858716802,1.3330178828466506,398,42,64
PCLN,Services,BiLSTM,classification,20,1,19,0.567348874394019,1.2728547311964489,398,42,64
PCLN,Services,BiLSTM,classification,20,1,20,0.5568189918994904,1.3340292856806801,398,42,64
PEP,Consumer Goods,BiLSTM,classification,20,1,1,0.6989565599503829,0.6845566800662449,398,42,64
PEP,Consumer Goods,BiLSTM,classification,20,1,2,0.6708990503196142,0.9272884698141188,398,42,64
PEP,Consumer Goods,BiLSTM,classification,20,1,3,0.6862824050026324,0.9770211889630273,398,42,64
PEP,Consumer Goods,BiLSTM,classification,20,1,4,0.6580259398599366,0.7789360483487447,398,42,64
PEP,Consumer Goods,BiLSTM,classification,20,1,5,0.648752484189805,0.8813897711890084,398,42,64
PEP,Consumer Goods,BiLSTM,classification,20,1,6,0.6640868600289426,1.065376253355117,398,42,64
PEP,Consumer Goods,BiLSTM,classification,20,1,7,0.6384002320730506,0.8637599490937733,398,42,64
PEP,Consumer Goods,BiLSTM,classification,20,1,8,0.6322235674714324,1.3022633620670863,398,42,64
PEP,Consumer Goods,BiLSTM,classification,20,1,9,0.5921726661111841,1.35688959416889,398,42,64
PEP,Consumer Goods,BiLSTM,classification,20,1,10,0.6106023797437773,0.9960158382143293,398,42,64
PEP,Consumer Goods,BiLSTM,classification,20,1,11,0.5812079205584886,1.045349853379386,398,42,64
PEP,Consumer Goods,BiLSTM,classification,20,1,12,0.6015275680839117,0.9540966181528001,398,42,64
PEP,Consumer Goods,BiLSTM,classification,20,1,13,0.5908282186517764,1.0874954007920765,398,42,64
PEP,Consumer Goods,BiLSTM,classification,20,1,14,0.5907466911790359,1.4479069653011503,398,42,64
PEP,Consumer Goods,BiLSTM,classification,20,1,15,0.5581215026989654,1.3627739463533675,398,42,64
PEP,Consumer Goods,BiLSTM,classification,20,1,16,0.5618827166269772,1.7356398559751964,398,42,64
PEP,Consumer Goods,BiLSTM,classification,20,1,17,0.5471392525500388,1.7361363513129098,398,42,64
PEP,Consumer Goods,BiLSTM,classification,20,1,18,0.5601268807547776,1.5326399746395292,398,42,64
PEP,Consumer Goods,BiLSTM,classification,20,1,19,0.5808994290816724,1.6621849763961065,398,42,64
PEP,Consumer Goods,BiLSTM,classification,20,1,20,0.5531692835853328,1.6441638129098075,398,42,64
PFE,Healthcare,BiLSTM,classification,20,1,1,0.6833620736347371,0.7485213762237912,398,42,64
PFE,Healthcare,BiLSTM,classification,20,1,2,0.6753590918665555,0.7280492612293789,398,42,64
PFE,Healthcare,BiLSTM,classification,20,1,3,0.676629374973738,0.7769508305050078,398,42,64
PFE,Healthcare,BiLSTM,classification,20,1,4,0.677184624887591,0.7281834823744637,398,42,64
PFE,Healthcare,BiLSTM,classification,20,1,5,0.6636713458665052,0.9445058788572039,398,42,64
PFE,Healthcare,BiLSTM,classification,20,1,6,0.6184332604384303,0.9355004259518215,398,42,64
PFE,Healthcare,BiLSTM,classification,20,1,7,0.6484994651684209,0.9074167609214783,398,42,64
PFE,Healthcare,BiLSTM,classification,20,1,8,0.6229871083144567,1.1238469850449335,398,42,64
PFE,Healthcare,BiLSTM,classification,20,1,9,0.6056676036748455,1.020287485349746,398,42,64
PFE,Healthcare,BiLSTM,classification,20,1,10,0.6088052161374883,1.143992929231553,398,42,64
PFE,Healthcare,BiLSTM,classification,20,1,11,0.5967345240727142,1.0481232858839489,398,42,64
PFE,Healthcare,BiLSTM,classification,20,1,12,0.5782926370151079,1.2389285167058308,398,42,64
PFE,Healthcare,BiLSTM,classification,20,1,13,0.5775722762448104,1.168738597915286,398,42,64
PFE,Healthcare,BiLSTM,classification,20,1,14,0.5946858013095568,0.9629167431876773,398,42,64
PFE,Healthcare,BiLSTM,classification,20,1,15,0.5630086139218891,1.3371670075825282,398,42,64
PFE,Healthcare,BiLSTM,classification,20,1,16,0.5474690396582061,1.4986437388828822,398,42,64
PFE,Healthcare,BiLSTM,classification,20,1,17,0.5371367362276394,1.5268592266809373,398,42,64
PFE,Healthcare,BiLSTM,classification,20,1,18,0.5596254876810103,1.6145182564145042,398,42,64
PFE,Healthcare,BiLSTM,classification,20,1,19,0.5111097789289963,2.3112844739641463,398,42,64
PFE,Healthcare,BiLSTM,classification,20,1,20,0.45250339813567886,1.4781481765565418,398,42,64
PG,Consumer Goods,BiLSTM,classification,20,1,1,0.7020604841074153,0.8017696936925253,398,42,64
PG,Consumer Goods,BiLSTM,classification,20,1,2,0.7071257652948849,0.7152830419086275,398,42,64
PG,Consumer Goods,BiLSTM,classification,20,1,3,0.6770510227236916,0.7204609456516448,398,42,64
PG,Consumer Goods,BiLSTM,classification,20,1,4,0.6809686934528638,0.893850877171471,398,42,64
PG,Consumer Goods,BiLSTM,classification,20,1,5,0.6897460755391337,0.8127294778823853,398,42,64
PG,Consumer Goods,BiLSTM,classification,20,1,6,0.6812438084252516,0.929454695610773,398,42,64
PG,Consumer Goods,BiLSTM,classification,20,1,7,0.661829931053085,0.9008560010365078,398,42,64
PG,Consumer Goods,BiLSTM,classification,20,1,8,0.6622011329061422,1.4484475396928334,398,42,64
PG,Consumer Goods,BiLSTM,classification,20,1,9,0.6621099866215309,1.1839426188241868,398,42,64
PG,Consumer Goods,BiLSTM,classification,20,1,10,0.6652130146122458,1.3386079867680867,398,42,64
PG,Consumer Goods,BiLSTM,classification,20,1,11,0.6284786049445071,1.3924535002027238,398,42,64
PG,Consumer Goods,BiLSTM,classification,20,1,12,0.5917830949452654,1.6645897910708474,398,42,64
PG,Consumer Goods,BiLSTM,classification,20,1,13,0.5744183127904058,1.617183418500991,398,42,64
PG,Consumer Goods,BiLSTM,classification,20,1,14,0.5890277426446503,1.798002424694243,398,42,64
PG,Consumer Goods,BiLSTM,classification,20,1,15,0.5890763390004335,1.6811265661602928,398,42,64
PG,Consumer Goods,BiLSTM,classification,20,1,16,0.5587884169727114,2.2603628748939153,398,42,64
PG,Consumer Goods,BiLSTM,classification,20,1,17,0.5424837342758274,2.5799159435998824,398,42,64
PG,Consumer Goods,BiLSTM,classification,20,1,18,0.5463013753819106,2.483792986188616,398,42,64
PG,Consumer Goods,BiLSTM,classification,20,1,19,0.5369505705545895,2.243513379778181,398,42,64
PG,Consumer Goods,BiLSTM,classification,20,1,20,0.5312677639812681,2.3349568049112954,398,42,64
PICO,Conglomerates,BiLSTM,classification,20,1,1,0.7044912100437298,0.6764131018093654,398,42,64
PICO,Conglomerates,BiLSTM,classification,20,1,2,0.6909969862382016,0.6974049437613714,398,42,64
PICO,Conglomerates,BiLSTM,classification,20,1,3,0.6550996249644601,0.7359999531791324,398,42,64
PICO,Conglomerates,BiLSTM,classification,20,1,4,0.7119530753873701,0.7001278258505321,398,42,64
PICO,Conglomerates,BiLSTM,classification,20,1,5,0.6802543102197312,0.7049547859600612,398,42,64
PICO,Conglomerates,BiLSTM,classification,20,1,6,0.655070929072011,0.7208632230758667,398,42,64
PICO,Conglomerates,BiLSTM,classification,20,1,7,0.6449088690867976,0.7213533974829174,398,42,64
PICO,Conglomerates,BiLSTM,classification,20,1,8,0.6463736700053191,0.6853713478360858,398,42,64
PICO,Conglomerates,BiLSTM,classification,20,1,9,0.6433738473072723,0.6887768336704799,398,42,64
PICO,Conglomerates,BiLSTM,classification,20,1,10,0.6419831307689149,0.7203916453179859,398,42,64
PICO,Conglomerates,BiLSTM,classification,20,1,11,0.6284103854816763,0.6912141527448382,398,42,64
PICO,Conglomerates,BiLSTM,classification,20,1,12,0.6259186189977368,0.7303428195771717,398,42,64
PICO,Conglomerates,BiLSTM,classification,20,1,13,0.6330295408790435,0.7759237715176174,398,42,64
PICO,Conglomerates,BiLSTM,classification,20,1,14,0.6029375614832394,0.7694536021777562,398,42,64
PICO,Conglomerates,BiLSTM,classification,20,1,15,0.6072680165420226,0.8203001930600121,398,42,64
PICO,Conglomerates,BiLSTM,classification,20,1,16,0.6032086392143863,0.7344204215776353,398,42,64
PICO,Conglomerates,BiLSTM,classification,20,1,17,0.5732482246418095,0.7129431764284769,398,42,64
PICO,Conglomerates,BiLSTM,classification,20,1,18,0.5813817909015483,0.6835409459613618,398,42,64
PICO,Conglomerates,BiLSTM,classification,20,1,19,0.5424752585851966,0.6782191622824896,398,42,64
PICO,Conglomerates,BiLSTM,classification,20,1,20,0.5530861112939652,0.8214945736385527,398,42,64
PM,Consumer Goods,BiLSTM,classification,20,1,1,0.7090812684902593,0.7608031715665545,398,42,64
PM,Consumer Goods,BiLSTM,classification,20,1,2,0.6851754038777184,0.9036977489789327,398,42,64
PM,Consumer Goods,BiLSTM,classification,20,1,3,0.660480668496846,1.3119242191314697,398,42,64
PM,Consumer Goods,BiLSTM,classification,20,1,4,0.655906951906693,1.3913414478302002,398,42,64
PM,Consumer Goods,BiLSTM,classification,20,1,5,0.6617611634671389,1.2002151409784954,398,42,64
PM,Consumer Goods,BiLSTM,classification,20,1,6,0.6578614151657526,0.987906779561724,398,42,64
PM,Consumer Goods,BiLSTM,classification,20,1,7,0.6132550491160483,1.653627838407244,398,42,64
PM,Consumer Goods,BiLSTM,classification,20,1,8,0.6275593943931349,1.8840965770539784,398,42,64
PM,Consumer Goods,BiLSTM,classification,20,1,9,0.6195123773723391,1.9968710172744024,398,42,64
PM,Consumer Goods,BiLSTM,classification,20,1,10,0.599188934918025,2.4660914057777044,398,42,64
PM,Consumer Goods,BiLSTM,classification,20,1,11,0.5882871201889,2.315872896285284,398,42,64
PM,Consumer Goods,BiLSTM,classification,20,1,12,0.5646786334826119,2.867123354048956,398,42,64
PM,Consumer Goods,BiLSTM,classification,20,1,13,0.5891622390279818,2.2844623724619546,398,42,64
PM,Consumer Goods,BiLSTM,classification,20,1,14,0.5742866181248996,1.8070604687645322,398,42,64
PM,Consumer Goods,BiLSTM,classification,20,1,15,0.5456329681465973,2.327601330620902,398,42,64
PM,Consumer Goods,BiLSTM,classification,20,1,16,0.5465921328295416,1.8413817769005185,398,42,64
PM,Consumer Goods,BiLSTM,classification,20,1,17,0.530506763026942,2.580445130666097,398,42,64
PM,Consumer Goods,BiLSTM,classification,20,1,18,0.5148820875577591,2.493868271509806,398,42,64
PM,Consumer Goods,BiLSTM,classification,20,1,19,0.5542828467623073,3.404943125588553,398,42,64
PM,Consumer Goods,BiLSTM,classification,20,1,20,0.4802313280015735,2.9909133229936873,398,42,64
PPL,Utilities,BiLSTM,classification,20,1,1,0.7092789049124598,0.6046385339328221,398,42,64
PPL,Utilities,BiLSTM,classification,20,1,2,0.6991651441583682,0.737636421407972,398,42,64
PPL,Utilities,BiLSTM,classification,20,1,3,0.6714000989444292,0.6618372201919556,398,42,64
PPL,Utilities,BiLSTM,classification,20,1,4,0.6823783175430106,0.6218987504641215,398,42,64
PPL,Utilities,BiLSTM,classification,20,1,5,0.671322280438102,0.7404729354949224,398,42,64
PPL,Utilities,BiLSTM,classification,20,1,6,0.6825265833480874,0.6564794040861583,398,42,64
PPL,Utilities,BiLSTM,classification,20,1,7,0.6737043537087177,0.6170616405350822,398,42,64
PPL,Utilities,BiLSTM,classification,20,1,8,0.6468178665817682,0.6066581720397586,398,42,64
PPL,Utilities,BiLSTM,classification,20,1,9,0.6356071701001882,0.7159370269094195,398,42,64
PPL,Utilities,BiLSTM,classification,20,1,10,0.6288039878984193,0.5846481976054964,398,42,64
PPL,Utilities,BiLSTM,classification,20,1,11,0.5963328915025721,0.625180321080344,398,42,64
PPL,Utilities,BiLSTM,classification,20,1,12,0.6074058760949714,0.6132299871671767,398,42,64
PPL,Utilities,BiLSTM,classification,20,1,13,0.601053194484519,0.7506225818679446,398,42,64
PPL,Utilities,BiLSTM,classification,20,1,14,0.5396210871749187,0.6950013722692218,398,42,64
PPL,Utilities,BiLSTM,classification,20,1,15,0.5417007073086111,0.8979369203249613,398,42,64
PPL,Utilities,BiLSTM,classification,20,1,16,0.534250445701369,0.884986556711651,398,42,64
PPL,Utilities,BiLSTM,classification,20,1,17,0.5030630767045907,0.9105807202202933,398,42,64
PPL,Utilities,BiLSTM,classification,20,1,18,0.5089948333088478,0.7535141309102377,398,42,64
PPL,Utilities,BiLSTM,classification,20,1,19,0.4978444287225829,0.9886220352990287,398,42,64
PPL,Utilities,BiLSTM,classification,20,1,20,0.44338511297451194,1.5012697719392323,398,42,64
PTR,Basic Matierials,BiLSTM,classification,20,1,1,0.7006673270733512,0.7108114304996672,398,42,64
PTR,Basic Matierials,BiLSTM,classification,20,1,2,0.6973938417794118,0.7754392680667695,398,42,64
PTR,Basic Matierials,BiLSTM,classification,20,1,3,0.6858818135668884,0.7438581415585109,398,42,64
PTR,Basic Matierials,BiLSTM,classification,20,1,4,0.6698876852965235,0.8511358641442799,398,42,64
PTR,Basic Matierials,BiLSTM,classification,20,1,5,0.6998792386534226,0.797421225479671,398,42,64
PTR,Basic Matierials,BiLSTM,classification,20,1,6,0.6545140958910611,0.7990157632600694,398,42,64
PTR,Basic Matierials,BiLSTM,classification,20,1,7,0.6614525785398244,0.8225103815396627,398,42,64
PTR,Basic Matierials,BiLSTM,classification,20,1,8,0.6493224426729596,0.7783439925738743,398,42,64
PTR,Basic Matierials,BiLSTM,classification,20,1,9,0.6470065173791282,1.0070027283259801,398,42,64
PTR,Basic Matierials,BiLSTM,classification,20,1,10,0.6565596691927119,0.9551414847373962,398,42,64
PTR,Basic Matierials,BiLSTM,classification,20,1,11,0.6199955865366376,0.9327293975012643,398,42,64
PTR,Basic Matierials,BiLSTM,classification,20,1,12,0.6385420587793667,0.972972864196414,398,42,64
PTR,Basic Matierials,BiLSTM,classification,20,1,13,0.6171615866560433,0.9305090109507242,398,42,64
PTR,Basic Matierials,BiLSTM,classification,20,1,14,0.5844006262831951,1.0437512340999784,398,42,64
PTR,Basic Matierials,BiLSTM,classification,20,1,15,0.588258831944298,0.7990184256008693,398,42,64
PTR,Basic Matierials,BiLSTM,classification,20,1,16,0.6360097284892097,0.8786764797710237,398,42,64
PTR,Basic Matierials,BiLSTM,classification,20,1,17,0.5816407793730347,0.9342177311579386,398,42,64
PTR,Basic Matierials,BiLSTM,classification,20,1,18,0.5809774690836518,0.8386481461070833,398,42,64
PTR,Basic Matierials,BiLSTM,classification,20,1,19,0.5426410547452956,0.8245494337308974,398,42,64
PTR,Basic Matierials,BiLSTM,classification,20,1,20,0.5612614020031301,0.8913456854366121,398,42,64
RDS-B,Basic Matierials,BiLSTM,classification,20,1,1,0.691978311418888,0.6601131728717259,398,42,64
RDS-B,Basic Matierials,BiLSTM,classification,20,1,2,0.6909184884186366,0.7534566010747638,398,42,64
RDS-B,Basic Matierials,BiLSTM,classification,20,1,3,0.6871354954326572,0.7556161085764567,398,42,64
RDS-B,Basic Matierials,BiLSTM,classification,20,1,4,0.6775937829185371,0.7250321819668725,398,42,64
RDS-B,Basic Matierials,BiLSTM,classification,20,1,5,0.6736892845163394,0.7510476481346857,398,42,64
RDS-B,Basic Matierials,BiLSTM,classification,20,1,6,0.659531359696508,0.814490883123307,398,42,64
RDS-B,Basic Matierials,BiLSTM,classification,20,1,7,0.680519599111835,0.7388081834429786,398,42,64
RDS-B,Basic Matierials,BiLSTM,classification,20,1,8,0.6558256044459703,0.744989051705315,398,42,64
RDS-B,Basic Matierials,BiLSTM,classification,20,1,9,0.6355479284746564,0.7412843335242498,398,42,64
RDS-B,Basic Matierials,BiLSTM,classification,20,1,10,0.6363042362371282,0.748153493517921,398,42,64
RDS-B,Basic Matierials,BiLSTM,classification,20,1,11,0.6542949197280347,0.7933694124221802,398,42,64
RDS-B,Basic Matierials,BiLSTM,classification,20,1,12,0.6203860736372483,0.7702479901767912,398,42,64
RDS-B,Basic Matierials,BiLSTM,classification,20,1,13,0.6359088549661875,0.7335301353817895,398,42,64
RDS-B,Basic Matierials,BiLSTM,classification,20,1,14,0.6410919559660868,0.8445984494118464,398,42,64
RDS-B,Basic Matierials,BiLSTM,classification,20,1,15,0.6108865150854216,0.8880091593379066,398,42,64
RDS-B,Basic Matierials,BiLSTM,classification,20,1,16,0.5942465237636662,1.0492713820366633,398,42,64
RDS-B,Basic Matierials,BiLSTM,classification,20,1,17,0.6087929354840188,1.0457487191472734,398,42,64
RDS-B,Basic Matierials,BiLSTM,classification,20,1,18,0.6120749151886408,0.8362654419172377,398,42,64
RDS-B,Basic Matierials,BiLSTM,classification,20,1,19,0.5711524258905919,1.0207229341779436,398,42,64
RDS-B,Basic Matierials,BiLSTM,classification,20,1,20,0.5783209276558766,0.9850467046101888,398,42,64
REX,Conglomerates,BiLSTM,classification,20,1,1,0.7149928844154779,0.7570122849373591,398,42,64
REX,Conglomerates,BiLSTM,classification,20,1,2,0.6842037942541305,0.8178593317667643,398,42,64
REX,Conglomerates,BiLSTM,classification,20,1,3,0.6801048948537165,0.9656536437216259,398,42,64
REX,Conglomerates,BiLSTM,classification,20,1,4,0.6864223647956273,0.7840796936125982,398,42,64
REX,Conglomerates,BiLSTM,classification,20,1,5,0.6872438935179207,0.9287587659699577,398,42,64
REX,Conglomerates,BiLSTM,classification,20,1,6,0.6642942009259708,0.8026497761408488,398,42,64
REX,Conglomerates,BiLSTM,classification,20,1,7,0.6800994555554797,0.7381366065570286,398,42,64
REX,Conglomerates,BiLSTM,classification,20,1,8,0.6536565638666776,0.8089798263141087,398,42,64
REX,Conglomerates,BiLSTM,classification,20,1,9,0.668349236699205,0.7417107706978208,398,42,64
REX,Conglomerates,BiLSTM,classification,20,1,10,0.6535379452321997,0.7913748877389091,398,42,64
REX,Conglomerates,BiLSTM,classification,20,1,11,0.6457891943466724,0.8711663938703991,398,42,64
REX,Conglomerates,BiLSTM,classification,20,1,12,0.6417165021201474,0.7728421886761984,398,42,64
REX,Conglomerates,BiLSTM,classification,20,1,13,0.6411138569290314,0.7427597925776527,398,42,64
REX,Conglomerates,BiLSTM,classification,20,1,14,0.6521392782129835,0.7969448481287275,398,42,64
REX,Conglomerates,BiLSTM,classification,20,1,15,0.6398637947724692,0.7655879230726332,398,42,64
REX,Conglomerates,BiLSTM,classification,20,1,16,0.6356307780323316,0.7088843101546878,398,42,64
REX,Conglomerates,BiLSTM,classification,20,1,17,0.6303886271002305,0.7336601813634237,398,42,64
REX,Conglomerates,BiLSTM,classification,20,1,18,0.6098621571483325,0.7524800839878264,398,42,64
REX,Conglomerates,BiLSTM,classification,20,1,19,0.5751745769725972,0.716683532510485,398,42,64
REX,Conglomerates,BiLSTM,classification,20,1,20,0.5906501696936449,0.7256304905528114,398,42,64
SLB,Basic Matierials,BiLSTM,classification,20,1,1,0.7123394500670122,0.6917062486921038,398,42,64
SLB,Basic Matierials,BiLSTM,classification,20,1,2,0.6941540178342082,0.7792545273190453,398,42,64
SLB,Basic Matierials,BiLSTM,classification,20,1,3,0.6711063894195173,0.8729837934176127,398,42,64
SLB,Basic Matierials,BiLSTM,classification,20,1,4,0.7039766039081554,0.8108673379534767,398,42,64
SLB,Basic Matierials,BiLSTM,classification,20,1,5,0.6782587562973176,0.7871223716508775,398,42,64
SLB,Basic Matierials,BiLSTM,classification,20,1,6,0.6745105182106171,0.9187859211649213,398,42,64
SLB,Basic Matierials,BiLSTM,classification,20,1,7,0.6753947836669845,0.8921819272495451,398,42,64
SLB,Basic Matierials,BiLSTM,classification,20,1,8,0.6627176796371613,0.8932763338088989,398,42,64
SLB,Basic Matierials,BiLSTM,classification,20,1,9,0.6596237268280144,0.6696097538584754,398,42,64
SLB,Basic Matierials,BiLSTM,classification,20,1,10,0.6723439771326343,0.6685908209709894,398,42,64
SLB,Basic Matierials,BiLSTM,classification,20,1,11,0.6573575103103216,0.7148820303735279,398,42,64
SLB,Basic Matierials,BiLSTM,classification,20,1,12,0.6386338352558002,0.722250277087802,398,42,64
SLB,Basic Matierials,BiLSTM,classification,20,1,13,0.6532970187652051,0.716750389053708,398,42,64
SLB,Basic Matierials,BiLSTM,classification,20,1,14,0.6298953974666308,0.7979153650147575,398,42,64
SLB,Basic Matierials,BiLSTM,classification,20,1,15,0.610906136694865,0.8118890410377866,398,42,64
SLB,Basic Matierials,BiLSTM,classification,20,1,16,0.6375426763865217,0.8368195635931832,398,42,64
SLB,Basic Matierials,BiLSTM,classification,20,1,17,0.5885592708036528,1.0090320223853702,398,42,64
SLB,Basic Matierials,BiLSTM,classification,20,1,18,0.6204361475292762,1.133994874500093,398,42,64
SLB,Basic Matierials,BiLSTM,classification,20,1,19,0.6084694422070106,1.331705547514416,398,42,64
SLB,Basic Matierials,BiLSTM,classification,20,1,20,0.6135678872391207,0.7748237990197682,398,42,64
SNP,Basic Matierials,BiLSTM,classification,20,1,1,0.7009024703921984,0.6850798499016535,398,42,64
SNP,Basic Matierials,BiLSTM,classification,20,1,2,0.674586362275646,0.6985548025085813,398,42,64
SNP,Basic Matierials,BiLSTM,classification,20,1,3,0.6737918853759766,0.7269709223792666,398,42,64
SNP,Basic Matierials,BiLSTM,classification,20,1,4,0.6762978934762466,0.7383424724851336,398,42,64
SNP,Basic Matierials,BiLSTM,classification,20,1,5,0.6567348457461026,0.6766165182704017,398,42,64
SNP,Basic Matierials,BiLSTM,classification,20,1,6,0.6517018891459134,0.784280708857945,398,42,64
SNP,Basic Matierials,BiLSTM,classification,20,1,7,0.6564163517712349,0.7278617989449274,398,42,64
SNP,Basic Matierials,BiLSTM,classification,20,1,8,0.6311681456302278,0.7085434397061666,398,42,64
SNP,Basic Matierials,BiLSTM,classification,20,1,9,0.6209457786238972,0.6743837594985962,398,42,64
SNP,Basic Matierials,BiLSTM,classification,20,1,10,0.6326221736831281,0.7470701393626985,398,42,64
SNP,Basic Matierials,BiLSTM,classification,20,1,11,0.6315722543390552,0.7136972943941752,398,42,64
SNP,Basic Matierials,BiLSTM,classification,20,1,12,0.628825965239175,0.69046417872111,398,42,64
SNP,Basic Matierials,BiLSTM,classification,20,1,13,0.6070070937650287,0.8194863285337176,398,42,64
SNP,Basic Matierials,BiLSTM,classification,20,1,14,0.6342228261669677,0.7049694118045625,398,42,64
SNP,Basic Matierials,BiLSTM,classification,20,1,15,0.6356424665331242,0.6758227319944472,398,42,64
SNP,Basic Matierials,BiLSTM,classification,20,1,16,0.5828363805560012,0.6903626776876903,398,42,64
SNP,Basic Matierials,BiLSTM,classification,20,1,17,0.5916149002223757,0.761454062802451,398,42,64
SNP,Basic Matierials,BiLSTM,classification,20,1,18,0.6068163714816223,0.7255144431477502,398,42,64
SNP,Basic Matierials,BiLSTM,classification,20,1,19,0.6141851897814765,0.6689588200478327,398,42,64
SNP,Basic Matierials,BiLSTM,classification,20,1,20,0.5774289726012916,0.6664270418030875,398,42,64
SNY,Healthcare,BiLSTM,classification,20,1,1,0.7101807121056408,0.7028181070373172,398,42,64
SNY,Healthcare,BiLSTM,classification,20,1,2,0.677257201479907,0.7189603533063617,398,42,64
SNY,Healthcare,BiLSTM,classification,20,1,3,0.678373187331099,0.6875664535022917,398,42,64
SNY,Healthcare,BiLSTM,classification,20,1,4,0.666144388105402,0.7003116465750194,398,42,64
SNY,Healthcare,BiLSTM,classification,20,1,5,0.6425334865124381,0.7103173079944792,398,42,64
SNY,Healthcare,BiLSTM,classification,20,1,6,0.6491560504664129,0.7371655049778166,398,42,64
SNY,Healthcare,BiLSTM,classification,20,1,7,0.6681229280467009,0.6982981846446082,398,42,64
SNY,Healthcare,BiLSTM,classification,20,1,8,0.648783155122594,0.7350250340643383,398,42,64
SNY,Healthcare,BiLSTM,classification,20,1,9,0.6539465764060093,0.7157916199593317,398,42,64
SNY,Healthcare,BiLSTM,classification,20,1,10,0.6321960424059,0.9117415150006613,398,42,64
SNY,Healthcare,BiLSTM,classification,20,1,11,0.6152295567582001,0.8278169717107501,398,42,64
SNY,Healthcare,BiLSTM,classification,20,1,12,0.6075405089100402,0.9003902616954985,398,42,64
SNY,Healthcare,BiLSTM,classification,20,1,13,0.610634433114948,0.7263723838896978,398,42,64
SNY,Healthcare,BiLSTM,classification,20,1,14,0.6054295421245709,0.7034517015729632,398,42,64
SNY,Healthcare,BiLSTM,classification,20,1,15,0.5547740603212136,0.766773039386386,398,42,64
SNY,Healthcare,BiLSTM,classification,20,1,16,0.5862754706162304,0.7620756768044972,398,42,64
SNY,Healthcare,BiLSTM,classification,20,1,17,0.5716690879371298,0.9628162696248009,398,42,64
SNY,Healthcare,BiLSTM,classification,20,1,18,0.5751362887758705,0.8524323730241685,398,42,64
SNY,Healthcare,BiLSTM,classification,20,1,19,0.5428778678927589,0.848887406644367,398,42,64
SNY,Healthcare,BiLSTM,classification,20,1,20,0.5506431445404513,1.1154897950944447,398,42,64
SO,Utilities,BiLSTM,classification,20,1,1,0.7047051332104746,0.7650200156938463,398,42,64
SO,Utilities,BiLSTM,classification,20,1,2,0.6937532484830924,0.75348942336582,398,42,64
SO,Utilities,BiLSTM,classification,20,1,3,0.6848503054685928,0.9314662870906648,398,42,64
SO,Utilities,BiLSTM,classification,20,1,4,0.6854171722977604,1.1026996402513414,398,42,64
SO,Utilities,BiLSTM,classification,20,1,5,0.6766544253981892,1.2551428562118894,398,42,64
SO,Utilities,BiLSTM,classification,20,1,6,0.6831824632745293,0.9226313318525042,398,42,64
SO,Utilities,BiLSTM,classification,20,1,7,0.6716709412522053,1.0295597740582056,398,42,64
SO,Utilities,BiLSTM,classification,20,1,8,0.6659047408918639,1.0545625544729686,398,42,64
SO,Utilities,BiLSTM,classification,20,1,9,0.6433410905114371,1.0569604323023842,398,42,64
SO,Utilities,BiLSTM,classification,20,1,10,0.6635820410359445,1.4497077124459403,398,42,64
SO,Utilities,BiLSTM,classification,20,1,11,0.6411643827979888,1.3283685786383492,398,42,64
SO,Utilities,BiLSTM,classification,20,1,12,0.6293271962721744,1.428525339989435,398,42,64
SO,Utilities,BiLSTM,classification,20,1,13,0.6543497694796653,0.890243030729748,398,42,64
SO,Utilities,BiLSTM,classification,20,1,14,0.6252517211976363,1.4096987077168055,398,42,64
SO,Utilities,BiLSTM,classification,20,1,15,0.5936208490151257,1.366883976118905,398,42,64
SO,Utilities,BiLSTM,classification,20,1,16,0.6019379319857113,1.499981170608884,398,42,64
SO,Utilities,BiLSTM,classification,20,1,17,0.6209559192010505,1.5736753174236842,398,42,64
SO,Utilities,BiLSTM,classification,20,1,18,0.5710591395296644,1.6890761057535808,398,42,64
SO,Utilities,BiLSTM,classification,20,1,19,0.5627830501776844,1.6285580623717535,398,42,64
SO,Utilities,BiLSTM,classification,20,1,20,0.58290482720538,1.203953362646557,398,42,64
SPLP,Conglomerates,BiLSTM,classification,20,1,1,0.7160686266482176,0.6729353581156049,398,42,64
SPLP,Conglomerates,BiLSTM,classification,20,1,2,0.6956844626359604,0.6712272791635423,398,42,64
SPLP,Conglomerates,BiLSTM,classification,20,1,3,0.696390444609388,0.6587385081109547,398,42,64
SPLP,Conglomerates,BiLSTM,classification,20,1,4,0.702318468884607,0.6594337026278178,398,42,64
SPLP,Conglomerates,BiLSTM,classification,20,1,5,0.6967333360533019,0.6746369061015901,398,42,64
SPLP,Conglomerates,BiLSTM,classification,20,1,6,0.6906165279934754,0.6730174649329412,398,42,64
SPLP,Conglomerates,BiLSTM,classification,20,1,7,0.6977436299899116,0.6677884629794529,398,42,64
SPLP,Conglomerates,BiLSTM,classification,20,1,8,0.6884375448202967,0.6794022264934722,398,42,64
SPLP,Conglomerates,BiLSTM,classification,20,1,9,0.6640864844298243,0.6831382314364115,398,42,64
SPLP,Conglomerates,BiLSTM,classification,20,1,10,0.6741901010125126,0.6736732522646586,398,42,64
SPLP,Conglomerates,BiLSTM,classification,20,1,11,0.6803728339061066,0.6758999029795328,398,42,64
SPLP,Conglomerates,BiLSTM,classification,20,1,12,0.6531793085773986,0.7061504636492048,398,42,64
SPLP,Conglomerates,BiLSTM,classification,20,1,13,0.6287287398798382,0.6732893075261798,398,42,64
SPLP,Conglomerates,BiLSTM,classification,20,1,14,0.6310735743249481,0.677974400066194,398,42,64
SPLP,Conglomerates,BiLSTM,classification,20,1,15,0.6446943220181681,0.6879239877065023,398,42,64
SPLP,Conglomerates,BiLSTM,classification,20,1,16,0.6021231047472163,0.713951655796596,398,42,64
SPLP,Conglomerates,BiLSTM,classification,20,1,17,0.5900534009514142,0.684110769203731,398,42,64
SPLP,Conglomerates,BiLSTM,classification,20,1,18,0.5966152941162263,0.7831664851733616,398,42,64
SPLP,Conglomerates,BiLSTM,classification,20,1,19,0.5993408130940481,0.8011619335129148,398,42,64
SPLP,Conglomerates,BiLSTM,classification,20,1,20,0.561111891689013,0.8497903517314366,398,42,64
SRE,Utilities,BiLSTM,classification,20,1,1,0.6820206992590248,0.7986661195755005,398,42,64
SRE,Utilities,BiLSTM,classification,20,1,2,0.6749608567611656,0.962848288672311,398,42,64
SRE,Utilities,BiLSTM,classification,20,1,3,0.6625824963028107,1.257538840884254,398,42,64
SRE,Utilities,BiLSTM,classification,20,1,4,0.64735632805369,1.1566440207617623,398,42,64
SRE,Utilities,BiLSTM,classification,20,1,5,0.6399775452949293,1.0068675790514265,398,42,64
SRE,Utilities,BiLSTM,classification,20,1,6,0.6624898760762047,0.8916978098097301,398,42,64
SRE,Utilities,BiLSTM,classification,20,1,7,0.6383553352487746,0.9791922285443261,398,42,64
SRE,Utilities,BiLSTM,classification,20,1,8,0.6105599881117069,1.4526585283733549,398,42,64
SRE,Utilities,BiLSTM,classification,20,1,9,0.6281371115140579,1.446681062380473,398,42,64
SRE,Utilities,BiLSTM,classification,20,1,10,0.6090776539927152,1.5147937025342668,398,42,64
SRE,Utilities,BiLSTM,classification,20,1,11,0.5977760947229874,1.445374613716489,398,42,64
SRE,Utilities,BiLSTM,classification,20,1,12,0.582833363632461,2.1560138180142356,398,42,64
SRE,Utilities,BiLSTM,classification,20,1,13,0.5859288144950292,2.1325727985018776,398,42,64
SRE,Utilities,BiLSTM,classification,20,1,14,0.581014088799606,1.6489365100860596,398,42,64
SRE,Utilities,BiLSTM,classification,20,1,15,0.5736453870133539,2.3716014680408297,398,42,64
SRE,Utilities,BiLSTM,classification,20,1,16,0.5596603873986096,2.3428443727039157,398,42,64
SRE,Utilities,BiLSTM,classification,20,1,17,0.5508783997303277,2.495315040860857,398,42,64
SRE,Utilities,BiLSTM,classification,20,1,18,0.5317693857391875,2.169392744700114,398,42,64
SRE,Utilities,BiLSTM,classification,20,1,19,0.5170154035390921,2.5711570921398343,398,42,64
SRE,Utilities,BiLSTM,classification,20,1,20,0.5258103357487588,2.883748236156645,398,42,64
T,Technology,BiLSTM,classification,20,1,1,0.6859608014025281,0.6636321289198739,398,42,64
T,Technology,BiLSTM,classification,20,1,2,0.6532594061377061,0.829218274071103,398,42,64
T,Technology,BiLSTM,classification,20,1,3,0.6499586599556046,0.6776676007679531,398,42,64
T,Technology,BiLSTM,classification,20,1,4,0.6427106746477098,0.6919652989932469,398,42,64
T,Technology,BiLSTM,classification,20,1,5,0.6260667763762737,0.711613538719359,398,42,64
T,Technology,BiLSTM,classification,20,1,6,0.6092996064142965,0.7688928984460377,398,42,64
T,Technology,BiLSTM,classification,20,1,7,0.6213874703076616,0.7387764567420596,398,42,64
T,Technology,BiLSTM,classification,20,1,8,0.5881360871108932,0.8935799854142326,398,42,64
T,Technology,BiLSTM,classification,20,1,9,0.5843840835981033,0.7936822573343912,398,42,64
T,Technology,BiLSTM,classification,20,1,10,0.5607458760390929,0.8988324715977624,398,42,64
T,Technology,BiLSTM,classification,20,1,11,0.5591415241735065,0.8621629107566107,398,42,64
T,Technology,BiLSTM,classification,20,1,12,0.5325858961397679,1.0880186302321297,398,42,64
T,Technology,BiLSTM,classification,20,1,13,0.5299522753935962,0.7841932489758446,398,42,64
T,Technology,BiLSTM,classification,20,1,14,0.5146890619591852,1.1573678709211803,398,42,64
T,Technology,BiLSTM,classification,20,1,15,0.5522368431989871,0.9864036866596767,398,42,64
T,Technology,BiLSTM,classification,20,1,16,0.4975685394888547,0.8643470406532288,398,42,64
T,Technology,BiLSTM,classification,20,1,17,0.4549766058598331,0.977963544073559,398,42,64
T,Technology,BiLSTM,classification,20,1,18,0.483566597628234,1.208113397870745,398,42,64
T,Technology,BiLSTM,classification,20,1,19,0.41161091438489944,1.1277504251116799,398,42,64
T,Technology,BiLSTM,classification,20,1,20,0.42886349161965165,1.0648509462674458,398,42,64
TM,Consumer Goods,BiLSTM,classification,20,1,1,0.7089031698116705,0.8617979770614987,398,42,64
TM,Consumer Goods,BiLSTM,classification,20,1,2,0.6998338223102704,1.0231669743855794,398,42,64
TM,Consumer Goods,BiLSTM,classification,20,1,3,0.6806831455709946,1.2676056112561906,398,42,64
TM,Consumer Goods,BiLSTM,classification,20,1,4,0.65842834339669,1.434057110831851,398,42,64
TM,Consumer Goods,BiLSTM,classification,20,1,5,0.6762546282916811,1.5750844138009208,398,42,64
TM,Consumer Goods,BiLSTM,classification,20,1,6,0.6505288433789009,1.6109034106844948,398,42,64
TM,Consumer Goods,BiLSTM,classification,20,1,7,0.6468686620194708,2.229404994419643,398,42,64
TM,Consumer Goods,BiLSTM,classification,20,1,8,0.6505241606702756,2.3761558873312816,398,42,64
TM,Consumer Goods,BiLSTM,classification,20,1,9,0.6398925667432085,2.30766799336388,398,42,64
TM,Consumer Goods,BiLSTM,classification,20,1,10,0.6430105126682838,2.444550400688535,398,42,64
TM,Consumer Goods,BiLSTM,classification,20,1,11,0.6392308245951207,2.7234225273132324,398,42,64
TM,Consumer Goods,BiLSTM,classification,20,1,12,0.5751785033911316,5.4466996647062755,398,42,64
TM,Consumer Goods,BiLSTM,classification,20,1,13,0.6156807146479736,4.096642675853911,398,42,64
TM,Consumer Goods,BiLSTM,classification,20,1,14,0.6114425260816986,3.4924320039295016,398,42,64
TM,Consumer Goods,BiLSTM,classification,20,1,15,0.5846827973672493,4.502319744655064,398,42,64
TM,Consumer Goods,BiLSTM,classification,20,1,16,0.5488157565869278,4.811945415678478,398,42,64
TM,Consumer Goods,BiLSTM,classification,20,1,17,0.5815512478052072,4.138025737944103,398,42,64
TM,Consumer Goods,BiLSTM,classification,20,1,18,0.57239098345215,4.113216422853016,398,42,64
TM,Consumer Goods,BiLSTM,classification,20,1,19,0.5376667572026277,4.546934718177432,398,42,64
TM,Consumer Goods,BiLSTM,classification,20,1,20,0.47495161154162346,4.943515028272357,398,42,64
TOT,Basic Matierials,BiLSTM,classification,20,1,1,0.7289950407330116,0.6884464649927049,398,42,64
TOT,Basic Matierials,BiLSTM,classification,20,1,2,0.695238091238779,0.7142594854036967,398,42,64
TOT,Basic Matierials,BiLSTM,classification,20,1,3,0.6931977385851606,0.7694479454131353,398,42,64
TOT,Basic Matierials,BiLSTM,classification,20,1,4,0.6975950844323815,0.6967621332123166,398,42,64
TOT,Basic Matierials,BiLSTM,classification,20,1,5,0.6963123538386282,0.6995735111690703,398,42,64
TOT,Basic Matierials,BiLSTM,classification,20,1,6,0.688208320332532,0.7262683681079319,398,42,64
TOT,Basic Matierials,BiLSTM,classification,20,1,7,0.6897352589434714,0.7110064455441066,398,42,64
TOT,Basic Matierials,BiLSTM,classification,20,1,8,0.6871263980865479,0.7094697044009254,398,42,64
TOT,Basic Matierials,BiLSTM,classification,20,1,9,0.6772608637210712,0.7205981498672849,398,42,64
TOT,Basic Matierials,BiLSTM,classification,20,1,10,0.6762561184078005,0.7443060562724159,398,42,64
TOT,Basic Matierials,BiLSTM,classification,20,1,11,0.6629044686130543,0.7592061899957203,398,42,64
TOT,Basic Matierials,BiLSTM,classification,20,1,12,0.6628838693676282,0.7304580722536359,398,42,64
TOT,Basic Matierials,BiLSTM,classification,20,1,13,0.6528867593961745,0.6923216751643589,398,42,64
TOT,Basic Matierials,BiLSTM,classification,20,1,14,0.674636000364869,0.7068770272391183,398,42,64
TOT,Basic Matierials,BiLSTM,classification,20,1,15,0.6356638695426922,0.7314118175279527,398,42,64
TOT,Basic Matierials,BiLSTM,classification,20,1,16,0.6281044002453885,0.7984664752369836,398,42,64
TOT,Basic Matierials,BiLSTM,classification,20,1,17,0.6547093831714074,0.7600850434530348,398,42,64
TOT,Basic Matierials,BiLSTM,classification,20,1,18,0.629393702176348,0.7845493129321507,398,42,64
TOT,Basic Matierials,BiLSTM,classification,20,1,19,0.5847589518856163,0.8024925376687732,398,42,64
TOT,Basic Matierials,BiLSTM,classification,20,1,20,0.5986831835166893,0.8181099920045762,398,42,64
TSM,Technology,BiLSTM,classification,20,1,1,0.705993068877177,0.7526561390785944,398,42,64
TSM,Technology,BiLSTM,classification,20,1,2,0.6861359689702939,0.7591463043576195,398,42,64
TSM,Technology,BiLSTM,classification,20,1,3,0.6552489744358926,0.9779044588406881,398,42,64
TSM,Technology,BiLSTM,classification,20,1,4,0.6841920368635475,0.7729261120160421,398,42,64
TSM,Technology,BiLSTM,classification,20,1,5,0.6436512101834743,0.773336526893434,398,42,64
TSM,Technology,BiLSTM,classification,20,1,6,0.635122588231935,1.3211089826765514,398,42,64
TSM,Technology,BiLSTM,classification,20,1,7,0.6484142838410996,0.9027131228219896,398,42,64
TSM,Technology,BiLSTM,classification,20,1,8,0.6583155570317752,0.8689008128075373,398,42,64
TSM,Technology,BiLSTM,classification,20,1,9,0.5959876820669702,0.9007596941221327,398,42,64
TSM,Technology,BiLSTM,classification,20,1,10,0.5967271516670534,0.9279173158463978,398,42,64
TSM,Technology,BiLSTM,classification,20,1,11,0.6079951178787941,1.4593227477300734,398,42,64
TSM,Technology,BiLSTM,classification,20,1,12,0.5806760123027629,0.7148484928267342,398,42,64
TSM,Technology,BiLSTM,classification,20,1,13,0.5661774394500195,1.0373704376674833,398,42,64
TSM,Technology,BiLSTM,classification,20,1,14,0.5550774385282142,1.1394823846362887,398,42,64
TSM,Technology,BiLSTM,classification,20,1,15,0.5443539773699028,1.0308899340175448,398,42,64
TSM,Technology,BiLSTM,classification,20,1,16,0.5099634423327806,1.2286446860858373,398,42,64
TSM,Technology,BiLSTM,classification,20,1,17,0.5020761711513577,1.1452388990493048,398,42,64
TSM,Technology,BiLSTM,classification,20,1,18,0.4880380555612957,0.7303098241488138,398,42,64
TSM,Technology,BiLSTM,classification,20,1,19,0.5232284110994195,0.9963922301928202,398,42,64
TSM,Technology,BiLSTM,classification,20,1,20,0.49268778993855766,1.0148248644102187,398,42,64
UL,Consumer Goods,BiLSTM,classification,20,1,1,0.7146834937771361,0.7533300263541085,398,42,64
UL,Consumer Goods,BiLSTM,classification,20,1,2,0.70930325685434,0.7554338971773783,398,42,64
UL,Consumer Goods,BiLSTM,classification,20,1,3,0.6827333979870207,0.8990909826187861,398,42,64
UL,Consumer Goods,BiLSTM,classification,20,1,4,0.6904888305831794,0.9021877731595721,398,42,64
UL,Consumer Goods,BiLSTM,classification,20,1,5,0.656875882915516,0.8897780520575387,398,42,64
UL,Consumer Goods,BiLSTM,classification,20,1,6,0.6150844558399526,1.0706803514843894,398,42,64
UL,Consumer Goods,BiLSTM,classification,20,1,7,0.643785505139049,0.9912207665897551,398,42,64
UL,Consumer Goods,BiLSTM,classification,20,1,8,0.6751565723562959,0.881550357455299,398,42,64
UL,Consumer Goods,BiLSTM,classification,20,1,9,0.63074049158911,0.976312864394415,398,42,64
UL,Consumer Goods,BiLSTM,classification,20,1,10,0.6144158316017995,1.378158932640439,398,42,64
UL,Consumer Goods,BiLSTM,classification,20,1,11,0.6172553079212131,1.617308571225121,398,42,64
UL,Consumer Goods,BiLSTM,classification,20,1,12,0.588029858454987,1.625876125835237,398,42,64
UL,Consumer Goods,BiLSTM,classification,20,1,13,0.5875292234684355,1.6894346418834867,398,42,64
UL,Consumer Goods,BiLSTM,classification,20,1,14,0.5764009042001849,1.182248518580482,398,42,64
UL,Consumer Goods,BiLSTM,classification,20,1,15,0.5819061122947002,1.439954896767934,398,42,64
UL,Consumer Goods,BiLSTM,classification,20,1,16,0.5771298342613719,1.5840564512071156,398,42,64
UL,Consumer Goods,BiLSTM,classification,20,1,17,0.5535501834735199,1.7264433758599418,398,42,64
UL,Consumer Goods,BiLSTM,classification,20,1,18,0.5396132559033494,1.9944842599687123,398,42,64
UL,Consumer Goods,BiLSTM,classification,20,1,19,0.547931967368677,2.0658941836584184,398,42,64
UL,Consumer Goods,BiLSTM,classification,20,1,20,0.5162409621866504,1.976454394204276,398,42,64
UN,Consumer Goods,BiLSTM,classification,20,1,1,0.6893137283061617,0.7502921138490949,398,42,64
UN,Consumer Goods,BiLSTM,classification,20,1,2,0.6943275335446075,0.7412899164926439,398,42,64
UN,Consumer Goods,BiLSTM,classification,20,1,3,0.679953432861884,0.8085414284751529,398,42,64
UN,Consumer Goods,BiLSTM,classification,20,1,4,0.6790471490304074,0.8122696252096266,398,42,64
UN,Consumer Goods,BiLSTM,classification,20,1,5,0.6308355969400262,0.903042957896278,398,42,64
UN,Consumer Goods,BiLSTM,classification,20,1,6,0.6428576731801632,0.8969283359391349,398,42,64
UN,Consumer Goods,BiLSTM,classification,20,1,7,0.6601809949132066,0.927572352545602,398,42,64
UN,Consumer Goods,BiLSTM,classification,20,1,8,0.6408912482573159,0.9424180587132772,398,42,64
UN,Consumer Goods,BiLSTM,classification,20,1,9,0.6401771759268028,0.9509069806053525,398,42,64
UN,Consumer Goods,BiLSTM,classification,20,1,10,0.6379864554309366,0.8312558758826483,398,42,64
UN,Consumer Goods,BiLSTM,classification,20,1,11,0.6222271994130695,1.0987694036392939,398,42,64
UN,Consumer Goods,BiLSTM,classification,20,1,12,0.5922905176728215,1.2324693316505069,398,42,64
UN,Consumer Goods,BiLSTM,classification,20,1,13,0.61219871792961,1.051382152807145,398,42,64
UN,Consumer Goods,BiLSTM,classification,20,1,14,0.6031099923291997,1.2210413671675182,398,42,64
UN,Consumer Goods,BiLSTM,classification,20,1,15,0.5596182696783363,1.696142974353972,398,42,64
UN,Consumer Goods,BiLSTM,classification,20,1,16,0.5537878271922394,1.7847725323268346,398,42,64
UN,Consumer Goods,BiLSTM,classification,20,1,17,0.5673487189427093,1.5985328242892312,398,42,64
UN,Consumer Goods,BiLSTM,classification,20,1,18,0.5564255298082553,2.011610893976121,398,42,64
UN,Consumer Goods,BiLSTM,classification,20,1,19,0.5463517754521202,1.9444188276926677,398,42,64
UN,Consumer Goods,BiLSTM,classification,20,1,20,0.5341957528986524,2.1056062494005476,398,42,64
UNH,Healthcare,BiLSTM,classification,20,1,1,0.696728034534646,0.6828671778951373,398,42,64
UNH,Healthcare,BiLSTM,classification,20,1,2,0.6909043336633461,0.8053874117987496,398,42,64
UNH,Healthcare,BiLSTM,classification,20,1,3,0.6841777739812381,0.8698165359951201,398,42,64
UNH,Healthcare,BiLSTM,classification,20,1,4,0.6636258830976247,0.7527031955264863,398,42,64
UNH,Healthcare,BiLSTM,classification,20,1,5,0.654531281797131,0.8049587153253102,398,42,64
UNH,Healthcare,BiLSTM,classification,20,1,6,0.668804065666007,0.7265988730248951,398,42,64
UNH,Healthcare,BiLSTM,classification,20,1,7,0.684272644807346,0.6608539166904631,398,42,64
UNH,Healthcare,BiLSTM,classification,20,1,8,0.6501003132393611,0.6836638535772052,398,42,64
UNH,Healthcare,BiLSTM,classification,20,1,9,0.6506181107693582,0.6821811057272411,398,42,64
UNH,Healthcare,BiLSTM,classification,20,1,10,0.6728289891127965,0.6775320910272145,398,42,64
UNH,Healthcare,BiLSTM,classification,20,1,11,0.635150683285603,0.8628639351753962,398,42,64
UNH,Healthcare,BiLSTM,classification,20,1,12,0.6241602816773419,0.689264558610462,398,42,64
UNH,Healthcare,BiLSTM,classification,20,1,13,0.6389184025064785,0.7953173858778817,398,42,64
UNH,Healthcare,BiLSTM,classification,20,1,14,0.6182435559267974,0.7463022498857408,398,42,64
UNH,Healthcare,BiLSTM,classification,20,1,15,0.6397578512603913,0.8544662339346749,398,42,64
UNH,Healthcare,BiLSTM,classification,20,1,16,0.6095603105410858,0.957567845072065,398,42,64
UNH,Healthcare,BiLSTM,classification,20,1,17,0.6312692962100158,0.9601662783395677,398,42,64
UNH,Healthcare,BiLSTM,classification,20,1,18,0.6171379152254842,0.8086811985288348,398,42,64
UNH,Healthcare,BiLSTM,classification,20,1,19,0.5987505433547436,0.7465013776506696,398,42,64
UNH,Healthcare,BiLSTM,classification,20,1,20,0.5821625084134202,0.6875582223846799,398,42,64
UPS,Services,BiLSTM,classification,20,1,1,0.7105471590655533,0.6742695711907887,398,42,64
UPS,Services,BiLSTM,classification,20,1,2,0.6847707877806084,0.7002777059872946,398,42,64
UPS,Services,BiLSTM,classification,20,1,3,0.6662174538152301,0.7696992868468875,398,42,64
UPS,Services,BiLSTM,classification,20,1,4,0.6949698047422285,0.7041308340572175,398,42,64
UPS,Services,BiLSTM,classification,20,1,5,0.670885506287292,0.7244773592267718,398,42,64
UPS,Services,BiLSTM,classification,20,1,6,0.6478480121598171,0.7887776096661886,398,42,64
UPS,Services,BiLSTM,classification,20,1,7,0.6597937339514344,0.8158056395394462,398,42,64
UPS,Services,BiLSTM,classification,20,1,8,0.6325684725938729,0.8138032413664318,398,42,64
UPS,Services,BiLSTM,classification,20,1,9,0.6083956633380909,0.8045497678575062,398,42,64
UPS,Services,BiLSTM,classification,20,1,10,0.597471352498136,0.7932846404257274,398,42,64
UPS,Services,BiLSTM,classification,20,1,11,0.5910177003199132,0.8727121069317773,398,42,64
UPS,Services,BiLSTM,classification,20,1,12,0.5797165534903655,0.9978855167116437,398,42,64
UPS,Services,BiLSTM,classification,20,1,13,0.5640682173733735,0.9672440744581676,398,42,64
UPS,Services,BiLSTM,classification,20,1,14,0.5818539582305218,0.9708711533319383,398,42,64
UPS,Services,BiLSTM,classification,20,1,15,0.5640675398572605,0.9861734083720616,398,42,64
UPS,Services,BiLSTM,classification,20,1,16,0.5130039998634377,1.2473088275818598,398,42,64
UPS,Services,BiLSTM,classification,20,1,17,0.5511243815098575,1.2193831262134371,398,42,64
UPS,Services,BiLSTM,classification,20,1,18,0.4809183607149364,1.6264661493755521,398,42,64
UPS,Services,BiLSTM,classification,20,1,19,0.48166599180830183,1.5530630690710885,398,42,64
UPS,Services,BiLSTM,classification,20,1,20,0.4939403556399609,1.3042828071685064,398,42,64
UTX,Industrial Goods,BiLSTM,classification,20,1,1,0.7052605062273879,0.7262423123632159,398,42,64
UTX,Industrial Goods,BiLSTM,classification,20,1,2,0.6824866275691507,1.0632015807288033,398,42,64
UTX,Industrial Goods,BiLSTM,classification,20,1,3,0.6555867147206063,1.0678015322912306,398,42,64
UTX,Industrial Goods,BiLSTM,classification,20,1,4,0.6762650057898095,0.8769635529745192,398,42,64
UTX,Industrial Goods,BiLSTM,classification,20,1,5,0.6425981431750197,1.0598038718813942,398,42,64
UTX,Industrial Goods,BiLSTM,classification,20,1,6,0.64485576763824,1.0524771610895793,398,42,64
UTX,Industrial Goods,BiLSTM,classification,20,1,7,0.6483091753930902,0.8953700519743419,398,42,64
UTX,Industrial Goods,BiLSTM,classification,20,1,8,0.6339481176443436,1.2843883661996751,398,42,64
UTX,Industrial Goods,BiLSTM,classification,20,1,9,0.6363631085534791,2.4892081306094216,398,42,64
UTX,Industrial Goods,BiLSTM,classification,20,1,10,0.6343809360235779,1.2261547304335094,398,42,64
UTX,Industrial Goods,BiLSTM,classification,20,1,11,0.6116854656281783,1.294300908134097,398,42,64
UTX,Industrial Goods,BiLSTM,classification,20,1,12,0.6105620720278677,2.3335806869325184,398,42,64
UTX,Industrial Goods,BiLSTM,classification,20,1,13,0.6060292355379268,1.9154993806566512,398,42,64
UTX,Industrial Goods,BiLSTM,classification,20,1,14,0.5897444964353763,1.8381503309522356,398,42,64
UTX,Industrial Goods,BiLSTM,classification,20,1,15,0.5804757970062333,2.1812084175291515,398,42,64
UTX,Industrial Goods,BiLSTM,classification,20,1,16,0.5526126380541816,1.260505999837603,398,42,64
UTX,Industrial Goods,BiLSTM,classification,20,1,17,0.5943301086449743,2.3002325012570335,398,42,64
UTX,Industrial Goods,BiLSTM,classification,20,1,18,0.5703613536441745,2.206640459242321,398,42,64
UTX,Industrial Goods,BiLSTM,classification,20,1,19,0.5468310089267079,2.00348204658145,398,42,64
UTX,Industrial Goods,BiLSTM,classification,20,1,20,0.5229708216897208,2.964863481975737,398,42,64
V,Financial,BiLSTM,classification,20,1,1,0.7000593210584555,0.7146910741215661,398,42,64
V,Financial,BiLSTM,classification,20,1,2,0.6978025735922195,0.7056392062278021,398,42,64
V,Financial,BiLSTM,classification,20,1,3,0.7008445607357888,0.6669395622752962,398,42,64
V,Financial,BiLSTM,classification,20,1,4,0.6698855757713318,0.6795466485477629,398,42,64
V,Financial,BiLSTM,classification,20,1,5,0.6804342850967867,0.6706940758795965,398,42,64
V,Financial,BiLSTM,classification,20,1,6,0.693929050435972,0.6824693537893749,398,42,64
V,Financial,BiLSTM,classification,20,1,7,0.6747580383291196,0.6966430771918524,398,42,64
V,Financial,BiLSTM,classification,20,1,8,0.6622916028727239,0.7146015734899611,398,42,64
V,Financial,BiLSTM,classification,20,1,9,0.6639891599290934,0.7240334351857504,398,42,64
V,Financial,BiLSTM,classification,20,1,10,0.6501234410396174,0.7288339705694289,398,42,64
V,Financial,BiLSTM,classification,20,1,11,0.64602984705163,0.7534718939236232,398,42,64
V,Financial,BiLSTM,classification,20,1,12,0.6463065623638019,0.7828628761427743,398,42,64
V,Financial,BiLSTM,classification,20,1,13,0.6238741395461499,0.8159420802479699,398,42,64
V,Financial,BiLSTM,classification,20,1,14,0.6263325151486613,0.83484738497507,398,42,64
V,Financial,BiLSTM,classification,20,1,15,0.6130638104587344,0.8058663351195199,398,42,64
V,Financial,BiLSTM,classification,20,1,16,0.614156261460865,0.8996303166661944,398,42,64
V,Financial,BiLSTM,classification,20,1,17,0.5940269435470428,1.1921780166171847,398,42,64
V,Financial,BiLSTM,classification,20,1,18,0.6040280003044474,0.9827783107757568,398,42,64
V,Financial,BiLSTM,classification,20,1,19,0.588524421555313,0.8272916334015983,398,42,64
V,Financial,BiLSTM,classification,20,1,20,0.5835674533891917,0.8699217098099845,398,42,64
VZ,Technology,BiLSTM,classification,20,1,1,0.6919930074083146,0.8066796319825309,398,42,64
VZ,Technology,BiLSTM,classification,20,1,2,0.6758568888932617,0.873023924373445,398,42,64
VZ,Technology,BiLSTM,classification,20,1,3,0.684466572263133,1.390978943733942,398,42,64
VZ,Technology,BiLSTM,classification,20,1,4,0.6669561859950348,0.8732624735151019,398,42,64
VZ,Technology,BiLSTM,classification,20,1,5,0.6520833400026638,1.3915071146828788,398,42,64
VZ,Technology,BiLSTM,classification,20,1,6,0.6284068768946969,1.4087959982099987,398,42,64
VZ,Technology,BiLSTM,classification,20,1,7,0.6466699959944241,1.3150391748973302,398,42,64
VZ,Technology,BiLSTM,classification,20,1,8,0.64188518985432,1.650101826304481,398,42,64
VZ,Technology,BiLSTM,classification,20,1,9,0.5962838572473382,1.47017160483769,398,42,64
VZ,Technology,BiLSTM,classification,20,1,10,0.5940792061875214,1.3875107594898768,398,42,64
VZ,Technology,BiLSTM,classification,20,1,11,0.5927297294738904,1.211550230071658,398,42,64
VZ,Technology,BiLSTM,classification,20,1,12,0.5543564006910852,1.2892524231047857,398,42,64
VZ,Technology,BiLSTM,classification,20,1,13,0.5471054637551906,2.038092840285528,398,42,64
VZ,Technology,BiLSTM,classification,20,1,14,0.5063478975889072,2.920663072949364,398,42,64
VZ,Technology,BiLSTM,classification,20,1,15,0.5389360472485049,2.9511373724256242,398,42,64
VZ,Technology,BiLSTM,classification,20,1,16,0.5173621224099069,2.359027135939825,398,42,64
VZ,Technology,BiLSTM,classification,20,1,17,0.5032379398843152,1.9572122267314367,398,42,64
VZ,Technology,BiLSTM,classification,20,1,18,0.436217419615942,2.3172624224708196,398,42,64
VZ,Technology,BiLSTM,classification,20,1,19,0.46510615622877477,2.89000594048273,398,42,64
VZ,Technology,BiLSTM,classification,20,1,20,0.417782409556547,2.441698290052868,398,42,64
WFC,Financial,BiLSTM,classification,20,1,1,0.6994149271567264,0.6862466079848153,398,42,64
WFC,Financial,BiLSTM,classification,20,1,2,0.689771777121865,0.7802478046644301,398,42,64
WFC,Financial,BiLSTM,classification,20,1,3,0.6891805769211083,0.6724006647155398,398,42,64
WFC,Financial,BiLSTM,classification,20,1,4,0.6616056420695242,0.6889693708646865,398,42,64
WFC,Financial,BiLSTM,classification,20,1,5,0.6641107812598722,0.7844831915128798,398,42,64
WFC,Financial,BiLSTM,classification,20,1,6,0.6610362790337759,0.9768441177549816,398,42,64
WFC,Financial,BiLSTM,classification,20,1,7,0.6406948716197182,0.8638263032549903,398,42,64
WFC,Financial,BiLSTM,classification,20,1,8,0.6458699164079063,1.3113791034335183,398,42,64
WFC,Financial,BiLSTM,classification,20,1,9,0.6671695957830803,1.0014382714316958,398,42,64
WFC,Financial,BiLSTM,classification,20,1,10,0.6370017663318308,1.166402538617452,398,42,64
WFC,Financial,BiLSTM,classification,20,1,11,0.613935715589092,1.2399711041223436,398,42,64
WFC,Financial,BiLSTM,classification,20,1,12,0.6116464506441625,1.3224276701609294,398,42,64
WFC,Financial,BiLSTM,classification,20,1,13,0.6035819898298638,1.7146008128211612,398,42,64
WFC,Financial,BiLSTM,classification,20,1,14,0.6218684097031253,1.2152520474933444,398,42,64
WFC,Financial,BiLSTM,classification,20,1,15,0.5929492328634214,1.4312749022529239,398,42,64
WFC,Financial,BiLSTM,classification,20,1,16,0.5623812486777953,1.3019922914959134,398,42,64
WFC,Financial,BiLSTM,classification,20,1,17,0.5704620201983045,2.029268196650914,398,42,64
WFC,Financial,BiLSTM,classification,20,1,18,0.5714544324419606,1.435638768332345,398,42,64
WFC,Financial,BiLSTM,classification,20,1,19,0.5608091165671996,1.429952825818743,398,42,64
WFC,Financial,BiLSTM,classification,20,1,20,0.549982300056285,1.9001017184484572,398,42,64
WMT,Services,BiLSTM,classification,20,1,1,0.7145753874251591,0.7075393483752296,398,42,64
WMT,Services,BiLSTM,classification,20,1,2,0.6906541960323276,0.7268323728016445,398,42,64
WMT,Services,BiLSTM,classification,20,1,3,0.6910892392522726,0.6818907913707551,398,42,64
WMT,Services,BiLSTM,classification,20,1,4,0.7000801593215022,0.7046175996462504,398,42,64
WMT,Services,BiLSTM,classification,20,1,5,0.6939057258505318,0.792714638369424,398,42,64
WMT,Services,BiLSTM,classification,20,1,6,0.6852592882798545,0.8511215476762681,398,42,64
WMT,Services,BiLSTM,classification,20,1,7,0.6519671414964762,0.9459802309672037,398,42,64
WMT,Services,BiLSTM,classification,20,1,8,0.6606770142837984,0.9710018237431844,398,42,64
WMT,Services,BiLSTM,classification,20,1,9,0.6617788244132421,1.1283728679021199,398,42,64
WMT,Services,BiLSTM,classification,20,1,10,0.6568082265518419,1.2959167616707938,398,42,64
WMT,Services,BiLSTM,classification,20,1,11,0.6603631305335155,1.2301386481239682,398,42,64
WMT,Services,BiLSTM,classification,20,1,12,0.6310269781692543,1.4172494014104207,398,42,64
WMT,Services,BiLSTM,classification,20,1,13,0.617214726143746,1.1101924975713093,398,42,64
WMT,Services,BiLSTM,classification,20,1,14,0.5998143907168403,1.4892324890409196,398,42,64
WMT,Services,BiLSTM,classification,20,1,15,0.6087822563684167,0.9448553380512056,398,42,64
WMT,Services,BiLSTM,classification,20,1,16,0.6103601593468058,0.8437023900804066,398,42,64
WMT,Services,BiLSTM,classification,20,1,17,0.5655698362906375,1.1065297751199632,398,42,64
WMT,Services,BiLSTM,classification,20,1,18,0.5684896524827084,0.8867810765902201,398,42,64
WMT,Services,BiLSTM,classification,20,1,19,0.573075268136796,0.8096928624879747,398,42,64
WMT,Services,BiLSTM,classification,20,1,20,0.5470139809589291,0.9069556451979137,398,42,64
XOM,Basic Matierials,BiLSTM,classification,20,1,1,0.687292004050921,0.6909302217619759,398,42,64
XOM,Basic Matierials,BiLSTM,classification,20,1,2,0.6642149743722312,0.7061072133836293,398,42,64
XOM,Basic Matierials,BiLSTM,classification,20,1,3,0.6677675837248414,0.7185700422241574,398,42,64
XOM,Basic Matierials,BiLSTM,classification,20,1,4,0.6833835295097312,0.7112045117786953,398,42,64
XOM,Basic Matierials,BiLSTM,classification,20,1,5,0.664371681273283,0.7092022924196153,398,42,64
XOM,Basic Matierials,BiLSTM,classification,20,1,6,0.6454387552774132,0.7233460375240871,398,42,64
XOM,Basic Matierials,BiLSTM,classification,20,1,7,0.6581355824542405,0.7112579203787304,398,42,64
XOM,Basic Matierials,BiLSTM,classification,20,1,8,0.6608642738069123,0.7030775064513797,398,42,64
XOM,Basic Matierials,BiLSTM,classification,20,1,9,0.6532271177924458,0.751301143850599,398,42,64
XOM,Basic Matierials,BiLSTM,classification,20,1,10,0.6507664277924964,0.7082420757838658,398,42,64
XOM,Basic Matierials,BiLSTM,classification,20,1,11,0.6455598206975353,0.754959089415414,398,42,64
XOM,Basic Matierials,BiLSTM,classification,20,1,12,0.6573357396389372,0.7589987431253705,398,42,64
XOM,Basic Matierials,BiLSTM,classification,20,1,13,0.6473043899440286,0.7821518523352486,398,42,64
XOM,Basic Matierials,BiLSTM,classification,20,1,14,0.6290795290889453,0.8518467517126174,398,42,64
XOM,Basic Matierials,BiLSTM,classification,20,1,15,0.6239514105284034,0.7451914378574916,398,42,64
XOM,Basic Matierials,BiLSTM,classification,20,1,16,0.6334432402447839,0.7254483671415419,398,42,64
XOM,Basic Matierials,BiLSTM,classification,20,1,17,0.6072196280536939,0.746510522706168,398,42,64
XOM,Basic Matierials,BiLSTM,classification,20,1,18,0.6144107667045977,0.7292005306198484,398,42,64
XOM,Basic Matierials,BiLSTM,classification,20,1,19,0.5853643662965478,0.7869505371366229,398,42,64
XOM,Basic Matierials,BiLSTM,classification,20,1,20,0.588286771846177,0.7390750305993217,398,42,64
