company,sector,model_type,problem_type,sequence_length,horizon_steps,epoch,train_loss,val_loss,train_samples,val_samples,test_samples
AAPL,Consumer Goods,BiLSTM,classification,20,5,1,0.7887715155155814,0.7128806312878927,398,42,64
AAPL,Consumer Goods,BiLSTM,classification,20,5,2,0.7151623820539695,0.7623978654543558,398,42,64
AAPL,Consumer Goods,BiLSTM,classification,20,5,3,0.6341483179648318,0.8615552186965942,398,42,64
AAPL,Consumer Goods,BiLSTM,classification,20,5,4,0.5576626152249436,1.0720089503696986,398,42,64
AAPL,Consumer Goods,BiLSTM,classification,20,5,5,0.5159373019807901,3.031697386787051,398,42,64
AAPL,Consumer Goods,BiLSTM,classification,20,5,6,0.49489808741526387,2.659497760591053,398,42,64
AAPL,Consumer Goods,BiLSTM,classification,20,5,7,0.3867585781830639,4.443173749106271,398,42,64
AAPL,Consumer Goods,BiLSTM,classification,20,5,8,0.37532197006383733,3.2524134999229792,398,42,64
AAPL,Consumer Goods,BiLSTM,classification,20,5,9,0.399627356373485,4.019901729765392,398,42,64
AAPL,Consumer Goods,BiLSTM,classification,20,5,10,0.329981188603382,2.952638557979039,398,42,64
AAPL,Consumer Goods,BiLSTM,classification,20,5,11,0.24974343427761117,3.189927305494036,398,42,64
AAPL,Consumer Goods,BiLSTM,classification,20,5,12,0.21979207197325912,3.726279553912935,398,42,64
AAPL,Consumer Goods,BiLSTM,classification,20,5,13,0.1709396492072086,4.066734177725656,398,42,64
AAPL,Consumer Goods,BiLSTM,classification,20,5,14,0.17949307627564098,4.572603679838634,398,42,64
AAPL,Consumer Goods,BiLSTM,classification,20,5,15,0.18319607174126945,4.441919667380197,398,42,64
AAPL,Consumer Goods,BiLSTM,classification,20,5,16,0.18017613251305106,5.604767209007626,398,42,64
ABB,Industrial Goods,BiLSTM,classification,20,5,1,0.7694793668524105,0.7705418637820652,398,42,64
ABB,Industrial Goods,BiLSTM,classification,20,5,2,0.6962599281090588,0.8549929857254028,398,42,64
ABB,Industrial Goods,BiLSTM,classification,20,5,3,0.6585163572176018,0.9190039208957127,398,42,64
ABB,Industrial Goods,BiLSTM,classification,20,5,4,0.5102886071606497,1.746438355672927,398,42,64
ABB,Industrial Goods,BiLSTM,classification,20,5,5,0.5315440637831712,1.413526557740711,398,42,64
ABB,Industrial Goods,BiLSTM,classification,20,5,6,0.44272018497313687,2.359275085585458,398,42,64
ABB,Industrial Goods,BiLSTM,classification,20,5,7,0.5157776764739099,2.0992716380528043,398,42,64
ABB,Industrial Goods,BiLSTM,classification,20,5,8,0.4043663375865874,2.7273495083763484,398,42,64
ABB,Industrial Goods,BiLSTM,classification,20,5,9,0.5025113415927743,2.047218328430539,398,42,64
ABB,Industrial Goods,BiLSTM,classification,20,5,10,0.34376050445751927,1.4144811687015353,398,42,64
ABB,Industrial Goods,BiLSTM,classification,20,5,11,0.2684343901636013,2.032505131903149,398,42,64
ABB,Industrial Goods,BiLSTM,classification,20,5,12,0.21975386283131101,2.0510042281377885,398,42,64
ABB,Industrial Goods,BiLSTM,classification,20,5,13,0.19888885523281505,1.7990482648213704,398,42,64
ABB,Industrial Goods,BiLSTM,classification,20,5,14,0.17335136324616532,1.9248484713690621,398,42,64
ABB,Industrial Goods,BiLSTM,classification,20,5,15,0.14886066699915346,2.453795086769831,398,42,64
ABB,Industrial Goods,BiLSTM,classification,20,5,16,0.16624144521827375,2.153803030649821,398,42,64
ABBV,Healthcare,BiLSTM,classification,20,5,1,0.802327764546213,0.7281026215780348,326,42,64
ABBV,Healthcare,BiLSTM,classification,20,5,2,0.6198476348186563,0.6381752235548837,326,42,64
ABBV,Healthcare,BiLSTM,classification,20,5,3,0.5809431149184339,0.6803182022912162,326,42,64
ABBV,Healthcare,BiLSTM,classification,20,5,4,0.5280419858686763,1.5988601389385404,326,42,64
ABBV,Healthcare,BiLSTM,classification,20,5,5,0.4977666206337923,1.8702537218729656,326,42,64
ABBV,Healthcare,BiLSTM,classification,20,5,6,0.4156823951773848,1.6160386971064977,326,42,64
ABBV,Healthcare,BiLSTM,classification,20,5,7,0.4332182623126024,1.9524291867301578,326,42,64
ABBV,Healthcare,BiLSTM,classification,20,5,8,0.34578963913069183,1.5412311497188749,326,42,64
ABBV,Healthcare,BiLSTM,classification,20,5,9,0.37000887251339076,2.713993640173049,326,42,64
ABBV,Healthcare,BiLSTM,classification,20,5,10,0.28140898793935776,1.5092733474004836,326,42,64
ABBV,Healthcare,BiLSTM,classification,20,5,11,0.24553020824135446,2.2295998505183627,326,42,64
ABBV,Healthcare,BiLSTM,classification,20,5,12,0.19320725123940802,2.895031838189988,326,42,64
ABBV,Healthcare,BiLSTM,classification,20,5,13,0.16453278686371317,2.652122202373686,326,42,64
ABBV,Healthcare,BiLSTM,classification,20,5,14,0.16967920245934118,2.6733268783206032,326,42,64
ABBV,Healthcare,BiLSTM,classification,20,5,15,0.14641972338677917,2.965081419263567,326,42,64
ABBV,Healthcare,BiLSTM,classification,20,5,16,0.14090222319119547,2.631731146857852,326,42,64
ABBV,Healthcare,BiLSTM,classification,20,5,17,0.14139778884641963,3.2871206601460776,326,42,64
AEP,Utilities,BiLSTM,classification,20,5,1,0.7335273560567118,0.6775892575581869,398,42,64
AEP,Utilities,BiLSTM,classification,20,5,2,0.6325591107708725,0.5729957591919672,398,42,64
AEP,Utilities,BiLSTM,classification,20,5,3,0.5561429792313121,0.7852506609190077,398,42,64
AEP,Utilities,BiLSTM,classification,20,5,4,0.5150104793322147,0.830552169254848,398,42,64
AEP,Utilities,BiLSTM,classification,20,5,5,0.5664816435108233,0.8190641403198242,398,42,64
AEP,Utilities,BiLSTM,classification,20,5,6,0.48517627714566847,0.6156700310252962,398,42,64
AEP,Utilities,BiLSTM,classification,20,5,7,0.3964118399287588,0.6151336914017087,398,42,64
AEP,Utilities,BiLSTM,classification,20,5,8,0.3301318667866477,0.8279916871161688,398,42,64
AEP,Utilities,BiLSTM,classification,20,5,9,0.3631263538521139,0.8445905361856733,398,42,64
AEP,Utilities,BiLSTM,classification,20,5,10,0.3698763597251183,1.1666273531459628,398,42,64
AEP,Utilities,BiLSTM,classification,20,5,11,0.44597550593878155,0.8558572672662281,398,42,64
AEP,Utilities,BiLSTM,classification,20,5,12,0.2612804816520993,0.7596883518355233,398,42,64
AEP,Utilities,BiLSTM,classification,20,5,13,0.20025839482494934,0.824521175452641,398,42,64
AEP,Utilities,BiLSTM,classification,20,5,14,0.20234687836026427,0.9812201346669879,398,42,64
AEP,Utilities,BiLSTM,classification,20,5,15,0.16032065614009622,1.098500370979309,398,42,64
AEP,Utilities,BiLSTM,classification,20,5,16,0.1704924524616656,0.9537886664980934,398,42,64
AEP,Utilities,BiLSTM,classification,20,5,17,0.12462236106994763,1.1240636848268055,398,42,64
AMGN,Healthcare,BiLSTM,classification,20,5,1,0.7770380281922805,0.6339374581972758,398,42,64
AMGN,Healthcare,BiLSTM,classification,20,5,2,0.6204352841604894,0.7359693163917178,398,42,64
AMGN,Healthcare,BiLSTM,classification,20,5,3,0.5548412176831883,0.9488612243107387,398,42,64
AMGN,Healthcare,BiLSTM,classification,20,5,4,0.5156376523588171,1.6406199818565732,398,42,64
AMGN,Healthcare,BiLSTM,classification,20,5,5,0.5246437021236324,1.8631181489853632,398,42,64
AMGN,Healthcare,BiLSTM,classification,20,5,6,0.5151171856489613,0.9183027630760556,398,42,64
AMGN,Healthcare,BiLSTM,classification,20,5,7,0.5479568412256002,1.4611598650614421,398,42,64
AMGN,Healthcare,BiLSTM,classification,20,5,8,0.5321620897432069,1.44533710252671,398,42,64
AMGN,Healthcare,BiLSTM,classification,20,5,9,0.4525889135784839,2.048971721104213,398,42,64
AMGN,Healthcare,BiLSTM,classification,20,5,10,0.3946872155121223,2.042464642297654,398,42,64
AMGN,Healthcare,BiLSTM,classification,20,5,11,0.3403127948992216,2.30853423618135,398,42,64
AMGN,Healthcare,BiLSTM,classification,20,5,12,0.2971172044474875,2.6006597791399275,398,42,64
AMGN,Healthcare,BiLSTM,classification,20,5,13,0.2672111583340108,3.0606921513875327,398,42,64
AMGN,Healthcare,BiLSTM,classification,20,5,14,0.2594832203645802,2.7186388969421387,398,42,64
AMGN,Healthcare,BiLSTM,classification,20,5,15,0.2303616337890002,3.055211385091146,398,42,64
AMGN,Healthcare,BiLSTM,classification,20,5,16,0.2696826279762402,2.757971173241025,398,42,64
AMZN,Services,BiLSTM,classification,20,5,1,0.799881880906359,0.7124014184588477,398,42,64
AMZN,Services,BiLSTM,classification,20,5,2,0.7115161772349372,1.0516073448317391,398,42,64
AMZN,Services,BiLSTM,classification,20,5,3,0.6217807372610773,1.2694805917285739,398,42,64
AMZN,Services,BiLSTM,classification,20,5,4,0.6235150679871065,0.976103024823325,398,42,64
AMZN,Services,BiLSTM,classification,20,5,5,0.50640303390709,1.7360973528453283,398,42,64
AMZN,Services,BiLSTM,classification,20,5,6,0.43362645737489863,1.5843053261439006,398,42,64
AMZN,Services,BiLSTM,classification,20,5,7,0.39546373052213657,3.082140184584118,398,42,64
AMZN,Services,BiLSTM,classification,20,5,8,0.43227953901842014,2.3998578105654036,398,42,64
AMZN,Services,BiLSTM,classification,20,5,9,0.4532173131428771,2.380666522752671,398,42,64
AMZN,Services,BiLSTM,classification,20,5,10,0.3702633096345106,2.7320240508942377,398,42,64
AMZN,Services,BiLSTM,classification,20,5,11,0.29184027772452964,2.9986921151479087,398,42,64
AMZN,Services,BiLSTM,classification,20,5,12,0.24831111324791932,2.6623049690609886,398,42,64
AMZN,Services,BiLSTM,classification,20,5,13,0.25789425851561915,2.6703925473349437,398,42,64
AMZN,Services,BiLSTM,classification,20,5,14,0.24247254700816456,3.187428423336574,398,42,64
AMZN,Services,BiLSTM,classification,20,5,15,0.22950020496120405,3.2567683515094576,398,42,64
AMZN,Services,BiLSTM,classification,20,5,16,0.1940434883025723,3.0744626067933583,398,42,64
BA,Industrial Goods,BiLSTM,classification,20,5,1,0.7938399536525784,0.6496105250858125,398,42,64
BA,Industrial Goods,BiLSTM,classification,20,5,2,0.7048346084266451,0.7522680305299305,398,42,64
BA,Industrial Goods,BiLSTM,classification,20,5,3,0.5323248881490985,0.8096611357870556,398,42,64
BA,Industrial Goods,BiLSTM,classification,20,5,4,0.5505762747933517,1.9961988358270555,398,42,64
BA,Industrial Goods,BiLSTM,classification,20,5,5,0.493666455673812,1.7956854048229398,398,42,64
BA,Industrial Goods,BiLSTM,classification,20,5,6,0.5245028336593254,2.329835778190976,398,42,64
BA,Industrial Goods,BiLSTM,classification,20,5,7,0.5257971293512901,2.0132253737676713,398,42,64
BA,Industrial Goods,BiLSTM,classification,20,5,8,0.5137528097210218,2.613905702318464,398,42,64
BA,Industrial Goods,BiLSTM,classification,20,5,9,0.40912266734556935,2.37642426717849,398,42,64
BA,Industrial Goods,BiLSTM,classification,20,5,10,0.3845578648861329,2.3977333931695846,398,42,64
BA,Industrial Goods,BiLSTM,classification,20,5,11,0.2932456107295338,2.943749336969285,398,42,64
BA,Industrial Goods,BiLSTM,classification,20,5,12,0.2647683998597926,3.4795841035388766,398,42,64
BA,Industrial Goods,BiLSTM,classification,20,5,13,0.2273156948799464,3.331077257792155,398,42,64
BA,Industrial Goods,BiLSTM,classification,20,5,14,0.21428739801798036,4.017654328119187,398,42,64
BA,Industrial Goods,BiLSTM,classification,20,5,15,0.20341334252351492,4.187400499979655,398,42,64
BA,Industrial Goods,BiLSTM,classification,20,5,16,0.21682284500955337,3.949205580211821,398,42,64
BAC,Financial,BiLSTM,classification,20,5,1,0.7766544561290262,0.6864462608382815,398,42,64
BAC,Financial,BiLSTM,classification,20,5,2,0.5914243805648094,0.7076913714408875,398,42,64
BAC,Financial,BiLSTM,classification,20,5,3,0.5399355766311962,1.704256807054792,398,42,64
BAC,Financial,BiLSTM,classification,20,5,4,0.4980961843651144,1.8305568751834689,398,42,64
BAC,Financial,BiLSTM,classification,20,5,5,0.450116993045088,2.7632126808166504,398,42,64
BAC,Financial,BiLSTM,classification,20,5,6,0.46087001593568216,1.1309970617294312,398,42,64
BAC,Financial,BiLSTM,classification,20,5,7,0.4790126021258795,2.6901808012099493,398,42,64
BAC,Financial,BiLSTM,classification,20,5,8,0.4830120362378844,2.305854241053263,398,42,64
BAC,Financial,BiLSTM,classification,20,5,9,0.36758989215496196,3.2628067334493003,398,42,64
BAC,Financial,BiLSTM,classification,20,5,10,0.4131478312327035,3.451978252047584,398,42,64
BAC,Financial,BiLSTM,classification,20,5,11,0.2940226294680606,3.3070594923836842,398,42,64
BAC,Financial,BiLSTM,classification,20,5,12,0.26476847087430894,3.782131967090425,398,42,64
BAC,Financial,BiLSTM,classification,20,5,13,0.24259606207809856,4.25220893678211,398,42,64
BAC,Financial,BiLSTM,classification,20,5,14,0.21236948860837288,4.701895895458403,398,42,64
BAC,Financial,BiLSTM,classification,20,5,15,0.20763257686891148,4.58310992377145,398,42,64
BAC,Financial,BiLSTM,classification,20,5,16,0.1896550950393006,5.223087083725702,398,42,64
BBL,Basic Matierials,BiLSTM,classification,20,5,1,0.7522931964553181,0.6674683065641493,398,42,64
BBL,Basic Matierials,BiLSTM,classification,20,5,2,0.6740930935545782,0.700627917335147,398,42,64
BBL,Basic Matierials,BiLSTM,classification,20,5,3,0.5592418686678661,0.6308905978997549,398,42,64
BBL,Basic Matierials,BiLSTM,classification,20,5,4,0.5375495708767494,0.7349910736083984,398,42,64
BBL,Basic Matierials,BiLSTM,classification,20,5,5,0.5580968073564558,0.9728842008681524,398,42,64
BBL,Basic Matierials,BiLSTM,classification,20,5,6,0.49510849832589904,1.0165271986098516,398,42,64
BBL,Basic Matierials,BiLSTM,classification,20,5,7,0.46257199466827525,1.1423959277925038,398,42,64
BBL,Basic Matierials,BiLSTM,classification,20,5,8,0.45279239125587234,1.3382518007641746,398,42,64
BBL,Basic Matierials,BiLSTM,classification,20,5,9,0.409928762096556,0.7056528996853602,398,42,64
BBL,Basic Matierials,BiLSTM,classification,20,5,10,0.4478029392322703,0.825902460586457,398,42,64
BBL,Basic Matierials,BiLSTM,classification,20,5,11,0.39880776210645935,1.8609703325089955,398,42,64
BBL,Basic Matierials,BiLSTM,classification,20,5,12,0.4442232074450009,1.2010244840667361,398,42,64
BBL,Basic Matierials,BiLSTM,classification,20,5,13,0.2828950409463902,0.8099209992658525,398,42,64
BBL,Basic Matierials,BiLSTM,classification,20,5,14,0.2657197458136022,0.9162534972031912,398,42,64
BBL,Basic Matierials,BiLSTM,classification,20,5,15,0.2384823328960481,0.9752841279620216,398,42,64
BBL,Basic Matierials,BiLSTM,classification,20,5,16,0.2136954673420844,0.9386947311106182,398,42,64
BBL,Basic Matierials,BiLSTM,classification,20,5,17,0.19869347234916448,1.234662386633101,398,42,64
BBL,Basic Matierials,BiLSTM,classification,20,5,18,0.18244754874975838,1.0637054556892032,398,42,64
BCH,Financial,BiLSTM,classification,20,5,1,0.6744196609636048,0.6700149206888109,398,42,64
BCH,Financial,BiLSTM,classification,20,5,2,0.5894048112121659,0.8056522692952838,398,42,64
BCH,Financial,BiLSTM,classification,20,5,3,0.49107931996110693,1.146167584827968,398,42,64
BCH,Financial,BiLSTM,classification,20,5,4,0.4506046337697973,1.920440639768328,398,42,64
BCH,Financial,BiLSTM,classification,20,5,5,0.4495820156743179,2.507910830633981,398,42,64
BCH,Financial,BiLSTM,classification,20,5,6,0.47163603458572273,2.619322197777884,398,42,64
BCH,Financial,BiLSTM,classification,20,5,7,0.3858201067950857,2.8267660311290195,398,42,64
BCH,Financial,BiLSTM,classification,20,5,8,0.38274489028669484,2.116290819077265,398,42,64
BCH,Financial,BiLSTM,classification,20,5,9,0.3951625326021233,4.5197709401448565,398,42,64
BCH,Financial,BiLSTM,classification,20,5,10,0.30210439422771557,3.745998808315822,398,42,64
BCH,Financial,BiLSTM,classification,20,5,11,0.24363300657302292,3.499765992164612,398,42,64
BCH,Financial,BiLSTM,classification,20,5,12,0.21547172186737085,3.701990803082784,398,42,64
BCH,Financial,BiLSTM,classification,20,5,13,0.18072334081683328,3.9252844765072776,398,42,64
BCH,Financial,BiLSTM,classification,20,5,14,0.16134484719260403,4.2148029406865435,398,42,64
BCH,Financial,BiLSTM,classification,20,5,15,0.15397475854535797,4.503839646066938,398,42,64
BCH,Financial,BiLSTM,classification,20,5,16,0.14523913482924802,4.467716052418663,398,42,64
BHP,Basic Matierials,BiLSTM,classification,20,5,1,0.7769283220995611,0.7359794207981655,398,42,64
BHP,Basic Matierials,BiLSTM,classification,20,5,2,0.6655625615587186,0.7041523541722979,398,42,64
BHP,Basic Matierials,BiLSTM,classification,20,5,3,0.5181572685888665,0.9354631872404189,398,42,64
BHP,Basic Matierials,BiLSTM,classification,20,5,4,0.6580639645532148,0.7766677084423247,398,42,64
BHP,Basic Matierials,BiLSTM,classification,20,5,5,0.48808776665872067,0.9567096886180696,398,42,64
BHP,Basic Matierials,BiLSTM,classification,20,5,6,0.5249936466091242,0.7588860648018974,398,42,64
BHP,Basic Matierials,BiLSTM,classification,20,5,7,0.4306670759790507,0.9902585092045012,398,42,64
BHP,Basic Matierials,BiLSTM,classification,20,5,8,0.3933983783626077,0.5768703066167378,398,42,64
BHP,Basic Matierials,BiLSTM,classification,20,5,9,0.3966431355656092,1.1588130650066195,398,42,64
BHP,Basic Matierials,BiLSTM,classification,20,5,10,0.46553600762956704,0.9321477313836416,398,42,64
BHP,Basic Matierials,BiLSTM,classification,20,5,11,0.4433966596147523,0.9614273224558149,398,42,64
BHP,Basic Matierials,BiLSTM,classification,20,5,12,0.3376756600998155,0.5770463063603356,398,42,64
BHP,Basic Matierials,BiLSTM,classification,20,5,13,0.30384975827144617,1.98017836752392,398,42,64
BHP,Basic Matierials,BiLSTM,classification,20,5,14,0.3514382699925696,0.8108074154172625,398,42,64
BHP,Basic Matierials,BiLSTM,classification,20,5,15,0.32242632159336126,0.5240862525644756,398,42,64
BHP,Basic Matierials,BiLSTM,classification,20,5,16,0.3512871821022513,0.8606740988436199,398,42,64
BHP,Basic Matierials,BiLSTM,classification,20,5,17,0.33749061156457394,1.1446711392629714,398,42,64
BHP,Basic Matierials,BiLSTM,classification,20,5,18,0.2634893939198561,1.3150281593913125,398,42,64
BHP,Basic Matierials,BiLSTM,classification,20,5,19,0.2810918509716814,1.4724189667474656,398,42,64
BHP,Basic Matierials,BiLSTM,classification,20,5,20,0.22283117377653194,0.6109422984577361,398,42,64
BHP,Basic Matierials,BiLSTM,classification,20,5,21,0.20297654274495402,1.322161785193852,398,42,64
BHP,Basic Matierials,BiLSTM,classification,20,5,22,0.22372160946959677,3.091753573644729,398,42,64
BHP,Basic Matierials,BiLSTM,classification,20,5,23,0.26282390468196953,2.7862490018208823,398,42,64
BHP,Basic Matierials,BiLSTM,classification,20,5,24,0.18145997502171812,1.2574428802444821,398,42,64
BHP,Basic Matierials,BiLSTM,classification,20,5,25,0.11717361020832205,1.9573497034254528,398,42,64
BHP,Basic Matierials,BiLSTM,classification,20,5,26,0.10064831065790887,2.4331291743687222,398,42,64
BHP,Basic Matierials,BiLSTM,classification,20,5,27,0.07142567295749583,2.4654255026862737,398,42,64
BHP,Basic Matierials,BiLSTM,classification,20,5,28,0.08330715630038515,2.7649038292112804,398,42,64
BHP,Basic Matierials,BiLSTM,classification,20,5,29,0.07950174848516307,2.793147461754935,398,42,64
BHP,Basic Matierials,BiLSTM,classification,20,5,30,0.08161711835316453,2.5564750092370168,398,42,64
BP,Basic Matierials,BiLSTM,classification,20,5,1,0.7867686161443815,0.6831979127157302,398,42,64
BP,Basic Matierials,BiLSTM,classification,20,5,2,0.6991434498647948,0.7441358509517851,398,42,64
BP,Basic Matierials,BiLSTM,classification,20,5,3,0.546885368362743,0.8091137409210205,398,42,64
BP,Basic Matierials,BiLSTM,classification,20,5,4,0.4881296115903998,0.9744922405197507,398,42,64
BP,Basic Matierials,BiLSTM,classification,20,5,5,0.5610231480107235,0.7175068912051973,398,42,64
BP,Basic Matierials,BiLSTM,classification,20,5,6,0.6243906996058459,1.1280665028662908,398,42,64
BP,Basic Matierials,BiLSTM,classification,20,5,7,0.5154445785373899,1.6859573693502516,398,42,64
BP,Basic Matierials,BiLSTM,classification,20,5,8,0.3979047268778835,1.5382620692253113,398,42,64
BP,Basic Matierials,BiLSTM,classification,20,5,9,0.3992219824886801,2.0186576389131092,398,42,64
BP,Basic Matierials,BiLSTM,classification,20,5,10,0.3693973122529648,1.7570699566886538,398,42,64
BP,Basic Matierials,BiLSTM,classification,20,5,11,0.3041271753047579,1.5754414144016446,398,42,64
BP,Basic Matierials,BiLSTM,classification,20,5,12,0.23729732542780776,2.0909936740284873,398,42,64
BP,Basic Matierials,BiLSTM,classification,20,5,13,0.20856539365933768,2.3040222695895602,398,42,64
BP,Basic Matierials,BiLSTM,classification,20,5,14,0.18786340195629464,2.4278023157800948,398,42,64
BP,Basic Matierials,BiLSTM,classification,20,5,15,0.17548751954607028,2.639963530358814,398,42,64
BP,Basic Matierials,BiLSTM,classification,20,5,16,0.19251766497615594,3.653847194853283,398,42,64
BRK-A,Financial,BiLSTM,classification,20,5,1,0.7825368618845341,0.8676819744564238,398,42,64
BRK-A,Financial,BiLSTM,classification,20,5,2,0.6758757017964694,1.952128773643857,398,42,64
BRK-A,Financial,BiLSTM,classification,20,5,3,0.5911704149078484,2.757233733222598,398,42,64
BRK-A,Financial,BiLSTM,classification,20,5,4,0.5914362851698794,3.3743495714096796,398,42,64
BRK-A,Financial,BiLSTM,classification,20,5,5,0.5588790215739053,2.5228791123344783,398,42,64
BRK-A,Financial,BiLSTM,classification,20,5,6,0.5457746933153527,3.9867947896321616,398,42,64
BRK-A,Financial,BiLSTM,classification,20,5,7,0.5122940245285705,4.518005575452532,398,42,64
BRK-A,Financial,BiLSTM,classification,20,5,8,0.47848727610243025,5.047883238111224,398,42,64
BRK-A,Financial,BiLSTM,classification,20,5,9,0.5261358087086797,6.429528962998163,398,42,64
BRK-A,Financial,BiLSTM,classification,20,5,10,0.48974856352386764,5.880199159894671,398,42,64
BRK-A,Financial,BiLSTM,classification,20,5,11,0.3678442411237027,6.128322238013858,398,42,64
BRK-A,Financial,BiLSTM,classification,20,5,12,0.34239870863943245,6.625515529087612,398,42,64
BRK-A,Financial,BiLSTM,classification,20,5,13,0.3226314880814984,7.135865711030506,398,42,64
BRK-A,Financial,BiLSTM,classification,20,5,14,0.28863307111077574,7.628010023207891,398,42,64
BRK-A,Financial,BiLSTM,classification,20,5,15,0.26616062650728467,8.161298433939615,398,42,64
BRK-A,Financial,BiLSTM,classification,20,5,16,0.2847737132679278,8.59444422948928,398,42,64
BSAC,Financial,BiLSTM,classification,20,5,1,0.7840223201555223,0.6805546255338759,398,42,64
BSAC,Financial,BiLSTM,classification,20,5,2,0.6116457189147796,1.0472698609034221,398,42,64
BSAC,Financial,BiLSTM,classification,20,5,3,0.54898179266321,1.1392819938205538,398,42,64
BSAC,Financial,BiLSTM,classification,20,5,4,0.5006950889999543,1.913488126936413,398,42,64
BSAC,Financial,BiLSTM,classification,20,5,5,0.39772429313491936,2.6721963428315663,398,42,64
BSAC,Financial,BiLSTM,classification,20,5,6,0.5014707231940936,2.3015550658816384,398,42,64
BSAC,Financial,BiLSTM,classification,20,5,7,0.5347425799873007,2.8996587707882835,398,42,64
BSAC,Financial,BiLSTM,classification,20,5,8,0.44085706103986233,3.672810372852144,398,42,64
BSAC,Financial,BiLSTM,classification,20,5,9,0.36014921955726853,3.87999457404727,398,42,64
BSAC,Financial,BiLSTM,classification,20,5,10,0.29521690541176343,4.286779312860398,398,42,64
BSAC,Financial,BiLSTM,classification,20,5,11,0.2263833320320551,5.116451376960391,398,42,64
BSAC,Financial,BiLSTM,classification,20,5,12,0.21559643356045285,5.622050376165481,398,42,64
BSAC,Financial,BiLSTM,classification,20,5,13,0.20011352743934746,5.491451672145298,398,42,64
BSAC,Financial,BiLSTM,classification,20,5,14,0.181649474792145,6.0846742902483255,398,42,64
BSAC,Financial,BiLSTM,classification,20,5,15,0.16993956720858963,6.766346250261579,398,42,64
BSAC,Financial,BiLSTM,classification,20,5,16,0.1316274726510647,6.291198821294875,398,42,64
BUD,Consumer Goods,BiLSTM,classification,20,5,1,0.6812130979557133,0.7540456624258132,398,42,64
BUD,Consumer Goods,BiLSTM,classification,20,5,2,0.5524793080049544,1.3593769187018985,398,42,64
BUD,Consumer Goods,BiLSTM,classification,20,5,3,0.4745393906106901,1.91969929422651,398,42,64
BUD,Consumer Goods,BiLSTM,classification,20,5,4,0.44110035536876274,3.385502588181269,398,42,64
BUD,Consumer Goods,BiLSTM,classification,20,5,5,0.4714398354142155,3.3244676022302535,398,42,64
BUD,Consumer Goods,BiLSTM,classification,20,5,6,0.4913063715750249,3.5023138636634465,398,42,64
BUD,Consumer Goods,BiLSTM,classification,20,5,7,0.42068155566651616,4.107096831003825,398,42,64
BUD,Consumer Goods,BiLSTM,classification,20,5,8,0.3609450934220798,4.642456122807094,398,42,64
BUD,Consumer Goods,BiLSTM,classification,20,5,9,0.39811400447658557,3.687072367895217,398,42,64
BUD,Consumer Goods,BiLSTM,classification,20,5,10,0.3182085810144942,4.055464131491525,398,42,64
BUD,Consumer Goods,BiLSTM,classification,20,5,11,0.2772233698835325,4.724557785760789,398,42,64
BUD,Consumer Goods,BiLSTM,classification,20,5,12,0.21747991629880875,5.218403611864362,398,42,64
BUD,Consumer Goods,BiLSTM,classification,20,5,13,0.19929344412968986,5.555956681569417,398,42,64
BUD,Consumer Goods,BiLSTM,classification,20,5,14,0.20157194583110474,5.4397259666806175,398,42,64
BUD,Consumer Goods,BiLSTM,classification,20,5,15,0.1690660808703408,5.291307517460415,398,42,64
BUD,Consumer Goods,BiLSTM,classification,20,5,16,0.14439523452190897,6.948311487833659,398,42,64
C,Financial,BiLSTM,classification,20,5,1,0.8361077063047706,0.6921072942870004,398,42,64
C,Financial,BiLSTM,classification,20,5,2,0.5922430186115917,1.4838401590074812,398,42,64
C,Financial,BiLSTM,classification,20,5,3,0.5719214465150881,1.0077764363515944,398,42,64
C,Financial,BiLSTM,classification,20,5,4,0.47772959967953477,1.2906035922822499,398,42,64
C,Financial,BiLSTM,classification,20,5,5,0.4363712717839821,2.649288359142485,398,42,64
C,Financial,BiLSTM,classification,20,5,6,0.38285869824227375,3.1982050169081915,398,42,64
C,Financial,BiLSTM,classification,20,5,7,0.41950722390682854,4.062648750486828,398,42,64
C,Financial,BiLSTM,classification,20,5,8,0.41610661029216633,3.7143253825959706,398,42,64
C,Financial,BiLSTM,classification,20,5,9,0.4061622875719214,3.6953081630525135,398,42,64
C,Financial,BiLSTM,classification,20,5,10,0.4007814132126432,3.8833290054684593,398,42,64
C,Financial,BiLSTM,classification,20,5,11,0.27552001369209145,4.12120855422247,398,42,64
C,Financial,BiLSTM,classification,20,5,12,0.26916959234068744,4.47715087164016,398,42,64
C,Financial,BiLSTM,classification,20,5,13,0.23956081410635954,4.6578825541905,398,42,64
C,Financial,BiLSTM,classification,20,5,14,0.21541944645981692,4.990892682756696,398,42,64
C,Financial,BiLSTM,classification,20,5,15,0.1977809187137152,5.409608840942383,398,42,64
C,Financial,BiLSTM,classification,20,5,16,0.18203239826176634,5.44289661589123,398,42,64
CAT,Industrial Goods,BiLSTM,classification,20,5,1,0.8386830013601025,0.8533172664188203,398,42,64
CAT,Industrial Goods,BiLSTM,classification,20,5,2,0.6305122609114527,1.0396863108589536,398,42,64
CAT,Industrial Goods,BiLSTM,classification,20,5,3,0.5444351326880144,1.1773160752795993,398,42,64
CAT,Industrial Goods,BiLSTM,classification,20,5,4,0.4960076973665899,1.6286059731528872,398,42,64
CAT,Industrial Goods,BiLSTM,classification,20,5,5,0.4028595548179281,2.6510397593180337,398,42,64
CAT,Industrial Goods,BiLSTM,classification,20,5,6,0.49597544436478735,3.6571721122378396,398,42,64
CAT,Industrial Goods,BiLSTM,classification,20,5,7,0.5968338400874306,2.002662840343657,398,42,64
CAT,Industrial Goods,BiLSTM,classification,20,5,8,0.41435415900532324,1.2890809377034504,398,42,64
CAT,Industrial Goods,BiLSTM,classification,20,5,9,0.36719539896327646,1.97576870237078,398,42,64
CAT,Industrial Goods,BiLSTM,classification,20,5,10,0.3261472841902594,1.3749977463767642,398,42,64
CAT,Industrial Goods,BiLSTM,classification,20,5,11,0.26034398609070325,1.9007271357945033,398,42,64
CAT,Industrial Goods,BiLSTM,classification,20,5,12,0.21654399720268633,1.8017473561423165,398,42,64
CAT,Industrial Goods,BiLSTM,classification,20,5,13,0.18734570132128558,1.8604223501114618,398,42,64
CAT,Industrial Goods,BiLSTM,classification,20,5,14,0.16526881961067716,1.6605933677582514,398,42,64
CAT,Industrial Goods,BiLSTM,classification,20,5,15,0.18317800370892087,1.973727544148763,398,42,64
CAT,Industrial Goods,BiLSTM,classification,20,5,16,0.154986955337788,2.2700132642473494,398,42,64
CELG,Healthcare,BiLSTM,classification,20,5,1,0.7553325421247051,0.6318705933434623,398,42,64
CELG,Healthcare,BiLSTM,classification,20,5,2,0.5985344793628807,0.7602523281460717,398,42,64
CELG,Healthcare,BiLSTM,classification,20,5,3,0.5489042819145337,0.689152873697735,398,42,64
CELG,Healthcare,BiLSTM,classification,20,5,4,0.5180507171243879,0.8767305640947252,398,42,64
CELG,Healthcare,BiLSTM,classification,20,5,5,0.4867650038333394,1.8751962639036632,398,42,64
CELG,Healthcare,BiLSTM,classification,20,5,6,0.5051072920536875,1.2086827017012096,398,42,64
CELG,Healthcare,BiLSTM,classification,20,5,7,0.465857524668152,2.007667825335548,398,42,64
CELG,Healthcare,BiLSTM,classification,20,5,8,0.48069391702886805,1.0033727486928303,398,42,64
CELG,Healthcare,BiLSTM,classification,20,5,9,0.5030614187444874,1.7687588532765706,398,42,64
CELG,Healthcare,BiLSTM,classification,20,5,10,0.45807285322316327,1.2925848620278495,398,42,64
CELG,Healthcare,BiLSTM,classification,20,5,11,0.3147871154711474,1.3513807569231306,398,42,64
CELG,Healthcare,BiLSTM,classification,20,5,12,0.3057229882808187,1.7079500811440604,398,42,64
CELG,Healthcare,BiLSTM,classification,20,5,13,0.2532647472605034,2.005405970982143,398,42,64
CELG,Healthcare,BiLSTM,classification,20,5,14,0.24896891452559275,2.1307364872523715,398,42,64
CELG,Healthcare,BiLSTM,classification,20,5,15,0.24472347673159747,2.849849133264451,398,42,64
CELG,Healthcare,BiLSTM,classification,20,5,16,0.2158095063501267,2.4286084175109863,398,42,64
CHL,Technology,BiLSTM,classification,20,5,1,0.8009648125375336,0.6870465534073966,398,42,64
CHL,Technology,BiLSTM,classification,20,5,2,0.6156486509433344,0.6353270241192409,398,42,64
CHL,Technology,BiLSTM,classification,20,5,3,0.5391527071370551,0.7422598940985543,398,42,64
CHL,Technology,BiLSTM,classification,20,5,4,0.5054464885337868,0.6703617203803289,398,42,64
CHL,Technology,BiLSTM,classification,20,5,5,0.43805709256598696,0.8247728404544649,398,42,64
CHL,Technology,BiLSTM,classification,20,5,6,0.43471227773469895,0.6935886173021226,398,42,64
CHL,Technology,BiLSTM,classification,20,5,7,0.4182015422301077,1.3184195870444888,398,42,64
CHL,Technology,BiLSTM,classification,20,5,8,0.3856002177724886,0.8036703666051229,398,42,64
CHL,Technology,BiLSTM,classification,20,5,9,0.3290333667741948,0.8622272128150577,398,42,64
CHL,Technology,BiLSTM,classification,20,5,10,0.3459768221905483,1.5907129730497087,398,42,64
CHL,Technology,BiLSTM,classification,20,5,11,0.38277649302877975,1.344157099723816,398,42,64
CHL,Technology,BiLSTM,classification,20,5,12,0.25067271045104944,1.134884970528739,398,42,64
CHL,Technology,BiLSTM,classification,20,5,13,0.21779940318522142,1.0842715161187308,398,42,64
CHL,Technology,BiLSTM,classification,20,5,14,0.17090815283245778,1.343160175141834,398,42,64
CHL,Technology,BiLSTM,classification,20,5,15,0.14243395678961096,1.3558867885952903,398,42,64
CHL,Technology,BiLSTM,classification,20,5,16,0.13962947303925327,1.3508549247469221,398,42,64
CHL,Technology,BiLSTM,classification,20,5,17,0.13047980037915646,1.6859435467492967,398,42,64
CHTR,Services,BiLSTM,classification,20,5,1,0.7636984907202984,0.7582304875055949,398,42,64
CHTR,Services,BiLSTM,classification,20,5,2,0.6662930638047319,0.9119874551182702,398,42,64
CHTR,Services,BiLSTM,classification,20,5,3,0.5540468492100586,1.0030807100591206,398,42,64
CHTR,Services,BiLSTM,classification,20,5,4,0.559741385318526,1.9112251855078197,398,42,64
CHTR,Services,BiLSTM,classification,20,5,5,0.49101369509744885,1.5948753839447385,398,42,64
CHTR,Services,BiLSTM,classification,20,5,6,0.4834219465902702,2.3468758293560574,398,42,64
CHTR,Services,BiLSTM,classification,20,5,7,0.44494608359121196,3.093635851428622,398,42,64
CHTR,Services,BiLSTM,classification,20,5,8,0.40884298670231994,2.807560009615762,398,42,64
CHTR,Services,BiLSTM,classification,20,5,9,0.40546323598629264,1.432649818204698,398,42,64
CHTR,Services,BiLSTM,classification,20,5,10,0.34801714388120114,1.8892578411669958,398,42,64
CHTR,Services,BiLSTM,classification,20,5,11,0.2620415183242841,2.2389619137559618,398,42,64
CHTR,Services,BiLSTM,classification,20,5,12,0.23065924683782324,2.461343993743261,398,42,64
CHTR,Services,BiLSTM,classification,20,5,13,0.1783073381637808,2.4440405524912334,398,42,64
CHTR,Services,BiLSTM,classification,20,5,14,0.19413732954455382,3.1719098403340293,398,42,64
CHTR,Services,BiLSTM,classification,20,5,15,0.1939470293234341,2.425490040154684,398,42,64
CHTR,Services,BiLSTM,classification,20,5,16,0.18422703152924927,2.5178917532875422,398,42,64
CMCSA,Services,BiLSTM,classification,20,5,1,0.7610122992764765,0.6944581156685239,398,42,64
CMCSA,Services,BiLSTM,classification,20,5,2,0.7176643370383948,0.6363041826656887,398,42,64
CMCSA,Services,BiLSTM,classification,20,5,3,0.5963059118644676,0.6929893124671209,398,42,64
CMCSA,Services,BiLSTM,classification,20,5,4,0.5267976261862558,1.3807140361695063,398,42,64
CMCSA,Services,BiLSTM,classification,20,5,5,0.5433672963075302,0.711853475797744,398,42,64
CMCSA,Services,BiLSTM,classification,20,5,6,0.4935736084104183,1.1450981128783453,398,42,64
CMCSA,Services,BiLSTM,classification,20,5,7,0.40262022943951975,1.3467998731703985,398,42,64
CMCSA,Services,BiLSTM,classification,20,5,8,0.37358258926688725,3.003525768007551,398,42,64
CMCSA,Services,BiLSTM,classification,20,5,9,0.4024846323920255,1.8695207380113148,398,42,64
CMCSA,Services,BiLSTM,classification,20,5,10,0.36077773451206074,3.542806704839071,398,42,64
CMCSA,Services,BiLSTM,classification,20,5,11,0.34720594147641454,2.2274480887821744,398,42,64
CMCSA,Services,BiLSTM,classification,20,5,12,0.26661494198306723,1.9752686023712158,398,42,64
CMCSA,Services,BiLSTM,classification,20,5,13,0.24024135963850884,2.4504255680810836,398,42,64
CMCSA,Services,BiLSTM,classification,20,5,14,0.2046361884017985,2.5503246103014265,398,42,64
CMCSA,Services,BiLSTM,classification,20,5,15,0.19051729610667156,2.378538665317354,398,42,64
CMCSA,Services,BiLSTM,classification,20,5,16,0.17633216737315582,3.0105257488432384,398,42,64
CMCSA,Services,BiLSTM,classification,20,5,17,0.1760535595479922,3.0804675874255953,398,42,64
CODI,Conglomerates,BiLSTM,classification,20,5,1,0.8278026443030966,0.6854360529354641,398,42,64
CODI,Conglomerates,BiLSTM,classification,20,5,2,0.6399118109564086,0.8920980124246507,398,42,64
CODI,Conglomerates,BiLSTM,classification,20,5,3,0.6105534937513534,0.9124789010910761,398,42,64
CODI,Conglomerates,BiLSTM,classification,20,5,4,0.5350470941270417,2.305495795749483,398,42,64
CODI,Conglomerates,BiLSTM,classification,20,5,5,0.6237685299997953,2.319954508826846,398,42,64
CODI,Conglomerates,BiLSTM,classification,20,5,6,0.48872828363773213,2.4471291019803,398,42,64
CODI,Conglomerates,BiLSTM,classification,20,5,7,0.5102237765513473,2.0705821968260265,398,42,64
CODI,Conglomerates,BiLSTM,classification,20,5,8,0.42312362775131684,4.119742052895682,398,42,64
CODI,Conglomerates,BiLSTM,classification,20,5,9,0.4323933355173274,2.3571846258072626,398,42,64
CODI,Conglomerates,BiLSTM,classification,20,5,10,0.3713442767085742,2.584032876150949,398,42,64
CODI,Conglomerates,BiLSTM,classification,20,5,11,0.30527386997812356,4.03496249516805,398,42,64
CODI,Conglomerates,BiLSTM,classification,20,5,12,0.2944756878081279,5.056761673518589,398,42,64
CODI,Conglomerates,BiLSTM,classification,20,5,13,0.25095169695477987,4.557227611541748,398,42,64
CODI,Conglomerates,BiLSTM,classification,20,5,14,0.2408523008451989,5.066561857859294,398,42,64
CODI,Conglomerates,BiLSTM,classification,20,5,15,0.24162344267619915,4.401309490203857,398,42,64
CODI,Conglomerates,BiLSTM,classification,20,5,16,0.2290203172956879,4.476047924586704,398,42,64
CSCO,Technology,BiLSTM,classification,20,5,1,0.7742381751836844,0.7403014983449664,398,42,64
CSCO,Technology,BiLSTM,classification,20,5,2,0.618452071544513,0.6812810755911327,398,42,64
CSCO,Technology,BiLSTM,classification,20,5,3,0.5405820470359457,0.7255737270627703,398,42,64
CSCO,Technology,BiLSTM,classification,20,5,4,0.4843031097596614,0.9604347092764718,398,42,64
CSCO,Technology,BiLSTM,classification,20,5,5,0.4378149018215774,1.2576374752180917,398,42,64
CSCO,Technology,BiLSTM,classification,20,5,6,0.4136719585363589,1.5380023632730757,398,42,64
CSCO,Technology,BiLSTM,classification,20,5,7,0.3795506227106305,1.7626845098677135,398,42,64
CSCO,Technology,BiLSTM,classification,20,5,8,0.3867559548298917,1.4203850229581196,398,42,64
CSCO,Technology,BiLSTM,classification,20,5,9,0.35754100899750263,1.729497234026591,398,42,64
CSCO,Technology,BiLSTM,classification,20,5,10,0.30049317225289707,2.1153043565295993,398,42,64
CSCO,Technology,BiLSTM,classification,20,5,11,0.27944535713399477,2.4891083467574346,398,42,64
CSCO,Technology,BiLSTM,classification,20,5,12,0.2275974345416879,2.790784302211943,398,42,64
CSCO,Technology,BiLSTM,classification,20,5,13,0.18262569808480728,2.561595315024966,398,42,64
CSCO,Technology,BiLSTM,classification,20,5,14,0.16427950317685927,2.562371498062497,398,42,64
CSCO,Technology,BiLSTM,classification,20,5,15,0.16106497383110188,2.6747603757040843,398,42,64
CSCO,Technology,BiLSTM,classification,20,5,16,0.15382188808491182,2.957897946948097,398,42,64
CSCO,Technology,BiLSTM,classification,20,5,17,0.1329628783535568,2.82532989411127,398,42,64
CVX,Basic Matierials,BiLSTM,classification,20,5,1,0.7599813375041713,0.7194353398822603,398,42,64
CVX,Basic Matierials,BiLSTM,classification,20,5,2,0.6366502043589874,0.8389347422690618,398,42,64
CVX,Basic Matierials,BiLSTM,classification,20,5,3,0.6323641529634371,2.421340510958717,398,42,64
CVX,Basic Matierials,BiLSTM,classification,20,5,4,0.5437242255438512,1.3930174055553617,398,42,64
CVX,Basic Matierials,BiLSTM,classification,20,5,5,0.529601292244753,2.4716103020168485,398,42,64
CVX,Basic Matierials,BiLSTM,classification,20,5,6,0.47011480753745266,3.170976684207008,398,42,64
CVX,Basic Matierials,BiLSTM,classification,20,5,7,0.4732909253494224,3.537262031010219,398,42,64
CVX,Basic Matierials,BiLSTM,classification,20,5,8,0.45548749119792153,3.0602556410289945,398,42,64
CVX,Basic Matierials,BiLSTM,classification,20,5,9,0.42634386408269104,4.015123231070382,398,42,64
CVX,Basic Matierials,BiLSTM,classification,20,5,10,0.3658596585743391,3.4531705720084056,398,42,64
CVX,Basic Matierials,BiLSTM,classification,20,5,11,0.3226877277220913,4.391754547754924,398,42,64
CVX,Basic Matierials,BiLSTM,classification,20,5,12,0.2698243253269986,5.25075151806786,398,42,64
CVX,Basic Matierials,BiLSTM,classification,20,5,13,0.24187264205822392,4.739274558566866,398,42,64
CVX,Basic Matierials,BiLSTM,classification,20,5,14,0.22849623686704204,5.012726829165504,398,42,64
CVX,Basic Matierials,BiLSTM,classification,20,5,15,0.2160376418924811,5.58901884442284,398,42,64
CVX,Basic Matierials,BiLSTM,classification,20,5,16,0.23254903020271703,5.2765347844078425,398,42,64
D,Utilities,BiLSTM,classification,20,5,1,0.7061569963268299,0.6869760723341078,398,42,64
D,Utilities,BiLSTM,classification,20,5,2,0.553301945852874,0.7317411644118172,398,42,64
D,Utilities,BiLSTM,classification,20,5,3,0.4835135507673474,0.7648199257396516,398,42,64
D,Utilities,BiLSTM,classification,20,5,4,0.4766320364559116,1.7771763744808378,398,42,64
D,Utilities,BiLSTM,classification,20,5,5,0.5355131449411862,0.9623444903464544,398,42,64
D,Utilities,BiLSTM,classification,20,5,6,0.38615452621749896,1.1443643059049333,398,42,64
D,Utilities,BiLSTM,classification,20,5,7,0.40885020492963453,1.2958929198128837,398,42,64
D,Utilities,BiLSTM,classification,20,5,8,0.39388152627489675,1.0871216229030065,398,42,64
D,Utilities,BiLSTM,classification,20,5,9,0.2948593989613667,0.904559470358349,398,42,64
D,Utilities,BiLSTM,classification,20,5,10,0.2700265601239911,1.0393659954979306,398,42,64
D,Utilities,BiLSTM,classification,20,5,11,0.2522914236664173,0.9873199803488595,398,42,64
D,Utilities,BiLSTM,classification,20,5,12,0.2075586355286627,1.3822791235787528,398,42,64
D,Utilities,BiLSTM,classification,20,5,13,0.19925321746224434,1.267553999310448,398,42,64
D,Utilities,BiLSTM,classification,20,5,14,0.18048560903431032,1.588129372823806,398,42,64
D,Utilities,BiLSTM,classification,20,5,15,0.17312171402850643,1.3100945836021787,398,42,64
D,Utilities,BiLSTM,classification,20,5,16,0.16925503130084904,1.6268118449619837,398,42,64
DHR,Industrial Goods,BiLSTM,classification,20,5,1,0.7424579271719084,0.656730280036018,398,42,64
DHR,Industrial Goods,BiLSTM,classification,20,5,2,0.6848587522554637,0.6817111656779334,398,42,64
DHR,Industrial Goods,BiLSTM,classification,20,5,3,0.5762154347632997,0.9928147594134012,398,42,64
DHR,Industrial Goods,BiLSTM,classification,20,5,4,0.5178138754475656,1.0585340971038455,398,42,64
DHR,Industrial Goods,BiLSTM,classification,20,5,5,0.49461918335464133,1.6019966148194813,398,42,64
DHR,Industrial Goods,BiLSTM,classification,20,5,6,0.5442001557529871,0.8716438824222201,398,42,64
DHR,Industrial Goods,BiLSTM,classification,20,5,7,0.48250525635690544,1.4069532865569705,398,42,64
DHR,Industrial Goods,BiLSTM,classification,20,5,8,0.5813847324956003,1.1741362909475963,398,42,64
DHR,Industrial Goods,BiLSTM,classification,20,5,9,0.4492355695920973,1.8664674702144803,398,42,64
DHR,Industrial Goods,BiLSTM,classification,20,5,10,0.5068322752588358,1.5021959997358776,398,42,64
DHR,Industrial Goods,BiLSTM,classification,20,5,11,0.37753387791427534,1.5537979091916765,398,42,64
DHR,Industrial Goods,BiLSTM,classification,20,5,12,0.319756805522358,1.6437653388295854,398,42,64
DHR,Industrial Goods,BiLSTM,classification,20,5,13,0.31168248556816397,1.48763207310722,398,42,64
DHR,Industrial Goods,BiLSTM,classification,20,5,14,0.23981715371860332,1.5475465144429887,398,42,64
DHR,Industrial Goods,BiLSTM,classification,20,5,15,0.2465845437430257,1.9208694355828422,398,42,64
DHR,Industrial Goods,BiLSTM,classification,20,5,16,0.23545205166291952,1.8383679418336778,398,42,64
DIS,Services,BiLSTM,classification,20,5,1,0.7053371371336319,0.7582685436521258,398,42,64
DIS,Services,BiLSTM,classification,20,5,2,0.5769884580343811,0.9832850893338522,398,42,64
DIS,Services,BiLSTM,classification,20,5,3,0.5039564083569014,1.5317006962639945,398,42,64
DIS,Services,BiLSTM,classification,20,5,4,0.4794882136074143,1.2633944891747975,398,42,64
DIS,Services,BiLSTM,classification,20,5,5,0.6049049111766431,1.2825539850053334,398,42,64
DIS,Services,BiLSTM,classification,20,5,6,0.4685333245363667,1.6385256080400377,398,42,64
DIS,Services,BiLSTM,classification,20,5,7,0.5060744290076309,2.26301646232605,398,42,64
DIS,Services,BiLSTM,classification,20,5,8,0.44891396913696174,1.7505651371819633,398,42,64
DIS,Services,BiLSTM,classification,20,5,9,0.38948654709149844,2.329911322820754,398,42,64
DIS,Services,BiLSTM,classification,20,5,10,0.38003895660141607,2.364008074715024,398,42,64
DIS,Services,BiLSTM,classification,20,5,11,0.2813496376252055,1.993084152539571,398,42,64
DIS,Services,BiLSTM,classification,20,5,12,0.2494297563730173,2.0823100010553994,398,42,64
DIS,Services,BiLSTM,classification,20,5,13,0.2317324798535462,2.2660996516545615,398,42,64
DIS,Services,BiLSTM,classification,20,5,14,0.20801205393956534,2.1359204962140037,398,42,64
DIS,Services,BiLSTM,classification,20,5,15,0.17982078418510045,2.204854068301973,398,42,64
DIS,Services,BiLSTM,classification,20,5,16,0.17726393070202975,2.2424467461449757,398,42,64
DUK,Utilities,BiLSTM,classification,20,5,1,0.7739010610472616,0.6775983089492434,398,42,64
DUK,Utilities,BiLSTM,classification,20,5,2,0.6324919924963659,0.8517326996439979,398,42,64
DUK,Utilities,BiLSTM,classification,20,5,3,0.6450368401093699,1.093200025104341,398,42,64
DUK,Utilities,BiLSTM,classification,20,5,4,0.5391965922548543,1.737803183889593,398,42,64
DUK,Utilities,BiLSTM,classification,20,5,5,0.46367122502482716,2.4576628107488867,398,42,64
DUK,Utilities,BiLSTM,classification,20,5,6,0.3946016732247631,3.1106121388119865,398,42,64
DUK,Utilities,BiLSTM,classification,20,5,7,0.40240048265187583,3.4934457117723023,398,42,64
DUK,Utilities,BiLSTM,classification,20,5,8,0.41996244640655855,3.8404783955849693,398,42,64
DUK,Utilities,BiLSTM,classification,20,5,9,0.45444346646118405,3.7266613571960727,398,42,64
DUK,Utilities,BiLSTM,classification,20,5,10,0.3376463057108261,3.983748278875975,398,42,64
DUK,Utilities,BiLSTM,classification,20,5,11,0.3086790211086896,4.18021167221715,398,42,64
DUK,Utilities,BiLSTM,classification,20,5,12,0.2506212239626365,4.561470386777349,398,42,64
DUK,Utilities,BiLSTM,classification,20,5,13,0.20839465611693847,5.116209647497951,398,42,64
DUK,Utilities,BiLSTM,classification,20,5,14,0.20028420301837538,5.406230454370571,398,42,64
DUK,Utilities,BiLSTM,classification,20,5,15,0.16197222409461012,5.777374674660068,398,42,64
DUK,Utilities,BiLSTM,classification,20,5,16,0.1607721918566742,6.0305887984206175,398,42,64
EXC,Utilities,BiLSTM,classification,20,5,1,0.7114298965164165,0.7054764855475653,398,42,64
EXC,Utilities,BiLSTM,classification,20,5,2,0.6014805261663456,0.7615196137201219,398,42,64
EXC,Utilities,BiLSTM,classification,20,5,3,0.5153862805522267,1.677323267573402,398,42,64
EXC,Utilities,BiLSTM,classification,20,5,4,0.44432522498782556,1.2135810341153825,398,42,64
EXC,Utilities,BiLSTM,classification,20,5,5,0.4476346073662815,1.5924845933914185,398,42,64
EXC,Utilities,BiLSTM,classification,20,5,6,0.44111203465928983,1.8270864997591292,398,42,64
EXC,Utilities,BiLSTM,classification,20,5,7,0.37492230025368123,2.6108415524164834,398,42,64
EXC,Utilities,BiLSTM,classification,20,5,8,0.41574319523183545,2.550195472581046,398,42,64
EXC,Utilities,BiLSTM,classification,20,5,9,0.3336872244674956,1.5216494032314845,398,42,64
EXC,Utilities,BiLSTM,classification,20,5,10,0.27958535784902283,1.6271517418679737,398,42,64
EXC,Utilities,BiLSTM,classification,20,5,11,0.2480582145590279,1.9333490133285522,398,42,64
EXC,Utilities,BiLSTM,classification,20,5,12,0.20904415850550984,1.8693269661494665,398,42,64
EXC,Utilities,BiLSTM,classification,20,5,13,0.20294299540133331,1.9433403526033675,398,42,64
EXC,Utilities,BiLSTM,classification,20,5,14,0.1853081459301201,1.9869375342414493,398,42,64
EXC,Utilities,BiLSTM,classification,20,5,15,0.14721953844295899,2.437747597694397,398,42,64
EXC,Utilities,BiLSTM,classification,20,5,16,0.16189418326894842,2.4362294503620694,398,42,64
FB,Technology,BiLSTM,classification,20,5,1,0.779269516767569,0.7064334579876491,398,42,64
FB,Technology,BiLSTM,classification,20,5,2,0.7060648204393722,0.871550318740663,398,42,64
FB,Technology,BiLSTM,classification,20,5,3,0.5703800595435665,2.1041571469534013,398,42,64
FB,Technology,BiLSTM,classification,20,5,4,0.47419183757436933,2.614709218343099,398,42,64
FB,Technology,BiLSTM,classification,20,5,5,0.4616709456371902,4.080554439907982,398,42,64
FB,Technology,BiLSTM,classification,20,5,6,0.458423769279341,3.6812336217789423,398,42,64
FB,Technology,BiLSTM,classification,20,5,7,0.37619163814801065,4.508559090750558,398,42,64
FB,Technology,BiLSTM,classification,20,5,8,0.3915393269765916,5.51765505472819,398,42,64
FB,Technology,BiLSTM,classification,20,5,9,0.42414668606753325,4.933715808959234,398,42,64
FB,Technology,BiLSTM,classification,20,5,10,0.2949403774498695,5.390413375127883,398,42,64
FB,Technology,BiLSTM,classification,20,5,11,0.22692615930084606,5.280126458122616,398,42,64
FB,Technology,BiLSTM,classification,20,5,12,0.2066881760355815,5.798294816698347,398,42,64
FB,Technology,BiLSTM,classification,20,5,13,0.2059927594347216,5.956695011683872,398,42,64
FB,Technology,BiLSTM,classification,20,5,14,0.17765603469095037,5.774221760886056,398,42,64
FB,Technology,BiLSTM,classification,20,5,15,0.15890367281384504,5.470146610623314,398,42,64
FB,Technology,BiLSTM,classification,20,5,16,0.14137526464428585,6.434453759874616,398,42,64
GD,Industrial Goods,BiLSTM,classification,20,5,1,0.7522738707724528,0.707627432686942,398,42,64
GD,Industrial Goods,BiLSTM,classification,20,5,2,0.6106340522742152,0.7232390670549302,398,42,64
GD,Industrial Goods,BiLSTM,classification,20,5,3,0.5769703771600772,0.7871586850711277,398,42,64
GD,Industrial Goods,BiLSTM,classification,20,5,4,0.5378723629754991,0.7228622067542303,398,42,64
GD,Industrial Goods,BiLSTM,classification,20,5,5,0.5028554226585369,0.9114210775920323,398,42,64
GD,Industrial Goods,BiLSTM,classification,20,5,6,0.5020085090967878,0.8594202597935995,398,42,64
GD,Industrial Goods,BiLSTM,classification,20,5,7,0.5809589276960747,1.721316445441473,398,42,64
GD,Industrial Goods,BiLSTM,classification,20,5,8,0.43963702000565263,1.2180500967161996,398,42,64
GD,Industrial Goods,BiLSTM,classification,20,5,9,0.36368150469945304,1.85103862626212,398,42,64
GD,Industrial Goods,BiLSTM,classification,20,5,10,0.35701207427223725,1.550522077651251,398,42,64
GD,Industrial Goods,BiLSTM,classification,20,5,11,0.2759348099779843,1.2966091150329226,398,42,64
GD,Industrial Goods,BiLSTM,classification,20,5,12,0.2411850434751367,1.3667641083399455,398,42,64
GD,Industrial Goods,BiLSTM,classification,20,5,13,0.22154696225820475,1.723709191594805,398,42,64
GD,Industrial Goods,BiLSTM,classification,20,5,14,0.20352394414607006,1.5752114653587341,398,42,64
GD,Industrial Goods,BiLSTM,classification,20,5,15,0.21705751615253524,1.9229434160959153,398,42,64
GD,Industrial Goods,BiLSTM,classification,20,5,16,0.18569201624123893,1.8457091252009075,398,42,64
GE,Industrial Goods,BiLSTM,classification,20,5,1,0.8784343174953556,0.6716186233929226,398,42,64
GE,Industrial Goods,BiLSTM,classification,20,5,2,0.7137864064331629,0.8401768321082705,398,42,64
GE,Industrial Goods,BiLSTM,classification,20,5,3,0.5842232737109889,0.6077408336457752,398,42,64
GE,Industrial Goods,BiLSTM,classification,20,5,4,0.564820730805996,0.6150360703468323,398,42,64
GE,Industrial Goods,BiLSTM,classification,20,5,5,0.5142390326638917,0.5740911946410224,398,42,64
GE,Industrial Goods,BiLSTM,classification,20,5,6,0.5187085994224453,0.7783495670273191,398,42,64
GE,Industrial Goods,BiLSTM,classification,20,5,7,0.47076482449344653,0.7612260750361851,398,42,64
GE,Industrial Goods,BiLSTM,classification,20,5,8,0.4045451852544468,0.9788369905380976,398,42,64
GE,Industrial Goods,BiLSTM,classification,20,5,9,0.40527538348681963,0.7524680580411639,398,42,64
GE,Industrial Goods,BiLSTM,classification,20,5,10,0.35294690443642773,1.0153846854255313,398,42,64
GE,Industrial Goods,BiLSTM,classification,20,5,11,0.35517432297294466,0.6247784396012624,398,42,64
GE,Industrial Goods,BiLSTM,classification,20,5,12,0.33681581996793125,0.9691159838721866,398,42,64
GE,Industrial Goods,BiLSTM,classification,20,5,13,0.2612225738302547,0.9182639349074591,398,42,64
GE,Industrial Goods,BiLSTM,classification,20,5,14,0.2236099823485667,1.0253464835030692,398,42,64
GE,Industrial Goods,BiLSTM,classification,20,5,15,0.19150070939681038,1.283152693793887,398,42,64
GE,Industrial Goods,BiLSTM,classification,20,5,16,0.18914417810176484,1.3739519516626995,398,42,64
GE,Industrial Goods,BiLSTM,classification,20,5,17,0.1613858830015264,1.6682737838654291,398,42,64
GE,Industrial Goods,BiLSTM,classification,20,5,18,0.1588035855985167,1.722991597084772,398,42,64
GE,Industrial Goods,BiLSTM,classification,20,5,19,0.13269955707929243,1.708889018921625,398,42,64
GE,Industrial Goods,BiLSTM,classification,20,5,20,0.12592535314323314,1.754572067941938,398,42,64
GOOG,Technology,BiLSTM,classification,20,5,1,0.774559595177521,0.9134227945691064,398,42,64
GOOG,Technology,BiLSTM,classification,20,5,2,0.6880969872426748,1.3044927687872023,398,42,64
GOOG,Technology,BiLSTM,classification,20,5,3,0.5452417705825825,1.3649763039180212,398,42,64
GOOG,Technology,BiLSTM,classification,20,5,4,0.45939508132898627,2.20858557451339,398,42,64
GOOG,Technology,BiLSTM,classification,20,5,5,0.4593007632311265,2.1017324867702665,398,42,64
GOOG,Technology,BiLSTM,classification,20,5,6,0.4196987495612559,3.2572789759862992,398,42,64
GOOG,Technology,BiLSTM,classification,20,5,7,0.40881363770470547,3.0452033451625278,398,42,64
GOOG,Technology,BiLSTM,classification,20,5,8,0.40704809443734996,2.1018532457805814,398,42,64
GOOG,Technology,BiLSTM,classification,20,5,9,0.3899557234803636,3.170081535975138,398,42,64
GOOG,Technology,BiLSTM,classification,20,5,10,0.2721977723416072,3.7371589115687778,398,42,64
GOOG,Technology,BiLSTM,classification,20,5,11,0.22879187315328037,3.879993643079485,398,42,64
GOOG,Technology,BiLSTM,classification,20,5,12,0.18685283984558368,4.14628385362171,398,42,64
GOOG,Technology,BiLSTM,classification,20,5,13,0.19534605441980027,4.923421587262835,398,42,64
GOOG,Technology,BiLSTM,classification,20,5,14,0.2064101577984478,4.836993024462745,398,42,64
GOOG,Technology,BiLSTM,classification,20,5,15,0.163883522985943,4.8524971689496725,398,42,64
GOOG,Technology,BiLSTM,classification,20,5,16,0.16308417454848637,4.850826785677955,398,42,64
HD,Services,BiLSTM,classification,20,5,1,0.7432942344016166,0.699871906212398,398,42,64
HD,Services,BiLSTM,classification,20,5,2,0.6985720207343749,0.7440225737435477,398,42,64
HD,Services,BiLSTM,classification,20,5,3,0.634230081909266,0.721221787588937,398,42,64
HD,Services,BiLSTM,classification,20,5,4,0.509006070281992,0.8073697033382597,398,42,64
HD,Services,BiLSTM,classification,20,5,5,0.509439648882528,0.8102256939524696,398,42,64
HD,Services,BiLSTM,classification,20,5,6,0.45526927567307074,0.912480408237094,398,42,64
HD,Services,BiLSTM,classification,20,5,7,0.44914397792001465,1.6048619917460851,398,42,64
HD,Services,BiLSTM,classification,20,5,8,0.4272479965683803,1.8204989773886544,398,42,64
HD,Services,BiLSTM,classification,20,5,9,0.4128397412261172,1.7706921157382784,398,42,64
HD,Services,BiLSTM,classification,20,5,10,0.3464851087361724,1.395896553993225,398,42,64
HD,Services,BiLSTM,classification,20,5,11,0.2763963814581459,1.9756762584050496,398,42,64
HD,Services,BiLSTM,classification,20,5,12,0.26202906898442824,2.365410867191496,398,42,64
HD,Services,BiLSTM,classification,20,5,13,0.22740779680447962,2.91326912244161,398,42,64
HD,Services,BiLSTM,classification,20,5,14,0.19809313761491573,3.2678199268522716,398,42,64
HD,Services,BiLSTM,classification,20,5,15,0.19200276823049814,3.8528605075109574,398,42,64
HD,Services,BiLSTM,classification,20,5,16,0.1878886499006919,3.600288402466547,398,42,64
HON,Industrial Goods,BiLSTM,classification,20,5,1,0.740733382689893,0.6451646486918131,398,42,64
HON,Industrial Goods,BiLSTM,classification,20,5,2,0.624541575435418,0.6214539210001627,398,42,64
HON,Industrial Goods,BiLSTM,classification,20,5,3,0.5853419330850917,0.759646923769088,398,42,64
HON,Industrial Goods,BiLSTM,classification,20,5,4,0.5392082686999335,0.6194067796071371,398,42,64
HON,Industrial Goods,BiLSTM,classification,20,5,5,0.5034395937045016,0.8952940248307728,398,42,64
HON,Industrial Goods,BiLSTM,classification,20,5,6,0.4839766624584869,0.9202232704985709,398,42,64
HON,Industrial Goods,BiLSTM,classification,20,5,7,0.47873820742620293,0.7126360258885792,398,42,64
HON,Industrial Goods,BiLSTM,classification,20,5,8,0.41327484558575117,1.1268722109851383,398,42,64
HON,Industrial Goods,BiLSTM,classification,20,5,9,0.538941273961834,1.066707571702344,398,42,64
HON,Industrial Goods,BiLSTM,classification,20,5,10,0.43670943027465187,1.0224104931666738,398,42,64
HON,Industrial Goods,BiLSTM,classification,20,5,11,0.43747156899628326,1.1227149225416637,398,42,64
HON,Industrial Goods,BiLSTM,classification,20,5,12,0.37595845414465995,1.1584996048893248,398,42,64
HON,Industrial Goods,BiLSTM,classification,20,5,13,0.3213949236438502,1.1024449943076997,398,42,64
HON,Industrial Goods,BiLSTM,classification,20,5,14,0.28404254638519716,1.1406589732283638,398,42,64
HON,Industrial Goods,BiLSTM,classification,20,5,15,0.22739711970128307,1.326563881976264,398,42,64
HON,Industrial Goods,BiLSTM,classification,20,5,16,0.24255774143952222,1.4658286635364806,398,42,64
HON,Industrial Goods,BiLSTM,classification,20,5,17,0.22483879451326388,1.5631786251351947,398,42,64
HRG,Conglomerates,BiLSTM,classification,20,5,1,0.7338997122630402,0.6812646814755031,398,42,64
HRG,Conglomerates,BiLSTM,classification,20,5,2,0.6973449632750085,0.6322841587520781,398,42,64
HRG,Conglomerates,BiLSTM,classification,20,5,3,0.5420514481451044,0.5491974396365029,398,42,64
HRG,Conglomerates,BiLSTM,classification,20,5,4,0.5006436943708352,0.7924795633270627,398,42,64
HRG,Conglomerates,BiLSTM,classification,20,5,5,0.4844445641615882,0.8185683531420571,398,42,64
HRG,Conglomerates,BiLSTM,classification,20,5,6,0.5044127094685732,1.976353026571728,398,42,64
HRG,Conglomerates,BiLSTM,classification,20,5,7,0.4679671834461653,0.7594054752872104,398,42,64
HRG,Conglomerates,BiLSTM,classification,20,5,8,0.4435410018841825,0.827511625630515,398,42,64
HRG,Conglomerates,BiLSTM,classification,20,5,9,0.41734866820388106,0.814193613472439,398,42,64
HRG,Conglomerates,BiLSTM,classification,20,5,10,0.38098844780993824,0.8872658851600829,398,42,64
HRG,Conglomerates,BiLSTM,classification,20,5,11,0.3672055223179822,1.065225450765519,398,42,64
HRG,Conglomerates,BiLSTM,classification,20,5,12,0.3415552013783,0.9610485335191091,398,42,64
HRG,Conglomerates,BiLSTM,classification,20,5,13,0.2684161581435994,0.9487159578573137,398,42,64
HRG,Conglomerates,BiLSTM,classification,20,5,14,0.24161229368729806,1.0570451674007235,398,42,64
HRG,Conglomerates,BiLSTM,classification,20,5,15,0.2067584542922638,1.1922421228317988,398,42,64
HRG,Conglomerates,BiLSTM,classification,20,5,16,0.2195189240664693,1.2111142973105113,398,42,64
HRG,Conglomerates,BiLSTM,classification,20,5,17,0.1751386093434377,1.454680737994966,398,42,64
HRG,Conglomerates,BiLSTM,classification,20,5,18,0.15938889194073988,1.5514888309297108,398,42,64
HSBC,Financial,BiLSTM,classification,20,5,1,0.7153611003454007,0.792159500576201,398,42,64
HSBC,Financial,BiLSTM,classification,20,5,2,0.5972250667049657,1.0866235068866186,398,42,64
HSBC,Financial,BiLSTM,classification,20,5,3,0.5300631288008474,2.236833935692197,398,42,64
HSBC,Financial,BiLSTM,classification,20,5,4,0.46343660017653326,2.9430899165925526,398,42,64
HSBC,Financial,BiLSTM,classification,20,5,5,0.4518949821516497,3.31880978175572,398,42,64
HSBC,Financial,BiLSTM,classification,20,5,6,0.42420206934063875,3.720351979846046,398,42,64
HSBC,Financial,BiLSTM,classification,20,5,7,0.41681905326681523,3.0991200038364957,398,42,64
HSBC,Financial,BiLSTM,classification,20,5,8,0.38747319174771333,5.9095352490743,398,42,64
HSBC,Financial,BiLSTM,classification,20,5,9,0.34926004932453886,5.482382706233433,398,42,64
HSBC,Financial,BiLSTM,classification,20,5,10,0.3019686015931206,6.22726769674392,398,42,64
HSBC,Financial,BiLSTM,classification,20,5,11,0.2726648407216048,6.899167537689209,398,42,64
HSBC,Financial,BiLSTM,classification,20,5,12,0.20768066256040305,6.481672627585275,398,42,64
HSBC,Financial,BiLSTM,classification,20,5,13,0.19145298892416845,7.660316648937407,398,42,64
HSBC,Financial,BiLSTM,classification,20,5,14,0.17606338654555867,8.940871533893404,398,42,64
HSBC,Financial,BiLSTM,classification,20,5,15,0.18065341614916847,8.7474745568775,398,42,64
HSBC,Financial,BiLSTM,classification,20,5,16,0.1838300623954391,9.137083189828056,398,42,64
IEP,Conglomerates,BiLSTM,classification,20,5,1,0.7565561811528613,0.7145185754412696,398,42,64
IEP,Conglomerates,BiLSTM,classification,20,5,2,0.6418829937676089,0.766806131317502,398,42,64
IEP,Conglomerates,BiLSTM,classification,20,5,3,0.5513943559560345,1.0060218600999742,398,42,64
IEP,Conglomerates,BiLSTM,classification,20,5,4,0.5002366124685086,1.815134775070917,398,42,64
IEP,Conglomerates,BiLSTM,classification,20,5,5,0.5318764049803192,1.5505173887525285,398,42,64
IEP,Conglomerates,BiLSTM,classification,20,5,6,0.5201319483057338,2.8034447601863315,398,42,64
IEP,Conglomerates,BiLSTM,classification,20,5,7,0.5014025896937404,1.2854044778006417,398,42,64
IEP,Conglomerates,BiLSTM,classification,20,5,8,0.4742248598954186,2.563524144036429,398,42,64
IEP,Conglomerates,BiLSTM,classification,20,5,9,0.4674078958417902,1.7918337299710227,398,42,64
IEP,Conglomerates,BiLSTM,classification,20,5,10,0.3966877947201082,2.145253272283645,398,42,64
IEP,Conglomerates,BiLSTM,classification,20,5,11,0.3312174450212987,2.5765198185330345,398,42,64
IEP,Conglomerates,BiLSTM,classification,20,5,12,0.2816192501753419,2.68319194657462,398,42,64
IEP,Conglomerates,BiLSTM,classification,20,5,13,0.26489309371266534,2.271236987341018,398,42,64
IEP,Conglomerates,BiLSTM,classification,20,5,14,0.23646823515245063,3.389678432827904,398,42,64
IEP,Conglomerates,BiLSTM,classification,20,5,15,0.21854247452326156,4.277949446723575,398,42,64
IEP,Conglomerates,BiLSTM,classification,20,5,16,0.21506530742848937,4.768271900358654,398,42,64
INTC,Technology,BiLSTM,classification,20,5,1,0.821242827266904,0.6483570450828189,398,42,64
INTC,Technology,BiLSTM,classification,20,5,2,0.6793494146672925,0.6390369023595538,398,42,64
INTC,Technology,BiLSTM,classification,20,5,3,0.6241158864006924,0.5691765859013512,398,42,64
INTC,Technology,BiLSTM,classification,20,5,4,0.5357188130143898,0.5675858344350543,398,42,64
INTC,Technology,BiLSTM,classification,20,5,5,0.49614719559798887,0.5593947654678708,398,42,64
INTC,Technology,BiLSTM,classification,20,5,6,0.4521770031008888,0.6475704255558196,398,42,64
INTC,Technology,BiLSTM,classification,20,5,7,0.4419904351234436,0.7213211059570312,398,42,64
INTC,Technology,BiLSTM,classification,20,5,8,0.41748823255450285,0.750805261589232,398,42,64
INTC,Technology,BiLSTM,classification,20,5,9,0.34898050121925583,1.1784240688596452,398,42,64
INTC,Technology,BiLSTM,classification,20,5,10,0.3360569628339317,0.6345664120855785,398,42,64
INTC,Technology,BiLSTM,classification,20,5,11,0.3178672044720482,1.7736735287166776,398,42,64
INTC,Technology,BiLSTM,classification,20,5,12,0.2649201746636899,1.306656383332752,398,42,64
INTC,Technology,BiLSTM,classification,20,5,13,0.26977793119810334,1.9759092330932617,398,42,64
INTC,Technology,BiLSTM,classification,20,5,14,0.19115009596898927,1.0012423225811549,398,42,64
INTC,Technology,BiLSTM,classification,20,5,15,0.1317882466237599,1.1135284105936687,398,42,64
INTC,Technology,BiLSTM,classification,20,5,16,0.12346663213704699,1.142206697236924,398,42,64
INTC,Technology,BiLSTM,classification,20,5,17,0.11363150902916139,1.2527085088548207,398,42,64
INTC,Technology,BiLSTM,classification,20,5,18,0.12186597226346707,1.0750434796015422,398,42,64
INTC,Technology,BiLSTM,classification,20,5,19,0.10379999350924887,1.2085152296792894,398,42,64
INTC,Technology,BiLSTM,classification,20,5,20,0.07953690480085174,1.3910403762544905,398,42,64
JNJ,Healthcare,BiLSTM,classification,20,5,1,0.7551509004142416,0.6852601596287319,398,42,64
JNJ,Healthcare,BiLSTM,classification,20,5,2,0.5989242241011193,0.9569153161275954,398,42,64
JNJ,Healthcare,BiLSTM,classification,20,5,3,0.4654381844266575,1.515251880600339,398,42,64
JNJ,Healthcare,BiLSTM,classification,20,5,4,0.47286651901264287,1.6950043269566126,398,42,64
JNJ,Healthcare,BiLSTM,classification,20,5,5,0.39970068176787105,4.129748866671608,398,42,64
JNJ,Healthcare,BiLSTM,classification,20,5,6,0.40349775268204846,2.7549132392519997,398,42,64
JNJ,Healthcare,BiLSTM,classification,20,5,7,0.37822902771695777,4.577880882081532,398,42,64
JNJ,Healthcare,BiLSTM,classification,20,5,8,0.42748659414861667,3.5461100169590543,398,42,64
JNJ,Healthcare,BiLSTM,classification,20,5,9,0.3036687124015099,3.0241719086964927,398,42,64
JNJ,Healthcare,BiLSTM,classification,20,5,10,0.25678438966597744,3.8027096475873674,398,42,64
JNJ,Healthcare,BiLSTM,classification,20,5,11,0.221905192388362,3.429103624253046,398,42,64
JNJ,Healthcare,BiLSTM,classification,20,5,12,0.21119904357134997,3.6291137649899436,398,42,64
JNJ,Healthcare,BiLSTM,classification,20,5,13,0.1715280519395917,3.7055996713184176,398,42,64
JNJ,Healthcare,BiLSTM,classification,20,5,14,0.15734490740988122,3.606428169068836,398,42,64
JNJ,Healthcare,BiLSTM,classification,20,5,15,0.16458709137373834,4.308705125536237,398,42,64
JNJ,Healthcare,BiLSTM,classification,20,5,16,0.14441127371248888,4.507017203739712,398,42,64
JPM,Financial,BiLSTM,classification,20,5,1,0.6795267387850201,0.7007243604887099,398,42,64
JPM,Financial,BiLSTM,classification,20,5,2,0.5842426149689373,0.7861728526297069,398,42,64
JPM,Financial,BiLSTM,classification,20,5,3,0.5480934926612893,0.833233152117048,398,42,64
JPM,Financial,BiLSTM,classification,20,5,4,0.4456970443078621,1.1493644203458513,398,42,64
JPM,Financial,BiLSTM,classification,20,5,5,0.44171073883023093,1.3790256522950672,398,42,64
JPM,Financial,BiLSTM,classification,20,5,6,0.3567167756395723,1.8326304469789778,398,42,64
JPM,Financial,BiLSTM,classification,20,5,7,0.3898986882001311,2.141182706469581,398,42,64
JPM,Financial,BiLSTM,classification,20,5,8,0.3988052490892722,1.7140072130021595,398,42,64
JPM,Financial,BiLSTM,classification,20,5,9,0.32345225643272973,2.5286994321005687,398,42,64
JPM,Financial,BiLSTM,classification,20,5,10,0.2746153603396823,2.4593443246114823,398,42,64
JPM,Financial,BiLSTM,classification,20,5,11,0.21893414647210782,2.50345846584865,398,42,64
JPM,Financial,BiLSTM,classification,20,5,12,0.2085356080165161,2.676965827033633,398,42,64
JPM,Financial,BiLSTM,classification,20,5,13,0.18338861498026993,3.089658498764038,398,42,64
JPM,Financial,BiLSTM,classification,20,5,14,0.17757459497781256,3.5055107162112282,398,42,64
JPM,Financial,BiLSTM,classification,20,5,15,0.16233706764465,3.6134436471121654,398,42,64
JPM,Financial,BiLSTM,classification,20,5,16,0.14567417830191365,3.3313733282543363,398,42,64
KO,Consumer Goods,BiLSTM,classification,20,5,1,0.6949310401576249,0.9325638640494573,398,42,64
KO,Consumer Goods,BiLSTM,classification,20,5,2,0.5602148492731641,1.2200646031470526,398,42,64
KO,Consumer Goods,BiLSTM,classification,20,5,3,0.5003685685408176,2.9110316378729686,398,42,64
KO,Consumer Goods,BiLSTM,classification,20,5,4,0.4861126822892146,2.309508201621828,398,42,64
KO,Consumer Goods,BiLSTM,classification,20,5,5,0.47897381638761743,3.0845405090422857,398,42,64
KO,Consumer Goods,BiLSTM,classification,20,5,6,0.3995750689476579,2.438802642481668,398,42,64
KO,Consumer Goods,BiLSTM,classification,20,5,7,0.3660016597515375,3.358398885953994,398,42,64
KO,Consumer Goods,BiLSTM,classification,20,5,8,0.32053875249234876,2.1886395130838667,398,42,64
KO,Consumer Goods,BiLSTM,classification,20,5,9,0.32568562966794823,3.9074883404232206,398,42,64
KO,Consumer Goods,BiLSTM,classification,20,5,10,0.27261006579402103,4.198362322080703,398,42,64
KO,Consumer Goods,BiLSTM,classification,20,5,11,0.21460330933706845,4.130390729222979,398,42,64
KO,Consumer Goods,BiLSTM,classification,20,5,12,0.2059884945014913,4.178051556859698,398,42,64
KO,Consumer Goods,BiLSTM,classification,20,5,13,0.16073886935023507,4.930230418841044,398,42,64
KO,Consumer Goods,BiLSTM,classification,20,5,14,0.1594060323570841,5.306965663319542,398,42,64
KO,Consumer Goods,BiLSTM,classification,20,5,15,0.15756309082984327,5.804811301685515,398,42,64
KO,Consumer Goods,BiLSTM,classification,20,5,16,0.15862956737640815,6.106281552995954,398,42,64
LMT,Industrial Goods,BiLSTM,classification,20,5,1,0.6774944791841746,0.6979579641705468,398,42,64
LMT,Industrial Goods,BiLSTM,classification,20,5,2,0.5494732398483622,0.6900699337323507,398,42,64
LMT,Industrial Goods,BiLSTM,classification,20,5,3,0.5331651986244336,0.8198345246769133,398,42,64
LMT,Industrial Goods,BiLSTM,classification,20,5,4,0.4714133787394768,0.8368685557728722,398,42,64
LMT,Industrial Goods,BiLSTM,classification,20,5,5,0.47674141322548064,0.7599832699412391,398,42,64
LMT,Industrial Goods,BiLSTM,classification,20,5,6,0.4918449752444598,1.0432281550906954,398,42,64
LMT,Industrial Goods,BiLSTM,classification,20,5,7,0.42341357042741534,0.9441268784659249,398,42,64
LMT,Industrial Goods,BiLSTM,classification,20,5,8,0.5303784332532978,0.8457929832594735,398,42,64
LMT,Industrial Goods,BiLSTM,classification,20,5,9,0.404896595969272,1.35900874932607,398,42,64
LMT,Industrial Goods,BiLSTM,classification,20,5,10,0.3126708636032277,1.6611560128983998,398,42,64
LMT,Industrial Goods,BiLSTM,classification,20,5,11,0.2883908847468582,1.7140563215528215,398,42,64
LMT,Industrial Goods,BiLSTM,classification,20,5,12,0.2247117285677536,1.6879342567353022,398,42,64
LMT,Industrial Goods,BiLSTM,classification,20,5,13,0.19675433178942406,2.0487595285688127,398,42,64
LMT,Industrial Goods,BiLSTM,classification,20,5,14,0.1782686113188015,2.730376368477231,398,42,64
LMT,Industrial Goods,BiLSTM,classification,20,5,15,0.14965688837832541,2.880635443187895,398,42,64
LMT,Industrial Goods,BiLSTM,classification,20,5,16,0.14112033897159088,3.133270263671875,398,42,64
MA,Financial,BiLSTM,classification,20,5,1,0.7846916875048499,0.680671459152585,398,42,64
MA,Financial,BiLSTM,classification,20,5,2,0.6630792951763574,0.687581479549408,398,42,64
MA,Financial,BiLSTM,classification,20,5,3,0.55184725091685,0.6952370774178278,398,42,64
MA,Financial,BiLSTM,classification,20,5,4,0.6004884934904587,1.5998605830328805,398,42,64
MA,Financial,BiLSTM,classification,20,5,5,0.5117281465674165,1.1548123359680176,398,42,64
MA,Financial,BiLSTM,classification,20,5,6,0.519979591645188,2.033610769680568,398,42,64
MA,Financial,BiLSTM,classification,20,5,7,0.5194376485431613,1.298230182556879,398,42,64
MA,Financial,BiLSTM,classification,20,5,8,0.5480667596037064,2.0230060872577487,398,42,64
MA,Financial,BiLSTM,classification,20,5,9,0.5423892254206404,1.1945315258843558,398,42,64
MA,Financial,BiLSTM,classification,20,5,10,0.45843439335799097,1.3835006384622484,398,42,64
MA,Financial,BiLSTM,classification,20,5,11,0.3697448049358387,1.593415072986058,398,42,64
MA,Financial,BiLSTM,classification,20,5,12,0.3090602544384386,1.6433164505731492,398,42,64
MA,Financial,BiLSTM,classification,20,5,13,0.25502156829414657,2.041276318686349,398,42,64
MA,Financial,BiLSTM,classification,20,5,14,0.24294808772790372,2.119695958637056,398,42,64
MA,Financial,BiLSTM,classification,20,5,15,0.23342308424525524,2.0581428096407937,398,42,64
MA,Financial,BiLSTM,classification,20,5,16,0.21111048948974465,1.9172977265857516,398,42,64
MCD,Services,BiLSTM,classification,20,5,1,0.7404223430396324,0.6384385313306536,398,42,64
MCD,Services,BiLSTM,classification,20,5,2,0.5676151111946633,0.7292005533263797,398,42,64
MCD,Services,BiLSTM,classification,20,5,3,0.4302831155870428,1.1586514484314692,398,42,64
MCD,Services,BiLSTM,classification,20,5,4,0.43448261190299414,1.0019673052288236,398,42,64
MCD,Services,BiLSTM,classification,20,5,5,0.4558882231089338,2.6783163093385243,398,42,64
MCD,Services,BiLSTM,classification,20,5,6,0.35871838396368316,1.6272530186743963,398,42,64
MCD,Services,BiLSTM,classification,20,5,7,0.3157109199793794,2.675872246424357,398,42,64
MCD,Services,BiLSTM,classification,20,5,8,0.30857652890023274,2.956254380089896,398,42,64
MCD,Services,BiLSTM,classification,20,5,9,0.31570457676472374,3.8901268187023343,398,42,64
MCD,Services,BiLSTM,classification,20,5,10,0.2878281305820199,3.694977294831049,398,42,64
MCD,Services,BiLSTM,classification,20,5,11,0.20484635211415028,4.102677674520583,398,42,64
MCD,Services,BiLSTM,classification,20,5,12,0.17931914555573433,4.7289071310134165,398,42,64
MCD,Services,BiLSTM,classification,20,5,13,0.162327563835907,4.592314311436245,398,42,64
MCD,Services,BiLSTM,classification,20,5,14,0.14000553104221522,4.58146721976144,398,42,64
MCD,Services,BiLSTM,classification,20,5,15,0.13815124510920807,5.221740347998483,398,42,64
MCD,Services,BiLSTM,classification,20,5,16,0.12671195612237532,6.091184048425584,398,42,64
MDT,Healthcare,BiLSTM,classification,20,5,1,0.7291779655907022,0.6607749405361357,398,42,64
MDT,Healthcare,BiLSTM,classification,20,5,2,0.6042743244362836,0.6500097215175629,398,42,64
MDT,Healthcare,BiLSTM,classification,20,5,3,0.5226278887621721,0.6799596604846773,398,42,64
MDT,Healthcare,BiLSTM,classification,20,5,4,0.46552976741263613,2.349968229021345,398,42,64
MDT,Healthcare,BiLSTM,classification,20,5,5,0.4429186941241499,1.6432303474062966,398,42,64
MDT,Healthcare,BiLSTM,classification,20,5,6,0.39744355698027206,2.549199104309082,398,42,64
MDT,Healthcare,BiLSTM,classification,20,5,7,0.48978814812161814,4.990189007350376,398,42,64
MDT,Healthcare,BiLSTM,classification,20,5,8,0.594456287784193,2.5401124954223633,398,42,64
MDT,Healthcare,BiLSTM,classification,20,5,9,0.3844881182789204,1.8038409664517356,398,42,64
MDT,Healthcare,BiLSTM,classification,20,5,10,0.376640335474182,1.463911323320298,398,42,64
MDT,Healthcare,BiLSTM,classification,20,5,11,0.3144177399088989,1.7161788940429688,398,42,64
MDT,Healthcare,BiLSTM,classification,20,5,12,0.2517421767864395,1.9670193195343018,398,42,64
MDT,Healthcare,BiLSTM,classification,20,5,13,0.23462829761319423,2.114851122810727,398,42,64
MDT,Healthcare,BiLSTM,classification,20,5,14,0.21528027622244467,2.4660671665554954,398,42,64
MDT,Healthcare,BiLSTM,classification,20,5,15,0.2007665869091923,2.740055663245065,398,42,64
MDT,Healthcare,BiLSTM,classification,20,5,16,0.17506966829749207,2.245895192736671,398,42,64
MDT,Healthcare,BiLSTM,classification,20,5,17,0.17006244137883186,2.6496593611580983,398,42,64
MMM,Industrial Goods,BiLSTM,classification,20,5,1,0.7873462297808584,0.7169357453073774,398,42,64
MMM,Industrial Goods,BiLSTM,classification,20,5,2,0.7211579216185526,1.076806590670631,398,42,64
MMM,Industrial Goods,BiLSTM,classification,20,5,3,0.5694655293795332,1.203282696860177,398,42,64
MMM,Industrial Goods,BiLSTM,classification,20,5,4,0.5751719957021013,1.3528549813088917,398,42,64
MMM,Industrial Goods,BiLSTM,classification,20,5,5,0.5206986035234366,2.7500418027242026,398,42,64
MMM,Industrial Goods,BiLSTM,classification,20,5,6,0.5205871098904155,2.390361950511024,398,42,64
MMM,Industrial Goods,BiLSTM,classification,20,5,7,0.47489277546729275,3.0286316644577753,398,42,64
MMM,Industrial Goods,BiLSTM,classification,20,5,8,0.4425016145909851,2.644389788309733,398,42,64
MMM,Industrial Goods,BiLSTM,classification,20,5,9,0.4530081116973455,3.1493479297274636,398,42,64
MMM,Industrial Goods,BiLSTM,classification,20,5,10,0.36646333366782224,3.699877069109962,398,42,64
MMM,Industrial Goods,BiLSTM,classification,20,5,11,0.3128855152046261,3.558224019550142,398,42,64
MMM,Industrial Goods,BiLSTM,classification,20,5,12,0.2814130924604646,4.078538837886992,398,42,64
MMM,Industrial Goods,BiLSTM,classification,20,5,13,0.2340856408653547,4.319030148642404,398,42,64
MMM,Industrial Goods,BiLSTM,classification,20,5,14,0.20851060373699246,5.125839937300909,398,42,64
MMM,Industrial Goods,BiLSTM,classification,20,5,15,0.23237239782834174,4.759402570270357,398,42,64
MMM,Industrial Goods,BiLSTM,classification,20,5,16,0.19255127038937717,6.583397978828067,398,42,64
MO,Consumer Goods,BiLSTM,classification,20,5,1,0.7497972270951199,0.6687472519420442,398,42,64
MO,Consumer Goods,BiLSTM,classification,20,5,2,0.577985785714346,0.6848550722712562,398,42,64
MO,Consumer Goods,BiLSTM,classification,20,5,3,0.49051553894526995,0.6859154757999238,398,42,64
MO,Consumer Goods,BiLSTM,classification,20,5,4,0.4469844499724594,0.8708276237760272,398,42,64
MO,Consumer Goods,BiLSTM,classification,20,5,5,0.4368774362245397,1.2735356035686674,398,42,64
MO,Consumer Goods,BiLSTM,classification,20,5,6,0.36744515829948926,0.9740997098741078,398,42,64
MO,Consumer Goods,BiLSTM,classification,20,5,7,0.41534878785286716,1.0899268559047155,398,42,64
MO,Consumer Goods,BiLSTM,classification,20,5,8,0.3269249534037844,1.4005749452681768,398,42,64
MO,Consumer Goods,BiLSTM,classification,20,5,9,0.28443877728440653,1.2066529591878254,398,42,64
MO,Consumer Goods,BiLSTM,classification,20,5,10,0.3036278829951981,1.3259449856621879,398,42,64
MO,Consumer Goods,BiLSTM,classification,20,5,11,0.22939055903473093,1.1433635552724202,398,42,64
MO,Consumer Goods,BiLSTM,classification,20,5,12,0.1975473251624323,1.2084120909372966,398,42,64
MO,Consumer Goods,BiLSTM,classification,20,5,13,0.2001511805770385,1.6195489111400785,398,42,64
MO,Consumer Goods,BiLSTM,classification,20,5,14,0.17390576469239277,1.7542534101577032,398,42,64
MO,Consumer Goods,BiLSTM,classification,20,5,15,0.15524930495712624,1.4165224574861073,398,42,64
MO,Consumer Goods,BiLSTM,classification,20,5,16,0.16850562748410294,1.9559689249311174,398,42,64
MRK,Healthcare,BiLSTM,classification,20,5,1,0.7320379695700641,0.8138462475367955,398,42,64
MRK,Healthcare,BiLSTM,classification,20,5,2,0.5799854562510198,1.2351521537417458,398,42,64
MRK,Healthcare,BiLSTM,classification,20,5,3,0.4914137792946705,2.636690230596633,398,42,64
MRK,Healthcare,BiLSTM,classification,20,5,4,0.4959522021475749,3.2883248102097284,398,42,64
MRK,Healthcare,BiLSTM,classification,20,5,5,0.43423238523940944,4.286870729355585,398,42,64
MRK,Healthcare,BiLSTM,classification,20,5,6,0.42015671730041504,4.825609797523136,398,42,64
MRK,Healthcare,BiLSTM,classification,20,5,7,0.45294777487390603,3.145995775858561,398,42,64
MRK,Healthcare,BiLSTM,classification,20,5,8,0.48493788952953254,5.4323547908238,398,42,64
MRK,Healthcare,BiLSTM,classification,20,5,9,0.4745562678605468,3.549250284830729,398,42,64
MRK,Healthcare,BiLSTM,classification,20,5,10,0.3736651202467219,3.8484252520969937,398,42,64
MRK,Healthcare,BiLSTM,classification,20,5,11,0.300843354071205,4.558610870724633,398,42,64
MRK,Healthcare,BiLSTM,classification,20,5,12,0.3047873553394073,4.781097866240001,398,42,64
MRK,Healthcare,BiLSTM,classification,20,5,13,0.2772296379933405,5.2667510168893,398,42,64
MRK,Healthcare,BiLSTM,classification,20,5,14,0.2514056437953034,4.946499279567173,398,42,64
MRK,Healthcare,BiLSTM,classification,20,5,15,0.21367773372474028,5.914516766866048,398,42,64
MRK,Healthcare,BiLSTM,classification,20,5,16,0.20407591656262253,6.146800813220796,398,42,64
MSFT,Technology,BiLSTM,classification,20,5,1,0.718629345522454,0.6834999805405026,398,42,64
MSFT,Technology,BiLSTM,classification,20,5,2,0.6993432739871231,0.6960964401563009,398,42,64
MSFT,Technology,BiLSTM,classification,20,5,3,0.535376040929526,0.8100629051526388,398,42,64
MSFT,Technology,BiLSTM,classification,20,5,4,0.45436696730666426,1.0096225539843242,398,42,64
MSFT,Technology,BiLSTM,classification,20,5,5,0.3987442782176799,1.1900719006856282,398,42,64
MSFT,Technology,BiLSTM,classification,20,5,6,0.36219623250577915,1.6664663893835885,398,42,64
MSFT,Technology,BiLSTM,classification,20,5,7,0.38771312725004836,1.4280417192549932,398,42,64
MSFT,Technology,BiLSTM,classification,20,5,8,0.3326703395376253,1.538107468968346,398,42,64
MSFT,Technology,BiLSTM,classification,20,5,9,0.33278593443446425,2.0468297402064004,398,42,64
MSFT,Technology,BiLSTM,classification,20,5,10,0.3054253241824145,1.9641316731770833,398,42,64
MSFT,Technology,BiLSTM,classification,20,5,11,0.2311828137192894,1.8536084152403332,398,42,64
MSFT,Technology,BiLSTM,classification,20,5,12,0.21760930188337163,1.9872826281048002,398,42,64
MSFT,Technology,BiLSTM,classification,20,5,13,0.19060292840003967,2.069688388279506,398,42,64
MSFT,Technology,BiLSTM,classification,20,5,14,0.1639235300484614,2.1806326593671526,398,42,64
MSFT,Technology,BiLSTM,classification,20,5,15,0.15933354490965454,2.1909142505554926,398,42,64
MSFT,Technology,BiLSTM,classification,20,5,16,0.14411761158674805,2.3577843507130942,398,42,64
NEE,Utilities,BiLSTM,classification,20,5,1,0.7047216748472435,0.6653609900247484,398,42,64
NEE,Utilities,BiLSTM,classification,20,5,2,0.5738130397533052,1.0022804680324735,398,42,64
NEE,Utilities,BiLSTM,classification,20,5,3,0.6089991049550886,0.9165321645282564,398,42,64
NEE,Utilities,BiLSTM,classification,20,5,4,0.5429068486295153,1.8040493897029333,398,42,64
NEE,Utilities,BiLSTM,classification,20,5,5,0.5054182853530998,1.614109062013172,398,42,64
NEE,Utilities,BiLSTM,classification,20,5,6,0.5656799277169021,2.7568431354704357,398,42,64
NEE,Utilities,BiLSTM,classification,20,5,7,0.46874517022664824,2.490295024145217,398,42,64
NEE,Utilities,BiLSTM,classification,20,5,8,0.4337522821060976,2.768550395965576,398,42,64
NEE,Utilities,BiLSTM,classification,20,5,9,0.40759927917964495,2.6119044167654857,398,42,64
NEE,Utilities,BiLSTM,classification,20,5,10,0.3069425091222303,3.0825780005682084,398,42,64
NEE,Utilities,BiLSTM,classification,20,5,11,0.2846682308307245,3.3606160481770835,398,42,64
NEE,Utilities,BiLSTM,classification,20,5,12,0.26132824934607174,3.989997909182594,398,42,64
NEE,Utilities,BiLSTM,classification,20,5,13,0.25100585765874567,4.060051463899159,398,42,64
NEE,Utilities,BiLSTM,classification,20,5,14,0.22458607994544147,4.086475962684268,398,42,64
NEE,Utilities,BiLSTM,classification,20,5,15,0.20689604584895185,4.451879047212147,398,42,64
NEE,Utilities,BiLSTM,classification,20,5,16,0.23410725250989947,4.552264077322824,398,42,64
NGG,Utilities,BiLSTM,classification,20,5,1,0.7030851032266665,0.6539471461659386,398,42,64
NGG,Utilities,BiLSTM,classification,20,5,2,0.6121019409529528,0.7722117304801941,398,42,64
NGG,Utilities,BiLSTM,classification,20,5,3,0.5828863173798101,0.8770128644648052,398,42,64
NGG,Utilities,BiLSTM,classification,20,5,4,0.5167195458508017,1.0047884941810654,398,42,64
NGG,Utilities,BiLSTM,classification,20,5,5,0.49233933811511227,1.14465345885782,398,42,64
NGG,Utilities,BiLSTM,classification,20,5,6,0.4298794831912122,1.0383151915101778,398,42,64
NGG,Utilities,BiLSTM,classification,20,5,7,0.46970611400715073,1.5674998907461053,398,42,64
NGG,Utilities,BiLSTM,classification,20,5,8,0.3780912082249196,1.27716104863655,398,42,64
NGG,Utilities,BiLSTM,classification,20,5,9,0.41252234674540894,1.7892103902995586,398,42,64
NGG,Utilities,BiLSTM,classification,20,5,10,0.2599636836810477,1.7784011202553909,398,42,64
NGG,Utilities,BiLSTM,classification,20,5,11,0.2034977975128284,1.9211912406608462,398,42,64
NGG,Utilities,BiLSTM,classification,20,5,12,0.1608862670035518,2.054754260439603,398,42,64
NGG,Utilities,BiLSTM,classification,20,5,13,0.1534484129342901,2.2083647636741044,398,42,64
NGG,Utilities,BiLSTM,classification,20,5,14,0.14769251755059665,2.5692014591214027,398,42,64
NGG,Utilities,BiLSTM,classification,20,5,15,0.14227221891209108,2.690096690552309,398,42,64
NGG,Utilities,BiLSTM,classification,20,5,16,0.11047643366452288,2.862569454447588,398,42,64
NVS,Healthcare,BiLSTM,classification,20,5,1,0.7751430225132698,0.69379723072052,398,42,64
NVS,Healthcare,BiLSTM,classification,20,5,2,0.5769805225295637,0.7554392928168887,398,42,64
NVS,Healthcare,BiLSTM,classification,20,5,3,0.5194923590176069,1.3063382307688396,398,42,64
NVS,Healthcare,BiLSTM,classification,20,5,4,0.5233738092172086,1.712191104888916,398,42,64
NVS,Healthcare,BiLSTM,classification,20,5,5,0.4836449220252396,3.2089451381138394,398,42,64
NVS,Healthcare,BiLSTM,classification,20,5,6,0.46714224722517195,2.927020754132952,398,42,64
NVS,Healthcare,BiLSTM,classification,20,5,7,0.49287900841565585,3.6373683384486606,398,42,64
NVS,Healthcare,BiLSTM,classification,20,5,8,0.4120546563261717,3.549631709144229,398,42,64
NVS,Healthcare,BiLSTM,classification,20,5,9,0.396550571349398,4.914557638622465,398,42,64
NVS,Healthcare,BiLSTM,classification,20,5,10,0.29118796857307905,4.876742998758952,398,42,64
NVS,Healthcare,BiLSTM,classification,20,5,11,0.24632542383805592,4.636421476091657,398,42,64
NVS,Healthcare,BiLSTM,classification,20,5,12,0.22329445321805513,5.06836427961077,398,42,64
NVS,Healthcare,BiLSTM,classification,20,5,13,0.1794344939890519,5.761570430937267,398,42,64
NVS,Healthcare,BiLSTM,classification,20,5,14,0.19368391511166216,6.157666887555804,398,42,64
NVS,Healthcare,BiLSTM,classification,20,5,15,0.16947741456442142,6.9939798173450285,398,42,64
NVS,Healthcare,BiLSTM,classification,20,5,16,0.17565080334886385,6.90872741880871,398,42,64
ORCL,Technology,BiLSTM,classification,20,5,1,0.7087960708979986,0.6406581799189249,398,42,64
ORCL,Technology,BiLSTM,classification,20,5,2,0.6088685820150614,0.6589084494681585,398,42,64
ORCL,Technology,BiLSTM,classification,20,5,3,0.6100839923075096,0.6411646519388471,398,42,64
ORCL,Technology,BiLSTM,classification,20,5,4,0.5225160747916255,1.0973079885755266,398,42,64
ORCL,Technology,BiLSTM,classification,20,5,5,0.49599897966313,1.6365145388103666,398,42,64
ORCL,Technology,BiLSTM,classification,20,5,6,0.4323437687140613,1.3814142090933663,398,42,64
ORCL,Technology,BiLSTM,classification,20,5,7,0.4078493455247064,1.1475955020813715,398,42,64
ORCL,Technology,BiLSTM,classification,20,5,8,0.3541841133305775,2.0683780965350924,398,42,64
ORCL,Technology,BiLSTM,classification,20,5,9,0.33246256096578725,1.0856402204150246,398,42,64
ORCL,Technology,BiLSTM,classification,20,5,10,0.3405168075956891,1.2466779833748227,398,42,64
ORCL,Technology,BiLSTM,classification,20,5,11,0.2481416759067145,1.4920112859635126,398,42,64
ORCL,Technology,BiLSTM,classification,20,5,12,0.20573342657044305,1.6037191322871618,398,42,64
ORCL,Technology,BiLSTM,classification,20,5,13,0.2570552336772782,1.607438359941755,398,42,64
ORCL,Technology,BiLSTM,classification,20,5,14,0.19005770588658713,1.6782903103601365,398,42,64
ORCL,Technology,BiLSTM,classification,20,5,15,0.18820620869197438,1.7793292658669608,398,42,64
ORCL,Technology,BiLSTM,classification,20,5,16,0.16298590787691086,1.9200445243290492,398,42,64
PCG,Utilities,BiLSTM,classification,20,5,1,0.7311225985761863,0.5952329493704296,398,42,64
PCG,Utilities,BiLSTM,classification,20,5,2,0.6595704115215858,0.5027875318413689,398,42,64
PCG,Utilities,BiLSTM,classification,20,5,3,0.5203402099297874,0.6283887326717377,398,42,64
PCG,Utilities,BiLSTM,classification,20,5,4,0.4986333854533919,0.7178884262130374,398,42,64
PCG,Utilities,BiLSTM,classification,20,5,5,0.4817101034387272,1.211770616826557,398,42,64
PCG,Utilities,BiLSTM,classification,20,5,6,0.5484079597283847,0.7376585872400374,398,42,64
PCG,Utilities,BiLSTM,classification,20,5,7,0.4545214069848085,0.908939717780976,398,42,64
PCG,Utilities,BiLSTM,classification,20,5,8,0.39005120682656463,0.7324747116792769,398,42,64
PCG,Utilities,BiLSTM,classification,20,5,9,0.3710849693222861,1.3349707680089133,398,42,64
PCG,Utilities,BiLSTM,classification,20,5,10,0.33961770896935584,1.1176680198737554,398,42,64
PCG,Utilities,BiLSTM,classification,20,5,11,0.29453638278359745,1.4127363051686967,398,42,64
PCG,Utilities,BiLSTM,classification,20,5,12,0.23954048591792285,1.3992670533202944,398,42,64
PCG,Utilities,BiLSTM,classification,20,5,13,0.20985679873195126,1.4945434275127591,398,42,64
PCG,Utilities,BiLSTM,classification,20,5,14,0.19500648840587942,1.6831580017294203,398,42,64
PCG,Utilities,BiLSTM,classification,20,5,15,0.16964683767838692,1.480710384391603,398,42,64
PCG,Utilities,BiLSTM,classification,20,5,16,0.1626694275946099,1.787489150251661,398,42,64
PCG,Utilities,BiLSTM,classification,20,5,17,0.15298676137442715,1.8297462392420996,398,42,64
PCLN,Services,BiLSTM,classification,20,5,1,0.8434626573893294,0.6289221757934207,398,42,64
PCLN,Services,BiLSTM,classification,20,5,2,0.6883233758672398,0.7254331906636556,398,42,64
PCLN,Services,BiLSTM,classification,20,5,3,0.5925513228878903,0.6998554439771743,398,42,64
PCLN,Services,BiLSTM,classification,20,5,4,0.5527836000500013,0.8843255043029785,398,42,64
PCLN,Services,BiLSTM,classification,20,5,5,0.5111164452143051,0.8771100711254847,398,42,64
PCLN,Services,BiLSTM,classification,20,5,6,0.5009286939798288,0.691178275006158,398,42,64
PCLN,Services,BiLSTM,classification,20,5,7,0.3857254180776414,0.8353169077918643,398,42,64
PCLN,Services,BiLSTM,classification,20,5,8,0.40725496913020937,0.8375670995031085,398,42,64
PCLN,Services,BiLSTM,classification,20,5,9,0.4044305050193365,0.7570808104106358,398,42,64
PCLN,Services,BiLSTM,classification,20,5,10,0.29024709529014087,0.6995677933806465,398,42,64
PCLN,Services,BiLSTM,classification,20,5,11,0.26140321154690266,0.7440868459996723,398,42,64
PCLN,Services,BiLSTM,classification,20,5,12,0.21184702859676663,0.8808049559593201,398,42,64
PCLN,Services,BiLSTM,classification,20,5,13,0.1829424687151109,1.0518135456811815,398,42,64
PCLN,Services,BiLSTM,classification,20,5,14,0.17837967751688094,0.9361678986322313,398,42,64
PCLN,Services,BiLSTM,classification,20,5,15,0.16036140446986386,1.4718869640713645,398,42,64
PCLN,Services,BiLSTM,classification,20,5,16,0.1736518283978329,0.9992143753029051,398,42,64
PEP,Consumer Goods,BiLSTM,classification,20,5,1,0.6597055412417081,0.9281017837070283,398,42,64
PEP,Consumer Goods,BiLSTM,classification,20,5,2,0.5433023236504751,1.5133966973849706,398,42,64
PEP,Consumer Goods,BiLSTM,classification,20,5,3,0.5569691578647,2.783362104779198,398,42,64
PEP,Consumer Goods,BiLSTM,classification,20,5,4,0.4740801573398724,3.5583482810429166,398,42,64
PEP,Consumer Goods,BiLSTM,classification,20,5,5,0.49206871872571245,4.772620462235951,398,42,64
PEP,Consumer Goods,BiLSTM,classification,20,5,6,0.4246154197646146,4.980418523152669,398,42,64
PEP,Consumer Goods,BiLSTM,classification,20,5,7,0.4595656428654589,6.195588679540725,398,42,64
PEP,Consumer Goods,BiLSTM,classification,20,5,8,0.37680728119521884,6.033018611726307,398,42,64
PEP,Consumer Goods,BiLSTM,classification,20,5,9,0.3580544980327089,6.206229323432559,398,42,64
PEP,Consumer Goods,BiLSTM,classification,20,5,10,0.33576485750513463,5.502271357036772,398,42,64
PEP,Consumer Goods,BiLSTM,classification,20,5,11,0.2567913639335776,5.813339573996408,398,42,64
PEP,Consumer Goods,BiLSTM,classification,20,5,12,0.23279168056183724,6.318053813207717,398,42,64
PEP,Consumer Goods,BiLSTM,classification,20,5,13,0.20645836628411882,6.350752353668213,398,42,64
PEP,Consumer Goods,BiLSTM,classification,20,5,14,0.17449271491724044,6.327789919716971,398,42,64
PEP,Consumer Goods,BiLSTM,classification,20,5,15,0.18223651487324105,7.428788684663319,398,42,64
PEP,Consumer Goods,BiLSTM,classification,20,5,16,0.22045569773295418,7.380638190678188,398,42,64
PFE,Healthcare,BiLSTM,classification,20,5,1,0.7703270819318954,0.6663309704689753,398,42,64
PFE,Healthcare,BiLSTM,classification,20,5,2,0.6273014431622759,0.8394233868235633,398,42,64
PFE,Healthcare,BiLSTM,classification,20,5,3,0.5658900746748076,1.0634012051991053,398,42,64
PFE,Healthcare,BiLSTM,classification,20,5,4,0.49818874618515896,1.3210887000674294,398,42,64
PFE,Healthcare,BiLSTM,classification,20,5,5,0.4575267690959288,2.5489329610552107,398,42,64
PFE,Healthcare,BiLSTM,classification,20,5,6,0.49599879291189375,2.3196567467280795,398,42,64
PFE,Healthcare,BiLSTM,classification,20,5,7,0.4492486486183339,2.716960464205061,398,42,64
PFE,Healthcare,BiLSTM,classification,20,5,8,0.4086582042913341,2.7302409694308327,398,42,64
PFE,Healthcare,BiLSTM,classification,20,5,9,0.43483492851856365,3.3916215896606445,398,42,64
PFE,Healthcare,BiLSTM,classification,20,5,10,0.36195236534329517,3.4347963333129883,398,42,64
PFE,Healthcare,BiLSTM,classification,20,5,11,0.31834636067026223,3.8423666045779274,398,42,64
PFE,Healthcare,BiLSTM,classification,20,5,12,0.257194222517349,3.8778100921994163,398,42,64
PFE,Healthcare,BiLSTM,classification,20,5,13,0.2432982858700968,3.9166955266680037,398,42,64
PFE,Healthcare,BiLSTM,classification,20,5,14,0.23027636365375326,4.674986339750744,398,42,64
PFE,Healthcare,BiLSTM,classification,20,5,15,0.22501549349358332,4.326504298618862,398,42,64
PFE,Healthcare,BiLSTM,classification,20,5,16,0.19121142611581476,5.126801763262067,398,42,64
PG,Consumer Goods,BiLSTM,classification,20,5,1,0.719678319279273,0.9644427980695452,398,42,64
PG,Consumer Goods,BiLSTM,classification,20,5,2,0.5956045167530002,2.0283009026731764,398,42,64
PG,Consumer Goods,BiLSTM,classification,20,5,3,0.5609728738890222,3.750450548671541,398,42,64
PG,Consumer Goods,BiLSTM,classification,20,5,4,0.4844760256796027,4.531043640204838,398,42,64
PG,Consumer Goods,BiLSTM,classification,20,5,5,0.4563059055026452,4.139157235622406,398,42,64
PG,Consumer Goods,BiLSTM,classification,20,5,6,0.45729084200595493,7.079459956714085,398,42,64
PG,Consumer Goods,BiLSTM,classification,20,5,7,0.42600509015159993,6.360017356418428,398,42,64
PG,Consumer Goods,BiLSTM,classification,20,5,8,0.47045932463066065,6.503149049622672,398,42,64
PG,Consumer Goods,BiLSTM,classification,20,5,9,0.38693049864553325,3.874820229553041,398,42,64
PG,Consumer Goods,BiLSTM,classification,20,5,10,0.3278771710755238,4.976310707273937,398,42,64
PG,Consumer Goods,BiLSTM,classification,20,5,11,0.2507646447000791,5.4211078853834245,398,42,64
PG,Consumer Goods,BiLSTM,classification,20,5,12,0.21573944382332078,6.7919687657129195,398,42,64
PG,Consumer Goods,BiLSTM,classification,20,5,13,0.21929008764537736,7.573515239216032,398,42,64
PG,Consumer Goods,BiLSTM,classification,20,5,14,0.20557310413475613,7.431145764532543,398,42,64
PG,Consumer Goods,BiLSTM,classification,20,5,15,0.16423209962533347,8.785400668780008,398,42,64
PG,Consumer Goods,BiLSTM,classification,20,5,16,0.15424137918194333,7.619754337129139,398,42,64
PICO,Conglomerates,BiLSTM,classification,20,5,1,0.7359322914526091,0.8052931569871449,398,42,64
PICO,Conglomerates,BiLSTM,classification,20,5,2,0.5936352603100054,0.7781784165473211,398,42,64
PICO,Conglomerates,BiLSTM,classification,20,5,3,0.5234443439011598,0.7237493452571687,398,42,64
PICO,Conglomerates,BiLSTM,classification,20,5,4,0.49585984310313086,1.0657237257276262,398,42,64
PICO,Conglomerates,BiLSTM,classification,20,5,5,0.5200209020070694,1.4966021208536058,398,42,64
PICO,Conglomerates,BiLSTM,classification,20,5,6,0.48641898681470497,0.9189429765655881,398,42,64
PICO,Conglomerates,BiLSTM,classification,20,5,7,0.4664925616140941,1.0132989656357538,398,42,64
PICO,Conglomerates,BiLSTM,classification,20,5,8,0.3818052454509927,1.017541726430257,398,42,64
PICO,Conglomerates,BiLSTM,classification,20,5,9,0.3723354441436691,1.565479420480274,398,42,64
PICO,Conglomerates,BiLSTM,classification,20,5,10,0.33741166852601806,1.0983262743268694,398,42,64
PICO,Conglomerates,BiLSTM,classification,20,5,11,0.3366990774570398,1.0539127985636394,398,42,64
PICO,Conglomerates,BiLSTM,classification,20,5,12,0.34771115344073905,0.9038300485838027,398,42,64
PICO,Conglomerates,BiLSTM,classification,20,5,13,0.25822462227626064,1.0915452866327195,398,42,64
PICO,Conglomerates,BiLSTM,classification,20,5,14,0.22785583866675893,1.287204555102757,398,42,64
PICO,Conglomerates,BiLSTM,classification,20,5,15,0.20264679710170133,1.160448125430516,398,42,64
PICO,Conglomerates,BiLSTM,classification,20,5,16,0.17819540289665886,1.5131336847941081,398,42,64
PICO,Conglomerates,BiLSTM,classification,20,5,17,0.1695186511131387,1.9490936597188313,398,42,64
PICO,Conglomerates,BiLSTM,classification,20,5,18,0.1858803697828971,1.7622093132564,398,42,64
PM,Consumer Goods,BiLSTM,classification,20,5,1,0.7483040615541852,0.7701384311630612,398,42,64
PM,Consumer Goods,BiLSTM,classification,20,5,2,0.6651684870971507,0.8419884244600931,398,42,64
PM,Consumer Goods,BiLSTM,classification,20,5,3,0.5223358794672406,0.90065069993337,398,42,64
PM,Consumer Goods,BiLSTM,classification,20,5,4,0.47904081754948025,1.802929821468535,398,42,64
PM,Consumer Goods,BiLSTM,classification,20,5,5,0.5798743400142421,1.1024329151426042,398,42,64
PM,Consumer Goods,BiLSTM,classification,20,5,6,0.5226312724489662,1.835134676524571,398,42,64
PM,Consumer Goods,BiLSTM,classification,20,5,7,0.4245823169473428,1.8433037598927815,398,42,64
PM,Consumer Goods,BiLSTM,classification,20,5,8,0.3692711653122351,2.2784104460761663,398,42,64
PM,Consumer Goods,BiLSTM,classification,20,5,9,0.3334642250334198,2.25966823668707,398,42,64
PM,Consumer Goods,BiLSTM,classification,20,5,10,0.3043284914152107,2.324461755298433,398,42,64
PM,Consumer Goods,BiLSTM,classification,20,5,11,0.25247419823953254,2.7290269987923756,398,42,64
PM,Consumer Goods,BiLSTM,classification,20,5,12,0.21555486220361,2.566315423874628,398,42,64
PM,Consumer Goods,BiLSTM,classification,20,5,13,0.19964105257736378,3.0345714886983237,398,42,64
PM,Consumer Goods,BiLSTM,classification,20,5,14,0.1844243560753875,3.508294491540818,398,42,64
PM,Consumer Goods,BiLSTM,classification,20,5,15,0.20807199625663422,3.0283670652480352,398,42,64
PM,Consumer Goods,BiLSTM,classification,20,5,16,0.16386510890407777,3.647255375271752,398,42,64
PPL,Utilities,BiLSTM,classification,20,5,1,0.692703239282771,0.5782745367004758,398,42,64
PPL,Utilities,BiLSTM,classification,20,5,2,0.5931973175786848,0.588758491334461,398,42,64
PPL,Utilities,BiLSTM,classification,20,5,3,0.5014071403136805,0.5529800639266059,398,42,64
PPL,Utilities,BiLSTM,classification,20,5,4,0.45028649023429834,0.7347328549339658,398,42,64
PPL,Utilities,BiLSTM,classification,20,5,5,0.4612937514206872,0.7475911591734204,398,42,64
PPL,Utilities,BiLSTM,classification,20,5,6,0.42407237307809703,0.9391297967660994,398,42,64
PPL,Utilities,BiLSTM,classification,20,5,7,0.4463865580271237,1.3237517845062983,398,42,64
PPL,Utilities,BiLSTM,classification,20,5,8,0.3898891412732589,0.7405213231132144,398,42,64
PPL,Utilities,BiLSTM,classification,20,5,9,0.3864236649256855,1.8475232209478105,398,42,64
PPL,Utilities,BiLSTM,classification,20,5,10,0.37768094754548526,0.8175226024218968,398,42,64
PPL,Utilities,BiLSTM,classification,20,5,11,0.37819242705801626,1.776375022317682,398,42,64
PPL,Utilities,BiLSTM,classification,20,5,12,0.3119423653387544,1.6211947287831987,398,42,64
PPL,Utilities,BiLSTM,classification,20,5,13,0.22645007584936655,1.2175463920547849,398,42,64
PPL,Utilities,BiLSTM,classification,20,5,14,0.1890336539521439,1.321187709059034,398,42,64
PPL,Utilities,BiLSTM,classification,20,5,15,0.1735341056395116,1.4516116579373677,398,42,64
PPL,Utilities,BiLSTM,classification,20,5,16,0.16559707403332743,1.3053060230754672,398,42,64
PPL,Utilities,BiLSTM,classification,20,5,17,0.1686239676671711,1.507745583852132,398,42,64
PPL,Utilities,BiLSTM,classification,20,5,18,0.12455075492511443,1.7493382323355902,398,42,64
PTR,Basic Matierials,BiLSTM,classification,20,5,1,0.8406160866195832,0.8748348639124915,398,42,64
PTR,Basic Matierials,BiLSTM,classification,20,5,2,0.6654720426204815,1.1232018215315682,398,42,64
PTR,Basic Matierials,BiLSTM,classification,20,5,3,0.510634740243605,1.943515522139413,398,42,64
PTR,Basic Matierials,BiLSTM,classification,20,5,4,0.43552754796929094,2.6435177212669734,398,42,64
PTR,Basic Matierials,BiLSTM,classification,20,5,5,0.4800103233387722,2.668283462524414,398,42,64
PTR,Basic Matierials,BiLSTM,classification,20,5,6,0.4336925135485491,2.48411876814706,398,42,64
PTR,Basic Matierials,BiLSTM,classification,20,5,7,0.4361667958036739,4.039375679833548,398,42,64
PTR,Basic Matierials,BiLSTM,classification,20,5,8,0.33503659264226654,6.437167372022357,398,42,64
PTR,Basic Matierials,BiLSTM,classification,20,5,9,0.4306604734916783,5.813975061689105,398,42,64
PTR,Basic Matierials,BiLSTM,classification,20,5,10,0.3763953808264517,3.5387590385618664,398,42,64
PTR,Basic Matierials,BiLSTM,classification,20,5,11,0.2277829711461187,6.488237335568383,398,42,64
PTR,Basic Matierials,BiLSTM,classification,20,5,12,0.21632461137508027,4.982289291563488,398,42,64
PTR,Basic Matierials,BiLSTM,classification,20,5,13,0.17566180940548978,5.044334774925595,398,42,64
PTR,Basic Matierials,BiLSTM,classification,20,5,14,0.152427515717008,6.142055375235421,398,42,64
PTR,Basic Matierials,BiLSTM,classification,20,5,15,0.15169454680465574,6.7132805188496905,398,42,64
PTR,Basic Matierials,BiLSTM,classification,20,5,16,0.1583013663152654,8.500155289967855,398,42,64
RDS-B,Basic Matierials,BiLSTM,classification,20,5,1,0.8097400063246338,0.7874652828489032,398,42,64
RDS-B,Basic Matierials,BiLSTM,classification,20,5,2,0.6401224822255235,0.849660989784059,398,42,64
RDS-B,Basic Matierials,BiLSTM,classification,20,5,3,0.4896402055743951,0.9309551346869696,398,42,64
RDS-B,Basic Matierials,BiLSTM,classification,20,5,4,0.4493836630229375,1.5371738899321783,398,42,64
RDS-B,Basic Matierials,BiLSTM,classification,20,5,5,0.5209665028518767,4.925438108898344,398,42,64
RDS-B,Basic Matierials,BiLSTM,classification,20,5,6,0.5892575248027566,4.133291959762573,398,42,64
RDS-B,Basic Matierials,BiLSTM,classification,20,5,7,0.464249945540524,2.3201373361405873,398,42,64
RDS-B,Basic Matierials,BiLSTM,classification,20,5,8,0.4551765393821438,3.2262445517948697,398,42,64
RDS-B,Basic Matierials,BiLSTM,classification,20,5,9,0.3895937358614188,1.7951483953566778,398,42,64
RDS-B,Basic Matierials,BiLSTM,classification,20,5,10,0.3412006909224256,2.4908673536209833,398,42,64
RDS-B,Basic Matierials,BiLSTM,classification,20,5,11,0.2649584985595552,1.9997131824493408,398,42,64
RDS-B,Basic Matierials,BiLSTM,classification,20,5,12,0.23982452350345687,2.4678617886134555,398,42,64
RDS-B,Basic Matierials,BiLSTM,classification,20,5,13,0.21149040783881842,2.4285700888860795,398,42,64
RDS-B,Basic Matierials,BiLSTM,classification,20,5,14,0.20905614374720272,3.7986529100508917,398,42,64
RDS-B,Basic Matierials,BiLSTM,classification,20,5,15,0.2001073321692608,3.127488386063349,398,42,64
RDS-B,Basic Matierials,BiLSTM,classification,20,5,16,0.22526525247411514,3.6020218304225375,398,42,64
REX,Conglomerates,BiLSTM,classification,20,5,1,0.8204974840633833,0.7457326253255209,398,42,64
REX,Conglomerates,BiLSTM,classification,20,5,2,0.6948551757251797,0.763456194173722,398,42,64
REX,Conglomerates,BiLSTM,classification,20,5,3,0.5759167533424032,1.1287828456787836,398,42,64
REX,Conglomerates,BiLSTM,classification,20,5,4,0.518581791738769,0.8741748219444638,398,42,64
REX,Conglomerates,BiLSTM,classification,20,5,5,0.4994769431837839,1.3652973742712111,398,42,64
REX,Conglomerates,BiLSTM,classification,20,5,6,0.43813757800576675,2.078397137778146,398,42,64
REX,Conglomerates,BiLSTM,classification,20,5,7,0.4029249758576628,1.888402609598069,398,42,64
REX,Conglomerates,BiLSTM,classification,20,5,8,0.3880787753879125,1.4131233748935519,398,42,64
REX,Conglomerates,BiLSTM,classification,20,5,9,0.47064690973291445,0.9551220451082502,398,42,64
REX,Conglomerates,BiLSTM,classification,20,5,10,0.35535573375284973,1.4393089782624018,398,42,64
REX,Conglomerates,BiLSTM,classification,20,5,11,0.2746261269902464,0.8214583652360099,398,42,64
REX,Conglomerates,BiLSTM,classification,20,5,12,0.22612251446175216,0.867024214494796,398,42,64
REX,Conglomerates,BiLSTM,classification,20,5,13,0.17488525470896582,1.0751844672929673,398,42,64
REX,Conglomerates,BiLSTM,classification,20,5,14,0.18806734456488836,1.2218142180215745,398,42,64
REX,Conglomerates,BiLSTM,classification,20,5,15,0.17278502881526947,1.2803972420238314,398,42,64
REX,Conglomerates,BiLSTM,classification,20,5,16,0.16323346281470966,1.09976293359484,398,42,64
SLB,Basic Matierials,BiLSTM,classification,20,5,1,0.8725662033761566,0.8718073112624032,398,42,64
SLB,Basic Matierials,BiLSTM,classification,20,5,2,0.6867474898621065,0.8374174180484953,398,42,64
SLB,Basic Matierials,BiLSTM,classification,20,5,3,0.562802445049861,1.3903187797183083,398,42,64
SLB,Basic Matierials,BiLSTM,classification,20,5,4,0.5640027046802655,2.1318137986319408,398,42,64
SLB,Basic Matierials,BiLSTM,classification,20,5,5,0.504090656587227,2.0144489265623546,398,42,64
SLB,Basic Matierials,BiLSTM,classification,20,5,6,0.5265708288655209,2.839130026953561,398,42,64
SLB,Basic Matierials,BiLSTM,classification,20,5,7,0.41033493948342215,2.507894743056524,398,42,64
SLB,Basic Matierials,BiLSTM,classification,20,5,8,0.3943454001716633,1.3050647917247953,398,42,64
SLB,Basic Matierials,BiLSTM,classification,20,5,9,0.40659676334965766,4.739870888846261,398,42,64
SLB,Basic Matierials,BiLSTM,classification,20,5,10,0.430147711880243,4.853893257322765,398,42,64
SLB,Basic Matierials,BiLSTM,classification,20,5,11,0.30396881212840726,3.466792878650484,398,42,64
SLB,Basic Matierials,BiLSTM,classification,20,5,12,0.2642796211056973,3.820763519832066,398,42,64
SLB,Basic Matierials,BiLSTM,classification,20,5,13,0.21163990494593904,4.867320128849575,398,42,64
SLB,Basic Matierials,BiLSTM,classification,20,5,14,0.21629570574317147,4.320375783102853,398,42,64
SLB,Basic Matierials,BiLSTM,classification,20,5,15,0.20745114165933887,4.779883634476435,398,42,64
SLB,Basic Matierials,BiLSTM,classification,20,5,16,0.1771538759296264,5.111462002708798,398,42,64
SLB,Basic Matierials,BiLSTM,classification,20,5,17,0.18886493049075256,5.360655716487339,398,42,64
SNP,Basic Matierials,BiLSTM,classification,20,5,1,0.7986208535918039,0.7475173189526513,398,42,64
SNP,Basic Matierials,BiLSTM,classification,20,5,2,0.6825136985611077,0.7489769203322274,398,42,64
SNP,Basic Matierials,BiLSTM,classification,20,5,3,0.6294504679627155,1.2752621457690285,398,42,64
SNP,Basic Matierials,BiLSTM,classification,20,5,4,0.5167943607622655,1.1388729129518782,398,42,64
SNP,Basic Matierials,BiLSTM,classification,20,5,5,0.44309587095251035,2.066750798906599,398,42,64
SNP,Basic Matierials,BiLSTM,classification,20,5,6,0.45111775413230437,1.2816389288221086,398,42,64
SNP,Basic Matierials,BiLSTM,classification,20,5,7,0.43220368821417265,2.2082476842971075,398,42,64
SNP,Basic Matierials,BiLSTM,classification,20,5,8,0.4216062200428852,0.9624658936545962,398,42,64
SNP,Basic Matierials,BiLSTM,classification,20,5,9,0.4076868428956324,1.712434240749904,398,42,64
SNP,Basic Matierials,BiLSTM,classification,20,5,10,0.32536481665306954,0.8948860650970822,398,42,64
SNP,Basic Matierials,BiLSTM,classification,20,5,11,0.26858151543080505,0.9047620977674212,398,42,64
SNP,Basic Matierials,BiLSTM,classification,20,5,12,0.23044295945958276,1.1759527041798545,398,42,64
SNP,Basic Matierials,BiLSTM,classification,20,5,13,0.2226242378129432,1.055763684567951,398,42,64
SNP,Basic Matierials,BiLSTM,classification,20,5,14,0.18760837517192017,1.1310536066691081,398,42,64
SNP,Basic Matierials,BiLSTM,classification,20,5,15,0.21632304308402478,1.1469415738469078,398,42,64
SNP,Basic Matierials,BiLSTM,classification,20,5,16,0.21397538599207175,1.125930014110747,398,42,64
SNY,Healthcare,BiLSTM,classification,20,5,1,0.776768020948573,0.671069051538195,398,42,64
SNY,Healthcare,BiLSTM,classification,20,5,2,0.6158732750907017,0.6576854416302272,398,42,64
SNY,Healthcare,BiLSTM,classification,20,5,3,0.5043381464541258,0.7187539566130865,398,42,64
SNY,Healthcare,BiLSTM,classification,20,5,4,0.45456774240762143,0.9677645010607583,398,42,64
SNY,Healthcare,BiLSTM,classification,20,5,5,0.4563760212318382,1.1398496571041288,398,42,64
SNY,Healthcare,BiLSTM,classification,20,5,6,0.4232577172356035,0.9618949208940778,398,42,64
SNY,Healthcare,BiLSTM,classification,20,5,7,0.3773087895096247,1.6580017237436204,398,42,64
SNY,Healthcare,BiLSTM,classification,20,5,8,0.35415446308989024,1.766495903333028,398,42,64
SNY,Healthcare,BiLSTM,classification,20,5,9,0.3129402144470407,1.690274471328372,398,42,64
SNY,Healthcare,BiLSTM,classification,20,5,10,0.24595019101497517,1.5763761457942782,398,42,64
SNY,Healthcare,BiLSTM,classification,20,5,11,0.2222936652114044,1.6560080704234896,398,42,64
SNY,Healthcare,BiLSTM,classification,20,5,12,0.19617155403947112,1.888082498595828,398,42,64
SNY,Healthcare,BiLSTM,classification,20,5,13,0.16740674454363147,2.0385231460843767,398,42,64
SNY,Healthcare,BiLSTM,classification,20,5,14,0.13847351328811452,1.948403537273407,398,42,64
SNY,Healthcare,BiLSTM,classification,20,5,15,0.13192046137910393,2.543605548994882,398,42,64
SNY,Healthcare,BiLSTM,classification,20,5,16,0.13154880290654436,2.508111913998922,398,42,64
SNY,Healthcare,BiLSTM,classification,20,5,17,0.10270558162849752,2.4731518626213074,398,42,64
SO,Utilities,BiLSTM,classification,20,5,1,0.7498358979297044,0.5479111884321485,398,42,64
SO,Utilities,BiLSTM,classification,20,5,2,0.6690493864030694,0.5380099429970696,398,42,64
SO,Utilities,BiLSTM,classification,20,5,3,0.5619864959513122,0.663282436983926,398,42,64
SO,Utilities,BiLSTM,classification,20,5,4,0.5628634559449239,0.4043861414705004,398,42,64
SO,Utilities,BiLSTM,classification,20,5,5,0.5305508056926966,0.827912898290725,398,42,64
SO,Utilities,BiLSTM,classification,20,5,6,0.4506443337579468,0.7305997808774313,398,42,64
SO,Utilities,BiLSTM,classification,20,5,7,0.3958271798776023,0.6010192632675171,398,42,64
SO,Utilities,BiLSTM,classification,20,5,8,0.44274861436692914,1.5697495767048426,398,42,64
SO,Utilities,BiLSTM,classification,20,5,9,0.44671459091668153,0.6746762849035717,398,42,64
SO,Utilities,BiLSTM,classification,20,5,10,0.38718786468757455,0.8190167858487084,398,42,64
SO,Utilities,BiLSTM,classification,20,5,11,0.3392731875330959,1.0310444008736384,398,42,64
SO,Utilities,BiLSTM,classification,20,5,12,0.329551497558553,1.3656269382862818,398,42,64
SO,Utilities,BiLSTM,classification,20,5,13,0.2979707502614913,0.9655530793326241,398,42,64
SO,Utilities,BiLSTM,classification,20,5,14,0.2200550449703207,1.1648914544355302,398,42,64
SO,Utilities,BiLSTM,classification,20,5,15,0.20653321155950652,1.2879086009093694,398,42,64
SO,Utilities,BiLSTM,classification,20,5,16,0.1741014281147389,1.6856509475480943,398,42,64
SO,Utilities,BiLSTM,classification,20,5,17,0.17968045550412567,1.2600450544130235,398,42,64
SO,Utilities,BiLSTM,classification,20,5,18,0.1600404643973139,1.6682468823024206,398,42,64
SO,Utilities,BiLSTM,classification,20,5,19,0.14286842489914603,1.3323659982000078,398,42,64
SPLP,Conglomerates,BiLSTM,classification,20,5,1,0.7655483040977363,0.7011463840802511,398,42,64
SPLP,Conglomerates,BiLSTM,classification,20,5,2,0.6212905636384859,0.6755965862955365,398,42,64
SPLP,Conglomerates,BiLSTM,classification,20,5,3,0.5253274323952258,0.7050976980300176,398,42,64
SPLP,Conglomerates,BiLSTM,classification,20,5,4,0.4905033610274444,0.6783624944232759,398,42,64
SPLP,Conglomerates,BiLSTM,classification,20,5,5,0.49709064696901406,0.6223738505726769,398,42,64
SPLP,Conglomerates,BiLSTM,classification,20,5,6,0.5366110617491469,0.6958039005597433,398,42,64
SPLP,Conglomerates,BiLSTM,classification,20,5,7,0.4191845376886914,0.6323301309630984,398,42,64
SPLP,Conglomerates,BiLSTM,classification,20,5,8,0.43470678519663497,0.6399801827612377,398,42,64
SPLP,Conglomerates,BiLSTM,classification,20,5,9,0.3462131543075619,0.6880616744359335,398,42,64
SPLP,Conglomerates,BiLSTM,classification,20,5,10,0.29786920682269724,0.711277689252581,398,42,64
SPLP,Conglomerates,BiLSTM,classification,20,5,11,0.35561245679855347,0.7466321729478382,398,42,64
SPLP,Conglomerates,BiLSTM,classification,20,5,12,0.3250108738640445,0.872672804764339,398,42,64
SPLP,Conglomerates,BiLSTM,classification,20,5,13,0.3602623840672287,0.7392674514225551,398,42,64
SPLP,Conglomerates,BiLSTM,classification,20,5,14,0.2519924998582907,0.7267719535600572,398,42,64
SPLP,Conglomerates,BiLSTM,classification,20,5,15,0.20786418402614307,0.770284042471931,398,42,64
SPLP,Conglomerates,BiLSTM,classification,20,5,16,0.19588128058005816,0.7119521896044413,398,42,64
SPLP,Conglomerates,BiLSTM,classification,20,5,17,0.15995032568672793,0.84084438426154,398,42,64
SPLP,Conglomerates,BiLSTM,classification,20,5,18,0.1609418334523637,0.936315675576528,398,42,64
SPLP,Conglomerates,BiLSTM,classification,20,5,19,0.15551880777031932,0.8262695159230914,398,42,64
SPLP,Conglomerates,BiLSTM,classification,20,5,20,0.13550380879460866,0.8372361603237334,398,42,64
SRE,Utilities,BiLSTM,classification,20,5,1,0.6886499542087766,0.7209654805206117,398,42,64
SRE,Utilities,BiLSTM,classification,20,5,2,0.561771910993298,1.0667446709814525,398,42,64
SRE,Utilities,BiLSTM,classification,20,5,3,0.5005113907794857,2.265801265126183,398,42,64
SRE,Utilities,BiLSTM,classification,20,5,4,0.4640729566614831,2.58686055455889,398,42,64
SRE,Utilities,BiLSTM,classification,20,5,5,0.472328595779649,4.713069893064953,398,42,64
SRE,Utilities,BiLSTM,classification,20,5,6,0.43217216948768,4.737142267681303,398,42,64
SRE,Utilities,BiLSTM,classification,20,5,7,0.3846439584415762,5.569637616475423,398,42,64
SRE,Utilities,BiLSTM,classification,20,5,8,0.36761362423848865,4.232760633741107,398,42,64
SRE,Utilities,BiLSTM,classification,20,5,9,0.4154495301857666,3.4578552813757035,398,42,64
SRE,Utilities,BiLSTM,classification,20,5,10,0.3916167594380115,3.9955779824938094,398,42,64
SRE,Utilities,BiLSTM,classification,20,5,11,0.29540875868581645,4.539499680201213,398,42,64
SRE,Utilities,BiLSTM,classification,20,5,12,0.26734203923886746,4.789281311489287,398,42,64
SRE,Utilities,BiLSTM,classification,20,5,13,0.23199700193489017,5.114927439462571,398,42,64
SRE,Utilities,BiLSTM,classification,20,5,14,0.22717371403272427,5.15940431186131,398,42,64
SRE,Utilities,BiLSTM,classification,20,5,15,0.22441103739954119,5.192362070083618,398,42,64
SRE,Utilities,BiLSTM,classification,20,5,16,0.21631923669846215,5.5898695559728715,398,42,64
T,Technology,BiLSTM,classification,20,5,1,0.6859888519773532,0.706882757799966,398,42,64
T,Technology,BiLSTM,classification,20,5,2,0.5366769132751915,0.7194757944061643,398,42,64
T,Technology,BiLSTM,classification,20,5,3,0.43947235154147124,0.9780684851464772,398,42,64
T,Technology,BiLSTM,classification,20,5,4,0.42196963195824744,1.0919544696807861,398,42,64
T,Technology,BiLSTM,classification,20,5,5,0.3965007411924439,1.0244428373518444,398,42,64
T,Technology,BiLSTM,classification,20,5,6,0.4009781840009306,1.9236452011835008,398,42,64
T,Technology,BiLSTM,classification,20,5,7,0.4005514296455,1.0213827859787714,398,42,64
T,Technology,BiLSTM,classification,20,5,8,0.3388552483002744,1.7237720035371327,398,42,64
T,Technology,BiLSTM,classification,20,5,9,0.3188907461400008,1.097044859613691,398,42,64
T,Technology,BiLSTM,classification,20,5,10,0.2628974825817736,1.405299459184919,398,42,64
T,Technology,BiLSTM,classification,20,5,11,0.19187769586753906,1.9463769935426258,398,42,64
T,Technology,BiLSTM,classification,20,5,12,0.1752644169270693,2.1327864215487526,398,42,64
T,Technology,BiLSTM,classification,20,5,13,0.1551275340344139,2.354543992451259,398,42,64
T,Technology,BiLSTM,classification,20,5,14,0.14611355196591,2.427156368891398,398,42,64
T,Technology,BiLSTM,classification,20,5,15,0.12134725744625431,2.4770720572698686,398,42,64
T,Technology,BiLSTM,classification,20,5,16,0.13096141828289584,2.4531400430770147,398,42,64
TM,Consumer Goods,BiLSTM,classification,20,5,1,0.6958895697066533,0.6649185106867835,398,42,64
TM,Consumer Goods,BiLSTM,classification,20,5,2,0.5690346845430345,0.782050697576432,398,42,64
TM,Consumer Goods,BiLSTM,classification,20,5,3,0.5160962313263859,1.0155722016379947,398,42,64
TM,Consumer Goods,BiLSTM,classification,20,5,4,0.4244864049868368,1.6681280987603324,398,42,64
TM,Consumer Goods,BiLSTM,classification,20,5,5,0.44276218318459976,2.5119893891470775,398,42,64
TM,Consumer Goods,BiLSTM,classification,20,5,6,0.4320515741654976,1.0653654450461978,398,42,64
TM,Consumer Goods,BiLSTM,classification,20,5,7,0.3850713521990944,3.055874166034517,398,42,64
TM,Consumer Goods,BiLSTM,classification,20,5,8,0.3812512336064823,1.9979331152779716,398,42,64
TM,Consumer Goods,BiLSTM,classification,20,5,9,0.33918806416305464,3.4434555144537065,398,42,64
TM,Consumer Goods,BiLSTM,classification,20,5,10,0.36541489410640005,3.2572908855619884,398,42,64
TM,Consumer Goods,BiLSTM,classification,20,5,11,0.25870650227944453,3.4677170571826754,398,42,64
TM,Consumer Goods,BiLSTM,classification,20,5,12,0.22256178667197873,4.299255984170096,398,42,64
TM,Consumer Goods,BiLSTM,classification,20,5,13,0.2107120123340856,4.393907501584008,398,42,64
TM,Consumer Goods,BiLSTM,classification,20,5,14,0.1718759067993068,4.594113554273333,398,42,64
TM,Consumer Goods,BiLSTM,classification,20,5,15,0.18728828130654954,4.973925090971447,398,42,64
TM,Consumer Goods,BiLSTM,classification,20,5,16,0.16176967704715442,5.183163483937581,398,42,64
TOT,Basic Matierials,BiLSTM,classification,20,5,1,0.7758974452414106,0.684113255568913,398,42,64
TOT,Basic Matierials,BiLSTM,classification,20,5,2,0.6155667504922828,1.3930898166838146,398,42,64
TOT,Basic Matierials,BiLSTM,classification,20,5,3,0.4877686657048949,3.348159744626,398,42,64
TOT,Basic Matierials,BiLSTM,classification,20,5,4,0.43873323251179713,6.900300411950974,398,42,64
TOT,Basic Matierials,BiLSTM,classification,20,5,5,0.456181067505374,8.100426060812813,398,42,64
TOT,Basic Matierials,BiLSTM,classification,20,5,6,0.4373473247241734,10.63117776598249,398,42,64
TOT,Basic Matierials,BiLSTM,classification,20,5,7,0.498191863972338,9.521815368107386,398,42,64
TOT,Basic Matierials,BiLSTM,classification,20,5,8,0.5271437842979203,9.415220533098493,398,42,64
TOT,Basic Matierials,BiLSTM,classification,20,5,9,0.36512528567682556,7.351495606558664,398,42,64
TOT,Basic Matierials,BiLSTM,classification,20,5,10,0.29491722111089447,8.293393543788365,398,42,64
TOT,Basic Matierials,BiLSTM,classification,20,5,11,0.2538062156220177,9.767457031068348,398,42,64
TOT,Basic Matierials,BiLSTM,classification,20,5,12,0.228662789794593,11.670485814412435,398,42,64
TOT,Basic Matierials,BiLSTM,classification,20,5,13,0.18709814819933182,11.976189794994536,398,42,64
TOT,Basic Matierials,BiLSTM,classification,20,5,14,0.19545871165847808,14.058563550313314,398,42,64
TOT,Basic Matierials,BiLSTM,classification,20,5,15,0.20205807285242944,14.3628568649292,398,42,64
TOT,Basic Matierials,BiLSTM,classification,20,5,16,0.18357774644303862,15.154877662658691,398,42,64
TSM,Technology,BiLSTM,classification,20,5,1,0.8492375366651832,0.6705521259989057,398,42,64
TSM,Technology,BiLSTM,classification,20,5,2,0.655791569295241,0.7206900034632001,398,42,64
TSM,Technology,BiLSTM,classification,20,5,3,0.5224054344934435,1.7300723961421423,398,42,64
TSM,Technology,BiLSTM,classification,20,5,4,0.4940101827808361,0.584536231699444,398,42,64
TSM,Technology,BiLSTM,classification,20,5,5,0.4738973368651903,0.7685513297716776,398,42,64
TSM,Technology,BiLSTM,classification,20,5,6,0.4690122057744606,1.3248111690793718,398,42,64
TSM,Technology,BiLSTM,classification,20,5,7,0.44716250671813235,1.276155670483907,398,42,64
TSM,Technology,BiLSTM,classification,20,5,8,0.4462096809442319,0.8954446202232724,398,42,64
TSM,Technology,BiLSTM,classification,20,5,9,0.3626788694355356,0.6719130022185189,398,42,64
TSM,Technology,BiLSTM,classification,20,5,10,0.3189588499129118,1.003823161125183,398,42,64
TSM,Technology,BiLSTM,classification,20,5,11,0.30433069746098923,0.6870148338022686,398,42,64
TSM,Technology,BiLSTM,classification,20,5,12,0.2816838518758515,2.2579085259210494,398,42,64
TSM,Technology,BiLSTM,classification,20,5,13,0.23593373592924233,2.5020489806220647,398,42,64
TSM,Technology,BiLSTM,classification,20,5,14,0.2292383663243984,2.292011635644095,398,42,64
TSM,Technology,BiLSTM,classification,20,5,15,0.18169936717455112,2.294781730288551,398,42,64
TSM,Technology,BiLSTM,classification,20,5,16,0.16378922217605102,2.4473151592981246,398,42,64
TSM,Technology,BiLSTM,classification,20,5,17,0.1579282455258633,2.1674878143128895,398,42,64
TSM,Technology,BiLSTM,classification,20,5,18,0.1428405706344837,1.7510272434779577,398,42,64
TSM,Technology,BiLSTM,classification,20,5,19,0.15269453119692492,1.7979665540513539,398,42,64
UL,Consumer Goods,BiLSTM,classification,20,5,1,0.7948989170280534,0.6712586283683777,398,42,64
UL,Consumer Goods,BiLSTM,classification,20,5,2,0.6529095225298225,1.0339213552929105,398,42,64
UL,Consumer Goods,BiLSTM,classification,20,5,3,0.5532506231087536,0.9075912066868373,398,42,64
UL,Consumer Goods,BiLSTM,classification,20,5,4,0.4803854147693021,1.314222744532994,398,42,64
UL,Consumer Goods,BiLSTM,classification,20,5,5,0.41707813125758914,1.0828056676047189,398,42,64
UL,Consumer Goods,BiLSTM,classification,20,5,6,0.3625471600935088,1.8146627119609289,398,42,64
UL,Consumer Goods,BiLSTM,classification,20,5,7,0.40996951051992386,2.000039827255976,398,42,64
UL,Consumer Goods,BiLSTM,classification,20,5,8,0.31757619325539577,2.876162880942935,398,42,64
UL,Consumer Goods,BiLSTM,classification,20,5,9,0.3140894155106952,2.6011268979027156,398,42,64
UL,Consumer Goods,BiLSTM,classification,20,5,10,0.27137057683500815,2.2046941007886613,398,42,64
UL,Consumer Goods,BiLSTM,classification,20,5,11,0.18891501426696777,2.6161516393933977,398,42,64
UL,Consumer Goods,BiLSTM,classification,20,5,12,0.15596558441918099,2.70542878196353,398,42,64
UL,Consumer Goods,BiLSTM,classification,20,5,13,0.13908876521728147,3.321314743586949,398,42,64
UL,Consumer Goods,BiLSTM,classification,20,5,14,0.12744058082675813,3.238665081205822,398,42,64
UL,Consumer Goods,BiLSTM,classification,20,5,15,0.12546495861144522,3.961905456724621,398,42,64
UL,Consumer Goods,BiLSTM,classification,20,5,16,0.11473591242865402,3.653443767910912,398,42,64
UN,Consumer Goods,BiLSTM,classification,20,5,1,0.762108712639641,0.6909664755775815,398,42,64
UN,Consumer Goods,BiLSTM,classification,20,5,2,0.6384395441817279,1.516631455648513,398,42,64
UN,Consumer Goods,BiLSTM,classification,20,5,3,0.4856340291362312,1.96248493875776,398,42,64
UN,Consumer Goods,BiLSTM,classification,20,5,4,0.4368738933424255,1.71296223004659,398,42,64
UN,Consumer Goods,BiLSTM,classification,20,5,5,0.4265102037982126,3.3774849573771157,398,42,64
UN,Consumer Goods,BiLSTM,classification,20,5,6,0.5011258773393368,1.5096221310751778,398,42,64
UN,Consumer Goods,BiLSTM,classification,20,5,7,0.4845085124574115,2.7812833672478083,398,42,64
UN,Consumer Goods,BiLSTM,classification,20,5,8,0.3599468847015994,2.1795877729143416,398,42,64
UN,Consumer Goods,BiLSTM,classification,20,5,9,0.31478053469903505,2.2592348144167946,398,42,64
UN,Consumer Goods,BiLSTM,classification,20,5,10,0.2526518249294566,2.408914554686773,398,42,64
UN,Consumer Goods,BiLSTM,classification,20,5,11,0.21171943390339462,2.8368375187828425,398,42,64
UN,Consumer Goods,BiLSTM,classification,20,5,12,0.1763355770901819,3.3548586709158763,398,42,64
UN,Consumer Goods,BiLSTM,classification,20,5,13,0.187061820534905,3.0254300889514743,398,42,64
UN,Consumer Goods,BiLSTM,classification,20,5,14,0.1669852487068979,3.5068092800322033,398,42,64
UN,Consumer Goods,BiLSTM,classification,20,5,15,0.1499798616590961,3.5226923397609164,398,42,64
UN,Consumer Goods,BiLSTM,classification,20,5,16,0.14159694813828372,4.145097437359038,398,42,64
UNH,Healthcare,BiLSTM,classification,20,5,1,0.6962117747445802,0.568153094677698,398,42,64
UNH,Healthcare,BiLSTM,classification,20,5,2,0.6262537465622676,0.5684276081266857,398,42,64
UNH,Healthcare,BiLSTM,classification,20,5,3,0.5285208815306275,0.5786885590780348,398,42,64
UNH,Healthcare,BiLSTM,classification,20,5,4,0.45293278999664077,0.7157837947209676,398,42,64
UNH,Healthcare,BiLSTM,classification,20,5,5,0.41259321076187055,1.3408725942884172,398,42,64
UNH,Healthcare,BiLSTM,classification,20,5,6,0.424261024249858,0.5579131330762591,398,42,64
UNH,Healthcare,BiLSTM,classification,20,5,7,0.4735199220515975,0.991997344153268,398,42,64
UNH,Healthcare,BiLSTM,classification,20,5,8,0.4764333660878129,2.2652724356878373,398,42,64
UNH,Healthcare,BiLSTM,classification,20,5,9,0.40541917205455913,2.4661860920134044,398,42,64
UNH,Healthcare,BiLSTM,classification,20,5,10,0.3885799665846417,1.754534539722261,398,42,64
UNH,Healthcare,BiLSTM,classification,20,5,11,0.3133648043526477,2.263151940845308,398,42,64
UNH,Healthcare,BiLSTM,classification,20,5,12,0.3282628667414488,2.2097658883957636,398,42,64
UNH,Healthcare,BiLSTM,classification,20,5,13,0.3380926124115086,3.3761866433279857,398,42,64
UNH,Healthcare,BiLSTM,classification,20,5,14,0.3315418290732494,3.272948764619373,398,42,64
UNH,Healthcare,BiLSTM,classification,20,5,15,0.2571157498949736,2.3450757435389926,398,42,64
UNH,Healthcare,BiLSTM,classification,20,5,16,0.18492940914391273,2.222566286722819,398,42,64
UNH,Healthcare,BiLSTM,classification,20,5,17,0.1707314053297642,2.4483853294735862,398,42,64
UNH,Healthcare,BiLSTM,classification,20,5,18,0.14505774017666753,2.8842178072248186,398,42,64
UNH,Healthcare,BiLSTM,classification,20,5,19,0.1562145753347095,3.3987011228288924,398,42,64
UNH,Healthcare,BiLSTM,classification,20,5,20,0.13334016933400727,3.5425932747977122,398,42,64
UNH,Healthcare,BiLSTM,classification,20,5,21,0.12419572713124992,3.659989811125256,398,42,64
UPS,Services,BiLSTM,classification,20,5,1,0.7366511866674951,0.687962566103254,398,42,64
UPS,Services,BiLSTM,classification,20,5,2,0.6449007128351297,0.7462212840716044,398,42,64
UPS,Services,BiLSTM,classification,20,5,3,0.5450067439270978,0.9998540140333629,398,42,64
UPS,Services,BiLSTM,classification,20,5,4,0.5001862520848087,0.9473028381665548,398,42,64
UPS,Services,BiLSTM,classification,20,5,5,0.4239185412025931,1.8706963402884347,398,42,64
UPS,Services,BiLSTM,classification,20,5,6,0.48232287033718435,0.8569126072384062,398,42,64
UPS,Services,BiLSTM,classification,20,5,7,0.4592472398700427,2.2663087277185348,398,42,64
UPS,Services,BiLSTM,classification,20,5,8,0.4599408723002103,1.2668109820002602,398,42,64
UPS,Services,BiLSTM,classification,20,5,9,0.39624819294292124,2.025915577298119,398,42,64
UPS,Services,BiLSTM,classification,20,5,10,0.34777592818940706,1.4868643823124112,398,42,64
UPS,Services,BiLSTM,classification,20,5,11,0.29381216059078524,1.7127609196163358,398,42,64
UPS,Services,BiLSTM,classification,20,5,12,0.2740066845962151,2.033993374733698,398,42,64
UPS,Services,BiLSTM,classification,20,5,13,0.23253799885062118,2.317885171799433,398,42,64
UPS,Services,BiLSTM,classification,20,5,14,0.23669880269160823,2.5556849581854686,398,42,64
UPS,Services,BiLSTM,classification,20,5,15,0.21953034794061027,3.0496819132850286,398,42,64
UPS,Services,BiLSTM,classification,20,5,16,0.19409659332665966,3.080812204451788,398,42,64
UTX,Industrial Goods,BiLSTM,classification,20,5,1,0.7930287134707273,0.7296813641275678,398,42,64
UTX,Industrial Goods,BiLSTM,classification,20,5,2,0.6712917460868107,1.697030124210176,398,42,64
UTX,Industrial Goods,BiLSTM,classification,20,5,3,0.5460413360415991,2.216046866916475,398,42,64
UTX,Industrial Goods,BiLSTM,classification,20,5,4,0.47352529755189793,2.715199867884318,398,42,64
UTX,Industrial Goods,BiLSTM,classification,20,5,5,0.47768944981110156,3.884721699215117,398,42,64
UTX,Industrial Goods,BiLSTM,classification,20,5,6,0.46144917697163684,3.2993168149675642,398,42,64
UTX,Industrial Goods,BiLSTM,classification,20,5,7,0.49613395557930723,3.546417713165283,398,42,64
UTX,Industrial Goods,BiLSTM,classification,20,5,8,0.4185692253873576,5.500377087366013,398,42,64
UTX,Industrial Goods,BiLSTM,classification,20,5,9,0.37118655630392045,5.138879389989944,398,42,64
UTX,Industrial Goods,BiLSTM,classification,20,5,10,0.3012112164167903,3.4233770029885426,398,42,64
UTX,Industrial Goods,BiLSTM,classification,20,5,11,0.26429638056898835,4.940169879368374,398,42,64
UTX,Industrial Goods,BiLSTM,classification,20,5,12,0.23614700086152735,4.066039198920841,398,42,64
UTX,Industrial Goods,BiLSTM,classification,20,5,13,0.21818106213406702,4.727371283939907,398,42,64
UTX,Industrial Goods,BiLSTM,classification,20,5,14,0.19910764450853194,4.766599337259929,398,42,64
UTX,Industrial Goods,BiLSTM,classification,20,5,15,0.18893306728583484,5.800239721934001,398,42,64
UTX,Industrial Goods,BiLSTM,classification,20,5,16,0.16633531739514076,5.2808549744742255,398,42,64
V,Financial,BiLSTM,classification,20,5,1,0.7530646986098745,0.6978954644430251,398,42,64
V,Financial,BiLSTM,classification,20,5,2,0.6410837595786282,0.7211125067302159,398,42,64
V,Financial,BiLSTM,classification,20,5,3,0.5582626963680114,0.7535976086344037,398,42,64
V,Financial,BiLSTM,classification,20,5,4,0.5270364050889135,0.9747761970474607,398,42,64
V,Financial,BiLSTM,classification,20,5,5,0.49840604150714585,0.9967696666717529,398,42,64
V,Financial,BiLSTM,classification,20,5,6,0.6128663112170732,0.6817149803751991,398,42,64
V,Financial,BiLSTM,classification,20,5,7,0.4856074542256456,0.6422248567853656,398,42,64
V,Financial,BiLSTM,classification,20,5,8,0.523485490724669,0.713573328086308,398,42,64
V,Financial,BiLSTM,classification,20,5,9,0.5510262849941925,0.7918984662918818,398,42,64
V,Financial,BiLSTM,classification,20,5,10,0.43319736428596267,0.6818730235099792,398,42,64
V,Financial,BiLSTM,classification,20,5,11,0.4920352681647593,0.6865084142912001,398,42,64
V,Financial,BiLSTM,classification,20,5,12,0.4175966002384023,1.0424991902850924,398,42,64
V,Financial,BiLSTM,classification,20,5,13,0.3395415670308635,0.8472524313699632,398,42,64
V,Financial,BiLSTM,classification,20,5,14,0.3421926049506245,0.7412994078227452,398,42,64
V,Financial,BiLSTM,classification,20,5,15,0.408883704799204,0.8736505054292225,398,42,64
V,Financial,BiLSTM,classification,20,5,16,0.31878934018126687,0.859999037924267,398,42,64
V,Financial,BiLSTM,classification,20,5,17,0.23714129387134283,0.8680368321282523,398,42,64
V,Financial,BiLSTM,classification,20,5,18,0.23348119169773168,1.002963247753325,398,42,64
V,Financial,BiLSTM,classification,20,5,19,0.1827742731076988,1.1690181947889782,398,42,64
V,Financial,BiLSTM,classification,20,5,20,0.1776766239492288,1.3994290488106864,398,42,64
V,Financial,BiLSTM,classification,20,5,21,0.14711465154910208,1.350972572962443,398,42,64
V,Financial,BiLSTM,classification,20,5,22,0.14836570663592924,1.4526862644013905,398,42,64
VZ,Technology,BiLSTM,classification,20,5,1,0.717850465570862,0.7573341244742984,398,42,64
VZ,Technology,BiLSTM,classification,20,5,2,0.552834114836688,1.0176532836187453,398,42,64
VZ,Technology,BiLSTM,classification,20,5,3,0.5178537993275341,1.2905488808949788,398,42,64
VZ,Technology,BiLSTM,classification,20,5,4,0.4951190358430297,3.154552595955985,398,42,64
VZ,Technology,BiLSTM,classification,20,5,5,0.46879263499274326,1.7678687572479248,398,42,64
VZ,Technology,BiLSTM,classification,20,5,6,0.3775530885062625,3.220594292595273,398,42,64
VZ,Technology,BiLSTM,classification,20,5,7,0.35328531969132737,3.4228597595578147,398,42,64
VZ,Technology,BiLSTM,classification,20,5,8,0.3370324437642217,4.925168582371303,398,42,64
VZ,Technology,BiLSTM,classification,20,5,9,0.29163902436369027,3.3640799522399902,398,42,64
VZ,Technology,BiLSTM,classification,20,5,10,0.3000076476053976,3.0762119066147577,398,42,64
VZ,Technology,BiLSTM,classification,20,5,11,0.2424655770836164,3.6145808583214167,398,42,64
VZ,Technology,BiLSTM,classification,20,5,12,0.18649767919551188,3.9575986862182617,398,42,64
VZ,Technology,BiLSTM,classification,20,5,13,0.17304186805633445,3.6785531725202287,398,42,64
VZ,Technology,BiLSTM,classification,20,5,14,0.17556465125113876,4.4234878449212935,398,42,64
VZ,Technology,BiLSTM,classification,20,5,15,0.17775978709585102,4.566330591837565,398,42,64
VZ,Technology,BiLSTM,classification,20,5,16,0.13160212849028147,4.435237294151669,398,42,64
WFC,Financial,BiLSTM,classification,20,5,1,0.6897290989981225,0.6995048153968084,398,42,64
WFC,Financial,BiLSTM,classification,20,5,2,0.5919158827120335,0.8551054284686134,398,42,64
WFC,Financial,BiLSTM,classification,20,5,3,0.5354852980405242,1.282753002075922,398,42,64
WFC,Financial,BiLSTM,classification,20,5,4,0.5478496230277584,1.6345531713394892,398,42,64
WFC,Financial,BiLSTM,classification,20,5,5,0.46310570274465646,1.81307019506182,398,42,64
WFC,Financial,BiLSTM,classification,20,5,6,0.4469075199946686,3.071781340099516,398,42,64
WFC,Financial,BiLSTM,classification,20,5,7,0.43532466933355857,2.1277706850142706,398,42,64
WFC,Financial,BiLSTM,classification,20,5,8,0.3830135283083772,1.9615084443773543,398,42,64
WFC,Financial,BiLSTM,classification,20,5,9,0.36134329872514737,3.0332521824609664,398,42,64
WFC,Financial,BiLSTM,classification,20,5,10,0.39731265817904593,3.011646577290126,398,42,64
WFC,Financial,BiLSTM,classification,20,5,11,0.26161942866878896,2.924129327138265,398,42,64
WFC,Financial,BiLSTM,classification,20,5,12,0.2372111130749161,3.4138708795819963,398,42,64
WFC,Financial,BiLSTM,classification,20,5,13,0.19326691497959683,3.4466650713057745,398,42,64
WFC,Financial,BiLSTM,classification,20,5,14,0.17957122148431126,3.7985231081644693,398,42,64
WFC,Financial,BiLSTM,classification,20,5,15,0.18595702349016416,4.0831418718610495,398,42,64
WFC,Financial,BiLSTM,classification,20,5,16,0.16754824048535308,4.387499673025949,398,42,64
WMT,Services,BiLSTM,classification,20,5,1,0.814049898679532,0.7588184561048236,398,42,64
WMT,Services,BiLSTM,classification,20,5,2,0.7607787272438931,1.0436815903300332,398,42,64
WMT,Services,BiLSTM,classification,20,5,3,0.5144757664383356,0.9414020478725433,398,42,64
WMT,Services,BiLSTM,classification,20,5,4,0.459586616886321,2.7405201423735845,398,42,64
WMT,Services,BiLSTM,classification,20,5,5,0.47102076668835163,2.0989723829996016,398,42,64
WMT,Services,BiLSTM,classification,20,5,6,0.4330897599308934,3.9887523367291404,398,42,64
WMT,Services,BiLSTM,classification,20,5,7,0.4302209868053695,1.6726995848474049,398,42,64
WMT,Services,BiLSTM,classification,20,5,8,0.3632584470300818,4.115711257571266,398,42,64
WMT,Services,BiLSTM,classification,20,5,9,0.3112133975753832,3.4487476405643283,398,42,64
WMT,Services,BiLSTM,classification,20,5,10,0.311381550739758,4.163914601008098,398,42,64
WMT,Services,BiLSTM,classification,20,5,11,0.24520077657459968,3.7754279602141607,398,42,64
WMT,Services,BiLSTM,classification,20,5,12,0.23070576382641816,3.336972719147092,398,42,64
WMT,Services,BiLSTM,classification,20,5,13,0.19906211479674632,4.142675167038327,398,42,64
WMT,Services,BiLSTM,classification,20,5,14,0.15686264091250884,4.647022031602406,398,42,64
WMT,Services,BiLSTM,classification,20,5,15,0.15978554868368647,4.594112396240234,398,42,64
WMT,Services,BiLSTM,classification,20,5,16,0.18749133534916682,4.917553572427659,398,42,64
XOM,Basic Matierials,BiLSTM,classification,20,5,1,0.7779387397382727,0.672525684038798,398,42,64
XOM,Basic Matierials,BiLSTM,classification,20,5,2,0.7192236008356564,0.7733623271896726,398,42,64
XOM,Basic Matierials,BiLSTM,classification,20,5,3,0.6595286747918057,0.9105923516409737,398,42,64
XOM,Basic Matierials,BiLSTM,classification,20,5,4,0.5852242065734,1.8376727671850295,398,42,64
XOM,Basic Matierials,BiLSTM,classification,20,5,5,0.527458638102565,2.92219907329196,398,42,64
XOM,Basic Matierials,BiLSTM,classification,20,5,6,0.5225820258334654,3.3436009089152017,398,42,64
XOM,Basic Matierials,BiLSTM,classification,20,5,7,0.5059917494280255,3.440904668399266,398,42,64
XOM,Basic Matierials,BiLSTM,classification,20,5,8,0.5444221453151511,2.398706793785095,398,42,64
XOM,Basic Matierials,BiLSTM,classification,20,5,9,0.47196508607073645,2.890524319240025,398,42,64
XOM,Basic Matierials,BiLSTM,classification,20,5,10,0.3992506329288435,4.198429766155424,398,42,64
XOM,Basic Matierials,BiLSTM,classification,20,5,11,0.31791423755374987,4.1328035195668535,398,42,64
XOM,Basic Matierials,BiLSTM,classification,20,5,12,0.2754158860624735,4.537601754778907,398,42,64
XOM,Basic Matierials,BiLSTM,classification,20,5,13,0.25451689112426046,5.08865009035383,398,42,64
XOM,Basic Matierials,BiLSTM,classification,20,5,14,0.2627277360040339,5.971039351962862,398,42,64
XOM,Basic Matierials,BiLSTM,classification,20,5,15,0.24836109953010502,6.466430289404733,398,42,64
XOM,Basic Matierials,BiLSTM,classification,20,5,16,0.27306550905932137,6.745118277413504,398,42,64
