company,sector,model_type,problem_type,sequence_length,horizon_steps,epoch,train_loss,val_loss,train_samples,val_samples,test_samples
AAPL,Consumer Goods,BiGRU,classification,20,5,1,0.7444889521479008,0.7182199586005438,398,42,64
AAPL,Consumer Goods,BiGRU,classification,20,5,2,0.6537055202464962,2.6457506815592446,398,42,64
AAPL,Consumer Goods,BiGRU,classification,20,5,3,0.5672384916837491,2.461718264080229,398,42,64
AAPL,Consumer Goods,BiGRU,classification,20,5,4,0.5595602707647199,3.9424746604192826,398,42,64
AAPL,Consumer Goods,BiGRU,classification,20,5,5,0.5046236059773508,4.336046286991665,398,42,64
AAPL,Consumer Goods,BiGRU,classification,20,5,6,0.4977543947085663,3.5567636716933477,398,42,64
AAPL,Consumer Goods,BiGRU,classification,20,5,7,0.5068231210037691,3.93095638638451,398,42,64
AAPL,Consumer Goods,BiGRU,classification,20,5,8,0.4928324498123859,2.6948285897572837,398,42,64
AAPL,Consumer Goods,BiGRU,classification,20,5,9,0.55258709192276,3.5059255872453963,398,42,64
AAPL,Consumer Goods,BiGRU,classification,20,5,10,0.4060026299414323,4.098133563995361,398,42,64
AAPL,Consumer Goods,BiGRU,classification,20,5,11,0.3567444550332112,4.3037770589192705,398,42,64
AAPL,Consumer Goods,BiGRU,classification,20,5,12,0.3477029866309621,5.288287071954636,398,42,64
AAPL,Consumer Goods,BiGRU,classification,20,5,13,0.3426701947672283,4.265008449554443,398,42,64
AAPL,Consumer Goods,BiGRU,classification,20,5,14,0.31536528423203897,4.3145124571663995,398,42,64
AAPL,Consumer Goods,BiGRU,classification,20,5,15,0.30493592062787195,4.412959893544515,398,42,64
AAPL,Consumer Goods,BiGRU,classification,20,5,16,0.2973905070942251,5.176357269287109,398,42,64
ABB,Industrial Goods,BiGRU,classification,20,5,1,0.7078929148127685,0.8278521498044332,398,42,64
ABB,Industrial Goods,BiGRU,classification,20,5,2,0.6222842439035674,2.4042435941242037,398,42,64
ABB,Industrial Goods,BiGRU,classification,20,5,3,0.5578132038140416,2.745730649857294,398,42,64
ABB,Industrial Goods,BiGRU,classification,20,5,4,0.5530913031879982,3.050885109674363,398,42,64
ABB,Industrial Goods,BiGRU,classification,20,5,5,0.5374600220864741,2.956308432987758,398,42,64
ABB,Industrial Goods,BiGRU,classification,20,5,6,0.51612538848091,3.313064518428984,398,42,64
ABB,Industrial Goods,BiGRU,classification,20,5,7,0.44698670072172153,3.020313194819859,398,42,64
ABB,Industrial Goods,BiGRU,classification,20,5,8,0.4181942804599527,3.085479815800985,398,42,64
ABB,Industrial Goods,BiGRU,classification,20,5,9,0.44323575534113685,5.531010673159645,398,42,64
ABB,Industrial Goods,BiGRU,classification,20,5,10,0.4082213494945411,3.449074086688814,398,42,64
ABB,Industrial Goods,BiGRU,classification,20,5,11,0.3305703825013122,5.270742007664272,398,42,64
ABB,Industrial Goods,BiGRU,classification,20,5,12,0.3366463332245098,4.527575106847854,398,42,64
ABB,Industrial Goods,BiGRU,classification,20,5,13,0.3050065248568154,6.6467319670177645,398,42,64
ABB,Industrial Goods,BiGRU,classification,20,5,14,0.3093992666570685,5.36578875496274,398,42,64
ABB,Industrial Goods,BiGRU,classification,20,5,15,0.2855962052492041,6.541753564562116,398,42,64
ABB,Industrial Goods,BiGRU,classification,20,5,16,0.23961787393793987,4.456437905629476,398,42,64
ABBV,Healthcare,BiGRU,classification,20,5,1,0.6964552264716757,1.2861291283652896,398,42,64
ABBV,Healthcare,BiGRU,classification,20,5,2,0.6635583779919687,1.9576273986271449,398,42,64
ABBV,Healthcare,BiGRU,classification,20,5,3,0.6203232341675303,1.0084141464460463,398,42,64
ABBV,Healthcare,BiGRU,classification,20,5,4,0.5905618398033794,2.5181844120933894,398,42,64
ABBV,Healthcare,BiGRU,classification,20,5,5,0.5416339710729206,1.4050520715259371,398,42,64
ABBV,Healthcare,BiGRU,classification,20,5,6,0.5663559266071224,2.719281855083647,398,42,64
ABBV,Healthcare,BiGRU,classification,20,5,7,0.565894737914579,2.719830354054769,398,42,64
ABBV,Healthcare,BiGRU,classification,20,5,8,0.528005246241488,2.1332567021960305,398,42,64
ABBV,Healthcare,BiGRU,classification,20,5,9,0.5125620136009389,2.8297535805475142,398,42,64
ABBV,Healthcare,BiGRU,classification,20,5,10,0.4754979883007069,2.449904305594308,398,42,64
ABBV,Healthcare,BiGRU,classification,20,5,11,0.4714648343210843,2.677520365942092,398,42,64
ABBV,Healthcare,BiGRU,classification,20,5,12,0.40873432968130063,2.3438976378667924,398,42,64
ABBV,Healthcare,BiGRU,classification,20,5,13,0.32807614605630464,2.3673516114552817,398,42,64
ABBV,Healthcare,BiGRU,classification,20,5,14,0.3021248282499649,2.907214107967558,398,42,64
ABBV,Healthcare,BiGRU,classification,20,5,15,0.28097218334974355,2.3628737245287215,398,42,64
ABBV,Healthcare,BiGRU,classification,20,5,16,0.27025790714738357,2.857527017593384,398,42,64
ABBV,Healthcare,BiGRU,classification,20,5,17,0.23813024702383645,2.831330185844785,398,42,64
ABBV,Healthcare,BiGRU,classification,20,5,18,0.2237262447275708,2.9363715989249095,398,42,64
AEP,Utilities,BiGRU,classification,20,5,1,0.6870850474391151,0.7789948071752276,398,42,64
AEP,Utilities,BiGRU,classification,20,5,2,0.6240745522269052,1.034660518169403,398,42,64
AEP,Utilities,BiGRU,classification,20,5,3,0.5763196549822936,1.2847104952448891,398,42,64
AEP,Utilities,BiGRU,classification,20,5,4,0.5191058172053428,1.3511677639825004,398,42,64
AEP,Utilities,BiGRU,classification,20,5,5,0.5212516443214225,1.124367960861751,398,42,64
AEP,Utilities,BiGRU,classification,20,5,6,0.5321260031743266,1.5250192483266194,398,42,64
AEP,Utilities,BiGRU,classification,20,5,7,0.4997872651821405,1.1641112026714144,398,42,64
AEP,Utilities,BiGRU,classification,20,5,8,0.4616799552236969,1.144707515126183,398,42,64
AEP,Utilities,BiGRU,classification,20,5,9,0.431030288263781,0.7292239467302958,398,42,64
AEP,Utilities,BiGRU,classification,20,5,10,0.42764461160305156,1.1875597167582739,398,42,64
AEP,Utilities,BiGRU,classification,20,5,11,0.4979522121911073,1.4590038827487402,398,42,64
AEP,Utilities,BiGRU,classification,20,5,12,0.43581608349653944,1.053256012144543,398,42,64
AEP,Utilities,BiGRU,classification,20,5,13,0.41074974168485134,1.6865919686499096,398,42,64
AEP,Utilities,BiGRU,classification,20,5,14,0.3776305176355132,1.3906062898181735,398,42,64
AEP,Utilities,BiGRU,classification,20,5,15,0.39728590187115886,0.6609694702284676,398,42,64
AEP,Utilities,BiGRU,classification,20,5,16,0.3557600332564445,1.4214504943007515,398,42,64
AEP,Utilities,BiGRU,classification,20,5,17,0.4197687836148631,0.7858092870031085,398,42,64
AEP,Utilities,BiGRU,classification,20,5,18,0.4186608531517,1.561993229956854,398,42,64
AEP,Utilities,BiGRU,classification,20,5,19,0.34917463953770583,0.9374818461281913,398,42,64
AEP,Utilities,BiGRU,classification,20,5,20,0.32421671355789033,1.0058066561108543,398,42,64
AEP,Utilities,BiGRU,classification,20,5,21,0.28438684793572927,1.0859866113889785,398,42,64
AEP,Utilities,BiGRU,classification,20,5,22,0.3708597209735132,1.418248176574707,398,42,64
AEP,Utilities,BiGRU,classification,20,5,23,0.30722693687108293,0.7191684671810695,398,42,64
AEP,Utilities,BiGRU,classification,20,5,24,0.2773180574028935,0.9409008565403166,398,42,64
AEP,Utilities,BiGRU,classification,20,5,25,0.24110870812106971,1.0961748191288538,398,42,64
AEP,Utilities,BiGRU,classification,20,5,26,0.20889089848078676,1.3829501867294312,398,42,64
AEP,Utilities,BiGRU,classification,20,5,27,0.17693425198296206,1.3732982873916626,398,42,64
AEP,Utilities,BiGRU,classification,20,5,28,0.21044693808609516,1.4613031830106462,398,42,64
AEP,Utilities,BiGRU,classification,20,5,29,0.18267696227260571,1.7073918297177268,398,42,64
AEP,Utilities,BiGRU,classification,20,5,30,0.13605863013159689,1.6225114436376662,398,42,64
AGFS,Conglomerates,BiGRU,classification,20,5,1,0.7056495757330031,1.0248248122987293,105,42,64
AGFS,Conglomerates,BiGRU,classification,20,5,2,0.48142061063221525,1.1317366191319056,105,42,64
AGFS,Conglomerates,BiGRU,classification,20,5,3,0.34965630485897975,1.1051321029663086,105,42,64
AGFS,Conglomerates,BiGRU,classification,20,5,4,0.3214427825950441,0.8124774240312123,105,42,64
AGFS,Conglomerates,BiGRU,classification,20,5,5,0.25199721711022516,1.3099097524370467,105,42,64
AGFS,Conglomerates,BiGRU,classification,20,5,6,0.20499165114902315,0.9943656580788749,105,42,64
AGFS,Conglomerates,BiGRU,classification,20,5,7,0.21566935224192482,1.7220951148441859,105,42,64
AGFS,Conglomerates,BiGRU,classification,20,5,8,0.1747524619102478,2.2032470930190313,105,42,64
AGFS,Conglomerates,BiGRU,classification,20,5,9,0.1249965591090066,2.329559121813093,105,42,64
AGFS,Conglomerates,BiGRU,classification,20,5,10,0.1345027900877453,1.1602710144860404,105,42,64
AGFS,Conglomerates,BiGRU,classification,20,5,11,0.19782219103404453,0.875070659887223,105,42,64
AGFS,Conglomerates,BiGRU,classification,20,5,12,0.12689374344689505,1.2993315770512535,105,42,64
AGFS,Conglomerates,BiGRU,classification,20,5,13,0.16164508036204747,1.0347186781111217,105,42,64
AGFS,Conglomerates,BiGRU,classification,20,5,14,0.11082710822423299,1.2186419637430281,105,42,64
AGFS,Conglomerates,BiGRU,classification,20,5,15,0.12074121222609566,1.4501915034793673,105,42,64
AGFS,Conglomerates,BiGRU,classification,20,5,16,0.06746014441762652,1.837064884957813,105,42,64
AGFS,Conglomerates,BiGRU,classification,20,5,17,0.09189768802551997,2.3105430489494685,105,42,64
AGFS,Conglomerates,BiGRU,classification,20,5,18,0.1080299688237054,2.739281563531785,105,42,64
AGFS,Conglomerates,BiGRU,classification,20,5,19,0.05908197618666149,2.6284004847208657,105,42,64
AMGN,Healthcare,BiGRU,classification,20,5,1,0.663079497203156,0.7165732639176505,398,42,64
AMGN,Healthcare,BiGRU,classification,20,5,2,0.5999381146838317,2.4998369898114885,398,42,64
AMGN,Healthcare,BiGRU,classification,20,5,3,0.5788777590397015,2.1922380129496255,398,42,64
AMGN,Healthcare,BiGRU,classification,20,5,4,0.5633007249041418,1.5349521182832264,398,42,64
AMGN,Healthcare,BiGRU,classification,20,5,5,0.5335689935851936,1.9523778983524867,398,42,64
AMGN,Healthcare,BiGRU,classification,20,5,6,0.5209380388259888,1.731121642248971,398,42,64
AMGN,Healthcare,BiGRU,classification,20,5,7,0.4809379317053598,1.6985415844690233,398,42,64
AMGN,Healthcare,BiGRU,classification,20,5,8,0.5053893648200298,2.266364370073591,398,42,64
AMGN,Healthcare,BiGRU,classification,20,5,9,0.4623102614628011,2.0735492479233515,398,42,64
AMGN,Healthcare,BiGRU,classification,20,5,10,0.44716006487458193,2.100612685793922,398,42,64
AMGN,Healthcare,BiGRU,classification,20,5,11,0.3870679253908857,2.002891222635905,398,42,64
AMGN,Healthcare,BiGRU,classification,20,5,12,0.38680896777004453,2.345982029324486,398,42,64
AMGN,Healthcare,BiGRU,classification,20,5,13,0.3910239051334822,2.1982456615992954,398,42,64
AMGN,Healthcare,BiGRU,classification,20,5,14,0.35049037208509204,2.7350756327311196,398,42,64
AMGN,Healthcare,BiGRU,classification,20,5,15,0.3443084967196287,2.5634546052841913,398,42,64
AMGN,Healthcare,BiGRU,classification,20,5,16,0.36595433650903364,2.5601774624415805,398,42,64
AMZN,Services,BiGRU,classification,20,5,1,0.7327790769500349,0.927408238252004,398,42,64
AMZN,Services,BiGRU,classification,20,5,2,0.6803846850467088,1.8790816295714605,398,42,64
AMZN,Services,BiGRU,classification,20,5,3,0.630777195470417,2.7041773171651933,398,42,64
AMZN,Services,BiGRU,classification,20,5,4,0.6068208987389377,2.1471529744920277,398,42,64
AMZN,Services,BiGRU,classification,20,5,5,0.5918176428756522,2.543292590550014,398,42,64
AMZN,Services,BiGRU,classification,20,5,6,0.561713688637144,3.0645287945157005,398,42,64
AMZN,Services,BiGRU,classification,20,5,7,0.5465396994621909,2.0608964534032914,398,42,64
AMZN,Services,BiGRU,classification,20,5,8,0.5109645234580016,2.9297661667778376,398,42,64
AMZN,Services,BiGRU,classification,20,5,9,0.5118400634233676,3.8343257790520076,398,42,64
AMZN,Services,BiGRU,classification,20,5,10,0.47506230171002334,3.3092834041232155,398,42,64
AMZN,Services,BiGRU,classification,20,5,11,0.40700909854778694,3.746115627742949,398,42,64
AMZN,Services,BiGRU,classification,20,5,12,0.3906380670454035,3.893225976399013,398,42,64
AMZN,Services,BiGRU,classification,20,5,13,0.36755882675324253,4.353560583932059,398,42,64
AMZN,Services,BiGRU,classification,20,5,14,0.3804736140385345,4.603759856451125,398,42,64
AMZN,Services,BiGRU,classification,20,5,15,0.3511819217223019,4.3541771457308815,398,42,64
AMZN,Services,BiGRU,classification,20,5,16,0.32554459092605054,5.238373938060942,398,42,64
BA,Industrial Goods,BiGRU,classification,20,5,1,0.737544249649623,0.6238890630858285,398,42,64
BA,Industrial Goods,BiGRU,classification,20,5,2,0.6721255204186367,0.6207107844806853,398,42,64
BA,Industrial Goods,BiGRU,classification,20,5,3,0.6239238339452887,0.6881727065358844,398,42,64
BA,Industrial Goods,BiGRU,classification,20,5,4,0.5473183222751522,0.5703659852345785,398,42,64
BA,Industrial Goods,BiGRU,classification,20,5,5,0.5668021846356703,0.9365961494899931,398,42,64
BA,Industrial Goods,BiGRU,classification,20,5,6,0.4951617821077606,0.702897887854349,398,42,64
BA,Industrial Goods,BiGRU,classification,20,5,7,0.4769146708986867,1.039996169862293,398,42,64
BA,Industrial Goods,BiGRU,classification,20,5,8,0.4444029334202484,0.9785003520193554,398,42,64
BA,Industrial Goods,BiGRU,classification,20,5,9,0.4008567861875697,1.8616319639342171,398,42,64
BA,Industrial Goods,BiGRU,classification,20,5,10,0.48850733910373706,1.3506844554628645,398,42,64
BA,Industrial Goods,BiGRU,classification,20,5,11,0.44632668755761346,0.7282587147894359,398,42,64
BA,Industrial Goods,BiGRU,classification,20,5,12,0.3918411790126532,1.31070691489038,398,42,64
BA,Industrial Goods,BiGRU,classification,20,5,13,0.3196117514042399,0.9380772809187571,398,42,64
BA,Industrial Goods,BiGRU,classification,20,5,14,0.27960460019021777,1.0089195796421595,398,42,64
BA,Industrial Goods,BiGRU,classification,20,5,15,0.24753158640621895,1.207732705842881,398,42,64
BA,Industrial Goods,BiGRU,classification,20,5,16,0.23431536705050637,1.2548193619364785,398,42,64
BA,Industrial Goods,BiGRU,classification,20,5,17,0.2560908125722828,1.4065603897685097,398,42,64
BA,Industrial Goods,BiGRU,classification,20,5,18,0.2078500680775199,1.661665672347659,398,42,64
BA,Industrial Goods,BiGRU,classification,20,5,19,0.21656301932119246,1.4660646347772508,398,42,64
BABA,Services,BiGRU,classification,20,5,1,0.7170050132194622,0.8165489889326549,149,42,64
BABA,Services,BiGRU,classification,20,5,2,0.5888789278148805,0.7525379146848407,149,42,64
BABA,Services,BiGRU,classification,20,5,3,0.49314829687144135,0.9389496843020121,149,42,64
BABA,Services,BiGRU,classification,20,5,4,0.466004544056502,1.4093184698195684,149,42,64
BABA,Services,BiGRU,classification,20,5,5,0.4009994744454454,1.0569750638235182,149,42,64
BABA,Services,BiGRU,classification,20,5,6,0.4643258104388346,1.3347336933726357,149,42,64
BABA,Services,BiGRU,classification,20,5,7,0.35034367542138833,0.9735340546993982,149,42,64
BABA,Services,BiGRU,classification,20,5,8,0.29666840470077205,1.651336757909684,149,42,64
BABA,Services,BiGRU,classification,20,5,9,0.28364209840761734,1.499247941232863,149,42,64
BABA,Services,BiGRU,classification,20,5,10,0.3611035526998891,1.8793364337512426,149,42,64
BABA,Services,BiGRU,classification,20,5,11,0.2904647120693386,1.4103806018829346,149,42,64
BABA,Services,BiGRU,classification,20,5,12,0.2074764368918118,1.3575774275121235,149,42,64
BABA,Services,BiGRU,classification,20,5,13,0.1991421542311675,1.8109404955591475,149,42,64
BABA,Services,BiGRU,classification,20,5,14,0.1846398722205386,2.138587821097601,149,42,64
BABA,Services,BiGRU,classification,20,5,15,0.1950976503575408,2.7990760916755315,149,42,64
BABA,Services,BiGRU,classification,20,5,16,0.16119082372060559,3.172634022576468,149,42,64
BABA,Services,BiGRU,classification,20,5,17,0.18736545471537033,2.8692412149338495,149,42,64
BAC,Financial,BiGRU,classification,20,5,1,0.6740279658954946,0.8969554390226092,398,42,64
BAC,Financial,BiGRU,classification,20,5,2,0.6198639604614009,1.875560692378453,398,42,64
BAC,Financial,BiGRU,classification,20,5,3,0.5795877238913397,1.6519573643094017,398,42,64
BAC,Financial,BiGRU,classification,20,5,4,0.544021483641773,1.1144021863029117,398,42,64
BAC,Financial,BiGRU,classification,20,5,5,0.5078285850172666,1.9127164000556582,398,42,64
BAC,Financial,BiGRU,classification,20,5,6,0.5181109451468865,1.607643172854469,398,42,64
BAC,Financial,BiGRU,classification,20,5,7,0.48827742526878665,2.2051621164594377,398,42,64
BAC,Financial,BiGRU,classification,20,5,8,0.4895963941387196,2.188955511365618,398,42,64
BAC,Financial,BiGRU,classification,20,5,9,0.4545381606823236,2.700651077997117,398,42,64
BAC,Financial,BiGRU,classification,20,5,10,0.4204878333824963,2.4616247585841586,398,42,64
BAC,Financial,BiGRU,classification,20,5,11,0.3587006404621517,2.9996421677725658,398,42,64
BAC,Financial,BiGRU,classification,20,5,12,0.34726923479506716,2.8612838926769437,398,42,64
BAC,Financial,BiGRU,classification,20,5,13,0.33167852723418767,3.0681476365952265,398,42,64
BAC,Financial,BiGRU,classification,20,5,14,0.31398272409510974,3.437729245140439,398,42,64
BAC,Financial,BiGRU,classification,20,5,15,0.29431303496935857,3.050921530950637,398,42,64
BAC,Financial,BiGRU,classification,20,5,16,0.3094862152883156,3.709983984629313,398,42,64
BBL,Basic Matierials,BiGRU,classification,20,5,1,0.7063054409458409,0.6560534352347964,398,42,64
BBL,Basic Matierials,BiGRU,classification,20,5,2,0.6534429878445726,0.6876718742506844,398,42,64
BBL,Basic Matierials,BiGRU,classification,20,5,3,0.6060612309518172,0.6765333101862953,398,42,64
BBL,Basic Matierials,BiGRU,classification,20,5,4,0.5766537748089987,0.6425249775250753,398,42,64
BBL,Basic Matierials,BiGRU,classification,20,5,5,0.5531788137390385,0.6662453015645345,398,42,64
BBL,Basic Matierials,BiGRU,classification,20,5,6,0.6007111300176112,0.652677868093763,398,42,64
BBL,Basic Matierials,BiGRU,classification,20,5,7,0.5707341751561092,0.7168893232232049,398,42,64
BBL,Basic Matierials,BiGRU,classification,20,5,8,0.5594925772604631,0.6560033928780329,398,42,64
BBL,Basic Matierials,BiGRU,classification,20,5,9,0.5383525335009972,0.6978541300410316,398,42,64
BBL,Basic Matierials,BiGRU,classification,20,5,10,0.5198008853885996,0.7205965178353446,398,42,64
BBL,Basic Matierials,BiGRU,classification,20,5,11,0.5094865355359849,0.9099443554878235,398,42,64
BBL,Basic Matierials,BiGRU,classification,20,5,12,0.48028913544650054,0.6415188624745324,398,42,64
BBL,Basic Matierials,BiGRU,classification,20,5,13,0.46418752847005373,0.8205365794045585,398,42,64
BBL,Basic Matierials,BiGRU,classification,20,5,14,0.43870212549540266,0.747622488510041,398,42,64
BBL,Basic Matierials,BiGRU,classification,20,5,15,0.4170252185071533,0.7775925397872925,398,42,64
BBL,Basic Matierials,BiGRU,classification,20,5,16,0.4150113610167,0.7030685047308604,398,42,64
BBL,Basic Matierials,BiGRU,classification,20,5,17,0.43073948588802585,0.9154428286211831,398,42,64
BBL,Basic Matierials,BiGRU,classification,20,5,18,0.4303715822085663,1.0244505121594383,398,42,64
BBL,Basic Matierials,BiGRU,classification,20,5,19,0.4068018028784038,1.1128741275696528,398,42,64
BCH,Financial,BiGRU,classification,20,5,1,0.6894123191809535,0.6302389701207479,398,42,64
BCH,Financial,BiGRU,classification,20,5,2,0.6104612835687608,1.0178613095056444,398,42,64
BCH,Financial,BiGRU,classification,20,5,3,0.5574143223427049,1.3345631247475034,398,42,64
BCH,Financial,BiGRU,classification,20,5,4,0.5707179179143667,1.308840382666815,398,42,64
BCH,Financial,BiGRU,classification,20,5,5,0.535653793033044,2.2495626722063338,398,42,64
BCH,Financial,BiGRU,classification,20,5,6,0.49497247191529775,1.1143164350872947,398,42,64
BCH,Financial,BiGRU,classification,20,5,7,0.5067438480243012,2.5539113112858365,398,42,64
BCH,Financial,BiGRU,classification,20,5,8,0.5287725985349723,2.405855871382214,398,42,64
BCH,Financial,BiGRU,classification,20,5,9,0.47870491407624444,1.6996304194132488,398,42,64
BCH,Financial,BiGRU,classification,20,5,10,0.44088682307669863,2.7647152174086798,398,42,64
BCH,Financial,BiGRU,classification,20,5,11,0.4058260436932645,2.8966823646000455,398,42,64
BCH,Financial,BiGRU,classification,20,5,12,0.36077022687274607,3.600586414337158,398,42,64
BCH,Financial,BiGRU,classification,20,5,13,0.3684800199827357,2.9911339623587474,398,42,64
BCH,Financial,BiGRU,classification,20,5,14,0.3600332889724616,3.733038459505354,398,42,64
BCH,Financial,BiGRU,classification,20,5,15,0.3517245269899991,3.5278838816143216,398,42,64
BCH,Financial,BiGRU,classification,20,5,16,0.3546408956973397,3.0099144038699923,398,42,64
BHP,Basic Matierials,BiGRU,classification,20,5,1,0.74037827588805,0.6509414144924709,398,42,64
BHP,Basic Matierials,BiGRU,classification,20,5,2,0.654560282601783,0.6025348277319045,398,42,64
BHP,Basic Matierials,BiGRU,classification,20,5,3,0.6197388055336536,0.6613834244864327,398,42,64
BHP,Basic Matierials,BiGRU,classification,20,5,4,0.6023656249645367,0.7278188154810951,398,42,64
BHP,Basic Matierials,BiGRU,classification,20,5,5,0.5509486387123415,0.7195307300204322,398,42,64
BHP,Basic Matierials,BiGRU,classification,20,5,6,0.5681608250392741,0.7488308378628322,398,42,64
BHP,Basic Matierials,BiGRU,classification,20,5,7,0.5736418686919476,0.7126245129676092,398,42,64
BHP,Basic Matierials,BiGRU,classification,20,5,8,0.5787394275916881,0.7358655702500116,398,42,64
BHP,Basic Matierials,BiGRU,classification,20,5,9,0.497041676661477,0.6171671677203405,398,42,64
BHP,Basic Matierials,BiGRU,classification,20,5,10,0.4767869054971628,0.8027048877307347,398,42,64
BHP,Basic Matierials,BiGRU,classification,20,5,11,0.439865524145826,0.6734971304734548,398,42,64
BHP,Basic Matierials,BiGRU,classification,20,5,12,0.4066163947684082,0.6722398712521508,398,42,64
BHP,Basic Matierials,BiGRU,classification,20,5,13,0.3950004164297976,0.7061145632039934,398,42,64
BHP,Basic Matierials,BiGRU,classification,20,5,14,0.38782544621271103,0.5679877400398254,398,42,64
BHP,Basic Matierials,BiGRU,classification,20,5,15,0.3538973344929853,1.148863176504771,398,42,64
BHP,Basic Matierials,BiGRU,classification,20,5,16,0.3071300957969685,0.8767102871622358,398,42,64
BHP,Basic Matierials,BiGRU,classification,20,5,17,0.28830434973515456,0.765565309496153,398,42,64
BHP,Basic Matierials,BiGRU,classification,20,5,18,0.28921682660903164,0.709882310458592,398,42,64
BHP,Basic Matierials,BiGRU,classification,20,5,19,0.29381785972334035,0.8554183358237857,398,42,64
BHP,Basic Matierials,BiGRU,classification,20,5,20,0.24249126752791691,0.7533903029702959,398,42,64
BHP,Basic Matierials,BiGRU,classification,20,5,21,0.2951160113715646,0.9450490758532569,398,42,64
BHP,Basic Matierials,BiGRU,classification,20,5,22,0.2725467965306349,1.0653400147954624,398,42,64
BHP,Basic Matierials,BiGRU,classification,20,5,23,0.27388871813090004,0.8898238255864098,398,42,64
BHP,Basic Matierials,BiGRU,classification,20,5,24,0.19437485768567378,0.7277998810722714,398,42,64
BHP,Basic Matierials,BiGRU,classification,20,5,25,0.19083421336646056,0.7277501778943198,398,42,64
BHP,Basic Matierials,BiGRU,classification,20,5,26,0.1994618954670489,0.8107641566367376,398,42,64
BHP,Basic Matierials,BiGRU,classification,20,5,27,0.18394014231823197,0.7903470453761873,398,42,64
BHP,Basic Matierials,BiGRU,classification,20,5,28,0.17746308307402098,0.8299661959920611,398,42,64
BHP,Basic Matierials,BiGRU,classification,20,5,29,0.1890904558962913,0.9706137989248548,398,42,64
BP,Basic Matierials,BiGRU,classification,20,5,1,0.7142385013738469,0.7783939355895633,398,42,64
BP,Basic Matierials,BiGRU,classification,20,5,2,0.6718996514627082,1.1661816807020278,398,42,64
BP,Basic Matierials,BiGRU,classification,20,5,3,0.6025150702826342,1.9837832848230998,398,42,64
BP,Basic Matierials,BiGRU,classification,20,5,4,0.5893225951410418,2.2616834129605974,398,42,64
BP,Basic Matierials,BiGRU,classification,20,5,5,0.5576150273557884,2.3378527334758212,398,42,64
BP,Basic Matierials,BiGRU,classification,20,5,6,0.5731009643281525,1.7148852376710801,398,42,64
BP,Basic Matierials,BiGRU,classification,20,5,7,0.5205122388187965,1.6987869115102858,398,42,64
BP,Basic Matierials,BiGRU,classification,20,5,8,0.5524158402902997,2.232396653720311,398,42,64
BP,Basic Matierials,BiGRU,classification,20,5,9,0.5321294967852646,2.0776417085102628,398,42,64
BP,Basic Matierials,BiGRU,classification,20,5,10,0.5224874110976655,1.5171334828649248,398,42,64
BP,Basic Matierials,BiGRU,classification,20,5,11,0.4860422137993664,1.5805906000591459,398,42,64
BP,Basic Matierials,BiGRU,classification,20,5,12,0.4530590121170983,2.1962798635164895,398,42,64
BP,Basic Matierials,BiGRU,classification,20,5,13,0.41614048609781507,2.3395090103149414,398,42,64
BP,Basic Matierials,BiGRU,classification,20,5,14,0.4026238693663822,2.333500859283266,398,42,64
BP,Basic Matierials,BiGRU,classification,20,5,15,0.38428020117869927,2.499036493755522,398,42,64
BP,Basic Matierials,BiGRU,classification,20,5,16,0.3728213301256074,2.3350120981534324,398,42,64
BRK-A,Financial,BiGRU,classification,20,5,1,0.728460087848069,0.9355264079003107,398,42,64
BRK-A,Financial,BiGRU,classification,20,5,2,0.6890640040138858,1.4784687133062453,398,42,64
BRK-A,Financial,BiGRU,classification,20,5,3,0.6376078967473016,3.043258757818313,398,42,64
BRK-A,Financial,BiGRU,classification,20,5,4,0.6236622908606602,2.972488380613781,398,42,64
BRK-A,Financial,BiGRU,classification,20,5,5,0.6135931736859844,4.579525504793439,398,42,64
BRK-A,Financial,BiGRU,classification,20,5,6,0.6130362377693904,2.0858997958047047,398,42,64
BRK-A,Financial,BiGRU,classification,20,5,7,0.562524919384089,3.5310849802834645,398,42,64
BRK-A,Financial,BiGRU,classification,20,5,8,0.5616704099741413,4.16012335958935,398,42,64
BRK-A,Financial,BiGRU,classification,20,5,9,0.5713139541784124,3.777865103312901,398,42,64
BRK-A,Financial,BiGRU,classification,20,5,10,0.5383203082048713,4.4612917218889505,398,42,64
BRK-A,Financial,BiGRU,classification,20,5,11,0.48615962132137625,3.7351281756446477,398,42,64
BRK-A,Financial,BiGRU,classification,20,5,12,0.4444329865913295,4.412289074489048,398,42,64
BRK-A,Financial,BiGRU,classification,20,5,13,0.4219037074240009,4.149462643123808,398,42,64
BRK-A,Financial,BiGRU,classification,20,5,14,0.44539057534543713,4.14281914347694,398,42,64
BRK-A,Financial,BiGRU,classification,20,5,15,0.39485314143961997,4.247164976029169,398,42,64
BRK-A,Financial,BiGRU,classification,20,5,16,0.38952095409733567,4.678429455984206,398,42,64
BSAC,Financial,BiGRU,classification,20,5,1,0.7382160320353868,0.7816794202441261,398,42,64
BSAC,Financial,BiGRU,classification,20,5,2,0.6433590692491388,0.8814062192326501,398,42,64
BSAC,Financial,BiGRU,classification,20,5,3,0.6175857599656186,1.4356051967257546,398,42,64
BSAC,Financial,BiGRU,classification,20,5,4,0.5834152977071215,1.5723278295426142,398,42,64
BSAC,Financial,BiGRU,classification,20,5,5,0.5559719729064098,2.15488178389413,398,42,64
BSAC,Financial,BiGRU,classification,20,5,6,0.5739438590691917,1.306994494937715,398,42,64
BSAC,Financial,BiGRU,classification,20,5,7,0.5263740381403784,2.2611067522139776,398,42,64
BSAC,Financial,BiGRU,classification,20,5,8,0.4967624034414339,3.547453664598011,398,42,64
BSAC,Financial,BiGRU,classification,20,5,9,0.5098695976650296,1.8397437504359655,398,42,64
BSAC,Financial,BiGRU,classification,20,5,10,0.43528162714224966,2.55191403343564,398,42,64
BSAC,Financial,BiGRU,classification,20,5,11,0.4265096223534052,2.438327675773984,398,42,64
BSAC,Financial,BiGRU,classification,20,5,12,0.39749762161293223,2.1710346199217296,398,42,64
BSAC,Financial,BiGRU,classification,20,5,13,0.3637287267787972,2.268319538661412,398,42,64
BSAC,Financial,BiGRU,classification,20,5,14,0.3429993311663968,1.8298086325327556,398,42,64
BSAC,Financial,BiGRU,classification,20,5,15,0.3712864235118406,3.2584091141110374,398,42,64
BSAC,Financial,BiGRU,classification,20,5,16,0.38046932662252203,1.5040628739765711,398,42,64
BUD,Consumer Goods,BiGRU,classification,20,5,1,0.6843188144453806,0.9551462545281365,398,42,64
BUD,Consumer Goods,BiGRU,classification,20,5,2,0.7563360171701441,1.6631277629307337,398,42,64
BUD,Consumer Goods,BiGRU,classification,20,5,3,0.6252482248910108,1.7856117770785378,398,42,64
BUD,Consumer Goods,BiGRU,classification,20,5,4,0.5871234372932108,1.9799755811691284,398,42,64
BUD,Consumer Goods,BiGRU,classification,20,5,5,0.5616012208126299,2.9341066791897727,398,42,64
BUD,Consumer Goods,BiGRU,classification,20,5,6,0.5023589842583067,2.203445241564796,398,42,64
BUD,Consumer Goods,BiGRU,classification,20,5,7,0.5120082857021734,3.7819344883873347,398,42,64
BUD,Consumer Goods,BiGRU,classification,20,5,8,0.4857853850228104,2.2696361655280706,398,42,64
BUD,Consumer Goods,BiGRU,classification,20,5,9,0.4499573999613374,3.9884310222807384,398,42,64
BUD,Consumer Goods,BiGRU,classification,20,5,10,0.4607126757727196,3.5828783171517506,398,42,64
BUD,Consumer Goods,BiGRU,classification,20,5,11,0.39337786717630513,3.1918469270070395,398,42,64
BUD,Consumer Goods,BiGRU,classification,20,5,12,0.36504648947835566,2.990364142826625,398,42,64
BUD,Consumer Goods,BiGRU,classification,20,5,13,0.36548160862683055,3.4142021451677596,398,42,64
BUD,Consumer Goods,BiGRU,classification,20,5,14,0.35509582590218164,3.580171993800572,398,42,64
BUD,Consumer Goods,BiGRU,classification,20,5,15,0.29906091071552965,3.582360471997942,398,42,64
BUD,Consumer Goods,BiGRU,classification,20,5,16,0.3110977424748579,4.635749090285528,398,42,64
C,Financial,BiGRU,classification,20,5,1,0.7009305693396372,0.9102713777905419,398,42,64
C,Financial,BiGRU,classification,20,5,2,0.6118605436392166,2.555351189204625,398,42,64
C,Financial,BiGRU,classification,20,5,3,0.5433205497923808,1.7288479577927363,398,42,64
C,Financial,BiGRU,classification,20,5,4,0.5449772965368913,2.6886415027436756,398,42,64
C,Financial,BiGRU,classification,20,5,5,0.5350602326081626,1.930982226417178,398,42,64
C,Financial,BiGRU,classification,20,5,6,0.4992957422182189,2.9534684816996255,398,42,64
C,Financial,BiGRU,classification,20,5,7,0.4910389270315218,2.9443457694280717,398,42,64
C,Financial,BiGRU,classification,20,5,8,0.47627436815194746,3.3130524044945124,398,42,64
C,Financial,BiGRU,classification,20,5,9,0.4608924953482259,3.5496201061067127,398,42,64
C,Financial,BiGRU,classification,20,5,10,0.4280571531710313,2.9437902995518277,398,42,64
C,Financial,BiGRU,classification,20,5,11,0.3497920687773719,3.613775298708961,398,42,64
C,Financial,BiGRU,classification,20,5,12,0.32074702969148533,3.6355923470996676,398,42,64
C,Financial,BiGRU,classification,20,5,13,0.3148405515967901,3.9790725935073126,398,42,64
C,Financial,BiGRU,classification,20,5,14,0.26670473664250205,3.856394018445696,398,42,64
C,Financial,BiGRU,classification,20,5,15,0.2663624178075311,4.404133773985363,398,42,64
C,Financial,BiGRU,classification,20,5,16,0.2589492577703754,4.081307888031006,398,42,64
CAT,Industrial Goods,BiGRU,classification,20,5,1,0.735612756642864,1.0773388260886783,398,42,64
CAT,Industrial Goods,BiGRU,classification,20,5,2,0.6672126039787752,1.4754874819800967,398,42,64
CAT,Industrial Goods,BiGRU,classification,20,5,3,0.6116359476468072,1.4890598228999548,398,42,64
CAT,Industrial Goods,BiGRU,classification,20,5,4,0.5753944513186737,2.6138984929947626,398,42,64
CAT,Industrial Goods,BiGRU,classification,20,5,5,0.5823692328965844,1.334355666523888,398,42,64
CAT,Industrial Goods,BiGRU,classification,20,5,6,0.5374753365864107,1.508039803732009,398,42,64
CAT,Industrial Goods,BiGRU,classification,20,5,7,0.510484088006331,1.339997478893825,398,42,64
CAT,Industrial Goods,BiGRU,classification,20,5,8,0.46665964698671697,3.195169380732945,398,42,64
CAT,Industrial Goods,BiGRU,classification,20,5,9,0.4635736951276885,0.7124659504209246,398,42,64
CAT,Industrial Goods,BiGRU,classification,20,5,10,0.4525602868753462,1.9334824879964192,398,42,64
CAT,Industrial Goods,BiGRU,classification,20,5,11,0.4520346964124459,3.233907381693522,398,42,64
CAT,Industrial Goods,BiGRU,classification,20,5,12,0.41323725137878303,1.8026012579600017,398,42,64
CAT,Industrial Goods,BiGRU,classification,20,5,13,0.3549263016063364,4.112520558493478,398,42,64
CAT,Industrial Goods,BiGRU,classification,20,5,14,0.36551888324507514,2.3232743399483815,398,42,64
CAT,Industrial Goods,BiGRU,classification,20,5,15,0.3778390033760263,1.221506152834211,398,42,64
CAT,Industrial Goods,BiGRU,classification,20,5,16,0.37109530997935253,1.3753725233532132,398,42,64
CAT,Industrial Goods,BiGRU,classification,20,5,17,0.39232404462656184,2.250858488537016,398,42,64
CAT,Industrial Goods,BiGRU,classification,20,5,18,0.2929319411366429,0.9555779979342506,398,42,64
CAT,Industrial Goods,BiGRU,classification,20,5,19,0.29442039341782805,2.1212995506468273,398,42,64
CAT,Industrial Goods,BiGRU,classification,20,5,20,0.22119356036635499,2.387302875518799,398,42,64
CAT,Industrial Goods,BiGRU,classification,20,5,21,0.20821232861609915,1.815891526994251,398,42,64
CAT,Industrial Goods,BiGRU,classification,20,5,22,0.22543502842361604,1.5235861766906011,398,42,64
CAT,Industrial Goods,BiGRU,classification,20,5,23,0.21441407119808484,2.9682643867674328,398,42,64
CAT,Industrial Goods,BiGRU,classification,20,5,24,0.20468093739382587,2.1190479596455893,398,42,64
CELG,Healthcare,BiGRU,classification,20,5,1,0.6621750781883546,0.7114410485540118,398,42,64
CELG,Healthcare,BiGRU,classification,20,5,2,0.6086821195168711,0.804585840020861,398,42,64
CELG,Healthcare,BiGRU,classification,20,5,3,0.5608794789517945,2.0491573129381453,398,42,64
CELG,Healthcare,BiGRU,classification,20,5,4,0.5562506530752134,1.1892729827335902,398,42,64
CELG,Healthcare,BiGRU,classification,20,5,5,0.48435487279939893,2.3568523270743236,398,42,64
CELG,Healthcare,BiGRU,classification,20,5,6,0.5112320843653463,1.9696703751881917,398,42,64
CELG,Healthcare,BiGRU,classification,20,5,7,0.4876144613752413,1.5884373188018799,398,42,64
CELG,Healthcare,BiGRU,classification,20,5,8,0.4735744351418174,2.477523054395403,398,42,64
CELG,Healthcare,BiGRU,classification,20,5,9,0.44779515131634084,2.141368309656779,398,42,64
CELG,Healthcare,BiGRU,classification,20,5,10,0.4288638642984419,2.151383388610113,398,42,64
CELG,Healthcare,BiGRU,classification,20,5,11,0.3757107018226355,2.415768714178176,398,42,64
CELG,Healthcare,BiGRU,classification,20,5,12,0.369228506507586,2.2885902382078624,398,42,64
CELG,Healthcare,BiGRU,classification,20,5,13,0.35955225522793716,2.591970057714553,398,42,64
CELG,Healthcare,BiGRU,classification,20,5,14,0.32681042165612456,2.663650421869187,398,42,64
CELG,Healthcare,BiGRU,classification,20,5,15,0.292196176159921,3.0235919725327265,398,42,64
CELG,Healthcare,BiGRU,classification,20,5,16,0.28516835109073313,3.435016563960484,398,42,64
CHL,Technology,BiGRU,classification,20,5,1,0.7268862059367961,0.6941485717183068,398,42,64
CHL,Technology,BiGRU,classification,20,5,2,0.6555812322913702,0.6325779784293402,398,42,64
CHL,Technology,BiGRU,classification,20,5,3,0.6010455818631542,0.6436136620385307,398,42,64
CHL,Technology,BiGRU,classification,20,5,4,0.5736135117073154,0.6571709059533619,398,42,64
CHL,Technology,BiGRU,classification,20,5,5,0.5695145062765284,0.6780159388269696,398,42,64
CHL,Technology,BiGRU,classification,20,5,6,0.5264471278118728,0.629499648298536,398,42,64
CHL,Technology,BiGRU,classification,20,5,7,0.455102655905575,0.6644462233497983,398,42,64
CHL,Technology,BiGRU,classification,20,5,8,0.5438278829632093,0.6953488900547936,398,42,64
CHL,Technology,BiGRU,classification,20,5,9,0.5193739805988331,0.5734647342136928,398,42,64
CHL,Technology,BiGRU,classification,20,5,10,0.48130461094367444,0.6747127913293385,398,42,64
CHL,Technology,BiGRU,classification,20,5,11,0.5018142812216102,0.6641683805556524,398,42,64
CHL,Technology,BiGRU,classification,20,5,12,0.4346028016739754,0.6930794744264512,398,42,64
CHL,Technology,BiGRU,classification,20,5,13,0.4185747770807851,0.6979509847504752,398,42,64
CHL,Technology,BiGRU,classification,20,5,14,0.42903295863213853,0.6769514594759259,398,42,64
CHL,Technology,BiGRU,classification,20,5,15,0.3725531119198056,0.6613256392024812,398,42,64
CHL,Technology,BiGRU,classification,20,5,16,0.4203218948002437,0.6810669331323533,398,42,64
CHL,Technology,BiGRU,classification,20,5,17,0.4074014715812913,0.7782925395738511,398,42,64
CHL,Technology,BiGRU,classification,20,5,18,0.37480414992001787,0.741182633808681,398,42,64
CHL,Technology,BiGRU,classification,20,5,19,0.3260830699199408,0.9316130649475824,398,42,64
CHL,Technology,BiGRU,classification,20,5,20,0.28292350021738505,0.911174305847713,398,42,64
CHL,Technology,BiGRU,classification,20,5,21,0.2773344490546078,1.0488417886552357,398,42,64
CHL,Technology,BiGRU,classification,20,5,22,0.2602551551020924,0.9408538880802336,398,42,64
CHL,Technology,BiGRU,classification,20,5,23,0.2526669054474663,1.0063823120934623,398,42,64
CHL,Technology,BiGRU,classification,20,5,24,0.29718316552327506,1.3322895708538236,398,42,64
CHTR,Services,BiGRU,classification,20,5,1,0.6789037180905366,0.7152401691391355,398,42,64
CHTR,Services,BiGRU,classification,20,5,2,0.6054764357044469,1.5366443267890386,398,42,64
CHTR,Services,BiGRU,classification,20,5,3,0.6101230895099927,1.5386150081952412,398,42,64
CHTR,Services,BiGRU,classification,20,5,4,0.5417682070228922,1.7885533769925435,398,42,64
CHTR,Services,BiGRU,classification,20,5,5,0.5624311509443887,1.8927581892127083,398,42,64
CHTR,Services,BiGRU,classification,20,5,6,0.5449537886447043,1.5338828719797588,398,42,64
CHTR,Services,BiGRU,classification,20,5,7,0.5041783600296806,2.0109894644646418,398,42,64
CHTR,Services,BiGRU,classification,20,5,8,0.521085063716275,1.6162279205662864,398,42,64
CHTR,Services,BiGRU,classification,20,5,9,0.5131020695719887,1.6346362318311418,398,42,64
CHTR,Services,BiGRU,classification,20,5,10,0.523961703082425,0.9960070919422876,398,42,64
CHTR,Services,BiGRU,classification,20,5,11,0.40422433674635,1.907300238807996,398,42,64
CHTR,Services,BiGRU,classification,20,5,12,0.3919446263181504,1.398872442188717,398,42,64
CHTR,Services,BiGRU,classification,20,5,13,0.37503490361137004,1.498821428843907,398,42,64
CHTR,Services,BiGRU,classification,20,5,14,0.3633444981658878,1.7083064864079158,398,42,64
CHTR,Services,BiGRU,classification,20,5,15,0.3323467969894409,1.6268979949610574,398,42,64
CHTR,Services,BiGRU,classification,20,5,16,0.3590288269310141,1.7504671741099584,398,42,64
CMCSA,Services,BiGRU,classification,20,5,1,0.6920201760440615,0.7836765618551345,398,42,64
CMCSA,Services,BiGRU,classification,20,5,2,0.606988921836393,1.7917609668913341,398,42,64
CMCSA,Services,BiGRU,classification,20,5,3,0.5602506372197789,1.619005560874939,398,42,64
CMCSA,Services,BiGRU,classification,20,5,4,0.5398559279777296,1.9793308859779721,398,42,64
CMCSA,Services,BiGRU,classification,20,5,5,0.5583550750310696,1.2934798796971638,398,42,64
CMCSA,Services,BiGRU,classification,20,5,6,0.5072070569848296,1.7385064193180628,398,42,64
CMCSA,Services,BiGRU,classification,20,5,7,0.5180768125021278,1.625914250101362,398,42,64
CMCSA,Services,BiGRU,classification,20,5,8,0.5007936079897474,2.1990830217088972,398,42,64
CMCSA,Services,BiGRU,classification,20,5,9,0.4509365116831046,1.727801453499567,398,42,64
CMCSA,Services,BiGRU,classification,20,5,10,0.44290838034907776,1.963203679947626,398,42,64
CMCSA,Services,BiGRU,classification,20,5,11,0.3579790939637764,2.088951792035784,398,42,64
CMCSA,Services,BiGRU,classification,20,5,12,0.3759676993791781,1.8647856371743339,398,42,64
CMCSA,Services,BiGRU,classification,20,5,13,0.3608458783458825,2.635857025782267,398,42,64
CMCSA,Services,BiGRU,classification,20,5,14,0.33730741331924746,2.098743120829264,398,42,64
CMCSA,Services,BiGRU,classification,20,5,15,0.32018304867061537,2.272646676926386,398,42,64
CMCSA,Services,BiGRU,classification,20,5,16,0.3160657788341369,2.5116873468671526,398,42,64
CODI,Conglomerates,BiGRU,classification,20,5,1,0.7225370865371359,0.8021235182171776,398,42,64
CODI,Conglomerates,BiGRU,classification,20,5,2,0.6420593294666042,1.6481897603897822,398,42,64
CODI,Conglomerates,BiGRU,classification,20,5,3,0.605376483207971,1.2664759613218761,398,42,64
CODI,Conglomerates,BiGRU,classification,20,5,4,0.5786281428744445,1.514023156393142,398,42,64
CODI,Conglomerates,BiGRU,classification,20,5,5,0.5667803661907138,1.3475741772424608,398,42,64
CODI,Conglomerates,BiGRU,classification,20,5,6,0.5299747945675298,2.6626227015540715,398,42,64
CODI,Conglomerates,BiGRU,classification,20,5,7,0.5654541508636283,1.5323447386423747,398,42,64
CODI,Conglomerates,BiGRU,classification,20,5,8,0.523310000423211,2.8790992328098843,398,42,64
CODI,Conglomerates,BiGRU,classification,20,5,9,0.4781340586779705,2.5829189391363236,398,42,64
CODI,Conglomerates,BiGRU,classification,20,5,10,0.42465394001510276,2.230794316246396,398,42,64
CODI,Conglomerates,BiGRU,classification,20,5,11,0.4105444129687458,2.1948953356061662,398,42,64
CODI,Conglomerates,BiGRU,classification,20,5,12,0.3635596137250488,2.905514331091018,398,42,64
CODI,Conglomerates,BiGRU,classification,20,5,13,0.3577790997136178,3.2061991691589355,398,42,64
CODI,Conglomerates,BiGRU,classification,20,5,14,0.3632227965635271,3.8464050065903437,398,42,64
CODI,Conglomerates,BiGRU,classification,20,5,15,0.3140682440307272,4.03654906863258,398,42,64
CODI,Conglomerates,BiGRU,classification,20,5,16,0.313558426933672,3.5335898399353027,398,42,64
CSCO,Technology,BiGRU,classification,20,5,1,0.697024661092902,0.7558569681076777,398,42,64
CSCO,Technology,BiGRU,classification,20,5,2,0.5940824356210891,0.847973074231829,398,42,64
CSCO,Technology,BiGRU,classification,20,5,3,0.569947973268116,0.9734194392249698,398,42,64
CSCO,Technology,BiGRU,classification,20,5,4,0.5388493292295753,0.901544988155365,398,42,64
CSCO,Technology,BiGRU,classification,20,5,5,0.4866534949247561,1.254461836247217,398,42,64
CSCO,Technology,BiGRU,classification,20,5,6,0.4775641782199917,2.032987674077352,398,42,64
CSCO,Technology,BiGRU,classification,20,5,7,0.48447005563045864,1.1525794806934537,398,42,64
CSCO,Technology,BiGRU,classification,20,5,8,0.4251900056948015,1.55477298725219,398,42,64
CSCO,Technology,BiGRU,classification,20,5,9,0.419164221190927,1.5260534371648515,398,42,64
CSCO,Technology,BiGRU,classification,20,5,10,0.36673796970640593,1.736543255192893,398,42,64
CSCO,Technology,BiGRU,classification,20,5,11,0.3104192743349315,1.5425016965184892,398,42,64
CSCO,Technology,BiGRU,classification,20,5,12,0.3049108547780981,1.7686291053181602,398,42,64
CSCO,Technology,BiGRU,classification,20,5,13,0.3078806187639284,2.1036042258853005,398,42,64
CSCO,Technology,BiGRU,classification,20,5,14,0.2574133436434233,1.9974221246583121,398,42,64
CSCO,Technology,BiGRU,classification,20,5,15,0.2851322716354725,2.0654136879103526,398,42,64
CSCO,Technology,BiGRU,classification,20,5,16,0.26409453213514394,2.4493358248756048,398,42,64
CVX,Basic Matierials,BiGRU,classification,20,5,1,0.704089360920029,0.6727612699781146,398,42,64
CVX,Basic Matierials,BiGRU,classification,20,5,2,0.6298506748137163,0.9843110867909023,398,42,64
CVX,Basic Matierials,BiGRU,classification,20,5,3,0.5911928598006168,1.1143522574788047,398,42,64
CVX,Basic Matierials,BiGRU,classification,20,5,4,0.586033002515534,0.918716637861161,398,42,64
CVX,Basic Matierials,BiGRU,classification,20,5,5,0.5938475431509354,0.8680460424650283,398,42,64
CVX,Basic Matierials,BiGRU,classification,20,5,6,0.594811230748143,1.050009548664093,398,42,64
CVX,Basic Matierials,BiGRU,classification,20,5,7,0.5829188697901203,0.8888164020719982,398,42,64
CVX,Basic Matierials,BiGRU,classification,20,5,8,0.5447316598053553,1.1748944293885004,398,42,64
CVX,Basic Matierials,BiGRU,classification,20,5,9,0.5374611355551523,0.8236309658913386,398,42,64
CVX,Basic Matierials,BiGRU,classification,20,5,10,0.5153412744028485,0.9246250305856977,398,42,64
CVX,Basic Matierials,BiGRU,classification,20,5,11,0.464565839449964,1.0732686008725847,398,42,64
CVX,Basic Matierials,BiGRU,classification,20,5,12,0.4763649396560899,0.9837218210810706,398,42,64
CVX,Basic Matierials,BiGRU,classification,20,5,13,0.4265926692953062,1.1359068779718309,398,42,64
CVX,Basic Matierials,BiGRU,classification,20,5,14,0.4134491697028654,1.0628946934427534,398,42,64
CVX,Basic Matierials,BiGRU,classification,20,5,15,0.4163516205758905,0.8281875025658381,398,42,64
CVX,Basic Matierials,BiGRU,classification,20,5,16,0.38438566545745234,0.9064210057258606,398,42,64
D,Utilities,BiGRU,classification,20,5,1,0.6699887397301257,0.8571437114760989,398,42,64
D,Utilities,BiGRU,classification,20,5,2,0.5990706547420828,1.6449443357331412,398,42,64
D,Utilities,BiGRU,classification,20,5,3,0.5619893975593336,1.5384842327662878,398,42,64
D,Utilities,BiGRU,classification,20,5,4,0.5166950720039445,0.9528868482226417,398,42,64
D,Utilities,BiGRU,classification,20,5,5,0.527151555272203,1.614080128215608,398,42,64
D,Utilities,BiGRU,classification,20,5,6,0.46796353797816753,1.2414072184335618,398,42,64
D,Utilities,BiGRU,classification,20,5,7,0.46560536242609646,1.5669598976771038,398,42,64
D,Utilities,BiGRU,classification,20,5,8,0.4161199702689396,0.9184085925420126,398,42,64
D,Utilities,BiGRU,classification,20,5,9,0.4525769863595915,1.4966610897155035,398,42,64
D,Utilities,BiGRU,classification,20,5,10,0.33939605528236033,0.9508062090192523,398,42,64
D,Utilities,BiGRU,classification,20,5,11,0.3286954621274268,1.0307637850443523,398,42,64
D,Utilities,BiGRU,classification,20,5,12,0.28704990124582647,0.8803787855874925,398,42,64
D,Utilities,BiGRU,classification,20,5,13,0.2966041431654638,1.2954436029706682,398,42,64
D,Utilities,BiGRU,classification,20,5,14,0.31065989731244703,0.6758934656778971,398,42,64
D,Utilities,BiGRU,classification,20,5,15,0.242614459602078,1.2795309339250838,398,42,64
D,Utilities,BiGRU,classification,20,5,16,0.2879432157131296,0.8078525917870658,398,42,64
D,Utilities,BiGRU,classification,20,5,17,0.24220789298789586,1.1552138839449202,398,42,64
D,Utilities,BiGRU,classification,20,5,18,0.23268522741507047,1.2424607901346116,398,42,64
D,Utilities,BiGRU,classification,20,5,19,0.23073436140115536,0.8700678745905558,398,42,64
D,Utilities,BiGRU,classification,20,5,20,0.2523324211787938,1.681181686265128,398,42,64
D,Utilities,BiGRU,classification,20,5,21,0.21642555015620274,1.0201495431718373,398,42,64
D,Utilities,BiGRU,classification,20,5,22,0.223903047435697,1.5389117059253512,398,42,64
D,Utilities,BiGRU,classification,20,5,23,0.18775416393974917,1.0132902690342493,398,42,64
D,Utilities,BiGRU,classification,20,5,24,0.18373666299347902,1.1394909677051364,398,42,64
D,Utilities,BiGRU,classification,20,5,25,0.1718651298339942,1.0690043767293294,398,42,64
D,Utilities,BiGRU,classification,20,5,26,0.15321109844512076,1.0169549328940255,398,42,64
D,Utilities,BiGRU,classification,20,5,27,0.15980665831260346,1.093652884165446,398,42,64
D,Utilities,BiGRU,classification,20,5,28,0.14082447368295947,1.1183240640731085,398,42,64
D,Utilities,BiGRU,classification,20,5,29,0.1580256085150206,1.1038442112150646,398,42,64
DHR,Industrial Goods,BiGRU,classification,20,5,1,0.7067013514700846,0.6425684009279523,398,42,64
DHR,Industrial Goods,BiGRU,classification,20,5,2,0.6733672313354723,0.6557245793796721,398,42,64
DHR,Industrial Goods,BiGRU,classification,20,5,3,0.6372466761263171,0.7026025965100243,398,42,64
DHR,Industrial Goods,BiGRU,classification,20,5,4,0.6325118119393162,0.6160848083950224,398,42,64
DHR,Industrial Goods,BiGRU,classification,20,5,5,0.5886702606426412,0.7054520987329029,398,42,64
DHR,Industrial Goods,BiGRU,classification,20,5,6,0.5974662371316747,0.7201020348639715,398,42,64
DHR,Industrial Goods,BiGRU,classification,20,5,7,0.5844789437912218,0.7583593641008649,398,42,64
DHR,Industrial Goods,BiGRU,classification,20,5,8,0.5805911087810095,0.9448091813496181,398,42,64
DHR,Industrial Goods,BiGRU,classification,20,5,9,0.5341692385661542,0.7352742240542457,398,42,64
DHR,Industrial Goods,BiGRU,classification,20,5,10,0.5319076656696186,0.9691831100554693,398,42,64
DHR,Industrial Goods,BiGRU,classification,20,5,11,0.5268991860612553,1.283338018826076,398,42,64
DHR,Industrial Goods,BiGRU,classification,20,5,12,0.5032625093531968,0.8151358593077886,398,42,64
DHR,Industrial Goods,BiGRU,classification,20,5,13,0.4430686191997336,1.0316009975615001,398,42,64
DHR,Industrial Goods,BiGRU,classification,20,5,14,0.4122817116466599,0.7911214587234315,398,42,64
DHR,Industrial Goods,BiGRU,classification,20,5,15,0.38919042402775444,1.1970039833159674,398,42,64
DHR,Industrial Goods,BiGRU,classification,20,5,16,0.3974841111269429,1.1133550320352827,398,42,64
DHR,Industrial Goods,BiGRU,classification,20,5,17,0.35975716072111275,1.502838174502055,398,42,64
DHR,Industrial Goods,BiGRU,classification,20,5,18,0.3433422793695076,1.2161001818520683,398,42,64
DHR,Industrial Goods,BiGRU,classification,20,5,19,0.3431910646321186,1.8374293531690324,398,42,64
DIS,Services,BiGRU,classification,20,5,1,0.6414825997160907,1.114157307715643,398,42,64
DIS,Services,BiGRU,classification,20,5,2,0.6099749599868928,1.2858135444777352,398,42,64
DIS,Services,BiGRU,classification,20,5,3,0.5860359018771493,1.8916319892519997,398,42,64
DIS,Services,BiGRU,classification,20,5,4,0.5206965249986505,2.036655760946728,398,42,64
DIS,Services,BiGRU,classification,20,5,5,0.5131935854653018,2.108709298429035,398,42,64
DIS,Services,BiGRU,classification,20,5,6,0.5325509073147222,1.1680944703874134,398,42,64
DIS,Services,BiGRU,classification,20,5,7,0.47819785077368193,2.3118777104786465,398,42,64
DIS,Services,BiGRU,classification,20,5,8,0.5102098985533019,1.7048870012873696,398,42,64
DIS,Services,BiGRU,classification,20,5,9,0.48452593004284195,2.166046287332262,398,42,64
DIS,Services,BiGRU,classification,20,5,10,0.4053553246972549,1.4794946710268657,398,42,64
DIS,Services,BiGRU,classification,20,5,11,0.3871776443630008,1.0020978621074133,398,42,64
DIS,Services,BiGRU,classification,20,5,12,0.3697887994536203,1.2899075519470942,398,42,64
DIS,Services,BiGRU,classification,20,5,13,0.3533382071322532,1.8870265937986828,398,42,64
DIS,Services,BiGRU,classification,20,5,14,0.36976747237258223,1.6562557958421253,398,42,64
DIS,Services,BiGRU,classification,20,5,15,0.3170896987220151,1.214037381467365,398,42,64
DIS,Services,BiGRU,classification,20,5,16,0.3044023456884988,1.3295448819796245,398,42,64
DIS,Services,BiGRU,classification,20,5,17,0.2889631149457328,1.6542780910219466,398,42,64
DIS,Services,BiGRU,classification,20,5,18,0.2711605196023107,1.2920228697004772,398,42,64
DIS,Services,BiGRU,classification,20,5,19,0.27260340652873166,1.7094697668438865,398,42,64
DIS,Services,BiGRU,classification,20,5,20,0.24678900807946172,1.688499161175319,398,42,64
DIS,Services,BiGRU,classification,20,5,21,0.22828587155845298,1.9394338244483584,398,42,64
DIS,Services,BiGRU,classification,20,5,22,0.2245801188538422,1.7647562197276525,398,42,64
DIS,Services,BiGRU,classification,20,5,23,0.23209733429865623,2.294285916146778,398,42,64
DIS,Services,BiGRU,classification,20,5,24,0.2092369558224127,1.753970776285444,398,42,64
DIS,Services,BiGRU,classification,20,5,25,0.20498927034924377,1.948568860689799,398,42,64
DIS,Services,BiGRU,classification,20,5,26,0.21406465461805238,1.7386168865930467,398,42,64
DUK,Utilities,BiGRU,classification,20,5,1,0.7395107913855932,0.7710016263382775,398,42,64
DUK,Utilities,BiGRU,classification,20,5,2,0.6420133000043169,1.1328845319027703,398,42,64
DUK,Utilities,BiGRU,classification,20,5,3,0.5855669443631292,1.7214843921496399,398,42,64
DUK,Utilities,BiGRU,classification,20,5,4,0.5680847379130933,1.8081029065014307,398,42,64
DUK,Utilities,BiGRU,classification,20,5,5,0.5652203963479804,1.494431721273854,398,42,64
DUK,Utilities,BiGRU,classification,20,5,6,0.5189675879688119,2.0550900469617255,398,42,64
DUK,Utilities,BiGRU,classification,20,5,7,0.507100884264438,1.9798691855477435,398,42,64
DUK,Utilities,BiGRU,classification,20,5,8,0.48809020423409927,0.9393672033135468,398,42,64
DUK,Utilities,BiGRU,classification,20,5,9,0.5124768788491062,2.0612242023593614,398,42,64
DUK,Utilities,BiGRU,classification,20,5,10,0.4448942822128085,1.8312923126809655,398,42,64
DUK,Utilities,BiGRU,classification,20,5,11,0.41029553474792885,2.0251001956722967,398,42,64
DUK,Utilities,BiGRU,classification,20,5,12,0.363865781818802,1.9136226789463155,398,42,64
DUK,Utilities,BiGRU,classification,20,5,13,0.361145246343397,2.095329061779055,398,42,64
DUK,Utilities,BiGRU,classification,20,5,14,0.33517210324056185,2.076086833009391,398,42,64
DUK,Utilities,BiGRU,classification,20,5,15,0.3365292947496002,2.3463642387737527,398,42,64
DUK,Utilities,BiGRU,classification,20,5,16,0.3287041807668892,2.0266241102716385,398,42,64
EXC,Utilities,BiGRU,classification,20,5,1,0.6717468905988051,0.9941074833983466,398,42,64
EXC,Utilities,BiGRU,classification,20,5,2,0.626145536875605,1.4544361205328078,398,42,64
EXC,Utilities,BiGRU,classification,20,5,3,0.5604831577844955,1.4632578719229925,398,42,64
EXC,Utilities,BiGRU,classification,20,5,4,0.5202883947734258,1.6725433894566126,398,42,64
EXC,Utilities,BiGRU,classification,20,5,5,0.5157394806044785,1.4758604168891907,398,42,64
EXC,Utilities,BiGRU,classification,20,5,6,0.497588495663063,1.2930110763935816,398,42,64
EXC,Utilities,BiGRU,classification,20,5,7,0.5003531871728562,1.8402892691748483,398,42,64
EXC,Utilities,BiGRU,classification,20,5,8,0.4641763121638466,1.5384888847668965,398,42,64
EXC,Utilities,BiGRU,classification,20,5,9,0.4154403755562988,1.4806468032655262,398,42,64
EXC,Utilities,BiGRU,classification,20,5,10,0.39068738255069485,1.6105498302550543,398,42,64
EXC,Utilities,BiGRU,classification,20,5,11,0.33249287947488193,1.7318282978875297,398,42,64
EXC,Utilities,BiGRU,classification,20,5,12,0.32290019401952846,1.4008301297823589,398,42,64
EXC,Utilities,BiGRU,classification,20,5,13,0.2937335499267482,1.7132683339573087,398,42,64
EXC,Utilities,BiGRU,classification,20,5,14,0.2798265400693644,1.4762708743413289,398,42,64
EXC,Utilities,BiGRU,classification,20,5,15,0.2715863482137421,1.660109676065899,398,42,64
EXC,Utilities,BiGRU,classification,20,5,16,0.2881470829547949,1.749683175768171,398,42,64
FB,Technology,BiGRU,classification,20,5,1,0.6739820658262051,0.80201579559417,398,42,64
FB,Technology,BiGRU,classification,20,5,2,0.6228945369097456,1.7861840441113426,398,42,64
FB,Technology,BiGRU,classification,20,5,3,0.6183143629500615,1.0422792718524025,398,42,64
FB,Technology,BiGRU,classification,20,5,4,0.5353693602672175,2.253149469693502,398,42,64
FB,Technology,BiGRU,classification,20,5,5,0.5079482656028402,3.3456472101665677,398,42,64
FB,Technology,BiGRU,classification,20,5,6,0.5135331725954411,1.659332002912249,398,42,64
FB,Technology,BiGRU,classification,20,5,7,0.4527899124214997,3.338861408687773,398,42,64
FB,Technology,BiGRU,classification,20,5,8,0.5133131445951797,3.754323119208926,398,42,64
FB,Technology,BiGRU,classification,20,5,9,0.4676728122048642,3.588368222827003,398,42,64
FB,Technology,BiGRU,classification,20,5,10,0.39372126466065793,3.664367528188796,398,42,64
FB,Technology,BiGRU,classification,20,5,11,0.36046652391028766,4.115600483758109,398,42,64
FB,Technology,BiGRU,classification,20,5,12,0.3706003730021529,4.725318091256278,398,42,64
FB,Technology,BiGRU,classification,20,5,13,0.3411809633574893,4.414750348953974,398,42,64
FB,Technology,BiGRU,classification,20,5,14,0.29798185454690873,4.370543286913917,398,42,64
FB,Technology,BiGRU,classification,20,5,15,0.2937035259589478,4.821647541863578,398,42,64
FB,Technology,BiGRU,classification,20,5,16,0.31239663027039727,4.544045868374052,398,42,64
GD,Industrial Goods,BiGRU,classification,20,5,1,0.7196681023243084,0.8247671808515277,398,42,64
GD,Industrial Goods,BiGRU,classification,20,5,2,0.6557767115645672,2.027020511173067,398,42,64
GD,Industrial Goods,BiGRU,classification,20,5,3,0.5823133966731067,1.9182527632940383,398,42,64
GD,Industrial Goods,BiGRU,classification,20,5,4,0.5675877970666742,2.160417079925537,398,42,64
GD,Industrial Goods,BiGRU,classification,20,5,5,0.5384239564888441,1.5947552067892892,398,42,64
GD,Industrial Goods,BiGRU,classification,20,5,6,0.4925369487036413,1.6728063878558932,398,42,64
GD,Industrial Goods,BiGRU,classification,20,5,7,0.474375732580022,2.669076397305443,398,42,64
GD,Industrial Goods,BiGRU,classification,20,5,8,0.46303223200778865,1.185800274213155,398,42,64
GD,Industrial Goods,BiGRU,classification,20,5,9,0.4535884723890966,2.114748648234776,398,42,64
GD,Industrial Goods,BiGRU,classification,20,5,10,0.4257610841612121,1.6759339627765475,398,42,64
GD,Industrial Goods,BiGRU,classification,20,5,11,0.3929339859204077,1.6171543598175049,398,42,64
GD,Industrial Goods,BiGRU,classification,20,5,12,0.33412122591656057,1.9539263475508917,398,42,64
GD,Industrial Goods,BiGRU,classification,20,5,13,0.31890542932491206,1.6102862131027949,398,42,64
GD,Industrial Goods,BiGRU,classification,20,5,14,0.29539466293612915,2.2786695048922585,398,42,64
GD,Industrial Goods,BiGRU,classification,20,5,15,0.31967988924764507,2.7221524601890925,398,42,64
GD,Industrial Goods,BiGRU,classification,20,5,16,0.2567197595109892,3.063795316786993,398,42,64
GE,Industrial Goods,BiGRU,classification,20,5,1,0.7187525001003514,0.6337718821707226,398,42,64
GE,Industrial Goods,BiGRU,classification,20,5,2,0.6227103208177652,0.6375971379734221,398,42,64
GE,Industrial Goods,BiGRU,classification,20,5,3,0.5963302868694517,0.637712646098364,398,42,64
GE,Industrial Goods,BiGRU,classification,20,5,4,0.546544207400413,0.9295825787952968,398,42,64
GE,Industrial Goods,BiGRU,classification,20,5,5,0.5347678776661954,0.6978219463711693,398,42,64
GE,Industrial Goods,BiGRU,classification,20,5,6,0.5173278337147966,1.186177753266834,398,42,64
GE,Industrial Goods,BiGRU,classification,20,5,7,0.5316475310816837,0.5731650988260905,398,42,64
GE,Industrial Goods,BiGRU,classification,20,5,8,0.48376247466509065,0.9172329647200448,398,42,64
GE,Industrial Goods,BiGRU,classification,20,5,9,0.509496900304478,0.6480890058335804,398,42,64
GE,Industrial Goods,BiGRU,classification,20,5,10,0.4408634367899679,1.6627275943756104,398,42,64
GE,Industrial Goods,BiGRU,classification,20,5,11,0.42588680488380354,1.0064722299575806,398,42,64
GE,Industrial Goods,BiGRU,classification,20,5,12,0.4141012582946662,1.6829622018904913,398,42,64
GE,Industrial Goods,BiGRU,classification,20,5,13,0.37013636514469606,2.0121209167298817,398,42,64
GE,Industrial Goods,BiGRU,classification,20,5,14,0.3770501611370537,1.07346735114143,398,42,64
GE,Industrial Goods,BiGRU,classification,20,5,15,0.3732872606821396,1.4996187005724226,398,42,64
GE,Industrial Goods,BiGRU,classification,20,5,16,0.37239181898047574,1.553181182770502,398,42,64
GE,Industrial Goods,BiGRU,classification,20,5,17,0.2592551339810817,1.8256649403345018,398,42,64
GE,Industrial Goods,BiGRU,classification,20,5,18,0.2385298304971139,1.9072508471352714,398,42,64
GE,Industrial Goods,BiGRU,classification,20,5,19,0.2129697839743528,2.014493079412551,398,42,64
GE,Industrial Goods,BiGRU,classification,20,5,20,0.19733380350335758,2.0952486197153726,398,42,64
GE,Industrial Goods,BiGRU,classification,20,5,21,0.18827267900932973,2.55190338407244,398,42,64
GE,Industrial Goods,BiGRU,classification,20,5,22,0.20236195826051223,2.4736415999276296,398,42,64
GOOG,Technology,BiGRU,classification,20,5,1,0.6910134991209711,1.173465819585891,398,42,64
GOOG,Technology,BiGRU,classification,20,5,2,0.6316212101198321,3.6150278477441695,398,42,64
GOOG,Technology,BiGRU,classification,20,5,3,0.5804129063184537,4.143478495734079,398,42,64
GOOG,Technology,BiGRU,classification,20,5,4,0.5516813909588147,2.5511066232408797,398,42,64
GOOG,Technology,BiGRU,classification,20,5,5,0.5326830171160961,3.2558275631495883,398,42,64
GOOG,Technology,BiGRU,classification,20,5,6,0.49426514629143564,4.090906971976871,398,42,64
GOOG,Technology,BiGRU,classification,20,5,7,0.4651509879821509,2.0010837997709,398,42,64
GOOG,Technology,BiGRU,classification,20,5,8,0.43477340499360356,2.3005742686135426,398,42,64
GOOG,Technology,BiGRU,classification,20,5,9,0.4363470694527554,2.656640257154192,398,42,64
GOOG,Technology,BiGRU,classification,20,5,10,0.4238995192338474,1.90775542032151,398,42,64
GOOG,Technology,BiGRU,classification,20,5,11,0.34185605249063455,2.140701100939796,398,42,64
GOOG,Technology,BiGRU,classification,20,5,12,0.37187073443403196,2.424923476718721,398,42,64
GOOG,Technology,BiGRU,classification,20,5,13,0.3028402984441824,2.648362250555129,398,42,64
GOOG,Technology,BiGRU,classification,20,5,14,0.27518610364228635,3.357495659873599,398,42,64
GOOG,Technology,BiGRU,classification,20,5,15,0.2855747980089044,2.787780727658953,398,42,64
GOOG,Technology,BiGRU,classification,20,5,16,0.2543647192680656,3.545661279133388,398,42,64
HD,Services,BiGRU,classification,20,5,1,0.6538992266559122,0.6186529369581313,398,42,64
HD,Services,BiGRU,classification,20,5,2,0.6115219796722259,1.2944638899394445,398,42,64
HD,Services,BiGRU,classification,20,5,3,0.5802732695586718,0.774295395328885,398,42,64
HD,Services,BiGRU,classification,20,5,4,0.5637620850723593,1.0533473321369715,398,42,64
HD,Services,BiGRU,classification,20,5,5,0.5080460312977508,1.083016696430388,398,42,64
HD,Services,BiGRU,classification,20,5,6,0.5136143809287392,1.2707786900656564,398,42,64
HD,Services,BiGRU,classification,20,5,7,0.5151941913306414,1.2680370807647705,398,42,64
HD,Services,BiGRU,classification,20,5,8,0.4642660848459407,1.2077868495668684,398,42,64
HD,Services,BiGRU,classification,20,5,9,0.4778746490053196,1.4419081040791102,398,42,64
HD,Services,BiGRU,classification,20,5,10,0.4428137841835693,1.995088327498663,398,42,64
HD,Services,BiGRU,classification,20,5,11,0.3794370694975158,1.847935778754098,398,42,64
HD,Services,BiGRU,classification,20,5,12,0.33683076482172586,2.020451307296753,398,42,64
HD,Services,BiGRU,classification,20,5,13,0.3121428407691232,2.82524155435108,398,42,64
HD,Services,BiGRU,classification,20,5,14,0.29378539544703375,2.4846802666073753,398,42,64
HD,Services,BiGRU,classification,20,5,15,0.30952411257292156,1.8959113643282937,398,42,64
HD,Services,BiGRU,classification,20,5,16,0.28177568443756007,2.195038398106893,398,42,64
HON,Industrial Goods,BiGRU,classification,20,5,1,0.6820884448799056,0.7303469606808254,398,42,64
HON,Industrial Goods,BiGRU,classification,20,5,2,0.6414956989599832,0.8940888870330084,398,42,64
HON,Industrial Goods,BiGRU,classification,20,5,3,0.5772057388296079,0.7663615885235014,398,42,64
HON,Industrial Goods,BiGRU,classification,20,5,4,0.5823224044624885,0.8035959800084432,398,42,64
HON,Industrial Goods,BiGRU,classification,20,5,5,0.5333807769432739,0.8383318498021081,398,42,64
HON,Industrial Goods,BiGRU,classification,20,5,6,0.5417044610533882,0.990768571694692,398,42,64
HON,Industrial Goods,BiGRU,classification,20,5,7,0.5466957156682134,0.882211568809691,398,42,64
HON,Industrial Goods,BiGRU,classification,20,5,8,0.5104323743875302,1.0053106603168307,398,42,64
HON,Industrial Goods,BiGRU,classification,20,5,9,0.49146749565948794,0.9353564324833098,398,42,64
HON,Industrial Goods,BiGRU,classification,20,5,10,0.46367863883924243,1.094359074320112,398,42,64
HON,Industrial Goods,BiGRU,classification,20,5,11,0.4368295906177118,1.0167529469444638,398,42,64
HON,Industrial Goods,BiGRU,classification,20,5,12,0.3938939577371032,1.2023825645446777,398,42,64
HON,Industrial Goods,BiGRU,classification,20,5,13,0.38279811086966165,1.0962488764808291,398,42,64
HON,Industrial Goods,BiGRU,classification,20,5,14,0.37338265551993594,1.507092867578779,398,42,64
HON,Industrial Goods,BiGRU,classification,20,5,15,0.3377191349489605,1.3164485011781966,398,42,64
HON,Industrial Goods,BiGRU,classification,20,5,16,0.3263352499086054,1.6885173207237607,398,42,64
HRG,Conglomerates,BiGRU,classification,20,5,1,0.6711310139253511,0.5938930341175624,398,42,64
HRG,Conglomerates,BiGRU,classification,20,5,2,0.6251968747407348,0.7224964442707243,398,42,64
HRG,Conglomerates,BiGRU,classification,20,5,3,0.6016569577868859,0.8518449919564384,398,42,64
HRG,Conglomerates,BiGRU,classification,20,5,4,0.5549241940879343,0.9861065262839908,398,42,64
HRG,Conglomerates,BiGRU,classification,20,5,5,0.5536140730632609,1.089702572141375,398,42,64
HRG,Conglomerates,BiGRU,classification,20,5,6,0.5310625173338693,0.8125627551759992,398,42,64
HRG,Conglomerates,BiGRU,classification,20,5,7,0.50734365465653,1.2963482084728422,398,42,64
HRG,Conglomerates,BiGRU,classification,20,5,8,0.4771657915570628,1.2274027324858165,398,42,64
HRG,Conglomerates,BiGRU,classification,20,5,9,0.4794043560123923,1.8511827219100225,398,42,64
HRG,Conglomerates,BiGRU,classification,20,5,10,0.40325718788645376,1.717721246537708,398,42,64
HRG,Conglomerates,BiGRU,classification,20,5,11,0.3685503522654874,2.2200196243467785,398,42,64
HRG,Conglomerates,BiGRU,classification,20,5,12,0.3794459946191491,1.5425601800282795,398,42,64
HRG,Conglomerates,BiGRU,classification,20,5,13,0.3684174364535653,1.9310861428578694,398,42,64
HRG,Conglomerates,BiGRU,classification,20,5,14,0.35791010038936555,1.7841905071621849,398,42,64
HRG,Conglomerates,BiGRU,classification,20,5,15,0.31968383273886675,1.6477612994966053,398,42,64
HRG,Conglomerates,BiGRU,classification,20,5,16,0.30200573891850574,1.530536140714373,398,42,64
HSBC,Financial,BiGRU,classification,20,5,1,0.6930048375872512,0.7217117746671041,398,42,64
HSBC,Financial,BiGRU,classification,20,5,2,0.6312641432536906,1.0446545879046123,398,42,64
HSBC,Financial,BiGRU,classification,20,5,3,0.5704353986373499,1.6200212353751773,398,42,64
HSBC,Financial,BiGRU,classification,20,5,4,0.5409475561961457,2.225704715365455,398,42,64
HSBC,Financial,BiGRU,classification,20,5,5,0.5161193763490898,1.7342073292959304,398,42,64
HSBC,Financial,BiGRU,classification,20,5,6,0.5501276490526583,4.1466263475872225,398,42,64
HSBC,Financial,BiGRU,classification,20,5,7,0.4780295682911897,3.701492014385405,398,42,64
HSBC,Financial,BiGRU,classification,20,5,8,0.48256065632829714,3.6237296036311557,398,42,64
HSBC,Financial,BiGRU,classification,20,5,9,0.4492288434026229,4.494926566169376,398,42,64
HSBC,Financial,BiGRU,classification,20,5,10,0.4234590350683011,4.0718569074358255,398,42,64
HSBC,Financial,BiGRU,classification,20,5,11,0.40208342611490183,5.450838020869663,398,42,64
HSBC,Financial,BiGRU,classification,20,5,12,0.36322512301667853,4.268474749156407,398,42,64
HSBC,Financial,BiGRU,classification,20,5,13,0.3330234230013948,5.764444964272635,398,42,64
HSBC,Financial,BiGRU,classification,20,5,14,0.3152130567398503,6.1423196111406595,398,42,64
HSBC,Financial,BiGRU,classification,20,5,15,0.32354875365693364,5.803670111156645,398,42,64
HSBC,Financial,BiGRU,classification,20,5,16,0.3140791760916686,6.749028205871582,398,42,64
IEP,Conglomerates,BiGRU,classification,20,5,1,0.7078579691187221,0.6895777412823269,398,42,64
IEP,Conglomerates,BiGRU,classification,20,5,2,0.6498864772331775,0.871535945506323,398,42,64
IEP,Conglomerates,BiGRU,classification,20,5,3,0.5637574552291602,1.1589082138878959,398,42,64
IEP,Conglomerates,BiGRU,classification,20,5,4,0.5274663525610114,0.7163116250719342,398,42,64
IEP,Conglomerates,BiGRU,classification,20,5,5,0.5722845834703302,1.1188586098807198,398,42,64
IEP,Conglomerates,BiGRU,classification,20,5,6,0.5538097790737248,1.1642275935127622,398,42,64
IEP,Conglomerates,BiGRU,classification,20,5,7,0.5344561323448641,1.38873747416905,398,42,64
IEP,Conglomerates,BiGRU,classification,20,5,8,0.4638019285010333,0.6744992676235381,398,42,64
IEP,Conglomerates,BiGRU,classification,20,5,9,0.4559986127081828,1.4173390013831002,398,42,64
IEP,Conglomerates,BiGRU,classification,20,5,10,0.46159729136893496,0.9247622035798573,398,42,64
IEP,Conglomerates,BiGRU,classification,20,5,11,0.45017374655110154,1.2050568887165614,398,42,64
IEP,Conglomerates,BiGRU,classification,20,5,12,0.41800250734516126,0.8864113731043679,398,42,64
IEP,Conglomerates,BiGRU,classification,20,5,13,0.39386631016755225,0.7884789847192311,398,42,64
IEP,Conglomerates,BiGRU,classification,20,5,14,0.38501837430287844,0.2760678912912096,398,42,64
IEP,Conglomerates,BiGRU,classification,20,5,15,0.41987633435570415,2.068379765465146,398,42,64
IEP,Conglomerates,BiGRU,classification,20,5,16,0.4474073017961416,0.693276496160598,398,42,64
IEP,Conglomerates,BiGRU,classification,20,5,17,0.4168901856820188,1.6923550367355347,398,42,64
IEP,Conglomerates,BiGRU,classification,20,5,18,0.39266354848991086,0.7806621279035296,398,42,64
IEP,Conglomerates,BiGRU,classification,20,5,19,0.44620988911120735,1.1795648393176852,398,42,64
IEP,Conglomerates,BiGRU,classification,20,5,20,0.374058406556671,0.6900378352119809,398,42,64
IEP,Conglomerates,BiGRU,classification,20,5,21,0.35635086834131174,1.7962027617863245,398,42,64
IEP,Conglomerates,BiGRU,classification,20,5,22,0.3568749610503115,0.7424988037063962,398,42,64
IEP,Conglomerates,BiGRU,classification,20,5,23,0.30108408382789575,0.6551088293393453,398,42,64
IEP,Conglomerates,BiGRU,classification,20,5,24,0.274934267728173,0.5584479825837272,398,42,64
IEP,Conglomerates,BiGRU,classification,20,5,25,0.253802052170188,0.9933815002441406,398,42,64
IEP,Conglomerates,BiGRU,classification,20,5,26,0.19419621320525607,0.8491521108718145,398,42,64
IEP,Conglomerates,BiGRU,classification,20,5,27,0.1947699572572756,1.0659363667170207,398,42,64
IEP,Conglomerates,BiGRU,classification,20,5,28,0.21583209340296797,0.854217026914869,398,42,64
IEP,Conglomerates,BiGRU,classification,20,5,29,0.22336598650444692,0.9885533962930951,398,42,64
INTC,Technology,BiGRU,classification,20,5,1,0.7036260953500643,0.763026895977202,398,42,64
INTC,Technology,BiGRU,classification,20,5,2,0.6811227439036921,1.664667981011527,398,42,64
INTC,Technology,BiGRU,classification,20,5,3,0.6167206293973492,1.2096063523065477,398,42,64
INTC,Technology,BiGRU,classification,20,5,4,0.5877351733907383,0.8260853460856846,398,42,64
INTC,Technology,BiGRU,classification,20,5,5,0.5467746740010515,1.5396310828980946,398,42,64
INTC,Technology,BiGRU,classification,20,5,6,0.5272130409077783,0.9646039122626895,398,42,64
INTC,Technology,BiGRU,classification,20,5,7,0.526413828583818,1.1953850133078439,398,42,64
INTC,Technology,BiGRU,classification,20,5,8,0.4528837256395637,1.7553638844262986,398,42,64
INTC,Technology,BiGRU,classification,20,5,9,0.4398902140969607,1.125460533868699,398,42,64
INTC,Technology,BiGRU,classification,20,5,10,0.4150840647556075,0.9516785570553371,398,42,64
INTC,Technology,BiGRU,classification,20,5,11,0.3524926214960951,0.8687016140846979,398,42,64
INTC,Technology,BiGRU,classification,20,5,12,0.3293704464657223,0.9729941799527123,398,42,64
INTC,Technology,BiGRU,classification,20,5,13,0.29778351571092654,1.0354410239628382,398,42,64
INTC,Technology,BiGRU,classification,20,5,14,0.2879821045614367,1.0166506824039279,398,42,64
INTC,Technology,BiGRU,classification,20,5,15,0.26819408505256453,0.9754498288744972,398,42,64
INTC,Technology,BiGRU,classification,20,5,16,0.2434871653516089,1.3049570719401042,398,42,64
JNJ,Healthcare,BiGRU,classification,20,5,1,0.7561054547228406,1.0989890155338107,398,42,64
JNJ,Healthcare,BiGRU,classification,20,5,2,0.6160157508586519,2.5181796437218074,398,42,64
JNJ,Healthcare,BiGRU,classification,20,5,3,0.5853221212799226,2.2180108513150896,398,42,64
JNJ,Healthcare,BiGRU,classification,20,5,4,0.5228592066010039,2.841731150945028,398,42,64
JNJ,Healthcare,BiGRU,classification,20,5,5,0.5006817049117543,2.6956732954297746,398,42,64
JNJ,Healthcare,BiGRU,classification,20,5,6,0.5016506136062756,3.4099664120447066,398,42,64
JNJ,Healthcare,BiGRU,classification,20,5,7,0.5250597226260295,2.821871416909354,398,42,64
JNJ,Healthcare,BiGRU,classification,20,5,8,0.4363108260847216,4.12842439469837,398,42,64
JNJ,Healthcare,BiGRU,classification,20,5,9,0.4868395704420368,3.3533031826927546,398,42,64
JNJ,Healthcare,BiGRU,classification,20,5,10,0.4434051804207078,3.940705867040725,398,42,64
JNJ,Healthcare,BiGRU,classification,20,5,11,0.35251384164819766,4.191198417118618,398,42,64
JNJ,Healthcare,BiGRU,classification,20,5,12,0.33176741468247456,4.36277791431972,398,42,64
JNJ,Healthcare,BiGRU,classification,20,5,13,0.2992324790163855,4.955318768819173,398,42,64
JNJ,Healthcare,BiGRU,classification,20,5,14,0.28599620471947157,5.071755795251756,398,42,64
JNJ,Healthcare,BiGRU,classification,20,5,15,0.2769857709431768,5.650010472252255,398,42,64
JNJ,Healthcare,BiGRU,classification,20,5,16,0.30360010431040474,4.684068202972412,398,42,64
JPM,Financial,BiGRU,classification,20,5,1,0.687251482776661,0.7918931416102818,398,42,64
JPM,Financial,BiGRU,classification,20,5,2,0.6124830830037294,1.006241764341082,398,42,64
JPM,Financial,BiGRU,classification,20,5,3,0.5669414622699795,1.0213654381888253,398,42,64
JPM,Financial,BiGRU,classification,20,5,4,0.5563293027518382,2.5986201876685735,398,42,64
JPM,Financial,BiGRU,classification,20,5,5,0.5155411006218225,1.2865755558013916,398,42,64
JPM,Financial,BiGRU,classification,20,5,6,0.48614344614834043,2.484360013689314,398,42,64
JPM,Financial,BiGRU,classification,20,5,7,0.48850728953304,4.0107977503821965,398,42,64
JPM,Financial,BiGRU,classification,20,5,8,0.4611967915865644,0.7849782052494231,398,42,64
JPM,Financial,BiGRU,classification,20,5,9,0.4777788232319319,5.415590490613665,398,42,64
JPM,Financial,BiGRU,classification,20,5,10,0.44614379849266167,3.3437245459783647,398,42,64
JPM,Financial,BiGRU,classification,20,5,11,0.45540564293837427,3.2048415683564686,398,42,64
JPM,Financial,BiGRU,classification,20,5,12,0.3718457124640594,5.253076848529634,398,42,64
JPM,Financial,BiGRU,classification,20,5,13,0.41456680276885105,4.3554655483790805,398,42,64
JPM,Financial,BiGRU,classification,20,5,14,0.38562234472389795,3.804316520690918,398,42,64
JPM,Financial,BiGRU,classification,20,5,15,0.37661066516559927,4.433280150095622,398,42,64
JPM,Financial,BiGRU,classification,20,5,16,0.3097621081162937,5.105577355339413,398,42,64
JPM,Financial,BiGRU,classification,20,5,17,0.33300850049934194,4.780292942410424,398,42,64
JPM,Financial,BiGRU,classification,20,5,18,0.23268503160332915,4.78625504175822,398,42,64
JPM,Financial,BiGRU,classification,20,5,19,0.25881798438091375,5.178284554254441,398,42,64
JPM,Financial,BiGRU,classification,20,5,20,0.19939808832041583,5.2163905416216165,398,42,64
JPM,Financial,BiGRU,classification,20,5,21,0.21857799072960513,4.942871298108782,398,42,64
JPM,Financial,BiGRU,classification,20,5,22,0.19088658024018734,5.194968496050153,398,42,64
JPM,Financial,BiGRU,classification,20,5,23,0.19291868341628032,5.917296023595901,398,42,64
KO,Consumer Goods,BiGRU,classification,20,5,1,0.7269965488107959,1.000876520361219,398,42,64
KO,Consumer Goods,BiGRU,classification,20,5,2,0.6805158510579535,2.2907855141730535,398,42,64
KO,Consumer Goods,BiGRU,classification,20,5,3,0.5972601967540818,1.827223587603796,398,42,64
KO,Consumer Goods,BiGRU,classification,20,5,4,0.6249713750939873,1.0207591596103849,398,42,64
KO,Consumer Goods,BiGRU,classification,20,5,5,0.562751039263591,2.191100435597556,398,42,64
KO,Consumer Goods,BiGRU,classification,20,5,6,0.5511918512720558,2.2680194604964483,398,42,64
KO,Consumer Goods,BiGRU,classification,20,5,7,0.5149851406938467,1.8479634551774888,398,42,64
KO,Consumer Goods,BiGRU,classification,20,5,8,0.4310382177407418,3.8931492226464406,398,42,64
KO,Consumer Goods,BiGRU,classification,20,5,9,0.4684956296529602,2.752805227325076,398,42,64
KO,Consumer Goods,BiGRU,classification,20,5,10,0.4650354294022124,3.714906329200381,398,42,64
KO,Consumer Goods,BiGRU,classification,20,5,11,0.40380424036452517,3.026753312065488,398,42,64
KO,Consumer Goods,BiGRU,classification,20,5,12,0.3755369570162428,3.4184126683643887,398,42,64
KO,Consumer Goods,BiGRU,classification,20,5,13,0.3302504657650713,3.184263831093198,398,42,64
KO,Consumer Goods,BiGRU,classification,20,5,14,0.353162088810499,3.226075450579325,398,42,64
KO,Consumer Goods,BiGRU,classification,20,5,15,0.33526571802607735,2.855208987281436,398,42,64
KO,Consumer Goods,BiGRU,classification,20,5,16,0.32631917954913936,2.8186239231200445,398,42,64
LMT,Industrial Goods,BiGRU,classification,20,5,1,0.6555130307997891,0.7119833344504947,398,42,64
LMT,Industrial Goods,BiGRU,classification,20,5,2,0.6200155515467102,1.4859479438690912,398,42,64
LMT,Industrial Goods,BiGRU,classification,20,5,3,0.5706210391006278,1.5427461521966117,398,42,64
LMT,Industrial Goods,BiGRU,classification,20,5,4,0.5727930182787642,1.4165124893188477,398,42,64
LMT,Industrial Goods,BiGRU,classification,20,5,5,0.5362397606049351,1.4572716383706956,398,42,64
LMT,Industrial Goods,BiGRU,classification,20,5,6,0.47703368879442837,2.1566426981063116,398,42,64
LMT,Industrial Goods,BiGRU,classification,20,5,7,0.48454682656268977,1.5764696484520322,398,42,64
LMT,Industrial Goods,BiGRU,classification,20,5,8,0.48322949127935283,1.7204812992186773,398,42,64
LMT,Industrial Goods,BiGRU,classification,20,5,9,0.43220615222226433,2.5287996587299166,398,42,64
LMT,Industrial Goods,BiGRU,classification,20,5,10,0.4053624062681917,2.2669054837453935,398,42,64
LMT,Industrial Goods,BiGRU,classification,20,5,11,0.32925420325605115,2.3339926969437372,398,42,64
LMT,Industrial Goods,BiGRU,classification,20,5,12,0.2927275329978023,2.6101225103650774,398,42,64
LMT,Industrial Goods,BiGRU,classification,20,5,13,0.293680549865991,2.702071632657732,398,42,64
LMT,Industrial Goods,BiGRU,classification,20,5,14,0.2748411564371694,3.0209231036049977,398,42,64
LMT,Industrial Goods,BiGRU,classification,20,5,15,0.2538843556265136,2.818771453130813,398,42,64
LMT,Industrial Goods,BiGRU,classification,20,5,16,0.25193966707991594,3.344023659115746,398,42,64
MA,Financial,BiGRU,classification,20,5,1,0.7211205000853419,0.7466311483156114,398,42,64
MA,Financial,BiGRU,classification,20,5,2,0.6542501871909329,1.305627737726484,398,42,64
MA,Financial,BiGRU,classification,20,5,3,0.6242813390104016,1.3304107132412137,398,42,64
MA,Financial,BiGRU,classification,20,5,4,0.5787570317785944,1.0060837439128332,398,42,64
MA,Financial,BiGRU,classification,20,5,5,0.5766619437903016,1.7588117463248116,398,42,64
MA,Financial,BiGRU,classification,20,5,6,0.5403701249678531,1.4443768944059099,398,42,64
MA,Financial,BiGRU,classification,20,5,7,0.5256627154110665,3.418212663559687,398,42,64
MA,Financial,BiGRU,classification,20,5,8,0.4692636575531121,2.3691618783133372,398,42,64
MA,Financial,BiGRU,classification,20,5,9,0.46065846849326514,3.9739125115530833,398,42,64
MA,Financial,BiGRU,classification,20,5,10,0.48043564875521255,2.7316462198893228,398,42,64
MA,Financial,BiGRU,classification,20,5,11,0.40034112558892027,3.255462873549688,398,42,64
MA,Financial,BiGRU,classification,20,5,12,0.37066160823831606,2.9463015283857072,398,42,64
MA,Financial,BiGRU,classification,20,5,13,0.4178122195167158,3.399105889456613,398,42,64
MA,Financial,BiGRU,classification,20,5,14,0.34686895830547393,3.1679152307056246,398,42,64
MA,Financial,BiGRU,classification,20,5,15,0.3619770322313261,3.26107813063122,398,42,64
MA,Financial,BiGRU,classification,20,5,16,0.3382451806086392,3.8456486520313082,398,42,64
MCD,Services,BiGRU,classification,20,5,1,0.666315431570887,0.662592799890609,398,42,64
MCD,Services,BiGRU,classification,20,5,2,0.6080510575867178,0.8279532449586051,398,42,64
MCD,Services,BiGRU,classification,20,5,3,0.5246005263460342,0.9232153608685448,398,42,64
MCD,Services,BiGRU,classification,20,5,4,0.48523933361822635,1.15839931226912,398,42,64
MCD,Services,BiGRU,classification,20,5,5,0.5087034193115618,0.8041484455267588,398,42,64
MCD,Services,BiGRU,classification,20,5,6,0.49616731306416306,1.7193752300171625,398,42,64
MCD,Services,BiGRU,classification,20,5,7,0.4718421950711677,1.0818995265733629,398,42,64
MCD,Services,BiGRU,classification,20,5,8,0.4223989452698722,1.811361239069984,398,42,64
MCD,Services,BiGRU,classification,20,5,9,0.42116592060680963,1.0958839867796217,398,42,64
MCD,Services,BiGRU,classification,20,5,10,0.3526813596037764,1.8243652057080042,398,42,64
MCD,Services,BiGRU,classification,20,5,11,0.30440043264897026,2.2745584675243924,398,42,64
MCD,Services,BiGRU,classification,20,5,12,0.2925231995894082,1.9849320508184887,398,42,64
MCD,Services,BiGRU,classification,20,5,13,0.2575493833827014,2.667517832347325,398,42,64
MCD,Services,BiGRU,classification,20,5,14,0.2561961940335269,2.2974317996274856,398,42,64
MCD,Services,BiGRU,classification,20,5,15,0.2583847662911343,2.589197360333942,398,42,64
MCD,Services,BiGRU,classification,20,5,16,0.23427532740573787,3.1218866734277633,398,42,64
MDT,Healthcare,BiGRU,classification,20,5,1,0.6945769184797852,1.024781760715303,398,42,64
MDT,Healthcare,BiGRU,classification,20,5,2,0.6331186222670665,1.5072276705787295,398,42,64
MDT,Healthcare,BiGRU,classification,20,5,3,0.5616722894673372,1.5062474693570818,398,42,64
MDT,Healthcare,BiGRU,classification,20,5,4,0.5152289608315607,1.8135022662934803,398,42,64
MDT,Healthcare,BiGRU,classification,20,5,5,0.4560972128681202,3.215800989241827,398,42,64
MDT,Healthcare,BiGRU,classification,20,5,6,0.4403029033287087,3.140058994293213,398,42,64
MDT,Healthcare,BiGRU,classification,20,5,7,0.4581973128881886,2.8341674350556874,398,42,64
MDT,Healthcare,BiGRU,classification,20,5,8,0.431685861480895,2.418258644285656,398,42,64
MDT,Healthcare,BiGRU,classification,20,5,9,0.42723748372427783,2.6639424732753207,398,42,64
MDT,Healthcare,BiGRU,classification,20,5,10,0.3689458403156031,2.544918173835391,398,42,64
MDT,Healthcare,BiGRU,classification,20,5,11,0.2933417563162856,2.9352810950506303,398,42,64
MDT,Healthcare,BiGRU,classification,20,5,12,0.32040927982210515,2.842346804482596,398,42,64
MDT,Healthcare,BiGRU,classification,20,5,13,0.3011844897989053,2.695315133957636,398,42,64
MDT,Healthcare,BiGRU,classification,20,5,14,0.27843324128706853,2.957066059112549,398,42,64
MDT,Healthcare,BiGRU,classification,20,5,15,0.29854293489575984,2.978978747413272,398,42,64
MDT,Healthcare,BiGRU,classification,20,5,16,0.25132008885318907,2.5420219557625905,398,42,64
MMM,Industrial Goods,BiGRU,classification,20,5,1,0.7232562228662884,0.9816039431662786,398,42,64
MMM,Industrial Goods,BiGRU,classification,20,5,2,0.6457827444651618,3.132018486658732,398,42,64
MMM,Industrial Goods,BiGRU,classification,20,5,3,0.620431247069009,2.8144423166910806,398,42,64
MMM,Industrial Goods,BiGRU,classification,20,5,4,0.5647212686251156,3.477402914138067,398,42,64
MMM,Industrial Goods,BiGRU,classification,20,5,5,0.5157396919164227,2.0529467435110185,398,42,64
MMM,Industrial Goods,BiGRU,classification,20,5,6,0.5359550088494267,2.0712520622071766,398,42,64
MMM,Industrial Goods,BiGRU,classification,20,5,7,0.5088260122879067,5.718562830062139,398,42,64
MMM,Industrial Goods,BiGRU,classification,20,5,8,0.4804962241469915,3.268752858752296,398,42,64
MMM,Industrial Goods,BiGRU,classification,20,5,9,0.46962926525566445,4.227517559414818,398,42,64
MMM,Industrial Goods,BiGRU,classification,20,5,10,0.4386154796609926,2.75778789747329,398,42,64
MMM,Industrial Goods,BiGRU,classification,20,5,11,0.37970755417742325,3.5272498357863653,398,42,64
MMM,Industrial Goods,BiGRU,classification,20,5,12,0.3668695158095815,4.020003182547433,398,42,64
MMM,Industrial Goods,BiGRU,classification,20,5,13,0.3501605145895301,3.660327082588559,398,42,64
MMM,Industrial Goods,BiGRU,classification,20,5,14,0.32325448882040664,3.865150814964658,398,42,64
MMM,Industrial Goods,BiGRU,classification,20,5,15,0.3214985108255741,5.183894952138265,398,42,64
MMM,Industrial Goods,BiGRU,classification,20,5,16,0.31435868009250967,3.0528616337549117,398,42,64
MO,Consumer Goods,BiGRU,classification,20,5,1,0.7262868677551423,0.7561311068988982,398,42,64
MO,Consumer Goods,BiGRU,classification,20,5,2,0.6267558939792403,0.9690610056831723,398,42,64
MO,Consumer Goods,BiGRU,classification,20,5,3,0.6119434569948282,0.9392366239002773,398,42,64
MO,Consumer Goods,BiGRU,classification,20,5,4,0.5734837152550568,0.7842017809549967,398,42,64
MO,Consumer Goods,BiGRU,classification,20,5,5,0.5530754249898633,0.9496692135220483,398,42,64
MO,Consumer Goods,BiGRU,classification,20,5,6,0.531244258934529,1.4177298205239433,398,42,64
MO,Consumer Goods,BiGRU,classification,20,5,7,0.5458936667322514,0.8449013517016456,398,42,64
MO,Consumer Goods,BiGRU,classification,20,5,8,0.46876906075669295,1.3505919660840715,398,42,64
MO,Consumer Goods,BiGRU,classification,20,5,9,0.5100415964521955,0.9808702241806757,398,42,64
MO,Consumer Goods,BiGRU,classification,20,5,10,0.43032358564324114,1.1170585269019717,398,42,64
MO,Consumer Goods,BiGRU,classification,20,5,11,0.38715702010758557,1.1205104873293923,398,42,64
MO,Consumer Goods,BiGRU,classification,20,5,12,0.34167437734615863,0.9344354640869867,398,42,64
MO,Consumer Goods,BiGRU,classification,20,5,13,0.3389590864804522,1.0461893535795665,398,42,64
MO,Consumer Goods,BiGRU,classification,20,5,14,0.33128957158357053,1.0855609348842077,398,42,64
MO,Consumer Goods,BiGRU,classification,20,5,15,0.3099370216903974,1.0387687115442186,398,42,64
MO,Consumer Goods,BiGRU,classification,20,5,16,0.292299422262302,0.9179350364775885,398,42,64
MRK,Healthcare,BiGRU,classification,20,5,1,0.6923924750419118,1.1110988287698655,398,42,64
MRK,Healthcare,BiGRU,classification,20,5,2,0.5968774838663226,3.489871274857294,398,42,64
MRK,Healthcare,BiGRU,classification,20,5,3,0.5804471056065966,2.739472094036284,398,42,64
MRK,Healthcare,BiGRU,classification,20,5,4,0.5253967162053189,3.6068664505368186,398,42,64
MRK,Healthcare,BiGRU,classification,20,5,5,0.48427474813245647,3.62771175021217,398,42,64
MRK,Healthcare,BiGRU,classification,20,5,6,0.48176468070128453,3.9249154272533597,398,42,64
MRK,Healthcare,BiGRU,classification,20,5,7,0.4948202238310522,3.7453144164312455,398,42,64
MRK,Healthcare,BiGRU,classification,20,5,8,0.44230535281962485,3.254016944340297,398,42,64
MRK,Healthcare,BiGRU,classification,20,5,9,0.4571451636864312,6.221082278660366,398,42,64
MRK,Healthcare,BiGRU,classification,20,5,10,0.44912964749575857,3.9396777607145763,398,42,64
MRK,Healthcare,BiGRU,classification,20,5,11,0.36849390659200487,3.884998980022612,398,42,64
MRK,Healthcare,BiGRU,classification,20,5,12,0.3218768805864468,4.44553972425915,398,42,64
MRK,Healthcare,BiGRU,classification,20,5,13,0.32963017205796646,3.343356972648984,398,42,64
MRK,Healthcare,BiGRU,classification,20,5,14,0.30407285218562313,4.757979597364153,398,42,64
MRK,Healthcare,BiGRU,classification,20,5,15,0.29191195463115843,3.923522699446905,398,42,64
MRK,Healthcare,BiGRU,classification,20,5,16,0.2990438253361376,3.924244767143613,398,42,64
MSFT,Technology,BiGRU,classification,20,5,1,0.6856834022843059,0.739649840763637,398,42,64
MSFT,Technology,BiGRU,classification,20,5,2,0.5940790023635979,0.9670776270684742,398,42,64
MSFT,Technology,BiGRU,classification,20,5,3,0.5183305979973107,1.2429511149724324,398,42,64
MSFT,Technology,BiGRU,classification,20,5,4,0.52445004408683,1.485032359759013,398,42,64
MSFT,Technology,BiGRU,classification,20,5,5,0.5040043017373013,1.1711915788196383,398,42,64
MSFT,Technology,BiGRU,classification,20,5,6,0.47083594062220513,0.9109621899468558,398,42,64
MSFT,Technology,BiGRU,classification,20,5,7,0.4258052359274284,1.0254869631358556,398,42,64
MSFT,Technology,BiGRU,classification,20,5,8,0.41026576140418125,1.267935769898551,398,42,64
MSFT,Technology,BiGRU,classification,20,5,9,0.40415780688051,1.0926659618105208,398,42,64
MSFT,Technology,BiGRU,classification,20,5,10,0.4074547646482985,0.998794708933149,398,42,64
MSFT,Technology,BiGRU,classification,20,5,11,0.3620124700380929,1.0153985761460804,398,42,64
MSFT,Technology,BiGRU,classification,20,5,12,0.32240472561749983,1.218865332149324,398,42,64
MSFT,Technology,BiGRU,classification,20,5,13,0.32963952197501406,1.4356668108985537,398,42,64
MSFT,Technology,BiGRU,classification,20,5,14,0.3745362185802891,1.164276395525251,398,42,64
MSFT,Technology,BiGRU,classification,20,5,15,0.30965407529667993,1.1656179371334257,398,42,64
MSFT,Technology,BiGRU,classification,20,5,16,0.32302340033964894,1.170795996983846,398,42,64
NEE,Utilities,BiGRU,classification,20,5,1,0.6766440733593313,0.7195941124643598,398,42,64
NEE,Utilities,BiGRU,classification,20,5,2,0.6682923627858186,0.982080340385437,398,42,64
NEE,Utilities,BiGRU,classification,20,5,3,0.5684015911128653,1.6196060067131406,398,42,64
NEE,Utilities,BiGRU,classification,20,5,4,0.5725290107367625,1.311141204266321,398,42,64
NEE,Utilities,BiGRU,classification,20,5,5,0.5230954599440397,1.4740621873310633,398,42,64
NEE,Utilities,BiGRU,classification,20,5,6,0.5483974484942067,1.4379031658172607,398,42,64
NEE,Utilities,BiGRU,classification,20,5,7,0.4937855592325105,2.0572083564031693,398,42,64
NEE,Utilities,BiGRU,classification,20,5,8,0.4686079326286987,2.1590725013187955,398,42,64
NEE,Utilities,BiGRU,classification,20,5,9,0.4308303280092364,1.9206624371664864,398,42,64
NEE,Utilities,BiGRU,classification,20,5,10,0.41048660717118324,1.578723620800745,398,42,64
NEE,Utilities,BiGRU,classification,20,5,11,0.33598427242370105,1.8416941903886341,398,42,64
NEE,Utilities,BiGRU,classification,20,5,12,0.3370078600306607,2.2898320981434415,398,42,64
NEE,Utilities,BiGRU,classification,20,5,13,0.3511651648798181,2.3061121077764604,398,42,64
NEE,Utilities,BiGRU,classification,20,5,14,0.30532323666403643,2.200272934777396,398,42,64
NEE,Utilities,BiGRU,classification,20,5,15,0.29285391813247047,2.4455353418986,398,42,64
NEE,Utilities,BiGRU,classification,20,5,16,0.2839261102466727,2.2634180784225464,398,42,64
NGG,Utilities,BiGRU,classification,20,5,1,0.6560014490805679,0.6231291521163214,398,42,64
NGG,Utilities,BiGRU,classification,20,5,2,0.6027778719537821,0.6276820053656896,398,42,64
NGG,Utilities,BiGRU,classification,20,5,3,0.5350338409294435,0.9085607159705389,398,42,64
NGG,Utilities,BiGRU,classification,20,5,4,0.5042238770118311,1.014440315110343,398,42,64
NGG,Utilities,BiGRU,classification,20,5,5,0.47074599796204114,1.2756854849202293,398,42,64
NGG,Utilities,BiGRU,classification,20,5,6,0.4310195642949349,1.1278632964406694,398,42,64
NGG,Utilities,BiGRU,classification,20,5,7,0.3991959938152352,1.086739523070199,398,42,64
NGG,Utilities,BiGRU,classification,20,5,8,0.39740054193303814,1.2473365352267312,398,42,64
NGG,Utilities,BiGRU,classification,20,5,9,0.4251220899460903,1.583938103701387,398,42,64
NGG,Utilities,BiGRU,classification,20,5,10,0.367088141453326,1.2511635990369887,398,42,64
NGG,Utilities,BiGRU,classification,20,5,11,0.30327221129707355,1.2318453235285622,398,42,64
NGG,Utilities,BiGRU,classification,20,5,12,0.29090122586518674,1.4654860808735801,398,42,64
NGG,Utilities,BiGRU,classification,20,5,13,0.2523469872136212,1.3599425043378557,398,42,64
NGG,Utilities,BiGRU,classification,20,5,14,0.268881693126718,1.5109106103579204,398,42,64
NGG,Utilities,BiGRU,classification,20,5,15,0.23351125479044027,1.5306451292265029,398,42,64
NGG,Utilities,BiGRU,classification,20,5,16,0.2145922339741309,1.6203197155679976,398,42,64
NVS,Healthcare,BiGRU,classification,20,5,1,0.7113158933481379,0.9769476538612729,398,42,64
NVS,Healthcare,BiGRU,classification,20,5,2,0.6688711367659832,2.079239777156285,398,42,64
NVS,Healthcare,BiGRU,classification,20,5,3,0.5721904076823038,1.9320676213219052,398,42,64
NVS,Healthcare,BiGRU,classification,20,5,4,0.5685614614031422,2.475616000947498,398,42,64
NVS,Healthcare,BiGRU,classification,20,5,5,0.5507191179984778,2.3963685489836193,398,42,64
NVS,Healthcare,BiGRU,classification,20,5,6,0.5009187650890207,2.671994686126709,398,42,64
NVS,Healthcare,BiGRU,classification,20,5,7,0.5164277966897092,1.8157901877448672,398,42,64
NVS,Healthcare,BiGRU,classification,20,5,8,0.46757992952313254,3.4761375245593844,398,42,64
NVS,Healthcare,BiGRU,classification,20,5,9,0.4630507127423981,1.734763883409046,398,42,64
NVS,Healthcare,BiGRU,classification,20,5,10,0.42271959272461324,2.800460838136219,398,42,64
NVS,Healthcare,BiGRU,classification,20,5,11,0.38061676245538434,2.0392216046651206,398,42,64
NVS,Healthcare,BiGRU,classification,20,5,12,0.3395787547880681,2.5753775097074962,398,42,64
NVS,Healthcare,BiGRU,classification,20,5,13,0.3446088690104796,2.577376501900809,398,42,64
NVS,Healthcare,BiGRU,classification,20,5,14,0.295648239665295,2.5800484248570035,398,42,64
NVS,Healthcare,BiGRU,classification,20,5,15,0.34383892840776015,2.5993394624619257,398,42,64
NVS,Healthcare,BiGRU,classification,20,5,16,0.2873806999855904,2.8514768963768367,398,42,64
ORCL,Technology,BiGRU,classification,20,5,1,0.6668603665864647,0.7131976173037574,398,42,64
ORCL,Technology,BiGRU,classification,20,5,2,0.6378771686673763,2.1238463265555247,398,42,64
ORCL,Technology,BiGRU,classification,20,5,3,0.5363103076441205,2.0634316943940663,398,42,64
ORCL,Technology,BiGRU,classification,20,5,4,0.47302002223891826,1.5563828491029286,398,42,64
ORCL,Technology,BiGRU,classification,20,5,5,0.4408338812727425,2.520679337637765,398,42,64
ORCL,Technology,BiGRU,classification,20,5,6,0.4471648151251539,1.2500290700367518,398,42,64
ORCL,Technology,BiGRU,classification,20,5,7,0.4576538804188446,2.1521758919670466,398,42,64
ORCL,Technology,BiGRU,classification,20,5,8,0.4205560701426549,1.9524491968609037,398,42,64
ORCL,Technology,BiGRU,classification,20,5,9,0.4111679174642467,1.7905547618865967,398,42,64
ORCL,Technology,BiGRU,classification,20,5,10,0.3838807254580397,2.0443482853117443,398,42,64
ORCL,Technology,BiGRU,classification,20,5,11,0.3367558311128137,2.0561523891630626,398,42,64
ORCL,Technology,BiGRU,classification,20,5,12,0.305004420142677,1.242738928113665,398,42,64
ORCL,Technology,BiGRU,classification,20,5,13,0.27161251787264745,1.932883546465919,398,42,64
ORCL,Technology,BiGRU,classification,20,5,14,0.2876239441821923,1.4995437122526623,398,42,64
ORCL,Technology,BiGRU,classification,20,5,15,0.26802597374622544,1.6896444842928933,398,42,64
ORCL,Technology,BiGRU,classification,20,5,16,0.25490409484011445,1.7843464215596516,398,42,64
PCG,Utilities,BiGRU,classification,20,5,1,0.7255059318925867,0.597115044082914,398,42,64
PCG,Utilities,BiGRU,classification,20,5,2,0.6275606104476967,0.8409580148401714,398,42,64
PCG,Utilities,BiGRU,classification,20,5,3,0.5778377358637863,1.1750074681781588,398,42,64
PCG,Utilities,BiGRU,classification,20,5,4,0.544566867639072,1.4966597102937245,398,42,64
PCG,Utilities,BiGRU,classification,20,5,5,0.5295854956660438,1.4809355210690271,398,42,64
PCG,Utilities,BiGRU,classification,20,5,6,0.5010054575737997,1.5814044731003898,398,42,64
PCG,Utilities,BiGRU,classification,20,5,7,0.47410627375895054,1.6571440526417323,398,42,64
PCG,Utilities,BiGRU,classification,20,5,8,0.43039358141434253,1.4360277312142509,398,42,64
PCG,Utilities,BiGRU,classification,20,5,9,0.4358265076450367,1.3308498518807548,398,42,64
PCG,Utilities,BiGRU,classification,20,5,10,0.37387506536502935,1.6200509071350098,398,42,64
PCG,Utilities,BiGRU,classification,20,5,11,0.36087943411352646,1.5184769346600486,398,42,64
PCG,Utilities,BiGRU,classification,20,5,12,0.31340455604558015,1.9282767602375575,398,42,64
PCG,Utilities,BiGRU,classification,20,5,13,0.3389731598783977,1.8158340851465862,398,42,64
PCG,Utilities,BiGRU,classification,20,5,14,0.30864265156750703,1.7998981532596408,398,42,64
PCG,Utilities,BiGRU,classification,20,5,15,0.2618989613861894,1.9769966034662156,398,42,64
PCG,Utilities,BiGRU,classification,20,5,16,0.25873732102576213,2.2310949507213773,398,42,64
PCLN,Services,BiGRU,classification,20,5,1,0.7204901066856768,0.8649099866549174,398,42,64
PCLN,Services,BiGRU,classification,20,5,2,0.6632437631113446,1.2432637839090257,398,42,64
PCLN,Services,BiGRU,classification,20,5,3,0.602993679106535,2.4875367823101224,398,42,64
PCLN,Services,BiGRU,classification,20,5,4,0.5453072852225759,2.1749897116706487,398,42,64
PCLN,Services,BiGRU,classification,20,5,5,0.5478658387109862,2.11063429855165,398,42,64
PCLN,Services,BiGRU,classification,20,5,6,0.4973608987714777,1.8966571546736217,398,42,64
PCLN,Services,BiGRU,classification,20,5,7,0.48243457281110275,1.9962398608525593,398,42,64
PCLN,Services,BiGRU,classification,20,5,8,0.4601064815593125,2.0096859421048845,398,42,64
PCLN,Services,BiGRU,classification,20,5,9,0.49146161202210276,2.4448516198566983,398,42,64
PCLN,Services,BiGRU,classification,20,5,10,0.404578995390154,2.0947796333403814,398,42,64
PCLN,Services,BiGRU,classification,20,5,11,0.3456284762477156,3.1425048056102933,398,42,64
PCLN,Services,BiGRU,classification,20,5,12,0.30211946031256537,2.7516036374228343,398,42,64
PCLN,Services,BiGRU,classification,20,5,13,0.3237857326640556,2.8963660455885387,398,42,64
PCLN,Services,BiGRU,classification,20,5,14,0.25299276711054186,2.548803511120024,398,42,64
PCLN,Services,BiGRU,classification,20,5,15,0.2508381578940243,3.1179639952523366,398,42,64
PCLN,Services,BiGRU,classification,20,5,16,0.22326804427944835,3.610004322869437,398,42,64
PEP,Consumer Goods,BiGRU,classification,20,5,1,0.6519463599926263,1.336051080908094,398,42,64
PEP,Consumer Goods,BiGRU,classification,20,5,2,0.6392795048167358,2.780752494221642,398,42,64
PEP,Consumer Goods,BiGRU,classification,20,5,3,0.5780066411998404,2.1914658092317127,398,42,64
PEP,Consumer Goods,BiGRU,classification,20,5,4,0.517219893147598,2.9673616204942976,398,42,64
PEP,Consumer Goods,BiGRU,classification,20,5,5,0.4678142244492344,2.725637220201038,398,42,64
PEP,Consumer Goods,BiGRU,classification,20,5,6,0.4816623330865074,2.3323910463423956,398,42,64
PEP,Consumer Goods,BiGRU,classification,20,5,7,0.5065999943107816,2.142996419043768,398,42,64
PEP,Consumer Goods,BiGRU,classification,20,5,8,0.43632537980175495,2.267492203485398,398,42,64
PEP,Consumer Goods,BiGRU,classification,20,5,9,0.4507486698915012,2.012290358543396,398,42,64
PEP,Consumer Goods,BiGRU,classification,20,5,10,0.4032933324126143,2.1854861690884544,398,42,64
PEP,Consumer Goods,BiGRU,classification,20,5,11,0.342317788894452,2.601073827062334,398,42,64
PEP,Consumer Goods,BiGRU,classification,20,5,12,0.32018182744931933,2.6898808365776423,398,42,64
PEP,Consumer Goods,BiGRU,classification,20,5,13,0.32676364264296526,2.466656037739345,398,42,64
PEP,Consumer Goods,BiGRU,classification,20,5,14,0.2966908637303204,2.9983670825049993,398,42,64
PEP,Consumer Goods,BiGRU,classification,20,5,15,0.2945384121120875,3.1767911116282144,398,42,64
PEP,Consumer Goods,BiGRU,classification,20,5,16,0.28726191114840194,3.1827400411878313,398,42,64
PFE,Healthcare,BiGRU,classification,20,5,1,0.7138844662575267,0.9431574117569697,398,42,64
PFE,Healthcare,BiGRU,classification,20,5,2,0.5967303375203405,1.6870289870670863,398,42,64
PFE,Healthcare,BiGRU,classification,20,5,3,0.5838926557320446,2.0681376570747014,398,42,64
PFE,Healthcare,BiGRU,classification,20,5,4,0.5592120912805874,2.0186260087149486,398,42,64
PFE,Healthcare,BiGRU,classification,20,5,5,0.5238800454678847,1.9046798206510998,398,42,64
PFE,Healthcare,BiGRU,classification,20,5,6,0.526325333957097,2.788829803466797,398,42,64
PFE,Healthcare,BiGRU,classification,20,5,7,0.5268675009509427,1.4572252148673648,398,42,64
PFE,Healthcare,BiGRU,classification,20,5,8,0.5162483461238631,1.5872362908862887,398,42,64
PFE,Healthcare,BiGRU,classification,20,5,9,0.4926460535082985,2.5759791873750233,398,42,64
PFE,Healthcare,BiGRU,classification,20,5,10,0.45285653768472334,2.373201302119664,398,42,64
PFE,Healthcare,BiGRU,classification,20,5,11,0.3736361071242759,2.7087673913864863,398,42,64
PFE,Healthcare,BiGRU,classification,20,5,12,0.38633293557406667,2.9803663889567056,398,42,64
PFE,Healthcare,BiGRU,classification,20,5,13,0.3804525643137831,3.039585681188674,398,42,64
PFE,Healthcare,BiGRU,classification,20,5,14,0.35287739066921886,2.659784748440697,398,42,64
PFE,Healthcare,BiGRU,classification,20,5,15,0.3477767475286321,2.909333001999628,398,42,64
PFE,Healthcare,BiGRU,classification,20,5,16,0.34711713714515746,2.9356775056748163,398,42,64
PG,Consumer Goods,BiGRU,classification,20,5,1,0.6805496269734062,1.493734937338602,398,42,64
PG,Consumer Goods,BiGRU,classification,20,5,2,0.6982364966042677,2.6045716192041124,398,42,64
PG,Consumer Goods,BiGRU,classification,20,5,3,0.5996977585044938,2.872358038311913,398,42,64
PG,Consumer Goods,BiGRU,classification,20,5,4,0.5731454512581753,2.5878397212142037,398,42,64
PG,Consumer Goods,BiGRU,classification,20,5,5,0.5413933291507127,3.283137940225147,398,42,64
PG,Consumer Goods,BiGRU,classification,20,5,6,0.5142536843242358,1.7948334458328428,398,42,64
PG,Consumer Goods,BiGRU,classification,20,5,7,0.47088890459070254,3.559845297109513,398,42,64
PG,Consumer Goods,BiGRU,classification,20,5,8,0.4599527996688632,2.822318129596256,398,42,64
PG,Consumer Goods,BiGRU,classification,20,5,9,0.49144391737990645,2.4428924974941073,398,42,64
PG,Consumer Goods,BiGRU,classification,20,5,10,0.42396525477045144,2.398414533762705,398,42,64
PG,Consumer Goods,BiGRU,classification,20,5,11,0.3844018252051655,2.7352112290405093,398,42,64
PG,Consumer Goods,BiGRU,classification,20,5,12,0.3234996141201288,3.000102099918184,398,42,64
PG,Consumer Goods,BiGRU,classification,20,5,13,0.3089548478174449,3.0725434521834054,398,42,64
PG,Consumer Goods,BiGRU,classification,20,5,14,0.3078214273830155,2.9692168221587227,398,42,64
PG,Consumer Goods,BiGRU,classification,20,5,15,0.29931378439443196,2.5534637669722238,398,42,64
PG,Consumer Goods,BiGRU,classification,20,5,16,0.25601918066865836,2.8613184264728,398,42,64
PICO,Conglomerates,BiGRU,classification,20,5,1,0.6925032333513002,0.7333792334511167,398,42,64
PICO,Conglomerates,BiGRU,classification,20,5,2,0.650686288299273,0.9890870196478707,398,42,64
PICO,Conglomerates,BiGRU,classification,20,5,3,0.6099149159450626,1.558042634101141,398,42,64
PICO,Conglomerates,BiGRU,classification,20,5,4,0.5852029268166528,1.7516454401470365,398,42,64
PICO,Conglomerates,BiGRU,classification,20,5,5,0.5511410556845928,2.431626796722412,398,42,64
PICO,Conglomerates,BiGRU,classification,20,5,6,0.5581630603152903,2.3019800980885825,398,42,64
PICO,Conglomerates,BiGRU,classification,20,5,7,0.5323892187832588,2.636793295542399,398,42,64
PICO,Conglomerates,BiGRU,classification,20,5,8,0.5217548936755214,1.9924724669683547,398,42,64
PICO,Conglomerates,BiGRU,classification,20,5,9,0.503662452625869,2.7597117991674516,398,42,64
PICO,Conglomerates,BiGRU,classification,20,5,10,0.48374495868706824,3.1085300786154613,398,42,64
PICO,Conglomerates,BiGRU,classification,20,5,11,0.42858703561763667,1.6320087228502547,398,42,64
PICO,Conglomerates,BiGRU,classification,20,5,12,0.42099920813761765,2.5142407644362676,398,42,64
PICO,Conglomerates,BiGRU,classification,20,5,13,0.3898884063989074,2.3351823148273287,398,42,64
PICO,Conglomerates,BiGRU,classification,20,5,14,0.39044076106955655,2.1450757753281366,398,42,64
PICO,Conglomerates,BiGRU,classification,20,5,15,0.3650031293456878,2.4124294689723422,398,42,64
PICO,Conglomerates,BiGRU,classification,20,5,16,0.36050552788691304,4.321407477060954,398,42,64
PM,Consumer Goods,BiGRU,classification,20,5,1,0.7790820143330637,0.8184178840546381,398,42,64
PM,Consumer Goods,BiGRU,classification,20,5,2,0.7091831978242001,0.908907759757269,398,42,64
PM,Consumer Goods,BiGRU,classification,20,5,3,0.6364600095317592,1.1659520240057082,398,42,64
PM,Consumer Goods,BiGRU,classification,20,5,4,0.5821196445867644,1.218824999673026,398,42,64
PM,Consumer Goods,BiGRU,classification,20,5,5,0.5410905920680443,1.4758244128454299,398,42,64
PM,Consumer Goods,BiGRU,classification,20,5,6,0.5440305489391538,1.2996510721388317,398,42,64
PM,Consumer Goods,BiGRU,classification,20,5,7,0.5321154849762892,1.174837589263916,398,42,64
PM,Consumer Goods,BiGRU,classification,20,5,8,0.5241550030420773,1.3636285804566883,398,42,64
PM,Consumer Goods,BiGRU,classification,20,5,9,0.4390731256211822,1.4931045032682873,398,42,64
PM,Consumer Goods,BiGRU,classification,20,5,10,0.40432818765616296,1.3658131190708704,398,42,64
PM,Consumer Goods,BiGRU,classification,20,5,11,0.36773710229888035,1.4450806436084567,398,42,64
PM,Consumer Goods,BiGRU,classification,20,5,12,0.36298275750186576,1.213840677624657,398,42,64
PM,Consumer Goods,BiGRU,classification,20,5,13,0.3610378299376473,1.2566292853582472,398,42,64
PM,Consumer Goods,BiGRU,classification,20,5,14,0.30841266554803703,1.5085068997882662,398,42,64
PM,Consumer Goods,BiGRU,classification,20,5,15,0.3416095486837416,1.1532172362009685,398,42,64
PM,Consumer Goods,BiGRU,classification,20,5,16,0.2851454571788035,1.4224186738332112,398,42,64
PPL,Utilities,BiGRU,classification,20,5,1,0.7084642235358157,0.7706938669795081,398,42,64
PPL,Utilities,BiGRU,classification,20,5,2,0.6223041555989328,1.191807707150777,398,42,64
PPL,Utilities,BiGRU,classification,20,5,3,0.5808640676527167,0.41850766681489493,398,42,64
PPL,Utilities,BiGRU,classification,20,5,4,0.48571716870494824,0.5431978830269405,398,42,64
PPL,Utilities,BiGRU,classification,20,5,5,0.4802117816467381,0.9945421956834339,398,42,64
PPL,Utilities,BiGRU,classification,20,5,6,0.4537148360331454,1.152105572677794,398,42,64
PPL,Utilities,BiGRU,classification,20,5,7,0.43681711407762075,0.966907282670339,398,42,64
PPL,Utilities,BiGRU,classification,20,5,8,0.3944952779978364,0.3453022340933482,398,42,64
PPL,Utilities,BiGRU,classification,20,5,9,0.4240115397240049,0.6424141582988557,398,42,64
PPL,Utilities,BiGRU,classification,20,5,10,0.38116378191128447,0.816870927810669,398,42,64
PPL,Utilities,BiGRU,classification,20,5,11,0.335753892085061,1.084857662518819,398,42,64
PPL,Utilities,BiGRU,classification,20,5,12,0.3753268062020067,1.4837983208043235,398,42,64
PPL,Utilities,BiGRU,classification,20,5,13,0.3662111290435695,1.839725136756897,398,42,64
PPL,Utilities,BiGRU,classification,20,5,14,0.33023090600667887,2.417951751322973,398,42,64
PPL,Utilities,BiGRU,classification,20,5,15,0.3813923645259148,0.5941229491006761,398,42,64
PPL,Utilities,BiGRU,classification,20,5,16,0.3665304013233089,0.6031700997125535,398,42,64
PPL,Utilities,BiGRU,classification,20,5,17,0.3436720044768635,0.5480290679704576,398,42,64
PPL,Utilities,BiGRU,classification,20,5,18,0.26170402173720414,1.145163967495873,398,42,64
PPL,Utilities,BiGRU,classification,20,5,19,0.22900673054420767,1.0957401593526204,398,42,64
PPL,Utilities,BiGRU,classification,20,5,20,0.17137778675810775,0.8685011863708496,398,42,64
PPL,Utilities,BiGRU,classification,20,5,21,0.22652949943165085,1.6974687320845467,398,42,64
PPL,Utilities,BiGRU,classification,20,5,22,0.1969153436471769,0.5007624342328026,398,42,64
PPL,Utilities,BiGRU,classification,20,5,23,0.2383535974401625,1.8050850970404488,398,42,64
PTR,Basic Matierials,BiGRU,classification,20,5,1,0.7328134619410912,0.9012224333626884,398,42,64
PTR,Basic Matierials,BiGRU,classification,20,5,2,0.6629391914636047,1.7307038647787911,398,42,64
PTR,Basic Matierials,BiGRU,classification,20,5,3,0.5831888030521833,2.1312762782687233,398,42,64
PTR,Basic Matierials,BiGRU,classification,20,5,4,0.6047404084972401,2.6771394979386103,398,42,64
PTR,Basic Matierials,BiGRU,classification,20,5,5,0.6121113959269308,1.5763118891488939,398,42,64
PTR,Basic Matierials,BiGRU,classification,20,5,6,0.574012054869877,2.33691212109157,398,42,64
PTR,Basic Matierials,BiGRU,classification,20,5,7,0.5524037725961388,3.348938362939017,398,42,64
PTR,Basic Matierials,BiGRU,classification,20,5,8,0.5354738070737177,2.97676758539109,398,42,64
PTR,Basic Matierials,BiGRU,classification,20,5,9,0.5056816618047167,4.624786876496815,398,42,64
PTR,Basic Matierials,BiGRU,classification,20,5,10,0.4856825656627291,2.44389702024914,398,42,64
PTR,Basic Matierials,BiGRU,classification,20,5,11,0.4259753895165333,3.2211458001817976,398,42,64
PTR,Basic Matierials,BiGRU,classification,20,5,12,0.4386039852496967,3.7150890713646296,398,42,64
PTR,Basic Matierials,BiGRU,classification,20,5,13,0.39272029855143487,2.4757234369005476,398,42,64
PTR,Basic Matierials,BiGRU,classification,20,5,14,0.3933644305221998,4.575793516068232,398,42,64
PTR,Basic Matierials,BiGRU,classification,20,5,15,0.3900604874045406,2.319677239372617,398,42,64
PTR,Basic Matierials,BiGRU,classification,20,5,16,0.3799243434589712,4.402820973169236,398,42,64
RDS-B,Basic Matierials,BiGRU,classification,20,5,1,0.7369616223340059,0.6744488364174253,398,42,64
RDS-B,Basic Matierials,BiGRU,classification,20,5,2,0.6800183309382529,0.9953642373993283,398,42,64
RDS-B,Basic Matierials,BiGRU,classification,20,5,3,0.65290715227175,1.183861261322385,398,42,64
RDS-B,Basic Matierials,BiGRU,classification,20,5,4,0.6125579686021086,0.9399086833000183,398,42,64
RDS-B,Basic Matierials,BiGRU,classification,20,5,5,0.5574789279369853,1.4094508091608684,398,42,64
RDS-B,Basic Matierials,BiGRU,classification,20,5,6,0.5662171400372108,1.5987398965018136,398,42,64
RDS-B,Basic Matierials,BiGRU,classification,20,5,7,0.575704706673646,0.6162541749931517,398,42,64
RDS-B,Basic Matierials,BiGRU,classification,20,5,8,0.5269444390157958,2.500518520673116,398,42,64
RDS-B,Basic Matierials,BiGRU,classification,20,5,9,0.5870317930552229,0.5733519906089419,398,42,64
RDS-B,Basic Matierials,BiGRU,classification,20,5,10,0.5378303376574013,0.8419874282110305,398,42,64
RDS-B,Basic Matierials,BiGRU,classification,20,5,11,0.47805122379681575,1.8670236042567663,398,42,64
RDS-B,Basic Matierials,BiGRU,classification,20,5,12,0.4749281170529936,2.813086305345808,398,42,64
RDS-B,Basic Matierials,BiGRU,classification,20,5,13,0.43332667072214676,0.6723765560558864,398,42,64
RDS-B,Basic Matierials,BiGRU,classification,20,5,14,0.5044905565791393,1.775593672479902,398,42,64
RDS-B,Basic Matierials,BiGRU,classification,20,5,15,0.4564476688603061,3.670161417552403,398,42,64
RDS-B,Basic Matierials,BiGRU,classification,20,5,16,0.4605581162862442,2.0928417387462797,398,42,64
RDS-B,Basic Matierials,BiGRU,classification,20,5,17,0.44345465077826723,3.1296462445032027,398,42,64
RDS-B,Basic Matierials,BiGRU,classification,20,5,18,0.39179190049818413,2.4509928340003606,398,42,64
RDS-B,Basic Matierials,BiGRU,classification,20,5,19,0.3796405786994714,3.034821169716971,398,42,64
RDS-B,Basic Matierials,BiGRU,classification,20,5,20,0.3473237049789285,2.8106117135002497,398,42,64
RDS-B,Basic Matierials,BiGRU,classification,20,5,21,0.30643581175923945,4.092003345489502,398,42,64
RDS-B,Basic Matierials,BiGRU,classification,20,5,22,0.36505908717462165,3.6843913169134233,398,42,64
RDS-B,Basic Matierials,BiGRU,classification,20,5,23,0.3021507596400515,3.247528530302502,398,42,64
RDS-B,Basic Matierials,BiGRU,classification,20,5,24,0.3071273161313642,3.0263920170920238,398,42,64
REX,Conglomerates,BiGRU,classification,20,5,1,0.7342865011799875,1.0409929298219227,398,42,64
REX,Conglomerates,BiGRU,classification,20,5,2,0.6516699820906673,1.722920332636152,398,42,64
REX,Conglomerates,BiGRU,classification,20,5,3,0.5875182535181094,2.905404420126052,398,42,64
REX,Conglomerates,BiGRU,classification,20,5,4,0.6288097096447969,2.3696509088788713,398,42,64
REX,Conglomerates,BiGRU,classification,20,5,5,0.5642084188796767,3.4580138410840715,398,42,64
REX,Conglomerates,BiGRU,classification,20,5,6,0.5702982359196074,1.851637669972011,398,42,64
REX,Conglomerates,BiGRU,classification,20,5,7,0.5235859158650116,2.915871336346581,398,42,64
REX,Conglomerates,BiGRU,classification,20,5,8,0.5451480803178184,2.4976452872866677,398,42,64
REX,Conglomerates,BiGRU,classification,20,5,9,0.5431528891151275,1.520854734239124,398,42,64
REX,Conglomerates,BiGRU,classification,20,5,10,0.4627815470024569,3.2179835864475796,398,42,64
REX,Conglomerates,BiGRU,classification,20,5,11,0.41774846321374326,3.0248937833876837,398,42,64
REX,Conglomerates,BiGRU,classification,20,5,12,0.4254986529973284,2.4469764686766124,398,42,64
REX,Conglomerates,BiGRU,classification,20,5,13,0.4068763711344657,2.862578244436355,398,42,64
REX,Conglomerates,BiGRU,classification,20,5,14,0.3631115846298448,3.074883120400565,398,42,64
REX,Conglomerates,BiGRU,classification,20,5,15,0.35633735141562456,1.9735166912987119,398,42,64
REX,Conglomerates,BiGRU,classification,20,5,16,0.35393865488881443,3.405756155649821,398,42,64
SLB,Basic Matierials,BiGRU,classification,20,5,1,0.7434044737911704,0.7811362601461864,398,42,64
SLB,Basic Matierials,BiGRU,classification,20,5,2,0.6534196854236737,1.2548235200700306,398,42,64
SLB,Basic Matierials,BiGRU,classification,20,5,3,0.5962076046359,0.9278869401840937,398,42,64
SLB,Basic Matierials,BiGRU,classification,20,5,4,0.5690474830680157,0.7519703592572894,398,42,64
SLB,Basic Matierials,BiGRU,classification,20,5,5,0.5734020037267675,0.6785931587219238,398,42,64
SLB,Basic Matierials,BiGRU,classification,20,5,6,0.553725888980693,0.8817870020866394,398,42,64
SLB,Basic Matierials,BiGRU,classification,20,5,7,0.5694039032686895,0.9139104996408735,398,42,64
SLB,Basic Matierials,BiGRU,classification,20,5,8,0.5127732654911789,0.7166050757680621,398,42,64
SLB,Basic Matierials,BiGRU,classification,20,5,9,0.49340454328000244,0.8473548605328515,398,42,64
SLB,Basic Matierials,BiGRU,classification,20,5,10,0.4762956844502358,0.5732136453901019,398,42,64
SLB,Basic Matierials,BiGRU,classification,20,5,11,0.45710945189298696,0.7962535250754583,398,42,64
SLB,Basic Matierials,BiGRU,classification,20,5,12,0.4547308527644555,2.1208701701391313,398,42,64
SLB,Basic Matierials,BiGRU,classification,20,5,13,0.4892564236219205,0.5883341687066215,398,42,64
SLB,Basic Matierials,BiGRU,classification,20,5,14,0.4415209458101934,1.261275331179301,398,42,64
SLB,Basic Matierials,BiGRU,classification,20,5,15,0.42390867962909107,0.6944230170477004,398,42,64
SLB,Basic Matierials,BiGRU,classification,20,5,16,0.4014245921642936,1.4045521077655612,398,42,64
SLB,Basic Matierials,BiGRU,classification,20,5,17,0.3481616201113217,0.9252793533461434,398,42,64
SLB,Basic Matierials,BiGRU,classification,20,5,18,0.3638109187384946,0.8711400486174083,398,42,64
SLB,Basic Matierials,BiGRU,classification,20,5,19,0.33295813712043376,0.7068589386485872,398,42,64
SLB,Basic Matierials,BiGRU,classification,20,5,20,0.24576317605061745,0.9530980303173974,398,42,64
SLB,Basic Matierials,BiGRU,classification,20,5,21,0.24694329380390034,1.2179156030927385,398,42,64
SLB,Basic Matierials,BiGRU,classification,20,5,22,0.22178170698971006,1.172734090260097,398,42,64
SLB,Basic Matierials,BiGRU,classification,20,5,23,0.19664928526734587,1.5081136907849992,398,42,64
SLB,Basic Matierials,BiGRU,classification,20,5,24,0.20151728137054636,1.320196617217291,398,42,64
SLB,Basic Matierials,BiGRU,classification,20,5,25,0.18812802186862906,1.4472391037713914,398,42,64
SNP,Basic Matierials,BiGRU,classification,20,5,1,0.6918520043842756,0.8276744882265726,398,42,64
SNP,Basic Matierials,BiGRU,classification,20,5,2,0.6443966755914927,1.0915837571734475,398,42,64
SNP,Basic Matierials,BiGRU,classification,20,5,3,0.6133319564800167,2.2208588804517473,398,42,64
SNP,Basic Matierials,BiGRU,classification,20,5,4,0.5639299807237022,2.0389425981612432,398,42,64
SNP,Basic Matierials,BiGRU,classification,20,5,5,0.5280488480874641,1.4372612919126238,398,42,64
SNP,Basic Matierials,BiGRU,classification,20,5,6,0.5669595680045123,1.7782465673628307,398,42,64
SNP,Basic Matierials,BiGRU,classification,20,5,7,0.5230712944538749,1.1588491712297713,398,42,64
SNP,Basic Matierials,BiGRU,classification,20,5,8,0.5104061967164428,1.9075553701037453,398,42,64
SNP,Basic Matierials,BiGRU,classification,20,5,9,0.47347097480716416,1.2449253229867845,398,42,64
SNP,Basic Matierials,BiGRU,classification,20,5,10,0.43174551659492993,1.1254241523288546,398,42,64
SNP,Basic Matierials,BiGRU,classification,20,5,11,0.3816844698172718,1.3884283644812447,398,42,64
SNP,Basic Matierials,BiGRU,classification,20,5,12,0.39902559776401997,1.4381380081176758,398,42,64
SNP,Basic Matierials,BiGRU,classification,20,5,13,0.3949665813589815,1.9880687282198952,398,42,64
SNP,Basic Matierials,BiGRU,classification,20,5,14,0.37371396599103457,1.4490268457503546,398,42,64
SNP,Basic Matierials,BiGRU,classification,20,5,15,0.3633875373619885,2.0415536676134383,398,42,64
SNP,Basic Matierials,BiGRU,classification,20,5,16,0.3632812703674163,1.6721592517126174,398,42,64
SNY,Healthcare,BiGRU,classification,20,5,1,0.7092233015664259,0.854843849227542,398,42,64
SNY,Healthcare,BiGRU,classification,20,5,2,0.6276464279572568,2.0907769203186035,398,42,64
SNY,Healthcare,BiGRU,classification,20,5,3,0.5892877827337639,1.7828510034651983,398,42,64
SNY,Healthcare,BiGRU,classification,20,5,4,0.5791673109159997,1.819273244766962,398,42,64
SNY,Healthcare,BiGRU,classification,20,5,5,0.531632249079757,1.6001084759121849,398,42,64
SNY,Healthcare,BiGRU,classification,20,5,6,0.5169277987887512,1.5002727622077578,398,42,64
SNY,Healthcare,BiGRU,classification,20,5,7,0.5196477668968278,1.3252290884653728,398,42,64
SNY,Healthcare,BiGRU,classification,20,5,8,0.5073496280004032,1.3131633372533889,398,42,64
SNY,Healthcare,BiGRU,classification,20,5,9,0.4667637009716513,1.1913284971600486,398,42,64
SNY,Healthcare,BiGRU,classification,20,5,10,0.418028788949976,1.3898178509303503,398,42,64
SNY,Healthcare,BiGRU,classification,20,5,11,0.37464982870236113,1.4756188619704473,398,42,64
SNY,Healthcare,BiGRU,classification,20,5,12,0.3655277110224393,1.5105384077344621,398,42,64
SNY,Healthcare,BiGRU,classification,20,5,13,0.3317024399287737,1.3857038021087646,398,42,64
SNY,Healthcare,BiGRU,classification,20,5,14,0.3140448805075794,1.2391092096056258,398,42,64
SNY,Healthcare,BiGRU,classification,20,5,15,0.32531029644922993,1.193337423460824,398,42,64
SNY,Healthcare,BiGRU,classification,20,5,16,0.2780949659083956,1.294915687470209,398,42,64
SO,Utilities,BiGRU,classification,20,5,1,0.7164366371068523,0.6587945904050555,398,42,64
SO,Utilities,BiGRU,classification,20,5,2,0.6354522246811258,0.793059542065575,398,42,64
SO,Utilities,BiGRU,classification,20,5,3,0.5919327744886503,1.1787545269443875,398,42,64
SO,Utilities,BiGRU,classification,20,5,4,0.5622060026355724,0.5893503995168776,398,42,64
SO,Utilities,BiGRU,classification,20,5,5,0.574180374492952,1.2729812264442444,398,42,64
SO,Utilities,BiGRU,classification,20,5,6,0.552276667038999,1.251745192777543,398,42,64
SO,Utilities,BiGRU,classification,20,5,7,0.5114993330222278,1.0450010909920646,398,42,64
SO,Utilities,BiGRU,classification,20,5,8,0.5142959119686529,0.8287155032157898,398,42,64
SO,Utilities,BiGRU,classification,20,5,9,0.4976626052029768,0.9772865431649345,398,42,64
SO,Utilities,BiGRU,classification,20,5,10,0.4658204633087369,1.2285859485467274,398,42,64
SO,Utilities,BiGRU,classification,20,5,11,0.44678909754633306,1.1137415709949674,398,42,64
SO,Utilities,BiGRU,classification,20,5,12,0.43003982545143393,0.7209288619813465,398,42,64
SO,Utilities,BiGRU,classification,20,5,13,0.4024747470066176,1.0430631609190077,398,42,64
SO,Utilities,BiGRU,classification,20,5,14,0.3434552699327469,1.3468997790699913,398,42,64
SO,Utilities,BiGRU,classification,20,5,15,0.35076931718006804,1.3391909372238886,398,42,64
SO,Utilities,BiGRU,classification,20,5,16,0.3230730086265497,1.2112829372996377,398,42,64
SO,Utilities,BiGRU,classification,20,5,17,0.29507266449269337,1.4637458182516552,398,42,64
SO,Utilities,BiGRU,classification,20,5,18,0.2757893494101026,1.1594306656292506,398,42,64
SO,Utilities,BiGRU,classification,20,5,19,0.29086008484489356,1.5666126268250602,398,42,64
SPLP,Conglomerates,BiGRU,classification,20,5,1,0.7718156923600776,0.7244942812692552,398,42,64
SPLP,Conglomerates,BiGRU,classification,20,5,2,0.6856704938351809,0.8020351103373936,398,42,64
SPLP,Conglomerates,BiGRU,classification,20,5,3,0.6169319140851198,0.6587222786176772,398,42,64
SPLP,Conglomerates,BiGRU,classification,20,5,4,0.6464654270128988,0.6662884042376563,398,42,64
SPLP,Conglomerates,BiGRU,classification,20,5,5,0.5921873138777575,0.8015080491701762,398,42,64
SPLP,Conglomerates,BiGRU,classification,20,5,6,0.5465531747544831,0.7080322418894086,398,42,64
SPLP,Conglomerates,BiGRU,classification,20,5,7,0.5435080303618657,0.9840637786047799,398,42,64
SPLP,Conglomerates,BiGRU,classification,20,5,8,0.5452092879980652,0.6195130461738223,398,42,64
SPLP,Conglomerates,BiGRU,classification,20,5,9,0.5165497894263148,0.697817447639647,398,42,64
SPLP,Conglomerates,BiGRU,classification,20,5,10,0.5500587895886981,0.7277408639589945,398,42,64
SPLP,Conglomerates,BiGRU,classification,20,5,11,0.47632153639242275,1.208964120774042,398,42,64
SPLP,Conglomerates,BiGRU,classification,20,5,12,0.4954065485815307,0.8681171366146633,398,42,64
SPLP,Conglomerates,BiGRU,classification,20,5,13,0.46526772278038103,1.3736929098765056,398,42,64
SPLP,Conglomerates,BiGRU,classification,20,5,14,0.46984122805858974,0.8153779847281319,398,42,64
SPLP,Conglomerates,BiGRU,classification,20,5,15,0.47141338877342454,0.9481114830289569,398,42,64
SPLP,Conglomerates,BiGRU,classification,20,5,16,0.47597985381457075,0.9598984917004904,398,42,64
SPLP,Conglomerates,BiGRU,classification,20,5,17,0.40230729337313664,1.0188561025119962,398,42,64
SPLP,Conglomerates,BiGRU,classification,20,5,18,0.3984042226369657,0.9713469885644459,398,42,64
SPLP,Conglomerates,BiGRU,classification,20,5,19,0.3502614745243111,1.1427977879842122,398,42,64
SPLP,Conglomerates,BiGRU,classification,20,5,20,0.32168860231811675,1.3768947578611828,398,42,64
SPLP,Conglomerates,BiGRU,classification,20,5,21,0.31196229129879915,1.38408815293085,398,42,64
SPLP,Conglomerates,BiGRU,classification,20,5,22,0.3376106643796566,1.337102716877347,398,42,64
SPLP,Conglomerates,BiGRU,classification,20,5,23,0.30161301454707007,1.7183304741269065,398,42,64
SRE,Utilities,BiGRU,classification,20,5,1,0.6987574546780418,1.4283899891944158,398,42,64
SRE,Utilities,BiGRU,classification,20,5,2,0.6198806016888451,1.5242476775532676,398,42,64
SRE,Utilities,BiGRU,classification,20,5,3,0.5836413104330475,2.105321515174139,398,42,64
SRE,Utilities,BiGRU,classification,20,5,4,0.5549636635948066,2.2907414691788808,398,42,64
SRE,Utilities,BiGRU,classification,20,5,5,0.5213887403957808,1.7167492906252544,398,42,64
SRE,Utilities,BiGRU,classification,20,5,6,0.5093200928601788,2.6511397787502835,398,42,64
SRE,Utilities,BiGRU,classification,20,5,7,0.513249561115725,1.6312083318119956,398,42,64
SRE,Utilities,BiGRU,classification,20,5,8,0.5079338688347208,2.180597421668825,398,42,64
SRE,Utilities,BiGRU,classification,20,5,9,0.49904336102643804,2.535637744835445,398,42,64
SRE,Utilities,BiGRU,classification,20,5,10,0.4576222943001656,2.2738222110839117,398,42,64
SRE,Utilities,BiGRU,classification,20,5,11,0.423944300143563,2.7255745161147344,398,42,64
SRE,Utilities,BiGRU,classification,20,5,12,0.40852769984671816,2.552584103175572,398,42,64
SRE,Utilities,BiGRU,classification,20,5,13,0.36621810383533115,2.673997314203353,398,42,64
SRE,Utilities,BiGRU,classification,20,5,14,0.3564001998709674,2.438084358260745,398,42,64
SRE,Utilities,BiGRU,classification,20,5,15,0.3628173054911982,3.1589353680610657,398,42,64
SRE,Utilities,BiGRU,classification,20,5,16,0.32584604336388745,2.084118363403139,398,42,64
T,Technology,BiGRU,classification,20,5,1,0.6447546628851387,0.8962236018407912,398,42,64
T,Technology,BiGRU,classification,20,5,2,0.5438554956385838,1.3136746202196394,398,42,64
T,Technology,BiGRU,classification,20,5,3,0.47887707700082405,2.135272298540388,398,42,64
T,Technology,BiGRU,classification,20,5,4,0.4598770102663855,1.5522432156971522,398,42,64
T,Technology,BiGRU,classification,20,5,5,0.4275796829755582,1.5933492751348586,398,42,64
T,Technology,BiGRU,classification,20,5,6,0.47438700190141575,1.3040469657807123,398,42,64
T,Technology,BiGRU,classification,20,5,7,0.4213574819229356,1.809708385240464,398,42,64
T,Technology,BiGRU,classification,20,5,8,0.37935188689723087,2.9107033638727096,398,42,64
T,Technology,BiGRU,classification,20,5,9,0.4382553437546869,1.5317766666412354,398,42,64
T,Technology,BiGRU,classification,20,5,10,0.35657653759172814,1.6308566388629733,398,42,64
T,Technology,BiGRU,classification,20,5,11,0.3159421051866445,1.6658588704608737,398,42,64
T,Technology,BiGRU,classification,20,5,12,0.2767423784088849,1.9520784730002994,398,42,64
T,Technology,BiGRU,classification,20,5,13,0.23402205794750147,2.02257734253293,398,42,64
T,Technology,BiGRU,classification,20,5,14,0.26511304994024826,2.151760379473368,398,42,64
T,Technology,BiGRU,classification,20,5,15,0.21696890265348567,1.8325222503571283,398,42,64
T,Technology,BiGRU,classification,20,5,16,0.2391930326220378,1.9771876675742013,398,42,64
TM,Consumer Goods,BiGRU,classification,20,5,1,0.687892062879687,0.8416215890929812,398,42,64
TM,Consumer Goods,BiGRU,classification,20,5,2,0.6217093533606984,1.5551512127830869,398,42,64
TM,Consumer Goods,BiGRU,classification,20,5,3,0.5765667917141363,2.582237714812869,398,42,64
TM,Consumer Goods,BiGRU,classification,20,5,4,0.5059197047847,2.6419629823593866,398,42,64
TM,Consumer Goods,BiGRU,classification,20,5,5,0.4932769243441634,3.030724423272269,398,42,64
TM,Consumer Goods,BiGRU,classification,20,5,6,0.5042246298574323,4.04823975335984,398,42,64
TM,Consumer Goods,BiGRU,classification,20,5,7,0.505885893975071,2.5239448887961253,398,42,64
TM,Consumer Goods,BiGRU,classification,20,5,8,0.4789224452708834,2.5306691328684487,398,42,64
TM,Consumer Goods,BiGRU,classification,20,5,9,0.43632450295453096,2.594322091057187,398,42,64
TM,Consumer Goods,BiGRU,classification,20,5,10,0.4201257546343396,2.6879300503503707,398,42,64
TM,Consumer Goods,BiGRU,classification,20,5,11,0.3840423539355772,1.3362300395965576,398,42,64
TM,Consumer Goods,BiGRU,classification,20,5,12,0.3449083506761484,2.5780282474699474,398,42,64
TM,Consumer Goods,BiGRU,classification,20,5,13,0.3202307077508476,2.539071173894973,398,42,64
TM,Consumer Goods,BiGRU,classification,20,5,14,0.31864597180380894,1.672307400476365,398,42,64
TM,Consumer Goods,BiGRU,classification,20,5,15,0.30118815773096513,3.3636077699207125,398,42,64
TM,Consumer Goods,BiGRU,classification,20,5,16,0.2915842843115629,2.278900804973784,398,42,64
TOT,Basic Matierials,BiGRU,classification,20,5,1,0.7095764716665949,0.7003990099543617,398,42,64
TOT,Basic Matierials,BiGRU,classification,20,5,2,0.6742686347745771,1.3929901378495353,398,42,64
TOT,Basic Matierials,BiGRU,classification,20,5,3,0.6073547574742955,1.1244624427386694,398,42,64
TOT,Basic Matierials,BiGRU,classification,20,5,4,0.5939351071664436,2.6408667791457403,398,42,64
TOT,Basic Matierials,BiGRU,classification,20,5,5,0.5446526736170803,1.701008405004229,398,42,64
TOT,Basic Matierials,BiGRU,classification,20,5,6,0.5566126063241431,1.992180551801409,398,42,64
TOT,Basic Matierials,BiGRU,classification,20,5,7,0.5445207537119113,1.7870351132892428,398,42,64
TOT,Basic Matierials,BiGRU,classification,20,5,8,0.5747908614388663,1.3516649234862554,398,42,64
TOT,Basic Matierials,BiGRU,classification,20,5,9,0.49834058684619825,3.1012003819147744,398,42,64
TOT,Basic Matierials,BiGRU,classification,20,5,10,0.44545833332155216,3.0249844903037664,398,42,64
TOT,Basic Matierials,BiGRU,classification,20,5,11,0.3982753324598523,3.9189442566462924,398,42,64
TOT,Basic Matierials,BiGRU,classification,20,5,12,0.4433479431885571,3.6882125650133406,398,42,64
TOT,Basic Matierials,BiGRU,classification,20,5,13,0.39049785610419424,4.398987270536876,398,42,64
TOT,Basic Matierials,BiGRU,classification,20,5,14,0.3739337821177502,4.948155437197004,398,42,64
TOT,Basic Matierials,BiGRU,classification,20,5,15,0.3851627047037959,4.333360354105632,398,42,64
TOT,Basic Matierials,BiGRU,classification,20,5,16,0.37843230104626124,4.472025258200509,398,42,64
TSM,Technology,BiGRU,classification,20,5,1,0.7302706346439956,1.1202504492941356,398,42,64
TSM,Technology,BiGRU,classification,20,5,2,0.6265247425242285,1.6169330676396687,398,42,64
TSM,Technology,BiGRU,classification,20,5,3,0.5581273008231542,2.302142779032389,398,42,64
TSM,Technology,BiGRU,classification,20,5,4,0.5576207131596665,0.8423604936826796,398,42,64
TSM,Technology,BiGRU,classification,20,5,5,0.5361539721488953,4.106022891544161,398,42,64
TSM,Technology,BiGRU,classification,20,5,6,0.4796350074173817,1.7514720757802327,398,42,64
TSM,Technology,BiGRU,classification,20,5,7,0.4874357518239237,4.284280050368536,398,42,64
TSM,Technology,BiGRU,classification,20,5,8,0.4930929601491995,0.8736018339792887,398,42,64
TSM,Technology,BiGRU,classification,20,5,9,0.42459714682257954,4.094117561976115,398,42,64
TSM,Technology,BiGRU,classification,20,5,10,0.4579997267854873,1.0624877895627702,398,42,64
TSM,Technology,BiGRU,classification,20,5,11,0.42399540019394766,3.153191702706473,398,42,64
TSM,Technology,BiGRU,classification,20,5,12,0.36867897564442315,1.061021362032209,398,42,64
TSM,Technology,BiGRU,classification,20,5,13,0.3336600959300995,1.7925379389808291,398,42,64
TSM,Technology,BiGRU,classification,20,5,14,0.2946067247258958,1.414728051140195,398,42,64
TSM,Technology,BiGRU,classification,20,5,15,0.2615777451788361,2.4012111709231423,398,42,64
TSM,Technology,BiGRU,classification,20,5,16,0.27008991370249036,1.8872503780183338,398,42,64
TSM,Technology,BiGRU,classification,20,5,17,0.2700906787535653,2.384366886956351,398,42,64
TSM,Technology,BiGRU,classification,20,5,18,0.22000517902062766,1.3236227149055118,398,42,64
TSM,Technology,BiGRU,classification,20,5,19,0.2211223647522567,1.7037395636240642,398,42,64
UL,Consumer Goods,BiGRU,classification,20,5,1,0.6637471722598052,1.2701592927887326,398,42,64
UL,Consumer Goods,BiGRU,classification,20,5,2,0.6445770071978545,2.1962787423815047,398,42,64
UL,Consumer Goods,BiGRU,classification,20,5,3,0.515141274761315,1.8187527032125563,398,42,64
UL,Consumer Goods,BiGRU,classification,20,5,4,0.5170801921405984,2.6350464707329158,398,42,64
UL,Consumer Goods,BiGRU,classification,20,5,5,0.4831869415002852,2.1908128488631475,398,42,64
UL,Consumer Goods,BiGRU,classification,20,5,6,0.46320514163779253,1.586854684920538,398,42,64
UL,Consumer Goods,BiGRU,classification,20,5,7,0.432564249739575,2.2716883023579917,398,42,64
UL,Consumer Goods,BiGRU,classification,20,5,8,0.43384989467098484,1.7770936034974598,398,42,64
UL,Consumer Goods,BiGRU,classification,20,5,9,0.41461371555550014,2.0002092860993885,398,42,64
UL,Consumer Goods,BiGRU,classification,20,5,10,0.36460609172456826,1.9351932321275984,398,42,64
UL,Consumer Goods,BiGRU,classification,20,5,11,0.32911976591576286,1.9708964711143857,398,42,64
UL,Consumer Goods,BiGRU,classification,20,5,12,0.3284026422916944,2.048860470453898,398,42,64
UL,Consumer Goods,BiGRU,classification,20,5,13,0.3073919361560189,1.6028680971690588,398,42,64
UL,Consumer Goods,BiGRU,classification,20,5,14,0.30859099028997083,1.7841557207561674,398,42,64
UL,Consumer Goods,BiGRU,classification,20,5,15,0.2788683729218179,1.4941840512411935,398,42,64
UL,Consumer Goods,BiGRU,classification,20,5,16,0.2810548451452998,2.070321026302519,398,42,64
UN,Consumer Goods,BiGRU,classification,20,5,1,0.7116596875478275,1.4467885153634208,398,42,64
UN,Consumer Goods,BiGRU,classification,20,5,2,0.6082490952170674,1.8905144418988908,398,42,64
UN,Consumer Goods,BiGRU,classification,20,5,3,0.570144258851382,2.778684990746634,398,42,64
UN,Consumer Goods,BiGRU,classification,20,5,4,0.5349197615331142,2.7506180036635626,398,42,64
UN,Consumer Goods,BiGRU,classification,20,5,5,0.5267178431228178,2.2131580965859547,398,42,64
UN,Consumer Goods,BiGRU,classification,20,5,6,0.48762061188568423,2.277052737417675,398,42,64
UN,Consumer Goods,BiGRU,classification,20,5,7,0.45919598017505664,2.799054020927066,398,42,64
UN,Consumer Goods,BiGRU,classification,20,5,8,0.4900818595934154,2.583589235941569,398,42,64
UN,Consumer Goods,BiGRU,classification,20,5,9,0.47266408756150674,2.791020915621803,398,42,64
UN,Consumer Goods,BiGRU,classification,20,5,10,0.41113787904456633,2.2850682054247176,398,42,64
UN,Consumer Goods,BiGRU,classification,20,5,11,0.3506644368171692,2.6618376686459495,398,42,64
UN,Consumer Goods,BiGRU,classification,20,5,12,0.3311341466316626,2.9498545669374012,398,42,64
UN,Consumer Goods,BiGRU,classification,20,5,13,0.3053844768797333,2.6502192928677513,398,42,64
UN,Consumer Goods,BiGRU,classification,20,5,14,0.290116869025494,3.141813630149478,398,42,64
UN,Consumer Goods,BiGRU,classification,20,5,15,0.2675205021722233,3.0468562557583763,398,42,64
UN,Consumer Goods,BiGRU,classification,20,5,16,0.31129805077260464,3.204053594952538,398,42,64
UNH,Healthcare,BiGRU,classification,20,5,1,0.66447632216928,0.6029606291225978,398,42,64
UNH,Healthcare,BiGRU,classification,20,5,2,0.6262217472546064,0.8267184836523873,398,42,64
UNH,Healthcare,BiGRU,classification,20,5,3,0.5833306366474784,0.8518559989475069,398,42,64
UNH,Healthcare,BiGRU,classification,20,5,4,0.5411910621365111,1.145253715061006,398,42,64
UNH,Healthcare,BiGRU,classification,20,5,5,0.5632367781059227,0.7145656176975795,398,42,64
UNH,Healthcare,BiGRU,classification,20,5,6,0.5401341742906139,1.0969977378845215,398,42,64
UNH,Healthcare,BiGRU,classification,20,5,7,0.5075825291063318,1.013296746072315,398,42,64
UNH,Healthcare,BiGRU,classification,20,5,8,0.5205264367050861,1.305726550874256,398,42,64
UNH,Healthcare,BiGRU,classification,20,5,9,0.4694830405352703,0.8747940404074532,398,42,64
UNH,Healthcare,BiGRU,classification,20,5,10,0.45750750713611965,1.2513758909134638,398,42,64
UNH,Healthcare,BiGRU,classification,20,5,11,0.4423816004889694,1.1781833171844482,398,42,64
UNH,Healthcare,BiGRU,classification,20,5,12,0.37057974230703994,1.255116587593442,398,42,64
UNH,Healthcare,BiGRU,classification,20,5,13,0.3806741284066109,1.3181296757289342,398,42,64
UNH,Healthcare,BiGRU,classification,20,5,14,0.3286573246645568,1.1917416254679363,398,42,64
UNH,Healthcare,BiGRU,classification,20,5,15,0.3398666011927715,1.3357387610844202,398,42,64
UNH,Healthcare,BiGRU,classification,20,5,16,0.3147906045518329,1.2145121892293294,398,42,64
UPS,Services,BiGRU,classification,20,5,1,0.7161032539516238,0.611811047508603,398,42,64
UPS,Services,BiGRU,classification,20,5,2,0.6479371324855479,0.7290347133363996,398,42,64
UPS,Services,BiGRU,classification,20,5,3,0.5583696557049775,3.102418695177351,398,42,64
UPS,Services,BiGRU,classification,20,5,4,0.5317661754749529,2.9066982496352423,398,42,64
UPS,Services,BiGRU,classification,20,5,5,0.512718090459929,2.2865131468999955,398,42,64
UPS,Services,BiGRU,classification,20,5,6,0.4805146365908522,1.9168918813977922,398,42,64
UPS,Services,BiGRU,classification,20,5,7,0.4746320117358586,4.06122350692749,398,42,64
UPS,Services,BiGRU,classification,20,5,8,0.49855766044789224,1.0921072590918768,398,42,64
UPS,Services,BiGRU,classification,20,5,9,0.40506894639389,2.3958693004789806,398,42,64
UPS,Services,BiGRU,classification,20,5,10,0.38602982334156133,2.160307464145479,398,42,64
UPS,Services,BiGRU,classification,20,5,11,0.3243016119877897,2.2291987509954545,398,42,64
UPS,Services,BiGRU,classification,20,5,12,0.3098805567727017,2.8349826676504954,398,42,64
UPS,Services,BiGRU,classification,20,5,13,0.2943345792778772,2.1376125585465204,398,42,64
UPS,Services,BiGRU,classification,20,5,14,0.29144091874211275,2.4813035329182944,398,42,64
UPS,Services,BiGRU,classification,20,5,15,0.2784829638411651,2.598237185251145,398,42,64
UPS,Services,BiGRU,classification,20,5,16,0.29673054904194934,1.8454058113552274,398,42,64
UTX,Industrial Goods,BiGRU,classification,20,5,1,0.7143362224401542,0.9577599707103911,398,42,64
UTX,Industrial Goods,BiGRU,classification,20,5,2,0.6387936778404005,2.045722660564241,398,42,64
UTX,Industrial Goods,BiGRU,classification,20,5,3,0.5923945125023923,2.389544055575416,398,42,64
UTX,Industrial Goods,BiGRU,classification,20,5,4,0.5721305298745333,2.884464490981329,398,42,64
UTX,Industrial Goods,BiGRU,classification,20,5,5,0.5494175866321104,2.598426898320516,398,42,64
UTX,Industrial Goods,BiGRU,classification,20,5,6,0.5122290900604209,4.199509620666504,398,42,64
UTX,Industrial Goods,BiGRU,classification,20,5,7,0.5319043264616674,2.7085672106061662,398,42,64
UTX,Industrial Goods,BiGRU,classification,20,5,8,0.5025712103400398,3.267052934283302,398,42,64
UTX,Industrial Goods,BiGRU,classification,20,5,9,0.4879594875040965,2.719212668282645,398,42,64
UTX,Industrial Goods,BiGRU,classification,20,5,10,0.4190368083254177,2.980525777453468,398,42,64
UTX,Industrial Goods,BiGRU,classification,20,5,11,0.4190382637720012,2.7383680116562616,398,42,64
UTX,Industrial Goods,BiGRU,classification,20,5,12,0.3667825086781727,3.620886110124134,398,42,64
UTX,Industrial Goods,BiGRU,classification,20,5,13,0.37129800508369754,3.497372411546253,398,42,64
UTX,Industrial Goods,BiGRU,classification,20,5,14,0.3486461880144162,3.8293991770063127,398,42,64
UTX,Industrial Goods,BiGRU,classification,20,5,15,0.3451520373773335,5.664169470469157,398,42,64
UTX,Industrial Goods,BiGRU,classification,20,5,16,0.31402857174825427,3.8001132352011546,398,42,64
V,Financial,BiGRU,classification,20,5,1,0.7141159551227512,0.7198926380702427,398,42,64
V,Financial,BiGRU,classification,20,5,2,0.6656206527247501,1.2852681477864583,398,42,64
V,Financial,BiGRU,classification,20,5,3,0.5918186998846543,2.1255261330377486,398,42,64
V,Financial,BiGRU,classification,20,5,4,0.5812780603991082,1.8662632079351515,398,42,64
V,Financial,BiGRU,classification,20,5,5,0.5737202714136498,2.03409853435698,398,42,64
V,Financial,BiGRU,classification,20,5,6,0.5486416518688202,0.9334535314923241,398,42,64
V,Financial,BiGRU,classification,20,5,7,0.5206635940314537,1.0934630291802543,398,42,64
V,Financial,BiGRU,classification,20,5,8,0.5100901005555637,1.9704871745336623,398,42,64
V,Financial,BiGRU,classification,20,5,9,0.5296759266949179,2.278449081239246,398,42,64
V,Financial,BiGRU,classification,20,5,10,0.48252971462867966,2.283095268976121,398,42,64
V,Financial,BiGRU,classification,20,5,11,0.44265274950607336,2.0040704068683444,398,42,64
V,Financial,BiGRU,classification,20,5,12,0.38093201643857527,2.321047453653245,398,42,64
V,Financial,BiGRU,classification,20,5,13,0.3463643718903987,1.7832272393362862,398,42,64
V,Financial,BiGRU,classification,20,5,14,0.35939584163265614,1.9578263191949754,398,42,64
V,Financial,BiGRU,classification,20,5,15,0.3454438708535391,2.3359973090035573,398,42,64
V,Financial,BiGRU,classification,20,5,16,0.335768192107953,2.084498167037964,398,42,64
VZ,Technology,BiGRU,classification,20,5,1,0.683961056285168,1.0691237960542952,398,42,64
VZ,Technology,BiGRU,classification,20,5,2,0.5975098827076917,2.8362673804873513,398,42,64
VZ,Technology,BiGRU,classification,20,5,3,0.5511545880356027,2.1828138260614303,398,42,64
VZ,Technology,BiGRU,classification,20,5,4,0.5178111611898221,2.6165219148000083,398,42,64
VZ,Technology,BiGRU,classification,20,5,5,0.4958997539539433,1.0138556219282604,398,42,64
VZ,Technology,BiGRU,classification,20,5,6,0.4814230190898905,2.9818968999953497,398,42,64
VZ,Technology,BiGRU,classification,20,5,7,0.42962647577626023,1.3747320742834181,398,42,64
VZ,Technology,BiGRU,classification,20,5,8,0.4522695703871885,2.838580404009138,398,42,64
VZ,Technology,BiGRU,classification,20,5,9,0.4620894587519181,2.898190180460612,398,42,64
VZ,Technology,BiGRU,classification,20,5,10,0.3903062944885474,2.0765917074112665,398,42,64
VZ,Technology,BiGRU,classification,20,5,11,0.40264820782982524,3.275204999106271,398,42,64
VZ,Technology,BiGRU,classification,20,5,12,0.3855596840681143,2.402445600146339,398,42,64
VZ,Technology,BiGRU,classification,20,5,13,0.37444153708878475,3.8861541066850935,398,42,64
VZ,Technology,BiGRU,classification,20,5,14,0.31900751616936834,3.7986379805065336,398,42,64
VZ,Technology,BiGRU,classification,20,5,15,0.26787271878527635,3.3233910969325473,398,42,64
VZ,Technology,BiGRU,classification,20,5,16,0.289171501264051,3.0347591808864047,398,42,64
VZ,Technology,BiGRU,classification,20,5,17,0.25301915453980917,3.4587070714859736,398,42,64
VZ,Technology,BiGRU,classification,20,5,18,0.27956055485685566,3.756227175394694,398,42,64
VZ,Technology,BiGRU,classification,20,5,19,0.2023005274372484,3.469437826247442,398,42,64
VZ,Technology,BiGRU,classification,20,5,20,0.2026689991298782,5.441580136617024,398,42,64
WFC,Financial,BiGRU,classification,20,5,1,0.6896000582369128,0.8381225353195554,398,42,64
WFC,Financial,BiGRU,classification,20,5,2,0.5657012094205348,1.692221068200611,398,42,64
WFC,Financial,BiGRU,classification,20,5,3,0.5505774527338881,1.7257412672042847,398,42,64
WFC,Financial,BiGRU,classification,20,5,4,0.5300724389565051,2.2302708285195485,398,42,64
WFC,Financial,BiGRU,classification,20,5,5,0.5004184108283651,1.4190499555496943,398,42,64
WFC,Financial,BiGRU,classification,20,5,6,0.48588623952625987,1.5591432594117665,398,42,64
WFC,Financial,BiGRU,classification,20,5,7,0.46953692807624087,2.818772554397583,398,42,64
WFC,Financial,BiGRU,classification,20,5,8,0.4839690525328095,0.7482853702136448,398,42,64
WFC,Financial,BiGRU,classification,20,5,9,0.4253767198653676,2.6432773726327077,398,42,64
WFC,Financial,BiGRU,classification,20,5,10,0.442795007971663,1.7007776442028226,398,42,64
WFC,Financial,BiGRU,classification,20,5,11,0.3987427446710404,1.2747660988853091,398,42,64
WFC,Financial,BiGRU,classification,20,5,12,0.37081330789992556,3.708451430002848,398,42,64
WFC,Financial,BiGRU,classification,20,5,13,0.38850889253855947,1.36997013432639,398,42,64
WFC,Financial,BiGRU,classification,20,5,14,0.39808179146081357,4.062406449090867,398,42,64
WFC,Financial,BiGRU,classification,20,5,15,0.38618954327238264,1.2854514519373577,398,42,64
WFC,Financial,BiGRU,classification,20,5,16,0.3700805059329948,2.7007245676858083,398,42,64
WFC,Financial,BiGRU,classification,20,5,17,0.34451486642037205,2.524518989381336,398,42,64
WFC,Financial,BiGRU,classification,20,5,18,0.2748722856368252,2.3991817292712985,398,42,64
WFC,Financial,BiGRU,classification,20,5,19,0.23640899742068958,2.833680663790022,398,42,64
WFC,Financial,BiGRU,classification,20,5,20,0.2591172852108826,2.6724895522707985,398,42,64
WFC,Financial,BiGRU,classification,20,5,21,0.2241766949245079,3.382916178022112,398,42,64
WFC,Financial,BiGRU,classification,20,5,22,0.22111489694921216,2.2189635662805465,398,42,64
WFC,Financial,BiGRU,classification,20,5,23,0.18963756977613247,3.5374065126691545,398,42,64
WMT,Services,BiGRU,classification,20,5,1,0.7375783309265597,0.7205490640231541,398,42,64
WMT,Services,BiGRU,classification,20,5,2,0.6581105661751637,0.982141565708887,398,42,64
WMT,Services,BiGRU,classification,20,5,3,0.5837740089426089,1.099298363640195,398,42,64
WMT,Services,BiGRU,classification,20,5,4,0.5570441882813996,0.8619032558940706,398,42,64
WMT,Services,BiGRU,classification,20,5,5,0.5328755771095429,0.6660928995836348,398,42,64
WMT,Services,BiGRU,classification,20,5,6,0.5066456957977621,1.404742351600102,398,42,64
WMT,Services,BiGRU,classification,20,5,7,0.4761833467675214,1.1356615111941384,398,42,64
WMT,Services,BiGRU,classification,20,5,8,0.5258316304815475,1.1418623328208923,398,42,64
WMT,Services,BiGRU,classification,20,5,9,0.47235586924768574,1.2440560176258995,398,42,64
WMT,Services,BiGRU,classification,20,5,10,0.4294088455899876,2.0099395513534546,398,42,64
WMT,Services,BiGRU,classification,20,5,11,0.38588725337431057,1.206292016165597,398,42,64
WMT,Services,BiGRU,classification,20,5,12,0.37765834574124324,1.5989562216259183,398,42,64
WMT,Services,BiGRU,classification,20,5,13,0.3697400224867778,1.0695745944976807,398,42,64
WMT,Services,BiGRU,classification,20,5,14,0.35714310018261475,0.8946676708403087,398,42,64
WMT,Services,BiGRU,classification,20,5,15,0.2819378482336974,0.9638595566863105,398,42,64
WMT,Services,BiGRU,classification,20,5,16,0.22635907983061057,1.6666178873607091,398,42,64
WMT,Services,BiGRU,classification,20,5,17,0.20632762701517374,1.7585816354978652,398,42,64
WMT,Services,BiGRU,classification,20,5,18,0.2296956971512368,1.5830487041246324,398,42,64
WMT,Services,BiGRU,classification,20,5,19,0.20954843741565493,1.3891862488928295,398,42,64
WMT,Services,BiGRU,classification,20,5,20,0.19404058832319537,0.9789018262000311,398,42,64
XOM,Basic Matierials,BiGRU,classification,20,5,1,0.7341316450181319,0.6673321496872675,398,42,64
XOM,Basic Matierials,BiGRU,classification,20,5,2,0.6846727129802033,0.8305128188360305,398,42,64
XOM,Basic Matierials,BiGRU,classification,20,5,3,0.6406087668696839,1.3445143955094474,398,42,64
XOM,Basic Matierials,BiGRU,classification,20,5,4,0.6098256862942298,0.8831487425736019,398,42,64
XOM,Basic Matierials,BiGRU,classification,20,5,5,0.6065563984851742,1.0406537964230491,398,42,64
XOM,Basic Matierials,BiGRU,classification,20,5,6,0.5944587651209615,0.7800691241309756,398,42,64
XOM,Basic Matierials,BiGRU,classification,20,5,7,0.5488735745899641,0.8821899663834345,398,42,64
XOM,Basic Matierials,BiGRU,classification,20,5,8,0.5485592514426265,1.1387697940781003,398,42,64
XOM,Basic Matierials,BiGRU,classification,20,5,9,0.5465702902731584,1.0799039403597515,398,42,64
XOM,Basic Matierials,BiGRU,classification,20,5,10,0.4864171521747532,0.9988382004556202,398,42,64
XOM,Basic Matierials,BiGRU,classification,20,5,11,0.45399655109673887,1.0813824875014169,398,42,64
XOM,Basic Matierials,BiGRU,classification,20,5,12,0.44590385550230593,0.9752883088021052,398,42,64
XOM,Basic Matierials,BiGRU,classification,20,5,13,0.3885370618733928,0.9020229918616158,398,42,64
XOM,Basic Matierials,BiGRU,classification,20,5,14,0.39750567003710185,0.9091634721983046,398,42,64
XOM,Basic Matierials,BiGRU,classification,20,5,15,0.38129367450972895,0.9558918731553214,398,42,64
XOM,Basic Matierials,BiGRU,classification,20,5,16,0.35532279185314275,1.10336229630879,398,42,64
