company,sector,model_type,problem_type,sequence_length,horizon_steps,epoch,train_loss,val_loss,train_samples,val_samples,test_samples
AAPL,Consumer Goods,BiLSTM,regression,10,5,1,0.5432807824120449,0.794666588306427,398,42,64
AAPL,Consumer Goods,BiLSTM,regression,10,5,2,0.5712051894796554,0.7917088270187378,398,42,64
AAPL,Consumer Goods,BiLSTM,regression,10,5,3,0.5269944512065331,0.7868059277534485,398,42,64
AAPL,Consumer Goods,BiLSTM,regression,10,5,4,0.570940592780185,0.7802378535270691,398,42,64
AAPL,Consumer Goods,BiLSTM,regression,10,5,5,0.5438234075229971,0.7716193795204163,398,42,64
AAPL,Consumer Goods,BiLSTM,regression,10,5,6,0.5285170275961334,0.7631974220275879,398,42,64
AAPL,Consumer Goods,BiLSTM,regression,10,5,7,0.525855341149335,0.7566251158714294,398,42,64
AAPL,Consumer Goods,BiLSTM,regression,10,5,8,0.5471472871962504,0.7550519704818726,398,42,64
AAPL,Consumer Goods,BiLSTM,regression,10,5,9,0.5325100553694682,0.756512463092804,398,42,64
AAPL,Consumer Goods,BiLSTM,regression,10,5,10,0.5175705890559671,0.759612500667572,398,42,64
AAPL,Consumer Goods,BiLSTM,regression,10,5,11,0.5586272915404047,0.762390673160553,398,42,64
AAPL,Consumer Goods,BiLSTM,regression,10,5,12,0.562460786733196,0.7638572454452515,398,42,64
AAPL,Consumer Goods,BiLSTM,regression,10,5,13,0.505837741209634,0.7640359997749329,398,42,64
AAPL,Consumer Goods,BiLSTM,regression,10,5,14,0.5201980070253114,0.7628702521324158,398,42,64
AAPL,Consumer Goods,BiLSTM,regression,10,5,15,0.5251887737207077,0.7622458934783936,398,42,64
AAPL,Consumer Goods,BiLSTM,regression,10,5,16,0.5301410708595161,0.7608001232147217,398,42,64
AAPL,Consumer Goods,BiLSTM,regression,10,5,17,0.5099089558999143,0.7591643929481506,398,42,64
AAPL,Consumer Goods,BiLSTM,regression,10,5,18,0.4970008787797324,0.7575944066047668,398,42,64
ABB,Industrial Goods,BiLSTM,regression,10,5,1,0.6648123662675446,0.7982763648033142,398,42,64
ABB,Industrial Goods,BiLSTM,regression,10,5,2,0.6250765362576624,0.7985312342643738,398,42,64
ABB,Industrial Goods,BiLSTM,regression,10,5,3,0.6200516164003305,0.7991818189620972,398,42,64
ABB,Industrial Goods,BiLSTM,regression,10,5,4,0.5650918717360377,0.8028395771980286,398,42,64
ABB,Industrial Goods,BiLSTM,regression,10,5,5,0.5593354639096476,0.8079952001571655,398,42,64
ABB,Industrial Goods,BiLSTM,regression,10,5,6,0.6174159541201951,0.8174420595169067,398,42,64
ABB,Industrial Goods,BiLSTM,regression,10,5,7,0.6006263500481994,0.8299680352210999,398,42,64
ABB,Industrial Goods,BiLSTM,regression,10,5,8,0.5731829698361344,0.8439453840255737,398,42,64
ABB,Industrial Goods,BiLSTM,regression,10,5,9,0.5475978247783891,0.854463517665863,398,42,64
ABB,Industrial Goods,BiLSTM,regression,10,5,10,0.5451973486485793,0.8693382740020752,398,42,64
ABB,Industrial Goods,BiLSTM,regression,10,5,11,0.5699753051427141,0.878321647644043,398,42,64
ABBV,Healthcare,BiLSTM,regression,10,5,1,0.590136856550262,1.0117735862731934,336,42,64
ABBV,Healthcare,BiLSTM,regression,10,5,2,0.5825976821638289,1.0076152086257935,336,42,64
ABBV,Healthcare,BiLSTM,regression,10,5,3,0.6048195489815303,1.0018067359924316,336,42,64
ABBV,Healthcare,BiLSTM,regression,10,5,4,0.5990949642090571,0.9929121136665344,336,42,64
ABBV,Healthcare,BiLSTM,regression,10,5,5,0.5979239443937937,0.9798558950424194,336,42,64
ABBV,Healthcare,BiLSTM,regression,10,5,6,0.5764225763933999,0.963378369808197,336,42,64
ABBV,Healthcare,BiLSTM,regression,10,5,7,0.5078410534631639,0.9441596865653992,336,42,64
ABBV,Healthcare,BiLSTM,regression,10,5,8,0.5607025651704698,0.9188809990882874,336,42,64
ABBV,Healthcare,BiLSTM,regression,10,5,9,0.5800760189692179,0.8970869183540344,336,42,64
ABBV,Healthcare,BiLSTM,regression,10,5,10,0.5868126118466968,0.876783549785614,336,42,64
ABBV,Healthcare,BiLSTM,regression,10,5,11,0.5733618388573328,0.8639943599700928,336,42,64
ABBV,Healthcare,BiLSTM,regression,10,5,12,0.5801139757746742,0.8486749529838562,336,42,64
ABBV,Healthcare,BiLSTM,regression,10,5,13,0.543564186209724,0.8428856134414673,336,42,64
ABBV,Healthcare,BiLSTM,regression,10,5,14,0.5565574900025413,0.8433549404144287,336,42,64
ABBV,Healthcare,BiLSTM,regression,10,5,15,0.5330911931537446,0.850855827331543,336,42,64
ABBV,Healthcare,BiLSTM,regression,10,5,16,0.510075032711029,0.8548033833503723,336,42,64
ABBV,Healthcare,BiLSTM,regression,10,5,17,0.5488511636143639,0.8630076050758362,336,42,64
ABBV,Healthcare,BiLSTM,regression,10,5,18,0.4975286282244183,0.8626153469085693,336,42,64
ABBV,Healthcare,BiLSTM,regression,10,5,19,0.5485235516514096,0.865433931350708,336,42,64
ABBV,Healthcare,BiLSTM,regression,10,5,20,0.4883211042199816,0.8720440864562988,336,42,64
ABBV,Healthcare,BiLSTM,regression,10,5,21,0.49548504324186415,0.8753524422645569,336,42,64
ABBV,Healthcare,BiLSTM,regression,10,5,22,0.5328741541930607,0.8804565072059631,336,42,64
AEP,Utilities,BiLSTM,regression,10,5,1,0.5963173183664006,0.7482166886329651,398,42,64
AEP,Utilities,BiLSTM,regression,10,5,2,0.6366346044157019,0.7454501986503601,398,42,64
AEP,Utilities,BiLSTM,regression,10,5,3,0.5836630456112138,0.7411566972732544,398,42,64
AEP,Utilities,BiLSTM,regression,10,5,4,0.602182838635229,0.736537516117096,398,42,64
AEP,Utilities,BiLSTM,regression,10,5,5,0.6087247648430829,0.7296406030654907,398,42,64
AEP,Utilities,BiLSTM,regression,10,5,6,0.6034811399689871,0.722553014755249,398,42,64
AEP,Utilities,BiLSTM,regression,10,5,7,0.5334499530756294,0.7155461311340332,398,42,64
AEP,Utilities,BiLSTM,regression,10,5,8,0.5623151944510302,0.7086846828460693,398,42,64
AEP,Utilities,BiLSTM,regression,10,5,9,0.5532320278074274,0.7038306593894958,398,42,64
AEP,Utilities,BiLSTM,regression,10,5,10,0.5621439107698412,0.7008947730064392,398,42,64
AEP,Utilities,BiLSTM,regression,10,5,11,0.5526884443047059,0.6983418464660645,398,42,64
AEP,Utilities,BiLSTM,regression,10,5,12,0.5920249136848066,0.6984602212905884,398,42,64
AEP,Utilities,BiLSTM,regression,10,5,13,0.5576755194807771,0.6962791681289673,398,42,64
AEP,Utilities,BiLSTM,regression,10,5,14,0.5599762346576805,0.6948980093002319,398,42,64
AEP,Utilities,BiLSTM,regression,10,5,15,0.5226417856300296,0.697405993938446,398,42,64
AEP,Utilities,BiLSTM,regression,10,5,16,0.523897040878708,0.6951788067817688,398,42,64
AEP,Utilities,BiLSTM,regression,10,5,17,0.486878998315514,0.6941592693328857,398,42,64
AEP,Utilities,BiLSTM,regression,10,5,18,0.5353752808954249,0.696182370185852,398,42,64
AEP,Utilities,BiLSTM,regression,10,5,19,0.5288633012292373,0.6959677338600159,398,42,64
AEP,Utilities,BiLSTM,regression,10,5,20,0.501181758603259,0.6950692534446716,398,42,64
AEP,Utilities,BiLSTM,regression,10,5,21,0.5610731871583354,0.6926780343055725,398,42,64
AEP,Utilities,BiLSTM,regression,10,5,22,0.5222591368397277,0.6920848488807678,398,42,64
AEP,Utilities,BiLSTM,regression,10,5,23,0.5505124147812924,0.6943771243095398,398,42,64
AMGN,Healthcare,BiLSTM,regression,10,5,1,0.5873675744737213,1.3052871227264404,398,42,64
AMGN,Healthcare,BiLSTM,regression,10,5,2,0.5752856923108125,1.2996207475662231,398,42,64
AMGN,Healthcare,BiLSTM,regression,10,5,3,0.5579261740847449,1.2917588949203491,398,42,64
AMGN,Healthcare,BiLSTM,regression,10,5,4,0.5693508353664647,1.28233003616333,398,42,64
AMGN,Healthcare,BiLSTM,regression,10,5,5,0.5372534672818591,1.2700886726379395,398,42,64
AMGN,Healthcare,BiLSTM,regression,10,5,6,0.5643011115903231,1.2571860551834106,398,42,64
AMGN,Healthcare,BiLSTM,regression,10,5,7,0.6007165393637652,1.2428580522537231,398,42,64
AMGN,Healthcare,BiLSTM,regression,10,5,8,0.5725610945092973,1.2287638187408447,398,42,64
AMGN,Healthcare,BiLSTM,regression,10,5,9,0.5209484121308254,1.2198270559310913,398,42,64
AMGN,Healthcare,BiLSTM,regression,10,5,10,0.5904445222873783,1.2149380445480347,398,42,64
AMGN,Healthcare,BiLSTM,regression,10,5,11,0.5436425343829783,1.2103556394577026,398,42,64
AMGN,Healthcare,BiLSTM,regression,10,5,12,0.5290248382031618,1.2054212093353271,398,42,64
AMGN,Healthcare,BiLSTM,regression,10,5,13,0.5014212134495453,1.2072545289993286,398,42,64
AMGN,Healthcare,BiLSTM,regression,10,5,14,0.520334686166677,1.212138056755066,398,42,64
AMGN,Healthcare,BiLSTM,regression,10,5,15,0.5240902259721228,1.213369607925415,398,42,64
AMGN,Healthcare,BiLSTM,regression,10,5,16,0.5170545730758552,1.2179865837097168,398,42,64
AMGN,Healthcare,BiLSTM,regression,10,5,17,0.5514737595265834,1.2229593992233276,398,42,64
AMGN,Healthcare,BiLSTM,regression,10,5,18,0.5278158229799127,1.2238945960998535,398,42,64
AMGN,Healthcare,BiLSTM,regression,10,5,19,0.4832454916819855,1.2226507663726807,398,42,64
AMGN,Healthcare,BiLSTM,regression,10,5,20,0.5096902814342748,1.2282105684280396,398,42,64
AMGN,Healthcare,BiLSTM,regression,10,5,21,0.4846406579017639,1.2177869081497192,398,42,64
AMZN,Services,BiLSTM,regression,10,5,1,0.5797836873399552,0.6383334994316101,398,42,64
AMZN,Services,BiLSTM,regression,10,5,2,0.545937163146896,0.6378365755081177,398,42,64
AMZN,Services,BiLSTM,regression,10,5,3,0.5570036771908478,0.6374719142913818,398,42,64
AMZN,Services,BiLSTM,regression,10,5,4,0.5672263979312763,0.6378401517868042,398,42,64
AMZN,Services,BiLSTM,regression,10,5,5,0.5741017592612223,0.6390905976295471,398,42,64
AMZN,Services,BiLSTM,regression,10,5,6,0.5773031591770038,0.6408399343490601,398,42,64
AMZN,Services,BiLSTM,regression,10,5,7,0.5979932154243316,0.6424840688705444,398,42,64
AMZN,Services,BiLSTM,regression,10,5,8,0.5547681025524235,0.6428479552268982,398,42,64
AMZN,Services,BiLSTM,regression,10,5,9,0.5481761981494463,0.6427356600761414,398,42,64
AMZN,Services,BiLSTM,regression,10,5,10,0.5440546846269962,0.6349309682846069,398,42,64
AMZN,Services,BiLSTM,regression,10,5,11,0.5399972398077423,0.6273725032806396,398,42,64
AMZN,Services,BiLSTM,regression,10,5,12,0.5325850640709077,0.6197466254234314,398,42,64
AMZN,Services,BiLSTM,regression,10,5,13,0.49165761740363423,0.6177793145179749,398,42,64
AMZN,Services,BiLSTM,regression,10,5,14,0.4687479377990991,0.6168847680091858,398,42,64
AMZN,Services,BiLSTM,regression,10,5,15,0.5546757276333756,0.6158698797225952,398,42,64
AMZN,Services,BiLSTM,regression,10,5,16,0.4815417989414541,0.6141729950904846,398,42,64
AMZN,Services,BiLSTM,regression,10,5,17,0.5241983173480586,0.6118000745773315,398,42,64
AMZN,Services,BiLSTM,regression,10,5,18,0.5259922176749263,0.6061273217201233,398,42,64
AMZN,Services,BiLSTM,regression,10,5,19,0.5071801887684732,0.6038064360618591,398,42,64
AMZN,Services,BiLSTM,regression,10,5,20,0.520825353399593,0.6009228229522705,398,42,64
AMZN,Services,BiLSTM,regression,10,5,21,0.4801429294461581,0.6028617024421692,398,42,64
AMZN,Services,BiLSTM,regression,10,5,22,0.48775706129457486,0.5980950593948364,398,42,64
AMZN,Services,BiLSTM,regression,10,5,23,0.5020266867163193,0.5931668281555176,398,42,64
AMZN,Services,BiLSTM,regression,10,5,24,0.5210276416797733,0.5946052074432373,398,42,64
AMZN,Services,BiLSTM,regression,10,5,25,0.5105738229488008,0.5928097367286682,398,42,64
AMZN,Services,BiLSTM,regression,10,5,26,0.4738068598598691,0.5945457816123962,398,42,64
AMZN,Services,BiLSTM,regression,10,5,27,0.48674041512024463,0.5947033762931824,398,42,64
AMZN,Services,BiLSTM,regression,10,5,28,0.4708096885201919,0.5933965444564819,398,42,64
AMZN,Services,BiLSTM,regression,10,5,29,0.46638310195213584,0.5912120342254639,398,42,64
AMZN,Services,BiLSTM,regression,10,5,30,0.47155014953421587,0.5887717604637146,398,42,64
BA,Industrial Goods,BiLSTM,regression,10,5,1,0.5740287308417373,1.0049633979797363,398,42,64
BA,Industrial Goods,BiLSTM,regression,10,5,2,0.5685777445534366,1.0028983354568481,398,42,64
BA,Industrial Goods,BiLSTM,regression,10,5,3,0.6128663711212389,1.0004022121429443,398,42,64
BA,Industrial Goods,BiLSTM,regression,10,5,4,0.5456921986898585,0.997467577457428,398,42,64
BA,Industrial Goods,BiLSTM,regression,10,5,5,0.572085079535767,0.9939514398574829,398,42,64
BA,Industrial Goods,BiLSTM,regression,10,5,6,0.5454978020346943,0.9900350570678711,398,42,64
BA,Industrial Goods,BiLSTM,regression,10,5,7,0.540105797837128,0.9877440929412842,398,42,64
BA,Industrial Goods,BiLSTM,regression,10,5,8,0.5301418931939494,0.985261857509613,398,42,64
BA,Industrial Goods,BiLSTM,regression,10,5,9,0.5214397228842405,0.9833711981773376,398,42,64
BA,Industrial Goods,BiLSTM,regression,10,5,10,0.5284680223944199,0.9807758331298828,398,42,64
BA,Industrial Goods,BiLSTM,regression,10,5,11,0.5210738134144539,0.9820072054862976,398,42,64
BA,Industrial Goods,BiLSTM,regression,10,5,12,0.500968512128945,0.9810607433319092,398,42,64
BA,Industrial Goods,BiLSTM,regression,10,5,13,0.4819434517292521,0.9771755933761597,398,42,64
BA,Industrial Goods,BiLSTM,regression,10,5,14,0.5432176739726234,0.9703764319419861,398,42,64
BA,Industrial Goods,BiLSTM,regression,10,5,15,0.49190599070721536,0.9668975472450256,398,42,64
BA,Industrial Goods,BiLSTM,regression,10,5,16,0.47348077123488613,0.9634702801704407,398,42,64
BA,Industrial Goods,BiLSTM,regression,10,5,17,0.51162606687402,0.962774932384491,398,42,64
BA,Industrial Goods,BiLSTM,regression,10,5,18,0.4878372156140792,0.9606971740722656,398,42,64
BA,Industrial Goods,BiLSTM,regression,10,5,19,0.4869641544830859,0.9593736529350281,398,42,64
BA,Industrial Goods,BiLSTM,regression,10,5,20,0.49323782085174295,0.959257960319519,398,42,64
BA,Industrial Goods,BiLSTM,regression,10,5,21,0.47090913153173936,0.9586834907531738,398,42,64
BA,Industrial Goods,BiLSTM,regression,10,5,22,0.48150734341324275,0.9543908834457397,398,42,64
BA,Industrial Goods,BiLSTM,regression,10,5,23,0.4998001785733592,0.9538943767547607,398,42,64
BA,Industrial Goods,BiLSTM,regression,10,5,24,0.47799468939028794,0.9523665904998779,398,42,64
BA,Industrial Goods,BiLSTM,regression,10,5,25,0.48244698922238755,0.9465470314025879,398,42,64
BA,Industrial Goods,BiLSTM,regression,10,5,26,0.40953468707338647,0.9457844495773315,398,42,64
BA,Industrial Goods,BiLSTM,regression,10,5,27,0.47398312711835505,0.9442468285560608,398,42,64
BA,Industrial Goods,BiLSTM,regression,10,5,28,0.47403426049043185,0.9417800307273865,398,42,64
BA,Industrial Goods,BiLSTM,regression,10,5,29,0.46465862875607744,0.9421438574790955,398,42,64
BA,Industrial Goods,BiLSTM,regression,10,5,30,0.4535363815238128,0.9405701160430908,398,42,64
BAC,Financial,BiLSTM,regression,10,5,1,0.5564588965782568,0.8123628497123718,398,42,64
BAC,Financial,BiLSTM,regression,10,5,2,0.5630149251252563,0.810705304145813,398,42,64
BAC,Financial,BiLSTM,regression,10,5,3,0.5715276810092542,0.808155357837677,398,42,64
BAC,Financial,BiLSTM,regression,10,5,4,0.5789920767048495,0.8052117824554443,398,42,64
BAC,Financial,BiLSTM,regression,10,5,5,0.5540275506338282,0.8018758893013,398,42,64
BAC,Financial,BiLSTM,regression,10,5,6,0.5433105177915276,0.797789454460144,398,42,64
BAC,Financial,BiLSTM,regression,10,5,7,0.5663370856987172,0.7942036390304565,398,42,64
BAC,Financial,BiLSTM,regression,10,5,8,0.546013688771569,0.7935361266136169,398,42,64
BAC,Financial,BiLSTM,regression,10,5,9,0.5147239200433894,0.7936145663261414,398,42,64
BAC,Financial,BiLSTM,regression,10,5,10,0.5465117990970612,0.7947764992713928,398,42,64
BAC,Financial,BiLSTM,regression,10,5,11,0.5198522491670733,0.7948008179664612,398,42,64
BAC,Financial,BiLSTM,regression,10,5,12,0.520511414986759,0.7971019744873047,398,42,64
BAC,Financial,BiLSTM,regression,10,5,13,0.5184627539248922,0.7957622408866882,398,42,64
BAC,Financial,BiLSTM,regression,10,5,14,0.4919611775695379,0.7953202724456787,398,42,64
BAC,Financial,BiLSTM,regression,10,5,15,0.5429602224922659,0.7943858504295349,398,42,64
BAC,Financial,BiLSTM,regression,10,5,16,0.5031256922824898,0.7940094470977783,398,42,64
BBL,Basic Matierials,BiLSTM,regression,10,5,1,0.570178569561273,1.128141164779663,398,42,64
BBL,Basic Matierials,BiLSTM,regression,10,5,2,0.5936674008417369,1.130422830581665,398,42,64
BBL,Basic Matierials,BiLSTM,regression,10,5,3,0.554454233778182,1.1337835788726807,398,42,64
BBL,Basic Matierials,BiLSTM,regression,10,5,4,0.5678075306379615,1.1379135847091675,398,42,64
BBL,Basic Matierials,BiLSTM,regression,10,5,5,0.5403208516949984,1.1440576314926147,398,42,64
BBL,Basic Matierials,BiLSTM,regression,10,5,6,0.5489095536308672,1.1528620719909668,398,42,64
BBL,Basic Matierials,BiLSTM,regression,10,5,7,0.533173582661691,1.1650632619857788,398,42,64
BBL,Basic Matierials,BiLSTM,regression,10,5,8,0.5620654186411719,1.1804957389831543,398,42,64
BBL,Basic Matierials,BiLSTM,regression,10,5,9,0.5367693245111398,1.1991671323776245,398,42,64
BBL,Basic Matierials,BiLSTM,regression,10,5,10,0.5493120032938281,1.2144173383712769,398,42,64
BBL,Basic Matierials,BiLSTM,regression,10,5,11,0.5403788923917703,1.2266889810562134,398,42,64
BCH,Financial,BiLSTM,regression,10,5,1,0.5521090640195051,1.0418766736984253,398,42,64
BCH,Financial,BiLSTM,regression,10,5,2,0.5629536168060111,1.0420317649841309,398,42,64
BCH,Financial,BiLSTM,regression,10,5,3,0.5298285583155838,1.04119873046875,398,42,64
BCH,Financial,BiLSTM,regression,10,5,4,0.5673843289739523,1.0398982763290405,398,42,64
BCH,Financial,BiLSTM,regression,10,5,5,0.5628600069625893,1.0373483896255493,398,42,64
BCH,Financial,BiLSTM,regression,10,5,6,0.5565764595515764,1.0329638719558716,398,42,64
BCH,Financial,BiLSTM,regression,10,5,7,0.5620915090019379,1.0258097648620605,398,42,64
BCH,Financial,BiLSTM,regression,10,5,8,0.5375398864698171,1.015866994857788,398,42,64
BCH,Financial,BiLSTM,regression,10,5,9,0.5527180142738112,1.0056920051574707,398,42,64
BCH,Financial,BiLSTM,regression,10,5,10,0.5773079470174396,0.9976577758789062,398,42,64
BCH,Financial,BiLSTM,regression,10,5,11,0.5660264438121163,0.9946614503860474,398,42,64
BCH,Financial,BiLSTM,regression,10,5,12,0.5436787356683357,0.994462251663208,398,42,64
BCH,Financial,BiLSTM,regression,10,5,13,0.4821961065333093,0.9939883351325989,398,42,64
BCH,Financial,BiLSTM,regression,10,5,14,0.5249435913622679,0.9943649172782898,398,42,64
BCH,Financial,BiLSTM,regression,10,5,15,0.5421103310944447,0.9930905103683472,398,42,64
BCH,Financial,BiLSTM,regression,10,5,16,0.526396172430048,0.9917226433753967,398,42,64
BCH,Financial,BiLSTM,regression,10,5,17,0.4928580151131405,0.9914312362670898,398,42,64
BCH,Financial,BiLSTM,regression,10,5,18,0.5155587373067386,0.989840030670166,398,42,64
BCH,Financial,BiLSTM,regression,10,5,19,0.5180293010107836,0.9881004095077515,398,42,64
BCH,Financial,BiLSTM,regression,10,5,20,0.43835591011909986,0.9869705438613892,398,42,64
BCH,Financial,BiLSTM,regression,10,5,21,0.5188842908521394,0.9854990839958191,398,42,64
BCH,Financial,BiLSTM,regression,10,5,22,0.5015285515305984,0.9889326691627502,398,42,64
BCH,Financial,BiLSTM,regression,10,5,23,0.5092304669432903,0.9873481392860413,398,42,64
BCH,Financial,BiLSTM,regression,10,5,24,0.45662052337847764,0.9881162643432617,398,42,64
BCH,Financial,BiLSTM,regression,10,5,25,0.48891402369168535,0.9889647960662842,398,42,64
BCH,Financial,BiLSTM,regression,10,5,26,0.47361246110805916,0.9869844317436218,398,42,64
BCH,Financial,BiLSTM,regression,10,5,27,0.5267105238821039,0.9860711693763733,398,42,64
BCH,Financial,BiLSTM,regression,10,5,28,0.4967588596607572,0.9859746694564819,398,42,64
BHP,Basic Matierials,BiLSTM,regression,10,5,1,0.6128889361218591,1.1915620565414429,398,42,64
BHP,Basic Matierials,BiLSTM,regression,10,5,2,0.5750907075465025,1.1923779249191284,398,42,64
BHP,Basic Matierials,BiLSTM,regression,10,5,3,0.5465723100918621,1.1937216520309448,398,42,64
BHP,Basic Matierials,BiLSTM,regression,10,5,4,0.603699883324417,1.1959373950958252,398,42,64
BHP,Basic Matierials,BiLSTM,regression,10,5,5,0.6005451751114735,1.1996773481369019,398,42,64
BHP,Basic Matierials,BiLSTM,regression,10,5,6,0.5932424167292801,1.2050957679748535,398,42,64
BHP,Basic Matierials,BiLSTM,regression,10,5,7,0.5720019669988048,1.2131378650665283,398,42,64
BHP,Basic Matierials,BiLSTM,regression,10,5,8,0.586783198855031,1.2215932607650757,398,42,64
BHP,Basic Matierials,BiLSTM,regression,10,5,9,0.5525021187624141,1.2322320938110352,398,42,64
BHP,Basic Matierials,BiLSTM,regression,10,5,10,0.5594778006999337,1.237307071685791,398,42,64
BHP,Basic Matierials,BiLSTM,regression,10,5,11,0.5287541237907794,1.2422280311584473,398,42,64
BP,Basic Matierials,BiLSTM,regression,10,5,1,0.5317775217731994,1.5852185487747192,398,42,64
BP,Basic Matierials,BiLSTM,regression,10,5,2,0.5587779723819176,1.5870112180709839,398,42,64
BP,Basic Matierials,BiLSTM,regression,10,5,3,0.5796752733800878,1.586724042892456,398,42,64
BP,Basic Matierials,BiLSTM,regression,10,5,4,0.5418951966654715,1.5856707096099854,398,42,64
BP,Basic Matierials,BiLSTM,regression,10,5,5,0.5080460702354584,1.5844005346298218,398,42,64
BP,Basic Matierials,BiLSTM,regression,10,5,6,0.5155545305367091,1.5805836915969849,398,42,64
BP,Basic Matierials,BiLSTM,regression,10,5,7,0.5343110651227098,1.5743327140808105,398,42,64
BP,Basic Matierials,BiLSTM,regression,10,5,8,0.5217988670770847,1.567075490951538,398,42,64
BP,Basic Matierials,BiLSTM,regression,10,5,9,0.5240034574839338,1.5545306205749512,398,42,64
BP,Basic Matierials,BiLSTM,regression,10,5,10,0.5528144989181404,1.5478185415267944,398,42,64
BP,Basic Matierials,BiLSTM,regression,10,5,11,0.5532406853072008,1.5436160564422607,398,42,64
BP,Basic Matierials,BiLSTM,regression,10,5,12,0.4840891915350104,1.5369077920913696,398,42,64
BP,Basic Matierials,BiLSTM,regression,10,5,13,0.5126932775554944,1.53277587890625,398,42,64
BP,Basic Matierials,BiLSTM,regression,10,5,14,0.4929192626296575,1.5315593481063843,398,42,64
BP,Basic Matierials,BiLSTM,regression,10,5,15,0.5330745625735527,1.5311667919158936,398,42,64
BP,Basic Matierials,BiLSTM,regression,10,5,16,0.4932653056317238,1.5316158533096313,398,42,64
BP,Basic Matierials,BiLSTM,regression,10,5,17,0.5210795797894349,1.532016634941101,398,42,64
BP,Basic Matierials,BiLSTM,regression,10,5,18,0.5278374483836955,1.5274783372879028,398,42,64
BP,Basic Matierials,BiLSTM,regression,10,5,19,0.49426100990880073,1.5298556089401245,398,42,64
BP,Basic Matierials,BiLSTM,regression,10,5,20,0.4713603371950849,1.52738356590271,398,42,64
BP,Basic Matierials,BiLSTM,regression,10,5,21,0.5081281997450632,1.534793734550476,398,42,64
BP,Basic Matierials,BiLSTM,regression,10,5,22,0.49826540359899624,1.5381364822387695,398,42,64
BP,Basic Matierials,BiLSTM,regression,10,5,23,0.5096769803133442,1.5382485389709473,398,42,64
BRK-A,Financial,BiLSTM,regression,10,5,1,0.5864040177671155,1.0230364799499512,398,42,64
BRK-A,Financial,BiLSTM,regression,10,5,2,0.5651424054674168,1.0261212587356567,398,42,64
BRK-A,Financial,BiLSTM,regression,10,5,3,0.577731106748533,1.0310665369033813,398,42,64
BRK-A,Financial,BiLSTM,regression,10,5,4,0.5471802451203217,1.04050612449646,398,42,64
BRK-A,Financial,BiLSTM,regression,10,5,5,0.5673391037250883,1.0576144456863403,398,42,64
BRK-A,Financial,BiLSTM,regression,10,5,6,0.5364611487292764,1.0840705633163452,398,42,64
BRK-A,Financial,BiLSTM,regression,10,5,7,0.5812393952554195,1.1236680746078491,398,42,64
BRK-A,Financial,BiLSTM,regression,10,5,8,0.5502417920222834,1.1791877746582031,398,42,64
BRK-A,Financial,BiLSTM,regression,10,5,9,0.5539006590843201,1.2327795028686523,398,42,64
BRK-A,Financial,BiLSTM,regression,10,5,10,0.5282605157126135,1.2834819555282593,398,42,64
BRK-A,Financial,BiLSTM,regression,10,5,11,0.5209026821893663,1.3298159837722778,398,42,64
BSAC,Financial,BiLSTM,regression,10,5,1,0.5509750884981012,0.7843016982078552,398,42,64
BSAC,Financial,BiLSTM,regression,10,5,2,0.561523868660232,0.7847902178764343,398,42,64
BSAC,Financial,BiLSTM,regression,10,5,3,0.5519349351899707,0.7852380871772766,398,42,64
BSAC,Financial,BiLSTM,regression,10,5,4,0.5018029626290402,0.7850814461708069,398,42,64
BSAC,Financial,BiLSTM,regression,10,5,5,0.5621520939035032,0.7857892513275146,398,42,64
BSAC,Financial,BiLSTM,regression,10,5,6,0.5346933442294298,0.7870139479637146,398,42,64
BSAC,Financial,BiLSTM,regression,10,5,7,0.5027887747066104,0.7905986309051514,398,42,64
BSAC,Financial,BiLSTM,regression,10,5,8,0.5091562085415251,0.7967511415481567,398,42,64
BSAC,Financial,BiLSTM,regression,10,5,9,0.5340605292787504,0.8056896924972534,398,42,64
BSAC,Financial,BiLSTM,regression,10,5,10,0.5326906241963257,0.8135585188865662,398,42,64
BSAC,Financial,BiLSTM,regression,10,5,11,0.5470831660020291,0.8212456703186035,398,42,64
BUD,Consumer Goods,BiLSTM,regression,10,5,1,0.5603977205166265,1.2375744581222534,398,42,64
BUD,Consumer Goods,BiLSTM,regression,10,5,2,0.5733091915073107,1.2443474531173706,398,42,64
BUD,Consumer Goods,BiLSTM,regression,10,5,3,0.5610924096562755,1.2532243728637695,398,42,64
BUD,Consumer Goods,BiLSTM,regression,10,5,4,0.5546954585679212,1.2672715187072754,398,42,64
BUD,Consumer Goods,BiLSTM,regression,10,5,5,0.5393621580085562,1.288192868232727,398,42,64
BUD,Consumer Goods,BiLSTM,regression,10,5,6,0.5335011748812306,1.319282054901123,398,42,64
BUD,Consumer Goods,BiLSTM,regression,10,5,7,0.5340221715931917,1.3592830896377563,398,42,64
BUD,Consumer Goods,BiLSTM,regression,10,5,8,0.5433134870912562,1.4075193405151367,398,42,64
BUD,Consumer Goods,BiLSTM,regression,10,5,9,0.5301392039461951,1.4619532823562622,398,42,64
BUD,Consumer Goods,BiLSTM,regression,10,5,10,0.47349324627737305,1.5088987350463867,398,42,64
BUD,Consumer Goods,BiLSTM,regression,10,5,11,0.5081308337312248,1.5377637147903442,398,42,64
C,Financial,BiLSTM,regression,10,5,1,0.716086639980575,0.9114041328430176,398,42,64
C,Financial,BiLSTM,regression,10,5,2,0.691031133559481,0.9084922671318054,398,42,64
C,Financial,BiLSTM,regression,10,5,3,0.6110857135087402,0.9044904708862305,398,42,64
C,Financial,BiLSTM,regression,10,5,4,0.6160313862951556,0.8983436226844788,398,42,64
C,Financial,BiLSTM,regression,10,5,5,0.5958131783871196,0.8905072212219238,398,42,64
C,Financial,BiLSTM,regression,10,5,6,0.5679765960678982,0.8800168633460999,398,42,64
C,Financial,BiLSTM,regression,10,5,7,0.6356179759131005,0.8652459979057312,398,42,64
C,Financial,BiLSTM,regression,10,5,8,0.5812875951953869,0.8502749800682068,398,42,64
C,Financial,BiLSTM,regression,10,5,9,0.5300943593883035,0.8335778713226318,398,42,64
C,Financial,BiLSTM,regression,10,5,10,0.5980600274387916,0.8207436800003052,398,42,64
C,Financial,BiLSTM,regression,10,5,11,0.5811809843509042,0.8139699697494507,398,42,64
C,Financial,BiLSTM,regression,10,5,12,0.5818580293176162,0.8098024725914001,398,42,64
C,Financial,BiLSTM,regression,10,5,13,0.5415001134177548,0.8045496344566345,398,42,64
C,Financial,BiLSTM,regression,10,5,14,0.5504489603953145,0.802560567855835,398,42,64
C,Financial,BiLSTM,regression,10,5,15,0.5655953849679861,0.8013180494308472,398,42,64
C,Financial,BiLSTM,regression,10,5,16,0.524888640222837,0.8006038665771484,398,42,64
C,Financial,BiLSTM,regression,10,5,17,0.5283686464755379,0.799942672252655,398,42,64
C,Financial,BiLSTM,regression,10,5,18,0.5082592059619463,0.7985636591911316,398,42,64
C,Financial,BiLSTM,regression,10,5,19,0.4995089808301111,0.7973372936248779,398,42,64
C,Financial,BiLSTM,regression,10,5,20,0.5213147985875307,0.797888994216919,398,42,64
C,Financial,BiLSTM,regression,10,5,21,0.5056838182049181,0.8005608916282654,398,42,64
C,Financial,BiLSTM,regression,10,5,22,0.4691805680792535,0.7996957302093506,398,42,64
C,Financial,BiLSTM,regression,10,5,23,0.47843846349260916,0.7989475131034851,398,42,64
C,Financial,BiLSTM,regression,10,5,24,0.5251981147270107,0.799530029296875,398,42,64
CAT,Industrial Goods,BiLSTM,regression,10,5,1,0.574185531343048,1.3428363800048828,398,42,64
CAT,Industrial Goods,BiLSTM,regression,10,5,2,0.6246150516385409,1.3445477485656738,398,42,64
CAT,Industrial Goods,BiLSTM,regression,10,5,3,0.5855960953774764,1.3482635021209717,398,42,64
CAT,Industrial Goods,BiLSTM,regression,10,5,4,0.5383826994416702,1.3539594411849976,398,42,64
CAT,Industrial Goods,BiLSTM,regression,10,5,5,0.5763356128529687,1.3617377281188965,398,42,64
CAT,Industrial Goods,BiLSTM,regression,10,5,6,0.534458516830176,1.3726638555526733,398,42,64
CAT,Industrial Goods,BiLSTM,regression,10,5,7,0.5405438599274985,1.3851747512817383,398,42,64
CAT,Industrial Goods,BiLSTM,regression,10,5,8,0.5178917550561416,1.3974980115890503,398,42,64
CAT,Industrial Goods,BiLSTM,regression,10,5,9,0.5294172638025715,1.404026985168457,398,42,64
CAT,Industrial Goods,BiLSTM,regression,10,5,10,0.5499066096454409,1.4015520811080933,398,42,64
CAT,Industrial Goods,BiLSTM,regression,10,5,11,0.5518658251019578,1.399200677871704,398,42,64
CELG,Healthcare,BiLSTM,regression,10,5,1,0.6384368661660046,1.1531789302825928,398,42,64
CELG,Healthcare,BiLSTM,regression,10,5,2,0.603134497326223,1.1514307260513306,398,42,64
CELG,Healthcare,BiLSTM,regression,10,5,3,0.6462910004596615,1.1504460573196411,398,42,64
CELG,Healthcare,BiLSTM,regression,10,5,4,0.6378000261795581,1.1506396532058716,398,42,64
CELG,Healthcare,BiLSTM,regression,10,5,5,0.5869138261780666,1.1512820720672607,398,42,64
CELG,Healthcare,BiLSTM,regression,10,5,6,0.5841439573010009,1.1495243310928345,398,42,64
CELG,Healthcare,BiLSTM,regression,10,5,7,0.5867494007750372,1.1477411985397339,398,42,64
CELG,Healthcare,BiLSTM,regression,10,5,8,0.6081751249543387,1.1475040912628174,398,42,64
CELG,Healthcare,BiLSTM,regression,10,5,9,0.589735511259817,1.142639398574829,398,42,64
CELG,Healthcare,BiLSTM,regression,10,5,10,0.5665497917625772,1.1391531229019165,398,42,64
CELG,Healthcare,BiLSTM,regression,10,5,11,0.5919535115136573,1.1347639560699463,398,42,64
CELG,Healthcare,BiLSTM,regression,10,5,12,0.585780612188368,1.1327996253967285,398,42,64
CELG,Healthcare,BiLSTM,regression,10,5,13,0.5548178065362288,1.1384799480438232,398,42,64
CELG,Healthcare,BiLSTM,regression,10,5,14,0.5293687138725166,1.1319849491119385,398,42,64
CELG,Healthcare,BiLSTM,regression,10,5,15,0.5408433888425779,1.1197123527526855,398,42,64
CELG,Healthcare,BiLSTM,regression,10,5,16,0.5919529127715221,1.1293413639068604,398,42,64
CELG,Healthcare,BiLSTM,regression,10,5,17,0.5472222273074203,1.1239447593688965,398,42,64
CELG,Healthcare,BiLSTM,regression,10,5,18,0.48103124322603696,1.1263270378112793,398,42,64
CELG,Healthcare,BiLSTM,regression,10,5,19,0.5446863162457644,1.1274211406707764,398,42,64
CELG,Healthcare,BiLSTM,regression,10,5,20,0.5208989371306932,1.1252753734588623,398,42,64
CELG,Healthcare,BiLSTM,regression,10,5,21,0.5046516697310922,1.1227526664733887,398,42,64
CELG,Healthcare,BiLSTM,regression,10,5,22,0.5496330201326303,1.1279324293136597,398,42,64
CELG,Healthcare,BiLSTM,regression,10,5,23,0.45437057323791274,1.1325010061264038,398,42,64
CELG,Healthcare,BiLSTM,regression,10,5,24,0.5166684979170411,1.128056287765503,398,42,64
CELG,Healthcare,BiLSTM,regression,10,5,25,0.513892143066205,1.1252434253692627,398,42,64
CHL,Technology,BiLSTM,regression,10,5,1,0.5911212858542725,0.5432959794998169,398,42,64
CHL,Technology,BiLSTM,regression,10,5,2,0.5584841119733888,0.5382170677185059,398,42,64
CHL,Technology,BiLSTM,regression,10,5,3,0.5842091616374164,0.5303970575332642,398,42,64
CHL,Technology,BiLSTM,regression,10,5,4,0.5514471143034835,0.5208666920661926,398,42,64
CHL,Technology,BiLSTM,regression,10,5,5,0.5702430038296398,0.508989155292511,398,42,64
CHL,Technology,BiLSTM,regression,10,5,6,0.5616183345341802,0.4960066080093384,398,42,64
CHL,Technology,BiLSTM,regression,10,5,7,0.5744101313789886,0.4837159812450409,398,42,64
CHL,Technology,BiLSTM,regression,10,5,8,0.5779824857436233,0.47558966279029846,398,42,64
CHL,Technology,BiLSTM,regression,10,5,9,0.5358354862610898,0.473173052072525,398,42,64
CHL,Technology,BiLSTM,regression,10,5,10,0.5501404952763314,0.4760322570800781,398,42,64
CHL,Technology,BiLSTM,regression,10,5,11,0.5161231684325328,0.47656214237213135,398,42,64
CHL,Technology,BiLSTM,regression,10,5,12,0.5435100299629134,0.48077452182769775,398,42,64
CHL,Technology,BiLSTM,regression,10,5,13,0.5130719836033768,0.48320716619491577,398,42,64
CHL,Technology,BiLSTM,regression,10,5,14,0.5458130349765471,0.48735615611076355,398,42,64
CHL,Technology,BiLSTM,regression,10,5,15,0.4994964672991978,0.4906661808490753,398,42,64
CHL,Technology,BiLSTM,regression,10,5,16,0.5259641268145498,0.49253737926483154,398,42,64
CHL,Technology,BiLSTM,regression,10,5,17,0.5174864686314186,0.49434226751327515,398,42,64
CHL,Technology,BiLSTM,regression,10,5,18,0.5104363337533557,0.49530157446861267,398,42,64
CHTR,Services,BiLSTM,regression,10,5,1,0.6131329759581006,0.9197366237640381,398,42,64
CHTR,Services,BiLSTM,regression,10,5,2,0.5835662213851459,0.9190329909324646,398,42,64
CHTR,Services,BiLSTM,regression,10,5,3,0.5955739765610527,0.9200137853622437,398,42,64
CHTR,Services,BiLSTM,regression,10,5,4,0.5600431772632215,0.9234845638275146,398,42,64
CHTR,Services,BiLSTM,regression,10,5,5,0.5522127400091545,0.9295856356620789,398,42,64
CHTR,Services,BiLSTM,regression,10,5,6,0.5810494671514885,0.9386538863182068,398,42,64
CHTR,Services,BiLSTM,regression,10,5,7,0.5357119375137828,0.9513473510742188,398,42,64
CHTR,Services,BiLSTM,regression,10,5,8,0.5753186010385878,0.9675021767616272,398,42,64
CHTR,Services,BiLSTM,regression,10,5,9,0.569841064250649,0.9840545058250427,398,42,64
CHTR,Services,BiLSTM,regression,10,5,10,0.5139520193014911,0.9937200546264648,398,42,64
CHTR,Services,BiLSTM,regression,10,5,11,0.5741449561550389,0.9973066449165344,398,42,64
CMCSA,Services,BiLSTM,regression,10,5,1,0.5926139639250597,0.9820852875709534,398,42,64
CMCSA,Services,BiLSTM,regression,10,5,2,0.6511980349095023,0.9815025329589844,398,42,64
CMCSA,Services,BiLSTM,regression,10,5,3,0.6682743427142426,0.9797590374946594,398,42,64
CMCSA,Services,BiLSTM,regression,10,5,4,0.5838697909110755,0.9767757058143616,398,42,64
CMCSA,Services,BiLSTM,regression,10,5,5,0.5852519384580641,0.972387969493866,398,42,64
CMCSA,Services,BiLSTM,regression,10,5,6,0.6049727393155122,0.9664266705513,398,42,64
CMCSA,Services,BiLSTM,regression,10,5,7,0.5944431097663228,0.9597827792167664,398,42,64
CMCSA,Services,BiLSTM,regression,10,5,8,0.5577057680891986,0.9531877040863037,398,42,64
CMCSA,Services,BiLSTM,regression,10,5,9,0.5550543291484891,0.9469741582870483,398,42,64
CMCSA,Services,BiLSTM,regression,10,5,10,0.5756540855570654,0.9404710531234741,398,42,64
CMCSA,Services,BiLSTM,regression,10,5,11,0.5568568173365377,0.9377086162567139,398,42,64
CMCSA,Services,BiLSTM,regression,10,5,12,0.5879691216214817,0.934509813785553,398,42,64
CMCSA,Services,BiLSTM,regression,10,5,13,0.5754135670374386,0.9327051043510437,398,42,64
CMCSA,Services,BiLSTM,regression,10,5,14,0.548478779481284,0.9318122267723083,398,42,64
CMCSA,Services,BiLSTM,regression,10,5,15,0.6102389402724989,0.932627260684967,398,42,64
CMCSA,Services,BiLSTM,regression,10,5,16,0.5785920176673774,0.9292795062065125,398,42,64
CMCSA,Services,BiLSTM,regression,10,5,17,0.5469023537396187,0.9306108355522156,398,42,64
CMCSA,Services,BiLSTM,regression,10,5,18,0.5374044197887632,0.9302114248275757,398,42,64
CMCSA,Services,BiLSTM,regression,10,5,19,0.5412192955688017,0.9302535653114319,398,42,64
CMCSA,Services,BiLSTM,regression,10,5,20,0.5047832469844339,0.929541826248169,398,42,64
CMCSA,Services,BiLSTM,regression,10,5,21,0.5188831186773789,0.9270789623260498,398,42,64
CMCSA,Services,BiLSTM,regression,10,5,22,0.5698114298096854,0.9271020889282227,398,42,64
CMCSA,Services,BiLSTM,regression,10,5,23,0.5466577042287318,0.9259469509124756,398,42,64
CMCSA,Services,BiLSTM,regression,10,5,24,0.4829490382467682,0.9248759746551514,398,42,64
CMCSA,Services,BiLSTM,regression,10,5,25,0.5063087583786279,0.9245967268943787,398,42,64
CMCSA,Services,BiLSTM,regression,10,5,26,0.5060548360024265,0.9203140139579773,398,42,64
CMCSA,Services,BiLSTM,regression,10,5,27,0.5054342740744202,0.9203747510910034,398,42,64
CMCSA,Services,BiLSTM,regression,10,5,28,0.5027563380236602,0.9192710518836975,398,42,64
CMCSA,Services,BiLSTM,regression,10,5,29,0.5152615985678668,0.9191060662269592,398,42,64
CMCSA,Services,BiLSTM,regression,10,5,30,0.49605737858681226,0.9181184768676758,398,42,64
CODI,Conglomerates,BiLSTM,regression,10,5,1,0.6361080089106632,0.3024229109287262,398,42,64
CODI,Conglomerates,BiLSTM,regression,10,5,2,0.6115382042661983,0.30052414536476135,398,42,64
CODI,Conglomerates,BiLSTM,regression,10,5,3,0.6506449912660685,0.298189640045166,398,42,64
CODI,Conglomerates,BiLSTM,regression,10,5,4,0.6143221525690663,0.29546743631362915,398,42,64
CODI,Conglomerates,BiLSTM,regression,10,5,5,0.5670367703964961,0.29341402649879456,398,42,64
CODI,Conglomerates,BiLSTM,regression,10,5,6,0.5974750923151946,0.2932802438735962,398,42,64
CODI,Conglomerates,BiLSTM,regression,10,5,7,0.5846443878645873,0.2968972325325012,398,42,64
CODI,Conglomerates,BiLSTM,regression,10,5,8,0.6020155069816052,0.30452945828437805,398,42,64
CODI,Conglomerates,BiLSTM,regression,10,5,9,0.5646146538868622,0.31498831510543823,398,42,64
CODI,Conglomerates,BiLSTM,regression,10,5,10,0.568195095912895,0.32758867740631104,398,42,64
CODI,Conglomerates,BiLSTM,regression,10,5,11,0.5764131634379152,0.3366639316082001,398,42,64
CODI,Conglomerates,BiLSTM,regression,10,5,12,0.5421998225264812,0.34083685278892517,398,42,64
CODI,Conglomerates,BiLSTM,regression,10,5,13,0.5540851720014409,0.3395218551158905,398,42,64
CODI,Conglomerates,BiLSTM,regression,10,5,14,0.562499425219531,0.34072595834732056,398,42,64
CSCO,Technology,BiLSTM,regression,10,5,1,0.5763365761119517,1.0367804765701294,398,42,64
CSCO,Technology,BiLSTM,regression,10,5,2,0.5543616622985907,1.0360121726989746,398,42,64
CSCO,Technology,BiLSTM,regression,10,5,3,0.5823310784359074,1.0340373516082764,398,42,64
CSCO,Technology,BiLSTM,regression,10,5,4,0.5640319970684435,1.031134843826294,398,42,64
CSCO,Technology,BiLSTM,regression,10,5,5,0.6057401160199438,1.0282117128372192,398,42,64
CSCO,Technology,BiLSTM,regression,10,5,6,0.5751827796499933,1.0252115726470947,398,42,64
CSCO,Technology,BiLSTM,regression,10,5,7,0.5511067888545031,1.0213762521743774,398,42,64
CSCO,Technology,BiLSTM,regression,10,5,8,0.5247120588044425,1.0159831047058105,398,42,64
CSCO,Technology,BiLSTM,regression,10,5,9,0.570152613086317,1.0118213891983032,398,42,64
CSCO,Technology,BiLSTM,regression,10,5,10,0.5569115347748426,1.0113753080368042,398,42,64
CSCO,Technology,BiLSTM,regression,10,5,11,0.5050326329679345,1.0104498863220215,398,42,64
CSCO,Technology,BiLSTM,regression,10,5,12,0.5376091593474,1.0135546922683716,398,42,64
CSCO,Technology,BiLSTM,regression,10,5,13,0.5411487917354958,1.0147711038589478,398,42,64
CSCO,Technology,BiLSTM,regression,10,5,14,0.5122904253365407,1.010863184928894,398,42,64
CSCO,Technology,BiLSTM,regression,10,5,15,0.53852992456163,1.007751703262329,398,42,64
CSCO,Technology,BiLSTM,regression,10,5,16,0.5546850807702721,1.0067853927612305,398,42,64
CSCO,Technology,BiLSTM,regression,10,5,17,0.5020262643919519,1.0060780048370361,398,42,64
CSCO,Technology,BiLSTM,regression,10,5,18,0.5216597183116117,1.0054987668991089,398,42,64
CSCO,Technology,BiLSTM,regression,10,5,19,0.49469067425883595,1.003449559211731,398,42,64
CSCO,Technology,BiLSTM,regression,10,5,20,0.5107554503571448,1.0022499561309814,398,42,64
CSCO,Technology,BiLSTM,regression,10,5,21,0.47926978774406204,1.0018595457077026,398,42,64
CSCO,Technology,BiLSTM,regression,10,5,22,0.5143129399523663,1.0004438161849976,398,42,64
CSCO,Technology,BiLSTM,regression,10,5,23,0.5057771850620681,1.0002232789993286,398,42,64
CSCO,Technology,BiLSTM,regression,10,5,24,0.4998089614225991,0.9992572665214539,398,42,64
CSCO,Technology,BiLSTM,regression,10,5,25,0.4615360823408443,0.9992819428443909,398,42,64
CSCO,Technology,BiLSTM,regression,10,5,26,0.4987442391601639,0.9989105463027954,398,42,64
CSCO,Technology,BiLSTM,regression,10,5,27,0.5053112016401099,1.0009404420852661,398,42,64
CSCO,Technology,BiLSTM,regression,10,5,28,0.49403347951083926,0.9972836971282959,398,42,64
CSCO,Technology,BiLSTM,regression,10,5,29,0.4821279542380242,0.9947738647460938,398,42,64
CSCO,Technology,BiLSTM,regression,10,5,30,0.49314560550241615,0.9969566464424133,398,42,64
CVX,Basic Matierials,BiLSTM,regression,10,5,1,0.6575799054236867,2.0118939876556396,398,42,64
CVX,Basic Matierials,BiLSTM,regression,10,5,2,0.5846941261435273,2.013171911239624,398,42,64
CVX,Basic Matierials,BiLSTM,regression,10,5,3,0.6363003026300939,2.0153205394744873,398,42,64
CVX,Basic Matierials,BiLSTM,regression,10,5,4,0.6367352272397909,2.0178062915802,398,42,64
CVX,Basic Matierials,BiLSTM,regression,10,5,5,0.5642698961286688,2.0199532508850098,398,42,64
CVX,Basic Matierials,BiLSTM,regression,10,5,6,0.6085073091276926,2.0215864181518555,398,42,64
CVX,Basic Matierials,BiLSTM,regression,10,5,7,0.6194262019353896,2.0237808227539062,398,42,64
CVX,Basic Matierials,BiLSTM,regression,10,5,8,0.6190621822922673,2.028031826019287,398,42,64
CVX,Basic Matierials,BiLSTM,regression,10,5,9,0.5826784707793039,2.030409097671509,398,42,64
CVX,Basic Matierials,BiLSTM,regression,10,5,10,0.5891514333648298,2.037576675415039,398,42,64
CVX,Basic Matierials,BiLSTM,regression,10,5,11,0.5763814179741558,2.0374531745910645,398,42,64
D,Utilities,BiLSTM,regression,10,5,1,0.5225137924429161,0.9341314435005188,398,42,64
D,Utilities,BiLSTM,regression,10,5,2,0.5841300059203527,0.9301955699920654,398,42,64
D,Utilities,BiLSTM,regression,10,5,3,0.5815891893065754,0.9240335822105408,398,42,64
D,Utilities,BiLSTM,regression,10,5,4,0.5331545448183415,0.9140447378158569,398,42,64
D,Utilities,BiLSTM,regression,10,5,5,0.5108928581578048,0.9004046320915222,398,42,64
D,Utilities,BiLSTM,regression,10,5,6,0.557755686230396,0.8829025030136108,398,42,64
D,Utilities,BiLSTM,regression,10,5,7,0.5259184301199027,0.8611616492271423,398,42,64
D,Utilities,BiLSTM,regression,10,5,8,0.5196716821373407,0.8375670313835144,398,42,64
D,Utilities,BiLSTM,regression,10,5,9,0.5397609508217279,0.8184699416160583,398,42,64
D,Utilities,BiLSTM,regression,10,5,10,0.5268865380454902,0.8005523085594177,398,42,64
D,Utilities,BiLSTM,regression,10,5,11,0.5183365365967678,0.7882094979286194,398,42,64
D,Utilities,BiLSTM,regression,10,5,12,0.5346967973301758,0.778354287147522,398,42,64
D,Utilities,BiLSTM,regression,10,5,13,0.5194127323040411,0.772212564945221,398,42,64
D,Utilities,BiLSTM,regression,10,5,14,0.5278421745228408,0.7701643109321594,398,42,64
D,Utilities,BiLSTM,regression,10,5,15,0.525662345952125,0.7671515941619873,398,42,64
D,Utilities,BiLSTM,regression,10,5,16,0.5417918556898682,0.7613471150398254,398,42,64
D,Utilities,BiLSTM,regression,10,5,17,0.5043589922051933,0.7610940337181091,398,42,64
D,Utilities,BiLSTM,regression,10,5,18,0.5352616972060659,0.7563572525978088,398,42,64
D,Utilities,BiLSTM,regression,10,5,19,0.5146414081954477,0.7545451521873474,398,42,64
D,Utilities,BiLSTM,regression,10,5,20,0.5020234174464815,0.7519761919975281,398,42,64
D,Utilities,BiLSTM,regression,10,5,21,0.4907017721602665,0.7512620687484741,398,42,64
D,Utilities,BiLSTM,regression,10,5,22,0.4821657105606405,0.747511625289917,398,42,64
D,Utilities,BiLSTM,regression,10,5,23,0.45521730648812336,0.748413622379303,398,42,64
D,Utilities,BiLSTM,regression,10,5,24,0.49719337407668035,0.7449026703834534,398,42,64
D,Utilities,BiLSTM,regression,10,5,25,0.4703515857907396,0.7441641688346863,398,42,64
D,Utilities,BiLSTM,regression,10,5,26,0.47973423432465173,0.7402384281158447,398,42,64
D,Utilities,BiLSTM,regression,10,5,27,0.45759178855311333,0.7403427958488464,398,42,64
D,Utilities,BiLSTM,regression,10,5,28,0.48317531634814775,0.7409324049949646,398,42,64
D,Utilities,BiLSTM,regression,10,5,29,0.45509388069411616,0.736693799495697,398,42,64
D,Utilities,BiLSTM,regression,10,5,30,0.4572998704622738,0.73394775390625,398,42,64
DHR,Industrial Goods,BiLSTM,regression,10,5,1,0.624990261080277,0.9752507209777832,398,42,64
DHR,Industrial Goods,BiLSTM,regression,10,5,2,0.579608591657188,0.9727746844291687,398,42,64
DHR,Industrial Goods,BiLSTM,regression,10,5,3,0.6158255931720062,0.9694619178771973,398,42,64
DHR,Industrial Goods,BiLSTM,regression,10,5,4,0.5671212101102474,0.9641264081001282,398,42,64
DHR,Industrial Goods,BiLSTM,regression,10,5,5,0.5935167346767445,0.9577506184577942,398,42,64
DHR,Industrial Goods,BiLSTM,regression,10,5,6,0.5415635594171495,0.9499346613883972,398,42,64
DHR,Industrial Goods,BiLSTM,regression,10,5,7,0.5426213855120405,0.9418956637382507,398,42,64
DHR,Industrial Goods,BiLSTM,regression,10,5,8,0.5720327565418416,0.9350619912147522,398,42,64
DHR,Industrial Goods,BiLSTM,regression,10,5,9,0.5432938409211049,0.9308993220329285,398,42,64
DHR,Industrial Goods,BiLSTM,regression,10,5,10,0.541194150196248,0.9291660189628601,398,42,64
DHR,Industrial Goods,BiLSTM,regression,10,5,11,0.5482964944000819,0.926669716835022,398,42,64
DHR,Industrial Goods,BiLSTM,regression,10,5,12,0.5911252300942963,0.924042284488678,398,42,64
DHR,Industrial Goods,BiLSTM,regression,10,5,13,0.49737174846419135,0.9218927025794983,398,42,64
DHR,Industrial Goods,BiLSTM,regression,10,5,14,0.5158383007624641,0.9189494252204895,398,42,64
DHR,Industrial Goods,BiLSTM,regression,10,5,15,0.5028096459918285,0.9135696887969971,398,42,64
DHR,Industrial Goods,BiLSTM,regression,10,5,16,0.5266068077566636,0.9102100133895874,398,42,64
DHR,Industrial Goods,BiLSTM,regression,10,5,17,0.5187384417308635,0.9080669283866882,398,42,64
DHR,Industrial Goods,BiLSTM,regression,10,5,18,0.5192268760360066,0.9040658473968506,398,42,64
DHR,Industrial Goods,BiLSTM,regression,10,5,19,0.5400923208974714,0.9020926356315613,398,42,64
DHR,Industrial Goods,BiLSTM,regression,10,5,20,0.4899745610491115,0.8996080756187439,398,42,64
DHR,Industrial Goods,BiLSTM,regression,10,5,21,0.4940265351204417,0.898168683052063,398,42,64
DHR,Industrial Goods,BiLSTM,regression,10,5,22,0.45288535039029526,0.8958748579025269,398,42,64
DHR,Industrial Goods,BiLSTM,regression,10,5,23,0.4981128537475164,0.8897773623466492,398,42,64
DHR,Industrial Goods,BiLSTM,regression,10,5,24,0.4990036277914766,0.8888981342315674,398,42,64
DHR,Industrial Goods,BiLSTM,regression,10,5,25,0.4773771583135404,0.8875054121017456,398,42,64
DHR,Industrial Goods,BiLSTM,regression,10,5,26,0.47564943202176885,0.8856841921806335,398,42,64
DHR,Industrial Goods,BiLSTM,regression,10,5,27,0.4706818620164191,0.8853421807289124,398,42,64
DHR,Industrial Goods,BiLSTM,regression,10,5,28,0.5032771999512485,0.8800303339958191,398,42,64
DHR,Industrial Goods,BiLSTM,regression,10,5,29,0.49913657490332525,0.880296528339386,398,42,64
DHR,Industrial Goods,BiLSTM,regression,10,5,30,0.48148843391456797,0.8795756697654724,398,42,64
DIS,Services,BiLSTM,regression,10,5,1,0.5440824313379412,1.3525166511535645,398,42,64
DIS,Services,BiLSTM,regression,10,5,2,0.5416542812807477,1.352178931236267,398,42,64
DIS,Services,BiLSTM,regression,10,5,3,0.5699282225651957,1.352439045906067,398,42,64
DIS,Services,BiLSTM,regression,10,5,4,0.5477464858011983,1.3523365259170532,398,42,64
DIS,Services,BiLSTM,regression,10,5,5,0.5290202669162846,1.353317379951477,398,42,64
DIS,Services,BiLSTM,regression,10,5,6,0.5648019571400168,1.3572958707809448,398,42,64
DIS,Services,BiLSTM,regression,10,5,7,0.5267465779529744,1.3632969856262207,398,42,64
DIS,Services,BiLSTM,regression,10,5,8,0.5388670806309686,1.377534031867981,398,42,64
DIS,Services,BiLSTM,regression,10,5,9,0.48875678244547627,1.3899695873260498,398,42,64
DIS,Services,BiLSTM,regression,10,5,10,0.512688569088078,1.4076217412948608,398,42,64
DIS,Services,BiLSTM,regression,10,5,11,0.4867835955404157,1.4148658514022827,398,42,64
DUK,Utilities,BiLSTM,regression,10,5,1,0.618277924743729,0.9852164387702942,398,42,64
DUK,Utilities,BiLSTM,regression,10,5,2,0.5832668981659952,0.9812236428260803,398,42,64
DUK,Utilities,BiLSTM,regression,10,5,3,0.6197301029559955,0.9776965975761414,398,42,64
DUK,Utilities,BiLSTM,regression,10,5,4,0.5944688095519292,0.9732110500335693,398,42,64
DUK,Utilities,BiLSTM,regression,10,5,5,0.5835956379995874,0.9680232405662537,398,42,64
DUK,Utilities,BiLSTM,regression,10,5,6,0.6229802176880477,0.9618103504180908,398,42,64
DUK,Utilities,BiLSTM,regression,10,5,7,0.5774702345905591,0.959726095199585,398,42,64
DUK,Utilities,BiLSTM,regression,10,5,8,0.5195711785225413,0.95914626121521,398,42,64
DUK,Utilities,BiLSTM,regression,10,5,9,0.5577392873153015,0.9658346772193909,398,42,64
DUK,Utilities,BiLSTM,regression,10,5,10,0.5352227873538606,0.972845196723938,398,42,64
DUK,Utilities,BiLSTM,regression,10,5,11,0.5832113078491172,0.9792985916137695,398,42,64
DUK,Utilities,BiLSTM,regression,10,5,12,0.5361974173454783,0.9837958812713623,398,42,64
DUK,Utilities,BiLSTM,regression,10,5,13,0.5322010696832858,0.98691326379776,398,42,64
DUK,Utilities,BiLSTM,regression,10,5,14,0.547577891817045,0.9901351928710938,398,42,64
DUK,Utilities,BiLSTM,regression,10,5,15,0.5325320704498483,0.9929755926132202,398,42,64
DUK,Utilities,BiLSTM,regression,10,5,16,0.5851038739309838,0.9906745553016663,398,42,64
DUK,Utilities,BiLSTM,regression,10,5,17,0.5661778342184709,0.9930166006088257,398,42,64
EXC,Utilities,BiLSTM,regression,10,5,1,0.5568123498753687,1.0122226476669312,398,42,64
EXC,Utilities,BiLSTM,regression,10,5,2,0.5779513905395814,1.0095856189727783,398,42,64
EXC,Utilities,BiLSTM,regression,10,5,3,0.5354248854383152,1.0061696767807007,398,42,64
EXC,Utilities,BiLSTM,regression,10,5,4,0.5632891019984106,1.0012407302856445,398,42,64
EXC,Utilities,BiLSTM,regression,10,5,5,0.5378738821451389,0.994996964931488,398,42,64
EXC,Utilities,BiLSTM,regression,10,5,6,0.555456056067692,0.9869812726974487,398,42,64
EXC,Utilities,BiLSTM,regression,10,5,7,0.5573496650810816,0.978209912776947,398,42,64
EXC,Utilities,BiLSTM,regression,10,5,8,0.5081309044181402,0.9697480201721191,398,42,64
EXC,Utilities,BiLSTM,regression,10,5,9,0.5151577337303354,0.963808536529541,398,42,64
EXC,Utilities,BiLSTM,regression,10,5,10,0.5257659467620466,0.957647442817688,398,42,64
EXC,Utilities,BiLSTM,regression,10,5,11,0.5586302801592267,0.9541469216346741,398,42,64
EXC,Utilities,BiLSTM,regression,10,5,12,0.4871190684524613,0.9504772424697876,398,42,64
EXC,Utilities,BiLSTM,regression,10,5,13,0.5223309358759741,0.9530133008956909,398,42,64
EXC,Utilities,BiLSTM,regression,10,5,14,0.5078237464080504,0.9532654285430908,398,42,64
EXC,Utilities,BiLSTM,regression,10,5,15,0.49805513698252,0.9560922980308533,398,42,64
EXC,Utilities,BiLSTM,regression,10,5,16,0.505167441152448,0.9529500603675842,398,42,64
EXC,Utilities,BiLSTM,regression,10,5,17,0.48242005990378223,0.9545190930366516,398,42,64
EXC,Utilities,BiLSTM,regression,10,5,18,0.5120866142924706,0.9493153095245361,398,42,64
EXC,Utilities,BiLSTM,regression,10,5,19,0.525833926608215,0.9475317597389221,398,42,64
EXC,Utilities,BiLSTM,regression,10,5,20,0.47774738762246904,0.9442407488822937,398,42,64
EXC,Utilities,BiLSTM,regression,10,5,21,0.46301552039294985,0.941222071647644,398,42,64
EXC,Utilities,BiLSTM,regression,10,5,22,0.47736718247284243,0.9419411420822144,398,42,64
EXC,Utilities,BiLSTM,regression,10,5,23,0.43690711110081504,0.9461526870727539,398,42,64
EXC,Utilities,BiLSTM,regression,10,5,24,0.47864194671113286,0.9422175288200378,398,42,64
EXC,Utilities,BiLSTM,regression,10,5,25,0.4689319858598949,0.9393717646598816,398,42,64
EXC,Utilities,BiLSTM,regression,10,5,26,0.4655300953879428,0.9419095516204834,398,42,64
EXC,Utilities,BiLSTM,regression,10,5,27,0.4891709592474166,0.9381576180458069,398,42,64
EXC,Utilities,BiLSTM,regression,10,5,28,0.4760450538079343,0.937903642654419,398,42,64
EXC,Utilities,BiLSTM,regression,10,5,29,0.4669960153162779,0.9378970265388489,398,42,64
EXC,Utilities,BiLSTM,regression,10,5,30,0.44198149412720644,0.9362653493881226,398,42,64
FB,Technology,BiLSTM,regression,10,5,1,0.6518681187126505,0.7298011183738708,398,42,64
FB,Technology,BiLSTM,regression,10,5,2,0.5843926966190338,0.7304295897483826,398,42,64
FB,Technology,BiLSTM,regression,10,5,3,0.5999810866375065,0.7318063974380493,398,42,64
FB,Technology,BiLSTM,regression,10,5,4,0.6223725150877507,0.7346047759056091,398,42,64
FB,Technology,BiLSTM,regression,10,5,5,0.5919485264387562,0.7390317916870117,398,42,64
FB,Technology,BiLSTM,regression,10,5,6,0.5741401081109166,0.7456737756729126,398,42,64
FB,Technology,BiLSTM,regression,10,5,7,0.6130552825017191,0.7537945508956909,398,42,64
FB,Technology,BiLSTM,regression,10,5,8,0.5621145433516958,0.763455331325531,398,42,64
FB,Technology,BiLSTM,regression,10,5,9,0.582059937206345,0.7709240913391113,398,42,64
FB,Technology,BiLSTM,regression,10,5,10,0.5972969307372319,0.776948869228363,398,42,64
FB,Technology,BiLSTM,regression,10,5,11,0.5420351253083003,0.7778134942054749,398,42,64
GD,Industrial Goods,BiLSTM,regression,10,5,1,0.6097903614068151,0.7093724608421326,398,42,64
GD,Industrial Goods,BiLSTM,regression,10,5,2,0.639177897467685,0.7135955691337585,398,42,64
GD,Industrial Goods,BiLSTM,regression,10,5,3,0.661203894782905,0.7215415835380554,398,42,64
GD,Industrial Goods,BiLSTM,regression,10,5,4,0.6086314641051556,0.7331432700157166,398,42,64
GD,Industrial Goods,BiLSTM,regression,10,5,5,0.6343053408603573,0.7483937740325928,398,42,64
GD,Industrial Goods,BiLSTM,regression,10,5,6,0.5860275590240057,0.7687117457389832,398,42,64
GD,Industrial Goods,BiLSTM,regression,10,5,7,0.5632312857924994,0.7914759516716003,398,42,64
GD,Industrial Goods,BiLSTM,regression,10,5,8,0.6264190491120419,0.814639687538147,398,42,64
GD,Industrial Goods,BiLSTM,regression,10,5,9,0.594363381814717,0.8333876729011536,398,42,64
GD,Industrial Goods,BiLSTM,regression,10,5,10,0.6275407677918823,0.848019003868103,398,42,64
GD,Industrial Goods,BiLSTM,regression,10,5,11,0.5269952317578109,0.869164228439331,398,42,64
GE,Industrial Goods,BiLSTM,regression,10,5,1,0.5723055738899576,1.172003984451294,398,42,64
GE,Industrial Goods,BiLSTM,regression,10,5,2,0.5274505770985206,1.1728968620300293,398,42,64
GE,Industrial Goods,BiLSTM,regression,10,5,3,0.6053612369987833,1.1733944416046143,398,42,64
GE,Industrial Goods,BiLSTM,regression,10,5,4,0.5940339439478352,1.1743444204330444,398,42,64
GE,Industrial Goods,BiLSTM,regression,10,5,5,0.5338484014398489,1.175944447517395,398,42,64
GE,Industrial Goods,BiLSTM,regression,10,5,6,0.5121283014515536,1.1778830289840698,398,42,64
GE,Industrial Goods,BiLSTM,regression,10,5,7,0.5462129346689387,1.1801950931549072,398,42,64
GE,Industrial Goods,BiLSTM,regression,10,5,8,0.5260523795782022,1.1844209432601929,398,42,64
GE,Industrial Goods,BiLSTM,regression,10,5,9,0.5260995503646045,1.1894843578338623,398,42,64
GE,Industrial Goods,BiLSTM,regression,10,5,10,0.5243058582047122,1.1924700736999512,398,42,64
GE,Industrial Goods,BiLSTM,regression,10,5,11,0.5168376192076123,1.1928575038909912,398,42,64
GOOG,Technology,BiLSTM,regression,10,5,1,0.5876588605756137,0.7551766633987427,398,42,64
GOOG,Technology,BiLSTM,regression,10,5,2,0.5534570432787564,0.7545045614242554,398,42,64
GOOG,Technology,BiLSTM,regression,10,5,3,0.5723529137558674,0.7541652321815491,398,42,64
GOOG,Technology,BiLSTM,regression,10,5,4,0.5136528937660869,0.7539371252059937,398,42,64
GOOG,Technology,BiLSTM,regression,10,5,5,0.5198265050523844,0.7543471455574036,398,42,64
GOOG,Technology,BiLSTM,regression,10,5,6,0.5392566362218042,0.7566254734992981,398,42,64
GOOG,Technology,BiLSTM,regression,10,5,7,0.5345829587485922,0.7581210732460022,398,42,64
GOOG,Technology,BiLSTM,regression,10,5,8,0.5182332830812464,0.7628411650657654,398,42,64
GOOG,Technology,BiLSTM,regression,10,5,9,0.4978767411792698,0.768265962600708,398,42,64
GOOG,Technology,BiLSTM,regression,10,5,10,0.5070629179777213,0.7703872323036194,398,42,64
GOOG,Technology,BiLSTM,regression,10,5,11,0.5093058719107854,0.7753285765647888,398,42,64
HD,Services,BiLSTM,regression,10,5,1,0.5760195123490377,0.6800513863563538,398,42,64
HD,Services,BiLSTM,regression,10,5,2,0.5995755957898183,0.6808212399482727,398,42,64
HD,Services,BiLSTM,regression,10,5,3,0.5862105340514351,0.6820361018180847,398,42,64
HD,Services,BiLSTM,regression,10,5,4,0.5607700982884546,0.6834174990653992,398,42,64
HD,Services,BiLSTM,regression,10,5,5,0.5696366619524644,0.6849599480628967,398,42,64
HD,Services,BiLSTM,regression,10,5,6,0.5623108512492635,0.6871476769447327,398,42,64
HD,Services,BiLSTM,regression,10,5,7,0.5330561811300978,0.6885625720024109,398,42,64
HD,Services,BiLSTM,regression,10,5,8,0.5114856540557727,0.6890414357185364,398,42,64
HD,Services,BiLSTM,regression,10,5,9,0.5716555998403223,0.690095841884613,398,42,64
HD,Services,BiLSTM,regression,10,5,10,0.5661218021083717,0.689730703830719,398,42,64
HD,Services,BiLSTM,regression,10,5,11,0.5376952964456836,0.6890485286712646,398,42,64
HON,Industrial Goods,BiLSTM,regression,10,5,1,0.6083080957283327,1.5563994646072388,398,42,64
HON,Industrial Goods,BiLSTM,regression,10,5,2,0.5640721697753398,1.5548843145370483,398,42,64
HON,Industrial Goods,BiLSTM,regression,10,5,3,0.6040393510955063,1.5535625219345093,398,42,64
HON,Industrial Goods,BiLSTM,regression,10,5,4,0.5581372239481863,1.5529865026474,398,42,64
HON,Industrial Goods,BiLSTM,regression,10,5,5,0.5203720780473259,1.553350567817688,398,42,64
HON,Industrial Goods,BiLSTM,regression,10,5,6,0.6226322358876617,1.5527180433273315,398,42,64
HON,Industrial Goods,BiLSTM,regression,10,5,7,0.5612552926768011,1.5505824089050293,398,42,64
HON,Industrial Goods,BiLSTM,regression,10,5,8,0.5607354488205071,1.5460841655731201,398,42,64
HON,Industrial Goods,BiLSTM,regression,10,5,9,0.5343038411296193,1.5408047437667847,398,42,64
HON,Industrial Goods,BiLSTM,regression,10,5,10,0.5391362402307328,1.5355429649353027,398,42,64
HON,Industrial Goods,BiLSTM,regression,10,5,11,0.5643127639988559,1.5333490371704102,398,42,64
HON,Industrial Goods,BiLSTM,regression,10,5,12,0.5496619379700128,1.5341744422912598,398,42,64
HON,Industrial Goods,BiLSTM,regression,10,5,13,0.519941977220564,1.5333117246627808,398,42,64
HON,Industrial Goods,BiLSTM,regression,10,5,14,0.5034972255553433,1.5346964597702026,398,42,64
HON,Industrial Goods,BiLSTM,regression,10,5,15,0.5473558845831521,1.5317819118499756,398,42,64
HON,Industrial Goods,BiLSTM,regression,10,5,16,0.5243699146275544,1.5333220958709717,398,42,64
HON,Industrial Goods,BiLSTM,regression,10,5,17,0.47649767949952554,1.5281023979187012,398,42,64
HON,Industrial Goods,BiLSTM,regression,10,5,18,0.5237150085930848,1.5261088609695435,398,42,64
HON,Industrial Goods,BiLSTM,regression,10,5,19,0.4827022002869515,1.5294139385223389,398,42,64
HON,Industrial Goods,BiLSTM,regression,10,5,20,0.528856853594133,1.5339223146438599,398,42,64
HON,Industrial Goods,BiLSTM,regression,10,5,21,0.5367185701077907,1.5317500829696655,398,42,64
HON,Industrial Goods,BiLSTM,regression,10,5,22,0.477759747648958,1.533922553062439,398,42,64
HON,Industrial Goods,BiLSTM,regression,10,5,23,0.5508645657618442,1.5317953824996948,398,42,64
HON,Industrial Goods,BiLSTM,regression,10,5,24,0.47560880202144834,1.5241912603378296,398,42,64
HON,Industrial Goods,BiLSTM,regression,10,5,25,0.5100869584323173,1.5216991901397705,398,42,64
HON,Industrial Goods,BiLSTM,regression,10,5,26,0.5058393253752934,1.522322416305542,398,42,64
HON,Industrial Goods,BiLSTM,regression,10,5,27,0.4953899446444296,1.525519609451294,398,42,64
HRG,Conglomerates,BiLSTM,regression,10,5,1,0.5949606631868448,1.2105746269226074,398,42,64
HRG,Conglomerates,BiLSTM,regression,10,5,2,0.5933763082302994,1.2140780687332153,398,42,64
HRG,Conglomerates,BiLSTM,regression,10,5,3,0.5781932034384665,1.2186660766601562,398,42,64
HRG,Conglomerates,BiLSTM,regression,10,5,4,0.5699616970129349,1.2241153717041016,398,42,64
HRG,Conglomerates,BiLSTM,regression,10,5,5,0.5605748346702537,1.2337901592254639,398,42,64
HRG,Conglomerates,BiLSTM,regression,10,5,6,0.5636807979650833,1.247873067855835,398,42,64
HRG,Conglomerates,BiLSTM,regression,10,5,7,0.5555520482997799,1.2702200412750244,398,42,64
HRG,Conglomerates,BiLSTM,regression,10,5,8,0.5921223130657445,1.2973878383636475,398,42,64
HRG,Conglomerates,BiLSTM,regression,10,5,9,0.530448573618079,1.3332029581069946,398,42,64
HRG,Conglomerates,BiLSTM,regression,10,5,10,0.5424754290125477,1.3579128980636597,398,42,64
HRG,Conglomerates,BiLSTM,regression,10,5,11,0.5280871097765976,1.385407567024231,398,42,64
HSBC,Financial,BiLSTM,regression,10,5,1,0.5959240186154543,1.3343253135681152,398,42,64
HSBC,Financial,BiLSTM,regression,10,5,2,0.6459289780214205,1.3398798704147339,398,42,64
HSBC,Financial,BiLSTM,regression,10,5,3,0.5861670598013318,1.3484156131744385,398,42,64
HSBC,Financial,BiLSTM,regression,10,5,4,0.5943152769726125,1.3605659008026123,398,42,64
HSBC,Financial,BiLSTM,regression,10,5,5,0.5731221597697866,1.376686453819275,398,42,64
HSBC,Financial,BiLSTM,regression,10,5,6,0.5887923697430884,1.400309443473816,398,42,64
HSBC,Financial,BiLSTM,regression,10,5,7,0.5681290418358903,1.4385093450546265,398,42,64
HSBC,Financial,BiLSTM,regression,10,5,8,0.5671009948505229,1.4832347631454468,398,42,64
HSBC,Financial,BiLSTM,regression,10,5,9,0.574898181997951,1.528321385383606,398,42,64
HSBC,Financial,BiLSTM,regression,10,5,10,0.5620653334274963,1.5689613819122314,398,42,64
HSBC,Financial,BiLSTM,regression,10,5,11,0.5868087658031502,1.609663724899292,398,42,64
IEP,Conglomerates,BiLSTM,regression,10,5,1,0.654612858990329,1.3258804082870483,398,42,64
IEP,Conglomerates,BiLSTM,regression,10,5,2,0.713344828866834,1.3278778791427612,398,42,64
IEP,Conglomerates,BiLSTM,regression,10,5,3,0.6583876319267042,1.3308554887771606,398,42,64
IEP,Conglomerates,BiLSTM,regression,10,5,4,0.655093566257151,1.3336492776870728,398,42,64
IEP,Conglomerates,BiLSTM,regression,10,5,5,0.6379157565346915,1.3375509977340698,398,42,64
IEP,Conglomerates,BiLSTM,regression,10,5,6,0.6298761951863466,1.346588373184204,398,42,64
IEP,Conglomerates,BiLSTM,regression,10,5,7,0.626596924647614,1.3608862161636353,398,42,64
IEP,Conglomerates,BiLSTM,regression,10,5,8,0.6380247521640068,1.3816041946411133,398,42,64
IEP,Conglomerates,BiLSTM,regression,10,5,9,0.6372116612429595,1.4058611392974854,398,42,64
IEP,Conglomerates,BiLSTM,regression,10,5,10,0.6188141049152642,1.4289382696151733,398,42,64
IEP,Conglomerates,BiLSTM,regression,10,5,11,0.5974947351906168,1.448419451713562,398,42,64
INTC,Technology,BiLSTM,regression,10,5,1,0.6096698351241835,1.0508882999420166,398,42,64
INTC,Technology,BiLSTM,regression,10,5,2,0.607545549246534,1.0509576797485352,398,42,64
INTC,Technology,BiLSTM,regression,10,5,3,0.5909422381439401,1.0508791208267212,398,42,64
INTC,Technology,BiLSTM,regression,10,5,4,0.5714284195073286,1.0519208908081055,398,42,64
INTC,Technology,BiLSTM,regression,10,5,5,0.5717755782244792,1.0542722940444946,398,42,64
INTC,Technology,BiLSTM,regression,10,5,6,0.5696067148117564,1.0577059984207153,398,42,64
INTC,Technology,BiLSTM,regression,10,5,7,0.5568852211961794,1.063023328781128,398,42,64
INTC,Technology,BiLSTM,regression,10,5,8,0.5084504149666983,1.069640040397644,398,42,64
INTC,Technology,BiLSTM,regression,10,5,9,0.5442774947264686,1.0730611085891724,398,42,64
INTC,Technology,BiLSTM,regression,10,5,10,0.5194742532830742,1.0734676122665405,398,42,64
INTC,Technology,BiLSTM,regression,10,5,11,0.5205534188891175,1.073081135749817,398,42,64
JNJ,Healthcare,BiLSTM,regression,10,5,1,0.6478853231698425,0.7585127949714661,398,42,64
JNJ,Healthcare,BiLSTM,regression,10,5,2,0.6365248990717844,0.7564087510108948,398,42,64
JNJ,Healthcare,BiLSTM,regression,10,5,3,0.6265806458403717,0.7549101710319519,398,42,64
JNJ,Healthcare,BiLSTM,regression,10,5,4,0.6027556990259256,0.7542721033096313,398,42,64
JNJ,Healthcare,BiLSTM,regression,10,5,5,0.6475926985093696,0.7529281377792358,398,42,64
JNJ,Healthcare,BiLSTM,regression,10,5,6,0.6066524937524268,0.7511798739433289,398,42,64
JNJ,Healthcare,BiLSTM,regression,10,5,7,0.6041708161782979,0.7510102391242981,398,42,64
JNJ,Healthcare,BiLSTM,regression,10,5,8,0.6370074364108655,0.7505775094032288,398,42,64
JNJ,Healthcare,BiLSTM,regression,10,5,9,0.5811813495416737,0.7502722144126892,398,42,64
JNJ,Healthcare,BiLSTM,regression,10,5,10,0.5512762303328395,0.7536876201629639,398,42,64
JNJ,Healthcare,BiLSTM,regression,10,5,11,0.5603481290028922,0.7548259496688843,398,42,64
JNJ,Healthcare,BiLSTM,regression,10,5,12,0.5739089955936125,0.754184901714325,398,42,64
JNJ,Healthcare,BiLSTM,regression,10,5,13,0.5567915273371653,0.7569968104362488,398,42,64
JNJ,Healthcare,BiLSTM,regression,10,5,14,0.5817991334888803,0.7600592970848083,398,42,64
JNJ,Healthcare,BiLSTM,regression,10,5,15,0.5814853661024391,0.758503258228302,398,42,64
JNJ,Healthcare,BiLSTM,regression,10,5,16,0.5272421716295894,0.7589643597602844,398,42,64
JPM,Financial,BiLSTM,regression,10,5,1,0.5756645873563373,0.8037801384925842,398,42,64
JPM,Financial,BiLSTM,regression,10,5,2,0.541044304980405,0.8038791418075562,398,42,64
JPM,Financial,BiLSTM,regression,10,5,3,0.5524528730454756,0.8023037910461426,398,42,64
JPM,Financial,BiLSTM,regression,10,5,4,0.5216547665584027,0.7992370128631592,398,42,64
JPM,Financial,BiLSTM,regression,10,5,5,0.5574558080740311,0.7948518395423889,398,42,64
JPM,Financial,BiLSTM,regression,10,5,6,0.5301022624699914,0.7901546359062195,398,42,64
JPM,Financial,BiLSTM,regression,10,5,7,0.5187767293285485,0.7843195796012878,398,42,64
JPM,Financial,BiLSTM,regression,10,5,8,0.5034863416798151,0.7783069610595703,398,42,64
JPM,Financial,BiLSTM,regression,10,5,9,0.5038799212206548,0.7739253640174866,398,42,64
JPM,Financial,BiLSTM,regression,10,5,10,0.5022383939905383,0.768638551235199,398,42,64
JPM,Financial,BiLSTM,regression,10,5,11,0.504285520195362,0.7694148421287537,398,42,64
JPM,Financial,BiLSTM,regression,10,5,12,0.5150240469518019,0.7699856758117676,398,42,64
JPM,Financial,BiLSTM,regression,10,5,13,0.542673142411601,0.7667042016983032,398,42,64
JPM,Financial,BiLSTM,regression,10,5,14,0.49854503175122056,0.7652702331542969,398,42,64
JPM,Financial,BiLSTM,regression,10,5,15,0.4740162878180269,0.7667182683944702,398,42,64
JPM,Financial,BiLSTM,regression,10,5,16,0.4766188651023798,0.7652041912078857,398,42,64
JPM,Financial,BiLSTM,regression,10,5,17,0.4752930100239701,0.7650631666183472,398,42,64
JPM,Financial,BiLSTM,regression,10,5,18,0.47413962982108243,0.7646114230155945,398,42,64
JPM,Financial,BiLSTM,regression,10,5,19,0.4889356730571344,0.7634996175765991,398,42,64
JPM,Financial,BiLSTM,regression,10,5,20,0.480238021693038,0.7643611431121826,398,42,64
JPM,Financial,BiLSTM,regression,10,5,21,0.4520592399727759,0.7647565603256226,398,42,64
JPM,Financial,BiLSTM,regression,10,5,22,0.46392996878779713,0.7644637823104858,398,42,64
JPM,Financial,BiLSTM,regression,10,5,23,0.4732873993153548,0.7644233703613281,398,42,64
KO,Consumer Goods,BiLSTM,regression,10,5,1,0.5884793900964248,0.7052398324012756,398,42,64
KO,Consumer Goods,BiLSTM,regression,10,5,2,0.6341089375654058,0.7014607191085815,398,42,64
KO,Consumer Goods,BiLSTM,regression,10,5,3,0.5501035117923315,0.6960874199867249,398,42,64
KO,Consumer Goods,BiLSTM,regression,10,5,4,0.5804580536919024,0.6891835331916809,398,42,64
KO,Consumer Goods,BiLSTM,regression,10,5,5,0.5570306882786391,0.6801971197128296,398,42,64
KO,Consumer Goods,BiLSTM,regression,10,5,6,0.5108701649622701,0.6685276627540588,398,42,64
KO,Consumer Goods,BiLSTM,regression,10,5,7,0.547310379282314,0.6579384803771973,398,42,64
KO,Consumer Goods,BiLSTM,regression,10,5,8,0.5419437082568604,0.6519821882247925,398,42,64
KO,Consumer Goods,BiLSTM,regression,10,5,9,0.5370835564543853,0.6516126394271851,398,42,64
KO,Consumer Goods,BiLSTM,regression,10,5,10,0.5420104984063,0.6567372679710388,398,42,64
KO,Consumer Goods,BiLSTM,regression,10,5,11,0.5637533404120249,0.661325216293335,398,42,64
KO,Consumer Goods,BiLSTM,regression,10,5,12,0.5552844243433008,0.6643610000610352,398,42,64
KO,Consumer Goods,BiLSTM,regression,10,5,13,0.492584613399889,0.6718357801437378,398,42,64
KO,Consumer Goods,BiLSTM,regression,10,5,14,0.5092014490659512,0.6785072088241577,398,42,64
KO,Consumer Goods,BiLSTM,regression,10,5,15,0.5281367550543206,0.6892776489257812,398,42,64
KO,Consumer Goods,BiLSTM,regression,10,5,16,0.5051696555099295,0.695258617401123,398,42,64
KO,Consumer Goods,BiLSTM,regression,10,5,17,0.47409026257356807,0.6989913582801819,398,42,64
LMT,Industrial Goods,BiLSTM,regression,10,5,1,0.5973335699220399,0.5162608027458191,398,42,64
LMT,Industrial Goods,BiLSTM,regression,10,5,2,0.5854368897239167,0.5160702466964722,398,42,64
LMT,Industrial Goods,BiLSTM,regression,10,5,3,0.5636603206246342,0.5158472061157227,398,42,64
LMT,Industrial Goods,BiLSTM,regression,10,5,4,0.5752280712427207,0.5160167813301086,398,42,64
LMT,Industrial Goods,BiLSTM,regression,10,5,5,0.562442689235486,0.5169113874435425,398,42,64
LMT,Industrial Goods,BiLSTM,regression,10,5,6,0.5699890786079905,0.5197870135307312,398,42,64
LMT,Industrial Goods,BiLSTM,regression,10,5,7,0.5564532113734202,0.5238179564476013,398,42,64
LMT,Industrial Goods,BiLSTM,regression,10,5,8,0.5624352076544834,0.5321409702301025,398,42,64
LMT,Industrial Goods,BiLSTM,regression,10,5,9,0.5342414999127987,0.541053056716919,398,42,64
LMT,Industrial Goods,BiLSTM,regression,10,5,10,0.5434185849062761,0.5531092882156372,398,42,64
LMT,Industrial Goods,BiLSTM,regression,10,5,11,0.5525064065528276,0.5617830157279968,398,42,64
MA,Financial,BiLSTM,regression,10,5,1,0.6370959599413465,0.8103069067001343,398,42,64
MA,Financial,BiLSTM,regression,10,5,2,0.5937883686180689,0.8098793029785156,398,42,64
MA,Financial,BiLSTM,regression,10,5,3,0.5870559017861908,0.8074271082878113,398,42,64
MA,Financial,BiLSTM,regression,10,5,4,0.6152426573499363,0.8036143779754639,398,42,64
MA,Financial,BiLSTM,regression,10,5,5,0.5969343856351459,0.7983682751655579,398,42,64
MA,Financial,BiLSTM,regression,10,5,6,0.5774834931795322,0.7929075360298157,398,42,64
MA,Financial,BiLSTM,regression,10,5,7,0.584520845556978,0.7872226238250732,398,42,64
MA,Financial,BiLSTM,regression,10,5,8,0.560408595069569,0.7802300453186035,398,42,64
MA,Financial,BiLSTM,regression,10,5,9,0.6039822666189778,0.7777704000473022,398,42,64
MA,Financial,BiLSTM,regression,10,5,10,0.5832121533964147,0.772589921951294,398,42,64
MA,Financial,BiLSTM,regression,10,5,11,0.5562415087043341,0.7717860341072083,398,42,64
MA,Financial,BiLSTM,regression,10,5,12,0.6097718968463304,0.7709346413612366,398,42,64
MA,Financial,BiLSTM,regression,10,5,13,0.5512942406699886,0.7757173180580139,398,42,64
MA,Financial,BiLSTM,regression,10,5,14,0.5425514568336046,0.7725120186805725,398,42,64
MA,Financial,BiLSTM,regression,10,5,15,0.5561056387184853,0.7702046632766724,398,42,64
MA,Financial,BiLSTM,regression,10,5,16,0.5805191405154951,0.768238365650177,398,42,64
MA,Financial,BiLSTM,regression,10,5,17,0.5272088161664992,0.7653836607933044,398,42,64
MA,Financial,BiLSTM,regression,10,5,18,0.5045503843669317,0.7601470351219177,398,42,64
MA,Financial,BiLSTM,regression,10,5,19,0.5246398296188469,0.7640257477760315,398,42,64
MA,Financial,BiLSTM,regression,10,5,20,0.5066821684489897,0.7621874213218689,398,42,64
MA,Financial,BiLSTM,regression,10,5,21,0.539699011711619,0.7588727474212646,398,42,64
MA,Financial,BiLSTM,regression,10,5,22,0.4903605033704384,0.7550060153007507,398,42,64
MA,Financial,BiLSTM,regression,10,5,23,0.5215612937457598,0.7538647055625916,398,42,64
MA,Financial,BiLSTM,regression,10,5,24,0.5201201927122758,0.7571138739585876,398,42,64
MA,Financial,BiLSTM,regression,10,5,25,0.5220668947876398,0.75530606508255,398,42,64
MA,Financial,BiLSTM,regression,10,5,26,0.48971241398073323,0.7555198669433594,398,42,64
MA,Financial,BiLSTM,regression,10,5,27,0.4885975418977402,0.7522261142730713,398,42,64
MA,Financial,BiLSTM,regression,10,5,28,0.46887563213930655,0.752677321434021,398,42,64
MA,Financial,BiLSTM,regression,10,5,29,0.4919232345705655,0.7487941980361938,398,42,64
MA,Financial,BiLSTM,regression,10,5,30,0.4644002850780535,0.7491689920425415,398,42,64
MCD,Services,BiLSTM,regression,10,5,1,0.5839272464939098,0.9137952923774719,398,42,64
MCD,Services,BiLSTM,regression,10,5,2,0.6007129013837882,0.9126490950584412,398,42,64
MCD,Services,BiLSTM,regression,10,5,3,0.5793751574041855,0.9101535677909851,398,42,64
MCD,Services,BiLSTM,regression,10,5,4,0.5819602065050422,0.9071173071861267,398,42,64
MCD,Services,BiLSTM,regression,10,5,5,0.5641983037617937,0.9036682844161987,398,42,64
MCD,Services,BiLSTM,regression,10,5,6,0.5745031162722027,0.9002055525779724,398,42,64
MCD,Services,BiLSTM,regression,10,5,7,0.577846460755746,0.8972278833389282,398,42,64
MCD,Services,BiLSTM,regression,10,5,8,0.5506320523856273,0.8948308825492859,398,42,64
MCD,Services,BiLSTM,regression,10,5,9,0.5675683968031227,0.8930903077125549,398,42,64
MCD,Services,BiLSTM,regression,10,5,10,0.549504675457825,0.892873227596283,398,42,64
MCD,Services,BiLSTM,regression,10,5,11,0.5707695508123043,0.8915446996688843,398,42,64
MCD,Services,BiLSTM,regression,10,5,12,0.544519010051411,0.8906475305557251,398,42,64
MCD,Services,BiLSTM,regression,10,5,13,0.5153103153310229,0.8915765881538391,398,42,64
MCD,Services,BiLSTM,regression,10,5,14,0.5565803247181016,0.8913214802742004,398,42,64
MCD,Services,BiLSTM,regression,10,5,15,0.5181910948238181,0.890540361404419,398,42,64
MCD,Services,BiLSTM,regression,10,5,16,0.48655860582787785,0.8903132081031799,398,42,64
MCD,Services,BiLSTM,regression,10,5,17,0.45862662522637065,0.8910529017448425,398,42,64
MCD,Services,BiLSTM,regression,10,5,18,0.45239065774721116,0.8911576271057129,398,42,64
MDT,Healthcare,BiLSTM,regression,10,5,1,0.5686953085750791,1.2277010679244995,398,42,64
MDT,Healthcare,BiLSTM,regression,10,5,2,0.597644635480852,1.2278730869293213,398,42,64
MDT,Healthcare,BiLSTM,regression,10,5,3,0.5571222332254726,1.2287856340408325,398,42,64
MDT,Healthcare,BiLSTM,regression,10,5,4,0.552300800031154,1.228537917137146,398,42,64
MDT,Healthcare,BiLSTM,regression,10,5,5,0.58402085573829,1.2273924350738525,398,42,64
MDT,Healthcare,BiLSTM,regression,10,5,6,0.5597849462799092,1.2253741025924683,398,42,64
MDT,Healthcare,BiLSTM,regression,10,5,7,0.5425309868314159,1.2248859405517578,398,42,64
MDT,Healthcare,BiLSTM,regression,10,5,8,0.5452736839277661,1.2285537719726562,398,42,64
MDT,Healthcare,BiLSTM,regression,10,5,9,0.5740771763887836,1.232067346572876,398,42,64
MDT,Healthcare,BiLSTM,regression,10,5,10,0.5622168532268486,1.235244631767273,398,42,64
MDT,Healthcare,BiLSTM,regression,10,5,11,0.5745337940190904,1.2411977052688599,398,42,64
MMM,Industrial Goods,BiLSTM,regression,10,5,1,0.5885668745891532,0.7616913914680481,398,42,64
MMM,Industrial Goods,BiLSTM,regression,10,5,2,0.6174874488432803,0.7616994380950928,398,42,64
MMM,Industrial Goods,BiLSTM,regression,10,5,3,0.5845604275339212,0.7614190578460693,398,42,64
MMM,Industrial Goods,BiLSTM,regression,10,5,4,0.5299833252202326,0.7608291506767273,398,42,64
MMM,Industrial Goods,BiLSTM,regression,10,5,5,0.5560635010800768,0.7597410082817078,398,42,64
MMM,Industrial Goods,BiLSTM,regression,10,5,6,0.5676676446768507,0.7591271996498108,398,42,64
MMM,Industrial Goods,BiLSTM,regression,10,5,7,0.5464546830210854,0.7584309577941895,398,42,64
MMM,Industrial Goods,BiLSTM,regression,10,5,8,0.5276375874203054,0.7583187818527222,398,42,64
MMM,Industrial Goods,BiLSTM,regression,10,5,9,0.5166441519655774,0.7592386603355408,398,42,64
MMM,Industrial Goods,BiLSTM,regression,10,5,10,0.5954906937464997,0.7617001533508301,398,42,64
MMM,Industrial Goods,BiLSTM,regression,10,5,11,0.5137429602781133,0.7630186676979065,398,42,64
MO,Consumer Goods,BiLSTM,regression,10,5,1,0.6003354278641131,0.4958391785621643,398,42,64
MO,Consumer Goods,BiLSTM,regression,10,5,2,0.6191948077187466,0.4968754053115845,398,42,64
MO,Consumer Goods,BiLSTM,regression,10,5,3,0.569020678050554,0.49901241064071655,398,42,64
MO,Consumer Goods,BiLSTM,regression,10,5,4,0.522678661885573,0.5014343857765198,398,42,64
MO,Consumer Goods,BiLSTM,regression,10,5,5,0.5252606081752921,0.5034406781196594,398,42,64
MO,Consumer Goods,BiLSTM,regression,10,5,6,0.5581661615539436,0.5065588355064392,398,42,64
MO,Consumer Goods,BiLSTM,regression,10,5,7,0.5396017367815852,0.5119500160217285,398,42,64
MO,Consumer Goods,BiLSTM,regression,10,5,8,0.5087044694315848,0.5187824964523315,398,42,64
MO,Consumer Goods,BiLSTM,regression,10,5,9,0.5076367476178174,0.527881383895874,398,42,64
MO,Consumer Goods,BiLSTM,regression,10,5,10,0.5554218945191733,0.5350637435913086,398,42,64
MO,Consumer Goods,BiLSTM,regression,10,5,11,0.5048683351607778,0.5418338179588318,398,42,64
MRK,Healthcare,BiLSTM,regression,10,5,1,0.5675530075727395,1.2437891960144043,398,42,64
MRK,Healthcare,BiLSTM,regression,10,5,2,0.6077196058915488,1.2447125911712646,398,42,64
MRK,Healthcare,BiLSTM,regression,10,5,3,0.5612069871557418,1.2465673685073853,398,42,64
MRK,Healthcare,BiLSTM,regression,10,5,4,0.5619431129053011,1.2486082315444946,398,42,64
MRK,Healthcare,BiLSTM,regression,10,5,5,0.5538668663957012,1.2502951622009277,398,42,64
MRK,Healthcare,BiLSTM,regression,10,5,6,0.5216764019961333,1.2523019313812256,398,42,64
MRK,Healthcare,BiLSTM,regression,10,5,7,0.5249895146444216,1.2564340829849243,398,42,64
MRK,Healthcare,BiLSTM,regression,10,5,8,0.5213396141876527,1.260765790939331,398,42,64
MRK,Healthcare,BiLSTM,regression,10,5,9,0.5007283633677804,1.2676578760147095,398,42,64
MRK,Healthcare,BiLSTM,regression,10,5,10,0.5316495651276267,1.2741683721542358,398,42,64
MRK,Healthcare,BiLSTM,regression,10,5,11,0.512623058940897,1.277904748916626,398,42,64
MSFT,Technology,BiLSTM,regression,10,5,1,0.5372054723638985,0.7782377600669861,398,42,64
MSFT,Technology,BiLSTM,regression,10,5,2,0.5513644136825399,0.7771008014678955,398,42,64
MSFT,Technology,BiLSTM,regression,10,5,3,0.498210106513009,0.7754905223846436,398,42,64
MSFT,Technology,BiLSTM,regression,10,5,4,0.5401416474850333,0.7739272713661194,398,42,64
MSFT,Technology,BiLSTM,regression,10,5,5,0.4959520986631288,0.771013617515564,398,42,64
MSFT,Technology,BiLSTM,regression,10,5,6,0.4883968308942402,0.7664932012557983,398,42,64
MSFT,Technology,BiLSTM,regression,10,5,7,0.5042287353894219,0.7606170177459717,398,42,64
MSFT,Technology,BiLSTM,regression,10,5,8,0.5395229288082027,0.7545115947723389,398,42,64
MSFT,Technology,BiLSTM,regression,10,5,9,0.4588060820821542,0.7482429146766663,398,42,64
MSFT,Technology,BiLSTM,regression,10,5,10,0.4629069029086798,0.7437030076980591,398,42,64
MSFT,Technology,BiLSTM,regression,10,5,11,0.47574912932649926,0.7410638332366943,398,42,64
MSFT,Technology,BiLSTM,regression,10,5,12,0.45815842624884756,0.7368988394737244,398,42,64
MSFT,Technology,BiLSTM,regression,10,5,13,0.47695777943385903,0.7349008321762085,398,42,64
MSFT,Technology,BiLSTM,regression,10,5,14,0.4628075701207971,0.7344420552253723,398,42,64
MSFT,Technology,BiLSTM,regression,10,5,15,0.44946893869931975,0.7330316305160522,398,42,64
MSFT,Technology,BiLSTM,regression,10,5,16,0.46864046747960036,0.7324559688568115,398,42,64
MSFT,Technology,BiLSTM,regression,10,5,17,0.4601305774108848,0.7316899299621582,398,42,64
MSFT,Technology,BiLSTM,regression,10,5,18,0.4878673060755035,0.7299195528030396,398,42,64
MSFT,Technology,BiLSTM,regression,10,5,19,0.4749219582308477,0.7290198802947998,398,42,64
MSFT,Technology,BiLSTM,regression,10,5,20,0.4486954408374863,0.7290918231010437,398,42,64
MSFT,Technology,BiLSTM,regression,10,5,21,0.4728144203598176,0.7281678915023804,398,42,64
MSFT,Technology,BiLSTM,regression,10,5,22,0.46179510346010105,0.7259936928749084,398,42,64
MSFT,Technology,BiLSTM,regression,10,5,23,0.46979507279755484,0.7260688543319702,398,42,64
MSFT,Technology,BiLSTM,regression,10,5,24,0.43312286222400376,0.7237375974655151,398,42,64
MSFT,Technology,BiLSTM,regression,10,5,25,0.4260219380484154,0.7235255241394043,398,42,64
MSFT,Technology,BiLSTM,regression,10,5,26,0.41440461568496934,0.7224028706550598,398,42,64
MSFT,Technology,BiLSTM,regression,10,5,27,0.46000307319152295,0.721335768699646,398,42,64
MSFT,Technology,BiLSTM,regression,10,5,28,0.438386624182888,0.721280038356781,398,42,64
MSFT,Technology,BiLSTM,regression,10,5,29,0.4378050567217209,0.7199051380157471,398,42,64
MSFT,Technology,BiLSTM,regression,10,5,30,0.42808944870479143,0.7211988568305969,398,42,64
NEE,Utilities,BiLSTM,regression,10,5,1,0.6269126181027398,1.0458765029907227,398,42,64
NEE,Utilities,BiLSTM,regression,10,5,2,0.6157881894602848,1.0465941429138184,398,42,64
NEE,Utilities,BiLSTM,regression,10,5,3,0.6077562989901059,1.0474976301193237,398,42,64
NEE,Utilities,BiLSTM,regression,10,5,4,0.5467459487555614,1.0481727123260498,398,42,64
NEE,Utilities,BiLSTM,regression,10,5,5,0.5927887226468954,1.0497690439224243,398,42,64
NEE,Utilities,BiLSTM,regression,10,5,6,0.5723454730594577,1.052995204925537,398,42,64
NEE,Utilities,BiLSTM,regression,10,5,7,0.5524008587077635,1.053623080253601,398,42,64
NEE,Utilities,BiLSTM,regression,10,5,8,0.5962647915485516,1.054135799407959,398,42,64
NEE,Utilities,BiLSTM,regression,10,5,9,0.5525892083369308,1.050659418106079,398,42,64
NEE,Utilities,BiLSTM,regression,10,5,10,0.5906369012204846,1.0516692399978638,398,42,64
NEE,Utilities,BiLSTM,regression,10,5,11,0.5980628595579809,1.0528334379196167,398,42,64
NGG,Utilities,BiLSTM,regression,10,5,1,0.5875548133298979,0.6571834087371826,398,42,64
NGG,Utilities,BiLSTM,regression,10,5,2,0.5332039426918604,0.6582491397857666,398,42,64
NGG,Utilities,BiLSTM,regression,10,5,3,0.5463704068457061,0.6589702367782593,398,42,64
NGG,Utilities,BiLSTM,regression,10,5,4,0.5574440117457404,0.6589769124984741,398,42,64
NGG,Utilities,BiLSTM,regression,10,5,5,0.5619296256321759,0.6581445336341858,398,42,64
NGG,Utilities,BiLSTM,regression,10,5,6,0.5730125358955345,0.6589308381080627,398,42,64
NGG,Utilities,BiLSTM,regression,10,5,7,0.5395787918387945,0.6587639451026917,398,42,64
NGG,Utilities,BiLSTM,regression,10,5,8,0.5735667584529475,0.6564761400222778,398,42,64
NGG,Utilities,BiLSTM,regression,10,5,9,0.5700819640602898,0.6531931757926941,398,42,64
NGG,Utilities,BiLSTM,regression,10,5,10,0.5120772147298458,0.6483019590377808,398,42,64
NGG,Utilities,BiLSTM,regression,10,5,11,0.54837698283507,0.6461710929870605,398,42,64
NGG,Utilities,BiLSTM,regression,10,5,12,0.5037645988128893,0.6432843804359436,398,42,64
NGG,Utilities,BiLSTM,regression,10,5,13,0.523605907532438,0.6425362825393677,398,42,64
NGG,Utilities,BiLSTM,regression,10,5,14,0.5093601805780401,0.6405327916145325,398,42,64
NGG,Utilities,BiLSTM,regression,10,5,15,0.5295840287627887,0.6405420303344727,398,42,64
NGG,Utilities,BiLSTM,regression,10,5,16,0.48868585261867276,0.6363257765769958,398,42,64
NGG,Utilities,BiLSTM,regression,10,5,17,0.49936406516549575,0.6311173439025879,398,42,64
NGG,Utilities,BiLSTM,regression,10,5,18,0.5110086130736461,0.6308172345161438,398,42,64
NGG,Utilities,BiLSTM,regression,10,5,19,0.49708513338961197,0.6277411580085754,398,42,64
NGG,Utilities,BiLSTM,regression,10,5,20,0.5073801201192578,0.6253246068954468,398,42,64
NGG,Utilities,BiLSTM,regression,10,5,21,0.47838175206927197,0.6252003312110901,398,42,64
NGG,Utilities,BiLSTM,regression,10,5,22,0.4823758269674215,0.6231911182403564,398,42,64
NGG,Utilities,BiLSTM,regression,10,5,23,0.518412865885538,0.6223788261413574,398,42,64
NGG,Utilities,BiLSTM,regression,10,5,24,0.503753910262381,0.6227917671203613,398,42,64
NGG,Utilities,BiLSTM,regression,10,5,25,0.48753406833763696,0.623074471950531,398,42,64
NGG,Utilities,BiLSTM,regression,10,5,26,0.4942436704983064,0.6212813258171082,398,42,64
NGG,Utilities,BiLSTM,regression,10,5,27,0.4951494947150724,0.6179555654525757,398,42,64
NGG,Utilities,BiLSTM,regression,10,5,28,0.5207804252753905,0.6172921061515808,398,42,64
NGG,Utilities,BiLSTM,regression,10,5,29,0.5196456636615734,0.6138089299201965,398,42,64
NGG,Utilities,BiLSTM,regression,10,5,30,0.44268540701075415,0.6118130683898926,398,42,64
NVS,Healthcare,BiLSTM,regression,10,5,1,0.6061483894161244,1.0836528539657593,398,42,64
NVS,Healthcare,BiLSTM,regression,10,5,2,0.5978942486509007,1.084733247756958,398,42,64
NVS,Healthcare,BiLSTM,regression,10,5,3,0.6246989135766149,1.0860588550567627,398,42,64
NVS,Healthcare,BiLSTM,regression,10,5,4,0.6096353399094625,1.088558316230774,398,42,64
NVS,Healthcare,BiLSTM,regression,10,5,5,0.59952124968246,1.0926728248596191,398,42,64
NVS,Healthcare,BiLSTM,regression,10,5,6,0.6398027464373028,1.098054051399231,398,42,64
NVS,Healthcare,BiLSTM,regression,10,5,7,0.5836423716353412,1.1041076183319092,398,42,64
NVS,Healthcare,BiLSTM,regression,10,5,8,0.5600128901663737,1.109809160232544,398,42,64
NVS,Healthcare,BiLSTM,regression,10,5,9,0.5926262287039253,1.1116418838500977,398,42,64
NVS,Healthcare,BiLSTM,regression,10,5,10,0.5309558951075951,1.1173043251037598,398,42,64
NVS,Healthcare,BiLSTM,regression,10,5,11,0.5526642407005157,1.1176241636276245,398,42,64
ORCL,Technology,BiLSTM,regression,10,5,1,0.6282123021744005,0.9080936312675476,398,42,64
ORCL,Technology,BiLSTM,regression,10,5,2,0.5766415113779768,0.9060230255126953,398,42,64
ORCL,Technology,BiLSTM,regression,10,5,3,0.5620273159975981,0.9049533605575562,398,42,64
ORCL,Technology,BiLSTM,regression,10,5,4,0.5730391860607281,0.9050689935684204,398,42,64
ORCL,Technology,BiLSTM,regression,10,5,5,0.5172118715305424,0.9066543579101562,398,42,64
ORCL,Technology,BiLSTM,regression,10,5,6,0.5859101163082986,0.9092857241630554,398,42,64
ORCL,Technology,BiLSTM,regression,10,5,7,0.6125141609853236,0.9155857563018799,398,42,64
ORCL,Technology,BiLSTM,regression,10,5,8,0.5376291577540451,0.9244597554206848,398,42,64
ORCL,Technology,BiLSTM,regression,10,5,9,0.5702587455960374,0.933250904083252,398,42,64
ORCL,Technology,BiLSTM,regression,10,5,10,0.5554935926169007,0.9490321278572083,398,42,64
ORCL,Technology,BiLSTM,regression,10,5,11,0.5377642233767103,0.9588534235954285,398,42,64
PCG,Utilities,BiLSTM,regression,10,5,1,0.6118172086662983,1.0522373914718628,398,42,64
PCG,Utilities,BiLSTM,regression,10,5,2,0.55242849025295,1.0509459972381592,398,42,64
PCG,Utilities,BiLSTM,regression,10,5,3,0.5865581028125993,1.0472915172576904,398,42,64
PCG,Utilities,BiLSTM,regression,10,5,4,0.6008837241024229,1.041339635848999,398,42,64
PCG,Utilities,BiLSTM,regression,10,5,5,0.5964040205107263,1.033036231994629,398,42,64
PCG,Utilities,BiLSTM,regression,10,5,6,0.5771870747882517,1.0220400094985962,398,42,64
PCG,Utilities,BiLSTM,regression,10,5,7,0.565695013382926,1.0099042654037476,398,42,64
PCG,Utilities,BiLSTM,regression,10,5,8,0.567425498411284,0.9951635003089905,398,42,64
PCG,Utilities,BiLSTM,regression,10,5,9,0.5469658725225746,0.9836477041244507,398,42,64
PCG,Utilities,BiLSTM,regression,10,5,10,0.564807240687423,0.9754737615585327,398,42,64
PCG,Utilities,BiLSTM,regression,10,5,11,0.5123408838133117,0.9670916199684143,398,42,64
PCG,Utilities,BiLSTM,regression,10,5,12,0.5490243752398084,0.9639174938201904,398,42,64
PCG,Utilities,BiLSTM,regression,10,5,13,0.5158104823162807,0.9630398750305176,398,42,64
PCG,Utilities,BiLSTM,regression,10,5,14,0.5596279909263304,0.9582146406173706,398,42,64
PCG,Utilities,BiLSTM,regression,10,5,15,0.5768757308248299,0.9556592702865601,398,42,64
PCG,Utilities,BiLSTM,regression,10,5,16,0.5056926829731045,0.9538245797157288,398,42,64
PCG,Utilities,BiLSTM,regression,10,5,17,0.5367058506563082,0.9519696831703186,398,42,64
PCG,Utilities,BiLSTM,regression,10,5,18,0.5521612040062046,0.9508245587348938,398,42,64
PCG,Utilities,BiLSTM,regression,10,5,19,0.5321188998881297,0.9482896327972412,398,42,64
PCG,Utilities,BiLSTM,regression,10,5,20,0.5417736103786296,0.948974072933197,398,42,64
PCG,Utilities,BiLSTM,regression,10,5,21,0.5604793664498545,0.9472118616104126,398,42,64
PCG,Utilities,BiLSTM,regression,10,5,22,0.5091549694238595,0.9440496563911438,398,42,64
PCG,Utilities,BiLSTM,regression,10,5,23,0.5167531224351433,0.9401164650917053,398,42,64
PCG,Utilities,BiLSTM,regression,10,5,24,0.5458566480545542,0.9364318251609802,398,42,64
PCG,Utilities,BiLSTM,regression,10,5,25,0.520346577742591,0.9354609847068787,398,42,64
PCG,Utilities,BiLSTM,regression,10,5,26,0.5176125683976178,0.9335779547691345,398,42,64
PCG,Utilities,BiLSTM,regression,10,5,27,0.48960249732487165,0.932237982749939,398,42,64
PCG,Utilities,BiLSTM,regression,10,5,28,0.5014501801088228,0.9325658082962036,398,42,64
PCG,Utilities,BiLSTM,regression,10,5,29,0.49760785564106313,0.9292822480201721,398,42,64
PCG,Utilities,BiLSTM,regression,10,5,30,0.5195922549046463,0.9277750849723816,398,42,64
PCLN,Services,BiLSTM,regression,10,5,1,0.5643428998376856,0.5933446288108826,398,42,64
PCLN,Services,BiLSTM,regression,10,5,2,0.5514583941081062,0.5934278964996338,398,42,64
PCLN,Services,BiLSTM,regression,10,5,3,0.549885217867904,0.5919080376625061,398,42,64
PCLN,Services,BiLSTM,regression,10,5,4,0.509538912293899,0.5889644026756287,398,42,64
PCLN,Services,BiLSTM,regression,10,5,5,0.539508408637502,0.5847587585449219,398,42,64
PCLN,Services,BiLSTM,regression,10,5,6,0.5148939103936431,0.5794620513916016,398,42,64
PCLN,Services,BiLSTM,regression,10,5,7,0.5237887127315579,0.5733543038368225,398,42,64
PCLN,Services,BiLSTM,regression,10,5,8,0.5362924657874371,0.5665964484214783,398,42,64
PCLN,Services,BiLSTM,regression,10,5,9,0.5275636734674923,0.5599545240402222,398,42,64
PCLN,Services,BiLSTM,regression,10,5,10,0.49797541711797666,0.5539013743400574,398,42,64
PCLN,Services,BiLSTM,regression,10,5,11,0.4992867531488888,0.5494774580001831,398,42,64
PCLN,Services,BiLSTM,regression,10,5,12,0.5155098408310856,0.5454474091529846,398,42,64
PCLN,Services,BiLSTM,regression,10,5,13,0.47991822143295904,0.5451705455780029,398,42,64
PCLN,Services,BiLSTM,regression,10,5,14,0.4770399718428377,0.5435022711753845,398,42,64
PCLN,Services,BiLSTM,regression,10,5,15,0.4911178958475889,0.5417055487632751,398,42,64
PCLN,Services,BiLSTM,regression,10,5,16,0.4884360441610442,0.5413652658462524,398,42,64
PCLN,Services,BiLSTM,regression,10,5,17,0.4709765791293964,0.5409156084060669,398,42,64
PCLN,Services,BiLSTM,regression,10,5,18,0.48141873242268013,0.5384916663169861,398,42,64
PCLN,Services,BiLSTM,regression,10,5,19,0.49631031793565605,0.5372952818870544,398,42,64
PCLN,Services,BiLSTM,regression,10,5,20,0.4682300605965619,0.5360899567604065,398,42,64
PCLN,Services,BiLSTM,regression,10,5,21,0.45421111493853467,0.5351235866546631,398,42,64
PCLN,Services,BiLSTM,regression,10,5,22,0.46973321156286113,0.5355164408683777,398,42,64
PCLN,Services,BiLSTM,regression,10,5,23,0.4701978968615508,0.5349077582359314,398,42,64
PCLN,Services,BiLSTM,regression,10,5,24,0.4763374529292236,0.5343020558357239,398,42,64
PCLN,Services,BiLSTM,regression,10,5,25,0.4611614319547337,0.5336520671844482,398,42,64
PCLN,Services,BiLSTM,regression,10,5,26,0.4425856839472325,0.5320984125137329,398,42,64
PCLN,Services,BiLSTM,regression,10,5,27,0.4282044253157611,0.53177410364151,398,42,64
PCLN,Services,BiLSTM,regression,10,5,28,0.4377160039379369,0.5304247140884399,398,42,64
PCLN,Services,BiLSTM,regression,10,5,29,0.41410585803602207,0.5290523767471313,398,42,64
PCLN,Services,BiLSTM,regression,10,5,30,0.4781274573886814,0.5284945368766785,398,42,64
PEP,Consumer Goods,BiLSTM,regression,10,5,1,0.5999284126051706,1.0741592645645142,398,42,64
PEP,Consumer Goods,BiLSTM,regression,10,5,2,0.6085731752553777,1.073293924331665,398,42,64
PEP,Consumer Goods,BiLSTM,regression,10,5,3,0.5307841955417365,1.071889877319336,398,42,64
PEP,Consumer Goods,BiLSTM,regression,10,5,4,0.5271249671078208,1.069833517074585,398,42,64
PEP,Consumer Goods,BiLSTM,regression,10,5,5,0.5364118351708704,1.0666491985321045,398,42,64
PEP,Consumer Goods,BiLSTM,regression,10,5,6,0.5607438753897221,1.0622026920318604,398,42,64
PEP,Consumer Goods,BiLSTM,regression,10,5,7,0.5117569711040612,1.0568171739578247,398,42,64
PEP,Consumer Goods,BiLSTM,regression,10,5,8,0.5384298501601771,1.0513392686843872,398,42,64
PEP,Consumer Goods,BiLSTM,regression,10,5,9,0.5483539344078332,1.0463883876800537,398,42,64
PEP,Consumer Goods,BiLSTM,regression,10,5,10,0.5597488215221232,1.0416380167007446,398,42,64
PEP,Consumer Goods,BiLSTM,regression,10,5,11,0.4755999117939915,1.0381431579589844,398,42,64
PEP,Consumer Goods,BiLSTM,regression,10,5,12,0.5157536217315712,1.0370452404022217,398,42,64
PEP,Consumer Goods,BiLSTM,regression,10,5,13,0.5329908005256748,1.0349875688552856,398,42,64
PEP,Consumer Goods,BiLSTM,regression,10,5,14,0.5036381126648217,1.0344685316085815,398,42,64
PEP,Consumer Goods,BiLSTM,regression,10,5,15,0.49652532671564187,1.033682107925415,398,42,64
PEP,Consumer Goods,BiLSTM,regression,10,5,16,0.5199145713643213,1.0331766605377197,398,42,64
PEP,Consumer Goods,BiLSTM,regression,10,5,17,0.4744914004850627,1.0333911180496216,398,42,64
PEP,Consumer Goods,BiLSTM,regression,10,5,18,0.5007984371640575,1.0347903966903687,398,42,64
PEP,Consumer Goods,BiLSTM,regression,10,5,19,0.5026142210816619,1.0326651334762573,398,42,64
PEP,Consumer Goods,BiLSTM,regression,10,5,20,0.5044894461056695,1.0325251817703247,398,42,64
PEP,Consumer Goods,BiLSTM,regression,10,5,21,0.48412494398840705,1.0310429334640503,398,42,64
PEP,Consumer Goods,BiLSTM,regression,10,5,22,0.5008136309571003,1.0324782133102417,398,42,64
PEP,Consumer Goods,BiLSTM,regression,10,5,23,0.5218904355363031,1.032874584197998,398,42,64
PEP,Consumer Goods,BiLSTM,regression,10,5,24,0.502287002813876,1.0339213609695435,398,42,64
PEP,Consumer Goods,BiLSTM,regression,10,5,25,0.4974314820526832,1.0338917970657349,398,42,64
PEP,Consumer Goods,BiLSTM,regression,10,5,26,0.4986927217275054,1.0325499773025513,398,42,64
PEP,Consumer Goods,BiLSTM,regression,10,5,27,0.48566394550117414,1.0350385904312134,398,42,64
PEP,Consumer Goods,BiLSTM,regression,10,5,28,0.5181384592799086,1.0375961065292358,398,42,64
PEP,Consumer Goods,BiLSTM,regression,10,5,29,0.47951602276845195,1.0400631427764893,398,42,64
PEP,Consumer Goods,BiLSTM,regression,10,5,30,0.47390239711981924,1.040367603302002,398,42,64
PFE,Healthcare,BiLSTM,regression,10,5,1,0.611925179634861,1.2836064100265503,398,42,64
PFE,Healthcare,BiLSTM,regression,10,5,2,0.6271513724446895,1.2863327264785767,398,42,64
PFE,Healthcare,BiLSTM,regression,10,5,3,0.603443076263121,1.2892656326293945,398,42,64
PFE,Healthcare,BiLSTM,regression,10,5,4,0.59227393530122,1.2910540103912354,398,42,64
PFE,Healthcare,BiLSTM,regression,10,5,5,0.6215285934395527,1.2928316593170166,398,42,64
PFE,Healthcare,BiLSTM,regression,10,5,6,0.596842899094874,1.29371178150177,398,42,64
PFE,Healthcare,BiLSTM,regression,10,5,7,0.6399838732714629,1.2930293083190918,398,42,64
PFE,Healthcare,BiLSTM,regression,10,5,8,0.5937598874820537,1.2898046970367432,398,42,64
PFE,Healthcare,BiLSTM,regression,10,5,9,0.6368966030715099,1.2837731838226318,398,42,64
PFE,Healthcare,BiLSTM,regression,10,5,10,0.6395256657097208,1.276227355003357,398,42,64
PFE,Healthcare,BiLSTM,regression,10,5,11,0.5465662380558761,1.2716264724731445,398,42,64
PFE,Healthcare,BiLSTM,regression,10,5,12,0.569659061767348,1.265599250793457,398,42,64
PFE,Healthcare,BiLSTM,regression,10,5,13,0.5686873958338445,1.2603024244308472,398,42,64
PFE,Healthcare,BiLSTM,regression,10,5,14,0.5424096961716312,1.25691556930542,398,42,64
PFE,Healthcare,BiLSTM,regression,10,5,15,0.6089421459777871,1.251706838607788,398,42,64
PFE,Healthcare,BiLSTM,regression,10,5,16,0.5285166355233696,1.2469528913497925,398,42,64
PFE,Healthcare,BiLSTM,regression,10,5,17,0.5260448887120539,1.2448172569274902,398,42,64
PFE,Healthcare,BiLSTM,regression,10,5,18,0.5253088827708259,1.2375966310501099,398,42,64
PFE,Healthcare,BiLSTM,regression,10,5,19,0.6038929963830727,1.2331042289733887,398,42,64
PFE,Healthcare,BiLSTM,regression,10,5,20,0.5671349350531497,1.2308412790298462,398,42,64
PFE,Healthcare,BiLSTM,regression,10,5,21,0.5178534623666026,1.2270960807800293,398,42,64
PFE,Healthcare,BiLSTM,regression,10,5,22,0.5821089274320171,1.2227963209152222,398,42,64
PFE,Healthcare,BiLSTM,regression,10,5,23,0.5528289723635917,1.218596339225769,398,42,64
PFE,Healthcare,BiLSTM,regression,10,5,24,0.5249465149850702,1.215834379196167,398,42,64
PFE,Healthcare,BiLSTM,regression,10,5,25,0.5129825964045884,1.2104721069335938,398,42,64
PFE,Healthcare,BiLSTM,regression,10,5,26,0.5373509849735241,1.2124760150909424,398,42,64
PFE,Healthcare,BiLSTM,regression,10,5,27,0.531460892315486,1.2081286907196045,398,42,64
PFE,Healthcare,BiLSTM,regression,10,5,28,0.5083763087215136,1.209842562675476,398,42,64
PFE,Healthcare,BiLSTM,regression,10,5,29,0.523361058989961,1.2056317329406738,398,42,64
PFE,Healthcare,BiLSTM,regression,10,5,30,0.49531893304844,1.2021214962005615,398,42,64
PG,Consumer Goods,BiLSTM,regression,10,5,1,0.6389240475755241,1.0933698415756226,398,42,64
PG,Consumer Goods,BiLSTM,regression,10,5,2,0.5698769883294801,1.1104490756988525,398,42,64
PG,Consumer Goods,BiLSTM,regression,10,5,3,0.6029536837908491,1.1364936828613281,398,42,64
PG,Consumer Goods,BiLSTM,regression,10,5,4,0.5382585872956855,1.1765202283859253,398,42,64
PG,Consumer Goods,BiLSTM,regression,10,5,5,0.5661074659932199,1.237233281135559,398,42,64
PG,Consumer Goods,BiLSTM,regression,10,5,6,0.5312604275181065,1.3263602256774902,398,42,64
PG,Consumer Goods,BiLSTM,regression,10,5,7,0.5324297017188527,1.4404059648513794,398,42,64
PG,Consumer Goods,BiLSTM,regression,10,5,8,0.5597610054303653,1.5722712278366089,398,42,64
PG,Consumer Goods,BiLSTM,regression,10,5,9,0.5896891187782862,1.7019312381744385,398,42,64
PG,Consumer Goods,BiLSTM,regression,10,5,10,0.5198840130513637,1.8055331707000732,398,42,64
PG,Consumer Goods,BiLSTM,regression,10,5,11,0.48199153425705493,1.8482030630111694,398,42,64
PICO,Conglomerates,BiLSTM,regression,10,5,1,0.5754303530832032,1.1011004447937012,398,42,64
PICO,Conglomerates,BiLSTM,regression,10,5,2,0.5675454151690306,1.102439284324646,398,42,64
PICO,Conglomerates,BiLSTM,regression,10,5,3,0.5280756890474252,1.105371117591858,398,42,64
PICO,Conglomerates,BiLSTM,regression,10,5,4,0.5603906149840235,1.1090378761291504,398,42,64
PICO,Conglomerates,BiLSTM,regression,10,5,5,0.5183295646504541,1.1137423515319824,398,42,64
PICO,Conglomerates,BiLSTM,regression,10,5,6,0.5611063787086525,1.1190786361694336,398,42,64
PICO,Conglomerates,BiLSTM,regression,10,5,7,0.5322915740947628,1.1271215677261353,398,42,64
PICO,Conglomerates,BiLSTM,regression,10,5,8,0.5339722813074314,1.1357817649841309,398,42,64
PICO,Conglomerates,BiLSTM,regression,10,5,9,0.5041974848838308,1.1425695419311523,398,42,64
PICO,Conglomerates,BiLSTM,regression,10,5,10,0.568208438068179,1.1480746269226074,398,42,64
PICO,Conglomerates,BiLSTM,regression,10,5,11,0.5193928701793729,1.1489087343215942,398,42,64
PM,Consumer Goods,BiLSTM,regression,10,5,1,0.5562250088507207,0.7248372435569763,398,42,64
PM,Consumer Goods,BiLSTM,regression,10,5,2,0.5424084910495797,0.7261914014816284,398,42,64
PM,Consumer Goods,BiLSTM,regression,10,5,3,0.5390426402714983,0.7278815507888794,398,42,64
PM,Consumer Goods,BiLSTM,regression,10,5,4,0.5391750026438105,0.7303863763809204,398,42,64
PM,Consumer Goods,BiLSTM,regression,10,5,5,0.5362169589828606,0.7325762510299683,398,42,64
PM,Consumer Goods,BiLSTM,regression,10,5,6,0.5381612557562152,0.7343317270278931,398,42,64
PM,Consumer Goods,BiLSTM,regression,10,5,7,0.5145442782334946,0.7385759949684143,398,42,64
PM,Consumer Goods,BiLSTM,regression,10,5,8,0.5170294067368435,0.743182361125946,398,42,64
PM,Consumer Goods,BiLSTM,regression,10,5,9,0.506058724831097,0.7461609840393066,398,42,64
PM,Consumer Goods,BiLSTM,regression,10,5,10,0.5072824687664234,0.7450530529022217,398,42,64
PM,Consumer Goods,BiLSTM,regression,10,5,11,0.5112401642392029,0.7426690459251404,398,42,64
PPL,Utilities,BiLSTM,regression,10,5,1,0.5417681450220808,1.100290060043335,398,42,64
PPL,Utilities,BiLSTM,regression,10,5,2,0.5746247374532211,1.106611728668213,398,42,64
PPL,Utilities,BiLSTM,regression,10,5,3,0.5669755782913323,1.1141839027404785,398,42,64
PPL,Utilities,BiLSTM,regression,10,5,4,0.5654628263346514,1.123661994934082,398,42,64
PPL,Utilities,BiLSTM,regression,10,5,5,0.5735180518734995,1.137406826019287,398,42,64
PPL,Utilities,BiLSTM,regression,10,5,6,0.5403533828018898,1.1546618938446045,398,42,64
PPL,Utilities,BiLSTM,regression,10,5,7,0.554563024535251,1.1718577146530151,398,42,64
PPL,Utilities,BiLSTM,regression,10,5,8,0.5306268151681027,1.1901835203170776,398,42,64
PPL,Utilities,BiLSTM,regression,10,5,9,0.5936277806010078,1.2040151357650757,398,42,64
PPL,Utilities,BiLSTM,regression,10,5,10,0.5519557088313989,1.2154287099838257,398,42,64
PPL,Utilities,BiLSTM,regression,10,5,11,0.5463131956718675,1.2227498292922974,398,42,64
PTR,Basic Matierials,BiLSTM,regression,10,5,1,0.6174342114122668,1.3115426301956177,398,42,64
PTR,Basic Matierials,BiLSTM,regression,10,5,2,0.6006240104910118,1.300817608833313,398,42,64
PTR,Basic Matierials,BiLSTM,regression,10,5,3,0.6414998455263262,1.289177417755127,398,42,64
PTR,Basic Matierials,BiLSTM,regression,10,5,4,0.6102737688539016,1.2756166458129883,398,42,64
PTR,Basic Matierials,BiLSTM,regression,10,5,5,0.598403701530629,1.261142611503601,398,42,64
PTR,Basic Matierials,BiLSTM,regression,10,5,6,0.5787660716167048,1.2442779541015625,398,42,64
PTR,Basic Matierials,BiLSTM,regression,10,5,7,0.5723471259651471,1.2251871824264526,398,42,64
PTR,Basic Matierials,BiLSTM,regression,10,5,8,0.5850654223456455,1.2080539464950562,398,42,64
PTR,Basic Matierials,BiLSTM,regression,10,5,9,0.5756368909648915,1.1915004253387451,398,42,64
PTR,Basic Matierials,BiLSTM,regression,10,5,10,0.5373282513426776,1.1768064498901367,398,42,64
PTR,Basic Matierials,BiLSTM,regression,10,5,11,0.562160775739344,1.1731536388397217,398,42,64
PTR,Basic Matierials,BiLSTM,regression,10,5,12,0.5874454100527357,1.1739933490753174,398,42,64
PTR,Basic Matierials,BiLSTM,regression,10,5,13,0.5978146333191263,1.1789674758911133,398,42,64
PTR,Basic Matierials,BiLSTM,regression,10,5,14,0.5421041301147422,1.1807563304901123,398,42,64
PTR,Basic Matierials,BiLSTM,regression,10,5,15,0.5063228921674604,1.1769946813583374,398,42,64
PTR,Basic Matierials,BiLSTM,regression,10,5,16,0.5244774873831763,1.1737399101257324,398,42,64
PTR,Basic Matierials,BiLSTM,regression,10,5,17,0.5521855664313139,1.1718214750289917,398,42,64
PTR,Basic Matierials,BiLSTM,regression,10,5,18,0.516944827296626,1.1703602075576782,398,42,64
PTR,Basic Matierials,BiLSTM,regression,10,5,19,0.5135229661237055,1.1698256731033325,398,42,64
PTR,Basic Matierials,BiLSTM,regression,10,5,20,0.5127591023493052,1.1666903495788574,398,42,64
PTR,Basic Matierials,BiLSTM,regression,10,5,21,0.5100001321366084,1.1668750047683716,398,42,64
PTR,Basic Matierials,BiLSTM,regression,10,5,22,0.5559676205692579,1.1701401472091675,398,42,64
PTR,Basic Matierials,BiLSTM,regression,10,5,23,0.5208646819819158,1.1757888793945312,398,42,64
PTR,Basic Matierials,BiLSTM,regression,10,5,24,0.5091494414674577,1.1738661527633667,398,42,64
PTR,Basic Matierials,BiLSTM,regression,10,5,25,0.5251623293263229,1.182347297668457,398,42,64
PTR,Basic Matierials,BiLSTM,regression,10,5,26,0.4959020376504965,1.190800666809082,398,42,64
PTR,Basic Matierials,BiLSTM,regression,10,5,27,0.5063909043618782,1.1903150081634521,398,42,64
PTR,Basic Matierials,BiLSTM,regression,10,5,28,0.4736806420824636,1.187333583831787,398,42,64
PTR,Basic Matierials,BiLSTM,regression,10,5,29,0.5092185642851058,1.1887578964233398,398,42,64
RDS-B,Basic Matierials,BiLSTM,regression,10,5,1,0.5984275373981227,1.4930939674377441,398,42,64
RDS-B,Basic Matierials,BiLSTM,regression,10,5,2,0.5555117241102248,1.4958935976028442,398,42,64
RDS-B,Basic Matierials,BiLSTM,regression,10,5,3,0.6041092582084425,1.4977912902832031,398,42,64
RDS-B,Basic Matierials,BiLSTM,regression,10,5,4,0.5407251808511552,1.498141884803772,398,42,64
RDS-B,Basic Matierials,BiLSTM,regression,10,5,5,0.5956028657941962,1.49769127368927,398,42,64
RDS-B,Basic Matierials,BiLSTM,regression,10,5,6,0.5597635932903194,1.4954745769500732,398,42,64
RDS-B,Basic Matierials,BiLSTM,regression,10,5,7,0.5970123533028454,1.493269681930542,398,42,64
RDS-B,Basic Matierials,BiLSTM,regression,10,5,8,0.6057948733693991,1.493151068687439,398,42,64
RDS-B,Basic Matierials,BiLSTM,regression,10,5,9,0.5509936743645213,1.4919184446334839,398,42,64
RDS-B,Basic Matierials,BiLSTM,regression,10,5,10,0.5661997492588944,1.4939488172531128,398,42,64
RDS-B,Basic Matierials,BiLSTM,regression,10,5,11,0.5595979540791344,1.4936343431472778,398,42,64
REX,Conglomerates,BiLSTM,regression,10,5,1,0.6669226154011099,0.7292643189430237,398,42,64
REX,Conglomerates,BiLSTM,regression,10,5,2,0.6123550531253144,0.731332540512085,398,42,64
REX,Conglomerates,BiLSTM,regression,10,5,3,0.6064936827175581,0.7360259890556335,398,42,64
REX,Conglomerates,BiLSTM,regression,10,5,4,0.6474233015098764,0.7457250356674194,398,42,64
REX,Conglomerates,BiLSTM,regression,10,5,5,0.5808574158941681,0.7652322053909302,398,42,64
REX,Conglomerates,BiLSTM,regression,10,5,6,0.6043440786438372,0.7999797463417053,398,42,64
REX,Conglomerates,BiLSTM,regression,10,5,7,0.5974972541607804,0.8568284511566162,398,42,64
REX,Conglomerates,BiLSTM,regression,10,5,8,0.6375641020099122,0.9264564514160156,398,42,64
REX,Conglomerates,BiLSTM,regression,10,5,9,0.5742501667396507,1.000063180923462,398,42,64
REX,Conglomerates,BiLSTM,regression,10,5,10,0.5679031933971386,1.051884651184082,398,42,64
REX,Conglomerates,BiLSTM,regression,10,5,11,0.5863190619789775,1.0873634815216064,398,42,64
SLB,Basic Matierials,BiLSTM,regression,10,5,1,0.5707261733074284,1.0866472721099854,398,42,64
SLB,Basic Matierials,BiLSTM,regression,10,5,2,0.5554622780138524,1.084883451461792,398,42,64
SLB,Basic Matierials,BiLSTM,regression,10,5,3,0.540153529925562,1.083005666732788,398,42,64
SLB,Basic Matierials,BiLSTM,regression,10,5,4,0.5547017843354887,1.080771803855896,398,42,64
SLB,Basic Matierials,BiLSTM,regression,10,5,5,0.553363892600764,1.0778311491012573,398,42,64
SLB,Basic Matierials,BiLSTM,regression,10,5,6,0.5385763000453537,1.0738341808319092,398,42,64
SLB,Basic Matierials,BiLSTM,regression,10,5,7,0.5392158749564808,1.0692063570022583,398,42,64
SLB,Basic Matierials,BiLSTM,regression,10,5,8,0.5181635760482232,1.063335657119751,398,42,64
SLB,Basic Matierials,BiLSTM,regression,10,5,9,0.5293719270570794,1.0592026710510254,398,42,64
SLB,Basic Matierials,BiLSTM,regression,10,5,10,0.5023286789655685,1.0556700229644775,398,42,64
SLB,Basic Matierials,BiLSTM,regression,10,5,11,0.547069638593113,1.055116057395935,398,42,64
SLB,Basic Matierials,BiLSTM,regression,10,5,12,0.5085163615157257,1.053046464920044,398,42,64
SLB,Basic Matierials,BiLSTM,regression,10,5,13,0.5342133002514815,1.0551824569702148,398,42,64
SLB,Basic Matierials,BiLSTM,regression,10,5,14,0.5283591022443532,1.0529767274856567,398,42,64
SLB,Basic Matierials,BiLSTM,regression,10,5,15,0.498277947306633,1.0559309720993042,398,42,64
SLB,Basic Matierials,BiLSTM,regression,10,5,16,0.5296284430590107,1.058624267578125,398,42,64
SLB,Basic Matierials,BiLSTM,regression,10,5,17,0.5308635470331015,1.0576096773147583,398,42,64
SLB,Basic Matierials,BiLSTM,regression,10,5,18,0.5093555152416229,1.0574456453323364,398,42,64
SLB,Basic Matierials,BiLSTM,regression,10,5,19,0.4900833626638106,1.0564452409744263,398,42,64
SNP,Basic Matierials,BiLSTM,regression,10,5,1,0.576283196408545,1.3626971244812012,398,42,64
SNP,Basic Matierials,BiLSTM,regression,10,5,2,0.5981348173402662,1.3608454465866089,398,42,64
SNP,Basic Matierials,BiLSTM,regression,10,5,3,0.6337251333735097,1.3591749668121338,398,42,64
SNP,Basic Matierials,BiLSTM,regression,10,5,4,0.6295071633616883,1.3584965467453003,398,42,64
SNP,Basic Matierials,BiLSTM,regression,10,5,5,0.6053506264734507,1.3593823909759521,398,42,64
SNP,Basic Matierials,BiLSTM,regression,10,5,6,0.5714153037897906,1.3603707551956177,398,42,64
SNP,Basic Matierials,BiLSTM,regression,10,5,7,0.5822819507301752,1.3639719486236572,398,42,64
SNP,Basic Matierials,BiLSTM,regression,10,5,8,0.617399540079299,1.367032527923584,398,42,64
SNP,Basic Matierials,BiLSTM,regression,10,5,9,0.5853058549027946,1.3714550733566284,398,42,64
SNP,Basic Matierials,BiLSTM,regression,10,5,10,0.5441290240491455,1.3746126890182495,398,42,64
SNP,Basic Matierials,BiLSTM,regression,10,5,11,0.5537185013743501,1.3849644660949707,398,42,64
SNY,Healthcare,BiLSTM,regression,10,5,1,0.5302466461856161,0.7469037771224976,398,42,64
SNY,Healthcare,BiLSTM,regression,10,5,2,0.5018762934522413,0.7456274032592773,398,42,64
SNY,Healthcare,BiLSTM,regression,10,5,3,0.4936126674988761,0.7443143725395203,398,42,64
SNY,Healthcare,BiLSTM,regression,10,5,4,0.4932726918153427,0.7431532740592957,398,42,64
SNY,Healthcare,BiLSTM,regression,10,5,5,0.5122670309627475,0.7405663728713989,398,42,64
SNY,Healthcare,BiLSTM,regression,10,5,6,0.4856819125575636,0.7369917035102844,398,42,64
SNY,Healthcare,BiLSTM,regression,10,5,7,0.5007057988538814,0.7326346635818481,398,42,64
SNY,Healthcare,BiLSTM,regression,10,5,8,0.4774146198327817,0.7275052070617676,398,42,64
SNY,Healthcare,BiLSTM,regression,10,5,9,0.5157525425205878,0.7218669652938843,398,42,64
SNY,Healthcare,BiLSTM,regression,10,5,10,0.4806232942857934,0.7196413278579712,398,42,64
SNY,Healthcare,BiLSTM,regression,10,5,11,0.47216204018449065,0.720330536365509,398,42,64
SNY,Healthcare,BiLSTM,regression,10,5,12,0.49955448388454304,0.720478355884552,398,42,64
SNY,Healthcare,BiLSTM,regression,10,5,13,0.4642331972343838,0.7167582511901855,398,42,64
SNY,Healthcare,BiLSTM,regression,10,5,14,0.4653551514124751,0.7139011025428772,398,42,64
SNY,Healthcare,BiLSTM,regression,10,5,15,0.4792220652402945,0.7121346592903137,398,42,64
SNY,Healthcare,BiLSTM,regression,10,5,16,0.4903634563462818,0.7086092829704285,398,42,64
SNY,Healthcare,BiLSTM,regression,10,5,17,0.4660622490261068,0.7098603248596191,398,42,64
SNY,Healthcare,BiLSTM,regression,10,5,18,0.4966129305674203,0.7104837894439697,398,42,64
SNY,Healthcare,BiLSTM,regression,10,5,19,0.44217062969902654,0.7134681940078735,398,42,64
SNY,Healthcare,BiLSTM,regression,10,5,20,0.41642400577439737,0.7117490172386169,398,42,64
SNY,Healthcare,BiLSTM,regression,10,5,21,0.44325463488772887,0.7102831602096558,398,42,64
SNY,Healthcare,BiLSTM,regression,10,5,22,0.4522072237415529,0.7087241411209106,398,42,64
SNY,Healthcare,BiLSTM,regression,10,5,23,0.444244970778125,0.708892822265625,398,42,64
SNY,Healthcare,BiLSTM,regression,10,5,24,0.4427355661913378,0.7086704969406128,398,42,64
SNY,Healthcare,BiLSTM,regression,10,5,25,0.42738418760311664,0.7077771425247192,398,42,64
SO,Utilities,BiLSTM,regression,10,5,1,0.5344706674916061,0.8638719320297241,398,42,64
SO,Utilities,BiLSTM,regression,10,5,2,0.611490561434971,0.8648764491081238,398,42,64
SO,Utilities,BiLSTM,regression,10,5,3,0.5840303071180181,0.8668294548988342,398,42,64
SO,Utilities,BiLSTM,regression,10,5,4,0.5696439674152202,0.8690416216850281,398,42,64
SO,Utilities,BiLSTM,regression,10,5,5,0.5611900977752916,0.872361958026886,398,42,64
SO,Utilities,BiLSTM,regression,10,5,6,0.5764253091572518,0.8762344121932983,398,42,64
SO,Utilities,BiLSTM,regression,10,5,7,0.5244216736237607,0.8793892860412598,398,42,64
SO,Utilities,BiLSTM,regression,10,5,8,0.5619844941038582,0.8814138174057007,398,42,64
SO,Utilities,BiLSTM,regression,10,5,9,0.5439320191666109,0.8813856244087219,398,42,64
SO,Utilities,BiLSTM,regression,10,5,10,0.5696573503053368,0.8802641034126282,398,42,64
SO,Utilities,BiLSTM,regression,10,5,11,0.5310582102243625,0.8803837299346924,398,42,64
SPLP,Conglomerates,BiLSTM,regression,10,5,1,0.5456851094811406,0.3251320421695709,398,42,64
SPLP,Conglomerates,BiLSTM,regression,10,5,2,0.5208770051673429,0.32470032572746277,398,42,64
SPLP,Conglomerates,BiLSTM,regression,10,5,3,0.5149547477163862,0.32366931438446045,398,42,64
SPLP,Conglomerates,BiLSTM,regression,10,5,4,0.5276358454071697,0.3226223587989807,398,42,64
SPLP,Conglomerates,BiLSTM,regression,10,5,5,0.5134360823199977,0.32117658853530884,398,42,64
SPLP,Conglomerates,BiLSTM,regression,10,5,6,0.5236517460501973,0.3195914030075073,398,42,64
SPLP,Conglomerates,BiLSTM,regression,10,5,7,0.4952938775321347,0.3178747594356537,398,42,64
SPLP,Conglomerates,BiLSTM,regression,10,5,8,0.47219944973686834,0.3161924481391907,398,42,64
SPLP,Conglomerates,BiLSTM,regression,10,5,9,0.5032201855625938,0.31427305936813354,398,42,64
SPLP,Conglomerates,BiLSTM,regression,10,5,10,0.4858453520877877,0.3129767179489136,398,42,64
SPLP,Conglomerates,BiLSTM,regression,10,5,11,0.4969006645020528,0.31160882115364075,398,42,64
SPLP,Conglomerates,BiLSTM,regression,10,5,12,0.5148093955001639,0.3111099898815155,398,42,64
SPLP,Conglomerates,BiLSTM,regression,10,5,13,0.4831859306174906,0.3107239603996277,398,42,64
SPLP,Conglomerates,BiLSTM,regression,10,5,14,0.4810630818407739,0.3106681704521179,398,42,64
SPLP,Conglomerates,BiLSTM,regression,10,5,15,0.4655064654410185,0.3104155361652374,398,42,64
SPLP,Conglomerates,BiLSTM,regression,10,5,16,0.49863165377372476,0.310472309589386,398,42,64
SPLP,Conglomerates,BiLSTM,regression,10,5,17,0.48194036471783813,0.3106456995010376,398,42,64
SPLP,Conglomerates,BiLSTM,regression,10,5,18,0.5068577688243521,0.3114389181137085,398,42,64
SPLP,Conglomerates,BiLSTM,regression,10,5,19,0.4490598083740503,0.31115835905075073,398,42,64
SPLP,Conglomerates,BiLSTM,regression,10,5,20,0.4507222007866481,0.3110085129737854,398,42,64
SPLP,Conglomerates,BiLSTM,regression,10,5,21,0.46496770954012273,0.3110722303390503,398,42,64
SPLP,Conglomerates,BiLSTM,regression,10,5,22,0.4778173061171968,0.3112315535545349,398,42,64
SPLP,Conglomerates,BiLSTM,regression,10,5,23,0.4433760987454323,0.3111276626586914,398,42,64
SRE,Utilities,BiLSTM,regression,10,5,1,0.5429888506930078,1.4476573467254639,398,42,64
SRE,Utilities,BiLSTM,regression,10,5,2,0.5984920260295197,1.4470194578170776,398,42,64
SRE,Utilities,BiLSTM,regression,10,5,3,0.5777792926110215,1.4467977285385132,398,42,64
SRE,Utilities,BiLSTM,regression,10,5,4,0.5657489470501041,1.4472287893295288,398,42,64
SRE,Utilities,BiLSTM,regression,10,5,5,0.5524067715484293,1.447352647781372,398,42,64
SRE,Utilities,BiLSTM,regression,10,5,6,0.5653517932149034,1.4476912021636963,398,42,64
SRE,Utilities,BiLSTM,regression,10,5,7,0.5378647651804153,1.4501813650131226,398,42,64
SRE,Utilities,BiLSTM,regression,10,5,8,0.5526925039351286,1.4566960334777832,398,42,64
SRE,Utilities,BiLSTM,regression,10,5,9,0.5301206935590236,1.4652053117752075,398,42,64
SRE,Utilities,BiLSTM,regression,10,5,10,0.5437116288959082,1.475043773651123,398,42,64
SRE,Utilities,BiLSTM,regression,10,5,11,0.5269086259094315,1.4820759296417236,398,42,64
T,Technology,BiLSTM,regression,10,5,1,0.609991459091704,0.5102372765541077,398,42,64
T,Technology,BiLSTM,regression,10,5,2,0.6518714946119031,0.5121109485626221,398,42,64
T,Technology,BiLSTM,regression,10,5,3,0.6157649393057704,0.5166783928871155,398,42,64
T,Technology,BiLSTM,regression,10,5,4,0.6516586020963275,0.5265593528747559,398,42,64
T,Technology,BiLSTM,regression,10,5,5,0.5898488984635127,0.5411549806594849,398,42,64
T,Technology,BiLSTM,regression,10,5,6,0.6077239591272632,0.5638118386268616,398,42,64
T,Technology,BiLSTM,regression,10,5,7,0.595892388616974,0.5938819050788879,398,42,64
T,Technology,BiLSTM,regression,10,5,8,0.5966247823370162,0.629684567451477,398,42,64
T,Technology,BiLSTM,regression,10,5,9,0.5983940568102065,0.6712856888771057,398,42,64
T,Technology,BiLSTM,regression,10,5,10,0.5600536822074622,0.7067340016365051,398,42,64
T,Technology,BiLSTM,regression,10,5,11,0.5824084780623565,0.7358226180076599,398,42,64
TM,Consumer Goods,BiLSTM,regression,10,5,1,0.6056635265973345,1.1332942247390747,398,42,64
TM,Consumer Goods,BiLSTM,regression,10,5,2,0.6296006009806341,1.1359782218933105,398,42,64
TM,Consumer Goods,BiLSTM,regression,10,5,3,0.6343693168618572,1.1389933824539185,398,42,64
TM,Consumer Goods,BiLSTM,regression,10,5,4,0.6314593802145378,1.142775535583496,398,42,64
TM,Consumer Goods,BiLSTM,regression,10,5,5,0.6097706460473525,1.1484057903289795,398,42,64
TM,Consumer Goods,BiLSTM,regression,10,5,6,0.6506858376701873,1.1550829410552979,398,42,64
TM,Consumer Goods,BiLSTM,regression,10,5,7,0.5897982911248902,1.1625468730926514,398,42,64
TM,Consumer Goods,BiLSTM,regression,10,5,8,0.5896334955141173,1.1720008850097656,398,42,64
TM,Consumer Goods,BiLSTM,regression,10,5,9,0.5970705163538755,1.1821722984313965,398,42,64
TM,Consumer Goods,BiLSTM,regression,10,5,10,0.6243663226539765,1.1891701221466064,398,42,64
TM,Consumer Goods,BiLSTM,regression,10,5,11,0.5642511723329074,1.195341944694519,398,42,64
TOT,Basic Matierials,BiLSTM,regression,10,5,1,0.6412567906643278,1.3558661937713623,398,42,64
TOT,Basic Matierials,BiLSTM,regression,10,5,2,0.6538311969395258,1.3557552099227905,398,42,64
TOT,Basic Matierials,BiLSTM,regression,10,5,3,0.6025321474626436,1.3529781103134155,398,42,64
TOT,Basic Matierials,BiLSTM,regression,10,5,4,0.586547361396665,1.3490554094314575,398,42,64
TOT,Basic Matierials,BiLSTM,regression,10,5,5,0.5831814251053873,1.3430384397506714,398,42,64
TOT,Basic Matierials,BiLSTM,regression,10,5,6,0.6083037549227326,1.3353561162948608,398,42,64
TOT,Basic Matierials,BiLSTM,regression,10,5,7,0.6128420575180246,1.3268325328826904,398,42,64
TOT,Basic Matierials,BiLSTM,regression,10,5,8,0.5758516625243815,1.3183541297912598,398,42,64
TOT,Basic Matierials,BiLSTM,regression,10,5,9,0.5810847505552685,1.305220127105713,398,42,64
TOT,Basic Matierials,BiLSTM,regression,10,5,10,0.5501898152744351,1.2907122373580933,398,42,64
TOT,Basic Matierials,BiLSTM,regression,10,5,11,0.5854982318890155,1.2800335884094238,398,42,64
TOT,Basic Matierials,BiLSTM,regression,10,5,12,0.6011611886659459,1.275515079498291,398,42,64
TOT,Basic Matierials,BiLSTM,regression,10,5,13,0.574790077443099,1.2682631015777588,398,42,64
TOT,Basic Matierials,BiLSTM,regression,10,5,14,0.5840695735497691,1.263339877128601,398,42,64
TOT,Basic Matierials,BiLSTM,regression,10,5,15,0.5498724248091779,1.2607507705688477,398,42,64
TOT,Basic Matierials,BiLSTM,regression,10,5,16,0.525079196646585,1.2547329664230347,398,42,64
TOT,Basic Matierials,BiLSTM,regression,10,5,17,0.5863242576170207,1.2531912326812744,398,42,64
TOT,Basic Matierials,BiLSTM,regression,10,5,18,0.5604283603741296,1.249914288520813,398,42,64
TOT,Basic Matierials,BiLSTM,regression,10,5,19,0.5062805637342846,1.245063066482544,398,42,64
TOT,Basic Matierials,BiLSTM,regression,10,5,20,0.5222959391885067,1.2423735857009888,398,42,64
TOT,Basic Matierials,BiLSTM,regression,10,5,21,0.5482716382148877,1.2433773279190063,398,42,64
TOT,Basic Matierials,BiLSTM,regression,10,5,22,0.535678767079684,1.244234323501587,398,42,64
TOT,Basic Matierials,BiLSTM,regression,10,5,23,0.5519648878718141,1.243317723274231,398,42,64
TOT,Basic Matierials,BiLSTM,regression,10,5,24,0.5233118036883561,1.2404762506484985,398,42,64
TOT,Basic Matierials,BiLSTM,regression,10,5,25,0.5253863852826794,1.2401416301727295,398,42,64
TOT,Basic Matierials,BiLSTM,regression,10,5,26,0.5056546281779831,1.2373682260513306,398,42,64
TOT,Basic Matierials,BiLSTM,regression,10,5,27,0.4952029515450923,1.231846570968628,398,42,64
TOT,Basic Matierials,BiLSTM,regression,10,5,28,0.5100860904209578,1.2303929328918457,398,42,64
TOT,Basic Matierials,BiLSTM,regression,10,5,29,0.5081002463647468,1.2308558225631714,398,42,64
TOT,Basic Matierials,BiLSTM,regression,10,5,30,0.5200152463050344,1.2294710874557495,398,42,64
TSM,Technology,BiLSTM,regression,10,5,1,0.5968260513478189,0.7511876821517944,398,42,64
TSM,Technology,BiLSTM,regression,10,5,2,0.601826531204147,0.752248227596283,398,42,64
TSM,Technology,BiLSTM,regression,10,5,3,0.5750642089388478,0.755328357219696,398,42,64
TSM,Technology,BiLSTM,regression,10,5,4,0.5420335591138907,0.7627009749412537,398,42,64
TSM,Technology,BiLSTM,regression,10,5,5,0.5924662399531608,0.7748305797576904,398,42,64
TSM,Technology,BiLSTM,regression,10,5,6,0.5971484507747631,0.7932850122451782,398,42,64
TSM,Technology,BiLSTM,regression,10,5,7,0.5639987180580446,0.8203210234642029,398,42,64
TSM,Technology,BiLSTM,regression,10,5,8,0.5432417326836131,0.8509625196456909,398,42,64
TSM,Technology,BiLSTM,regression,10,5,9,0.5544782158118396,0.8876012563705444,398,42,64
TSM,Technology,BiLSTM,regression,10,5,10,0.5601006093336709,0.9106670618057251,398,42,64
TSM,Technology,BiLSTM,regression,10,5,11,0.5542369589733718,0.9260106682777405,398,42,64
UL,Consumer Goods,BiLSTM,regression,10,5,1,0.6493234167146922,1.2624527215957642,398,42,64
UL,Consumer Goods,BiLSTM,regression,10,5,2,0.625211399853529,1.2606700658798218,398,42,64
UL,Consumer Goods,BiLSTM,regression,10,5,3,0.5938370218828096,1.2586497068405151,398,42,64
UL,Consumer Goods,BiLSTM,regression,10,5,4,0.5634272703573332,1.258671522140503,398,42,64
UL,Consumer Goods,BiLSTM,regression,10,5,5,0.5421193451737639,1.257174015045166,398,42,64
UL,Consumer Goods,BiLSTM,regression,10,5,6,0.5759188019151065,1.2582951784133911,398,42,64
UL,Consumer Goods,BiLSTM,regression,10,5,7,0.5880398959969756,1.2602843046188354,398,42,64
UL,Consumer Goods,BiLSTM,regression,10,5,8,0.5428173726228014,1.2617558240890503,398,42,64
UL,Consumer Goods,BiLSTM,regression,10,5,9,0.5643787345095496,1.2585856914520264,398,42,64
UL,Consumer Goods,BiLSTM,regression,10,5,10,0.5632155247070082,1.2554806470870972,398,42,64
UL,Consumer Goods,BiLSTM,regression,10,5,11,0.48855245038492595,1.254548192024231,398,42,64
UL,Consumer Goods,BiLSTM,regression,10,5,12,0.534572682937785,1.2523131370544434,398,42,64
UL,Consumer Goods,BiLSTM,regression,10,5,13,0.5537565230724201,1.255918264389038,398,42,64
UL,Consumer Goods,BiLSTM,regression,10,5,14,0.5027979273891928,1.248569369316101,398,42,64
UL,Consumer Goods,BiLSTM,regression,10,5,15,0.5242386431849781,1.2455735206604004,398,42,64
UL,Consumer Goods,BiLSTM,regression,10,5,16,0.5317094987960317,1.2437525987625122,398,42,64
UL,Consumer Goods,BiLSTM,regression,10,5,17,0.550746618802823,1.2422945499420166,398,42,64
UL,Consumer Goods,BiLSTM,regression,10,5,18,0.5505719581740586,1.239682912826538,398,42,64
UL,Consumer Goods,BiLSTM,regression,10,5,19,0.5337449475448934,1.2379814386367798,398,42,64
UL,Consumer Goods,BiLSTM,regression,10,5,20,0.49098409371609664,1.2407805919647217,398,42,64
UL,Consumer Goods,BiLSTM,regression,10,5,21,0.4855378406431208,1.241495966911316,398,42,64
UL,Consumer Goods,BiLSTM,regression,10,5,22,0.5131928919997047,1.244612216949463,398,42,64
UL,Consumer Goods,BiLSTM,regression,10,5,23,0.510099244177641,1.2443684339523315,398,42,64
UL,Consumer Goods,BiLSTM,regression,10,5,24,0.49403603449838246,1.2422963380813599,398,42,64
UL,Consumer Goods,BiLSTM,regression,10,5,25,0.5091158275178929,1.2449960708618164,398,42,64
UL,Consumer Goods,BiLSTM,regression,10,5,26,0.5020871794403498,1.2430318593978882,398,42,64
UL,Consumer Goods,BiLSTM,regression,10,5,27,0.4261699902951418,1.242377758026123,398,42,64
UL,Consumer Goods,BiLSTM,regression,10,5,28,0.4884661304291768,1.2385380268096924,398,42,64
UN,Consumer Goods,BiLSTM,regression,10,5,1,0.5934649981446003,1.2930686473846436,398,42,64
UN,Consumer Goods,BiLSTM,regression,10,5,2,0.5937151112149109,1.2888458967208862,398,42,64
UN,Consumer Goods,BiLSTM,regression,10,5,3,0.5650527549149403,1.2832789421081543,398,42,64
UN,Consumer Goods,BiLSTM,regression,10,5,4,0.5583774058064025,1.2763006687164307,398,42,64
UN,Consumer Goods,BiLSTM,regression,10,5,5,0.6128211843608012,1.2675094604492188,398,42,64
UN,Consumer Goods,BiLSTM,regression,10,5,6,0.5804954851093005,1.2553900480270386,398,42,64
UN,Consumer Goods,BiLSTM,regression,10,5,7,0.6039174276979724,1.2459954023361206,398,42,64
UN,Consumer Goods,BiLSTM,regression,10,5,8,0.554258252058796,1.2338166236877441,398,42,64
UN,Consumer Goods,BiLSTM,regression,10,5,9,0.5516478681384619,1.2284362316131592,398,42,64
UN,Consumer Goods,BiLSTM,regression,10,5,10,0.5542895497389175,1.2253421545028687,398,42,64
UN,Consumer Goods,BiLSTM,regression,10,5,11,0.5460004053223673,1.2267909049987793,398,42,64
UN,Consumer Goods,BiLSTM,regression,10,5,12,0.5521963442390289,1.2251776456832886,398,42,64
UN,Consumer Goods,BiLSTM,regression,10,5,13,0.530907667761472,1.2194825410842896,398,42,64
UN,Consumer Goods,BiLSTM,regression,10,5,14,0.5393889850407989,1.2206206321716309,398,42,64
UN,Consumer Goods,BiLSTM,regression,10,5,15,0.5227107612331908,1.2190110683441162,398,42,64
UN,Consumer Goods,BiLSTM,regression,10,5,16,0.5209821221516959,1.2129902839660645,398,42,64
UN,Consumer Goods,BiLSTM,regression,10,5,17,0.5369103107620125,1.2128324508666992,398,42,64
UN,Consumer Goods,BiLSTM,regression,10,5,18,0.5280054322439223,1.214871883392334,398,42,64
UN,Consumer Goods,BiLSTM,regression,10,5,19,0.519135740159744,1.216619610786438,398,42,64
UN,Consumer Goods,BiLSTM,regression,10,5,20,0.5340765692181324,1.2152481079101562,398,42,64
UN,Consumer Goods,BiLSTM,regression,10,5,21,0.4972998519339154,1.2171130180358887,398,42,64
UN,Consumer Goods,BiLSTM,regression,10,5,22,0.5068412477047599,1.2174429893493652,398,42,64
UN,Consumer Goods,BiLSTM,regression,10,5,23,0.5217518718098876,1.2212204933166504,398,42,64
UN,Consumer Goods,BiLSTM,regression,10,5,24,0.505041137113044,1.2151869535446167,398,42,64
UN,Consumer Goods,BiLSTM,regression,10,5,25,0.47557411092010576,1.2179315090179443,398,42,64
UN,Consumer Goods,BiLSTM,regression,10,5,26,0.5060340269426604,1.2222275733947754,398,42,64
UNH,Healthcare,BiLSTM,regression,10,5,1,0.5724126133487453,1.2629367113113403,398,42,64
UNH,Healthcare,BiLSTM,regression,10,5,2,0.6067877678415883,1.2625117301940918,398,42,64
UNH,Healthcare,BiLSTM,regression,10,5,3,0.6674865951490163,1.2620793581008911,398,42,64
UNH,Healthcare,BiLSTM,regression,10,5,4,0.5663739847178435,1.2610201835632324,398,42,64
UNH,Healthcare,BiLSTM,regression,10,5,5,0.5631309548514573,1.2595692873001099,398,42,64
UNH,Healthcare,BiLSTM,regression,10,5,6,0.5923199683577571,1.2566378116607666,398,42,64
UNH,Healthcare,BiLSTM,regression,10,5,7,0.5598349343592198,1.2528188228607178,398,42,64
UNH,Healthcare,BiLSTM,regression,10,5,8,0.558757766107818,1.2510154247283936,398,42,64
UNH,Healthcare,BiLSTM,regression,10,5,9,0.5999159031177885,1.249544382095337,398,42,64
UNH,Healthcare,BiLSTM,regression,10,5,10,0.5252855776542396,1.2539225816726685,398,42,64
UNH,Healthcare,BiLSTM,regression,10,5,11,0.5496732673453326,1.2591652870178223,398,42,64
UNH,Healthcare,BiLSTM,regression,10,5,12,0.5494488938968984,1.262660264968872,398,42,64
UNH,Healthcare,BiLSTM,regression,10,5,13,0.5773754482293249,1.2670958042144775,398,42,64
UNH,Healthcare,BiLSTM,regression,10,5,14,0.5373101210474369,1.2644453048706055,398,42,64
UNH,Healthcare,BiLSTM,regression,10,5,15,0.5196758228630277,1.266749620437622,398,42,64
UNH,Healthcare,BiLSTM,regression,10,5,16,0.5057669386791823,1.2672317028045654,398,42,64
UNH,Healthcare,BiLSTM,regression,10,5,17,0.49859313254979387,1.2725902795791626,398,42,64
UPS,Services,BiLSTM,regression,10,5,1,0.5671051842483443,0.6551908254623413,398,42,64
UPS,Services,BiLSTM,regression,10,5,2,0.559402039901695,0.6538644433021545,398,42,64
UPS,Services,BiLSTM,regression,10,5,3,0.5563586327298802,0.6534629464149475,398,42,64
UPS,Services,BiLSTM,regression,10,5,4,0.5116395195524897,0.6532602906227112,398,42,64
UPS,Services,BiLSTM,regression,10,5,5,0.5491364068122365,0.6523011922836304,398,42,64
UPS,Services,BiLSTM,regression,10,5,6,0.5346157934198428,0.6511145830154419,398,42,64
UPS,Services,BiLSTM,regression,10,5,7,0.5138899680957123,0.6498672962188721,398,42,64
UPS,Services,BiLSTM,regression,10,5,8,0.5111718141852911,0.6468768119812012,398,42,64
UPS,Services,BiLSTM,regression,10,5,9,0.5204549171217722,0.6420329213142395,398,42,64
UPS,Services,BiLSTM,regression,10,5,10,0.5023630857467651,0.6415618062019348,398,42,64
UPS,Services,BiLSTM,regression,10,5,11,0.5207400435778364,0.6387207508087158,398,42,64
UPS,Services,BiLSTM,regression,10,5,12,0.5015633986822924,0.6400578022003174,398,42,64
UPS,Services,BiLSTM,regression,10,5,13,0.4733465945900385,0.6396857500076294,398,42,64
UPS,Services,BiLSTM,regression,10,5,14,0.47438139711792143,0.6400149464607239,398,42,64
UPS,Services,BiLSTM,regression,10,5,15,0.478302132544206,0.6417528390884399,398,42,64
UPS,Services,BiLSTM,regression,10,5,16,0.48998118644982724,0.6363612413406372,398,42,64
UPS,Services,BiLSTM,regression,10,5,17,0.4551918878028141,0.6367964148521423,398,42,64
UPS,Services,BiLSTM,regression,10,5,18,0.4896318073847785,0.6360103487968445,398,42,64
UPS,Services,BiLSTM,regression,10,5,19,0.47853095687214453,0.6354197263717651,398,42,64
UPS,Services,BiLSTM,regression,10,5,20,0.4806551190476921,0.6376528143882751,398,42,64
UPS,Services,BiLSTM,regression,10,5,21,0.47714740607007666,0.6356744766235352,398,42,64
UTX,Industrial Goods,BiLSTM,regression,10,5,1,0.6025381711260158,1.0691297054290771,398,42,64
UTX,Industrial Goods,BiLSTM,regression,10,5,2,0.5780468154792211,1.0654853582382202,398,42,64
UTX,Industrial Goods,BiLSTM,regression,10,5,3,0.5847400612567537,1.0595852136611938,398,42,64
UTX,Industrial Goods,BiLSTM,regression,10,5,4,0.5782481198334813,1.0532976388931274,398,42,64
UTX,Industrial Goods,BiLSTM,regression,10,5,5,0.5685818135438852,1.048326015472412,398,42,64
UTX,Industrial Goods,BiLSTM,regression,10,5,6,0.6290851274327417,1.046842098236084,398,42,64
UTX,Industrial Goods,BiLSTM,regression,10,5,7,0.5897534636396858,1.0510857105255127,398,42,64
UTX,Industrial Goods,BiLSTM,regression,10,5,8,0.6031829232546553,1.061482548713684,398,42,64
UTX,Industrial Goods,BiLSTM,regression,10,5,9,0.5304723852243854,1.0747870206832886,398,42,64
UTX,Industrial Goods,BiLSTM,regression,10,5,10,0.5431350535483815,1.0978071689605713,398,42,64
UTX,Industrial Goods,BiLSTM,regression,10,5,11,0.5142966838338268,1.102457880973816,398,42,64
UTX,Industrial Goods,BiLSTM,regression,10,5,12,0.5356055863538579,1.1103179454803467,398,42,64
UTX,Industrial Goods,BiLSTM,regression,10,5,13,0.5451831242546963,1.1081188917160034,398,42,64
UTX,Industrial Goods,BiLSTM,regression,10,5,14,0.5153830075383785,1.1088154315948486,398,42,64
UTX,Industrial Goods,BiLSTM,regression,10,5,15,0.5275277911718167,1.1142351627349854,398,42,64
V,Financial,BiLSTM,regression,10,5,1,0.5083507197586137,0.6381218433380127,398,42,64
V,Financial,BiLSTM,regression,10,5,2,0.5256398715565552,0.6358088254928589,398,42,64
V,Financial,BiLSTM,regression,10,5,3,0.5152902687015246,0.6332910060882568,398,42,64
V,Financial,BiLSTM,regression,10,5,4,0.5045447379500423,0.6295644044876099,398,42,64
V,Financial,BiLSTM,regression,10,5,5,0.4784267338077028,0.6245465278625488,398,42,64
V,Financial,BiLSTM,regression,10,5,6,0.5000662869544484,0.6181015968322754,398,42,64
V,Financial,BiLSTM,regression,10,5,7,0.5059784905395316,0.6113055348396301,398,42,64
V,Financial,BiLSTM,regression,10,5,8,0.49411581748694033,0.6060597896575928,398,42,64
V,Financial,BiLSTM,regression,10,5,9,0.4836595034479496,0.6025537848472595,398,42,64
V,Financial,BiLSTM,regression,10,5,10,0.4642023207554266,0.6023229360580444,398,42,64
V,Financial,BiLSTM,regression,10,5,11,0.4906951344791968,0.60383141040802,398,42,64
V,Financial,BiLSTM,regression,10,5,12,0.49683133172030425,0.6046867370605469,398,42,64
V,Financial,BiLSTM,regression,10,5,13,0.47573765228741133,0.6039014458656311,398,42,64
V,Financial,BiLSTM,regression,10,5,14,0.4883463208998867,0.6041847467422485,398,42,64
V,Financial,BiLSTM,regression,10,5,15,0.47470231361724624,0.6064455509185791,398,42,64
V,Financial,BiLSTM,regression,10,5,16,0.4495194245822466,0.606678307056427,398,42,64
V,Financial,BiLSTM,regression,10,5,17,0.4937013807009213,0.6043074131011963,398,42,64
V,Financial,BiLSTM,regression,10,5,18,0.47714663929675694,0.6040827035903931,398,42,64
VZ,Technology,BiLSTM,regression,10,5,1,0.5860580274807149,0.7549620270729065,398,42,64
VZ,Technology,BiLSTM,regression,10,5,2,0.5797780067776915,0.7567557096481323,398,42,64
VZ,Technology,BiLSTM,regression,10,5,3,0.6522879873088856,0.7576273083686829,398,42,64
VZ,Technology,BiLSTM,regression,10,5,4,0.599984922600751,0.7602458000183105,398,42,64
VZ,Technology,BiLSTM,regression,10,5,5,0.6031592814766582,0.7654536366462708,398,42,64
VZ,Technology,BiLSTM,regression,10,5,6,0.5728852901626472,0.7757589221000671,398,42,64
VZ,Technology,BiLSTM,regression,10,5,7,0.5827539185782773,0.7935335040092468,398,42,64
VZ,Technology,BiLSTM,regression,10,5,8,0.5536152116916887,0.8172004222869873,398,42,64
VZ,Technology,BiLSTM,regression,10,5,9,0.5350194854951983,0.8484908938407898,398,42,64
VZ,Technology,BiLSTM,regression,10,5,10,0.5188058235836988,0.8782428503036499,398,42,64
VZ,Technology,BiLSTM,regression,10,5,11,0.5376266073341944,0.8994076251983643,398,42,64
WFC,Financial,BiLSTM,regression,10,5,1,0.5998654537764027,1.4038866758346558,398,42,64
WFC,Financial,BiLSTM,regression,10,5,2,0.6055862102376756,1.4028689861297607,398,42,64
WFC,Financial,BiLSTM,regression,10,5,3,0.5473352598784557,1.4040629863739014,398,42,64
WFC,Financial,BiLSTM,regression,10,5,4,0.5683816406295528,1.4064098596572876,398,42,64
WFC,Financial,BiLSTM,regression,10,5,5,0.6352034073379171,1.4089826345443726,398,42,64
WFC,Financial,BiLSTM,regression,10,5,6,0.5577407915837801,1.4115995168685913,398,42,64
WFC,Financial,BiLSTM,regression,10,5,7,0.5767602953479518,1.4133542776107788,398,42,64
WFC,Financial,BiLSTM,regression,10,5,8,0.5550994664131097,1.415030598640442,398,42,64
WFC,Financial,BiLSTM,regression,10,5,9,0.5762397760721907,1.4144285917282104,398,42,64
WFC,Financial,BiLSTM,regression,10,5,10,0.5414456776039085,1.4126113653182983,398,42,64
WFC,Financial,BiLSTM,regression,10,5,11,0.5483552431266512,1.41293203830719,398,42,64
WMT,Services,BiLSTM,regression,10,5,1,0.6241539171592674,1.097449541091919,398,42,64
WMT,Services,BiLSTM,regression,10,5,2,0.6054528563765426,1.0975407361984253,398,42,64
WMT,Services,BiLSTM,regression,10,5,3,0.657428841944316,1.0985499620437622,398,42,64
WMT,Services,BiLSTM,regression,10,5,4,0.621884279514677,1.0999449491500854,398,42,64
WMT,Services,BiLSTM,regression,10,5,5,0.6026740644744892,1.10072660446167,398,42,64
WMT,Services,BiLSTM,regression,10,5,6,0.5780466200418808,1.1012437343597412,398,42,64
WMT,Services,BiLSTM,regression,10,5,7,0.5815367474028813,1.1041194200515747,398,42,64
WMT,Services,BiLSTM,regression,10,5,8,0.6277364156953055,1.1066129207611084,398,42,64
WMT,Services,BiLSTM,regression,10,5,9,0.5726853580630604,1.1111361980438232,398,42,64
WMT,Services,BiLSTM,regression,10,5,10,0.608730813067163,1.1195920705795288,398,42,64
WMT,Services,BiLSTM,regression,10,5,11,0.5772626861255972,1.1270405054092407,398,42,64
XOM,Basic Matierials,BiLSTM,regression,10,5,1,0.6016880507445216,1.318666696548462,398,42,64
XOM,Basic Matierials,BiLSTM,regression,10,5,2,0.6136430609765364,1.319519281387329,398,42,64
XOM,Basic Matierials,BiLSTM,regression,10,5,3,0.5613113815460972,1.3194940090179443,398,42,64
XOM,Basic Matierials,BiLSTM,regression,10,5,4,0.5649370203665154,1.3194074630737305,398,42,64
XOM,Basic Matierials,BiLSTM,regression,10,5,5,0.5494587067982659,1.3216127157211304,398,42,64
XOM,Basic Matierials,BiLSTM,regression,10,5,6,0.5538640765089485,1.3266104459762573,398,42,64
XOM,Basic Matierials,BiLSTM,regression,10,5,7,0.5359308749587093,1.3340309858322144,398,42,64
XOM,Basic Matierials,BiLSTM,regression,10,5,8,0.5474935916799996,1.3472803831100464,398,42,64
XOM,Basic Matierials,BiLSTM,regression,10,5,9,0.5263704468856505,1.3638720512390137,398,42,64
XOM,Basic Matierials,BiLSTM,regression,10,5,10,0.520269310953629,1.3812593221664429,398,42,64
XOM,Basic Matierials,BiLSTM,regression,10,5,11,0.519670342380677,1.3932400941848755,398,42,64
