date,capital_start,capital_end,equity_start,equity_end,daily_pnl_realized,daily_return,early_exits_today,allocation_mode,budget_pre_caps,budget_post_caps,mpt_used,mpt_fallback_used,mpt_weights,exits_today,investments_made,H,initial_capital,initial_training_days,allow_overlap,early_exit_enabled,seed,model_save_path,min_sequence_length,max_sequence_length,kelly_fraction,sector_confidence_threshold,retrain_interval,max_day_gap,mpt_window_days,mpt_lambda,mpt_ridge_eps,mpt_max_weight,mpt_long_only,mpt_use_equal_fallback,mpt_only_budget_fraction,max_total_utilization,max_new_daily_utilization,max_ticker_utilization,max_sector_utilization,max_position_size,max_positions_per_ticker,min_trade_dollars,kelly_trade_cap,drawdown_throttle_levels,model_feature_set,model_feature_group,model_mcc_mean,model_type,model_n_classes,model_ordinal_head,model_sequence_length,model_hidden1,model_hidden2,model_num_layers,model_dropout,model_inter_rnn_drop,model_learning_rate,model_weight_decay,model_batch_size,model_max_epochs,model_early_stopping_patience,model_early_stopping_min_delta,model_lr_patience,model_lr_factor,model_horizon_steps,model_huber_delta,model_t_min,model_t_max,model_t_steps,model_tau_min,model_tau_max,model_tau_steps,model_lambda_balance,model_coord_rounds
2017-04-12,100000.0,84008.53521845335,100000.0,100000.0,0.0,0.0,0,KELLY_ONLY,15991.464781546645,15991.464781546641,False,False,,[],"[{'ticker': 'TM', 'sector': 'Consumer Goods', 'prob_up': 0.59375, 'predicted_prob': 0.59375, 'expected_rise': 0.0005879569798707962, 'bucket_idx': 5, 'investment_fraction': 0.04755027309897997, 'investment_amount': 4755.027309897997, 'allocated_amount': 4755.027309897997, 'exit_date': Timestamp('2017-04-20 00:00:00')}, {'ticker': 'IEP', 'sector': 'Conglomerates', 'prob_up': 0.55517578125, 'predicted_prob': 0.55517578125, 'expected_rise': 0.007662253454327583, 'bucket_idx': 5, 'investment_fraction': 0.045459586325674865, 'investment_amount': 4545.958632567486, 'allocated_amount': 4545.958632567486, 'exit_date': Timestamp('2017-04-20 00:00:00')}, {'ticker': 'NGG', 'sector': 'Utilities', 'prob_up': 0.52587890625, 'predicted_prob': 0.52587890625, 'expected_rise': 0.0008512542117387056, 'bucket_idx': 5, 'investment_fraction': 0.0030260944292724414, 'investment_amount': 302.6094429272441, 'allocated_amount': 302.6094429272441, 'exit_date': Timestamp('2017-04-20 00:00:00')}, {'ticker': 'CHTR', 'sector': 'Services', 'prob_up': 0.51220703125, 'predicted_prob': 0.51220703125, 'expected_rise': 0.004845605697482824, 'bucket_idx': 5, 'investment_fraction': 0.029889906727756523, 'investment_amount': 2988.9906727756525, 'allocated_amount': 2988.9906727756525, 'exit_date': Timestamp('2017-04-20 00:00:00')}, {'ticker': 'UNH', 'sector': 'Healthcare', 'prob_up': 0.478759765625, 'predicted_prob': 0.478759765625, 'expected_rise': 0.0032016541808843613, 'bucket_idx': 0, 'investment_fraction': 0.010267039610892426, 'investment_amount': 1026.7039610892425, 'allocated_amount': 1026.7039610892425, 'exit_date': Timestamp('2017-04-20 00:00:00')}, {'ticker': 'FB', 'sector': 'Technology', 'prob_up': 0.465087890625, 'predicted_prob': 0.465087890625, 'expected_rise': 0.010198099538683891, 'bucket_idx': 0, 'investment_fraction': 0.01341020069673945, 'investment_amount': 1341.020069673945, 'allocated_amount': 1341.020069673945, 'exit_date': Timestamp('2017-04-20 00:00:00')}, {'ticker': 'LMT', 'sector': 'Industrial Goods', 'prob_up': 0.458251953125, 'predicted_prob': 0.458251953125, 'expected_rise': 0.005624447949230671, 'bucket_idx': 0, 'investment_fraction': 0.0013355702284400196, 'investment_amount': 133.55702284400195, 'allocated_amount': 133.55702284400195, 'exit_date': Timestamp('2017-04-20 00:00:00')}, {'ticker': 'BRK-A', 'sector': 'Financial', 'prob_up': 0.45751953125, 'predicted_prob': 0.45751953125, 'expected_rise': 0.0007859449833631516, 'bucket_idx': 0, 'investment_fraction': 0.008975976697710764, 'investment_amount': 897.5976697710764, 'allocated_amount': 897.5976697710764, 'exit_date': Timestamp('2017-04-20 00:00:00')}]",5,100000.0,1109,True,False,42,/mnt/primary/simulation/trained_models_multiclass,12,12,0.2,0.3,200,5,60,1.0,0.0001,0.3,True,True,0.3,0.7,0.3,0.5,0.5,0.1,3,100.0,0.5,"[[0.08, 0.6], [0.15, 0.35]]",sector,sector,0.14460302093247346,BiGRU,6,corn,20,128,128,1,0.3,0.4,0.002368185640959,2.5898782569408105e-05,64,30,10,0.0038640829279896,7,0.4,5,1.3109464249779392,1.0437863717804818,2.6961818009299283,15,0.3419711337313805,0.7051296774893804,31,0.0665674589000914,2
2017-04-13,84008.53521845335,66564.80367564641,100000.0,100000.0,0.0,0.0,0,KELLY_ONLY,17443.73154280695,17443.73154280695,False,False,,[],"[{'ticker': 'TM', 'sector': 'Consumer Goods', 'prob_up': 0.6025390625, 'predicted_prob': 0.6025390625, 'expected_rise': 0.0007028153631836176, 'bucket_idx': 5, 'investment_fraction': 0.050933204883669474, 'investment_amount': 4278.823936258447, 'allocated_amount': 4278.823936258447, 'exit_date': Timestamp('2017-04-21 00:00:00')}, {'ticker': 'IEP', 'sector': 'Conglomerates', 'prob_up': 0.55712890625, 'predicted_prob': 0.55712890625, 'expected_rise': 0.007723239716142416, 'bucket_idx': 5, 'investment_fraction': 0.04612661238109658, 'investment_amount': 3875.029140725299, 'allocated_amount': 3875.029140725299, 'exit_date': Timestamp('2017-04-21 00:00:00')}, {'ticker': 'HON', 'sector': 'Industrial Goods', 'prob_up': 0.53759765625, 'predicted_prob': 0.53759765625, 'expected_rise': 0.0018559778109192848, 'bucket_idx': 0, 'investment_fraction': 0.02935942522242485, 'investment_amount': 2466.442307791626, 'allocated_amount': 2466.442307791626, 'exit_date': Timestamp('2017-04-21 00:00:00')}, {'ticker': 'AMGN', 'sector': 'Healthcare', 'prob_up': 0.52099609375, 'predicted_prob': 0.52099609375, 'expected_rise': 0.002875414676964283, 'bucket_idx': 0, 'investment_fraction': 0.016803991940335574, 'investment_amount': 1411.6787487302875, 'allocated_amount': 1411.6787487302875, 'exit_date': Timestamp('2017-04-21 00:00:00')}, {'ticker': 'CHTR', 'sector': 'Services', 'prob_up': 0.51220703125, 'predicted_prob': 0.51220703125, 'expected_rise': 0.004851126577705145, 'bucket_idx': 5, 'investment_fraction': 0.029804784351542546, 'investment_amount': 2503.8562758749695, 'allocated_amount': 2503.8562758749695, 'exit_date': Timestamp('2017-04-21 00:00:00')}, {'ticker': 'V', 'sector': 'Financial', 'prob_up': 0.5068359375, 'predicted_prob': 0.5068359375, 'expected_rise': 0.005328684579581022, 'bucket_idx': 0, 'investment_fraction': 0.018244616449119667, 'investment_amount': 1532.703503513043, 'allocated_amount': 1532.703503513043, 'exit_date': Timestamp('2017-04-21 00:00:00')}, {'ticker': 'NEE', 'sector': 'Utilities', 'prob_up': 0.492431640625, 'predicted_prob': 0.492431640625, 'expected_rise': 0.0015086495550349355, 'bucket_idx': 0, 'investment_fraction': 0.0032295002753835347, 'investment_amount': 271.3055876225625, 'allocated_amount': 271.3055876225625, 'exit_date': Timestamp('2017-04-21 00:00:00')}, {'ticker': 'FB', 'sector': 'Technology', 'prob_up': 0.464111328125, 'predicted_prob': 0.464111328125, 'expected_rise': 0.010180099867284298, 'bucket_idx': 0, 'investment_fraction': 0.01314023675594609, 'investment_amount': 1103.8920422907124, 'allocated_amount': 1103.8920422907124, 'exit_date': Timestamp('2017-04-21 00:00:00')}]",5,100000.0,1109,True,False,42,/mnt/primary/simulation/trained_models_multiclass,12,12,0.2,0.3,200,5,60,1.0,0.0001,0.3,True,True,0.3,0.7,0.3,0.5,0.5,0.1,3,100.0,0.5,"[[0.08, 0.6], [0.15, 0.35]]",sector,sector,0.14460302093247346,BiGRU,6,corn,20,128,128,1,0.3,0.4,0.002368185640959,2.5898782569408105e-05,64,30,10,0.0038640829279896,7,0.4,5,1.3109464249779392,1.0437863717804818,2.6961818009299283,15,0.3419711337313805,0.7051296774893804,31,0.0665674589000914,2
2017-04-17,66564.80367564641,53726.603802648795,100000.0,100000.0,0.0,0.0,0,KELLY_ONLY,12838.199872997619,12838.199872997617,False,False,,[],"[{'ticker': 'TM', 'sector': 'Consumer Goods', 'prob_up': 0.60400390625, 'predicted_prob': 0.60400390625, 'expected_rise': 0.0007370305247604847, 'bucket_idx': 5, 'investment_fraction': 0.051528487343889866, 'investment_amount': 3429.98364374906, 'allocated_amount': 3429.98364374906, 'exit_date': Timestamp('2017-04-24 00:00:00')}, {'ticker': 'IEP', 'sector': 'Conglomerates', 'prob_up': 0.5625, 'predicted_prob': 0.5625, 'expected_rise': 0.007757564075291157, 'bucket_idx': 5, 'investment_fraction': 0.047975940453179704, 'investment_amount': 3193.5090574204096, 'allocated_amount': 3193.5090574204096, 'exit_date': Timestamp('2017-04-24 00:00:00')}, {'ticker': 'CHTR', 'sector': 'Services', 'prob_up': 0.5126953125, 'predicted_prob': 0.5126953125, 'expected_rise': 0.004837453365325928, 'bucket_idx': 5, 'investment_fraction': 0.029990914591002893, 'investment_amount': 1996.339341803187, 'allocated_amount': 1996.339341803187, 'exit_date': Timestamp('2017-04-24 00:00:00')}, {'ticker': 'CELG', 'sector': 'Healthcare', 'prob_up': 0.50927734375, 'predicted_prob': 0.50927734375, 'expected_rise': 0.003487763926386833, 'bucket_idx': 0, 'investment_fraction': 0.024588597875678065, 'investment_amount': 1636.735190253927, 'allocated_amount': 1636.735190253927, 'exit_date': Timestamp('2017-04-24 00:00:00')}, {'ticker': 'V', 'sector': 'Financial', 'prob_up': 0.50830078125, 'predicted_prob': 0.50830078125, 'expected_rise': 0.005324503872543573, 'bucket_idx': 0, 'investment_fraction': 0.018935373741220132, 'investment_amount': 1260.4294356093085, 'allocated_amount': 1260.4294356093085, 'exit_date': Timestamp('2017-04-24 00:00:00')}, {'ticker': 'NEE', 'sector': 'Utilities', 'prob_up': 0.492431640625, 'predicted_prob': 0.492431640625, 'expected_rise': 0.0015055877156555653, 'bucket_idx': 0, 'investment_fraction': 0.0031445020413155447, 'investment_amount': 209.31316103783863, 'allocated_amount': 209.31316103783863, 'exit_date': Timestamp('2017-04-24 00:00:00')}, {'ticker': 'GD', 'sector': 'Industrial Goods', 'prob_up': 0.468994140625, 'predicted_prob': 0.468994140625, 'expected_rise': 0.002615099772810936, 'bucket_idx': 0, 'investment_fraction': 0.0036427025653490764, 'investment_amount': 242.47578111123482, 'allocated_amount': 242.47578111123482, 'exit_date': Timestamp('2017-04-24 00:00:00')}, {'ticker': 'FB', 'sector': 'Technology', 'prob_up': 0.463623046875, 'predicted_prob': 0.463623046875, 'expected_rise': 0.010167399421334267, 'bucket_idx': 0, 'investment_fraction': 0.01306117067886342, 'investment_amount': 869.414262012653, 'allocated_amount': 869.414262012653, 'exit_date': Timestamp('2017-04-24 00:00:00')}]",5,100000.0,1109,True,False,42,/mnt/primary/simulation/trained_models_multiclass,12,12,0.2,0.3,200,5,60,1.0,0.0001,0.3,True,True,0.3,0.7,0.3,0.5,0.5,0.1,3,100.0,0.5,"[[0.08, 0.6], [0.15, 0.35]]",sector,sector,0.14460302093247346,BiGRU,6,corn,20,128,128,1,0.3,0.4,0.002368185640959,2.5898782569408105e-05,64,30,10,0.0038640829279896,7,0.4,5,1.3109464249779392,1.0437863717804818,2.6961818009299283,15,0.3419711337313805,0.7051296774893804,31,0.0665674589000914,2
2017-04-18,53726.603802648795,50142.19622241864,100000.0,100000.0,0.0,0.0,0,KELLY_ONLY,10446.57723050174,3584.407580230142,False,False,,[],"[{'ticker': 'HON', 'sector': 'Industrial Goods', 'prob_up': 0.5390625, 'predicted_prob': 0.5390625, 'expected_rise': 0.0018768119625747204, 'bucket_idx': 0, 'investment_fraction': 0.030041216170624066, 'investment_amount': 1614.0125189488454, 'allocated_amount': 1614.0125189488454, 'exit_date': Timestamp('2017-04-25 00:00:00')}, {'ticker': 'V', 'sector': 'Financial', 'prob_up': 0.50830078125, 'predicted_prob': 0.50830078125, 'expected_rise': 0.005339772906154394, 'bucket_idx': 0, 'investment_fraction': 0.01887814361216944, 'investment_amount': 1014.2585423805327, 'allocated_amount': 1014.2585423805327, 'exit_date': Timestamp('2017-04-25 00:00:00')}, {'ticker': 'NEE', 'sector': 'Utilities', 'prob_up': 0.493408203125, 'predicted_prob': 0.493408203125, 'expected_rise': 0.0015180297195911407, 'bucket_idx': 0, 'investment_fraction': 0.0035011409073318124, 'investment_amount': 188.10441038546261, 'allocated_amount': 188.10441038546261, 'exit_date': Timestamp('2017-04-25 00:00:00')}, {'ticker': 'UNH', 'sector': 'Healthcare', 'prob_up': 0.48046875, 'predicted_prob': 0.48046875, 'expected_rise': 0.0032008180860430002, 'bucket_idx': 0, 'investment_fraction': 0.0108346524059445, 'investment_amount': 582.1090771535958, 'allocated_amount': 582.1090771535958, 'exit_date': Timestamp('2017-04-25 00:00:00')}, {'ticker': 'GOOG', 'sector': 'Technology', 'prob_up': 0.46630859375, 'predicted_prob': 0.46630859375, 'expected_rise': 0.004413158167153597, 'bucket_idx': 0, 'investment_fraction': 0.003460539438611221, 'investment_amount': 185.92303136170574, 'allocated_amount': 185.92303136170574, 'exit_date': Timestamp('2017-04-25 00:00:00')}]",5,100000.0,1109,True,False,42,/mnt/primary/simulation/trained_models_multiclass,12,12,0.2,0.3,200,5,60,1.0,0.0001,0.3,True,True,0.3,0.7,0.3,0.5,0.5,0.1,3,100.0,0.5,"[[0.08, 0.6], [0.15, 0.35]]",sector,sector,0.14460302093247346,BiGRU,6,corn,20,128,128,1,0.3,0.4,0.002368185640959,2.5898782569408105e-05,64,30,10,0.0038640829279896,7,0.4,5,1.3109464249779392,1.0437863717804818,2.6961818009299283,15,0.3419711337313805,0.7051296774893804,31,0.0665674589000914,2
2017-04-19,50142.19622241864,48432.884028094835,100000.0,100000.0,0.0,0.0,0,KELLY_ONLY,8356.240947245898,1709.312194323808,False,False,,[],"[{'ticker': 'AMGN', 'sector': 'Healthcare', 'prob_up': 0.52734375, 'predicted_prob': 0.52734375, 'expected_rise': 0.0028760628774762154, 'bucket_idx': 0, 'investment_fraction': 0.01959929109333878, 'investment_amount': 982.751499822495, 'allocated_amount': 982.751499822495, 'exit_date': Timestamp('2017-04-26 00:00:00')}, {'ticker': 'GD', 'sector': 'Industrial Goods', 'prob_up': 0.466064453125, 'predicted_prob': 0.466064453125, 'expected_rise': 0.0025646574795246124, 'bucket_idx': 0, 'investment_fraction': 0.002639614479371888, 'investment_amount': 132.35606717620263, 'allocated_amount': 132.35606717620263, 'exit_date': Timestamp('2017-04-26 00:00:00')}, {'ticker': 'GOOG', 'sector': 'Technology', 'prob_up': 0.466064453125, 'predicted_prob': 0.466064453125, 'expected_rise': 0.0044114720076322556, 'bucket_idx': 0, 'investment_fraction': 0.0033110042348215574, 'investment_amount': 166.02102403568162, 'allocated_amount': 166.02102403568162, 'exit_date': Timestamp('2017-04-26 00:00:00')}, {'ticker': 'BRK-A', 'sector': 'Financial', 'prob_up': 0.45654296875, 'predicted_prob': 0.45654296875, 'expected_rise': 0.0007807527435943484, 'bucket_idx': 0, 'investment_fraction': 0.00853938669519201, 'investment_amount': 428.1836032894288, 'allocated_amount': 428.1836032894288, 'exit_date': Timestamp('2017-04-26 00:00:00')}]",5,100000.0,1109,True,False,42,/mnt/primary/simulation/trained_models_multiclass,12,12,0.2,0.3,200,5,60,1.0,0.0001,0.3,True,True,0.3,0.7,0.3,0.5,0.5,0.1,3,100.0,0.5,"[[0.08, 0.6], [0.15, 0.35]]",sector,sector,0.14460302093247346,BiGRU,6,corn,20,128,128,1,0.3,0.4,0.002368185640959,2.5898782569408105e-05,64,30,10,0.0038640829279896,7,0.4,5,1.3109464249779392,1.0437863717804818,2.6961818009299283,15,0.3419711337313805,0.7051296774893804,31,0.0665674589000914,2
2017-04-20,64575.95042354116,55084.99333310131,100151.60161389968,100151.60161389968,151.6016138996704,0.0015160161389968785,0,KELLY_ONLY,10927.187206237308,9490.957090439842,False,False,,"[{'date': Timestamp('2017-04-12 00:00:00'), 'exit_date': Timestamp('2017-04-20 00:00:00'), 'ticker': 'TM', 'sector': 'Consumer Goods', 'allocated_amount': 4755.027309897997, 'prob_up': 0.59375, 'expected_rise': 0.0005879569798707962, 'actual_return': 0.005311058321110451, 'pnl': 25.2542273613412, 'exit_reason': 'scheduled'}, {'date': Timestamp('2017-04-12 00:00:00'), 'exit_date': Timestamp('2017-04-20 00:00:00'), 'ticker': 'IEP', 'sector': 'Conglomerates', 'allocated_amount': 4545.958632567486, 'prob_up': 0.55517578125, 'expected_rise': 0.007662253454327583, 'actual_return': 0.010472237977982912, 'pnl': 47.606360638312495, 'exit_reason': 'scheduled'}, {'date': Timestamp('2017-04-12 00:00:00'), 'exit_date': Timestamp('2017-04-20 00:00:00'), 'ticker': 'NGG', 'sector': 'Utilities', 'allocated_amount': 302.6094429272441, 'prob_up': 0.52587890625, 'expected_rise': 0.0008512542117387056, 'actual_return': -0.023191583075865774, 'pnl': -7.0179920351886445, 'exit_reason': 'scheduled'}, {'date': Timestamp('2017-04-12 00:00:00'), 'exit_date': Timestamp('2017-04-20 00:00:00'), 'ticker': 'CHTR', 'sector': 'Services', 'allocated_amount': 2988.9906727756525, 'prob_up': 0.51220703125, 'expected_rise': 0.004845605697482824, 'actual_return': 0.0030486564206575473, 'pnl': 9.112405605843016, 'exit_reason': 'scheduled'}, {'date': Timestamp('2017-04-12 00:00:00'), 'exit_date': Timestamp('2017-04-20 00:00:00'), 'ticker': 'UNH', 'sector': 'Healthcare', 'allocated_amount': 1026.7039610892425, 'prob_up': 0.478759765625, 'expected_rise': 0.0032016541808843613, 'actual_return': 0.03611980594491193, 'pnl': 37.08434783741585, 'exit_reason': 'scheduled'}, {'date': Timestamp('2017-04-12 00:00:00'), 'exit_date': Timestamp('2017-04-20 00:00:00'), 'ticker': 'FB', 'sector': 'Technology', 'allocated_amount': 1341.020069673945, 'prob_up': 0.465087890625, 'expected_rise': 0.010198099538683891, 'actual_return': 0.03023356454744852, 'pnl': 40.54381683591113, 'exit_reason': 'scheduled'}, {'date': Timestamp('2017-04-12 00:00:00'), 'exit_date': Timestamp('2017-04-20 00:00:00'), 'ticker': 'LMT', 'sector': 'Industrial Goods', 'allocated_amount': 133.55702284400195, 'prob_up': 0.458251953125, 'expected_rise': 0.005624447949230671, 'actual_return': 0.012438999946407847, 'pnl': 1.6613157999989319, 'exit_reason': 'scheduled'}, {'date': Timestamp('2017-04-12 00:00:00'), 'exit_date': Timestamp('2017-04-20 00:00:00'), 'ticker': 'BRK-A', 'sector': 'Financial', 'allocated_amount': 897.5976697710764, 'prob_up': 0.45751953125, 'expected_rise': 0.0007859449833631516, 'actual_return': -0.0029443794619449237, 'pnl': -2.6428681439635793, 'exit_reason': 'scheduled'}]","[{'ticker': 'TM', 'sector': 'Consumer Goods', 'prob_up': 0.5986328125, 'predicted_prob': 0.5986328125, 'expected_rise': 0.0006586750969290733, 'bucket_idx': 5, 'investment_fraction': 0.04950599598021576, 'investment_amount': 3196.896742086441, 'allocated_amount': 3196.896742086441, 'exit_date': Timestamp('2017-04-27 00:00:00')}, {'ticker': 'IEP', 'sector': 'Conglomerates', 'prob_up': 0.56298828125, 'predicted_prob': 0.56298828125, 'expected_rise': 0.007842699065804482, 'bucket_idx': 5, 'investment_fraction': 0.048175059772675694, 'investment_amount': 3110.9502715314375, 'allocated_amount': 3110.9502715314375, 'exit_date': Timestamp('2017-04-27 00:00:00')}, {'ticker': 'HON', 'sector': 'Industrial Goods', 'prob_up': 0.5263671875, 'predicted_prob': 0.5263671875, 'expected_rise': 0.0018331750761717558, 'bucket_idx': 0, 'investment_fraction': 0.025417812066277235, 'investment_amount': 1641.379371866805, 'allocated_amount': 1641.379371866805, 'exit_date': Timestamp('2017-04-27 00:00:00')}, {'ticker': 'AMGN', 'sector': 'Healthcare', 'prob_up': 0.501953125, 'predicted_prob': 0.501953125, 'expected_rise': 0.0026067248545587063, 'bucket_idx': 0, 'investment_fraction': 0.01000567948313379, 'investment_amount': 646.1262622566906, 'allocated_amount': 646.1262622566906, 'exit_date': Timestamp('2017-04-27 00:00:00')}, {'ticker': 'AMZN', 'sector': 'Services', 'prob_up': 0.468017578125, 'predicted_prob': 0.468017578125, 'expected_rise': 0.004392319358885288, 'bucket_idx': 5, 'investment_fraction': 0.0017588313695045322, 'investment_amount': 113.57820732049368, 'allocated_amount': 113.57820732049368, 'exit_date': Timestamp('2017-04-27 00:00:00')}, {'ticker': 'FB', 'sector': 'Technology', 'prob_up': 0.4609375, 'predicted_prob': 0.4609375, 'expected_rise': 0.010127188637852669, 'bucket_idx': 0, 'investment_fraction': 0.012110177709330107, 'investment_amount': 782.0262353779742, 'allocated_amount': 782.0262353779742, 'exit_date': Timestamp('2017-04-27 00:00:00')}]",5,100000.0,1109,True,False,42,/mnt/primary/simulation/trained_models_multiclass,12,12,0.2,0.3,200,5,60,1.0,0.0001,0.3,True,True,0.3,0.7,0.3,0.5,0.5,0.1,3,100.0,0.5,"[[0.08, 0.6], [0.15, 0.35]]",sector,sector,0.14460302093247346,BiGRU,6,corn,20,128,128,1,0.3,0.4,0.002368185640959,2.5898782569408105e-05,64,30,10,0.0038640829279896,7,0.4,5,1.3109464249779392,1.0437863717804818,2.6961818009299283,15,0.3419711337313805,0.7051296774893804,31,0.0665674589000914,2
2017-04-21,72932.06511067942,61466.09994986204,100554.94184867083,100554.94184867083,403.34023477116443,0.004027296900613653,0,KELLY_ONLY,11465.965160817395,11465.965160817395,False,False,,"[{'date': Timestamp('2017-04-13 00:00:00'), 'exit_date': Timestamp('2017-04-21 00:00:00'), 'ticker': 'TM', 'sector': 'Consumer Goods', 'allocated_amount': 4278.823936258447, 'prob_up': 0.6025390625, 'expected_rise': 0.0007028153631836176, 'actual_return': 0.0230370704549816, 'pnl': 98.57156848404755, 'exit_reason': 'scheduled'}, {'date': Timestamp('2017-04-13 00:00:00'), 'exit_date': Timestamp('2017-04-21 00:00:00'), 'ticker': 'IEP', 'sector': 'Conglomerates', 'allocated_amount': 3875.029140725299, 'prob_up': 0.55712890625, 'expected_rise': 0.007723239716142416, 'actual_return': 0.02083333333333326, 'pnl': 80.72977376511011, 'exit_reason': 'scheduled'}, {'date': Timestamp('2017-04-13 00:00:00'), 'exit_date': Timestamp('2017-04-21 00:00:00'), 'ticker': 'HON', 'sector': 'Industrial Goods', 'allocated_amount': 2466.442307791626, 'prob_up': 0.53759765625, 'expected_rise': 0.0018559778109192848, 'actual_return': 0.037387771428571304, 'pnl': 92.21478124547122, 'exit_reason': 'scheduled'}, {'date': Timestamp('2017-04-13 00:00:00'), 'exit_date': Timestamp('2017-04-21 00:00:00'), 'ticker': 'AMGN', 'sector': 'Healthcare', 'allocated_amount': 1411.6787487302875, 'prob_up': 0.52099609375, 'expected_rise': 0.002875414676964283, 'actual_return': -0.007425264479764659, 'pnl': -10.482088069785624, 'exit_reason': 'scheduled'}, {'date': Timestamp('2017-04-13 00:00:00'), 'exit_date': Timestamp('2017-04-21 00:00:00'), 'ticker': 'CHTR', 'sector': 'Services', 'allocated_amount': 2503.8562758749695, 'prob_up': 0.51220703125, 'expected_rise': 0.004851126577705145, 'actual_return': 0.02569700303030298, 'pnl': 64.34160230860222, 'exit_reason': 'scheduled'}, {'date': Timestamp('2017-04-13 00:00:00'), 'exit_date': Timestamp('2017-04-21 00:00:00'), 'ticker': 'V', 'sector': 'Financial', 'allocated_amount': 1532.703503513043, 'prob_up': 0.5068359375, 'expected_rise': 0.005328684579581022, 'actual_return': 0.025655439665057678, 'pnl': 39.32218225880139, 'exit_reason': 'scheduled'}, {'date': Timestamp('2017-04-13 00:00:00'), 'exit_date': Timestamp('2017-04-21 00:00:00'), 'ticker': 'NEE', 'sector': 'Utilities', 'allocated_amount': 271.3055876225625, 'prob_up': 0.492431640625, 'expected_rise': 0.0015086495550349355, 'actual_return': 0.017205780616172506, 'pnl': 4.668024420575577, 'exit_reason': 'scheduled'}, {'date': Timestamp('2017-04-13 00:00:00'), 'exit_date': Timestamp('2017-04-21 00:00:00'), 'ticker': 'FB', 'sector': 'Technology', 'allocated_amount': 1103.8920422907124, 'prob_up': 0.464111328125, 'expected_rise': 0.010180099867284298, 'actual_return': 0.0307769139161842, 'pnl': 33.97439035834203, 'exit_reason': 'scheduled'}]","[{'ticker': 'TM', 'sector': 'Consumer Goods', 'prob_up': 0.5966796875, 'predicted_prob': 0.5966796875, 'expected_rise': 0.000622475054115057, 'bucket_idx': 5, 'investment_fraction': 0.048677265257316304, 'investment_amount': 3550.1334791564063, 'allocated_amount': 3550.1334791564063, 'exit_date': Timestamp('2017-04-28 00:00:00')}, {'ticker': 'IEP', 'sector': 'Conglomerates', 'prob_up': 0.56298828125, 'predicted_prob': 0.56298828125, 'expected_rise': 0.007858702912926674, 'bucket_idx': 5, 'investment_fraction': 0.048077809396582606, 'investment_amount': 3506.413925290398, 'allocated_amount': 3506.413925290398, 'exit_date': Timestamp('2017-04-28 00:00:00')}, {'ticker': 'HON', 'sector': 'Industrial Goods', 'prob_up': 0.52099609375, 'predicted_prob': 0.52099609375, 'expected_rise': 0.0017929536988958716, 'bucket_idx': 0, 'investment_fraction': 0.023343583654963276, 'investment_amount': 1702.4957630403735, 'allocated_amount': 1702.4957630403735, 'exit_date': Timestamp('2017-04-28 00:00:00')}, {'ticker': 'AMGN', 'sector': 'Healthcare', 'prob_up': 0.50634765625, 'predicted_prob': 0.50634765625, 'expected_rise': 0.0027502726297825575, 'bucket_idx': 0, 'investment_fraction': 0.011814778597688182, 'investment_amount': 861.6762019548562, 'allocated_amount': 861.6762019548562, 'exit_date': Timestamp('2017-04-28 00:00:00')}, {'ticker': 'UPS', 'sector': 'Services', 'prob_up': 0.505859375, 'predicted_prob': 0.505859375, 'expected_rise': 0.0030872866045683622, 'bucket_idx': 5, 'investment_fraction': 0.009423331148946924, 'investment_amount': 687.2630009144906, 'allocated_amount': 687.2630009144906, 'exit_date': Timestamp('2017-04-28 00:00:00')}, {'ticker': 'NEE', 'sector': 'Utilities', 'prob_up': 0.4931640625, 'predicted_prob': 0.4931640625, 'expected_rise': 0.0015084302285686135, 'bucket_idx': 0, 'investment_fraction': 0.003282206160151957, 'investment_amount': 239.37807337887563, 'allocated_amount': 239.37807337887563, 'exit_date': Timestamp('2017-04-28 00:00:00')}, {'ticker': 'GOOG', 'sector': 'Technology', 'prob_up': 0.4658203125, 'predicted_prob': 0.4658203125, 'expected_rise': 0.004410427529364824, 'bucket_idx': 0, 'investment_fraction': 0.003159052204164692, 'investment_amount': 230.39620104217465, 'allocated_amount': 230.39620104217465, 'exit_date': Timestamp('2017-04-28 00:00:00')}, {'ticker': 'BRK-A', 'sector': 'Financial', 'prob_up': 0.458984375, 'predicted_prob': 0.458984375, 'expected_rise': 0.0007973987376317382, 'bucket_idx': 0, 'investment_fraction': 0.009436295475733703, 'investment_amount': 688.2085160398201, 'allocated_amount': 688.2085160398201, 'exit_date': Timestamp('2017-04-28 00:00:00')}]",5,100000.0,1109,True,False,42,/mnt/primary/simulation/trained_models_multiclass,12,12,0.2,0.3,200,5,60,1.0,0.0001,0.3,True,True,0.3,0.7,0.3,0.5,0.5,0.1,3,100.0,0.5,"[[0.08, 0.6], [0.15, 0.35]]",sector,sector,0.14460302093247346,BiGRU,6,corn,20,128,128,1,0.3,0.4,0.002368185640959,2.5898782569408105e-05,64,30,10,0.0038640829279896,7,0.4,5,1.3109464249779392,1.0437863717804818,2.6961818009299283,15,0.3419711337313805,0.7051296774893804,31,0.0665674589000914,2
2017-04-24,74526.97491579395,60955.83906111527,100777.61694160514,100777.61694160514,222.6750929342827,0.0022144619532415977,0,KELLY_ONLY,13571.135854678692,13571.13585467869,False,False,,"[{'date': Timestamp('2017-04-17 00:00:00'), 'exit_date': Timestamp('2017-04-24 00:00:00'), 'ticker': 'TM', 'sector': 'Consumer Goods', 'allocated_amount': 3429.98364374906, 'prob_up': 0.60400390625, 'expected_rise': 0.0007370305247604847, 'actual_return': 0.008198218765598897, 'pnl': 28.119756273880824, 'exit_reason': 'scheduled'}, {'date': Timestamp('2017-04-17 00:00:00'), 'exit_date': Timestamp('2017-04-24 00:00:00'), 'ticker': 'IEP', 'sector': 'Conglomerates', 'allocated_amount': 3193.5090574204096, 'prob_up': 0.5625, 'expected_rise': 0.007757564075291157, 'actual_return': 0.030970629162946794, 'pnl': 98.90498474587926, 'exit_reason': 'scheduled'}, {'date': Timestamp('2017-04-17 00:00:00'), 'exit_date': Timestamp('2017-04-24 00:00:00'), 'ticker': 'CHTR', 'sector': 'Services', 'allocated_amount': 1996.339341803187, 'prob_up': 0.5126953125, 'expected_rise': 0.004837453365325928, 'actual_return': 0.030270009850012602, 'pnl': 60.429211540350146, 'exit_reason': 'scheduled'}, {'date': Timestamp('2017-04-17 00:00:00'), 'exit_date': Timestamp('2017-04-24 00:00:00'), 'ticker': 'CELG', 'sector': 'Healthcare', 'allocated_amount': 1636.735190253927, 'prob_up': 0.50927734375, 'expected_rise': 0.003487763926386833, 'actual_return': -0.015351387223154989, 'pnl': -25.126155687352284, 'exit_reason': 'scheduled'}, {'date': Timestamp('2017-04-17 00:00:00'), 'exit_date': Timestamp('2017-04-24 00:00:00'), 'ticker': 'V', 'sector': 'Financial', 'allocated_amount': 1260.4294356093085, 'prob_up': 0.50830078125, 'expected_rise': 0.005324503872543573, 'actual_return': 0.022714620258648788, 'pnl': 28.630175992688457, 'exit_reason': 'scheduled'}, {'date': Timestamp('2017-04-17 00:00:00'), 'exit_date': Timestamp('2017-04-24 00:00:00'), 'ticker': 'NEE', 'sector': 'Utilities', 'allocated_amount': 209.31316103783863, 'prob_up': 0.492431640625, 'expected_rise': 0.0015055877156555653, 'actual_return': 0.01405542696339701, 'pnl': 2.9419858474450975, 'exit_reason': 'scheduled'}, {'date': Timestamp('2017-04-17 00:00:00'), 'exit_date': Timestamp('2017-04-24 00:00:00'), 'ticker': 'GD', 'sector': 'Industrial Goods', 'allocated_amount': 242.47578111123482, 'prob_up': 0.468994140625, 'expected_rise': 0.002615099772810936, 'actual_return': 0.015988167801303188, 'pnl': 3.8767434761584845, 'exit_reason': 'scheduled'}, {'date': Timestamp('2017-04-17 00:00:00'), 'exit_date': Timestamp('2017-04-24 00:00:00'), 'ticker': 'FB', 'sector': 'Technology', 'allocated_amount': 869.414262012653, 'prob_up': 0.463623046875, 'expected_rise': 0.010167399421334267, 'actual_return': 0.028638120897159114, 'pnl': 24.898390745232728, 'exit_reason': 'scheduled'}]","[{'ticker': 'TM', 'sector': 'Consumer Goods', 'prob_up': 0.60693359375, 'predicted_prob': 0.60693359375, 'expected_rise': 0.0007470566779375076, 'bucket_idx': 5, 'investment_fraction': 0.052528259000224724, 'investment_amount': 3914.772240880076, 'allocated_amount': 3914.772240880076, 'exit_date': Timestamp('2017-05-01 00:00:00')}, {'ticker': 'IEP', 'sector': 'Conglomerates', 'prob_up': 0.56298828125, 'predicted_prob': 0.56298828125, 'expected_rise': 0.007858702912926674, 'bucket_idx': 5, 'investment_fraction': 0.0480101519371377, 'investment_amount': 3578.051389122518, 'allocated_amount': 3578.051389122518, 'exit_date': Timestamp('2017-05-01 00:00:00')}, {'ticker': 'CHTR', 'sector': 'Services', 'prob_up': 0.513671875, 'predicted_prob': 0.513671875, 'expected_rise': 0.004829720593988895, 'bucket_idx': 5, 'investment_fraction': 0.030348821607798327, 'investment_amount': 2261.805866688291, 'allocated_amount': 2261.805866688291, 'exit_date': Timestamp('2017-05-01 00:00:00')}, {'ticker': 'V', 'sector': 'Financial', 'prob_up': 0.5068359375, 'predicted_prob': 0.5068359375, 'expected_rise': 0.005354859866201878, 'bucket_idx': 0, 'investment_fraction': 0.01826469050035161, 'investment_amount': 1361.2121307644445, 'allocated_amount': 1361.2121307644445, 'exit_date': Timestamp('2017-05-01 00:00:00')}, {'ticker': 'CELG', 'sector': 'Healthcare', 'prob_up': 0.50634765625, 'predicted_prob': 0.50634765625, 'expected_rise': 0.0034178616479039192, 'bucket_idx': 0, 'investment_fraction': 0.023880809404041525, 'investment_amount': 1779.764483423859, 'allocated_amount': 1779.764483423859, 'exit_date': Timestamp('2017-05-01 00:00:00')}, {'ticker': 'NEE', 'sector': 'Utilities', 'prob_up': 0.493408203125, 'predicted_prob': 0.493408203125, 'expected_rise': 0.0015106587670743465, 'bucket_idx': 0, 'investment_fraction': 0.0033703709776545135, 'investment_amount': 251.18355330857787, 'allocated_amount': 251.18355330857787, 'exit_date': Timestamp('2017-05-01 00:00:00')}, {'ticker': 'TSM', 'sector': 'Technology', 'prob_up': 0.4853515625, 'predicted_prob': 0.4853515625, 'expected_rise': 0.0018343324773013592, 'bucket_idx': 0, 'investment_fraction': 0.003901887199981591, 'investment_amount': 290.7958494772855, 'allocated_amount': 290.7958494772855, 'exit_date': Timestamp('2017-05-01 00:00:00')}, {'ticker': 'LMT', 'sector': 'Industrial Goods', 'prob_up': 0.458740234375, 'predicted_prob': 0.458740234375, 'expected_rise': 0.00562457786872983, 'bucket_idx': 0, 'investment_fraction': 0.0017919731904392335, 'investment_amount': 133.55034101364, 'allocated_amount': 133.55034101364, 'exit_date': Timestamp('2017-05-01 00:00:00')}]",5,100000.0,1109,True,False,42,/mnt/primary/simulation/trained_models_multiclass,12,12,0.2,0.3,200,5,60,1.0,0.0001,0.3,True,True,0.3,0.7,0.3,0.5,0.5,0.1,3,100.0,0.5,"[[0.08, 0.6], [0.15, 0.35]]",sector,sector,0.14460302093247346,BiGRU,6,corn,20,128,128,1,0.3,0.4,0.002368185640959,2.5898782569408105e-05,64,30,10,0.0038640829279896,7,0.4,5,1.3109464249779392,1.0437863717804818,2.6961818009299283,15,0.3419711337313805,0.7051296774893804,31,0.0665674589000914,2
2017-04-25,64676.81279268402,61523.38269578715,100914.18309294374,100914.18309294374,136.5661513386035,0.0013551238408200383,0,KELLY_ONLY,9293.627261640144,3153.4300968968632,False,False,,"[{'date': Timestamp('2017-04-18 00:00:00'), 'exit_date': Timestamp('2017-04-25 00:00:00'), 'ticker': 'HON', 'sector': 'Industrial Goods', 'allocated_amount': 1614.0125189488454, 'prob_up': 0.5390625, 'expected_rise': 0.0018768119625747204, 'actual_return': 0.050536243897688626, 'pnl': 81.56613031152163, 'exit_reason': 'scheduled'}, {'date': Timestamp('2017-04-18 00:00:00'), 'exit_date': Timestamp('2017-04-25 00:00:00'), 'ticker': 'V', 'sector': 'Financial', 'allocated_amount': 1014.2585423805327, 'prob_up': 0.50830078125, 'expected_rise': 0.005339772906154394, 'actual_return': 0.026523993318043226, 'pnl': 26.90218680086951, 'exit_reason': 'scheduled'}, {'date': Timestamp('2017-04-18 00:00:00'), 'exit_date': Timestamp('2017-04-25 00:00:00'), 'ticker': 'NEE', 'sector': 'Utilities', 'allocated_amount': 188.10441038546261, 'prob_up': 0.493408203125, 'expected_rise': 0.0015180297195911407, 'actual_return': 0.0074275881851206815, 'pnl': 1.3971620961481541, 'exit_reason': 'scheduled'}, {'date': Timestamp('2017-04-18 00:00:00'), 'exit_date': Timestamp('2017-04-25 00:00:00'), 'ticker': 'UNH', 'sector': 'Healthcare', 'allocated_amount': 582.1090771535958, 'prob_up': 0.48046875, 'expected_rise': 0.0032008180860430002, 'actual_return': 0.03232693000360465, 'pnl': 18.81779939160719, 'exit_reason': 'scheduled'}, {'date': Timestamp('2017-04-18 00:00:00'), 'exit_date': Timestamp('2017-04-25 00:00:00'), 'ticker': 'GOOG', 'sector': 'Technology', 'allocated_amount': 185.92303136170574, 'prob_up': 0.46630859375, 'expected_rise': 0.004413158167153597, 'actual_return': 0.042398581180193906, 'pnl': 7.882872738457018, 'exit_reason': 'scheduled'}]","[{'ticker': 'UPS', 'sector': 'Services', 'prob_up': 0.509765625, 'predicted_prob': 0.509765625, 'expected_rise': 0.003123323433101177, 'bucket_idx': 5, 'investment_fraction': 0.010983134329139577, 'investment_amount': 710.3541228826615, 'allocated_amount': 710.3541228826615, 'exit_date': Timestamp('2017-05-02 00:00:00')}, {'ticker': 'V', 'sector': 'Financial', 'prob_up': 0.50927734375, 'predicted_prob': 0.50927734375, 'expected_rise': 0.005339167080819607, 'bucket_idx': 0, 'investment_fraction': 0.019172654227472996, 'investment_amount': 1240.0261682091327, 'allocated_amount': 1240.0261682091327, 'exit_date': Timestamp('2017-05-02 00:00:00')}, {'ticker': 'NEE', 'sector': 'Utilities', 'prob_up': 0.4931640625, 'predicted_prob': 0.4931640625, 'expected_rise': 0.001501943334005773, 'bucket_idx': 0, 'investment_fraction': 0.003243114916736867, 'investment_amount': 209.75433633495135, 'allocated_amount': 209.75433633495135, 'exit_date': Timestamp('2017-05-02 00:00:00')}, {'ticker': 'UNH', 'sector': 'Healthcare', 'prob_up': 0.48193359375, 'predicted_prob': 0.48193359375, 'expected_rise': 0.003198415506631136, 'bucket_idx': 0, 'investment_fraction': 0.011527254375091134, 'investment_amount': 745.546073231417, 'allocated_amount': 745.546073231417, 'exit_date': Timestamp('2017-05-02 00:00:00')}, {'ticker': 'GOOG', 'sector': 'Technology', 'prob_up': 0.462646484375, 'predicted_prob': 0.462646484375, 'expected_rise': 0.004399418830871582, 'bucket_idx': 0, 'investment_fraction': 0.00201719746532143, 'investment_amount': 130.4659028304708, 'allocated_amount': 130.4659028304708, 'exit_date': Timestamp('2017-05-02 00:00:00')}, {'ticker': 'LMT', 'sector': 'Industrial Goods', 'prob_up': 0.458740234375, 'predicted_prob': 0.458740234375, 'expected_rise': 0.0056055765599012375, 'bucket_idx': 0, 'investment_fraction': 0.0018133777523047013, 'investment_amount': 117.28349340822928, 'allocated_amount': 117.28349340822928, 'exit_date': Timestamp('2017-05-02 00:00:00')}]",5,100000.0,1109,True,False,42,/mnt/primary/simulation/trained_models_multiclass,12,12,0.2,0.3,200,5,60,1.0,0.0001,0.3,True,True,0.3,0.7,0.3,0.5,0.5,0.1,3,100.0,0.5,"[[0.08, 0.6], [0.15, 0.35]]",sector,sector,0.14460302093247346,BiGRU,6,corn,20,128,128,1,0.3,0.4,0.002368185640959,2.5898782569408105e-05,64,30,10,0.0038640829279896,7,0.4,5,1.3109464249779392,1.0437863717804818,2.6961818009299283,15,0.3419711337313805,0.7051296774893804,31,0.0665674589000914,2
2017-04-26,63277.56985852734,57515.19577973949,100959.05806136012,100959.05806136012,44.87496841639102,0.00044468445406775636,0,KELLY_ONLY,8931.075596683206,5762.374078787852,False,False,,"[{'date': Timestamp('2017-04-19 00:00:00'), 'exit_date': Timestamp('2017-04-26 00:00:00'), 'ticker': 'AMGN', 'sector': 'Healthcare', 'allocated_amount': 982.751499822495, 'prob_up': 0.52734375, 'expected_rise': 0.0028760628774762154, 'actual_return': 0.020773943345341106, 'pnl': 20.41562397986151, 'exit_reason': 'scheduled'}, {'date': Timestamp('2017-04-19 00:00:00'), 'exit_date': Timestamp('2017-04-26 00:00:00'), 'ticker': 'GD', 'sector': 'Industrial Goods', 'allocated_amount': 132.35606717620263, 'prob_up': 0.466064453125, 'expected_rise': 0.0025646574795246124, 'actual_return': 0.03781627696404799, 'pnl': 5.00521369420742, 'exit_reason': 'scheduled'}, {'date': Timestamp('2017-04-19 00:00:00'), 'exit_date': Timestamp('2017-04-26 00:00:00'), 'ticker': 'GOOG', 'sector': 'Technology', 'allocated_amount': 166.02102403568162, 'prob_up': 0.466064453125, 'expected_rise': 0.0044114720076322556, 'actual_return': 0.03998992748860264, 'pnl': 6.639168712770464, 'exit_reason': 'scheduled'}, {'date': Timestamp('2017-04-19 00:00:00'), 'exit_date': Timestamp('2017-04-26 00:00:00'), 'ticker': 'BRK-A', 'sector': 'Financial', 'allocated_amount': 428.1836032894288, 'prob_up': 0.45654296875, 'expected_rise': 0.0007807527435943484, 'actual_return': 0.029928661282457858, 'pnl': 12.814962029551623, 'exit_reason': 'scheduled'}]","[{'ticker': 'BBL', 'sector': 'Basic Matierials', 'prob_up': 0.60546875, 'predicted_prob': 0.60546875, 'expected_rise': 0.00019881036132574081, 'bucket_idx': 5, 'investment_fraction': 0.043475483222582906, 'investment_amount': 2751.0229267502236, 'allocated_amount': 2751.0229267502236, 'exit_date': Timestamp('2017-05-03 00:00:00')}, {'ticker': 'SPLP', 'sector': 'Conglomerates', 'prob_up': 0.493896484375, 'predicted_prob': 0.493896484375, 'expected_rise': 5.8335717767477036e-05, 'bucket_idx': 0, 'investment_fraction': 0.011031278308918169, 'investment_amount': 698.0324838214269, 'allocated_amount': 698.0324838214269, 'exit_date': Timestamp('2017-05-03 00:00:00')}, {'ticker': 'UNH', 'sector': 'Healthcare', 'prob_up': 0.481689453125, 'predicted_prob': 0.481689453125, 'expected_rise': 0.003192915813997388, 'bucket_idx': 0, 'investment_fraction': 0.011489812824099799, 'investment_amount': 727.0474336383785, 'allocated_amount': 727.0474336383785, 'exit_date': Timestamp('2017-05-03 00:00:00')}, {'ticker': 'AMZN', 'sector': 'Services', 'prob_up': 0.47021484375, 'predicted_prob': 0.47021484375, 'expected_rise': 0.0044473824091255665, 'bucket_idx': 5, 'investment_fraction': 0.002153016662440377, 'investment_amount': 136.23766226414435, 'allocated_amount': 136.23766226414435, 'exit_date': Timestamp('2017-05-03 00:00:00')}, {'ticker': 'BRK-A', 'sector': 'Financial', 'prob_up': 0.459716796875, 'predicted_prob': 0.459716796875, 'expected_rise': 0.0008031256729736924, 'bucket_idx': 0, 'investment_fraction': 0.009573491459775874, 'investment_amount': 605.7872746359828, 'allocated_amount': 605.7872746359828, 'exit_date': Timestamp('2017-05-03 00:00:00')}, {'ticker': 'LMT', 'sector': 'Industrial Goods', 'prob_up': 0.45947265625, 'predicted_prob': 0.45947265625, 'expected_rise': 0.005620965734124184, 'bucket_idx': 0, 'investment_fraction': 0.0019771371473489064, 'investment_amount': 125.1084339612599, 'allocated_amount': 125.1084339612599, 'exit_date': Timestamp('2017-05-03 00:00:00')}, {'ticker': 'FB', 'sector': 'Technology', 'prob_up': 0.458984375, 'predicted_prob': 0.458984375, 'expected_rise': 0.01015247032046318, 'bucket_idx': 0, 'investment_fraction': 0.011364814820231673, 'investment_amount': 719.1378637164366, 'allocated_amount': 719.1378637164366, 'exit_date': Timestamp('2017-05-03 00:00:00')}]",5,100000.0,1109,True,False,42,/mnt/primary/simulation/trained_models_multiclass,12,12,0.2,0.3,200,5,60,1.0,0.0001,0.3,True,True,0.3,0.7,0.3,0.5,0.5,0.1,3,100.0,0.5,"[[0.08, 0.6], [0.15, 0.35]]",sector,sector,0.14460302093247346,BiGRU,6,corn,20,128,128,1,0.3,0.4,0.002368185640959,2.5898782569408105e-05,64,30,10,0.0038640829279896,7,0.4,5,1.3109464249779392,1.0437863717804818,2.6961818009299283,15,0.3419711337313805,0.7051296774893804,31,0.0665674589000914,2
2017-04-27,67424.61908804963,49145.9352294095,101377.52427923042,101377.5242792304,418.4662178702744,0.004144910084402431,0,KELLY_ONLY,18531.890763821062,18278.683858640114,False,False,,"[{'date': Timestamp('2017-04-20 00:00:00'), 'exit_date': Timestamp('2017-04-27 00:00:00'), 'ticker': 'TM', 'sector': 'Consumer Goods', 'allocated_amount': 3196.896742086441, 'prob_up': 0.5986328125, 'expected_rise': 0.0006586750969290733, 'actual_return': 0.032169849056603805, 'pnl': 102.84368564246927, 'exit_reason': 'scheduled'}, {'date': Timestamp('2017-04-20 00:00:00'), 'exit_date': Timestamp('2017-04-27 00:00:00'), 'ticker': 'IEP', 'sector': 'Conglomerates', 'allocated_amount': 3110.9502715314375, 'prob_up': 0.56298828125, 'expected_rise': 0.007842699065804482, 'actual_return': 0.06705952178539976, 'pnl': 208.61883750705772, 'exit_reason': 'scheduled'}, {'date': Timestamp('2017-04-20 00:00:00'), 'exit_date': Timestamp('2017-04-27 00:00:00'), 'ticker': 'HON', 'sector': 'Industrial Goods', 'allocated_amount': 1641.379371866805, 'prob_up': 0.5263671875, 'expected_rise': 0.0018331750761717558, 'actual_return': 0.049365824901813626, 'pnl': 81.02804666902553, 'exit_reason': 'scheduled'}, {'date': Timestamp('2017-04-20 00:00:00'), 'exit_date': Timestamp('2017-04-27 00:00:00'), 'ticker': 'AMGN', 'sector': 'Healthcare', 'allocated_amount': 646.1262622566906, 'prob_up': 0.501953125, 'expected_rise': 0.0026067248545587063, 'actual_return': 0.00419654424448157, 'pnl': 2.7114974470817046, 'exit_reason': 'scheduled'}, {'date': Timestamp('2017-04-20 00:00:00'), 'exit_date': Timestamp('2017-04-27 00:00:00'), 'ticker': 'AMZN', 'sector': 'Services', 'allocated_amount': 113.57820732049368, 'prob_up': 0.468017578125, 'expected_rise': 0.004392319358885288, 'actual_return': 0.01809193073208415, 'pnl': 2.0548490595166644, 'exit_reason': 'scheduled'}, {'date': Timestamp('2017-04-20 00:00:00'), 'exit_date': Timestamp('2017-04-27 00:00:00'), 'ticker': 'FB', 'sector': 'Technology', 'allocated_amount': 782.0262353779742, 'prob_up': 0.4609375, 'expected_rise': 0.010127188637852669, 'actual_return': 0.027120959100397135, 'pnl': 21.209301545123584, 'exit_reason': 'scheduled'}]","[{'ticker': 'AMGN', 'sector': 'Healthcare', 'prob_up': 0.66650390625, 'predicted_prob': 0.66650390625, 'expected_rise': 0.004761688411235809, 'bucket_idx': 5, 'investment_fraction': 0.07282826344811244, 'investment_amount': 4910.417921833108, 'allocated_amount': 4910.417921833108, 'exit_date': Timestamp('2017-05-04 00:00:00')}, {'ticker': 'BBL', 'sector': 'Basic Matierials', 'prob_up': 0.623046875, 'predicted_prob': 0.623046875, 'expected_rise': 0.0006071520037949085, 'bucket_idx': 5, 'investment_fraction': 0.05038401913848511, 'investment_amount': 3397.12329853736, 'allocated_amount': 3397.12329853736, 'exit_date': Timestamp('2017-05-04 00:00:00')}, {'ticker': 'TM', 'sector': 'Consumer Goods', 'prob_up': 0.59033203125, 'predicted_prob': 0.59033203125, 'expected_rise': 0.0005222514737397432, 'bucket_idx': 5, 'investment_fraction': 0.04643630694543391, 'investment_amount': 3130.950307651634, 'allocated_amount': 3130.950307651634, 'exit_date': Timestamp('2017-05-04 00:00:00')}, {'ticker': 'IEP', 'sector': 'Conglomerates', 'prob_up': 0.564453125, 'predicted_prob': 0.564453125, 'expected_rise': 0.007850046269595623, 'bucket_idx': 5, 'investment_fraction': 0.04851117946005497, 'investment_amount': 3270.8477966062223, 'allocated_amount': 3270.8477966062223, 'exit_date': Timestamp('2017-05-04 00:00:00')}, {'ticker': 'HON', 'sector': 'Industrial Goods', 'prob_up': 0.5263671875, 'predicted_prob': 0.5263671875, 'expected_rise': 0.0018126328941434622, 'bucket_idx': 0, 'investment_fraction': 0.026196840544719536, 'investment_amount': 1766.311995038089, 'allocated_amount': 1766.311995038089, 'exit_date': Timestamp('2017-05-04 00:00:00')}, {'ticker': 'V', 'sector': 'Financial', 'prob_up': 0.51513671875, 'predicted_prob': 0.51513671875, 'expected_rise': 0.005409695208072662, 'bucket_idx': 0, 'investment_fraction': 0.02137299342185539, 'investment_amount': 1441.06594023999, 'allocated_amount': 1441.06594023999, 'exit_date': Timestamp('2017-05-04 00:00:00')}, {'ticker': 'TSM', 'sector': 'Technology', 'prob_up': 0.483154296875, 'predicted_prob': 0.483154296875, 'expected_rise': 0.0018142394255846739, 'bucket_idx': 0, 'investment_fraction': 0.0032164142488027682, 'investment_amount': 216.8655055549019, 'allocated_amount': 216.8655055549019, 'exit_date': Timestamp('2017-05-04 00:00:00')}, {'ticker': 'AMZN', 'sector': 'Services', 'prob_up': 0.470458984375, 'predicted_prob': 0.470458984375, 'expected_rise': 0.004454686306416988, 'bucket_idx': 5, 'investment_fraction': 0.002152049134891232, 'investment_amount': 145.10109317880801, 'allocated_amount': 145.10109317880801, 'exit_date': Timestamp('2017-05-04 00:00:00')}]",5,100000.0,1109,True,False,42,/mnt/primary/simulation/trained_models_multiclass,12,12,0.2,0.3,200,5,60,1.0,0.0001,0.3,True,True,0.3,0.7,0.3,0.5,0.5,0.1,3,100.0,0.5,"[[0.08, 0.6], [0.15, 0.35]]",sector,sector,0.14460302093247346,BiGRU,6,corn,20,128,128,1,0.3,0.4,0.002368185640959,2.5898782569408105e-05,64,30,10,0.0038640829279896,7,0.4,5,1.3109464249779392,1.0437863717804818,2.6961818009299283,15,0.3419711337313805,0.7051296774893804,31,0.0665674589000914,2
2017-04-28,61044.74512660531,50799.20755019306,101810.36901560883,101810.36901560883,432.84473637841705,0.0042696321443618235,0,KELLY_ONLY,10245.537576412262,10245.537576412264,False,False,,"[{'date': Timestamp('2017-04-21 00:00:00'), 'exit_date': Timestamp('2017-04-28 00:00:00'), 'ticker': 'TM', 'sector': 'Consumer Goods', 'allocated_amount': 3550.1334791564063, 'prob_up': 0.5966796875, 'expected_rise': 0.000622475054115057, 'actual_return': 0.014636864052601561, 'pnl': 51.962821103001716, 'exit_reason': 'scheduled'}, {'date': Timestamp('2017-04-21 00:00:00'), 'exit_date': Timestamp('2017-04-28 00:00:00'), 'ticker': 'IEP', 'sector': 'Conglomerates', 'allocated_amount': 3506.413925290398, 'prob_up': 0.56298828125, 'expected_rise': 0.007858702912926674, 'actual_return': 0.07857138775510197, 'pnl': 275.50380815388104, 'exit_reason': 'scheduled'}, {'date': Timestamp('2017-04-21 00:00:00'), 'exit_date': Timestamp('2017-04-28 00:00:00'), 'ticker': 'HON', 'sector': 'Industrial Goods', 'allocated_amount': 1702.4957630403735, 'prob_up': 0.52099609375, 'expected_rise': 0.0017929536988958716, 'actual_return': 0.03194835486389125, 'pnl': 54.39193879188516, 'exit_reason': 'scheduled'}, {'date': Timestamp('2017-04-21 00:00:00'), 'exit_date': Timestamp('2017-04-28 00:00:00'), 'ticker': 'AMGN', 'sector': 'Healthcare', 'allocated_amount': 861.6762019548562, 'prob_up': 0.50634765625, 'expected_rise': 0.0027502726297825575, 'actual_return': 0.018141031902224825, 'pnl': 15.631695469050968, 'exit_reason': 'scheduled'}, {'date': Timestamp('2017-04-21 00:00:00'), 'exit_date': Timestamp('2017-04-28 00:00:00'), 'ticker': 'UPS', 'sector': 'Services', 'allocated_amount': 687.2630009144906, 'prob_up': 0.505859375, 'expected_rise': 0.0030872866045683622, 'actual_return': 0.01597808497621478, 'pnl': 10.981146629620106, 'exit_reason': 'scheduled'}, {'date': Timestamp('2017-04-21 00:00:00'), 'exit_date': Timestamp('2017-04-28 00:00:00'), 'ticker': 'NEE', 'sector': 'Utilities', 'allocated_amount': 239.37807337887563, 'prob_up': 0.4931640625, 'expected_rise': 0.0015084302285686135, 'actual_return': 0.004059494690738408, 'pnl': 0.9717540179607346, 'exit_reason': 'scheduled'}, {'date': Timestamp('2017-04-21 00:00:00'), 'exit_date': Timestamp('2017-04-28 00:00:00'), 'ticker': 'GOOG', 'sector': 'Technology', 'allocated_amount': 230.39620104217465, 'prob_up': 0.4658203125, 'expected_rise': 0.004410427529364824, 'actual_return': 0.07444350603198924, 'pnl': 17.151500982030534, 'exit_reason': 'scheduled'}, {'date': Timestamp('2017-04-21 00:00:00'), 'exit_date': Timestamp('2017-04-28 00:00:00'), 'ticker': 'BRK-A', 'sector': 'Financial', 'allocated_amount': 688.2085160398201, 'prob_up': 0.458984375, 'expected_rise': 0.0007973987376317382, 'actual_return': 0.009081653431073144, 'pnl': 6.250071230986789, 'exit_reason': 'scheduled'}]","[{'ticker': 'BBL', 'sector': 'Basic Matierials', 'prob_up': 0.6181640625, 'predicted_prob': 0.6181640625, 'expected_rise': 0.0004937234334647655, 'bucket_idx': 5, 'investment_fraction': 0.04848352705399143, 'investment_amount': 2959.66455184978, 'allocated_amount': 2959.66455184978, 'exit_date': Timestamp('2017-05-05 00:00:00')}, {'ticker': 'TM', 'sector': 'Consumer Goods', 'prob_up': 0.56884765625, 'predicted_prob': 0.56884765625, 'expected_rise': 0.00027759699150919914, 'bucket_idx': 5, 'investment_fraction': 0.0384412512462518, 'investment_amount': 2346.6363846752397, 'allocated_amount': 2346.6363846752397, 'exit_date': Timestamp('2017-05-05 00:00:00')}, {'ticker': 'HON', 'sector': 'Industrial Goods', 'prob_up': 0.52880859375, 'predicted_prob': 0.52880859375, 'expected_rise': 0.0018456708639860153, 'bucket_idx': 0, 'investment_fraction': 0.027301756129322965, 'investment_amount': 1666.6287444232548, 'allocated_amount': 1666.6287444232548, 'exit_date': Timestamp('2017-05-05 00:00:00')}, {'ticker': 'NEE', 'sector': 'Utilities', 'prob_up': 0.495849609375, 'predicted_prob': 0.495849609375, 'expected_rise': 0.0015335133066400886, 'bucket_idx': 0, 'investment_fraction': 0.004153426208675803, 'investment_amount': 253.544844310777, 'allocated_amount': 253.544844310777, 'exit_date': Timestamp('2017-05-05 00:00:00')}, {'ticker': 'SPLP', 'sector': 'Conglomerates', 'prob_up': 0.49560546875, 'predicted_prob': 0.49560546875, 'expected_rise': 9.059044532477856e-05, 'bucket_idx': 0, 'investment_fraction': 0.011634968198482322, 'investment_amount': 710.2536682325115, 'allocated_amount': 710.2536682325115, 'exit_date': Timestamp('2017-05-05 00:00:00')}, {'ticker': 'BAC', 'sector': 'Financial', 'prob_up': 0.48828125, 'predicted_prob': 0.48828125, 'expected_rise': 0.0014228918589651585, 'bucket_idx': 0, 'investment_fraction': 0.011963746315135993, 'investment_amount': 730.3238445668401, 'allocated_amount': 730.3238445668401, 'exit_date': Timestamp('2017-05-05 00:00:00')}, {'ticker': 'UNH', 'sector': 'Healthcare', 'prob_up': 0.483154296875, 'predicted_prob': 0.483154296875, 'expected_rise': 0.0031924801878631115, 'bucket_idx': 0, 'investment_fraction': 0.01203340987227537, 'investment_amount': 734.5764386570261, 'allocated_amount': 734.5764386570261, 'exit_date': Timestamp('2017-05-05 00:00:00')}, {'ticker': 'AMZN', 'sector': 'Services', 'prob_up': 0.470458984375, 'predicted_prob': 0.470458984375, 'expected_rise': 0.0044623203575611115, 'bucket_idx': 5, 'investment_fraction': 0.0020903652493512006, 'investment_amount': 127.6058138681568, 'allocated_amount': 127.6058138681568, 'exit_date': Timestamp('2017-05-05 00:00:00')}, {'ticker': 'FB', 'sector': 'Technology', 'prob_up': 0.460205078125, 'predicted_prob': 0.460205078125, 'expected_rise': 0.010170038789510727, 'bucket_idx': 0, 'investment_fraction': 0.011734069563941685, 'investment_amount': 716.3032858286768, 'allocated_amount': 716.3032858286768, 'exit_date': Timestamp('2017-05-05 00:00:00')}]",5,100000.0,1109,True,False,42,/mnt/primary/simulation/trained_models_multiclass,12,12,0.2,0.3,200,5,60,1.0,0.0001,0.3,True,True,0.3,0.7,0.3,0.5,0.5,0.1,3,100.0,0.5,"[[0.08, 0.6], [0.15, 0.35]]",sector,sector,0.14460302093247346,BiGRU,6,corn,20,128,128,1,0.3,0.4,0.002368185640959,2.5898782569408105e-05,64,30,10,0.0038640829279896,7,0.4,5,1.3109464249779392,1.0437863717804818,2.6961818009299283,15,0.3419711337313805,0.7051296774893804,31,0.0665674589000914,2
2017-05-01,64710.513213525366,52874.377892810284,102150.53882426245,102150.53882426245,340.1698086536129,0.0033412098585112737,0,KELLY_ONLY,15106.965183285321,11836.135320715084,False,False,,"[{'date': Timestamp('2017-04-24 00:00:00'), 'exit_date': Timestamp('2017-05-01 00:00:00'), 'ticker': 'TM', 'sector': 'Consumer Goods', 'allocated_amount': 3914.772240880076, 'prob_up': 0.60693359375, 'expected_rise': 0.0007470566779375076, 'actual_return': 0.012244181928108944, 'pnl': 47.93318352444638, 'exit_reason': 'scheduled'}, {'date': Timestamp('2017-04-24 00:00:00'), 'exit_date': Timestamp('2017-05-01 00:00:00'), 'ticker': 'IEP', 'sector': 'Conglomerates', 'allocated_amount': 3578.051389122518, 'prob_up': 0.56298828125, 'expected_rise': 0.007858702912926674, 'actual_return': 0.07258070857180288, 'pnl': 259.6975051288359, 'exit_reason': 'scheduled'}, {'date': Timestamp('2017-04-24 00:00:00'), 'exit_date': Timestamp('2017-05-01 00:00:00'), 'ticker': 'CHTR', 'sector': 'Services', 'allocated_amount': 2261.805866688291, 'prob_up': 0.513671875, 'expected_rise': 0.004829720593988895, 'actual_return': 0.011105976514836247, 'pnl': 25.119562836559005, 'exit_reason': 'scheduled'}, {'date': Timestamp('2017-04-24 00:00:00'), 'exit_date': Timestamp('2017-05-01 00:00:00'), 'ticker': 'V', 'sector': 'Financial', 'allocated_amount': 1361.2121307644445, 'prob_up': 0.5068359375, 'expected_rise': 0.005354859866201878, 'actual_return': -0.00642347319376102, 'pnl': -8.743709632987729, 'exit_reason': 'scheduled'}, {'date': Timestamp('2017-04-24 00:00:00'), 'exit_date': Timestamp('2017-05-01 00:00:00'), 'ticker': 'CELG', 'sector': 'Healthcare', 'allocated_amount': 1779.764483423859, 'prob_up': 0.50634765625, 'expected_rise': 0.0034178616479039192, 'actual_return': 0.007389329965256541, 'pnl': 13.15126702846325, 'exit_reason': 'scheduled'}, {'date': Timestamp('2017-04-24 00:00:00'), 'exit_date': Timestamp('2017-05-01 00:00:00'), 'ticker': 'NEE', 'sector': 'Utilities', 'allocated_amount': 251.18355330857787, 'prob_up': 0.493408203125, 'expected_rise': 0.0015106587670743465, 'actual_return': 0.002184504708097945, 'pnl': 0.5487116547993596, 'exit_reason': 'scheduled'}, {'date': Timestamp('2017-04-24 00:00:00'), 'exit_date': Timestamp('2017-05-01 00:00:00'), 'ticker': 'TSM', 'sector': 'Technology', 'allocated_amount': 290.7958494772855, 'prob_up': 0.4853515625, 'expected_rise': 0.0018343324773013592, 'actual_return': 0.02140675775514511, 'pnl': 6.224996305961892, 'exit_reason': 'scheduled'}, {'date': Timestamp('2017-04-24 00:00:00'), 'exit_date': Timestamp('2017-05-01 00:00:00'), 'ticker': 'LMT', 'sector': 'Industrial Goods', 'allocated_amount': 133.55034101364, 'prob_up': 0.458740234375, 'expected_rise': 0.00562457786872983, 'actual_return': -0.028166968080455823, 'pnl': -3.7617081924651883, 'exit_reason': 'scheduled'}]","[{'ticker': 'TM', 'sector': 'Consumer Goods', 'prob_up': 0.5654296875, 'predicted_prob': 0.5654296875, 'expected_rise': 0.00020341319032013416, 'bucket_idx': 5, 'investment_fraction': 0.03711386382222265, 'investment_amount': 2401.6571752729196, 'allocated_amount': 2401.6571752729196, 'exit_date': Timestamp('2017-05-08 00:00:00')}, {'ticker': 'IEP', 'sector': 'Conglomerates', 'prob_up': 0.56103515625, 'predicted_prob': 0.56103515625, 'expected_rise': 0.00784623995423317, 'bucket_idx': 5, 'investment_fraction': 0.04748190681755801, 'investment_amount': 3072.578558520968, 'allocated_amount': 3072.578558520968, 'exit_date': Timestamp('2017-05-08 00:00:00')}, {'ticker': 'V', 'sector': 'Financial', 'prob_up': 0.52001953125, 'predicted_prob': 0.52001953125, 'expected_rise': 0.00539794098585844, 'bucket_idx': 0, 'investment_fraction': 0.022952382472653233, 'investment_amount': 1485.2604492785151, 'allocated_amount': 1485.2604492785151, 'exit_date': Timestamp('2017-05-08 00:00:00')}, {'ticker': 'CHTR', 'sector': 'Services', 'prob_up': 0.5146484375, 'predicted_prob': 0.5146484375, 'expected_rise': 0.004806938115507364, 'bucket_idx': 5, 'investment_fraction': 0.03077864612831003, 'investment_amount': 1991.7019869804276, 'allocated_amount': 1991.7019869804276, 'exit_date': Timestamp('2017-05-08 00:00:00')}, {'ticker': 'CELG', 'sector': 'Healthcare', 'prob_up': 0.51171875, 'predicted_prob': 0.51171875, 'expected_rise': 0.003534322837367654, 'bucket_idx': 0, 'investment_fraction': 0.025567171725764216, 'investment_amount': 1654.4648037925374, 'allocated_amount': 1654.4648037925374, 'exit_date': Timestamp('2017-05-08 00:00:00')}, {'ticker': 'NEE', 'sector': 'Utilities', 'prob_up': 0.4951171875, 'predicted_prob': 0.4951171875, 'expected_rise': 0.0015192513819783926, 'bucket_idx': 0, 'investment_fraction': 0.0037550885374127763, 'investment_amount': 242.9937064182071, 'allocated_amount': 242.9937064182071, 'exit_date': Timestamp('2017-05-08 00:00:00')}, {'ticker': 'DHR', 'sector': 'Industrial Goods', 'prob_up': 0.47021484375, 'predicted_prob': 0.47021484375, 'expected_rise': 0.0008528926409780979, 'bucket_idx': 0, 'investment_fraction': 0.0028998728786496565, 'investment_amount': 187.65226223140243, 'allocated_amount': 187.65226223140243, 'exit_date': Timestamp('2017-05-08 00:00:00')}, {'ticker': 'FB', 'sector': 'Technology', 'prob_up': 0.4619140625, 'predicted_prob': 0.4619140625, 'expected_rise': 0.010212525725364685, 'bucket_idx': 0, 'investment_fraction': 0.01236006853447319, 'investment_amount': 799.8263782201064, 'allocated_amount': 799.8263782201064, 'exit_date': Timestamp('2017-05-08 00:00:00')}]",5,100000.0,1109,True,False,42,/mnt/primary/simulation/trained_models_multiclass,12,12,0.2,0.3,200,5,60,1.0,0.0001,0.3,True,True,0.3,0.7,0.3,0.5,0.5,0.1,3,100.0,0.5,"[[0.08, 0.6], [0.15, 0.35]]",sector,sector,0.14460302093247346,BiGRU,6,corn,20,128,128,1,0.3,0.4,0.002368185640959,2.5898782569408105e-05,64,30,10,0.0038640829279896,7,0.4,5,1.3109464249779392,1.0437863717804818,2.6961818009299283,15,0.3419711337313805,0.7051296774893804,31,0.0665674589000914,2
2017-05-02,56039.221414862586,46240.503872542155,102161.9522494179,102161.9522494179,11.413425155448225,0.0001117314239045264,0,KELLY_ONLY,9798.717542320437,9798.717542320437,False,False,,"[{'date': Timestamp('2017-04-25 00:00:00'), 'exit_date': Timestamp('2017-05-02 00:00:00'), 'ticker': 'UPS', 'sector': 'Services', 'allocated_amount': 710.3541228826615, 'prob_up': 0.509765625, 'expected_rise': 0.003123323433101177, 'actual_return': -0.004098388560931476, 'pnl': -2.911307211432812, 'exit_reason': 'scheduled'}, {'date': Timestamp('2017-04-25 00:00:00'), 'exit_date': Timestamp('2017-05-02 00:00:00'), 'ticker': 'V', 'sector': 'Financial', 'allocated_amount': 1240.0261682091327, 'prob_up': 0.50927734375, 'expected_rise': 0.005339167080819607, 'actual_return': 0.0046683312922775055, 'pnl': 5.788852964293664, 'exit_reason': 'scheduled'}, {'date': Timestamp('2017-04-25 00:00:00'), 'exit_date': Timestamp('2017-05-02 00:00:00'), 'ticker': 'NEE', 'sector': 'Utilities', 'allocated_amount': 209.75433633495135, 'prob_up': 0.4931640625, 'expected_rise': 0.001501943334005773, 'actual_return': 0.008275699793495406, 'pnl': 1.7358639178919228, 'exit_reason': 'scheduled'}, {'date': Timestamp('2017-04-25 00:00:00'), 'exit_date': Timestamp('2017-05-02 00:00:00'), 'ticker': 'UNH', 'sector': 'Healthcare', 'allocated_amount': 745.546073231417, 'prob_up': 0.48193359375, 'expected_rise': 0.003198415506631136, 'actual_return': 0.000574615054138583, 'pnl': 0.4284019972326787, 'exit_reason': 'scheduled'}, {'date': Timestamp('2017-04-25 00:00:00'), 'exit_date': Timestamp('2017-05-02 00:00:00'), 'ticker': 'GOOG', 'sector': 'Technology', 'allocated_amount': 130.4659028304708, 'prob_up': 0.462646484375, 'expected_rise': 0.004399418830871582, 'actual_return': 0.05060187390487503, 'pnl': 6.601819163913162, 'exit_reason': 'scheduled'}, {'date': Timestamp('2017-04-25 00:00:00'), 'exit_date': Timestamp('2017-05-02 00:00:00'), 'ticker': 'LMT', 'sector': 'Industrial Goods', 'allocated_amount': 117.28349340822928, 'prob_up': 0.458740234375, 'expected_rise': 0.0056055765599012375, 'actual_return': -0.0019628139456002724, 'pnl': -0.23020567645039006, 'exit_reason': 'scheduled'}]","[{'ticker': 'AMGN', 'sector': 'Healthcare', 'prob_up': 0.64892578125, 'predicted_prob': 0.64892578125, 'expected_rise': 0.004268258810043335, 'bucket_idx': 5, 'investment_fraction': 0.0661092660845004, 'investment_amount': 3704.7117996833845, 'allocated_amount': 3704.7117996833845, 'exit_date': Timestamp('2017-05-09 00:00:00')}, {'ticker': 'IEP', 'sector': 'Conglomerates', 'prob_up': 0.556640625, 'predicted_prob': 0.556640625, 'expected_rise': 0.00775864627212286, 'bucket_idx': 5, 'investment_fraction': 0.04603416939994728, 'investment_amount': 2579.719011652938, 'allocated_amount': 2579.719011652938, 'exit_date': Timestamp('2017-05-09 00:00:00')}, {'ticker': 'V', 'sector': 'Financial', 'prob_up': 0.5224609375, 'predicted_prob': 0.5224609375, 'expected_rise': 0.005382248666137457, 'bucket_idx': 0, 'investment_fraction': 0.02396208560344594, 'investment_amount': 1342.8166206933984, 'allocated_amount': 1342.8166206933984, 'exit_date': Timestamp('2017-05-09 00:00:00')}, {'ticker': 'HON', 'sector': 'Industrial Goods', 'prob_up': 0.52099609375, 'predicted_prob': 0.52099609375, 'expected_rise': 0.0018725106492638588, 'bucket_idx': 0, 'investment_fraction': 0.02446157873535103, 'investment_amount': 1370.807826907431, 'allocated_amount': 1370.807826907431, 'exit_date': Timestamp('2017-05-09 00:00:00')}, {'ticker': 'UPS', 'sector': 'Services', 'prob_up': 0.50048828125, 'predicted_prob': 0.50048828125, 'expected_rise': 0.0030225408263504505, 'bucket_idx': 5, 'investment_fraction': 0.007914967318929466, 'investment_amount': 443.5486060768897, 'allocated_amount': 443.5486060768897, 'exit_date': Timestamp('2017-05-09 00:00:00')}, {'ticker': 'NEE', 'sector': 'Utilities', 'prob_up': 0.494873046875, 'predicted_prob': 0.494873046875, 'expected_rise': 0.0015159336617216468, 'bucket_idx': 0, 'investment_fraction': 0.0035310246232518328, 'investment_amount': 197.87587068374123, 'allocated_amount': 197.87587068374123, 'exit_date': Timestamp('2017-05-09 00:00:00')}, {'ticker': 'ORCL', 'sector': 'Technology', 'prob_up': 0.490234375, 'predicted_prob': 0.490234375, 'expected_rise': 0.0012260542716830969, 'bucket_idx': 0, 'investment_fraction': 0.0028415420950231754, 'investment_amount': 159.23780662265625, 'allocated_amount': 159.23780662265625, 'exit_date': Timestamp('2017-05-09 00:00:00')}]",5,100000.0,1109,True,False,42,/mnt/primary/simulation/trained_models_multiclass,12,12,0.2,0.3,200,5,60,1.0,0.0001,0.3,True,True,0.3,0.7,0.3,0.5,0.5,0.1,3,100.0,0.5,"[[0.08, 0.6], [0.15, 0.35]]",sector,sector,0.14460302093247346,BiGRU,6,corn,20,128,128,1,0.3,0.4,0.002368185640959,2.5898782569408105e-05,64,30,10,0.0038640829279896,7,0.4,5,1.3109464249779392,1.0437863717804818,2.6961818009299283,15,0.3419711337313805,0.7051296774893804,31,0.0665674589000914,2
2017-05-03,51866.63535956761,46581.85446504773,102025.7096576555,102025.7096576555,-136.24259176237982,-0.0013335942468070128,0,KELLY_ONLY,5453.965098531301,5284.780894519885,False,False,,"[{'date': Timestamp('2017-04-26 00:00:00'), 'exit_date': Timestamp('2017-05-03 00:00:00'), 'ticker': 'BBL', 'sector': 'Basic Matierials', 'allocated_amount': 2751.0229267502236, 'prob_up': 0.60546875, 'expected_rise': 0.00019881036132574081, 'actual_return': -0.053742802303263004, 'pnl': -147.84768128408126, 'exit_reason': 'scheduled'}, {'date': Timestamp('2017-04-26 00:00:00'), 'exit_date': Timestamp('2017-05-03 00:00:00'), 'ticker': 'SPLP', 'sector': 'Conglomerates', 'allocated_amount': 698.0324838214269, 'prob_up': 0.493896484375, 'expected_rise': 5.8335717767477036e-05, 'actual_return': -0.010869510869565113, 'pnl': -7.587271670206534, 'exit_reason': 'scheduled'}, {'date': Timestamp('2017-04-26 00:00:00'), 'exit_date': Timestamp('2017-05-03 00:00:00'), 'ticker': 'UNH', 'sector': 'Healthcare', 'allocated_amount': 727.0474336383785, 'prob_up': 0.481689453125, 'expected_rise': 0.003192915813997388, 'actual_return': -0.01055173728203529, 'pnl': -7.671613511330157, 'exit_reason': 'scheduled'}, {'date': Timestamp('2017-04-26 00:00:00'), 'exit_date': Timestamp('2017-05-03 00:00:00'), 'ticker': 'AMZN', 'sector': 'Services', 'allocated_amount': 136.23766226414435, 'prob_up': 0.47021484375, 'expected_rise': 0.0044473824091255665, 'actual_return': 0.03490641244041082, 'pnl': 4.755568028909615, 'exit_reason': 'scheduled'}, {'date': Timestamp('2017-04-26 00:00:00'), 'exit_date': Timestamp('2017-05-03 00:00:00'), 'ticker': 'BRK-A', 'sector': 'Financial', 'allocated_amount': 605.7872746359828, 'prob_up': 0.459716796875, 'expected_rise': 0.0008031256729736924, 'actual_return': -0.005374953749935352, 'pnl': -3.2560785834677928, 'exit_reason': 'scheduled'}, {'date': Timestamp('2017-04-26 00:00:00'), 'exit_date': Timestamp('2017-05-03 00:00:00'), 'ticker': 'LMT', 'sector': 'Industrial Goods', 'allocated_amount': 125.1084339612599, 'prob_up': 0.45947265625, 'expected_rise': 0.005620965734124184, 'actual_return': -0.002774181554854538, 'pnl': -0.34707350985206425, 'exit_reason': 'scheduled'}, {'date': Timestamp('2017-04-26 00:00:00'), 'exit_date': Timestamp('2017-05-03 00:00:00'), 'ticker': 'FB', 'sector': 'Technology', 'allocated_amount': 719.1378637164366, 'prob_up': 0.458984375, 'expected_rise': 0.01015247032046318, 'actual_return': 0.03575330971279067, 'pnl': 25.71155876764841, 'exit_reason': 'scheduled'}]","[{'ticker': 'AMGN', 'sector': 'Healthcare', 'prob_up': 0.6376953125, 'predicted_prob': 0.6376953125, 'expected_rise': 0.004118727054446936, 'bucket_idx': 5, 'investment_fraction': 0.06191685535894818, 'investment_amount': 3211.4189595136554, 'allocated_amount': 3211.4189595136554, 'exit_date': Timestamp('2017-05-10 00:00:00')}, {'ticker': 'VZ', 'sector': 'Technology', 'prob_up': 0.53173828125, 'predicted_prob': 0.53173828125, 'expected_rise': 0.0005423752591013908, 'bucket_idx': 5, 'investment_fraction': 0.00826836812562134, 'investment_amount': 428.8524345902736, 'allocated_amount': 428.8524345902736, 'exit_date': Timestamp('2017-05-10 00:00:00')}, {'ticker': 'UPS', 'sector': 'Services', 'prob_up': 0.49951171875, 'predicted_prob': 0.49951171875, 'expected_rise': 0.0030044829472899437, 'bucket_idx': 5, 'investment_fraction': 0.007673190903777616, 'investment_amount': 397.9825946505847, 'allocated_amount': 397.9825946505847, 'exit_date': Timestamp('2017-05-10 00:00:00')}, {'ticker': 'SPLP', 'sector': 'Conglomerates', 'prob_up': 0.4951171875, 'predicted_prob': 0.4951171875, 'expected_rise': 0.00010836520232260227, 'bucket_idx': 0, 'investment_fraction': 0.011374157783218243, 'investment_amount': 589.9392942643685, 'allocated_amount': 589.9392942643685, 'exit_date': Timestamp('2017-05-10 00:00:00')}, {'ticker': 'DHR', 'sector': 'Industrial Goods', 'prob_up': 0.470458984375, 'predicted_prob': 0.470458984375, 'expected_rise': 0.0008347234688699245, 'bucket_idx': 0, 'investment_fraction': 0.0030592170686782882, 'investment_amount': 158.6712961869021, 'allocated_amount': 158.6712961869021, 'exit_date': Timestamp('2017-05-10 00:00:00')}, {'ticker': 'BRK-A', 'sector': 'Financial', 'prob_up': 0.459228515625, 'predicted_prob': 0.459228515625, 'expected_rise': 0.0007895331364125013, 'bucket_idx': 0, 'investment_fraction': 0.009599934753088846, 'investment_amount': 497.91631531409996, 'allocated_amount': 497.91631531409996, 'exit_date': Timestamp('2017-05-10 00:00:00')}]",5,100000.0,1109,True,False,42,/mnt/primary/simulation/trained_models_multiclass,12,12,0.2,0.3,200,5,60,1.0,0.0001,0.3,True,True,0.3,0.7,0.3,0.5,0.5,0.1,3,100.0,0.5,"[[0.08, 0.6], [0.15, 0.35]]",sector,sector,0.14460302093247346,BiGRU,6,corn,20,128,128,1,0.3,0.4,0.002368185640959,2.5898782569408105e-05,64,30,10,0.0038640829279896,7,0.4,5,1.3109464249779392,1.0437863717804818,2.6961818009299283,15,0.3419711337313805,0.7051296774893804,31,0.0665674589000914,2
2017-05-04,64794.079985108496,57055.37637972199,101959.25131907617,101959.25131907617,-66.45833857933683,-0.0006513881530678667,0,KELLY_ONLY,7942.650234034732,7738.703605386511,False,False,,"[{'date': Timestamp('2017-04-27 00:00:00'), 'exit_date': Timestamp('2017-05-04 00:00:00'), 'ticker': 'AMGN', 'sector': 'Healthcare', 'allocated_amount': 4910.417921833108, 'prob_up': 0.66650390625, 'expected_rise': 0.004761688411235809, 'actual_return': 0.009648426686034828, 'pnl': 47.37780731659824, 'exit_reason': 'scheduled'}, {'date': Timestamp('2017-04-27 00:00:00'), 'exit_date': Timestamp('2017-05-04 00:00:00'), 'ticker': 'BBL', 'sector': 'Basic Matierials', 'allocated_amount': 3397.12329853736, 'prob_up': 0.623046875, 'expected_rise': 0.0006071520037949085, 'actual_return': -0.03639967029780522, 'pnl': -123.65416802775243, 'exit_reason': 'scheduled'}, {'date': Timestamp('2017-04-27 00:00:00'), 'exit_date': Timestamp('2017-05-04 00:00:00'), 'ticker': 'TM', 'sector': 'Consumer Goods', 'allocated_amount': 3130.950307651634, 'prob_up': 0.59033203125, 'expected_rise': 0.0005222514737397432, 'actual_return': -0.0022849830075867272, 'pnl': -7.154168250582419, 'exit_reason': 'scheduled'}, {'date': Timestamp('2017-04-27 00:00:00'), 'exit_date': Timestamp('2017-05-04 00:00:00'), 'ticker': 'IEP', 'sector': 'Conglomerates', 'allocated_amount': 3270.8477966062223, 'prob_up': 0.564453125, 'expected_rise': 0.007850046269595623, 'actual_return': -0.008379318544251335, 'pnl': -27.407475597526137, 'exit_reason': 'scheduled'}, {'date': Timestamp('2017-04-27 00:00:00'), 'exit_date': Timestamp('2017-05-04 00:00:00'), 'ticker': 'HON', 'sector': 'Industrial Goods', 'allocated_amount': 1766.311995038089, 'prob_up': 0.5263671875, 'expected_rise': 0.0018126328941434622, 'actual_return': 0.010163165608131797, 'pnl': 17.951321321201767, 'exit_reason': 'scheduled'}, {'date': Timestamp('2017-04-27 00:00:00'), 'exit_date': Timestamp('2017-05-04 00:00:00'), 'ticker': 'V', 'sector': 'Financial', 'allocated_amount': 1441.06594023999, 'prob_up': 0.51513671875, 'expected_rise': 0.005409695208072662, 'actual_return': 0.011135426007323757, 'pnl': 16.046883149216846, 'exit_reason': 'scheduled'}, {'date': Timestamp('2017-04-27 00:00:00'), 'exit_date': Timestamp('2017-05-04 00:00:00'), 'ticker': 'TSM', 'sector': 'Technology', 'allocated_amount': 216.8655055549019, 'prob_up': 0.483154296875, 'expected_rise': 0.0018142394255846739, 'actual_return': 0.03391880678376746, 'pnl': 7.355819180980767, 'exit_reason': 'scheduled'}, {'date': Timestamp('2017-04-27 00:00:00'), 'exit_date': Timestamp('2017-05-04 00:00:00'), 'ticker': 'AMZN', 'sector': 'Services', 'allocated_amount': 145.10109317880801, 'prob_up': 0.470458984375, 'expected_rise': 0.004454686306416988, 'actual_return': 0.02085196094834396, 'pnl': 3.0256423285265233, 'exit_reason': 'scheduled'}]","[{'ticker': 'IEP', 'sector': 'Conglomerates', 'prob_up': 0.5517578125, 'predicted_prob': 0.5517578125, 'expected_rise': 0.007679817732423544, 'bucket_idx': 5, 'investment_fraction': 0.044344505161651095, 'investment_amount': 2873.261414344078, 'allocated_amount': 2873.261414344078, 'exit_date': Timestamp('2017-05-11 00:00:00')}, {'ticker': 'V', 'sector': 'Financial', 'prob_up': 0.5234375, 'predicted_prob': 0.5234375, 'expected_rise': 0.005377280060201883, 'bucket_idx': 0, 'investment_fraction': 0.02413839382005132, 'investment_amount': 1564.025019888454, 'allocated_amount': 1564.025019888454, 'exit_date': Timestamp('2017-05-11 00:00:00')}, {'ticker': 'HON', 'sector': 'Industrial Goods', 'prob_up': 0.50537109375, 'predicted_prob': 0.50537109375, 'expected_rise': 0.0018022399162873626, 'bucket_idx': 0, 'investment_fraction': 0.01862946265732949, 'investment_amount': 1207.078893498599, 'allocated_amount': 1207.078893498599, 'exit_date': Timestamp('2017-05-11 00:00:00')}, {'ticker': 'CELG', 'sector': 'Healthcare', 'prob_up': 0.50439453125, 'predicted_prob': 0.50439453125, 'expected_rise': 0.0033942614682018757, 'bucket_idx': 0, 'investment_fraction': 0.022999857391985814, 'investment_amount': 1490.254599502418, 'allocated_amount': 1490.254599502418, 'exit_date': Timestamp('2017-05-11 00:00:00')}, {'ticker': 'UPS', 'sector': 'Services', 'prob_up': 0.498046875, 'predicted_prob': 0.498046875, 'expected_rise': 0.0029917205683887005, 'bucket_idx': 5, 'investment_fraction': 0.007262423885368141, 'investment_amount': 470.5620741143058, 'allocated_amount': 470.5620741143058, 'exit_date': Timestamp('2017-05-11 00:00:00')}, {'ticker': 'ORCL', 'sector': 'Technology', 'prob_up': 0.48876953125, 'predicted_prob': 0.48876953125, 'expected_rise': 0.0012149716494604945, 'bucket_idx': 0, 'investment_fraction': 0.002060706843423721, 'investment_amount': 133.52160403865705, 'allocated_amount': 133.52160403865705, 'exit_date': Timestamp('2017-05-11 00:00:00')}]",5,100000.0,1109,True,False,42,/mnt/primary/simulation/trained_models_multiclass,12,12,0.2,0.3,200,5,60,1.0,0.0001,0.3,True,True,0.3,0.7,0.3,0.5,0.5,0.1,3,100.0,0.5,"[[0.08, 0.6], [0.15, 0.35]]",sector,sector,0.14460302093247346,BiGRU,6,corn,20,128,128,1,0.3,0.4,0.002368185640959,2.5898782569408105e-05,64,30,10,0.0038640829279896,7,0.4,5,1.3109464249779392,1.0437863717804818,2.6961818009299283,15,0.3419711337313805,0.7051296774893804,31,0.0665674589000914,2
2017-05-05,67258.61626955651,60822.008432795235,101916.95363249842,101916.95363249842,-42.29768657775673,-0.0004148489325934701,0,KELLY_ONLY,10939.415200159307,6436.607836761282,False,False,,"[{'date': Timestamp('2017-04-28 00:00:00'), 'exit_date': Timestamp('2017-05-05 00:00:00'), 'ticker': 'BBL', 'sector': 'Basic Matierials', 'allocated_amount': 2959.66455184978, 'prob_up': 0.6181640625, 'expected_rise': 0.0004937234334647655, 'actual_return': -0.028961926456231746, 'pnl': -85.71758708578942, 'exit_reason': 'scheduled'}, {'date': Timestamp('2017-04-28 00:00:00'), 'exit_date': Timestamp('2017-05-05 00:00:00'), 'ticker': 'TM', 'sector': 'Consumer Goods', 'allocated_amount': 2346.6363846752397, 'prob_up': 0.56884765625, 'expected_rise': 0.00027759699150919914, 'actual_return': 0.016367717924613556, 'pnl': 38.40908241599927, 'exit_reason': 'scheduled'}, {'date': Timestamp('2017-04-28 00:00:00'), 'exit_date': Timestamp('2017-05-05 00:00:00'), 'ticker': 'HON', 'sector': 'Industrial Goods', 'allocated_amount': 1666.6287444232548, 'prob_up': 0.52880859375, 'expected_rise': 0.0018456708639860153, 'actual_return': 0.002058906527824478, 'pnl': 3.4314328013529525, 'exit_reason': 'scheduled'}, {'date': Timestamp('2017-04-28 00:00:00'), 'exit_date': Timestamp('2017-05-05 00:00:00'), 'ticker': 'NEE', 'sector': 'Utilities', 'allocated_amount': 253.544844310777, 'prob_up': 0.495849609375, 'expected_rise': 0.0015335133066400886, 'actual_return': 0.005765229196843746, 'pnl': 1.4617441391296935, 'exit_reason': 'scheduled'}, {'date': Timestamp('2017-04-28 00:00:00'), 'exit_date': Timestamp('2017-05-05 00:00:00'), 'ticker': 'SPLP', 'sector': 'Conglomerates', 'allocated_amount': 710.2536682325115, 'prob_up': 0.49560546875, 'expected_rise': 9.059044532477856e-05, 'actual_return': -0.014673967391304221, 'pnl': -10.42223916719808, 'exit_reason': 'scheduled'}, {'date': Timestamp('2017-04-28 00:00:00'), 'exit_date': Timestamp('2017-05-05 00:00:00'), 'ticker': 'BAC', 'sector': 'Financial', 'allocated_amount': 730.3238445668401, 'prob_up': 0.48828125, 'expected_rise': 0.0014228918589651585, 'actual_return': 0.01713796058269068, 'pnl': 12.51626126078562, 'exit_reason': 'scheduled'}, {'date': Timestamp('2017-04-28 00:00:00'), 'exit_date': Timestamp('2017-05-05 00:00:00'), 'ticker': 'UNH', 'sector': 'Healthcare', 'allocated_amount': 734.5764386570261, 'prob_up': 0.483154296875, 'expected_rise': 0.0031924801878631115, 'actual_return': -0.00434589420328535, 'pnl': -3.192391486629566, 'exit_reason': 'scheduled'}, {'date': Timestamp('2017-04-28 00:00:00'), 'exit_date': Timestamp('2017-05-05 00:00:00'), 'ticker': 'AMZN', 'sector': 'Services', 'allocated_amount': 127.6058138681568, 'prob_up': 0.470458984375, 'expected_rise': 0.0044623203575611115, 'actual_return': 0.009902846624318506, 'pnl': 1.2636608031076921, 'exit_reason': 'scheduled'}, {'date': Timestamp('2017-04-28 00:00:00'), 'exit_date': Timestamp('2017-05-05 00:00:00'), 'ticker': 'FB', 'sector': 'Technology', 'allocated_amount': 716.3032858286768, 'prob_up': 0.460205078125, 'expected_rise': 0.010170038789510727, 'actual_return': -6.65224625624461e-05, 'pnl': -0.04765025851489528, 'exit_reason': 'scheduled'}]","[{'ticker': 'AMGN', 'sector': 'Healthcare', 'prob_up': 0.5927734375, 'predicted_prob': 0.5927734375, 'expected_rise': 0.0036633480340242386, 'bucket_idx': 0, 'investment_fraction': 0.04483347823087929, 'investment_amount': 3015.4377083602258, 'allocated_amount': 3015.4377083602258, 'exit_date': Timestamp('2017-05-12 00:00:00')}, {'ticker': 'CHTR', 'sector': 'Services', 'prob_up': 0.5146484375, 'predicted_prob': 0.5146484375, 'expected_rise': 0.004811123013496399, 'bucket_idx': 5, 'investment_fraction': 0.03010926099472183, 'investment_amount': 2025.107231403921, 'allocated_amount': 2025.107231403921, 'exit_date': Timestamp('2017-05-12 00:00:00')}, {'ticker': 'HON', 'sector': 'Industrial Goods', 'prob_up': 0.49853515625, 'predicted_prob': 0.49853515625, 'expected_rise': 0.0017623681342229247, 'bucket_idx': 0, 'investment_fraction': 0.016062984579195926, 'investment_amount': 1080.3741159559424, 'allocated_amount': 1080.3741159559424, 'exit_date': Timestamp('2017-05-12 00:00:00')}, {'ticker': 'NEE', 'sector': 'Utilities', 'prob_up': 0.493896484375, 'predicted_prob': 0.493896484375, 'expected_rise': 0.0015006897738203406, 'bucket_idx': 0, 'investment_fraction': 0.002860889642761466, 'investment_amount': 192.41947867204206, 'allocated_amount': 192.41947867204206, 'exit_date': Timestamp('2017-05-12 00:00:00')}, {'ticker': 'ORCL', 'sector': 'Technology', 'prob_up': 0.48828125, 'predicted_prob': 0.48828125, 'expected_rise': 0.0012111254036426544, 'bucket_idx': 0, 'investment_fraction': 0.001832765959310212, 'investment_amount': 123.26930236915118, 'allocated_amount': 123.26930236915118, 'exit_date': Timestamp('2017-05-12 00:00:00')}]",5,100000.0,1109,True,False,42,/mnt/primary/simulation/trained_models_multiclass,12,12,0.2,0.3,200,5,60,1.0,0.0001,0.3,True,True,0.3,0.7,0.3,0.5,0.5,0.1,3,100.0,0.5,"[[0.08, 0.6], [0.15, 0.35]]",sector,sector,0.14460302093247346,BiGRU,6,corn,20,128,128,1,0.3,0.4,0.002368185640959,2.5898782569408105e-05,64,30,10,0.0038640829279896,7,0.4,5,1.3109464249779392,1.0437863717804818,2.6961818009299283,15,0.3419711337313805,0.7051296774893804,31,0.0665674589000914,2
2017-05-08,72509.81106986775,65523.974000151225,101768.62094885587,101768.62094885587,-148.33268364256267,-0.0014554269761380967,0,KELLY_ONLY,6985.837069716525,6985.837069716525,False,False,,"[{'date': Timestamp('2017-05-01 00:00:00'), 'exit_date': Timestamp('2017-05-08 00:00:00'), 'ticker': 'TM', 'sector': 'Consumer Goods', 'allocated_amount': 2401.6571752729196, 'prob_up': 0.5654296875, 'expected_rise': 0.00020341319032013416, 'actual_return': 0.017451513828674603, 'pnl': 41.91255340601094, 'exit_reason': 'scheduled'}, {'date': Timestamp('2017-05-01 00:00:00'), 'exit_date': Timestamp('2017-05-08 00:00:00'), 'ticker': 'IEP', 'sector': 'Conglomerates', 'allocated_amount': 3072.578558520968, 'prob_up': 0.56103515625, 'expected_rise': 0.00784623995423317, 'actual_return': -0.0013157894489512767, 'pnl': -4.042866448375812, 'exit_reason': 'scheduled'}, {'date': Timestamp('2017-05-01 00:00:00'), 'exit_date': Timestamp('2017-05-08 00:00:00'), 'ticker': 'V', 'sector': 'Financial', 'allocated_amount': 1485.2604492785151, 'prob_up': 0.52001953125, 'expected_rise': 0.00539794098585844, 'actual_return': 0.0072320401658549915, 'pnl': 10.741463225938052, 'exit_reason': 'scheduled'}, {'date': Timestamp('2017-05-01 00:00:00'), 'exit_date': Timestamp('2017-05-08 00:00:00'), 'ticker': 'CHTR', 'sector': 'Services', 'allocated_amount': 1991.7019869804276, 'prob_up': 0.5146484375, 'expected_rise': 0.004806938115507364, 'actual_return': -0.059074841965122804, 'pnl': -117.65948012248984, 'exit_reason': 'scheduled'}, {'date': Timestamp('2017-05-01 00:00:00'), 'exit_date': Timestamp('2017-05-08 00:00:00'), 'ticker': 'CELG', 'sector': 'Healthcare', 'allocated_amount': 1654.4648037925374, 'prob_up': 0.51171875, 'expected_rise': 0.003534322837367654, 'actual_return': -0.045945486795832435, 'pnl': -76.01519079681952, 'exit_reason': 'scheduled'}, {'date': Timestamp('2017-05-01 00:00:00'), 'exit_date': Timestamp('2017-05-08 00:00:00'), 'ticker': 'NEE', 'sector': 'Utilities', 'allocated_amount': 242.9937064182071, 'prob_up': 0.4951171875, 'expected_rise': 0.0015192513819783926, 'actual_return': 0.014356615307398402, 'pnl': 3.4885671651651053, 'exit_reason': 'scheduled'}, {'date': Timestamp('2017-05-01 00:00:00'), 'exit_date': Timestamp('2017-05-08 00:00:00'), 'ticker': 'DHR', 'sector': 'Industrial Goods', 'allocated_amount': 187.65226223140243, 'prob_up': 0.47021484375, 'expected_rise': 0.0008528926409780979, 'actual_return': 0.003127655592240597, 'pnl': 0.5869116473646447, 'exit_reason': 'scheduled'}, {'date': Timestamp('2017-05-01 00:00:00'), 'exit_date': Timestamp('2017-05-08 00:00:00'), 'ticker': 'FB', 'sector': 'Technology', 'allocated_amount': 799.8263782201064, 'prob_up': 0.4619140625, 'expected_rise': 0.010212525725364685, 'actual_return': -0.009182795065724947, 'pnl': -7.3446417193562485, 'exit_reason': 'scheduled'}]","[{'ticker': 'IEP', 'sector': 'Conglomerates', 'prob_up': 0.5478515625, 'predicted_prob': 0.5478515625, 'expected_rise': 0.007677801884710789, 'bucket_idx': 5, 'investment_fraction': 0.04317569802995507, 'investment_amount': 3130.661706961703, 'allocated_amount': 3130.661706961703, 'exit_date': Timestamp('2017-05-15 00:00:00')}, {'ticker': 'CELG', 'sector': 'Healthcare', 'prob_up': 0.50341796875, 'predicted_prob': 0.50341796875, 'expected_rise': 0.003374717431142926, 'bucket_idx': 0, 'investment_fraction': 0.022615086824065045, 'investment_amount': 1639.8156729416119, 'allocated_amount': 1639.8156729416119, 'exit_date': Timestamp('2017-05-15 00:00:00')}, {'ticker': 'NEE', 'sector': 'Utilities', 'prob_up': 0.494140625, 'predicted_prob': 0.494140625, 'expected_rise': 0.0015069670043885708, 'bucket_idx': 0, 'investment_fraction': 0.0028564220285748013, 'investment_amount': 207.11862162776723, 'allocated_amount': 207.11862162776723, 'exit_date': Timestamp('2017-05-15 00:00:00')}, {'ticker': 'BAC', 'sector': 'Financial', 'prob_up': 0.482421875, 'predicted_prob': 0.482421875, 'expected_rise': 0.0013677394017577171, 'bucket_idx': 0, 'investment_fraction': 0.009977272243194547, 'investment_amount': 723.4501253466722, 'allocated_amount': 723.4501253466722, 'exit_date': Timestamp('2017-05-15 00:00:00')}, {'ticker': 'CMCSA', 'sector': 'Services', 'prob_up': 0.47705078125, 'predicted_prob': 0.47705078125, 'expected_rise': 0.0025479625910520554, 'bucket_idx': 0, 'investment_fraction': 0.003383101350559903, 'investment_amount': 245.30803975931298, 'allocated_amount': 245.30803975931298, 'exit_date': Timestamp('2017-05-15 00:00:00')}, {'ticker': 'DHR', 'sector': 'Industrial Goods', 'prob_up': 0.469482421875, 'predicted_prob': 0.469482421875, 'expected_rise': 0.0008556738030165434, 'bucket_idx': 0, 'investment_fraction': 0.002742104428135628, 'investment_amount': 198.82947401796213, 'allocated_amount': 198.82947401796213, 'exit_date': Timestamp('2017-05-15 00:00:00')}, {'ticker': 'FB', 'sector': 'Technology', 'prob_up': 0.459228515625, 'predicted_prob': 0.459228515625, 'expected_rise': 0.010228900238871574, 'bucket_idx': 0, 'investment_fraction': 0.011593650799220435, 'investment_amount': 840.653429061495, 'allocated_amount': 840.653429061495, 'exit_date': Timestamp('2017-05-15 00:00:00')}]",5,100000.0,1109,True,False,42,/mnt/primary/simulation/trained_models_multiclass,12,12,0.2,0.3,200,5,60,1.0,0.0001,0.3,True,True,0.3,0.7,0.3,0.5,0.5,0.1,3,100.0,0.5,"[[0.08, 0.6], [0.15, 0.35]]",sector,sector,0.14460302093247346,BiGRU,6,corn,20,128,128,1,0.3,0.4,0.002368185640959,2.5898782569408105e-05,64,30,10,0.0038640829279896,7,0.4,5,1.3109464249779392,1.0437863717804818,2.6961818009299283,15,0.3419711337313805,0.7051296774893804,31,0.0665674589000914,2
2017-05-09,75195.85531461914,61753.70007401911,101641.78472100335,101641.78472100335,-126.83622785248713,-0.0012463196088335904,0,KELLY_ONLY,13442.155240600043,13442.155240600045,False,False,,"[{'date': Timestamp('2017-05-02 00:00:00'), 'exit_date': Timestamp('2017-05-09 00:00:00'), 'ticker': 'AMGN', 'sector': 'Healthcare', 'allocated_amount': 3704.7117996833845, 'prob_up': 0.64892578125, 'expected_rise': 0.004268258810043335, 'actual_return': -0.0016515015703865155, 'pnl': -6.118337355006563, 'exit_reason': 'scheduled'}, {'date': Timestamp('2017-05-02 00:00:00'), 'exit_date': Timestamp('2017-05-09 00:00:00'), 'ticker': 'IEP', 'sector': 'Conglomerates', 'allocated_amount': 2579.719011652938, 'prob_up': 0.556640625, 'expected_rise': 0.00775864627212286, 'actual_return': -0.046350177400071635, 'pnl': -119.57043383245114, 'exit_reason': 'scheduled'}, {'date': Timestamp('2017-05-02 00:00:00'), 'exit_date': Timestamp('2017-05-09 00:00:00'), 'ticker': 'V', 'sector': 'Financial', 'allocated_amount': 1342.8166206933984, 'prob_up': 0.5224609375, 'expected_rise': 0.005382248666137457, 'actual_return': -0.0058353252016930535, 'pnl': -7.835771667984489, 'exit_reason': 'scheduled'}, {'date': Timestamp('2017-05-02 00:00:00'), 'exit_date': Timestamp('2017-05-09 00:00:00'), 'ticker': 'HON', 'sector': 'Industrial Goods', 'allocated_amount': 1370.807826907431, 'prob_up': 0.52099609375, 'expected_rise': 0.0018725106492638588, 'actual_return': 0.005488238349138808, 'pnl': 7.523320084932996, 'exit_reason': 'scheduled'}, {'date': Timestamp('2017-05-02 00:00:00'), 'exit_date': Timestamp('2017-05-09 00:00:00'), 'ticker': 'UPS', 'sector': 'Services', 'allocated_amount': 443.5486060768897, 'prob_up': 0.50048828125, 'expected_rise': 0.0030225408263504505, 'actual_return': -0.0038346053841116223, 'pnl': -1.7008338729776464, 'exit_reason': 'scheduled'}, {'date': Timestamp('2017-05-02 00:00:00'), 'exit_date': Timestamp('2017-05-09 00:00:00'), 'ticker': 'NEE', 'sector': 'Utilities', 'allocated_amount': 197.87587068374123, 'prob_up': 0.494873046875, 'expected_rise': 0.0015159336617216468, 'actual_return': -0.0018653931692167447, 'pnl': -0.3691162975262668, 'exit_reason': 'scheduled'}, {'date': Timestamp('2017-05-02 00:00:00'), 'exit_date': Timestamp('2017-05-09 00:00:00'), 'ticker': 'ORCL', 'sector': 'Technology', 'allocated_amount': 159.23780662265625, 'prob_up': 0.490234375, 'expected_rise': 0.0012260542716830969, 'actual_return': 0.0077553510357777355, 'pnl': 1.2349450885259918, 'exit_reason': 'scheduled'}]","[{'ticker': 'TM', 'sector': 'Consumer Goods', 'prob_up': 0.5546875, 'predicted_prob': 0.5546875, 'expected_rise': 6.195856258273125e-06, 'bucket_idx': 0, 'investment_fraction': 0.03304851952880219, 'investment_amount': 2485.111692850175, 'allocated_amount': 2485.111692850175, 'exit_date': Timestamp('2017-05-16 00:00:00')}, {'ticker': 'IEP', 'sector': 'Conglomerates', 'prob_up': 0.54736328125, 'predicted_prob': 0.54736328125, 'expected_rise': 0.007690672762691975, 'bucket_idx': 5, 'investment_fraction': 0.043112328428773716, 'investment_amount': 3241.8684108064103, 'allocated_amount': 3241.8684108064103, 'exit_date': Timestamp('2017-05-16 00:00:00')}, {'ticker': 'V', 'sector': 'Financial', 'prob_up': 0.5185546875, 'predicted_prob': 0.5185546875, 'expected_rise': 0.00536285899579525, 'bucket_idx': 0, 'investment_fraction': 0.022123079601414034, 'investment_amount': 1663.563892821732, 'allocated_amount': 1663.563892821732, 'exit_date': Timestamp('2017-05-16 00:00:00')}, {'ticker': 'CHTR', 'sector': 'Services', 'prob_up': 0.5146484375, 'predicted_prob': 0.5146484375, 'expected_rise': 0.004814173094928265, 'bucket_idx': 5, 'investment_fraction': 0.029812226834172284, 'investment_amount': 2241.755895629026, 'allocated_amount': 2241.755895629026, 'exit_date': Timestamp('2017-05-16 00:00:00')}, {'ticker': 'CELG', 'sector': 'Healthcare', 'prob_up': 0.50390625, 'predicted_prob': 0.50390625, 'expected_rise': 0.0033838660456240177, 'bucket_idx': 0, 'investment_fraction': 0.02268859663012686, 'investment_amount': 1706.088429490775, 'allocated_amount': 1706.088429490775, 'exit_date': Timestamp('2017-05-16 00:00:00')}, {'ticker': 'NEE', 'sector': 'Utilities', 'prob_up': 0.494873046875, 'predicted_prob': 0.494873046875, 'expected_rise': 0.0015195162268355489, 'bucket_idx': 0, 'investment_fraction': 0.0031131374983013995, 'investment_amount': 234.09503689678746, 'allocated_amount': 234.09503689678746, 'exit_date': Timestamp('2017-05-16 00:00:00')}, {'ticker': 'HON', 'sector': 'Industrial Goods', 'prob_up': 0.492431640625, 'predicted_prob': 0.492431640625, 'expected_rise': 0.0017293521668761969, 'bucket_idx': 0, 'investment_fraction': 0.013583596826207966, 'investment_amount': 1021.4301815956542, 'allocated_amount': 1021.4301815956542, 'exit_date': Timestamp('2017-05-16 00:00:00')}, {'ticker': 'FB', 'sector': 'Technology', 'prob_up': 0.4580078125, 'predicted_prob': 0.4580078125, 'expected_rise': 0.010230948217213154, 'bucket_idx': 0, 'investment_fraction': 0.011280431573794115, 'investment_amount': 848.241700509484, 'allocated_amount': 848.241700509484, 'exit_date': Timestamp('2017-05-16 00:00:00')}]",5,100000.0,1109,True,False,42,/mnt/primary/simulation/trained_models_multiclass,12,12,0.2,0.3,200,5,60,1.0,0.0001,0.3,True,True,0.3,0.7,0.3,0.5,0.5,0.1,3,100.0,0.5,"[[0.08, 0.6], [0.15, 0.35]]",sector,sector,0.14460302093247346,BiGRU,6,corn,20,128,128,1,0.3,0.4,0.002368185640959,2.5898782569408105e-05,64,30,10,0.0038640829279896,7,0.4,5,1.3109464249779392,1.0437863717804818,2.6961818009299283,15,0.3419711337313805,0.7051296774893804,31,0.0665674589000914,2
2017-05-10,66961.05513890399,61977.778226687056,101564.35889136835,101564.35889136835,-77.42582963500213,-0.000761751968912483,0,KELLY_ONLY,8115.359456612095,4983.2769122169375,False,False,,"[{'date': Timestamp('2017-05-03 00:00:00'), 'exit_date': Timestamp('2017-05-10 00:00:00'), 'ticker': 'AMGN', 'sector': 'Healthcare', 'allocated_amount': 3211.4189595136554, 'prob_up': 0.6376953125, 'expected_rise': 0.004118727054446936, 'actual_return': -0.020145308835178732, 'pnl': -64.69502673855094, 'exit_reason': 'scheduled'}, {'date': Timestamp('2017-05-03 00:00:00'), 'exit_date': Timestamp('2017-05-10 00:00:00'), 'ticker': 'VZ', 'sector': 'Technology', 'allocated_amount': 428.8524345902736, 'prob_up': 0.53173828125, 'expected_rise': 0.0005423752591013908, 'actual_return': 0.004983726761268681, 'pnl': 2.137283354902773, 'exit_reason': 'scheduled'}, {'date': Timestamp('2017-05-03 00:00:00'), 'exit_date': Timestamp('2017-05-10 00:00:00'), 'ticker': 'UPS', 'sector': 'Services', 'allocated_amount': 397.9825946505847, 'prob_up': 0.49951171875, 'expected_rise': 0.0030044829472899437, 'actual_return': -0.020959478732361037, 'pnl': -8.341507728428793, 'exit_reason': 'scheduled'}, {'date': Timestamp('2017-05-03 00:00:00'), 'exit_date': Timestamp('2017-05-10 00:00:00'), 'ticker': 'SPLP', 'sector': 'Conglomerates', 'allocated_amount': 589.9392942643685, 'prob_up': 0.4951171875, 'expected_rise': 0.00010836520232260227, 'actual_return': 0.001648296612730915, 'pnl': 0.9723949404528253, 'exit_reason': 'scheduled'}, {'date': Timestamp('2017-05-03 00:00:00'), 'exit_date': Timestamp('2017-05-10 00:00:00'), 'ticker': 'DHR', 'sector': 'Industrial Goods', 'allocated_amount': 158.6712961869021, 'prob_up': 0.470458984375, 'expected_rise': 0.0008347234688699245, 'actual_return': 0.0048303466931614025, 'pnl': 0.766437370836036, 'exit_reason': 'scheduled'}, {'date': Timestamp('2017-05-03 00:00:00'), 'exit_date': Timestamp('2017-05-10 00:00:00'), 'ticker': 'BRK-A', 'sector': 'Financial', 'allocated_amount': 497.91631531409996, 'prob_up': 0.459228515625, 'expected_rise': 0.0007895331364125013, 'actual_return': -0.016599999999999948, 'pnl': -8.265410834214034, 'exit_reason': 'scheduled'}]","[{'ticker': 'TM', 'sector': 'Consumer Goods', 'prob_up': 0.556640625, 'predicted_prob': 0.556640625, 'expected_rise': 2.3555709049105644e-05, 'bucket_idx': 0, 'investment_fraction': 0.0338698700980948, 'investment_amount': 2267.962239186041, 'allocated_amount': 2267.962239186041, 'exit_date': Timestamp('2017-05-17 00:00:00')}, {'ticker': 'VZ', 'sector': 'Technology', 'prob_up': 0.529296875, 'predicted_prob': 0.529296875, 'expected_rise': 0.0005101379938423634, 'bucket_idx': 5, 'investment_fraction': 0.007132191600262617, 'investment_amount': 477.57907500641295, 'allocated_amount': 477.57907500641295, 'exit_date': Timestamp('2017-05-17 00:00:00')}, {'ticker': 'UPS', 'sector': 'Services', 'prob_up': 0.5009765625, 'predicted_prob': 0.5009765625, 'expected_rise': 0.003015128429979086, 'bucket_idx': 5, 'investment_fraction': 0.008620142482456784, 'investment_amount': 577.2138360729974, 'allocated_amount': 577.2138360729974, 'exit_date': Timestamp('2017-05-17 00:00:00')}, {'ticker': 'UNH', 'sector': 'Healthcare', 'prob_up': 0.484375, 'predicted_prob': 0.484375, 'expected_rise': 0.0031944115180522203, 'bucket_idx': 0, 'investment_fraction': 0.01296473511414238, 'investment_amount': 868.1323428393725, 'allocated_amount': 868.1323428393725, 'exit_date': Timestamp('2017-05-17 00:00:00')}, {'ticker': 'BAC', 'sector': 'Financial', 'prob_up': 0.482421875, 'predicted_prob': 0.482421875, 'expected_rise': 0.001419777050614357, 'bucket_idx': 0, 'investment_fraction': 0.009849407458166716, 'investment_amount': 659.5267158918336, 'allocated_amount': 659.5267158918336, 'exit_date': Timestamp('2017-05-17 00:00:00')}, {'ticker': 'LMT', 'sector': 'Industrial Goods', 'prob_up': 0.45849609375, 'predicted_prob': 0.45849609375, 'expected_rise': 0.005594619084149599, 'bucket_idx': 0, 'investment_fraction': 0.0019841787580059836, 'investment_amount': 132.8627032202807, 'allocated_amount': 132.8627032202807, 'exit_date': Timestamp('2017-05-17 00:00:00')}]",5,100000.0,1109,True,False,42,/mnt/primary/simulation/trained_models_multiclass,12,12,0.2,0.3,200,5,60,1.0,0.0001,0.3,True,True,0.3,0.7,0.3,0.5,0.5,0.1,3,100.0,0.5,"[[0.08, 0.6], [0.15, 0.35]]",sector,sector,0.14460302093247346,BiGRU,6,corn,20,128,128,1,0.3,0.4,0.002368185640959,2.5898782569408105e-05,64,30,10,0.0038640829279896,7,0.4,5,1.3109464249779392,1.0437863717804818,2.6961818009299283,15,0.3419711337313805,0.7051296774893804,31,0.0665674589000914,2
2017-05-11,69512.76161075795,60479.738529868475,101360.63867005274,101360.63867005275,-203.72022131562127,-0.0020058239281902646,0,KELLY_ONLY,9255.363367444023,9033.023080889498,False,False,,"[{'date': Timestamp('2017-05-04 00:00:00'), 'exit_date': Timestamp('2017-05-11 00:00:00'), 'ticker': 'IEP', 'sector': 'Conglomerates', 'allocated_amount': 2873.261414344078, 'prob_up': 0.5517578125, 'expected_rise': 0.007679817732423544, 'actual_return': -0.044747416938736406, 'pnl': -128.57102648163792, 'exit_reason': 'scheduled'}, {'date': Timestamp('2017-05-04 00:00:00'), 'exit_date': Timestamp('2017-05-11 00:00:00'), 'ticker': 'V', 'sector': 'Financial', 'allocated_amount': 1564.025019888454, 'prob_up': 0.5234375, 'expected_rise': 0.005377280060201883, 'actual_return': -0.005614391958074116, 'pnl': -8.781049493888446, 'exit_reason': 'scheduled'}, {'date': Timestamp('2017-05-04 00:00:00'), 'exit_date': Timestamp('2017-05-11 00:00:00'), 'ticker': 'HON', 'sector': 'Industrial Goods', 'allocated_amount': 1207.078893498599, 'prob_up': 0.50537109375, 'expected_rise': 0.0018022399162873626, 'actual_return': 0.005335343109801993, 'pnl': 6.440180057415164, 'exit_reason': 'scheduled'}, {'date': Timestamp('2017-05-04 00:00:00'), 'exit_date': Timestamp('2017-05-11 00:00:00'), 'ticker': 'CELG', 'sector': 'Healthcare', 'allocated_amount': 1490.254599502418, 'prob_up': 0.50439453125, 'expected_rise': 0.0033942614682018757, 'actual_return': -0.039691483526365756, 'pnl': -59.15041588624102, 'exit_reason': 'scheduled'}, {'date': Timestamp('2017-05-04 00:00:00'), 'exit_date': Timestamp('2017-05-11 00:00:00'), 'ticker': 'UPS', 'sector': 'Services', 'allocated_amount': 470.5620741143058, 'prob_up': 0.498046875, 'expected_rise': 0.0029917205683887005, 'actual_return': -0.02709015337440024, 'pnl': -12.747598759932437, 'exit_reason': 'scheduled'}, {'date': Timestamp('2017-05-04 00:00:00'), 'exit_date': Timestamp('2017-05-11 00:00:00'), 'ticker': 'ORCL', 'sector': 'Technology', 'allocated_amount': 133.52160403865705, 'prob_up': 0.48876953125, 'expected_rise': 0.0012149716494604945, 'actual_return': -0.006817703830708233, 'pnl': -0.91031075133666, 'exit_reason': 'scheduled'}]","[{'ticker': 'TM', 'sector': 'Consumer Goods', 'prob_up': 0.5615234375, 'predicted_prob': 0.5615234375, 'expected_rise': 7.072393782436848e-05, 'bucket_idx': 0, 'investment_fraction': 0.03563837070398253, 'investment_amount': 2477.3215669417573, 'allocated_amount': 2477.3215669417573, 'exit_date': Timestamp('2017-05-18 00:00:00')}, {'ticker': 'VZ', 'sector': 'Technology', 'prob_up': 0.529296875, 'predicted_prob': 0.529296875, 'expected_rise': 0.0005101379938423634, 'bucket_idx': 5, 'investment_fraction': 0.007015343657144857, 'investment_amount': 487.6559112566533, 'allocated_amount': 487.6559112566533, 'exit_date': Timestamp('2017-05-18 00:00:00')}, {'ticker': 'CHTR', 'sector': 'Services', 'prob_up': 0.5126953125, 'predicted_prob': 0.5126953125, 'expected_rise': 0.004825655370950699, 'bucket_idx': 5, 'investment_fraction': 0.02893542390192736, 'investment_amount': 2011.3812238009043, 'allocated_amount': 2011.3812238009043, 'exit_date': Timestamp('2017-05-18 00:00:00')}, {'ticker': 'CELG', 'sector': 'Healthcare', 'prob_up': 0.50537109375, 'predicted_prob': 0.50537109375, 'expected_rise': 0.0034148371778428555, 'bucket_idx': 0, 'investment_fraction': 0.02318354206405813, 'investment_amount': 1611.552032791852, 'allocated_amount': 1611.552032791852, 'exit_date': Timestamp('2017-05-18 00:00:00')}, {'ticker': 'SPLP', 'sector': 'Conglomerates', 'prob_up': 0.49853515625, 'predicted_prob': 0.49853515625, 'expected_rise': 0.0001567306462675333, 'bucket_idx': 0, 'investment_fraction': 0.012809366991832216, 'investment_amount': 890.4144740879445, 'allocated_amount': 890.4144740879445, 'exit_date': Timestamp('2017-05-18 00:00:00')}, {'ticker': 'HON', 'sector': 'Industrial Goods', 'prob_up': 0.48974609375, 'predicted_prob': 0.48974609375, 'expected_rise': 0.0017228856449946761, 'bucket_idx': 0, 'investment_fraction': 0.012405149929906413, 'investment_amount': 862.3162298232952, 'allocated_amount': 862.3162298232952, 'exit_date': Timestamp('2017-05-18 00:00:00')}, {'ticker': 'BAC', 'sector': 'Financial', 'prob_up': 0.48291015625, 'predicted_prob': 0.48291015625, 'expected_rise': 0.0014269384555518627, 'bucket_idx': 0, 'investment_fraction': 0.009960496837460354, 'investment_amount': 692.38164218709, 'allocated_amount': 692.38164218709, 'exit_date': Timestamp('2017-05-18 00:00:00')}]",5,100000.0,1109,True,False,42,/mnt/primary/simulation/trained_models_multiclass,12,12,0.2,0.3,200,5,60,1.0,0.0001,0.3,True,True,0.3,0.7,0.3,0.5,0.5,0.1,3,100.0,0.5,"[[0.08, 0.6], [0.15, 0.35]]",sector,sector,0.14460302093247346,BiGRU,6,corn,20,128,128,1,0.3,0.4,0.002368185640959,2.5898782569408105e-05,64,30,10,0.0038640829279896,7,0.4,5,1.3109464249779392,1.0437863717804818,2.6961818009299283,15,0.3419711337313805,0.7051296774893804,31,0.0665674589000914,2
2017-05-12,66774.00716592342,59391.941733649095,101218.29946934641,101218.29946934641,-142.3392007063532,-0.0014042847655062474,0,KELLY_ONLY,9554.863726005271,7382.06543227432,False,False,,"[{'date': Timestamp('2017-05-05 00:00:00'), 'exit_date': Timestamp('2017-05-12 00:00:00'), 'ticker': 'AMGN', 'sector': 'Healthcare', 'allocated_amount': 3015.4377083602258, 'prob_up': 0.5927734375, 'expected_rise': 0.0036633480340242386, 'actual_return': -0.021915615919853804, 'pnl': -66.08517464666683, 'exit_reason': 'scheduled'}, {'date': Timestamp('2017-05-05 00:00:00'), 'exit_date': Timestamp('2017-05-12 00:00:00'), 'ticker': 'CHTR', 'sector': 'Services', 'allocated_amount': 2025.107231403921, 'prob_up': 0.5146484375, 'expected_rise': 0.004811123013496399, 'actual_return': -0.0381743205632783, 'pnl': -77.30709262662629, 'exit_reason': 'scheduled'}, {'date': Timestamp('2017-05-05 00:00:00'), 'exit_date': Timestamp('2017-05-12 00:00:00'), 'ticker': 'HON', 'sector': 'Industrial Goods', 'allocated_amount': 1080.3741159559424, 'prob_up': 0.49853515625, 'expected_rise': 0.0017623681342229247, 'actual_return': 0.0006087892669115469, 'pnl': 0.6577201660430287, 'exit_reason': 'scheduled'}, {'date': Timestamp('2017-05-05 00:00:00'), 'exit_date': Timestamp('2017-05-12 00:00:00'), 'ticker': 'NEE', 'sector': 'Utilities', 'allocated_amount': 192.41947867204206, 'prob_up': 0.493896484375, 'expected_rise': 0.0015006897738203406, 'actual_return': 0.009082118527773186, 'pnl': 1.7475765123518108, 'exit_reason': 'scheduled'}, {'date': Timestamp('2017-05-05 00:00:00'), 'exit_date': Timestamp('2017-05-12 00:00:00'), 'ticker': 'ORCL', 'sector': 'Technology', 'allocated_amount': 123.26930236915118, 'prob_up': 0.48828125, 'expected_rise': 0.0012111254036426544, 'actual_return': -0.010969723081626914, 'pnl': -1.3522301114549249, 'exit_reason': 'scheduled'}]","[{'ticker': 'BBL', 'sector': 'Basic Matierials', 'prob_up': 0.6005859375, 'predicted_prob': 0.6005859375, 'expected_rise': 8.538272231817245e-05, 'bucket_idx': 5, 'investment_fraction': 0.04176609706523243, 'investment_amount': 2788.8896647264833, 'allocated_amount': 2788.8896647264833, 'exit_date': Timestamp('2017-05-19 00:00:00')}, {'ticker': 'IEP', 'sector': 'Conglomerates', 'prob_up': 0.5517578125, 'predicted_prob': 0.5517578125, 'expected_rise': 0.007773787714540958, 'bucket_idx': 5, 'investment_fraction': 0.044622139573397446, 'investment_amount': 2979.5990676328756, 'allocated_amount': 2979.5990676328756, 'exit_date': Timestamp('2017-05-19 00:00:00')}, {'ticker': 'UPS', 'sector': 'Services', 'prob_up': 0.50244140625, 'predicted_prob': 0.50244140625, 'expected_rise': 0.0030287785921245813, 'bucket_idx': 5, 'investment_fraction': 0.008986578236692489, 'investment_amount': 600.0698395740357, 'allocated_amount': 600.0698395740357, 'exit_date': Timestamp('2017-05-19 00:00:00')}, {'ticker': 'NEE', 'sector': 'Utilities', 'prob_up': 0.49462890625, 'predicted_prob': 0.49462890625, 'expected_rise': 0.0015122528420761228, 'bucket_idx': 0, 'investment_fraction': 0.002975485635975961, 'investment_amount': 198.685099178761, 'allocated_amount': 198.685099178761, 'exit_date': Timestamp('2017-05-19 00:00:00')}, {'ticker': 'LMT', 'sector': 'Industrial Goods', 'prob_up': 0.457763671875, 'predicted_prob': 0.457763671875, 'expected_rise': 0.005585846025496721, 'bucket_idx': 0, 'investment_fraction': 0.0015396224776833445, 'investment_amount': 102.8067623576444, 'allocated_amount': 102.8067623576444, 'exit_date': Timestamp('2017-05-19 00:00:00')}, {'ticker': 'FB', 'sector': 'Technology', 'prob_up': 0.455322265625, 'predicted_prob': 0.455322265625, 'expected_rise': 0.010246778838336468, 'bucket_idx': 0, 'investment_fraction': 0.010663056315240595, 'investment_amount': 712.0149988045204, 'allocated_amount': 712.0149988045204, 'exit_date': Timestamp('2017-05-19 00:00:00')}]",5,100000.0,1109,True,False,42,/mnt/primary/simulation/trained_models_multiclass,12,12,0.2,0.3,200,5,60,1.0,0.0001,0.3,True,True,0.3,0.7,0.3,0.5,0.5,0.1,3,100.0,0.5,"[[0.08, 0.6], [0.15, 0.35]]",sector,sector,0.14460302093247346,BiGRU,6,corn,20,128,128,1,0.3,0.4,0.002368185640959,2.5898782569408105e-05,64,30,10,0.0038640829279896,7,0.4,5,1.3109464249779392,1.0437863717804818,2.6961818009299283,15,0.3419711337313805,0.7051296774893804,31,0.0665674589000914,2
2017-05-15,66295.92184503985,57622.58003908128,101136.44251102065,101136.44251102065,-81.8569583257774,-0.0008087169884785084,0,KELLY_ONLY,8673.341805958564,8673.341805958564,False,False,,"[{'date': Timestamp('2017-05-08 00:00:00'), 'exit_date': Timestamp('2017-05-15 00:00:00'), 'ticker': 'IEP', 'sector': 'Conglomerates', 'allocated_amount': 3130.661706961703, 'prob_up': 0.5478515625, 'expected_rise': 0.007677801884710789, 'actual_return': -0.028609071548859943, 'pnl': -89.56532476974337, 'exit_reason': 'scheduled'}, {'date': Timestamp('2017-05-08 00:00:00'), 'exit_date': Timestamp('2017-05-15 00:00:00'), 'ticker': 'CELG', 'sector': 'Healthcare', 'allocated_amount': 1639.8156729416119, 'prob_up': 0.50341796875, 'expected_rise': 0.003374717431142926, 'actual_return': 0.005745184135306003, 'pnl': 9.421042989010285, 'exit_reason': 'scheduled'}, {'date': Timestamp('2017-05-08 00:00:00'), 'exit_date': Timestamp('2017-05-15 00:00:00'), 'ticker': 'NEE', 'sector': 'Utilities', 'allocated_amount': 207.11862162776723, 'prob_up': 0.494140625, 'expected_rise': 0.0015069670043885708, 'actual_return': 0.008744038727173997, 'pnl': 1.8110532486320945, 'exit_reason': 'scheduled'}, {'date': Timestamp('2017-05-08 00:00:00'), 'exit_date': Timestamp('2017-05-15 00:00:00'), 'ticker': 'BAC', 'sector': 'Financial', 'allocated_amount': 723.4501253466722, 'prob_up': 0.482421875, 'expected_rise': 0.0013677394017577171, 'actual_return': 0.004173622878698824, 'pnl': 3.019407994744403, 'exit_reason': 'scheduled'}, {'date': Timestamp('2017-05-08 00:00:00'), 'exit_date': Timestamp('2017-05-15 00:00:00'), 'ticker': 'CMCSA', 'sector': 'Services', 'allocated_amount': 245.30803975931298, 'prob_up': 0.47705078125, 'expected_rise': 0.0025479625910520554, 'actual_return': -0.005867346789098171, 'pnl': -1.4393073394217715, 'exit_reason': 'scheduled'}, {'date': Timestamp('2017-05-08 00:00:00'), 'exit_date': Timestamp('2017-05-15 00:00:00'), 'ticker': 'DHR', 'sector': 'Industrial Goods', 'allocated_amount': 198.82947401796213, 'prob_up': 0.469482421875, 'expected_rise': 0.0008556738030165434, 'actual_return': -0.0013191030257716507, 'pnl': -0.26227656078967965, 'exit_reason': 'scheduled'}, {'date': Timestamp('2017-05-08 00:00:00'), 'exit_date': Timestamp('2017-05-15 00:00:00'), 'ticker': 'FB', 'sector': 'Technology', 'allocated_amount': 840.653429061495, 'prob_up': 0.459228515625, 'expected_rise': 0.010228900238871574, 'actual_return': -0.005759274536730863, 'pnl': -4.8415538882093525, 'exit_reason': 'scheduled'}]","[{'ticker': 'IEP', 'sector': 'Conglomerates', 'prob_up': 0.55224609375, 'predicted_prob': 0.55224609375, 'expected_rise': 0.007763926405459642, 'bucket_idx': 5, 'investment_fraction': 0.04471383246959766, 'investment_amount': 2964.3447427966516, 'allocated_amount': 2964.3447427966516, 'exit_date': Timestamp('2017-05-22 00:00:00')}, {'ticker': 'CHTR', 'sector': 'Services', 'prob_up': 0.51123046875, 'predicted_prob': 0.51123046875, 'expected_rise': 0.004789759870618582, 'bucket_idx': 5, 'investment_fraction': 0.028225309233174203, 'investment_amount': 1871.2228949745986, 'allocated_amount': 1871.2228949745986, 'exit_date': Timestamp('2017-05-22 00:00:00')}, {'ticker': 'CELG', 'sector': 'Healthcare', 'prob_up': 0.505859375, 'predicted_prob': 0.505859375, 'expected_rise': 0.0034254479687660933, 'bucket_idx': 0, 'investment_fraction': 0.02330527443544618, 'investment_amount': 1545.0446525495452, 'allocated_amount': 1545.0446525495452, 'exit_date': Timestamp('2017-05-22 00:00:00')}, {'ticker': 'NEE', 'sector': 'Utilities', 'prob_up': 0.494140625, 'predicted_prob': 0.494140625, 'expected_rise': 0.0015022950246930122, 'bucket_idx': 0, 'investment_fraction': 0.0027134378300238573, 'investment_amount': 179.88986231063618, 'allocated_amount': 179.88986231063618, 'exit_date': Timestamp('2017-05-22 00:00:00')}, {'ticker': 'HON', 'sector': 'Industrial Goods', 'prob_up': 0.489501953125, 'predicted_prob': 0.489501953125, 'expected_rise': 0.0017257224535569549, 'bucket_idx': 0, 'investment_fraction': 0.012089420585135614, 'investment_amount': 801.4792822639665, 'allocated_amount': 801.4792822639665, 'exit_date': Timestamp('2017-05-22 00:00:00')}, {'ticker': 'BAC', 'sector': 'Financial', 'prob_up': 0.48193359375, 'predicted_prob': 0.48193359375, 'expected_rise': 0.001404015813022852, 'bucket_idx': 0, 'investment_fraction': 0.009410011732675428, 'investment_amount': 623.8454023903582, 'allocated_amount': 623.8454023903582, 'exit_date': Timestamp('2017-05-22 00:00:00')}, {'ticker': 'FB', 'sector': 'Technology', 'prob_up': 0.454833984375, 'predicted_prob': 0.454833984375, 'expected_rise': 0.010251477360725403, 'bucket_idx': 0, 'investment_fraction': 0.010370396089819912, 'investment_amount': 687.5149686728078, 'allocated_amount': 687.5149686728078, 'exit_date': Timestamp('2017-05-22 00:00:00')}]",5,100000.0,1109,True,False,42,/mnt/primary/simulation/trained_models_multiclass,12,12,0.2,0.3,200,5,60,1.0,0.0001,0.3,True,True,0.3,0.7,0.3,0.5,0.5,0.1,3,100.0,0.5,"[[0.08, 0.6], [0.15, 0.35]]",sector,sector,0.14460302093247346,BiGRU,6,corn,20,128,128,1,0.3,0.4,0.002368185640959,2.5898782569408105e-05,64,30,10,0.0038640829279896,7,0.4,5,1.3109464249779392,1.0437863717804818,2.6961818009299283,15,0.3419711337313805,0.7051296774893804,31,0.0665674589000914,2
2017-05-16,70986.39477164217,63634.02239801885,101058.1020029815,101058.10200298148,-78.340508039167,-0.0007746021720174134,0,KELLY_ONLY,7352.372373623314,7352.372373623314,False,False,,"[{'date': Timestamp('2017-05-09 00:00:00'), 'exit_date': Timestamp('2017-05-16 00:00:00'), 'ticker': 'TM', 'sector': 'Consumer Goods', 'allocated_amount': 2485.111692850175, 'prob_up': 0.5546875, 'expected_rise': 6.195856258273125e-06, 'actual_return': -0.014198792312361985, 'pnl': -35.285584799801946, 'exit_reason': 'scheduled'}, {'date': Timestamp('2017-05-09 00:00:00'), 'exit_date': Timestamp('2017-05-16 00:00:00'), 'ticker': 'IEP', 'sector': 'Conglomerates', 'allocated_amount': 3241.8684108064103, 'prob_up': 0.54736328125, 'expected_rise': 0.007690672762691975, 'actual_return': -0.004919323101141293, 'pnl': -15.947798164140186, 'exit_reason': 'scheduled'}, {'date': Timestamp('2017-05-09 00:00:00'), 'exit_date': Timestamp('2017-05-16 00:00:00'), 'ticker': 'V', 'sector': 'Financial', 'allocated_amount': 1663.563892821732, 'prob_up': 0.5185546875, 'expected_rise': 0.00536285899579525, 'actual_return': 0.012500021739130451, 'pnl': 20.79458482470413, 'exit_reason': 'scheduled'}, {'date': Timestamp('2017-05-09 00:00:00'), 'exit_date': Timestamp('2017-05-16 00:00:00'), 'ticker': 'CHTR', 'sector': 'Services', 'allocated_amount': 2241.755895629026, 'prob_up': 0.5146484375, 'expected_rise': 0.004814173094928265, 'actual_return': -0.016926699392337485, 'pnl': -37.945528156312804, 'exit_reason': 'scheduled'}, {'date': Timestamp('2017-05-09 00:00:00'), 'exit_date': Timestamp('2017-05-16 00:00:00'), 'ticker': 'CELG', 'sector': 'Healthcare', 'allocated_amount': 1706.088429490775, 'prob_up': 0.50390625, 'expected_rise': 0.0033838660456240177, 'actual_return': -0.006161507180041825, 'pnl': -10.512076108093693, 'exit_reason': 'scheduled'}, {'date': Timestamp('2017-05-09 00:00:00'), 'exit_date': Timestamp('2017-05-16 00:00:00'), 'ticker': 'NEE', 'sector': 'Utilities', 'allocated_amount': 234.09503689678746, 'prob_up': 0.494873046875, 'expected_rise': 0.0015195162268355489, 'actual_return': 0.015922777426245593, 'pnl': 3.7274431690962966, 'exit_reason': 'scheduled'}, {'date': Timestamp('2017-05-09 00:00:00'), 'exit_date': Timestamp('2017-05-16 00:00:00'), 'ticker': 'HON', 'sector': 'Industrial Goods', 'allocated_amount': 1021.4301815956542, 'prob_up': 0.492431640625, 'expected_rise': 0.0017293521668761969, 'actual_return': 0.0007580243875970893, 'pnl': 0.7742689878772295, 'exit_reason': 'scheduled'}, {'date': Timestamp('2017-05-09 00:00:00'), 'exit_date': Timestamp('2017-05-16 00:00:00'), 'ticker': 'FB', 'sector': 'Technology', 'allocated_amount': 848.241700509484, 'prob_up': 0.4580078125, 'expected_rise': 0.010230948217213154, 'actual_return': -0.004651761155017531, 'pnl': -3.945817792496032, 'exit_reason': 'scheduled'}]","[{'ticker': 'AMGN', 'sector': 'Healthcare', 'prob_up': 0.62890625, 'predicted_prob': 0.62890625, 'expected_rise': 0.0042502908036112785, 'bucket_idx': 5, 'investment_fraction': 0.05858956705487466, 'investment_amount': 4159.062136456933, 'allocated_amount': 4159.062136456933, 'exit_date': Timestamp('2017-05-23 00:00:00')}, {'ticker': 'SPLP', 'sector': 'Conglomerates', 'prob_up': 0.49853515625, 'predicted_prob': 0.49853515625, 'expected_rise': 0.0001529997680336237, 'bucket_idx': 0, 'investment_fraction': 0.012900025635315449, 'investment_amount': 915.7263123128065, 'allocated_amount': 915.7263123128065, 'exit_date': Timestamp('2017-05-23 00:00:00')}, {'ticker': 'NEE', 'sector': 'Utilities', 'prob_up': 0.49365234375, 'predicted_prob': 0.49365234375, 'expected_rise': 0.0014953992795199156, 'bucket_idx': 0, 'investment_fraction': 0.0024485810406169152, 'investment_amount': 173.81594037959073, 'allocated_amount': 173.81594037959073, 'exit_date': Timestamp('2017-05-23 00:00:00')}, {'ticker': 'CMCSA', 'sector': 'Services', 'prob_up': 0.4814453125, 'predicted_prob': 0.4814453125, 'expected_rise': 0.002575294580310583, 'bucket_idx': 0, 'investment_fraction': 0.005306688779918145, 'investment_amount': 376.70270466151356, 'allocated_amount': 376.70270466151356, 'exit_date': Timestamp('2017-05-23 00:00:00')}, {'ticker': 'BRK-A', 'sector': 'Financial', 'prob_up': 0.467529296875, 'predicted_prob': 0.467529296875, 'expected_rise': 0.00084222003351897, 'bucket_idx': 0, 'investment_fraction': 0.012644064167460457, 'investment_amount': 897.556530509323, 'allocated_amount': 897.556530509323, 'exit_date': Timestamp('2017-05-23 00:00:00')}, {'ticker': 'DHR', 'sector': 'Industrial Goods', 'prob_up': 0.467041015625, 'predicted_prob': 0.467041015625, 'expected_rise': 0.000876871170476079, 'bucket_idx': 0, 'investment_fraction': 0.0016921080510515997, 'investment_amount': 120.1166501082229, 'allocated_amount': 120.1166501082229, 'exit_date': Timestamp('2017-05-23 00:00:00')}, {'ticker': 'FB', 'sector': 'Technology', 'prob_up': 0.453369140625, 'predicted_prob': 0.453369140625, 'expected_rise': 0.010233473032712936, 'bucket_idx': 0, 'investment_fraction': 0.009993352972453151, 'investment_amount': 709.3920991949232, 'allocated_amount': 709.3920991949232, 'exit_date': Timestamp('2017-05-23 00:00:00')}]",5,100000.0,1109,True,False,42,/mnt/primary/simulation/trained_models_multiclass,12,12,0.2,0.3,200,5,60,1.0,0.0001,0.3,True,True,0.3,0.7,0.3,0.5,0.5,0.1,3,100.0,0.5,"[[0.08, 0.6], [0.15, 0.35]]",sector,sector,0.14460302093247346,BiGRU,6,corn,20,128,128,1,0.3,0.4,0.002368185640959,2.5898782569408105e-05,64,30,10,0.0038640829279896,7,0.4,5,1.3109464249779392,1.0437863717804818,2.6961818009299283,15,0.3419711337313805,0.7051296774893804,31,0.0665674589000914,2
2017-05-17,68518.0066020631,59227.72858850339,100958.8092948088,100958.8092948088,-99.29270817270003,-0.000982530902566836,0,KELLY_ONLY,10154.101357008785,9290.27801355971,False,False,,"[{'date': Timestamp('2017-05-10 00:00:00'), 'exit_date': Timestamp('2017-05-17 00:00:00'), 'ticker': 'TM', 'sector': 'Consumer Goods', 'allocated_amount': 2267.962239186041, 'prob_up': 0.556640625, 'expected_rise': 2.3555709049105644e-05, 'actual_return': -0.0001889897020883602, 'pnl': -0.42862150793142023, 'exit_reason': 'scheduled'}, {'date': Timestamp('2017-05-10 00:00:00'), 'exit_date': Timestamp('2017-05-17 00:00:00'), 'ticker': 'VZ', 'sector': 'Technology', 'allocated_amount': 477.57907500641295, 'prob_up': 0.529296875, 'expected_rise': 0.0005101379938423634, 'actual_return': -0.04096595426981564, 'pnl': -19.56448254693357, 'exit_reason': 'scheduled'}, {'date': Timestamp('2017-05-10 00:00:00'), 'exit_date': Timestamp('2017-05-17 00:00:00'), 'ticker': 'UPS', 'sector': 'Services', 'allocated_amount': 577.2138360729974, 'prob_up': 0.5009765625, 'expected_rise': 0.003015128429979086, 'actual_return': -0.021217840556000844, 'pnl': -12.247231140514469, 'exit_reason': 'scheduled'}, {'date': Timestamp('2017-05-10 00:00:00'), 'exit_date': Timestamp('2017-05-17 00:00:00'), 'ticker': 'UNH', 'sector': 'Healthcare', 'allocated_amount': 868.1323428393725, 'prob_up': 0.484375, 'expected_rise': 0.0031944115180522203, 'actual_return': -0.02612606278404772, 'pnl': -22.68088009388389, 'exit_reason': 'scheduled'}, {'date': Timestamp('2017-05-10 00:00:00'), 'exit_date': Timestamp('2017-05-17 00:00:00'), 'ticker': 'BAC', 'sector': 'Financial', 'allocated_amount': 659.5267158918336, 'prob_up': 0.482421875, 'expected_rise': 0.001419777050614357, 'actual_return': -0.0654244306418219, 'pnl': -43.14915988029385, 'exit_reason': 'scheduled'}, {'date': Timestamp('2017-05-10 00:00:00'), 'exit_date': Timestamp('2017-05-17 00:00:00'), 'ticker': 'LMT', 'sector': 'Industrial Goods', 'allocated_amount': 132.8627032202807, 'prob_up': 0.45849609375, 'expected_rise': 0.005594619084149599, 'actual_return': -0.009199970898652099, 'pnl': -1.222333003142833, 'exit_reason': 'scheduled'}]","[{'ticker': 'TM', 'sector': 'Consumer Goods', 'prob_up': 0.55908203125, 'predicted_prob': 0.55908203125, 'expected_rise': 1.4523975551128387e-06, 'bucket_idx': 0, 'investment_fraction': 0.03455956461333407, 'investment_amount': 2367.9524763408504, 'allocated_amount': 2367.9524763408504, 'exit_date': Timestamp('2017-05-24 00:00:00')}, {'ticker': 'IEP', 'sector': 'Conglomerates', 'prob_up': 0.5546875, 'predicted_prob': 0.5546875, 'expected_rise': 0.00770955765619874, 'bucket_idx': 5, 'investment_fraction': 0.04566583194278001, 'investment_amount': 3128.931774544105, 'allocated_amount': 3128.931774544105, 'exit_date': Timestamp('2017-05-24 00:00:00')}, {'ticker': 'CHTR', 'sector': 'Services', 'prob_up': 0.5107421875, 'predicted_prob': 0.5107421875, 'expected_rise': 0.004802096635103226, 'bucket_idx': 5, 'investment_fraction': 0.028189855111301378, 'investment_amount': 1931.5126786273502, 'allocated_amount': 1931.5126786273502, 'exit_date': Timestamp('2017-05-24 00:00:00')}, {'ticker': 'UNH', 'sector': 'Healthcare', 'prob_up': 0.4833984375, 'predicted_prob': 0.4833984375, 'expected_rise': 0.003205191344022751, 'bucket_idx': 0, 'investment_fraction': 0.012622463876423774, 'investment_amount': 864.8660632191072, 'allocated_amount': 864.8660632191072, 'exit_date': Timestamp('2017-05-24 00:00:00')}, {'ticker': 'BRK-A', 'sector': 'Financial', 'prob_up': 0.467529296875, 'predicted_prob': 0.467529296875, 'expected_rise': 0.0008434419287368655, 'bucket_idx': 0, 'investment_fraction': 0.012784266360616515, 'investment_amount': 875.9524468992556, 'allocated_amount': 875.9524468992556, 'exit_date': Timestamp('2017-05-24 00:00:00')}, {'ticker': 'DHR', 'sector': 'Industrial Goods', 'prob_up': 0.466796875, 'predicted_prob': 0.466796875, 'expected_rise': 0.0008818581700325012, 'bucket_idx': 0, 'investment_fraction': 0.0017668723877526716, 'investment_amount': 121.06257392904055, 'allocated_amount': 121.06257392904055, 'exit_date': Timestamp('2017-05-24 00:00:00')}]",5,100000.0,1109,True,False,42,/mnt/primary/simulation/trained_models_multiclass,12,12,0.2,0.3,200,5,60,1.0,0.0001,0.3,True,True,0.3,0.7,0.3,0.5,0.5,0.1,3,100.0,0.5,"[[0.08, 0.6], [0.15, 0.35]]",sector,sector,0.14460302093247346,BiGRU,6,corn,20,128,128,1,0.3,0.4,0.002368185640959,2.5898782569408105e-05,64,30,10,0.0038640829279896,7,0.4,5,1.3109464249779392,1.0437863717804818,2.6961818009299283,15,0.3419711337313805,0.7051296774893804,31,0.0665674589000914,2
2017-05-18,68114.22424642328,58926.1527986641,100812.2818718392,100812.2818718392,-146.5274229696053,-0.0014513584697867232,0,KELLY_ONLY,9372.841189233719,9188.071447759181,False,False,,"[{'date': Timestamp('2017-05-11 00:00:00'), 'exit_date': Timestamp('2017-05-18 00:00:00'), 'ticker': 'TM', 'sector': 'Consumer Goods', 'allocated_amount': 2477.3215669417573, 'prob_up': 0.5615234375, 'expected_rise': 7.072393782436848e-05, 'actual_return': -0.000655175988587553, 'pnl': -1.6230816066703317, 'exit_reason': 'scheduled'}, {'date': Timestamp('2017-05-11 00:00:00'), 'exit_date': Timestamp('2017-05-18 00:00:00'), 'ticker': 'VZ', 'sector': 'Technology', 'allocated_amount': 487.6559112566533, 'prob_up': 0.529296875, 'expected_rise': 0.0005101379938423634, 'actual_return': -0.021295067362016695, 'pnl': -10.384665479696068, 'exit_reason': 'scheduled'}, {'date': Timestamp('2017-05-11 00:00:00'), 'exit_date': Timestamp('2017-05-18 00:00:00'), 'ticker': 'CHTR', 'sector': 'Services', 'allocated_amount': 2011.3812238009043, 'prob_up': 0.5126953125, 'expected_rise': 0.004825655370950699, 'actual_return': -0.026893750665125116, 'pnl': -54.09358512541574, 'exit_reason': 'scheduled'}, {'date': Timestamp('2017-05-11 00:00:00'), 'exit_date': Timestamp('2017-05-18 00:00:00'), 'ticker': 'CELG', 'sector': 'Healthcare', 'allocated_amount': 1611.552032791852, 'prob_up': 0.50537109375, 'expected_rise': 0.0034148371778428555, 'actual_return': -0.017737575746425094, 'pnl': -28.58502625095081, 'exit_reason': 'scheduled'}, {'date': Timestamp('2017-05-11 00:00:00'), 'exit_date': Timestamp('2017-05-18 00:00:00'), 'ticker': 'SPLP', 'sector': 'Conglomerates', 'allocated_amount': 890.4144740879445, 'prob_up': 0.49853515625, 'expected_rise': 0.0001567306462675333, 'actual_return': -0.00438837081733412, 'pnl': -3.9074688934194435, 'exit_reason': 'scheduled'}, {'date': Timestamp('2017-05-11 00:00:00'), 'exit_date': Timestamp('2017-05-18 00:00:00'), 'ticker': 'HON', 'sector': 'Industrial Goods', 'allocated_amount': 862.3162298232952, 'prob_up': 0.48974609375, 'expected_rise': 0.0017228856449946761, 'actual_return': -0.011220591867502239, 'pnl': -9.675698475570458, 'exit_reason': 'scheduled'}, {'date': Timestamp('2017-05-11 00:00:00'), 'exit_date': Timestamp('2017-05-18 00:00:00'), 'ticker': 'BAC', 'sector': 'Financial', 'allocated_amount': 692.38164218709, 'prob_up': 0.48291015625, 'expected_rise': 0.0014269384555518627, 'actual_return': -0.05525550477773167, 'pnl': -38.25789713788245, 'exit_reason': 'scheduled'}]","[{'ticker': 'TM', 'sector': 'Consumer Goods', 'prob_up': 0.57177734375, 'predicted_prob': 0.57177734375, 'expected_rise': 0.00021320348605513573, 'bucket_idx': 5, 'investment_fraction': 0.03945624393421816, 'investment_amount': 2687.5314472569144, 'allocated_amount': 2687.5314472569144, 'exit_date': Timestamp('2017-05-25 00:00:00')}, {'ticker': 'VZ', 'sector': 'Technology', 'prob_up': 0.52587890625, 'predicted_prob': 0.52587890625, 'expected_rise': 0.0004650058690458536, 'bucket_idx': 5, 'investment_fraction': 0.005060403049580775, 'investment_amount': 344.6854280964292, 'allocated_amount': 344.6854280964292, 'exit_date': Timestamp('2017-05-25 00:00:00')}, {'ticker': 'CELG', 'sector': 'Healthcare', 'prob_up': 0.509765625, 'predicted_prob': 0.509765625, 'expected_rise': 0.0035009151324629784, 'bucket_idx': 0, 'investment_fraction': 0.02474263012647685, 'investment_amount': 1685.3250568811527, 'allocated_amount': 1685.3250568811527, 'exit_date': Timestamp('2017-05-25 00:00:00')}, {'ticker': 'CHTR', 'sector': 'Services', 'prob_up': 0.509765625, 'predicted_prob': 0.509765625, 'expected_rise': 0.004796316847205162, 'bucket_idx': 5, 'investment_fraction': 0.027741305582707335, 'investment_amount': 1889.5775093490815, 'allocated_amount': 1889.5775093490815, 'exit_date': Timestamp('2017-05-25 00:00:00')}, {'ticker': 'SPLP', 'sector': 'Conglomerates', 'prob_up': 0.497802734375, 'predicted_prob': 0.497802734375, 'expected_rise': 0.0001239301636815071, 'bucket_idx': 0, 'investment_fraction': 0.012749562067810971, 'investment_amount': 868.4265297305686, 'allocated_amount': 868.4265297305686, 'exit_date': Timestamp('2017-05-25 00:00:00')}, {'ticker': 'HON', 'sector': 'Industrial Goods', 'prob_up': 0.490966796875, 'predicted_prob': 0.490966796875, 'expected_rise': 0.0017219528090208769, 'bucket_idx': 0, 'investment_fraction': 0.012433529874056305, 'investment_amount': 846.9002420160742, 'allocated_amount': 846.9002420160742, 'exit_date': Timestamp('2017-05-25 00:00:00')}, {'ticker': 'BRK-A', 'sector': 'Financial', 'prob_up': 0.46728515625, 'predicted_prob': 0.46728515625, 'expected_rise': 0.0008427546126767993, 'bucket_idx': 0, 'investment_fraction': 0.012708435631554806, 'investment_amount': 865.62523442896, 'allocated_amount': 865.62523442896, 'exit_date': Timestamp('2017-05-25 00:00:00')}]",5,100000.0,1109,True,False,42,/mnt/primary/simulation/trained_models_multiclass,12,12,0.2,0.3,200,5,60,1.0,0.0001,0.3,True,True,0.3,0.7,0.3,0.5,0.5,0.1,3,100.0,0.5,"[[0.08, 0.6], [0.15, 0.35]]",sector,sector,0.14460302093247346,BiGRU,6,corn,20,128,128,1,0.3,0.4,0.002368185640959,2.5898782569408105e-05,64,30,10,0.0038640829279896,7,0.4,5,1.3109464249779392,1.0437863717804818,2.6961818009299283,15,0.3419711337313805,0.7051296774893804,31,0.0665674589000914,2
2017-05-19,66390.06133968428,51747.76842710449,100894.12498058505,100894.12498058505,81.84310874585893,0.0008118366852354342,0,KELLY_ONLY,14642.29291257979,14642.29291257979,False,False,,"[{'date': Timestamp('2017-05-12 00:00:00'), 'exit_date': Timestamp('2017-05-19 00:00:00'), 'ticker': 'BBL', 'sector': 'Basic Matierials', 'allocated_amount': 2788.8896647264833, 'prob_up': 0.6005859375, 'expected_rise': 8.538272231817245e-05, 'actual_return': 0.048137190900098936, 'pnl': 134.24931419025165, 'exit_reason': 'scheduled'}, {'date': Timestamp('2017-05-12 00:00:00'), 'exit_date': Timestamp('2017-05-19 00:00:00'), 'ticker': 'IEP', 'sector': 'Conglomerates', 'allocated_amount': 2979.5990676328756, 'prob_up': 0.5517578125, 'expected_rise': 0.007773787714540958, 'actual_return': -0.013657360641547323, 'pnl': -40.69345903388034, 'exit_reason': 'scheduled'}, {'date': Timestamp('2017-05-12 00:00:00'), 'exit_date': Timestamp('2017-05-19 00:00:00'), 'ticker': 'UPS', 'sector': 'Services', 'allocated_amount': 600.0698395740357, 'prob_up': 0.50244140625, 'expected_rise': 0.0030287785921245813, 'actual_return': -0.006818390669885432, 'pnl': -4.091510595431253, 'exit_reason': 'scheduled'}, {'date': Timestamp('2017-05-12 00:00:00'), 'exit_date': Timestamp('2017-05-19 00:00:00'), 'ticker': 'NEE', 'sector': 'Utilities', 'allocated_amount': 198.685099178761, 'prob_up': 0.49462890625, 'expected_rise': 0.0015122528420761228, 'actual_return': 0.012836517605979036, 'pnl': 2.5504247736538566, 'exit_reason': 'scheduled'}, {'date': Timestamp('2017-05-12 00:00:00'), 'exit_date': Timestamp('2017-05-19 00:00:00'), 'ticker': 'LMT', 'sector': 'Industrial Goods', 'allocated_amount': 102.8067623576444, 'prob_up': 0.457763671875, 'expected_rise': 0.005585846025496721, 'actual_return': 0.0056403411619720956, 'pnl': 0.5798652134549052, 'exit_reason': 'scheduled'}, {'date': Timestamp('2017-05-12 00:00:00'), 'exit_date': Timestamp('2017-05-19 00:00:00'), 'ticker': 'FB', 'sector': 'Technology', 'allocated_amount': 712.0149988045204, 'prob_up': 0.455322265625, 'expected_rise': 0.010246778838336468, 'actual_return': -0.015100139491782905, 'pnl': -10.751525802189896, 'exit_reason': 'scheduled'}]","[{'ticker': 'AMGN', 'sector': 'Healthcare', 'prob_up': 0.7177734375, 'predicted_prob': 0.7177734375, 'expected_rise': 0.005439640022814274, 'bucket_idx': 5, 'investment_fraction': 0.09253086831757797, 'investment_amount': 6143.13002341825, 'allocated_amount': 6143.13002341825, 'exit_date': Timestamp('2017-05-26 00:00:00')}, {'ticker': 'TM', 'sector': 'Consumer Goods', 'prob_up': 0.58251953125, 'predicted_prob': 0.58251953125, 'expected_rise': 0.00041042082011699677, 'bucket_idx': 5, 'investment_fraction': 0.04360981055293123, 'investment_amount': 2895.257997621115, 'allocated_amount': 2895.257997621115, 'exit_date': Timestamp('2017-05-26 00:00:00')}, {'ticker': 'IEP', 'sector': 'Conglomerates', 'prob_up': 0.55810546875, 'predicted_prob': 0.55810546875, 'expected_rise': 0.0077154855243861675, 'bucket_idx': 5, 'investment_fraction': 0.046867368191262984, 'investment_amount': 3111.5274490475176, 'allocated_amount': 3111.5274490475176, 'exit_date': Timestamp('2017-05-26 00:00:00')}, {'ticker': 'UPS', 'sector': 'Services', 'prob_up': 0.5126953125, 'predicted_prob': 0.5126953125, 'expected_rise': 0.0031412672251462936, 'bucket_idx': 5, 'investment_fraction': 0.012666124205597885, 'investment_amount': 840.9047629457034, 'allocated_amount': 840.9047629457034, 'exit_date': Timestamp('2017-05-26 00:00:00')}, {'ticker': 'NEE', 'sector': 'Utilities', 'prob_up': 0.494140625, 'predicted_prob': 0.494140625, 'expected_rise': 0.0015001647407189012, 'bucket_idx': 0, 'investment_fraction': 0.0026116933612229444, 'investment_amount': 173.3904824520375, 'allocated_amount': 173.3904824520375, 'exit_date': Timestamp('2017-05-26 00:00:00')}, {'ticker': 'HON', 'sector': 'Industrial Goods', 'prob_up': 0.4921875, 'predicted_prob': 0.4921875, 'expected_rise': 0.00173255056142807, 'bucket_idx': 0, 'investment_fraction': 0.012931668847711986, 'investment_amount': 858.5342880240831, 'allocated_amount': 858.5342880240831, 'exit_date': Timestamp('2017-05-26 00:00:00')}, {'ticker': 'ORCL', 'sector': 'Technology', 'prob_up': 0.4873046875, 'predicted_prob': 0.4873046875, 'expected_rise': 0.0011958969989791512, 'bucket_idx': 0, 'investment_fraction': 0.001549087826589357, 'investment_amount': 102.84403582782562, 'allocated_amount': 102.84403582782562, 'exit_date': Timestamp('2017-05-26 00:00:00')}, {'ticker': 'BAC', 'sector': 'Financial', 'prob_up': 0.4794921875, 'predicted_prob': 0.4794921875, 'expected_rise': 0.0013445098884403706, 'bucket_idx': 0, 'investment_fraction': 0.007782849764207101, 'investment_amount': 516.7038732432568, 'allocated_amount': 516.7038732432568, 'exit_date': Timestamp('2017-05-26 00:00:00')}]",5,100000.0,1109,True,False,42,/mnt/primary/simulation/trained_models_multiclass,12,12,0.2,0.3,200,5,60,1.0,0.0001,0.3,True,True,0.3,0.7,0.3,0.5,0.5,0.1,3,100.0,0.5,"[[0.08, 0.6], [0.15, 0.35]]",sector,sector,0.14460302093247346,BiGRU,6,corn,20,128,128,1,0.3,0.4,0.002368185640959,2.5898782569408105e-05,64,30,10,0.0038640829279896,7,0.4,5,1.3109464249779392,1.0437863717804818,2.6961818009299283,15,0.3419711337313805,0.7051296774893804,31,0.0665674589000914,2
2017-05-22,60209.516328465674,48995.07237450761,100682.53107598767,100682.53107598767,-211.59390459738816,-0.002097187568038228,0,KELLY_ONLY,14111.477366147155,11214.443953958058,False,False,,"[{'date': Timestamp('2017-05-15 00:00:00'), 'exit_date': Timestamp('2017-05-22 00:00:00'), 'ticker': 'IEP', 'sector': 'Conglomerates', 'allocated_amount': 2964.3447427966516, 'prob_up': 0.55224609375, 'expected_rise': 0.007763926405459642, 'actual_return': -0.03642706769178328, 'pnl': -107.98238660763552, 'exit_reason': 'scheduled'}, {'date': Timestamp('2017-05-15 00:00:00'), 'exit_date': Timestamp('2017-05-22 00:00:00'), 'ticker': 'CHTR', 'sector': 'Services', 'allocated_amount': 1871.2228949745986, 'prob_up': 0.51123046875, 'expected_rise': 0.004789759870618582, 'actual_return': -0.014482804057122656, 'pnl': -27.100554535118917, 'exit_reason': 'scheduled'}, {'date': Timestamp('2017-05-15 00:00:00'), 'exit_date': Timestamp('2017-05-22 00:00:00'), 'ticker': 'CELG', 'sector': 'Healthcare', 'allocated_amount': 1545.0446525495452, 'prob_up': 0.505859375, 'expected_rise': 0.0034254479687660933, 'actual_return': -0.027973806888660913, 'pnl': -43.22078074477917, 'exit_reason': 'scheduled'}, {'date': Timestamp('2017-05-15 00:00:00'), 'exit_date': Timestamp('2017-05-22 00:00:00'), 'ticker': 'NEE', 'sector': 'Utilities', 'allocated_amount': 179.88986231063618, 'prob_up': 0.494140625, 'expected_rise': 0.0015022950246930122, 'actual_return': 0.016307947685743507, 'pnl': 2.9336344637574574, 'exit_reason': 'scheduled'}, {'date': Timestamp('2017-05-15 00:00:00'), 'exit_date': Timestamp('2017-05-22 00:00:00'), 'ticker': 'HON', 'sector': 'Industrial Goods', 'allocated_amount': 801.4792822639665, 'prob_up': 0.489501953125, 'expected_rise': 0.0017257224535569549, 'actual_return': -0.0010607668149951177, 'pnl': -0.8501826255317207, 'exit_reason': 'scheduled'}, {'date': Timestamp('2017-05-15 00:00:00'), 'exit_date': Timestamp('2017-05-22 00:00:00'), 'ticker': 'BAC', 'sector': 'Financial', 'allocated_amount': 623.8454023903582, 'prob_up': 0.48193359375, 'expected_rise': 0.001404015813022852, 'actual_return': -0.042393933599082945, 'pnl': -26.447260565030028, 'exit_reason': 'scheduled'}, {'date': Timestamp('2017-05-15 00:00:00'), 'exit_date': Timestamp('2017-05-22 00:00:00'), 'ticker': 'FB', 'sector': 'Technology', 'allocated_amount': 687.5149686728078, 'prob_up': 0.454833984375, 'expected_rise': 0.010251477360725403, 'actual_return': -0.012983534017131149, 'pnl': -8.926373983050256, 'exit_reason': 'scheduled'}]","[{'ticker': 'AMGN', 'sector': 'Healthcare', 'prob_up': 0.72900390625, 'predicted_prob': 0.72900390625, 'expected_rise': 0.005601607263088226, 'bucket_idx': 5, 'investment_fraction': 0.09681275271951871, 'investment_amount': 5829.0490156695705, 'allocated_amount': 5829.0490156695705, 'exit_date': Timestamp('2017-05-30 00:00:00')}, {'ticker': 'IEP', 'sector': 'Conglomerates', 'prob_up': 0.560546875, 'predicted_prob': 0.560546875, 'expected_rise': 0.007761105895042419, 'bucket_idx': 5, 'investment_fraction': 0.047774893253774736, 'investment_amount': 2876.5032154538544, 'allocated_amount': 2876.5032154538544, 'exit_date': Timestamp('2017-05-30 00:00:00')}, {'ticker': 'VZ', 'sector': 'Technology', 'prob_up': 0.5322265625, 'predicted_prob': 0.5322265625, 'expected_rise': 0.0005488225724548101, 'bucket_idx': 5, 'investment_fraction': 0.007723411669858527, 'investment_amount': 465.0228810478092, 'allocated_amount': 465.0228810478092, 'exit_date': Timestamp('2017-05-30 00:00:00')}, {'ticker': 'UPS', 'sector': 'Services', 'prob_up': 0.51220703125, 'predicted_prob': 0.51220703125, 'expected_rise': 0.0031435582786798477, 'bucket_idx': 5, 'investment_fraction': 0.012575464194063158, 'investment_amount': 757.162616730481, 'allocated_amount': 757.162616730481, 'exit_date': Timestamp('2017-05-30 00:00:00')}, {'ticker': 'V', 'sector': 'Financial', 'prob_up': 0.50341796875, 'predicted_prob': 0.50341796875, 'expected_rise': 0.005244645290076733, 'bucket_idx': 0, 'investment_fraction': 0.017147760714443207, 'investment_amount': 1032.4583787328904, 'allocated_amount': 1032.4583787328904, 'exit_date': Timestamp('2017-05-30 00:00:00')}, {'ticker': 'NEE', 'sector': 'Utilities', 'prob_up': 0.49365234375, 'predicted_prob': 0.49365234375, 'expected_rise': 0.0014915561769157648, 'bucket_idx': 0, 'investment_fraction': 0.0023807183938807544, 'investment_amount': 143.34190300984184, 'allocated_amount': 143.34190300984184, 'exit_date': Timestamp('2017-05-30 00:00:00')}, {'ticker': 'GE', 'sector': 'Industrial Goods', 'prob_up': 0.46728515625, 'predicted_prob': 0.46728515625, 'expected_rise': 0.0013717524707317352, 'bucket_idx': 0, 'investment_fraction': 0.001842000236450625, 'investment_amount': 110.90594331361153, 'allocated_amount': 110.90594331361153, 'exit_date': Timestamp('2017-05-30 00:00:00')}]",5,100000.0,1109,True,False,42,/mnt/primary/simulation/trained_models_multiclass,12,12,0.2,0.3,200,5,60,1.0,0.0001,0.3,True,True,0.3,0.7,0.3,0.5,0.5,0.1,3,100.0,0.5,"[[0.08, 0.6], [0.15, 0.35]]",sector,sector,0.14460302093247346,BiGRU,6,corn,20,128,128,1,0.3,0.4,0.002368185640959,2.5898782569408105e-05,64,30,10,0.0038640829279896,7,0.4,5,1.3109464249779392,1.0437863717804818,2.6961818009299283,15,0.3419711337313805,0.7051296774893804,31,0.0665674589000914,2
2017-05-23,56231.584908198696,48153.95382470565,100566.67123605544,100566.67123605544,-115.85983993222814,-0.0011507442124671918,0,KELLY_ONLY,13511.157489221821,8077.631083493046,False,False,,"[{'date': Timestamp('2017-05-16 00:00:00'), 'exit_date': Timestamp('2017-05-23 00:00:00'), 'ticker': 'AMGN', 'sector': 'Healthcare', 'allocated_amount': 4159.062136456933, 'prob_up': 0.62890625, 'expected_rise': 0.0042502908036112785, 'actual_return': -0.037002298987364846, 'pnl': -153.89486068020784, 'exit_reason': 'scheduled'}, {'date': Timestamp('2017-05-16 00:00:00'), 'exit_date': Timestamp('2017-05-23 00:00:00'), 'ticker': 'SPLP', 'sector': 'Conglomerates', 'allocated_amount': 915.7263123128065, 'prob_up': 0.49853515625, 'expected_rise': 0.0001529997680336237, 'actual_return': 0.024793388429752206, 'pnl': 22.70395815651599, 'exit_reason': 'scheduled'}, {'date': Timestamp('2017-05-16 00:00:00'), 'exit_date': Timestamp('2017-05-23 00:00:00'), 'ticker': 'NEE', 'sector': 'Utilities', 'allocated_amount': 173.81594037959073, 'prob_up': 0.49365234375, 'expected_rise': 0.0014953992795199156, 'actual_return': 0.0225166529440759, 'pnl': 3.9137532056754325, 'exit_reason': 'scheduled'}, {'date': Timestamp('2017-05-16 00:00:00'), 'exit_date': Timestamp('2017-05-23 00:00:00'), 'ticker': 'CMCSA', 'sector': 'Services', 'allocated_amount': 376.70270466151356, 'prob_up': 0.4814453125, 'expected_rise': 0.002575294580310583, 'actual_return': 0.024729495105615618, 'pnl': 9.315667691199065, 'exit_reason': 'scheduled'}, {'date': Timestamp('2017-05-16 00:00:00'), 'exit_date': Timestamp('2017-05-23 00:00:00'), 'ticker': 'BRK-A', 'sector': 'Financial', 'allocated_amount': 897.556530509323, 'prob_up': 0.467529296875, 'expected_rise': 0.00084222003351897, 'actual_return': 0.00984936976243489, 'pnl': 8.840366151674495, 'exit_reason': 'scheduled'}, {'date': Timestamp('2017-05-16 00:00:00'), 'exit_date': Timestamp('2017-05-23 00:00:00'), 'ticker': 'DHR', 'sector': 'Industrial Goods', 'allocated_amount': 120.1166501082229, 'prob_up': 0.467041015625, 'expected_rise': 0.000876871170476079, 'actual_return': 0.011323876368536823, 'pnl': 1.3601860956283112, 'exit_reason': 'scheduled'}, {'date': Timestamp('2017-05-16 00:00:00'), 'exit_date': Timestamp('2017-05-23 00:00:00'), 'ticker': 'FB', 'sector': 'Technology', 'allocated_amount': 709.3920991949232, 'prob_up': 0.453369140625, 'expected_rise': 0.010233473032712936, 'actual_return': -0.01141669122323874, 'pnl': -8.098910552713585, 'exit_reason': 'scheduled'}]","[{'ticker': 'AMGN', 'sector': 'Healthcare', 'prob_up': 0.71337890625, 'predicted_prob': 0.71337890625, 'expected_rise': 0.005346465855836868, 'bucket_idx': 5, 'investment_fraction': 0.09078681338588523, 'investment_amount': 5105.086405453196, 'allocated_amount': 5105.086405453196, 'exit_date': Timestamp('2017-05-31 00:00:00')}, {'ticker': 'HON', 'sector': 'Industrial Goods', 'prob_up': 0.505859375, 'predicted_prob': 0.505859375, 'expected_rise': 0.0017806125106289983, 'bucket_idx': 0, 'investment_fraction': 0.0182911679737759, 'investment_amount': 1028.5413649875043, 'allocated_amount': 1028.5413649875043, 'exit_date': Timestamp('2017-05-31 00:00:00')}, {'ticker': 'V', 'sector': 'Financial', 'prob_up': 0.5048828125, 'predicted_prob': 0.5048828125, 'expected_rise': 0.005242645740509033, 'bucket_idx': 0, 'investment_fraction': 0.017563834884958853, 'investment_amount': 987.642272647146, 'allocated_amount': 987.642272647146, 'exit_date': Timestamp('2017-05-31 00:00:00')}, {'ticker': 'NEE', 'sector': 'Utilities', 'prob_up': 0.49365234375, 'predicted_prob': 0.49365234375, 'expected_rise': 0.00148776825517416, 'bucket_idx': 0, 'investment_fraction': 0.0023687673107933406, 'investment_amount': 133.19954016464123, 'allocated_amount': 133.19954016464123, 'exit_date': Timestamp('2017-05-31 00:00:00')}, {'ticker': 'CMCSA', 'sector': 'Services', 'prob_up': 0.482666015625, 'predicted_prob': 0.482666015625, 'expected_rise': 0.0025828867219388485, 'bucket_idx': 0, 'investment_fraction': 0.005942761111247208, 'investment_amount': 334.1708760162386, 'allocated_amount': 334.1708760162386, 'exit_date': Timestamp('2017-05-31 00:00:00')}, {'ticker': 'FB', 'sector': 'Technology', 'prob_up': 0.44873046875, 'predicted_prob': 0.44873046875, 'expected_rise': 0.010108613409101963, 'bucket_idx': 0, 'investment_fraction': 0.008696013548659986, 'investment_amount': 488.99062422432024, 'allocated_amount': 488.99062422432024, 'exit_date': Timestamp('2017-05-31 00:00:00')}]",5,100000.0,1109,True,False,42,/mnt/primary/simulation/trained_models_multiclass,12,12,0.2,0.3,200,5,60,1.0,0.0001,0.3,True,True,0.3,0.7,0.3,0.5,0.5,0.1,3,100.0,0.5,"[[0.08, 0.6], [0.15, 0.35]]",sector,sector,0.14460302093247346,BiGRU,6,corn,20,128,128,1,0.3,0.4,0.002368185640959,2.5898782569408105e-05,64,30,10,0.0038640829279896,7,0.4,5,1.3109464249779392,1.0437863717804818,2.6961818009299283,15,0.3419711337313805,0.7051296774893804,31,0.0665674589000914,2
2017-05-24,57654.38414645096,48079.883628613505,100776.82354424102,100776.82354424102,210.1523081856104,0.0020896814581075063,0,KELLY_ONLY,10891.32801244132,9574.500517837452,False,False,,"[{'date': Timestamp('2017-05-17 00:00:00'), 'exit_date': Timestamp('2017-05-24 00:00:00'), 'ticker': 'TM', 'sector': 'Consumer Goods', 'allocated_amount': 2367.9524763408504, 'prob_up': 0.55908203125, 'expected_rise': 1.4523975551128387e-06, 'actual_return': 0.014462605024457842, 'pnl': 34.24676138200457, 'exit_reason': 'scheduled'}, {'date': Timestamp('2017-05-17 00:00:00'), 'exit_date': Timestamp('2017-05-24 00:00:00'), 'ticker': 'IEP', 'sector': 'Conglomerates', 'allocated_amount': 3128.931774544105, 'prob_up': 0.5546875, 'expected_rise': 0.00770955765619874, 'actual_return': 0.00779171621898711, 'pnl': 24.37974845581942, 'exit_reason': 'scheduled'}, {'date': Timestamp('2017-05-17 00:00:00'), 'exit_date': Timestamp('2017-05-24 00:00:00'), 'ticker': 'CHTR', 'sector': 'Services', 'allocated_amount': 1931.5126786273502, 'prob_up': 0.5107421875, 'expected_rise': 0.004802096635103226, 'actual_return': 0.05087676779135619, 'pnl': 98.2691220365841, 'exit_reason': 'scheduled'}, {'date': Timestamp('2017-05-17 00:00:00'), 'exit_date': Timestamp('2017-05-24 00:00:00'), 'ticker': 'UNH', 'sector': 'Healthcare', 'allocated_amount': 864.8660632191072, 'prob_up': 0.4833984375, 'expected_rise': 0.003205191344022751, 'actual_return': 0.039855471752602956, 'pnl': 34.46964495241405, 'exit_reason': 'scheduled'}, {'date': Timestamp('2017-05-17 00:00:00'), 'exit_date': Timestamp('2017-05-24 00:00:00'), 'ticker': 'BRK-A', 'sector': 'Financial', 'allocated_amount': 875.9524468992556, 'prob_up': 0.467529296875, 'expected_rise': 0.0008434419287368655, 'actual_return': 0.017971288717041567, 'pnl': 15.741994325625544, 'exit_reason': 'scheduled'}, {'date': Timestamp('2017-05-17 00:00:00'), 'exit_date': Timestamp('2017-05-24 00:00:00'), 'ticker': 'DHR', 'sector': 'Industrial Goods', 'allocated_amount': 121.06257392904055, 'prob_up': 0.466796875, 'expected_rise': 0.0008818581700325012, 'actual_return': 0.025152587908361612, 'pnl': 3.045037033162719, 'exit_reason': 'scheduled'}]","[{'ticker': 'TM', 'sector': 'Consumer Goods', 'prob_up': 0.599609375, 'predicted_prob': 0.599609375, 'expected_rise': 0.0006268485449254513, 'bucket_idx': 5, 'investment_fraction': 0.049816584276814894, 'investment_amount': 2872.1444867595346, 'allocated_amount': 2872.1444867595346, 'exit_date': Timestamp('2017-06-01 00:00:00')}, {'ticker': 'IEP', 'sector': 'Conglomerates', 'prob_up': 0.55712890625, 'predicted_prob': 0.55712890625, 'expected_rise': 0.007749298587441444, 'bucket_idx': 5, 'investment_fraction': 0.04658648090202886, 'investment_amount': 2685.914865956873, 'allocated_amount': 2685.914865956873, 'exit_date': Timestamp('2017-06-01 00:00:00')}, {'ticker': 'VZ', 'sector': 'Technology', 'prob_up': 0.53515625, 'predicted_prob': 0.53515625, 'expected_rise': 0.0005875073838979006, 'bucket_idx': 5, 'investment_fraction': 0.00865731846111587, 'investment_amount': 499.13236423533607, 'allocated_amount': 499.13236423533607, 'exit_date': Timestamp('2017-06-01 00:00:00')}, {'ticker': 'CHTR', 'sector': 'Services', 'prob_up': 0.5107421875, 'predicted_prob': 0.5107421875, 'expected_rise': 0.004789340775460005, 'bucket_idx': 5, 'investment_fraction': 0.028261674844542273, 'investment_amount': 1629.40945810933, 'allocated_amount': 1629.40945810933, 'exit_date': Timestamp('2017-06-01 00:00:00')}, {'ticker': 'CELG', 'sector': 'Healthcare', 'prob_up': 0.509765625, 'predicted_prob': 0.509765625, 'expected_rise': 0.0035055186599493027, 'bucket_idx': 0, 'investment_fraction': 0.024888209631123183, 'investment_amount': 1434.9143987901766, 'allocated_amount': 1434.9143987901766, 'exit_date': Timestamp('2017-06-01 00:00:00')}, {'ticker': 'BAC', 'sector': 'Financial', 'prob_up': 0.480224609375, 'predicted_prob': 0.480224609375, 'expected_rise': 0.0013571211602538824, 'bucket_idx': 0, 'investment_fraction': 0.007856903697653751, 'investment_amount': 452.98494398620034, 'allocated_amount': 452.98494398620034, 'exit_date': Timestamp('2017-06-01 00:00:00')}]",5,100000.0,1109,True,False,42,/mnt/primary/simulation/trained_models_multiclass,12,12,0.2,0.3,200,5,60,1.0,0.0001,0.3,True,True,0.3,0.7,0.3,0.5,0.5,0.1,3,100.0,0.5,"[[0.08, 0.6], [0.15, 0.35]]",sector,sector,0.14460302093247346,BiGRU,6,corn,20,128,128,1,0.3,0.4,0.002368185640959,2.5898782569408105e-05,64,30,10,0.0038640829279896,7,0.4,5,1.3109464249779392,1.0437863717804818,2.6961818009299283,15,0.3419711337313805,0.7051296774893804,31,0.0665674589000914,2
2017-05-25,57462.19962718357,50682.671218274736,100971.06809505192,100971.06809505192,194.24455081088112,0.0019274724483215877,0,KELLY_ONLY,9629.123786866514,6779.52840890882,False,False,,"[{'date': Timestamp('2017-05-18 00:00:00'), 'exit_date': Timestamp('2017-05-25 00:00:00'), 'ticker': 'TM', 'sector': 'Consumer Goods', 'allocated_amount': 2687.5314472569144, 'prob_up': 0.57177734375, 'expected_rise': 0.00021320348605513573, 'actual_return': 0.004963997517017926, 'pnl': 13.340899431090916, 'exit_reason': 'scheduled'}, {'date': Timestamp('2017-05-18 00:00:00'), 'exit_date': Timestamp('2017-05-25 00:00:00'), 'ticker': 'VZ', 'sector': 'Technology', 'allocated_amount': 344.6854280964292, 'prob_up': 0.52587890625, 'expected_rise': 0.0004650058690458536, 'actual_return': 0.005994671270100671, 'pnl': 2.0662758330320146, 'exit_reason': 'scheduled'}, {'date': Timestamp('2017-05-18 00:00:00'), 'exit_date': Timestamp('2017-05-25 00:00:00'), 'ticker': 'CELG', 'sector': 'Healthcare', 'allocated_amount': 1685.3250568811527, 'prob_up': 0.509765625, 'expected_rise': 0.0035009151324629784, 'actual_return': -0.0056218397679413945, 'pnl': -9.474627426682558, 'exit_reason': 'scheduled'}, {'date': Timestamp('2017-05-18 00:00:00'), 'exit_date': Timestamp('2017-05-25 00:00:00'), 'ticker': 'CHTR', 'sector': 'Services', 'allocated_amount': 1889.5775093490815, 'prob_up': 0.509765625, 'expected_rise': 0.004796316847205162, 'actual_return': 0.056603788517731735, 'pnl': 106.95724572705767, 'exit_reason': 'scheduled'}, {'date': Timestamp('2017-05-18 00:00:00'), 'exit_date': Timestamp('2017-05-25 00:00:00'), 'ticker': 'SPLP', 'sector': 'Conglomerates', 'allocated_amount': 868.4265297305686, 'prob_up': 0.497802734375, 'expected_rise': 0.0001239301636815071, 'actual_return': 0.046831955922865154, 'pnl': 40.67011296258873, 'exit_reason': 'scheduled'}, {'date': Timestamp('2017-05-18 00:00:00'), 'exit_date': Timestamp('2017-05-25 00:00:00'), 'ticker': 'HON', 'sector': 'Industrial Goods', 'allocated_amount': 846.9002420160742, 'prob_up': 0.490966796875, 'expected_rise': 0.0017219528090208769, 'actual_return': 0.025532909454576203, 'pnl': 21.623827196455096, 'exit_reason': 'scheduled'}, {'date': Timestamp('2017-05-18 00:00:00'), 'exit_date': Timestamp('2017-05-25 00:00:00'), 'ticker': 'BRK-A', 'sector': 'Financial', 'allocated_amount': 865.62523442896, 'prob_up': 0.46728515625, 'expected_rise': 0.0008427546126767993, 'actual_return': 0.022019710527400926, 'pnl': 19.060817087339263, 'exit_reason': 'scheduled'}]","[{'ticker': 'TM', 'sector': 'Consumer Goods', 'prob_up': 0.60302734375, 'predicted_prob': 0.60302734375, 'expected_rise': 0.0007048004772514105, 'bucket_idx': 5, 'investment_fraction': 0.05105611107228985, 'investment_amount': 2933.7964466235762, 'allocated_amount': 2933.7964466235762, 'exit_date': Timestamp('2017-06-02 00:00:00')}, {'ticker': 'HON', 'sector': 'Industrial Goods', 'prob_up': 0.51513671875, 'predicted_prob': 0.51513671875, 'expected_rise': 0.0017971752677112818, 'bucket_idx': 0, 'investment_fraction': 0.02184681926597766, 'investment_amount': 1255.366289880608, 'allocated_amount': 1255.366289880608, 'exit_date': Timestamp('2017-06-02 00:00:00')}, {'ticker': 'V', 'sector': 'Financial', 'prob_up': 0.5068359375, 'predicted_prob': 0.5068359375, 'expected_rise': 0.005311234854161739, 'bucket_idx': 0, 'investment_fraction': 0.018275084206027248, 'investment_amount': 1050.126536850327, 'allocated_amount': 1050.126536850327, 'exit_date': Timestamp('2017-06-02 00:00:00')}, {'ticker': 'CMCSA', 'sector': 'Services', 'prob_up': 0.483642578125, 'predicted_prob': 0.483642578125, 'expected_rise': 0.0025889603421092033, 'bucket_idx': 0, 'investment_fraction': 0.006590805090356156, 'investment_amount': 378.722157805903, 'allocated_amount': 378.722157805903, 'exit_date': Timestamp('2017-06-02 00:00:00')}, {'ticker': 'UNH', 'sector': 'Healthcare', 'prob_up': 0.477783203125, 'predicted_prob': 0.477783203125, 'expected_rise': 0.0031993223819881678, 'bucket_idx': 0, 'investment_fraction': 0.010662614349093625, 'investment_amount': 612.6972742752897, 'allocated_amount': 612.6972742752897, 'exit_date': Timestamp('2017-06-02 00:00:00')}, {'ticker': 'FB', 'sector': 'Technology', 'prob_up': 0.450927734375, 'predicted_prob': 0.450927734375, 'expected_rise': 0.01015379372984171, 'bucket_idx': 0, 'investment_fraction': 0.009550969281264443, 'investment_amount': 548.8197034731153, 'allocated_amount': 548.8197034731153, 'exit_date': Timestamp('2017-06-02 00:00:00')}]",5,100000.0,1109,True,False,42,/mnt/primary/simulation/trained_models_multiclass,12,12,0.2,0.3,200,5,60,1.0,0.0001,0.3,True,True,0.3,0.7,0.3,0.5,0.5,0.1,3,100.0,0.5,"[[0.08, 0.6], [0.15, 0.35]]",sector,sector,0.14460302093247346,BiGRU,6,corn,20,128,128,1,0.3,0.4,0.002368185640959,2.5898782569408105e-05,64,30,10,0.0038640829279896,7,0.4,5,1.3109464249779392,1.0437863717804818,2.6961818009299283,15,0.3419711337313805,0.7051296774893804,31,0.0665674589000914,2
2017-05-26,65276.22312055329,55418.593221213196,100922.32708475066,100922.32708475066,-48.74101030122952,-0.0004827225384539391,0,KELLY_ONLY,9857.629899340089,9857.629899340087,False,False,,"[{'date': Timestamp('2017-05-19 00:00:00'), 'exit_date': Timestamp('2017-05-26 00:00:00'), 'ticker': 'AMGN', 'sector': 'Healthcare', 'allocated_amount': 6143.13002341825, 'prob_up': 0.7177734375, 'expected_rise': 0.005439640022814274, 'actual_return': -0.009584052443423863, 'pnl': -58.87608031121217, 'exit_reason': 'scheduled'}, {'date': Timestamp('2017-05-19 00:00:00'), 'exit_date': Timestamp('2017-05-26 00:00:00'), 'ticker': 'TM', 'sector': 'Consumer Goods', 'allocated_amount': 2895.257997621115, 'prob_up': 0.58251953125, 'expected_rise': 0.00041042082011699677, 'actual_return': -0.004276682861224956, 'pnl': -12.382100257250707, 'exit_reason': 'scheduled'}, {'date': Timestamp('2017-05-19 00:00:00'), 'exit_date': Timestamp('2017-05-26 00:00:00'), 'ticker': 'IEP', 'sector': 'Conglomerates', 'allocated_amount': 3111.5274490475176, 'prob_up': 0.55810546875, 'expected_rise': 0.0077154855243861675, 'actual_return': -0.006515984391855301, 'pnl': -20.274664292822965, 'exit_reason': 'scheduled'}, {'date': Timestamp('2017-05-19 00:00:00'), 'exit_date': Timestamp('2017-05-26 00:00:00'), 'ticker': 'UPS', 'sector': 'Services', 'allocated_amount': 840.9047629457034, 'prob_up': 0.5126953125, 'expected_rise': 0.0031412672251462936, 'actual_return': 0.023689857352346744, 'pnl': 19.920913881092666, 'exit_reason': 'scheduled'}, {'date': Timestamp('2017-05-19 00:00:00'), 'exit_date': Timestamp('2017-05-26 00:00:00'), 'ticker': 'NEE', 'sector': 'Utilities', 'allocated_amount': 173.3904824520375, 'prob_up': 0.494140625, 'expected_rise': 0.0015001647407189012, 'actual_return': 0.024910876060719067, 'pnl': 4.319308818470991, 'exit_reason': 'scheduled'}, {'date': Timestamp('2017-05-19 00:00:00'), 'exit_date': Timestamp('2017-05-26 00:00:00'), 'ticker': 'HON', 'sector': 'Industrial Goods', 'allocated_amount': 858.5342880240831, 'prob_up': 0.4921875, 'expected_rise': 0.00173255056142807, 'actual_return': 0.014079193945777613, 'pnl': 12.087470750191164, 'exit_reason': 'scheduled'}, {'date': Timestamp('2017-05-19 00:00:00'), 'exit_date': Timestamp('2017-05-26 00:00:00'), 'ticker': 'ORCL', 'sector': 'Technology', 'allocated_amount': 102.84403582782562, 'prob_up': 0.4873046875, 'expected_rise': 0.0011958969989791512, 'actual_return': 0.021439787374412544, 'pnl': 2.204954260875047, 'exit_reason': 'scheduled'}, {'date': Timestamp('2017-05-19 00:00:00'), 'exit_date': Timestamp('2017-05-26 00:00:00'), 'ticker': 'BAC', 'sector': 'Financial', 'allocated_amount': 516.7038732432568, 'prob_up': 0.4794921875, 'expected_rise': 0.0013445098884403706, 'actual_return': 0.008242993850021474, 'pnl': 4.259186849426441, 'exit_reason': 'scheduled'}]","[{'ticker': 'TM', 'sector': 'Consumer Goods', 'prob_up': 0.59765625, 'predicted_prob': 0.59765625, 'expected_rise': 0.000656589400023222, 'bucket_idx': 5, 'investment_fraction': 0.04894534437935697, 'investment_amount': 3194.9672204192248, 'allocated_amount': 3194.9672204192248, 'exit_date': Timestamp('2017-06-05 00:00:00')}, {'ticker': 'HON', 'sector': 'Industrial Goods', 'prob_up': 0.525390625, 'predicted_prob': 0.525390625, 'expected_rise': 0.0018512833630666137, 'bucket_idx': 0, 'investment_fraction': 0.025663078529494388, 'investment_amount': 1675.1888400515566, 'allocated_amount': 1675.1888400515566, 'exit_date': Timestamp('2017-06-05 00:00:00')}, {'ticker': 'CHTR', 'sector': 'Services', 'prob_up': 0.5107421875, 'predicted_prob': 0.5107421875, 'expected_rise': 0.004789340775460005, 'bucket_idx': 5, 'investment_fraction': 0.028441443456077166, 'investment_amount': 1856.5500089094935, 'allocated_amount': 1856.5500089094935, 'exit_date': Timestamp('2017-06-05 00:00:00')}, {'ticker': 'SPLP', 'sector': 'Conglomerates', 'prob_up': 0.496337890625, 'predicted_prob': 0.496337890625, 'expected_rise': 0.00012659374624490738, 'bucket_idx': 0, 'investment_fraction': 0.012818101130140392, 'investment_amount': 836.7172293528606, 'allocated_amount': 836.7172293528606, 'exit_date': Timestamp('2017-06-05 00:00:00')}, {'ticker': 'NEE', 'sector': 'Utilities', 'prob_up': 0.493896484375, 'predicted_prob': 0.493896484375, 'expected_rise': 0.0014874555636197329, 'bucket_idx': 0, 'investment_fraction': 0.002657308954320681, 'investment_amount': 173.45909220248092, 'allocated_amount': 173.45909220248092, 'exit_date': Timestamp('2017-06-05 00:00:00')}, {'ticker': 'UNH', 'sector': 'Healthcare', 'prob_up': 0.477783203125, 'predicted_prob': 0.477783203125, 'expected_rise': 0.0031953889410942793, 'bucket_idx': 0, 'investment_fraction': 0.01074755966795169, 'investment_amount': 701.5601028866743, 'allocated_amount': 701.5601028866743, 'exit_date': Timestamp('2017-06-05 00:00:00')}, {'ticker': 'BRK-A', 'sector': 'Financial', 'prob_up': 0.465576171875, 'predicted_prob': 0.465576171875, 'expected_rise': 0.0008257264271378517, 'bucket_idx': 0, 'investment_fraction': 0.01221643110978752, 'investment_amount': 797.4424828593586, 'allocated_amount': 797.4424828593586, 'exit_date': Timestamp('2017-06-05 00:00:00')}, {'ticker': 'FB', 'sector': 'Technology', 'prob_up': 0.450927734375, 'predicted_prob': 0.450927734375, 'expected_rise': 0.01013142243027687, 'bucket_idx': 0, 'investment_fraction': 0.009524829914105026, 'investment_amount': 621.7449226584401, 'allocated_amount': 621.7449226584401, 'exit_date': Timestamp('2017-06-05 00:00:00')}]",5,100000.0,1109,True,False,42,/mnt/primary/simulation/trained_models_multiclass,12,12,0.2,0.3,200,5,60,1.0,0.0001,0.3,True,True,0.3,0.7,0.3,0.5,0.5,0.1,3,100.0,0.5,"[[0.08, 0.6], [0.15, 0.35]]",sector,sector,0.14460302093247346,BiGRU,6,corn,20,128,128,1,0.3,0.4,0.002368185640959,2.5898782569408105e-05,64,30,10,0.0038640829279896,7,0.4,5,1.3109464249779392,1.0437863717804818,2.6961818009299283,15,0.3419711337313805,0.7051296774893804,31,0.0665674589000914,2
2017-05-30,66639.46924625161,60895.92719601531,100928.75915583102,100928.75915583102,6.43207108034712,6.373288514205377e-05,0,KELLY_ONLY,9589.017822206572,5743.542050236295,False,False,,"[{'date': Timestamp('2017-05-22 00:00:00'), 'exit_date': Timestamp('2017-05-30 00:00:00'), 'ticker': 'AMGN', 'sector': 'Healthcare', 'allocated_amount': 5829.0490156695705, 'prob_up': 0.72900390625, 'expected_rise': 0.005601607263088226, 'actual_return': 0.005424140493422103, 'pnl': 31.617580804035565, 'exit_reason': 'scheduled'}, {'date': Timestamp('2017-05-22 00:00:00'), 'exit_date': Timestamp('2017-05-30 00:00:00'), 'ticker': 'IEP', 'sector': 'Conglomerates', 'allocated_amount': 2876.5032154538544, 'prob_up': 0.560546875, 'expected_rise': 0.007761105895042419, 'actual_return': -0.024130323748240534, 'pnl': -69.4109538517564, 'exit_reason': 'scheduled'}, {'date': Timestamp('2017-05-22 00:00:00'), 'exit_date': Timestamp('2017-05-30 00:00:00'), 'ticker': 'VZ', 'sector': 'Technology', 'allocated_amount': 465.0228810478092, 'prob_up': 0.5322265625, 'expected_rise': 0.0005488225724548101, 'actual_return': 0.015831156552330805, 'pnl': 7.361850030283773, 'exit_reason': 'scheduled'}, {'date': Timestamp('2017-05-22 00:00:00'), 'exit_date': Timestamp('2017-05-30 00:00:00'), 'ticker': 'UPS', 'sector': 'Services', 'allocated_amount': 757.162616730481, 'prob_up': 0.51220703125, 'expected_rise': 0.0031435582786798477, 'actual_return': 0.02919636759680433, 'pnl': 22.10639808862139, 'exit_reason': 'scheduled'}, {'date': Timestamp('2017-05-22 00:00:00'), 'exit_date': Timestamp('2017-05-30 00:00:00'), 'ticker': 'V', 'sector': 'Financial', 'allocated_amount': 1032.4583787328904, 'prob_up': 0.50341796875, 'expected_rise': 0.005244645290076733, 'actual_return': 0.015110953062071664, 'pnl': 15.601430099575316, 'exit_reason': 'scheduled'}, {'date': Timestamp('2017-05-22 00:00:00'), 'exit_date': Timestamp('2017-05-30 00:00:00'), 'ticker': 'NEE', 'sector': 'Utilities', 'allocated_amount': 143.34190300984184, 'prob_up': 0.49365234375, 'expected_rise': 0.0014915561769157648, 'actual_return': 0.016624415614409083, 'pnl': 2.382975370595927, 'exit_reason': 'scheduled'}, {'date': Timestamp('2017-05-22 00:00:00'), 'exit_date': Timestamp('2017-05-30 00:00:00'), 'ticker': 'GE', 'sector': 'Industrial Goods', 'allocated_amount': 110.90594331361153, 'prob_up': 0.46728515625, 'expected_rise': 0.0013717524707317352, 'actual_return': -0.029098616039744507, 'pnl': -3.2272094610084516, 'exit_reason': 'scheduled'}]","[{'ticker': 'IEP', 'sector': 'Conglomerates', 'prob_up': 0.556640625, 'predicted_prob': 0.556640625, 'expected_rise': 0.007800194900482893, 'bucket_idx': 5, 'investment_fraction': 0.04646350941570432, 'investment_amount': 3096.30360678075, 'allocated_amount': 3096.30360678075, 'exit_date': Timestamp('2017-06-06 00:00:00')}, {'ticker': 'UPS', 'sector': 'Services', 'prob_up': 0.515625, 'predicted_prob': 0.515625, 'expected_rise': 0.003182158339768648, 'bucket_idx': 5, 'investment_fraction': 0.014193035940545384, 'investment_amount': 945.8163820709179, 'allocated_amount': 945.8163820709179, 'exit_date': Timestamp('2017-06-06 00:00:00')}, {'ticker': 'NEE', 'sector': 'Utilities', 'prob_up': 0.493896484375, 'predicted_prob': 0.493896484375, 'expected_rise': 0.001484393491409719, 'bucket_idx': 0, 'investment_fraction': 0.0027148159626900316, 'investment_amount': 180.91389485491533, 'allocated_amount': 180.91389485491533, 'exit_date': Timestamp('2017-06-06 00:00:00')}, {'ticker': 'BAC', 'sector': 'Financial', 'prob_up': 0.48486328125, 'predicted_prob': 0.48486328125, 'expected_rise': 0.0014700992032885551, 'bucket_idx': 0, 'investment_fraction': 0.009451193327448948, 'investment_amount': 629.8225070849126, 'allocated_amount': 629.8225070849126, 'exit_date': Timestamp('2017-06-06 00:00:00')}, {'ticker': 'UNH', 'sector': 'Healthcare', 'prob_up': 0.478515625, 'predicted_prob': 0.478515625, 'expected_rise': 0.003196154488250613, 'bucket_idx': 0, 'investment_fraction': 0.011042132072783595, 'investment_amount': 735.8418206773109, 'allocated_amount': 735.8418206773109, 'exit_date': Timestamp('2017-06-06 00:00:00')}, {'ticker': 'GD', 'sector': 'Industrial Goods', 'prob_up': 0.462890625, 'predicted_prob': 0.462890625, 'expected_rise': 0.002535381820052862, 'bucket_idx': 0, 'investment_fraction': 0.0023236055226564913, 'investment_amount': 154.84383876748765, 'allocated_amount': 154.84383876748765, 'exit_date': Timestamp('2017-06-06 00:00:00')}]",5,100000.0,1109,True,False,42,/mnt/primary/simulation/trained_models_multiclass,12,12,0.2,0.3,200,5,60,1.0,0.0001,0.3,True,True,0.3,0.7,0.3,0.5,0.5,0.1,3,100.0,0.5,"[[0.08, 0.6], [0.15, 0.35]]",sector,sector,0.14460302093247346,BiGRU,6,corn,20,128,128,1,0.3,0.4,0.002368185640959,2.5898782569408105e-05,64,30,10,0.0038640829279896,7,0.4,5,1.3109464249779392,1.0437863717804818,2.6961818009299283,15,0.3419711337313805,0.7051296774893804,31,0.0665674589000914,2
2017-05-31,69065.25212180227,66062.75266677164,101020.45299812492,101020.4529981249,91.69384229391441,0.0009085006400635365,0,KELLY_ONLY,6917.857374727244,3002.499455030625,False,False,,"[{'date': Timestamp('2017-05-23 00:00:00'), 'exit_date': Timestamp('2017-05-31 00:00:00'), 'ticker': 'AMGN', 'sector': 'Healthcare', 'allocated_amount': 5105.086405453196, 'prob_up': 0.71337890625, 'expected_rise': 0.005346465855836868, 'actual_return': 0.0075939374754490085, 'pnl': 38.76770696977629, 'exit_reason': 'scheduled'}, {'date': Timestamp('2017-05-23 00:00:00'), 'exit_date': Timestamp('2017-05-31 00:00:00'), 'ticker': 'HON', 'sector': 'Industrial Goods', 'allocated_amount': 1028.5413649875043, 'prob_up': 0.505859375, 'expected_rise': 0.0017806125106289983, 'actual_return': 0.008646180873135512, 'pnl': 8.892954677183651, 'exit_reason': 'scheduled'}, {'date': Timestamp('2017-05-23 00:00:00'), 'exit_date': Timestamp('2017-05-31 00:00:00'), 'ticker': 'V', 'sector': 'Financial', 'allocated_amount': 987.642272647146, 'prob_up': 0.5048828125, 'expected_rise': 0.005242645740509033, 'actual_return': 0.014596228269803557, 'pnl': 14.415852060465305, 'exit_reason': 'scheduled'}, {'date': Timestamp('2017-05-23 00:00:00'), 'exit_date': Timestamp('2017-05-31 00:00:00'), 'ticker': 'NEE', 'sector': 'Utilities', 'allocated_amount': 133.19954016464123, 'prob_up': 0.49365234375, 'expected_rise': 0.00148776825517416, 'actual_return': 0.017846825525850818, 'pnl': 2.3771889534419106, 'exit_reason': 'scheduled'}, {'date': Timestamp('2017-05-23 00:00:00'), 'exit_date': Timestamp('2017-05-31 00:00:00'), 'ticker': 'CMCSA', 'sector': 'Services', 'allocated_amount': 334.1708760162386, 'prob_up': 0.482666015625, 'expected_rise': 0.0025828867219388485, 'actual_return': 0.04801407863283269, 'pnl': 16.044906717846263, 'exit_reason': 'scheduled'}, {'date': Timestamp('2017-05-23 00:00:00'), 'exit_date': Timestamp('2017-05-31 00:00:00'), 'ticker': 'FB', 'sector': 'Technology', 'allocated_amount': 488.99062422432024, 'prob_up': 0.44873046875, 'expected_rise': 0.010108613409101963, 'actual_return': 0.02289457580696941, 'pnl': 11.195232915200991, 'exit_reason': 'scheduled'}]","[{'ticker': 'UPS', 'sector': 'Services', 'prob_up': 0.513671875, 'predicted_prob': 0.513671875, 'expected_rise': 0.0031644473783671856, 'bucket_idx': 5, 'investment_fraction': 0.01354932493996084, 'investment_amount': 935.7875430586189, 'allocated_amount': 935.7875430586189, 'exit_date': Timestamp('2017-06-07 00:00:00')}, {'ticker': 'SPLP', 'sector': 'Conglomerates', 'prob_up': 0.494873046875, 'predicted_prob': 0.494873046875, 'expected_rise': 9.445496834814548e-05, 'bucket_idx': 0, 'investment_fraction': 0.012345121478108668, 'investment_amount': 852.6189273598515, 'allocated_amount': 852.6189273598515, 'exit_date': Timestamp('2017-06-07 00:00:00')}, {'ticker': 'NEE', 'sector': 'Utilities', 'prob_up': 0.493896484375, 'predicted_prob': 0.493896484375, 'expected_rise': 0.0014967439929023385, 'bucket_idx': 0, 'investment_fraction': 0.002705217564454998, 'investment_amount': 186.83653313341233, 'allocated_amount': 186.83653313341233, 'exit_date': Timestamp('2017-06-07 00:00:00')}, {'ticker': 'ORCL', 'sector': 'Technology', 'prob_up': 0.491455078125, 'predicted_prob': 0.491455078125, 'expected_rise': 0.0012216274626553059, 'bucket_idx': 0, 'investment_fraction': 0.0031960975429059847, 'investment_amount': 220.73928260667458, 'allocated_amount': 220.73928260667458, 'exit_date': Timestamp('2017-06-07 00:00:00')}, {'ticker': 'BAC', 'sector': 'Financial', 'prob_up': 0.485107421875, 'predicted_prob': 0.485107421875, 'expected_rise': 0.0014877573121339083, 'bucket_idx': 0, 'investment_fraction': 0.0096742936032597, 'investment_amount': 668.1575268094701, 'allocated_amount': 668.1575268094701, 'exit_date': Timestamp('2017-06-07 00:00:00')}, {'ticker': 'DHR', 'sector': 'Industrial Goods', 'prob_up': 0.466064453125, 'predicted_prob': 0.466064453125, 'expected_rise': 0.000873110257089138, 'bucket_idx': 0, 'investment_fraction': 0.002003317700463747, 'investment_amount': 138.35964206259786, 'allocated_amount': 138.35964206259786, 'exit_date': Timestamp('2017-06-07 00:00:00')}]",5,100000.0,1109,True,False,42,/mnt/primary/simulation/trained_models_multiclass,12,12,0.2,0.3,200,5,60,1.0,0.0001,0.3,True,True,0.3,0.7,0.3,0.5,0.5,0.1,3,100.0,0.5,"[[0.08, 0.6], [0.15, 0.35]]",sector,sector,0.14460302093247346,BiGRU,6,corn,20,128,128,1,0.3,0.4,0.002368185640959,2.5898782569408105e-05,64,30,10,0.0038640829279896,7,0.4,5,1.3109464249779392,1.0437863717804818,2.6961818009299283,15,0.3419711337313805,0.7051296774893804,31,0.0665674589000914,2
2017-06-01,75701.81217634195,66158.05500966682,101085.01198985777,101085.01198985775,64.55899173284126,0.0006390685234212157,0,KELLY_ONLY,10651.491158167551,9543.757166675114,False,False,,"[{'date': Timestamp('2017-05-24 00:00:00'), 'exit_date': Timestamp('2017-06-01 00:00:00'), 'ticker': 'TM', 'sector': 'Consumer Goods', 'allocated_amount': 2872.1444867595346, 'prob_up': 0.599609375, 'expected_rise': 0.0006268485449254513, 'actual_return': 0.010063380544167, 'pnl': 28.903482948092414, 'exit_reason': 'scheduled'}, {'date': Timestamp('2017-05-24 00:00:00'), 'exit_date': Timestamp('2017-06-01 00:00:00'), 'ticker': 'IEP', 'sector': 'Conglomerates', 'allocated_amount': 2685.914865956873, 'prob_up': 0.55712890625, 'expected_rise': 0.007749298587441444, 'actual_return': -0.013428280226723155, 'pnl': -36.067217485190454, 'exit_reason': 'scheduled'}, {'date': Timestamp('2017-05-24 00:00:00'), 'exit_date': Timestamp('2017-06-01 00:00:00'), 'ticker': 'VZ', 'sector': 'Technology', 'allocated_amount': 499.13236423533607, 'prob_up': 0.53515625, 'expected_rise': 0.0005875073838979006, 'actual_return': 0.03263758808531114, 'pnl': 16.290476503960384, 'exit_reason': 'scheduled'}, {'date': Timestamp('2017-05-24 00:00:00'), 'exit_date': Timestamp('2017-06-01 00:00:00'), 'ticker': 'CHTR', 'sector': 'Services', 'allocated_amount': 1629.40945810933, 'prob_up': 0.5107421875, 'expected_rise': 0.004789340775460005, 'actual_return': 0.0527291682635469, 'pnl': 85.91740548686164, 'exit_reason': 'scheduled'}, {'date': Timestamp('2017-05-24 00:00:00'), 'exit_date': Timestamp('2017-06-01 00:00:00'), 'ticker': 'CELG', 'sector': 'Healthcare', 'allocated_amount': 1434.9143987901766, 'prob_up': 0.509765625, 'expected_rise': 0.0035055186599493027, 'actual_return': -0.011380008492569038, 'pnl': -16.329338044341807, 'exit_reason': 'scheduled'}, {'date': Timestamp('2017-05-24 00:00:00'), 'exit_date': Timestamp('2017-06-01 00:00:00'), 'ticker': 'BAC', 'sector': 'Financial', 'allocated_amount': 452.98494398620034, 'prob_up': 0.480224609375, 'expected_rise': 0.0013571211602538824, 'actual_return': -0.031250084278677814, 'pnl': -14.15581767654091, 'exit_reason': 'scheduled'}]","[{'ticker': 'TM', 'sector': 'Consumer Goods', 'prob_up': 0.58349609375, 'predicted_prob': 0.58349609375, 'expected_rise': 0.0003955506253987551, 'bucket_idx': 5, 'investment_fraction': 0.043720902896327934, 'investment_amount': 3309.7515792379013, 'allocated_amount': 3309.7515792379013, 'exit_date': Timestamp('2017-06-08 00:00:00')}, {'ticker': 'IEP', 'sector': 'Conglomerates', 'prob_up': 0.5556640625, 'predicted_prob': 0.5556640625, 'expected_rise': 0.007789962459355593, 'bucket_idx': 5, 'investment_fraction': 0.04617078979693356, 'investment_amount': 3495.212457240829, 'allocated_amount': 3495.212457240829, 'exit_date': Timestamp('2017-06-08 00:00:00')}, {'ticker': 'UPS', 'sector': 'Services', 'prob_up': 0.51318359375, 'predicted_prob': 0.51318359375, 'expected_rise': 0.0031588845886290073, 'bucket_idx': 5, 'investment_fraction': 0.013362595595449112, 'investment_amount': 1011.5727019551026, 'allocated_amount': 1011.5727019551026, 'exit_date': Timestamp('2017-06-08 00:00:00')}, {'ticker': 'DHR', 'sector': 'Industrial Goods', 'prob_up': 0.4658203125, 'predicted_prob': 0.4658203125, 'expected_rise': 0.0008757160976529121, 'bucket_idx': 0, 'investment_fraction': 0.0018670134494761848, 'investment_amount': 141.3363014829504, 'allocated_amount': 141.3363014829504, 'exit_date': Timestamp('2017-06-08 00:00:00')}, {'ticker': 'BRK-A', 'sector': 'Financial', 'prob_up': 0.463623046875, 'predicted_prob': 0.463623046875, 'expected_rise': 0.000804345472715795, 'bucket_idx': 0, 'investment_fraction': 0.011278637603514842, 'investment_amount': 853.8133054663078, 'allocated_amount': 853.8133054663078, 'exit_date': Timestamp('2017-06-08 00:00:00')}, {'ticker': 'FB', 'sector': 'Technology', 'prob_up': 0.45166015625, 'predicted_prob': 0.45166015625, 'expected_rise': 0.01017303578555584, 'bucket_idx': 0, 'investment_fraction': 0.0096704530611066, 'investment_amount': 732.0708212920227, 'allocated_amount': 732.0708212920227, 'exit_date': Timestamp('2017-06-08 00:00:00')}]",5,100000.0,1109,True,False,42,/mnt/primary/simulation/trained_models_multiclass,12,12,0.2,0.3,200,5,60,1.0,0.0001,0.3,True,True,0.3,0.7,0.3,0.5,0.5,0.1,3,100.0,0.5,"[[0.08, 0.6], [0.15, 0.35]]",sector,sector,0.14460302093247346,BiGRU,6,corn,20,128,128,1,0.3,0.4,0.002368185640959,2.5898782569408105e-05,64,30,10,0.0038640829279896,7,0.4,5,1.3109464249779392,1.0437863717804818,2.6961818009299283,15,0.3419711337313805,0.7051296774893804,31,0.0665674589000914,2
2017-06-02,73035.1350446718,60139.75912370809,101182.56361595393,101182.56361595391,97.55162609617165,0.0009650454026355337,0,KELLY_ONLY,13041.172774610575,12895.375920963692,False,False,,"[{'date': Timestamp('2017-05-25 00:00:00'), 'exit_date': Timestamp('2017-06-02 00:00:00'), 'ticker': 'TM', 'sector': 'Consumer Goods', 'allocated_amount': 2933.7964466235762, 'prob_up': 0.60302734375, 'expected_rise': 0.0007048004772514105, 'actual_return': 0.019291704959225386, 'pnl': 56.59793545868586, 'exit_reason': 'scheduled'}, {'date': Timestamp('2017-05-25 00:00:00'), 'exit_date': Timestamp('2017-06-02 00:00:00'), 'ticker': 'HON', 'sector': 'Industrial Goods', 'allocated_amount': 1255.366289880608, 'prob_up': 0.51513671875, 'expected_rise': 0.0017971752677112818, 'actual_return': 0.0020934504672898147, 'pnl': 2.6280471461704398, 'exit_reason': 'scheduled'}, {'date': Timestamp('2017-05-25 00:00:00'), 'exit_date': Timestamp('2017-06-02 00:00:00'), 'ticker': 'V', 'sector': 'Financial', 'allocated_amount': 1050.126536850327, 'prob_up': 0.5068359375, 'expected_rise': 0.005311234854161739, 'actual_return': 0.011679303328290036, 'pnl': 12.264746356961714, 'exit_reason': 'scheduled'}, {'date': Timestamp('2017-05-25 00:00:00'), 'exit_date': Timestamp('2017-06-02 00:00:00'), 'ticker': 'CMCSA', 'sector': 'Services', 'allocated_amount': 378.722157805903, 'prob_up': 0.483642578125, 'expected_rise': 0.0025889603421092033, 'actual_return': 0.040902379771938335, 'pnl': 15.490637526625004, 'exit_reason': 'scheduled'}, {'date': Timestamp('2017-05-25 00:00:00'), 'exit_date': Timestamp('2017-06-02 00:00:00'), 'ticker': 'UNH', 'sector': 'Healthcare', 'allocated_amount': 612.6972742752897, 'prob_up': 0.477783203125, 'expected_rise': 0.0031993223819881678, 'actual_return': 0.0075259532570746135, 'pnl': 4.611131046932854, 'exit_reason': 'scheduled'}, {'date': Timestamp('2017-05-25 00:00:00'), 'exit_date': Timestamp('2017-06-02 00:00:00'), 'ticker': 'FB', 'sector': 'Technology', 'allocated_amount': 548.8197034731153, 'prob_up': 0.450927734375, 'expected_rise': 0.01015379372984171, 'actual_return': 0.010858080573792117, 'pnl': 5.959128560795783, 'exit_reason': 'scheduled'}]","[{'ticker': 'TM', 'sector': 'Consumer Goods', 'prob_up': 0.5810546875, 'predicted_prob': 0.5810546875, 'expected_rise': 0.00035265530459582806, 'bucket_idx': 5, 'investment_fraction': 0.04273514481616272, 'investment_amount': 3121.1670728020504, 'allocated_amount': 3121.1670728020504, 'exit_date': Timestamp('2017-06-09 00:00:00')}, {'ticker': 'IEP', 'sector': 'Conglomerates', 'prob_up': 0.5576171875, 'predicted_prob': 0.5576171875, 'expected_rise': 0.007802425883710384, 'bucket_idx': 5, 'investment_fraction': 0.04690858295707495, 'investment_amount': 3425.9746910241593, 'allocated_amount': 3425.9746910241593, 'exit_date': Timestamp('2017-06-09 00:00:00')}, {'ticker': 'HON', 'sector': 'Industrial Goods', 'prob_up': 0.52099609375, 'predicted_prob': 0.52099609375, 'expected_rise': 0.0018488725181668997, 'bucket_idx': 0, 'investment_fraction': 0.023828309517671387, 'investment_amount': 1740.3038035093682, 'allocated_amount': 1740.3038035093682, 'exit_date': Timestamp('2017-06-09 00:00:00')}, {'ticker': 'CHTR', 'sector': 'Services', 'prob_up': 0.51123046875, 'predicted_prob': 0.51123046875, 'expected_rise': 0.004812977742403746, 'bucket_idx': 5, 'investment_fraction': 0.02919370962057323, 'investment_amount': 2132.1665245935, 'allocated_amount': 2132.1665245935, 'exit_date': Timestamp('2017-06-09 00:00:00')}, {'ticker': 'UNH', 'sector': 'Healthcare', 'prob_up': 0.48291015625, 'predicted_prob': 0.48291015625, 'expected_rise': 0.0032020588405430317, 'bucket_idx': 0, 'investment_fraction': 0.01274105178581545, 'investment_amount': 930.5444377881882, 'allocated_amount': 930.5444377881882, 'exit_date': Timestamp('2017-06-09 00:00:00')}, {'ticker': 'BRK-A', 'sector': 'Financial', 'prob_up': 0.46484375, 'predicted_prob': 0.46484375, 'expected_rise': 0.0008138903649523854, 'bucket_idx': 0, 'investment_fraction': 0.01166209055159625, 'investment_amount': 851.7423583390231, 'allocated_amount': 851.7423583390231, 'exit_date': Timestamp('2017-06-09 00:00:00')}, {'ticker': 'FB', 'sector': 'Technology', 'prob_up': 0.451416015625, 'predicted_prob': 0.451416015625, 'expected_rise': 0.0101773077622056, 'bucket_idx': 0, 'investment_fraction': 0.009495115364450801, 'investment_amount': 693.4770329074023, 'allocated_amount': 693.4770329074023, 'exit_date': Timestamp('2017-06-09 00:00:00')}]",5,100000.0,1109,True,False,42,/mnt/primary/simulation/trained_models_multiclass,12,12,0.2,0.3,200,5,60,1.0,0.0001,0.3,True,True,0.3,0.7,0.3,0.5,0.5,0.1,3,100.0,0.5,"[[0.08, 0.6], [0.15, 0.35]]",sector,sector,0.14460302093247346,BiGRU,6,corn,20,128,128,1,0.3,0.4,0.002368185640959,2.5898782569408105e-05,64,30,10,0.0038640829279896,7,0.4,5,1.3109464249779392,1.0437863717804818,2.6961818009299283,15,0.3419711337313805,0.7051296774893804,31,0.0665674589000914,2
2017-06-05,70054.76287962582,59815.7113361835,101239.93747253154,101239.93747253154,57.37385657763528,0.0005670330393623413,0,KELLY_ONLY,13495.937346090592,10239.051543442325,False,False,,"[{'date': Timestamp('2017-05-26 00:00:00'), 'exit_date': Timestamp('2017-06-05 00:00:00'), 'ticker': 'TM', 'sector': 'Consumer Goods', 'allocated_amount': 3194.9672204192248, 'prob_up': 0.59765625, 'expected_rise': 0.000656589400023222, 'actual_return': 0.006162502449346352, 'pnl': 19.688993321414777, 'exit_reason': 'scheduled'}, {'date': Timestamp('2017-05-26 00:00:00'), 'exit_date': Timestamp('2017-06-05 00:00:00'), 'ticker': 'HON', 'sector': 'Industrial Goods', 'allocated_amount': 1675.1888400515566, 'prob_up': 0.525390625, 'expected_rise': 0.0018512833630666137, 'actual_return': 0.0018011632270169553, 'pnl': 3.0172885370100517, 'exit_reason': 'scheduled'}, {'date': Timestamp('2017-05-26 00:00:00'), 'exit_date': Timestamp('2017-06-05 00:00:00'), 'ticker': 'CHTR', 'sector': 'Services', 'allocated_amount': 1856.5500089094935, 'prob_up': 0.5107421875, 'expected_rise': 0.004789340775460005, 'actual_return': 0.020714766946925423, 'pnl': 38.458000759872476, 'exit_reason': 'scheduled'}, {'date': Timestamp('2017-05-26 00:00:00'), 'exit_date': Timestamp('2017-06-05 00:00:00'), 'ticker': 'SPLP', 'sector': 'Conglomerates', 'allocated_amount': 836.7172293528606, 'prob_up': 0.496337890625, 'expected_rise': 0.00012659374624490738, 'actual_return': -0.027968389025414764, 'pnl': -23.401632974807995, 'exit_reason': 'scheduled'}, {'date': Timestamp('2017-05-26 00:00:00'), 'exit_date': Timestamp('2017-06-05 00:00:00'), 'ticker': 'NEE', 'sector': 'Utilities', 'allocated_amount': 173.45909220248092, 'prob_up': 0.493896484375, 'expected_rise': 0.0014874555636197329, 'actual_return': 0.008101762087184161, 'pnl': 1.4053242968834416, 'exit_reason': 'scheduled'}, {'date': Timestamp('2017-05-26 00:00:00'), 'exit_date': Timestamp('2017-06-05 00:00:00'), 'ticker': 'UNH', 'sector': 'Healthcare', 'allocated_amount': 701.5601028866743, 'prob_up': 0.477783203125, 'expected_rise': 0.0031953889410942793, 'actual_return': 0.010535183098591583, 'pnl': 7.391064138577862, 'exit_reason': 'scheduled'}, {'date': Timestamp('2017-05-26 00:00:00'), 'exit_date': Timestamp('2017-06-05 00:00:00'), 'ticker': 'BRK-A', 'sector': 'Financial', 'allocated_amount': 797.4424828593586, 'prob_up': 0.465576171875, 'expected_rise': 0.0008257264271378517, 'actual_return': 0.005874305946728997, 'pnl': 4.684421119235067, 'exit_reason': 'scheduled'}, {'date': Timestamp('2017-05-26 00:00:00'), 'exit_date': Timestamp('2017-06-05 00:00:00'), 'ticker': 'FB', 'sector': 'Technology', 'allocated_amount': 621.7449226584401, 'prob_up': 0.450927734375, 'expected_rise': 0.01013142243027687, 'actual_return': 0.009859987843949591, 'pnl': 6.130397379449598, 'exit_reason': 'scheduled'}]","[{'ticker': 'AMGN', 'sector': 'Healthcare', 'prob_up': 0.7197265625, 'predicted_prob': 0.7197265625, 'expected_rise': 0.0051501356065273285, 'bucket_idx': 5, 'investment_fraction': 0.09309801031802706, 'investment_amount': 6521.959037394344, 'allocated_amount': 6521.959037394344, 'exit_date': Timestamp('2017-06-12 00:00:00')}, {'ticker': 'CHTR', 'sector': 'Services', 'prob_up': 0.51171875, 'predicted_prob': 0.51171875, 'expected_rise': 0.004832430277019739, 'bucket_idx': 5, 'investment_fraction': 0.02946519232934497, 'investment_amount': 2064.1770618348314, 'allocated_amount': 2064.1770618348314, 'exit_date': Timestamp('2017-06-12 00:00:00')}, {'ticker': 'BUD', 'sector': 'Consumer Goods', 'prob_up': 0.496826171875, 'predicted_prob': 0.496826171875, 'expected_rise': 0.0016491569112986326, 'bucket_idx': 0, 'investment_fraction': 0.0015909891322458238, 'investment_amount': 111.45636640354283, 'allocated_amount': 111.45636640354283, 'exit_date': Timestamp('2017-06-12 00:00:00')}, {'ticker': 'NEE', 'sector': 'Utilities', 'prob_up': 0.491455078125, 'predicted_prob': 0.491455078125, 'expected_rise': 0.001441352185793221, 'bucket_idx': 0, 'investment_fraction': 0.001682225892362932, 'investment_amount': 117.84793599945215, 'allocated_amount': 117.84793599945215, 'exit_date': Timestamp('2017-06-12 00:00:00')}, {'ticker': 'BAC', 'sector': 'Financial', 'prob_up': 0.484375, 'predicted_prob': 0.484375, 'expected_rise': 0.001449971692636609, 'bucket_idx': 0, 'investment_fraction': 0.00920658343920897, 'investment_amount': 644.9650197652744, 'allocated_amount': 644.9650197652744, 'exit_date': Timestamp('2017-06-12 00:00:00')}, {'ticker': 'GE', 'sector': 'Industrial Goods', 'prob_up': 0.468994140625, 'predicted_prob': 0.468994140625, 'expected_rise': 0.0014208126813173294, 'bucket_idx': 0, 'investment_fraction': 0.0019615543716302144, 'investment_amount': 137.4162263800481, 'allocated_amount': 137.4162263800481, 'exit_date': Timestamp('2017-06-12 00:00:00')}, {'ticker': 'FB', 'sector': 'Technology', 'prob_up': 0.45068359375, 'predicted_prob': 0.45068359375, 'expected_rise': 0.010186548344790936, 'bucket_idx': 0, 'investment_fraction': 0.009153266234968893, 'investment_amount': 641.2298956648312, 'allocated_amount': 641.2298956648312, 'exit_date': Timestamp('2017-06-12 00:00:00')}]",5,100000.0,1109,True,False,42,/mnt/primary/simulation/trained_models_multiclass,12,12,0.2,0.3,200,5,60,1.0,0.0001,0.3,True,True,0.3,0.7,0.3,0.5,0.5,0.1,3,100.0,0.5,"[[0.08, 0.6], [0.15, 0.35]]",sector,sector,0.14460302093247346,BiGRU,6,corn,20,128,128,1,0.3,0.4,0.002368185640959,2.5898782569408105e-05,64,30,10,0.0038640829279896,7,0.4,5,1.3109464249779392,1.0437863717804818,2.6961818009299283,15,0.3419711337313805,0.7051296774893804,31,0.0665674589000914,2
2017-06-06,65519.187634641436,58920.23513126678,101199.87172075319,101199.87172075319,-40.065751778356905,-0.00039575045953799126,0,KELLY_ONLY,7203.8377352238,6598.952503374651,False,False,,"[{'date': Timestamp('2017-05-30 00:00:00'), 'exit_date': Timestamp('2017-06-06 00:00:00'), 'ticker': 'IEP', 'sector': 'Conglomerates', 'allocated_amount': 3096.30360678075, 'prob_up': 0.556640625, 'expected_rise': 0.007800194900482893, 'actual_return': -0.014011972264825201, 'pnl': -43.385320261690104, 'exit_reason': 'scheduled'}, {'date': Timestamp('2017-05-30 00:00:00'), 'exit_date': Timestamp('2017-06-06 00:00:00'), 'ticker': 'UPS', 'sector': 'Services', 'allocated_amount': 945.8163820709179, 'prob_up': 0.515625, 'expected_rise': 0.003182158339768648, 'actual_return': 0.005804718767994155, 'pnl': 5.490198104083388, 'exit_reason': 'scheduled'}, {'date': Timestamp('2017-05-30 00:00:00'), 'exit_date': Timestamp('2017-06-06 00:00:00'), 'ticker': 'NEE', 'sector': 'Utilities', 'allocated_amount': 180.91389485491533, 'prob_up': 0.493896484375, 'expected_rise': 0.001484393491409719, 'actual_return': 0.009029534690204066, 'pnl': 1.6335682895323889, 'exit_reason': 'scheduled'}, {'date': Timestamp('2017-05-30 00:00:00'), 'exit_date': Timestamp('2017-06-06 00:00:00'), 'ticker': 'BAC', 'sector': 'Financial', 'allocated_amount': 629.8225070849126, 'prob_up': 0.48486328125, 'expected_rise': 0.0014700992032885551, 'actual_return': -0.029681361850720234, 'pnl': -18.693989734515096, 'exit_reason': 'scheduled'}, {'date': Timestamp('2017-05-30 00:00:00'), 'exit_date': Timestamp('2017-06-06 00:00:00'), 'ticker': 'UNH', 'sector': 'Healthcare', 'allocated_amount': 735.8418206773109, 'prob_up': 0.478515625, 'expected_rise': 0.003196154488250613, 'actual_return': 0.023953854101678607, 'pnl': 17.626247614417856, 'exit_reason': 'scheduled'}, {'date': Timestamp('2017-05-30 00:00:00'), 'exit_date': Timestamp('2017-06-06 00:00:00'), 'ticker': 'GD', 'sector': 'Industrial Goods', 'allocated_amount': 154.84383876748765, 'prob_up': 0.462890625, 'expected_rise': 0.002535381820052862, 'actual_return': -0.017672358241482167, 'pnl': -2.7364557901853463, 'exit_reason': 'scheduled'}]","[{'ticker': 'IEP', 'sector': 'Conglomerates', 'prob_up': 0.5556640625, 'predicted_prob': 0.5556640625, 'expected_rise': 0.007805966772139072, 'bucket_idx': 5, 'investment_fraction': 0.04636506845042365, 'investment_amount': 3037.801619496301, 'allocated_amount': 3037.801619496301, 'exit_date': Timestamp('2017-06-13 00:00:00')}, {'ticker': 'HON', 'sector': 'Industrial Goods', 'prob_up': 0.5087890625, 'predicted_prob': 0.5087890625, 'expected_rise': 0.001799960620701313, 'bucket_idx': 0, 'investment_fraction': 0.019110432881772645, 'investment_amount': 1252.1000377600833, 'allocated_amount': 1252.1000377600833, 'exit_date': Timestamp('2017-06-13 00:00:00')}, {'ticker': 'UPS', 'sector': 'Services', 'prob_up': 0.50634765625, 'predicted_prob': 0.50634765625, 'expected_rise': 0.003083186224102974, 'bucket_idx': 5, 'investment_fraction': 0.010856347709241154, 'investment_amount': 711.2990825886809, 'allocated_amount': 711.2990825886809, 'exit_date': Timestamp('2017-06-13 00:00:00')}, {'ticker': 'BUD', 'sector': 'Consumer Goods', 'prob_up': 0.496826171875, 'predicted_prob': 0.496826171875, 'expected_rise': 0.001648826990276575, 'bucket_idx': 0, 'investment_fraction': 0.001769251846121922, 'investment_amount': 115.91994367899797, 'allocated_amount': 115.91994367899797, 'exit_date': Timestamp('2017-06-13 00:00:00')}, {'ticker': 'UNH', 'sector': 'Healthcare', 'prob_up': 0.485107421875, 'predicted_prob': 0.485107421875, 'expected_rise': 0.003206321969628334, 'bucket_idx': 0, 'investment_fraction': 0.013384061401322657, 'investment_amount': 876.9128302668212, 'allocated_amount': 876.9128302668212, 'exit_date': Timestamp('2017-06-13 00:00:00')}, {'ticker': 'BAC', 'sector': 'Financial', 'prob_up': 0.484619140625, 'predicted_prob': 0.484619140625, 'expected_rise': 0.0014681867323815823, 'bucket_idx': 0, 'investment_fraction': 0.009232699784939536, 'investment_amount': 604.918989583767, 'allocated_amount': 604.918989583767, 'exit_date': Timestamp('2017-06-13 00:00:00')}]",5,100000.0,1109,True,False,42,/mnt/primary/simulation/trained_models_multiclass,12,12,0.2,0.3,200,5,60,1.0,0.0001,0.3,True,True,0.3,0.7,0.3,0.5,0.5,0.1,3,100.0,0.5,"[[0.08, 0.6], [0.15, 0.35]]",sector,sector,0.14460302093247346,BiGRU,6,corn,20,128,128,1,0.3,0.4,0.002368185640959,2.5898782569408105e-05,64,30,10,0.0038640829279896,7,0.4,5,1.3109464249779392,1.0437863717804818,2.6961818009299283,15,0.3419711337313805,0.7051296774893804,31,0.0665674589000914,2
2017-06-07,61937.02194445511,59326.64488288272,101214.15907891089,101214.15907891089,14.287358157710495,0.00014117960739246094,0,KELLY_ONLY,6081.983778938376,2610.3770615723906,False,False,,"[{'date': Timestamp('2017-05-31 00:00:00'), 'exit_date': Timestamp('2017-06-07 00:00:00'), 'ticker': 'UPS', 'sector': 'Services', 'allocated_amount': 935.7875430586189, 'prob_up': 0.513671875, 'expected_rise': 0.0031644473783671856, 'actual_return': 0.006699999936774725, 'pnl': 6.269776479327322, 'exit_reason': 'scheduled'}, {'date': Timestamp('2017-05-31 00:00:00'), 'exit_date': Timestamp('2017-06-07 00:00:00'), 'ticker': 'SPLP', 'sector': 'Conglomerates', 'allocated_amount': 852.6189273598515, 'prob_up': 0.494873046875, 'expected_rise': 9.445496834814548e-05, 'actual_return': 0.0, 'pnl': 0.0, 'exit_reason': 'scheduled'}, {'date': Timestamp('2017-05-31 00:00:00'), 'exit_date': Timestamp('2017-06-07 00:00:00'), 'ticker': 'NEE', 'sector': 'Utilities', 'allocated_amount': 186.83653313341233, 'prob_up': 0.493896484375, 'expected_rise': 0.0014967439929023385, 'actual_return': 0.00805995463716136, 'pnl': 1.5058939816197987, 'exit_reason': 'scheduled'}, {'date': Timestamp('2017-05-31 00:00:00'), 'exit_date': Timestamp('2017-06-07 00:00:00'), 'ticker': 'ORCL', 'sector': 'Technology', 'allocated_amount': 220.73928260667458, 'prob_up': 0.491455078125, 'expected_rise': 0.0012216274626553059, 'actual_return': 0.00022037894294735239, 'pnl': 0.048646289767815834, 'exit_reason': 'scheduled'}, {'date': Timestamp('2017-05-31 00:00:00'), 'exit_date': Timestamp('2017-06-07 00:00:00'), 'ticker': 'BAC', 'sector': 'Financial', 'allocated_amount': 668.1575268094701, 'prob_up': 0.485107421875, 'expected_rise': 0.0014877573121339083, 'actual_return': 0.008478357875948195, 'pnl': 5.664878629799138, 'exit_reason': 'scheduled'}, {'date': Timestamp('2017-05-31 00:00:00'), 'exit_date': Timestamp('2017-06-07 00:00:00'), 'ticker': 'DHR', 'sector': 'Industrial Goods', 'allocated_amount': 138.35964206259786, 'prob_up': 0.466064453125, 'expected_rise': 0.000873110257089138, 'actual_return': 0.005768754279049881, 'pnl': 0.7981627771964214, 'exit_reason': 'scheduled'}]","[{'ticker': 'CELG', 'sector': 'Healthcare', 'prob_up': 0.505859375, 'predicted_prob': 0.505859375, 'expected_rise': 0.003412115853279829, 'bucket_idx': 0, 'investment_fraction': 0.023637805610418172, 'investment_amount': 1464.0552848112345, 'allocated_amount': 1464.0552848112345, 'exit_date': Timestamp('2017-06-14 00:00:00')}, {'ticker': 'BUD', 'sector': 'Consumer Goods', 'prob_up': 0.497802734375, 'predicted_prob': 0.497802734375, 'expected_rise': 0.0016590399900451303, 'bucket_idx': 0, 'investment_fraction': 0.0020765633167514233, 'investment_amount': 128.6161477186834, 'allocated_amount': 128.6161477186834, 'exit_date': Timestamp('2017-06-14 00:00:00')}, {'ticker': 'BAC', 'sector': 'Financial', 'prob_up': 0.486083984375, 'predicted_prob': 0.486083984375, 'expected_rise': 0.0014793111477047205, 'bucket_idx': 0, 'investment_fraction': 0.009750297903046124, 'investment_amount': 603.9044151859424, 'allocated_amount': 603.9044151859424, 'exit_date': Timestamp('2017-06-14 00:00:00')}, {'ticker': 'CMCSA', 'sector': 'Services', 'prob_up': 0.47412109375, 'predicted_prob': 0.47412109375, 'expected_rise': 0.0025297412648797035, 'bucket_idx': 0, 'investment_fraction': 0.0038866364957748202, 'investment_amount': 240.72668992892517, 'allocated_amount': 240.72668992892517, 'exit_date': Timestamp('2017-06-14 00:00:00')}, {'ticker': 'GE', 'sector': 'Industrial Goods', 'prob_up': 0.47119140625, 'predicted_prob': 0.47119140625, 'expected_rise': 0.0014201757730916142, 'bucket_idx': 0, 'investment_fraction': 0.0027943630238279394, 'investment_amount': 173.07452392760501, 'allocated_amount': 173.07452392760501, 'exit_date': Timestamp('2017-06-14 00:00:00')}]",5,100000.0,1109,True,False,42,/mnt/primary/simulation/trained_models_multiclass,12,12,0.2,0.3,200,5,60,1.0,0.0001,0.3,True,True,0.3,0.7,0.3,0.5,0.5,0.1,3,100.0,0.5,"[[0.08, 0.6], [0.15, 0.35]]",sector,sector,0.14460302093247346,BiGRU,6,corn,20,128,128,1,0.3,0.4,0.002368185640959,2.5898782569408105e-05,64,30,10,0.0038640829279896,7,0.4,5,1.3109464249779392,1.0437863717804818,2.6961818009299283,15,0.3419711337313805,0.7051296774893804,31,0.0665674589000914,2
2017-06-08,68754.64613567074,56080.38904688456,101098.4031650238,101098.40316502379,-115.75591388708216,-0.0011436731277570944,0,KELLY_ONLY,12674.25708878618,12674.257088786182,False,False,,"[{'date': Timestamp('2017-06-01 00:00:00'), 'exit_date': Timestamp('2017-06-08 00:00:00'), 'ticker': 'TM', 'sector': 'Consumer Goods', 'allocated_amount': 3309.7515792379013, 'prob_up': 0.58349609375, 'expected_rise': 0.0003955506253987551, 'actual_return': -0.02416976892675704, 'pnl': -79.99593087514927, 'exit_reason': 'scheduled'}, {'date': Timestamp('2017-06-01 00:00:00'), 'exit_date': Timestamp('2017-06-08 00:00:00'), 'ticker': 'IEP', 'sector': 'Conglomerates', 'allocated_amount': 3495.212457240829, 'prob_up': 0.5556640625, 'expected_rise': 0.007789962459355593, 'actual_return': -0.011755083037530034, 'pnl': -41.08651266867534, 'exit_reason': 'scheduled'}, {'date': Timestamp('2017-06-01 00:00:00'), 'exit_date': Timestamp('2017-06-08 00:00:00'), 'ticker': 'UPS', 'sector': 'Services', 'allocated_amount': 1011.5727019551026, 'prob_up': 0.51318359375, 'expected_rise': 0.0031588845886290073, 'actual_return': -0.00845257260068466, 'pnl': -8.55039170414625, 'exit_reason': 'scheduled'}, {'date': Timestamp('2017-06-01 00:00:00'), 'exit_date': Timestamp('2017-06-08 00:00:00'), 'ticker': 'DHR', 'sector': 'Industrial Goods', 'allocated_amount': 141.3363014829504, 'prob_up': 0.4658203125, 'expected_rise': 0.0008757160976529121, 'actual_return': -0.017886179277263214, 'pnl': -2.5279664267093738, 'exit_reason': 'scheduled'}, {'date': Timestamp('2017-06-01 00:00:00'), 'exit_date': Timestamp('2017-06-08 00:00:00'), 'ticker': 'BRK-A', 'sector': 'Financial', 'allocated_amount': 853.8133054663078, 'prob_up': 0.463623046875, 'expected_rise': 0.000804345472715795, 'actual_return': 0.0012199999999999989, 'pnl': 1.0416522326688946, 'exit_reason': 'scheduled'}, {'date': Timestamp('2017-06-01 00:00:00'), 'exit_date': Timestamp('2017-06-08 00:00:00'), 'ticker': 'FB', 'sector': 'Technology', 'allocated_amount': 732.0708212920227, 'prob_up': 0.45166015625, 'expected_rise': 0.01017303578555584, 'actual_return': 0.02098599631086895, 'pnl': 15.36323555492919, 'exit_reason': 'scheduled'}]","[{'ticker': 'TM', 'sector': 'Consumer Goods', 'prob_up': 0.578125, 'predicted_prob': 0.578125, 'expected_rise': 0.0002719785552471876, 'bucket_idx': 5, 'investment_fraction': 0.04178379068548545, 'investment_amount': 2872.8297427874872, 'allocated_amount': 2872.8297427874872, 'exit_date': Timestamp('2017-06-15 00:00:00')}, {'ticker': 'IEP', 'sector': 'Conglomerates', 'prob_up': 0.556640625, 'predicted_prob': 0.556640625, 'expected_rise': 0.007808196358382702, 'bucket_idx': 5, 'investment_fraction': 0.04664380935055651, 'investment_amount': 3206.978606317203, 'allocated_amount': 3206.978606317203, 'exit_date': Timestamp('2017-06-15 00:00:00')}, {'ticker': 'V', 'sector': 'Financial', 'prob_up': 0.51513671875, 'predicted_prob': 0.51513671875, 'expected_rise': 0.005311537999659777, 'bucket_idx': 0, 'investment_fraction': 0.021084979390836558, 'investment_amount': 1449.6902967948781, 'allocated_amount': 1449.6902967948781, 'exit_date': Timestamp('2017-06-15 00:00:00')}, {'ticker': 'CHTR', 'sector': 'Services', 'prob_up': 0.51318359375, 'predicted_prob': 0.51318359375, 'expected_rise': 0.004819015972316265, 'bucket_idx': 5, 'investment_fraction': 0.029764581010837777, 'investment_amount': 2046.4532347766565, 'allocated_amount': 2046.4532347766565, 'exit_date': Timestamp('2017-06-15 00:00:00')}, {'ticker': 'CELG', 'sector': 'Healthcare', 'prob_up': 0.50732421875, 'predicted_prob': 0.50732421875, 'expected_rise': 0.0034451966639608145, 'bucket_idx': 0, 'investment_fraction': 0.02413426911498652, 'investment_amount': 1659.3431327439457, 'allocated_amount': 1659.3431327439457, 'exit_date': Timestamp('2017-06-15 00:00:00')}, {'ticker': 'HON', 'sector': 'Industrial Goods', 'prob_up': 0.5029296875, 'predicted_prob': 0.5029296875, 'expected_rise': 0.0017728448146954179, 'bucket_idx': 0, 'investment_fraction': 0.017256207791657718, 'investment_amount': 1186.4444603590307, 'allocated_amount': 1186.4444603590307, 'exit_date': Timestamp('2017-06-15 00:00:00')}, {'ticker': 'NEE', 'sector': 'Utilities', 'prob_up': 0.49169921875, 'predicted_prob': 0.49169921875, 'expected_rise': 0.001443580724298954, 'bucket_idx': 0, 'investment_fraction': 0.0015498729012506597, 'investment_amount': 106.56096288075447, 'allocated_amount': 106.56096288075447, 'exit_date': Timestamp('2017-06-15 00:00:00')}, {'ticker': 'ORCL', 'sector': 'Technology', 'prob_up': 0.48974609375, 'predicted_prob': 0.48974609375, 'expected_rise': 0.0012069088406860828, 'bucket_idx': 0, 'investment_fraction': 0.0021228623857392328, 'investment_amount': 145.95665212622671, 'allocated_amount': 145.95665212622671, 'exit_date': Timestamp('2017-06-15 00:00:00')}]",5,100000.0,1109,True,False,42,/mnt/primary/simulation/trained_models_multiclass,12,12,0.2,0.3,200,5,60,1.0,0.0001,0.3,True,True,0.3,0.7,0.3,0.5,0.5,0.1,3,100.0,0.5,"[[0.08, 0.6], [0.15, 0.35]]",sector,sector,0.14460302093247346,BiGRU,6,corn,20,128,128,1,0.3,0.4,0.002368185640959,2.5898782569408105e-05,64,30,10,0.0038640829279896,7,0.4,5,1.3109464249779392,1.0437863717804818,2.6961818009299283,15,0.3419711337313805,0.7051296774893804,31,0.0665674589000914,2
2017-06-09,68786.12871703279,53794.3651770922,100908.76691420833,100908.76691420833,-189.63625081546184,-0.001875759110714248,0,KELLY_ONLY,15175.546366843486,14991.763539940574,False,False,,"[{'date': Timestamp('2017-06-02 00:00:00'), 'exit_date': Timestamp('2017-06-09 00:00:00'), 'ticker': 'TM', 'sector': 'Consumer Goods', 'allocated_amount': 3121.1670728020504, 'prob_up': 0.5810546875, 'expected_rise': 0.00035265530459582806, 'actual_return': -0.033190133495744734, 'pnl': -103.59195180882287, 'exit_reason': 'scheduled'}, {'date': Timestamp('2017-06-02 00:00:00'), 'exit_date': Timestamp('2017-06-09 00:00:00'), 'ticker': 'IEP', 'sector': 'Conglomerates', 'allocated_amount': 3425.9746910241593, 'prob_up': 0.5576171875, 'expected_rise': 0.007802425883710384, 'actual_return': 0.008254271734508212, 'pnl': 28.278926055261223, 'exit_reason': 'scheduled'}, {'date': Timestamp('2017-06-02 00:00:00'), 'exit_date': Timestamp('2017-06-09 00:00:00'), 'ticker': 'HON', 'sector': 'Industrial Goods', 'allocated_amount': 1740.3038035093682, 'prob_up': 0.52099609375, 'expected_rise': 0.0018488725181668997, 'actual_return': -0.0017906886651546383, 'pnl': -3.1163422948697304, 'exit_reason': 'scheduled'}, {'date': Timestamp('2017-06-02 00:00:00'), 'exit_date': Timestamp('2017-06-09 00:00:00'), 'ticker': 'CHTR', 'sector': 'Services', 'allocated_amount': 2132.1665245935, 'prob_up': 0.51123046875, 'expected_rise': 0.004812977742403746, 'actual_return': -0.05719061569042461, 'pnl': -121.93991629601513, 'exit_reason': 'scheduled'}, {'date': Timestamp('2017-06-02 00:00:00'), 'exit_date': Timestamp('2017-06-09 00:00:00'), 'ticker': 'UNH', 'sector': 'Healthcare', 'allocated_amount': 930.5444377881882, 'prob_up': 0.48291015625, 'expected_rise': 0.0032020588405430317, 'actual_return': 0.011539149403752447, 'pnl': 10.737691294468728, 'exit_reason': 'scheduled'}, {'date': Timestamp('2017-06-02 00:00:00'), 'exit_date': Timestamp('2017-06-09 00:00:00'), 'ticker': 'BRK-A', 'sector': 'Financial', 'allocated_amount': 851.7423583390231, 'prob_up': 0.46484375, 'expected_rise': 0.0008138903649523854, 'actual_return': 0.021248898501962765, 'pnl': 18.098586922168302, 'exit_reason': 'scheduled'}, {'date': Timestamp('2017-06-02 00:00:00'), 'exit_date': Timestamp('2017-06-09 00:00:00'), 'ticker': 'FB', 'sector': 'Technology', 'allocated_amount': 693.4770329074023, 'prob_up': 0.451416015625, 'expected_rise': 0.0101773077622056, 'actual_return': -0.02610503856451385, 'pnl': -18.103244687652378, 'exit_reason': 'scheduled'}]","[{'ticker': 'AMGN', 'sector': 'Healthcare', 'prob_up': 0.73828125, 'predicted_prob': 0.73828125, 'expected_rise': 0.005342357791960239, 'bucket_idx': 5, 'investment_fraction': 0.1, 'investment_amount': 6878.612871703279, 'allocated_amount': 6878.612871703279, 'exit_date': Timestamp('2017-06-16 00:00:00')}, {'ticker': 'BBL', 'sector': 'Basic Matierials', 'prob_up': 0.60205078125, 'predicted_prob': 0.60205078125, 'expected_rise': 0.0001194109208881855, 'bucket_idx': 5, 'investment_fraction': 0.041911715948545064, 'investment_amount': 2882.9446879883367, 'allocated_amount': 2882.9446879883367, 'exit_date': Timestamp('2017-06-16 00:00:00')}, {'ticker': 'IEP', 'sector': 'Conglomerates', 'prob_up': 0.55615234375, 'predicted_prob': 0.55615234375, 'expected_rise': 0.007787077222019434, 'bucket_idx': 5, 'investment_fraction': 0.046541401471290225, 'investment_amount': 3201.4028322752683, 'allocated_amount': 3201.4028322752683, 'exit_date': Timestamp('2017-06-16 00:00:00')}, {'ticker': 'V', 'sector': 'Financial', 'prob_up': 0.515625, 'predicted_prob': 0.515625, 'expected_rise': 0.005301420111209154, 'bucket_idx': 0, 'investment_fraction': 0.021183761504994437, 'investment_amount': 1457.1489455934716, 'allocated_amount': 1457.1489455934716, 'exit_date': Timestamp('2017-06-16 00:00:00')}, {'ticker': 'INTC', 'sector': 'Technology', 'prob_up': 0.49853515625, 'predicted_prob': 0.49853515625, 'expected_rise': 0.002256873296573758, 'bucket_idx': 0, 'investment_fraction': 0.0021335878145165798, 'investment_amount': 146.76124603843013, 'allocated_amount': 146.76124603843013, 'exit_date': Timestamp('2017-06-16 00:00:00')}, {'ticker': 'CMCSA', 'sector': 'Services', 'prob_up': 0.47412109375, 'predicted_prob': 0.47412109375, 'expected_rise': 0.0025297412648797035, 'bucket_idx': 0, 'investment_fraction': 0.0037875476817379686, 'investment_amount': 260.530742357927, 'allocated_amount': 260.530742357927, 'exit_date': Timestamp('2017-06-16 00:00:00')}, {'ticker': 'GE', 'sector': 'Industrial Goods', 'prob_up': 0.469970703125, 'predicted_prob': 0.469970703125, 'expected_rise': 0.001425582217052579, 'bucket_idx': 0, 'investment_fraction': 0.0023894674267831207, 'investment_amount': 164.36221398386084, 'allocated_amount': 164.36221398386084, 'exit_date': Timestamp('2017-06-16 00:00:00')}]",5,100000.0,1109,True,False,42,/mnt/primary/simulation/trained_models_multiclass,12,12,0.2,0.3,200,5,60,1.0,0.0001,0.3,True,True,0.3,0.7,0.3,0.5,0.5,0.1,3,100.0,0.5,"[[0.08, 0.6], [0.15, 0.35]]",sector,sector,0.14460302093247346,BiGRU,6,corn,20,128,128,1,0.3,0.4,0.002368185640959,2.5898782569408105e-05,64,30,10,0.0038640829279896,7,0.4,5,1.3109464249779392,1.0437863717804818,2.6961818009299283,15,0.3419711337313805,0.7051296774893804,31,0.0665674589000914,2
2017-06-12,64203.81003598443,52182.98635635793,101079.16022965824,101079.16022965824,170.39331544991236,0.0016885878270098686,0,KELLY_ONLY,12020.823679626512,12020.823679626512,False,False,,"[{'date': Timestamp('2017-06-05 00:00:00'), 'exit_date': Timestamp('2017-06-12 00:00:00'), 'ticker': 'AMGN', 'sector': 'Healthcare', 'allocated_amount': 6521.959037394344, 'prob_up': 0.7197265625, 'expected_rise': 0.0051501356065273285, 'actual_return': 0.02908503289798392, 'pnl': 189.69139316191803, 'exit_reason': 'scheduled'}, {'date': Timestamp('2017-06-05 00:00:00'), 'exit_date': Timestamp('2017-06-12 00:00:00'), 'ticker': 'CHTR', 'sector': 'Services', 'allocated_amount': 2064.1770618348314, 'prob_up': 0.51171875, 'expected_rise': 0.004832430277019739, 'actual_return': -0.016781346332983338, 'pnl': -34.639670167250266, 'exit_reason': 'scheduled'}, {'date': Timestamp('2017-06-05 00:00:00'), 'exit_date': Timestamp('2017-06-12 00:00:00'), 'ticker': 'BUD', 'sector': 'Consumer Goods', 'allocated_amount': 111.45636640354283, 'prob_up': 0.496826171875, 'expected_rise': 0.0016491569112986326, 'actual_return': -0.045945970507669465, 'pnl': -5.120970923669181, 'exit_reason': 'scheduled'}, {'date': Timestamp('2017-06-05 00:00:00'), 'exit_date': Timestamp('2017-06-12 00:00:00'), 'ticker': 'NEE', 'sector': 'Utilities', 'allocated_amount': 117.84793599945215, 'prob_up': 0.491455078125, 'expected_rise': 0.001441352185793221, 'actual_return': -0.017130827615192468, 'pnl': -2.0188326764128495, 'exit_reason': 'scheduled'}, {'date': Timestamp('2017-06-05 00:00:00'), 'exit_date': Timestamp('2017-06-12 00:00:00'), 'ticker': 'BAC', 'sector': 'Financial', 'allocated_amount': 644.9650197652744, 'prob_up': 0.484375, 'expected_rise': 0.001449971692636609, 'actual_return': 0.061133467202141745, 'pnl': 39.42894788234911, 'exit_reason': 'scheduled'}, {'date': Timestamp('2017-06-05 00:00:00'), 'exit_date': Timestamp('2017-06-12 00:00:00'), 'ticker': 'GE', 'sector': 'Industrial Goods', 'allocated_amount': 137.4162263800481, 'prob_up': 0.468994140625, 'expected_rise': 0.0014208126813173294, 'actual_return': 0.03431025732666182, 'pnl': 4.714786087958265, 'exit_reason': 'scheduled'}, {'date': Timestamp('2017-06-05 00:00:00'), 'exit_date': Timestamp('2017-06-12 00:00:00'), 'ticker': 'FB', 'sector': 'Technology', 'allocated_amount': 641.2298956648312, 'prob_up': 0.45068359375, 'expected_rise': 0.010186548344790936, 'actual_return': -0.03378248279038998, 'pnl': -21.66233791498072, 'exit_reason': 'scheduled'}]","[{'ticker': 'BBL', 'sector': 'Basic Matierials', 'prob_up': 0.61669921875, 'predicted_prob': 0.61669921875, 'expected_rise': 0.0004596952348947525, 'bucket_idx': 5, 'investment_fraction': 0.04759746431239732, 'investment_amount': 3055.9385569077062, 'allocated_amount': 3055.9385569077062, 'exit_date': Timestamp('2017-06-19 00:00:00')}, {'ticker': 'TM', 'sector': 'Consumer Goods', 'prob_up': 0.5625, 'predicted_prob': 0.5625, 'expected_rise': 8.753035217523575e-06, 'bucket_idx': 0, 'investment_fraction': 0.03579363942518165, 'investment_amount': 2298.088026150886, 'allocated_amount': 2298.088026150886, 'exit_date': Timestamp('2017-06-19 00:00:00')}, {'ticker': 'CHTR', 'sector': 'Services', 'prob_up': 0.5146484375, 'predicted_prob': 0.5146484375, 'expected_rise': 0.004803509451448917, 'bucket_idx': 5, 'investment_fraction': 0.03002980059919096, 'investment_amount': 1928.027613088948, 'allocated_amount': 1928.027613088948, 'exit_date': Timestamp('2017-06-19 00:00:00')}, {'ticker': 'CELG', 'sector': 'Healthcare', 'prob_up': 0.5048828125, 'predicted_prob': 0.5048828125, 'expected_rise': 0.003409044584259391, 'bucket_idx': 0, 'investment_fraction': 0.02327760228439383, 'investment_amount': 1494.5107551604187, 'allocated_amount': 1494.5107551604187, 'exit_date': Timestamp('2017-06-19 00:00:00')}, {'ticker': 'HON', 'sector': 'Industrial Goods', 'prob_up': 0.50341796875, 'predicted_prob': 0.50341796875, 'expected_rise': 0.0017779661575332284, 'bucket_idx': 0, 'investment_fraction': 0.017462565996890302, 'investment_amount': 1121.1632700051862, 'allocated_amount': 1121.1632700051862, 'exit_date': Timestamp('2017-06-19 00:00:00')}, {'ticker': 'SPLP', 'sector': 'Conglomerates', 'prob_up': 0.493896484375, 'predicted_prob': 0.493896484375, 'expected_rise': 6.256159394979477e-07, 'bucket_idx': 0, 'investment_fraction': 0.01193581750733832, 'investment_amount': 766.3249598653268, 'allocated_amount': 766.3249598653268, 'exit_date': Timestamp('2017-06-19 00:00:00')}, {'ticker': 'BAC', 'sector': 'Financial', 'prob_up': 0.48974609375, 'predicted_prob': 0.48974609375, 'expected_rise': 0.0015575091820210218, 'bucket_idx': 0, 'investment_fraction': 0.01104371290423375, 'investment_amount': 709.0484453953736, 'allocated_amount': 709.0484453953736, 'exit_date': Timestamp('2017-06-19 00:00:00')}, {'ticker': 'FB', 'sector': 'Technology', 'prob_up': 0.454345703125, 'predicted_prob': 0.454345703125, 'expected_rise': 0.010237367823719978, 'bucket_idx': 0, 'investment_fraction': 0.010088529834750226, 'investment_amount': 647.722053052665, 'allocated_amount': 647.722053052665, 'exit_date': Timestamp('2017-06-19 00:00:00')}]",5,100000.0,1109,True,False,42,/mnt/primary/simulation/trained_models_multiclass,12,12,0.2,0.3,200,5,60,1.0,0.0001,0.3,True,True,0.3,0.7,0.3,0.5,0.5,0.1,3,100.0,0.5,"[[0.08, 0.6], [0.15, 0.35]]",sector,sector,0.14460302093247346,BiGRU,6,corn,20,128,128,1,0.3,0.4,0.002368185640959,2.5898782569408105e-05,64,30,10,0.0038640829279896,7,0.4,5,1.3109464249779392,1.0437863717804818,2.6961818009299283,15,0.3419711337313805,0.7051296774893804,31,0.0665674589000914,2
2017-06-13,58951.51918361144,46289.88452431395,101248.74055353709,101248.74055353709,169.58032387884717,0.0016776981871786667,0,KELLY_ONLY,12661.634659297477,12661.634659297475,False,False,,"[{'date': Timestamp('2017-06-06 00:00:00'), 'exit_date': Timestamp('2017-06-13 00:00:00'), 'ticker': 'IEP', 'sector': 'Conglomerates', 'allocated_amount': 3037.801619496301, 'prob_up': 0.5556640625, 'expected_rise': 0.007805966772139072, 'actual_return': 0.032601924037698016, 'pnl': 99.03817764041442, 'exit_reason': 'scheduled'}, {'date': Timestamp('2017-06-06 00:00:00'), 'exit_date': Timestamp('2017-06-13 00:00:00'), 'ticker': 'HON', 'sector': 'Industrial Goods', 'allocated_amount': 1252.1000377600833, 'prob_up': 0.5087890625, 'expected_rise': 0.001799960620701313, 'actual_return': 0.012430269231947122, 'pnl': 15.563940574688994, 'exit_reason': 'scheduled'}, {'date': Timestamp('2017-06-06 00:00:00'), 'exit_date': Timestamp('2017-06-13 00:00:00'), 'ticker': 'UPS', 'sector': 'Services', 'allocated_amount': 711.2990825886809, 'prob_up': 0.50634765625, 'expected_rise': 0.003083186224102974, 'actual_return': 0.022526277576095932, 'pnl': 16.02292057401501, 'exit_reason': 'scheduled'}, {'date': Timestamp('2017-06-06 00:00:00'), 'exit_date': Timestamp('2017-06-13 00:00:00'), 'ticker': 'BUD', 'sector': 'Consumer Goods', 'allocated_amount': 115.91994367899797, 'prob_up': 0.496826171875, 'expected_rise': 0.001648826990276575, 'actual_return': -0.03507880109503814, 'pnl': -4.066332647263593, 'exit_reason': 'scheduled'}, {'date': Timestamp('2017-06-06 00:00:00'), 'exit_date': Timestamp('2017-06-13 00:00:00'), 'ticker': 'UNH', 'sector': 'Healthcare', 'allocated_amount': 876.9128302668212, 'prob_up': 0.485107421875, 'expected_rise': 0.003206321969628334, 'actual_return': 0.0012719610170128792, 'pnl': 1.1153989354178282, 'exit_reason': 'scheduled'}, {'date': Timestamp('2017-06-06 00:00:00'), 'exit_date': Timestamp('2017-06-13 00:00:00'), 'ticker': 'BAC', 'sector': 'Financial', 'allocated_amount': 604.918989583767, 'prob_up': 0.484619140625, 'expected_rise': 0.0014681867323815823, 'actual_return': 0.06927575348627979, 'pnl': 41.9062188015745, 'exit_reason': 'scheduled'}]","[{'ticker': 'AMGN', 'sector': 'Healthcare', 'prob_up': 0.662109375, 'predicted_prob': 0.662109375, 'expected_rise': 0.004501734394580126, 'bucket_idx': 5, 'investment_fraction': 0.07130519464748854, 'investment_amount': 4203.5495501525675, 'allocated_amount': 4203.5495501525675, 'exit_date': Timestamp('2017-06-20 00:00:00')}, {'ticker': 'BBL', 'sector': 'Basic Matierials', 'prob_up': 0.60693359375, 'predicted_prob': 0.60693359375, 'expected_rise': 0.00023283902555704117, 'bucket_idx': 5, 'investment_fraction': 0.04359355235346429, 'investment_amount': 2569.9061378470196, 'allocated_amount': 2569.9061378470196, 'exit_date': Timestamp('2017-06-20 00:00:00')}, {'ticker': 'IEP', 'sector': 'Conglomerates', 'prob_up': 0.5556640625, 'predicted_prob': 0.5556640625, 'expected_rise': 0.007781961001455784, 'bucket_idx': 5, 'investment_fraction': 0.046210651940782554, 'investment_amount': 2724.1881343742334, 'allocated_amount': 2724.1881343742334, 'exit_date': Timestamp('2017-06-20 00:00:00')}, {'ticker': 'V', 'sector': 'Financial', 'prob_up': 0.51611328125, 'predicted_prob': 0.51611328125, 'expected_rise': 0.005284757353365421, 'bucket_idx': 0, 'investment_fraction': 0.021244664684189254, 'investment_amount': 1252.4052576793752, 'allocated_amount': 1252.4052576793752, 'exit_date': Timestamp('2017-06-20 00:00:00')}, {'ticker': 'HON', 'sector': 'Industrial Goods', 'prob_up': 0.499755859375, 'predicted_prob': 0.499755859375, 'expected_rise': 0.0017480301903560758, 'bucket_idx': 0, 'investment_fraction': 0.016267887371073455, 'investment_amount': 959.016674432667, 'allocated_amount': 959.016674432667, 'exit_date': Timestamp('2017-06-20 00:00:00')}, {'ticker': 'BUD', 'sector': 'Consumer Goods', 'prob_up': 0.49853515625, 'predicted_prob': 0.49853515625, 'expected_rise': 0.0016658196691423655, 'bucket_idx': 0, 'investment_fraction': 0.001820259475152286, 'investment_amount': 107.30706136859047, 'allocated_amount': 107.30706136859047, 'exit_date': Timestamp('2017-06-20 00:00:00')}, {'ticker': 'CMCSA', 'sector': 'Services', 'prob_up': 0.47607421875, 'predicted_prob': 0.47607421875, 'expected_rise': 0.002541888738051057, 'bucket_idx': 0, 'investment_fraction': 0.004375800529925799, 'investment_amount': 257.96008888357784, 'allocated_amount': 257.96008888357784, 'exit_date': Timestamp('2017-06-20 00:00:00')}, {'ticker': 'FB', 'sector': 'Technology', 'prob_up': 0.4541015625, 'predicted_prob': 0.4541015625, 'expected_rise': 0.010248012840747833, 'bucket_idx': 0, 'investment_fraction': 0.009962453261471094, 'investment_amount': 587.3017545594455, 'allocated_amount': 587.3017545594455, 'exit_date': Timestamp('2017-06-20 00:00:00')}]",5,100000.0,1109,True,False,42,/mnt/primary/simulation/trained_models_multiclass,12,12,0.2,0.3,200,5,60,1.0,0.0001,0.3,True,True,0.3,0.7,0.3,0.5,0.5,0.1,3,100.0,0.5,"[[0.08, 0.6], [0.15, 0.35]]",sector,sector,0.14460302093247346,BiGRU,6,corn,20,128,128,1,0.3,0.4,0.002368185640959,2.5898782569408105e-05,64,30,10,0.0038640829279896,7,0.4,5,1.3109464249779392,1.0437863717804818,2.6961818009299283,15,0.3419711337313805,0.7051296774893804,31,0.0665674589000914,2
2017-06-14,48972.70673092785,45290.76464082602,101321.1856985786,101321.1856985786,72.44514504151199,0.0007155165056418333,0,KELLY_ONLY,9980.212586859574,3681.9420901018325,False,False,,"[{'date': Timestamp('2017-06-07 00:00:00'), 'exit_date': Timestamp('2017-06-14 00:00:00'), 'ticker': 'CELG', 'sector': 'Healthcare', 'allocated_amount': 1464.0552848112345, 'prob_up': 0.505859375, 'expected_rise': 0.003412115853279829, 'actual_return': 0.029514340392957417, 'pnl': 43.210626030026994, 'exit_reason': 'scheduled'}, {'date': Timestamp('2017-06-07 00:00:00'), 'exit_date': Timestamp('2017-06-14 00:00:00'), 'ticker': 'BUD', 'sector': 'Consumer Goods', 'allocated_amount': 128.6161477186834, 'prob_up': 0.497802734375, 'expected_rise': 0.0016590399900451303, 'actual_return': -0.027059316652849996, 'pnl': -3.4802650677895848, 'exit_reason': 'scheduled'}, {'date': Timestamp('2017-06-07 00:00:00'), 'exit_date': Timestamp('2017-06-14 00:00:00'), 'ticker': 'BAC', 'sector': 'Financial', 'allocated_amount': 603.9044151859424, 'prob_up': 0.486083984375, 'expected_rise': 0.0014793111477047205, 'actual_return': 0.051327433628318486, 'pnl': 30.99686378830495, 'exit_reason': 'scheduled'}, {'date': Timestamp('2017-06-07 00:00:00'), 'exit_date': Timestamp('2017-06-14 00:00:00'), 'ticker': 'CMCSA', 'sector': 'Services', 'allocated_amount': 240.72668992892517, 'prob_up': 0.47412109375, 'expected_rise': 0.0025297412648797035, 'actual_return': -0.019097613251315648, 'pnl': -4.597305223531994, 'exit_reason': 'scheduled'}, {'date': Timestamp('2017-06-07 00:00:00'), 'exit_date': Timestamp('2017-06-14 00:00:00'), 'ticker': 'GE', 'sector': 'Industrial Goods', 'allocated_amount': 173.07452392760501, 'prob_up': 0.47119140625, 'expected_rise': 0.0014201757730916142, 'actual_return': 0.03648847543352596, 'pnl': 6.315225514501616, 'exit_reason': 'scheduled'}]","[{'ticker': 'TM', 'sector': 'Consumer Goods', 'prob_up': 0.57568359375, 'predicted_prob': 0.57568359375, 'expected_rise': 0.00018951878882944584, 'bucket_idx': 5, 'investment_fraction': 0.04089756480956335, 'investment_amount': 2002.8644474278615, 'allocated_amount': 2002.8644474278615, 'exit_date': Timestamp('2017-06-21 00:00:00')}, {'ticker': 'UPS', 'sector': 'Services', 'prob_up': 0.5029296875, 'predicted_prob': 0.5029296875, 'expected_rise': 0.0030288780108094215, 'bucket_idx': 5, 'investment_fraction': 0.009528873798040583, 'investment_amount': 466.6547419874642, 'allocated_amount': 466.6547419874642, 'exit_date': Timestamp('2017-06-21 00:00:00')}, {'ticker': 'CELG', 'sector': 'Healthcare', 'prob_up': 0.501953125, 'predicted_prob': 0.501953125, 'expected_rise': 0.003346455516293645, 'bucket_idx': 0, 'investment_fraction': 0.022101170840342334, 'investment_amount': 1082.3541579742196, 'allocated_amount': 1082.3541579742196, 'exit_date': Timestamp('2017-06-21 00:00:00')}, {'ticker': 'INTC', 'sector': 'Technology', 'prob_up': 0.499267578125, 'predicted_prob': 0.499267578125, 'expected_rise': 0.0022595771588385105, 'bucket_idx': 0, 'investment_fraction': 0.002655943512106196, 'investment_amount': 130.06874271228727, 'allocated_amount': 130.06874271228727, 'exit_date': Timestamp('2017-06-21 00:00:00')}]",5,100000.0,1109,True,False,42,/mnt/primary/simulation/trained_models_multiclass,12,12,0.2,0.3,200,5,60,1.0,0.0001,0.3,True,True,0.3,0.7,0.3,0.5,0.5,0.1,3,100.0,0.5,"[[0.08, 0.6], [0.15, 0.35]]",sector,sector,0.14460302093247346,BiGRU,6,corn,20,128,128,1,0.3,0.4,0.002368185640959,2.5898782569408105e-05,64,30,10,0.0038640829279896,7,0.4,5,1.3109464249779392,1.0437863717804818,2.6961818009299283,15,0.3419711337313805,0.7051296774893804,31,0.0665674589000914,2
2017-06-15,58130.394797443034,48838.51472033933,101486.55876640943,101486.55876640943,165.37306783083312,0.0016321667249612481,0,KELLY_ONLY,12174.835495714931,9291.880077103695,False,False,,"[{'date': Timestamp('2017-06-08 00:00:00'), 'exit_date': Timestamp('2017-06-15 00:00:00'), 'ticker': 'TM', 'sector': 'Consumer Goods', 'allocated_amount': 2872.8297427874872, 'prob_up': 0.578125, 'expected_rise': 0.0002719785552471876, 'actual_return': 0.0, 'pnl': 0.0, 'exit_reason': 'scheduled'}, {'date': Timestamp('2017-06-08 00:00:00'), 'exit_date': Timestamp('2017-06-15 00:00:00'), 'ticker': 'IEP', 'sector': 'Conglomerates', 'allocated_amount': 3206.978606317203, 'prob_up': 0.556640625, 'expected_rise': 0.007808196358382702, 'actual_return': 0.04131894997157559, 'pnl': 132.50898859433372, 'exit_reason': 'scheduled'}, {'date': Timestamp('2017-06-08 00:00:00'), 'exit_date': Timestamp('2017-06-15 00:00:00'), 'ticker': 'V', 'sector': 'Financial', 'allocated_amount': 1449.6902967948781, 'prob_up': 0.51513671875, 'expected_rise': 0.005311537999659777, 'actual_return': -0.019981247579612726, 'pnl': -28.966620734020715, 'exit_reason': 'scheduled'}, {'date': Timestamp('2017-06-08 00:00:00'), 'exit_date': Timestamp('2017-06-15 00:00:00'), 'ticker': 'CHTR', 'sector': 'Services', 'allocated_amount': 2046.4532347766565, 'prob_up': 0.51318359375, 'expected_rise': 0.004819015972316265, 'actual_return': 0.0026373802588572914, 'pnl': 5.397275362074599, 'exit_reason': 'scheduled'}, {'date': Timestamp('2017-06-08 00:00:00'), 'exit_date': Timestamp('2017-06-15 00:00:00'), 'ticker': 'CELG', 'sector': 'Healthcare', 'allocated_amount': 1659.3431327439457, 'prob_up': 0.50732421875, 'expected_rise': 0.0034451966639608145, 'actual_return': 0.030326354524625954, 'pnl': 50.32182812159636, 'exit_reason': 'scheduled'}, {'date': Timestamp('2017-06-08 00:00:00'), 'exit_date': Timestamp('2017-06-15 00:00:00'), 'ticker': 'HON', 'sector': 'Industrial Goods', 'allocated_amount': 1186.4444603590307, 'prob_up': 0.5029296875, 'expected_rise': 0.0017728448146954179, 'actual_return': 0.00688879056034164, 'pnl': 8.173167398890921, 'exit_reason': 'scheduled'}, {'date': Timestamp('2017-06-08 00:00:00'), 'exit_date': Timestamp('2017-06-15 00:00:00'), 'ticker': 'NEE', 'sector': 'Utilities', 'allocated_amount': 106.56096288075447, 'prob_up': 0.49169921875, 'expected_rise': 0.001443580724298954, 'actual_return': 0.002969233007477534, 'pnl': 0.3164043282941245, 'exit_reason': 'scheduled'}, {'date': Timestamp('2017-06-08 00:00:00'), 'exit_date': Timestamp('2017-06-15 00:00:00'), 'ticker': 'ORCL', 'sector': 'Technology', 'allocated_amount': 145.95665212622671, 'prob_up': 0.48974609375, 'expected_rise': 0.0012069088406860828, 'actual_return': -0.01629233889442272, 'pnl': -2.37797524033585, 'exit_reason': 'scheduled'}]","[{'ticker': 'TM', 'sector': 'Consumer Goods', 'prob_up': 0.58544921875, 'predicted_prob': 0.58544921875, 'expected_rise': 0.00036109983921051025, 'bucket_idx': 5, 'investment_fraction': 0.04463608919310737, 'investment_amount': 2594.7134870092113, 'allocated_amount': 2594.7134870092113, 'exit_date': Timestamp('2017-06-22 00:00:00')}, {'ticker': 'IEP', 'sector': 'Conglomerates', 'prob_up': 0.556640625, 'predicted_prob': 0.556640625, 'expected_rise': 0.007784190587699413, 'bucket_idx': 5, 'investment_fraction': 0.046501756674270714, 'investment_amount': 2703.1654742499877, 'allocated_amount': 2703.1654742499877, 'exit_date': Timestamp('2017-06-22 00:00:00')}, {'ticker': 'CHTR', 'sector': 'Services', 'prob_up': 0.51513671875, 'predicted_prob': 0.51513671875, 'expected_rise': 0.004798407666385174, 'bucket_idx': 5, 'investment_fraction': 0.03037475678034404, 'investment_amount': 1765.6966035177084, 'allocated_amount': 1765.6966035177084, 'exit_date': Timestamp('2017-06-22 00:00:00')}, {'ticker': 'BAC', 'sector': 'Financial', 'prob_up': 0.49267578125, 'predicted_prob': 0.49267578125, 'expected_rise': 0.0015770113095641136, 'bucket_idx': 0, 'investment_fraction': 0.012541355858528336, 'investment_amount': 729.0339673514771, 'allocated_amount': 729.0339673514771, 'exit_date': Timestamp('2017-06-22 00:00:00')}, {'ticker': 'UNH', 'sector': 'Healthcare', 'prob_up': 0.484130859375, 'predicted_prob': 0.484130859375, 'expected_rise': 0.00319350091740489, 'bucket_idx': 0, 'investment_fraction': 0.013220528186339287, 'investment_amount': 768.5145229026261, 'allocated_amount': 768.5145229026261, 'exit_date': Timestamp('2017-06-22 00:00:00')}, {'ticker': 'GE', 'sector': 'Industrial Goods', 'prob_up': 0.46875, 'predicted_prob': 0.46875, 'expected_rise': 0.0014799002092331648, 'bucket_idx': 0, 'investment_fraction': 0.0020533492966982813, 'investment_amount': 119.36200527412306, 'allocated_amount': 119.36200527412306, 'exit_date': Timestamp('2017-06-22 00:00:00')}, {'ticker': 'FB', 'sector': 'Technology', 'prob_up': 0.455322265625, 'predicted_prob': 0.455322265625, 'expected_rise': 0.010255096480250359, 'bucket_idx': 0, 'investment_fraction': 0.010517630560208324, 'investment_amount': 611.3940167985618, 'allocated_amount': 611.3940167985618, 'exit_date': Timestamp('2017-06-22 00:00:00')}]",5,100000.0,1109,True,False,42,/mnt/primary/simulation/trained_models_multiclass,12,12,0.2,0.3,200,5,60,1.0,0.0001,0.3,True,True,0.3,0.7,0.3,0.5,0.5,0.1,3,100.0,0.5,"[[0.08, 0.6], [0.15, 0.35]]",sector,sector,0.14460302093247346,BiGRU,6,corn,20,128,128,1,0.3,0.4,0.002368185640959,2.5898782569408105e-05,64,30,10,0.0038640829279896,7,0.4,5,1.3109464249779392,1.0437863717804818,2.6961818009299283,15,0.3419711337313805,0.7051296774893804,31,0.0665674589000914,2
2017-06-16,63857.53610157175,57829.26699225134,101513.81660770127,101513.81660770127,27.257841291856494,0.0002685857282300752,0,KELLY_ONLY,6028.26910932041,6028.269109320409,False,False,,"[{'date': Timestamp('2017-06-09 00:00:00'), 'exit_date': Timestamp('2017-06-16 00:00:00'), 'ticker': 'AMGN', 'sector': 'Healthcare', 'allocated_amount': 6878.612871703279, 'prob_up': 0.73828125, 'expected_rise': 0.005342357791960239, 'actual_return': -0.009996342923276225, 'pnl': -68.76097310200782, 'exit_reason': 'scheduled'}, {'date': Timestamp('2017-06-09 00:00:00'), 'exit_date': Timestamp('2017-06-16 00:00:00'), 'ticker': 'BBL', 'sector': 'Basic Matierials', 'allocated_amount': 2882.9446879883367, 'prob_up': 0.60205078125, 'expected_rise': 0.0001194109208881855, 'actual_return': -0.0273705106754476, 'pnl': -78.90766835930972, 'exit_reason': 'scheduled'}, {'date': Timestamp('2017-06-09 00:00:00'), 'exit_date': Timestamp('2017-06-16 00:00:00'), 'ticker': 'IEP', 'sector': 'Conglomerates', 'allocated_amount': 3201.4028322752683, 'prob_up': 0.55615234375, 'expected_rise': 0.007787077222019434, 'actual_return': 0.0540319063849386, 'pnl': 172.97789813397458, 'exit_reason': 'scheduled'}, {'date': Timestamp('2017-06-09 00:00:00'), 'exit_date': Timestamp('2017-06-16 00:00:00'), 'ticker': 'V', 'sector': 'Financial', 'allocated_amount': 1457.1489455934716, 'prob_up': 0.515625, 'expected_rise': 0.005301420111209154, 'actual_return': -0.00412436556946616, 'pnl': -6.009814940789632, 'exit_reason': 'scheduled'}, {'date': Timestamp('2017-06-09 00:00:00'), 'exit_date': Timestamp('2017-06-16 00:00:00'), 'ticker': 'INTC', 'sector': 'Technology', 'allocated_amount': 146.76124603843013, 'prob_up': 0.49853515625, 'expected_rise': 0.002256873296573758, 'actual_return': -0.014001680593718313, 'pnl': -2.0549040905662057, 'exit_reason': 'scheduled'}, {'date': Timestamp('2017-06-09 00:00:00'), 'exit_date': Timestamp('2017-06-16 00:00:00'), 'ticker': 'CMCSA', 'sector': 'Services', 'allocated_amount': 260.530742357927, 'prob_up': 0.47412109375, 'expected_rise': 0.0025297412648797035, 'actual_return': 0.014499877476035206, 'pnl': 3.777663842930437, 'exit_reason': 'scheduled'}, {'date': Timestamp('2017-06-09 00:00:00'), 'exit_date': Timestamp('2017-06-16 00:00:00'), 'ticker': 'GE', 'sector': 'Industrial Goods', 'allocated_amount': 164.36221398386084, 'prob_up': 0.469970703125, 'expected_rise': 0.001425582217052579, 'actual_return': 0.037938402364409374, 'pnl': 6.235639807624866, 'exit_reason': 'scheduled'}]","[{'ticker': 'IEP', 'sector': 'Conglomerates', 'prob_up': 0.5576171875, 'predicted_prob': 0.5576171875, 'expected_rise': 0.007786421570926905, 'bucket_idx': 5, 'investment_fraction': 0.04683116564456487, 'investment_amount': 2990.5228508264877, 'allocated_amount': 2990.5228508264877, 'exit_date': Timestamp('2017-06-23 00:00:00')}, {'ticker': 'UPS', 'sector': 'Services', 'prob_up': 0.51025390625, 'predicted_prob': 0.51025390625, 'expected_rise': 0.0030670128762722015, 'bucket_idx': 5, 'investment_fraction': 0.01254278411621318, 'investment_amount': 800.9512895153038, 'allocated_amount': 800.9512895153038, 'exit_date': Timestamp('2017-06-23 00:00:00')}, {'ticker': 'BUD', 'sector': 'Consumer Goods', 'prob_up': 0.50048828125, 'predicted_prob': 0.50048828125, 'expected_rise': 0.0016867958474904299, 'bucket_idx': 0, 'investment_fraction': 0.0025160678223008826, 'investment_amount': 160.66989179658162, 'allocated_amount': 160.66989179658162, 'exit_date': Timestamp('2017-06-23 00:00:00')}, {'ticker': 'INTC', 'sector': 'Technology', 'prob_up': 0.498779296875, 'predicted_prob': 0.498779296875, 'expected_rise': 0.002247478347271681, 'bucket_idx': 0, 'investment_fraction': 0.0024019302437595317, 'investment_amount': 153.38134725433133, 'allocated_amount': 153.38134725433133, 'exit_date': Timestamp('2017-06-23 00:00:00')}, {'ticker': 'BAC', 'sector': 'Financial', 'prob_up': 0.492431640625, 'predicted_prob': 0.492431640625, 'expected_rise': 0.0015670808497816324, 'bucket_idx': 0, 'investment_fraction': 0.012425097307746947, 'investment_amount': 793.4360998949926, 'allocated_amount': 793.4360998949926, 'exit_date': Timestamp('2017-06-23 00:00:00')}, {'ticker': 'NEE', 'sector': 'Utilities', 'prob_up': 0.49169921875, 'predicted_prob': 0.49169921875, 'expected_rise': 0.0014427995774894953, 'bucket_idx': 0, 'investment_fraction': 0.001708565262271944, 'investment_amount': 109.10476791742207, 'allocated_amount': 109.10476791742207, 'exit_date': Timestamp('2017-06-23 00:00:00')}, {'ticker': 'UNH', 'sector': 'Healthcare', 'prob_up': 0.485107421875, 'predicted_prob': 0.485107421875, 'expected_rise': 0.0032004218082875013, 'bucket_idx': 0, 'investment_fraction': 0.013682264984064397, 'investment_amount': 873.7157301711633, 'allocated_amount': 873.7157301711633, 'exit_date': Timestamp('2017-06-23 00:00:00')}, {'ticker': 'GE', 'sector': 'Industrial Goods', 'prob_up': 0.46875, 'predicted_prob': 0.46875, 'expected_rise': 0.0014739155303686857, 'bucket_idx': 0, 'investment_fraction': 0.0022939678053209736, 'investment_amount': 146.48713194412738, 'allocated_amount': 146.48713194412738, 'exit_date': Timestamp('2017-06-23 00:00:00')}]",5,100000.0,1109,True,False,42,/mnt/primary/simulation/trained_models_multiclass,12,12,0.2,0.3,200,5,60,1.0,0.0001,0.3,True,True,0.3,0.7,0.3,0.5,0.5,0.1,3,100.0,0.5,"[[0.08, 0.6], [0.15, 0.35]]",sector,sector,0.14460302093247346,BiGRU,6,corn,20,128,128,1,0.3,0.4,0.002368185640959,2.5898782569408105e-05,64,30,10,0.0038640829279896,7,0.4,5,1.3109464249779392,1.0437863717804818,2.6961818009299283,15,0.3419711337313805,0.7051296774893804,31,0.0665674589000914,2
2017-06-19,69887.46043151186,59306.923952447716,101551.18636733526,101551.18636733526,37.369759634000744,0.000368124861056085,0,KELLY_ONLY,13796.239279886966,10580.536479064147,False,False,,"[{'date': Timestamp('2017-06-12 00:00:00'), 'exit_date': Timestamp('2017-06-19 00:00:00'), 'ticker': 'BBL', 'sector': 'Basic Matierials', 'allocated_amount': 3055.9385569077062, 'prob_up': 0.61669921875, 'expected_rise': 0.0004596952348947525, 'actual_return': -0.012845915255404572, 'pnl': -39.25632772775974, 'exit_reason': 'scheduled'}, {'date': Timestamp('2017-06-12 00:00:00'), 'exit_date': Timestamp('2017-06-19 00:00:00'), 'ticker': 'TM', 'sector': 'Consumer Goods', 'allocated_amount': 2298.088026150886, 'prob_up': 0.5625, 'expected_rise': 8.753035217523575e-06, 'actual_return': -0.016439643488200373, 'pnl': -37.77974785442266, 'exit_reason': 'scheduled'}, {'date': Timestamp('2017-06-12 00:00:00'), 'exit_date': Timestamp('2017-06-19 00:00:00'), 'ticker': 'CHTR', 'sector': 'Services', 'allocated_amount': 1928.027613088948, 'prob_up': 0.5146484375, 'expected_rise': 0.004803509451448917, 'actual_return': 0.004754218303633095, 'pnl': 9.166264168057506, 'exit_reason': 'scheduled'}, {'date': Timestamp('2017-06-12 00:00:00'), 'exit_date': Timestamp('2017-06-19 00:00:00'), 'ticker': 'CELG', 'sector': 'Healthcare', 'allocated_amount': 1494.5107551604187, 'prob_up': 0.5048828125, 'expected_rise': 0.003409044584259391, 'actual_return': 0.04868040299422538, 'pnl': 72.75338584041329, 'exit_reason': 'scheduled'}, {'date': Timestamp('2017-06-12 00:00:00'), 'exit_date': Timestamp('2017-06-19 00:00:00'), 'ticker': 'HON', 'sector': 'Industrial Goods', 'allocated_amount': 1121.1632700051862, 'prob_up': 0.50341796875, 'expected_rise': 0.0017779661575332284, 'actual_return': 0.019360656587147584, 'pnl': 21.706457048693835, 'exit_reason': 'scheduled'}, {'date': Timestamp('2017-06-12 00:00:00'), 'exit_date': Timestamp('2017-06-19 00:00:00'), 'ticker': 'SPLP', 'sector': 'Conglomerates', 'allocated_amount': 766.3249598653268, 'prob_up': 0.493896484375, 'expected_rise': 6.256159394979477e-07, 'actual_return': -0.01621616216216215, 'pnl': -12.426849818088542, 'exit_reason': 'scheduled'}, {'date': Timestamp('2017-06-12 00:00:00'), 'exit_date': Timestamp('2017-06-19 00:00:00'), 'ticker': 'BAC', 'sector': 'Financial', 'allocated_amount': 709.0484453953736, 'prob_up': 0.48974609375, 'expected_rise': 0.0015575091820210218, 'actual_return': 0.005466736523686455, 'pnl': 3.8761810335059903, 'exit_reason': 'scheduled'}, {'date': Timestamp('2017-06-12 00:00:00'), 'exit_date': Timestamp('2017-06-19 00:00:00'), 'ticker': 'FB', 'sector': 'Technology', 'allocated_amount': 647.722053052665, 'prob_up': 0.454345703125, 'expected_rise': 0.010237367823719978, 'actual_return': 0.02984366033624819, 'pnl': 19.330396943601066, 'exit_reason': 'scheduled'}]","[{'ticker': 'TM', 'sector': 'Consumer Goods', 'prob_up': 0.60888671875, 'predicted_prob': 0.60888671875, 'expected_rise': 0.0007700684946030378, 'bucket_idx': 5, 'investment_fraction': 0.05349070808278771, 'investment_amount': 3738.329744589378, 'allocated_amount': 3738.329744589378, 'exit_date': Timestamp('2017-06-26 00:00:00')}, {'ticker': 'HON', 'sector': 'Industrial Goods', 'prob_up': 0.5185546875, 'predicted_prob': 0.5185546875, 'expected_rise': 0.0018221247009932995, 'bucket_idx': 0, 'investment_fraction': 0.022928834863870998, 'investment_amount': 1602.438039289454, 'allocated_amount': 1602.438039289454, 'exit_date': Timestamp('2017-06-26 00:00:00')}, {'ticker': 'CHTR', 'sector': 'Services', 'prob_up': 0.51416015625, 'predicted_prob': 0.51416015625, 'expected_rise': 0.004826711490750313, 'bucket_idx': 5, 'investment_fraction': 0.029901981798110957, 'investment_amount': 2089.7735697392673, 'allocated_amount': 2089.7735697392673, 'exit_date': Timestamp('2017-06-26 00:00:00')}, {'ticker': 'V', 'sector': 'Financial', 'prob_up': 0.51025390625, 'predicted_prob': 0.51025390625, 'expected_rise': 0.005266579799354076, 'bucket_idx': 0, 'investment_fraction': 0.019383717595886397, 'investment_amount': 1354.6787964981108, 'allocated_amount': 1354.6787964981108, 'exit_date': Timestamp('2017-06-26 00:00:00')}, {'ticker': 'NEE', 'sector': 'Utilities', 'prob_up': 0.492431640625, 'predicted_prob': 0.492431640625, 'expected_rise': 0.0014588768826797605, 'bucket_idx': 0, 'investment_fraction': 0.002000766762990691, 'investment_amount': 139.828507981196, 'allocated_amount': 139.828507981196, 'exit_date': Timestamp('2017-06-26 00:00:00')}, {'ticker': 'UNH', 'sector': 'Healthcare', 'prob_up': 0.484375, 'predicted_prob': 0.484375, 'expected_rise': 0.003199000610038638, 'bucket_idx': 0, 'investment_fraction': 0.0132982667113144, 'investment_amount': 929.3820885946765, 'allocated_amount': 929.3820885946765, 'exit_date': Timestamp('2017-06-26 00:00:00')}, {'ticker': 'FB', 'sector': 'Technology', 'prob_up': 0.455322265625, 'predicted_prob': 0.455322265625, 'expected_rise': 0.010227156803011894, 'bucket_idx': 0, 'investment_fraction': 0.010389642546585733, 'investment_amount': 726.1057323720626, 'allocated_amount': 726.1057323720626, 'exit_date': Timestamp('2017-06-26 00:00:00')}]",5,100000.0,1109,True,False,42,/mnt/primary/simulation/trained_models_multiclass,12,12,0.2,0.3,200,5,60,1.0,0.0001,0.3,True,True,0.3,0.7,0.3,0.5,0.5,0.1,3,100.0,0.5,"[[0.08, 0.6], [0.15, 0.35]]",sector,sector,0.14460302093247346,BiGRU,6,corn,20,128,128,1,0.3,0.4,0.002368185640959,2.5898782569408105e-05,64,30,10,0.0038640829279896,7,0.4,5,1.3109464249779392,1.0437863717804818,2.6961818009299283,15,0.3419711337313805,0.7051296774893804,31,0.0665674589000914,2
2017-06-20,71915.67657519705,60503.808277393466,101498.30433078713,101498.30433078714,-52.88203654816871,-0.000520742676081154,0,KELLY_ONLY,11411.86829780359,11411.86829780359,False,False,,"[{'date': Timestamp('2017-06-13 00:00:00'), 'exit_date': Timestamp('2017-06-20 00:00:00'), 'ticker': 'AMGN', 'sector': 'Healthcare', 'allocated_amount': 4203.5495501525675, 'prob_up': 0.662109375, 'expected_rise': 0.004501734394580126, 'actual_return': 0.01131180489681105, 'pnl': 47.5497323854037, 'exit_reason': 'scheduled'}, {'date': Timestamp('2017-06-13 00:00:00'), 'exit_date': Timestamp('2017-06-20 00:00:00'), 'ticker': 'BBL', 'sector': 'Basic Matierials', 'allocated_amount': 2569.9061378470196, 'prob_up': 0.60693359375, 'expected_rise': 0.00023283902555704117, 'actual_return': -0.05671443937418519, 'pnl': -145.7507858522712, 'exit_reason': 'scheduled'}, {'date': Timestamp('2017-06-13 00:00:00'), 'exit_date': Timestamp('2017-06-20 00:00:00'), 'ticker': 'IEP', 'sector': 'Conglomerates', 'allocated_amount': 2724.1881343742334, 'prob_up': 0.5556640625, 'expected_rise': 0.007781961001455784, 'actual_return': 0.018214956486541256, 'pnl': 49.620968328778666, 'exit_reason': 'scheduled'}, {'date': Timestamp('2017-06-13 00:00:00'), 'exit_date': Timestamp('2017-06-20 00:00:00'), 'ticker': 'V', 'sector': 'Financial', 'allocated_amount': 1252.4052576793752, 'prob_up': 0.51611328125, 'expected_rise': 0.005284757353365421, 'actual_return': -0.007362273719766943, 'pnl': -9.22055031511081, 'exit_reason': 'scheduled'}, {'date': Timestamp('2017-06-13 00:00:00'), 'exit_date': Timestamp('2017-06-20 00:00:00'), 'ticker': 'HON', 'sector': 'Industrial Goods', 'allocated_amount': 959.016674432667, 'prob_up': 0.499755859375, 'expected_rise': 0.0017480301903560758, 'actual_return': 0.003869372749976785, 'pnl': 3.7107929868231198, 'exit_reason': 'scheduled'}, {'date': Timestamp('2017-06-13 00:00:00'), 'exit_date': Timestamp('2017-06-20 00:00:00'), 'ticker': 'BUD', 'sector': 'Consumer Goods', 'allocated_amount': 107.30706136859047, 'prob_up': 0.49853515625, 'expected_rise': 0.0016658196691423655, 'actual_return': 0.0026343783623388184, 'pnl': 0.28268740059557845, 'exit_reason': 'scheduled'}, {'date': Timestamp('2017-06-13 00:00:00'), 'exit_date': Timestamp('2017-06-20 00:00:00'), 'ticker': 'CMCSA', 'sector': 'Services', 'allocated_amount': 257.96008888357784, 'prob_up': 0.47607421875, 'expected_rise': 0.002541888738051057, 'actual_return': -0.020135904412035277, 'pnl': -5.194259691879847, 'exit_reason': 'scheduled'}, {'date': Timestamp('2017-06-13 00:00:00'), 'exit_date': Timestamp('2017-06-20 00:00:00'), 'ticker': 'FB', 'sector': 'Technology', 'allocated_amount': 587.3017545594455, 'prob_up': 0.4541015625, 'expected_rise': 0.010248012840747833, 'actual_return': 0.010419478848794572, 'pnl': 6.119378209492083, 'exit_reason': 'scheduled'}]","[{'ticker': 'AMGN', 'sector': 'Healthcare', 'prob_up': 0.6748046875, 'predicted_prob': 0.6748046875, 'expected_rise': 0.004718491341918707, 'bucket_idx': 5, 'investment_fraction': 0.07604529288737355, 'investment_amount': 5468.848688354489, 'allocated_amount': 5468.848688354489, 'exit_date': Timestamp('2017-06-27 00:00:00')}, {'ticker': 'IEP', 'sector': 'Conglomerates', 'prob_up': 0.552734375, 'predicted_prob': 0.552734375, 'expected_rise': 0.00765722431242466, 'bucket_idx': 5, 'investment_fraction': 0.04513390647258928, 'investment_amount': 3245.8354204579236, 'allocated_amount': 3245.8354204579236, 'exit_date': Timestamp('2017-06-27 00:00:00')}, {'ticker': 'NGG', 'sector': 'Utilities', 'prob_up': 0.53369140625, 'predicted_prob': 0.53369140625, 'expected_rise': 0.000922017265111208, 'bucket_idx': 5, 'investment_fraction': 0.002801661677139822, 'investment_amount': 201.48339504631159, 'allocated_amount': 201.48339504631159, 'exit_date': Timestamp('2017-06-27 00:00:00')}, {'ticker': 'BUD', 'sector': 'Consumer Goods', 'prob_up': 0.50537109375, 'predicted_prob': 0.50537109375, 'expected_rise': 0.0017392917070537806, 'bucket_idx': 0, 'investment_fraction': 0.004232404208493113, 'investment_amount': 304.3762121934936, 'allocated_amount': 304.3762121934936, 'exit_date': Timestamp('2017-06-27 00:00:00')}, {'ticker': 'BAC', 'sector': 'Financial', 'prob_up': 0.489013671875, 'predicted_prob': 0.489013671875, 'expected_rise': 0.001459687715396285, 'bucket_idx': 0, 'investment_fraction': 0.011148774115298478, 'investment_amount': 801.771633485734, 'allocated_amount': 801.771633485734, 'exit_date': Timestamp('2017-06-27 00:00:00')}, {'ticker': 'CMCSA', 'sector': 'Services', 'prob_up': 0.481201171875, 'predicted_prob': 0.481201171875, 'expected_rise': 0.002573775826022029, 'bucket_idx': 0, 'investment_fraction': 0.006236998203087496, 'investment_amount': 448.53794557332554, 'allocated_amount': 448.53794557332554, 'exit_date': Timestamp('2017-06-27 00:00:00')}, {'ticker': 'LMT', 'sector': 'Industrial Goods', 'prob_up': 0.45751953125, 'predicted_prob': 0.45751953125, 'expected_rise': 0.005584239028394222, 'bucket_idx': 0, 'investment_fraction': 0.002292714529533535, 'investment_amount': 164.88211658518878, 'allocated_amount': 164.88211658518878, 'exit_date': Timestamp('2017-06-27 00:00:00')}, {'ticker': 'FB', 'sector': 'Technology', 'prob_up': 0.45654296875, 'predicted_prob': 0.45654296875, 'expected_rise': 0.010202998295426369, 'bucket_idx': 0, 'investment_fraction': 0.01079226287046855, 'investment_amount': 776.132886107124, 'allocated_amount': 776.132886107124, 'exit_date': Timestamp('2017-06-27 00:00:00')}]",5,100000.0,1109,True,False,42,/mnt/primary/simulation/trained_models_multiclass,12,12,0.2,0.3,200,5,60,1.0,0.0001,0.3,True,True,0.3,0.7,0.3,0.5,0.5,0.1,3,100.0,0.5,"[[0.08, 0.6], [0.15, 0.35]]",sector,sector,0.14460302093247346,BiGRU,6,corn,20,128,128,1,0.3,0.4,0.002368185640959,2.5898782569408105e-05,64,30,10,0.0038640829279896,7,0.4,5,1.3109464249779392,1.0437863717804818,2.6961818009299283,15,0.3419711337313805,0.7051296774893804,31,0.0665674589000914,2
2017-06-21,64246.677123855436,60236.72221443641,101559.23108714729,101559.23108714729,60.92675636013808,0.0006002736376913287,0,KELLY_ONLY,7548.072639918009,4009.9549094190206,False,False,,"[{'date': Timestamp('2017-06-14 00:00:00'), 'exit_date': Timestamp('2017-06-21 00:00:00'), 'ticker': 'TM', 'sector': 'Consumer Goods', 'allocated_amount': 2002.8644474278615, 'prob_up': 0.57568359375, 'expected_rise': 0.00018951878882944584, 'actual_return': -0.020056223619200342, 'pnl': -40.169897236559315, 'exit_reason': 'scheduled'}, {'date': Timestamp('2017-06-14 00:00:00'), 'exit_date': Timestamp('2017-06-21 00:00:00'), 'ticker': 'UPS', 'sector': 'Services', 'allocated_amount': 466.6547419874642, 'prob_up': 0.5029296875, 'expected_rise': 0.0030288780108094215, 'actual_return': -0.0018282932793517448, 'pnl': -0.8531817285533033, 'exit_reason': 'scheduled'}, {'date': Timestamp('2017-06-14 00:00:00'), 'exit_date': Timestamp('2017-06-21 00:00:00'), 'ticker': 'CELG', 'sector': 'Healthcare', 'allocated_amount': 1082.3541579742196, 'prob_up': 0.501953125, 'expected_rise': 0.003346455516293645, 'actual_return': 0.09740582371607887, 'pnl': 105.42759831000181, 'exit_reason': 'scheduled'}, {'date': Timestamp('2017-06-14 00:00:00'), 'exit_date': Timestamp('2017-06-21 00:00:00'), 'ticker': 'INTC', 'sector': 'Technology', 'allocated_amount': 130.06874271228727, 'prob_up': 0.499267578125, 'expected_rise': 0.0022595771588385105, 'actual_return': -0.026737884231294085, 'pnl': -3.4777629847511133, 'exit_reason': 'scheduled'}]","[{'ticker': 'HON', 'sector': 'Industrial Goods', 'prob_up': 0.5244140625, 'predicted_prob': 0.5244140625, 'expected_rise': 0.0018618631875142455, 'bucket_idx': 0, 'investment_fraction': 0.02499581029640966, 'investment_amount': 1605.8977535625727, 'allocated_amount': 1605.8977535625727, 'exit_date': Timestamp('2017-06-28 00:00:00')}, {'ticker': 'BUD', 'sector': 'Consumer Goods', 'prob_up': 0.50634765625, 'predicted_prob': 0.50634765625, 'expected_rise': 0.001749945105984807, 'bucket_idx': 0, 'investment_fraction': 0.004480684355109155, 'investment_amount': 287.8690810566083, 'allocated_amount': 287.8690810566083, 'exit_date': Timestamp('2017-06-28 00:00:00')}, {'ticker': 'CELG', 'sector': 'Healthcare', 'prob_up': 0.499267578125, 'predicted_prob': 0.499267578125, 'expected_rise': 0.003295045578852296, 'bucket_idx': 0, 'investment_fraction': 0.021234752687841196, 'investment_amount': 1364.2622997406547, 'allocated_amount': 1364.2622997406547, 'exit_date': Timestamp('2017-06-28 00:00:00')}, {'ticker': 'ORCL', 'sector': 'Technology', 'prob_up': 0.495361328125, 'predicted_prob': 0.495361328125, 'expected_rise': 0.0012437216937541962, 'bucket_idx': 0, 'investment_fraction': 0.004394387336406347, 'investment_amount': 282.32478435925765, 'allocated_amount': 282.32478435925765, 'exit_date': Timestamp('2017-06-28 00:00:00')}, {'ticker': 'NEE', 'sector': 'Utilities', 'prob_up': 0.492431640625, 'predicted_prob': 0.492431640625, 'expected_rise': 0.0014615758555009961, 'bucket_idx': 0, 'investment_fraction': 0.0020023185602512372, 'investment_amount': 128.64231403956433, 'allocated_amount': 128.64231403956433, 'exit_date': Timestamp('2017-06-28 00:00:00')}, {'ticker': 'CMCSA', 'sector': 'Services', 'prob_up': 0.478759765625, 'predicted_prob': 0.478759765625, 'expected_rise': 0.002558591542765498, 'bucket_idx': 0, 'investment_fraction': 0.005307024299530072, 'investment_amount': 340.9586766603636, 'allocated_amount': 340.9586766603636, 'exit_date': Timestamp('2017-06-28 00:00:00')}]",5,100000.0,1109,True,False,42,/mnt/primary/simulation/trained_models_multiclass,12,12,0.2,0.3,200,5,60,1.0,0.0001,0.3,True,True,0.3,0.7,0.3,0.5,0.5,0.1,3,100.0,0.5,"[[0.08, 0.6], [0.15, 0.35]]",sector,sector,0.14460302093247346,BiGRU,6,corn,20,128,128,1,0.3,0.4,0.002368185640959,2.5898782569408105e-05,64,30,10,0.0038640829279896,7,0.4,5,1.3109464249779392,1.0437863717804818,2.6961818009299283,15,0.3419711337313805,0.7051296774893804,31,0.0665674589000914,2
2017-06-22,69535.16232284818,57153.95499020139,101565.79111845534,101565.79111845534,6.560031308067629,6.459315650420017e-05,0,KELLY_ONLY,12507.565805484639,12381.20733264679,False,False,,"[{'date': Timestamp('2017-06-15 00:00:00'), 'exit_date': Timestamp('2017-06-22 00:00:00'), 'ticker': 'TM', 'sector': 'Consumer Goods', 'allocated_amount': 2594.7134870092113, 'prob_up': 0.58544921875, 'expected_rise': 0.00036109983921051025, 'actual_return': -0.002741548522797843, 'pnl': -7.113532927393744, 'exit_reason': 'scheduled'}, {'date': Timestamp('2017-06-15 00:00:00'), 'exit_date': Timestamp('2017-06-22 00:00:00'), 'ticker': 'IEP', 'sector': 'Conglomerates', 'allocated_amount': 2703.1654742499877, 'prob_up': 0.556640625, 'expected_rise': 0.007784190587699413, 'actual_return': 0.007214348408242532, 'pnl': 19.50157753637157, 'exit_reason': 'scheduled'}, {'date': Timestamp('2017-06-15 00:00:00'), 'exit_date': Timestamp('2017-06-22 00:00:00'), 'ticker': 'CHTR', 'sector': 'Services', 'allocated_amount': 1765.6966035177084, 'prob_up': 0.51513671875, 'expected_rise': 0.004798407666385174, 'actual_return': -0.012443078116014417, 'pnl': -21.97070076675218, 'exit_reason': 'scheduled'}, {'date': Timestamp('2017-06-15 00:00:00'), 'exit_date': Timestamp('2017-06-22 00:00:00'), 'ticker': 'BAC', 'sector': 'Financial', 'allocated_amount': 729.0339673514771, 'prob_up': 0.49267578125, 'expected_rise': 0.0015770113095641136, 'actual_return': -0.025913380377511452, 'pnl': -18.89173450410509, 'exit_reason': 'scheduled'}, {'date': Timestamp('2017-06-15 00:00:00'), 'exit_date': Timestamp('2017-06-22 00:00:00'), 'ticker': 'UNH', 'sector': 'Healthcare', 'allocated_amount': 768.5145229026261, 'prob_up': 0.484130859375, 'expected_rise': 0.00319350091740489, 'actual_return': 0.03392834477413387, 'pnl': 26.074425696969296, 'exit_reason': 'scheduled'}, {'date': Timestamp('2017-06-15 00:00:00'), 'exit_date': Timestamp('2017-06-22 00:00:00'), 'ticker': 'GE', 'sector': 'Industrial Goods', 'allocated_amount': 119.36200527412306, 'prob_up': 0.46875, 'expected_rise': 0.0014799002092331648, 'actual_return': -0.04803047518899528, 'pnl': -5.733013832827492, 'exit_reason': 'scheduled'}, {'date': Timestamp('2017-06-15 00:00:00'), 'exit_date': Timestamp('2017-06-22 00:00:00'), 'ticker': 'FB', 'sector': 'Technology', 'allocated_amount': 611.3940167985618, 'prob_up': 0.455322265625, 'expected_rise': 0.010255096480250359, 'actual_return': 0.024031982162243226, 'pnl': 14.693010105805271, 'exit_reason': 'scheduled'}]","[{'ticker': 'TM', 'sector': 'Consumer Goods', 'prob_up': 0.5986328125, 'predicted_prob': 0.5986328125, 'expected_rise': 0.0006322986446321011, 'bucket_idx': 5, 'investment_fraction': 0.04957383800317468, 'investment_amount': 3447.124872517331, 'allocated_amount': 3447.124872517331, 'exit_date': Timestamp('2017-06-29 00:00:00')}, {'ticker': 'IEP', 'sector': 'Conglomerates', 'prob_up': 0.55029296875, 'predicted_prob': 0.55029296875, 'expected_rise': 0.007647508755326271, 'bucket_idx': 5, 'investment_fraction': 0.0441284603632414, 'investment_amount': 3068.4796544153623, 'allocated_amount': 3068.4796544153623, 'exit_date': Timestamp('2017-06-29 00:00:00')}, {'ticker': 'HON', 'sector': 'Industrial Goods', 'prob_up': 0.521484375, 'predicted_prob': 0.521484375, 'expected_rise': 0.0018458461854606867, 'bucket_idx': 0, 'investment_fraction': 0.02379535711717471, 'investment_amount': 1654.614019672884, 'allocated_amount': 1654.614019672884, 'exit_date': Timestamp('2017-06-29 00:00:00')}, {'ticker': 'CHTR', 'sector': 'Services', 'prob_up': 0.51416015625, 'predicted_prob': 0.51416015625, 'expected_rise': 0.0047926283441483974, 'bucket_idx': 5, 'investment_fraction': 0.029862378758530685, 'investment_amount': 2076.4853543208046, 'allocated_amount': 2076.4853543208046, 'exit_date': Timestamp('2017-06-29 00:00:00')}, {'ticker': 'ORCL', 'sector': 'Technology', 'prob_up': 0.495849609375, 'predicted_prob': 0.495849609375, 'expected_rise': 0.0012477965792641044, 'bucket_idx': 0, 'investment_fraction': 0.004684153914355705, 'investment_amount': 325.71340277992863, 'allocated_amount': 325.71340277992863, 'exit_date': Timestamp('2017-06-29 00:00:00')}, {'ticker': 'UNH', 'sector': 'Healthcare', 'prob_up': 0.482421875, 'predicted_prob': 0.482421875, 'expected_rise': 0.0031989258714020252, 'bucket_idx': 0, 'investment_fraction': 0.012473729213572704, 'investment_amount': 867.3627856370313, 'allocated_amount': 867.3627856370313, 'exit_date': Timestamp('2017-06-29 00:00:00')}, {'ticker': 'BRK-A', 'sector': 'Financial', 'prob_up': 0.470458984375, 'predicted_prob': 0.470458984375, 'expected_rise': 0.0008492439519613981, 'bucket_idx': 0, 'investment_fraction': 0.013538865975928117, 'investment_amount': 941.4272433034479, 'allocated_amount': 941.4272433034479, 'exit_date': Timestamp('2017-06-29 00:00:00')}]",5,100000.0,1109,True,False,42,/mnt/primary/simulation/trained_models_multiclass,12,12,0.2,0.3,200,5,60,1.0,0.0001,0.3,True,True,0.3,0.7,0.3,0.5,0.5,0.1,3,100.0,0.5,"[[0.08, 0.6], [0.15, 0.35]]",sector,sector,0.14460302093247346,BiGRU,6,corn,20,128,128,1,0.3,0.4,0.002368185640959,2.5898782569408105e-05,64,30,10,0.0038640829279896,7,0.4,5,1.3109464249779392,1.0437863717804818,2.6961818009299283,15,0.3419711337313805,0.7051296774893804,31,0.0665674589000914,2
2017-06-23,63120.24733333586,55188.00534498658,101503.8143522694,101503.8143522694,-61.9767661859588,-0.0006102130008878159,0,KELLY_ONLY,9340.456967044356,7932.241988349266,False,False,,"[{'date': Timestamp('2017-06-16 00:00:00'), 'exit_date': Timestamp('2017-06-23 00:00:00'), 'ticker': 'IEP', 'sector': 'Conglomerates', 'allocated_amount': 2990.5228508264877, 'prob_up': 0.5576171875, 'expected_rise': 0.007786421570926905, 'actual_return': -0.014757242718446695, 'pnl': -44.13187156470764, 'exit_reason': 'scheduled'}, {'date': Timestamp('2017-06-16 00:00:00'), 'exit_date': Timestamp('2017-06-23 00:00:00'), 'ticker': 'UPS', 'sector': 'Services', 'allocated_amount': 800.9512895153038, 'prob_up': 0.51025390625, 'expected_rise': 0.0030670128762722015, 'actual_return': -0.002893561909523834, 'pnl': -2.31760214272548, 'exit_reason': 'scheduled'}, {'date': Timestamp('2017-06-16 00:00:00'), 'exit_date': Timestamp('2017-06-23 00:00:00'), 'ticker': 'BUD', 'sector': 'Consumer Goods', 'allocated_amount': 160.66989179658162, 'prob_up': 0.50048828125, 'expected_rise': 0.0016867958474904299, 'actual_return': -0.005267769881162954, 'pnl': -0.8463720168157434, 'exit_reason': 'scheduled'}, {'date': Timestamp('2017-06-16 00:00:00'), 'exit_date': Timestamp('2017-06-23 00:00:00'), 'ticker': 'INTC', 'sector': 'Technology', 'allocated_amount': 153.38134725433133, 'prob_up': 0.498779296875, 'expected_rise': 0.002247478347271681, 'actual_return': -0.02896904370829445, 'pnl': -4.443310952647813, 'exit_reason': 'scheduled'}, {'date': Timestamp('2017-06-16 00:00:00'), 'exit_date': Timestamp('2017-06-23 00:00:00'), 'ticker': 'BAC', 'sector': 'Financial', 'allocated_amount': 793.4360998949926, 'prob_up': 0.492431640625, 'expected_rise': 0.0015670808497816324, 'actual_return': -0.026034997865983733, 'pnl': -20.65710716756059, 'exit_reason': 'scheduled'}, {'date': Timestamp('2017-06-16 00:00:00'), 'exit_date': Timestamp('2017-06-23 00:00:00'), 'ticker': 'NEE', 'sector': 'Utilities', 'allocated_amount': 109.10476791742207, 'prob_up': 0.49169921875, 'expected_rise': 0.0014427995774894953, 'actual_return': 0.002100273091578453, 'pnl': 0.22914980821987363, 'exit_reason': 'scheduled'}, {'date': Timestamp('2017-06-16 00:00:00'), 'exit_date': Timestamp('2017-06-23 00:00:00'), 'ticker': 'UNH', 'sector': 'Healthcare', 'allocated_amount': 873.7157301711633, 'prob_up': 0.485107421875, 'expected_rise': 0.0032004218082875013, 'actual_return': 0.019930600123035713, 'pnl': 17.413678839247623, 'exit_reason': 'scheduled'}, {'date': Timestamp('2017-06-16 00:00:00'), 'exit_date': Timestamp('2017-06-23 00:00:00'), 'ticker': 'GE', 'sector': 'Industrial Goods', 'allocated_amount': 146.48713194412738, 'prob_up': 0.46875, 'expected_rise': 0.0014739155303686857, 'actual_return': -0.04931034482758623, 'pnl': -7.223330988969043, 'exit_reason': 'scheduled'}]","[{'ticker': 'TM', 'sector': 'Consumer Goods', 'prob_up': 0.59814453125, 'predicted_prob': 0.59814453125, 'expected_rise': 0.0006246620323508978, 'bucket_idx': 5, 'investment_fraction': 0.04949604314705083, 'investment_amount': 3124.2024854633114, 'allocated_amount': 3124.2024854633114, 'exit_date': Timestamp('2017-06-30 00:00:00')}, {'ticker': 'VZ', 'sector': 'Technology', 'prob_up': 0.5380859375, 'predicted_prob': 0.5380859375, 'expected_rise': 0.0006261919625103474, 'bucket_idx': 5, 'investment_fraction': 0.010049407316479998, 'investment_amount': 634.3210753696524, 'allocated_amount': 634.3210753696524, 'exit_date': Timestamp('2017-06-30 00:00:00')}, {'ticker': 'CHTR', 'sector': 'Services', 'prob_up': 0.513671875, 'predicted_prob': 0.513671875, 'expected_rise': 0.004782503470778465, 'bucket_idx': 5, 'investment_fraction': 0.029758154580993613, 'investment_amount': 1878.342077335958, 'allocated_amount': 1878.342077335958, 'exit_date': Timestamp('2017-06-30 00:00:00')}, {'ticker': 'SPLP', 'sector': 'Conglomerates', 'prob_up': 0.493408203125, 'predicted_prob': 0.493408203125, 'expected_rise': 1.5253433957695961e-05, 'bucket_idx': 0, 'investment_fraction': 0.011775913561709851, 'investment_amount': 743.2985765911097, 'allocated_amount': 743.2985765911097, 'exit_date': Timestamp('2017-06-30 00:00:00')}, {'ticker': 'NEE', 'sector': 'Utilities', 'prob_up': 0.4912109375, 'predicted_prob': 0.4912109375, 'expected_rise': 0.0014404180692508817, 'bucket_idx': 0, 'investment_fraction': 0.001901029904888385, 'investment_amount': 119.99347778462278, 'allocated_amount': 119.99347778462278, 'exit_date': Timestamp('2017-06-30 00:00:00')}, {'ticker': 'BAC', 'sector': 'Financial', 'prob_up': 0.486572265625, 'predicted_prob': 0.486572265625, 'expected_rise': 0.0014874441549181938, 'bucket_idx': 0, 'investment_fraction': 0.010332536484034018, 'investment_amount': 652.1922584529436, 'allocated_amount': 652.1922584529436, 'exit_date': Timestamp('2017-06-30 00:00:00')}, {'ticker': 'UNH', 'sector': 'Healthcare', 'prob_up': 0.48193359375, 'predicted_prob': 0.48193359375, 'expected_rise': 0.0031997268088161945, 'bucket_idx': 0, 'investment_fraction': 0.012355655598639926, 'investment_amount': 779.8920373516679, 'allocated_amount': 779.8920373516679, 'exit_date': Timestamp('2017-06-30 00:00:00')}]",5,100000.0,1109,True,False,42,/mnt/primary/simulation/trained_models_multiclass,12,12,0.2,0.3,200,5,60,1.0,0.0001,0.3,True,True,0.3,0.7,0.3,0.5,0.5,0.1,3,100.0,0.5,"[[0.08, 0.6], [0.15, 0.35]]",sector,sector,0.14460302093247346,BiGRU,6,corn,20,128,128,1,0.3,0.4,0.002368185640959,2.5898782569408105e-05,64,30,10,0.0038640829279896,7,0.4,5,1.3109464249779392,1.0437863717804818,2.6961818009299283,15,0.3419711337313805,0.7051296774893804,31,0.0665674589000914,2
2017-06-26,65735.19846987925,44906.9109261893,101470.47099809791,101470.47099809791,-33.34335417149337,-0.0003284936076960454,0,KELLY_ONLY,20828.287543689938,20828.28754368994,False,False,,"[{'date': Timestamp('2017-06-19 00:00:00'), 'exit_date': Timestamp('2017-06-26 00:00:00'), 'ticker': 'TM', 'sector': 'Consumer Goods', 'allocated_amount': 3738.329744589378, 'prob_up': 0.60888671875, 'expected_rise': 0.0007700684946030378, 'actual_return': 0.002674364928587414, 'pnl': 9.997657960424977, 'exit_reason': 'scheduled'}, {'date': Timestamp('2017-06-19 00:00:00'), 'exit_date': Timestamp('2017-06-26 00:00:00'), 'ticker': 'HON', 'sector': 'Industrial Goods', 'allocated_amount': 1602.438039289454, 'prob_up': 0.5185546875, 'expected_rise': 0.0018221247009932995, 'actual_return': -0.011631338681723835, 'pnl': -18.638499551453126, 'exit_reason': 'scheduled'}, {'date': Timestamp('2017-06-19 00:00:00'), 'exit_date': Timestamp('2017-06-26 00:00:00'), 'ticker': 'CHTR', 'sector': 'Services', 'allocated_amount': 2089.7735697392673, 'prob_up': 0.51416015625, 'expected_rise': 0.004826711490750313, 'actual_return': -0.02236529646842722, 'pnl': -46.73840543910218, 'exit_reason': 'scheduled'}, {'date': Timestamp('2017-06-19 00:00:00'), 'exit_date': Timestamp('2017-06-26 00:00:00'), 'ticker': 'V', 'sector': 'Financial', 'allocated_amount': 1354.6787964981108, 'prob_up': 0.51025390625, 'expected_rise': 0.005266579799354076, 'actual_return': 0.004536343448292568, 'pnl': 6.145288283035066, 'exit_reason': 'scheduled'}, {'date': Timestamp('2017-06-19 00:00:00'), 'exit_date': Timestamp('2017-06-26 00:00:00'), 'ticker': 'NEE', 'sector': 'Utilities', 'allocated_amount': 139.828507981196, 'prob_up': 0.492431640625, 'expected_rise': 0.0014588768826797605, 'actual_return': 0.012922234798246057, 'pnl': 1.8068968116214374, 'exit_reason': 'scheduled'}, {'date': Timestamp('2017-06-19 00:00:00'), 'exit_date': Timestamp('2017-06-26 00:00:00'), 'ticker': 'UNH', 'sector': 'Healthcare', 'allocated_amount': 929.3820885946765, 'prob_up': 0.484375, 'expected_rise': 0.003199000610038638, 'actual_return': 0.011474106404237627, 'pnl': 10.663828974727918, 'exit_reason': 'scheduled'}, {'date': Timestamp('2017-06-19 00:00:00'), 'exit_date': Timestamp('2017-06-26 00:00:00'), 'ticker': 'FB', 'sector': 'Technology', 'allocated_amount': 726.1057323720626, 'prob_up': 0.455322265625, 'expected_rise': 0.010227156803011894, 'actual_return': 0.004709890910901349, 'pnl': 3.419878789252545, 'exit_reason': 'scheduled'}]","[{'ticker': 'AMGN', 'sector': 'Healthcare', 'prob_up': 0.7353515625, 'predicted_prob': 0.7353515625, 'expected_rise': 0.0055875168181955814, 'bucket_idx': 5, 'investment_fraction': 0.09929842545712317, 'investment_amount': 6527.4017051705005, 'allocated_amount': 6527.4017051705005, 'exit_date': Timestamp('2017-07-03 00:00:00')}, {'ticker': 'BBL', 'sector': 'Basic Matierials', 'prob_up': 0.60888671875, 'predicted_prob': 0.60888671875, 'expected_rise': 0.00027821026742458344, 'bucket_idx': 5, 'investment_fraction': 0.044577208625257714, 'investment_amount': 2930.2916562145283, 'allocated_amount': 2930.2916562145283, 'exit_date': Timestamp('2017-07-03 00:00:00')}, {'ticker': 'TM', 'sector': 'Consumer Goods', 'prob_up': 0.60205078125, 'predicted_prob': 0.60205078125, 'expected_rise': 0.0006914103869348764, 'bucket_idx': 5, 'investment_fraction': 0.05085648634217474, 'investment_amount': 3343.0612231835594, 'allocated_amount': 3343.0612231835594, 'exit_date': Timestamp('2017-07-03 00:00:00')}, {'ticker': 'IEP', 'sector': 'Conglomerates', 'prob_up': 0.5517578125, 'predicted_prob': 0.5517578125, 'expected_rise': 0.007687306497246027, 'bucket_idx': 5, 'investment_fraction': 0.04458968205296604, 'investment_amount': 2931.1115994605348, 'allocated_amount': 2931.1115994605348, 'exit_date': Timestamp('2017-07-03 00:00:00')}, {'ticker': 'CHTR', 'sector': 'Services', 'prob_up': 0.51416015625, 'predicted_prob': 0.51416015625, 'expected_rise': 0.004770922940224409, 'bucket_idx': 5, 'investment_fraction': 0.029896460636444813, 'investment_amount': 1965.249773483632, 'allocated_amount': 1965.249773483632, 'exit_date': Timestamp('2017-07-03 00:00:00')}, {'ticker': 'HON', 'sector': 'Industrial Goods', 'prob_up': 0.51171875, 'predicted_prob': 0.51171875, 'expected_rise': 0.0018171787960454822, 'bucket_idx': 0, 'investment_fraction': 0.02044806630020969, 'investment_amount': 1344.1576965695333, 'allocated_amount': 1344.1576965695333, 'exit_date': Timestamp('2017-07-03 00:00:00')}, {'ticker': 'V', 'sector': 'Financial', 'prob_up': 0.498779296875, 'predicted_prob': 0.498779296875, 'expected_rise': 0.005208805203437805, 'bucket_idx': 0, 'investment_fraction': 0.01541557048761092, 'investment_amount': 1013.3455855295169, 'allocated_amount': 1013.3455855295169, 'exit_date': Timestamp('2017-07-03 00:00:00')}, {'ticker': 'NEE', 'sector': 'Utilities', 'prob_up': 0.490966796875, 'predicted_prob': 0.490966796875, 'expected_rise': 0.0014290035469457507, 'bucket_idx': 0, 'investment_fraction': 0.0016806652903324061, 'investment_amount': 110.47886642143793, 'allocated_amount': 110.47886642143793, 'exit_date': Timestamp('2017-07-03 00:00:00')}, {'ticker': 'FB', 'sector': 'Technology', 'prob_up': 0.455078125, 'predicted_prob': 0.455078125, 'expected_rise': 0.010089054703712463, 'bucket_idx': 0, 'investment_fraction': 0.01008880254557345, 'investment_amount': 663.1894376566936, 'allocated_amount': 663.1894376566936, 'exit_date': Timestamp('2017-07-03 00:00:00')}]",5,100000.0,1109,True,False,42,/mnt/primary/simulation/trained_models_multiclass,12,12,0.2,0.3,200,5,60,1.0,0.0001,0.3,True,True,0.3,0.7,0.3,0.5,0.5,0.1,3,100.0,0.5,"[[0.08, 0.6], [0.15, 0.35]]",sector,sector,0.14460302093247346,BiGRU,6,corn,20,128,128,1,0.3,0.4,0.002368185640959,2.5898782569408105e-05,64,30,10,0.0038640829279896,7,0.4,5,1.3109464249779392,1.0437863717804818,2.6961818009299283,15,0.3419711337313805,0.7051296774893804,31,0.0665674589000914,2
2017-06-27,56437.466364477616,53566.022669364625,101589.15813858263,101589.15813858263,118.68714048473018,0.0011696717214109142,0,KELLY_ONLY,8590.192756089817,2871.443695113001,False,False,,"[{'date': Timestamp('2017-06-20 00:00:00'), 'exit_date': Timestamp('2017-06-27 00:00:00'), 'ticker': 'AMGN', 'sector': 'Healthcare', 'allocated_amount': 5468.848688354489, 'prob_up': 0.6748046875, 'expected_rise': 0.004718491341918707, 'actual_return': 0.027422052991487034, 'pnl': 149.96705853448117, 'exit_reason': 'scheduled'}, {'date': Timestamp('2017-06-20 00:00:00'), 'exit_date': Timestamp('2017-06-27 00:00:00'), 'ticker': 'IEP', 'sector': 'Conglomerates', 'allocated_amount': 3245.8354204579236, 'prob_up': 0.552734375, 'expected_rise': 0.00765722431242466, 'actual_return': 0.001788928606858864, 'pnl': 5.806567836812948, 'exit_reason': 'scheduled'}, {'date': Timestamp('2017-06-20 00:00:00'), 'exit_date': Timestamp('2017-06-27 00:00:00'), 'ticker': 'NGG', 'sector': 'Utilities', 'allocated_amount': 201.48339504631159, 'prob_up': 0.53369140625, 'expected_rise': 0.000922017265111208, 'actual_return': -0.019665003512982282, 'pnl': -3.9621716713933144, 'exit_reason': 'scheduled'}, {'date': Timestamp('2017-06-20 00:00:00'), 'exit_date': Timestamp('2017-06-27 00:00:00'), 'ticker': 'BUD', 'sector': 'Consumer Goods', 'allocated_amount': 304.3762121934936, 'prob_up': 0.50537109375, 'expected_rise': 0.0017392917070537806, 'actual_return': -0.004904510422140573, 'pnl': -1.49281630495466, 'exit_reason': 'scheduled'}, {'date': Timestamp('2017-06-20 00:00:00'), 'exit_date': Timestamp('2017-06-27 00:00:00'), 'ticker': 'BAC', 'sector': 'Financial', 'allocated_amount': 801.771633485734, 'prob_up': 0.489013671875, 'expected_rise': 0.001459687715396285, 'actual_return': -0.009365687526607047, 'pnl': -7.509142586924696, 'exit_reason': 'scheduled'}, {'date': Timestamp('2017-06-20 00:00:00'), 'exit_date': Timestamp('2017-06-27 00:00:00'), 'ticker': 'CMCSA', 'sector': 'Services', 'allocated_amount': 448.53794557332554, 'prob_up': 0.481201171875, 'expected_rise': 0.002573775826022029, 'actual_return': -0.028224784061024688, 'pnl': -12.659886656982758, 'exit_reason': 'scheduled'}, {'date': Timestamp('2017-06-20 00:00:00'), 'exit_date': Timestamp('2017-06-27 00:00:00'), 'ticker': 'LMT', 'sector': 'Industrial Goods', 'allocated_amount': 164.88211658518878, 'prob_up': 0.45751953125, 'expected_rise': 0.005584239028394222, 'actual_return': -0.01788690915796365, 'pnl': -2.949231441132043, 'exit_reason': 'scheduled'}, {'date': Timestamp('2017-06-20 00:00:00'), 'exit_date': Timestamp('2017-06-27 00:00:00'), 'ticker': 'FB', 'sector': 'Technology', 'allocated_amount': 776.132886107124, 'prob_up': 0.45654296875, 'expected_rise': 0.010202998295426369, 'actual_return': -0.010968788177339817, 'pnl': -8.513237225176452, 'exit_reason': 'scheduled'}]","[{'ticker': 'NGG', 'sector': 'Utilities', 'prob_up': 0.5322265625, 'predicted_prob': 0.5322265625, 'expected_rise': 0.0008938927203416824, 'bucket_idx': 5, 'investment_fraction': 0.0022735520803327082, 'investment_amount': 128.31351906166535, 'allocated_amount': 128.31351906166535, 'exit_date': Timestamp('2017-07-05 00:00:00')}, {'ticker': 'CELG', 'sector': 'Healthcare', 'prob_up': 0.496337890625, 'predicted_prob': 0.496337890625, 'expected_rise': 0.0032433411106467247, 'bucket_idx': 0, 'investment_fraction': 0.02103567619623238, 'investment_amount': 1187.2002677789076, 'allocated_amount': 1187.2002677789076, 'exit_date': Timestamp('2017-07-05 00:00:00')}, {'ticker': 'SPLP', 'sector': 'Conglomerates', 'prob_up': 0.492919921875, 'predicted_prob': 0.492919921875, 'expected_rise': 1.6248086467385292e-05, 'bucket_idx': 0, 'investment_fraction': 0.011313223190405675, 'investment_amount': 638.4896532823485, 'allocated_amount': 638.4896532823485, 'exit_date': Timestamp('2017-07-05 00:00:00')}, {'ticker': 'ORCL', 'sector': 'Technology', 'prob_up': 0.4912109375, 'predicted_prob': 0.4912109375, 'expected_rise': 0.001218448276631534, 'bucket_idx': 0, 'investment_fraction': 0.0051297602510218645, 'investment_amount': 289.5106716248808, 'allocated_amount': 289.5106716248808, 'exit_date': Timestamp('2017-07-05 00:00:00')}, {'ticker': 'BAC', 'sector': 'Financial', 'prob_up': 0.489013671875, 'predicted_prob': 0.489013671875, 'expected_rise': 0.0015381344128400087, 'bucket_idx': 0, 'investment_fraction': 0.011126112205498029, 'investment_amount': 627.9295833651989, 'allocated_amount': 627.9295833651989, 'exit_date': Timestamp('2017-07-05 00:00:00')}]",5,100000.0,1109,True,False,42,/mnt/primary/simulation/trained_models_multiclass,12,12,0.2,0.3,200,5,60,1.0,0.0001,0.3,True,True,0.3,0.7,0.3,0.5,0.5,0.1,3,100.0,0.5,"[[0.08, 0.6], [0.15, 0.35]]",sector,sector,0.14460302093247346,BiGRU,6,corn,20,128,128,1,0.3,0.4,0.002368185640959,2.5898782569408105e-05,64,30,10,0.0038640829279896,7,0.4,5,1.3109464249779392,1.0437863717804818,2.6961818009299283,15,0.3419711337313805,0.7051296774893804,31,0.0665674589000914,2
2017-06-28,57610.77779980625,46336.550570377556,101623.95835960524,101623.95835960524,34.80022102260477,0.0003425584152900729,0,KELLY_ONLY,11274.227229428692,11274.227229428692,False,False,,"[{'date': Timestamp('2017-06-21 00:00:00'), 'exit_date': Timestamp('2017-06-28 00:00:00'), 'ticker': 'HON', 'sector': 'Industrial Goods', 'allocated_amount': 1605.8977535625727, 'prob_up': 0.5244140625, 'expected_rise': 0.0018618631875142455, 'actual_return': -0.0020856536312849894, 'pnl': -3.3493464811901865, 'exit_reason': 'scheduled'}, {'date': Timestamp('2017-06-21 00:00:00'), 'exit_date': Timestamp('2017-06-28 00:00:00'), 'ticker': 'BUD', 'sector': 'Consumer Goods', 'allocated_amount': 287.8690810566083, 'prob_up': 0.50634765625, 'expected_rise': 0.001749945105984807, 'actual_return': -0.001054322614654657, 'pnl': -0.3035068822178366, 'exit_reason': 'scheduled'}, {'date': Timestamp('2017-06-21 00:00:00'), 'exit_date': Timestamp('2017-06-28 00:00:00'), 'ticker': 'CELG', 'sector': 'Healthcare', 'allocated_amount': 1364.2622997406547, 'prob_up': 0.499267578125, 'expected_rise': 0.003295045578852296, 'actual_return': 0.01053974236934807, 'pnl': 14.378973163480817, 'exit_reason': 'scheduled'}, {'date': Timestamp('2017-06-21 00:00:00'), 'exit_date': Timestamp('2017-06-28 00:00:00'), 'ticker': 'ORCL', 'sector': 'Technology', 'allocated_amount': 282.32478435925765, 'prob_up': 0.495361328125, 'expected_rise': 0.0012437216937541962, 'actual_return': 0.09799259235948221, 'pnl': 27.665737506695454, 'exit_reason': 'scheduled'}, {'date': Timestamp('2017-06-21 00:00:00'), 'exit_date': Timestamp('2017-06-28 00:00:00'), 'ticker': 'NEE', 'sector': 'Utilities', 'allocated_amount': 128.64231403956433, 'prob_up': 0.492431640625, 'expected_rise': 0.0014615758555009961, 'actual_return': -0.0002835247452648293, 'pnl': -0.036473279318345646, 'exit_reason': 'scheduled'}, {'date': Timestamp('2017-06-21 00:00:00'), 'exit_date': Timestamp('2017-06-28 00:00:00'), 'ticker': 'CMCSA', 'sector': 'Services', 'allocated_amount': 340.9586766603636, 'prob_up': 0.478759765625, 'expected_rise': 0.002558591542765498, 'actual_return': -0.010426961529964252, 'pnl': -3.5551630048451313, 'exit_reason': 'scheduled'}]","[{'ticker': 'AMGN', 'sector': 'Healthcare', 'prob_up': 0.69970703125, 'predicted_prob': 0.69970703125, 'expected_rise': 0.00521833635866642, 'bucket_idx': 5, 'investment_fraction': 0.08581447225114078, 'investment_amount': 4943.838492868111, 'allocated_amount': 4943.838492868111, 'exit_date': Timestamp('2017-07-06 00:00:00')}, {'ticker': 'BBL', 'sector': 'Basic Matierials', 'prob_up': 0.6044921875, 'predicted_prob': 0.6044921875, 'expected_rise': 0.000176125206053257, 'bucket_idx': 5, 'investment_fraction': 0.04284757513435083, 'investment_amount': 2468.482130325589, 'allocated_amount': 2468.482130325589, 'exit_date': Timestamp('2017-07-06 00:00:00')}, {'ticker': 'VZ', 'sector': 'Technology', 'prob_up': 0.541015625, 'predicted_prob': 0.541015625, 'expected_rise': 0.0006648767739534378, 'bucket_idx': 5, 'investment_fraction': 0.011100649061202096, 'investment_amount': 639.5170264985418, 'allocated_amount': 639.5170264985418, 'exit_date': Timestamp('2017-07-06 00:00:00')}, {'ticker': 'NGG', 'sector': 'Utilities', 'prob_up': 0.53515625, 'predicted_prob': 0.53515625, 'expected_rise': 0.0009204645175486803, 'bucket_idx': 5, 'investment_fraction': 0.003503028412090381, 'investment_amount': 201.81219147534708, 'allocated_amount': 201.81219147534708, 'exit_date': Timestamp('2017-07-06 00:00:00')}, {'ticker': 'BUD', 'sector': 'Consumer Goods', 'prob_up': 0.5048828125, 'predicted_prob': 0.5048828125, 'expected_rise': 0.001734955352731049, 'bucket_idx': 0, 'investment_fraction': 0.0043590459599678, 'investment_amount': 251.12802821884807, 'allocated_amount': 251.12802821884807, 'exit_date': Timestamp('2017-07-06 00:00:00')}, {'ticker': 'HON', 'sector': 'Industrial Goods', 'prob_up': 0.50146484375, 'predicted_prob': 0.50146484375, 'expected_rise': 0.0017576445825397968, 'bucket_idx': 0, 'investment_fraction': 0.01672274681199365, 'investment_amount': 963.4104507881846, 'allocated_amount': 963.4104507881846, 'exit_date': Timestamp('2017-07-06 00:00:00')}, {'ticker': 'UPS', 'sector': 'Services', 'prob_up': 0.5, 'predicted_prob': 0.5, 'expected_rise': 0.002966542961075902, 'bucket_idx': 5, 'investment_fraction': 0.008983115186177204, 'investment_amount': 517.5242529409201, 'allocated_amount': 517.5242529409201, 'exit_date': Timestamp('2017-07-06 00:00:00')}, {'ticker': 'SPLP', 'sector': 'Conglomerates', 'prob_up': 0.49365234375, 'predicted_prob': 0.49365234375, 'expected_rise': 3.918725997209549e-05, 'bucket_idx': 0, 'investment_fraction': 0.011585760662927958, 'investment_amount': 667.4646831936785, 'allocated_amount': 667.4646831936785, 'exit_date': Timestamp('2017-07-06 00:00:00')}, {'ticker': 'BAC', 'sector': 'Financial', 'prob_up': 0.48779296875, 'predicted_prob': 0.48779296875, 'expected_rise': 0.001534751383587718, 'bucket_idx': 0, 'investment_fraction': 0.01078010047490735, 'investment_amount': 621.0499731194732, 'allocated_amount': 621.0499731194732, 'exit_date': Timestamp('2017-07-06 00:00:00')}]",5,100000.0,1109,True,False,42,/mnt/primary/simulation/trained_models_multiclass,12,12,0.2,0.3,200,5,60,1.0,0.0001,0.3,True,True,0.3,0.7,0.3,0.5,0.5,0.1,3,100.0,0.5,"[[0.08, 0.6], [0.15, 0.35]]",sector,sector,0.14460302093247346,BiGRU,6,corn,20,128,128,1,0.3,0.4,0.002368185640959,2.5898782569408105e-05,64,30,10,0.0038640829279896,7,0.4,5,1.3109464249779392,1.0437863717804818,2.6961818009299283,15,0.3419711337313805,0.7051296774893804,31,0.0665674589000914,2
2017-06-29,58717.05582696089,43953.20987214095,101623.25628354179,101623.25628354179,-0.7020760634694785,-6.9085683610525805e-06,0,KELLY_ONLY,15423.8128017266,14763.845954819928,False,False,,"[{'date': Timestamp('2017-06-22 00:00:00'), 'exit_date': Timestamp('2017-06-29 00:00:00'), 'ticker': 'TM', 'sector': 'Consumer Goods', 'allocated_amount': 3447.124872517331, 'prob_up': 0.5986328125, 'expected_rise': 0.0006322986446321011, 'actual_return': -0.010901526417698815, 'pnl': -37.57892286285434, 'exit_reason': 'scheduled'}, {'date': Timestamp('2017-06-22 00:00:00'), 'exit_date': Timestamp('2017-06-29 00:00:00'), 'ticker': 'IEP', 'sector': 'Conglomerates', 'allocated_amount': 3068.4796544153623, 'prob_up': 0.55029296875, 'expected_rise': 0.007647508755326271, 'actual_return': 0.016315241397343305, 'pnl': 50.0629862846232, 'exit_reason': 'scheduled'}, {'date': Timestamp('2017-06-22 00:00:00'), 'exit_date': Timestamp('2017-06-29 00:00:00'), 'ticker': 'HON', 'sector': 'Industrial Goods', 'allocated_amount': 1654.614019672884, 'prob_up': 0.521484375, 'expected_rise': 0.0018458461854606867, 'actual_return': -0.013052882140895283, 'pnl': -21.597481787463146, 'exit_reason': 'scheduled'}, {'date': Timestamp('2017-06-22 00:00:00'), 'exit_date': Timestamp('2017-06-29 00:00:00'), 'ticker': 'CHTR', 'sector': 'Services', 'allocated_amount': 2076.4853543208046, 'prob_up': 0.51416015625, 'expected_rise': 0.0047926283441483974, 'actual_return': 0.004818438858850804, 'pnl': 10.005417721093945, 'exit_reason': 'scheduled'}, {'date': Timestamp('2017-06-22 00:00:00'), 'exit_date': Timestamp('2017-06-29 00:00:00'), 'ticker': 'ORCL', 'sector': 'Technology', 'allocated_amount': 325.71340277992863, 'prob_up': 0.495849609375, 'expected_rise': 0.0012477965792641044, 'actual_return': -0.001988031848668581, 'pnl': -0.6475286182647156, 'exit_reason': 'scheduled'}, {'date': Timestamp('2017-06-22 00:00:00'), 'exit_date': Timestamp('2017-06-29 00:00:00'), 'ticker': 'UNH', 'sector': 'Healthcare', 'allocated_amount': 867.3627856370313, 'prob_up': 0.482421875, 'expected_rise': 0.0031989258714020252, 'actual_return': -0.006595152815013439, 'pnl': -5.720390117331965, 'exit_reason': 'scheduled'}, {'date': Timestamp('2017-06-22 00:00:00'), 'exit_date': Timestamp('2017-06-29 00:00:00'), 'ticker': 'BRK-A', 'sector': 'Financial', 'allocated_amount': 941.4272433034479, 'prob_up': 0.470458984375, 'expected_rise': 0.0008492439519613981, 'actual_return': 0.0050708574142981355, 'pnl': 4.773843316727543, 'exit_reason': 'scheduled'}]","[{'ticker': 'AMGN', 'sector': 'Healthcare', 'prob_up': 0.6474609375, 'predicted_prob': 0.6474609375, 'expected_rise': 0.004250152036547661, 'bucket_idx': 5, 'investment_fraction': 0.06590595749242471, 'investment_amount': 3869.8037854120125, 'allocated_amount': 3869.8037854120125, 'exit_date': Timestamp('2017-07-07 00:00:00')}, {'ticker': 'BBL', 'sector': 'Basic Matierials', 'prob_up': 0.61572265625, 'predicted_prob': 0.61572265625, 'expected_rise': 0.00043700961396098137, 'bucket_idx': 5, 'investment_fraction': 0.04738894574611822, 'investment_amount': 2782.5393729556436, 'allocated_amount': 2782.5393729556436, 'exit_date': Timestamp('2017-07-07 00:00:00')}, {'ticker': 'TM', 'sector': 'Consumer Goods', 'prob_up': 0.61572265625, 'predicted_prob': 0.61572265625, 'expected_rise': 0.000856262631714344, 'bucket_idx': 5, 'investment_fraction': 0.055720863035652594, 'investment_amount': 3271.7650255908543, 'allocated_amount': 3271.7650255908543, 'exit_date': Timestamp('2017-07-07 00:00:00')}, {'ticker': 'IEP', 'sector': 'Conglomerates', 'prob_up': 0.5556640625, 'predicted_prob': 0.5556640625, 'expected_rise': 0.007800834719091654, 'bucket_idx': 5, 'investment_fraction': 0.04570274331993943, 'investment_amount': 2683.530530962147, 'allocated_amount': 2683.530530962147, 'exit_date': Timestamp('2017-07-07 00:00:00')}, {'ticker': 'NGG', 'sector': 'Utilities', 'prob_up': 0.53955078125, 'predicted_prob': 0.53955078125, 'expected_rise': 0.0009640851058065891, 'bucket_idx': 5, 'investment_fraction': 0.005412187749198738, 'investment_amount': 317.78773021569606, 'allocated_amount': 317.78773021569606, 'exit_date': Timestamp('2017-07-07 00:00:00')}, {'ticker': 'HON', 'sector': 'Industrial Goods', 'prob_up': 0.50439453125, 'predicted_prob': 0.50439453125, 'expected_rise': 0.0017649244982749224, 'bucket_idx': 0, 'investment_fraction': 0.017944278872219832, 'investment_amount': 1053.6352243146864, 'allocated_amount': 1053.6352243146864, 'exit_date': Timestamp('2017-07-07 00:00:00')}, {'ticker': 'CMCSA', 'sector': 'Services', 'prob_up': 0.475341796875, 'predicted_prob': 0.475341796875, 'expected_rise': 0.002537333406507969, 'bucket_idx': 0, 'investment_fraction': 0.0032330623235618527, 'investment_amount': 189.83590094462517, 'allocated_amount': 189.83590094462517, 'exit_date': Timestamp('2017-07-07 00:00:00')}, {'ticker': 'FB', 'sector': 'Technology', 'prob_up': 0.454833984375, 'predicted_prob': 0.454833984375, 'expected_rise': 0.01008586585521698, 'bucket_idx': 0, 'investment_fraction': 0.010132462809061405, 'investment_amount': 594.9483844242634, 'allocated_amount': 594.9483844242634, 'exit_date': Timestamp('2017-07-07 00:00:00')}]",5,100000.0,1109,True,False,42,/mnt/primary/simulation/trained_models_multiclass,12,12,0.2,0.3,200,5,60,1.0,0.0001,0.3,True,True,0.3,0.7,0.3,0.5,0.5,0.1,3,100.0,0.5,"[[0.08, 0.6], [0.15, 0.35]]",sector,sector,0.14460302093247346,BiGRU,6,corn,20,128,128,1,0.3,0.4,0.002368185640959,2.5898782569408105e-05,64,30,10,0.0038640829279896,7,0.4,5,1.3109464249779392,1.0437863717804818,2.6961818009299283,15,0.3419711337313805,0.7051296774893804,31,0.0665674589000914,2
2017-06-30,51950.49897841849,47289.79413297765,101688.30340147005,101688.30340147005,65.0471179282774,0.0006400810238433863,0,KELLY_ONLY,8556.728929149778,4660.704845440836,False,False,,"[{'date': Timestamp('2017-06-23 00:00:00'), 'exit_date': Timestamp('2017-06-30 00:00:00'), 'ticker': 'TM', 'sector': 'Consumer Goods', 'allocated_amount': 3124.2024854633114, 'prob_up': 0.59814453125, 'expected_rise': 0.0006246620323508978, 'actual_return': -0.00209046944299629, 'pnl': -6.531049829594114, 'exit_reason': 'scheduled'}, {'date': Timestamp('2017-06-23 00:00:00'), 'exit_date': Timestamp('2017-06-30 00:00:00'), 'ticker': 'VZ', 'sector': 'Technology', 'allocated_amount': 634.3210753696524, 'prob_up': 0.5380859375, 'expected_rise': 0.0006261919625103474, 'actual_return': -0.016082815952474627, 'pnl': -10.201669109945906, 'exit_reason': 'scheduled'}, {'date': Timestamp('2017-06-23 00:00:00'), 'exit_date': Timestamp('2017-06-30 00:00:00'), 'ticker': 'CHTR', 'sector': 'Services', 'allocated_amount': 1878.342077335958, 'prob_up': 0.513671875, 'expected_rise': 0.004782503470778465, 'actual_return': 0.01828905144942161, 'pnl': 34.3530948920108, 'exit_reason': 'scheduled'}, {'date': Timestamp('2017-06-23 00:00:00'), 'exit_date': Timestamp('2017-06-30 00:00:00'), 'ticker': 'SPLP', 'sector': 'Conglomerates', 'allocated_amount': 743.2985765911097, 'prob_up': 0.493408203125, 'expected_rise': 1.5253433957695961e-05, 'actual_return': 0.010869565217391353, 'pnl': 8.079332354251228, 'exit_reason': 'scheduled'}, {'date': Timestamp('2017-06-23 00:00:00'), 'exit_date': Timestamp('2017-06-30 00:00:00'), 'ticker': 'NEE', 'sector': 'Utilities', 'allocated_amount': 119.99347778462278, 'prob_up': 0.4912109375, 'expected_rise': 0.0014404180692508817, 'actual_return': -0.02102832206950045, 'pnl': -2.523261497094495, 'exit_reason': 'scheduled'}, {'date': Timestamp('2017-06-23 00:00:00'), 'exit_date': Timestamp('2017-06-30 00:00:00'), 'ticker': 'BAC', 'sector': 'Financial', 'allocated_amount': 652.1922584529436, 'prob_up': 0.486572265625, 'expected_rise': 0.0014874441549181938, 'actual_return': 0.06310254163014895, 'pnl': 41.15498913988774, 'exit_reason': 'scheduled'}, {'date': Timestamp('2017-06-23 00:00:00'), 'exit_date': Timestamp('2017-06-30 00:00:00'), 'ticker': 'UNH', 'sector': 'Healthcare', 'allocated_amount': 779.8920373516679, 'prob_up': 0.48193359375, 'expected_rise': 0.0031997268088161945, 'actual_return': 0.0009176680161941952, 'pnl': 0.7156819787621543, 'exit_reason': 'scheduled'}]","[{'ticker': 'IEP', 'sector': 'Conglomerates', 'prob_up': 0.55615234375, 'predicted_prob': 0.55615234375, 'expected_rise': 0.00784948281943798, 'bucket_idx': 5, 'investment_fraction': 0.04579495504470188, 'investment_amount': 2379.0707652665055, 'allocated_amount': 2379.0707652665055, 'exit_date': Timestamp('2017-07-10 00:00:00')}, {'ticker': 'VZ', 'sector': 'Technology', 'prob_up': 0.53955078125, 'predicted_prob': 0.53955078125, 'expected_rise': 0.0006455343682318926, 'bucket_idx': 5, 'investment_fraction': 0.01050375876004437, 'investment_amount': 545.6755087332392, 'allocated_amount': 545.6755087332392, 'exit_date': Timestamp('2017-07-10 00:00:00')}, {'ticker': 'BUD', 'sector': 'Consumer Goods', 'prob_up': 0.50439453125, 'predicted_prob': 0.50439453125, 'expected_rise': 0.0017306192312389612, 'bucket_idx': 0, 'investment_fraction': 0.0043157317589377795, 'investment_amount': 224.20441833382534, 'allocated_amount': 224.20441833382534, 'exit_date': Timestamp('2017-07-10 00:00:00')}, {'ticker': 'UNH', 'sector': 'Healthcare', 'prob_up': 0.47998046875, 'predicted_prob': 0.47998046875, 'expected_rise': 0.0031858847942203283, 'bucket_idx': 0, 'investment_fraction': 0.011498253822280381, 'investment_amount': 597.3400234479734, 'allocated_amount': 597.3400234479734, 'exit_date': Timestamp('2017-07-10 00:00:00')}, {'ticker': 'CMCSA', 'sector': 'Services', 'prob_up': 0.476806640625, 'predicted_prob': 0.476806640625, 'expected_rise': 0.002546444069594145, 'bucket_idx': 0, 'investment_fraction': 0.0037006350658706057, 'investment_amount': 192.24983820901053, 'allocated_amount': 192.24983820901053, 'exit_date': Timestamp('2017-07-10 00:00:00')}, {'ticker': 'BRK-A', 'sector': 'Financial', 'prob_up': 0.472900390625, 'predicted_prob': 0.472900390625, 'expected_rise': 0.0008658901788294315, 'bucket_idx': 0, 'investment_fraction': 0.013901007798794907, 'investment_amount': 722.1642914502822, 'allocated_amount': 722.1642914502822, 'exit_date': Timestamp('2017-07-10 00:00:00')}]",5,100000.0,1109,True,False,42,/mnt/primary/simulation/trained_models_multiclass,12,12,0.2,0.3,200,5,60,1.0,0.0001,0.3,True,True,0.3,0.7,0.3,0.5,0.5,0.1,3,100.0,0.5,"[[0.08, 0.6], [0.15, 0.35]]",sector,sector,0.14460302093247346,BiGRU,6,corn,20,128,128,1,0.3,0.4,0.002368185640959,2.5898782569408105e-05,64,30,10,0.0038640829279896,7,0.4,5,1.3109464249779392,1.0437863717804818,2.6961818009299283,15,0.3419711337313805,0.7051296774893804,31,0.0665674589000914,2
2017-07-03,68185.22132306243,56887.549204446135,101755.44304786489,101755.44304786489,67.13964639484192,0.0006602494500254075,0,KELLY_ONLY,11297.672118616301,11297.672118616301,False,False,,"[{'date': Timestamp('2017-06-26 00:00:00'), 'exit_date': Timestamp('2017-07-03 00:00:00'), 'ticker': 'AMGN', 'sector': 'Healthcare', 'allocated_amount': 6527.4017051705005, 'prob_up': 0.7353515625, 'expected_rise': 0.0055875168181955814, 'actual_return': -0.005009472044791408, 'pnl': -32.69883636717539, 'exit_reason': 'scheduled'}, {'date': Timestamp('2017-06-26 00:00:00'), 'exit_date': Timestamp('2017-07-03 00:00:00'), 'ticker': 'BBL', 'sector': 'Basic Matierials', 'allocated_amount': 2930.2916562145283, 'prob_up': 0.60888671875, 'expected_rise': 0.00027821026742458344, 'actual_return': 0.06853051483123096, 'pnl': 200.81439580604206, 'exit_reason': 'scheduled'}, {'date': Timestamp('2017-06-26 00:00:00'), 'exit_date': Timestamp('2017-07-03 00:00:00'), 'ticker': 'TM', 'sector': 'Consumer Goods', 'allocated_amount': 3343.0612231835594, 'prob_up': 0.60205078125, 'expected_rise': 0.0006914103869348764, 'actual_return': 0.010001866736467857, 'pnl': 33.43685284613519, 'exit_reason': 'scheduled'}, {'date': Timestamp('2017-06-26 00:00:00'), 'exit_date': Timestamp('2017-07-03 00:00:00'), 'ticker': 'IEP', 'sector': 'Conglomerates', 'allocated_amount': 2931.1115994605348, 'prob_up': 0.5517578125, 'expected_rise': 0.007687306497246027, 'actual_return': -0.020361140600054894, 'pnl': -59.68077539106773, 'exit_reason': 'scheduled'}, {'date': Timestamp('2017-06-26 00:00:00'), 'exit_date': Timestamp('2017-07-03 00:00:00'), 'ticker': 'CHTR', 'sector': 'Services', 'allocated_amount': 1965.249773483632, 'prob_up': 0.51416015625, 'expected_rise': 0.004770922940224409, 'actual_return': -0.01196447037963877, 'pnl': -23.513172703436716, 'exit_reason': 'scheduled'}, {'date': Timestamp('2017-06-26 00:00:00'), 'exit_date': Timestamp('2017-07-03 00:00:00'), 'ticker': 'HON', 'sector': 'Industrial Goods', 'allocated_amount': 1344.1576965695333, 'prob_up': 0.51171875, 'expected_rise': 0.0018171787960454822, 'actual_return': -0.004096439896337012, 'pnl': -5.506261215195896, 'exit_reason': 'scheduled'}, {'date': Timestamp('2017-06-26 00:00:00'), 'exit_date': Timestamp('2017-07-03 00:00:00'), 'ticker': 'V', 'sector': 'Financial', 'allocated_amount': 1013.3455855295169, 'prob_up': 0.498779296875, 'expected_rise': 0.005208805203437805, 'actual_return': -0.019638762658698128, 'pnl': -19.900853445453667, 'exit_reason': 'scheduled'}, {'date': Timestamp('2017-06-26 00:00:00'), 'exit_date': Timestamp('2017-07-03 00:00:00'), 'ticker': 'NEE', 'sector': 'Utilities', 'allocated_amount': 110.47886642143793, 'prob_up': 0.490966796875, 'expected_rise': 0.0014290035469457507, 'actual_return': -0.031962844954942726, 'pnl': -3.5312188782262486, 'exit_reason': 'scheduled'}, {'date': Timestamp('2017-06-26 00:00:00'), 'exit_date': Timestamp('2017-07-03 00:00:00'), 'ticker': 'FB', 'sector': 'Technology', 'allocated_amount': 663.1894376566936, 'prob_up': 0.455078125, 'expected_rise': 0.010089054703712463, 'actual_return': -0.03359595764297052, 'pnl': -22.280484256779715, 'exit_reason': 'scheduled'}]","[{'ticker': 'BBL', 'sector': 'Basic Matierials', 'prob_up': 0.60498046875, 'predicted_prob': 0.60498046875, 'expected_rise': 0.0001874677836894989, 'bucket_idx': 5, 'investment_fraction': 0.043212275921716795, 'investment_amount': 2946.4385975955015, 'allocated_amount': 2946.4385975955015, 'exit_date': Timestamp('2017-07-11 00:00:00')}, {'ticker': 'IEP', 'sector': 'Conglomerates', 'prob_up': 0.556640625, 'predicted_prob': 0.556640625, 'expected_rise': 0.007841603830456734, 'bucket_idx': 5, 'investment_fraction': 0.045892503622105944, 'investment_amount': 3129.1905165427384, 'allocated_amount': 3129.1905165427384, 'exit_date': Timestamp('2017-07-11 00:00:00')}, {'ticker': 'HON', 'sector': 'Industrial Goods', 'prob_up': 0.51904296875, 'predicted_prob': 0.51904296875, 'expected_rise': 0.0018123077461495996, 'bucket_idx': 0, 'investment_fraction': 0.023453549846814383, 'investment_amount': 1599.1854871165158, 'allocated_amount': 1599.1854871165158, 'exit_date': Timestamp('2017-07-11 00:00:00')}, {'ticker': 'BUD', 'sector': 'Consumer Goods', 'prob_up': 0.50390625, 'predicted_prob': 0.50390625, 'expected_rise': 0.001725842826999724, 'bucket_idx': 0, 'investment_fraction': 0.004083802158358141, 'investment_amount': 278.4549540072499, 'allocated_amount': 278.4549540072499, 'exit_date': Timestamp('2017-07-11 00:00:00')}, {'ticker': 'NEE', 'sector': 'Utilities', 'prob_up': 0.493408203125, 'predicted_prob': 0.493408203125, 'expected_rise': 0.0014634273247793317, 'bucket_idx': 0, 'investment_fraction': 0.002680557340567258, 'investment_amount': 182.77439553573814, 'allocated_amount': 182.77439553573814, 'exit_date': Timestamp('2017-07-11 00:00:00')}, {'ticker': 'CELG', 'sector': 'Healthcare', 'prob_up': 0.490478515625, 'predicted_prob': 0.490478515625, 'expected_rise': 0.0031353754457086325, 'bucket_idx': 0, 'investment_fraction': 0.018906761361737134, 'investment_amount': 1289.1617079523717, 'allocated_amount': 1289.1617079523717, 'exit_date': Timestamp('2017-07-11 00:00:00')}, {'ticker': 'CMCSA', 'sector': 'Services', 'prob_up': 0.4765625, 'predicted_prob': 0.4765625, 'expected_rise': 0.0025449255481362343, 'bucket_idx': 0, 'investment_fraction': 0.0036464190702013236, 'investment_amount': 248.63189133831278, 'allocated_amount': 248.63189133831278, 'exit_date': Timestamp('2017-07-11 00:00:00')}, {'ticker': 'BRK-A', 'sector': 'Financial', 'prob_up': 0.47216796875, 'predicted_prob': 0.47216796875, 'expected_rise': 0.0008589413482695818, 'bucket_idx': 0, 'investment_fraction': 0.013609127963573976, 'investment_amount': 927.9414022101695, 'allocated_amount': 927.9414022101695, 'exit_date': Timestamp('2017-07-11 00:00:00')}, {'ticker': 'FB', 'sector': 'Technology', 'prob_up': 0.454833984375, 'predicted_prob': 0.454833984375, 'expected_rise': 0.010093326680362225, 'bucket_idx': 0, 'investment_fraction': 0.010205923700394737, 'investment_amount': 695.8931663177035, 'allocated_amount': 695.8931663177035, 'exit_date': Timestamp('2017-07-11 00:00:00')}]",5,100000.0,1109,True,False,42,/mnt/primary/simulation/trained_models_multiclass,12,12,0.2,0.3,200,5,60,1.0,0.0001,0.3,True,True,0.3,0.7,0.3,0.5,0.5,0.1,3,100.0,0.5,"[[0.08, 0.6], [0.15, 0.35]]",sector,sector,0.14460302093247346,BiGRU,6,corn,20,128,128,1,0.3,0.4,0.002368185640959,2.5898782569408105e-05,64,30,10,0.0038640829279896,7,0.4,5,1.3109464249779392,1.0437863717804818,2.6961818009299283,15,0.3419711337313805,0.7051296774893804,31,0.0665674589000914,2
2017-07-05,59817.13053075301,57056.229699476986,101813.58067905877,101813.58067905877,58.1376311938895,0.0005713466469456918,0,KELLY_ONLY,5707.358537964678,2760.900831276034,False,False,,"[{'date': Timestamp('2017-06-27 00:00:00'), 'exit_date': Timestamp('2017-07-05 00:00:00'), 'ticker': 'NGG', 'sector': 'Utilities', 'allocated_amount': 128.31351906166535, 'prob_up': 0.5322265625, 'expected_rise': 0.0008938927203416824, 'actual_return': -0.029619228496799432, 'pnl': -3.800547440315895, 'exit_reason': 'scheduled'}, {'date': Timestamp('2017-06-27 00:00:00'), 'exit_date': Timestamp('2017-07-05 00:00:00'), 'ticker': 'CELG', 'sector': 'Healthcare', 'allocated_amount': 1187.2002677789076, 'prob_up': 0.496337890625, 'expected_rise': 0.0032433411106467247, 'actual_return': 0.017959426001096235, 'pnl': 21.321435357656924, 'exit_reason': 'scheduled'}, {'date': Timestamp('2017-06-27 00:00:00'), 'exit_date': Timestamp('2017-07-05 00:00:00'), 'ticker': 'SPLP', 'sector': 'Conglomerates', 'allocated_amount': 638.4896532823485, 'prob_up': 0.492919921875, 'expected_rise': 1.6248086467385292e-05, 'actual_return': 0.005405405405405572, 'pnl': 3.4512954231479362, 'exit_reason': 'scheduled'}, {'date': Timestamp('2017-06-27 00:00:00'), 'exit_date': Timestamp('2017-07-05 00:00:00'), 'ticker': 'ORCL', 'sector': 'Technology', 'allocated_amount': 289.5106716248808, 'prob_up': 0.4912109375, 'expected_rise': 0.001218448276631534, 'actual_return': -0.025418738916256123, 'pnl': -7.358996175502805, 'exit_reason': 'scheduled'}, {'date': Timestamp('2017-06-27 00:00:00'), 'exit_date': Timestamp('2017-07-05 00:00:00'), 'ticker': 'BAC', 'sector': 'Financial', 'allocated_amount': 627.9295833651989, 'prob_up': 0.489013671875, 'expected_rise': 0.0015381344128400087, 'actual_return': 0.07090674688440068, 'pnl': 44.52444402890334, 'exit_reason': 'scheduled'}]","[{'ticker': 'NGG', 'sector': 'Utilities', 'prob_up': 0.5400390625, 'predicted_prob': 0.5400390625, 'expected_rise': 0.0009704341646283865, 'bucket_idx': 5, 'investment_fraction': 0.0054257269584877315, 'investment_amount': 324.55141770008623, 'allocated_amount': 324.55141770008623, 'exit_date': Timestamp('2017-07-12 00:00:00')}, {'ticker': 'UPS', 'sector': 'Services', 'prob_up': 0.50048828125, 'predicted_prob': 0.50048828125, 'expected_rise': 0.0029799598269164562, 'bucket_idx': 5, 'investment_fraction': 0.009017803340450159, 'investment_amount': 539.4191195163678, 'allocated_amount': 539.4191195163678, 'exit_date': Timestamp('2017-07-12 00:00:00')}, {'ticker': 'V', 'sector': 'Financial', 'prob_up': 0.49609375, 'predicted_prob': 0.49609375, 'expected_rise': 0.005206654313951731, 'bucket_idx': 0, 'investment_fraction': 0.014085726900961737, 'investment_amount': 842.5677646553675, 'allocated_amount': 842.5677646553675, 'exit_date': Timestamp('2017-07-12 00:00:00')}, {'ticker': 'ORCL', 'sector': 'Technology', 'prob_up': 0.483154296875, 'predicted_prob': 0.483154296875, 'expected_rise': 0.001166285015642643, 'bucket_idx': 0, 'investment_fraction': 0.003303733495783645, 'investment_amount': 197.6198577561113, 'allocated_amount': 197.6198577561113, 'exit_date': Timestamp('2017-07-12 00:00:00')}, {'ticker': 'UNH', 'sector': 'Healthcare', 'prob_up': 0.482666015625, 'predicted_prob': 0.482666015625, 'expected_rise': 0.0032004923559725285, 'bucket_idx': 0, 'investment_fraction': 0.012274653903709055, 'investment_amount': 734.2345747779817, 'allocated_amount': 734.2345747779817, 'exit_date': Timestamp('2017-07-12 00:00:00')}, {'ticker': 'LMT', 'sector': 'Industrial Goods', 'prob_up': 0.455078125, 'predicted_prob': 0.455078125, 'expected_rise': 0.0055435774847865105, 'bucket_idx': 0, 'investment_fraction': 0.002048043692218504, 'investment_amount': 122.50809687011963, 'allocated_amount': 122.50809687011963, 'exit_date': Timestamp('2017-07-12 00:00:00')}]",5,100000.0,1109,True,False,42,/mnt/primary/simulation/trained_models_multiclass,12,12,0.2,0.3,200,5,60,1.0,0.0001,0.3,True,True,0.3,0.7,0.3,0.5,0.5,0.1,3,100.0,0.5,"[[0.08, 0.6], [0.15, 0.35]]",sector,sector,0.14460302093247346,BiGRU,6,corn,20,128,128,1,0.3,0.4,0.002368185640959,2.5898782569408105e-05,64,30,10,0.0038640829279896,7,0.4,5,1.3109464249779392,1.0437863717804818,2.6961818009299283,15,0.3419711337313805,0.7051296774893804,31,0.0665674589000914,2
2017-07-06,68351.56887457505,63547.93447514769,101834.69262472815,101834.69262472815,21.11194566937385,0.0002073588368916024,0,KELLY_ONLY,5016.305280188685,4803.6343994273675,False,False,,"[{'date': Timestamp('2017-06-28 00:00:00'), 'exit_date': Timestamp('2017-07-06 00:00:00'), 'ticker': 'AMGN', 'sector': 'Healthcare', 'allocated_amount': 4943.838492868111, 'prob_up': 0.69970703125, 'expected_rise': 0.00521833635866642, 'actual_return': -0.013500349890834484, 'pnl': -66.74354945749532, 'exit_reason': 'scheduled'}, {'date': Timestamp('2017-06-28 00:00:00'), 'exit_date': Timestamp('2017-07-06 00:00:00'), 'ticker': 'BBL', 'sector': 'Basic Matierials', 'allocated_amount': 2468.482130325589, 'prob_up': 0.6044921875, 'expected_rise': 0.000176125206053257, 'actual_return': 0.043577235772357836, 'pnl': 107.56962779305033, 'exit_reason': 'scheduled'}, {'date': Timestamp('2017-06-28 00:00:00'), 'exit_date': Timestamp('2017-07-06 00:00:00'), 'ticker': 'VZ', 'sector': 'Technology', 'allocated_amount': 639.5170264985418, 'prob_up': 0.541015625, 'expected_rise': 0.0006648767739534378, 'actual_return': -0.02943800178412137, 'pnl': -18.826103367040066, 'exit_reason': 'scheduled'}, {'date': Timestamp('2017-06-28 00:00:00'), 'exit_date': Timestamp('2017-07-06 00:00:00'), 'ticker': 'NGG', 'sector': 'Utilities', 'allocated_amount': 201.81219147534708, 'prob_up': 0.53515625, 'expected_rise': 0.0009204645175486803, 'actual_return': -0.03396760496933482, 'pnl': -6.85507679803035, 'exit_reason': 'scheduled'}, {'date': Timestamp('2017-06-28 00:00:00'), 'exit_date': Timestamp('2017-07-06 00:00:00'), 'ticker': 'BUD', 'sector': 'Consumer Goods', 'allocated_amount': 251.12802821884807, 'prob_up': 0.5048828125, 'expected_rise': 0.001734955352731049, 'actual_return': -0.029287546946900944, 'pnl': -7.354923916142178, 'exit_reason': 'scheduled'}, {'date': Timestamp('2017-06-28 00:00:00'), 'exit_date': Timestamp('2017-07-06 00:00:00'), 'ticker': 'HON', 'sector': 'Industrial Goods', 'allocated_amount': 963.4104507881846, 'prob_up': 0.50146484375, 'expected_rise': 0.0017576445825397968, 'actual_return': -0.004478659367928239, 'pnl': -4.314787240582471, 'exit_reason': 'scheduled'}, {'date': Timestamp('2017-06-28 00:00:00'), 'exit_date': Timestamp('2017-07-06 00:00:00'), 'ticker': 'UPS', 'sector': 'Services', 'allocated_amount': 517.5242529409201, 'prob_up': 0.5, 'expected_rise': 0.002966542961075902, 'actual_return': -0.007630850152055668, 'pnl': -3.949150024246716, 'exit_reason': 'scheduled'}, {'date': Timestamp('2017-06-28 00:00:00'), 'exit_date': Timestamp('2017-07-06 00:00:00'), 'ticker': 'SPLP', 'sector': 'Conglomerates', 'allocated_amount': 667.4646831936785, 'prob_up': 0.49365234375, 'expected_rise': 3.918725997209549e-05, 'actual_return': 0.0, 'pnl': 0.0, 'exit_reason': 'scheduled'}, {'date': Timestamp('2017-06-28 00:00:00'), 'exit_date': Timestamp('2017-07-06 00:00:00'), 'ticker': 'BAC', 'sector': 'Financial', 'allocated_amount': 621.0499731194732, 'prob_up': 0.48779296875, 'expected_rise': 0.001534751383587718, 'actual_return': 0.03475712038346401, 'pnl': 21.58590867986062, 'exit_reason': 'scheduled'}]","[{'ticker': 'NGG', 'sector': 'Utilities', 'prob_up': 0.54541015625, 'predicted_prob': 0.54541015625, 'expected_rise': 0.0010251859202980995, 'bucket_idx': 5, 'investment_fraction': 0.007589162269242178, 'investment_amount': 518.731147546433, 'allocated_amount': 518.731147546433, 'exit_date': Timestamp('2017-07-13 00:00:00')}, {'ticker': 'BUD', 'sector': 'Consumer Goods', 'prob_up': 0.5029296875, 'predicted_prob': 0.5029296875, 'expected_rise': 0.0017159597482532263, 'bucket_idx': 0, 'investment_fraction': 0.0035307377125151974, 'investment_amount': 241.33146193504209, 'allocated_amount': 241.33146193504209, 'exit_date': Timestamp('2017-07-13 00:00:00')}, {'ticker': 'V', 'sector': 'Financial', 'prob_up': 0.497802734375, 'predicted_prob': 0.497802734375, 'expected_rise': 0.005224680062383413, 'bucket_idx': 0, 'investment_fraction': 0.014797118622881146, 'investment_amount': 1011.4062726971177, 'allocated_amount': 1011.4062726971177, 'exit_date': Timestamp('2017-07-13 00:00:00')}, {'ticker': 'SPLP', 'sector': 'Conglomerates', 'prob_up': 0.4931640625, 'predicted_prob': 0.4931640625, 'expected_rise': 3.885873593389988e-05, 'bucket_idx': 0, 'investment_fraction': 0.011005930691346111, 'investment_amount': 752.2726296783432, 'allocated_amount': 752.2726296783432, 'exit_date': Timestamp('2017-07-13 00:00:00')}, {'ticker': 'CELG', 'sector': 'Healthcare', 'prob_up': 0.492431640625, 'predicted_prob': 0.492431640625, 'expected_rise': 0.003163794754073024, 'bucket_idx': 0, 'investment_fraction': 0.01953841557400874, 'investment_amount': 1335.4813578069281, 'allocated_amount': 1335.4813578069281, 'exit_date': Timestamp('2017-07-13 00:00:00')}, {'ticker': 'LMT', 'sector': 'Industrial Goods', 'prob_up': 0.45703125, 'predicted_prob': 0.45703125, 'expected_rise': 0.005582972429692745, 'bucket_idx': 0, 'investment_fraction': 0.002734108414382608, 'investment_amount': 186.88059959622802, 'allocated_amount': 186.88059959622802, 'exit_date': Timestamp('2017-07-13 00:00:00')}, {'ticker': 'FB', 'sector': 'Technology', 'prob_up': 0.45703125, 'predicted_prob': 0.45703125, 'expected_rise': 0.01012338325381279, 'bucket_idx': 0, 'investment_fraction': 0.011082860900491443, 'investment_amount': 757.5309301672758, 'allocated_amount': 757.5309301672758, 'exit_date': Timestamp('2017-07-13 00:00:00')}]",5,100000.0,1109,True,False,42,/mnt/primary/simulation/trained_models_multiclass,12,12,0.2,0.3,200,5,60,1.0,0.0001,0.3,True,True,0.3,0.7,0.3,0.5,0.5,0.1,3,100.0,0.5,"[[0.08, 0.6], [0.15, 0.35]]",sector,sector,0.14460302093247346,BiGRU,6,corn,20,128,128,1,0.3,0.4,0.002368185640959,2.5898782569408105e-05,64,30,10,0.0038640829279896,7,0.4,5,1.3109464249779392,1.0437863717804818,2.6961818009299283,15,0.3419711337313805,0.7051296774893804,31,0.0665674589000914,2
2017-07-07,78559.91908827893,66285.02259831363,102082.83128303947,102082.8312830395,248.1386583113175,0.0024366809769411635,0,KELLY_ONLY,12274.896489965326,12274.896489965327,False,False,,"[{'date': Timestamp('2017-06-29 00:00:00'), 'exit_date': Timestamp('2017-07-07 00:00:00'), 'ticker': 'AMGN', 'sector': 'Healthcare', 'allocated_amount': 3869.8037854120125, 'prob_up': 0.6474609375, 'expected_rise': 0.004250152036547661, 'actual_return': -0.006721148542120692, 'pnl': -26.00952607061508, 'exit_reason': 'scheduled'}, {'date': Timestamp('2017-06-29 00:00:00'), 'exit_date': Timestamp('2017-07-07 00:00:00'), 'ticker': 'BBL', 'sector': 'Basic Matierials', 'allocated_amount': 2782.5393729556436, 'prob_up': 0.61572265625, 'expected_rise': 0.00043700961396098137, 'actual_return': 0.044322193464898074, 'pnl': 123.32824841183621, 'exit_reason': 'scheduled'}, {'date': Timestamp('2017-06-29 00:00:00'), 'exit_date': Timestamp('2017-07-07 00:00:00'), 'ticker': 'TM', 'sector': 'Consumer Goods', 'allocated_amount': 3271.7650255908543, 'prob_up': 0.61572265625, 'expected_rise': 0.000856262631714344, 'actual_return': 0.0395821847645077, 'pnl': 129.50360774899147, 'exit_reason': 'scheduled'}, {'date': Timestamp('2017-06-29 00:00:00'), 'exit_date': Timestamp('2017-07-07 00:00:00'), 'ticker': 'IEP', 'sector': 'Conglomerates', 'allocated_amount': 2683.530530962147, 'prob_up': 0.5556640625, 'expected_rise': 0.007800834719091654, 'actual_return': 0.005873120365187168, 'pnl': 15.76069781199532, 'exit_reason': 'scheduled'}, {'date': Timestamp('2017-06-29 00:00:00'), 'exit_date': Timestamp('2017-07-07 00:00:00'), 'ticker': 'NGG', 'sector': 'Utilities', 'allocated_amount': 317.78773021569606, 'prob_up': 0.53955078125, 'expected_rise': 0.0009640851058065891, 'actual_return': -0.027967614810106456, 'pnl': -8.887764830050616, 'exit_reason': 'scheduled'}, {'date': Timestamp('2017-06-29 00:00:00'), 'exit_date': Timestamp('2017-07-07 00:00:00'), 'ticker': 'HON', 'sector': 'Industrial Goods', 'allocated_amount': 1053.6352243146864, 'prob_up': 0.50439453125, 'expected_rise': 0.0017649244982749224, 'actual_return': 0.013603294322679371, 'pnl': 14.33291006509498, 'exit_reason': 'scheduled'}, {'date': Timestamp('2017-06-29 00:00:00'), 'exit_date': Timestamp('2017-07-07 00:00:00'), 'ticker': 'CMCSA', 'sector': 'Services', 'allocated_amount': 189.83590094462517, 'prob_up': 0.475341796875, 'expected_rise': 0.002537333406507969, 'actual_return': -0.007718008945665211, 'pnl': -1.465155181699032, 'exit_reason': 'scheduled'}, {'date': Timestamp('2017-06-29 00:00:00'), 'exit_date': Timestamp('2017-07-07 00:00:00'), 'ticker': 'FB', 'sector': 'Technology', 'allocated_amount': 594.9483844242634, 'prob_up': 0.454833984375, 'expected_rise': 0.01008586585521698, 'actual_return': 0.002648364794349378, 'pnl': 1.575640355764259, 'exit_reason': 'scheduled'}]","[{'ticker': 'TM', 'sector': 'Consumer Goods', 'prob_up': 0.59033203125, 'predicted_prob': 0.59033203125, 'expected_rise': 0.0004987011197954416, 'bucket_idx': 5, 'investment_fraction': 0.0463673385606361, 'investment_amount': 3642.614365662408, 'allocated_amount': 3642.614365662408, 'exit_date': Timestamp('2017-07-14 00:00:00')}, {'ticker': 'IEP', 'sector': 'Conglomerates', 'prob_up': 0.556640625, 'predicted_prob': 0.556640625, 'expected_rise': 0.007778102997690439, 'bucket_idx': 5, 'investment_fraction': 0.04591804347386996, 'investment_amount': 3607.317779999299, 'allocated_amount': 3607.317779999299, 'exit_date': Timestamp('2017-07-14 00:00:00')}, {'ticker': 'NGG', 'sector': 'Utilities', 'prob_up': 0.5478515625, 'predicted_prob': 0.5478515625, 'expected_rise': 0.0010429236572235823, 'bucket_idx': 5, 'investment_fraction': 0.008471333339663878, 'investment_amount': 665.5072617338341, 'allocated_amount': 665.5072617338341, 'exit_date': Timestamp('2017-07-14 00:00:00')}, {'ticker': 'VZ', 'sector': 'Technology', 'prob_up': 0.5380859375, 'predicted_prob': 0.5380859375, 'expected_rise': 0.0006261919625103474, 'bucket_idx': 5, 'investment_fraction': 0.00994731844811534, 'investment_amount': 781.4605324292855, 'allocated_amount': 781.4605324292855, 'exit_date': Timestamp('2017-07-14 00:00:00')}, {'ticker': 'UPS', 'sector': 'Services', 'prob_up': 0.5029296875, 'predicted_prob': 0.5029296875, 'expected_rise': 0.0030032340437173843, 'bucket_idx': 5, 'investment_fraction': 0.00995973880524953, 'investment_amount': 782.436274680795, 'allocated_amount': 782.436274680795, 'exit_date': Timestamp('2017-07-14 00:00:00')}, {'ticker': 'CELG', 'sector': 'Healthcare', 'prob_up': 0.493408203125, 'predicted_prob': 0.493408203125, 'expected_rise': 0.003191468073055148, 'bucket_idx': 0, 'investment_fraction': 0.019941122797046875, 'investment_amount': 1566.572993465437, 'allocated_amount': 1566.572993465437, 'exit_date': Timestamp('2017-07-14 00:00:00')}, {'ticker': 'BAC', 'sector': 'Financial', 'prob_up': 0.492919921875, 'predicted_prob': 0.492919921875, 'expected_rise': 0.001538323238492012, 'bucket_idx': 0, 'investment_fraction': 0.013372160519799238, 'investment_amount': 1050.5158484709061, 'allocated_amount': 1050.5158484709061, 'exit_date': Timestamp('2017-07-14 00:00:00')}, {'ticker': 'LMT', 'sector': 'Industrial Goods', 'prob_up': 0.4560546875, 'predicted_prob': 0.4560546875, 'expected_rise': 0.005568988621234894, 'bucket_idx': 0, 'investment_fraction': 0.002271787389735092, 'investment_amount': 178.4714335233612, 'allocated_amount': 178.4714335233612, 'exit_date': Timestamp('2017-07-14 00:00:00')}]",5,100000.0,1109,True,False,42,/mnt/primary/simulation/trained_models_multiclass,12,12,0.2,0.3,200,5,60,1.0,0.0001,0.3,True,True,0.3,0.7,0.3,0.5,0.5,0.1,3,100.0,0.5,"[[0.08, 0.6], [0.15, 0.35]]",sector,sector,0.14460302093247346,BiGRU,6,corn,20,128,128,1,0.3,0.4,0.002368185640959,2.5898782569408105e-05,64,30,10,0.0038640829279896,7,0.4,5,1.3109464249779392,1.0437863717804818,2.6961818009299283,15,0.3419711337313805,0.7051296774893804,31,0.0665674589000914,2
2017-07-10,70915.21140872364,61874.67209099873,102052.31524800867,102052.31524800867,-30.516035030837035,-0.00029893405822789543,0,KELLY_ONLY,10533.588105362935,9040.53931772491,False,False,,"[{'date': Timestamp('2017-06-30 00:00:00'), 'exit_date': Timestamp('2017-07-10 00:00:00'), 'ticker': 'IEP', 'sector': 'Conglomerates', 'allocated_amount': 2379.0707652665055, 'prob_up': 0.55615234375, 'expected_rise': 0.00784948281943798, 'actual_return': -0.009097967479674729, 'pnl': -21.644708454239538, 'exit_reason': 'scheduled'}, {'date': Timestamp('2017-06-30 00:00:00'), 'exit_date': Timestamp('2017-07-10 00:00:00'), 'ticker': 'VZ', 'sector': 'Technology', 'allocated_amount': 545.6755087332392, 'prob_up': 0.53955078125, 'expected_rise': 0.0006455343682318926, 'actual_return': -0.03269142409314818, 'pnl': -17.83890947324271, 'exit_reason': 'scheduled'}, {'date': Timestamp('2017-06-30 00:00:00'), 'exit_date': Timestamp('2017-07-10 00:00:00'), 'ticker': 'BUD', 'sector': 'Consumer Goods', 'allocated_amount': 224.20441833382534, 'prob_up': 0.50439453125, 'expected_rise': 0.0017306192312389612, 'actual_return': 0.012685764654895237, 'pnl': 2.8442044855705872, 'exit_reason': 'scheduled'}, {'date': Timestamp('2017-06-30 00:00:00'), 'exit_date': Timestamp('2017-07-10 00:00:00'), 'ticker': 'UNH', 'sector': 'Healthcare', 'allocated_amount': 597.3400234479734, 'prob_up': 0.47998046875, 'expected_rise': 0.0031858847942203283, 'actual_return': 0.00825153174686144, 'pnl': 4.92897016715191, 'exit_reason': 'scheduled'}, {'date': Timestamp('2017-06-30 00:00:00'), 'exit_date': Timestamp('2017-07-10 00:00:00'), 'ticker': 'CMCSA', 'sector': 'Services', 'allocated_amount': 192.24983820901053, 'prob_up': 0.476806640625, 'expected_rise': 0.002546444069594145, 'actual_return': -0.004110997128005889, 'pnl': -0.7903385327368391, 'exit_reason': 'scheduled'}, {'date': Timestamp('2017-06-30 00:00:00'), 'exit_date': Timestamp('2017-07-10 00:00:00'), 'ticker': 'BRK-A', 'sector': 'Financial', 'allocated_amount': 722.1642914502822, 'prob_up': 0.472900390625, 'expected_rise': 0.0008658901788294315, 'actual_return': 0.002748331370239443, 'pnl': 1.9847467766595506, 'exit_reason': 'scheduled'}]","[{'ticker': 'TM', 'sector': 'Consumer Goods', 'prob_up': 0.6005859375, 'predicted_prob': 0.6005859375, 'expected_rise': 0.0006383548025041819, 'bucket_idx': 5, 'investment_fraction': 0.05030775171531785, 'investment_amount': 3567.5848483893446, 'allocated_amount': 3567.5848483893446, 'exit_date': Timestamp('2017-07-17 00:00:00')}, {'ticker': 'IEP', 'sector': 'Conglomerates', 'prob_up': 0.5556640625, 'predicted_prob': 0.5556640625, 'expected_rise': 0.007805383764207363, 'bucket_idx': 5, 'investment_fraction': 0.04547253269976303, 'investment_amount': 3224.694269693794, 'allocated_amount': 3224.694269693794, 'exit_date': Timestamp('2017-07-17 00:00:00')}, {'ticker': 'NEE', 'sector': 'Utilities', 'prob_up': 0.495361328125, 'predicted_prob': 0.495361328125, 'expected_rise': 0.0015006621833890676, 'bucket_idx': 0, 'investment_fraction': 0.0031374466988620454, 'investment_amount': 222.49269593340404, 'allocated_amount': 222.49269593340404, 'exit_date': Timestamp('2017-07-17 00:00:00')}, {'ticker': 'BAC', 'sector': 'Financial', 'prob_up': 0.4912109375, 'predicted_prob': 0.4912109375, 'expected_rise': 0.0014794811140745878, 'bucket_idx': 0, 'investment_fraction': 0.012699899671745686, 'investment_amount': 900.6160700914253, 'allocated_amount': 900.6160700914253, 'exit_date': Timestamp('2017-07-17 00:00:00')}, {'ticker': 'CMCSA', 'sector': 'Services', 'prob_up': 0.47314453125, 'predicted_prob': 0.47314453125, 'expected_rise': 0.002523667411878705, 'bucket_idx': 0, 'investment_fraction': 0.002177867662062871, 'investment_amount': 154.4439456754112, 'allocated_amount': 154.4439456754112, 'exit_date': Timestamp('2017-07-17 00:00:00')}, {'ticker': 'GD', 'sector': 'Industrial Goods', 'prob_up': 0.4638671875, 'predicted_prob': 0.4638671875, 'expected_rise': 0.002577834064140916, 'bucket_idx': 0, 'investment_fraction': 0.002814428701139382, 'investment_amount': 199.58580633607878, 'allocated_amount': 199.58580633607878, 'exit_date': Timestamp('2017-07-17 00:00:00')}, {'ticker': 'FB', 'sector': 'Technology', 'prob_up': 0.456787109375, 'predicted_prob': 0.456787109375, 'expected_rise': 0.010083978995680809, 'bucket_idx': 0, 'investment_fraction': 0.01087385437182229, 'investment_amount': 771.1216816054515, 'allocated_amount': 771.1216816054515, 'exit_date': Timestamp('2017-07-17 00:00:00')}]",5,100000.0,1109,True,False,42,/mnt/primary/simulation/trained_models_multiclass,12,12,0.2,0.3,200,5,60,1.0,0.0001,0.3,True,True,0.3,0.7,0.3,0.5,0.5,0.1,3,100.0,0.5,"[[0.08, 0.6], [0.15, 0.35]]",sector,sector,0.14460302093247346,BiGRU,6,corn,20,128,128,1,0.3,0.4,0.002368185640959,2.5898782569408105e-05,64,30,10,0.0038640829279896,7,0.4,5,1.3109464249779392,1.0437863717804818,2.6961818009299283,15,0.3419711337313805,0.7051296774893804,31,0.0665674589000914,2
2017-07-11,73392.80920392142,63473.945210115126,102272.78024231507,102272.78024231507,220.46499430639992,0.0021603134997048024,0,KELLY_ONLY,10127.132034074084,9918.863993806292,False,False,,"[{'date': Timestamp('2017-07-03 00:00:00'), 'exit_date': Timestamp('2017-07-11 00:00:00'), 'ticker': 'BBL', 'sector': 'Basic Matierials', 'allocated_amount': 2946.4385975955015, 'prob_up': 0.60498046875, 'expected_rise': 0.0001874677836894989, 'actual_return': 0.052648436502871654, 'pnl': 155.12538541511697, 'exit_reason': 'scheduled'}, {'date': Timestamp('2017-07-03 00:00:00'), 'exit_date': Timestamp('2017-07-11 00:00:00'), 'ticker': 'IEP', 'sector': 'Conglomerates', 'allocated_amount': 3129.1905165427384, 'prob_up': 0.556640625, 'expected_rise': 0.007841603830456734, 'actual_return': 0.0031372549019608176, 'pnl': 9.817068287193008, 'exit_reason': 'scheduled'}, {'date': Timestamp('2017-07-03 00:00:00'), 'exit_date': Timestamp('2017-07-11 00:00:00'), 'ticker': 'HON', 'sector': 'Industrial Goods', 'allocated_amount': 1599.1854871165158, 'prob_up': 0.51904296875, 'expected_rise': 0.0018123077461495996, 'actual_return': 0.0038141797419846135, 'pnl': 6.099580888635611, 'exit_reason': 'scheduled'}, {'date': Timestamp('2017-07-03 00:00:00'), 'exit_date': Timestamp('2017-07-11 00:00:00'), 'ticker': 'BUD', 'sector': 'Consumer Goods', 'allocated_amount': 278.4549540072499, 'prob_up': 0.50390625, 'expected_rise': 0.001725842826999724, 'actual_return': 0.005886632962988969, 'pnl': 1.6391621109666548, 'exit_reason': 'scheduled'}, {'date': Timestamp('2017-07-03 00:00:00'), 'exit_date': Timestamp('2017-07-11 00:00:00'), 'ticker': 'NEE', 'sector': 'Utilities', 'allocated_amount': 182.77439553573814, 'prob_up': 0.493408203125, 'expected_rise': 0.0014634273247793317, 'actual_return': 0.008093432462878969, 'pnl': 1.479272226212024, 'exit_reason': 'scheduled'}, {'date': Timestamp('2017-07-03 00:00:00'), 'exit_date': Timestamp('2017-07-11 00:00:00'), 'ticker': 'CELG', 'sector': 'Healthcare', 'allocated_amount': 1289.1617079523717, 'prob_up': 0.490478515625, 'expected_rise': 0.0031353754457086325, 'actual_return': 0.015901114697402186, 'pnl': 20.49910818164956, 'exit_reason': 'scheduled'}, {'date': Timestamp('2017-07-03 00:00:00'), 'exit_date': Timestamp('2017-07-11 00:00:00'), 'ticker': 'CMCSA', 'sector': 'Services', 'allocated_amount': 248.63189133831278, 'prob_up': 0.4765625, 'expected_rise': 0.0025449255481362343, 'actual_return': 0.010688190545146359, 'pnl': 2.6574250302240117, 'exit_reason': 'scheduled'}, {'date': Timestamp('2017-07-03 00:00:00'), 'exit_date': Timestamp('2017-07-11 00:00:00'), 'ticker': 'BRK-A', 'sector': 'Financial', 'allocated_amount': 927.9414022101695, 'prob_up': 0.47216796875, 'expected_rise': 0.0008589413482695818, 'actual_return': -0.009613148306070185, 'pnl': -8.920438318789083, 'exit_reason': 'scheduled'}, {'date': Timestamp('2017-07-03 00:00:00'), 'exit_date': Timestamp('2017-07-11 00:00:00'), 'ticker': 'FB', 'sector': 'Technology', 'allocated_amount': 695.8931663177035, 'prob_up': 0.454833984375, 'expected_rise': 0.010093326680362225, 'actual_return': 0.0460824046525421, 'pnl': 32.06843048519119, 'exit_reason': 'scheduled'}]","[{'ticker': 'TM', 'sector': 'Consumer Goods', 'prob_up': 0.59228515625, 'predicted_prob': 0.59228515625, 'expected_rise': 0.0005273653659969568, 'bucket_idx': 5, 'investment_fraction': 0.047243122676045794, 'investment_amount': 3467.3054887604826, 'allocated_amount': 3467.3054887604826, 'exit_date': Timestamp('2017-07-18 00:00:00')}, {'ticker': 'CHTR', 'sector': 'Services', 'prob_up': 0.51318359375, 'predicted_prob': 0.51318359375, 'expected_rise': 0.004810445010662079, 'bucket_idx': 5, 'investment_fraction': 0.02968673840945132, 'investment_amount': 2178.7931279715867, 'allocated_amount': 2178.7931279715867, 'exit_date': Timestamp('2017-07-18 00:00:00')}, {'ticker': 'CELG', 'sector': 'Healthcare', 'prob_up': 0.499267578125, 'predicted_prob': 0.499267578125, 'expected_rise': 0.003307008184492588, 'bucket_idx': 0, 'investment_fraction': 0.02185404969373137, 'investment_amount': 1603.930099505044, 'allocated_amount': 1603.930099505044, 'exit_date': Timestamp('2017-07-18 00:00:00')}, {'ticker': 'NEE', 'sector': 'Utilities', 'prob_up': 0.4951171875, 'predicted_prob': 0.4951171875, 'expected_rise': 0.0015004065353423357, 'bucket_idx': 0, 'investment_fraction': 0.002952693588869915, 'investment_amount': 216.70647720557167, 'allocated_amount': 216.70647720557167, 'exit_date': Timestamp('2017-07-18 00:00:00')}, {'ticker': 'SPLP', 'sector': 'Conglomerates', 'prob_up': 0.4931640625, 'predicted_prob': 0.4931640625, 'expected_rise': 2.8011156246066093e-05, 'bucket_idx': 0, 'investment_fraction': 0.011281797287210495, 'investment_amount': 828.0027957775582, 'allocated_amount': 828.0027957775582, 'exit_date': Timestamp('2017-07-18 00:00:00')}, {'ticker': 'BAC', 'sector': 'Financial', 'prob_up': 0.487060546875, 'predicted_prob': 0.487060546875, 'expected_rise': 0.001427289331331849, 'bucket_idx': 0, 'investment_fraction': 0.01115075405085374, 'investment_amount': 818.3851645341625, 'allocated_amount': 818.3851645341625, 'exit_date': Timestamp('2017-07-18 00:00:00')}, {'ticker': 'FB', 'sector': 'Technology', 'prob_up': 0.457275390625, 'predicted_prob': 0.457275390625, 'expected_rise': 0.01006657537072897, 'bucket_idx': 0, 'investment_fraction': 0.010978471171653105, 'investment_amount': 805.740840051888, 'allocated_amount': 805.740840051888, 'exit_date': Timestamp('2017-07-18 00:00:00')}]",5,100000.0,1109,True,False,42,/mnt/primary/simulation/trained_models_multiclass,12,12,0.2,0.3,200,5,60,1.0,0.0001,0.3,True,True,0.3,0.7,0.3,0.5,0.5,0.1,3,100.0,0.5,"[[0.08, 0.6], [0.15, 0.35]]",sector,sector,0.14460302093247346,BiGRU,6,corn,20,128,128,1,0.3,0.4,0.002368185640959,2.5898782569408105e-05,64,30,10,0.0038640829279896,7,0.4,5,1.3109464249779392,1.0437863717804818,2.6961818009299283,15,0.3419711337313805,0.7051296774893804,31,0.0665674589000914,2
2017-07-12,66249.20080837475,59976.68246307218,102287.13500929865,102287.13500929865,14.354766983597033,0.00014035764892250668,0,KELLY_ONLY,7007.628103175017,6272.518345302573,False,False,,"[{'date': Timestamp('2017-07-05 00:00:00'), 'exit_date': Timestamp('2017-07-12 00:00:00'), 'ticker': 'NGG', 'sector': 'Utilities', 'allocated_amount': 324.55141770008623, 'prob_up': 0.5400390625, 'expected_rise': 0.0009704341646283865, 'actual_return': -0.015180846743567455, 'pnl': -4.926965332512555, 'exit_reason': 'scheduled'}, {'date': Timestamp('2017-07-05 00:00:00'), 'exit_date': Timestamp('2017-07-12 00:00:00'), 'ticker': 'UPS', 'sector': 'Services', 'allocated_amount': 539.4191195163678, 'prob_up': 0.50048828125, 'expected_rise': 0.0029799598269164562, 'actual_return': 0.00045243396088756604, 'pnl': 0.24405152882127365, 'exit_reason': 'scheduled'}, {'date': Timestamp('2017-07-05 00:00:00'), 'exit_date': Timestamp('2017-07-12 00:00:00'), 'ticker': 'V', 'sector': 'Financial', 'allocated_amount': 842.5677646553675, 'prob_up': 0.49609375, 'expected_rise': 0.005206654313951731, 'actual_return': 0.023082629016431655, 'pnl': 19.448679132743944, 'exit_reason': 'scheduled'}, {'date': Timestamp('2017-07-05 00:00:00'), 'exit_date': Timestamp('2017-07-12 00:00:00'), 'ticker': 'ORCL', 'sector': 'Technology', 'allocated_amount': 197.6198577561113, 'prob_up': 0.483154296875, 'expected_rise': 0.001166285015642643, 'actual_return': 0.020016215528027015, 'pnl': 3.9556016654643646, 'exit_reason': 'scheduled'}, {'date': Timestamp('2017-07-05 00:00:00'), 'exit_date': Timestamp('2017-07-12 00:00:00'), 'ticker': 'UNH', 'sector': 'Healthcare', 'allocated_amount': 734.2345747779817, 'prob_up': 0.482666015625, 'expected_rise': 0.0032004923559725285, 'actual_return': -0.00828684196547147, 'pnl': -6.0844858867702785, 'exit_reason': 'scheduled'}, {'date': Timestamp('2017-07-05 00:00:00'), 'exit_date': Timestamp('2017-07-12 00:00:00'), 'ticker': 'LMT', 'sector': 'Industrial Goods', 'allocated_amount': 122.50809687011963, 'prob_up': 0.455078125, 'expected_rise': 0.0055435774847865105, 'actual_return': 0.01402263131776138, 'pnl': 1.7178858758502844, 'exit_reason': 'scheduled'}]","[{'ticker': 'IEP', 'sector': 'Conglomerates', 'prob_up': 0.5556640625, 'predicted_prob': 0.5556640625, 'expected_rise': 0.007788423448801041, 'bucket_idx': 5, 'investment_fraction': 0.045434381505762046, 'investment_amount': 3009.991463979538, 'allocated_amount': 3009.991463979538, 'exit_date': Timestamp('2017-07-19 00:00:00')}, {'ticker': 'UPS', 'sector': 'Services', 'prob_up': 0.50830078125, 'predicted_prob': 0.50830078125, 'expected_rise': 0.003046569414436817, 'bucket_idx': 5, 'investment_fraction': 0.012161505911500427, 'investment_amount': 805.6900472632284, 'allocated_amount': 805.6900472632284, 'exit_date': Timestamp('2017-07-19 00:00:00')}, {'ticker': 'BUD', 'sector': 'Consumer Goods', 'prob_up': 0.5048828125, 'predicted_prob': 0.5048828125, 'expected_rise': 0.001738916733302176, 'bucket_idx': 0, 'investment_fraction': 0.003910285225852283, 'investment_amount': 259.0532711455089, 'allocated_amount': 259.0532711455089, 'exit_date': Timestamp('2017-07-19 00:00:00')}, {'ticker': 'AEP', 'sector': 'Utilities', 'prob_up': 0.49853515625, 'predicted_prob': 0.49853515625, 'expected_rise': 0.0004907380789518356, 'bucket_idx': 5, 'investment_fraction': 0.0069819833210927554, 'investment_amount': 462.5508150797972, 'allocated_amount': 462.5508150797972, 'exit_date': Timestamp('2017-07-19 00:00:00')}, {'ticker': 'UNH', 'sector': 'Healthcare', 'prob_up': 0.4853515625, 'predicted_prob': 0.4853515625, 'expected_rise': 0.0032177220564335585, 'bucket_idx': 0, 'investment_fraction': 0.013164178785374648, 'investment_amount': 872.1163238296318, 'allocated_amount': 872.1163238296318, 'exit_date': Timestamp('2017-07-19 00:00:00')}, {'ticker': 'GD', 'sector': 'Industrial Goods', 'prob_up': 0.4638671875, 'predicted_prob': 0.4638671875, 'expected_rise': 0.0025711925700306892, 'bucket_idx': 0, 'investment_fraction': 0.0026599281757563654, 'investment_amount': 176.21811585153736, 'allocated_amount': 176.21811585153736, 'exit_date': Timestamp('2017-07-19 00:00:00')}, {'ticker': 'BRK-A', 'sector': 'Financial', 'prob_up': 0.463134765625, 'predicted_prob': 0.463134765625, 'expected_rise': 0.0007956404006108642, 'bucket_idx': 0, 'investment_fraction': 0.010368401426308195, 'investment_amount': 686.8983081533307, 'allocated_amount': 686.8983081533307, 'exit_date': Timestamp('2017-07-19 00:00:00')}]",5,100000.0,1109,True,False,42,/mnt/primary/simulation/trained_models_multiclass,12,12,0.2,0.3,200,5,60,1.0,0.0001,0.3,True,True,0.3,0.7,0.3,0.5,0.5,0.1,3,100.0,0.5,"[[0.08, 0.6], [0.15, 0.35]]",sector,sector,0.14460302093247346,BiGRU,6,corn,20,128,128,1,0.3,0.4,0.002368185640959,2.5898782569408105e-05,64,30,10,0.0038640829279896,7,0.4,5,1.3109464249779392,1.0437863717804818,2.6961818009299283,15,0.3419711337313805,0.7051296774893804,31,0.0665674589000914,2
2017-07-13,64907.01093244011,60161.602532620724,102413.8290792392,102413.8290792392,126.69406994057093,0.0012386119713787558,0,KELLY_ONLY,7732.17578707583,4745.408399819388,False,False,,"[{'date': Timestamp('2017-07-06 00:00:00'), 'exit_date': Timestamp('2017-07-13 00:00:00'), 'ticker': 'NGG', 'sector': 'Utilities', 'allocated_amount': 518.731147546433, 'prob_up': 0.54541015625, 'expected_rise': 0.0010251859202980995, 'actual_return': -0.0019534266644961606, 'pnl': -1.0133032553218944, 'exit_reason': 'scheduled'}, {'date': Timestamp('2017-07-06 00:00:00'), 'exit_date': Timestamp('2017-07-13 00:00:00'), 'ticker': 'BUD', 'sector': 'Consumer Goods', 'allocated_amount': 241.33146193504209, 'prob_up': 0.5029296875, 'expected_rise': 0.0017159597482532263, 'actual_return': 0.02428196001770533, 'pnl': 5.860000909721068, 'exit_reason': 'scheduled'}, {'date': Timestamp('2017-07-06 00:00:00'), 'exit_date': Timestamp('2017-07-13 00:00:00'), 'ticker': 'V', 'sector': 'Financial', 'allocated_amount': 1011.4062726971177, 'prob_up': 0.497802734375, 'expected_rise': 0.005224680062383413, 'actual_return': 0.028847206434316375, 'pnl': 29.176245537456236, 'exit_reason': 'scheduled'}, {'date': Timestamp('2017-07-06 00:00:00'), 'exit_date': Timestamp('2017-07-13 00:00:00'), 'ticker': 'SPLP', 'sector': 'Conglomerates', 'allocated_amount': 752.2726296783432, 'prob_up': 0.4931640625, 'expected_rise': 3.885873593389988e-05, 'actual_return': 0.013513513513513598, 'pnl': 10.1658463470047, 'exit_reason': 'scheduled'}, {'date': Timestamp('2017-07-06 00:00:00'), 'exit_date': Timestamp('2017-07-13 00:00:00'), 'ticker': 'CELG', 'sector': 'Healthcare', 'allocated_amount': 1335.4813578069281, 'prob_up': 0.492431640625, 'expected_rise': 0.003163794754073024, 'actual_return': 0.019098173984801292, 'pnl': 25.50525532485538, 'exit_reason': 'scheduled'}, {'date': Timestamp('2017-07-06 00:00:00'), 'exit_date': Timestamp('2017-07-13 00:00:00'), 'ticker': 'LMT', 'sector': 'Industrial Goods', 'allocated_amount': 186.88059959622802, 'prob_up': 0.45703125, 'expected_rise': 0.005582972429692745, 'actual_return': 0.020643576259226304, 'pnl': 3.8578839091346695, 'exit_reason': 'scheduled'}, {'date': Timestamp('2017-07-06 00:00:00'), 'exit_date': Timestamp('2017-07-13 00:00:00'), 'ticker': 'FB', 'sector': 'Technology', 'allocated_amount': 757.5309301672758, 'prob_up': 0.45703125, 'expected_rise': 0.01012338325381279, 'actual_return': 0.07015177737493317, 'pnl': 53.14214116772077, 'exit_reason': 'scheduled'}]","[{'ticker': 'NGG', 'sector': 'Utilities', 'prob_up': 0.55810546875, 'predicted_prob': 0.55810546875, 'expected_rise': 0.0011731607373803854, 'bucket_idx': 5, 'investment_fraction': 0.012503012113913982, 'investment_amount': 811.5331439662459, 'allocated_amount': 811.5331439662459, 'exit_date': Timestamp('2017-07-20 00:00:00')}, {'ticker': 'HON', 'sector': 'Industrial Goods', 'prob_up': 0.52978515625, 'predicted_prob': 0.52978515625, 'expected_rise': 0.001876321854069829, 'bucket_idx': 0, 'investment_fraction': 0.027300510819542656, 'investment_amount': 1771.9945542252547, 'allocated_amount': 1771.9945542252547, 'exit_date': Timestamp('2017-07-20 00:00:00')}, {'ticker': 'BUD', 'sector': 'Consumer Goods', 'prob_up': 0.50537109375, 'predicted_prob': 0.50537109375, 'expected_rise': 0.001744683482684195, 'bucket_idx': 0, 'investment_fraction': 0.004111191087678268, 'investment_amount': 266.8451248732837, 'allocated_amount': 266.8451248732837, 'exit_date': Timestamp('2017-07-20 00:00:00')}, {'ticker': 'UNH', 'sector': 'Healthcare', 'prob_up': 0.485107421875, 'predicted_prob': 0.485107421875, 'expected_rise': 0.0032135334331542253, 'bucket_idx': 0, 'investment_fraction': 0.013173188921914292, 'investment_amount': 855.0323173697899, 'allocated_amount': 855.0323173697899, 'exit_date': Timestamp('2017-07-20 00:00:00')}, {'ticker': 'TSM', 'sector': 'Technology', 'prob_up': 0.484619140625, 'predicted_prob': 0.484619140625, 'expected_rise': 0.0018278582720085979, 'bucket_idx': 0, 'investment_fraction': 0.003528560626963462, 'investment_amount': 229.02832319009516, 'allocated_amount': 229.02832319009516, 'exit_date': Timestamp('2017-07-20 00:00:00')}, {'ticker': 'CMCSA', 'sector': 'Services', 'prob_up': 0.471923828125, 'predicted_prob': 0.471923828125, 'expected_rise': 0.0025160752702504396, 'bucket_idx': 0, 'investment_fraction': 0.0017017605916881395, 'investment_amount': 110.45619332909783, 'allocated_amount': 110.45619332909783, 'exit_date': Timestamp('2017-07-20 00:00:00')}, {'ticker': 'BRK-A', 'sector': 'Financial', 'prob_up': 0.464111328125, 'predicted_prob': 0.464111328125, 'expected_rise': 0.0008069417672231793, 'bucket_idx': 0, 'investment_fraction': 0.010792651407022447, 'investment_amount': 700.5187428656211, 'allocated_amount': 700.5187428656211, 'exit_date': Timestamp('2017-07-20 00:00:00')}]",5,100000.0,1109,True,False,42,/mnt/primary/simulation/trained_models_multiclass,12,12,0.2,0.3,200,5,60,1.0,0.0001,0.3,True,True,0.3,0.7,0.3,0.5,0.5,0.1,3,100.0,0.5,"[[0.08, 0.6], [0.15, 0.35]]",sector,sector,0.14460302093247346,BiGRU,6,corn,20,128,128,1,0.3,0.4,0.002368185640959,2.5898782569408105e-05,64,30,10,0.0038640829279896,7,0.4,5,1.3109464249779392,1.0437863717804818,2.6961818009299283,15,0.3419711337313805,0.7051296774893804,31,0.0665674589000914,2
2017-07-14,72560.89018638118,63335.24820786162,102538.22024303433,102538.22024303433,124.39116379513574,0.0012145934285776594,0,KELLY_ONLY,9225.641978519547,9225.641978519549,False,False,,"[{'date': Timestamp('2017-07-07 00:00:00'), 'exit_date': Timestamp('2017-07-14 00:00:00'), 'ticker': 'TM', 'sector': 'Consumer Goods', 'allocated_amount': 3642.614365662408, 'prob_up': 0.59033203125, 'expected_rise': 0.0004987011197954416, 'actual_return': 0.015949073329500463, 'pnl': 58.09632362904156, 'exit_reason': 'scheduled'}, {'date': Timestamp('2017-07-07 00:00:00'), 'exit_date': Timestamp('2017-07-14 00:00:00'), 'ticker': 'IEP', 'sector': 'Conglomerates', 'allocated_amount': 3607.317779999299, 'prob_up': 0.556640625, 'expected_rise': 0.007778102997690439, 'actual_return': 0.012650797729645724, 'pnl': 45.635447581325785, 'exit_reason': 'scheduled'}, {'date': Timestamp('2017-07-07 00:00:00'), 'exit_date': Timestamp('2017-07-14 00:00:00'), 'ticker': 'NGG', 'sector': 'Utilities', 'allocated_amount': 665.5072617338341, 'prob_up': 0.5478515625, 'expected_rise': 0.0010429236572235823, 'actual_return': 0.00801049560276268, 'pnl': 5.331042993725509, 'exit_reason': 'scheduled'}, {'date': Timestamp('2017-07-07 00:00:00'), 'exit_date': Timestamp('2017-07-14 00:00:00'), 'ticker': 'VZ', 'sector': 'Technology', 'allocated_amount': 781.4605324292855, 'prob_up': 0.5380859375, 'expected_rise': 0.0006261919625103474, 'actual_return': 0.0018399494020240326, 'pnl': 1.437847839348646, 'exit_reason': 'scheduled'}, {'date': Timestamp('2017-07-07 00:00:00'), 'exit_date': Timestamp('2017-07-14 00:00:00'), 'ticker': 'UPS', 'sector': 'Services', 'allocated_amount': 782.436274680795, 'prob_up': 0.5029296875, 'expected_rise': 0.0030032340437173843, 'actual_return': 0.018575597874450844, 'pnl': 14.534221600853813, 'exit_reason': 'scheduled'}, {'date': Timestamp('2017-07-07 00:00:00'), 'exit_date': Timestamp('2017-07-14 00:00:00'), 'ticker': 'CELG', 'sector': 'Healthcare', 'allocated_amount': 1566.572993465437, 'prob_up': 0.493408203125, 'expected_rise': 0.003191468073055148, 'actual_return': 0.015163013204028575, 'pnl': 23.753966984990992, 'exit_reason': 'scheduled'}, {'date': Timestamp('2017-07-07 00:00:00'), 'exit_date': Timestamp('2017-07-14 00:00:00'), 'ticker': 'BAC', 'sector': 'Financial', 'allocated_amount': 1050.5158484709061, 'prob_up': 0.492919921875, 'expected_rise': 0.001538323238492012, 'actual_return': -0.024969834877164643, 'pnl': -26.23120727216304, 'exit_reason': 'scheduled'}, {'date': Timestamp('2017-07-07 00:00:00'), 'exit_date': Timestamp('2017-07-14 00:00:00'), 'ticker': 'LMT', 'sector': 'Industrial Goods', 'allocated_amount': 178.4714335233612, 'prob_up': 0.4560546875, 'expected_rise': 0.005568988621234894, 'actual_return': 0.010273467309671602, 'pnl': 1.8335204380124799, 'exit_reason': 'scheduled'}]","[{'ticker': 'AMGN', 'sector': 'Healthcare', 'prob_up': 0.6044921875, 'predicted_prob': 0.6044921875, 'expected_rise': 0.003953759558498859, 'bucket_idx': 5, 'investment_fraction': 0.05012066947657051, 'investment_amount': 3636.80039395734, 'allocated_amount': 3636.80039395734, 'exit_date': Timestamp('2017-07-21 00:00:00')}, {'ticker': 'TM', 'sector': 'Consumer Goods', 'prob_up': 0.5712890625, 'predicted_prob': 0.5712890625, 'expected_rise': 0.00019614631310105324, 'bucket_idx': 5, 'investment_fraction': 0.039313036257065226, 'investment_amount': 2852.5889067421317, 'allocated_amount': 2852.5889067421317, 'exit_date': Timestamp('2017-07-21 00:00:00')}, {'ticker': 'V', 'sector': 'Financial', 'prob_up': 0.496826171875, 'predicted_prob': 0.496826171875, 'expected_rise': 0.00524491723626852, 'bucket_idx': 0, 'investment_fraction': 0.014453441171503933, 'investment_amount': 1048.7545576608175, 'allocated_amount': 1048.7545576608175, 'exit_date': Timestamp('2017-07-21 00:00:00')}, {'ticker': 'NEE', 'sector': 'Utilities', 'prob_up': 0.49658203125, 'predicted_prob': 0.49658203125, 'expected_rise': 0.0015214568702504039, 'bucket_idx': 0, 'investment_fraction': 0.0033381573798944688, 'investment_amount': 242.21967106738046, 'allocated_amount': 242.21967106738046, 'exit_date': Timestamp('2017-07-21 00:00:00')}, {'ticker': 'SPLP', 'sector': 'Conglomerates', 'prob_up': 0.49365234375, 'predicted_prob': 0.49365234375, 'expected_rise': 2.4093780666589737e-05, 'bucket_idx': 0, 'investment_fraction': 0.011300214000615094, 'investment_amount': 819.953587181239, 'allocated_amount': 819.953587181239, 'exit_date': Timestamp('2017-07-21 00:00:00')}, {'ticker': 'ORCL', 'sector': 'Technology', 'prob_up': 0.486083984375, 'predicted_prob': 0.486083984375, 'expected_rise': 0.0011996389366686344, 'bucket_idx': 0, 'investment_fraction': 0.004259051575875972, 'investment_amount': 309.0405736952701, 'allocated_amount': 309.0405736952701, 'exit_date': Timestamp('2017-07-21 00:00:00')}, {'ticker': 'CMCSA', 'sector': 'Services', 'prob_up': 0.474609375, 'predicted_prob': 0.474609375, 'expected_rise': 0.0025327783077955246, 'bucket_idx': 0, 'investment_fraction': 0.0027548970110251817, 'investment_amount': 199.89777949178796, 'allocated_amount': 199.89777949178796, 'exit_date': Timestamp('2017-07-21 00:00:00')}, {'ticker': 'LMT', 'sector': 'Industrial Goods', 'prob_up': 0.453857421875, 'predicted_prob': 0.453857421875, 'expected_rise': 0.005553931929171085, 'bucket_idx': 0, 'investment_fraction': 0.00160398402534242, 'investment_amount': 116.38650872358097, 'allocated_amount': 116.38650872358097, 'exit_date': Timestamp('2017-07-21 00:00:00')}]",5,100000.0,1109,True,False,42,/mnt/primary/simulation/trained_models_multiclass,12,12,0.2,0.3,200,5,60,1.0,0.0001,0.3,True,True,0.3,0.7,0.3,0.5,0.5,0.1,3,100.0,0.5,"[[0.08, 0.6], [0.15, 0.35]]",sector,sector,0.14460302093247346,BiGRU,6,corn,20,128,128,1,0.3,0.4,0.002368185640959,2.5898782569408105e-05,64,30,10,0.0038640829279896,7,0.4,5,1.3109464249779392,1.0437863717804818,2.6961818009299283,15,0.3419711337313805,0.7051296774893804,31,0.0665674589000914,2
2017-07-17,72512.042939481,64688.680368719426,102674.47565692881,102674.47565692879,136.25541389448492,0.0013288256181112068,0,KELLY_ONLY,7823.362570761563,7823.362570761563,False,False,,"[{'date': Timestamp('2017-07-10 00:00:00'), 'exit_date': Timestamp('2017-07-17 00:00:00'), 'ticker': 'TM', 'sector': 'Consumer Goods', 'allocated_amount': 3567.5848483893446, 'prob_up': 0.6005859375, 'expected_rise': 0.0006383548025041819, 'actual_return': 0.019497329333789226, 'pnl': 69.55837671528356, 'exit_reason': 'scheduled'}, {'date': Timestamp('2017-07-10 00:00:00'), 'exit_date': Timestamp('2017-07-17 00:00:00'), 'ticker': 'IEP', 'sector': 'Conglomerates', 'allocated_amount': 3224.694269693794, 'prob_up': 0.5556640625, 'expected_rise': 0.007805383764207363, 'actual_return': 0.02051187772048979, 'pnl': 66.14453454592324, 'exit_reason': 'scheduled'}, {'date': Timestamp('2017-07-10 00:00:00'), 'exit_date': Timestamp('2017-07-17 00:00:00'), 'ticker': 'NEE', 'sector': 'Utilities', 'allocated_amount': 222.49269593340404, 'prob_up': 0.495361328125, 'expected_rise': 0.0015006621833890676, 'actual_return': -0.0004254272170846063, 'pnl': -0.09465444845259958, 'exit_reason': 'scheduled'}, {'date': Timestamp('2017-07-10 00:00:00'), 'exit_date': Timestamp('2017-07-17 00:00:00'), 'ticker': 'BAC', 'sector': 'Financial', 'allocated_amount': 900.6160700914253, 'prob_up': 0.4912109375, 'expected_rise': 0.0014794811140745878, 'actual_return': -0.034953757933055773, 'pnl': -31.47991610459567, 'exit_reason': 'scheduled'}, {'date': Timestamp('2017-07-10 00:00:00'), 'exit_date': Timestamp('2017-07-17 00:00:00'), 'ticker': 'CMCSA', 'sector': 'Services', 'allocated_amount': 154.4439456754112, 'prob_up': 0.47314453125, 'expected_rise': 0.002523667411878705, 'actual_return': 0.011351987169865074, 'pnl': 1.7532456897706064, 'exit_reason': 'scheduled'}, {'date': Timestamp('2017-07-10 00:00:00'), 'exit_date': Timestamp('2017-07-17 00:00:00'), 'ticker': 'GD', 'sector': 'Industrial Goods', 'allocated_amount': 199.58580633607878, 'prob_up': 0.4638671875, 'expected_rise': 0.002577834064140916, 'actual_return': -0.004625294512473066, 'pnl': -0.9231431348137773, 'exit_reason': 'scheduled'}, {'date': Timestamp('2017-07-10 00:00:00'), 'exit_date': Timestamp('2017-07-17 00:00:00'), 'ticker': 'FB', 'sector': 'Technology', 'allocated_amount': 771.1216816054515, 'prob_up': 0.456787109375, 'expected_rise': 0.010083978995680809, 'actual_return': 0.040586293159609044, 'pnl': 31.296970631369557, 'exit_reason': 'scheduled'}]","[{'ticker': 'IEP', 'sector': 'Conglomerates', 'prob_up': 0.55810546875, 'predicted_prob': 0.55810546875, 'expected_rise': 0.007775533944368362, 'bucket_idx': 5, 'investment_fraction': 0.04603957784752591, 'investment_amount': 3338.423845795377, 'allocated_amount': 3338.423845795377, 'exit_date': Timestamp('2017-07-24 00:00:00')}, {'ticker': 'BUD', 'sector': 'Consumer Goods', 'prob_up': 0.505859375, 'predicted_prob': 0.505859375, 'expected_rise': 0.001750780502334237, 'bucket_idx': 0, 'investment_fraction': 0.004390564106580819, 'investment_amount': 318.3687730249324, 'allocated_amount': 318.3687730249324, 'exit_date': Timestamp('2017-07-24 00:00:00')}, {'ticker': 'UPS', 'sector': 'Services', 'prob_up': 0.505859375, 'predicted_prob': 0.505859375, 'expected_rise': 0.003024832345545292, 'bucket_idx': 5, 'investment_fraction': 0.01111173089535762, 'investment_amount': 805.7343078161294, 'allocated_amount': 805.7343078161294, 'exit_date': Timestamp('2017-07-24 00:00:00')}, {'ticker': 'NEE', 'sector': 'Utilities', 'prob_up': 0.49560546875, 'predicted_prob': 0.49560546875, 'expected_rise': 0.0015082887839525938, 'bucket_idx': 0, 'investment_fraction': 0.0028833879291022993, 'investment_amount': 209.08034932624713, 'allocated_amount': 209.08034932624713, 'exit_date': Timestamp('2017-07-24 00:00:00')}, {'ticker': 'GE', 'sector': 'Industrial Goods', 'prob_up': 0.489013671875, 'predicted_prob': 0.489013671875, 'expected_rise': 0.0014060130342841148, 'bucket_idx': 0, 'investment_fraction': 0.008167312910370218, 'investment_amount': 592.2285444569428, 'allocated_amount': 592.2285444569428, 'exit_date': Timestamp('2017-07-24 00:00:00')}, {'ticker': 'UNH', 'sector': 'Healthcare', 'prob_up': 0.486572265625, 'predicted_prob': 0.486572265625, 'expected_rise': 0.003221620339900255, 'bucket_idx': 0, 'investment_fraction': 0.013927539352384055, 'investment_amount': 1009.9143315613841, 'allocated_amount': 1009.9143315613841, 'exit_date': Timestamp('2017-07-24 00:00:00')}, {'ticker': 'BRK-A', 'sector': 'Financial', 'prob_up': 0.463623046875, 'predicted_prob': 0.463623046875, 'expected_rise': 0.0008092327043414116, 'bucket_idx': 0, 'investment_fraction': 0.010622524826453927, 'investment_amount': 770.2609763415302, 'allocated_amount': 770.2609763415302, 'exit_date': Timestamp('2017-07-24 00:00:00')}, {'ticker': 'FB', 'sector': 'Technology', 'prob_up': 0.455810546875, 'predicted_prob': 0.455810546875, 'expected_rise': 0.010022575035691261, 'bucket_idx': 0, 'investment_fraction': 0.010747889741425033, 'investment_amount': 779.3514424390194, 'allocated_amount': 779.3514424390194, 'exit_date': Timestamp('2017-07-24 00:00:00')}]",5,100000.0,1109,True,False,42,/mnt/primary/simulation/trained_models_multiclass,12,12,0.2,0.3,200,5,60,1.0,0.0001,0.3,True,True,0.3,0.7,0.3,0.5,0.5,0.1,3,100.0,0.5,"[[0.08, 0.6], [0.15, 0.35]]",sector,sector,0.14460302093247346,BiGRU,6,corn,20,128,128,1,0.3,0.4,0.002368185640959,2.5898782569408105e-05,64,30,10,0.0038640829279896,7,0.4,5,1.3109464249779392,1.0437863717804818,2.6961818009299283,15,0.3419711337313805,0.7051296774893804,31,0.0665674589000914,2
2017-07-18,74737.14895712209,66670.79098861305,102804.08025152516,102804.08025152516,129.60459459637005,0.0012622864033844383,0,KELLY_ONLY,9962.070665587837,8066.35796850903,False,False,,"[{'date': Timestamp('2017-07-11 00:00:00'), 'exit_date': Timestamp('2017-07-18 00:00:00'), 'ticker': 'TM', 'sector': 'Consumer Goods', 'allocated_amount': 3467.3054887604826, 'prob_up': 0.59228515625, 'expected_rise': 0.0005273653659969568, 'actual_return': 0.016541918644690234, 'pnl': 57.355885311363814, 'exit_reason': 'scheduled'}, {'date': Timestamp('2017-07-11 00:00:00'), 'exit_date': Timestamp('2017-07-18 00:00:00'), 'ticker': 'CHTR', 'sector': 'Services', 'allocated_amount': 2178.7931279715867, 'prob_up': 0.51318359375, 'expected_rise': 0.004810445010662079, 'actual_return': 0.020068074232918454, 'pnl': 43.7241822303064, 'exit_reason': 'scheduled'}, {'date': Timestamp('2017-07-11 00:00:00'), 'exit_date': Timestamp('2017-07-18 00:00:00'), 'ticker': 'CELG', 'sector': 'Healthcare', 'allocated_amount': 1603.930099505044, 'prob_up': 0.499267578125, 'expected_rise': 0.003307008184492588, 'actual_return': 0.015274132325141743, 'pnl': 24.498640580117804, 'exit_reason': 'scheduled'}, {'date': Timestamp('2017-07-11 00:00:00'), 'exit_date': Timestamp('2017-07-18 00:00:00'), 'ticker': 'NEE', 'sector': 'Utilities', 'allocated_amount': 216.70647720557167, 'prob_up': 0.4951171875, 'expected_rise': 0.0015004065353423357, 'actual_return': 0.005257584369449342, 'pnl': 1.1393525873144437, 'exit_reason': 'scheduled'}, {'date': Timestamp('2017-07-11 00:00:00'), 'exit_date': Timestamp('2017-07-18 00:00:00'), 'ticker': 'SPLP', 'sector': 'Conglomerates', 'allocated_amount': 828.0027957775582, 'prob_up': 0.4931640625, 'expected_rise': 2.8011156246066093e-05, 'actual_return': -0.015957394465818786, 'pnl': -13.212767231023289, 'exit_reason': 'scheduled'}, {'date': Timestamp('2017-07-11 00:00:00'), 'exit_date': Timestamp('2017-07-18 00:00:00'), 'ticker': 'BAC', 'sector': 'Financial', 'allocated_amount': 818.3851645341625, 'prob_up': 0.487060546875, 'expected_rise': 0.001427289331331849, 'actual_return': -0.028455284552845628, 'pnl': -23.287382730646982, 'exit_reason': 'scheduled'}, {'date': Timestamp('2017-07-11 00:00:00'), 'exit_date': Timestamp('2017-07-18 00:00:00'), 'ticker': 'FB', 'sector': 'Technology', 'allocated_amount': 805.740840051888, 'prob_up': 0.457275390625, 'expected_rise': 0.01006657537072897, 'actual_return': 0.048882571034132294, 'pnl': 39.38668384893784, 'exit_reason': 'scheduled'}]","[{'ticker': 'TM', 'sector': 'Consumer Goods', 'prob_up': 0.56396484375, 'predicted_prob': 0.56396484375, 'expected_rise': 0.00010043103247880936, 'bucket_idx': 5, 'investment_fraction': 0.036517297497654554, 'investment_amount': 2729.19870259375, 'allocated_amount': 2729.19870259375, 'exit_date': Timestamp('2017-07-25 00:00:00')}, {'ticker': 'IEP', 'sector': 'Conglomerates', 'prob_up': 0.55712890625, 'predicted_prob': 0.55712890625, 'expected_rise': 0.007773303892463446, 'bucket_idx': 5, 'investment_fraction': 0.04563490919399613, 'investment_amount': 3410.623006076429, 'allocated_amount': 3410.623006076429, 'exit_date': Timestamp('2017-07-25 00:00:00')}, {'ticker': 'UPS', 'sector': 'Services', 'prob_up': 0.5048828125, 'predicted_prob': 0.5048828125, 'expected_rise': 0.0030215601436793804, 'bucket_idx': 5, 'investment_fraction': 0.010735828794863955, 'investment_amount': 802.365235819908, 'allocated_amount': 802.365235819908, 'exit_date': Timestamp('2017-07-25 00:00:00')}, {'ticker': 'GE', 'sector': 'Industrial Goods', 'prob_up': 0.491455078125, 'predicted_prob': 0.491455078125, 'expected_rise': 0.001406864495947957, 'bucket_idx': 0, 'investment_fraction': 0.009166815402745221, 'investment_amount': 685.1016482174107, 'allocated_amount': 685.1016482174107, 'exit_date': Timestamp('2017-07-25 00:00:00')}, {'ticker': 'AEP', 'sector': 'Utilities', 'prob_up': 0.489013671875, 'predicted_prob': 0.489013671875, 'expected_rise': 0.0004335360135883093, 'bucket_idx': 5, 'investment_fraction': 0.0034181717257368073, 'investment_amount': 255.46440942741484, 'allocated_amount': 255.46440942741484, 'exit_date': Timestamp('2017-07-25 00:00:00')}, {'ticker': 'TSM', 'sector': 'Technology', 'prob_up': 0.481201171875, 'predicted_prob': 0.481201171875, 'expected_rise': 0.0017963728168979287, 'bucket_idx': 0, 'investment_fraction': 0.0024566760832615553, 'investment_amount': 183.60496637411813, 'allocated_amount': 183.60496637411813, 'exit_date': Timestamp('2017-07-25 00:00:00')}]",5,100000.0,1109,True,False,42,/mnt/primary/simulation/trained_models_multiclass,12,12,0.2,0.3,200,5,60,1.0,0.0001,0.3,True,True,0.3,0.7,0.3,0.5,0.5,0.1,3,100.0,0.5,"[[0.08, 0.6], [0.15, 0.35]]",sector,sector,0.14460302093247346,BiGRU,6,corn,20,128,128,1,0.3,0.4,0.002368185640959,2.5898782569408105e-05,64,30,10,0.0038640829279896,7,0.4,5,1.3109464249779392,1.0437863717804818,2.6961818009299283,15,0.3419711337313805,0.7051296774893804,31,0.0665674589000914,2
2017-07-19,73047.06840048409,63316.46711893032,102907.83931809361,102907.83931809363,103.75906656846344,0.0010092893814583892,0,KELLY_ONLY,9730.60128155378,9730.60128155378,False,False,,"[{'date': Timestamp('2017-07-12 00:00:00'), 'exit_date': Timestamp('2017-07-19 00:00:00'), 'ticker': 'IEP', 'sector': 'Conglomerates', 'allocated_amount': 3009.991463979538, 'prob_up': 0.5556640625, 'expected_rise': 0.007788423448801041, 'actual_return': 0.02203590136575473, 'pnl': 66.32787501201678, 'exit_reason': 'scheduled'}, {'date': Timestamp('2017-07-12 00:00:00'), 'exit_date': Timestamp('2017-07-19 00:00:00'), 'ticker': 'UPS', 'sector': 'Services', 'allocated_amount': 805.6900472632284, 'prob_up': 0.50830078125, 'expected_rise': 0.003046569414436817, 'actual_return': 0.021886569593922545, 'pnl': 17.633791290557394, 'exit_reason': 'scheduled'}, {'date': Timestamp('2017-07-12 00:00:00'), 'exit_date': Timestamp('2017-07-19 00:00:00'), 'ticker': 'BUD', 'sector': 'Consumer Goods', 'allocated_amount': 259.0532711455089, 'prob_up': 0.5048828125, 'expected_rise': 0.001738916733302176, 'actual_return': 0.02044259140622895, 'pnl': 5.2957201744746785, 'exit_reason': 'scheduled'}, {'date': Timestamp('2017-07-12 00:00:00'), 'exit_date': Timestamp('2017-07-19 00:00:00'), 'ticker': 'AEP', 'sector': 'Utilities', 'allocated_amount': 462.5508150797972, 'prob_up': 0.49853515625, 'expected_rise': 0.0004907380789518356, 'actual_return': -0.004928192634532369, 'pnl': -2.2795395199732003, 'exit_reason': 'scheduled'}, {'date': Timestamp('2017-07-12 00:00:00'), 'exit_date': Timestamp('2017-07-19 00:00:00'), 'ticker': 'UNH', 'sector': 'Healthcare', 'allocated_amount': 872.1163238296318, 'prob_up': 0.4853515625, 'expected_rise': 0.0032177220564335585, 'actual_return': 0.013391183101492565, 'pnl': 11.678669378203184, 'exit_reason': 'scheduled'}, {'date': Timestamp('2017-07-12 00:00:00'), 'exit_date': Timestamp('2017-07-19 00:00:00'), 'ticker': 'GD', 'sector': 'Industrial Goods', 'allocated_amount': 176.21811585153736, 'prob_up': 0.4638671875, 'expected_rise': 0.0025711925700306892, 'actual_return': 0.006116030997384447, 'pnl': 1.0777554588486862, 'exit_reason': 'scheduled'}, {'date': Timestamp('2017-07-12 00:00:00'), 'exit_date': Timestamp('2017-07-19 00:00:00'), 'ticker': 'BRK-A', 'sector': 'Financial', 'allocated_amount': 686.8983081533307, 'prob_up': 0.463134765625, 'expected_rise': 0.0007956404006108642, 'actual_return': 0.005859375, 'pnl': 4.0247947743359225, 'exit_reason': 'scheduled'}]","[{'ticker': 'AMGN', 'sector': 'Healthcare', 'prob_up': 0.638671875, 'predicted_prob': 0.638671875, 'expected_rise': 0.004592769779264927, 'bucket_idx': 5, 'investment_fraction': 0.06309567757224253, 'investment_amount': 4608.95427539449, 'allocated_amount': 4608.95427539449, 'exit_date': Timestamp('2017-07-26 00:00:00')}, {'ticker': 'NGG', 'sector': 'Utilities', 'prob_up': 0.56591796875, 'predicted_prob': 0.56591796875, 'expected_rise': 0.0012435170356184244, 'bucket_idx': 5, 'investment_fraction': 0.01600175104303757, 'investment_amount': 1168.8810029682832, 'allocated_amount': 1168.8810029682832, 'exit_date': Timestamp('2017-07-26 00:00:00')}, {'ticker': 'BUD', 'sector': 'Consumer Goods', 'prob_up': 0.50341796875, 'predicted_prob': 0.50341796875, 'expected_rise': 0.0017239272128790617, 'bucket_idx': 0, 'investment_fraction': 0.0034880157663671474, 'investment_amount': 254.78932626778794, 'allocated_amount': 254.78932626778794, 'exit_date': Timestamp('2017-07-26 00:00:00')}, {'ticker': 'UPS', 'sector': 'Services', 'prob_up': 0.5029296875, 'predicted_prob': 0.5029296875, 'expected_rise': 0.003015014808624983, 'bucket_idx': 5, 'investment_fraction': 0.00998219294779288, 'investment_amount': 729.1699310442564, 'allocated_amount': 729.1699310442564, 'exit_date': Timestamp('2017-07-26 00:00:00')}, {'ticker': 'SPLP', 'sector': 'Conglomerates', 'prob_up': 0.4921875, 'predicted_prob': 0.4921875, 'expected_rise': 3.1896866858005524e-05, 'bucket_idx': 0, 'investment_fraction': 0.010739042779563125, 'investment_amount': 784.4555924744724, 'allocated_amount': 784.4555924744724, 'exit_date': Timestamp('2017-07-26 00:00:00')}, {'ticker': 'GE', 'sector': 'Industrial Goods', 'prob_up': 0.4912109375, 'predicted_prob': 0.4912109375, 'expected_rise': 0.0014066094299778342, 'bucket_idx': 0, 'investment_fraction': 0.009075041377412541, 'investment_amount': 662.9051682330772, 'allocated_amount': 662.9051682330772, 'exit_date': Timestamp('2017-07-26 00:00:00')}, {'ticker': 'BAC', 'sector': 'Financial', 'prob_up': 0.48291015625, 'predicted_prob': 0.48291015625, 'expected_rise': 0.0013968546409159899, 'bucket_idx': 0, 'investment_fraction': 0.00985583702888978, 'investment_amount': 719.9400015933356, 'allocated_amount': 719.9400015933356, 'exit_date': Timestamp('2017-07-26 00:00:00')}, {'ticker': 'FB', 'sector': 'Technology', 'prob_up': 0.456298828125, 'predicted_prob': 0.456298828125, 'expected_rise': 0.010055492632091045, 'bucket_idx': 0, 'investment_fraction': 0.010972459280416048, 'investment_amount': 801.5059835780775, 'allocated_amount': 801.5059835780775, 'exit_date': Timestamp('2017-07-26 00:00:00')}]",5,100000.0,1109,True,False,42,/mnt/primary/simulation/trained_models_multiclass,12,12,0.2,0.3,200,5,60,1.0,0.0001,0.3,True,True,0.3,0.7,0.3,0.5,0.5,0.1,3,100.0,0.5,"[[0.08, 0.6], [0.15, 0.35]]",sector,sector,0.14460302093247346,BiGRU,6,corn,20,128,128,1,0.3,0.4,0.002368185640959,2.5898782569408105e-05,64,30,10,0.0038640829279896,7,0.4,5,1.3109464249779392,1.0437863717804818,2.6961818009299283,15,0.3419711337313805,0.7051296774893804,31,0.0665674589000914,2
2017-07-20,68114.75451086764,60226.50790356278,102960.71831021155,102960.71831021155,52.87899211795032,0.0005138480456718941,0,KELLY_ONLY,8422.166464696362,7888.246607304854,False,False,,"[{'date': Timestamp('2017-07-13 00:00:00'), 'exit_date': Timestamp('2017-07-20 00:00:00'), 'ticker': 'NGG', 'sector': 'Utilities', 'allocated_amount': 811.5331439662459, 'prob_up': 0.55810546875, 'expected_rise': 0.0011731607373803854, 'actual_return': 0.02413961793933095, 'pnl': 19.590100040449236, 'exit_reason': 'scheduled'}, {'date': Timestamp('2017-07-13 00:00:00'), 'exit_date': Timestamp('2017-07-20 00:00:00'), 'ticker': 'HON', 'sector': 'Industrial Goods', 'allocated_amount': 1771.9945542252547, 'prob_up': 0.52978515625, 'expected_rise': 0.001876321854069829, 'actual_return': -0.0028079878399766, 'pnl': -4.975739160769272, 'exit_reason': 'scheduled'}, {'date': Timestamp('2017-07-13 00:00:00'), 'exit_date': Timestamp('2017-07-20 00:00:00'), 'ticker': 'BUD', 'sector': 'Consumer Goods', 'allocated_amount': 266.8451248732837, 'prob_up': 0.50537109375, 'expected_rise': 0.001744683482684195, 'actual_return': 0.021760273637498218, 'pnl': 5.806622936075034, 'exit_reason': 'scheduled'}, {'date': Timestamp('2017-07-13 00:00:00'), 'exit_date': Timestamp('2017-07-20 00:00:00'), 'ticker': 'UNH', 'sector': 'Healthcare', 'allocated_amount': 855.0323173697899, 'prob_up': 0.485107421875, 'expected_rise': 0.0032135334331542253, 'actual_return': 0.032456351789009075, 'pnl': 27.751229683525555, 'exit_reason': 'scheduled'}, {'date': Timestamp('2017-07-13 00:00:00'), 'exit_date': Timestamp('2017-07-20 00:00:00'), 'ticker': 'TSM', 'sector': 'Technology', 'allocated_amount': 229.02832319009516, 'prob_up': 0.484619140625, 'expected_rise': 0.0018278582720085979, 'actual_return': -0.0013832364379952056, 'pnl': -0.316800321969482, 'exit_reason': 'scheduled'}, {'date': Timestamp('2017-07-13 00:00:00'), 'exit_date': Timestamp('2017-07-20 00:00:00'), 'ticker': 'CMCSA', 'sector': 'Services', 'allocated_amount': 110.45619332909783, 'prob_up': 0.471923828125, 'expected_rise': 0.0025160752702504396, 'actual_return': 0.004579012857313325, 'pnl': 0.5057803294238252, 'exit_reason': 'scheduled'}, {'date': Timestamp('2017-07-13 00:00:00'), 'exit_date': Timestamp('2017-07-20 00:00:00'), 'ticker': 'BRK-A', 'sector': 'Financial', 'allocated_amount': 700.5187428656211, 'prob_up': 0.464111328125, 'expected_rise': 0.0008069417672231793, 'actual_return': 0.006449218750000041, 'pnl': 4.517798611215421, 'exit_reason': 'scheduled'}]","[{'ticker': 'NGG', 'sector': 'Utilities', 'prob_up': 0.56103515625, 'predicted_prob': 0.56103515625, 'expected_rise': 0.0011800751090049744, 'bucket_idx': 5, 'investment_fraction': 0.013975719492068928, 'investment_amount': 951.9527023150229, 'allocated_amount': 951.9527023150229, 'exit_date': Timestamp('2017-07-27 00:00:00')}, {'ticker': 'IEP', 'sector': 'Conglomerates', 'prob_up': 0.55615234375, 'predicted_prob': 0.55615234375, 'expected_rise': 0.007763071916997433, 'bucket_idx': 5, 'investment_fraction': 0.04516674230971504, 'investment_amount': 3076.521564481859, 'allocated_amount': 3076.521564481859, 'exit_date': Timestamp('2017-07-27 00:00:00')}, {'ticker': 'CELG', 'sector': 'Healthcare', 'prob_up': 0.50537109375, 'predicted_prob': 0.50537109375, 'expected_rise': 0.003435528837144375, 'bucket_idx': 0, 'investment_fraction': 0.02352205035626749, 'investment_amount': 1602.1986856094268, 'allocated_amount': 1602.1986856094268, 'exit_date': Timestamp('2017-07-27 00:00:00')}, {'ticker': 'V', 'sector': 'Financial', 'prob_up': 0.50341796875, 'predicted_prob': 0.50341796875, 'expected_rise': 0.005255551543086767, 'bucket_idx': 0, 'investment_fraction': 0.016948221476842783, 'investment_amount': 1154.4239452909608, 'allocated_amount': 1154.4239452909608, 'exit_date': Timestamp('2017-07-27 00:00:00')}, {'ticker': 'BUD', 'sector': 'Consumer Goods', 'prob_up': 0.5, 'predicted_prob': 0.5, 'expected_rise': 0.0016865308862179518, 'bucket_idx': 0, 'investment_fraction': 0.0021256595277912792, 'investment_amount': 144.7887769091898, 'allocated_amount': 144.7887769091898, 'exit_date': Timestamp('2017-07-27 00:00:00')}, {'ticker': 'HD', 'sector': 'Services', 'prob_up': 0.461181640625, 'predicted_prob': 0.461181640625, 'expected_rise': 0.0024981284514069557, 'bucket_idx': 0, 'investment_fraction': 0.0033633186600274035, 'investment_amount': 229.0916248695869, 'allocated_amount': 229.0916248695869, 'exit_date': Timestamp('2017-07-27 00:00:00')}, {'ticker': 'FB', 'sector': 'Technology', 'prob_up': 0.45556640625, 'predicted_prob': 0.45556640625, 'expected_rise': 0.010050628334283829, 'bucket_idx': 0, 'investment_fraction': 0.010706480748050763, 'investment_amount': 729.2693078288082, 'allocated_amount': 729.2693078288082, 'exit_date': Timestamp('2017-07-27 00:00:00')}]",5,100000.0,1109,True,False,42,/mnt/primary/simulation/trained_models_multiclass,12,12,0.2,0.3,200,5,60,1.0,0.0001,0.3,True,True,0.3,0.7,0.3,0.5,0.5,0.1,3,100.0,0.5,"[[0.08, 0.6], [0.15, 0.35]]",sector,sector,0.14460302093247346,BiGRU,6,corn,20,128,128,1,0.3,0.4,0.002368185640959,2.5898782569408105e-05,64,30,10,0.0038640829279896,7,0.4,5,1.3109464249779392,1.0437863717804818,2.6961818009299283,15,0.3419711337313805,0.7051296774893804,31,0.0665674589000914,2
2017-07-21,69538.84425693133,63779.744900251506,103047.41268506055,103047.41268506055,86.69437484898994,0.000842014083349607,0,KELLY_ONLY,9627.471743022388,5759.099356679824,False,False,,"[{'date': Timestamp('2017-07-14 00:00:00'), 'exit_date': Timestamp('2017-07-21 00:00:00'), 'ticker': 'AMGN', 'sector': 'Healthcare', 'allocated_amount': 3636.80039395734, 'prob_up': 0.6044921875, 'expected_rise': 0.003953759558498859, 'actual_return': 0.017388369632801437, 'pnl': 63.23802953084812, 'exit_reason': 'scheduled'}, {'date': Timestamp('2017-07-14 00:00:00'), 'exit_date': Timestamp('2017-07-21 00:00:00'), 'ticker': 'TM', 'sector': 'Consumer Goods', 'allocated_amount': 2852.5889067421317, 'prob_up': 0.5712890625, 'expected_rise': 0.00019614631310105324, 'actual_return': -0.00807621619082266, 'pnl': -23.038124714391916, 'exit_reason': 'scheduled'}, {'date': Timestamp('2017-07-14 00:00:00'), 'exit_date': Timestamp('2017-07-21 00:00:00'), 'ticker': 'V', 'sector': 'Financial', 'allocated_amount': 1048.7545576608175, 'prob_up': 0.496826171875, 'expected_rise': 0.00524491723626852, 'actual_return': 0.027545630867636284, 'pnl': 28.88860591607605, 'exit_reason': 'scheduled'}, {'date': Timestamp('2017-07-14 00:00:00'), 'exit_date': Timestamp('2017-07-21 00:00:00'), 'ticker': 'NEE', 'sector': 'Utilities', 'allocated_amount': 242.21967106738046, 'prob_up': 0.49658203125, 'expected_rise': 0.0015214568702504039, 'actual_return': 0.019130247942108047, 'pnl': 4.633722363974843, 'exit_reason': 'scheduled'}, {'date': Timestamp('2017-07-14 00:00:00'), 'exit_date': Timestamp('2017-07-21 00:00:00'), 'ticker': 'SPLP', 'sector': 'Conglomerates', 'allocated_amount': 819.953587181239, 'prob_up': 0.49365234375, 'expected_rise': 2.4093780666589737e-05, 'actual_return': 0.010869565217391353, 'pnl': 8.912538991100464, 'exit_reason': 'scheduled'}, {'date': Timestamp('2017-07-14 00:00:00'), 'exit_date': Timestamp('2017-07-21 00:00:00'), 'ticker': 'ORCL', 'sector': 'Technology', 'allocated_amount': 309.0405736952701, 'prob_up': 0.486083984375, 'expected_rise': 0.0011996389366686344, 'actual_return': 0.004746795792191616, 'pnl': 1.4669524948331911, 'exit_reason': 'scheduled'}, {'date': Timestamp('2017-07-14 00:00:00'), 'exit_date': Timestamp('2017-07-21 00:00:00'), 'ticker': 'CMCSA', 'sector': 'Services', 'allocated_amount': 199.89777949178796, 'prob_up': 0.474609375, 'expected_rise': 0.0025327783077955246, 'actual_return': 0.010969387475270764, 'pnl': 2.1927561986916557, 'exit_reason': 'scheduled'}, {'date': Timestamp('2017-07-14 00:00:00'), 'exit_date': Timestamp('2017-07-21 00:00:00'), 'ticker': 'LMT', 'sector': 'Industrial Goods', 'allocated_amount': 116.38650872358097, 'prob_up': 0.453857421875, 'expected_rise': 0.005553931929171085, 'actual_return': 0.0034359142845954427, 'pnl': 0.39989406785754394, 'exit_reason': 'scheduled'}]","[{'ticker': 'NGG', 'sector': 'Utilities', 'prob_up': 0.556640625, 'predicted_prob': 0.556640625, 'expected_rise': 0.0011327543761581182, 'bucket_idx': 5, 'investment_fraction': 0.012180447459353672, 'investment_amount': 847.0142388557299, 'allocated_amount': 847.0142388557299, 'exit_date': Timestamp('2017-07-28 00:00:00')}, {'ticker': 'CHTR', 'sector': 'Services', 'prob_up': 0.51318359375, 'predicted_prob': 0.51318359375, 'expected_rise': 0.004824915435165167, 'bucket_idx': 5, 'investment_fraction': 0.02942692785443456, 'investment_amount': 2046.3145530294794, 'allocated_amount': 2046.3145530294794, 'exit_date': Timestamp('2017-07-28 00:00:00')}, {'ticker': 'HON', 'sector': 'Industrial Goods', 'prob_up': 0.505859375, 'predicted_prob': 0.505859375, 'expected_rise': 0.0017881165258586407, 'bucket_idx': 0, 'investment_fraction': 0.018364019516560828, 'investment_amount': 1277.012693093371, 'allocated_amount': 1277.012693093371, 'exit_date': Timestamp('2017-07-28 00:00:00')}, {'ticker': 'UNH', 'sector': 'Healthcare', 'prob_up': 0.483642578125, 'predicted_prob': 0.483642578125, 'expected_rise': 0.003221180522814393, 'bucket_idx': 0, 'investment_fraction': 0.012915618668501072, 'investment_amount': 898.1371950708109, 'allocated_amount': 898.1371950708109, 'exit_date': Timestamp('2017-07-28 00:00:00')}, {'ticker': 'BAC', 'sector': 'Financial', 'prob_up': 0.48291015625, 'predicted_prob': 0.48291015625, 'expected_rise': 0.0014496135991066694, 'bucket_idx': 0, 'investment_fraction': 0.009931437371589547, 'investment_amount': 690.620676630433, 'allocated_amount': 690.620676630433, 'exit_date': Timestamp('2017-07-28 00:00:00')}]",5,100000.0,1109,True,False,42,/mnt/primary/simulation/trained_models_multiclass,12,12,0.2,0.3,200,5,60,1.0,0.0001,0.3,True,True,0.3,0.7,0.3,0.5,0.5,0.1,3,100.0,0.5,"[[0.08, 0.6], [0.15, 0.35]]",sector,sector,0.14460302093247346,BiGRU,6,corn,20,128,128,1,0.3,0.4,0.002368185640959,2.5898782569408105e-05,64,30,10,0.0038640829279896,7,0.4,5,1.3109464249779392,1.0437863717804818,2.6961818009299283,15,0.3419711337313805,0.7051296774893804,31,0.0665674589000914,2
2017-07-24,71677.1904180545,62101.122979632266,103121.49563210199,103121.49563210199,74.0829470414409,0.0007189209812366038,0,KELLY_ONLY,10288.396416672296,9576.067438422237,False,False,,"[{'date': Timestamp('2017-07-17 00:00:00'), 'exit_date': Timestamp('2017-07-24 00:00:00'), 'ticker': 'IEP', 'sector': 'Conglomerates', 'allocated_amount': 3338.423845795377, 'prob_up': 0.55810546875, 'expected_rise': 0.007775533944368362, 'actual_return': 0.012633996453522478, 'pnl': 42.177635028133665, 'exit_reason': 'scheduled'}, {'date': Timestamp('2017-07-17 00:00:00'), 'exit_date': Timestamp('2017-07-24 00:00:00'), 'ticker': 'BUD', 'sector': 'Consumer Goods', 'allocated_amount': 318.3687730249324, 'prob_up': 0.505859375, 'expected_rise': 0.001750780502334237, 'actual_return': -0.0036781241145787957, 'pnl': -1.170999861391867, 'exit_reason': 'scheduled'}, {'date': Timestamp('2017-07-17 00:00:00'), 'exit_date': Timestamp('2017-07-24 00:00:00'), 'ticker': 'UPS', 'sector': 'Services', 'allocated_amount': 805.7343078161294, 'prob_up': 0.505859375, 'expected_rise': 0.003024832345545292, 'actual_return': 0.0010711684465871674, 'pnl': 0.8630771668653899, 'exit_reason': 'scheduled'}, {'date': Timestamp('2017-07-17 00:00:00'), 'exit_date': Timestamp('2017-07-24 00:00:00'), 'ticker': 'NEE', 'sector': 'Utilities', 'allocated_amount': 209.08034932624713, 'prob_up': 0.49560546875, 'expected_rise': 0.0015082887839525938, 'actual_return': 0.015464233415164674, 'pnl': 3.233267324505254, 'exit_reason': 'scheduled'}, {'date': Timestamp('2017-07-17 00:00:00'), 'exit_date': Timestamp('2017-07-24 00:00:00'), 'ticker': 'GE', 'sector': 'Industrial Goods', 'allocated_amount': 592.2285444569428, 'prob_up': 0.489013671875, 'expected_rise': 0.0014060130342841148, 'actual_return': -0.05182699478001496, 'pnl': -30.69342568214583, 'exit_reason': 'scheduled'}, {'date': Timestamp('2017-07-17 00:00:00'), 'exit_date': Timestamp('2017-07-24 00:00:00'), 'ticker': 'UNH', 'sector': 'Healthcare', 'allocated_amount': 1009.9143315613841, 'prob_up': 0.486572265625, 'expected_rise': 0.003221620339900255, 'actual_return': 0.024362719902461194, 'pnl': 24.604259985311327, 'exit_reason': 'scheduled'}, {'date': Timestamp('2017-07-17 00:00:00'), 'exit_date': Timestamp('2017-07-24 00:00:00'), 'ticker': 'BRK-A', 'sector': 'Financial', 'allocated_amount': 770.2609763415302, 'prob_up': 0.463623046875, 'expected_rise': 0.0008092327043414116, 'actual_return': 0.005811865729898447, 'pnl': 4.4766533714774575, 'exit_reason': 'scheduled'}, {'date': Timestamp('2017-07-17 00:00:00'), 'exit_date': Timestamp('2017-07-24 00:00:00'), 'ticker': 'FB', 'sector': 'Technology', 'allocated_amount': 779.3514424390194, 'prob_up': 0.455810546875, 'expected_rise': 0.010022575035691261, 'actual_return': 0.03925376671267178, 'pnl': 30.592479708685513, 'exit_reason': 'scheduled'}]","[{'ticker': 'IEP', 'sector': 'Conglomerates', 'prob_up': 0.55322265625, 'predicted_prob': 0.55322265625, 'expected_rise': 0.007684363983571529, 'bucket_idx': 5, 'investment_fraction': 0.044025733730947814, 'investment_amount': 3155.640899927712, 'allocated_amount': 3155.640899927712, 'exit_date': Timestamp('2017-07-31 00:00:00')}, {'ticker': 'CHTR', 'sector': 'Services', 'prob_up': 0.51318359375, 'predicted_prob': 0.51318359375, 'expected_rise': 0.004824915435165167, 'bucket_idx': 5, 'investment_fraction': 0.02939491017522039, 'investment_amount': 2106.94457395088, 'allocated_amount': 2106.94457395088, 'exit_date': Timestamp('2017-07-31 00:00:00')}, {'ticker': 'CELG', 'sector': 'Healthcare', 'prob_up': 0.50390625, 'predicted_prob': 0.50390625, 'expected_rise': 0.0034064047504216433, 'bucket_idx': 0, 'investment_fraction': 0.022885403373739233, 'investment_amount': 1640.3614154134941, 'allocated_amount': 1640.3614154134941, 'exit_date': Timestamp('2017-07-31 00:00:00')}, {'ticker': 'HON', 'sector': 'Industrial Goods', 'prob_up': 0.499267578125, 'predicted_prob': 0.499267578125, 'expected_rise': 0.0017596674151718616, 'bucket_idx': 0, 'investment_fraction': 0.01584172980034503, 'investment_amount': 1135.4906834506992, 'allocated_amount': 1135.4906834506992, 'exit_date': Timestamp('2017-07-31 00:00:00')}, {'ticker': 'BAC', 'sector': 'Financial', 'prob_up': 0.484619140625, 'predicted_prob': 0.484619140625, 'expected_rise': 0.0014620181173086166, 'bucket_idx': 0, 'investment_fraction': 0.01061478333452397, 'investment_amount': 760.8378463150663, 'allocated_amount': 760.8378463150663, 'exit_date': Timestamp('2017-07-31 00:00:00')}, {'ticker': 'FB', 'sector': 'Technology', 'prob_up': 0.4560546875, 'predicted_prob': 0.4560546875, 'expected_rise': 0.010086031630635262, 'bucket_idx': 0, 'investment_fraction': 0.010837367017788724, 'investment_amount': 776.792019364386, 'allocated_amount': 776.792019364386, 'exit_date': Timestamp('2017-07-31 00:00:00')}]",5,100000.0,1109,True,False,42,/mnt/primary/simulation/trained_models_multiclass,12,12,0.2,0.3,200,5,60,1.0,0.0001,0.3,True,True,0.3,0.7,0.3,0.5,0.5,0.1,3,100.0,0.5,"[[0.08, 0.6], [0.15, 0.35]]",sector,sector,0.14460302093247346,BiGRU,6,corn,20,128,128,1,0.3,0.4,0.002368185640959,2.5898782569408105e-05,64,30,10,0.0038640829279896,7,0.4,5,1.3109464249779392,1.0437863717804818,2.6961818009299283,15,0.3419711337313805,0.7051296774893804,31,0.0665674589000914,2
2017-07-25,70224.53359542928,64709.092683525734,103178.54827938997,103178.54827938997,57.05264728798062,0.0005532565925103761,0,KELLY_ONLY,6263.841843202713,5515.4409119035445,False,False,,"[{'date': Timestamp('2017-07-18 00:00:00'), 'exit_date': Timestamp('2017-07-25 00:00:00'), 'ticker': 'TM', 'sector': 'Consumer Goods', 'allocated_amount': 2729.19870259375, 'prob_up': 0.56396484375, 'expected_rise': 0.00010043103247880936, 'actual_return': 0.001181790909090985, 'pnl': 3.225342215828205, 'exit_reason': 'scheduled'}, {'date': Timestamp('2017-07-18 00:00:00'), 'exit_date': Timestamp('2017-07-25 00:00:00'), 'ticker': 'IEP', 'sector': 'Conglomerates', 'allocated_amount': 3410.623006076429, 'prob_up': 0.55712890625, 'expected_rise': 0.007773303892463446, 'actual_return': 0.02281875272027789, 'pnl': 77.82616299774888, 'exit_reason': 'scheduled'}, {'date': Timestamp('2017-07-18 00:00:00'), 'exit_date': Timestamp('2017-07-25 00:00:00'), 'ticker': 'UPS', 'sector': 'Services', 'allocated_amount': 802.365235819908, 'prob_up': 0.5048828125, 'expected_rise': 0.0030215601436793804, 'actual_return': 0.012429571448992816, 'pnl': 9.973056026811516, 'exit_reason': 'scheduled'}, {'date': Timestamp('2017-07-18 00:00:00'), 'exit_date': Timestamp('2017-07-25 00:00:00'), 'ticker': 'GE', 'sector': 'Industrial Goods', 'allocated_amount': 685.1016482174107, 'prob_up': 0.491455078125, 'expected_rise': 0.001406864495947957, 'actual_return': -0.05392331922362659, 'pnl': -36.94295487746016, 'exit_reason': 'scheduled'}, {'date': Timestamp('2017-07-18 00:00:00'), 'exit_date': Timestamp('2017-07-25 00:00:00'), 'ticker': 'AEP', 'sector': 'Utilities', 'allocated_amount': 255.46440942741484, 'prob_up': 0.489013671875, 'expected_rise': 0.0004335360135883093, 'actual_return': 0.007021576842867638, 'pnl': 1.7937629814123932, 'exit_reason': 'scheduled'}, {'date': Timestamp('2017-07-18 00:00:00'), 'exit_date': Timestamp('2017-07-25 00:00:00'), 'ticker': 'TSM', 'sector': 'Technology', 'allocated_amount': 183.60496637411813, 'prob_up': 0.481201171875, 'expected_rise': 0.0017963728168979287, 'actual_return': 0.006412015790689063, 'pnl': 1.17727794363978, 'exit_reason': 'scheduled'}]","[{'ticker': 'IEP', 'sector': 'Conglomerates', 'prob_up': 0.5517578125, 'predicted_prob': 0.5517578125, 'expected_rise': 0.0076544806361198425, 'bucket_idx': 5, 'investment_fraction': 0.043427439375868175, 'investment_amount': 3049.671675414123, 'allocated_amount': 3049.671675414123, 'exit_date': Timestamp('2017-08-01 00:00:00')}, {'ticker': 'AMGN', 'sector': 'Healthcare', 'prob_up': 0.497802734375, 'predicted_prob': 0.497802734375, 'expected_rise': 0.002269548363983631, 'bucket_idx': 0, 'investment_fraction': 0.009659153768014196, 'investment_amount': 678.3095682853302, 'allocated_amount': 678.3095682853302, 'exit_date': Timestamp('2017-08-01 00:00:00')}, {'ticker': 'NEE', 'sector': 'Utilities', 'prob_up': 0.496337890625, 'predicted_prob': 0.496337890625, 'expected_rise': 0.0015092134708538651, 'bucket_idx': 0, 'investment_fraction': 0.0032036724330112955, 'investment_amount': 224.9764024007524, 'allocated_amount': 224.9764024007524, 'exit_date': Timestamp('2017-08-01 00:00:00')}, {'ticker': 'UPS', 'sector': 'Services', 'prob_up': 0.49560546875, 'predicted_prob': 0.49560546875, 'expected_rise': 0.0029488112777471542, 'bucket_idx': 5, 'investment_fraction': 0.006933471200854191, 'investment_amount': 486.89978127732655, 'allocated_amount': 486.89978127732655, 'exit_date': Timestamp('2017-08-01 00:00:00')}, {'ticker': 'HON', 'sector': 'Industrial Goods', 'prob_up': 0.492431640625, 'predicted_prob': 0.492431640625, 'expected_rise': 0.0017190799117088318, 'bucket_idx': 0, 'investment_fraction': 0.013328746234044687, 'investment_amount': 936.0049876976227, 'allocated_amount': 936.0049876976227, 'exit_date': Timestamp('2017-08-01 00:00:00')}, {'ticker': 'ORCL', 'sector': 'Technology', 'prob_up': 0.481201171875, 'predicted_prob': 0.481201171875, 'expected_rise': 0.001170765026472509, 'bucket_idx': 0, 'investment_fraction': 0.001987603045290631, 'investment_amount': 139.5784968283895, 'allocated_amount': 139.5784968283895, 'exit_date': Timestamp('2017-08-01 00:00:00')}]",5,100000.0,1109,True,False,42,/mnt/primary/simulation/trained_models_multiclass,12,12,0.2,0.3,200,5,60,1.0,0.0001,0.3,True,True,0.3,0.7,0.3,0.5,0.5,0.1,3,100.0,0.5,"[[0.08, 0.6], [0.15, 0.35]]",sector,sector,0.14460302093247346,BiGRU,6,corn,20,128,128,1,0.3,0.4,0.002368185640959,2.5898782569408105e-05,64,30,10,0.0038640829279896,7,0.4,5,1.3109464249779392,1.0437863717804818,2.6961818009299283,15,0.3419711337313805,0.7051296774893804,31,0.0665674589000914,2
2017-07-26,74339.9576587618,71438.08331641732,103078.81197307227,103078.81197307227,-99.73630631770355,-0.0009666380074241365,0,KELLY_ONLY,7090.678682916796,2901.874342344477,False,False,,"[{'date': Timestamp('2017-07-19 00:00:00'), 'exit_date': Timestamp('2017-07-26 00:00:00'), 'ticker': 'AMGN', 'sector': 'Healthcare', 'allocated_amount': 4608.95427539449, 'prob_up': 0.638671875, 'expected_rise': 0.004592769779264927, 'actual_return': -0.01836139149754301, 'pnl': -84.62681384479289, 'exit_reason': 'scheduled'}, {'date': Timestamp('2017-07-19 00:00:00'), 'exit_date': Timestamp('2017-07-26 00:00:00'), 'ticker': 'NGG', 'sector': 'Utilities', 'allocated_amount': 1168.8810029682832, 'prob_up': 0.56591796875, 'expected_rise': 0.0012435170356184244, 'actual_return': 0.006581059495683217, 'pnl': 7.692475423908142, 'exit_reason': 'scheduled'}, {'date': Timestamp('2017-07-19 00:00:00'), 'exit_date': Timestamp('2017-07-26 00:00:00'), 'ticker': 'BUD', 'sector': 'Consumer Goods', 'allocated_amount': 254.78932626778794, 'prob_up': 0.50341796875, 'expected_rise': 0.0017239272128790617, 'actual_return': 0.007839047257887755, 'pnl': 1.9973055694185715, 'exit_reason': 'scheduled'}, {'date': Timestamp('2017-07-19 00:00:00'), 'exit_date': Timestamp('2017-07-26 00:00:00'), 'ticker': 'UPS', 'sector': 'Services', 'allocated_amount': 729.1699310442564, 'prob_up': 0.5029296875, 'expected_rise': 0.003015014808624983, 'actual_return': -0.0061952120753201445, 'pnl': -4.517362361765734, 'exit_reason': 'scheduled'}, {'date': Timestamp('2017-07-19 00:00:00'), 'exit_date': Timestamp('2017-07-26 00:00:00'), 'ticker': 'SPLP', 'sector': 'Conglomerates', 'allocated_amount': 784.4555924744724, 'prob_up': 0.4921875, 'expected_rise': 3.1896866858005524e-05, 'actual_return': 0.001619816414686781, 'pnl': 1.2706740452829945, 'exit_reason': 'scheduled'}, {'date': Timestamp('2017-07-19 00:00:00'), 'exit_date': Timestamp('2017-07-26 00:00:00'), 'ticker': 'GE', 'sector': 'Industrial Goods', 'allocated_amount': 662.9051682330772, 'prob_up': 0.4912109375, 'expected_rise': 0.0014066094299778342, 'actual_return': -0.050111393834023965, 'pnl': -33.219101959937646, 'exit_reason': 'scheduled'}, {'date': Timestamp('2017-07-19 00:00:00'), 'exit_date': Timestamp('2017-07-26 00:00:00'), 'ticker': 'BAC', 'sector': 'Financial', 'allocated_amount': 719.9400015933356, 'prob_up': 0.48291015625, 'expected_rise': 0.0013968546409159899, 'actual_return': 0.006234414224206786, 'pnl': 4.488404186508948, 'exit_reason': 'scheduled'}, {'date': Timestamp('2017-07-19 00:00:00'), 'exit_date': Timestamp('2017-07-26 00:00:00'), 'ticker': 'FB', 'sector': 'Technology', 'allocated_amount': 801.5059835780775, 'prob_up': 0.456298828125, 'expected_rise': 0.010055492632091045, 'actual_return': 0.008955781704373056, 'pnl': 7.178112623674077, 'exit_reason': 'scheduled'}]","[{'ticker': 'AMGN', 'sector': 'Healthcare', 'prob_up': 0.505859375, 'predicted_prob': 0.505859375, 'expected_rise': 0.0024020951241254807, 'bucket_idx': 0, 'investment_fraction': 0.012672429661674112, 'investment_amount': 942.0678844824907, 'allocated_amount': 942.0678844824907, 'exit_date': Timestamp('2017-08-02 00:00:00')}, {'ticker': 'NEE', 'sector': 'Utilities', 'prob_up': 0.495849609375, 'predicted_prob': 0.495849609375, 'expected_rise': 0.0014955702936276793, 'bucket_idx': 0, 'investment_fraction': 0.0029645309810214294, 'investment_amount': 220.38310760722067, 'allocated_amount': 220.38310760722067, 'exit_date': Timestamp('2017-08-02 00:00:00')}, {'ticker': 'CMCSA', 'sector': 'Services', 'prob_up': 0.474853515625, 'predicted_prob': 0.474853515625, 'expected_rise': 0.0025342965964227915, 'bucket_idx': 0, 'investment_fraction': 0.002277173163212276, 'investment_amount': 169.2849565348693, 'allocated_amount': 169.2849565348693, 'exit_date': Timestamp('2017-08-02 00:00:00')}, {'ticker': 'BRK-A', 'sector': 'Financial', 'prob_up': 0.46533203125, 'predicted_prob': 0.46533203125, 'expected_rise': 0.0008213737746700644, 'bucket_idx': 0, 'investment_fraction': 0.010684522701261856, 'investment_amount': 794.2869652158857, 'allocated_amount': 794.2869652158857, 'exit_date': Timestamp('2017-08-02 00:00:00')}, {'ticker': 'FB', 'sector': 'Technology', 'prob_up': 0.455078125, 'predicted_prob': 0.455078125, 'expected_rise': 0.010073277167975903, 'bucket_idx': 0, 'investment_fraction': 0.010436533096579825, 'investment_amount': 775.8514285040104, 'allocated_amount': 775.8514285040104, 'exit_date': Timestamp('2017-08-02 00:00:00')}]",5,100000.0,1109,True,False,42,/mnt/primary/simulation/trained_models_multiclass,12,12,0.2,0.3,200,5,60,1.0,0.0001,0.3,True,True,0.3,0.7,0.3,0.5,0.5,0.1,3,100.0,0.5,"[[0.08, 0.6], [0.15, 0.35]]",sector,sector,0.14460302093247346,BiGRU,6,corn,20,128,128,1,0.3,0.4,0.002368185640959,2.5898782569408105e-05,64,30,10,0.0038640829279896,7,0.4,5,1.3109464249779392,1.0437863717804818,2.6961818009299283,15,0.3419711337313805,0.7051296774893804,31,0.0665674589000914,2
2017-07-27,79359.1346105279,72566.57877938461,103111.61665987797,103111.61665987797,32.80468680570008,0.00031824859229323543,0,KELLY_ONLY,7940.996219469991,6792.555831143279,False,False,,"[{'date': Timestamp('2017-07-20 00:00:00'), 'exit_date': Timestamp('2017-07-27 00:00:00'), 'ticker': 'NGG', 'sector': 'Utilities', 'allocated_amount': 951.9527023150229, 'prob_up': 0.56103515625, 'expected_rise': 0.0011800751090049744, 'actual_return': -0.002548176420637316, 'pnl': -2.4257434296011153, 'exit_reason': 'scheduled'}, {'date': Timestamp('2017-07-20 00:00:00'), 'exit_date': Timestamp('2017-07-27 00:00:00'), 'ticker': 'IEP', 'sector': 'Conglomerates', 'allocated_amount': 3076.521564481859, 'prob_up': 0.55615234375, 'expected_rise': 0.007763071916997433, 'actual_return': 0.0022641320754717142, 'pnl': 6.965651155023797, 'exit_reason': 'scheduled'}, {'date': Timestamp('2017-07-20 00:00:00'), 'exit_date': Timestamp('2017-07-27 00:00:00'), 'ticker': 'CELG', 'sector': 'Healthcare', 'allocated_amount': 1602.1986856094268, 'prob_up': 0.50537109375, 'expected_rise': 0.003435528837144375, 'actual_return': -0.01584626242896736, 'pnl': -25.388860835513547, 'exit_reason': 'scheduled'}, {'date': Timestamp('2017-07-20 00:00:00'), 'exit_date': Timestamp('2017-07-27 00:00:00'), 'ticker': 'V', 'sector': 'Financial', 'allocated_amount': 1154.4239452909608, 'prob_up': 0.50341796875, 'expected_rise': 0.005255551543086767, 'actual_return': 0.014881245389040343, 'pnl': 17.17926601285887, 'exit_reason': 'scheduled'}, {'date': Timestamp('2017-07-20 00:00:00'), 'exit_date': Timestamp('2017-07-27 00:00:00'), 'ticker': 'BUD', 'sector': 'Consumer Goods', 'allocated_amount': 144.7887769091898, 'prob_up': 0.5, 'expected_rise': 0.0016865308862179518, 'actual_return': 0.06345765624694555, 'pnl': 9.187956433519053, 'exit_reason': 'scheduled'}, {'date': Timestamp('2017-07-20 00:00:00'), 'exit_date': Timestamp('2017-07-27 00:00:00'), 'ticker': 'HD', 'sector': 'Services', 'allocated_amount': 229.0916248695869, 'prob_up': 0.461181640625, 'expected_rise': 0.0024981284514069557, 'actual_return': 0.004760912771277326, 'pnl': 1.0906852426342906, 'exit_reason': 'scheduled'}, {'date': Timestamp('2017-07-20 00:00:00'), 'exit_date': Timestamp('2017-07-27 00:00:00'), 'ticker': 'FB', 'sector': 'Technology', 'allocated_amount': 729.2693078288082, 'prob_up': 0.45556640625, 'expected_rise': 0.010050628334283829, 'actual_return': 0.03592051927259776, 'pnl': 26.195732226778734, 'exit_reason': 'scheduled'}]","[{'ticker': 'IEP', 'sector': 'Conglomerates', 'prob_up': 0.55029296875, 'predicted_prob': 0.55029296875, 'expected_rise': 0.007640533149242401, 'bucket_idx': 5, 'investment_fraction': 0.042815383631543115, 'investment_amount': 3397.791793017023, 'allocated_amount': 3397.791793017023, 'exit_date': Timestamp('2017-08-03 00:00:00')}, {'ticker': 'NEE', 'sector': 'Utilities', 'prob_up': 0.49560546875, 'predicted_prob': 0.49560546875, 'expected_rise': 0.0014891907339915633, 'bucket_idx': 0, 'investment_fraction': 0.00293590255064502, 'investment_amount': 232.9906857200303, 'allocated_amount': 232.9906857200303, 'exit_date': Timestamp('2017-08-03 00:00:00')}, {'ticker': 'UPS', 'sector': 'Services', 'prob_up': 0.494873046875, 'predicted_prob': 0.494873046875, 'expected_rise': 0.0029320325702428818, 'bucket_idx': 5, 'investment_fraction': 0.006718971922191653, 'investment_amount': 533.2117972175647, 'allocated_amount': 533.2117972175647, 'exit_date': Timestamp('2017-08-03 00:00:00')}, {'ticker': 'UNH', 'sector': 'Healthcare', 'prob_up': 0.483154296875, 'predicted_prob': 0.483154296875, 'expected_rise': 0.0032154256477952003, 'bucket_idx': 0, 'investment_fraction': 0.012667098726811411, 'investment_amount': 1005.2499929858733, 'allocated_amount': 1005.2499929858733, 'exit_date': Timestamp('2017-08-03 00:00:00')}, {'ticker': 'BRK-A', 'sector': 'Financial', 'prob_up': 0.46435546875, 'predicted_prob': 0.46435546875, 'expected_rise': 0.0008125161984935403, 'bucket_idx': 0, 'investment_fraction': 0.010278487088959766, 'investment_amount': 815.6918404853311, 'allocated_amount': 815.6918404853311, 'exit_date': Timestamp('2017-08-03 00:00:00')}, {'ticker': 'FB', 'sector': 'Technology', 'prob_up': 0.45458984375, 'predicted_prob': 0.45458984375, 'expected_rise': 0.010061115957796574, 'bucket_idx': 0, 'investment_fraction': 0.010176770773535083, 'investment_amount': 807.6197217174567, 'allocated_amount': 807.6197217174567, 'exit_date': Timestamp('2017-08-03 00:00:00')}]",5,100000.0,1109,True,False,42,/mnt/primary/simulation/trained_models_multiclass,12,12,0.2,0.3,200,5,60,1.0,0.0001,0.3,True,True,0.3,0.7,0.3,0.5,0.5,0.1,3,100.0,0.5,"[[0.08, 0.6], [0.15, 0.35]]",sector,sector,0.14460302093247346,BiGRU,6,corn,20,128,128,1,0.3,0.4,0.002368185640959,2.5898782569408105e-05,64,30,10,0.0038640829279896,7,0.4,5,1.3109464249779392,1.0437863717804818,2.6961818009299283,15,0.3419711337313805,0.7051296774893804,31,0.0665674589000914,2
2017-07-28,78441.98431552126,73514.8207116737,103227.92283933479,103227.92283933479,116.30617945679595,0.0011279638824834848,0,KELLY_ONLY,9223.309343657276,4927.163603847543,False,False,,"[{'date': Timestamp('2017-07-21 00:00:00'), 'exit_date': Timestamp('2017-07-28 00:00:00'), 'ticker': 'NGG', 'sector': 'Utilities', 'allocated_amount': 847.0142388557299, 'prob_up': 0.556640625, 'expected_rise': 0.0011327543761581182, 'actual_return': -0.011284154840564331, 'pnl': -9.557839823410797, 'exit_reason': 'scheduled'}, {'date': Timestamp('2017-07-21 00:00:00'), 'exit_date': Timestamp('2017-07-28 00:00:00'), 'ticker': 'CHTR', 'sector': 'Services', 'allocated_amount': 2046.3145530294794, 'prob_up': 0.51318359375, 'expected_rise': 0.004824915435165167, 'actual_return': 0.057674186866286004, 'pnl': 118.01952791862271, 'exit_reason': 'scheduled'}, {'date': Timestamp('2017-07-21 00:00:00'), 'exit_date': Timestamp('2017-07-28 00:00:00'), 'ticker': 'HON', 'sector': 'Industrial Goods', 'allocated_amount': 1277.012693093371, 'prob_up': 0.505859375, 'expected_rise': 0.0017881165258586407, 'actual_return': 0.0032268938807380465, 'pnl': 4.1207844449678115, 'exit_reason': 'scheduled'}, {'date': Timestamp('2017-07-21 00:00:00'), 'exit_date': Timestamp('2017-07-28 00:00:00'), 'ticker': 'UNH', 'sector': 'Healthcare', 'allocated_amount': 898.1371950708109, 'prob_up': 0.483642578125, 'expected_rise': 0.003221180522814393, 'actual_return': -0.0032850401673013563, 'pnl': -2.9504167615549877, 'exit_reason': 'scheduled'}, {'date': Timestamp('2017-07-21 00:00:00'), 'exit_date': Timestamp('2017-07-28 00:00:00'), 'ticker': 'BAC', 'sector': 'Financial', 'allocated_amount': 690.620676630433, 'prob_up': 0.48291015625, 'expected_rise': 0.0014496135991066694, 'actual_return': 0.00966394998588016, 'pnl': 6.674123678171219, 'exit_reason': 'scheduled'}]","[{'ticker': 'V', 'sector': 'Financial', 'prob_up': 0.51416015625, 'predicted_prob': 0.51416015625, 'expected_rise': 0.005290331318974495, 'bucket_idx': 0, 'investment_fraction': 0.021062510531542192, 'investment_amount': 1652.1851207607335, 'allocated_amount': 1652.1851207607335, 'exit_date': Timestamp('2017-08-04 00:00:00')}, {'ticker': 'CELG', 'sector': 'Healthcare', 'prob_up': 0.498046875, 'predicted_prob': 0.498046875, 'expected_rise': 0.0032747755758464336, 'bucket_idx': 0, 'investment_fraction': 0.02069242175116901, 'investment_amount': 1623.1546224553501, 'allocated_amount': 1623.1546224553501, 'exit_date': Timestamp('2017-08-04 00:00:00')}, {'ticker': 'UPS', 'sector': 'Services', 'prob_up': 0.495849609375, 'predicted_prob': 0.495849609375, 'expected_rise': 0.0029422368388623, 'bucket_idx': 5, 'investment_fraction': 0.006786565722364801, 'investment_amount': 532.3516819499938, 'allocated_amount': 532.3516819499938, 'exit_date': Timestamp('2017-08-04 00:00:00')}, {'ticker': 'HON', 'sector': 'Industrial Goods', 'prob_up': 0.4951171875, 'predicted_prob': 0.4951171875, 'expected_rise': 0.0017177530098706484, 'bucket_idx': 0, 'investment_fraction': 0.014271339365645752, 'investment_amount': 1119.472178681465, 'allocated_amount': 1119.472178681465, 'exit_date': Timestamp('2017-08-04 00:00:00')}]",5,100000.0,1109,True,False,42,/mnt/primary/simulation/trained_models_multiclass,12,12,0.2,0.3,200,5,60,1.0,0.0001,0.3,True,True,0.3,0.7,0.3,0.5,0.5,0.1,3,100.0,0.5,"[[0.08, 0.6], [0.15, 0.35]]",sector,sector,0.14460302093247346,BiGRU,6,corn,20,128,128,1,0.3,0.4,0.002368185640959,2.5898782569408105e-05,64,30,10,0.0038640829279896,7,0.4,5,1.3109464249779392,1.0437863717804818,2.6961818009299283,15,0.3419711337313805,0.7051296774893804,31,0.0665674589000914,2
2017-07-31,83363.26222495025,72359.6277323675,103500.2969141891,103500.29691418906,272.3740748543266,0.0026385697528588103,0,KELLY_ONLY,11178.35678735374,11003.634492582732,False,False,,"[{'date': Timestamp('2017-07-24 00:00:00'), 'exit_date': Timestamp('2017-07-31 00:00:00'), 'ticker': 'IEP', 'sector': 'Conglomerates', 'allocated_amount': 3155.640899927712, 'prob_up': 0.55322265625, 'expected_rise': 0.007684363983571529, 'actual_return': 0.008506540321113754, 'pnl': 26.84358655419077, 'exit_reason': 'scheduled'}, {'date': Timestamp('2017-07-24 00:00:00'), 'exit_date': Timestamp('2017-07-31 00:00:00'), 'ticker': 'CHTR', 'sector': 'Services', 'allocated_amount': 2106.94457395088, 'prob_up': 0.51318359375, 'expected_rise': 0.004824915435165167, 'actual_return': 0.1260917479866488, 'pnl': 265.6683242404515, 'exit_reason': 'scheduled'}, {'date': Timestamp('2017-07-24 00:00:00'), 'exit_date': Timestamp('2017-07-31 00:00:00'), 'ticker': 'CELG', 'sector': 'Healthcare', 'allocated_amount': 1640.3614154134941, 'prob_up': 0.50390625, 'expected_rise': 0.0034064047504216433, 'actual_return': -0.017629077702527085, 'pnl': -28.9180588525518, 'exit_reason': 'scheduled'}, {'date': Timestamp('2017-07-24 00:00:00'), 'exit_date': Timestamp('2017-07-31 00:00:00'), 'ticker': 'HON', 'sector': 'Industrial Goods', 'allocated_amount': 1135.4906834506992, 'prob_up': 0.499267578125, 'expected_rise': 0.0017596674151718616, 'actual_return': -0.011546089021693295, 'pnl': -13.110476514425134, 'exit_reason': 'scheduled'}, {'date': Timestamp('2017-07-24 00:00:00'), 'exit_date': Timestamp('2017-07-31 00:00:00'), 'ticker': 'BAC', 'sector': 'Financial', 'allocated_amount': 760.8378463150663, 'prob_up': 0.484619140625, 'expected_rise': 0.0014620181173086166, 'actual_return': 0.008782977833542427, 'pnl': 6.682421939105387, 'exit_reason': 'scheduled'}, {'date': Timestamp('2017-07-24 00:00:00'), 'exit_date': Timestamp('2017-07-31 00:00:00'), 'ticker': 'FB', 'sector': 'Technology', 'allocated_amount': 776.792019364386, 'prob_up': 0.4560546875, 'expected_rise': 0.010086031630635262, 'actual_return': 0.01957831325301207, 'pnl': 15.208277487555765, 'exit_reason': 'scheduled'}]","[{'ticker': 'TM', 'sector': 'Consumer Goods', 'prob_up': 0.56787109375, 'predicted_prob': 0.56787109375, 'expected_rise': 7.580406963825226e-05, 'bucket_idx': 0, 'investment_fraction': 0.03802813654633028, 'investment_amount': 3170.1495188379454, 'allocated_amount': 3170.1495188379454, 'exit_date': Timestamp('2017-08-07 00:00:00')}, {'ticker': 'CHTR', 'sector': 'Services', 'prob_up': 0.51318359375, 'predicted_prob': 0.51318359375, 'expected_rise': 0.004821108654141426, 'bucket_idx': 5, 'investment_fraction': 0.02940612964476662, 'investment_amount': 2451.3908965975634, 'allocated_amount': 2451.3908965975634, 'exit_date': Timestamp('2017-08-07 00:00:00')}, {'ticker': 'HON', 'sector': 'Industrial Goods', 'prob_up': 0.50390625, 'predicted_prob': 0.50390625, 'expected_rise': 0.001778109697625041, 'bucket_idx': 0, 'investment_fraction': 0.017402609802702595, 'investment_amount': 1450.7383243811864, 'allocated_amount': 1450.7383243811864, 'exit_date': Timestamp('2017-08-07 00:00:00')}, {'ticker': 'SPLP', 'sector': 'Conglomerates', 'prob_up': 0.493896484375, 'predicted_prob': 0.493896484375, 'expected_rise': 1.8012942746281624e-05, 'bucket_idx': 0, 'investment_fraction': 0.011416550865291109, 'investment_amount': 951.7209234877455, 'allocated_amount': 951.7209234877455, 'exit_date': Timestamp('2017-08-07 00:00:00')}, {'ticker': 'BAC', 'sector': 'Financial', 'prob_up': 0.4892578125, 'predicted_prob': 0.4892578125, 'expected_rise': 0.0015280474908649921, 'bucket_idx': 0, 'investment_fraction': 0.012117325720741135, 'investment_amount': 1010.1398015232777, 'allocated_amount': 1010.1398015232777, 'exit_date': Timestamp('2017-08-07 00:00:00')}, {'ticker': 'UNH', 'sector': 'Healthcare', 'prob_up': 0.486083984375, 'predicted_prob': 0.486083984375, 'expected_rise': 0.003219798905774951, 'bucket_idx': 0, 'investment_fraction': 0.013919087518860297, 'investment_amount': 1160.3405427667833, 'allocated_amount': 1160.3405427667833, 'exit_date': Timestamp('2017-08-07 00:00:00')}, {'ticker': 'FB', 'sector': 'Technology', 'prob_up': 0.453125, 'predicted_prob': 0.453125, 'expected_rise': 0.010040693916380405, 'bucket_idx': 0, 'investment_fraction': 0.009706367809896655, 'investment_amount': 809.154484988231, 'allocated_amount': 809.154484988231, 'exit_date': Timestamp('2017-08-07 00:00:00')}]",5,100000.0,1109,True,False,42,/mnt/primary/simulation/trained_models_multiclass,12,12,0.2,0.3,200,5,60,1.0,0.0001,0.3,True,True,0.3,0.7,0.3,0.5,0.5,0.1,3,100.0,0.5,"[[0.08, 0.6], [0.15, 0.35]]",sector,sector,0.14460302093247346,BiGRU,6,corn,20,128,128,1,0.3,0.4,0.002368185640959,2.5898782569408105e-05,64,30,10,0.0038640829279896,7,0.4,5,1.3109464249779392,1.0437863717804818,2.6961818009299283,15,0.3419711337313805,0.7051296774893804,31,0.0665674589000914,2
2017-08-01,77812.49424978768,63830.253733818914,103437.72251970571,103437.72251970568,-62.574394483386804,-0.0006045817871926928,0,KELLY_ONLY,14700.179848814147,13982.240515968755,False,False,,"[{'date': Timestamp('2017-07-25 00:00:00'), 'exit_date': Timestamp('2017-08-01 00:00:00'), 'ticker': 'IEP', 'sector': 'Conglomerates', 'allocated_amount': 3049.671675414123, 'prob_up': 0.5517578125, 'expected_rise': 0.0076544806361198425, 'actual_return': -0.008248931383577074, 'pnl': -25.156532392929634, 'exit_reason': 'scheduled'}, {'date': Timestamp('2017-07-25 00:00:00'), 'exit_date': Timestamp('2017-08-01 00:00:00'), 'ticker': 'AMGN', 'sector': 'Healthcare', 'allocated_amount': 678.3095682853302, 'prob_up': 0.497802734375, 'expected_rise': 0.002269548363983631, 'actual_return': -0.03737074485803926, 'pnl': -25.348933811157835, 'exit_reason': 'scheduled'}, {'date': Timestamp('2017-07-25 00:00:00'), 'exit_date': Timestamp('2017-08-01 00:00:00'), 'ticker': 'NEE', 'sector': 'Utilities', 'allocated_amount': 224.9764024007524, 'prob_up': 0.496337890625, 'expected_rise': 0.0015092134708538651, 'actual_return': 0.024177248101619364, 'pnl': 5.439310297852745, 'exit_reason': 'scheduled'}, {'date': Timestamp('2017-07-25 00:00:00'), 'exit_date': Timestamp('2017-08-01 00:00:00'), 'ticker': 'UPS', 'sector': 'Services', 'allocated_amount': 486.89978127732655, 'prob_up': 0.49560546875, 'expected_rise': 0.0029488112777471542, 'actual_return': -0.02693872966844424, 'pnl': -13.116461583454528, 'exit_reason': 'scheduled'}, {'date': Timestamp('2017-07-25 00:00:00'), 'exit_date': Timestamp('2017-08-01 00:00:00'), 'ticker': 'HON', 'sector': 'Industrial Goods', 'allocated_amount': 936.0049876976227, 'prob_up': 0.492431640625, 'expected_rise': 0.0017190799117088318, 'actual_return': -0.0017486703096538658, 'pnl': -1.6367641316747648, 'exit_reason': 'scheduled'}, {'date': Timestamp('2017-07-25 00:00:00'), 'exit_date': Timestamp('2017-08-01 00:00:00'), 'ticker': 'ORCL', 'sector': 'Technology', 'allocated_amount': 139.5784968283895, 'prob_up': 0.481201171875, 'expected_rise': 0.001170765026472509, 'actual_return': -0.019738089495332845, 'pnl': -2.755012862022783, 'exit_reason': 'scheduled'}]","[{'ticker': 'TM', 'sector': 'Consumer Goods', 'prob_up': 0.57421875, 'predicted_prob': 0.57421875, 'expected_rise': 0.00019957823678851128, 'bucket_idx': 5, 'investment_fraction': 0.04046053105917197, 'investment_amount': 3148.334840385174, 'allocated_amount': 3148.334840385174, 'exit_date': Timestamp('2017-08-08 00:00:00')}, {'ticker': 'IEP', 'sector': 'Conglomerates', 'prob_up': 0.54931640625, 'predicted_prob': 0.54931640625, 'expected_rise': 0.007691236212849617, 'bucket_idx': 5, 'investment_fraction': 0.04229092346871125, 'investment_amount': 3290.762239227305, 'allocated_amount': 3290.762239227305, 'exit_date': Timestamp('2017-08-08 00:00:00')}, {'ticker': 'NGG', 'sector': 'Utilities', 'prob_up': 0.546875, 'predicted_prob': 0.546875, 'expected_rise': 0.0010425865184515715, 'bucket_idx': 5, 'investment_fraction': 0.00814310376401113, 'investment_amount': 633.6352148125404, 'allocated_amount': 633.6352148125404, 'exit_date': Timestamp('2017-08-08 00:00:00')}, {'ticker': 'V', 'sector': 'Financial', 'prob_up': 0.5146484375, 'predicted_prob': 0.5146484375, 'expected_rise': 0.005264943931251764, 'bucket_idx': 0, 'investment_fraction': 0.021454020053716716, 'investment_amount': 1669.3908120646615, 'allocated_amount': 1669.3908120646615, 'exit_date': Timestamp('2017-08-08 00:00:00')}, {'ticker': 'CHTR', 'sector': 'Services', 'prob_up': 0.513671875, 'predicted_prob': 0.513671875, 'expected_rise': 0.004821905866265297, 'bucket_idx': 5, 'investment_fraction': 0.029921698555705104, 'investment_amount': 2328.2819968096837, 'allocated_amount': 2328.2819968096837, 'exit_date': Timestamp('2017-08-08 00:00:00')}, {'ticker': 'HON', 'sector': 'Industrial Goods', 'prob_up': 0.50537109375, 'predicted_prob': 0.50537109375, 'expected_rise': 0.0017879209481179714, 'bucket_idx': 0, 'investment_fraction': 0.01798043734542585, 'investment_amount': 1399.1026775496166, 'allocated_amount': 1399.1026775496166, 'exit_date': Timestamp('2017-08-08 00:00:00')}, {'ticker': 'CELG', 'sector': 'Healthcare', 'prob_up': 0.494384765625, 'predicted_prob': 0.494384765625, 'expected_rise': 0.0031870866660028696, 'bucket_idx': 0, 'investment_fraction': 0.019440743414080953, 'investment_amount': 1512.7327351197719, 'allocated_amount': 1512.7327351197719, 'exit_date': Timestamp('2017-08-08 00:00:00')}]",5,100000.0,1109,True,False,42,/mnt/primary/simulation/trained_models_multiclass,12,12,0.2,0.3,200,5,60,1.0,0.0001,0.3,True,True,0.3,0.7,0.3,0.5,0.5,0.1,3,100.0,0.5,"[[0.08, 0.6], [0.15, 0.35]]",sector,sector,0.14460302093247346,BiGRU,6,corn,20,128,128,1,0.3,0.4,0.002368185640959,2.5898782569408105e-05,64,30,10,0.0038640829279896,7,0.4,5,1.3109464249779392,1.0437863717804818,2.6961818009299283,15,0.3419711337313805,0.7051296774893804,31,0.0665674589000914,2
2017-08-02,66768.30414121662,57569.274226544185,103473.89858475892,103473.89858475892,36.17606505323627,0.00034973764089163417,0,KELLY_ONLY,9199.029914672434,9199.029914672434,False,False,,"[{'date': Timestamp('2017-07-26 00:00:00'), 'exit_date': Timestamp('2017-08-02 00:00:00'), 'ticker': 'AMGN', 'sector': 'Healthcare', 'allocated_amount': 942.0678844824907, 'prob_up': 0.505859375, 'expected_rise': 0.0024020951241254807, 'actual_return': -0.008130035864062912, 'pnl': -7.659045687224526, 'exit_reason': 'scheduled'}, {'date': Timestamp('2017-07-26 00:00:00'), 'exit_date': Timestamp('2017-08-02 00:00:00'), 'ticker': 'NEE', 'sector': 'Utilities', 'allocated_amount': 220.38310760722067, 'prob_up': 0.495849609375, 'expected_rise': 0.0014955702936276793, 'actual_return': 0.008591655488636496, 'pnl': 1.8934557360763449, 'exit_reason': 'scheduled'}, {'date': Timestamp('2017-07-26 00:00:00'), 'exit_date': Timestamp('2017-08-02 00:00:00'), 'ticker': 'CMCSA', 'sector': 'Services', 'allocated_amount': 169.2849565348693, 'prob_up': 0.474853515625, 'expected_rise': 0.0025342965964227915, 'actual_return': 0.016772554855021937, 'pnl': 2.8393412196110996, 'exit_reason': 'scheduled'}, {'date': Timestamp('2017-07-26 00:00:00'), 'exit_date': Timestamp('2017-08-02 00:00:00'), 'ticker': 'BRK-A', 'sector': 'Financial', 'allocated_amount': 794.2869652158857, 'prob_up': 0.46533203125, 'expected_rise': 0.0008213737746700644, 'actual_return': 0.027465331278890615, 'pnl': 21.815354630158968, 'exit_reason': 'scheduled'}, {'date': Timestamp('2017-07-26 00:00:00'), 'exit_date': Timestamp('2017-08-02 00:00:00'), 'ticker': 'FB', 'sector': 'Technology', 'allocated_amount': 775.8514285040104, 'prob_up': 0.455078125, 'expected_rise': 0.010073277167975903, 'actual_return': 0.022281275150768165, 'pnl': 17.28695915461439, 'exit_reason': 'scheduled'}]","[{'ticker': 'TM', 'sector': 'Consumer Goods', 'prob_up': 0.57666015625, 'predicted_prob': 0.57666015625, 'expected_rise': 0.0002387051936239004, 'bucket_idx': 5, 'investment_fraction': 0.04145781921191108, 'investment_amount': 2768.0682821724527, 'allocated_amount': 2768.0682821724527, 'exit_date': Timestamp('2017-08-09 00:00:00')}, {'ticker': 'IEP', 'sector': 'Conglomerates', 'prob_up': 0.54931640625, 'predicted_prob': 0.54931640625, 'expected_rise': 0.007661725394427776, 'bucket_idx': 5, 'investment_fraction': 0.04237108871149037, 'investment_amount': 2829.0457378832593, 'allocated_amount': 2829.0457378832593, 'exit_date': Timestamp('2017-08-09 00:00:00')}, {'ticker': 'GE', 'sector': 'Industrial Goods', 'prob_up': 0.498046875, 'predicted_prob': 0.498046875, 'expected_rise': 0.0014406036352738738, 'bucket_idx': 0, 'investment_fraction': 0.01040886440705825, 'investment_amount': 694.9822244951497, 'allocated_amount': 694.9822244951497, 'exit_date': Timestamp('2017-08-09 00:00:00')}, {'ticker': 'NEE', 'sector': 'Utilities', 'prob_up': 0.495361328125, 'predicted_prob': 0.495361328125, 'expected_rise': 0.0014862909447401762, 'bucket_idx': 0, 'investment_fraction': 0.0027445047803982717, 'investment_amount': 183.24592989465472, 'allocated_amount': 183.24592989465472, 'exit_date': Timestamp('2017-08-09 00:00:00')}, {'ticker': 'BAC', 'sector': 'Financial', 'prob_up': 0.49072265625, 'predicted_prob': 0.49072265625, 'expected_rise': 0.0015321096871048212, 'bucket_idx': 0, 'investment_fraction': 0.012711564157640666, 'investment_amount': 848.72958178794, 'allocated_amount': 848.72958178794, 'exit_date': Timestamp('2017-08-09 00:00:00')}, {'ticker': 'UNH', 'sector': 'Healthcare', 'prob_up': 0.48828125, 'predicted_prob': 0.48828125, 'expected_rise': 0.0032279957085847855, 'bucket_idx': 0, 'investment_fraction': 0.014551718492459365, 'investment_amount': 971.5935660818931, 'allocated_amount': 971.5935660818931, 'exit_date': Timestamp('2017-08-09 00:00:00')}, {'ticker': 'CMCSA', 'sector': 'Services', 'prob_up': 0.478515625, 'predicted_prob': 0.478515625, 'expected_rise': 0.0025570732541382313, 'bucket_idx': 0, 'investment_fraction': 0.0038216594431853546, 'investment_amount': 255.16572002675233, 'allocated_amount': 255.16572002675233, 'exit_date': Timestamp('2017-08-09 00:00:00')}, {'ticker': 'FB', 'sector': 'Technology', 'prob_up': 0.453369140625, 'predicted_prob': 0.453369140625, 'expected_rise': 0.01001848466694355, 'bucket_idx': 0, 'investment_fraction': 0.009708182357895069, 'investment_amount': 648.1988723303315, 'allocated_amount': 648.1988723303315, 'exit_date': Timestamp('2017-08-09 00:00:00')}]",5,100000.0,1109,True,False,42,/mnt/primary/simulation/trained_models_multiclass,12,12,0.2,0.3,200,5,60,1.0,0.0001,0.3,True,True,0.3,0.7,0.3,0.5,0.5,0.1,3,100.0,0.5,"[[0.08, 0.6], [0.15, 0.35]]",sector,sector,0.14460302093247346,BiGRU,6,corn,20,128,128,1,0.3,0.4,0.002368185640959,2.5898782569408105e-05,64,30,10,0.0038640829279896,7,0.4,5,1.3109464249779392,1.0437863717804818,2.6961818009299283,15,0.3419711337313805,0.7051296774893804,31,0.0665674589000914,2
2017-08-03,64360.24719791756,59072.99392184541,103472.31572498902,103472.31572498902,-1.5828597698856548,-1.529718887127718e-05,0,KELLY_ONLY,9093.539035944712,5287.253276072166,False,False,,"[{'date': Timestamp('2017-07-27 00:00:00'), 'exit_date': Timestamp('2017-08-03 00:00:00'), 'ticker': 'IEP', 'sector': 'Conglomerates', 'allocated_amount': 3397.791793017023, 'prob_up': 0.55029296875, 'expected_rise': 0.007640533149242401, 'actual_return': -0.021837349808685014, 'pnl': -74.19876796119179, 'exit_reason': 'scheduled'}, {'date': Timestamp('2017-07-27 00:00:00'), 'exit_date': Timestamp('2017-08-03 00:00:00'), 'ticker': 'NEE', 'sector': 'Utilities', 'allocated_amount': 232.9906857200303, 'prob_up': 0.49560546875, 'expected_rise': 0.0014891907339915633, 'actual_return': 0.019979254198932095, 'pnl': 4.654980135983983, 'exit_reason': 'scheduled'}, {'date': Timestamp('2017-07-27 00:00:00'), 'exit_date': Timestamp('2017-08-03 00:00:00'), 'ticker': 'UPS', 'sector': 'Services', 'allocated_amount': 533.2117972175647, 'prob_up': 0.494873046875, 'expected_rise': 0.0029320325702428818, 'actual_return': 0.034604285790849953, 'pnl': 18.45141341796934, 'exit_reason': 'scheduled'}, {'date': Timestamp('2017-07-27 00:00:00'), 'exit_date': Timestamp('2017-08-03 00:00:00'), 'ticker': 'UNH', 'sector': 'Healthcare', 'allocated_amount': 1005.2499929858733, 'prob_up': 0.483154296875, 'expected_rise': 0.0032154256477952003, 'actual_return': 0.03091097875603066, 'pnl': 31.073261177686298, 'exit_reason': 'scheduled'}, {'date': Timestamp('2017-07-27 00:00:00'), 'exit_date': Timestamp('2017-08-03 00:00:00'), 'ticker': 'BRK-A', 'sector': 'Financial', 'allocated_amount': 815.6918404853311, 'prob_up': 0.46435546875, 'expected_rise': 0.0008125161984935403, 'actual_return': 0.033348863535726414, 'pnl': 27.202395875550824, 'exit_reason': 'scheduled'}, {'date': Timestamp('2017-07-27 00:00:00'), 'exit_date': Timestamp('2017-08-03 00:00:00'), 'ticker': 'FB', 'sector': 'Technology', 'allocated_amount': 807.6197217174567, 'prob_up': 0.45458984375, 'expected_rise': 0.010061115957796574, 'actual_return': -0.010854294639118689, 'pnl': -8.766142415884318, 'exit_reason': 'scheduled'}]","[{'ticker': 'AMGN', 'sector': 'Healthcare', 'prob_up': 0.5693359375, 'predicted_prob': 0.5693359375, 'expected_rise': 0.003733470570296049, 'bucket_idx': 5, 'investment_fraction': 0.03658464523380963, 'investment_amount': 2354.5968108961047, 'allocated_amount': 2354.5968108961047, 'exit_date': Timestamp('2017-08-10 00:00:00')}, {'ticker': 'V', 'sector': 'Financial', 'prob_up': 0.51416015625, 'predicted_prob': 0.51416015625, 'expected_rise': 0.0052488879300653934, 'bucket_idx': 0, 'investment_fraction': 0.02110951232680135, 'investment_amount': 1358.613431580423, 'allocated_amount': 1358.613431580423, 'exit_date': Timestamp('2017-08-10 00:00:00')}, {'ticker': 'UPS', 'sector': 'Services', 'prob_up': 0.49658203125, 'predicted_prob': 0.49658203125, 'expected_rise': 0.002953279297798872, 'bucket_idx': 5, 'investment_fraction': 0.006866315289683945, 'investment_amount': 441.9177493828997, 'allocated_amount': 441.9177493828997, 'exit_date': Timestamp('2017-08-10 00:00:00')}, {'ticker': 'NEE', 'sector': 'Utilities', 'prob_up': 0.494140625, 'predicted_prob': 0.494140625, 'expected_rise': 0.0014675719430670142, 'bucket_idx': 0, 'investment_fraction': 0.0021967659465893298, 'investment_amount': 141.38439935845665, 'allocated_amount': 141.38439935845665, 'exit_date': Timestamp('2017-08-10 00:00:00')}, {'ticker': 'SPLP', 'sector': 'Conglomerates', 'prob_up': 0.493896484375, 'predicted_prob': 0.493896484375, 'expected_rise': 9.833602234721184e-06, 'bucket_idx': 0, 'investment_fraction': 0.011535743934881671, 'investment_amount': 742.4433312608627, 'allocated_amount': 742.4433312608627, 'exit_date': Timestamp('2017-08-10 00:00:00')}, {'ticker': 'ORCL', 'sector': 'Technology', 'prob_up': 0.486328125, 'predicted_prob': 0.486328125, 'expected_rise': 0.0011961960699409246, 'bucket_idx': 0, 'investment_fraction': 0.0038579334978292804, 'investment_amount': 248.29755359341928, 'allocated_amount': 248.29755359341928, 'exit_date': Timestamp('2017-08-10 00:00:00')}]",5,100000.0,1109,True,False,42,/mnt/primary/simulation/trained_models_multiclass,12,12,0.2,0.3,200,5,60,1.0,0.0001,0.3,True,True,0.3,0.7,0.3,0.5,0.5,0.1,3,100.0,0.5,"[[0.08, 0.6], [0.15, 0.35]]",sector,sector,0.14460302093247346,BiGRU,6,corn,20,128,128,1,0.3,0.4,0.002368185640959,2.5898782569408105e-05,64,30,10,0.0038640829279896,7,0.4,5,1.3109464249779392,1.0437863717804818,2.6961818009299283,15,0.3419711337313805,0.7051296774893804,31,0.0665674589000914,2
2017-08-04,64098.82239837895,55142.60287148073,103570.98059767502,103570.98059767502,98.66487268600002,0.0009535388475139239,0,KELLY_ONLY,8956.219526898207,8956.219526898207,False,False,,"[{'date': Timestamp('2017-07-28 00:00:00'), 'exit_date': Timestamp('2017-08-04 00:00:00'), 'ticker': 'V', 'sector': 'Financial', 'allocated_amount': 1652.1851207607335, 'prob_up': 0.51416015625, 'expected_rise': 0.005290331318974495, 'actual_return': 0.01754913731620511, 'pnl': 28.994423556021037, 'exit_reason': 'scheduled'}, {'date': Timestamp('2017-07-28 00:00:00'), 'exit_date': Timestamp('2017-08-04 00:00:00'), 'ticker': 'CELG', 'sector': 'Healthcare', 'allocated_amount': 1623.1546224553501, 'prob_up': 0.498046875, 'expected_rise': 0.0032747755758464336, 'actual_return': 0.019388448051225193, 'pnl': 31.4704490765816, 'exit_reason': 'scheduled'}, {'date': Timestamp('2017-07-28 00:00:00'), 'exit_date': Timestamp('2017-08-04 00:00:00'), 'ticker': 'UPS', 'sector': 'Services', 'allocated_amount': 532.3516819499938, 'prob_up': 0.495849609375, 'expected_rise': 0.0029422368388623, 'actual_return': 0.021794628057828724, 'pnl': 11.602406904059649, 'exit_reason': 'scheduled'}, {'date': Timestamp('2017-07-28 00:00:00'), 'exit_date': Timestamp('2017-08-04 00:00:00'), 'ticker': 'HON', 'sector': 'Industrial Goods', 'allocated_amount': 1119.472178681465, 'prob_up': 0.4951171875, 'expected_rise': 0.0017177530098706484, 'actual_return': 0.023759047929770682, 'pnl': 26.597593149337737, 'exit_reason': 'scheduled'}]","[{'ticker': 'AMGN', 'sector': 'Healthcare', 'prob_up': 0.60302734375, 'predicted_prob': 0.60302734375, 'expected_rise': 0.0044518448412418365, 'bucket_idx': 5, 'investment_fraction': 0.0493060583809492, 'investment_amount': 3160.4602793245667, 'allocated_amount': 3160.4602793245667, 'exit_date': Timestamp('2017-08-11 00:00:00')}, {'ticker': 'IEP', 'sector': 'Conglomerates', 'prob_up': 0.55224609375, 'predicted_prob': 0.55224609375, 'expected_rise': 0.007648960221558809, 'bucket_idx': 5, 'investment_fraction': 0.043399214776314955, 'investment_amount': 2781.8385601761156, 'allocated_amount': 2781.8385601761156, 'exit_date': Timestamp('2017-08-11 00:00:00')}, {'ticker': 'NGG', 'sector': 'Utilities', 'prob_up': 0.5458984375, 'predicted_prob': 0.5458984375, 'expected_rise': 0.001034372253343463, 'bucket_idx': 5, 'investment_fraction': 0.007715697835346003, 'investment_amount': 494.5671452274004, 'allocated_amount': 494.5671452274004, 'exit_date': Timestamp('2017-08-11 00:00:00')}, {'ticker': 'HON', 'sector': 'Industrial Goods', 'prob_up': 0.50390625, 'predicted_prob': 0.50390625, 'expected_rise': 0.0017810368444770575, 'bucket_idx': 0, 'investment_fraction': 0.017481811084287313, 'investment_amount': 1120.563503893745, 'allocated_amount': 1120.563503893745, 'exit_date': Timestamp('2017-08-11 00:00:00')}, {'ticker': 'ORCL', 'sector': 'Technology', 'prob_up': 0.49169921875, 'predicted_prob': 0.49169921875, 'expected_rise': 0.0012316567590460181, 'bucket_idx': 0, 'investment_fraction': 0.006041125061148911, 'investment_amount': 387.2290023809802, 'allocated_amount': 387.2290023809802, 'exit_date': Timestamp('2017-08-11 00:00:00')}, {'ticker': 'CMCSA', 'sector': 'Services', 'prob_up': 0.479248046875, 'predicted_prob': 0.479248046875, 'expected_rise': 0.0025616285856813192, 'bucket_idx': 0, 'investment_fraction': 0.0039765200179197385, 'investment_amount': 254.890250392236, 'allocated_amount': 254.890250392236, 'exit_date': Timestamp('2017-08-11 00:00:00')}, {'ticker': 'BRK-A', 'sector': 'Financial', 'prob_up': 0.468017578125, 'predicted_prob': 0.468017578125, 'expected_rise': 0.0008301542839035392, 'bucket_idx': 0, 'investment_fraction': 0.011804753304208894, 'investment_amount': 756.670785503163, 'allocated_amount': 756.670785503163, 'exit_date': Timestamp('2017-08-11 00:00:00')}]",5,100000.0,1109,True,False,42,/mnt/primary/simulation/trained_models_multiclass,12,12,0.2,0.3,200,5,60,1.0,0.0001,0.3,True,True,0.3,0.7,0.3,0.5,0.5,0.1,3,100.0,0.5,"[[0.08, 0.6], [0.15, 0.35]]",sector,sector,0.14460302093247346,BiGRU,6,corn,20,128,128,1,0.3,0.4,0.002368185640959,2.5898782569408105e-05,64,30,10,0.0038640829279896,7,0.4,5,1.3109464249779392,1.0437863717804818,2.6961818009299283,15,0.3419711337313805,0.7051296774893804,31,0.0665674589000914,2
2017-08-07,66213.0350087589,59906.87613644002,103637.77824237048,103637.77824237048,66.79764469543716,0.0006449455659296444,0,KELLY_ONLY,9209.645547649108,6306.158872318879,False,False,,"[{'date': Timestamp('2017-07-31 00:00:00'), 'exit_date': Timestamp('2017-08-07 00:00:00'), 'ticker': 'TM', 'sector': 'Consumer Goods', 'allocated_amount': 3170.1495188379454, 'prob_up': 0.56787109375, 'expected_rise': 7.580406963825226e-05, 'actual_return': 0.011432125538182403, 'pnl': 36.241547274163935, 'exit_reason': 'scheduled'}, {'date': Timestamp('2017-07-31 00:00:00'), 'exit_date': Timestamp('2017-08-07 00:00:00'), 'ticker': 'CHTR', 'sector': 'Services', 'allocated_amount': 2451.3908965975634, 'prob_up': 0.51318359375, 'expected_rise': 0.004821108654141426, 'actual_return': -0.027935841957456353, 'pnl': -68.48166866329676, 'exit_reason': 'scheduled'}, {'date': Timestamp('2017-07-31 00:00:00'), 'exit_date': Timestamp('2017-08-07 00:00:00'), 'ticker': 'HON', 'sector': 'Industrial Goods', 'allocated_amount': 1450.7383243811864, 'prob_up': 0.50390625, 'expected_rise': 0.001778109697625041, 'actual_return': 0.02086403250308666, 'pnl': 30.268251553362553, 'exit_reason': 'scheduled'}, {'date': Timestamp('2017-07-31 00:00:00'), 'exit_date': Timestamp('2017-08-07 00:00:00'), 'ticker': 'SPLP', 'sector': 'Conglomerates', 'allocated_amount': 951.7209234877455, 'prob_up': 0.493896484375, 'expected_rise': 1.8012942746281624e-05, 'actual_return': 0.0027026486486485535, 'pnl': 2.5721672677547085, 'exit_reason': 'scheduled'}, {'date': Timestamp('2017-07-31 00:00:00'), 'exit_date': Timestamp('2017-08-07 00:00:00'), 'ticker': 'BAC', 'sector': 'Financial', 'allocated_amount': 1010.1398015232777, 'prob_up': 0.4892578125, 'expected_rise': 0.0015280474908649921, 'actual_return': 0.034825786284171434, 'pnl': 35.17891284498502, 'exit_reason': 'scheduled'}, {'date': Timestamp('2017-07-31 00:00:00'), 'exit_date': Timestamp('2017-08-07 00:00:00'), 'ticker': 'UNH', 'sector': 'Healthcare', 'allocated_amount': 1160.3405427667833, 'prob_up': 0.486083984375, 'expected_rise': 0.003219798905774951, 'actual_return': 0.015484078155300285, 'pnl': 17.966803650964426, 'exit_reason': 'scheduled'}, {'date': Timestamp('2017-07-31 00:00:00'), 'exit_date': Timestamp('2017-08-07 00:00:00'), 'ticker': 'FB', 'sector': 'Technology', 'allocated_amount': 809.154484988231, 'prob_up': 0.453125, 'expected_rise': 0.010040693916380405, 'actual_return': 0.016129961595273246, 'pnl': 13.05163076750327, 'exit_reason': 'scheduled'}]","[{'ticker': 'CHTR', 'sector': 'Services', 'prob_up': 0.51416015625, 'predicted_prob': 0.51416015625, 'expected_rise': 0.004806519020348787, 'bucket_idx': 5, 'investment_fraction': 0.03073991354871779, 'investment_amount': 2035.3829719674732, 'allocated_amount': 2035.3829719674732, 'exit_date': Timestamp('2017-08-14 00:00:00')}, {'ticker': 'V', 'sector': 'Financial', 'prob_up': 0.51123046875, 'predicted_prob': 0.51123046875, 'expected_rise': 0.005246342625468969, 'bucket_idx': 0, 'investment_fraction': 0.019949780408473273, 'investment_amount': 1320.9355086032933, 'allocated_amount': 1320.9355086032933, 'exit_date': Timestamp('2017-08-14 00:00:00')}, {'ticker': 'CELG', 'sector': 'Healthcare', 'prob_up': 0.50439453125, 'predicted_prob': 0.50439453125, 'expected_rise': 0.0033980023581534624, 'bucket_idx': 0, 'investment_fraction': 0.023013578484324282, 'investment_amount': 1523.7988778593842, 'allocated_amount': 1523.7988778593842, 'exit_date': Timestamp('2017-08-14 00:00:00')}, {'ticker': 'GE', 'sector': 'Industrial Goods', 'prob_up': 0.497802734375, 'predicted_prob': 0.497802734375, 'expected_rise': 0.0014344777446240187, 'bucket_idx': 0, 'investment_fraction': 0.010515040684688316, 'investment_amount': 696.2327569737917, 'allocated_amount': 696.2327569737917, 'exit_date': Timestamp('2017-08-14 00:00:00')}, {'ticker': 'NEE', 'sector': 'Utilities', 'prob_up': 0.493408203125, 'predicted_prob': 0.493408203125, 'expected_rise': 0.0014621327864006162, 'bucket_idx': 0, 'investment_fraction': 0.0018798829839300924, 'investment_amount': 124.47275782733335, 'allocated_amount': 124.47275782733335, 'exit_date': Timestamp('2017-08-14 00:00:00')}, {'ticker': 'FB', 'sector': 'Technology', 'prob_up': 0.451416015625, 'predicted_prob': 0.451416015625, 'expected_rise': 0.009897544980049133, 'bucket_idx': 0, 'investment_fraction': 0.009142248184326962, 'investment_amount': 605.3359990876037, 'allocated_amount': 605.3359990876037, 'exit_date': Timestamp('2017-08-14 00:00:00')}]",5,100000.0,1109,True,False,42,/mnt/primary/simulation/trained_models_multiclass,12,12,0.2,0.3,200,5,60,1.0,0.0001,0.3,True,True,0.3,0.7,0.3,0.5,0.5,0.1,3,100.0,0.5,"[[0.08, 0.6], [0.15, 0.35]]",sector,sector,0.14460302093247346,BiGRU,6,corn,20,128,128,1,0.3,0.4,0.002368185640959,2.5898782569408105e-05,64,30,10,0.0038640829279896,7,0.4,5,1.3109464249779392,1.0437863717804818,2.6961818009299283,15,0.3419711337313805,0.7051296774893804,31,0.0665674589000914,2
2017-08-08,74108.9405645821,59755.254502744036,103857.60215454377,103857.60215454377,219.82391217330814,0.002121078972372459,0,KELLY_ONLY,14353.686061838047,14353.686061838049,False,False,,"[{'date': Timestamp('2017-08-01 00:00:00'), 'exit_date': Timestamp('2017-08-08 00:00:00'), 'ticker': 'TM', 'sector': 'Consumer Goods', 'allocated_amount': 3148.334840385174, 'prob_up': 0.57421875, 'expected_rise': 0.00019957823678851128, 'actual_return': 0.0004379697019876172, 'pnl': 1.378875271800727, 'exit_reason': 'scheduled'}, {'date': Timestamp('2017-08-01 00:00:00'), 'exit_date': Timestamp('2017-08-08 00:00:00'), 'ticker': 'IEP', 'sector': 'Conglomerates', 'allocated_amount': 3290.762239227305, 'prob_up': 0.54931640625, 'expected_rise': 0.007691236212849617, 'actual_return': 0.054820357095638705, 'pnl': 180.4007610712845, 'exit_reason': 'scheduled'}, {'date': Timestamp('2017-08-01 00:00:00'), 'exit_date': Timestamp('2017-08-08 00:00:00'), 'ticker': 'NGG', 'sector': 'Utilities', 'allocated_amount': 633.6352148125404, 'prob_up': 0.546875, 'expected_rise': 0.0010425865184515715, 'actual_return': -0.0011084718572138552, 'pnl': -0.7023668033593568, 'exit_reason': 'scheduled'}, {'date': Timestamp('2017-08-01 00:00:00'), 'exit_date': Timestamp('2017-08-08 00:00:00'), 'ticker': 'V', 'sector': 'Financial', 'allocated_amount': 1669.3908120646615, 'prob_up': 0.5146484375, 'expected_rise': 0.005264943931251764, 'actual_return': 0.004064597876536347, 'pnl': 6.785402349827311, 'exit_reason': 'scheduled'}, {'date': Timestamp('2017-08-01 00:00:00'), 'exit_date': Timestamp('2017-08-08 00:00:00'), 'ticker': 'CHTR', 'sector': 'Services', 'allocated_amount': 2328.2819968096837, 'prob_up': 0.513671875, 'expected_rise': 0.004821905866265297, 'actual_return': 0.006014111098592068, 'pnl': 14.00254659766522, 'exit_reason': 'scheduled'}, {'date': Timestamp('2017-08-01 00:00:00'), 'exit_date': Timestamp('2017-08-08 00:00:00'), 'ticker': 'HON', 'sector': 'Industrial Goods', 'allocated_amount': 1399.1026775496166, 'prob_up': 0.50537109375, 'expected_rise': 0.0017879209481179714, 'actual_return': 0.012115926286983658, 'pnl': 16.95142490911262, 'exit_reason': 'scheduled'}, {'date': Timestamp('2017-08-01 00:00:00'), 'exit_date': Timestamp('2017-08-08 00:00:00'), 'ticker': 'CELG', 'sector': 'Healthcare', 'allocated_amount': 1512.7327351197719, 'prob_up': 0.494384765625, 'expected_rise': 0.0031870866660028696, 'actual_return': 0.0006658603688491915, 'pnl': 1.0072687769770976, 'exit_reason': 'scheduled'}]","[{'ticker': 'AMGN', 'sector': 'Healthcare', 'prob_up': 0.64599609375, 'predicted_prob': 0.64599609375, 'expected_rise': 0.004793141502887011, 'bucket_idx': 5, 'investment_fraction': 0.06561853647970885, 'investment_amount': 4862.920219909604, 'allocated_amount': 4862.920219909604, 'exit_date': Timestamp('2017-08-15 00:00:00')}, {'ticker': 'IEP', 'sector': 'Conglomerates', 'prob_up': 0.55419921875, 'predicted_prob': 0.55419921875, 'expected_rise': 0.007695551961660385, 'bucket_idx': 5, 'investment_fraction': 0.04392454074091288, 'investment_amount': 3255.201179094877, 'allocated_amount': 3255.201179094877, 'exit_date': Timestamp('2017-08-15 00:00:00')}, {'ticker': 'NGG', 'sector': 'Utilities', 'prob_up': 0.5458984375, 'predicted_prob': 0.5458984375, 'expected_rise': 0.0010332709643989801, 'bucket_idx': 5, 'investment_fraction': 0.007659547310483461, 'investment_amount': 567.6409363842233, 'allocated_amount': 567.6409363842233, 'exit_date': Timestamp('2017-08-15 00:00:00')}, {'ticker': 'CHTR', 'sector': 'Services', 'prob_up': 0.51513671875, 'predicted_prob': 0.51513671875, 'expected_rise': 0.004775744862854481, 'bucket_idx': 5, 'investment_fraction': 0.031046028328672107, 'investment_amount': 2300.788268175893, 'allocated_amount': 2300.788268175893, 'exit_date': Timestamp('2017-08-15 00:00:00')}, {'ticker': 'HON', 'sector': 'Industrial Goods', 'prob_up': 0.51318359375, 'predicted_prob': 0.51318359375, 'expected_rise': 0.001809434499591589, 'bucket_idx': 0, 'investment_fraction': 0.020954668170292547, 'investment_amount': 1552.9282579827502, 'allocated_amount': 1552.9282579827502, 'exit_date': Timestamp('2017-08-15 00:00:00')}, {'ticker': 'V', 'sector': 'Financial', 'prob_up': 0.50830078125, 'predicted_prob': 0.50830078125, 'expected_rise': 0.0052154408767819405, 'bucket_idx': 0, 'investment_fraction': 0.018861585232893496, 'investment_amount': 1397.812098978303, 'allocated_amount': 1397.812098978303, 'exit_date': Timestamp('2017-08-15 00:00:00')}, {'ticker': 'ORCL', 'sector': 'Technology', 'prob_up': 0.489990234375, 'predicted_prob': 0.489990234375, 'expected_rise': 0.001221961691044271, 'bucket_idx': 0, 'investment_fraction': 0.005618689164089863, 'investment_amount': 416.395101312397, 'allocated_amount': 416.395101312397, 'exit_date': Timestamp('2017-08-15 00:00:00')}]",5,100000.0,1109,True,False,42,/mnt/primary/simulation/trained_models_multiclass,12,12,0.2,0.3,200,5,60,1.0,0.0001,0.3,True,True,0.3,0.7,0.3,0.5,0.5,0.1,3,100.0,0.5,"[[0.08, 0.6], [0.15, 0.35]]",sector,sector,0.14460302093247346,BiGRU,6,corn,20,128,128,1,0.3,0.4,0.002368185640959,2.5898782569408105e-05,64,30,10,0.0038640829279896,7,0.4,5,1.3109464249779392,1.0437863717804818,2.6961818009299283,15,0.3419711337313805,0.7051296774893804,31,0.0665674589000914,2
2017-08-09,69175.55684909408,60223.973969064,104078.87458622138,104078.87458622138,221.27243167762776,0.0021305366876114284,0,KELLY_ONLY,8951.582880030068,8951.58288003007,False,False,,"[{'date': Timestamp('2017-08-02 00:00:00'), 'exit_date': Timestamp('2017-08-09 00:00:00'), 'ticker': 'TM', 'sector': 'Consumer Goods', 'allocated_amount': 2768.0682821724527, 'prob_up': 0.57666015625, 'expected_rise': 0.0002387051936239004, 'actual_return': -0.009545529213669801, 'pnl': -26.422676652909928, 'exit_reason': 'scheduled'}, {'date': Timestamp('2017-08-02 00:00:00'), 'exit_date': Timestamp('2017-08-09 00:00:00'), 'ticker': 'IEP', 'sector': 'Conglomerates', 'allocated_amount': 2829.0457378832593, 'prob_up': 0.54931640625, 'expected_rise': 0.007661725394427776, 'actual_return': 0.07647620226616825, 'pnl': 216.35467407060133, 'exit_reason': 'scheduled'}, {'date': Timestamp('2017-08-02 00:00:00'), 'exit_date': Timestamp('2017-08-09 00:00:00'), 'ticker': 'GE', 'sector': 'Industrial Goods', 'allocated_amount': 694.9822244951497, 'prob_up': 0.498046875, 'expected_rise': 0.0014406036352738738, 'actual_return': 0.007445101880877658, 'pnl': 5.174213466765377, 'exit_reason': 'scheduled'}, {'date': Timestamp('2017-08-02 00:00:00'), 'exit_date': Timestamp('2017-08-09 00:00:00'), 'ticker': 'NEE', 'sector': 'Utilities', 'allocated_amount': 183.24592989465472, 'prob_up': 0.495361328125, 'expected_rise': 0.0014862909447401762, 'actual_return': 0.0034073870993802657, 'pnl': 0.6243898175369871, 'exit_reason': 'scheduled'}, {'date': Timestamp('2017-08-02 00:00:00'), 'exit_date': Timestamp('2017-08-09 00:00:00'), 'ticker': 'BAC', 'sector': 'Financial', 'allocated_amount': 848.72958178794, 'prob_up': 0.49072265625, 'expected_rise': 0.0015321096871048212, 'actual_return': 0.0061000406669378116, 'pnl': 5.177284964139555, 'exit_reason': 'scheduled'}, {'date': Timestamp('2017-08-02 00:00:00'), 'exit_date': Timestamp('2017-08-09 00:00:00'), 'ticker': 'UNH', 'sector': 'Healthcare', 'allocated_amount': 971.5935660818931, 'prob_up': 0.48828125, 'expected_rise': 0.0032279957085847855, 'actual_return': 0.009481875647668447, 'pnl': 9.212529373663246, 'exit_reason': 'scheduled'}, {'date': Timestamp('2017-08-02 00:00:00'), 'exit_date': Timestamp('2017-08-09 00:00:00'), 'ticker': 'CMCSA', 'sector': 'Services', 'allocated_amount': 255.16572002675233, 'prob_up': 0.478515625, 'expected_rise': 0.0025570732541382313, 'actual_return': 0.015496201724378933, 'pnl': 3.9540994706809514, 'exit_reason': 'scheduled'}, {'date': Timestamp('2017-08-02 00:00:00'), 'exit_date': Timestamp('2017-08-09 00:00:00'), 'ticker': 'FB', 'sector': 'Technology', 'allocated_amount': 648.1988723303315, 'prob_up': 0.453369140625, 'expected_rise': 0.01001848466694355, 'actual_return': 0.011104488875880225, 'pnl': 7.197917167150273, 'exit_reason': 'scheduled'}]","[{'ticker': 'IEP', 'sector': 'Conglomerates', 'prob_up': 0.556640625, 'predicted_prob': 0.556640625, 'expected_rise': 0.007728178054094315, 'bucket_idx': 5, 'investment_fraction': 0.0448121487121149, 'investment_amount': 3099.905340764962, 'allocated_amount': 3099.905340764962, 'exit_date': Timestamp('2017-08-16 00:00:00')}, {'ticker': 'NGG', 'sector': 'Utilities', 'prob_up': 0.5439453125, 'predicted_prob': 0.5439453125, 'expected_rise': 0.0010131422895938158, 'bucket_idx': 5, 'investment_fraction': 0.007008674147874006, 'investment_amount': 484.8289369530343, 'allocated_amount': 484.8289369530343, 'exit_date': Timestamp('2017-08-16 00:00:00')}, {'ticker': 'HON', 'sector': 'Industrial Goods', 'prob_up': 0.52197265625, 'predicted_prob': 0.52197265625, 'expected_rise': 0.0018470743671059608, 'bucket_idx': 0, 'investment_fraction': 0.024148758672347614, 'investment_amount': 1670.503828374036, 'allocated_amount': 1670.503828374036, 'exit_date': Timestamp('2017-08-16 00:00:00')}, {'ticker': 'CELG', 'sector': 'Healthcare', 'prob_up': 0.50634765625, 'predicted_prob': 0.50634765625, 'expected_rise': 0.003440184984356165, 'bucket_idx': 0, 'investment_fraction': 0.023513812112095103, 'investment_amount': 1626.5810464991516, 'allocated_amount': 1626.5810464991516, 'exit_date': Timestamp('2017-08-16 00:00:00')}, {'ticker': 'UPS', 'sector': 'Services', 'prob_up': 0.501953125, 'predicted_prob': 0.501953125, 'expected_rise': 0.003012595232576132, 'bucket_idx': 5, 'investment_fraction': 0.009088217584950476, 'investment_amount': 628.6825122046781, 'allocated_amount': 628.6825122046781, 'exit_date': Timestamp('2017-08-16 00:00:00')}, {'ticker': 'BRK-A', 'sector': 'Financial', 'prob_up': 0.46875, 'predicted_prob': 0.46875, 'expected_rise': 0.0008322157664224505, 'bucket_idx': 0, 'investment_fraction': 0.012103500331724327, 'investment_amount': 837.2663752702252, 'allocated_amount': 837.2663752702252, 'exit_date': Timestamp('2017-08-16 00:00:00')}, {'ticker': 'FB', 'sector': 'Technology', 'prob_up': 0.45068359375, 'predicted_prob': 0.45068359375, 'expected_rise': 0.009867002256214619, 'bucket_idx': 0, 'investment_fraction': 0.008728731180020677, 'investment_amount': 603.8148399639804, 'allocated_amount': 603.8148399639804, 'exit_date': Timestamp('2017-08-16 00:00:00')}]",5,100000.0,1109,True,False,42,/mnt/primary/simulation/trained_models_multiclass,12,12,0.2,0.3,200,5,60,1.0,0.0001,0.3,True,True,0.3,0.7,0.3,0.5,0.5,0.1,3,100.0,0.5,"[[0.08, 0.6], [0.15, 0.35]]",sector,sector,0.14460302093247346,BiGRU,6,corn,20,128,128,1,0.3,0.4,0.002368185640959,2.5898782569408105e-05,64,30,10,0.0038640829279896,7,0.4,5,1.3109464249779392,1.0437863717804818,2.6961818009299283,15,0.3419711337313805,0.7051296774893804,31,0.0665674589000914,2
2017-08-10,65419.133968542235,59179.972793084526,103986.78130962745,103986.78130962745,-92.093276593921,-0.0008848412029824892,0,KELLY_ONLY,11377.05274753541,6239.161175457712,False,False,,"[{'date': Timestamp('2017-08-03 00:00:00'), 'exit_date': Timestamp('2017-08-10 00:00:00'), 'ticker': 'AMGN', 'sector': 'Healthcare', 'allocated_amount': 2354.5968108961047, 'prob_up': 0.5693359375, 'expected_rise': 0.003733470570296049, 'actual_return': -0.029107774737366032, 'pnl': -68.53707356888427, 'exit_reason': 'scheduled'}, {'date': Timestamp('2017-08-03 00:00:00'), 'exit_date': Timestamp('2017-08-10 00:00:00'), 'ticker': 'V', 'sector': 'Financial', 'allocated_amount': 1358.613431580423, 'prob_up': 0.51416015625, 'expected_rise': 0.0052488879300653934, 'actual_return': -0.010935461216242559, 'pnl': -14.85706448891393, 'exit_reason': 'scheduled'}, {'date': Timestamp('2017-08-03 00:00:00'), 'exit_date': Timestamp('2017-08-10 00:00:00'), 'ticker': 'UPS', 'sector': 'Services', 'allocated_amount': 441.9177493828997, 'prob_up': 0.49658203125, 'expected_rise': 0.002953279297798872, 'actual_return': -0.005380192038563214, 'pnl': -2.3776023569296507, 'exit_reason': 'scheduled'}, {'date': Timestamp('2017-08-03 00:00:00'), 'exit_date': Timestamp('2017-08-10 00:00:00'), 'ticker': 'NEE', 'sector': 'Utilities', 'allocated_amount': 141.38439935845665, 'prob_up': 0.494140625, 'expected_rise': 0.0014675719430670142, 'actual_return': 0.0012200624138567484, 'pnl': 0.17249779156296513, 'exit_reason': 'scheduled'}, {'date': Timestamp('2017-08-03 00:00:00'), 'exit_date': Timestamp('2017-08-10 00:00:00'), 'ticker': 'SPLP', 'sector': 'Conglomerates', 'allocated_amount': 742.4433312608627, 'prob_up': 0.493896484375, 'expected_rise': 9.833602234721184e-06, 'actual_return': 0.005434782608695787, 'pnl': 4.035018104678702, 'exit_reason': 'scheduled'}, {'date': Timestamp('2017-08-03 00:00:00'), 'exit_date': Timestamp('2017-08-10 00:00:00'), 'ticker': 'ORCL', 'sector': 'Technology', 'allocated_amount': 248.29755359341928, 'prob_up': 0.486328125, 'expected_rise': 0.0011961960699409246, 'actual_return': -0.042404977105315544, 'pnl': -10.529052075434803, 'exit_reason': 'scheduled'}]","[{'ticker': 'AMGN', 'sector': 'Healthcare', 'prob_up': 0.6337890625, 'predicted_prob': 0.6337890625, 'expected_rise': 0.004449799191206694, 'bucket_idx': 5, 'investment_fraction': 0.061188733027415634, 'investment_amount': 4002.9139232858683, 'allocated_amount': 4002.9139232858683, 'exit_date': Timestamp('2017-08-17 00:00:00')}, {'ticker': 'V', 'sector': 'Financial', 'prob_up': 0.5048828125, 'predicted_prob': 0.5048828125, 'expected_rise': 0.005168482661247253, 'bucket_idx': 0, 'investment_fraction': 0.017643028198599843, 'investment_amount': 1154.1916253349716, 'allocated_amount': 1154.1916253349716, 'exit_date': Timestamp('2017-08-17 00:00:00')}, {'ticker': 'UPS', 'sector': 'Services', 'prob_up': 0.5009765625, 'predicted_prob': 0.5009765625, 'expected_rise': 0.002999659162014723, 'bucket_idx': 5, 'investment_fraction': 0.008659536467888173, 'investment_amount': 566.4993762982534, 'allocated_amount': 566.4993762982534, 'exit_date': Timestamp('2017-08-17 00:00:00')}, {'ticker': 'FB', 'sector': 'Technology', 'prob_up': 0.448486328125, 'predicted_prob': 0.448486328125, 'expected_rise': 0.009822692722082138, 'bucket_idx': 0, 'investment_fraction': 0.007880817419358255, 'investment_amount': 515.556250538619, 'allocated_amount': 515.556250538619, 'exit_date': Timestamp('2017-08-17 00:00:00')}]",5,100000.0,1109,True,False,42,/mnt/primary/simulation/trained_models_multiclass,12,12,0.2,0.3,200,5,60,1.0,0.0001,0.3,True,True,0.3,0.7,0.3,0.5,0.5,0.1,3,100.0,0.5,"[[0.08, 0.6], [0.15, 0.35]]",sector,sector,0.14460302093247346,BiGRU,6,corn,20,128,128,1,0.3,0.4,0.002368185640959,2.5898782569408105e-05,64,30,10,0.0038640829279896,7,0.4,5,1.3109464249779392,1.0437863717804818,2.6961818009299283,15,0.3419711337313805,0.7051296774893804,31,0.0665674589000914,2
2017-08-11,67999.59418750934,55191.33418935267,103850.18317715405,103850.18317715405,-136.59813247340045,-0.0013136105450429758,0,KELLY_ONLY,13329.202930160442,12808.259998156673,False,False,,"[{'date': Timestamp('2017-08-04 00:00:00'), 'exit_date': Timestamp('2017-08-11 00:00:00'), 'ticker': 'AMGN', 'sector': 'Healthcare', 'allocated_amount': 3160.4602793245667, 'prob_up': 0.60302734375, 'expected_rise': 0.0044518448412418365, 'actual_return': -0.02542429017805159, 'pnl': -80.35245923775376, 'exit_reason': 'scheduled'}, {'date': Timestamp('2017-08-04 00:00:00'), 'exit_date': Timestamp('2017-08-11 00:00:00'), 'ticker': 'IEP', 'sector': 'Conglomerates', 'allocated_amount': 2781.8385601761156, 'prob_up': 0.55224609375, 'expected_rise': 0.007648960221558809, 'actual_return': -0.0011287057938298428, 'pnl': -3.1398773003700495, 'exit_reason': 'scheduled'}, {'date': Timestamp('2017-08-04 00:00:00'), 'exit_date': Timestamp('2017-08-11 00:00:00'), 'ticker': 'NGG', 'sector': 'Utilities', 'allocated_amount': 494.5671452274004, 'prob_up': 0.5458984375, 'expected_rise': 0.001034372253343463, 'actual_return': -0.004590739420317846, 'pnl': -2.270428889589488, 'exit_reason': 'scheduled'}, {'date': Timestamp('2017-08-04 00:00:00'), 'exit_date': Timestamp('2017-08-11 00:00:00'), 'ticker': 'HON', 'sector': 'Industrial Goods', 'allocated_amount': 1120.563503893745, 'prob_up': 0.50390625, 'expected_rise': 0.0017810368444770575, 'actual_return': -0.024635798146605103, 'pnl': -27.605976292378845, 'exit_reason': 'scheduled'}, {'date': Timestamp('2017-08-04 00:00:00'), 'exit_date': Timestamp('2017-08-11 00:00:00'), 'ticker': 'ORCL', 'sector': 'Technology', 'allocated_amount': 387.2290023809802, 'prob_up': 0.49169921875, 'expected_rise': 0.0012316567590460181, 'actual_return': -0.034427482674689536, 'pnl': -13.33131977060851, 'exit_reason': 'scheduled'}, {'date': Timestamp('2017-08-04 00:00:00'), 'exit_date': Timestamp('2017-08-11 00:00:00'), 'ticker': 'CMCSA', 'sector': 'Services', 'allocated_amount': 254.890250392236, 'prob_up': 0.479248046875, 'expected_rise': 0.0025616285856813192, 'actual_return': 0.038131390814716726, 'pnl': 9.719319752567355, 'exit_reason': 'scheduled'}, {'date': Timestamp('2017-08-04 00:00:00'), 'exit_date': Timestamp('2017-08-11 00:00:00'), 'ticker': 'BRK-A', 'sector': 'Financial', 'allocated_amount': 756.670785503163, 'prob_up': 0.468017578125, 'expected_rise': 0.0008301542839035392, 'actual_return': -0.025925925925925908, 'pnl': -19.617390735267175, 'exit_reason': 'scheduled'}]","[{'ticker': 'AMGN', 'sector': 'Healthcare', 'prob_up': 0.6513671875, 'predicted_prob': 0.6513671875, 'expected_rise': 0.0046290806494653225, 'bucket_idx': 5, 'investment_fraction': 0.06782851107890579, 'investment_amount': 4612.311227708576, 'allocated_amount': 4612.311227708576, 'exit_date': Timestamp('2017-08-18 00:00:00')}, {'ticker': 'IEP', 'sector': 'Conglomerates', 'prob_up': 0.55810546875, 'predicted_prob': 0.55810546875, 'expected_rise': 0.007767532020807266, 'bucket_idx': 5, 'investment_fraction': 0.04541587035817404, 'investment_amount': 3088.2607540283693, 'allocated_amount': 3088.2607540283693, 'exit_date': Timestamp('2017-08-18 00:00:00')}, {'ticker': 'NGG', 'sector': 'Utilities', 'prob_up': 0.54345703125, 'predicted_prob': 0.54345703125, 'expected_rise': 0.001008449587970972, 'bucket_idx': 5, 'investment_fraction': 0.007116087202742949, 'investment_amount': 483.89104198944904, 'allocated_amount': 483.89104198944904, 'exit_date': Timestamp('2017-08-18 00:00:00')}, {'ticker': 'HON', 'sector': 'Industrial Goods', 'prob_up': 0.5205078125, 'predicted_prob': 0.5205078125, 'expected_rise': 0.0018578274175524712, 'bucket_idx': 0, 'investment_fraction': 0.023487292848382847, 'investment_amount': 1597.126382253224, 'allocated_amount': 1597.126382253224, 'exit_date': Timestamp('2017-08-18 00:00:00')}, {'ticker': 'CHTR', 'sector': 'Services', 'prob_up': 0.517578125, 'predicted_prob': 0.517578125, 'expected_rise': 0.004757068585604429, 'bucket_idx': 5, 'investment_fraction': 0.03186929964826535, 'investment_amount': 2167.099443122178, 'allocated_amount': 2167.099443122178, 'exit_date': Timestamp('2017-08-18 00:00:00')}, {'ticker': 'BAC', 'sector': 'Financial', 'prob_up': 0.490966796875, 'predicted_prob': 0.490966796875, 'expected_rise': 0.0015098995063453913, 'bucket_idx': 0, 'investment_fraction': 0.012640827630303242, 'investment_amount': 859.5711490548758, 'allocated_amount': 859.5711490548758, 'exit_date': Timestamp('2017-08-18 00:00:00')}]",5,100000.0,1109,True,False,42,/mnt/primary/simulation/trained_models_multiclass,12,12,0.2,0.3,200,5,60,1.0,0.0001,0.3,True,True,0.3,0.7,0.3,0.5,0.5,0.1,3,100.0,0.5,"[[0.08, 0.6], [0.15, 0.35]]",sector,sector,0.14460302093247346,BiGRU,6,corn,20,128,128,1,0.3,0.4,0.002368185640959,2.5898782569408105e-05,64,30,10,0.0038640829279896,7,0.4,5,1.3109464249779392,1.0437863717804818,2.6961818009299283,15,0.3419711337313805,0.7051296774893804,31,0.0665674589000914,2
2017-08-14,61553.172535042526,57823.9077321416,103905.86265052503,103905.86265052503,55.67947337099492,0.0005361519033240114,0,KELLY_ONLY,10940.13294910431,3729.2648029009447,False,False,,"[{'date': Timestamp('2017-08-07 00:00:00'), 'exit_date': Timestamp('2017-08-14 00:00:00'), 'ticker': 'CHTR', 'sector': 'Services', 'allocated_amount': 2035.3829719674732, 'prob_up': 0.51416015625, 'expected_rise': 0.004806519020348787, 'actual_return': 0.052648151223373185, 'pnl': 107.15915050562228, 'exit_reason': 'scheduled'}, {'date': Timestamp('2017-08-07 00:00:00'), 'exit_date': Timestamp('2017-08-14 00:00:00'), 'ticker': 'V', 'sector': 'Financial', 'allocated_amount': 1320.9355086032933, 'prob_up': 0.51123046875, 'expected_rise': 0.005246342625468969, 'actual_return': 0.003744260592063453, 'pnl': 4.9459267695206055, 'exit_reason': 'scheduled'}, {'date': Timestamp('2017-08-07 00:00:00'), 'exit_date': Timestamp('2017-08-14 00:00:00'), 'ticker': 'CELG', 'sector': 'Healthcare', 'allocated_amount': 1523.7988778593842, 'prob_up': 0.50439453125, 'expected_rise': 0.0033980023581534624, 'actual_return': -0.02991384109023565, 'pnl': -45.58267748576502, 'exit_reason': 'scheduled'}, {'date': Timestamp('2017-08-07 00:00:00'), 'exit_date': Timestamp('2017-08-14 00:00:00'), 'ticker': 'GE', 'sector': 'Industrial Goods', 'allocated_amount': 696.2327569737917, 'prob_up': 0.497802734375, 'expected_rise': 0.0014344777446240187, 'actual_return': -0.010534452225300583, 'pnl': -7.33443071602972, 'exit_reason': 'scheduled'}, {'date': Timestamp('2017-08-07 00:00:00'), 'exit_date': Timestamp('2017-08-14 00:00:00'), 'ticker': 'NEE', 'sector': 'Utilities', 'allocated_amount': 124.47275782733335, 'prob_up': 0.493408203125, 'expected_rise': 0.0014621327864006162, 'actual_return': 0.006594615720840746, 'pnl': 0.8208500055845356, 'exit_reason': 'scheduled'}, {'date': Timestamp('2017-08-07 00:00:00'), 'exit_date': Timestamp('2017-08-14 00:00:00'), 'ticker': 'FB', 'sector': 'Technology', 'allocated_amount': 605.3359990876037, 'prob_up': 0.451416015625, 'expected_rise': 0.009897544980049133, 'actual_return': -0.007151971325781381, 'pnl': -4.329345707937766, 'exit_reason': 'scheduled'}]","[{'ticker': 'CHTR', 'sector': 'Services', 'prob_up': 0.517578125, 'predicted_prob': 0.517578125, 'expected_rise': 0.004751547705382109, 'bucket_idx': 5, 'investment_fraction': 0.03185289220117179, 'investment_amount': 1960.6465693988378, 'allocated_amount': 1960.6465693988378, 'exit_date': Timestamp('2017-08-21 00:00:00')}, {'ticker': 'V', 'sector': 'Financial', 'prob_up': 0.5029296875, 'predicted_prob': 0.5029296875, 'expected_rise': 0.00516315083950758, 'bucket_idx': 0, 'investment_fraction': 0.017078984559818246, 'investment_amount': 1051.2656833338199, 'allocated_amount': 1051.2656833338199, 'exit_date': Timestamp('2017-08-21 00:00:00')}, {'ticker': 'GE', 'sector': 'Industrial Goods', 'prob_up': 0.48291015625, 'predicted_prob': 0.48291015625, 'expected_rise': 0.0014376816106960177, 'bucket_idx': 0, 'investment_fraction': 0.004480244499379837, 'investment_amount': 275.7732626695024, 'allocated_amount': 275.7732626695024, 'exit_date': Timestamp('2017-08-21 00:00:00')}, {'ticker': 'FB', 'sector': 'Technology', 'prob_up': 0.44580078125, 'predicted_prob': 0.44580078125, 'expected_rise': 0.009774482809007168, 'bucket_idx': 0, 'investment_fraction': 0.007173948462971447, 'investment_amount': 441.57928749878465, 'allocated_amount': 441.57928749878465, 'exit_date': Timestamp('2017-08-21 00:00:00')}]",5,100000.0,1109,True,False,42,/mnt/primary/simulation/trained_models_multiclass,12,12,0.2,0.3,200,5,60,1.0,0.0001,0.3,True,True,0.3,0.7,0.3,0.5,0.5,0.1,3,100.0,0.5,"[[0.08, 0.6], [0.15, 0.35]]",sector,sector,0.14460302093247346,BiGRU,6,corn,20,128,128,1,0.3,0.4,0.002368185640959,2.5898782569408105e-05,64,30,10,0.0038640829279896,7,0.4,5,1.3109464249779392,1.0437863717804818,2.6961818009299283,15,0.3419711337313805,0.7051296774893804,31,0.0665674589000914,2
2017-08-15,71896.53603266459,64958.82494154133,103624.80488920999,103624.80488920999,-281.05776131503626,-0.0027049268842542773,0,KELLY_ONLY,7425.442908314802,6937.711091123265,False,False,,"[{'date': Timestamp('2017-08-08 00:00:00'), 'exit_date': Timestamp('2017-08-15 00:00:00'), 'ticker': 'AMGN', 'sector': 'Healthcare', 'allocated_amount': 4862.920219909604, 'prob_up': 0.64599609375, 'expected_rise': 0.004793141502887011, 'actual_return': -0.02101450260792781, 'pnl': -102.19184964343526, 'exit_reason': 'scheduled'}, {'date': Timestamp('2017-08-08 00:00:00'), 'exit_date': Timestamp('2017-08-15 00:00:00'), 'ticker': 'IEP', 'sector': 'Conglomerates', 'allocated_amount': 3255.201179094877, 'prob_up': 0.55419921875, 'expected_rise': 0.007695551961660385, 'actual_return': -0.0706092844195213, 'pnl': -229.84742589747125, 'exit_reason': 'scheduled'}, {'date': Timestamp('2017-08-08 00:00:00'), 'exit_date': Timestamp('2017-08-15 00:00:00'), 'ticker': 'NGG', 'sector': 'Utilities', 'allocated_amount': 567.6409363842233, 'prob_up': 0.5458984375, 'expected_rise': 0.0010332709643989801, 'actual_return': 0.0026949586970526074, 'pnl': 1.5297688783117485, 'exit_reason': 'scheduled'}, {'date': Timestamp('2017-08-08 00:00:00'), 'exit_date': Timestamp('2017-08-15 00:00:00'), 'ticker': 'CHTR', 'sector': 'Services', 'allocated_amount': 2300.788268175893, 'prob_up': 0.51513671875, 'expected_rise': 0.004775744862854481, 'actual_return': 0.02047469146889025, 'pnl': 47.107929926143726, 'exit_reason': 'scheduled'}, {'date': Timestamp('2017-08-08 00:00:00'), 'exit_date': Timestamp('2017-08-15 00:00:00'), 'ticker': 'HON', 'sector': 'Industrial Goods', 'allocated_amount': 1552.9282579827502, 'prob_up': 0.51318359375, 'expected_rise': 0.001809434499591589, 'actual_return': -0.009014206519278978, 'pnl': -13.998416027080653, 'exit_reason': 'scheduled'}, {'date': Timestamp('2017-08-08 00:00:00'), 'exit_date': Timestamp('2017-08-15 00:00:00'), 'ticker': 'V', 'sector': 'Financial', 'allocated_amount': 1397.812098978303, 'prob_up': 0.50830078125, 'expected_rise': 0.0052154408767819405, 'actual_return': 0.013329364270629585, 'pnl': 18.631946649175138, 'exit_reason': 'scheduled'}, {'date': Timestamp('2017-08-08 00:00:00'), 'exit_date': Timestamp('2017-08-15 00:00:00'), 'ticker': 'ORCL', 'sector': 'Technology', 'allocated_amount': 416.395101312397, 'prob_up': 0.489990234375, 'expected_rise': 0.001221961691044271, 'actual_return': -0.0054989004276537745, 'pnl': -2.2897152006796766, 'exit_reason': 'scheduled'}]","[{'ticker': 'IEP', 'sector': 'Conglomerates', 'prob_up': 0.55322265625, 'predicted_prob': 0.55322265625, 'expected_rise': 0.007684363983571529, 'bucket_idx': 5, 'investment_fraction': 0.04381842420422967, 'investment_amount': 3150.392914693981, 'allocated_amount': 3150.392914693981, 'exit_date': Timestamp('2017-08-22 00:00:00')}, {'ticker': 'NGG', 'sector': 'Utilities', 'prob_up': 0.5478515625, 'predicted_prob': 0.5478515625, 'expected_rise': 0.0010486082173883915, 'bucket_idx': 5, 'investment_fraction': 0.008969828539054125, 'investment_amount': 644.8996007649281, 'allocated_amount': 644.8996007649281, 'exit_date': Timestamp('2017-08-22 00:00:00')}, {'ticker': 'V', 'sector': 'Financial', 'prob_up': 0.49951171875, 'predicted_prob': 0.49951171875, 'expected_rise': 0.005151093006134033, 'bucket_idx': 0, 'investment_fraction': 0.015720725255733092, 'investment_amount': 1130.2656898084344, 'allocated_amount': 1130.2656898084344, 'exit_date': Timestamp('2017-08-22 00:00:00')}, {'ticker': 'BUD', 'sector': 'Consumer Goods', 'prob_up': 0.495361328125, 'predicted_prob': 0.495361328125, 'expected_rise': 0.001633287058211863, 'bucket_idx': 0, 'investment_fraction': 0.001543674445151555, 'investment_amount': 110.9848453685423, 'allocated_amount': 110.9848453685423, 'exit_date': Timestamp('2017-08-22 00:00:00')}, {'ticker': 'UNH', 'sector': 'Healthcare', 'prob_up': 0.489990234375, 'predicted_prob': 0.489990234375, 'expected_rise': 0.003229781985282898, 'bucket_idx': 0, 'investment_fraction': 0.015256744218621367, 'investment_amount': 1096.9070604552583, 'allocated_amount': 1096.9070604552583, 'exit_date': Timestamp('2017-08-22 00:00:00')}, {'ticker': 'CMCSA', 'sector': 'Services', 'prob_up': 0.486328125, 'predicted_prob': 0.486328125, 'expected_rise': 0.0026056631468236446, 'bucket_idx': 0, 'investment_fraction': 0.006922270288159927, 'investment_amount': 497.6872552005337, 'allocated_amount': 497.6872552005337, 'exit_date': Timestamp('2017-08-22 00:00:00')}, {'ticker': 'GE', 'sector': 'Industrial Goods', 'prob_up': 0.482177734375, 'predicted_prob': 0.482177734375, 'expected_rise': 0.0014437095960602164, 'bucket_idx': 0, 'investment_fraction': 0.00426409590431871, 'investment_amount': 306.57372483158764, 'allocated_amount': 306.57372483158764, 'exit_date': Timestamp('2017-08-22 00:00:00')}]",5,100000.0,1109,True,False,42,/mnt/primary/simulation/trained_models_multiclass,12,12,0.2,0.3,200,5,60,1.0,0.0001,0.3,True,True,0.3,0.7,0.3,0.5,0.5,0.1,3,100.0,0.5,"[[0.08, 0.6], [0.15, 0.35]]",sector,sector,0.14460302093247346,BiGRU,6,corn,20,128,128,1,0.3,0.4,0.002368185640959,2.5898782569408105e-05,64,30,10,0.0038640829279896,7,0.4,5,1.3109464249779392,1.0437863717804818,2.6961818009299283,15,0.3419711337313805,0.7051296774893804,31,0.0665674589000914,2
2017-08-16,73594.57595907316,64977.26818814063,103308.97302671176,103308.97302671176,-315.83186249823194,-0.003047840358646803,0,KELLY_ONLY,8617.307770932537,8617.307770932537,False,False,,"[{'date': Timestamp('2017-08-09 00:00:00'), 'exit_date': Timestamp('2017-08-16 00:00:00'), 'ticker': 'IEP', 'sector': 'Conglomerates', 'allocated_amount': 3099.905340764962, 'prob_up': 0.556640625, 'expected_rise': 0.007728178054094315, 'actual_return': -0.08507192752057291, 'pnl': -263.71492247019376, 'exit_reason': 'scheduled'}, {'date': Timestamp('2017-08-09 00:00:00'), 'exit_date': Timestamp('2017-08-16 00:00:00'), 'ticker': 'NGG', 'sector': 'Utilities', 'allocated_amount': 484.8289369530343, 'prob_up': 0.5439453125, 'expected_rise': 0.0010131422895938158, 'actual_return': -0.001895718829316273, 'pnl': -0.9190993447792594, 'exit_reason': 'scheduled'}, {'date': Timestamp('2017-08-09 00:00:00'), 'exit_date': Timestamp('2017-08-16 00:00:00'), 'ticker': 'HON', 'sector': 'Industrial Goods', 'allocated_amount': 1670.503828374036, 'prob_up': 0.52197265625, 'expected_rise': 0.0018470743671059608, 'actual_return': -0.006618690647481995, 'pnl': -11.0565480654421, 'exit_reason': 'scheduled'}, {'date': Timestamp('2017-08-09 00:00:00'), 'exit_date': Timestamp('2017-08-16 00:00:00'), 'ticker': 'CELG', 'sector': 'Healthcare', 'allocated_amount': 1626.5810464991516, 'prob_up': 0.50634765625, 'expected_rise': 0.003440184984356165, 'actual_return': -0.03179178120128001, 'pnl': -51.7119087364501, 'exit_reason': 'scheduled'}, {'date': Timestamp('2017-08-09 00:00:00'), 'exit_date': Timestamp('2017-08-16 00:00:00'), 'ticker': 'UPS', 'sector': 'Services', 'allocated_amount': 628.6825122046781, 'prob_up': 0.501953125, 'expected_rise': 0.003012595232576132, 'actual_return': 0.020905594843676045, 'pnl': 13.142981885455422, 'exit_reason': 'scheduled'}, {'date': Timestamp('2017-08-09 00:00:00'), 'exit_date': Timestamp('2017-08-16 00:00:00'), 'ticker': 'BRK-A', 'sector': 'Financial', 'allocated_amount': 837.2663752702252, 'prob_up': 0.46875, 'expected_rise': 0.0008322157664224505, 'actual_return': 0.0030932853986442854, 'pnl': 2.5899038533992145, 'exit_reason': 'scheduled'}, {'date': Timestamp('2017-08-09 00:00:00'), 'exit_date': Timestamp('2017-08-16 00:00:00'), 'ticker': 'FB', 'sector': 'Technology', 'allocated_amount': 603.8148399639804, 'prob_up': 0.45068359375, 'expected_rise': 0.009867002256214619, 'actual_return': -0.006893288049147128, 'pnl': -4.162269620221392, 'exit_reason': 'scheduled'}]","[{'ticker': 'NGG', 'sector': 'Utilities', 'prob_up': 0.5498046875, 'predicted_prob': 0.5498046875, 'expected_rise': 0.0010691338684409857, 'bucket_idx': 5, 'investment_fraction': 0.00966420080468573, 'investment_amount': 711.23276020418, 'allocated_amount': 711.23276020418, 'exit_date': Timestamp('2017-08-23 00:00:00')}, {'ticker': 'IEP', 'sector': 'Conglomerates', 'prob_up': 0.54931640625, 'predicted_prob': 0.54931640625, 'expected_rise': 0.007563415914773941, 'bucket_idx': 5, 'investment_fraction': 0.04232630540371002, 'investment_amount': 3114.9864981002656, 'allocated_amount': 3114.9864981002656, 'exit_date': Timestamp('2017-08-23 00:00:00')}, {'ticker': 'CELG', 'sector': 'Healthcare', 'prob_up': 0.50537109375, 'predicted_prob': 0.50537109375, 'expected_rise': 0.0034195631742477417, 'bucket_idx': 0, 'investment_fraction': 0.02287647265429417, 'investment_amount': 1683.5843044321123, 'allocated_amount': 1683.5843044321123, 'exit_date': Timestamp('2017-08-23 00:00:00')}, {'ticker': 'HON', 'sector': 'Industrial Goods', 'prob_up': 0.50244140625, 'predicted_prob': 0.50244140625, 'expected_rise': 0.0017710940446704626, 'bucket_idx': 0, 'investment_fraction': 0.016907751737210208, 'investment_amount': 1244.3188195212679, 'allocated_amount': 1244.3188195212679, 'exit_date': Timestamp('2017-08-23 00:00:00')}, {'ticker': 'BUD', 'sector': 'Consumer Goods', 'prob_up': 0.49609375, 'predicted_prob': 0.49609375, 'expected_rise': 0.001640726812183857, 'bucket_idx': 0, 'investment_fraction': 0.0018826720349741088, 'investment_amount': 138.5544500839249, 'allocated_amount': 138.5544500839249, 'exit_date': Timestamp('2017-08-23 00:00:00')}, {'ticker': 'BAC', 'sector': 'Financial', 'prob_up': 0.4853515625, 'predicted_prob': 0.4853515625, 'expected_rise': 0.0014578995760530233, 'bucket_idx': 0, 'investment_fraction': 0.010533621077865409, 'investment_amount': 775.21737653906, 'allocated_amount': 775.21737653906, 'exit_date': Timestamp('2017-08-23 00:00:00')}, {'ticker': 'CMCSA', 'sector': 'Services', 'prob_up': 0.484130859375, 'predicted_prob': 0.484130859375, 'expected_rise': 0.0025919971521943808, 'bucket_idx': 0, 'investment_fraction': 0.006216891664832947, 'investment_amount': 457.5295058568771, 'allocated_amount': 457.5295058568771, 'exit_date': Timestamp('2017-08-23 00:00:00')}, {'ticker': 'FB', 'sector': 'Technology', 'prob_up': 0.443603515625, 'predicted_prob': 0.443603515625, 'expected_rise': 0.00974227488040924, 'bucket_idx': 0, 'investment_fraction': 0.006683699848591984, 'investment_amount': 491.8840561948486, 'allocated_amount': 491.8840561948486, 'exit_date': Timestamp('2017-08-23 00:00:00')}]",5,100000.0,1109,True,False,42,/mnt/primary/simulation/trained_models_multiclass,12,12,0.2,0.3,200,5,60,1.0,0.0001,0.3,True,True,0.3,0.7,0.3,0.5,0.5,0.1,3,100.0,0.5,"[[0.08, 0.6], [0.15, 0.35]]",sector,sector,0.14460302093247346,BiGRU,6,corn,20,128,128,1,0.3,0.4,0.002368185640959,2.5898782569408105e-05,64,30,10,0.0038640829279896,7,0.4,5,1.3109464249779392,1.0437863717804818,2.6961818009299283,15,0.3419711337313805,0.7051296774893804,31,0.0665674589000914,2
2017-08-17,71225.33812800792,62770.98210461817,103317.88179112134,103317.88179112133,8.908764409568274,8.62341783929299e-05,0,KELLY_ONLY,12127.719109616544,8454.35602338975,False,False,,"[{'date': Timestamp('2017-08-10 00:00:00'), 'exit_date': Timestamp('2017-08-17 00:00:00'), 'ticker': 'AMGN', 'sector': 'Healthcare', 'allocated_amount': 4002.9139232858683, 'prob_up': 0.6337890625, 'expected_rise': 0.004449799191206694, 'actual_return': -0.007687321816052806, 'pnl': -30.771687530256983, 'exit_reason': 'scheduled'}, {'date': Timestamp('2017-08-10 00:00:00'), 'exit_date': Timestamp('2017-08-17 00:00:00'), 'ticker': 'V', 'sector': 'Financial', 'allocated_amount': 1154.1916253349716, 'prob_up': 0.5048828125, 'expected_rise': 0.005168482661247253, 'actual_return': 0.026836928873996024, 'pnl': 30.9749585560765, 'exit_reason': 'scheduled'}, {'date': Timestamp('2017-08-10 00:00:00'), 'exit_date': Timestamp('2017-08-17 00:00:00'), 'ticker': 'UPS', 'sector': 'Services', 'allocated_amount': 566.4993762982534, 'prob_up': 0.5009765625, 'expected_rise': 0.002999659162014723, 'actual_return': 0.018031013668067253, 'pnl': 10.21455799698538, 'exit_reason': 'scheduled'}, {'date': Timestamp('2017-08-10 00:00:00'), 'exit_date': Timestamp('2017-08-17 00:00:00'), 'ticker': 'FB', 'sector': 'Technology', 'allocated_amount': 515.556250538619, 'prob_up': 0.448486328125, 'expected_rise': 0.009822692722082138, 'actual_return': -0.002927061036812284, 'pnl': -1.5090646132366239, 'exit_reason': 'scheduled'}]","[{'ticker': 'AMGN', 'sector': 'Healthcare', 'prob_up': 0.62744140625, 'predicted_prob': 0.62744140625, 'expected_rise': 0.004239097237586975, 'bucket_idx': 5, 'investment_fraction': 0.05886557987608583, 'investment_amount': 4192.720830775472, 'allocated_amount': 4192.720830775472, 'exit_date': Timestamp('2017-08-24 00:00:00')}, {'ticker': 'CHTR', 'sector': 'Services', 'prob_up': 0.5166015625, 'predicted_prob': 0.5166015625, 'expected_rise': 0.004721592180430889, 'bucket_idx': 5, 'investment_fraction': 0.03169567196808348, 'investment_amount': 2257.534953121168, 'allocated_amount': 2257.534953121168, 'exit_date': Timestamp('2017-08-24 00:00:00')}, {'ticker': 'BUD', 'sector': 'Consumer Goods', 'prob_up': 0.497802734375, 'predicted_prob': 0.497802734375, 'expected_rise': 0.0016590399900451303, 'bucket_idx': 0, 'investment_fraction': 0.0024080921922320035, 'investment_amount': 171.51718063514028, 'allocated_amount': 171.51718063514028, 'exit_date': Timestamp('2017-08-24 00:00:00')}, {'ticker': 'V', 'sector': 'Financial', 'prob_up': 0.49755859375, 'predicted_prob': 0.49755859375, 'expected_rise': 0.005137035623192787, 'bucket_idx': 0, 'investment_fraction': 0.014971222028467158, 'investment_amount': 1066.330351167054, 'allocated_amount': 1066.330351167054, 'exit_date': Timestamp('2017-08-24 00:00:00')}, {'ticker': 'ORCL', 'sector': 'Technology', 'prob_up': 0.494384765625, 'predicted_prob': 0.494384765625, 'expected_rise': 0.0012440207647159696, 'bucket_idx': 0, 'investment_fraction': 0.007010067426458034, 'investment_amount': 499.29442274960775, 'allocated_amount': 499.29442274960775, 'exit_date': Timestamp('2017-08-24 00:00:00')}, {'ticker': 'GE', 'sector': 'Industrial Goods', 'prob_up': 0.48095703125, 'predicted_prob': 0.48095703125, 'expected_rise': 0.0014558236580342054, 'bucket_idx': 0, 'investment_fraction': 0.003748080275330157, 'investment_amount': 266.95828494130745, 'allocated_amount': 266.95828494130745, 'exit_date': Timestamp('2017-08-24 00:00:00')}]",5,100000.0,1109,True,False,42,/mnt/primary/simulation/trained_models_multiclass,12,12,0.2,0.3,200,5,60,1.0,0.0001,0.3,True,True,0.3,0.7,0.3,0.5,0.5,0.1,3,100.0,0.5,"[[0.08, 0.6], [0.15, 0.35]]",sector,sector,0.14460302093247346,BiGRU,6,corn,20,128,128,1,0.3,0.4,0.002368185640959,2.5898782569408105e-05,64,30,10,0.0038640829279896,7,0.4,5,1.3109464249779392,1.0437863717804818,2.6961818009299283,15,0.3419711337313805,0.7051296774893804,31,0.0665674589000914,2
2017-08-18,75303.75016804037,63410.7006019968,103042.38985638686,103042.38985638684,-275.4919347344698,-0.0026664496983342945,0,KELLY_ONLY,13217.110833071929,11893.049566043543,False,False,,"[{'date': Timestamp('2017-08-11 00:00:00'), 'exit_date': Timestamp('2017-08-18 00:00:00'), 'ticker': 'AMGN', 'sector': 'Healthcare', 'allocated_amount': 4612.311227708576, 'prob_up': 0.6513671875, 'expected_rise': 0.0046290806494653225, 'actual_return': -0.012630585424152074, 'pnl': -58.256190964348896, 'exit_reason': 'scheduled'}, {'date': Timestamp('2017-08-11 00:00:00'), 'exit_date': Timestamp('2017-08-18 00:00:00'), 'ticker': 'IEP', 'sector': 'Conglomerates', 'allocated_amount': 3088.2607540283693, 'prob_up': 0.55810546875, 'expected_rise': 0.007767532020807266, 'actual_return': -0.05838037884671854, 'pnl': -180.29383279762885, 'exit_reason': 'scheduled'}, {'date': Timestamp('2017-08-11 00:00:00'), 'exit_date': Timestamp('2017-08-18 00:00:00'), 'ticker': 'NGG', 'sector': 'Utilities', 'allocated_amount': 483.89104198944904, 'prob_up': 0.54345703125, 'expected_rise': 0.001008449587970972, 'actual_return': -0.0015903625701279012, 'pnl': -0.7695622012002084, 'exit_reason': 'scheduled'}, {'date': Timestamp('2017-08-11 00:00:00'), 'exit_date': Timestamp('2017-08-18 00:00:00'), 'ticker': 'HON', 'sector': 'Industrial Goods', 'allocated_amount': 1597.126382253224, 'prob_up': 0.5205078125, 'expected_rise': 0.0018578274175524712, 'actual_return': -0.012006728516193999, 'pnl': -19.17626287776554, 'exit_reason': 'scheduled'}, {'date': Timestamp('2017-08-11 00:00:00'), 'exit_date': Timestamp('2017-08-18 00:00:00'), 'ticker': 'CHTR', 'sector': 'Services', 'allocated_amount': 2167.099443122178, 'prob_up': 0.517578125, 'expected_rise': 0.004757068585604429, 'actual_return': -0.003853048337170595, 'pnl': -8.34993890580523, 'exit_reason': 'scheduled'}, {'date': Timestamp('2017-08-11 00:00:00'), 'exit_date': Timestamp('2017-08-18 00:00:00'), 'ticker': 'BAC', 'sector': 'Financial', 'allocated_amount': 859.5711490548758, 'prob_up': 0.490966796875, 'expected_rise': 0.0015098995063453913, 'actual_return': -0.01005867518614112, 'pnl': -8.646146987721089, 'exit_reason': 'scheduled'}]","[{'ticker': 'AMGN', 'sector': 'Healthcare', 'prob_up': 0.60009765625, 'predicted_prob': 0.60009765625, 'expected_rise': 0.004061199724674225, 'bucket_idx': 5, 'investment_fraction': 0.048596127652715815, 'investment_amount': 3659.4706558943094, 'allocated_amount': 3659.4706558943094, 'exit_date': Timestamp('2017-08-25 00:00:00')}, {'ticker': 'NGG', 'sector': 'Utilities', 'prob_up': 0.5517578125, 'predicted_prob': 0.5517578125, 'expected_rise': 0.0010886373929679394, 'bucket_idx': 5, 'investment_fraction': 0.010754116725834229, 'investment_amount': 809.825319200165, 'allocated_amount': 809.825319200165, 'exit_date': Timestamp('2017-08-25 00:00:00')}, {'ticker': 'IEP', 'sector': 'Conglomerates', 'prob_up': 0.54736328125, 'predicted_prob': 0.54736328125, 'expected_rise': 0.007543395273387432, 'bucket_idx': 5, 'investment_fraction': 0.041333255028523044, 'investment_amount': 3112.5491102997976, 'allocated_amount': 3112.5491102997976, 'exit_date': Timestamp('2017-08-25 00:00:00')}, {'ticker': 'VZ', 'sector': 'Technology', 'prob_up': 0.52197265625, 'predicted_prob': 0.52197265625, 'expected_rise': 0.0004134261980652809, 'bucket_idx': 5, 'investment_fraction': 0.006308916334609749, 'investment_amount': 475.0850594925215, 'allocated_amount': 475.0850594925215, 'exit_date': Timestamp('2017-08-25 00:00:00')}, {'ticker': 'CHTR', 'sector': 'Services', 'prob_up': 0.517578125, 'predicted_prob': 0.517578125, 'expected_rise': 0.004725657403469086, 'bucket_idx': 5, 'investment_fraction': 0.03209351403285139, 'investment_amount': 2416.7619627443387, 'allocated_amount': 2416.7619627443387, 'exit_date': Timestamp('2017-08-25 00:00:00')}, {'ticker': 'HON', 'sector': 'Industrial Goods', 'prob_up': 0.50732421875, 'predicted_prob': 0.50732421875, 'expected_rise': 0.0017753002466633916, 'bucket_idx': 0, 'investment_fraction': 0.01884842992872352, 'investment_amount': 1419.357458412411, 'allocated_amount': 1419.357458412411, 'exit_date': Timestamp('2017-08-25 00:00:00')}]",5,100000.0,1109,True,False,42,/mnt/primary/simulation/trained_models_multiclass,12,12,0.2,0.3,200,5,60,1.0,0.0001,0.3,True,True,0.3,0.7,0.3,0.5,0.5,0.1,3,100.0,0.5,"[[0.08, 0.6], [0.15, 0.35]]",sector,sector,0.14460302093247346,BiGRU,6,corn,20,128,128,1,0.3,0.4,0.002368185640959,2.5898782569408105e-05,64,30,10,0.0038640829279896,7,0.4,5,1.3109464249779392,1.0437863717804818,2.6961818009299283,15,0.3419711337313805,0.7051296774893804,31,0.0665674589000914,2
2017-08-21,67114.12224474906,62831.52857802659,103016.54669623816,103016.54669623816,-25.843160148696782,-0.00025080124970611184,0,KELLY_ONLY,5406.974696948892,4282.593666722467,False,False,,"[{'date': Timestamp('2017-08-14 00:00:00'), 'exit_date': Timestamp('2017-08-21 00:00:00'), 'ticker': 'CHTR', 'sector': 'Services', 'allocated_amount': 1960.6465693988378, 'prob_up': 0.517578125, 'expected_rise': 0.004751547705382109, 'actual_return': -0.011543769696990669, 'pnl': -22.633252454335015, 'exit_reason': 'scheduled'}, {'date': Timestamp('2017-08-14 00:00:00'), 'exit_date': Timestamp('2017-08-21 00:00:00'), 'ticker': 'V', 'sector': 'Financial', 'allocated_amount': 1051.2656833338199, 'prob_up': 0.5029296875, 'expected_rise': 0.00516315083950758, 'actual_return': 0.013252164133145339, 'pnl': 13.931545383082973, 'exit_reason': 'scheduled'}, {'date': Timestamp('2017-08-14 00:00:00'), 'exit_date': Timestamp('2017-08-21 00:00:00'), 'ticker': 'GE', 'sector': 'Industrial Goods', 'allocated_amount': 275.7732626695024, 'prob_up': 0.48291015625, 'expected_rise': 0.0014376816106960177, 'actual_return': -0.03430603177026692, 'pnl': -9.460686310530114, 'exit_reason': 'scheduled'}, {'date': Timestamp('2017-08-14 00:00:00'), 'exit_date': Timestamp('2017-08-21 00:00:00'), 'ticker': 'FB', 'sector': 'Technology', 'allocated_amount': 441.57928749878465, 'prob_up': 0.44580078125, 'expected_rise': 0.009774482809007168, 'actual_return': -0.017393856515373285, 'pnl': -7.680766766914628, 'exit_reason': 'scheduled'}]","[{'ticker': 'UPS', 'sector': 'Services', 'prob_up': 0.5078125, 'predicted_prob': 0.5078125, 'expected_rise': 0.0030494057573378086, 'bucket_idx': 5, 'investment_fraction': 0.011569877088885606, 'investment_amount': 776.5021453001899, 'allocated_amount': 776.5021453001899, 'exit_date': Timestamp('2017-08-28 00:00:00')}, {'ticker': 'SPLP', 'sector': 'Conglomerates', 'prob_up': 0.492919921875, 'predicted_prob': 0.492919921875, 'expected_rise': 1.657172106206417e-05, 'bucket_idx': 0, 'investment_fraction': 0.01119177703744122, 'investment_amount': 751.1262922268055, 'allocated_amount': 751.1262922268055, 'exit_date': Timestamp('2017-08-28 00:00:00')}, {'ticker': 'BAC', 'sector': 'Financial', 'prob_up': 0.49072265625, 'predicted_prob': 0.49072265625, 'expected_rise': 0.001525680534541607, 'bucket_idx': 0, 'investment_fraction': 0.012662454422475634, 'investment_amount': 849.829514028593, 'allocated_amount': 849.829514028593, 'exit_date': Timestamp('2017-08-28 00:00:00')}, {'ticker': 'UNH', 'sector': 'Healthcare', 'prob_up': 0.4892578125, 'predicted_prob': 0.4892578125, 'expected_rise': 0.0032349165994673967, 'bucket_idx': 0, 'investment_fraction': 0.015212694614794943, 'investment_amount': 1020.9866460493835, 'allocated_amount': 1020.9866460493835, 'exit_date': Timestamp('2017-08-28 00:00:00')}, {'ticker': 'GE', 'sector': 'Industrial Goods', 'prob_up': 0.486572265625, 'predicted_prob': 0.486572265625, 'expected_rise': 0.0014333887957036495, 'bucket_idx': 0, 'investment_fraction': 0.005750617192191998, 'investment_amount': 385.94762521952936, 'allocated_amount': 385.94762521952936, 'exit_date': Timestamp('2017-08-28 00:00:00')}, {'ticker': 'FB', 'sector': 'Technology', 'prob_up': 0.444580078125, 'predicted_prob': 0.444580078125, 'expected_rise': 0.009741798043251038, 'bucket_idx': 0, 'investment_fraction': 0.007423198385596775, 'investment_amount': 498.2014438979658, 'allocated_amount': 498.2014438979658, 'exit_date': Timestamp('2017-08-28 00:00:00')}]",5,100000.0,1109,True,False,42,/mnt/primary/simulation/trained_models_multiclass,12,12,0.2,0.3,200,5,60,1.0,0.0001,0.3,True,True,0.3,0.7,0.3,0.5,0.5,0.1,3,100.0,0.5,"[[0.08, 0.6], [0.15, 0.35]]",sector,sector,0.14460302093247346,BiGRU,6,corn,20,128,128,1,0.3,0.4,0.002368185640959,2.5898782569408105e-05,64,30,10,0.0038640829279896,7,0.4,5,1.3109464249779392,1.0437863717804818,2.6961818009299283,15,0.3419711337313805,0.7051296774893804,31,0.0665674589000914,2
2017-08-22,69671.10090704507,59391.960867813366,102918.40793413337,102918.40793413337,-98.13876210478294,-0.00095265047462878,0,KELLY_ONLY,10279.1400392317,10279.1400392317,False,False,,"[{'date': Timestamp('2017-08-15 00:00:00'), 'exit_date': Timestamp('2017-08-22 00:00:00'), 'ticker': 'IEP', 'sector': 'Conglomerates', 'allocated_amount': 3150.392914693981, 'prob_up': 0.55322265625, 'expected_rise': 0.007684363983571529, 'actual_return': -0.0341303695694104, 'pnl': -107.52407446735758, 'exit_reason': 'scheduled'}, {'date': Timestamp('2017-08-15 00:00:00'), 'exit_date': Timestamp('2017-08-22 00:00:00'), 'ticker': 'NGG', 'sector': 'Utilities', 'allocated_amount': 644.8996007649281, 'prob_up': 0.5478515625, 'expected_rise': 0.0010486082173883915, 'actual_return': 0.0006324268774702269, 'pnl': 0.4078518407935594, 'exit_reason': 'scheduled'}, {'date': Timestamp('2017-08-15 00:00:00'), 'exit_date': Timestamp('2017-08-22 00:00:00'), 'ticker': 'V', 'sector': 'Financial', 'allocated_amount': 1130.2656898084344, 'prob_up': 0.49951171875, 'expected_rise': 0.005151093006134033, 'actual_return': 0.014031014733440816, 'pnl': 15.858774546404792, 'exit_reason': 'scheduled'}, {'date': Timestamp('2017-08-15 00:00:00'), 'exit_date': Timestamp('2017-08-22 00:00:00'), 'ticker': 'BUD', 'sector': 'Consumer Goods', 'allocated_amount': 110.9848453685423, 'prob_up': 0.495361328125, 'expected_rise': 0.001633287058211863, 'actual_return': -0.0011962744697622263, 'pnl': -0.1327683370448956, 'exit_reason': 'scheduled'}, {'date': Timestamp('2017-08-15 00:00:00'), 'exit_date': Timestamp('2017-08-22 00:00:00'), 'ticker': 'UNH', 'sector': 'Healthcare', 'allocated_amount': 1096.9070604552583, 'prob_up': 0.489990234375, 'expected_rise': 0.003229781985282898, 'actual_return': 0.0014909665809768047, 'pnl': 1.6354517695762936, 'exit_reason': 'scheduled'}, {'date': Timestamp('2017-08-15 00:00:00'), 'exit_date': Timestamp('2017-08-22 00:00:00'), 'ticker': 'CMCSA', 'sector': 'Services', 'allocated_amount': 497.6872552005337, 'prob_up': 0.486328125, 'expected_rise': 0.0026056631468236446, 'actual_return': -0.003614506024096409, 'pnl': -1.7988935820383358, 'exit_reason': 'scheduled'}, {'date': Timestamp('2017-08-15 00:00:00'), 'exit_date': Timestamp('2017-08-22 00:00:00'), 'ticker': 'GE', 'sector': 'Industrial Goods', 'allocated_amount': 306.57372483158764, 'prob_up': 0.482177734375, 'expected_rise': 0.0014437095960602164, 'actual_return': -0.02147967468097345, 'pnl': -6.585103875116774, 'exit_reason': 'scheduled'}]","[{'ticker': 'AMGN', 'sector': 'Healthcare', 'prob_up': 0.62158203125, 'predicted_prob': 0.62158203125, 'expected_rise': 0.004175716079771519, 'bucket_idx': 5, 'investment_fraction': 0.05680773140526443, 'investment_amount': 3957.8571870364913, 'allocated_amount': 3957.8571870364913, 'exit_date': Timestamp('2017-08-29 00:00:00')}, {'ticker': 'TM', 'sector': 'Consumer Goods', 'prob_up': 0.580078125, 'predicted_prob': 0.580078125, 'expected_rise': 0.0003317291848361492, 'bucket_idx': 5, 'investment_fraction': 0.04319163143731173, 'investment_amount': 3009.2085122088456, 'allocated_amount': 3009.2085122088456, 'exit_date': Timestamp('2017-08-29 00:00:00')}, {'ticker': 'NGG', 'sector': 'Utilities', 'prob_up': 0.552734375, 'predicted_prob': 0.552734375, 'expected_rise': 0.001098349690437317, 'bucket_idx': 5, 'investment_fraction': 0.01146151941598902, 'investment_amount': 798.5366757794272, 'allocated_amount': 798.5366757794272, 'exit_date': Timestamp('2017-08-29 00:00:00')}, {'ticker': 'SPLP', 'sector': 'Conglomerates', 'prob_up': 0.4931640625, 'predicted_prob': 0.4931640625, 'expected_rise': 1.4025717973709106e-05, 'bucket_idx': 0, 'investment_fraction': 0.011317405789935476, 'investment_amount': 788.4961207965706, 'allocated_amount': 788.4961207965706, 'exit_date': Timestamp('2017-08-29 00:00:00')}, {'ticker': 'GE', 'sector': 'Industrial Goods', 'prob_up': 0.4853515625, 'predicted_prob': 0.4853515625, 'expected_rise': 0.0014338510809466243, 'bucket_idx': 0, 'investment_fraction': 0.005132869370215776, 'investment_amount': 357.61265983498424, 'allocated_amount': 357.61265983498424, 'exit_date': Timestamp('2017-08-29 00:00:00')}, {'ticker': 'CMCSA', 'sector': 'Services', 'prob_up': 0.4755859375, 'predicted_prob': 0.4755859375, 'expected_rise': 0.0025388519279658794, 'bucket_idx': 0, 'investment_fraction': 0.0030004129216981037, 'investment_amount': 209.0420714304305, 'allocated_amount': 209.0420714304305, 'exit_date': Timestamp('2017-08-29 00:00:00')}, {'ticker': 'BRK-A', 'sector': 'Financial', 'prob_up': 0.462890625, 'predicted_prob': 0.462890625, 'expected_rise': 0.0008059496758505702, 'bucket_idx': 0, 'investment_fraction': 0.009571216545965478, 'investment_amount': 666.8371937771402, 'allocated_amount': 666.8371937771402, 'exit_date': Timestamp('2017-08-29 00:00:00')}, {'ticker': 'FB', 'sector': 'Technology', 'prob_up': 0.443359375, 'predicted_prob': 0.443359375, 'expected_rise': 0.009727255441248417, 'bucket_idx': 0, 'investment_fraction': 0.007055287084147466, 'investment_amount': 491.5496183678099, 'allocated_amount': 491.5496183678099, 'exit_date': Timestamp('2017-08-29 00:00:00')}]",5,100000.0,1109,True,False,42,/mnt/primary/simulation/trained_models_multiclass,12,12,0.2,0.3,200,5,60,1.0,0.0001,0.3,True,True,0.3,0.7,0.3,0.5,0.5,0.1,3,100.0,0.5,"[[0.08, 0.6], [0.15, 0.35]]",sector,sector,0.14460302093247346,BiGRU,6,corn,20,128,128,1,0.3,0.4,0.002368185640959,2.5898782569408105e-05,64,30,10,0.0038640829279896,7,0.4,5,1.3109464249779392,1.0437863717804818,2.6961818009299283,15,0.3419711337313805,0.7051296774893804,31,0.0665674589000914,2
2017-08-23,67926.24960050875,60141.398735470386,102835.3888958962,102835.3888958962,-83.01903823714964,-0.0008066490718579011,0,KELLY_ONLY,11712.479521753614,7784.850865038374,False,False,,"[{'date': Timestamp('2017-08-16 00:00:00'), 'exit_date': Timestamp('2017-08-23 00:00:00'), 'ticker': 'NGG', 'sector': 'Utilities', 'allocated_amount': 711.23276020418, 'prob_up': 0.5498046875, 'expected_rise': 0.0010691338684409857, 'actual_return': 0.0015827635327634315, 'pnl': 1.1257132761578543, 'exit_reason': 'scheduled'}, {'date': Timestamp('2017-08-16 00:00:00'), 'exit_date': Timestamp('2017-08-23 00:00:00'), 'ticker': 'IEP', 'sector': 'Conglomerates', 'allocated_amount': 3114.9864981002656, 'prob_up': 0.54931640625, 'expected_rise': 0.007563415914773941, 'actual_return': -0.005307666705477998, 'pnl': -16.533310123980282, 'exit_reason': 'scheduled'}, {'date': Timestamp('2017-08-16 00:00:00'), 'exit_date': Timestamp('2017-08-23 00:00:00'), 'ticker': 'CELG', 'sector': 'Healthcare', 'allocated_amount': 1683.5843044321123, 'prob_up': 0.50537109375, 'expected_rise': 0.0034195631742477417, 'actual_return': -0.015770174301774187, 'pnl': -26.550417932625667, 'exit_reason': 'scheduled'}, {'date': Timestamp('2017-08-16 00:00:00'), 'exit_date': Timestamp('2017-08-23 00:00:00'), 'ticker': 'HON', 'sector': 'Industrial Goods', 'allocated_amount': 1244.3188195212679, 'prob_up': 0.50244140625, 'expected_rise': 0.0017710940446704626, 'actual_return': -0.012094423347415839, 'pnl': -15.049318582446938, 'exit_reason': 'scheduled'}, {'date': Timestamp('2017-08-16 00:00:00'), 'exit_date': Timestamp('2017-08-23 00:00:00'), 'ticker': 'BUD', 'sector': 'Consumer Goods', 'allocated_amount': 138.5544500839249, 'prob_up': 0.49609375, 'expected_rise': 0.001640726812183857, 'actual_return': -0.014097698513800383, 'pnl': -1.9532988650285774, 'exit_reason': 'scheduled'}, {'date': Timestamp('2017-08-16 00:00:00'), 'exit_date': Timestamp('2017-08-23 00:00:00'), 'ticker': 'BAC', 'sector': 'Financial', 'allocated_amount': 775.21737653906, 'prob_up': 0.4853515625, 'expected_rise': 0.0014578995760530233, 'actual_return': -0.017775981075817127, 'pnl': -13.78024941500293, 'exit_reason': 'scheduled'}, {'date': Timestamp('2017-08-16 00:00:00'), 'exit_date': Timestamp('2017-08-23 00:00:00'), 'ticker': 'CMCSA', 'sector': 'Services', 'allocated_amount': 457.5295058568771, 'prob_up': 0.484130859375, 'expected_rise': 0.0025919971521943808, 'actual_return': -0.014306497851285127, 'pnl': -6.545644892440959, 'exit_reason': 'scheduled'}, {'date': Timestamp('2017-08-16 00:00:00'), 'exit_date': Timestamp('2017-08-23 00:00:00'), 'ticker': 'FB', 'sector': 'Technology', 'allocated_amount': 491.8840561948486, 'prob_up': 0.443603515625, 'expected_rise': 0.00974227488040924, 'actual_return': -0.007588194117647107, 'pnl': -3.732511701782149, 'exit_reason': 'scheduled'}]","[{'ticker': 'TM', 'sector': 'Consumer Goods', 'prob_up': 0.5791015625, 'predicted_prob': 0.5791015625, 'expected_rise': 0.0003108030650764704, 'bucket_idx': 5, 'investment_fraction': 0.04292747149313179, 'investment_amount': 2915.9021433611942, 'allocated_amount': 2915.9021433611942, 'exit_date': Timestamp('2017-08-30 00:00:00')}, {'ticker': 'NGG', 'sector': 'Utilities', 'prob_up': 0.5537109375, 'predicted_prob': 0.5537109375, 'expected_rise': 0.0011118417605757713, 'bucket_idx': 5, 'investment_fraction': 0.011725434974848814, 'investment_amount': 796.4648227761157, 'allocated_amount': 796.4648227761157, 'exit_date': Timestamp('2017-08-30 00:00:00')}, {'ticker': 'CHTR', 'sector': 'Services', 'prob_up': 0.517578125, 'predicted_prob': 0.517578125, 'expected_rise': 0.004716707859188318, 'bucket_idx': 5, 'investment_fraction': 0.03240909265540053, 'investment_amount': 2201.4281170367517, 'allocated_amount': 2201.4281170367517, 'exit_date': Timestamp('2017-08-30 00:00:00')}, {'ticker': 'SPLP', 'sector': 'Conglomerates', 'prob_up': 0.49365234375, 'predicted_prob': 0.49365234375, 'expected_rise': 1.8029706552624702e-05, 'bucket_idx': 0, 'investment_fraction': 0.01149555072108508, 'investment_amount': 780.8496475757337, 'allocated_amount': 780.8496475757337, 'exit_date': Timestamp('2017-08-30 00:00:00')}, {'ticker': 'BRK-A', 'sector': 'Financial', 'prob_up': 0.461181640625, 'predicted_prob': 0.461181640625, 'expected_rise': 0.0007986958371475339, 'bucket_idx': 0, 'investment_fraction': 0.00896707808417091, 'investment_amount': 609.0999841326451, 'allocated_amount': 609.0999841326451, 'exit_date': Timestamp('2017-08-30 00:00:00')}, {'ticker': 'FB', 'sector': 'Technology', 'prob_up': 0.443115234375, 'predicted_prob': 0.443115234375, 'expected_rise': 0.009734281338751316, 'bucket_idx': 0, 'investment_fraction': 0.007082772168129981, 'investment_amount': 481.1061501559337, 'allocated_amount': 481.1061501559337, 'exit_date': Timestamp('2017-08-30 00:00:00')}]",5,100000.0,1109,True,False,42,/mnt/primary/simulation/trained_models_multiclass,12,12,0.2,0.3,200,5,60,1.0,0.0001,0.3,True,True,0.3,0.7,0.3,0.5,0.5,0.1,3,100.0,0.5,"[[0.08, 0.6], [0.15, 0.35]]",sector,sector,0.14460302093247346,BiGRU,6,corn,20,128,128,1,0.3,0.4,0.002368185640959,2.5898782569408105e-05,64,30,10,0.0038640829279896,7,0.4,5,1.3109464249779392,1.0437863717804818,2.6961818009299283,15,0.3419711337313805,0.7051296774893804,31,0.0665674589000914,2
2017-08-24,68636.8446594992,61619.68739101461,102876.47879653529,102876.47879653529,41.08990063906061,0.00039956965282339496,0,KELLY_ONLY,8585.590157134735,7017.157268484581,False,False,,"[{'date': Timestamp('2017-08-17 00:00:00'), 'exit_date': Timestamp('2017-08-24 00:00:00'), 'ticker': 'AMGN', 'sector': 'Healthcare', 'allocated_amount': 4192.720830775472, 'prob_up': 0.62744140625, 'expected_rise': 0.004239097237586975, 'actual_return': 0.012752511921250376, 'pnl': 53.46772237693898, 'exit_reason': 'scheduled'}, {'date': Timestamp('2017-08-17 00:00:00'), 'exit_date': Timestamp('2017-08-24 00:00:00'), 'ticker': 'CHTR', 'sector': 'Services', 'allocated_amount': 2257.534953121168, 'prob_up': 0.5166015625, 'expected_rise': 0.004721592180430889, 'actual_return': -0.010499222487005189, 'pnl': -23.702361745009974, 'exit_reason': 'scheduled'}, {'date': Timestamp('2017-08-17 00:00:00'), 'exit_date': Timestamp('2017-08-24 00:00:00'), 'ticker': 'BUD', 'sector': 'Consumer Goods', 'allocated_amount': 171.51718063514028, 'prob_up': 0.497802734375, 'expected_rise': 0.0016590399900451303, 'actual_return': -0.008556515567129774, 'pnl': -1.4675894261347873, 'exit_reason': 'scheduled'}, {'date': Timestamp('2017-08-17 00:00:00'), 'exit_date': Timestamp('2017-08-24 00:00:00'), 'ticker': 'V', 'sector': 'Financial', 'allocated_amount': 1066.330351167054, 'prob_up': 0.49755859375, 'expected_rise': 0.005137035623192787, 'actual_return': 0.010375851199066144, 'pnl': 11.0640850527573, 'exit_reason': 'scheduled'}, {'date': Timestamp('2017-08-17 00:00:00'), 'exit_date': Timestamp('2017-08-24 00:00:00'), 'ticker': 'ORCL', 'sector': 'Technology', 'allocated_amount': 499.29442274960775, 'prob_up': 0.494384765625, 'expected_rise': 0.0012440207647159696, 'actual_return': 0.013182286574300539, 'pnl': 6.581842165635292, 'exit_reason': 'scheduled'}, {'date': Timestamp('2017-08-17 00:00:00'), 'exit_date': Timestamp('2017-08-24 00:00:00'), 'ticker': 'GE', 'sector': 'Industrial Goods', 'allocated_amount': 266.95828494130745, 'prob_up': 0.48095703125, 'expected_rise': 0.0014558236580342054, 'actual_return': -0.018181858585858635, 'pnl': -4.853797785126207, 'exit_reason': 'scheduled'}]","[{'ticker': 'TM', 'sector': 'Consumer Goods', 'prob_up': 0.58154296875, 'predicted_prob': 0.58154296875, 'expected_rise': 0.00033579999580979347, 'bucket_idx': 5, 'investment_fraction': 0.043741004856275814, 'investment_amount': 3002.244555570603, 'allocated_amount': 3002.244555570603, 'exit_date': Timestamp('2017-08-31 00:00:00')}, {'ticker': 'VZ', 'sector': 'Technology', 'prob_up': 0.5244140625, 'predicted_prob': 0.5244140625, 'expected_rise': 0.00044566369615495205, 'bucket_idx': 5, 'investment_fraction': 0.00773425860608431, 'investment_amount': 530.8551065022036, 'allocated_amount': 530.8551065022036, 'exit_date': Timestamp('2017-08-31 00:00:00')}, {'ticker': 'CELG', 'sector': 'Healthcare', 'prob_up': 0.5078125, 'predicted_prob': 0.5078125, 'expected_rise': 0.0034609180875122547, 'bucket_idx': 0, 'investment_fraction': 0.023864992563052204, 'investment_amount': 1638.0177873503178, 'allocated_amount': 1638.0177873503178, 'exit_date': Timestamp('2017-08-31 00:00:00')}, {'ticker': 'UPS', 'sector': 'Services', 'prob_up': 0.498779296875, 'predicted_prob': 0.498779296875, 'expected_rise': 0.0029477854259312153, 'bucket_idx': 5, 'investment_fraction': 0.007925180672797528, 'investment_amount': 543.9593947372692, 'allocated_amount': 543.9593947372692, 'exit_date': Timestamp('2017-08-31 00:00:00')}, {'ticker': 'BAC', 'sector': 'Financial', 'prob_up': 0.491943359375, 'predicted_prob': 0.491943359375, 'expected_rise': 0.0015456750988960266, 'bucket_idx': 0, 'investment_fraction': 0.01305219450758196, 'investment_amount': 895.8614468824717, 'allocated_amount': 895.8614468824717, 'exit_date': Timestamp('2017-08-31 00:00:00')}, {'ticker': 'GE', 'sector': 'Industrial Goods', 'prob_up': 0.48779296875, 'predicted_prob': 0.48779296875, 'expected_rise': 0.0014184028841555119, 'bucket_idx': 0, 'investment_fraction': 0.005918380710199145, 'investment_amount': 406.21897744171525, 'allocated_amount': 406.21897744171525, 'exit_date': Timestamp('2017-08-31 00:00:00')}]",5,100000.0,1109,True,False,42,/mnt/primary/simulation/trained_models_multiclass,12,12,0.2,0.3,200,5,60,1.0,0.0001,0.3,True,True,0.3,0.7,0.3,0.5,0.5,0.1,3,100.0,0.5,"[[0.08, 0.6], [0.15, 0.35]]",sector,sector,0.14460302093247346,BiGRU,6,corn,20,128,128,1,0.3,0.4,0.002368185640959,2.5898782569408105e-05,64,30,10,0.0038640829279896,7,0.4,5,1.3109464249779392,1.0437863717804818,2.6961818009299283,15,0.3419711337313805,0.7051296774893804,31,0.0665674589000914,2
2017-08-25,73671.16424088443,61990.05590281166,103034.90608036156,103034.90608036154,158.42728382629738,0.0015399757619971588,0,KELLY_ONLY,11681.108338072763,11681.108338072763,False,False,,"[{'date': Timestamp('2017-08-18 00:00:00'), 'exit_date': Timestamp('2017-08-25 00:00:00'), 'ticker': 'AMGN', 'sector': 'Healthcare', 'allocated_amount': 3659.4706558943094, 'prob_up': 0.60009765625, 'expected_rise': 0.004061199724674225, 'actual_return': 0.014645299196109018, 'pnl': 53.59404265495347, 'exit_reason': 'scheduled'}, {'date': Timestamp('2017-08-18 00:00:00'), 'exit_date': Timestamp('2017-08-25 00:00:00'), 'ticker': 'NGG', 'sector': 'Utilities', 'allocated_amount': 809.825319200165, 'prob_up': 0.5517578125, 'expected_rise': 0.0010886373929679394, 'actual_return': 0.01019431363801071, 'pnl': 8.255613295928619, 'exit_reason': 'scheduled'}, {'date': Timestamp('2017-08-18 00:00:00'), 'exit_date': Timestamp('2017-08-25 00:00:00'), 'ticker': 'IEP', 'sector': 'Conglomerates', 'allocated_amount': 3112.5491102997976, 'prob_up': 0.54736328125, 'expected_rise': 0.007543395273387432, 'actual_return': 0.029800040000000028, 'pnl': 92.75408798889846, 'exit_reason': 'scheduled'}, {'date': Timestamp('2017-08-18 00:00:00'), 'exit_date': Timestamp('2017-08-25 00:00:00'), 'ticker': 'VZ', 'sector': 'Technology', 'allocated_amount': 475.0850594925215, 'prob_up': 0.52197265625, 'expected_rise': 0.0004134261980652809, 'actual_return': 0.020759090391258006, 'pnl': 9.86233369354144, 'exit_reason': 'scheduled'}, {'date': Timestamp('2017-08-18 00:00:00'), 'exit_date': Timestamp('2017-08-25 00:00:00'), 'ticker': 'CHTR', 'sector': 'Services', 'allocated_amount': 2416.7619627443387, 'prob_up': 0.517578125, 'expected_rise': 0.004725657403469086, 'actual_return': -0.010636923911146123, 'pnl': -25.70691310906369, 'exit_reason': 'scheduled'}, {'date': Timestamp('2017-08-18 00:00:00'), 'exit_date': Timestamp('2017-08-25 00:00:00'), 'ticker': 'HON', 'sector': 'Industrial Goods', 'allocated_amount': 1419.357458412411, 'prob_up': 0.50732421875, 'expected_rise': 0.0017753002466633916, 'actual_return': 0.013857058477741324, 'pnl': 19.668119302039077, 'exit_reason': 'scheduled'}]","[{'ticker': 'NGG', 'sector': 'Utilities', 'prob_up': 0.55810546875, 'predicted_prob': 0.55810546875, 'expected_rise': 0.0011634980328381062, 'bucket_idx': 5, 'investment_fraction': 0.013366219011044879, 'investment_amount': 984.7049160423192, 'allocated_amount': 984.7049160423192, 'exit_date': Timestamp('2017-09-01 00:00:00')}, {'ticker': 'IEP', 'sector': 'Conglomerates', 'prob_up': 0.55517578125, 'predicted_prob': 0.55517578125, 'expected_rise': 0.007760840933769941, 'bucket_idx': 5, 'investment_fraction': 0.04392735973284559, 'investment_amount': 3236.179733546881, 'allocated_amount': 3236.179733546881, 'exit_date': Timestamp('2017-09-01 00:00:00')}, {'ticker': 'VZ', 'sector': 'Technology', 'prob_up': 0.52734375, 'predicted_prob': 0.52734375, 'expected_rise': 0.00048434827476739883, 'bucket_idx': 5, 'investment_fraction': 0.00884371425580468, 'investment_amount': 651.5267254388376, 'allocated_amount': 651.5267254388376, 'exit_date': Timestamp('2017-09-01 00:00:00')}, {'ticker': 'HON', 'sector': 'Industrial Goods', 'prob_up': 0.52392578125, 'predicted_prob': 0.52392578125, 'expected_rise': 0.001843366539105773, 'bucket_idx': 0, 'investment_fraction': 0.024998768976023468, 'investment_amount': 1841.6884150525514, 'allocated_amount': 1841.6884150525514, 'exit_date': Timestamp('2017-09-01 00:00:00')}, {'ticker': 'CHTR', 'sector': 'Services', 'prob_up': 0.5185546875, 'predicted_prob': 0.5185546875, 'expected_rise': 0.004709353670477867, 'bucket_idx': 5, 'investment_fraction': 0.03279969437558289, 'investment_amount': 2416.3916713943804, 'allocated_amount': 2416.3916713943804, 'exit_date': Timestamp('2017-09-01 00:00:00')}, {'ticker': 'BUD', 'sector': 'Consumer Goods', 'prob_up': 0.50537109375, 'predicted_prob': 0.50537109375, 'expected_rise': 0.001738411490805447, 'bucket_idx': 0, 'investment_fraction': 0.005353643242055906, 'investment_amount': 394.40913057260167, 'allocated_amount': 394.40913057260167, 'exit_date': Timestamp('2017-09-01 00:00:00')}, {'ticker': 'V', 'sector': 'Financial', 'prob_up': 0.498046875, 'predicted_prob': 0.498046875, 'expected_rise': 0.005148729775100946, 'bucket_idx': 0, 'investment_fraction': 0.01521508643234374, 'investment_amount': 1120.9131314964482, 'allocated_amount': 1120.9131314964482, 'exit_date': Timestamp('2017-09-01 00:00:00')}, {'ticker': 'UNH', 'sector': 'Healthcare', 'prob_up': 0.486572265625, 'predicted_prob': 0.486572265625, 'expected_rise': 0.003229487221688032, 'bucket_idx': 0, 'investment_fraction': 0.01405291507466362, 'investment_amount': 1035.2946145287442, 'allocated_amount': 1035.2946145287442, 'exit_date': Timestamp('2017-09-01 00:00:00')}]",5,100000.0,1109,True,False,42,/mnt/primary/simulation/trained_models_multiclass,12,12,0.2,0.3,200,5,60,1.0,0.0001,0.3,True,True,0.3,0.7,0.3,0.5,0.5,0.1,3,100.0,0.5,"[[0.08, 0.6], [0.15, 0.35]]",sector,sector,0.14460302093247346,BiGRU,6,corn,20,128,128,1,0.3,0.4,0.002368185640959,2.5898782569408105e-05,64,30,10,0.0038640829279896,7,0.4,5,1.3109464249779392,1.0437863717804818,2.6961818009299283,15,0.3419711337313805,0.7051296774893804,31,0.0665674589000914,2
2017-08-28,66302.36600922822,66302.36600922822,103064.62252005565,103064.62252005565,29.716439694101958,0.0002884113823613532,0,KELLY_ONLY,13567.474282008023,11681.108338072763,False,False,,"[{'date': Timestamp('2017-08-21 00:00:00'), 'exit_date': Timestamp('2017-08-28 00:00:00'), 'ticker': 'UPS', 'sector': 'Services', 'allocated_amount': 776.5021453001899, 'prob_up': 0.5078125, 'expected_rise': 0.0030494057573378086, 'actual_return': -0.0003514099911900992, 'pnl': -0.27287061203903284, 'exit_reason': 'scheduled'}, {'date': Timestamp('2017-08-21 00:00:00'), 'exit_date': Timestamp('2017-08-28 00:00:00'), 'ticker': 'SPLP', 'sector': 'Conglomerates', 'allocated_amount': 751.1262922268055, 'prob_up': 0.492919921875, 'expected_rise': 1.657172106206417e-05, 'actual_return': 0.004366812227074135, 'pnl': 3.280027476972874, 'exit_reason': 'scheduled'}, {'date': Timestamp('2017-08-21 00:00:00'), 'exit_date': Timestamp('2017-08-28 00:00:00'), 'ticker': 'BAC', 'sector': 'Financial', 'allocated_amount': 849.829514028593, 'prob_up': 0.49072265625, 'expected_rise': 0.001525680534541607, 'actual_return': 0.014542344505660498, 'pnl': 12.358513564081841, 'exit_reason': 'scheduled'}, {'date': Timestamp('2017-08-21 00:00:00'), 'exit_date': Timestamp('2017-08-28 00:00:00'), 'ticker': 'UNH', 'sector': 'Healthcare', 'allocated_amount': 1020.9866460493835, 'prob_up': 0.4892578125, 'expected_rise': 0.0032349165994673967, 'actual_return': 0.015934994615086184, 'pnl': 16.26941670687183, 'exit_reason': 'scheduled'}, {'date': Timestamp('2017-08-21 00:00:00'), 'exit_date': Timestamp('2017-08-28 00:00:00'), 'ticker': 'GE', 'sector': 'Industrial Goods', 'allocated_amount': 385.94762521952936, 'prob_up': 0.486572265625, 'expected_rise': 0.0014333887957036495, 'actual_return': -0.0008167006941607324, 'pnl': -0.3152036934264758, 'exit_reason': 'scheduled'}, {'date': Timestamp('2017-08-21 00:00:00'), 'exit_date': Timestamp('2017-08-28 00:00:00'), 'ticker': 'FB', 'sector': 'Technology', 'allocated_amount': 498.2014438979658, 'prob_up': 0.444580078125, 'expected_rise': 0.009741798043251038, 'actual_return': -0.003218464675279975, 'pnl': -1.6034437483590813, 'exit_reason': 'scheduled'}]",[],5,100000.0,1109,True,False,42,/mnt/primary/simulation/trained_models_multiclass,12,12,0.2,0.3,200,5,60,1.0,0.0001,0.3,True,True,0.3,0.7,0.3,0.5,0.5,0.1,3,100.0,0.5,"[[0.08, 0.6], [0.15, 0.35]]",sector,sector,0.14460302093247346,BiGRU,6,corn,20,128,128,1,0.3,0.4,0.002368185640959,2.5898782569408105e-05,64,30,10,0.0038640829279896,7,0.4,5,1.3109464249779392,1.0437863717804818,2.6961818009299283,15,0.3419711337313805,0.7051296774893804,31,0.0665674589000914,2
2017-08-29,76596.29649312704,76596.29649312704,103079.41296472275,103079.41296472275,14.79044466711193,0.00014350651373340462,0,KELLY_ONLY,13832.204254629876,11681.108338072763,False,False,,"[{'date': Timestamp('2017-08-22 00:00:00'), 'exit_date': Timestamp('2017-08-29 00:00:00'), 'ticker': 'AMGN', 'sector': 'Healthcare', 'allocated_amount': 3957.8571870364913, 'prob_up': 0.62158203125, 'expected_rise': 0.004175716079771519, 'actual_return': 0.012700587470429126, 'pnl': 50.26711139942353, 'exit_reason': 'scheduled'}, {'date': Timestamp('2017-08-22 00:00:00'), 'exit_date': Timestamp('2017-08-29 00:00:00'), 'ticker': 'TM', 'sector': 'Consumer Goods', 'allocated_amount': 3009.2085122088456, 'prob_up': 0.580078125, 'expected_rise': 0.0003317291848361492, 'actual_return': -0.006999211296202401, 'pnl': -21.062086211280572, 'exit_reason': 'scheduled'}, {'date': Timestamp('2017-08-22 00:00:00'), 'exit_date': Timestamp('2017-08-29 00:00:00'), 'ticker': 'NGG', 'sector': 'Utilities', 'allocated_amount': 798.5366757794272, 'prob_up': 0.552734375, 'expected_rise': 0.001098349690437317, 'actual_return': -0.00110601989088277, 'pnl': -0.8831974470114521, 'exit_reason': 'scheduled'}, {'date': Timestamp('2017-08-22 00:00:00'), 'exit_date': Timestamp('2017-08-29 00:00:00'), 'ticker': 'SPLP', 'sector': 'Conglomerates', 'allocated_amount': 788.4961207965706, 'prob_up': 0.4931640625, 'expected_rise': 1.4025717973709106e-05, 'actual_return': 0.008219178082191636, 'pnl': 6.480790033944301, 'exit_reason': 'scheduled'}, {'date': Timestamp('2017-08-22 00:00:00'), 'exit_date': Timestamp('2017-08-29 00:00:00'), 'ticker': 'GE', 'sector': 'Industrial Goods', 'allocated_amount': 357.61265983498424, 'prob_up': 0.4853515625, 'expected_rise': 0.0014338510809466243, 'actual_return': -0.006504024390244001, 'pnl': -2.3259214618267685, 'exit_reason': 'scheduled'}, {'date': Timestamp('2017-08-22 00:00:00'), 'exit_date': Timestamp('2017-08-29 00:00:00'), 'ticker': 'CMCSA', 'sector': 'Services', 'allocated_amount': 209.0420714304305, 'prob_up': 0.4755859375, 'expected_rise': 0.0025388519279658794, 'actual_return': -0.028778671283128054, 'pnl': -6.015953058040534, 'exit_reason': 'scheduled'}, {'date': Timestamp('2017-08-22 00:00:00'), 'exit_date': Timestamp('2017-08-29 00:00:00'), 'ticker': 'BRK-A', 'sector': 'Financial', 'allocated_amount': 666.8371937771402, 'prob_up': 0.462890625, 'expected_rise': 0.0008059496758505702, 'actual_return': -0.010591969294360792, 'pnl': -7.063119080825187, 'exit_reason': 'scheduled'}, {'date': Timestamp('2017-08-22 00:00:00'), 'exit_date': Timestamp('2017-08-29 00:00:00'), 'ticker': 'FB', 'sector': 'Technology', 'allocated_amount': 491.5496183678099, 'prob_up': 0.443359375, 'expected_rise': 0.009727255441248417, 'actual_return': -0.009372765912360026, 'pnl': -4.607179507271388, 'exit_reason': 'scheduled'}]",[],5,100000.0,1109,True,False,42,/mnt/primary/simulation/trained_models_multiclass,12,12,0.2,0.3,200,5,60,1.0,0.0001,0.3,True,True,0.3,0.7,0.3,0.5,0.5,0.1,3,100.0,0.5,"[[0.08, 0.6], [0.15, 0.35]]",sector,sector,0.14460302093247346,BiGRU,6,corn,20,128,128,1,0.3,0.4,0.002368185640959,2.5898782569408105e-05,64,30,10,0.0038640829279896,7,0.4,5,1.3109464249779392,1.0437863717804818,2.6961818009299283,15,0.3419711337313805,0.7051296774893804,31,0.0665674589000914,2
2017-08-30,84390.69614054426,84390.69614054424,103088.9617471016,103088.9617471016,9.54878237883002,9.26352033272515e-05,0,KELLY_ONLY,11780.740545426856,11681.108338072763,False,False,,"[{'date': Timestamp('2017-08-23 00:00:00'), 'exit_date': Timestamp('2017-08-30 00:00:00'), 'ticker': 'TM', 'sector': 'Consumer Goods', 'allocated_amount': 2915.9021433611942, 'prob_up': 0.5791015625, 'expected_rise': 0.0003108030650764704, 'actual_return': -0.004962312892553111, 'pnl': -14.469618799424504, 'exit_reason': 'scheduled'}, {'date': Timestamp('2017-08-23 00:00:00'), 'exit_date': Timestamp('2017-08-30 00:00:00'), 'ticker': 'NGG', 'sector': 'Utilities', 'allocated_amount': 796.4648227761157, 'prob_up': 0.5537109375, 'expected_rise': 0.0011118417605757713, 'actual_return': -0.0011061947077463108, 'pnl': -0.8810451718610426, 'exit_reason': 'scheduled'}, {'date': Timestamp('2017-08-23 00:00:00'), 'exit_date': Timestamp('2017-08-30 00:00:00'), 'ticker': 'CHTR', 'sector': 'Services', 'allocated_amount': 2201.4281170367517, 'prob_up': 0.517578125, 'expected_rise': 0.004716707859188318, 'actual_return': 0.007788302465216335, 'pnl': 17.145388030913885, 'exit_reason': 'scheduled'}, {'date': Timestamp('2017-08-23 00:00:00'), 'exit_date': Timestamp('2017-08-30 00:00:00'), 'ticker': 'SPLP', 'sector': 'Conglomerates', 'allocated_amount': 780.8496475757337, 'prob_up': 0.49365234375, 'expected_rise': 1.8029706552624702e-05, 'actual_return': 0.005540221913585608, 'pnl': 4.326080328714679, 'exit_reason': 'scheduled'}, {'date': Timestamp('2017-08-23 00:00:00'), 'exit_date': Timestamp('2017-08-30 00:00:00'), 'ticker': 'BRK-A', 'sector': 'Financial', 'allocated_amount': 609.0999841326451, 'prob_up': 0.461181640625, 'expected_rise': 0.0007986958371475339, 'actual_return': -3.6978145915744776e-05, 'pnl': -0.02252338809053478, 'exit_reason': 'scheduled'}, {'date': Timestamp('2017-08-23 00:00:00'), 'exit_date': Timestamp('2017-08-30 00:00:00'), 'ticker': 'FB', 'sector': 'Technology', 'allocated_amount': 481.1061501559337, 'prob_up': 0.443115234375, 'expected_rise': 0.009734281338751316, 'actual_return': 0.0071720167731366136, 'pnl': 3.4505013785775387, 'exit_reason': 'scheduled'}]",[],5,100000.0,1109,True,False,42,/mnt/primary/simulation/trained_models_multiclass,12,12,0.2,0.3,200,5,60,1.0,0.0001,0.3,True,True,0.3,0.7,0.3,0.5,0.5,0.1,3,100.0,0.5,"[[0.08, 0.6], [0.15, 0.35]]",sector,sector,0.14460302093247346,BiGRU,6,corn,20,128,128,1,0.3,0.4,0.002368185640959,2.5898782569408105e-05,64,30,10,0.0038640829279896,7,0.4,5,1.3109464249779392,1.0437863717804818,2.6961818009299283,15,0.3419711337313805,0.7051296774893804,31,0.0665674589000914,2
2017-08-31,91547.20088553202,91547.20088553202,103228.30922360478,103228.30922360478,139.3474765031903,0.0013517206317883446,0,KELLY_ONLY,14376.646536727152,11681.108338072763,False,False,,"[{'date': Timestamp('2017-08-24 00:00:00'), 'exit_date': Timestamp('2017-08-31 00:00:00'), 'ticker': 'TM', 'sector': 'Consumer Goods', 'allocated_amount': 3002.244555570603, 'prob_up': 0.58154296875, 'expected_rise': 0.00033579999580979347, 'actual_return': 0.006772429096663535, 'pnl': 20.332488383446034, 'exit_reason': 'scheduled'}, {'date': Timestamp('2017-08-24 00:00:00'), 'exit_date': Timestamp('2017-08-31 00:00:00'), 'ticker': 'VZ', 'sector': 'Technology', 'allocated_amount': 530.8551065022036, 'prob_up': 0.5244140625, 'expected_rise': 0.00044566369615495205, 'actual_return': -0.007037880210352232, 'pnl': -3.736094648616285, 'exit_reason': 'scheduled'}, {'date': Timestamp('2017-08-24 00:00:00'), 'exit_date': Timestamp('2017-08-31 00:00:00'), 'ticker': 'CELG', 'sector': 'Healthcare', 'allocated_amount': 1638.0177873503178, 'prob_up': 0.5078125, 'expected_rise': 0.0034609180875122547, 'actual_return': 0.0682813517505263, 'pnl': 111.84606871168583, 'exit_reason': 'scheduled'}, {'date': Timestamp('2017-08-24 00:00:00'), 'exit_date': Timestamp('2017-08-31 00:00:00'), 'ticker': 'UPS', 'sector': 'Services', 'allocated_amount': 543.9593947372692, 'prob_up': 0.498779296875, 'expected_rise': 0.0029477854259312153, 'actual_return': 0.008910480968866041, 'pnl': 4.8469398346423285, 'exit_reason': 'scheduled'}, {'date': Timestamp('2017-08-24 00:00:00'), 'exit_date': Timestamp('2017-08-31 00:00:00'), 'ticker': 'BAC', 'sector': 'Financial', 'allocated_amount': 895.8614468824717, 'prob_up': 0.491943359375, 'expected_rise': 0.0015456750988960266, 'actual_return': 0.002097273489932938, 'pnl': 1.8788664631995728, 'exit_reason': 'scheduled'}, {'date': Timestamp('2017-08-24 00:00:00'), 'exit_date': Timestamp('2017-08-31 00:00:00'), 'ticker': 'GE', 'sector': 'Industrial Goods', 'allocated_amount': 406.21897744171525, 'prob_up': 0.48779296875, 'expected_rise': 0.0014184028841555119, 'actual_return': 0.01028806626699863, 'pnl': 4.1792077588327885, 'exit_reason': 'scheduled'}]",[],5,100000.0,1109,True,False,42,/mnt/primary/simulation/trained_models_multiclass,12,12,0.2,0.3,200,5,60,1.0,0.0001,0.3,True,True,0.3,0.7,0.3,0.5,0.5,0.1,3,100.0,0.5,"[[0.08, 0.6], [0.15, 0.35]]",sector,sector,0.14460302093247346,BiGRU,6,corn,20,128,128,1,0.3,0.4,0.002368185640959,2.5898782569408105e-05,64,30,10,0.0038640829279896,7,0.4,5,1.3109464249779392,1.0437863717804818,2.6961818009299283,15,0.3419711337313805,0.7051296774893804,31,0.0665674589000914,2
2017-09-01,103345.21143023256,103345.21143023256,103345.21143023256,103345.21143023256,116.90220662778133,0.0011324626694655393,0,KELLY_ONLY,23918.518541451485,11681.108338072763,False,False,,"[{'date': Timestamp('2017-08-25 00:00:00'), 'exit_date': Timestamp('2017-09-01 00:00:00'), 'ticker': 'NGG', 'sector': 'Utilities', 'allocated_amount': 984.7049160423192, 'prob_up': 0.55810546875, 'expected_rise': 0.0011634980328381062, 'actual_return': 0.005518795506742169, 'pnl': 5.434385066121275, 'exit_reason': 'scheduled'}, {'date': Timestamp('2017-08-25 00:00:00'), 'exit_date': Timestamp('2017-09-01 00:00:00'), 'ticker': 'IEP', 'sector': 'Conglomerates', 'allocated_amount': 3236.179733546881, 'prob_up': 0.55517578125, 'expected_rise': 0.007760840933769941, 'actual_return': 0.01417749022421888, 'pnl': 45.88090653617616, 'exit_reason': 'scheduled'}, {'date': Timestamp('2017-08-25 00:00:00'), 'exit_date': Timestamp('2017-09-01 00:00:00'), 'ticker': 'VZ', 'sector': 'Technology', 'allocated_amount': 651.5267254388376, 'prob_up': 0.52734375, 'expected_rise': 0.00048434827476739883, 'actual_return': -0.015612202136401021, 'pnl': -10.171766934818582, 'exit_reason': 'scheduled'}, {'date': Timestamp('2017-08-25 00:00:00'), 'exit_date': Timestamp('2017-09-01 00:00:00'), 'ticker': 'HON', 'sector': 'Industrial Goods', 'allocated_amount': 1841.6884150525514, 'prob_up': 0.52392578125, 'expected_rise': 0.001843366539105773, 'actual_return': 0.005920172186513639, 'pnl': 10.903112531018502, 'exit_reason': 'scheduled'}, {'date': Timestamp('2017-08-25 00:00:00'), 'exit_date': Timestamp('2017-09-01 00:00:00'), 'ticker': 'CHTR', 'sector': 'Services', 'allocated_amount': 2416.3916713943804, 'prob_up': 0.5185546875, 'expected_rise': 0.004709353670477867, 'actual_return': 0.009490989774894043, 'pnl': 22.93394864534319, 'exit_reason': 'scheduled'}, {'date': Timestamp('2017-08-25 00:00:00'), 'exit_date': Timestamp('2017-09-01 00:00:00'), 'ticker': 'BUD', 'sector': 'Consumer Goods', 'allocated_amount': 394.40913057260167, 'prob_up': 0.50537109375, 'expected_rise': 0.001738411490805447, 'actual_return': 0.01837066732544712, 'pnl': 7.2455589278681005, 'exit_reason': 'scheduled'}, {'date': Timestamp('2017-08-25 00:00:00'), 'exit_date': Timestamp('2017-09-01 00:00:00'), 'ticker': 'V', 'sector': 'Financial', 'allocated_amount': 1120.9131314964482, 'prob_up': 0.498046875, 'expected_rise': 0.005148729775100946, 'actual_return': 0.005321761109274625, 'pnl': 5.965231910073032, 'exit_reason': 'scheduled'}, {'date': Timestamp('2017-08-25 00:00:00'), 'exit_date': Timestamp('2017-09-01 00:00:00'), 'ticker': 'UNH', 'sector': 'Healthcare', 'allocated_amount': 1035.2946145287442, 'prob_up': 0.486572265625, 'expected_rise': 0.003229487221688032, 'actual_return': 0.027732038342601184, 'pnl': 28.71082994599965, 'exit_reason': 'scheduled'}]",[],5,100000.0,1109,True,False,42,/mnt/primary/simulation/trained_models_multiclass,12,12,0.2,0.3,200,5,60,1.0,0.0001,0.3,True,True,0.3,0.7,0.3,0.5,0.5,0.1,3,100.0,0.5,"[[0.08, 0.6], [0.15, 0.35]]",sector,sector,0.14460302093247346,BiGRU,6,corn,20,128,128,1,0.3,0.4,0.002368185640959,2.5898782569408105e-05,64,30,10,0.0038640829279896,7,0.4,5,1.3109464249779392,1.0437863717804818,2.6961818009299283,15,0.3419711337313805,0.7051296774893804,31,0.0665674589000914,2
