company,sector,model_type,problem_type,sequence_length,horizon_steps,epoch,train_loss,val_loss,train_samples,val_samples,test_samples
AAPL,Consumer Goods,BiGRU,multiclass,10,1,1,1.6339585778102204,2.504733979701996,398,42,64
AAPL,Consumer Goods,BiGRU,multiclass,10,1,2,1.123723012718124,1.5885155967303686,398,42,64
AAPL,Consumer Goods,BiGRU,multiclass,10,1,3,0.9521427972232877,1.5443582421257382,398,42,64
AAPL,Consumer Goods,BiGRU,multiclass,10,1,4,0.9172765804295564,1.608900595278967,398,42,64
AAPL,Consumer Goods,BiGRU,multiclass,10,1,5,0.8178913775999942,1.52985280752182,398,42,64
AAPL,Consumer Goods,BiGRU,multiclass,10,1,6,0.8206383487087997,1.5503454094841367,398,42,64
AAPL,Consumer Goods,BiGRU,multiclass,10,1,7,0.7576720555823053,1.4904604838007973,398,42,64
AAPL,Consumer Goods,BiGRU,multiclass,10,1,8,0.6788266519805295,1.3319958476793199,398,42,64
AAPL,Consumer Goods,BiGRU,multiclass,10,1,9,0.7099784522799392,1.3233230482964289,398,42,64
AAPL,Consumer Goods,BiGRU,multiclass,10,1,10,0.6843848602855624,1.2269200114976793,398,42,64
AAPL,Consumer Goods,BiGRU,multiclass,10,1,11,0.6681660395770815,1.2556458569708324,398,42,64
AAPL,Consumer Goods,BiGRU,multiclass,10,1,12,0.6731617543565568,1.508699459689004,398,42,64
AAPL,Consumer Goods,BiGRU,multiclass,10,1,13,0.6025332101625414,2.2108456322125027,398,42,64
AAPL,Consumer Goods,BiGRU,multiclass,10,1,14,0.6347308497333047,1.4733432985487438,398,42,64
AAPL,Consumer Goods,BiGRU,multiclass,10,1,15,0.5667595780974057,1.92884551911127,398,42,64
AAPL,Consumer Goods,BiGRU,multiclass,10,1,16,0.5502992907361169,3.260558477469853,398,42,64
AAPL,Consumer Goods,BiGRU,multiclass,10,1,17,0.5689823483701927,2.2536762413524447,398,42,64
AAPL,Consumer Goods,BiGRU,multiclass,10,1,18,0.5642590552718196,2.5477419523965743,398,42,64
AAPL,Consumer Goods,BiGRU,multiclass,10,1,19,0.5716489360260604,2.7721650259835378,398,42,64
AAPL,Consumer Goods,BiGRU,multiclass,10,1,20,0.530501582664461,2.6159906898226057,398,42,64
ABB,Industrial Goods,BiGRU,multiclass,10,1,1,1.4057462401126497,1.311714836529323,398,42,64
ABB,Industrial Goods,BiGRU,multiclass,10,1,2,0.9576137536135151,2.523182505653018,398,42,64
ABB,Industrial Goods,BiGRU,multiclass,10,1,3,0.8932393693444717,4.484927063896542,398,42,64
ABB,Industrial Goods,BiGRU,multiclass,10,1,4,0.858430694994615,4.65736266544887,398,42,64
ABB,Industrial Goods,BiGRU,multiclass,10,1,5,0.7840244874882338,5.036076818193708,398,42,64
ABB,Industrial Goods,BiGRU,multiclass,10,1,6,0.753576178347046,4.710174696786063,398,42,64
ABB,Industrial Goods,BiGRU,multiclass,10,1,7,0.7572023284495176,5.110147067478725,398,42,64
ABB,Industrial Goods,BiGRU,multiclass,10,1,8,0.6781496881839618,5.249772026425316,398,42,64
ABB,Industrial Goods,BiGRU,multiclass,10,1,9,0.6593677091538607,5.145149276370094,398,42,64
ABB,Industrial Goods,BiGRU,multiclass,10,1,10,0.6403070613367474,5.208116576785133,398,42,64
ABB,Industrial Goods,BiGRU,multiclass,10,1,11,0.6243143108621914,5.230611846560524,398,42,64
ABBV,Healthcare,BiGRU,multiclass,10,1,1,1.5648786290806143,1.4148886090233213,398,42,64
ABBV,Healthcare,BiGRU,multiclass,10,1,2,1.0953492764851556,0.8891717422576177,398,42,64
ABBV,Healthcare,BiGRU,multiclass,10,1,3,0.9307310251734364,1.211518577166966,398,42,64
ABBV,Healthcare,BiGRU,multiclass,10,1,4,0.8319204985795907,1.5005247933523995,398,42,64
ABBV,Healthcare,BiGRU,multiclass,10,1,5,0.8269888005364481,1.8394461188997542,398,42,64
ABBV,Healthcare,BiGRU,multiclass,10,1,6,0.8031121251271598,1.8627156246276129,398,42,64
ABBV,Healthcare,BiGRU,multiclass,10,1,7,0.7833357034017093,1.8799617460795812,398,42,64
ABBV,Healthcare,BiGRU,multiclass,10,1,8,0.7186041438399847,1.9170573779514857,398,42,64
ABBV,Healthcare,BiGRU,multiclass,10,1,9,0.7184381300780043,1.9682282606760662,398,42,64
ABBV,Healthcare,BiGRU,multiclass,10,1,10,0.6797982611548361,1.838694243204026,398,42,64
ABBV,Healthcare,BiGRU,multiclass,10,1,11,0.6516520649044957,1.78389877364749,398,42,64
ABBV,Healthcare,BiGRU,multiclass,10,1,12,0.6240326799639505,1.72627630120232,398,42,64
AEP,Utilities,BiGRU,multiclass,10,1,1,1.5717260016867862,1.8820794508570717,398,42,64
AEP,Utilities,BiGRU,multiclass,10,1,2,1.0689117420258833,1.027703969251542,398,42,64
AEP,Utilities,BiGRU,multiclass,10,1,3,0.8906126759160105,0.9574080847558522,398,42,64
AEP,Utilities,BiGRU,multiclass,10,1,4,0.8546827345637221,1.008321532181331,398,42,64
AEP,Utilities,BiGRU,multiclass,10,1,5,0.8608630883633791,0.9687643959408715,398,42,64
AEP,Utilities,BiGRU,multiclass,10,1,6,0.7711735173086425,0.9541909439223153,398,42,64
AEP,Utilities,BiGRU,multiclass,10,1,7,0.7529852012893063,0.9594219752720424,398,42,64
AEP,Utilities,BiGRU,multiclass,10,1,8,0.6877403058598389,0.9659560776892162,398,42,64
AEP,Utilities,BiGRU,multiclass,10,1,9,0.6516853256441241,0.9501838031269255,398,42,64
AEP,Utilities,BiGRU,multiclass,10,1,10,0.6707569273871992,0.9127423621359325,398,42,64
AEP,Utilities,BiGRU,multiclass,10,1,11,0.6476193627520422,0.9201282177652631,398,42,64
AEP,Utilities,BiGRU,multiclass,10,1,12,0.6514839062738658,0.9211087226867676,398,42,64
AEP,Utilities,BiGRU,multiclass,10,1,13,0.6361000759517728,0.9303639474369231,398,42,64
AEP,Utilities,BiGRU,multiclass,10,1,14,0.5873688713989066,0.9147334070432753,398,42,64
AEP,Utilities,BiGRU,multiclass,10,1,15,0.6081203385513632,0.9828952125140599,398,42,64
AEP,Utilities,BiGRU,multiclass,10,1,16,0.5671853911337541,0.9531308639617193,398,42,64
AEP,Utilities,BiGRU,multiclass,10,1,17,0.5603312276416088,0.9303975587799436,398,42,64
AEP,Utilities,BiGRU,multiclass,10,1,18,0.5146172362655851,0.9931704430353074,398,42,64
AEP,Utilities,BiGRU,multiclass,10,1,19,0.5942299641556477,0.9364475437573024,398,42,64
AEP,Utilities,BiGRU,multiclass,10,1,20,0.5336690622957507,1.0322376631555104,398,42,64
AGFS,Conglomerates,BiGRU,multiclass,10,1,1,2.090895112701084,3.3727858861287436,115,42,64
AGFS,Conglomerates,BiGRU,multiclass,10,1,2,1.7946398745412413,3.1218287831261042,115,42,64
AGFS,Conglomerates,BiGRU,multiclass,10,1,3,1.5205113245093305,2.657823778334118,115,42,64
AGFS,Conglomerates,BiGRU,multiclass,10,1,4,1.3567734925643258,1.9633564721970331,115,42,64
AGFS,Conglomerates,BiGRU,multiclass,10,1,5,1.1008304808450782,1.3598879859561013,115,42,64
AGFS,Conglomerates,BiGRU,multiclass,10,1,6,0.9379069996916729,1.2002925702503748,115,42,64
AGFS,Conglomerates,BiGRU,multiclass,10,1,7,0.9488498019135516,1.4415037234624226,115,42,64
AGFS,Conglomerates,BiGRU,multiclass,10,1,8,0.8116650332575259,1.8130458139237904,115,42,64
AGFS,Conglomerates,BiGRU,multiclass,10,1,9,0.7961799111055291,2.1302773157755532,115,42,64
AGFS,Conglomerates,BiGRU,multiclass,10,1,10,0.744802723241889,2.3778104668571833,115,42,64
AGFS,Conglomerates,BiGRU,multiclass,10,1,11,0.7240803506063378,2.6252450261797224,115,42,64
AGFS,Conglomerates,BiGRU,multiclass,10,1,12,0.6796856486279031,2.707544599260603,115,42,64
AGFS,Conglomerates,BiGRU,multiclass,10,1,13,0.7233126953892086,2.8457840397244407,115,42,64
AGFS,Conglomerates,BiGRU,multiclass,10,1,14,0.5765569145264833,3.0088712260836648,115,42,64
AGFS,Conglomerates,BiGRU,multiclass,10,1,15,0.6052423101404439,3.0495259648277644,115,42,64
AGFS,Conglomerates,BiGRU,multiclass,10,1,16,0.5838640029015748,3.1459241935185025,115,42,64
AMGN,Healthcare,BiGRU,multiclass,10,1,1,1.6649979406864799,1.5700809842064267,398,42,64
AMGN,Healthcare,BiGRU,multiclass,10,1,2,1.1236691954147875,0.9768164597806477,398,42,64
AMGN,Healthcare,BiGRU,multiclass,10,1,3,0.983790117292548,1.1492385154678708,398,42,64
AMGN,Healthcare,BiGRU,multiclass,10,1,4,0.9314100922052585,1.5474601984024048,398,42,64
AMGN,Healthcare,BiGRU,multiclass,10,1,5,0.8461311324756948,1.7182799804778326,398,42,64
AMGN,Healthcare,BiGRU,multiclass,10,1,6,0.8290846803080496,1.898655416000457,398,42,64
AMGN,Healthcare,BiGRU,multiclass,10,1,7,0.8060071755893267,1.491828059866315,398,42,64
AMGN,Healthcare,BiGRU,multiclass,10,1,8,0.7691677161796608,1.6235246913773673,398,42,64
AMGN,Healthcare,BiGRU,multiclass,10,1,9,0.7531199293519983,1.7656053049223763,398,42,64
AMGN,Healthcare,BiGRU,multiclass,10,1,10,0.7188483231031715,1.8257758092312586,398,42,64
AMGN,Healthcare,BiGRU,multiclass,10,1,11,0.684103701581907,2.021312036684581,398,42,64
AMGN,Healthcare,BiGRU,multiclass,10,1,12,0.6887192145064848,1.7295281035559518,398,42,64
AMZN,Services,BiGRU,multiclass,10,1,1,1.4788912444857496,2.305898870740618,398,42,64
AMZN,Services,BiGRU,multiclass,10,1,2,0.9941546323910431,2.1512393724350702,398,42,64
AMZN,Services,BiGRU,multiclass,10,1,3,0.9146111604556366,2.213492756798154,398,42,64
AMZN,Services,BiGRU,multiclass,10,1,4,0.8297355127094979,2.266891734940665,398,42,64
AMZN,Services,BiGRU,multiclass,10,1,5,0.8387207128294748,2.7465775580633256,398,42,64
AMZN,Services,BiGRU,multiclass,10,1,6,0.8230241788691611,2.560224771499634,398,42,64
AMZN,Services,BiGRU,multiclass,10,1,7,0.7800919413566589,2.1773555335544406,398,42,64
AMZN,Services,BiGRU,multiclass,10,1,8,0.7441253608195626,1.9283285368056524,398,42,64
AMZN,Services,BiGRU,multiclass,10,1,9,0.7357785590929002,1.7994373355593,398,42,64
AMZN,Services,BiGRU,multiclass,10,1,10,0.7286065475425528,1.7928722415651595,398,42,64
AMZN,Services,BiGRU,multiclass,10,1,11,0.6954722656077476,2.0718734832037065,398,42,64
AMZN,Services,BiGRU,multiclass,10,1,12,0.6801535505146238,2.231200587181818,398,42,64
AMZN,Services,BiGRU,multiclass,10,1,13,0.6855893141061218,2.8392733959924605,398,42,64
AMZN,Services,BiGRU,multiclass,10,1,14,0.632234290916117,2.3895065784454346,398,42,64
AMZN,Services,BiGRU,multiclass,10,1,15,0.6120108962059021,3.0167091687520347,398,42,64
AMZN,Services,BiGRU,multiclass,10,1,16,0.605558820705318,2.51693488302685,398,42,64
AMZN,Services,BiGRU,multiclass,10,1,17,0.5925710950065498,2.0119149060476396,398,42,64
AMZN,Services,BiGRU,multiclass,10,1,18,0.5840054091496684,1.976546151297433,398,42,64
AMZN,Services,BiGRU,multiclass,10,1,19,0.5582494022858203,2.4352172102246965,398,42,64
AMZN,Services,BiGRU,multiclass,10,1,20,0.5551310827085121,1.781457849911281,398,42,64
AMZN,Services,BiGRU,multiclass,10,1,21,0.5470112331548528,1.9571269353230794,398,42,64
AMZN,Services,BiGRU,multiclass,10,1,22,0.5047756005172155,1.1431281907217843,398,42,64
AMZN,Services,BiGRU,multiclass,10,1,23,0.5310625985040137,1.6623279878071375,398,42,64
AMZN,Services,BiGRU,multiclass,10,1,24,0.5155452088494996,1.3764776502336775,398,42,64
AMZN,Services,BiGRU,multiclass,10,1,25,0.5021418595134314,1.310120457694644,398,42,64
AMZN,Services,BiGRU,multiclass,10,1,26,0.5002936031950179,1.0109392660004752,398,42,64
AMZN,Services,BiGRU,multiclass,10,1,27,0.4926573779415246,1.8125328847340174,398,42,64
AMZN,Services,BiGRU,multiclass,10,1,28,0.4709402909829988,1.4357459147771199,398,42,64
AMZN,Services,BiGRU,multiclass,10,1,29,0.48353350836427966,0.9792625194504148,398,42,64
AMZN,Services,BiGRU,multiclass,10,1,30,0.4561567697393235,1.3855897358485632,398,42,64
BA,Industrial Goods,BiGRU,multiclass,10,1,1,1.6900116208210663,2.307417344479334,398,42,64
BA,Industrial Goods,BiGRU,multiclass,10,1,2,1.35681416041887,1.427475080603645,398,42,64
BA,Industrial Goods,BiGRU,multiclass,10,1,3,1.0511797387995312,1.968102250780378,398,42,64
BA,Industrial Goods,BiGRU,multiclass,10,1,4,0.9169803393546061,2.087844036874317,398,42,64
BA,Industrial Goods,BiGRU,multiclass,10,1,5,0.8695532736466758,2.181444758460635,398,42,64
BA,Industrial Goods,BiGRU,multiclass,10,1,6,0.8357898757685369,2.364851639384315,398,42,64
BA,Industrial Goods,BiGRU,multiclass,10,1,7,0.7816897379094033,2.3956552743911743,398,42,64
BA,Industrial Goods,BiGRU,multiclass,10,1,8,0.8150936739528598,3.052259081885928,398,42,64
BA,Industrial Goods,BiGRU,multiclass,10,1,9,0.6882831786745157,2.436142614909581,398,42,64
BA,Industrial Goods,BiGRU,multiclass,10,1,10,0.7070512340296453,3.0995602948325023,398,42,64
BA,Industrial Goods,BiGRU,multiclass,10,1,11,0.6612867832782879,2.782125098364694,398,42,64
BA,Industrial Goods,BiGRU,multiclass,10,1,12,0.6568387701882789,2.8844466436476934,398,42,64
BABA,Services,BiGRU,multiclass,10,1,1,1.8906768440450512,2.709236440204439,159,42,64
BABA,Services,BiGRU,multiclass,10,1,2,1.4089947654016364,1.9789924394516718,159,42,64
BABA,Services,BiGRU,multiclass,10,1,3,1.1356471919413633,1.3662966631707691,159,42,64
BABA,Services,BiGRU,multiclass,10,1,4,1.1342097712012957,1.7588209027335757,159,42,64
BABA,Services,BiGRU,multiclass,10,1,5,0.981108268476882,2.593833049138387,159,42,64
BABA,Services,BiGRU,multiclass,10,1,6,0.9647861610418595,3.2240574927557084,159,42,64
BABA,Services,BiGRU,multiclass,10,1,7,0.8888170936572477,3.469567684900193,159,42,64
BABA,Services,BiGRU,multiclass,10,1,8,0.8044261441290753,3.9982919920058477,159,42,64
BABA,Services,BiGRU,multiclass,10,1,9,0.7410420625464721,4.166611875806536,159,42,64
BABA,Services,BiGRU,multiclass,10,1,10,0.713350902938243,4.355838480449858,159,42,64
BABA,Services,BiGRU,multiclass,10,1,11,0.6627623180173478,4.5558280263628275,159,42,64
BABA,Services,BiGRU,multiclass,10,1,12,0.6951336920636255,5.0340068226768855,159,42,64
BABA,Services,BiGRU,multiclass,10,1,13,0.6580605375691779,5.004123120080857,159,42,64
BAC,Financial,BiGRU,multiclass,10,1,1,1.793572129915707,2.1269091821852184,398,42,64
BAC,Financial,BiGRU,multiclass,10,1,2,1.206444292811293,1.0129989839735485,398,42,64
BAC,Financial,BiGRU,multiclass,10,1,3,0.9387517784109067,1.0950327260153634,398,42,64
BAC,Financial,BiGRU,multiclass,10,1,4,0.8899177091205539,1.079625788189116,398,42,64
BAC,Financial,BiGRU,multiclass,10,1,5,0.8002466490520305,1.0951012827101207,398,42,64
BAC,Financial,BiGRU,multiclass,10,1,6,0.7717485526698319,1.075359997295198,398,42,64
BAC,Financial,BiGRU,multiclass,10,1,7,0.7760736232426897,1.1406978482291812,398,42,64
BAC,Financial,BiGRU,multiclass,10,1,8,0.7770684610060112,1.2980384996959142,398,42,64
BAC,Financial,BiGRU,multiclass,10,1,9,0.7026222345217987,1.2274684451875233,398,42,64
BAC,Financial,BiGRU,multiclass,10,1,10,0.7361190187272115,1.157369959922064,398,42,64
BAC,Financial,BiGRU,multiclass,10,1,11,0.71736989937835,1.3297191858291626,398,42,64
BAC,Financial,BiGRU,multiclass,10,1,12,0.6860374688503131,1.3144643249965848,398,42,64
BBL,Basic Matierials,BiGRU,multiclass,10,1,1,1.7938690359268956,2.858819427944365,398,42,64
BBL,Basic Matierials,BiGRU,multiclass,10,1,2,1.3317146588809525,1.3690753295308067,398,42,64
BBL,Basic Matierials,BiGRU,multiclass,10,1,3,1.1526914745119947,1.3168332292920066,398,42,64
BBL,Basic Matierials,BiGRU,multiclass,10,1,4,1.095032297486636,1.486450297491891,398,42,64
BBL,Basic Matierials,BiGRU,multiclass,10,1,5,1.0907829481752673,1.4709146533693587,398,42,64
BBL,Basic Matierials,BiGRU,multiclass,10,1,6,1.0366024180273314,1.7547647612435477,398,42,64
BBL,Basic Matierials,BiGRU,multiclass,10,1,7,0.9633531435650198,1.9672959872654505,398,42,64
BBL,Basic Matierials,BiGRU,multiclass,10,1,8,0.9591531669674207,2.5504134041922435,398,42,64
BBL,Basic Matierials,BiGRU,multiclass,10,1,9,0.8624465357718156,2.291548740296137,398,42,64
BBL,Basic Matierials,BiGRU,multiclass,10,1,10,0.8722185402659316,2.4409450689951577,398,42,64
BBL,Basic Matierials,BiGRU,multiclass,10,1,11,0.8069350464859201,2.2808693817683627,398,42,64
BBL,Basic Matierials,BiGRU,multiclass,10,1,12,0.789963020152183,2.273670105707078,398,42,64
BBL,Basic Matierials,BiGRU,multiclass,10,1,13,0.7861374362030221,2.7178074405306862,398,42,64
BCH,Financial,BiGRU,multiclass,10,1,1,1.7463209003060307,3.0715546153840565,398,42,64
BCH,Financial,BiGRU,multiclass,10,1,2,1.2702641379294084,1.241516011101859,398,42,64
BCH,Financial,BiGRU,multiclass,10,1,3,1.1023746594112722,2.494304509389968,398,42,64
BCH,Financial,BiGRU,multiclass,10,1,4,1.0279587911601042,3.2026449725741433,398,42,64
BCH,Financial,BiGRU,multiclass,10,1,5,0.9995497761659287,3.562208754675729,398,42,64
BCH,Financial,BiGRU,multiclass,10,1,6,0.9004717833133199,3.7702787944248746,398,42,64
BCH,Financial,BiGRU,multiclass,10,1,7,0.9011709741012535,3.9590861683800105,398,42,64
BCH,Financial,BiGRU,multiclass,10,1,8,0.8028754675807666,4.256960187639509,398,42,64
BCH,Financial,BiGRU,multiclass,10,1,9,0.7630850319287286,4.8456887517656595,398,42,64
BCH,Financial,BiGRU,multiclass,10,1,10,0.7463989332692706,5.267278807503836,398,42,64
BCH,Financial,BiGRU,multiclass,10,1,11,0.7166162315924564,4.825547241029286,398,42,64
BCH,Financial,BiGRU,multiclass,10,1,12,0.6834700805457992,5.283330463227772,398,42,64
BHP,Basic Matierials,BiGRU,multiclass,10,1,1,1.4153121805670272,2.5198235455013456,398,42,64
BHP,Basic Matierials,BiGRU,multiclass,10,1,2,1.0770038797627741,1.357742014385405,398,42,64
BHP,Basic Matierials,BiGRU,multiclass,10,1,3,0.9913081140374419,1.270599745568775,398,42,64
BHP,Basic Matierials,BiGRU,multiclass,10,1,4,0.910206595257898,1.5489087729226976,398,42,64
BHP,Basic Matierials,BiGRU,multiclass,10,1,5,0.8819837701979594,1.8559999465942383,398,42,64
BHP,Basic Matierials,BiGRU,multiclass,10,1,6,0.8179207243512024,2.0411651588621593,398,42,64
BHP,Basic Matierials,BiGRU,multiclass,10,1,7,0.8244701584978918,3.3986473991757347,398,42,64
BHP,Basic Matierials,BiGRU,multiclass,10,1,8,0.7510894507019963,3.5918333416893367,398,42,64
BHP,Basic Matierials,BiGRU,multiclass,10,1,9,0.7476248603370321,4.186287652878534,398,42,64
BHP,Basic Matierials,BiGRU,multiclass,10,1,10,0.698594605203849,4.676813557034447,398,42,64
BHP,Basic Matierials,BiGRU,multiclass,10,1,11,0.6760932779192326,4.47525185630435,398,42,64
BHP,Basic Matierials,BiGRU,multiclass,10,1,12,0.6691035999724614,4.434750965663365,398,42,64
BHP,Basic Matierials,BiGRU,multiclass,10,1,13,0.6476499620993533,4.770943391890753,398,42,64
BP,Basic Matierials,BiGRU,multiclass,10,1,1,1.5011990801173838,1.2259713070733207,398,42,64
BP,Basic Matierials,BiGRU,multiclass,10,1,2,1.0952723352753337,2.9451540992373513,398,42,64
BP,Basic Matierials,BiGRU,multiclass,10,1,3,0.9938287675081185,5.658183551969982,398,42,64
BP,Basic Matierials,BiGRU,multiclass,10,1,4,0.9127304826549549,5.573248340969994,398,42,64
BP,Basic Matierials,BiGRU,multiclass,10,1,5,0.8738505088504235,6.267527602967762,398,42,64
BP,Basic Matierials,BiGRU,multiclass,10,1,6,0.8671419165242258,5.733353728339786,398,42,64
BP,Basic Matierials,BiGRU,multiclass,10,1,7,0.8192747915210437,5.7479106812250045,398,42,64
BP,Basic Matierials,BiGRU,multiclass,10,1,8,0.7785595649450867,5.703280471620106,398,42,64
BP,Basic Matierials,BiGRU,multiclass,10,1,9,0.7486998423859103,5.8273020925975985,398,42,64
BP,Basic Matierials,BiGRU,multiclass,10,1,10,0.7308874654410472,5.586580798739479,398,42,64
BP,Basic Matierials,BiGRU,multiclass,10,1,11,0.750565267387946,6.171630496070499,398,42,64
BRK-A,Financial,BiGRU,multiclass,10,1,1,1.871198176139563,6.63886250768389,398,42,64
BRK-A,Financial,BiGRU,multiclass,10,1,2,1.2850375666690232,2.131025779814947,398,42,64
BRK-A,Financial,BiGRU,multiclass,10,1,3,1.0649358531338486,1.5340092863355363,398,42,64
BRK-A,Financial,BiGRU,multiclass,10,1,4,1.0092391871926774,1.6484860465640114,398,42,64
BRK-A,Financial,BiGRU,multiclass,10,1,5,0.8235041633922251,1.943138213384719,398,42,64
BRK-A,Financial,BiGRU,multiclass,10,1,6,0.8713973407170281,2.0847206796918596,398,42,64
BRK-A,Financial,BiGRU,multiclass,10,1,7,0.820060205219978,1.9718798001607258,398,42,64
BRK-A,Financial,BiGRU,multiclass,10,1,8,0.8334439115308637,1.9940891719999767,398,42,64
BRK-A,Financial,BiGRU,multiclass,10,1,9,0.6936441324464041,2.058881748290289,398,42,64
BRK-A,Financial,BiGRU,multiclass,10,1,10,0.6563680582310087,2.3011020024617515,398,42,64
BRK-A,Financial,BiGRU,multiclass,10,1,11,0.6612888811221674,2.317937215169271,398,42,64
BRK-A,Financial,BiGRU,multiclass,10,1,12,0.6490204154546536,2.495898927961077,398,42,64
BRK-A,Financial,BiGRU,multiclass,10,1,13,0.650297590236568,2.3365441958109536,398,42,64
BSAC,Financial,BiGRU,multiclass,10,1,1,1.7497202154979035,1.754733179296766,398,42,64
BSAC,Financial,BiGRU,multiclass,10,1,2,1.213482071706398,1.2469232366198586,398,42,64
BSAC,Financial,BiGRU,multiclass,10,1,3,1.0274772880664422,2.871086733681815,398,42,64
BSAC,Financial,BiGRU,multiclass,10,1,4,0.9558119516276834,3.869599455878848,398,42,64
BSAC,Financial,BiGRU,multiclass,10,1,5,0.9310989598533017,4.453741391499837,398,42,64
BSAC,Financial,BiGRU,multiclass,10,1,6,0.8707095198894865,4.983026004972912,398,42,64
BSAC,Financial,BiGRU,multiclass,10,1,7,0.8365035146924119,5.173939727601551,398,42,64
BSAC,Financial,BiGRU,multiclass,10,1,8,0.8059018538824877,5.744026819864909,398,42,64
BSAC,Financial,BiGRU,multiclass,10,1,9,0.7224328095589451,6.012845720563616,398,42,64
BSAC,Financial,BiGRU,multiclass,10,1,10,0.7622979100625119,6.447250275384812,398,42,64
BSAC,Financial,BiGRU,multiclass,10,1,11,0.7216746163128609,6.010879062470936,398,42,64
BSAC,Financial,BiGRU,multiclass,10,1,12,0.766054384672462,6.488672165643601,398,42,64
BUD,Consumer Goods,BiGRU,multiclass,10,1,1,1.6786662648670638,1.6907343183244978,398,42,64
BUD,Consumer Goods,BiGRU,multiclass,10,1,2,1.142506509869542,1.907041106905256,398,42,64
BUD,Consumer Goods,BiGRU,multiclass,10,1,3,1.026787778839993,2.7314299061184837,398,42,64
BUD,Consumer Goods,BiGRU,multiclass,10,1,4,0.8757594293685415,3.4631653967357816,398,42,64
BUD,Consumer Goods,BiGRU,multiclass,10,1,5,0.8562766577131186,2.7574363322485063,398,42,64
BUD,Consumer Goods,BiGRU,multiclass,10,1,6,0.8106392867601098,2.9795533361889066,398,42,64
BUD,Consumer Goods,BiGRU,multiclass,10,1,7,0.7640269368737187,3.143728006453741,398,42,64
BUD,Consumer Goods,BiGRU,multiclass,10,1,8,0.6989291877902333,3.4770833197094144,398,42,64
BUD,Consumer Goods,BiGRU,multiclass,10,1,9,0.6823761057314561,3.549865064166841,398,42,64
BUD,Consumer Goods,BiGRU,multiclass,10,1,10,0.6800372667947606,3.368630114055815,398,42,64
BUD,Consumer Goods,BiGRU,multiclass,10,1,11,0.6964486999128332,3.7497074490501765,398,42,64
C,Financial,BiGRU,multiclass,10,1,1,1.5469891713492234,2.2156645400183543,398,42,64
C,Financial,BiGRU,multiclass,10,1,2,0.9849672473255714,1.276684147971017,398,42,64
C,Financial,BiGRU,multiclass,10,1,3,0.8800345605342232,1.8062877030599684,398,42,64
C,Financial,BiGRU,multiclass,10,1,4,0.8116745391682764,2.1283816666830155,398,42,64
C,Financial,BiGRU,multiclass,10,1,5,0.7851131926828893,2.256564883958726,398,42,64
C,Financial,BiGRU,multiclass,10,1,6,0.8072696984113761,2.542675739242917,398,42,64
C,Financial,BiGRU,multiclass,10,1,7,0.7666410028035916,2.8897442250024703,398,42,64
C,Financial,BiGRU,multiclass,10,1,8,0.7079501104115242,3.4816917351314,398,42,64
C,Financial,BiGRU,multiclass,10,1,9,0.6332999632586187,3.850557525952657,398,42,64
C,Financial,BiGRU,multiclass,10,1,10,0.6295509230551408,3.854764450164068,398,42,64
C,Financial,BiGRU,multiclass,10,1,11,0.6123851070451976,4.292709140550523,398,42,64
C,Financial,BiGRU,multiclass,10,1,12,0.6085004459074395,4.439774439448402,398,42,64
CAT,Industrial Goods,BiGRU,multiclass,10,1,1,1.908724098948378,2.7460031055268788,398,42,64
CAT,Industrial Goods,BiGRU,multiclass,10,1,2,1.442597093893655,1.2622083652587164,398,42,64
CAT,Industrial Goods,BiGRU,multiclass,10,1,3,1.1554972622262774,2.2456754729861306,398,42,64
CAT,Industrial Goods,BiGRU,multiclass,10,1,4,1.0583394463337845,2.9805714516412642,398,42,64
CAT,Industrial Goods,BiGRU,multiclass,10,1,5,1.0457446329557716,3.296054544902983,398,42,64
CAT,Industrial Goods,BiGRU,multiclass,10,1,6,0.9059401100604378,3.434038979666574,398,42,64
CAT,Industrial Goods,BiGRU,multiclass,10,1,7,0.9160579988105813,3.7375133151099798,398,42,64
CAT,Industrial Goods,BiGRU,multiclass,10,1,8,0.8926780751003093,4.277113846370152,398,42,64
CAT,Industrial Goods,BiGRU,multiclass,10,1,9,0.8167152509617446,4.457330317724319,398,42,64
CAT,Industrial Goods,BiGRU,multiclass,10,1,10,0.8156826463176976,4.477894397008987,398,42,64
CAT,Industrial Goods,BiGRU,multiclass,10,1,11,0.8050109555373839,4.329820087977818,398,42,64
CAT,Industrial Goods,BiGRU,multiclass,10,1,12,0.7434612990324222,5.226811136518206,398,42,64
CELG,Healthcare,BiGRU,multiclass,10,1,1,1.4133194199758559,1.5697554804029918,398,42,64
CELG,Healthcare,BiGRU,multiclass,10,1,2,0.9626807258955797,0.8261079475993202,398,42,64
CELG,Healthcare,BiGRU,multiclass,10,1,3,0.8464937290953631,0.7894681649548667,398,42,64
CELG,Healthcare,BiGRU,multiclass,10,1,4,0.79682739236247,0.8099188932350704,398,42,64
CELG,Healthcare,BiGRU,multiclass,10,1,5,0.8161158852241747,0.8381308962901434,398,42,64
CELG,Healthcare,BiGRU,multiclass,10,1,6,0.7770189942427017,0.8885136800152915,398,42,64
CELG,Healthcare,BiGRU,multiclass,10,1,7,0.7522329205843672,1.0160795762425376,398,42,64
CELG,Healthcare,BiGRU,multiclass,10,1,8,0.6679837300849321,1.1349580727872395,398,42,64
CELG,Healthcare,BiGRU,multiclass,10,1,9,0.6725421195952737,1.4123808117139907,398,42,64
CELG,Healthcare,BiGRU,multiclass,10,1,10,0.7056280891200406,1.33950750600724,398,42,64
CELG,Healthcare,BiGRU,multiclass,10,1,11,0.6617326444417388,1.5250101373309182,398,42,64
CELG,Healthcare,BiGRU,multiclass,10,1,12,0.6313048500811035,1.6972325359072005,398,42,64
CELG,Healthcare,BiGRU,multiclass,10,1,13,0.6082794088215085,1.6075477231116522,398,42,64
CHL,Technology,BiGRU,multiclass,10,1,1,1.6597575302699104,1.832140706834339,398,42,64
CHL,Technology,BiGRU,multiclass,10,1,2,1.2153705508265662,1.0304198208309354,398,42,64
CHL,Technology,BiGRU,multiclass,10,1,3,1.061942914622513,1.129158655802409,398,42,64
CHL,Technology,BiGRU,multiclass,10,1,4,0.9381819157744172,1.1901846556436448,398,42,64
CHL,Technology,BiGRU,multiclass,10,1,5,0.8961902410540749,1.118328298841204,398,42,64
CHL,Technology,BiGRU,multiclass,10,1,6,0.9170866893164477,1.1442218280973888,398,42,64
CHL,Technology,BiGRU,multiclass,10,1,7,0.7974638786148186,1.0841848509652274,398,42,64
CHL,Technology,BiGRU,multiclass,10,1,8,0.7622830080027556,1.0921888862337386,398,42,64
CHL,Technology,BiGRU,multiclass,10,1,9,0.7169713267129869,1.093241688751039,398,42,64
CHL,Technology,BiGRU,multiclass,10,1,10,0.724030594729898,1.106688068026588,398,42,64
CHL,Technology,BiGRU,multiclass,10,1,11,0.7083276207722611,1.0809399343672252,398,42,64
CHL,Technology,BiGRU,multiclass,10,1,12,0.6723241886900897,1.095904943488893,398,42,64
CHTR,Services,BiGRU,multiclass,10,1,1,1.832310697541165,2.575911385672433,398,42,64
CHTR,Services,BiGRU,multiclass,10,1,2,1.3917549507102775,2.0937470084144953,398,42,64
CHTR,Services,BiGRU,multiclass,10,1,3,1.1086174486270501,1.6375120225406827,398,42,64
CHTR,Services,BiGRU,multiclass,10,1,4,0.9822858997325802,1.553081942456109,398,42,64
CHTR,Services,BiGRU,multiclass,10,1,5,0.8321704735707998,1.5132753721305303,398,42,64
CHTR,Services,BiGRU,multiclass,10,1,6,0.8706767606974846,1.5092596780686152,398,42,64
CHTR,Services,BiGRU,multiclass,10,1,7,0.8176102835928375,1.4703856735002427,398,42,64
CHTR,Services,BiGRU,multiclass,10,1,8,0.7537693375319092,1.5040080121585302,398,42,64
CHTR,Services,BiGRU,multiclass,10,1,9,0.7740116754368921,1.4717379439444769,398,42,64
CHTR,Services,BiGRU,multiclass,10,1,10,0.7294173375445994,1.512166060152508,398,42,64
CHTR,Services,BiGRU,multiclass,10,1,11,0.711907440993055,1.5141173970131647,398,42,64
CHTR,Services,BiGRU,multiclass,10,1,12,0.6723602608819703,1.4936100897334872,398,42,64
CHTR,Services,BiGRU,multiclass,10,1,13,0.6865663124089265,1.4578744116283597,398,42,64
CHTR,Services,BiGRU,multiclass,10,1,14,0.6480828433779616,1.4222979148228962,398,42,64
CHTR,Services,BiGRU,multiclass,10,1,15,0.66744628503694,1.4031711334273929,398,42,64
CHTR,Services,BiGRU,multiclass,10,1,16,0.625101935923399,1.3194740868750072,398,42,64
CHTR,Services,BiGRU,multiclass,10,1,17,0.6079871343008837,1.4563693148749215,398,42,64
CHTR,Services,BiGRU,multiclass,10,1,18,0.6023403885376514,1.4573209938548861,398,42,64
CHTR,Services,BiGRU,multiclass,10,1,19,0.5843748222643407,1.458922573498317,398,42,64
CHTR,Services,BiGRU,multiclass,10,1,20,0.577778425348464,1.4839677243005662,398,42,64
CHTR,Services,BiGRU,multiclass,10,1,21,0.58498966633974,1.4146505054973422,398,42,64
CHTR,Services,BiGRU,multiclass,10,1,22,0.5327952662904059,1.5786808047975813,398,42,64
CHTR,Services,BiGRU,multiclass,10,1,23,0.5574017209024286,1.4900832573572795,398,42,64
CHTR,Services,BiGRU,multiclass,10,1,24,0.5219670719836824,1.5532140220914568,398,42,64
CHTR,Services,BiGRU,multiclass,10,1,25,0.4986171650527111,1.4653172209149314,398,42,64
CHTR,Services,BiGRU,multiclass,10,1,26,0.5284917711013526,1.5963374887193953,398,42,64
CMCSA,Services,BiGRU,multiclass,10,1,1,1.714441500716473,3.6741622175489153,398,42,64
CMCSA,Services,BiGRU,multiclass,10,1,2,1.17829064747796,1.898532509803772,398,42,64
CMCSA,Services,BiGRU,multiclass,10,1,3,0.9784730325392144,1.7626477962448484,398,42,64
CMCSA,Services,BiGRU,multiclass,10,1,4,0.8475974732307933,1.64964325938906,398,42,64
CMCSA,Services,BiGRU,multiclass,10,1,5,0.7859112036288084,1.6119604394549416,398,42,64
CMCSA,Services,BiGRU,multiclass,10,1,6,0.7334149809338939,1.5046953246707009,398,42,64
CMCSA,Services,BiGRU,multiclass,10,1,7,0.681784778384108,1.8267312220164709,398,42,64
CMCSA,Services,BiGRU,multiclass,10,1,8,0.6955421315365701,1.9430796305338542,398,42,64
CMCSA,Services,BiGRU,multiclass,10,1,9,0.6688223238566413,1.8051638830275762,398,42,64
CMCSA,Services,BiGRU,multiclass,10,1,10,0.6315114680846133,1.7192004578454154,398,42,64
CMCSA,Services,BiGRU,multiclass,10,1,11,0.6486692048197416,1.8480001971835183,398,42,64
CMCSA,Services,BiGRU,multiclass,10,1,12,0.5934125592361144,1.7377273866108485,398,42,64
CMCSA,Services,BiGRU,multiclass,10,1,13,0.5817923165445951,2.099383234977722,398,42,64
CMCSA,Services,BiGRU,multiclass,10,1,14,0.5559746009021548,1.5725188425609045,398,42,64
CMCSA,Services,BiGRU,multiclass,10,1,15,0.5799888941510838,1.7451461894171578,398,42,64
CMCSA,Services,BiGRU,multiclass,10,1,16,0.5334605033972755,1.5743124257950556,398,42,64
CODI,Conglomerates,BiGRU,multiclass,10,1,1,1.7315438707270214,1.3303920882088798,398,42,64
CODI,Conglomerates,BiGRU,multiclass,10,1,2,1.2236535069930494,0.8539740414846511,398,42,64
CODI,Conglomerates,BiGRU,multiclass,10,1,3,0.967239070028516,1.452236152830578,398,42,64
CODI,Conglomerates,BiGRU,multiclass,10,1,4,0.8537896922485313,1.7042150156838554,398,42,64
CODI,Conglomerates,BiGRU,multiclass,10,1,5,0.7976484466437719,1.868255308696202,398,42,64
CODI,Conglomerates,BiGRU,multiclass,10,1,6,0.7842937451810693,1.9691309247698103,398,42,64
CODI,Conglomerates,BiGRU,multiclass,10,1,7,0.8458772601194717,1.8017251378013974,398,42,64
CODI,Conglomerates,BiGRU,multiclass,10,1,8,0.6880023013706782,1.7958291598728724,398,42,64
CODI,Conglomerates,BiGRU,multiclass,10,1,9,0.7261791786356787,1.9749922525315058,398,42,64
CODI,Conglomerates,BiGRU,multiclass,10,1,10,0.631519122938415,1.7671859037308466,398,42,64
CODI,Conglomerates,BiGRU,multiclass,10,1,11,0.6366141618196689,1.898880129768735,398,42,64
CODI,Conglomerates,BiGRU,multiclass,10,1,12,0.6367416581017288,1.9465630735669817,398,42,64
CSCO,Technology,BiGRU,multiclass,10,1,1,1.778053085708139,4.412787006014869,398,42,64
CSCO,Technology,BiGRU,multiclass,10,1,2,1.3734733159817643,1.9083605607350667,398,42,64
CSCO,Technology,BiGRU,multiclass,10,1,3,1.1261334949402353,2.17315825961885,398,42,64
CSCO,Technology,BiGRU,multiclass,10,1,4,0.9855093060426376,2.224535930724371,398,42,64
CSCO,Technology,BiGRU,multiclass,10,1,5,0.8592099556371794,2.1320454960777644,398,42,64
CSCO,Technology,BiGRU,multiclass,10,1,6,0.9103208633523491,2.3345489842551097,398,42,64
CSCO,Technology,BiGRU,multiclass,10,1,7,0.8072002169175364,2.4216205733163014,398,42,64
CSCO,Technology,BiGRU,multiclass,10,1,8,0.7889853558648172,2.3678121907370433,398,42,64
CSCO,Technology,BiGRU,multiclass,10,1,9,0.8187285763534469,2.604676757540022,398,42,64
CSCO,Technology,BiGRU,multiclass,10,1,10,0.6873768897511852,2.7794255075000582,398,42,64
CSCO,Technology,BiGRU,multiclass,10,1,11,0.7684285666175823,2.272927863257272,398,42,64
CSCO,Technology,BiGRU,multiclass,10,1,12,0.6673040499339751,2.668758290154593,398,42,64
CVX,Basic Matierials,BiGRU,multiclass,10,1,1,1.4711512279270882,2.0247204303741455,398,42,64
CVX,Basic Matierials,BiGRU,multiclass,10,1,2,1.07683425452841,3.2524721849532354,398,42,64
CVX,Basic Matierials,BiGRU,multiclass,10,1,3,0.9769971152046817,6.896671431405204,398,42,64
CVX,Basic Matierials,BiGRU,multiclass,10,1,4,0.8661666985732227,6.673617930639358,398,42,64
CVX,Basic Matierials,BiGRU,multiclass,10,1,5,0.9051041246658593,7.085997422536214,398,42,64
CVX,Basic Matierials,BiGRU,multiclass,10,1,6,0.8073192014167058,5.977516696566627,398,42,64
CVX,Basic Matierials,BiGRU,multiclass,10,1,7,0.7614377823906329,5.42741584777832,398,42,64
CVX,Basic Matierials,BiGRU,multiclass,10,1,8,0.7429034507753861,5.32148958387829,398,42,64
CVX,Basic Matierials,BiGRU,multiclass,10,1,9,0.7142640731142993,5.8312929925464445,398,42,64
CVX,Basic Matierials,BiGRU,multiclass,10,1,10,0.6741251554620925,6.299753847576323,398,42,64
CVX,Basic Matierials,BiGRU,multiclass,10,1,11,0.6869995606005491,6.360891591934931,398,42,64
D,Utilities,BiGRU,multiclass,10,1,1,1.690513575496386,1.9586293129693895,398,42,64
D,Utilities,BiGRU,multiclass,10,1,2,1.090935820311158,1.4972406767663502,398,42,64
D,Utilities,BiGRU,multiclass,10,1,3,0.9039916599815215,1.5559118759064448,398,42,64
D,Utilities,BiGRU,multiclass,10,1,4,0.8400491488039793,1.7521205629621233,398,42,64
D,Utilities,BiGRU,multiclass,10,1,5,0.7166848664906755,1.6584537199565343,398,42,64
D,Utilities,BiGRU,multiclass,10,1,6,0.6958076034358998,1.7516007593699865,398,42,64
D,Utilities,BiGRU,multiclass,10,1,7,0.7635858037962986,1.772103644552685,398,42,64
D,Utilities,BiGRU,multiclass,10,1,8,0.6747405058774517,1.7973270813624065,398,42,64
D,Utilities,BiGRU,multiclass,10,1,9,0.6192116797269889,1.8588053555715651,398,42,64
D,Utilities,BiGRU,multiclass,10,1,10,0.6405731550413161,1.9337527070726668,398,42,64
D,Utilities,BiGRU,multiclass,10,1,11,0.5809172526675852,1.8351221254893713,398,42,64
D,Utilities,BiGRU,multiclass,10,1,12,0.6193043731864373,2.162684582528614,398,42,64
DHR,Industrial Goods,BiGRU,multiclass,10,1,1,1.6849454916901325,3.713182733172462,398,42,64
DHR,Industrial Goods,BiGRU,multiclass,10,1,2,1.1451251039552928,3.391790060769944,398,42,64
DHR,Industrial Goods,BiGRU,multiclass,10,1,3,1.0198128103610857,4.441661891483125,398,42,64
DHR,Industrial Goods,BiGRU,multiclass,10,1,4,0.9109740529827137,3.949512163798014,398,42,64
DHR,Industrial Goods,BiGRU,multiclass,10,1,5,0.7974336719393131,4.81931277683803,398,42,64
DHR,Industrial Goods,BiGRU,multiclass,10,1,6,0.8293145173159077,4.504732949393136,398,42,64
DHR,Industrial Goods,BiGRU,multiclass,10,1,7,0.7741329109848444,4.698199385688419,398,42,64
DHR,Industrial Goods,BiGRU,multiclass,10,1,8,0.756150738378266,4.620772202809651,398,42,64
DHR,Industrial Goods,BiGRU,multiclass,10,1,9,0.7112430091479316,3.936178729647682,398,42,64
DHR,Industrial Goods,BiGRU,multiclass,10,1,10,0.7185721936537393,2.8081740538279214,398,42,64
DHR,Industrial Goods,BiGRU,multiclass,10,1,11,0.7320254108115057,4.010344471250262,398,42,64
DHR,Industrial Goods,BiGRU,multiclass,10,1,12,0.6792292966315495,2.784091654277983,398,42,64
DHR,Industrial Goods,BiGRU,multiclass,10,1,13,0.6778349034750282,2.8395004726591564,398,42,64
DHR,Industrial Goods,BiGRU,multiclass,10,1,14,0.6528037476479708,2.8838139942714145,398,42,64
DHR,Industrial Goods,BiGRU,multiclass,10,1,15,0.6412911301282183,2.529250042779105,398,42,64
DHR,Industrial Goods,BiGRU,multiclass,10,1,16,0.57346811126824,2.044326118060521,398,42,64
DHR,Industrial Goods,BiGRU,multiclass,10,1,17,0.5804020575243025,2.8038624014173235,398,42,64
DHR,Industrial Goods,BiGRU,multiclass,10,1,18,0.612004690284106,1.7171514318102883,398,42,64
DHR,Industrial Goods,BiGRU,multiclass,10,1,19,0.6134673731410922,1.5780942553565616,398,42,64
DHR,Industrial Goods,BiGRU,multiclass,10,1,20,0.585339305538628,2.167934542610532,398,42,64
DHR,Industrial Goods,BiGRU,multiclass,10,1,21,0.5481966495813437,2.137242765653701,398,42,64
DHR,Industrial Goods,BiGRU,multiclass,10,1,22,0.5456265724783567,1.7624697855540685,398,42,64
DHR,Industrial Goods,BiGRU,multiclass,10,1,23,0.5384845810020389,1.9825275171370733,398,42,64
DHR,Industrial Goods,BiGRU,multiclass,10,1,24,0.5220041322947746,1.5672837382271176,398,42,64
DHR,Industrial Goods,BiGRU,multiclass,10,1,25,0.5197821430225468,1.1694909532864888,398,42,64
DHR,Industrial Goods,BiGRU,multiclass,10,1,26,0.510760339959782,1.5257932742436726,398,42,64
DHR,Industrial Goods,BiGRU,multiclass,10,1,27,0.5046478680629826,1.6065361670085363,398,42,64
DHR,Industrial Goods,BiGRU,multiclass,10,1,28,0.44615764249509304,1.0518016389438085,398,42,64
DHR,Industrial Goods,BiGRU,multiclass,10,1,29,0.4685291318438161,1.0518483718236287,398,42,64
DHR,Industrial Goods,BiGRU,multiclass,10,1,30,0.4728434746289373,1.9705518767947243,398,42,64
DIS,Services,BiGRU,multiclass,10,1,1,1.3885117083338636,3.296086549758911,398,42,64
DIS,Services,BiGRU,multiclass,10,1,2,0.9290945305297124,1.4380888569922674,398,42,64
DIS,Services,BiGRU,multiclass,10,1,3,0.7741568999074812,2.1547742741448537,398,42,64
DIS,Services,BiGRU,multiclass,10,1,4,0.8229787256849471,2.7672089622134255,398,42,64
DIS,Services,BiGRU,multiclass,10,1,5,0.6944097391325026,2.294200681504749,398,42,64
DIS,Services,BiGRU,multiclass,10,1,6,0.6410310635315114,2.4500187067758468,398,42,64
DIS,Services,BiGRU,multiclass,10,1,7,0.6736681760855057,2.0337047349838984,398,42,64
DIS,Services,BiGRU,multiclass,10,1,8,0.6067631816744206,2.3494864531925748,398,42,64
DIS,Services,BiGRU,multiclass,10,1,9,0.551509690644154,2.3576237303870067,398,42,64
DIS,Services,BiGRU,multiclass,10,1,10,0.6367144237211602,2.4113677796863375,398,42,64
DIS,Services,BiGRU,multiclass,10,1,11,0.5296418644375538,2.576352584929693,398,42,64
DIS,Services,BiGRU,multiclass,10,1,12,0.5374560435513156,2.819626490275065,398,42,64
DUK,Utilities,BiGRU,multiclass,10,1,1,1.6076890526704453,2.1945994751793996,398,42,64
DUK,Utilities,BiGRU,multiclass,10,1,2,1.038792429257877,1.6656447535469419,398,42,64
DUK,Utilities,BiGRU,multiclass,10,1,3,0.8873861494974874,2.06088772274199,398,42,64
DUK,Utilities,BiGRU,multiclass,10,1,4,0.8107605965892274,2.011479298273722,398,42,64
DUK,Utilities,BiGRU,multiclass,10,1,5,0.7260848749522588,2.0025723548162553,398,42,64
DUK,Utilities,BiGRU,multiclass,10,1,6,0.7039966243295813,2.158145018986293,398,42,64
DUK,Utilities,BiGRU,multiclass,10,1,7,0.7177133360999314,2.017046951112293,398,42,64
DUK,Utilities,BiGRU,multiclass,10,1,8,0.6776194548487064,2.1974181901840937,398,42,64
DUK,Utilities,BiGRU,multiclass,10,1,9,0.6276146538892583,2.149397781917027,398,42,64
DUK,Utilities,BiGRU,multiclass,10,1,10,0.609170585571222,2.281693254198347,398,42,64
DUK,Utilities,BiGRU,multiclass,10,1,11,0.6480384641256763,2.321521282196045,398,42,64
DUK,Utilities,BiGRU,multiclass,10,1,12,0.6205705856558067,2.2144964081900462,398,42,64
EXC,Utilities,BiGRU,multiclass,10,1,1,1.722971453738572,1.1600211234319777,398,42,64
EXC,Utilities,BiGRU,multiclass,10,1,2,1.212208095806927,1.3722094751539684,398,42,64
EXC,Utilities,BiGRU,multiclass,10,1,3,1.0369090165325145,3.0408321562267484,398,42,64
EXC,Utilities,BiGRU,multiclass,10,1,4,0.9337500112140598,3.832894347962879,398,42,64
EXC,Utilities,BiGRU,multiclass,10,1,5,0.9018802573932475,4.296436287107921,398,42,64
EXC,Utilities,BiGRU,multiclass,10,1,6,0.8221179612317876,4.412411485399518,398,42,64
EXC,Utilities,BiGRU,multiclass,10,1,7,0.8198512573937076,4.903164000738235,398,42,64
EXC,Utilities,BiGRU,multiclass,10,1,8,0.7983021667255229,4.635740756988525,398,42,64
EXC,Utilities,BiGRU,multiclass,10,1,9,0.7752036341470689,4.885161445254371,398,42,64
EXC,Utilities,BiGRU,multiclass,10,1,10,0.7578649329180693,4.993046942211333,398,42,64
EXC,Utilities,BiGRU,multiclass,10,1,11,0.7584637322617536,4.936025619506836,398,42,64
FB,Technology,BiGRU,multiclass,10,1,1,1.8235478311327833,1.9944539410727364,398,42,64
FB,Technology,BiGRU,multiclass,10,1,2,1.4074784750914453,2.301314319883074,398,42,64
FB,Technology,BiGRU,multiclass,10,1,3,1.1483746473513656,2.5955148992084323,398,42,64
FB,Technology,BiGRU,multiclass,10,1,4,1.0075481899419623,2.7545047033400762,398,42,64
FB,Technology,BiGRU,multiclass,10,1,5,0.9329320069533497,3.4159487202053977,398,42,64
FB,Technology,BiGRU,multiclass,10,1,6,0.8875376019046535,3.2492498556772866,398,42,64
FB,Technology,BiGRU,multiclass,10,1,7,0.8209719337410664,3.1806426161811467,398,42,64
FB,Technology,BiGRU,multiclass,10,1,8,0.7900410752799643,2.8707896868387857,398,42,64
FB,Technology,BiGRU,multiclass,10,1,9,0.7544907157744595,2.652188017254784,398,42,64
FB,Technology,BiGRU,multiclass,10,1,10,0.7342679485603792,2.9172004631587436,398,42,64
FB,Technology,BiGRU,multiclass,10,1,11,0.7251221047873473,2.8849060648963567,398,42,64
GD,Industrial Goods,BiGRU,multiclass,10,1,1,1.8718739376595273,2.0933669351396107,398,42,64
GD,Industrial Goods,BiGRU,multiclass,10,1,2,1.3298837587461998,1.492230040686471,398,42,64
GD,Industrial Goods,BiGRU,multiclass,10,1,3,1.098635834066113,1.1763882495108104,398,42,64
GD,Industrial Goods,BiGRU,multiclass,10,1,4,0.9539969894454707,1.220514748777662,398,42,64
GD,Industrial Goods,BiGRU,multiclass,10,1,5,0.8687153937828601,1.290124515692393,398,42,64
GD,Industrial Goods,BiGRU,multiclass,10,1,6,0.835203511481309,1.3007976043791998,398,42,64
GD,Industrial Goods,BiGRU,multiclass,10,1,7,0.7994228622422146,1.4256790393874759,398,42,64
GD,Industrial Goods,BiGRU,multiclass,10,1,8,0.7671462435219156,1.367197226910364,398,42,64
GD,Industrial Goods,BiGRU,multiclass,10,1,9,0.732169169277402,1.3356632675443376,398,42,64
GD,Industrial Goods,BiGRU,multiclass,10,1,10,0.7437922803301308,1.2911675856226967,398,42,64
GD,Industrial Goods,BiGRU,multiclass,10,1,11,0.7280652082745155,1.3394119824681963,398,42,64
GD,Industrial Goods,BiGRU,multiclass,10,1,12,0.642989281583671,1.2440428733825684,398,42,64
GD,Industrial Goods,BiGRU,multiclass,10,1,13,0.6295421211863282,1.3175835382370722,398,42,64
GE,Industrial Goods,BiGRU,multiclass,10,1,1,1.7540765281897694,9.802970954350062,398,42,64
GE,Industrial Goods,BiGRU,multiclass,10,1,2,1.5756880122812549,4.7893495219094415,398,42,64
GE,Industrial Goods,BiGRU,multiclass,10,1,3,1.1077136034941553,2.7322145586922053,398,42,64
GE,Industrial Goods,BiGRU,multiclass,10,1,4,1.0199622059587259,2.3284000215076266,398,42,64
GE,Industrial Goods,BiGRU,multiclass,10,1,5,0.9947972055056586,2.2493812981105985,398,42,64
GE,Industrial Goods,BiGRU,multiclass,10,1,6,0.8251163573121306,2.672030108315604,398,42,64
GE,Industrial Goods,BiGRU,multiclass,10,1,7,0.7946240770157857,2.73542514869145,398,42,64
GE,Industrial Goods,BiGRU,multiclass,10,1,8,0.6943927579489185,2.1574560687655495,398,42,64
GE,Industrial Goods,BiGRU,multiclass,10,1,9,0.6341303607926296,1.8315858159746443,398,42,64
GE,Industrial Goods,BiGRU,multiclass,10,1,10,0.7610501056939514,3.1026859680811563,398,42,64
GE,Industrial Goods,BiGRU,multiclass,10,1,11,0.6042599998526836,2.242140809694926,398,42,64
GE,Industrial Goods,BiGRU,multiclass,10,1,12,0.5781638596824665,1.5485588198616391,398,42,64
GE,Industrial Goods,BiGRU,multiclass,10,1,13,0.6091587164593701,1.758707739057995,398,42,64
GE,Industrial Goods,BiGRU,multiclass,10,1,14,0.572922115948931,2.374761626833961,398,42,64
GE,Industrial Goods,BiGRU,multiclass,10,1,15,0.5395144561127801,2.4438564777374268,398,42,64
GE,Industrial Goods,BiGRU,multiclass,10,1,16,0.6210336924797326,1.6482752220971244,398,42,64
GE,Industrial Goods,BiGRU,multiclass,10,1,17,0.534826919511335,1.8462706293378557,398,42,64
GE,Industrial Goods,BiGRU,multiclass,10,1,18,0.4901837908742416,3.699893491608756,398,42,64
GE,Industrial Goods,BiGRU,multiclass,10,1,19,0.5223506359598744,1.6938280434835524,398,42,64
GE,Industrial Goods,BiGRU,multiclass,10,1,20,0.4640900645423774,2.0838573546636674,398,42,64
GE,Industrial Goods,BiGRU,multiclass,10,1,21,0.4454203782668665,1.8234901598521642,398,42,64
GE,Industrial Goods,BiGRU,multiclass,10,1,22,0.46769001376089736,1.7610099940072923,398,42,64
GOOG,Technology,BiGRU,multiclass,10,1,1,1.6562971152252888,3.8907379536401656,398,42,64
GOOG,Technology,BiGRU,multiclass,10,1,2,1.1342888058130465,3.4497427259172713,398,42,64
GOOG,Technology,BiGRU,multiclass,10,1,3,0.9312867489292393,2.2377851066135226,398,42,64
GOOG,Technology,BiGRU,multiclass,10,1,4,0.8852321484580112,2.278905811763945,398,42,64
GOOG,Technology,BiGRU,multiclass,10,1,5,0.7996608372309699,1.8318152711504982,398,42,64
GOOG,Technology,BiGRU,multiclass,10,1,6,0.7393582403360299,2.0034697623479936,398,42,64
GOOG,Technology,BiGRU,multiclass,10,1,7,0.7150778452954699,1.8993708860306513,398,42,64
GOOG,Technology,BiGRU,multiclass,10,1,8,0.7195264586252184,1.9469437485649472,398,42,64
GOOG,Technology,BiGRU,multiclass,10,1,9,0.6886137993491475,2.0975824083600725,398,42,64
GOOG,Technology,BiGRU,multiclass,10,1,10,0.663245921757952,1.7602576244445074,398,42,64
GOOG,Technology,BiGRU,multiclass,10,1,11,0.6083925986409786,1.8779199577513195,398,42,64
GOOG,Technology,BiGRU,multiclass,10,1,12,0.6355955187399783,1.8976371004467918,398,42,64
GOOG,Technology,BiGRU,multiclass,10,1,13,0.5618169023163954,1.7103345621199835,398,42,64
GOOG,Technology,BiGRU,multiclass,10,1,14,0.6086961926527359,2.0413840611775718,398,42,64
GOOG,Technology,BiGRU,multiclass,10,1,15,0.5328140980634258,1.6511795123418171,398,42,64
GOOG,Technology,BiGRU,multiclass,10,1,16,0.5441685133243925,1.4884835595176333,398,42,64
GOOG,Technology,BiGRU,multiclass,10,1,17,0.5408148109613351,1.4545496588661557,398,42,64
GOOG,Technology,BiGRU,multiclass,10,1,18,0.5063550942507221,1.471950127964928,398,42,64
GOOG,Technology,BiGRU,multiclass,10,1,19,0.4997456951357012,1.5772396269298734,398,42,64
GOOG,Technology,BiGRU,multiclass,10,1,20,0.5084819928485544,1.5898969286964053,398,42,64
GOOG,Technology,BiGRU,multiclass,10,1,21,0.49971210627100576,1.671932646206447,398,42,64
GOOG,Technology,BiGRU,multiclass,10,1,22,0.5125006886582878,2.0525861240568615,398,42,64
GOOG,Technology,BiGRU,multiclass,10,1,23,0.4949433162583778,1.5696793567566645,398,42,64
GOOG,Technology,BiGRU,multiclass,10,1,24,0.48619702293645195,2.209874777566819,398,42,64
GOOG,Technology,BiGRU,multiclass,10,1,25,0.4523439293530718,1.5994078658875965,398,42,64
GOOG,Technology,BiGRU,multiclass,10,1,26,0.44569703771840385,1.6414686952318465,398,42,64
GOOG,Technology,BiGRU,multiclass,10,1,27,0.44030612108096406,2.295203606287638,398,42,64
HD,Services,BiGRU,multiclass,10,1,1,1.651591909291157,2.993403514226278,398,42,64
HD,Services,BiGRU,multiclass,10,1,2,1.0729496550919422,2.229070924577259,398,42,64
HD,Services,BiGRU,multiclass,10,1,3,0.9166782622660824,2.15708133152553,398,42,64
HD,Services,BiGRU,multiclass,10,1,4,0.9132910369329117,2.2265737170264837,398,42,64
HD,Services,BiGRU,multiclass,10,1,5,0.8460627256625861,2.1616630951563516,398,42,64
HD,Services,BiGRU,multiclass,10,1,6,0.8267938846619285,2.0568846350624446,398,42,64
HD,Services,BiGRU,multiclass,10,1,7,0.7812664219781981,2.061617618515378,398,42,64
HD,Services,BiGRU,multiclass,10,1,8,0.7502707466108716,1.7608445598965599,398,42,64
HD,Services,BiGRU,multiclass,10,1,9,0.7178582330444949,1.3777877205894107,398,42,64
HD,Services,BiGRU,multiclass,10,1,10,0.7074356362148745,1.386415163675944,398,42,64
HD,Services,BiGRU,multiclass,10,1,11,0.6425663957643748,1.2079815410432362,398,42,64
HD,Services,BiGRU,multiclass,10,1,12,0.6744451284708091,1.1361499570664906,398,42,64
HD,Services,BiGRU,multiclass,10,1,13,0.6672581753239559,1.3506187484377907,398,42,64
HD,Services,BiGRU,multiclass,10,1,14,0.612407688369703,1.0893034452483767,398,42,64
HD,Services,BiGRU,multiclass,10,1,15,0.5723758685828453,1.2331630786259968,398,42,64
HD,Services,BiGRU,multiclass,10,1,16,0.5779218974724487,1.2628206468763805,398,42,64
HD,Services,BiGRU,multiclass,10,1,17,0.5839378823287523,1.2345990737279255,398,42,64
HD,Services,BiGRU,multiclass,10,1,18,0.5477119844463003,1.4408070984340848,398,42,64
HD,Services,BiGRU,multiclass,10,1,19,0.5583401237001371,1.382236361503601,398,42,64
HD,Services,BiGRU,multiclass,10,1,20,0.5277390917341913,1.4961404772031874,398,42,64
HD,Services,BiGRU,multiclass,10,1,21,0.5512914537784442,1.3363496859868367,398,42,64
HD,Services,BiGRU,multiclass,10,1,22,0.4974974557083456,1.4763132560820806,398,42,64
HD,Services,BiGRU,multiclass,10,1,23,0.4568973110249294,1.5784239314851307,398,42,64
HD,Services,BiGRU,multiclass,10,1,24,0.47994195276768364,1.6579870212645758,398,42,64
HON,Industrial Goods,BiGRU,multiclass,10,1,1,1.781687319578238,3.0994876566387357,398,42,64
HON,Industrial Goods,BiGRU,multiclass,10,1,2,1.2341817311905137,1.1608397449765886,398,42,64
HON,Industrial Goods,BiGRU,multiclass,10,1,3,0.997651455989435,1.3335993744078136,398,42,64
HON,Industrial Goods,BiGRU,multiclass,10,1,4,0.8872172718671099,1.6123873506273543,398,42,64
HON,Industrial Goods,BiGRU,multiclass,10,1,5,0.8696958635320615,1.3580889872142248,398,42,64
HON,Industrial Goods,BiGRU,multiclass,10,1,6,0.8295473447397127,1.3821892000380016,398,42,64
HON,Industrial Goods,BiGRU,multiclass,10,1,7,0.8084653004929049,1.4288067250024705,398,42,64
HON,Industrial Goods,BiGRU,multiclass,10,1,8,0.724866673275454,1.514091168131147,398,42,64
HON,Industrial Goods,BiGRU,multiclass,10,1,9,0.7377421421621313,1.5455681199119204,398,42,64
HON,Industrial Goods,BiGRU,multiclass,10,1,10,0.6816719234289237,1.8313413801647367,398,42,64
HON,Industrial Goods,BiGRU,multiclass,10,1,11,0.6699554066562173,2.0219985871087935,398,42,64
HON,Industrial Goods,BiGRU,multiclass,10,1,12,0.6378042380414416,2.240733651887803,398,42,64
HRG,Conglomerates,BiGRU,multiclass,10,1,1,1.5418650145506738,1.221580065432049,398,42,64
HRG,Conglomerates,BiGRU,multiclass,10,1,2,1.018343262336961,1.0175370517231168,398,42,64
HRG,Conglomerates,BiGRU,multiclass,10,1,3,0.9352343142332145,1.1726765008199782,398,42,64
HRG,Conglomerates,BiGRU,multiclass,10,1,4,0.8957191543962488,1.1869657578922452,398,42,64
HRG,Conglomerates,BiGRU,multiclass,10,1,5,0.8074147425704266,1.2873434112185524,398,42,64
HRG,Conglomerates,BiGRU,multiclass,10,1,6,0.8094893364451039,1.218965036528451,398,42,64
HRG,Conglomerates,BiGRU,multiclass,10,1,7,0.7790522626296958,1.3061631719271343,398,42,64
HRG,Conglomerates,BiGRU,multiclass,10,1,8,0.7495961548695013,1.2465283274650574,398,42,64
HRG,Conglomerates,BiGRU,multiclass,10,1,9,0.7129972466272325,1.4023475505056835,398,42,64
HRG,Conglomerates,BiGRU,multiclass,10,1,10,0.6698508283600735,1.2547619882084073,398,42,64
HRG,Conglomerates,BiGRU,multiclass,10,1,11,0.7018306512928488,1.3378189915702456,398,42,64
HRG,Conglomerates,BiGRU,multiclass,10,1,12,0.6228599620224843,1.3571016192436218,398,42,64
HSBC,Financial,BiGRU,multiclass,10,1,1,1.7053135196168219,3.647171724410284,398,42,64
HSBC,Financial,BiGRU,multiclass,10,1,2,1.1910950191056908,1.6170095205307007,398,42,64
HSBC,Financial,BiGRU,multiclass,10,1,3,0.9596458445841344,2.530781314486549,398,42,64
HSBC,Financial,BiGRU,multiclass,10,1,4,0.8665076847651496,3.2624764101845876,398,42,64
HSBC,Financial,BiGRU,multiclass,10,1,5,0.9261488165687676,2.8652354195004417,398,42,64
HSBC,Financial,BiGRU,multiclass,10,1,6,0.8418682100784839,3.019571962810698,398,42,64
HSBC,Financial,BiGRU,multiclass,10,1,7,0.7198711385079963,3.18125057220459,398,42,64
HSBC,Financial,BiGRU,multiclass,10,1,8,0.729931878983675,3.436084758667719,398,42,64
HSBC,Financial,BiGRU,multiclass,10,1,9,0.706912593026856,3.1719009649185907,398,42,64
HSBC,Financial,BiGRU,multiclass,10,1,10,0.6437203225178935,3.258325701668149,398,42,64
HSBC,Financial,BiGRU,multiclass,10,1,11,0.6229821575346903,3.280049199149722,398,42,64
HSBC,Financial,BiGRU,multiclass,10,1,12,0.6021815535411164,3.034622703279768,398,42,64
IEP,Conglomerates,BiGRU,multiclass,10,1,1,1.7305816316125382,1.1400947286969139,398,42,64
IEP,Conglomerates,BiGRU,multiclass,10,1,2,1.217652889352348,2.7418912819453647,398,42,64
IEP,Conglomerates,BiGRU,multiclass,10,1,3,1.0229900709947748,6.1445696240379695,398,42,64
IEP,Conglomerates,BiGRU,multiclass,10,1,4,0.8959678423464598,7.255128360929943,398,42,64
IEP,Conglomerates,BiGRU,multiclass,10,1,5,0.8914578041838641,7.528650011335101,398,42,64
IEP,Conglomerates,BiGRU,multiclass,10,1,6,0.8121547926610438,7.145616576785133,398,42,64
IEP,Conglomerates,BiGRU,multiclass,10,1,7,0.8697610176987385,7.597730727422805,398,42,64
IEP,Conglomerates,BiGRU,multiclass,10,1,8,0.8341263173213557,7.321111906142462,398,42,64
IEP,Conglomerates,BiGRU,multiclass,10,1,9,0.741127378677004,7.374231111435663,398,42,64
IEP,Conglomerates,BiGRU,multiclass,10,1,10,0.7418233875054211,7.602316266014462,398,42,64
IEP,Conglomerates,BiGRU,multiclass,10,1,11,0.725245519199563,7.453425134931292,398,42,64
INTC,Technology,BiGRU,multiclass,10,1,1,1.7404770377892345,3.0553687640598843,398,42,64
INTC,Technology,BiGRU,multiclass,10,1,2,1.2949739538844507,1.2904164620808192,398,42,64
INTC,Technology,BiGRU,multiclass,10,1,3,1.0326031209835456,1.5219449145453317,398,42,64
INTC,Technology,BiGRU,multiclass,10,1,4,0.9513011029617271,1.8274581489108859,398,42,64
INTC,Technology,BiGRU,multiclass,10,1,5,0.8927557192855144,2.0259368362880887,398,42,64
INTC,Technology,BiGRU,multiclass,10,1,6,0.8592797672029716,2.277025330634344,398,42,64
INTC,Technology,BiGRU,multiclass,10,1,7,0.808435755309148,2.127783105486915,398,42,64
INTC,Technology,BiGRU,multiclass,10,1,8,0.7746873155011603,2.2466314747219993,398,42,64
INTC,Technology,BiGRU,multiclass,10,1,9,0.7319650855196181,2.151180454662868,398,42,64
INTC,Technology,BiGRU,multiclass,10,1,10,0.7258203821865159,2.068044486499968,398,42,64
INTC,Technology,BiGRU,multiclass,10,1,11,0.7041097006306576,2.3460573979786465,398,42,64
INTC,Technology,BiGRU,multiclass,10,1,12,0.7377314706843103,1.8824949378059024,398,42,64
JNJ,Healthcare,BiGRU,multiclass,10,1,1,1.6864348919547383,1.8843879259767986,398,42,64
JNJ,Healthcare,BiGRU,multiclass,10,1,2,1.0312344980000252,1.3434664862496513,398,42,64
JNJ,Healthcare,BiGRU,multiclass,10,1,3,0.9640931301380522,2.8329603785560247,398,42,64
JNJ,Healthcare,BiGRU,multiclass,10,1,4,0.8441319122685859,2.796680200667608,398,42,64
JNJ,Healthcare,BiGRU,multiclass,10,1,5,0.7989535405108678,3.103686287289574,398,42,64
JNJ,Healthcare,BiGRU,multiclass,10,1,6,0.7506314935396664,3.2505026771908714,398,42,64
JNJ,Healthcare,BiGRU,multiclass,10,1,7,0.6382194992585398,4.436051936376662,398,42,64
JNJ,Healthcare,BiGRU,multiclass,10,1,8,0.6953262134113504,3.6322143191383,398,42,64
JNJ,Healthcare,BiGRU,multiclass,10,1,9,0.6128849313786281,4.335741474514916,398,42,64
JNJ,Healthcare,BiGRU,multiclass,10,1,10,0.6039301766522566,4.062392098563058,398,42,64
JNJ,Healthcare,BiGRU,multiclass,10,1,11,0.5682222898581519,4.733761355990455,398,42,64
JNJ,Healthcare,BiGRU,multiclass,10,1,12,0.5436394250572626,4.847601186661493,398,42,64
JPM,Financial,BiGRU,multiclass,10,1,1,1.8872909899333015,3.0021132060459683,398,42,64
JPM,Financial,BiGRU,multiclass,10,1,2,1.3659617676207767,1.5284308195114136,398,42,64
JPM,Financial,BiGRU,multiclass,10,1,3,1.035657941096991,1.0178435473215013,398,42,64
JPM,Financial,BiGRU,multiclass,10,1,4,0.9052626513057018,1.0424393188385737,398,42,64
JPM,Financial,BiGRU,multiclass,10,1,5,0.8848191680920184,1.0616249186652047,398,42,64
JPM,Financial,BiGRU,multiclass,10,1,6,0.8233286654529859,1.0302049546014695,398,42,64
JPM,Financial,BiGRU,multiclass,10,1,7,0.7856740379453304,1.0004419939858573,398,42,64
JPM,Financial,BiGRU,multiclass,10,1,8,0.8012172069082308,1.0295288960138957,398,42,64
JPM,Financial,BiGRU,multiclass,10,1,9,0.70898373836848,1.0111222778047835,398,42,64
JPM,Financial,BiGRU,multiclass,10,1,10,0.7747032494101692,0.9906314724967593,398,42,64
JPM,Financial,BiGRU,multiclass,10,1,11,0.663224093728329,0.9643972941807338,398,42,64
JPM,Financial,BiGRU,multiclass,10,1,12,0.6489908448116264,1.0859771228971935,398,42,64
JPM,Financial,BiGRU,multiclass,10,1,13,0.6959596599765758,1.1164563723972865,398,42,64
JPM,Financial,BiGRU,multiclass,10,1,14,0.7102684354662296,1.05240607829321,398,42,64
JPM,Financial,BiGRU,multiclass,10,1,15,0.6710013297934029,1.2008855115799677,398,42,64
JPM,Financial,BiGRU,multiclass,10,1,16,0.6522938371004172,1.1448021218890236,398,42,64
JPM,Financial,BiGRU,multiclass,10,1,17,0.6110682861888828,1.3357059842064267,398,42,64
JPM,Financial,BiGRU,multiclass,10,1,18,0.5960291083434119,1.1733948900586082,398,42,64
JPM,Financial,BiGRU,multiclass,10,1,19,0.5880264927394426,1.425007252466111,398,42,64
JPM,Financial,BiGRU,multiclass,10,1,20,0.5443095958712113,1.320094801130749,398,42,64
JPM,Financial,BiGRU,multiclass,10,1,21,0.5605433921718118,1.7168633143107097,398,42,64
KO,Consumer Goods,BiGRU,multiclass,10,1,1,1.9075289701097575,1.1203829447428386,398,42,64
KO,Consumer Goods,BiGRU,multiclass,10,1,2,1.4058673169145632,0.727603432678041,398,42,64
KO,Consumer Goods,BiGRU,multiclass,10,1,3,1.050141797742652,0.7872678495588756,398,42,64
KO,Consumer Goods,BiGRU,multiclass,10,1,4,1.0476192185028115,0.9065616641725812,398,42,64
KO,Consumer Goods,BiGRU,multiclass,10,1,5,1.0190560762307153,1.0594773122242518,398,42,64
KO,Consumer Goods,BiGRU,multiclass,10,1,6,0.8673552508330226,1.1081350587663197,398,42,64
KO,Consumer Goods,BiGRU,multiclass,10,1,7,0.7740734415737229,1.1411902280080886,398,42,64
KO,Consumer Goods,BiGRU,multiclass,10,1,8,0.7582315823540615,1.3018800758180165,398,42,64
KO,Consumer Goods,BiGRU,multiclass,10,1,9,0.7544358152540485,1.260941777910505,398,42,64
KO,Consumer Goods,BiGRU,multiclass,10,1,10,0.749045584219784,1.3723002501896449,398,42,64
KO,Consumer Goods,BiGRU,multiclass,10,1,11,0.684575717503102,1.3166802043006534,398,42,64
KO,Consumer Goods,BiGRU,multiclass,10,1,12,0.7950136625587042,1.5737604754311698,398,42,64
LMT,Industrial Goods,BiGRU,multiclass,10,1,1,1.6986356596251828,3.681741033281599,398,42,64
LMT,Industrial Goods,BiGRU,multiclass,10,1,2,1.1808762963692747,3.073381265004476,398,42,64
LMT,Industrial Goods,BiGRU,multiclass,10,1,3,1.0726075004692652,2.7401158809661865,398,42,64
LMT,Industrial Goods,BiGRU,multiclass,10,1,4,0.880547154488875,2.7027262392498197,398,42,64
LMT,Industrial Goods,BiGRU,multiclass,10,1,5,0.8130149511835683,2.9581214359828403,398,42,64
LMT,Industrial Goods,BiGRU,multiclass,10,1,6,0.7775680503653521,2.7299034027826217,398,42,64
LMT,Industrial Goods,BiGRU,multiclass,10,1,7,0.7988588450542048,2.9330054010663713,398,42,64
LMT,Industrial Goods,BiGRU,multiclass,10,1,8,0.7384903520794969,2.8390454791841053,398,42,64
LMT,Industrial Goods,BiGRU,multiclass,10,1,9,0.6467113965120747,3.3428557486761186,398,42,64
LMT,Industrial Goods,BiGRU,multiclass,10,1,10,0.6225838607280099,2.7101577577136813,398,42,64
LMT,Industrial Goods,BiGRU,multiclass,10,1,11,0.5695045314841534,3.037499950045631,398,42,64
LMT,Industrial Goods,BiGRU,multiclass,10,1,12,0.5764028732501083,3.3520847275143577,398,42,64
LMT,Industrial Goods,BiGRU,multiclass,10,1,13,0.575528264644757,3.6297727766491117,398,42,64
LMT,Industrial Goods,BiGRU,multiclass,10,1,14,0.5685024105723778,4.3194441341218495,398,42,64
MA,Financial,BiGRU,multiclass,10,1,1,1.858219384548053,2.0852057422910417,398,42,64
MA,Financial,BiGRU,multiclass,10,1,2,1.277016429745372,1.780399827730088,398,42,64
MA,Financial,BiGRU,multiclass,10,1,3,0.9765266431635947,1.966693707874843,398,42,64
MA,Financial,BiGRU,multiclass,10,1,4,0.8911535650042434,2.247782991045997,398,42,64
MA,Financial,BiGRU,multiclass,10,1,5,0.8827064444671324,2.9257387660798573,398,42,64
MA,Financial,BiGRU,multiclass,10,1,6,0.7987121409507253,3.1458557673863004,398,42,64
MA,Financial,BiGRU,multiclass,10,1,7,0.7951931914492468,3.4437355313982283,398,42,64
MA,Financial,BiGRU,multiclass,10,1,8,0.7101785549566374,3.7895083995092484,398,42,64
MA,Financial,BiGRU,multiclass,10,1,9,0.694223674098451,3.5286054497673396,398,42,64
MA,Financial,BiGRU,multiclass,10,1,10,0.6889871965401136,3.8896971543629966,398,42,64
MA,Financial,BiGRU,multiclass,10,1,11,0.6620460005860832,4.149975583666847,398,42,64
MA,Financial,BiGRU,multiclass,10,1,12,0.6270908946967005,4.342571145012265,398,42,64
MCD,Services,BiGRU,multiclass,10,1,1,1.4505849679810319,5.789698316937401,398,42,64
MCD,Services,BiGRU,multiclass,10,1,2,0.9550449338989642,4.378559878894261,398,42,64
MCD,Services,BiGRU,multiclass,10,1,3,0.8209853085441206,5.028471387567974,398,42,64
MCD,Services,BiGRU,multiclass,10,1,4,0.7786813445726232,5.625976037411463,398,42,64
MCD,Services,BiGRU,multiclass,10,1,5,0.7443905978945632,6.1484503746032715,398,42,64
MCD,Services,BiGRU,multiclass,10,1,6,0.7124179621138166,6.9223063843590875,398,42,64
MCD,Services,BiGRU,multiclass,10,1,7,0.7008105771026419,6.339312712351481,398,42,64
MCD,Services,BiGRU,multiclass,10,1,8,0.6100827223391988,6.355702036903018,398,42,64
MCD,Services,BiGRU,multiclass,10,1,9,0.6252372365201538,7.553825293268476,398,42,64
MCD,Services,BiGRU,multiclass,10,1,10,0.6332972877888224,7.344092062541416,398,42,64
MCD,Services,BiGRU,multiclass,10,1,11,0.5734683486384962,6.398371284916287,398,42,64
MCD,Services,BiGRU,multiclass,10,1,12,0.5861779449872635,7.1886986408914835,398,42,64
MDT,Healthcare,BiGRU,multiclass,10,1,1,1.659813100968174,2.564566441944667,398,42,64
MDT,Healthcare,BiGRU,multiclass,10,1,2,1.1095193348937298,1.2430511968476432,398,42,64
MDT,Healthcare,BiGRU,multiclass,10,1,3,0.9298204638850149,2.0654645477022444,398,42,64
MDT,Healthcare,BiGRU,multiclass,10,1,4,0.7788511071372871,3.0597712255659557,398,42,64
MDT,Healthcare,BiGRU,multiclass,10,1,5,0.7534619099530743,4.125720164605549,398,42,64
MDT,Healthcare,BiGRU,multiclass,10,1,6,0.6559305670273364,3.9018136177744185,398,42,64
MDT,Healthcare,BiGRU,multiclass,10,1,7,0.6876274173583218,4.19270168031965,398,42,64
MDT,Healthcare,BiGRU,multiclass,10,1,8,0.6223921380450378,4.597460956800552,398,42,64
MDT,Healthcare,BiGRU,multiclass,10,1,9,0.6231486363027563,4.593520320597149,398,42,64
MDT,Healthcare,BiGRU,multiclass,10,1,10,0.629167383040615,4.531006742091406,398,42,64
MDT,Healthcare,BiGRU,multiclass,10,1,11,0.6098249216175559,5.158472041289012,398,42,64
MDT,Healthcare,BiGRU,multiclass,10,1,12,0.6011412282984461,4.557953476905823,398,42,64
MMM,Industrial Goods,BiGRU,multiclass,10,1,1,1.7375046763587836,2.4887794312976657,398,42,64
MMM,Industrial Goods,BiGRU,multiclass,10,1,2,1.1668270362082438,1.283528549330575,398,42,64
MMM,Industrial Goods,BiGRU,multiclass,10,1,3,1.0864640716931329,2.655649185180664,398,42,64
MMM,Industrial Goods,BiGRU,multiclass,10,1,4,1.0425915169955497,3.0329492659795854,398,42,64
MMM,Industrial Goods,BiGRU,multiclass,10,1,5,0.9242851668266795,3.601953143165225,398,42,64
MMM,Industrial Goods,BiGRU,multiclass,10,1,6,0.9630819888570201,3.4858476320902505,398,42,64
MMM,Industrial Goods,BiGRU,multiclass,10,1,7,0.8880359671223703,3.730625584011986,398,42,64
MMM,Industrial Goods,BiGRU,multiclass,10,1,8,0.7528029451118642,3.73602937516712,398,42,64
MMM,Industrial Goods,BiGRU,multiclass,10,1,9,0.7547581089501405,4.0450456483023505,398,42,64
MMM,Industrial Goods,BiGRU,multiclass,10,1,10,0.744263248377709,3.9553891590663364,398,42,64
MMM,Industrial Goods,BiGRU,multiclass,10,1,11,0.6818163998462446,4.215816906520298,398,42,64
MMM,Industrial Goods,BiGRU,multiclass,10,1,12,0.7133832746115162,4.5091401281810946,398,42,64
MO,Consumer Goods,BiGRU,multiclass,10,1,1,1.4653791362915807,5.279663165410359,398,42,64
MO,Consumer Goods,BiGRU,multiclass,10,1,2,1.0499476943183783,4.187302952721005,398,42,64
MO,Consumer Goods,BiGRU,multiclass,10,1,3,0.9499897429691487,3.4711906001681374,398,42,64
MO,Consumer Goods,BiGRU,multiclass,10,1,4,0.8186859054182043,3.3341899585156214,398,42,64
MO,Consumer Goods,BiGRU,multiclass,10,1,5,0.7841826863025301,3.6976062031019303,398,42,64
MO,Consumer Goods,BiGRU,multiclass,10,1,6,0.6768445052094196,3.925410746108918,398,42,64
MO,Consumer Goods,BiGRU,multiclass,10,1,7,0.6691195892928233,4.9042765356245495,398,42,64
MO,Consumer Goods,BiGRU,multiclass,10,1,8,0.5822653159424288,5.017006278038025,398,42,64
MO,Consumer Goods,BiGRU,multiclass,10,1,9,0.5915605482743613,5.118360070955186,398,42,64
MO,Consumer Goods,BiGRU,multiclass,10,1,10,0.5375979395967033,4.910182019074758,398,42,64
MO,Consumer Goods,BiGRU,multiclass,10,1,11,0.5127371387865076,5.325397386437371,398,42,64
MO,Consumer Goods,BiGRU,multiclass,10,1,12,0.4758557302867947,4.980277572359357,398,42,64
MO,Consumer Goods,BiGRU,multiclass,10,1,13,0.49846848530985005,5.181394139925639,398,42,64
MO,Consumer Goods,BiGRU,multiclass,10,1,14,0.48700237094457427,5.920651478426797,398,42,64
MRK,Healthcare,BiGRU,multiclass,10,1,1,1.733729177683442,1.9264145408357893,398,42,64
MRK,Healthcare,BiGRU,multiclass,10,1,2,1.3044537545448571,2.1904932657877603,398,42,64
MRK,Healthcare,BiGRU,multiclass,10,1,3,1.0534945708423404,3.677549611954462,398,42,64
MRK,Healthcare,BiGRU,multiclass,10,1,4,0.918182496748977,4.060565267290388,398,42,64
MRK,Healthcare,BiGRU,multiclass,10,1,5,0.9133507139119671,4.332677682240804,398,42,64
MRK,Healthcare,BiGRU,multiclass,10,1,6,0.7941072535275215,4.477990627288818,398,42,64
MRK,Healthcare,BiGRU,multiclass,10,1,7,0.820160970915502,4.633574553898403,398,42,64
MRK,Healthcare,BiGRU,multiclass,10,1,8,0.7709445510078315,5.05842619850522,398,42,64
MRK,Healthcare,BiGRU,multiclass,10,1,9,0.7446381934923143,5.2636769612630205,398,42,64
MRK,Healthcare,BiGRU,multiclass,10,1,10,0.7438856845525041,4.990123726072765,398,42,64
MRK,Healthcare,BiGRU,multiclass,10,1,11,0.7215206799794681,5.27955961227417,398,42,64
MSFT,Technology,BiGRU,multiclass,10,1,1,1.7095142051802208,2.2357166409492493,398,42,64
MSFT,Technology,BiGRU,multiclass,10,1,2,1.1414881848809708,1.071279295853206,398,42,64
MSFT,Technology,BiGRU,multiclass,10,1,3,0.9493942751956346,1.1941181364513578,398,42,64
MSFT,Technology,BiGRU,multiclass,10,1,4,0.8383243137867606,1.1622863099688576,398,42,64
MSFT,Technology,BiGRU,multiclass,10,1,5,0.8366046335229922,1.2158366328194028,398,42,64
MSFT,Technology,BiGRU,multiclass,10,1,6,0.789677045153613,1.322067448071071,398,42,64
MSFT,Technology,BiGRU,multiclass,10,1,7,0.7178011803171742,1.505606112026033,398,42,64
MSFT,Technology,BiGRU,multiclass,10,1,8,0.7399272646137218,1.265288267816816,398,42,64
MSFT,Technology,BiGRU,multiclass,10,1,9,0.7034270227254935,1.4494527635120211,398,42,64
MSFT,Technology,BiGRU,multiclass,10,1,10,0.6949005321641664,1.5545508748009091,398,42,64
MSFT,Technology,BiGRU,multiclass,10,1,11,0.6574079741784675,1.7940967764173235,398,42,64
MSFT,Technology,BiGRU,multiclass,10,1,12,0.6406991275111634,1.563462768282209,398,42,64
NEE,Utilities,BiGRU,multiclass,10,1,1,1.5759982667376649,1.0676450559071131,398,42,64
NEE,Utilities,BiGRU,multiclass,10,1,2,1.1550600888142035,0.7009305613381522,398,42,64
NEE,Utilities,BiGRU,multiclass,10,1,3,0.9463003658170077,0.7686485648155212,398,42,64
NEE,Utilities,BiGRU,multiclass,10,1,4,0.8855638857462897,0.7692832890011015,398,42,64
NEE,Utilities,BiGRU,multiclass,10,1,5,0.8292707705018508,1.020132201058524,398,42,64
NEE,Utilities,BiGRU,multiclass,10,1,6,0.7728125330191761,0.9194463888804117,398,42,64
NEE,Utilities,BiGRU,multiclass,10,1,7,0.680037406221706,1.0233869268780662,398,42,64
NEE,Utilities,BiGRU,multiclass,10,1,8,0.6794461239522426,1.1140670265470232,398,42,64
NEE,Utilities,BiGRU,multiclass,10,1,9,0.6384892227062627,1.1001508292697726,398,42,64
NEE,Utilities,BiGRU,multiclass,10,1,10,0.6039788929661315,1.0537282796133132,398,42,64
NEE,Utilities,BiGRU,multiclass,10,1,11,0.6288439059377315,1.4048295531954085,398,42,64
NEE,Utilities,BiGRU,multiclass,10,1,12,0.5912128740818656,1.2208500987007505,398,42,64
NGG,Utilities,BiGRU,multiclass,10,1,1,1.7564037484140251,2.4992542210079374,398,42,64
NGG,Utilities,BiGRU,multiclass,10,1,2,1.2197612230502182,1.362142216591608,398,42,64
NGG,Utilities,BiGRU,multiclass,10,1,3,0.9663249676551052,0.8921521476336888,398,42,64
NGG,Utilities,BiGRU,multiclass,10,1,4,0.8673852605735837,0.9680142203966776,398,42,64
NGG,Utilities,BiGRU,multiclass,10,1,5,0.7763479942053406,0.9946444602239699,398,42,64
NGG,Utilities,BiGRU,multiclass,10,1,6,0.7538470155629681,1.069457505430494,398,42,64
NGG,Utilities,BiGRU,multiclass,10,1,7,0.7524322602317561,1.0302339025906153,398,42,64
NGG,Utilities,BiGRU,multiclass,10,1,8,0.7442947073497964,1.037788212299347,398,42,64
NGG,Utilities,BiGRU,multiclass,10,1,9,0.721804870882226,1.0122480165390741,398,42,64
NGG,Utilities,BiGRU,multiclass,10,1,10,0.5979509067595304,1.0827381696019853,398,42,64
NGG,Utilities,BiGRU,multiclass,10,1,11,0.5997196262206265,1.0885371707734608,398,42,64
NGG,Utilities,BiGRU,multiclass,10,1,12,0.6973850640220258,1.0507611348515464,398,42,64
NGG,Utilities,BiGRU,multiclass,10,1,13,0.6962949386493644,1.1058187711806524,398,42,64
NVS,Healthcare,BiGRU,multiclass,10,1,1,1.770351018737908,1.863555976322719,398,42,64
NVS,Healthcare,BiGRU,multiclass,10,1,2,1.2979918511668642,1.0521828276770455,398,42,64
NVS,Healthcare,BiGRU,multiclass,10,1,3,1.0658582062577482,1.3825257278624035,398,42,64
NVS,Healthcare,BiGRU,multiclass,10,1,4,0.9370854236372751,1.4626344839731853,398,42,64
NVS,Healthcare,BiGRU,multiclass,10,1,5,0.8843790280759035,1.5199477331978934,398,42,64
NVS,Healthcare,BiGRU,multiclass,10,1,6,0.833971595344831,1.8252592881520588,398,42,64
NVS,Healthcare,BiGRU,multiclass,10,1,7,0.8647299774328069,1.9083170663742792,398,42,64
NVS,Healthcare,BiGRU,multiclass,10,1,8,0.7372655847563816,1.7415474369412376,398,42,64
NVS,Healthcare,BiGRU,multiclass,10,1,9,0.7037722267697205,1.6773197934741066,398,42,64
NVS,Healthcare,BiGRU,multiclass,10,1,10,0.6847534002970211,1.7212108827772594,398,42,64
NVS,Healthcare,BiGRU,multiclass,10,1,11,0.6416298327733524,1.43317635286422,398,42,64
NVS,Healthcare,BiGRU,multiclass,10,1,12,0.6729446472834103,1.2864123696372622,398,42,64
ORCL,Technology,BiGRU,multiclass,10,1,1,1.8185185514502789,2.450510552951268,398,42,64
ORCL,Technology,BiGRU,multiclass,10,1,2,1.303589126572537,1.3951093753178914,398,42,64
ORCL,Technology,BiGRU,multiclass,10,1,3,1.096473338915475,3.07239784513201,398,42,64
ORCL,Technology,BiGRU,multiclass,10,1,4,0.9937885048700936,4.058449677058628,398,42,64
ORCL,Technology,BiGRU,multiclass,10,1,5,0.8930721239528464,3.88712469736735,398,42,64
ORCL,Technology,BiGRU,multiclass,10,1,6,0.8118855662681349,4.000694978804815,398,42,64
ORCL,Technology,BiGRU,multiclass,10,1,7,0.8110151898920835,3.6985257239568803,398,42,64
ORCL,Technology,BiGRU,multiclass,10,1,8,0.7245947727605925,4.121041593097505,398,42,64
ORCL,Technology,BiGRU,multiclass,10,1,9,0.7539570755395458,4.193268026624407,398,42,64
ORCL,Technology,BiGRU,multiclass,10,1,10,0.7293254509942615,4.406683944520497,398,42,64
ORCL,Technology,BiGRU,multiclass,10,1,11,0.6438863792611127,4.149662630898612,398,42,64
ORCL,Technology,BiGRU,multiclass,10,1,12,0.6964754457749314,3.717931724729992,398,42,64
PCG,Utilities,BiGRU,multiclass,10,1,1,1.3861288395359288,1.166814128557841,398,42,64
PCG,Utilities,BiGRU,multiclass,10,1,2,0.9553838060728869,0.8107920998618716,398,42,64
PCG,Utilities,BiGRU,multiclass,10,1,3,0.9362342453482163,0.7805405798412505,398,42,64
PCG,Utilities,BiGRU,multiclass,10,1,4,0.8584940574276987,0.7987778442246574,398,42,64
PCG,Utilities,BiGRU,multiclass,10,1,5,0.7863783204375799,0.7964390544664293,398,42,64
PCG,Utilities,BiGRU,multiclass,10,1,6,0.7796914607436214,0.8109581839470636,398,42,64
PCG,Utilities,BiGRU,multiclass,10,1,7,0.6968222074772246,0.8462031001136416,398,42,64
PCG,Utilities,BiGRU,multiclass,10,1,8,0.6933132967158179,0.7985929733230954,398,42,64
PCG,Utilities,BiGRU,multiclass,10,1,9,0.6791353354501963,0.8632839691071283,398,42,64
PCG,Utilities,BiGRU,multiclass,10,1,10,0.6182371015524745,0.8146265149116516,398,42,64
PCG,Utilities,BiGRU,multiclass,10,1,11,0.6070497883624167,0.8616584567796617,398,42,64
PCG,Utilities,BiGRU,multiclass,10,1,12,0.6401381387782457,0.8745247381074088,398,42,64
PCG,Utilities,BiGRU,multiclass,10,1,13,0.5884416338486887,0.8368427157402039,398,42,64
PCLN,Services,BiGRU,multiclass,10,1,1,1.6486448073506954,2.641801255089896,398,42,64
PCLN,Services,BiGRU,multiclass,10,1,2,1.1124057338465398,2.2559978394281295,398,42,64
PCLN,Services,BiGRU,multiclass,10,1,3,0.9775149948033856,1.8406712185768854,398,42,64
PCLN,Services,BiGRU,multiclass,10,1,4,0.9616802715176913,1.783295852797372,398,42,64
PCLN,Services,BiGRU,multiclass,10,1,5,0.924653717620888,1.8155413553828286,398,42,64
PCLN,Services,BiGRU,multiclass,10,1,6,0.8382295534838384,1.6769099434216816,398,42,64
PCLN,Services,BiGRU,multiclass,10,1,7,0.8047201211129001,1.9557535421280634,398,42,64
PCLN,Services,BiGRU,multiclass,10,1,8,0.7510308970758064,1.818852770896185,398,42,64
PCLN,Services,BiGRU,multiclass,10,1,9,0.7882082279603085,2.077689922991253,398,42,64
PCLN,Services,BiGRU,multiclass,10,1,10,0.7216441766101511,2.0013026737031483,398,42,64
PCLN,Services,BiGRU,multiclass,10,1,11,0.709162441929381,2.461982156549181,398,42,64
PCLN,Services,BiGRU,multiclass,10,1,12,0.6725010060185763,1.9539552472886585,398,42,64
PCLN,Services,BiGRU,multiclass,10,1,13,0.6651916048634592,2.0206690657706488,398,42,64
PCLN,Services,BiGRU,multiclass,10,1,14,0.6681126799415703,1.873571012701307,398,42,64
PCLN,Services,BiGRU,multiclass,10,1,15,0.6325820555639028,1.9330092384701683,398,42,64
PCLN,Services,BiGRU,multiclass,10,1,16,0.5979505510785472,2.0874288082122803,398,42,64
PEP,Consumer Goods,BiGRU,multiclass,10,1,1,1.501732918784846,2.047470353898548,398,42,64
PEP,Consumer Goods,BiGRU,multiclass,10,1,2,1.1628335603517503,0.9717562312171573,398,42,64
PEP,Consumer Goods,BiGRU,multiclass,10,1,3,1.0347177353336583,1.2820145686467488,398,42,64
PEP,Consumer Goods,BiGRU,multiclass,10,1,4,0.9288943153829431,1.4631163676579793,398,42,64
PEP,Consumer Goods,BiGRU,multiclass,10,1,5,0.8680193827080367,1.5941429138183594,398,42,64
PEP,Consumer Goods,BiGRU,multiclass,10,1,6,0.9569818611121058,1.6035288061414446,398,42,64
PEP,Consumer Goods,BiGRU,multiclass,10,1,7,0.8309452786817023,1.8190937155768985,398,42,64
PEP,Consumer Goods,BiGRU,multiclass,10,1,8,0.7119000883557689,1.897265808922904,398,42,64
PEP,Consumer Goods,BiGRU,multiclass,10,1,9,0.7110703096317885,1.9624766395205544,398,42,64
PEP,Consumer Goods,BiGRU,multiclass,10,1,10,0.7517712200107287,1.9628675324576241,398,42,64
PEP,Consumer Goods,BiGRU,multiclass,10,1,11,0.6065644476581459,2.249841849009196,398,42,64
PEP,Consumer Goods,BiGRU,multiclass,10,1,12,0.6310411657220755,2.1557382288433256,398,42,64
PFE,Healthcare,BiGRU,multiclass,10,1,1,1.6509285248703693,2.7058351806231906,398,42,64
PFE,Healthcare,BiGRU,multiclass,10,1,2,1.150583929152944,1.3841635925429208,398,42,64
PFE,Healthcare,BiGRU,multiclass,10,1,3,0.9218546104191536,1.443654628027053,398,42,64
PFE,Healthcare,BiGRU,multiclass,10,1,4,0.8172167545586975,1.651179435707274,398,42,64
PFE,Healthcare,BiGRU,multiclass,10,1,5,0.7633229407233808,2.29479965425673,398,42,64
PFE,Healthcare,BiGRU,multiclass,10,1,6,0.7428542189861662,3.2828988319351557,398,42,64
PFE,Healthcare,BiGRU,multiclass,10,1,7,0.6631521576613038,3.0914508388155983,398,42,64
PFE,Healthcare,BiGRU,multiclass,10,1,8,0.6440553323707389,3.220017875943865,398,42,64
PFE,Healthcare,BiGRU,multiclass,10,1,9,0.5885762030155814,3.4109594765163602,398,42,64
PFE,Healthcare,BiGRU,multiclass,10,1,10,0.6314119999133163,3.3059365976424444,398,42,64
PFE,Healthcare,BiGRU,multiclass,10,1,11,0.5773502171938144,3.2631847744896296,398,42,64
PFE,Healthcare,BiGRU,multiclass,10,1,12,0.6153981458002599,3.2160753380684626,398,42,64
PG,Consumer Goods,BiGRU,multiclass,10,1,1,1.8609865590855106,2.328746137164888,398,42,64
PG,Consumer Goods,BiGRU,multiclass,10,1,2,1.293768621269782,2.6065156119210378,398,42,64
PG,Consumer Goods,BiGRU,multiclass,10,1,3,0.9617269877812371,5.931417056492397,398,42,64
PG,Consumer Goods,BiGRU,multiclass,10,1,4,1.038314105428044,6.7972918919154575,398,42,64
PG,Consumer Goods,BiGRU,multiclass,10,1,5,0.9327889363370349,7.825785182771229,398,42,64
PG,Consumer Goods,BiGRU,multiclass,10,1,6,0.806330054698877,8.43555902299427,398,42,64
PG,Consumer Goods,BiGRU,multiclass,10,1,7,0.8480125192421765,8.527041889372326,398,42,64
PG,Consumer Goods,BiGRU,multiclass,10,1,8,0.7703526926100553,8.801988851456414,398,42,64
PG,Consumer Goods,BiGRU,multiclass,10,1,9,0.8882184190366735,8.179462500980922,398,42,64
PG,Consumer Goods,BiGRU,multiclass,10,1,10,0.7387101690673349,7.6351861499604725,398,42,64
PG,Consumer Goods,BiGRU,multiclass,10,1,11,0.749032275011791,8.784129210880824,398,42,64
PICO,Conglomerates,BiGRU,multiclass,10,1,1,1.8011456386527824,1.508095832098098,398,42,64
PICO,Conglomerates,BiGRU,multiclass,10,1,2,1.2746885355992532,1.7339714481717063,398,42,64
PICO,Conglomerates,BiGRU,multiclass,10,1,3,1.078128605032686,3.0871624719528925,398,42,64
PICO,Conglomerates,BiGRU,multiclass,10,1,4,1.0432761632018352,3.3062963485717773,398,42,64
PICO,Conglomerates,BiGRU,multiclass,10,1,5,1.0474762164767664,3.997352917989095,398,42,64
PICO,Conglomerates,BiGRU,multiclass,10,1,6,0.9628406855928239,3.5320151419866654,398,42,64
PICO,Conglomerates,BiGRU,multiclass,10,1,7,0.9187802423783882,3.2345274062383744,398,42,64
PICO,Conglomerates,BiGRU,multiclass,10,1,8,0.8673179155618103,3.1728010858808244,398,42,64
PICO,Conglomerates,BiGRU,multiclass,10,1,9,0.8210388311189623,2.770411968231201,398,42,64
PICO,Conglomerates,BiGRU,multiclass,10,1,10,0.816321630573752,2.6171951521010626,398,42,64
PICO,Conglomerates,BiGRU,multiclass,10,1,11,0.8583177519803071,2.868482476189023,398,42,64
PM,Consumer Goods,BiGRU,multiclass,10,1,1,1.5307111883882303,2.355464762165433,398,42,64
PM,Consumer Goods,BiGRU,multiclass,10,1,2,0.9808325653699175,0.9932849407196045,398,42,64
PM,Consumer Goods,BiGRU,multiclass,10,1,3,0.8504712240180777,1.5464650619597662,398,42,64
PM,Consumer Goods,BiGRU,multiclass,10,1,4,0.7934093076979095,1.4539009219124204,398,42,64
PM,Consumer Goods,BiGRU,multiclass,10,1,5,0.7306371247349073,1.4065849412055242,398,42,64
PM,Consumer Goods,BiGRU,multiclass,10,1,6,0.6604531934512919,1.6096602167401994,398,42,64
PM,Consumer Goods,BiGRU,multiclass,10,1,7,0.7363257147558969,1.419993627639044,398,42,64
PM,Consumer Goods,BiGRU,multiclass,10,1,8,0.6600666546342361,1.493100447314126,398,42,64
PM,Consumer Goods,BiGRU,multiclass,10,1,9,0.5836650998748127,1.568343026297433,398,42,64
PM,Consumer Goods,BiGRU,multiclass,10,1,10,0.5841955638411057,1.5101996603466215,398,42,64
PM,Consumer Goods,BiGRU,multiclass,10,1,11,0.5995751137110457,1.4107335124697005,398,42,64
PM,Consumer Goods,BiGRU,multiclass,10,1,12,0.557124268469499,1.5844348214921498,398,42,64
PPL,Utilities,BiGRU,multiclass,10,1,1,1.679872430449155,3.3008387429373607,398,42,64
PPL,Utilities,BiGRU,multiclass,10,1,2,1.1112249008375197,2.708357606615339,398,42,64
PPL,Utilities,BiGRU,multiclass,10,1,3,0.8905736399655366,1.995325281506493,398,42,64
PPL,Utilities,BiGRU,multiclass,10,1,4,0.8131473092877086,1.799672660373506,398,42,64
PPL,Utilities,BiGRU,multiclass,10,1,5,0.7341397302833634,1.5134702977680026,398,42,64
PPL,Utilities,BiGRU,multiclass,10,1,6,0.7473193628704129,1.4051149799710227,398,42,64
PPL,Utilities,BiGRU,multiclass,10,1,7,0.6381124012434303,1.4118410746256511,398,42,64
PPL,Utilities,BiGRU,multiclass,10,1,8,0.6706453543811587,1.4898951280684698,398,42,64
PPL,Utilities,BiGRU,multiclass,10,1,9,0.6530511292380903,1.3892627443586076,398,42,64
PPL,Utilities,BiGRU,multiclass,10,1,10,0.6178933850784397,1.397289752960205,398,42,64
PPL,Utilities,BiGRU,multiclass,10,1,11,0.6967195807090357,1.3912712505885534,398,42,64
PPL,Utilities,BiGRU,multiclass,10,1,12,0.6700874677854567,1.3939434800829207,398,42,64
PPL,Utilities,BiGRU,multiclass,10,1,13,0.5933959707243359,1.3736968153998965,398,42,64
PPL,Utilities,BiGRU,multiclass,10,1,14,0.6048979380322461,1.2839232967013405,398,42,64
PPL,Utilities,BiGRU,multiclass,10,1,15,0.5278367582877078,1.2257328714643205,398,42,64
PPL,Utilities,BiGRU,multiclass,10,1,16,0.5509171833345039,1.5104273500896634,398,42,64
PPL,Utilities,BiGRU,multiclass,10,1,17,0.5267533957958221,1.3955800192696708,398,42,64
PPL,Utilities,BiGRU,multiclass,10,1,18,0.5484093249443188,1.1236832709539504,398,42,64
PPL,Utilities,BiGRU,multiclass,10,1,19,0.5351077906749956,1.4187639213743664,398,42,64
PPL,Utilities,BiGRU,multiclass,10,1,20,0.5375962149557756,1.2474367845626104,398,42,64
PPL,Utilities,BiGRU,multiclass,10,1,21,0.5431693723453349,1.3445092269352503,398,42,64
PPL,Utilities,BiGRU,multiclass,10,1,22,0.5118264458586822,1.1606362774258567,398,42,64
PPL,Utilities,BiGRU,multiclass,10,1,23,0.4844424869846459,1.5422732943580264,398,42,64
PPL,Utilities,BiGRU,multiclass,10,1,24,0.5033171364110918,1.3550561496189661,398,42,64
PPL,Utilities,BiGRU,multiclass,10,1,25,0.4771392450260757,1.3720848333267939,398,42,64
PPL,Utilities,BiGRU,multiclass,10,1,26,0.45143137340569617,1.613524391537621,398,42,64
PPL,Utilities,BiGRU,multiclass,10,1,27,0.44548474439424485,1.2798861435481481,398,42,64
PPL,Utilities,BiGRU,multiclass,10,1,28,0.45616435180956394,1.769294261932373,398,42,64
PTR,Basic Matierials,BiGRU,multiclass,10,1,1,1.590145813759847,1.200559207371303,398,42,64
PTR,Basic Matierials,BiGRU,multiclass,10,1,2,1.1216281871100766,3.9978433336530412,398,42,64
PTR,Basic Matierials,BiGRU,multiclass,10,1,3,1.011394740648605,6.358882949465797,398,42,64
PTR,Basic Matierials,BiGRU,multiclass,10,1,4,0.944046371546223,7.149291719709124,398,42,64
PTR,Basic Matierials,BiGRU,multiclass,10,1,5,0.8687480906745297,7.046009608677456,398,42,64
PTR,Basic Matierials,BiGRU,multiclass,10,1,6,0.8049882503610161,7.264131818498884,398,42,64
PTR,Basic Matierials,BiGRU,multiclass,10,1,7,0.7776717414808034,6.121821857634044,398,42,64
PTR,Basic Matierials,BiGRU,multiclass,10,1,8,0.7484690292396737,6.87673891158331,398,42,64
PTR,Basic Matierials,BiGRU,multiclass,10,1,9,0.7318640475596615,6.694183531261626,398,42,64
PTR,Basic Matierials,BiGRU,multiclass,10,1,10,0.6913815140724182,5.864691734313965,398,42,64
PTR,Basic Matierials,BiGRU,multiclass,10,1,11,0.6676553880149995,6.302181925092425,398,42,64
RDS-B,Basic Matierials,BiGRU,multiclass,10,1,1,1.9536073381577306,2.071152721132551,398,42,64
RDS-B,Basic Matierials,BiGRU,multiclass,10,1,2,1.4518338933062913,0.9626738429069519,398,42,64
RDS-B,Basic Matierials,BiGRU,multiclass,10,1,3,1.0533057178684215,1.9127170244852703,398,42,64
RDS-B,Basic Matierials,BiGRU,multiclass,10,1,4,0.9145548867819896,2.0591297149658203,398,42,64
RDS-B,Basic Matierials,BiGRU,multiclass,10,1,5,0.8853334507450985,2.2112495558602467,398,42,64
RDS-B,Basic Matierials,BiGRU,multiclass,10,1,6,0.8290820004952014,2.212008305958339,398,42,64
RDS-B,Basic Matierials,BiGRU,multiclass,10,1,7,0.7995889687058914,2.628944022314889,398,42,64
RDS-B,Basic Matierials,BiGRU,multiclass,10,1,8,0.7881520365051289,1.6643197309403193,398,42,64
RDS-B,Basic Matierials,BiGRU,multiclass,10,1,9,0.7548875646974573,2.073715119134812,398,42,64
RDS-B,Basic Matierials,BiGRU,multiclass,10,1,10,0.7340922508407478,1.8306590148380824,398,42,64
RDS-B,Basic Matierials,BiGRU,multiclass,10,1,11,0.7148849138961965,2.276101861681257,398,42,64
RDS-B,Basic Matierials,BiGRU,multiclass,10,1,12,0.7334747503151247,2.2907230399903797,398,42,64
REX,Conglomerates,BiGRU,multiclass,10,1,1,1.6235055123741304,1.10433805840356,398,42,64
REX,Conglomerates,BiGRU,multiclass,10,1,2,1.2038006740598823,1.7125072876612346,398,42,64
REX,Conglomerates,BiGRU,multiclass,10,1,3,1.0064520117026479,3.508690663746425,398,42,64
REX,Conglomerates,BiGRU,multiclass,10,1,4,0.9756195545196533,4.3411791778746105,398,42,64
REX,Conglomerates,BiGRU,multiclass,10,1,5,0.9585904038731178,5.198248431796119,398,42,64
REX,Conglomerates,BiGRU,multiclass,10,1,6,0.9015861713706549,5.520113172985258,398,42,64
REX,Conglomerates,BiGRU,multiclass,10,1,7,0.9006173700543504,6.060525417327881,398,42,64
REX,Conglomerates,BiGRU,multiclass,10,1,8,0.822728827670591,6.375373091016497,398,42,64
REX,Conglomerates,BiGRU,multiclass,10,1,9,0.8143968126881662,7.3025897571018765,398,42,64
REX,Conglomerates,BiGRU,multiclass,10,1,10,0.8039039981425108,7.101619675045922,398,42,64
REX,Conglomerates,BiGRU,multiclass,10,1,11,0.7350707470472134,7.409597987220401,398,42,64
SLB,Basic Matierials,BiGRU,multiclass,10,1,1,1.7875393862700342,1.793133054460798,398,42,64
SLB,Basic Matierials,BiGRU,multiclass,10,1,2,1.2979306776319917,1.4378465130215599,398,42,64
SLB,Basic Matierials,BiGRU,multiclass,10,1,3,1.0697370743631718,3.0424806276957193,398,42,64
SLB,Basic Matierials,BiGRU,multiclass,10,1,4,0.9743877864962247,3.627645356314523,398,42,64
SLB,Basic Matierials,BiGRU,multiclass,10,1,5,0.9623219673358017,3.6353003638131276,398,42,64
SLB,Basic Matierials,BiGRU,multiclass,10,1,6,0.8312165803046682,4.333803699130104,398,42,64
SLB,Basic Matierials,BiGRU,multiclass,10,1,7,0.7991132859009594,4.224285125732422,398,42,64
SLB,Basic Matierials,BiGRU,multiclass,10,1,8,0.7751063875217533,4.531443436940511,398,42,64
SLB,Basic Matierials,BiGRU,multiclass,10,1,9,0.714395181917066,4.320853460402716,398,42,64
SLB,Basic Matierials,BiGRU,multiclass,10,1,10,0.7509046801969633,4.93802547454834,398,42,64
SLB,Basic Matierials,BiGRU,multiclass,10,1,11,0.7065501548537058,4.631422860281808,398,42,64
SLB,Basic Matierials,BiGRU,multiclass,10,1,12,0.6968436945023848,5.215614137195406,398,42,64
SNP,Basic Matierials,BiGRU,multiclass,10,1,1,1.5239695331559109,1.0262506689344133,398,42,64
SNP,Basic Matierials,BiGRU,multiclass,10,1,2,1.0808620647569398,3.0946096579233804,398,42,64
SNP,Basic Matierials,BiGRU,multiclass,10,1,3,0.9282867770698202,4.920742943173363,398,42,64
SNP,Basic Matierials,BiGRU,multiclass,10,1,4,0.8647113280679712,4.58516298021589,398,42,64
SNP,Basic Matierials,BiGRU,multiclass,10,1,5,0.8253065657675566,4.369800363268171,398,42,64
SNP,Basic Matierials,BiGRU,multiclass,10,1,6,0.7832498763074827,3.8478671255565824,398,42,64
SNP,Basic Matierials,BiGRU,multiclass,10,1,7,0.7856335319466328,4.03917796271188,398,42,64
SNP,Basic Matierials,BiGRU,multiclass,10,1,8,0.7474799013916572,4.056516465686617,398,42,64
SNP,Basic Matierials,BiGRU,multiclass,10,1,9,0.7437410206351448,4.2646294094267345,398,42,64
SNP,Basic Matierials,BiGRU,multiclass,10,1,10,0.7417179355070219,3.2162515435900008,398,42,64
SNP,Basic Matierials,BiGRU,multiclass,10,1,11,0.6815665973790327,3.61849037806193,398,42,64
SNY,Healthcare,BiGRU,multiclass,10,1,1,1.779406954894713,2.4982133763177052,398,42,64
SNY,Healthcare,BiGRU,multiclass,10,1,2,1.2545276224313668,1.5147927914346968,398,42,64
SNY,Healthcare,BiGRU,multiclass,10,1,3,1.1062366237592458,1.575343336377825,398,42,64
SNY,Healthcare,BiGRU,multiclass,10,1,4,1.0544074093876172,1.6213197991961525,398,42,64
SNY,Healthcare,BiGRU,multiclass,10,1,5,1.014781823110341,1.6504799752008348,398,42,64
SNY,Healthcare,BiGRU,multiclass,10,1,6,0.935463497087584,1.7247457731337774,398,42,64
SNY,Healthcare,BiGRU,multiclass,10,1,7,0.9369644336964018,1.838048395656404,398,42,64
SNY,Healthcare,BiGRU,multiclass,10,1,8,0.8616093238394464,1.8040357941672915,398,42,64
SNY,Healthcare,BiGRU,multiclass,10,1,9,0.826155526853686,1.8485200234821864,398,42,64
SNY,Healthcare,BiGRU,multiclass,10,1,10,0.8122317434555322,1.9725207544508434,398,42,64
SNY,Healthcare,BiGRU,multiclass,10,1,11,0.7301426571817254,1.9981088184175038,398,42,64
SNY,Healthcare,BiGRU,multiclass,10,1,12,0.7121130548529888,2.014595037414914,398,42,64
SO,Utilities,BiGRU,multiclass,10,1,1,1.5092979400002178,2.0412770225888206,398,42,64
SO,Utilities,BiGRU,multiclass,10,1,2,1.0730754733085632,1.2582160830497742,398,42,64
SO,Utilities,BiGRU,multiclass,10,1,3,0.9392336693840411,1.1377823721794855,398,42,64
SO,Utilities,BiGRU,multiclass,10,1,4,0.7917853743586708,1.30595064163208,398,42,64
SO,Utilities,BiGRU,multiclass,10,1,5,0.7731501807519539,1.2151441119966053,398,42,64
SO,Utilities,BiGRU,multiclass,10,1,6,0.7287947141644943,1.2844748837607247,398,42,64
SO,Utilities,BiGRU,multiclass,10,1,7,0.6882814369609008,1.4403079748153687,398,42,64
SO,Utilities,BiGRU,multiclass,10,1,8,0.6350197931330408,1.3810725609461467,398,42,64
SO,Utilities,BiGRU,multiclass,10,1,9,0.6482463149569142,1.4340732778821672,398,42,64
SO,Utilities,BiGRU,multiclass,10,1,10,0.6560240933044472,1.4467270317531766,398,42,64
SO,Utilities,BiGRU,multiclass,10,1,11,0.5822768681612446,1.4915065935679845,398,42,64
SO,Utilities,BiGRU,multiclass,10,1,12,0.5786510153331949,1.245707250776745,398,42,64
SO,Utilities,BiGRU,multiclass,10,1,13,0.5986195802688599,1.396795386359805,398,42,64
SPLP,Conglomerates,BiGRU,multiclass,10,1,1,1.782686887973517,1.9557477349326724,398,42,64
SPLP,Conglomerates,BiGRU,multiclass,10,1,2,1.3429574604010461,1.2099790260905312,398,42,64
SPLP,Conglomerates,BiGRU,multiclass,10,1,3,1.0503905742012676,0.9716794348898388,398,42,64
SPLP,Conglomerates,BiGRU,multiclass,10,1,4,1.094799391588374,1.0432114402453105,398,42,64
SPLP,Conglomerates,BiGRU,multiclass,10,1,5,0.9852791912292116,0.9762627823012215,398,42,64
SPLP,Conglomerates,BiGRU,multiclass,10,1,6,0.8995104259881542,1.019319860708146,398,42,64
SPLP,Conglomerates,BiGRU,multiclass,10,1,7,0.8982557962887251,1.048579576469603,398,42,64
SPLP,Conglomerates,BiGRU,multiclass,10,1,8,0.85328673867125,1.023113372780028,398,42,64
SPLP,Conglomerates,BiGRU,multiclass,10,1,9,0.8647807363289685,1.066975318250202,398,42,64
SPLP,Conglomerates,BiGRU,multiclass,10,1,10,0.8299553921474284,1.0664798475447155,398,42,64
SPLP,Conglomerates,BiGRU,multiclass,10,1,11,0.7398232561559533,1.048992165497371,398,42,64
SPLP,Conglomerates,BiGRU,multiclass,10,1,12,0.7762467897118036,1.1102257938612075,398,42,64
SPLP,Conglomerates,BiGRU,multiclass,10,1,13,0.6781971081716931,1.0307715847378685,398,42,64
SRE,Utilities,BiGRU,multiclass,10,1,1,1.6915842327640285,2.5680842172531855,398,42,64
SRE,Utilities,BiGRU,multiclass,10,1,2,1.2198475787987062,2.3217024973460605,398,42,64
SRE,Utilities,BiGRU,multiclass,10,1,3,1.0230754934363628,2.5581488722846624,398,42,64
SRE,Utilities,BiGRU,multiclass,10,1,4,0.9000182722381611,2.8559992540450323,398,42,64
SRE,Utilities,BiGRU,multiclass,10,1,5,0.8690905383783369,2.868649880091349,398,42,64
SRE,Utilities,BiGRU,multiclass,10,1,6,0.8318590020115052,3.0440024648393904,398,42,64
SRE,Utilities,BiGRU,multiclass,10,1,7,0.7589821041229382,3.3717251278105236,398,42,64
SRE,Utilities,BiGRU,multiclass,10,1,8,0.7349331059947086,3.210561434427897,398,42,64
SRE,Utilities,BiGRU,multiclass,10,1,9,0.6740232869308798,3.295615763891311,398,42,64
SRE,Utilities,BiGRU,multiclass,10,1,10,0.6763284908766722,3.423741090865362,398,42,64
SRE,Utilities,BiGRU,multiclass,10,1,11,0.6317018048847141,3.5875419207981656,398,42,64
SRE,Utilities,BiGRU,multiclass,10,1,12,0.6574747307815744,3.4810708590916226,398,42,64
T,Technology,BiGRU,multiclass,10,1,1,1.4788008368195003,2.1262415761039373,398,42,64
T,Technology,BiGRU,multiclass,10,1,2,0.8878821321767778,1.3161204542432512,398,42,64
T,Technology,BiGRU,multiclass,10,1,3,0.8149107630228877,1.7694553988320487,398,42,64
T,Technology,BiGRU,multiclass,10,1,4,0.7745153161149528,1.986871287936256,398,42,64
T,Technology,BiGRU,multiclass,10,1,5,0.7536444927579794,1.7871412549700056,398,42,64
T,Technology,BiGRU,multiclass,10,1,6,0.7099472917803568,1.5994735672360374,398,42,64
T,Technology,BiGRU,multiclass,10,1,7,0.7169065683630843,1.8318520046415783,398,42,64
T,Technology,BiGRU,multiclass,10,1,8,0.6518769089001507,1.7819911525363015,398,42,64
T,Technology,BiGRU,multiclass,10,1,9,0.5988203156833074,1.822415794645037,398,42,64
T,Technology,BiGRU,multiclass,10,1,10,0.6179094834243832,1.9508989992595853,398,42,64
T,Technology,BiGRU,multiclass,10,1,11,0.5887420706113978,1.8730161644163585,398,42,64
T,Technology,BiGRU,multiclass,10,1,12,0.553922039629826,1.6206718285878499,398,42,64
TM,Consumer Goods,BiGRU,multiclass,10,1,1,1.7844793865429096,4.063990956261044,398,42,64
TM,Consumer Goods,BiGRU,multiclass,10,1,2,1.212631138275616,1.4824361063185192,398,42,64
TM,Consumer Goods,BiGRU,multiclass,10,1,3,0.9481592386511702,2.5824110224133445,398,42,64
TM,Consumer Goods,BiGRU,multiclass,10,1,4,0.8832771342303884,2.8878585327239263,398,42,64
TM,Consumer Goods,BiGRU,multiclass,10,1,5,0.8004421341658836,3.104610732623509,398,42,64
TM,Consumer Goods,BiGRU,multiclass,10,1,6,0.769170513853955,3.026474600746518,398,42,64
TM,Consumer Goods,BiGRU,multiclass,10,1,7,0.7672601921774035,3.185377524012611,398,42,64
TM,Consumer Goods,BiGRU,multiclass,10,1,8,0.6916417780533508,2.8678633201689947,398,42,64
TM,Consumer Goods,BiGRU,multiclass,10,1,9,0.8073612357204284,2.9404839674631753,398,42,64
TM,Consumer Goods,BiGRU,multiclass,10,1,10,0.6888676441494545,2.819549946557908,398,42,64
TM,Consumer Goods,BiGRU,multiclass,10,1,11,0.6686878721019132,2.421321147964114,398,42,64
TM,Consumer Goods,BiGRU,multiclass,10,1,12,0.6440562915861906,2.955589941569737,398,42,64
TOT,Basic Matierials,BiGRU,multiclass,10,1,1,1.5877602067425023,1.776955280985151,398,42,64
TOT,Basic Matierials,BiGRU,multiclass,10,1,2,1.1630078083905742,1.2574990703946067,398,42,64
TOT,Basic Matierials,BiGRU,multiclass,10,1,3,1.0182053055895033,2.466082220985776,398,42,64
TOT,Basic Matierials,BiGRU,multiclass,10,1,4,0.9993526194263344,2.7826335316612605,398,42,64
TOT,Basic Matierials,BiGRU,multiclass,10,1,5,0.874172234804786,2.672956523441133,398,42,64
TOT,Basic Matierials,BiGRU,multiclass,10,1,6,0.9160161642872509,2.908560253324963,398,42,64
TOT,Basic Matierials,BiGRU,multiclass,10,1,7,0.8506902212174094,2.6209341344379244,398,42,64
TOT,Basic Matierials,BiGRU,multiclass,10,1,8,0.8098559092037642,2.181448425565447,398,42,64
TOT,Basic Matierials,BiGRU,multiclass,10,1,9,0.8128297848617612,2.157832247870309,398,42,64
TOT,Basic Matierials,BiGRU,multiclass,10,1,10,0.7849009979010826,2.1533512615022206,398,42,64
TOT,Basic Matierials,BiGRU,multiclass,10,1,11,0.7502184737866847,2.6546781290145147,398,42,64
TOT,Basic Matierials,BiGRU,multiclass,10,1,12,0.7820607715815155,2.1708319981892905,398,42,64
TSM,Technology,BiGRU,multiclass,10,1,1,1.5404016854775011,1.5660789637338548,398,42,64
TSM,Technology,BiGRU,multiclass,10,1,2,1.0800852167546449,2.0314565613156272,398,42,64
TSM,Technology,BiGRU,multiclass,10,1,3,0.9315840185587131,3.7135051602409,398,42,64
TSM,Technology,BiGRU,multiclass,10,1,4,0.865767148271877,4.115303164436703,398,42,64
TSM,Technology,BiGRU,multiclass,10,1,5,0.8296330792820035,3.7250397091820124,398,42,64
TSM,Technology,BiGRU,multiclass,10,1,6,0.7626385551002157,4.241872049513317,398,42,64
TSM,Technology,BiGRU,multiclass,10,1,7,0.7377926728234219,4.506010702678135,398,42,64
TSM,Technology,BiGRU,multiclass,10,1,8,0.702392369059462,4.174137058712187,398,42,64
TSM,Technology,BiGRU,multiclass,10,1,9,0.6782527652817156,4.291202477046421,398,42,64
TSM,Technology,BiGRU,multiclass,10,1,10,0.6757989519804566,4.254757608686175,398,42,64
TSM,Technology,BiGRU,multiclass,10,1,11,0.6282552354898884,4.271782875061035,398,42,64
UL,Consumer Goods,BiGRU,multiclass,10,1,1,1.7357274979802233,2.0055025532132102,398,42,64
UL,Consumer Goods,BiGRU,multiclass,10,1,2,1.1943542681746746,1.6341254711151123,398,42,64
UL,Consumer Goods,BiGRU,multiclass,10,1,3,1.0444994463992479,2.3672558012462797,398,42,64
UL,Consumer Goods,BiGRU,multiclass,10,1,4,0.9419026449697101,2.0064482121240523,398,42,64
UL,Consumer Goods,BiGRU,multiclass,10,1,5,0.9209236257040321,1.5863821052369618,398,42,64
UL,Consumer Goods,BiGRU,multiclass,10,1,6,0.9030255175116074,1.5949036393846785,398,42,64
UL,Consumer Goods,BiGRU,multiclass,10,1,7,0.8217689844232109,1.3409754775819325,398,42,64
UL,Consumer Goods,BiGRU,multiclass,10,1,8,0.848603583759998,1.5602876118251257,398,42,64
UL,Consumer Goods,BiGRU,multiclass,10,1,9,0.7404876890493997,1.3424014363970076,398,42,64
UL,Consumer Goods,BiGRU,multiclass,10,1,10,0.7412328771011314,1.4689559198561168,398,42,64
UL,Consumer Goods,BiGRU,multiclass,10,1,11,0.7491243939902914,1.5103878520783924,398,42,64
UL,Consumer Goods,BiGRU,multiclass,10,1,12,0.7150235556477877,1.2900602306638445,398,42,64
UL,Consumer Goods,BiGRU,multiclass,10,1,13,0.7273010448295267,1.3496785504477364,398,42,64
UL,Consumer Goods,BiGRU,multiclass,10,1,14,0.6584662028293514,1.4371282429922194,398,42,64
UL,Consumer Goods,BiGRU,multiclass,10,1,15,0.6475538421216323,1.4521677323750086,398,42,64
UL,Consumer Goods,BiGRU,multiclass,10,1,16,0.6525693982090782,1.3884691454115368,398,42,64
UL,Consumer Goods,BiGRU,multiclass,10,1,17,0.6025558675653372,1.7978760174342565,398,42,64
UL,Consumer Goods,BiGRU,multiclass,10,1,18,0.6163573113817665,1.640811806633359,398,42,64
UL,Consumer Goods,BiGRU,multiclass,10,1,19,0.5283660632581567,1.36940940788814,398,42,64
UL,Consumer Goods,BiGRU,multiclass,10,1,20,0.5332269527804312,1.6363292194548107,398,42,64
UL,Consumer Goods,BiGRU,multiclass,10,1,21,0.5377692014128719,1.369683759553092,398,42,64
UL,Consumer Goods,BiGRU,multiclass,10,1,22,0.4947267322983574,1.9038152921767462,398,42,64
UN,Consumer Goods,BiGRU,multiclass,10,1,1,1.8412826246951692,2.385399035045079,398,42,64
UN,Consumer Goods,BiGRU,multiclass,10,1,2,1.353415082147972,1.104292704945519,398,42,64
UN,Consumer Goods,BiGRU,multiclass,10,1,3,1.0855142570021163,1.2013047479447865,398,42,64
UN,Consumer Goods,BiGRU,multiclass,10,1,4,1.0013983282611598,1.1372889223552884,398,42,64
UN,Consumer Goods,BiGRU,multiclass,10,1,5,0.8436418547103154,1.1076972087224324,398,42,64
UN,Consumer Goods,BiGRU,multiclass,10,1,6,0.8428242533051189,1.221776769274757,398,42,64
UN,Consumer Goods,BiGRU,multiclass,10,1,7,0.8549829454877269,1.2306390603383381,398,42,64
UN,Consumer Goods,BiGRU,multiclass,10,1,8,0.7936250926861211,1.395450274149577,398,42,64
UN,Consumer Goods,BiGRU,multiclass,10,1,9,0.7467085859883371,1.3339186282384963,398,42,64
UN,Consumer Goods,BiGRU,multiclass,10,1,10,0.7356807394842406,1.397223052524385,398,42,64
UN,Consumer Goods,BiGRU,multiclass,10,1,11,0.675149898433206,1.379670506431943,398,42,64
UN,Consumer Goods,BiGRU,multiclass,10,1,12,0.6993709929923916,1.4228849070412772,398,42,64
UNH,Healthcare,BiGRU,multiclass,10,1,1,1.6290459108712085,2.1737666669346036,398,42,64
UNH,Healthcare,BiGRU,multiclass,10,1,2,1.159009542596999,1.3899342729931785,398,42,64
UNH,Healthcare,BiGRU,multiclass,10,1,3,0.9490482091304645,1.4049948226837885,398,42,64
UNH,Healthcare,BiGRU,multiclass,10,1,4,0.9024816290218027,1.3917100826899211,398,42,64
UNH,Healthcare,BiGRU,multiclass,10,1,5,0.816066228864181,1.3064880399476915,398,42,64
UNH,Healthcare,BiGRU,multiclass,10,1,6,0.8088150210116976,1.4072273543902807,398,42,64
UNH,Healthcare,BiGRU,multiclass,10,1,7,0.7933699247525565,1.396555761496226,398,42,64
UNH,Healthcare,BiGRU,multiclass,10,1,8,0.7688852376374767,1.5341223251251948,398,42,64
UNH,Healthcare,BiGRU,multiclass,10,1,9,0.7179845412771906,1.3294550123668851,398,42,64
UNH,Healthcare,BiGRU,multiclass,10,1,10,0.6844430931249456,1.476080400603158,398,42,64
UNH,Healthcare,BiGRU,multiclass,10,1,11,0.6652295297414215,1.630325198173523,398,42,64
UNH,Healthcare,BiGRU,multiclass,10,1,12,0.6724452855598987,1.604542306491307,398,42,64
UNH,Healthcare,BiGRU,multiclass,10,1,13,0.6378591015710303,2.0307016997110274,398,42,64
UNH,Healthcare,BiGRU,multiclass,10,1,14,0.6022361686181783,1.740981794538952,398,42,64
UNH,Healthcare,BiGRU,multiclass,10,1,15,0.647147206355579,1.9594768285751343,398,42,64
UPS,Services,BiGRU,multiclass,10,1,1,1.8383936690325713,5.397677438599723,398,42,64
UPS,Services,BiGRU,multiclass,10,1,2,1.2764433712216479,1.9920168405487424,398,42,64
UPS,Services,BiGRU,multiclass,10,1,3,1.073736602337516,1.4221394572939192,398,42,64
UPS,Services,BiGRU,multiclass,10,1,4,1.0190658048169696,1.3653736965996879,398,42,64
UPS,Services,BiGRU,multiclass,10,1,5,1.0162954222616838,1.610854529199146,398,42,64
UPS,Services,BiGRU,multiclass,10,1,6,0.9654746576769269,1.5897805179868425,398,42,64
UPS,Services,BiGRU,multiclass,10,1,7,0.8069105019521474,1.5696056343260265,398,42,64
UPS,Services,BiGRU,multiclass,10,1,8,0.9011057417596405,1.5792516867319744,398,42,64
UPS,Services,BiGRU,multiclass,10,1,9,0.7879076932542887,1.6522916612170993,398,42,64
UPS,Services,BiGRU,multiclass,10,1,10,0.803170170616265,1.6585051616032918,398,42,64
UPS,Services,BiGRU,multiclass,10,1,11,0.709935594144179,1.615853848911467,398,42,64
UPS,Services,BiGRU,multiclass,10,1,12,0.6535235966869335,1.8579249325252714,398,42,64
UPS,Services,BiGRU,multiclass,10,1,13,0.6619389362670668,1.559124781971886,398,42,64
UPS,Services,BiGRU,multiclass,10,1,14,0.5641648080480758,1.3709229230880737,398,42,64
UTX,Industrial Goods,BiGRU,multiclass,10,1,1,1.3728622918452449,1.2931453926222665,398,42,64
UTX,Industrial Goods,BiGRU,multiclass,10,1,2,1.0822506858475844,4.371242023649669,398,42,64
UTX,Industrial Goods,BiGRU,multiclass,10,1,3,0.9471128564983157,6.327286129906064,398,42,64
UTX,Industrial Goods,BiGRU,multiclass,10,1,4,0.8010243029151131,7.3196443376087,398,42,64
UTX,Industrial Goods,BiGRU,multiclass,10,1,5,0.7917786951939664,7.532598495483398,398,42,64
UTX,Industrial Goods,BiGRU,multiclass,10,1,6,0.7242876527896479,7.378508386157808,398,42,64
UTX,Industrial Goods,BiGRU,multiclass,10,1,7,0.6965928230453377,8.61964666275751,398,42,64
UTX,Industrial Goods,BiGRU,multiclass,10,1,8,0.6336803819665957,9.48105544135684,398,42,64
UTX,Industrial Goods,BiGRU,multiclass,10,1,9,0.5959994661149068,8.566610563369025,398,42,64
UTX,Industrial Goods,BiGRU,multiclass,10,1,10,0.6902126031904364,9.431655202593122,398,42,64
UTX,Industrial Goods,BiGRU,multiclass,10,1,11,0.5954357921777658,9.334998902820406,398,42,64
V,Financial,BiGRU,multiclass,10,1,1,1.6710678237167436,2.0731558118547713,398,42,64
V,Financial,BiGRU,multiclass,10,1,2,1.1455819103586016,2.068117652620588,398,42,64
V,Financial,BiGRU,multiclass,10,1,3,0.9484580030393361,3.2269831611996604,398,42,64
V,Financial,BiGRU,multiclass,10,1,4,0.8679241822592577,3.7376867703029086,398,42,64
V,Financial,BiGRU,multiclass,10,1,5,0.8693137252750109,3.501275414512271,398,42,64
V,Financial,BiGRU,multiclass,10,1,6,0.7934340675871576,4.152972891217186,398,42,64
V,Financial,BiGRU,multiclass,10,1,7,0.7868576666817593,4.163782448995681,398,42,64
V,Financial,BiGRU,multiclass,10,1,8,0.7380267543409338,4.14009029524667,398,42,64
V,Financial,BiGRU,multiclass,10,1,9,0.718571227399548,4.171826771327427,398,42,64
V,Financial,BiGRU,multiclass,10,1,10,0.7163417662807445,3.3775686082385836,398,42,64
V,Financial,BiGRU,multiclass,10,1,11,0.6719984708718918,4.519944213685536,398,42,64
V,Financial,BiGRU,multiclass,10,1,12,0.641009656029131,4.090892905280704,398,42,64
VZ,Technology,BiGRU,multiclass,10,1,1,1.6685521345042704,2.872428516546885,398,42,64
VZ,Technology,BiGRU,multiclass,10,1,2,1.0619664665442616,1.7884530226389568,398,42,64
VZ,Technology,BiGRU,multiclass,10,1,3,0.90736896218966,3.7679761932009743,398,42,64
VZ,Technology,BiGRU,multiclass,10,1,4,0.863511179559794,3.7894179934547063,398,42,64
VZ,Technology,BiGRU,multiclass,10,1,5,0.8886965162790001,3.488775889078776,398,42,64
VZ,Technology,BiGRU,multiclass,10,1,6,0.7391080266267211,3.5152227992103215,398,42,64
VZ,Technology,BiGRU,multiclass,10,1,7,0.7152006913669146,3.1149784269787015,398,42,64
VZ,Technology,BiGRU,multiclass,10,1,8,0.6890839208011053,3.5659310477120534,398,42,64
VZ,Technology,BiGRU,multiclass,10,1,9,0.714838466901875,2.8888405164082847,398,42,64
VZ,Technology,BiGRU,multiclass,10,1,10,0.6343118626268665,3.491463229769752,398,42,64
VZ,Technology,BiGRU,multiclass,10,1,11,0.6111385404464588,2.8276857421511696,398,42,64
VZ,Technology,BiGRU,multiclass,10,1,12,0.564681943337522,3.0496565273829868,398,42,64
WFC,Financial,BiGRU,multiclass,10,1,1,1.5152586382537632,2.91504081374123,398,42,64
WFC,Financial,BiGRU,multiclass,10,1,2,0.9904249490205966,1.4219426597867693,398,42,64
WFC,Financial,BiGRU,multiclass,10,1,3,0.9117682892173978,2.6398941448756625,398,42,64
WFC,Financial,BiGRU,multiclass,10,1,4,0.83001371124881,2.3535140468960716,398,42,64
WFC,Financial,BiGRU,multiclass,10,1,5,0.7784603873089929,2.458031801950364,398,42,64
WFC,Financial,BiGRU,multiclass,10,1,6,0.6768893445256966,2.5025971844082786,398,42,64
WFC,Financial,BiGRU,multiclass,10,1,7,0.7172139147717749,2.5767982006073,398,42,64
WFC,Financial,BiGRU,multiclass,10,1,8,0.6858406510185356,2.2825448513031006,398,42,64
WFC,Financial,BiGRU,multiclass,10,1,9,0.6262407915376539,2.3097843442644392,398,42,64
WFC,Financial,BiGRU,multiclass,10,1,10,0.6184194400981443,2.222475222178868,398,42,64
WFC,Financial,BiGRU,multiclass,10,1,11,0.5841570195540711,1.8790086337498255,398,42,64
WFC,Financial,BiGRU,multiclass,10,1,12,0.6011376021495417,2.4372912702106295,398,42,64
WMT,Services,BiGRU,multiclass,10,1,1,1.7920695833824387,2.7104750076929727,398,42,64
WMT,Services,BiGRU,multiclass,10,1,2,1.4681342870146785,1.535148751168024,398,42,64
WMT,Services,BiGRU,multiclass,10,1,3,1.289822690301205,2.7764380886441185,398,42,64
WMT,Services,BiGRU,multiclass,10,1,4,1.104017825282399,3.775674888065883,398,42,64
WMT,Services,BiGRU,multiclass,10,1,5,1.0789991734015882,3.8030490648178827,398,42,64
WMT,Services,BiGRU,multiclass,10,1,6,0.971752999116428,3.429563590458461,398,42,64
WMT,Services,BiGRU,multiclass,10,1,7,0.8965205463332746,3.7608717055547807,398,42,64
WMT,Services,BiGRU,multiclass,10,1,8,0.7969923555551461,5.171944345746722,398,42,64
WMT,Services,BiGRU,multiclass,10,1,9,0.8110454006111203,4.1747251238141745,398,42,64
WMT,Services,BiGRU,multiclass,10,1,10,0.7696061260137127,5.089477811540876,398,42,64
WMT,Services,BiGRU,multiclass,10,1,11,0.7067527544857869,4.638249124799456,398,42,64
WMT,Services,BiGRU,multiclass,10,1,12,0.6716116960324234,4.740442389533634,398,42,64
XOM,Basic Matierials,BiGRU,multiclass,10,1,1,1.9265980660615853,2.4518074364889237,398,42,64
XOM,Basic Matierials,BiGRU,multiclass,10,1,2,1.319085447033446,1.9270846503121513,398,42,64
XOM,Basic Matierials,BiGRU,multiclass,10,1,3,0.967237870896881,4.901160807836623,398,42,64
XOM,Basic Matierials,BiGRU,multiclass,10,1,4,0.9284108460848056,6.075144994826544,398,42,64
XOM,Basic Matierials,BiGRU,multiclass,10,1,5,0.8196569522421564,6.033399014245896,398,42,64
XOM,Basic Matierials,BiGRU,multiclass,10,1,6,0.8171542523494318,6.167195660727365,398,42,64
XOM,Basic Matierials,BiGRU,multiclass,10,1,7,0.8106797637052872,6.855385780334473,398,42,64
XOM,Basic Matierials,BiGRU,multiclass,10,1,8,0.7789952075062085,6.85669606072562,398,42,64
XOM,Basic Matierials,BiGRU,multiclass,10,1,9,0.7439787717320812,6.7533453078497026,398,42,64
XOM,Basic Matierials,BiGRU,multiclass,10,1,10,0.7142794887025152,6.676792757851737,398,42,64
XOM,Basic Matierials,BiGRU,multiclass,10,1,11,0.7252081068017375,6.621932415735154,398,42,64
XOM,Basic Matierials,BiGRU,multiclass,10,1,12,0.6667252768523729,5.991367885044643,398,42,64
