company,sector,model_type,problem_type,sequence_length,horizon_steps,epoch,train_loss,val_loss,train_samples,val_samples,test_samples
AAPL,Consumer Goods,LSTM,classification,15,1,1,0.7124748652304836,0.692874048437391,398,42,64
AAPL,Consumer Goods,LSTM,classification,15,1,2,0.7419880347036237,0.6898245924995059,398,42,64
AAPL,Consumer Goods,LSTM,classification,15,1,3,0.6903842573788896,0.8416086378551665,398,42,64
AAPL,Consumer Goods,LSTM,classification,15,1,4,0.6693651379652359,0.7499482064020067,398,42,64
AAPL,Consumer Goods,LSTM,classification,15,1,5,0.6813293359986502,1.0364924924714225,398,42,64
AAPL,Consumer Goods,LSTM,classification,15,1,6,0.6984806572971631,0.6917060755548023,398,42,64
AAPL,Consumer Goods,LSTM,classification,15,1,7,0.6915474743699309,0.681530427365076,398,42,64
AAPL,Consumer Goods,LSTM,classification,15,1,8,0.6933004763258163,0.6831749706041246,398,42,64
AAPL,Consumer Goods,LSTM,classification,15,1,9,0.6824243829477972,0.7218677231243679,398,42,64
AAPL,Consumer Goods,LSTM,classification,15,1,10,0.669094633217433,0.6889160474141439,398,42,64
AAPL,Consumer Goods,LSTM,classification,15,1,11,0.6663574944788487,0.7149190533728826,398,42,64
AAPL,Consumer Goods,LSTM,classification,15,1,12,0.6700322022989168,0.684725698970613,398,42,64
AAPL,Consumer Goods,LSTM,classification,15,1,13,0.671844677409934,0.7501315673192342,398,42,64
AAPL,Consumer Goods,LSTM,classification,15,1,14,0.6996888140937192,0.7397035048121497,398,42,64
AAPL,Consumer Goods,LSTM,classification,15,1,15,0.6782795942608436,0.8612553306988308,398,42,64
AAPL,Consumer Goods,LSTM,classification,15,1,16,0.6529119652719354,1.020493473325457,398,42,64
AAPL,Consumer Goods,LSTM,classification,15,1,17,0.6612097375356971,1.5412400506791615,398,42,64
AAPL,Consumer Goods,LSTM,classification,15,1,18,0.6461086782378767,1.1375888614427476,398,42,64
AAPL,Consumer Goods,LSTM,classification,15,1,19,0.6653834030256799,1.7444902999060494,398,42,64
AAPL,Consumer Goods,LSTM,classification,15,1,20,0.6457725616555717,2.1460657744180587,398,42,64
ABB,Industrial Goods,LSTM,classification,15,1,1,0.7121548170420393,0.7038524576595852,398,42,64
ABB,Industrial Goods,LSTM,classification,15,1,2,0.7136383068621458,0.8104567556154161,398,42,64
ABB,Industrial Goods,LSTM,classification,15,1,3,0.6918870045911127,0.9824817067100888,398,42,64
ABB,Industrial Goods,LSTM,classification,15,1,4,0.69619858953821,0.9424327271325248,398,42,64
ABB,Industrial Goods,LSTM,classification,15,1,5,0.6994914418488891,0.6969745982260931,398,42,64
ABB,Industrial Goods,LSTM,classification,15,1,6,0.6914747090794933,0.7008753475688753,398,42,64
ABB,Industrial Goods,LSTM,classification,15,1,7,0.6762013860683346,0.7075487573941549,398,42,64
ABB,Industrial Goods,LSTM,classification,15,1,8,0.6652101904303585,0.8354100357918512,398,42,64
ABB,Industrial Goods,LSTM,classification,15,1,9,0.6759193839140274,0.740214691275642,398,42,64
ABB,Industrial Goods,LSTM,classification,15,1,10,0.6776856965755098,1.1029175519943237,398,42,64
ABB,Industrial Goods,LSTM,classification,15,1,11,0.6746508398247724,0.7731967681930179,398,42,64
ABB,Industrial Goods,LSTM,classification,15,1,12,0.6909396615459691,0.8767333882195609,398,42,64
ABB,Industrial Goods,LSTM,classification,15,1,13,0.6750105260005549,1.0438224815187,398,42,64
ABB,Industrial Goods,LSTM,classification,15,1,14,0.6903542870253174,1.0732636394954862,398,42,64
ABB,Industrial Goods,LSTM,classification,15,1,15,0.6686135659265757,1.009609267825172,398,42,64
ABB,Industrial Goods,LSTM,classification,15,1,16,0.6619625540833977,1.0139807178860618,398,42,64
ABB,Industrial Goods,LSTM,classification,15,1,17,0.6651026780281833,0.9685229744229998,398,42,64
ABB,Industrial Goods,LSTM,classification,15,1,18,0.6563549176532419,1.10706703435807,398,42,64
ABB,Industrial Goods,LSTM,classification,15,1,19,0.6581168255614276,1.1821334191731043,398,42,64
ABB,Industrial Goods,LSTM,classification,15,1,20,0.6436249170471077,1.3551278454916817,398,42,64
ABBV,Healthcare,LSTM,classification,15,1,1,0.7066577130825675,0.6969499729928517,398,42,64
ABBV,Healthcare,LSTM,classification,15,1,2,0.6897928190590749,0.9822256792159307,398,42,64
ABBV,Healthcare,LSTM,classification,15,1,3,0.6977965810790134,0.7030311056545803,398,42,64
ABBV,Healthcare,LSTM,classification,15,1,4,0.6887023511843465,0.7681164287385487,398,42,64
ABBV,Healthcare,LSTM,classification,15,1,5,0.6886487234776942,0.7033886228288923,398,42,64
ABBV,Healthcare,LSTM,classification,15,1,6,0.6692219951644016,0.918466139407385,398,42,64
ABBV,Healthcare,LSTM,classification,15,1,7,0.6676706515963952,0.9432048286710467,398,42,64
ABBV,Healthcare,LSTM,classification,15,1,8,0.6871542298614081,0.80718689873105,398,42,64
ABBV,Healthcare,LSTM,classification,15,1,9,0.6741062630361049,0.852771554674421,398,42,64
ABBV,Healthcare,LSTM,classification,15,1,10,0.6778415782966806,0.7714341339610872,398,42,64
ABBV,Healthcare,LSTM,classification,15,1,11,0.6632826615817583,1.0972453355789185,398,42,64
ABBV,Healthcare,LSTM,classification,15,1,12,0.665107290349414,0.8500020617530459,398,42,64
ABBV,Healthcare,LSTM,classification,15,1,13,0.6690768961930394,0.6960754280998593,398,42,64
ABBV,Healthcare,LSTM,classification,15,1,14,0.6378158591500479,1.1970088595435733,398,42,64
ABBV,Healthcare,LSTM,classification,15,1,15,0.671857540631414,0.8072858481180101,398,42,64
ABBV,Healthcare,LSTM,classification,15,1,16,0.6707691801852317,0.7569699259031386,398,42,64
ABBV,Healthcare,LSTM,classification,15,1,17,0.6545316663818743,0.8243453729720343,398,42,64
ABBV,Healthcare,LSTM,classification,15,1,18,0.643815378447873,0.7187739866120475,398,42,64
ABBV,Healthcare,LSTM,classification,15,1,19,0.6546951017188067,1.11590576171875,398,42,64
ABBV,Healthcare,LSTM,classification,15,1,20,0.6481678225287241,1.0895998137337821,398,42,64
AEP,Utilities,LSTM,classification,15,1,1,0.6965715262159031,0.6857913562229702,398,42,64
AEP,Utilities,LSTM,classification,15,1,2,0.7057815322923899,0.7390989774749392,398,42,64
AEP,Utilities,LSTM,classification,15,1,3,0.6805225532857617,0.8569641340346563,398,42,64
AEP,Utilities,LSTM,classification,15,1,4,0.6635007334114918,0.876713616507394,398,42,64
AEP,Utilities,LSTM,classification,15,1,5,0.6751411527245488,0.7523994076819647,398,42,64
AEP,Utilities,LSTM,classification,15,1,6,0.6585017029364505,0.7276069124539694,398,42,64
AEP,Utilities,LSTM,classification,15,1,7,0.644817419986629,0.8879315682819912,398,42,64
AEP,Utilities,LSTM,classification,15,1,8,0.6509120629061407,0.807068353607541,398,42,64
AEP,Utilities,LSTM,classification,15,1,9,0.6759998810351194,0.7763271984599885,398,42,64
AEP,Utilities,LSTM,classification,15,1,10,0.6684587070690328,0.7388206408137367,398,42,64
AEP,Utilities,LSTM,classification,15,1,11,0.6306581077863224,0.7418614994911921,398,42,64
AEP,Utilities,LSTM,classification,15,1,12,0.6187167651389711,0.9229472279548645,398,42,64
AEP,Utilities,LSTM,classification,15,1,13,0.6520305602394756,0.7465919000761849,398,42,64
AEP,Utilities,LSTM,classification,15,1,14,0.6348492835634317,0.7959854517664228,398,42,64
AEP,Utilities,LSTM,classification,15,1,15,0.6137682982725114,0.9136064194497608,398,42,64
AEP,Utilities,LSTM,classification,15,1,16,0.6342331557417634,0.9527671393894014,398,42,64
AEP,Utilities,LSTM,classification,15,1,17,0.5783831093778562,1.0453075340815954,398,42,64
AEP,Utilities,LSTM,classification,15,1,18,0.6048101967004076,1.0770671055430459,398,42,64
AEP,Utilities,LSTM,classification,15,1,19,0.575414212504823,1.0035648856844221,398,42,64
AEP,Utilities,LSTM,classification,15,1,20,0.6105277408008001,0.8674287568955195,398,42,64
AGFS,Conglomerates,LSTM,classification,15,1,1,0.705621984871951,0.6877592319533938,110,42,64
AGFS,Conglomerates,LSTM,classification,15,1,2,0.646801576831124,0.6786703325453258,110,42,64
AGFS,Conglomerates,LSTM,classification,15,1,3,0.642654241215099,0.6669621439207167,110,42,64
AGFS,Conglomerates,LSTM,classification,15,1,4,0.6468526894396002,0.6648177419389997,110,42,64
AGFS,Conglomerates,LSTM,classification,15,1,5,0.6345105490901254,0.696731394245511,110,42,64
AGFS,Conglomerates,LSTM,classification,15,1,6,0.6346742239865389,0.7653075286320278,110,42,64
AGFS,Conglomerates,LSTM,classification,15,1,7,0.6120499708435753,0.9368572887920198,110,42,64
AGFS,Conglomerates,LSTM,classification,15,1,8,0.5946204174648632,1.299781600634257,110,42,64
AGFS,Conglomerates,LSTM,classification,15,1,9,0.5818269762125883,0.8554349172682989,110,42,64
AGFS,Conglomerates,LSTM,classification,15,1,10,0.5808827259323813,0.6818098170416695,110,42,64
AGFS,Conglomerates,LSTM,classification,15,1,11,0.5989868012341586,0.8260446531432015,110,42,64
AGFS,Conglomerates,LSTM,classification,15,1,12,0.5829148693518205,0.9435650025095258,110,42,64
AGFS,Conglomerates,LSTM,classification,15,1,13,0.5526552758433602,0.7970777750015259,110,42,64
AGFS,Conglomerates,LSTM,classification,15,1,14,0.5552211859009483,0.7500620086987814,110,42,64
AGFS,Conglomerates,LSTM,classification,15,1,15,0.6063803315162659,0.8600551769846961,110,42,64
AGFS,Conglomerates,LSTM,classification,15,1,16,0.5894157149574973,0.784198576495761,110,42,64
AGFS,Conglomerates,LSTM,classification,15,1,17,0.5228479049422524,0.802911258879162,110,42,64
AGFS,Conglomerates,LSTM,classification,15,1,18,0.5811915094202215,0.8029708408174061,110,42,64
AGFS,Conglomerates,LSTM,classification,15,1,19,0.5467401211911982,1.0454504944029308,110,42,64
AGFS,Conglomerates,LSTM,classification,15,1,20,0.5711175409230319,1.0376013630912417,110,42,64
AMGN,Healthcare,LSTM,classification,15,1,1,0.7117238188508767,0.7548517471268064,398,42,64
AMGN,Healthcare,LSTM,classification,15,1,2,0.6795970770581883,0.8660448846362886,398,42,64
AMGN,Healthcare,LSTM,classification,15,1,3,0.7014459494370312,1.0130637827373685,398,42,64
AMGN,Healthcare,LSTM,classification,15,1,4,0.6689129079406585,0.884496788183848,398,42,64
AMGN,Healthcare,LSTM,classification,15,1,5,0.6646403876980346,0.651825609661284,398,42,64
AMGN,Healthcare,LSTM,classification,15,1,6,0.6831145756807758,0.6685396574792408,398,42,64
AMGN,Healthcare,LSTM,classification,15,1,7,0.668440240711423,0.7943843915348962,398,42,64
AMGN,Healthcare,LSTM,classification,15,1,8,0.6634270249299667,0.8237857818603516,398,42,64
AMGN,Healthcare,LSTM,classification,15,1,9,0.6697571289599241,1.0561360518137615,398,42,64
AMGN,Healthcare,LSTM,classification,15,1,10,0.6667637288869925,0.7657129196893602,398,42,64
AMGN,Healthcare,LSTM,classification,15,1,11,0.6294492114728419,1.5087898799351283,398,42,64
AMGN,Healthcare,LSTM,classification,15,1,12,0.6685126040449094,1.194601127079555,398,42,64
AMGN,Healthcare,LSTM,classification,15,1,13,0.6526606783794997,1.2768660954066686,398,42,64
AMGN,Healthcare,LSTM,classification,15,1,14,0.663633461873136,0.7713236666861034,398,42,64
AMGN,Healthcare,LSTM,classification,15,1,15,0.6602244143509984,1.0061987468174525,398,42,64
AMGN,Healthcare,LSTM,classification,15,1,16,0.6565424982626834,0.8740101286343166,398,42,64
AMGN,Healthcare,LSTM,classification,15,1,17,0.6166041963663532,0.8059831545466468,398,42,64
AMGN,Healthcare,LSTM,classification,15,1,18,0.621749976172519,0.9458480023202442,398,42,64
AMGN,Healthcare,LSTM,classification,15,1,19,0.6211899626794173,1.339217918259757,398,42,64
AMGN,Healthcare,LSTM,classification,15,1,20,0.6219561043097146,0.9627731839815775,398,42,64
AMZN,Services,LSTM,classification,15,1,1,0.7281925004331311,0.6898094841412136,398,42,64
AMZN,Services,LSTM,classification,15,1,2,0.7068317817084154,0.6934566043672108,398,42,64
AMZN,Services,LSTM,classification,15,1,3,0.704251017402764,0.6925192588851565,398,42,64
AMZN,Services,LSTM,classification,15,1,4,0.6976442331045716,0.7021064729917617,398,42,64
AMZN,Services,LSTM,classification,15,1,5,0.6822747135881203,0.7476033029102144,398,42,64
AMZN,Services,LSTM,classification,15,1,6,0.7144838589519712,0.8176517685254415,398,42,64
AMZN,Services,LSTM,classification,15,1,7,0.6896125260909,0.7428867561476571,398,42,64
AMZN,Services,LSTM,classification,15,1,8,0.6783328251023988,0.7320578211829776,398,42,64
AMZN,Services,LSTM,classification,15,1,9,0.7014592667320865,0.6901792287826538,398,42,64
AMZN,Services,LSTM,classification,15,1,10,0.6967797162544788,0.691679332937513,398,42,64
AMZN,Services,LSTM,classification,15,1,11,0.6966381657063662,0.7038537235487075,398,42,64
AMZN,Services,LSTM,classification,15,1,12,0.6870255883614621,0.7883272057487851,398,42,64
AMZN,Services,LSTM,classification,15,1,13,0.683778471683138,0.6990996372132074,398,42,64
AMZN,Services,LSTM,classification,15,1,14,0.6703176510393919,0.7103012686684018,398,42,64
AMZN,Services,LSTM,classification,15,1,15,0.6628666262530801,0.6765329099836803,398,42,64
AMZN,Services,LSTM,classification,15,1,16,0.6630111246851821,0.6934591929117838,398,42,64
AMZN,Services,LSTM,classification,15,1,17,0.6754234600905797,0.6873774074372792,398,42,64
AMZN,Services,LSTM,classification,15,1,18,0.6649127455812004,0.6737575559389024,398,42,64
AMZN,Services,LSTM,classification,15,1,19,0.6582876788311868,0.6970125919296628,398,42,64
AMZN,Services,LSTM,classification,15,1,20,0.6386730050920841,0.6816586625008356,398,42,64
BA,Industrial Goods,LSTM,classification,15,1,1,0.7234114776903661,0.6906193807011559,398,42,64
BA,Industrial Goods,LSTM,classification,15,1,2,0.6720320285864212,0.7081062027386257,398,42,64
BA,Industrial Goods,LSTM,classification,15,1,3,0.7147578704896285,0.8771456224577767,398,42,64
BA,Industrial Goods,LSTM,classification,15,1,4,0.7072116492980689,0.8557961526371184,398,42,64
BA,Industrial Goods,LSTM,classification,15,1,5,0.6605940937396869,0.8521279096603394,398,42,64
BA,Industrial Goods,LSTM,classification,15,1,6,0.6661172985431537,0.8171595363389879,398,42,64
BA,Industrial Goods,LSTM,classification,15,1,7,0.6409181161741515,0.8361025055249532,398,42,64
BA,Industrial Goods,LSTM,classification,15,1,8,0.6906333230248648,0.820939146337055,398,42,64
BA,Industrial Goods,LSTM,classification,15,1,9,0.6392872546186399,1.0413859685262044,398,42,64
BA,Industrial Goods,LSTM,classification,15,1,10,0.6310991081760158,0.96171445222128,398,42,64
BA,Industrial Goods,LSTM,classification,15,1,11,0.6447476475083049,0.9080887522016253,398,42,64
BA,Industrial Goods,LSTM,classification,15,1,12,0.6360014970578141,0.8875705628168016,398,42,64
BA,Industrial Goods,LSTM,classification,15,1,13,0.6222447959621947,1.244999437105088,398,42,64
BA,Industrial Goods,LSTM,classification,15,1,14,0.6344810448699261,1.0644532356943404,398,42,64
BA,Industrial Goods,LSTM,classification,15,1,15,0.5976948037219407,1.6645128159295945,398,42,64
BA,Industrial Goods,LSTM,classification,15,1,16,0.574708557009098,1.343354100272769,398,42,64
BA,Industrial Goods,LSTM,classification,15,1,17,0.6116092181085941,1.0950633400962466,398,42,64
BA,Industrial Goods,LSTM,classification,15,1,18,0.5848781763009689,1.2341447500955491,398,42,64
BA,Industrial Goods,LSTM,classification,15,1,19,0.5685983614705915,1.4617012909480505,398,42,64
BA,Industrial Goods,LSTM,classification,15,1,20,0.5741377922158745,1.521494882447379,398,42,64
BABA,Services,LSTM,classification,15,1,1,0.721720388183346,0.7059061215037391,154,42,64
BABA,Services,LSTM,classification,15,1,2,0.6527774310731268,0.716081820783161,154,42,64
BABA,Services,LSTM,classification,15,1,3,0.6259850592582257,0.7373518092291695,154,42,64
BABA,Services,LSTM,classification,15,1,4,0.6482383260479221,0.7116247245243618,154,42,64
BABA,Services,LSTM,classification,15,1,5,0.5870258800395123,0.8345932733444941,154,42,64
BABA,Services,LSTM,classification,15,1,6,0.592140848760481,1.0016419944309054,154,42,64
BABA,Services,LSTM,classification,15,1,7,0.5515507575753448,1.3796053784234183,154,42,64
BABA,Services,LSTM,classification,15,1,8,0.6053564920053853,1.5190987019311815,154,42,64
BABA,Services,LSTM,classification,15,1,9,0.5623793772288731,1.7416642961047946,154,42,64
BABA,Services,LSTM,classification,15,1,10,0.5453770590292943,0.7720639677274794,154,42,64
BABA,Services,LSTM,classification,15,1,11,0.6237845103462021,1.180747730391366,154,42,64
BABA,Services,LSTM,classification,15,1,12,0.582843314517628,2.0364930289132253,154,42,64
BABA,Services,LSTM,classification,15,1,13,0.5294350834635945,2.5199078151157925,154,42,64
BABA,Services,LSTM,classification,15,1,14,0.5354660284983648,2.2481370312826976,154,42,64
BABA,Services,LSTM,classification,15,1,15,0.508564316994184,2.0721008437020436,154,42,64
BABA,Services,LSTM,classification,15,1,16,0.4930822481582691,2.6643760317847844,154,42,64
BABA,Services,LSTM,classification,15,1,17,0.44290728654180256,2.295575596037365,154,42,64
BABA,Services,LSTM,classification,15,1,18,0.4772756246777324,2.6898088455200195,154,42,64
BABA,Services,LSTM,classification,15,1,19,0.4760950772793262,3.1809881982349215,154,42,64
BABA,Services,LSTM,classification,15,1,20,0.3899364633993669,4.108143602098737,154,42,64
BAC,Financial,LSTM,classification,15,1,1,0.719947138024335,0.7040557123365856,398,42,64
BAC,Financial,LSTM,classification,15,1,2,0.6919123641210585,0.7965171535809835,398,42,64
BAC,Financial,LSTM,classification,15,1,3,0.6818859714958536,0.9694456855456034,398,42,64
BAC,Financial,LSTM,classification,15,1,4,0.6822510208915825,0.982529239995139,398,42,64
BAC,Financial,LSTM,classification,15,1,5,0.6706750141316323,0.9278141203380766,398,42,64
BAC,Financial,LSTM,classification,15,1,6,0.6540929702059108,1.150518877165658,398,42,64
BAC,Financial,LSTM,classification,15,1,7,0.6635294122312536,0.9665684075582595,398,42,64
BAC,Financial,LSTM,classification,15,1,8,0.6548535629133483,0.759309016522907,398,42,64
BAC,Financial,LSTM,classification,15,1,9,0.6517290577816603,0.7948187561262221,398,42,64
BAC,Financial,LSTM,classification,15,1,10,0.6499861523733667,0.9778971047628493,398,42,64
BAC,Financial,LSTM,classification,15,1,11,0.6614533411198525,0.8206386339096796,398,42,64
BAC,Financial,LSTM,classification,15,1,12,0.633865693406244,1.1434515828178042,398,42,64
BAC,Financial,LSTM,classification,15,1,13,0.6618222100051803,0.8739401471047175,398,42,64
BAC,Financial,LSTM,classification,15,1,14,0.6465431415854986,1.0567390124003093,398,42,64
BAC,Financial,LSTM,classification,15,1,15,0.6249963972137202,1.241924416451227,398,42,64
BAC,Financial,LSTM,classification,15,1,16,0.6083227021610318,1.3517765317644392,398,42,64
BAC,Financial,LSTM,classification,15,1,17,0.6122796191042991,1.049029094832284,398,42,64
BAC,Financial,LSTM,classification,15,1,18,0.6068551043170182,1.1040619640123277,398,42,64
BAC,Financial,LSTM,classification,15,1,19,0.5773841777638574,1.1987466783750624,398,42,64
BAC,Financial,LSTM,classification,15,1,20,0.5992468814154965,1.1024083154542106,398,42,64
BBL,Basic Matierials,LSTM,classification,15,1,1,0.7399783886257728,0.6934760610262553,398,42,64
BBL,Basic Matierials,LSTM,classification,15,1,2,0.7312396006967554,0.7063772848674229,398,42,64
BBL,Basic Matierials,LSTM,classification,15,1,3,0.6964339458163659,0.7485096965517316,398,42,64
BBL,Basic Matierials,LSTM,classification,15,1,4,0.6999177678146554,0.9700928727785746,398,42,64
BBL,Basic Matierials,LSTM,classification,15,1,5,0.6918402320176513,0.7474429862839835,398,42,64
BBL,Basic Matierials,LSTM,classification,15,1,6,0.7088075939135335,0.6892733829362052,398,42,64
BBL,Basic Matierials,LSTM,classification,15,1,7,0.6894365114782324,0.6849354988052732,398,42,64
BBL,Basic Matierials,LSTM,classification,15,1,8,0.6845599353013925,0.6796567184584481,398,42,64
BBL,Basic Matierials,LSTM,classification,15,1,9,0.6788286911183267,0.6931881507237753,398,42,64
BBL,Basic Matierials,LSTM,classification,15,1,10,0.6931431356386922,0.6937398314476013,398,42,64
BBL,Basic Matierials,LSTM,classification,15,1,11,0.6978229547864828,0.6968884326162792,398,42,64
BBL,Basic Matierials,LSTM,classification,15,1,12,0.6810134972759228,0.6956978752499535,398,42,64
BBL,Basic Matierials,LSTM,classification,15,1,13,0.6755830696479759,0.6838471179916745,398,42,64
BBL,Basic Matierials,LSTM,classification,15,1,14,0.6882234128875349,0.7955799982661292,398,42,64
BBL,Basic Matierials,LSTM,classification,15,1,15,0.6766821005236563,0.863805563676925,398,42,64
BBL,Basic Matierials,LSTM,classification,15,1,16,0.6886653079459416,0.7069692469778515,398,42,64
BBL,Basic Matierials,LSTM,classification,15,1,17,0.6841015782787572,0.6935190586816697,398,42,64
BBL,Basic Matierials,LSTM,classification,15,1,18,0.6800014754036563,0.7387394337427049,398,42,64
BBL,Basic Matierials,LSTM,classification,15,1,19,0.6841953729265299,0.6771906529154096,398,42,64
BBL,Basic Matierials,LSTM,classification,15,1,20,0.6867806809631425,0.6903658594403949,398,42,64
BCH,Financial,LSTM,classification,15,1,1,0.7249810201438827,0.6746891566685268,398,42,64
BCH,Financial,LSTM,classification,15,1,2,0.7082540533650461,0.6387401308332171,398,42,64
BCH,Financial,LSTM,classification,15,1,3,0.6902069620151615,0.6722195290383839,398,42,64
BCH,Financial,LSTM,classification,15,1,4,0.6694722037818563,0.6855207482973734,398,42,64
BCH,Financial,LSTM,classification,15,1,5,0.6790784684257891,0.706818299634116,398,42,64
BCH,Financial,LSTM,classification,15,1,6,0.6742631592343201,0.7031175040063404,398,42,64
BCH,Financial,LSTM,classification,15,1,7,0.6637739952485165,0.7566852796645391,398,42,64
BCH,Financial,LSTM,classification,15,1,8,0.6766725829498252,0.6767186125119528,398,42,64
BCH,Financial,LSTM,classification,15,1,9,0.660933242071813,0.7273370595205397,398,42,64
BCH,Financial,LSTM,classification,15,1,10,0.6744866368159577,0.703562685421535,398,42,64
BCH,Financial,LSTM,classification,15,1,11,0.6763311723368851,0.7900436293511164,398,42,64
BCH,Financial,LSTM,classification,15,1,12,0.6736288412132455,0.7998633867218381,398,42,64
BCH,Financial,LSTM,classification,15,1,13,0.6527618247659961,0.7168390098072234,398,42,64
BCH,Financial,LSTM,classification,15,1,14,0.631385148769647,0.7918875387736729,398,42,64
BCH,Financial,LSTM,classification,15,1,15,0.6508253429403257,0.7614055815197173,398,42,64
BCH,Financial,LSTM,classification,15,1,16,0.6173301455962598,0.7861566089448475,398,42,64
BCH,Financial,LSTM,classification,15,1,17,0.6324499632844973,0.7567388131504967,398,42,64
BCH,Financial,LSTM,classification,15,1,18,0.6060258210004874,0.7834409049579075,398,42,64
BCH,Financial,LSTM,classification,15,1,19,0.6049178766844859,0.809534456048693,398,42,64
BCH,Financial,LSTM,classification,15,1,20,0.6081565357931894,0.7879158684185573,398,42,64
BHP,Basic Matierials,LSTM,classification,15,1,1,0.7343479493754593,0.6959887970061529,398,42,64
BHP,Basic Matierials,LSTM,classification,15,1,2,0.7064590508015312,0.6866040513629005,398,42,64
BHP,Basic Matierials,LSTM,classification,15,1,3,0.6974039056792332,0.6964381337165833,398,42,64
BHP,Basic Matierials,LSTM,classification,15,1,4,0.6984417675128535,0.7055573548589434,398,42,64
BHP,Basic Matierials,LSTM,classification,15,1,5,0.6923976270996746,0.6866871146928697,398,42,64
BHP,Basic Matierials,LSTM,classification,15,1,6,0.6994933297286681,0.7225412839934939,398,42,64
BHP,Basic Matierials,LSTM,classification,15,1,7,0.6976998735911882,0.6877526186761402,398,42,64
BHP,Basic Matierials,LSTM,classification,15,1,8,0.6880083344689566,0.6874393650463649,398,42,64
BHP,Basic Matierials,LSTM,classification,15,1,9,0.6847514902527009,0.6947373520760309,398,42,64
BHP,Basic Matierials,LSTM,classification,15,1,10,0.6807206929029532,0.6924279019946143,398,42,64
BHP,Basic Matierials,LSTM,classification,15,1,11,0.6951837063434735,0.6898042360941569,398,42,64
BHP,Basic Matierials,LSTM,classification,15,1,12,0.6828309531187892,0.7070007806732541,398,42,64
BHP,Basic Matierials,LSTM,classification,15,1,13,0.6834866877776294,0.7040699521700541,398,42,64
BHP,Basic Matierials,LSTM,classification,15,1,14,0.6822884744735219,0.6863328218460083,398,42,64
BHP,Basic Matierials,LSTM,classification,15,1,15,0.6707728061843757,0.7007354412760053,398,42,64
BHP,Basic Matierials,LSTM,classification,15,1,16,0.6692753329348924,0.6824916856629508,398,42,64
BHP,Basic Matierials,LSTM,classification,15,1,17,0.6620179741226848,0.7045128856386457,398,42,64
BHP,Basic Matierials,LSTM,classification,15,1,18,0.6608999674044662,0.7558188949312482,398,42,64
BHP,Basic Matierials,LSTM,classification,15,1,19,0.6549452618138873,0.7715718433970497,398,42,64
BHP,Basic Matierials,LSTM,classification,15,1,20,0.6543665752938045,0.7553895371300834,398,42,64
BP,Basic Matierials,LSTM,classification,15,1,1,0.716995052057295,0.6956720295406523,398,42,64
BP,Basic Matierials,LSTM,classification,15,1,2,0.7089341276854126,0.7835877708026341,398,42,64
BP,Basic Matierials,LSTM,classification,15,1,3,0.7070208811879757,0.6878940065701803,398,42,64
BP,Basic Matierials,LSTM,classification,15,1,4,0.6852509780744811,0.7842399563108172,398,42,64
BP,Basic Matierials,LSTM,classification,15,1,5,0.6956503100730665,0.6977060437202454,398,42,64
BP,Basic Matierials,LSTM,classification,15,1,6,0.704137903961105,0.7340439444496518,398,42,64
BP,Basic Matierials,LSTM,classification,15,1,7,0.6933105860523243,0.7266002666382563,398,42,64
BP,Basic Matierials,LSTM,classification,15,1,8,0.6654937491944087,0.8244342803955078,398,42,64
BP,Basic Matierials,LSTM,classification,15,1,9,0.6867587877877394,0.8234721166746957,398,42,64
BP,Basic Matierials,LSTM,classification,15,1,10,0.6981948736924023,0.8524765854790097,398,42,64
BP,Basic Matierials,LSTM,classification,15,1,11,0.6883439265902916,0.6818048641795204,398,42,64
BP,Basic Matierials,LSTM,classification,15,1,12,0.684772192233771,0.6973625733738854,398,42,64
BP,Basic Matierials,LSTM,classification,15,1,13,0.6706787365764829,0.7208611227217174,398,42,64
BP,Basic Matierials,LSTM,classification,15,1,14,0.6793841881368627,0.6750816873141697,398,42,64
BP,Basic Matierials,LSTM,classification,15,1,15,0.6678721757989433,0.8257867183004107,398,42,64
BP,Basic Matierials,LSTM,classification,15,1,16,0.6831006803105225,0.6859976706050691,398,42,64
BP,Basic Matierials,LSTM,classification,15,1,17,0.6702765310229968,0.681864375159854,398,42,64
BP,Basic Matierials,LSTM,classification,15,1,18,0.6725118998906121,0.6782164602052598,398,42,64
BP,Basic Matierials,LSTM,classification,15,1,19,0.6810675811527962,0.7233537776129586,398,42,64
BP,Basic Matierials,LSTM,classification,15,1,20,0.6634385486943039,0.663069676785242,398,42,64
BRK-A,Financial,LSTM,classification,15,1,1,0.731134852871823,0.6911514202753702,398,42,64
BRK-A,Financial,LSTM,classification,15,1,2,0.6831211022396183,0.689957701024555,398,42,64
BRK-A,Financial,LSTM,classification,15,1,3,0.725741799452796,0.7843011504127866,398,42,64
BRK-A,Financial,LSTM,classification,15,1,4,0.683832761630341,0.7828955423264277,398,42,64
BRK-A,Financial,LSTM,classification,15,1,5,0.696102893532221,0.8240526573998588,398,42,64
BRK-A,Financial,LSTM,classification,15,1,6,0.6939004860331665,0.7271632779212225,398,42,64
BRK-A,Financial,LSTM,classification,15,1,7,0.6961700586817372,0.9386509997504098,398,42,64
BRK-A,Financial,LSTM,classification,15,1,8,0.6819446578097703,1.225564269792466,398,42,64
BRK-A,Financial,LSTM,classification,15,1,9,0.6950693064598582,0.7445811260314215,398,42,64
BRK-A,Financial,LSTM,classification,15,1,10,0.6712689651316733,0.7481631863684881,398,42,64
BRK-A,Financial,LSTM,classification,15,1,11,0.6785397901007878,0.7348500546954927,398,42,64
BRK-A,Financial,LSTM,classification,15,1,12,0.6897614667164021,0.7334752338273185,398,42,64
BRK-A,Financial,LSTM,classification,15,1,13,0.6823952000344818,0.9374821413130987,398,42,64
BRK-A,Financial,LSTM,classification,15,1,14,0.6665179591682089,0.7950832815397353,398,42,64
BRK-A,Financial,LSTM,classification,15,1,15,0.6512998126859042,0.869410582951137,398,42,64
BRK-A,Financial,LSTM,classification,15,1,16,0.7057470358795856,0.8444342187472752,398,42,64
BRK-A,Financial,LSTM,classification,15,1,17,0.6712230479896967,0.8004588144166129,398,42,64
BRK-A,Financial,LSTM,classification,15,1,18,0.6640420948440705,1.0682907785688127,398,42,64
BRK-A,Financial,LSTM,classification,15,1,19,0.6755524834795813,0.8344079766954694,398,42,64
BRK-A,Financial,LSTM,classification,15,1,20,0.6603406829450598,0.7883189377330598,398,42,64
BSAC,Financial,LSTM,classification,15,1,1,0.7277709065969266,0.6956509153048197,398,42,64
BSAC,Financial,LSTM,classification,15,1,2,0.7049666109995626,0.7399375126475379,398,42,64
BSAC,Financial,LSTM,classification,15,1,3,0.6917592634507759,0.7602025043396723,398,42,64
BSAC,Financial,LSTM,classification,15,1,4,0.6998273829119889,0.7729652013097491,398,42,64
BSAC,Financial,LSTM,classification,15,1,5,0.6676672948664756,1.1132144019717263,398,42,64
BSAC,Financial,LSTM,classification,15,1,6,0.6935483516760208,0.9721836419332595,398,42,64
BSAC,Financial,LSTM,classification,15,1,7,0.6749185461494791,0.9505201265925453,398,42,64
BSAC,Financial,LSTM,classification,15,1,8,0.6840193720918205,0.8127947137469337,398,42,64
BSAC,Financial,LSTM,classification,15,1,9,0.6682306513115389,0.807455179237184,398,42,64
BSAC,Financial,LSTM,classification,15,1,10,0.6652024082802049,1.2997197991325742,398,42,64
BSAC,Financial,LSTM,classification,15,1,11,0.6817469914354871,0.750885390100025,398,42,64
BSAC,Financial,LSTM,classification,15,1,12,0.6476647341670703,0.8444061733427501,398,42,64
BSAC,Financial,LSTM,classification,15,1,13,0.6404167848016749,0.9819862445195516,398,42,64
BSAC,Financial,LSTM,classification,15,1,14,0.652444208986196,1.1343180622373308,398,42,64
BSAC,Financial,LSTM,classification,15,1,15,0.6542763090013859,1.5789951256343298,398,42,64
BSAC,Financial,LSTM,classification,15,1,16,0.6236462359452367,1.7757701306116014,398,42,64
BSAC,Financial,LSTM,classification,15,1,17,0.6218814107041862,1.089744556517828,398,42,64
BSAC,Financial,LSTM,classification,15,1,18,0.6369563721532199,1.318836904707409,398,42,64
BSAC,Financial,LSTM,classification,15,1,19,0.6348455713022894,1.3305279640924363,398,42,64
BSAC,Financial,LSTM,classification,15,1,20,0.6169572286869414,1.3530030023484003,398,42,64
BUD,Consumer Goods,LSTM,classification,15,1,1,0.7137945393222062,0.7117423642249334,398,42,64
BUD,Consumer Goods,LSTM,classification,15,1,2,0.7239950712601743,0.9192506188438052,398,42,64
BUD,Consumer Goods,LSTM,classification,15,1,3,0.6974918312163808,0.7757287337666466,398,42,64
BUD,Consumer Goods,LSTM,classification,15,1,4,0.6749106594665566,1.0338078226361955,398,42,64
BUD,Consumer Goods,LSTM,classification,15,1,5,0.6988827304624433,0.9223971565564474,398,42,64
BUD,Consumer Goods,LSTM,classification,15,1,6,0.6948791188211297,0.7757483493714106,398,42,64
BUD,Consumer Goods,LSTM,classification,15,1,7,0.6819919758106596,0.7918874280793327,398,42,64
BUD,Consumer Goods,LSTM,classification,15,1,8,0.6803571321257394,0.8211146564710707,398,42,64
BUD,Consumer Goods,LSTM,classification,15,1,9,0.6911607830967735,1.0684400910422915,398,42,64
BUD,Consumer Goods,LSTM,classification,15,1,10,0.6883207113299538,0.8166079350880214,398,42,64
BUD,Consumer Goods,LSTM,classification,15,1,11,0.6709775316655336,0.93793405237652,398,42,64
BUD,Consumer Goods,LSTM,classification,15,1,12,0.6801553110980508,0.8880199421019781,398,42,64
BUD,Consumer Goods,LSTM,classification,15,1,13,0.6642407747968357,0.7510784977958316,398,42,64
BUD,Consumer Goods,LSTM,classification,15,1,14,0.6697139620181903,0.7883293571926299,398,42,64
BUD,Consumer Goods,LSTM,classification,15,1,15,0.6741197007385331,0.8244842290878296,398,42,64
BUD,Consumer Goods,LSTM,classification,15,1,16,0.6533721655457463,0.91714308375404,398,42,64
BUD,Consumer Goods,LSTM,classification,15,1,17,0.6433859147019123,1.0626313970202492,398,42,64
BUD,Consumer Goods,LSTM,classification,15,1,18,0.6621293781989783,0.9365008842377436,398,42,64
BUD,Consumer Goods,LSTM,classification,15,1,19,0.6377556950003658,0.9143716210410708,398,42,64
BUD,Consumer Goods,LSTM,classification,15,1,20,0.6404856838772645,1.0626720700945174,398,42,64
C,Financial,LSTM,classification,15,1,1,0.7011044771228004,0.7600253848802476,398,42,64
C,Financial,LSTM,classification,15,1,2,0.6816643605280162,0.9638295741308303,398,42,64
C,Financial,LSTM,classification,15,1,3,0.6663550042626846,1.2036527679080056,398,42,64
C,Financial,LSTM,classification,15,1,4,0.6806888187949981,1.2166905062539237,398,42,64
C,Financial,LSTM,classification,15,1,5,0.6761797762396348,1.4473887057531447,398,42,64
C,Financial,LSTM,classification,15,1,6,0.6631951083489998,1.2650629565829323,398,42,64
C,Financial,LSTM,classification,15,1,7,0.6312967577771326,1.7144385065351213,398,42,64
C,Financial,LSTM,classification,15,1,8,0.6444818209763148,1.8479276498158772,398,42,64
C,Financial,LSTM,classification,15,1,9,0.6271606096670256,1.7651681786491757,398,42,64
C,Financial,LSTM,classification,15,1,10,0.6419403253488205,1.980745826448713,398,42,64
C,Financial,LSTM,classification,15,1,11,0.6350924603304072,1.738049552554176,398,42,64
C,Financial,LSTM,classification,15,1,12,0.65262932708515,1.2501814422153292,398,42,64
C,Financial,LSTM,classification,15,1,13,0.6365703031345827,1.2950260866255987,398,42,64
C,Financial,LSTM,classification,15,1,14,0.6125095211081768,1.6871396132877894,398,42,64
C,Financial,LSTM,classification,15,1,15,0.6115327088078063,1.872251033782959,398,42,64
C,Financial,LSTM,classification,15,1,16,0.6031867824307638,1.7166896093459356,398,42,64
C,Financial,LSTM,classification,15,1,17,0.6170391777352472,1.4895126479012626,398,42,64
C,Financial,LSTM,classification,15,1,18,0.573936582959477,1.9271086738223122,398,42,64
C,Financial,LSTM,classification,15,1,19,0.5967785322186935,1.6801058451334636,398,42,64
C,Financial,LSTM,classification,15,1,20,0.585577885259935,2.1046090580168224,398,42,64
CAT,Industrial Goods,LSTM,classification,15,1,1,0.7312140848169375,0.6980247497558594,398,42,64
CAT,Industrial Goods,LSTM,classification,15,1,2,0.7050645623973866,0.7379548861866906,398,42,64
CAT,Industrial Goods,LSTM,classification,15,1,3,0.6959136589687673,0.8052292097182501,398,42,64
CAT,Industrial Goods,LSTM,classification,15,1,4,0.6916492578372284,0.849376916885376,398,42,64
CAT,Industrial Goods,LSTM,classification,15,1,5,0.6806558107011881,0.8279185806001935,398,42,64
CAT,Industrial Goods,LSTM,classification,15,1,6,0.6830588788842437,0.7180339353425162,398,42,64
CAT,Industrial Goods,LSTM,classification,15,1,7,0.6785726169844968,0.7589294371150789,398,42,64
CAT,Industrial Goods,LSTM,classification,15,1,8,0.6870408696145868,0.7104706168174744,398,42,64
CAT,Industrial Goods,LSTM,classification,15,1,9,0.6829173082682356,0.8248889219193232,398,42,64
CAT,Industrial Goods,LSTM,classification,15,1,10,0.6808004849520161,0.7298446695009867,398,42,64
CAT,Industrial Goods,LSTM,classification,15,1,11,0.6774534663962359,0.7130960339591617,398,42,64
CAT,Industrial Goods,LSTM,classification,15,1,12,0.6771407702460361,0.7140689151627677,398,42,64
CAT,Industrial Goods,LSTM,classification,15,1,13,0.6657683229326603,0.7165238034157526,398,42,64
CAT,Industrial Goods,LSTM,classification,15,1,14,0.6706366763642085,0.7339469648542858,398,42,64
CAT,Industrial Goods,LSTM,classification,15,1,15,0.664193178840618,0.796302474680401,398,42,64
CAT,Industrial Goods,LSTM,classification,15,1,16,0.6814422766167914,0.8692431563422793,398,42,64
CAT,Industrial Goods,LSTM,classification,15,1,17,0.6666725867956727,0.7970027497836522,398,42,64
CAT,Industrial Goods,LSTM,classification,15,1,18,0.6708901195070851,0.8972364039648146,398,42,64
CAT,Industrial Goods,LSTM,classification,15,1,19,0.6583717483371946,0.8838001943769909,398,42,64
CAT,Industrial Goods,LSTM,classification,15,1,20,0.6734850418627562,0.8054640264738173,398,42,64
CELG,Healthcare,LSTM,classification,15,1,1,0.7217551260138276,0.6914694905281067,398,42,64
CELG,Healthcare,LSTM,classification,15,1,2,0.6899709539796839,0.7429539759953817,398,42,64
CELG,Healthcare,LSTM,classification,15,1,3,0.6981865613903832,0.6720182072548639,398,42,64
CELG,Healthcare,LSTM,classification,15,1,4,0.6733806438781508,0.7507050519897824,398,42,64
CELG,Healthcare,LSTM,classification,15,1,5,0.6597356751336524,0.7982293168703715,398,42,64
CELG,Healthcare,LSTM,classification,15,1,6,0.6640515306487156,1.0594402267819358,398,42,64
CELG,Healthcare,LSTM,classification,15,1,7,0.6706325342906779,0.9481343485060192,398,42,64
CELG,Healthcare,LSTM,classification,15,1,8,0.675270020063199,0.8537305252892631,398,42,64
CELG,Healthcare,LSTM,classification,15,1,9,0.6518736119246363,0.9793051594779605,398,42,64
CELG,Healthcare,LSTM,classification,15,1,10,0.6257956859154917,0.7917443769318717,398,42,64
CELG,Healthcare,LSTM,classification,15,1,11,0.6135761594053489,1.034723284698668,398,42,64
CELG,Healthcare,LSTM,classification,15,1,12,0.6356906916328411,0.9245590226990836,398,42,64
CELG,Healthcare,LSTM,classification,15,1,13,0.6588782470429962,0.8165353692713238,398,42,64
CELG,Healthcare,LSTM,classification,15,1,14,0.6455699335690119,0.7520439071314675,398,42,64
CELG,Healthcare,LSTM,classification,15,1,15,0.5845020507747803,0.9039204035486493,398,42,64
CELG,Healthcare,LSTM,classification,15,1,16,0.5941259675289519,0.9200493068922133,398,42,64
CELG,Healthcare,LSTM,classification,15,1,17,0.6204846751450295,1.1063476715769087,398,42,64
CELG,Healthcare,LSTM,classification,15,1,18,0.5775620760630124,1.4225592045556932,398,42,64
CELG,Healthcare,LSTM,classification,15,1,19,0.5976846168688195,0.9201108160473052,398,42,64
CELG,Healthcare,LSTM,classification,15,1,20,0.5951515919898622,1.240904986858368,398,42,64
CHL,Technology,LSTM,classification,15,1,1,0.7248505638472399,0.6935644916125706,398,42,64
CHL,Technology,LSTM,classification,15,1,2,0.7257316711559967,0.7395076609793163,398,42,64
CHL,Technology,LSTM,classification,15,1,3,0.6929416683451015,0.6965197864032927,398,42,64
CHL,Technology,LSTM,classification,15,1,4,0.6638436757739464,0.6943550791059222,398,42,64
CHL,Technology,LSTM,classification,15,1,5,0.653301945882826,0.6899927088192531,398,42,64
CHL,Technology,LSTM,classification,15,1,6,0.6452585216143623,1.023761306490217,398,42,64
CHL,Technology,LSTM,classification,15,1,7,0.6900811650645193,0.6871014606385004,398,42,64
CHL,Technology,LSTM,classification,15,1,8,0.672889349448621,0.9521792389097667,398,42,64
CHL,Technology,LSTM,classification,15,1,9,0.6628556362348585,0.8028705914815267,398,42,64
CHL,Technology,LSTM,classification,15,1,10,0.654157223413937,0.7222355859620231,398,42,64
CHL,Technology,LSTM,classification,15,1,11,0.6663152323895364,1.0189923502150036,398,42,64
CHL,Technology,LSTM,classification,15,1,12,0.6546482719368671,0.7779992591767084,398,42,64
CHL,Technology,LSTM,classification,15,1,13,0.6314725013234508,1.1533818585532052,398,42,64
CHL,Technology,LSTM,classification,15,1,14,0.6754191550777187,0.766549269358317,398,42,64
CHL,Technology,LSTM,classification,15,1,15,0.6532979400912721,0.913266970997765,398,42,64
CHL,Technology,LSTM,classification,15,1,16,0.6448253056212286,0.9225058952967325,398,42,64
CHL,Technology,LSTM,classification,15,1,17,0.6608545450708974,0.748376414889381,398,42,64
CHL,Technology,LSTM,classification,15,1,18,0.649913244211494,0.7846286325227647,398,42,64
CHL,Technology,LSTM,classification,15,1,19,0.6526257740193276,0.7080759491239276,398,42,64
CHL,Technology,LSTM,classification,15,1,20,0.6280240533339917,0.754872529279618,398,42,64
CHTR,Services,LSTM,classification,15,1,1,0.7260272182411884,0.677064665726253,398,42,64
CHTR,Services,LSTM,classification,15,1,2,0.7014831843687661,0.6833823294866652,398,42,64
CHTR,Services,LSTM,classification,15,1,3,0.6917111843674626,0.703204890092214,398,42,64
CHTR,Services,LSTM,classification,15,1,4,0.6968526609578923,0.6765757572083246,398,42,64
CHTR,Services,LSTM,classification,15,1,5,0.6831254731470616,0.6397783415658134,398,42,64
CHTR,Services,LSTM,classification,15,1,6,0.6776551777993015,0.6621183497565133,398,42,64
CHTR,Services,LSTM,classification,15,1,7,0.6919435289636928,0.6783744692802429,398,42,64
CHTR,Services,LSTM,classification,15,1,8,0.6929207123703693,0.671698082061041,398,42,64
CHTR,Services,LSTM,classification,15,1,9,0.6877807801093289,0.677985205536797,398,42,64
CHTR,Services,LSTM,classification,15,1,10,0.6801854860243486,0.6500009440240406,398,42,64
CHTR,Services,LSTM,classification,15,1,11,0.6858719737086464,0.6671005629357838,398,42,64
CHTR,Services,LSTM,classification,15,1,12,0.6785926995564945,0.6791788680212838,398,42,64
CHTR,Services,LSTM,classification,15,1,13,0.6752133653990587,0.6940847408203852,398,42,64
CHTR,Services,LSTM,classification,15,1,14,0.6854290947243197,0.6805136146999541,398,42,64
CHTR,Services,LSTM,classification,15,1,15,0.6622759277497104,0.6404362718264262,398,42,64
CHTR,Services,LSTM,classification,15,1,16,0.6852620067308896,0.6305402517318726,398,42,64
CHTR,Services,LSTM,classification,15,1,17,0.6709545251712128,0.6810778407823472,398,42,64
CHTR,Services,LSTM,classification,15,1,18,0.6523397504983834,0.6546656858353388,398,42,64
CHTR,Services,LSTM,classification,15,1,19,0.6510124020840056,0.6701198617617289,398,42,64
CHTR,Services,LSTM,classification,15,1,20,0.6614331237634822,0.6745349083627973,398,42,64
CMCSA,Services,LSTM,classification,15,1,1,0.7560239512117664,0.7152224296615237,398,42,64
CMCSA,Services,LSTM,classification,15,1,2,0.6832308640432119,0.7197683027812413,398,42,64
CMCSA,Services,LSTM,classification,15,1,3,0.6887977267030495,0.7632625528744289,398,42,64
CMCSA,Services,LSTM,classification,15,1,4,0.6857459790742577,0.700083023025876,398,42,64
CMCSA,Services,LSTM,classification,15,1,5,0.6679049799190694,0.6888295383680434,398,42,64
CMCSA,Services,LSTM,classification,15,1,6,0.6953020949459555,0.671427689847492,398,42,64
CMCSA,Services,LSTM,classification,15,1,7,0.6643044484320597,0.6512330685343061,398,42,64
CMCSA,Services,LSTM,classification,15,1,8,0.6504604094591572,0.9773227884655907,398,42,64
CMCSA,Services,LSTM,classification,15,1,9,0.6762957968304505,0.720894007455735,398,42,64
CMCSA,Services,LSTM,classification,15,1,10,0.6871868923081824,0.8394142048699516,398,42,64
CMCSA,Services,LSTM,classification,15,1,11,0.6519834177577915,0.7431509835379464,398,42,64
CMCSA,Services,LSTM,classification,15,1,12,0.6387197977334411,1.1280766271409535,398,42,64
CMCSA,Services,LSTM,classification,15,1,13,0.6416266452727006,1.625785271326701,398,42,64
CMCSA,Services,LSTM,classification,15,1,14,0.6681869766820017,0.9034056209382557,398,42,64
CMCSA,Services,LSTM,classification,15,1,15,0.6626090901580888,1.267888211068653,398,42,64
CMCSA,Services,LSTM,classification,15,1,16,0.6524739690761471,0.9971124898819697,398,42,64
CMCSA,Services,LSTM,classification,15,1,17,0.6371434980900443,0.9058333578563872,398,42,64
CMCSA,Services,LSTM,classification,15,1,18,0.6120661017882764,1.3852485418319702,398,42,64
CMCSA,Services,LSTM,classification,15,1,19,0.6008798270369294,1.1909715164275396,398,42,64
CMCSA,Services,LSTM,classification,15,1,20,0.6006017021797411,1.0083476532073248,398,42,64
CODI,Conglomerates,LSTM,classification,15,1,1,0.7113361448498826,0.7010518908500671,398,42,64
CODI,Conglomerates,LSTM,classification,15,1,2,0.7033575914013925,0.7119510457629249,398,42,64
CODI,Conglomerates,LSTM,classification,15,1,3,0.6956633212578357,0.8033229964120048,398,42,64
CODI,Conglomerates,LSTM,classification,15,1,4,0.684454934980402,0.734494373911903,398,42,64
CODI,Conglomerates,LSTM,classification,15,1,5,0.6713002273185769,0.7557770609855652,398,42,64
CODI,Conglomerates,LSTM,classification,15,1,6,0.6439326588232913,0.8440994109426226,398,42,64
CODI,Conglomerates,LSTM,classification,15,1,7,0.6904770468347635,0.778012908640362,398,42,64
CODI,Conglomerates,LSTM,classification,15,1,8,0.652054890915377,0.7792687501226153,398,42,64
CODI,Conglomerates,LSTM,classification,15,1,9,0.6494477337329232,0.7435562894457862,398,42,64
CODI,Conglomerates,LSTM,classification,15,1,10,0.6412080247797559,0.8490512683278039,398,42,64
CODI,Conglomerates,LSTM,classification,15,1,11,0.6484934148476951,0.9707717072396052,398,42,64
CODI,Conglomerates,LSTM,classification,15,1,12,0.6542489480732674,0.7611792626835051,398,42,64
CODI,Conglomerates,LSTM,classification,15,1,13,0.6324115140953256,0.8095110002018157,398,42,64
CODI,Conglomerates,LSTM,classification,15,1,14,0.6133541710412682,0.761519227709089,398,42,64
CODI,Conglomerates,LSTM,classification,15,1,15,0.6218683027741897,0.7399547866412571,398,42,64
CODI,Conglomerates,LSTM,classification,15,1,16,0.6113234014067818,0.7608865811711266,398,42,64
CODI,Conglomerates,LSTM,classification,15,1,17,0.5954647336772938,0.7928994014149621,398,42,64
CODI,Conglomerates,LSTM,classification,15,1,18,0.5839505850070685,0.7200390951974052,398,42,64
CODI,Conglomerates,LSTM,classification,15,1,19,0.5506172207132656,0.7413315631094433,398,42,64
CODI,Conglomerates,LSTM,classification,15,1,20,0.5612589090912785,0.8344487264042809,398,42,64
CSCO,Technology,LSTM,classification,15,1,1,0.6961727567653561,0.6919778131303334,398,42,64
CSCO,Technology,LSTM,classification,15,1,2,0.7037482210739174,0.8258068448021298,398,42,64
CSCO,Technology,LSTM,classification,15,1,3,0.7130132730881772,0.8214670249394008,398,42,64
CSCO,Technology,LSTM,classification,15,1,4,0.6737205925299294,0.8197502465475173,398,42,64
CSCO,Technology,LSTM,classification,15,1,5,0.6768562907549605,1.38967117809114,398,42,64
CSCO,Technology,LSTM,classification,15,1,6,0.6807377308457341,1.2286905334109353,398,42,64
CSCO,Technology,LSTM,classification,15,1,7,0.6821232620795169,1.041114370028178,398,42,64
CSCO,Technology,LSTM,classification,15,1,8,0.6607388156143266,1.5891469092596144,398,42,64
CSCO,Technology,LSTM,classification,15,1,9,0.6739701946177076,1.581135522751581,398,42,64
CSCO,Technology,LSTM,classification,15,1,10,0.6512885408185835,1.6699222383045016,398,42,64
CSCO,Technology,LSTM,classification,15,1,11,0.6739679269455187,1.1033366521199544,398,42,64
CSCO,Technology,LSTM,classification,15,1,12,0.6585557984946361,1.4093318099067325,398,42,64
CSCO,Technology,LSTM,classification,15,1,13,0.6289422074754034,1.5308883303687686,398,42,64
CSCO,Technology,LSTM,classification,15,1,14,0.622087548725569,1.9263776143391926,398,42,64
CSCO,Technology,LSTM,classification,15,1,15,0.6152406298934515,1.971061842782157,398,42,64
CSCO,Technology,LSTM,classification,15,1,16,0.6775290196265408,1.2812168938773019,398,42,64
CSCO,Technology,LSTM,classification,15,1,17,0.6287177965868658,1.720304772967384,398,42,64
CSCO,Technology,LSTM,classification,15,1,18,0.6030951858165875,1.4271711054302396,398,42,64
CSCO,Technology,LSTM,classification,15,1,19,0.6110369251601061,1.7180790901184082,398,42,64
CSCO,Technology,LSTM,classification,15,1,20,0.5980143837593309,2.2695957592555454,398,42,64
CVX,Basic Matierials,LSTM,classification,15,1,1,0.7157170404141872,0.6935898377781823,398,42,64
CVX,Basic Matierials,LSTM,classification,15,1,2,0.6871863154310677,0.6939961314201355,398,42,64
CVX,Basic Matierials,LSTM,classification,15,1,3,0.6838729201848782,0.7333587039084661,398,42,64
CVX,Basic Matierials,LSTM,classification,15,1,4,0.6782871412871471,0.6913086147535414,398,42,64
CVX,Basic Matierials,LSTM,classification,15,1,5,0.6814633065731681,0.6943052865210033,398,42,64
CVX,Basic Matierials,LSTM,classification,15,1,6,0.6547973530376376,0.6914666862714858,398,42,64
CVX,Basic Matierials,LSTM,classification,15,1,7,0.7065049975960698,0.7010357351530165,398,42,64
CVX,Basic Matierials,LSTM,classification,15,1,8,0.6719569153522127,0.694045867238726,398,42,64
CVX,Basic Matierials,LSTM,classification,15,1,9,0.6746305727479446,0.7826246732757205,398,42,64
CVX,Basic Matierials,LSTM,classification,15,1,10,0.6605589362844151,0.7609894076983134,398,42,64
CVX,Basic Matierials,LSTM,classification,15,1,11,0.6631214849313899,0.7316761868340629,398,42,64
CVX,Basic Matierials,LSTM,classification,15,1,12,0.653504879031349,0.6959267656008402,398,42,64
CVX,Basic Matierials,LSTM,classification,15,1,13,0.6643001823569062,0.7046393411500114,398,42,64
CVX,Basic Matierials,LSTM,classification,15,1,14,0.6788243642404451,0.6983821023078192,398,42,64
CVX,Basic Matierials,LSTM,classification,15,1,15,0.6493164285942538,0.7079306585448129,398,42,64
CVX,Basic Matierials,LSTM,classification,15,1,16,0.6425531201027147,0.715105258283161,398,42,64
CVX,Basic Matierials,LSTM,classification,15,1,17,0.639872405397233,0.7249393888882228,398,42,64
CVX,Basic Matierials,LSTM,classification,15,1,18,0.645424220430192,0.8141051133473715,398,42,64
CVX,Basic Matierials,LSTM,classification,15,1,19,0.6129854854626872,0.862632121358599,398,42,64
CVX,Basic Matierials,LSTM,classification,15,1,20,0.601553729431114,0.7738198127065387,398,42,64
D,Utilities,LSTM,classification,15,1,1,0.7275159712412849,0.705162627356393,398,42,64
D,Utilities,LSTM,classification,15,1,2,0.6741844427645506,0.829602993669964,398,42,64
D,Utilities,LSTM,classification,15,1,3,0.6683898696947337,0.9454647189094907,398,42,64
D,Utilities,LSTM,classification,15,1,4,0.623726872043993,1.3461717480704898,398,42,64
D,Utilities,LSTM,classification,15,1,5,0.6532238467254831,0.7917844766662234,398,42,64
D,Utilities,LSTM,classification,15,1,6,0.6685207435234108,1.2412513153893607,398,42,64
D,Utilities,LSTM,classification,15,1,7,0.6573506749455055,1.1090875580197288,398,42,64
D,Utilities,LSTM,classification,15,1,8,0.6358317139759735,1.0357234222548348,398,42,64
D,Utilities,LSTM,classification,15,1,9,0.6472938749658402,0.841203096367064,398,42,64
D,Utilities,LSTM,classification,15,1,10,0.6129107956011691,0.8040889842169625,398,42,64
D,Utilities,LSTM,classification,15,1,11,0.6154686032827176,1.4569990606535048,398,42,64
D,Utilities,LSTM,classification,15,1,12,0.6031399824511465,0.8812347820826939,398,42,64
D,Utilities,LSTM,classification,15,1,13,0.6036032297503409,2.1792872746785483,398,42,64
D,Utilities,LSTM,classification,15,1,14,0.6089886043538999,0.6942093287195478,398,42,64
D,Utilities,LSTM,classification,15,1,15,0.5944081817440052,1.353397596450079,398,42,64
D,Utilities,LSTM,classification,15,1,16,0.5649179494261143,1.7179905147779555,398,42,64
D,Utilities,LSTM,classification,15,1,17,0.5461034406369655,1.1978615352085658,398,42,64
D,Utilities,LSTM,classification,15,1,18,0.5313156052450438,1.4978632018679665,398,42,64
D,Utilities,LSTM,classification,15,1,19,0.5418315263249767,1.3339242736498516,398,42,64
D,Utilities,LSTM,classification,15,1,20,0.5470712312202358,0.9827211669513157,398,42,64
DHR,Industrial Goods,LSTM,classification,15,1,1,0.6933007090534996,0.6937058284169152,398,42,64
DHR,Industrial Goods,LSTM,classification,15,1,2,0.731781852305235,0.6914889982768467,398,42,64
DHR,Industrial Goods,LSTM,classification,15,1,3,0.7146422590442638,0.6880752728098914,398,42,64
DHR,Industrial Goods,LSTM,classification,15,1,4,0.690741057971015,0.6877436439196268,398,42,64
DHR,Industrial Goods,LSTM,classification,15,1,5,0.6930514942461522,0.6813197107542128,398,42,64
DHR,Industrial Goods,LSTM,classification,15,1,6,0.6960444851736327,0.6919612288475037,398,42,64
DHR,Industrial Goods,LSTM,classification,15,1,7,0.6788141616624803,0.7541238693963914,398,42,64
DHR,Industrial Goods,LSTM,classification,15,1,8,0.671786869590606,0.6722585984638759,398,42,64
DHR,Industrial Goods,LSTM,classification,15,1,9,0.6838803881376831,0.7319308888344538,398,42,64
DHR,Industrial Goods,LSTM,classification,15,1,10,0.6840884017584911,0.7126894536472502,398,42,64
DHR,Industrial Goods,LSTM,classification,15,1,11,0.6818146322240781,0.6520249048868815,398,42,64
DHR,Industrial Goods,LSTM,classification,15,1,12,0.6556797078506431,1.152067746434893,398,42,64
DHR,Industrial Goods,LSTM,classification,15,1,13,0.648442792533031,0.75398340963182,398,42,64
DHR,Industrial Goods,LSTM,classification,15,1,14,0.6651875289840314,0.7118753450257438,398,42,64
DHR,Industrial Goods,LSTM,classification,15,1,15,0.642445950052846,0.678637717451368,398,42,64
DHR,Industrial Goods,LSTM,classification,15,1,16,0.6879667391130073,0.700550859882718,398,42,64
DHR,Industrial Goods,LSTM,classification,15,1,17,0.657651570574123,0.6803800236611139,398,42,64
DHR,Industrial Goods,LSTM,classification,15,1,18,0.6419693653907009,0.8872044654119582,398,42,64
DHR,Industrial Goods,LSTM,classification,15,1,19,0.6239056500358198,0.8079019813310533,398,42,64
DHR,Industrial Goods,LSTM,classification,15,1,20,0.6121896727001248,0.7851867079734802,398,42,64
DIS,Services,LSTM,classification,15,1,1,0.702652492115845,0.7129610294387454,398,42,64
DIS,Services,LSTM,classification,15,1,2,0.7019627923941493,1.0702364047368367,398,42,64
DIS,Services,LSTM,classification,15,1,3,0.6844257595551074,0.891761581103007,398,42,64
DIS,Services,LSTM,classification,15,1,4,0.6793467258688194,0.9171168690636045,398,42,64
DIS,Services,LSTM,classification,15,1,5,0.648449692594346,2.016540975797744,398,42,64
DIS,Services,LSTM,classification,15,1,6,0.6946567533603266,1.1840871175130208,398,42,64
DIS,Services,LSTM,classification,15,1,7,0.6713575810643296,0.9527373512585958,398,42,64
DIS,Services,LSTM,classification,15,1,8,0.6596114386865242,2.91875129654294,398,42,64
DIS,Services,LSTM,classification,15,1,9,0.6548872515184796,2.609811850956508,398,42,64
DIS,Services,LSTM,classification,15,1,10,0.6591478547259192,1.5984253996894473,398,42,64
DIS,Services,LSTM,classification,15,1,11,0.6485263582450062,1.2553263959430514,398,42,64
DIS,Services,LSTM,classification,15,1,12,0.6495302250636882,2.065966242835635,398,42,64
DIS,Services,LSTM,classification,15,1,13,0.6274547612846796,1.6040219522657848,398,42,64
DIS,Services,LSTM,classification,15,1,14,0.6285304828504821,2.8027216593424478,398,42,64
DIS,Services,LSTM,classification,15,1,15,0.6227262068034416,1.8963676407223655,398,42,64
DIS,Services,LSTM,classification,15,1,16,0.6185522268165895,1.9395148583820887,398,42,64
DIS,Services,LSTM,classification,15,1,17,0.6264220521078637,2.895475046975272,398,42,64
DIS,Services,LSTM,classification,15,1,18,0.5941816038222768,2.163025986580622,398,42,64
DIS,Services,LSTM,classification,15,1,19,0.5831823082425487,3.8518324125380743,398,42,64
DIS,Services,LSTM,classification,15,1,20,0.5721993077939479,3.8649633952549527,398,42,64
DUK,Utilities,LSTM,classification,15,1,1,0.7040421693169292,0.7053394885290236,398,42,64
DUK,Utilities,LSTM,classification,15,1,2,0.7153776671419192,0.7584563976242429,398,42,64
DUK,Utilities,LSTM,classification,15,1,3,0.6782275339466842,0.7421980329922268,398,42,64
DUK,Utilities,LSTM,classification,15,1,4,0.6902395411951459,0.8381427640006656,398,42,64
DUK,Utilities,LSTM,classification,15,1,5,0.6895897990495117,0.8401781235422406,398,42,64
DUK,Utilities,LSTM,classification,15,1,6,0.6816877378291221,0.9253382540884472,398,42,64
DUK,Utilities,LSTM,classification,15,1,7,0.6680188613321314,0.740629914261046,398,42,64
DUK,Utilities,LSTM,classification,15,1,8,0.685361084027506,0.7538534346080962,398,42,64
DUK,Utilities,LSTM,classification,15,1,9,0.6635118504265445,0.7192715207735697,398,42,64
DUK,Utilities,LSTM,classification,15,1,10,0.6533904464999635,0.8460033706256321,398,42,64
DUK,Utilities,LSTM,classification,15,1,11,0.6488772337161117,0.8384290507861546,398,42,64
DUK,Utilities,LSTM,classification,15,1,12,0.6717279298820688,1.0708195084617251,398,42,64
DUK,Utilities,LSTM,classification,15,1,13,0.6536857479780762,0.7499508204914275,398,42,64
DUK,Utilities,LSTM,classification,15,1,14,0.6203962043302143,0.858237468060993,398,42,64
DUK,Utilities,LSTM,classification,15,1,15,0.6282833946410136,0.8520334391366868,398,42,64
DUK,Utilities,LSTM,classification,15,1,16,0.6163822876748128,0.6735718988236927,398,42,64
DUK,Utilities,LSTM,classification,15,1,17,0.6284991739383295,0.9429871014186314,398,42,64
DUK,Utilities,LSTM,classification,15,1,18,0.6436761563746773,0.8203260955356416,398,42,64
DUK,Utilities,LSTM,classification,15,1,19,0.6133957439331553,0.7989637738182431,398,42,64
DUK,Utilities,LSTM,classification,15,1,20,0.592698305995021,0.8123462398846945,398,42,64
EXC,Utilities,LSTM,classification,15,1,1,0.6847652250797904,0.7181687440190997,398,42,64
EXC,Utilities,LSTM,classification,15,1,2,0.7105838764252974,1.001114391145252,398,42,64
EXC,Utilities,LSTM,classification,15,1,3,0.7026183401519929,0.8879588416644505,398,42,64
EXC,Utilities,LSTM,classification,15,1,4,0.6809665779372556,1.335440998985654,398,42,64
EXC,Utilities,LSTM,classification,15,1,5,0.6620377586714586,1.5249115569250924,398,42,64
EXC,Utilities,LSTM,classification,15,1,6,0.6471642347136933,1.3959647190003168,398,42,64
EXC,Utilities,LSTM,classification,15,1,7,0.6711728824442954,1.503478385153271,398,42,64
EXC,Utilities,LSTM,classification,15,1,8,0.6480085939618211,2.0203781354995,398,42,64
EXC,Utilities,LSTM,classification,15,1,9,0.666441817379477,1.9750847248804002,398,42,64
EXC,Utilities,LSTM,classification,15,1,10,0.6582907445766218,2.5273079985664006,398,42,64
EXC,Utilities,LSTM,classification,15,1,11,0.6416695076017523,1.683743647166661,398,42,64
EXC,Utilities,LSTM,classification,15,1,12,0.6454054657837853,2.0274834746406194,398,42,64
EXC,Utilities,LSTM,classification,15,1,13,0.6455556073380475,1.4787732504663014,398,42,64
EXC,Utilities,LSTM,classification,15,1,14,0.6006794173513824,2.0600347235089256,398,42,64
EXC,Utilities,LSTM,classification,15,1,15,0.6279186546503,2.4267557121458507,398,42,64
EXC,Utilities,LSTM,classification,15,1,16,0.6032081385653223,2.6728462605249312,398,42,64
EXC,Utilities,LSTM,classification,15,1,17,0.5882431400481181,1.9485413801102411,398,42,64
EXC,Utilities,LSTM,classification,15,1,18,0.5793097567318672,2.47930223601205,398,42,64
EXC,Utilities,LSTM,classification,15,1,19,0.5715233373582064,1.760575527236575,398,42,64
EXC,Utilities,LSTM,classification,15,1,20,0.5864968779099048,1.9061475538072132,398,42,64
FB,Technology,LSTM,classification,15,1,1,0.7112086193645419,0.6855860778263637,398,42,64
FB,Technology,LSTM,classification,15,1,2,0.7092827402766625,0.6540160150755019,398,42,64
FB,Technology,LSTM,classification,15,1,3,0.6896451421119459,0.6247370867502122,398,42,64
FB,Technology,LSTM,classification,15,1,4,0.6929318925843166,0.6160409422147841,398,42,64
FB,Technology,LSTM,classification,15,1,5,0.6702302451708808,0.6292962403524489,398,42,64
FB,Technology,LSTM,classification,15,1,6,0.6607671490865736,0.7004546523094177,398,42,64
FB,Technology,LSTM,classification,15,1,7,0.6948440608067729,0.6785015634128025,398,42,64
FB,Technology,LSTM,classification,15,1,8,0.67955031287131,0.7017329391979036,398,42,64
FB,Technology,LSTM,classification,15,1,9,0.6652093685452064,0.6357468366622925,398,42,64
FB,Technology,LSTM,classification,15,1,10,0.6609623324331926,0.714645749046689,398,42,64
FB,Technology,LSTM,classification,15,1,11,0.6402637940555361,0.7988918622334799,398,42,64
FB,Technology,LSTM,classification,15,1,12,0.6670174760435095,0.9090776046117147,398,42,64
FB,Technology,LSTM,classification,15,1,13,0.6511716953474074,0.7648293177286783,398,42,64
FB,Technology,LSTM,classification,15,1,14,0.6466141013643849,0.7803673290071034,398,42,64
FB,Technology,LSTM,classification,15,1,15,0.6200068515149793,1.3667161464691162,398,42,64
FB,Technology,LSTM,classification,15,1,16,0.6279807198586775,0.787445068359375,398,42,64
FB,Technology,LSTM,classification,15,1,17,0.6256794195678366,1.0526514734540666,398,42,64
FB,Technology,LSTM,classification,15,1,18,0.5838437327487984,1.2285905792599632,398,42,64
FB,Technology,LSTM,classification,15,1,19,0.5922033322516398,0.9709521815890357,398,42,64
FB,Technology,LSTM,classification,15,1,20,0.5703516039417018,0.9937751804079328,398,42,64
GD,Industrial Goods,LSTM,classification,15,1,1,0.7185697882019695,0.6955378197488331,398,42,64
GD,Industrial Goods,LSTM,classification,15,1,2,0.6828934945652833,0.7805321074667431,398,42,64
GD,Industrial Goods,LSTM,classification,15,1,3,0.696291517971748,0.8223881494431269,398,42,64
GD,Industrial Goods,LSTM,classification,15,1,4,0.6997822280505195,0.7267491022745768,398,42,64
GD,Industrial Goods,LSTM,classification,15,1,5,0.6811456913924098,0.721057809534527,398,42,64
GD,Industrial Goods,LSTM,classification,15,1,6,0.6857253980996022,0.7274498967897325,398,42,64
GD,Industrial Goods,LSTM,classification,15,1,7,0.67966656289508,0.7146380714007786,398,42,64
GD,Industrial Goods,LSTM,classification,15,1,8,0.6774275524532376,0.7013888103621346,398,42,64
GD,Industrial Goods,LSTM,classification,15,1,9,0.6633661047897147,0.7843232069696698,398,42,64
GD,Industrial Goods,LSTM,classification,15,1,10,0.6462582367748472,1.0006216679300581,398,42,64
GD,Industrial Goods,LSTM,classification,15,1,11,0.6805905268419927,1.0895222482227145,398,42,64
GD,Industrial Goods,LSTM,classification,15,1,12,0.6723163526261872,0.783771296342214,398,42,64
GD,Industrial Goods,LSTM,classification,15,1,13,0.6778607398421321,0.7509660096395583,398,42,64
GD,Industrial Goods,LSTM,classification,15,1,14,0.6609791667018104,0.8880596927234105,398,42,64
GD,Industrial Goods,LSTM,classification,15,1,15,0.649839274547807,0.724530469803583,398,42,64
GD,Industrial Goods,LSTM,classification,15,1,16,0.6398896805605098,0.7678510262852624,398,42,64
GD,Industrial Goods,LSTM,classification,15,1,17,0.6332314451735224,1.2309082803272067,398,42,64
GD,Industrial Goods,LSTM,classification,15,1,18,0.6126321446356462,1.0538079596701122,398,42,64
GD,Industrial Goods,LSTM,classification,15,1,19,0.643373421089134,0.922196022101811,398,42,64
GD,Industrial Goods,LSTM,classification,15,1,20,0.6325586261461728,0.7782581476938157,398,42,64
GE,Industrial Goods,LSTM,classification,15,1,1,0.7204835750349802,0.6906473324412391,398,42,64
GE,Industrial Goods,LSTM,classification,15,1,2,0.7198984389329076,0.7474878685814994,398,42,64
GE,Industrial Goods,LSTM,classification,15,1,3,0.6870696571604091,0.7281096407345363,398,42,64
GE,Industrial Goods,LSTM,classification,15,1,4,0.6791851550490413,0.7304846161887759,398,42,64
GE,Industrial Goods,LSTM,classification,15,1,5,0.6848838314339144,0.7390915751457214,398,42,64
GE,Industrial Goods,LSTM,classification,15,1,6,0.667083639295856,0.7628614363216218,398,42,64
GE,Industrial Goods,LSTM,classification,15,1,7,0.6607521754413394,0.9821858434450059,398,42,64
GE,Industrial Goods,LSTM,classification,15,1,8,0.6689317454045741,0.9939554078238351,398,42,64
GE,Industrial Goods,LSTM,classification,15,1,9,0.6401214356997504,0.9179658464023045,398,42,64
GE,Industrial Goods,LSTM,classification,15,1,10,0.6670889381188244,0.8396859169006348,398,42,64
GE,Industrial Goods,LSTM,classification,15,1,11,0.6488454267008221,0.8810788080805824,398,42,64
GE,Industrial Goods,LSTM,classification,15,1,12,0.6261415700217587,0.8091545871325901,398,42,64
GE,Industrial Goods,LSTM,classification,15,1,13,0.5804079663214372,0.948829262029557,398,42,64
GE,Industrial Goods,LSTM,classification,15,1,14,0.5631766301303652,1.741987046741304,398,42,64
GE,Industrial Goods,LSTM,classification,15,1,15,0.5744144257588603,1.1301732517424083,398,42,64
GE,Industrial Goods,LSTM,classification,15,1,16,0.5974294043066514,1.3720100777489799,398,42,64
GE,Industrial Goods,LSTM,classification,15,1,17,0.5486996408982493,1.3812178316570463,398,42,64
GE,Industrial Goods,LSTM,classification,15,1,18,0.5975381901216268,1.1519382964997065,398,42,64
GE,Industrial Goods,LSTM,classification,15,1,19,0.526495618886085,1.1323790947596233,398,42,64
GE,Industrial Goods,LSTM,classification,15,1,20,0.5300269672019997,2.027752774102347,398,42,64
GOOG,Technology,LSTM,classification,15,1,1,0.7050521271911698,0.6967787316867283,398,42,64
GOOG,Technology,LSTM,classification,15,1,2,0.6937982116512318,0.7124191778046745,398,42,64
GOOG,Technology,LSTM,classification,15,1,3,0.6781518237674655,0.8438434629213243,398,42,64
GOOG,Technology,LSTM,classification,15,1,4,0.6946253737612585,0.6882148016066778,398,42,64
GOOG,Technology,LSTM,classification,15,1,5,0.677057827836904,0.7702906018211728,398,42,64
GOOG,Technology,LSTM,classification,15,1,6,0.6645609110444035,0.8868174723216465,398,42,64
GOOG,Technology,LSTM,classification,15,1,7,0.6684234974971369,0.7470960900897071,398,42,64
GOOG,Technology,LSTM,classification,15,1,8,0.649170604482967,0.830552305494036,398,42,64
GOOG,Technology,LSTM,classification,15,1,9,0.6579612975743547,0.741927356947036,398,42,64
GOOG,Technology,LSTM,classification,15,1,10,0.6257396541049133,0.892270184698559,398,42,64
GOOG,Technology,LSTM,classification,15,1,11,0.6372178768991825,1.3045964468093145,398,42,64
GOOG,Technology,LSTM,classification,15,1,12,0.6360761676002388,0.7007140375318981,398,42,64
GOOG,Technology,LSTM,classification,15,1,13,0.6195808846746856,0.6704342904545012,398,42,64
GOOG,Technology,LSTM,classification,15,1,14,0.6209216516221588,0.7028497400737944,398,42,64
GOOG,Technology,LSTM,classification,15,1,15,0.6158209775560465,0.8067285872641063,398,42,64
GOOG,Technology,LSTM,classification,15,1,16,0.6267521752784001,0.8797520853224254,398,42,64
GOOG,Technology,LSTM,classification,15,1,17,0.6187732618058747,0.9303452855064756,398,42,64
GOOG,Technology,LSTM,classification,15,1,18,0.5898035270484847,0.9252536750975109,398,42,64
GOOG,Technology,LSTM,classification,15,1,19,0.5814268130752909,0.8662068247795105,398,42,64
GOOG,Technology,LSTM,classification,15,1,20,0.5641730891999288,0.7583487374441964,398,42,64
HD,Services,LSTM,classification,15,1,1,0.6984125456618304,0.6890839224769956,398,42,64
HD,Services,LSTM,classification,15,1,2,0.7132403317408346,0.7096158010619027,398,42,64
HD,Services,LSTM,classification,15,1,3,0.6767823216903149,0.842827163991474,398,42,64
HD,Services,LSTM,classification,15,1,4,0.668054893388221,0.7147482889039176,398,42,64
HD,Services,LSTM,classification,15,1,5,0.6742801950804552,1.0160116468157088,398,42,64
HD,Services,LSTM,classification,15,1,6,0.6845068961531673,0.7395041301136925,398,42,64
HD,Services,LSTM,classification,15,1,7,0.6578417767831428,0.9117086103984288,398,42,64
HD,Services,LSTM,classification,15,1,8,0.6628165430759065,0.7812856577691578,398,42,64
HD,Services,LSTM,classification,15,1,9,0.6696590984886016,0.6632929841677347,398,42,64
HD,Services,LSTM,classification,15,1,10,0.6720024601898001,0.6869442093940008,398,42,64
HD,Services,LSTM,classification,15,1,11,0.6667938729626449,0.6990318553788322,398,42,64
HD,Services,LSTM,classification,15,1,12,0.667360968925246,0.7222000275339399,398,42,64
HD,Services,LSTM,classification,15,1,13,0.6638605756376257,0.7695086399714152,398,42,64
HD,Services,LSTM,classification,15,1,14,0.6362021793073146,0.9068734106563386,398,42,64
HD,Services,LSTM,classification,15,1,15,0.6501654398501219,0.8431408603986105,398,42,64
HD,Services,LSTM,classification,15,1,16,0.6447834947600437,0.7071501555896941,398,42,64
HD,Services,LSTM,classification,15,1,17,0.6417593869132612,0.8331220774423509,398,42,64
HD,Services,LSTM,classification,15,1,18,0.6250647279485386,0.8777988240832374,398,42,64
HD,Services,LSTM,classification,15,1,19,0.6206987199172302,0.8415963309151786,398,42,64
HD,Services,LSTM,classification,15,1,20,0.5990574565065566,0.8956851221266247,398,42,64
HON,Industrial Goods,LSTM,classification,15,1,1,0.7152938719969898,0.6886743818010602,398,42,64
HON,Industrial Goods,LSTM,classification,15,1,2,0.6866609124682057,1.0242670604160853,398,42,64
HON,Industrial Goods,LSTM,classification,15,1,3,0.6885388598370192,0.7255252514566694,398,42,64
HON,Industrial Goods,LSTM,classification,15,1,4,0.6856698519620464,0.7586160898208618,398,42,64
HON,Industrial Goods,LSTM,classification,15,1,5,0.6594655870193213,0.8850800877525693,398,42,64
HON,Industrial Goods,LSTM,classification,15,1,6,0.6822130904724849,0.6663488461857751,398,42,64
HON,Industrial Goods,LSTM,classification,15,1,7,0.6704260050950936,0.7496568361918131,398,42,64
HON,Industrial Goods,LSTM,classification,15,1,8,0.6672830941090032,0.7092764803341457,398,42,64
HON,Industrial Goods,LSTM,classification,15,1,9,0.6564620619443193,0.8260449738729567,398,42,64
HON,Industrial Goods,LSTM,classification,15,1,10,0.6779736756679401,0.8887877861658732,398,42,64
HON,Industrial Goods,LSTM,classification,15,1,11,0.677020349394736,0.8854145208994547,398,42,64
HON,Industrial Goods,LSTM,classification,15,1,12,0.6601049271061192,1.129812234923953,398,42,64
HON,Industrial Goods,LSTM,classification,15,1,13,0.6462992330891403,1.9843028840564547,398,42,64
HON,Industrial Goods,LSTM,classification,15,1,14,0.6219989504646416,1.423079592841012,398,42,64
HON,Industrial Goods,LSTM,classification,15,1,15,0.6315522634204308,1.1090939896447318,398,42,64
HON,Industrial Goods,LSTM,classification,15,1,16,0.6453159771971966,1.3383215381985618,398,42,64
HON,Industrial Goods,LSTM,classification,15,1,17,0.6044948807912855,1.4416546253930955,398,42,64
HON,Industrial Goods,LSTM,classification,15,1,18,0.6304445763928207,1.777450198218936,398,42,64
HON,Industrial Goods,LSTM,classification,15,1,19,0.5869530354013395,1.6625136080242338,398,42,64
HON,Industrial Goods,LSTM,classification,15,1,20,0.5788726330402508,2.176647050040109,398,42,64
HRG,Conglomerates,LSTM,classification,15,1,1,0.6937255230381261,0.6663005323637099,398,42,64
HRG,Conglomerates,LSTM,classification,15,1,2,0.7070076031301489,0.6624681722550165,398,42,64
HRG,Conglomerates,LSTM,classification,15,1,3,0.6919644654695712,0.6400694506508964,398,42,64
HRG,Conglomerates,LSTM,classification,15,1,4,0.679549379264889,0.6327050271488371,398,42,64
HRG,Conglomerates,LSTM,classification,15,1,5,0.6760955719492543,0.6842128889901298,398,42,64
HRG,Conglomerates,LSTM,classification,15,1,6,0.6490803834181934,0.7111923354012626,398,42,64
HRG,Conglomerates,LSTM,classification,15,1,7,0.6765356408291726,0.6471531362760634,398,42,64
HRG,Conglomerates,LSTM,classification,15,1,8,0.6501741774717168,0.7319880638803754,398,42,64
HRG,Conglomerates,LSTM,classification,15,1,9,0.639880766820668,0.662023833819798,398,42,64
HRG,Conglomerates,LSTM,classification,15,1,10,0.6454959014552323,0.7419400640896389,398,42,64
HRG,Conglomerates,LSTM,classification,15,1,11,0.6313599084489908,0.9472066788446336,398,42,64
HRG,Conglomerates,LSTM,classification,15,1,12,0.6525829877685662,1.0150164990198045,398,42,64
HRG,Conglomerates,LSTM,classification,15,1,13,0.6401071114156713,0.8342898204213097,398,42,64
HRG,Conglomerates,LSTM,classification,15,1,14,0.6149636542976801,0.7182194022905259,398,42,64
HRG,Conglomerates,LSTM,classification,15,1,15,0.6637514610985416,0.7084555625915527,398,42,64
HRG,Conglomerates,LSTM,classification,15,1,16,0.6350493017752566,0.8313931822776794,398,42,64
HRG,Conglomerates,LSTM,classification,15,1,17,0.5905481996248715,1.172192130770002,398,42,64
HRG,Conglomerates,LSTM,classification,15,1,18,0.5991111574460514,0.8758719535101027,398,42,64
HRG,Conglomerates,LSTM,classification,15,1,19,0.5982735112084815,0.9612378932180858,398,42,64
HRG,Conglomerates,LSTM,classification,15,1,20,0.5659888102181593,1.0033520289829798,398,42,64
HSBC,Financial,LSTM,classification,15,1,1,0.7229604924743499,0.711946828024728,398,42,64
HSBC,Financial,LSTM,classification,15,1,2,0.7096020168994539,0.7236733067603338,398,42,64
HSBC,Financial,LSTM,classification,15,1,3,0.7083920186488473,0.8017520422027224,398,42,64
HSBC,Financial,LSTM,classification,15,1,4,0.7023462377600933,0.7217738032341003,398,42,64
HSBC,Financial,LSTM,classification,15,1,5,0.6766460876368997,0.8323941911969867,398,42,64
HSBC,Financial,LSTM,classification,15,1,6,0.69983233908313,0.8758987074806577,398,42,64
HSBC,Financial,LSTM,classification,15,1,7,0.6643599643180119,0.8701418127332415,398,42,64
HSBC,Financial,LSTM,classification,15,1,8,0.699944708814573,0.7349341795558021,398,42,64
HSBC,Financial,LSTM,classification,15,1,9,0.6615886253927221,0.8451764242989677,398,42,64
HSBC,Financial,LSTM,classification,15,1,10,0.6674239341937118,0.7574991016160875,398,42,64
HSBC,Financial,LSTM,classification,15,1,11,0.6756625954230228,0.8260967589560009,398,42,64
HSBC,Financial,LSTM,classification,15,1,12,0.6524350145953385,0.8722277652649653,398,42,64
HSBC,Financial,LSTM,classification,15,1,13,0.6674432035666614,0.858472398349217,398,42,64
HSBC,Financial,LSTM,classification,15,1,14,0.6599101675814719,0.9223366039139884,398,42,64
HSBC,Financial,LSTM,classification,15,1,15,0.6446202891555863,0.8165251186915806,398,42,64
HSBC,Financial,LSTM,classification,15,1,16,0.6403691618885826,0.8540234736033848,398,42,64
HSBC,Financial,LSTM,classification,15,1,17,0.6441398522063116,1.0446520334198361,398,42,64
HSBC,Financial,LSTM,classification,15,1,18,0.6272462884984423,1.5150221756526403,398,42,64
HSBC,Financial,LSTM,classification,15,1,19,0.620462494279871,1.3864446537835258,398,42,64
HSBC,Financial,LSTM,classification,15,1,20,0.6176558553273953,0.7586376014209929,398,42,64
IEP,Conglomerates,LSTM,classification,15,1,1,0.7436982824574763,0.7196035725729806,398,42,64
IEP,Conglomerates,LSTM,classification,15,1,2,0.727872749668869,0.67355953227906,398,42,64
IEP,Conglomerates,LSTM,classification,15,1,3,0.6937990242512382,0.6821373161815462,398,42,64
IEP,Conglomerates,LSTM,classification,15,1,4,0.6779152631160602,0.6671072585242135,398,42,64
IEP,Conglomerates,LSTM,classification,15,1,5,0.6869206991626988,0.7218658782186962,398,42,64
IEP,Conglomerates,LSTM,classification,15,1,6,0.6730156424057544,0.6524806306475684,398,42,64
IEP,Conglomerates,LSTM,classification,15,1,7,0.7020773950533651,0.6774479008856273,398,42,64
IEP,Conglomerates,LSTM,classification,15,1,8,0.6744996192467273,0.7172592225528899,398,42,64
IEP,Conglomerates,LSTM,classification,15,1,9,0.6657003335018253,0.6327553221157619,398,42,64
IEP,Conglomerates,LSTM,classification,15,1,10,0.6732405843447201,0.6773932491030011,398,42,64
IEP,Conglomerates,LSTM,classification,15,1,11,0.6661524766653626,0.7405904190880912,398,42,64
IEP,Conglomerates,LSTM,classification,15,1,12,0.6610117632540027,0.6789533978416806,398,42,64
IEP,Conglomerates,LSTM,classification,15,1,13,0.6713523130920065,0.7127276573862348,398,42,64
IEP,Conglomerates,LSTM,classification,15,1,14,0.6477542552516689,0.7504741691407704,398,42,64
IEP,Conglomerates,LSTM,classification,15,1,15,0.6280950739156062,0.7270835524513608,398,42,64
IEP,Conglomerates,LSTM,classification,15,1,16,0.6463114783991522,0.645390720594497,398,42,64
IEP,Conglomerates,LSTM,classification,15,1,17,0.6650272541908763,0.6613777223087492,398,42,64
IEP,Conglomerates,LSTM,classification,15,1,18,0.664895981999498,0.637365270228613,398,42,64
IEP,Conglomerates,LSTM,classification,15,1,19,0.6518586571492142,0.646810307389214,398,42,64
IEP,Conglomerates,LSTM,classification,15,1,20,0.650719137946565,0.803549777893793,398,42,64
INTC,Technology,LSTM,classification,15,1,1,0.7179342418459792,0.7013075323331923,398,42,64
INTC,Technology,LSTM,classification,15,1,2,0.7021651786176404,0.7479773476010277,398,42,64
INTC,Technology,LSTM,classification,15,1,3,0.7183819314343246,0.7471977330389477,398,42,64
INTC,Technology,LSTM,classification,15,1,4,0.6979582162957695,0.7272013709658668,398,42,64
INTC,Technology,LSTM,classification,15,1,5,0.6824748944397547,0.7563337030864897,398,42,64
INTC,Technology,LSTM,classification,15,1,6,0.6916402722123879,0.8939718774386815,398,42,64
INTC,Technology,LSTM,classification,15,1,7,0.6831288229880021,0.7678738775707427,398,42,64
INTC,Technology,LSTM,classification,15,1,8,0.6867971405312044,0.7782684961954752,398,42,64
INTC,Technology,LSTM,classification,15,1,9,0.6824202819086199,0.8567048538298834,398,42,64
INTC,Technology,LSTM,classification,15,1,10,0.6880608114165876,0.7255692936125255,398,42,64
INTC,Technology,LSTM,classification,15,1,11,0.6787675894684528,0.9671344757080078,398,42,64
INTC,Technology,LSTM,classification,15,1,12,0.6822054643726828,0.7750289298239208,398,42,64
INTC,Technology,LSTM,classification,15,1,13,0.6657585525632503,0.7932699067252023,398,42,64
INTC,Technology,LSTM,classification,15,1,14,0.6702036884561855,0.8872939433370318,398,42,64
INTC,Technology,LSTM,classification,15,1,15,0.6783494260442916,0.8776490830239796,398,42,64
INTC,Technology,LSTM,classification,15,1,16,0.6688006855734628,0.9076976407141912,398,42,64
INTC,Technology,LSTM,classification,15,1,17,0.647493990821455,0.9994735320409139,398,42,64
INTC,Technology,LSTM,classification,15,1,18,0.6595101989992899,0.9713699987956456,398,42,64
INTC,Technology,LSTM,classification,15,1,19,0.648878680401711,1.185383018993196,398,42,64
INTC,Technology,LSTM,classification,15,1,20,0.6541845549890144,1.3483306283042544,398,42,64
JNJ,Healthcare,LSTM,classification,15,1,1,0.7183724135609727,0.7484073326701209,398,42,64
JNJ,Healthcare,LSTM,classification,15,1,2,0.6764080569372705,1.0740772712798345,398,42,64
JNJ,Healthcare,LSTM,classification,15,1,3,0.675438024290842,1.0735775913511003,398,42,64
JNJ,Healthcare,LSTM,classification,15,1,4,0.7010253667831421,1.326064529873076,398,42,64
JNJ,Healthcare,LSTM,classification,15,1,5,0.689486545833511,0.959852587609064,398,42,64
JNJ,Healthcare,LSTM,classification,15,1,6,0.6641668524574394,0.9645294632230487,398,42,64
JNJ,Healthcare,LSTM,classification,15,1,7,0.6714503600369746,1.3077802544548398,398,42,64
JNJ,Healthcare,LSTM,classification,15,1,8,0.67480642382224,0.85736083984375,398,42,64
JNJ,Healthcare,LSTM,classification,15,1,9,0.6716886456288285,0.934759034996941,398,42,64
JNJ,Healthcare,LSTM,classification,15,1,10,0.6676418487750106,0.9571353991826376,398,42,64
JNJ,Healthcare,LSTM,classification,15,1,11,0.6528890198798635,0.9405643883205596,398,42,64
JNJ,Healthcare,LSTM,classification,15,1,12,0.6431612309499003,1.141470880735488,398,42,64
JNJ,Healthcare,LSTM,classification,15,1,13,0.6548572101784711,1.0436259337833949,398,42,64
JNJ,Healthcare,LSTM,classification,15,1,14,0.6479839778425706,1.6310695920671736,398,42,64
JNJ,Healthcare,LSTM,classification,15,1,15,0.6303343608151728,1.0620437974021548,398,42,64
JNJ,Healthcare,LSTM,classification,15,1,16,0.6442740415807945,1.6306697300502233,398,42,64
JNJ,Healthcare,LSTM,classification,15,1,17,0.6174069076926265,1.3366633653640747,398,42,64
JNJ,Healthcare,LSTM,classification,15,1,18,0.6026322974931055,1.8691459496815999,398,42,64
JNJ,Healthcare,LSTM,classification,15,1,19,0.5976422033717285,1.2532070335887728,398,42,64
JNJ,Healthcare,LSTM,classification,15,1,20,0.5739067304673506,1.3239854176839192,398,42,64
JPM,Financial,LSTM,classification,15,1,1,0.6831685999530045,0.742569747425261,398,42,64
JPM,Financial,LSTM,classification,15,1,2,0.6880054545761952,0.8660404057729811,398,42,64
JPM,Financial,LSTM,classification,15,1,3,0.6853756838707469,1.3066409883045016,398,42,64
JPM,Financial,LSTM,classification,15,1,4,0.6892921918600647,1.2702309460867018,398,42,64
JPM,Financial,LSTM,classification,15,1,5,0.6743797671854795,1.458029826482137,398,42,64
JPM,Financial,LSTM,classification,15,1,6,0.6676776295331255,1.5533781278701055,398,42,64
JPM,Financial,LSTM,classification,15,1,7,0.6616251465663239,1.7471852416083926,398,42,64
JPM,Financial,LSTM,classification,15,1,8,0.663868246665552,1.445598454702468,398,42,64
JPM,Financial,LSTM,classification,15,1,9,0.6491488224297912,1.4217551776341029,398,42,64
JPM,Financial,LSTM,classification,15,1,10,0.6536599945782418,1.0927882478350686,398,42,64
JPM,Financial,LSTM,classification,15,1,11,0.6327580623890288,1.1700514952341716,398,42,64
JPM,Financial,LSTM,classification,15,1,12,0.6110387693098442,1.5212844837279547,398,42,64
JPM,Financial,LSTM,classification,15,1,13,0.657587418005095,1.2930454696927751,398,42,64
JPM,Financial,LSTM,classification,15,1,14,0.6289705529284837,1.9886426130930583,398,42,64
JPM,Financial,LSTM,classification,15,1,15,0.6265614449079312,1.9968623547326951,398,42,64
JPM,Financial,LSTM,classification,15,1,16,0.6227357980593964,1.7646862552279519,398,42,64
JPM,Financial,LSTM,classification,15,1,17,0.6124420678196241,1.4356101524262201,398,42,64
JPM,Financial,LSTM,classification,15,1,18,0.5963502921650757,2.164290632520403,398,42,64
JPM,Financial,LSTM,classification,15,1,19,0.6058415471009873,2.967169829777309,398,42,64
JPM,Financial,LSTM,classification,15,1,20,0.5789605367123781,3.6640509423755465,398,42,64
KO,Consumer Goods,LSTM,classification,15,1,1,0.7262146089544248,0.6808771632966542,398,42,64
KO,Consumer Goods,LSTM,classification,15,1,2,0.7357503412356928,0.7780787150065104,398,42,64
KO,Consumer Goods,LSTM,classification,15,1,3,0.7061725456510956,0.7009040911992391,398,42,64
KO,Consumer Goods,LSTM,classification,15,1,4,0.6884488205813882,0.695670139221918,398,42,64
KO,Consumer Goods,LSTM,classification,15,1,5,0.6804598899342906,0.7612416261718387,398,42,64
KO,Consumer Goods,LSTM,classification,15,1,6,0.6687898665816341,0.6777875820795695,398,42,64
KO,Consumer Goods,LSTM,classification,15,1,7,0.6939912063991605,0.7123669442676362,398,42,64
KO,Consumer Goods,LSTM,classification,15,1,8,0.6756476700006417,0.8935639347348895,398,42,64
KO,Consumer Goods,LSTM,classification,15,1,9,0.6723591173114489,1.1118397599174863,398,42,64
KO,Consumer Goods,LSTM,classification,15,1,10,0.6815835447167632,0.7251448659669786,398,42,64
KO,Consumer Goods,LSTM,classification,15,1,11,0.6669144753235668,0.907619181133452,398,42,64
KO,Consumer Goods,LSTM,classification,15,1,12,0.6350437893939378,1.4976038592202323,398,42,64
KO,Consumer Goods,LSTM,classification,15,1,13,0.6258633175686975,2.1089692456381663,398,42,64
KO,Consumer Goods,LSTM,classification,15,1,14,0.6741674135078737,0.8104810885020665,398,42,64
KO,Consumer Goods,LSTM,classification,15,1,15,0.6496180286958589,0.7684334431375776,398,42,64
KO,Consumer Goods,LSTM,classification,15,1,16,0.6337090904389194,0.887719452381134,398,42,64
KO,Consumer Goods,LSTM,classification,15,1,17,0.6174881793745798,0.9522069607462201,398,42,64
KO,Consumer Goods,LSTM,classification,15,1,18,0.5927064279515539,1.6239156836555118,398,42,64
KO,Consumer Goods,LSTM,classification,15,1,19,0.6284375289576737,1.2977414017631894,398,42,64
KO,Consumer Goods,LSTM,classification,15,1,20,0.601285422866668,0.9084555790537879,398,42,64
LMT,Industrial Goods,LSTM,classification,15,1,1,0.6990055085426599,0.6884339054425558,398,42,64
LMT,Industrial Goods,LSTM,classification,15,1,2,0.7056555520350011,0.6930328976540339,398,42,64
LMT,Industrial Goods,LSTM,classification,15,1,3,0.6672726917506462,0.7937288568133399,398,42,64
LMT,Industrial Goods,LSTM,classification,15,1,4,0.6915169525985143,0.7777248507454282,398,42,64
LMT,Industrial Goods,LSTM,classification,15,1,5,0.6675349339168875,0.7093528423990522,398,42,64
LMT,Industrial Goods,LSTM,classification,15,1,6,0.6522616561333737,0.6939865010125297,398,42,64
LMT,Industrial Goods,LSTM,classification,15,1,7,0.6924492171661338,0.6876242132413954,398,42,64
LMT,Industrial Goods,LSTM,classification,15,1,8,0.6626512267481741,0.7063149980136326,398,42,64
LMT,Industrial Goods,LSTM,classification,15,1,9,0.6716673482003523,0.686400021825518,398,42,64
LMT,Industrial Goods,LSTM,classification,15,1,10,0.6454712607752737,0.6717806401706877,398,42,64
LMT,Industrial Goods,LSTM,classification,15,1,11,0.6409994378760832,0.6793826846849351,398,42,64
LMT,Industrial Goods,LSTM,classification,15,1,12,0.6422008979859664,0.7008601625760397,398,42,64
LMT,Industrial Goods,LSTM,classification,15,1,13,0.6864746063198875,0.7124911688622975,398,42,64
LMT,Industrial Goods,LSTM,classification,15,1,14,0.6481430108223728,0.6747203157061622,398,42,64
LMT,Industrial Goods,LSTM,classification,15,1,15,0.6385768975444774,0.7766536814825875,398,42,64
LMT,Industrial Goods,LSTM,classification,15,1,16,0.639822063733585,0.7416924153055463,398,42,64
LMT,Industrial Goods,LSTM,classification,15,1,17,0.6541887677494606,0.7347343791098822,398,42,64
LMT,Industrial Goods,LSTM,classification,15,1,18,0.6431900451530763,0.6876509359904698,398,42,64
LMT,Industrial Goods,LSTM,classification,15,1,19,0.6420063864645646,0.783736839180901,398,42,64
LMT,Industrial Goods,LSTM,classification,15,1,20,0.6229151364546924,0.6651547153790792,398,42,64
MA,Financial,LSTM,classification,15,1,1,0.7094779781360722,0.6864439107122875,398,42,64
MA,Financial,LSTM,classification,15,1,2,0.6886022627054147,0.7101729228383019,398,42,64
MA,Financial,LSTM,classification,15,1,3,0.6816906395869039,0.743863909017472,398,42,64
MA,Financial,LSTM,classification,15,1,4,0.6746794587403686,0.8308242701348805,398,42,64
MA,Financial,LSTM,classification,15,1,5,0.6711699040091816,0.724906895841871,398,42,64
MA,Financial,LSTM,classification,15,1,6,0.6736706004070876,0.716997138091496,398,42,64
MA,Financial,LSTM,classification,15,1,7,0.6795633755736614,0.7094246631576901,398,42,64
MA,Financial,LSTM,classification,15,1,8,0.6640582198473677,0.8066443261646089,398,42,64
MA,Financial,LSTM,classification,15,1,9,0.6486563224289286,0.7696310054688227,398,42,64
MA,Financial,LSTM,classification,15,1,10,0.6770557090265668,0.7058137229510716,398,42,64
MA,Financial,LSTM,classification,15,1,11,0.6743125669920265,0.6917926754270282,398,42,64
MA,Financial,LSTM,classification,15,1,12,0.6493994809275296,0.864920335156577,398,42,64
MA,Financial,LSTM,classification,15,1,13,0.6288582490916228,0.7128654008819943,398,42,64
MA,Financial,LSTM,classification,15,1,14,0.6345167022254599,0.7008838653564453,398,42,64
MA,Financial,LSTM,classification,15,1,15,0.6246801512924272,0.8085328879810515,398,42,64
MA,Financial,LSTM,classification,15,1,16,0.6092403725763063,0.7299307215781439,398,42,64
MA,Financial,LSTM,classification,15,1,17,0.6205121209873027,0.7876591767583575,398,42,64
MA,Financial,LSTM,classification,15,1,18,0.595004109881032,0.9100818037986755,398,42,64
MA,Financial,LSTM,classification,15,1,19,0.588816828164623,1.5020515124003093,398,42,64
MA,Financial,LSTM,classification,15,1,20,0.5803003700534303,0.8537329917862302,398,42,64
MCD,Services,LSTM,classification,15,1,1,0.7030187701460106,0.7028411626815796,398,42,64
MCD,Services,LSTM,classification,15,1,2,0.6942196958628132,0.7248352907952809,398,42,64
MCD,Services,LSTM,classification,15,1,3,0.6744826055651334,0.7687813639640808,398,42,64
MCD,Services,LSTM,classification,15,1,4,0.6775044187828524,0.74668117080416,398,42,64
MCD,Services,LSTM,classification,15,1,5,0.6836264196352743,0.7503501545815241,398,42,64
MCD,Services,LSTM,classification,15,1,6,0.6652187264744361,1.0508166807038444,398,42,64
MCD,Services,LSTM,classification,15,1,7,0.6526801637069664,0.9660089384941828,398,42,64
MCD,Services,LSTM,classification,15,1,8,0.6366688049019281,1.0510887588773454,398,42,64
MCD,Services,LSTM,classification,15,1,9,0.6459893638165153,1.1300450733729772,398,42,64
MCD,Services,LSTM,classification,15,1,10,0.6529703580554406,0.9786612221172878,398,42,64
MCD,Services,LSTM,classification,15,1,11,0.6323482693739273,1.1647059321403503,398,42,64
MCD,Services,LSTM,classification,15,1,12,0.6353965404644684,1.1048446155729748,398,42,64
MCD,Services,LSTM,classification,15,1,13,0.6304773673340304,1.0901738916124617,398,42,64
MCD,Services,LSTM,classification,15,1,14,0.5937549277166625,1.1760728870119368,398,42,64
MCD,Services,LSTM,classification,15,1,15,0.59043415197775,1.1722233352207003,398,42,64
MCD,Services,LSTM,classification,15,1,16,0.581471224526065,1.411054560116359,398,42,64
MCD,Services,LSTM,classification,15,1,17,0.572931026094523,1.234154638789949,398,42,64
MCD,Services,LSTM,classification,15,1,18,0.5962606133827612,1.0764285439536685,398,42,64
MCD,Services,LSTM,classification,15,1,19,0.6182130515275888,1.2690975268681843,398,42,64
MCD,Services,LSTM,classification,15,1,20,0.5393129906163143,1.4591038000015986,398,42,64
MDT,Healthcare,LSTM,classification,15,1,1,0.7074432507831248,0.7115180492401123,398,42,64
MDT,Healthcare,LSTM,classification,15,1,2,0.7051922559139118,0.7524540509496417,398,42,64
MDT,Healthcare,LSTM,classification,15,1,3,0.6743482710728094,0.8393028066271827,398,42,64
MDT,Healthcare,LSTM,classification,15,1,4,0.6799306743708088,1.1014033953348796,398,42,64
MDT,Healthcare,LSTM,classification,15,1,5,0.6610860707771838,1.2092189675285703,398,42,64
MDT,Healthcare,LSTM,classification,15,1,6,0.6689855420409735,0.8050547951743716,398,42,64
MDT,Healthcare,LSTM,classification,15,1,7,0.6628453944196653,0.9382311219260806,398,42,64
MDT,Healthcare,LSTM,classification,15,1,8,0.6340239482309351,1.0977279458727156,398,42,64
MDT,Healthcare,LSTM,classification,15,1,9,0.6802950785986742,0.9985165596008301,398,42,64
MDT,Healthcare,LSTM,classification,15,1,10,0.6642505520552247,1.24075908887954,398,42,64
MDT,Healthcare,LSTM,classification,15,1,11,0.6402707066967259,1.4961332480112712,398,42,64
MDT,Healthcare,LSTM,classification,15,1,12,0.6303430720789349,1.912301744733538,398,42,64
MDT,Healthcare,LSTM,classification,15,1,13,0.6298941802139857,1.5641649791172572,398,42,64
MDT,Healthcare,LSTM,classification,15,1,14,0.6150346011971709,1.8615820748465401,398,42,64
MDT,Healthcare,LSTM,classification,15,1,15,0.6318981312028128,1.3045451641082764,398,42,64
MDT,Healthcare,LSTM,classification,15,1,16,0.6035071916915663,1.6681983811514718,398,42,64
MDT,Healthcare,LSTM,classification,15,1,17,0.5950946729985913,1.7966598102024622,398,42,64
MDT,Healthcare,LSTM,classification,15,1,18,0.602030624396837,1.1284402438572474,398,42,64
MDT,Healthcare,LSTM,classification,15,1,19,0.608028487344483,1.92376066389538,398,42,64
MDT,Healthcare,LSTM,classification,15,1,20,0.551181144750298,1.5283847195761544,398,42,64
MMM,Industrial Goods,LSTM,classification,15,1,1,0.7442631197335133,0.6950950140044803,398,42,64
MMM,Industrial Goods,LSTM,classification,15,1,2,0.7096341012710303,0.9628393139157977,398,42,64
MMM,Industrial Goods,LSTM,classification,15,1,3,0.6963181720307124,1.0315743117105394,398,42,64
MMM,Industrial Goods,LSTM,classification,15,1,4,0.6924271110314221,1.33494405235563,398,42,64
MMM,Industrial Goods,LSTM,classification,15,1,5,0.6955341382242327,0.908127920968192,398,42,64
MMM,Industrial Goods,LSTM,classification,15,1,6,0.6808383404909066,1.526025550706046,398,42,64
MMM,Industrial Goods,LSTM,classification,15,1,7,0.6747624685416869,1.6528718925657726,398,42,64
MMM,Industrial Goods,LSTM,classification,15,1,8,0.687417433789028,1.7588956583113897,398,42,64
MMM,Industrial Goods,LSTM,classification,15,1,9,0.6815058696809126,1.350771012760344,398,42,64
MMM,Industrial Goods,LSTM,classification,15,1,10,0.6799468493940842,1.395375444775536,398,42,64
MMM,Industrial Goods,LSTM,classification,15,1,11,0.6622361121465213,2.084526947566441,398,42,64
MMM,Industrial Goods,LSTM,classification,15,1,12,0.6652213478807228,1.8919023332141696,398,42,64
MMM,Industrial Goods,LSTM,classification,15,1,13,0.6744146877197764,2.0760727723439536,398,42,64
MMM,Industrial Goods,LSTM,classification,15,1,14,0.6546432810213099,2.0696808383578347,398,42,64
MMM,Industrial Goods,LSTM,classification,15,1,15,0.6568747228713491,1.565233344123477,398,42,64
MMM,Industrial Goods,LSTM,classification,15,1,16,0.6532107271141743,1.5236644404275077,398,42,64
MMM,Industrial Goods,LSTM,classification,15,1,17,0.6678877613652292,1.3967391820180983,398,42,64
MMM,Industrial Goods,LSTM,classification,15,1,18,0.6410817986157671,2.550232660202753,398,42,64
MMM,Industrial Goods,LSTM,classification,15,1,19,0.6467645878168806,1.4385940006801061,398,42,64
MMM,Industrial Goods,LSTM,classification,15,1,20,0.629993080194272,2.0085155282701765,398,42,64
MO,Consumer Goods,LSTM,classification,15,1,1,0.7372892289305452,0.6998761069206965,398,42,64
MO,Consumer Goods,LSTM,classification,15,1,2,0.69349172576588,0.7324149126098269,398,42,64
MO,Consumer Goods,LSTM,classification,15,1,3,0.6708015308308242,0.6892311289196923,398,42,64
MO,Consumer Goods,LSTM,classification,15,1,4,0.7043929390571825,0.7269416593369984,398,42,64
MO,Consumer Goods,LSTM,classification,15,1,5,0.6784373470886269,0.683717702116285,398,42,64
MO,Consumer Goods,LSTM,classification,15,1,6,0.7093860665757452,0.6866849547340756,398,42,64
MO,Consumer Goods,LSTM,classification,15,1,7,0.6827995264949511,0.6950452129046122,398,42,64
MO,Consumer Goods,LSTM,classification,15,1,8,0.6719082048789939,0.7042802487100873,398,42,64
MO,Consumer Goods,LSTM,classification,15,1,9,0.6743983293897543,0.712004542350769,398,42,64
MO,Consumer Goods,LSTM,classification,15,1,10,0.6563242407300365,0.6991394218944368,398,42,64
MO,Consumer Goods,LSTM,classification,15,1,11,0.6775393767572527,0.7230192791847956,398,42,64
MO,Consumer Goods,LSTM,classification,15,1,12,0.6719474157496313,0.686572946253277,398,42,64
MO,Consumer Goods,LSTM,classification,15,1,13,0.6465018933741891,0.700360860143389,398,42,64
MO,Consumer Goods,LSTM,classification,15,1,14,0.6474985959541858,0.6799663872945876,398,42,64
MO,Consumer Goods,LSTM,classification,15,1,15,0.6414432774237053,0.6609820751916795,398,42,64
MO,Consumer Goods,LSTM,classification,15,1,16,0.64309537740209,0.7242242239770436,398,42,64
MO,Consumer Goods,LSTM,classification,15,1,17,0.6376492599746091,0.7071567348071507,398,42,64
MO,Consumer Goods,LSTM,classification,15,1,18,0.6221208359727908,0.7416747751690093,398,42,64
MO,Consumer Goods,LSTM,classification,15,1,19,0.6125066397178113,0.7492672801017761,398,42,64
MO,Consumer Goods,LSTM,classification,15,1,20,0.6414815588812133,0.6642644149916512,398,42,64
MRK,Healthcare,LSTM,classification,15,1,1,0.7084533098954052,0.7195999991326105,398,42,64
MRK,Healthcare,LSTM,classification,15,1,2,0.6809552701274354,1.0664739097867693,398,42,64
MRK,Healthcare,LSTM,classification,15,1,3,0.6826240015988374,0.817905721210298,398,42,64
MRK,Healthcare,LSTM,classification,15,1,4,0.663610201385153,1.075522394407363,398,42,64
MRK,Healthcare,LSTM,classification,15,1,5,0.6717966851876609,1.1311447393326532,398,42,64
MRK,Healthcare,LSTM,classification,15,1,6,0.6486776920419243,1.9449319953010196,398,42,64
MRK,Healthcare,LSTM,classification,15,1,7,0.6774506544947025,2.1443107695806596,398,42,64
MRK,Healthcare,LSTM,classification,15,1,8,0.6444563882135267,1.5060516198476155,398,42,64
MRK,Healthcare,LSTM,classification,15,1,9,0.6566921373707565,2.1996973355611167,398,42,64
MRK,Healthcare,LSTM,classification,15,1,10,0.6441242530118281,2.209128743126279,398,42,64
MRK,Healthcare,LSTM,classification,15,1,11,0.5964275824664226,3.8686341104053317,398,42,64
MRK,Healthcare,LSTM,classification,15,1,12,0.6161148146768312,2.849254290262858,398,42,64
MRK,Healthcare,LSTM,classification,15,1,13,0.6271843221319381,1.6539225351242792,398,42,64
MRK,Healthcare,LSTM,classification,15,1,14,0.5853020727035388,3.8821632975623723,398,42,64
MRK,Healthcare,LSTM,classification,15,1,15,0.5735375059010396,3.7487925120762418,398,42,64
MRK,Healthcare,LSTM,classification,15,1,16,0.5803245232632411,4.003856636229015,398,42,64
MRK,Healthcare,LSTM,classification,15,1,17,0.5742225046433396,4.917872837611607,398,42,64
MRK,Healthcare,LSTM,classification,15,1,18,0.5549034715896874,3.8204662005106607,398,42,64
MRK,Healthcare,LSTM,classification,15,1,19,0.5484115201324674,5.242714427766346,398,42,64
MRK,Healthcare,LSTM,classification,15,1,20,0.5614834409862307,8.619812147957939,398,42,64
MSFT,Technology,LSTM,classification,15,1,1,0.7323254002398581,0.6942185901460194,398,42,64
MSFT,Technology,LSTM,classification,15,1,2,0.6962422929217468,0.6888164679209391,398,42,64
MSFT,Technology,LSTM,classification,15,1,3,0.6719587379364512,0.7623489016578311,398,42,64
MSFT,Technology,LSTM,classification,15,1,4,0.672081926659723,0.8242743668102083,398,42,64
MSFT,Technology,LSTM,classification,15,1,5,0.6792221132235311,0.8091553932144528,398,42,64
MSFT,Technology,LSTM,classification,15,1,6,0.6555573131570864,0.8667360771270025,398,42,64
MSFT,Technology,LSTM,classification,15,1,7,0.6629215997068127,0.7997753534998212,398,42,64
MSFT,Technology,LSTM,classification,15,1,8,0.6632392478348622,0.8163045587993804,398,42,64
MSFT,Technology,LSTM,classification,15,1,9,0.6450237967261118,0.7124762080964588,398,42,64
MSFT,Technology,LSTM,classification,15,1,10,0.6411399994064216,0.9121540898368472,398,42,64
MSFT,Technology,LSTM,classification,15,1,11,0.6698407452909192,0.7196834286053976,398,42,64
MSFT,Technology,LSTM,classification,15,1,12,0.6450165324474699,0.8094459743726821,398,42,64
MSFT,Technology,LSTM,classification,15,1,13,0.6224558161730742,0.7949314571562267,398,42,64
MSFT,Technology,LSTM,classification,15,1,14,0.6560846555173098,0.750449904373714,398,42,64
MSFT,Technology,LSTM,classification,15,1,15,0.6209841885758405,0.7965245842933655,398,42,64
MSFT,Technology,LSTM,classification,15,1,16,0.6093475303458209,0.9064079806918189,398,42,64
MSFT,Technology,LSTM,classification,15,1,17,0.6032867308837085,0.8445240684917995,398,42,64
MSFT,Technology,LSTM,classification,15,1,18,0.5962700223802921,0.8340779457773481,398,42,64
MSFT,Technology,LSTM,classification,15,1,19,0.6054026280815278,0.963551382223765,398,42,64
MSFT,Technology,LSTM,classification,15,1,20,0.592794611525895,0.9506233391307649,398,42,64
NEE,Utilities,LSTM,classification,15,1,1,0.7107972823195721,0.6794273314021883,398,42,64
NEE,Utilities,LSTM,classification,15,1,2,0.6564170969790549,0.8134405669711885,398,42,64
NEE,Utilities,LSTM,classification,15,1,3,0.6817104031692198,0.7119118997028896,398,42,64
NEE,Utilities,LSTM,classification,15,1,4,0.677806432522721,0.8649671588625226,398,42,64
NEE,Utilities,LSTM,classification,15,1,5,0.6745107359622591,0.845437452906654,398,42,64
NEE,Utilities,LSTM,classification,15,1,6,0.6752465034849081,0.7103076520420256,398,42,64
NEE,Utilities,LSTM,classification,15,1,7,0.6633524801862899,1.168208814802624,398,42,64
NEE,Utilities,LSTM,classification,15,1,8,0.6427828040554295,1.0332459154583158,398,42,64
NEE,Utilities,LSTM,classification,15,1,9,0.6581836429672625,1.209729478472755,398,42,64
NEE,Utilities,LSTM,classification,15,1,10,0.6599127272864682,1.1887432620638894,398,42,64
NEE,Utilities,LSTM,classification,15,1,11,0.6593533161297516,1.7823437509082614,398,42,64
NEE,Utilities,LSTM,classification,15,1,12,0.6559366365173953,0.7963887453079224,398,42,64
NEE,Utilities,LSTM,classification,15,1,13,0.6225477780529003,1.1149128618694486,398,42,64
NEE,Utilities,LSTM,classification,15,1,14,0.6211656033992767,1.119087434950329,398,42,64
NEE,Utilities,LSTM,classification,15,1,15,0.6185959222628243,1.268178179150536,398,42,64
NEE,Utilities,LSTM,classification,15,1,16,0.6269429433884932,1.5501649720328194,398,42,64
NEE,Utilities,LSTM,classification,15,1,17,0.6440833883369388,1.1064192454020183,398,42,64
NEE,Utilities,LSTM,classification,15,1,18,0.6154219430295667,1.3369011878967285,398,42,64
NEE,Utilities,LSTM,classification,15,1,19,0.5856112938130921,1.6700493494669597,398,42,64
NEE,Utilities,LSTM,classification,15,1,20,0.5492958558264689,1.8296648888360887,398,42,64
NGG,Utilities,LSTM,classification,15,1,1,0.702715979449114,0.6971609450521923,398,42,64
NGG,Utilities,LSTM,classification,15,1,2,0.6998915714235162,0.7106700000308809,398,42,64
NGG,Utilities,LSTM,classification,15,1,3,0.6855334989988624,0.7694173994518462,398,42,64
NGG,Utilities,LSTM,classification,15,1,4,0.6930230499511987,0.8296031526156834,398,42,64
NGG,Utilities,LSTM,classification,15,1,5,0.698889646697883,0.8664105676469349,398,42,64
NGG,Utilities,LSTM,classification,15,1,6,0.6804019080933614,0.733960401444208,398,42,64
NGG,Utilities,LSTM,classification,15,1,7,0.6760596450249753,0.8411585347993034,398,42,64
NGG,Utilities,LSTM,classification,15,1,8,0.6825471355687434,0.7773980441547576,398,42,64
NGG,Utilities,LSTM,classification,15,1,9,0.6637593891153384,0.8582850297292074,398,42,64
NGG,Utilities,LSTM,classification,15,1,10,0.6822390394594202,1.0030268487476168,398,42,64
NGG,Utilities,LSTM,classification,15,1,11,0.655061359381556,0.9537133432569957,398,42,64
NGG,Utilities,LSTM,classification,15,1,12,0.6524969584977807,0.9306412282444182,398,42,64
NGG,Utilities,LSTM,classification,15,1,13,0.6284369952115582,1.069117091950916,398,42,64
NGG,Utilities,LSTM,classification,15,1,14,0.5922216272833359,1.163395155043829,398,42,64
NGG,Utilities,LSTM,classification,15,1,15,0.6266097297620534,1.1055897587821597,398,42,64
NGG,Utilities,LSTM,classification,15,1,16,0.6196238108016737,1.231087332680112,398,42,64
NGG,Utilities,LSTM,classification,15,1,17,0.6299271769260042,1.1020825874237787,398,42,64
NGG,Utilities,LSTM,classification,15,1,18,0.6060480466440096,0.9071922359012422,398,42,64
NGG,Utilities,LSTM,classification,15,1,19,0.5733284240391985,1.2811671381904965,398,42,64
NGG,Utilities,LSTM,classification,15,1,20,0.5951763283667253,1.0204902092615764,398,42,64
NVS,Healthcare,LSTM,classification,15,1,1,0.7324008282704569,0.7246382122948056,398,42,64
NVS,Healthcare,LSTM,classification,15,1,2,0.6969590426689416,0.7099106226648603,398,42,64
NVS,Healthcare,LSTM,classification,15,1,3,0.6775145120357149,0.7008855711846125,398,42,64
NVS,Healthcare,LSTM,classification,15,1,4,0.6824754961770982,0.6769080843244281,398,42,64
NVS,Healthcare,LSTM,classification,15,1,5,0.6792081034363214,0.9181682666142782,398,42,64
NVS,Healthcare,LSTM,classification,15,1,6,0.6891835110271396,1.1304822876339866,398,42,64
NVS,Healthcare,LSTM,classification,15,1,7,0.6786289987851627,0.6742546813828605,398,42,64
NVS,Healthcare,LSTM,classification,15,1,8,0.6865805857744648,0.6771284114746821,398,42,64
NVS,Healthcare,LSTM,classification,15,1,9,0.6818519995440191,0.709197549592881,398,42,64
NVS,Healthcare,LSTM,classification,15,1,10,0.6774285875972191,0.6994074043773469,398,42,64
NVS,Healthcare,LSTM,classification,15,1,11,0.6712574218984825,0.6598233694121951,398,42,64
NVS,Healthcare,LSTM,classification,15,1,12,0.6864812703587901,0.6811090480713617,398,42,64
NVS,Healthcare,LSTM,classification,15,1,13,0.6635230099735547,0.661157889025552,398,42,64
NVS,Healthcare,LSTM,classification,15,1,14,0.6527175987186145,0.6459628769329616,398,42,64
NVS,Healthcare,LSTM,classification,15,1,15,0.6721340783277349,0.652688185373942,398,42,64
NVS,Healthcare,LSTM,classification,15,1,16,0.6569888765488437,0.6580155945959545,398,42,64
NVS,Healthcare,LSTM,classification,15,1,17,0.6642660267988042,0.6641649944441659,398,42,64
NVS,Healthcare,LSTM,classification,15,1,18,0.6492211986426732,0.6490619977315267,398,42,64
NVS,Healthcare,LSTM,classification,15,1,19,0.6222629010976859,0.6453141456558591,398,42,64
NVS,Healthcare,LSTM,classification,15,1,20,0.630669219709521,0.6828473040035793,398,42,64
ORCL,Technology,LSTM,classification,15,1,1,0.7290370074947875,0.6948253767830985,398,42,64
ORCL,Technology,LSTM,classification,15,1,2,0.727789256740455,1.0031438384737288,398,42,64
ORCL,Technology,LSTM,classification,15,1,3,0.6933229541658756,1.0904803957257951,398,42,64
ORCL,Technology,LSTM,classification,15,1,4,0.6859582506831566,1.3046583561670213,398,42,64
ORCL,Technology,LSTM,classification,15,1,5,0.6801572055672881,0.9781906576383681,398,42,64
ORCL,Technology,LSTM,classification,15,1,6,0.6855428913729874,1.2081489733287267,398,42,64
ORCL,Technology,LSTM,classification,15,1,7,0.6634265232325798,1.1661480381375267,398,42,64
ORCL,Technology,LSTM,classification,15,1,8,0.6720533113383768,0.953327110835484,398,42,64
ORCL,Technology,LSTM,classification,15,1,9,0.7031072339220862,0.8595981314068749,398,42,64
ORCL,Technology,LSTM,classification,15,1,10,0.6693899095357962,0.9452421580042157,398,42,64
ORCL,Technology,LSTM,classification,15,1,11,0.6818070261921715,0.7505157618295579,398,42,64
ORCL,Technology,LSTM,classification,15,1,12,0.6623715168267639,1.305445983296349,398,42,64
ORCL,Technology,LSTM,classification,15,1,13,0.6592642901530817,1.2433826015109108,398,42,64
ORCL,Technology,LSTM,classification,15,1,14,0.6561553286547637,0.9264009169169835,398,42,64
ORCL,Technology,LSTM,classification,15,1,15,0.650135251145866,1.4434224253609067,398,42,64
ORCL,Technology,LSTM,classification,15,1,16,0.6473209938811297,1.0536333946954637,398,42,64
ORCL,Technology,LSTM,classification,15,1,17,0.6270146540660954,1.1633861235209875,398,42,64
ORCL,Technology,LSTM,classification,15,1,18,0.6199676373496128,1.5837932654789515,398,42,64
ORCL,Technology,LSTM,classification,15,1,19,0.6383364365328497,1.1786828665506273,398,42,64
ORCL,Technology,LSTM,classification,15,1,20,0.6120265910972902,0.9823470342726934,398,42,64
PCG,Utilities,LSTM,classification,15,1,1,0.7163950516350904,0.6748881595475333,398,42,64
PCG,Utilities,LSTM,classification,15,1,2,0.6875663576413639,0.6564424506255558,398,42,64
PCG,Utilities,LSTM,classification,15,1,3,0.6874659316024588,0.7225650577318101,398,42,64
PCG,Utilities,LSTM,classification,15,1,4,0.6784419944537944,0.6954736042590368,398,42,64
PCG,Utilities,LSTM,classification,15,1,5,0.6626248482483715,0.7509778340657552,398,42,64
PCG,Utilities,LSTM,classification,15,1,6,0.6937580504010071,0.693343576930818,398,42,64
PCG,Utilities,LSTM,classification,15,1,7,0.6487298443089777,0.8098079675719851,398,42,64
PCG,Utilities,LSTM,classification,15,1,8,0.6552958713104976,0.6995648798488435,398,42,64
PCG,Utilities,LSTM,classification,15,1,9,0.6411890854787587,0.7186793997174218,398,42,64
PCG,Utilities,LSTM,classification,15,1,10,0.627632198920801,0.7632356740179516,398,42,64
PCG,Utilities,LSTM,classification,15,1,11,0.6452156350241235,0.9025172789891561,398,42,64
PCG,Utilities,LSTM,classification,15,1,12,0.6784280412760212,0.8249695698420206,398,42,64
PCG,Utilities,LSTM,classification,15,1,13,0.6593334761696246,0.997372092235656,398,42,64
PCG,Utilities,LSTM,classification,15,1,14,0.6575493534006666,0.7939298521904719,398,42,64
PCG,Utilities,LSTM,classification,15,1,15,0.6571797779457054,0.6765006922540211,398,42,64
PCG,Utilities,LSTM,classification,15,1,16,0.6513757999218888,0.7848649450710842,398,42,64
PCG,Utilities,LSTM,classification,15,1,17,0.6491007819846647,0.7499965982777732,398,42,64
PCG,Utilities,LSTM,classification,15,1,18,0.6226718252028652,0.825866006669544,398,42,64
PCG,Utilities,LSTM,classification,15,1,19,0.5939637013715715,0.8772613477139246,398,42,64
PCG,Utilities,LSTM,classification,15,1,20,0.6166654287570685,0.8614147064231691,398,42,64
PCLN,Services,LSTM,classification,15,1,1,0.7402629639635134,0.690161699340457,398,42,64
PCLN,Services,LSTM,classification,15,1,2,0.7018845536601004,0.6458497558321271,398,42,64
PCLN,Services,LSTM,classification,15,1,3,0.7086371899250165,0.8709071079889933,398,42,64
PCLN,Services,LSTM,classification,15,1,4,0.6824934404699048,0.8258486276581174,398,42,64
PCLN,Services,LSTM,classification,15,1,5,0.6882818631790392,0.7453109962599618,398,42,64
PCLN,Services,LSTM,classification,15,1,6,0.6686969728925121,0.8907292314938137,398,42,64
PCLN,Services,LSTM,classification,15,1,7,0.6747094692297317,0.796355630670275,398,42,64
PCLN,Services,LSTM,classification,15,1,8,0.6676931333302254,1.1302645149685087,398,42,64
PCLN,Services,LSTM,classification,15,1,9,0.6941763686774364,0.9141400910559154,398,42,64
PCLN,Services,LSTM,classification,15,1,10,0.6627887460454625,0.8903468393144154,398,42,64
PCLN,Services,LSTM,classification,15,1,11,0.6789681495134555,0.7167808583804539,398,42,64
PCLN,Services,LSTM,classification,15,1,12,0.6577907896521104,0.8009076146852403,398,42,64
PCLN,Services,LSTM,classification,15,1,13,0.6426747969946071,0.7264949338776725,398,42,64
PCLN,Services,LSTM,classification,15,1,14,0.647595682186098,0.7928866233144488,398,42,64
PCLN,Services,LSTM,classification,15,1,15,0.611217617090024,0.9237370774859474,398,42,64
PCLN,Services,LSTM,classification,15,1,16,0.6234519748232472,1.2159354402905418,398,42,64
PCLN,Services,LSTM,classification,15,1,17,0.6193913198895191,1.3986617894399733,398,42,64
PCLN,Services,LSTM,classification,15,1,18,0.6098762214483329,1.2547182752972557,398,42,64
PCLN,Services,LSTM,classification,15,1,19,0.6035720096461138,1.0167180526824224,398,42,64
PCLN,Services,LSTM,classification,15,1,20,0.6286413765432847,1.2606436468306041,398,42,64
PEP,Consumer Goods,LSTM,classification,15,1,1,0.7021528668140047,0.6823147166342962,398,42,64
PEP,Consumer Goods,LSTM,classification,15,1,2,0.6894072968157092,0.7123041947682699,398,42,64
PEP,Consumer Goods,LSTM,classification,15,1,3,0.692219371172651,0.6755722023191906,398,42,64
PEP,Consumer Goods,LSTM,classification,15,1,4,0.6932752476864724,0.7851606124923343,398,42,64
PEP,Consumer Goods,LSTM,classification,15,1,5,0.6813457212855468,0.7514144579569498,398,42,64
PEP,Consumer Goods,LSTM,classification,15,1,6,0.6670241835129321,0.9224521092006138,398,42,64
PEP,Consumer Goods,LSTM,classification,15,1,7,0.66090914232647,0.7322572952225095,398,42,64
PEP,Consumer Goods,LSTM,classification,15,1,8,0.6618133921120035,0.7272847465106419,398,42,64
PEP,Consumer Goods,LSTM,classification,15,1,9,0.6821308525363404,0.6683119336764017,398,42,64
PEP,Consumer Goods,LSTM,classification,15,1,10,0.6556440708625256,0.7452427517800104,398,42,64
PEP,Consumer Goods,LSTM,classification,15,1,11,0.638008718814083,0.7663216221900213,398,42,64
PEP,Consumer Goods,LSTM,classification,15,1,12,0.6507719788120021,1.1519094819114322,398,42,64
PEP,Consumer Goods,LSTM,classification,15,1,13,0.6742177899159378,1.1141222204480852,398,42,64
PEP,Consumer Goods,LSTM,classification,15,1,14,0.6352842755653151,0.9433755023138863,398,42,64
PEP,Consumer Goods,LSTM,classification,15,1,15,0.6392755990651384,0.8879928134736561,398,42,64
PEP,Consumer Goods,LSTM,classification,15,1,16,0.6449237630594915,1.0622708201408386,398,42,64
PEP,Consumer Goods,LSTM,classification,15,1,17,0.6371209276980491,0.8926143021810622,398,42,64
PEP,Consumer Goods,LSTM,classification,15,1,18,0.6145192022299647,1.7479044255756198,398,42,64
PEP,Consumer Goods,LSTM,classification,15,1,19,0.6205842698638763,1.163496937070574,398,42,64
PEP,Consumer Goods,LSTM,classification,15,1,20,0.6127450562002671,1.466346332005092,398,42,64
PFE,Healthcare,LSTM,classification,15,1,1,0.696625809573648,0.6870129051662627,398,42,64
PFE,Healthcare,LSTM,classification,15,1,2,0.700672581866758,0.7387740356581551,398,42,64
PFE,Healthcare,LSTM,classification,15,1,3,0.6774890156247508,0.8483694337663197,398,42,64
PFE,Healthcare,LSTM,classification,15,1,4,0.6667840501770901,1.015282880692255,398,42,64
PFE,Healthcare,LSTM,classification,15,1,5,0.6614853536064301,0.9941497530255999,398,42,64
PFE,Healthcare,LSTM,classification,15,1,6,0.6388331903285117,0.6729024251302084,398,42,64
PFE,Healthcare,LSTM,classification,15,1,7,0.6528184638550533,0.7495971236910138,398,42,64
PFE,Healthcare,LSTM,classification,15,1,8,0.6702287406777617,0.7573347687721252,398,42,64
PFE,Healthcare,LSTM,classification,15,1,9,0.658843109356099,0.8065187845911298,398,42,64
PFE,Healthcare,LSTM,classification,15,1,10,0.6601918800991384,0.8547794421513876,398,42,64
PFE,Healthcare,LSTM,classification,15,1,11,0.6372483345731419,1.205392286891029,398,42,64
PFE,Healthcare,LSTM,classification,15,1,12,0.646827038209043,0.8171890292848859,398,42,64
PFE,Healthcare,LSTM,classification,15,1,13,0.6103741862067026,1.217863644872393,398,42,64
PFE,Healthcare,LSTM,classification,15,1,14,0.6372157511998661,1.0741108088266282,398,42,64
PFE,Healthcare,LSTM,classification,15,1,15,0.6134926392205396,1.1342580204918271,398,42,64
PFE,Healthcare,LSTM,classification,15,1,16,0.6431185773868656,0.9664729776836577,398,42,64
PFE,Healthcare,LSTM,classification,15,1,17,0.6289667656373739,1.2535844076247442,398,42,64
PFE,Healthcare,LSTM,classification,15,1,18,0.5955455541311196,1.1690986156463623,398,42,64
PFE,Healthcare,LSTM,classification,15,1,19,0.5873310727689733,1.0810734487715221,398,42,64
PFE,Healthcare,LSTM,classification,15,1,20,0.5890347280694013,1.0122755936213903,398,42,64
PG,Consumer Goods,LSTM,classification,15,1,1,0.7289498364506055,0.7095951551482791,398,42,64
PG,Consumer Goods,LSTM,classification,15,1,2,0.6895715507430646,0.750884127049219,398,42,64
PG,Consumer Goods,LSTM,classification,15,1,3,0.6734908022473206,1.4245352063860213,398,42,64
PG,Consumer Goods,LSTM,classification,15,1,4,0.6756062825121473,1.0263358382951646,398,42,64
PG,Consumer Goods,LSTM,classification,15,1,5,0.6826215751806096,1.1992935481525602,398,42,64
PG,Consumer Goods,LSTM,classification,15,1,6,0.6839051300556815,1.7867297785622733,398,42,64
PG,Consumer Goods,LSTM,classification,15,1,7,0.6800825865424458,0.8374117868287223,398,42,64
PG,Consumer Goods,LSTM,classification,15,1,8,0.6729272322439069,1.978349418867202,398,42,64
PG,Consumer Goods,LSTM,classification,15,1,9,0.6460799203446163,2.7778251625242687,398,42,64
PG,Consumer Goods,LSTM,classification,15,1,10,0.6462048031576914,2.6641011919294084,398,42,64
PG,Consumer Goods,LSTM,classification,15,1,11,0.6131217896039761,2.7291641575949535,398,42,64
PG,Consumer Goods,LSTM,classification,15,1,12,0.5937503803914516,4.364005054746356,398,42,64
PG,Consumer Goods,LSTM,classification,15,1,13,0.6624206777793079,3.8643605709075928,398,42,64
PG,Consumer Goods,LSTM,classification,15,1,14,0.6150214210826548,4.886821849005563,398,42,64
PG,Consumer Goods,LSTM,classification,15,1,15,0.5992641417524922,4.253526437850225,398,42,64
PG,Consumer Goods,LSTM,classification,15,1,16,0.5791093400075807,5.259186142966861,398,42,64
PG,Consumer Goods,LSTM,classification,15,1,17,0.5733487078891927,5.523172548839024,398,42,64
PG,Consumer Goods,LSTM,classification,15,1,18,0.5646291668690628,4.066486733300345,398,42,64
PG,Consumer Goods,LSTM,classification,15,1,19,0.5810946882070609,5.232809509549822,398,42,64
PG,Consumer Goods,LSTM,classification,15,1,20,0.5469714022761014,6.111770822888329,398,42,64
PICO,Conglomerates,LSTM,classification,15,1,1,0.7225032125286122,0.6793625950813293,398,42,64
PICO,Conglomerates,LSTM,classification,15,1,2,0.6838936634998226,0.7043288974534898,398,42,64
PICO,Conglomerates,LSTM,classification,15,1,3,0.69350590568092,0.753020377386184,398,42,64
PICO,Conglomerates,LSTM,classification,15,1,4,0.6854288952434482,0.7540573648044041,398,42,64
PICO,Conglomerates,LSTM,classification,15,1,5,0.6743692027863546,0.6819846942311242,398,42,64
PICO,Conglomerates,LSTM,classification,15,1,6,0.6892544252788602,0.7123051711491176,398,42,64
PICO,Conglomerates,LSTM,classification,15,1,7,0.6697024080022496,0.6945326697258722,398,42,64
PICO,Conglomerates,LSTM,classification,15,1,8,0.6682389621159539,0.7476062774658203,398,42,64
PICO,Conglomerates,LSTM,classification,15,1,9,0.6881267428398132,0.8691350335166568,398,42,64
PICO,Conglomerates,LSTM,classification,15,1,10,0.6558320899704593,0.7960084109079271,398,42,64
PICO,Conglomerates,LSTM,classification,15,1,11,0.6887706814698837,0.7613430562473479,398,42,64
PICO,Conglomerates,LSTM,classification,15,1,12,0.6671325127084051,0.8180852106639317,398,42,64
PICO,Conglomerates,LSTM,classification,15,1,13,0.6594580301088304,0.6867619979949224,398,42,64
PICO,Conglomerates,LSTM,classification,15,1,14,0.6877940776360095,0.770993173122406,398,42,64
PICO,Conglomerates,LSTM,classification,15,1,15,0.6493115580860694,0.7337593209175837,398,42,64
PICO,Conglomerates,LSTM,classification,15,1,16,0.6543942171724597,0.6950319920267377,398,42,64
PICO,Conglomerates,LSTM,classification,15,1,17,0.6518465049901799,0.7760026568458194,398,42,64
PICO,Conglomerates,LSTM,classification,15,1,18,0.6618370893013538,0.692297120889028,398,42,64
PICO,Conglomerates,LSTM,classification,15,1,19,0.6520734567139017,0.7048485477765402,398,42,64
PICO,Conglomerates,LSTM,classification,15,1,20,0.6383998663581196,0.7432464701788766,398,42,64
PM,Consumer Goods,LSTM,classification,15,1,1,0.7241779293247204,0.7033229981149945,398,42,64
PM,Consumer Goods,LSTM,classification,15,1,2,0.6856026260098022,0.6990154555865696,398,42,64
PM,Consumer Goods,LSTM,classification,15,1,3,0.6828417933765968,0.8960220700218564,398,42,64
PM,Consumer Goods,LSTM,classification,15,1,4,0.6398936531052517,0.9543425753003075,398,42,64
PM,Consumer Goods,LSTM,classification,15,1,5,0.664549596944646,0.9898943730763027,398,42,64
PM,Consumer Goods,LSTM,classification,15,1,6,0.6337057232257709,0.7819347835722423,398,42,64
PM,Consumer Goods,LSTM,classification,15,1,7,0.6593422692025727,0.9064816009430658,398,42,64
PM,Consumer Goods,LSTM,classification,15,1,8,0.6659957958226228,1.1000075283504667,398,42,64
PM,Consumer Goods,LSTM,classification,15,1,9,0.6515807158982934,0.8637725682485671,398,42,64
PM,Consumer Goods,LSTM,classification,15,1,10,0.6557384381941216,0.7614915314174834,398,42,64
PM,Consumer Goods,LSTM,classification,15,1,11,0.6272864233908342,1.071113606293996,398,42,64
PM,Consumer Goods,LSTM,classification,15,1,12,0.6154515467696453,1.0936275493531,398,42,64
PM,Consumer Goods,LSTM,classification,15,1,13,0.6258869362835908,1.0831846055530368,398,42,64
PM,Consumer Goods,LSTM,classification,15,1,14,0.6109580285285585,1.187758295308976,398,42,64
PM,Consumer Goods,LSTM,classification,15,1,15,0.6156292548730745,0.9728799178486779,398,42,64
PM,Consumer Goods,LSTM,classification,15,1,16,0.5958556914748858,0.8471982876459757,398,42,64
PM,Consumer Goods,LSTM,classification,15,1,17,0.5914757128935962,0.8548804691859654,398,42,64
PM,Consumer Goods,LSTM,classification,15,1,18,0.5506352686402786,1.161554671469189,398,42,64
PM,Consumer Goods,LSTM,classification,15,1,19,0.556701835974976,1.047159615017119,398,42,64
PM,Consumer Goods,LSTM,classification,15,1,20,0.4965978381621778,1.178966312181382,398,42,64
PPL,Utilities,LSTM,classification,15,1,1,0.7091439408273553,0.7037020382427034,398,42,64
PPL,Utilities,LSTM,classification,15,1,2,0.7091796877396167,0.6712060655866351,398,42,64
PPL,Utilities,LSTM,classification,15,1,3,0.6991425285387278,0.6457434864271254,398,42,64
PPL,Utilities,LSTM,classification,15,1,4,0.6645493938695246,0.646784348147256,398,42,64
PPL,Utilities,LSTM,classification,15,1,5,0.6829837935054721,0.6958179104895819,398,42,64
PPL,Utilities,LSTM,classification,15,1,6,0.6691577680146874,0.6037773376419431,398,42,64
PPL,Utilities,LSTM,classification,15,1,7,0.6770066247513545,0.666811310109638,398,42,64
PPL,Utilities,LSTM,classification,15,1,8,0.6498926290914641,0.8274363109043666,398,42,64
PPL,Utilities,LSTM,classification,15,1,9,0.6648767779220888,0.676855362596966,398,42,64
PPL,Utilities,LSTM,classification,15,1,10,0.6734094062642236,0.7458563645680746,398,42,64
PPL,Utilities,LSTM,classification,15,1,11,0.6500971188497304,0.7140732350803557,398,42,64
PPL,Utilities,LSTM,classification,15,1,12,0.6604830131458876,0.7794872437204633,398,42,64
PPL,Utilities,LSTM,classification,15,1,13,0.6349457340623865,0.5853771340279352,398,42,64
PPL,Utilities,LSTM,classification,15,1,14,0.6444962240343717,0.7033289585794721,398,42,64
PPL,Utilities,LSTM,classification,15,1,15,0.6635354538658755,0.8166140601748512,398,42,64
PPL,Utilities,LSTM,classification,15,1,16,0.6322534518625269,0.7270325592585972,398,42,64
PPL,Utilities,LSTM,classification,15,1,17,0.6164235963893296,0.5833078764733814,398,42,64
PPL,Utilities,LSTM,classification,15,1,18,0.6161854926066183,0.6369831079528445,398,42,64
PPL,Utilities,LSTM,classification,15,1,19,0.5964167598803439,0.7132035635766529,398,42,64
PPL,Utilities,LSTM,classification,15,1,20,0.5866650555601072,0.6449234372093564,398,42,64
PTR,Basic Matierials,LSTM,classification,15,1,1,0.7088200623665623,0.7504460442633856,398,42,64
PTR,Basic Matierials,LSTM,classification,15,1,2,0.7082432604315293,0.7784117885998317,398,42,64
PTR,Basic Matierials,LSTM,classification,15,1,3,0.6841128998665355,1.1331819352649508,398,42,64
PTR,Basic Matierials,LSTM,classification,15,1,4,0.6856195309653355,0.9500358189855304,398,42,64
PTR,Basic Matierials,LSTM,classification,15,1,5,0.6856581814325036,0.8249915469260443,398,42,64
PTR,Basic Matierials,LSTM,classification,15,1,6,0.6626982161747151,0.9911916766847882,398,42,64
PTR,Basic Matierials,LSTM,classification,15,1,7,0.657115009561855,1.271615499541873,398,42,64
PTR,Basic Matierials,LSTM,classification,15,1,8,0.6410884872153776,1.0865263655072166,398,42,64
PTR,Basic Matierials,LSTM,classification,15,1,9,0.6395002062895789,1.554207750729152,398,42,64
PTR,Basic Matierials,LSTM,classification,15,1,10,0.6545199089912913,1.1132188865116663,398,42,64
PTR,Basic Matierials,LSTM,classification,15,1,11,0.6513727714667967,0.9928557702473232,398,42,64
PTR,Basic Matierials,LSTM,classification,15,1,12,0.6226205388505255,1.342074189867292,398,42,64
PTR,Basic Matierials,LSTM,classification,15,1,13,0.6627537401477296,0.673053693203699,398,42,64
PTR,Basic Matierials,LSTM,classification,15,1,14,0.6215201187972448,1.3926094770431519,398,42,64
PTR,Basic Matierials,LSTM,classification,15,1,15,0.603607755809573,1.1214478867394584,398,42,64
PTR,Basic Matierials,LSTM,classification,15,1,16,0.6271537641185013,1.8996152310144334,398,42,64
PTR,Basic Matierials,LSTM,classification,15,1,17,0.6205688691019413,1.5864171584447224,398,42,64
PTR,Basic Matierials,LSTM,classification,15,1,18,0.5813092433627526,2.233782722836449,398,42,64
PTR,Basic Matierials,LSTM,classification,15,1,19,0.6062488870405073,1.9435419468652635,398,42,64
PTR,Basic Matierials,LSTM,classification,15,1,20,0.5645560807918184,1.801565408706665,398,42,64
RDS-B,Basic Matierials,LSTM,classification,15,1,1,0.704371960917909,0.6850705317088536,398,42,64
RDS-B,Basic Matierials,LSTM,classification,15,1,2,0.705204544055402,0.6860214528583345,398,42,64
RDS-B,Basic Matierials,LSTM,classification,15,1,3,0.698097835533583,0.763831493400392,398,42,64
RDS-B,Basic Matierials,LSTM,classification,15,1,4,0.68832280078725,0.7166440486907959,398,42,64
RDS-B,Basic Matierials,LSTM,classification,15,1,5,0.6939036729347766,0.9374609078679766,398,42,64
RDS-B,Basic Matierials,LSTM,classification,15,1,6,0.677605361195665,0.8038752164159503,398,42,64
RDS-B,Basic Matierials,LSTM,classification,15,1,7,0.6719215326572783,0.731069028377533,398,42,64
RDS-B,Basic Matierials,LSTM,classification,15,1,8,0.6652697375671348,0.7541854920841399,398,42,64
RDS-B,Basic Matierials,LSTM,classification,15,1,9,0.6939917503289841,0.8329909841219584,398,42,64
RDS-B,Basic Matierials,LSTM,classification,15,1,10,0.6729552236633685,0.9493155905178615,398,42,64
RDS-B,Basic Matierials,LSTM,classification,15,1,11,0.6876207029999201,0.9033844839958918,398,42,64
RDS-B,Basic Matierials,LSTM,classification,15,1,12,0.6666296070544564,1.1502186059951782,398,42,64
RDS-B,Basic Matierials,LSTM,classification,15,1,13,0.6644089141083722,0.9459999203681946,398,42,64
RDS-B,Basic Matierials,LSTM,classification,15,1,14,0.6774517705093077,1.423174364226205,398,42,64
RDS-B,Basic Matierials,LSTM,classification,15,1,15,0.6525404752798416,1.5137918165751867,398,42,64
RDS-B,Basic Matierials,LSTM,classification,15,1,16,0.6562824075545498,1.431429181780134,398,42,64
RDS-B,Basic Matierials,LSTM,classification,15,1,17,0.6216956761913683,1.1444322211401803,398,42,64
RDS-B,Basic Matierials,LSTM,classification,15,1,18,0.6374547721153527,1.3873604876654488,398,42,64
RDS-B,Basic Matierials,LSTM,classification,15,1,19,0.6283808955595122,0.962768188544682,398,42,64
RDS-B,Basic Matierials,LSTM,classification,15,1,20,0.6614066718810767,0.7309259658768064,398,42,64
REX,Conglomerates,LSTM,classification,15,1,1,0.7244487991884127,0.7671808572042556,398,42,64
REX,Conglomerates,LSTM,classification,15,1,2,0.7111738581753256,0.7394710779190063,398,42,64
REX,Conglomerates,LSTM,classification,15,1,3,0.6849694557525404,0.7975600418590364,398,42,64
REX,Conglomerates,LSTM,classification,15,1,4,0.6826949709623902,0.8596157573518299,398,42,64
REX,Conglomerates,LSTM,classification,15,1,5,0.6961475170437416,0.7335370920953297,398,42,64
REX,Conglomerates,LSTM,classification,15,1,6,0.6635077622667629,0.7918529482114882,398,42,64
REX,Conglomerates,LSTM,classification,15,1,7,0.6735305133177407,0.8829700691359383,398,42,64
REX,Conglomerates,LSTM,classification,15,1,8,0.6920552080001064,0.8477476721718198,398,42,64
REX,Conglomerates,LSTM,classification,15,1,9,0.6814088018695313,0.8367735544840494,398,42,64
REX,Conglomerates,LSTM,classification,15,1,10,0.6615403558141623,0.9597704921449933,398,42,64
REX,Conglomerates,LSTM,classification,15,1,11,0.6462473129507286,0.9917207104819161,398,42,64
REX,Conglomerates,LSTM,classification,15,1,12,0.6577178626204255,0.8771484550975618,398,42,64
REX,Conglomerates,LSTM,classification,15,1,13,0.6592581648023883,0.7635387068703061,398,42,64
REX,Conglomerates,LSTM,classification,15,1,14,0.6254352690586492,0.8929512898127238,398,42,64
REX,Conglomerates,LSTM,classification,15,1,15,0.639252962778561,0.810968762352353,398,42,64
REX,Conglomerates,LSTM,classification,15,1,16,0.6560284471392033,0.972897177650815,398,42,64
REX,Conglomerates,LSTM,classification,15,1,17,0.6004691534305937,1.3016514721370878,398,42,64
REX,Conglomerates,LSTM,classification,15,1,18,0.5920997157168748,1.1012089876901536,398,42,64
REX,Conglomerates,LSTM,classification,15,1,19,0.6080973795310936,0.8159465874944415,398,42,64
REX,Conglomerates,LSTM,classification,15,1,20,0.5884080743370343,1.0955366861252558,398,42,64
SLB,Basic Matierials,LSTM,classification,15,1,1,0.7119742485147026,0.6654050094740731,398,42,64
SLB,Basic Matierials,LSTM,classification,15,1,2,0.7052169508071401,0.7447802765028817,398,42,64
SLB,Basic Matierials,LSTM,classification,15,1,3,0.7024908440196933,0.7801734663191295,398,42,64
SLB,Basic Matierials,LSTM,classification,15,1,4,0.6794591411274282,0.9352574007851737,398,42,64
SLB,Basic Matierials,LSTM,classification,15,1,5,0.6899071850968366,0.7670224819864545,398,42,64
SLB,Basic Matierials,LSTM,classification,15,1,6,0.6729971793428737,0.7758958311307997,398,42,64
SLB,Basic Matierials,LSTM,classification,15,1,7,0.6744685972755279,0.7531789796692985,398,42,64
SLB,Basic Matierials,LSTM,classification,15,1,8,0.6718740642969333,0.7394524812698364,398,42,64
SLB,Basic Matierials,LSTM,classification,15,1,9,0.681571636068162,0.7498300245829991,398,42,64
SLB,Basic Matierials,LSTM,classification,15,1,10,0.669941182112574,0.7690354528881255,398,42,64
SLB,Basic Matierials,LSTM,classification,15,1,11,0.6686626912361413,0.8893084696360997,398,42,64
SLB,Basic Matierials,LSTM,classification,15,1,12,0.6482373446076359,1.003780552319118,398,42,64
SLB,Basic Matierials,LSTM,classification,15,1,13,0.6398764246672242,1.1050087781179518,398,42,64
SLB,Basic Matierials,LSTM,classification,15,1,14,0.6147225888530213,1.2295926695778256,398,42,64
SLB,Basic Matierials,LSTM,classification,15,1,15,0.6357269335032707,0.8862235262280419,398,42,64
SLB,Basic Matierials,LSTM,classification,15,1,16,0.6460557070808794,0.953126901672,398,42,64
SLB,Basic Matierials,LSTM,classification,15,1,17,0.6135992267023977,1.0952938397725422,398,42,64
SLB,Basic Matierials,LSTM,classification,15,1,18,0.6153877943604436,1.48914521081107,398,42,64
SLB,Basic Matierials,LSTM,classification,15,1,19,0.6315329341433156,1.0605926229840232,398,42,64
SLB,Basic Matierials,LSTM,classification,15,1,20,0.5801397506615624,1.882171664919172,398,42,64
SNP,Basic Matierials,LSTM,classification,15,1,1,0.6883999702319428,0.663701301529294,398,42,64
SNP,Basic Matierials,LSTM,classification,15,1,2,0.7111826554015653,0.7703105239641099,398,42,64
SNP,Basic Matierials,LSTM,classification,15,1,3,0.6749407592131265,0.7661840858913603,398,42,64
SNP,Basic Matierials,LSTM,classification,15,1,4,0.6985220540708034,0.7450750981058393,398,42,64
SNP,Basic Matierials,LSTM,classification,15,1,5,0.6737964192227502,0.736360354082925,398,42,64
SNP,Basic Matierials,LSTM,classification,15,1,6,0.6815498024974037,0.7200184180623009,398,42,64
SNP,Basic Matierials,LSTM,classification,15,1,7,0.639746099560704,0.8508280430521283,398,42,64
SNP,Basic Matierials,LSTM,classification,15,1,8,0.6572156162118193,0.8145432245163691,398,42,64
SNP,Basic Matierials,LSTM,classification,15,1,9,0.635590649729398,0.965333070073809,398,42,64
SNP,Basic Matierials,LSTM,classification,15,1,10,0.6595397124338389,0.8373754450253078,398,42,64
SNP,Basic Matierials,LSTM,classification,15,1,11,0.5969426982366859,0.8554523047946748,398,42,64
SNP,Basic Matierials,LSTM,classification,15,1,12,0.6734176562659105,0.7680087089538574,398,42,64
SNP,Basic Matierials,LSTM,classification,15,1,13,0.6250685064037841,0.9629854134150914,398,42,64
SNP,Basic Matierials,LSTM,classification,15,1,14,0.5842913655779469,1.2635161536080497,398,42,64
SNP,Basic Matierials,LSTM,classification,15,1,15,0.5968188072868328,1.1737390359242756,398,42,64
SNP,Basic Matierials,LSTM,classification,15,1,16,0.605052639491594,0.923317137218657,398,42,64
SNP,Basic Matierials,LSTM,classification,15,1,17,0.5631991250431119,1.6307543629691714,398,42,64
SNP,Basic Matierials,LSTM,classification,15,1,18,0.5607158299067512,1.3422196138472784,398,42,64
SNP,Basic Matierials,LSTM,classification,15,1,19,0.5699788195703497,1.6155184507369995,398,42,64
SNP,Basic Matierials,LSTM,classification,15,1,20,0.57705695530278,2.516551312946138,398,42,64
SNY,Healthcare,LSTM,classification,15,1,1,0.72273174003141,0.6840671896934509,398,42,64
SNY,Healthcare,LSTM,classification,15,1,2,0.6653171067860857,0.8825629211607433,398,42,64
SNY,Healthcare,LSTM,classification,15,1,3,0.6915056654556313,0.6846936770847866,398,42,64
SNY,Healthcare,LSTM,classification,15,1,4,0.685100445495778,0.8909933425131298,398,42,64
SNY,Healthcare,LSTM,classification,15,1,5,0.6661092369400676,0.9676656808171954,398,42,64
SNY,Healthcare,LSTM,classification,15,1,6,0.667070525075922,1.36443711462475,398,42,64
SNY,Healthcare,LSTM,classification,15,1,7,0.6684442821459554,1.0383713813055129,398,42,64
SNY,Healthcare,LSTM,classification,15,1,8,0.6485175307671628,1.137607523373195,398,42,64
SNY,Healthcare,LSTM,classification,15,1,9,0.6557733194911899,0.9204251425606864,398,42,64
SNY,Healthcare,LSTM,classification,15,1,10,0.6434919998873418,1.3357844295955839,398,42,64
SNY,Healthcare,LSTM,classification,15,1,11,0.6762050812567898,0.7946714304742359,398,42,64
SNY,Healthcare,LSTM,classification,15,1,12,0.653331026659539,0.9295828796568371,398,42,64
SNY,Healthcare,LSTM,classification,15,1,13,0.6535908834419059,0.8816900338445391,398,42,64
SNY,Healthcare,LSTM,classification,15,1,14,0.6602955469534025,1.1534684896469116,398,42,64
SNY,Healthcare,LSTM,classification,15,1,15,0.6205945053891321,1.264960147085644,398,42,64
SNY,Healthcare,LSTM,classification,15,1,16,0.6218174869690708,1.5155782245454335,398,42,64
SNY,Healthcare,LSTM,classification,15,1,17,0.6043333947359018,1.468546742484683,398,42,64
SNY,Healthcare,LSTM,classification,15,1,18,0.6148191151307456,1.2906676587604342,398,42,64
SNY,Healthcare,LSTM,classification,15,1,19,0.5742927657898946,1.3765936295191448,398,42,64
SNY,Healthcare,LSTM,classification,15,1,20,0.5944760124288012,1.1478921288535708,398,42,64
SO,Utilities,LSTM,classification,15,1,1,0.7349998034424519,0.7050132637932187,398,42,64
SO,Utilities,LSTM,classification,15,1,2,0.6981778297592048,0.821502909773872,398,42,64
SO,Utilities,LSTM,classification,15,1,3,0.7010999888031926,0.7545238222394671,398,42,64
SO,Utilities,LSTM,classification,15,1,4,0.6830993336648797,0.7619207501411438,398,42,64
SO,Utilities,LSTM,classification,15,1,5,0.6680565868789826,0.8415422184126717,398,42,64
SO,Utilities,LSTM,classification,15,1,6,0.6783839569019912,0.7411380949474516,398,42,64
SO,Utilities,LSTM,classification,15,1,7,0.6904153060074427,0.7916643278939384,398,42,64
SO,Utilities,LSTM,classification,15,1,8,0.6810349091213552,0.7901366608483451,398,42,64
SO,Utilities,LSTM,classification,15,1,9,0.6742690436205073,0.8236712557928902,398,42,64
SO,Utilities,LSTM,classification,15,1,10,0.6925353782260837,0.7122283407620021,398,42,64
SO,Utilities,LSTM,classification,15,1,11,0.6769996854528111,0.8179558146567572,398,42,64
SO,Utilities,LSTM,classification,15,1,12,0.6613980879136665,0.7648022912797474,398,42,64
SO,Utilities,LSTM,classification,15,1,13,0.6520802414596979,0.8986489347049168,398,42,64
SO,Utilities,LSTM,classification,15,1,14,0.6456314813551591,0.7762829178855533,398,42,64
SO,Utilities,LSTM,classification,15,1,15,0.647035733389495,0.7915091571353731,398,42,64
SO,Utilities,LSTM,classification,15,1,16,0.6660641824180756,0.8510628910291762,398,42,64
SO,Utilities,LSTM,classification,15,1,17,0.6438863954352374,0.7972711892355056,398,42,64
SO,Utilities,LSTM,classification,15,1,18,0.635333704139719,0.7403985545748756,398,42,64
SO,Utilities,LSTM,classification,15,1,19,0.6414293193038384,0.7904220564024789,398,42,64
SO,Utilities,LSTM,classification,15,1,20,0.638006405165447,0.8155914062545413,398,42,64
SPLP,Conglomerates,LSTM,classification,15,1,1,0.7335565958789845,0.7058172424634298,398,42,64
SPLP,Conglomerates,LSTM,classification,15,1,2,0.6992970845807138,0.7473112685339791,398,42,64
SPLP,Conglomerates,LSTM,classification,15,1,3,0.7062635847072506,0.7272212590490069,398,42,64
SPLP,Conglomerates,LSTM,classification,15,1,4,0.706690095177847,0.9339948438462757,398,42,64
SPLP,Conglomerates,LSTM,classification,15,1,5,0.683501296906016,0.9531447035925729,398,42,64
SPLP,Conglomerates,LSTM,classification,15,1,6,0.6878255593716799,0.9292802782285781,398,42,64
SPLP,Conglomerates,LSTM,classification,15,1,7,0.6657665590545041,0.9319152917180743,398,42,64
SPLP,Conglomerates,LSTM,classification,15,1,8,0.6826629689590415,0.653971464861007,398,42,64
SPLP,Conglomerates,LSTM,classification,15,1,9,0.6932298364351742,0.8422090269270397,398,42,64
SPLP,Conglomerates,LSTM,classification,15,1,10,0.6620056099029042,0.6662484180359614,398,42,64
SPLP,Conglomerates,LSTM,classification,15,1,11,0.6773306293104162,0.76625147603807,398,42,64
SPLP,Conglomerates,LSTM,classification,15,1,12,0.6790197419760814,1.5121571790604365,398,42,64
SPLP,Conglomerates,LSTM,classification,15,1,13,0.6898273406316288,0.6813622088659377,398,42,64
SPLP,Conglomerates,LSTM,classification,15,1,14,0.6626306930978094,0.908753596601032,398,42,64
SPLP,Conglomerates,LSTM,classification,15,1,15,0.6750108524782574,1.0641174032574607,398,42,64
SPLP,Conglomerates,LSTM,classification,15,1,16,0.6615598851711906,0.9540178747404189,398,42,64
SPLP,Conglomerates,LSTM,classification,15,1,17,0.662682099857522,0.7118981650897435,398,42,64
SPLP,Conglomerates,LSTM,classification,15,1,18,0.6687292013336067,0.77486576068969,398,42,64
SPLP,Conglomerates,LSTM,classification,15,1,19,0.6512401307647552,1.1750702347074236,398,42,64
SPLP,Conglomerates,LSTM,classification,15,1,20,0.6556957677081602,0.9423771528970628,398,42,64
SRE,Utilities,LSTM,classification,15,1,1,0.6937847293202003,0.7018368669918605,398,42,64
SRE,Utilities,LSTM,classification,15,1,2,0.6730793239782803,1.157235963003976,398,42,64
SRE,Utilities,LSTM,classification,15,1,3,0.658403914477957,1.6408538704826718,398,42,64
SRE,Utilities,LSTM,classification,15,1,4,0.6856938354933082,1.830323645046779,398,42,64
SRE,Utilities,LSTM,classification,15,1,5,0.6684079760283081,1.460778100149972,398,42,64
SRE,Utilities,LSTM,classification,15,1,6,0.6639935802574732,1.424832542737325,398,42,64
SRE,Utilities,LSTM,classification,15,1,7,0.6320611370268778,1.555865656761896,398,42,64
SRE,Utilities,LSTM,classification,15,1,8,0.6720252944596449,1.5560952765601022,398,42,64
SRE,Utilities,LSTM,classification,15,1,9,0.6758232868496498,1.3680952390034993,398,42,64
SRE,Utilities,LSTM,classification,15,1,10,0.635642364845803,1.8224085285550071,398,42,64
SRE,Utilities,LSTM,classification,15,1,11,0.657337333389263,1.3125854503540766,398,42,64
SRE,Utilities,LSTM,classification,15,1,12,0.6320145558472254,2.4002979596455893,398,42,64
SRE,Utilities,LSTM,classification,15,1,13,0.6382868319899593,2.4639367148989724,398,42,64
SRE,Utilities,LSTM,classification,15,1,14,0.6174699141452061,3.4577075867425826,398,42,64
SRE,Utilities,LSTM,classification,15,1,15,0.6339924245623488,1.972934711547125,398,42,64
SRE,Utilities,LSTM,classification,15,1,16,0.6056271375124179,1.5219786167144775,398,42,64
SRE,Utilities,LSTM,classification,15,1,17,0.6445193924197,0.8909749757675898,398,42,64
SRE,Utilities,LSTM,classification,15,1,18,0.634257854678523,1.2270273254031228,398,42,64
SRE,Utilities,LSTM,classification,15,1,19,0.6031827275177941,1.2103862705684842,398,42,64
SRE,Utilities,LSTM,classification,15,1,20,0.6007863582678177,1.5783470131102062,398,42,64
T,Technology,LSTM,classification,15,1,1,0.6647817519441921,0.7351751980327424,398,42,64
T,Technology,LSTM,classification,15,1,2,0.6775842821178724,0.9351517075584048,398,42,64
T,Technology,LSTM,classification,15,1,3,0.6623910467828339,0.901240661030724,398,42,64
T,Technology,LSTM,classification,15,1,4,0.658133773947481,0.8693607137316749,398,42,64
T,Technology,LSTM,classification,15,1,5,0.6222838712996573,1.2517619019462949,398,42,64
T,Technology,LSTM,classification,15,1,6,0.6476636136596526,0.8110112860089257,398,42,64
T,Technology,LSTM,classification,15,1,7,0.6127636582408119,0.8681416085788182,398,42,64
T,Technology,LSTM,classification,15,1,8,0.6288666238437346,0.6689354550270807,398,42,64
T,Technology,LSTM,classification,15,1,9,0.6183579878591413,0.8142470916112264,398,42,64
T,Technology,LSTM,classification,15,1,10,0.6098496558977731,0.9161084095637003,398,42,64
T,Technology,LSTM,classification,15,1,11,0.5813990954178662,0.9814921362059457,398,42,64
T,Technology,LSTM,classification,15,1,12,0.5908563581842873,0.9290925377891177,398,42,64
T,Technology,LSTM,classification,15,1,13,0.6130735881664046,0.7481001360075814,398,42,64
T,Technology,LSTM,classification,15,1,14,0.5679299263798412,0.8759184195881798,398,42,64
T,Technology,LSTM,classification,15,1,15,0.5872180286663861,1.3764348881585258,398,42,64
T,Technology,LSTM,classification,15,1,16,0.561580230243242,0.9394180519240243,398,42,64
T,Technology,LSTM,classification,15,1,17,0.6012925246552606,1.2887584538686843,398,42,64
T,Technology,LSTM,classification,15,1,18,0.5826899663886832,1.3813083001545496,398,42,64
T,Technology,LSTM,classification,15,1,19,0.5720790662058634,1.5345806053706579,398,42,64
T,Technology,LSTM,classification,15,1,20,0.533214441795445,1.0070034492583502,398,42,64
TM,Consumer Goods,LSTM,classification,15,1,1,0.6914028387572897,0.7292176626977467,398,42,64
TM,Consumer Goods,LSTM,classification,15,1,2,0.7039321885636104,1.1743550243831815,398,42,64
TM,Consumer Goods,LSTM,classification,15,1,3,0.665665272791781,1.2533865769704182,398,42,64
TM,Consumer Goods,LSTM,classification,15,1,4,0.6737070215407328,2.021714006151472,398,42,64
TM,Consumer Goods,LSTM,classification,15,1,5,0.6781070427079896,1.3594154233024234,398,42,64
TM,Consumer Goods,LSTM,classification,15,1,6,0.6649856603325311,2.1872215498061407,398,42,64
TM,Consumer Goods,LSTM,classification,15,1,7,0.6504453201988833,2.4995967660631453,398,42,64
TM,Consumer Goods,LSTM,classification,15,1,8,0.6587457818601599,3.4217981497446694,398,42,64
TM,Consumer Goods,LSTM,classification,15,1,9,0.6417375242889826,3.6088058834984187,398,42,64
TM,Consumer Goods,LSTM,classification,15,1,10,0.6379938787551381,3.653414771670387,398,42,64
TM,Consumer Goods,LSTM,classification,15,1,11,0.6247716045858872,5.036969707125709,398,42,64
TM,Consumer Goods,LSTM,classification,15,1,12,0.6342336149071929,3.9673688525245305,398,42,64
TM,Consumer Goods,LSTM,classification,15,1,13,0.6138098611304509,3.8279977412450883,398,42,64
TM,Consumer Goods,LSTM,classification,15,1,14,0.6442856492109634,3.4960787977491106,398,42,64
TM,Consumer Goods,LSTM,classification,15,1,15,0.6141501626177649,4.538725353422619,398,42,64
TM,Consumer Goods,LSTM,classification,15,1,16,0.5823064413501988,5.895846389588856,398,42,64
TM,Consumer Goods,LSTM,classification,15,1,17,0.582739585907615,7.528818380265009,398,42,64
TM,Consumer Goods,LSTM,classification,15,1,18,0.5731588799749786,4.453530589739482,398,42,64
TM,Consumer Goods,LSTM,classification,15,1,19,0.5789310712011615,8.951685678391229,398,42,64
TM,Consumer Goods,LSTM,classification,15,1,20,0.5309073346943113,5.327105567568824,398,42,64
TOT,Basic Matierials,LSTM,classification,15,1,1,0.7224184325592002,0.6912218474206471,398,42,64
TOT,Basic Matierials,LSTM,classification,15,1,2,0.7013553935079718,0.7230780039514814,398,42,64
TOT,Basic Matierials,LSTM,classification,15,1,3,0.6751861362601045,0.7339289812814622,398,42,64
TOT,Basic Matierials,LSTM,classification,15,1,4,0.6933030689781036,0.6604423750014532,398,42,64
TOT,Basic Matierials,LSTM,classification,15,1,5,0.6983853243104178,0.6662606171199253,398,42,64
TOT,Basic Matierials,LSTM,classification,15,1,6,0.689319764249888,0.6920434946105594,398,42,64
TOT,Basic Matierials,LSTM,classification,15,1,7,0.6737341046632834,0.6915830231848217,398,42,64
TOT,Basic Matierials,LSTM,classification,15,1,8,0.6719834388200961,0.6833931605021158,398,42,64
TOT,Basic Matierials,LSTM,classification,15,1,9,0.6811670657977387,0.8452796850885663,398,42,64
TOT,Basic Matierials,LSTM,classification,15,1,10,0.6735870886088615,0.7747692863146464,398,42,64
TOT,Basic Matierials,LSTM,classification,15,1,11,0.689974064203962,0.6790769270488194,398,42,64
TOT,Basic Matierials,LSTM,classification,15,1,12,0.6708058669938514,0.8380755696977887,398,42,64
TOT,Basic Matierials,LSTM,classification,15,1,13,0.6761010007642622,0.9418601734297616,398,42,64
TOT,Basic Matierials,LSTM,classification,15,1,14,0.6693363336462471,0.7402631186303639,398,42,64
TOT,Basic Matierials,LSTM,classification,15,1,15,0.678968747656549,0.8074463634263902,398,42,64
TOT,Basic Matierials,LSTM,classification,15,1,16,0.6748422441171043,0.7142793082055592,398,42,64
TOT,Basic Matierials,LSTM,classification,15,1,17,0.6606999890289115,0.6814916332562765,398,42,64
TOT,Basic Matierials,LSTM,classification,15,1,18,0.6489918175055154,0.7225136785280137,398,42,64
TOT,Basic Matierials,LSTM,classification,15,1,19,0.6447171796506374,0.8138826546214876,398,42,64
TOT,Basic Matierials,LSTM,classification,15,1,20,0.6789815982981543,0.7689676029341561,398,42,64
TSM,Technology,LSTM,classification,15,1,1,0.7009273464955277,0.7834777037302653,398,42,64
TSM,Technology,LSTM,classification,15,1,2,0.6956143313316844,1.3645822888328916,398,42,64
TSM,Technology,LSTM,classification,15,1,3,0.6784538716527085,1.838958632378351,398,42,64
TSM,Technology,LSTM,classification,15,1,4,0.6902415051532151,1.6594002871286302,398,42,64
TSM,Technology,LSTM,classification,15,1,5,0.6777508133020832,1.520906306448437,398,42,64
TSM,Technology,LSTM,classification,15,1,6,0.6803771308319053,2.2012400456837247,398,42,64
TSM,Technology,LSTM,classification,15,1,7,0.6564872094135189,1.28714576789311,398,42,64
TSM,Technology,LSTM,classification,15,1,8,0.647378784028729,1.7295060697055997,398,42,64
TSM,Technology,LSTM,classification,15,1,9,0.6597315270697052,1.56849852062407,398,42,64
TSM,Technology,LSTM,classification,15,1,10,0.6793879498189418,2.0451824210938954,398,42,64
TSM,Technology,LSTM,classification,15,1,11,0.635740661740902,1.5485555274145943,398,42,64
TSM,Technology,LSTM,classification,15,1,12,0.6364015026308184,1.3135774987084525,398,42,64
TSM,Technology,LSTM,classification,15,1,13,0.6366252806318465,1.2630954356420607,398,42,64
TSM,Technology,LSTM,classification,15,1,14,0.6516434017138265,1.6519058715729487,398,42,64
TSM,Technology,LSTM,classification,15,1,15,0.5968271014678418,2.2471510001591275,398,42,64
TSM,Technology,LSTM,classification,15,1,16,0.6075416156394997,2.1473189194997153,398,42,64
TSM,Technology,LSTM,classification,15,1,17,0.6074619943173087,1.3529000764801389,398,42,64
TSM,Technology,LSTM,classification,15,1,18,0.5625194508825714,2.4383942626771473,398,42,64
TSM,Technology,LSTM,classification,15,1,19,0.5971566681286797,1.9092080763408117,398,42,64
TSM,Technology,LSTM,classification,15,1,20,0.5990201153946881,1.7349632467542375,398,42,64
UL,Consumer Goods,LSTM,classification,15,1,1,0.7291520139080795,0.7206608142171588,398,42,64
UL,Consumer Goods,LSTM,classification,15,1,2,0.6955078361022412,1.093290470895313,398,42,64
UL,Consumer Goods,LSTM,classification,15,1,3,0.6930342891707493,0.9787117526644752,398,42,64
UL,Consumer Goods,LSTM,classification,15,1,4,0.6687456668920853,1.0099645342145647,398,42,64
UL,Consumer Goods,LSTM,classification,15,1,5,0.6501774946648871,0.9560575258164179,398,42,64
UL,Consumer Goods,LSTM,classification,15,1,6,0.6398788990087845,1.073323647181193,398,42,64
UL,Consumer Goods,LSTM,classification,15,1,7,0.6469144931989699,1.113579852240426,398,42,64
UL,Consumer Goods,LSTM,classification,15,1,8,0.6637440488566106,1.3824273631686257,398,42,64
UL,Consumer Goods,LSTM,classification,15,1,9,0.6411887643924311,1.0468650999523343,398,42,64
UL,Consumer Goods,LSTM,classification,15,1,10,0.6497505519857358,0.990785422779265,398,42,64
UL,Consumer Goods,LSTM,classification,15,1,11,0.6502798043902794,0.9817378180367606,398,42,64
UL,Consumer Goods,LSTM,classification,15,1,12,0.6344174122690556,1.2341249102637881,398,42,64
UL,Consumer Goods,LSTM,classification,15,1,13,0.6381087210310165,1.239505824588594,398,42,64
UL,Consumer Goods,LSTM,classification,15,1,14,0.6255139289189823,1.0679203754379636,398,42,64
UL,Consumer Goods,LSTM,classification,15,1,15,0.6126427809197699,1.0300074986049108,398,42,64
UL,Consumer Goods,LSTM,classification,15,1,16,0.6003958049731039,1.2343322038650513,398,42,64
UL,Consumer Goods,LSTM,classification,15,1,17,0.6049636877960896,0.9968465254420326,398,42,64
UL,Consumer Goods,LSTM,classification,15,1,18,0.5968112726906436,1.227529940151033,398,42,64
UL,Consumer Goods,LSTM,classification,15,1,19,0.5968694629980691,1.054856782867795,398,42,64
UL,Consumer Goods,LSTM,classification,15,1,20,0.5811618213078484,1.1490028926304408,398,42,64
UN,Consumer Goods,LSTM,classification,15,1,1,0.739679907135029,0.6981952758062453,398,42,64
UN,Consumer Goods,LSTM,classification,15,1,2,0.6899139548665915,0.7377009732382638,398,42,64
UN,Consumer Goods,LSTM,classification,15,1,3,0.6773455107032355,0.9964422044299898,398,42,64
UN,Consumer Goods,LSTM,classification,15,1,4,0.6677516764731862,1.1371705248242332,398,42,64
UN,Consumer Goods,LSTM,classification,15,1,5,0.6534356402991405,0.8869297163827079,398,42,64
UN,Consumer Goods,LSTM,classification,15,1,6,0.6676993193338864,0.8244797899609521,398,42,64
UN,Consumer Goods,LSTM,classification,15,1,7,0.6495803076418201,0.7846113443374634,398,42,64
UN,Consumer Goods,LSTM,classification,15,1,8,0.6267018536826474,0.8370721425328936,398,42,64
UN,Consumer Goods,LSTM,classification,15,1,9,0.6324587341529041,0.9492461000170026,398,42,64
UN,Consumer Goods,LSTM,classification,15,1,10,0.647882615801078,1.300046716417585,398,42,64
UN,Consumer Goods,LSTM,classification,15,1,11,0.6530222617202068,0.9124251320248559,398,42,64
UN,Consumer Goods,LSTM,classification,15,1,12,0.6392044068580895,0.9256127249626886,398,42,64
UN,Consumer Goods,LSTM,classification,15,1,13,0.6107018967369693,1.213821822688693,398,42,64
UN,Consumer Goods,LSTM,classification,15,1,14,0.6132560330419684,1.181850620678493,398,42,64
UN,Consumer Goods,LSTM,classification,15,1,15,0.5930257921841875,1.1370848190216791,398,42,64
UN,Consumer Goods,LSTM,classification,15,1,16,0.5850567676913199,0.8921382427215576,398,42,64
UN,Consumer Goods,LSTM,classification,15,1,17,0.5675843151370484,0.982078302474249,398,42,64
UN,Consumer Goods,LSTM,classification,15,1,18,0.5856889725929528,1.0215808351834614,398,42,64
UN,Consumer Goods,LSTM,classification,15,1,19,0.5643016285632723,1.182845530055818,398,42,64
UN,Consumer Goods,LSTM,classification,15,1,20,0.5373796133240264,1.4298199528739566,398,42,64
UNH,Healthcare,LSTM,classification,15,1,1,0.7101381567854378,0.691120465596517,398,42,64
UNH,Healthcare,LSTM,classification,15,1,2,0.7066102033883483,0.6991034320422581,398,42,64
UNH,Healthcare,LSTM,classification,15,1,3,0.7074077365985468,0.7069773191497439,398,42,64
UNH,Healthcare,LSTM,classification,15,1,4,0.6819746790818833,0.740404466787974,398,42,64
UNH,Healthcare,LSTM,classification,15,1,5,0.6604667108262604,0.6833237523124331,398,42,64
UNH,Healthcare,LSTM,classification,15,1,6,0.6900515957693358,0.7152892720131647,398,42,64
UNH,Healthcare,LSTM,classification,15,1,7,0.676671547206802,0.6933218240737915,398,42,64
UNH,Healthcare,LSTM,classification,15,1,8,0.6609924348754499,0.9604583921886626,398,42,64
UNH,Healthcare,LSTM,classification,15,1,9,0.6735500876028934,0.6735398570696512,398,42,64
UNH,Healthcare,LSTM,classification,15,1,10,0.6689613566326735,0.7054838822001502,398,42,64
UNH,Healthcare,LSTM,classification,15,1,11,0.6532256306715347,0.681371998219263,398,42,64
UNH,Healthcare,LSTM,classification,15,1,12,0.666214484665262,0.8194882273674011,398,42,64
UNH,Healthcare,LSTM,classification,15,1,13,0.6407912631130698,0.7014099785259792,398,42,64
UNH,Healthcare,LSTM,classification,15,1,14,0.6331574242917737,0.725415397258032,398,42,64
UNH,Healthcare,LSTM,classification,15,1,15,0.6536176974449924,0.768345384370713,398,42,64
UNH,Healthcare,LSTM,classification,15,1,16,0.6442166093605847,0.6939353346824646,398,42,64
UNH,Healthcare,LSTM,classification,15,1,17,0.6391462303286222,0.7326932208878654,398,42,64
UNH,Healthcare,LSTM,classification,15,1,18,0.6467893408171496,0.6829361943971544,398,42,64
UNH,Healthcare,LSTM,classification,15,1,19,0.6541807558668319,0.7289078349158877,398,42,64
UNH,Healthcare,LSTM,classification,15,1,20,0.6058408614978119,0.8424518988246009,398,42,64
UPS,Services,LSTM,classification,15,1,1,0.7144043607328405,0.7193704531306312,398,42,64
UPS,Services,LSTM,classification,15,1,2,0.7103606800937173,0.9072824035372052,398,42,64
UPS,Services,LSTM,classification,15,1,3,0.6888458129748627,0.7103055857476734,398,42,64
UPS,Services,LSTM,classification,15,1,4,0.6832068376804716,0.7534548526718503,398,42,64
UPS,Services,LSTM,classification,15,1,5,0.6602502971438308,0.7688499831017994,398,42,64
UPS,Services,LSTM,classification,15,1,6,0.6528902790654245,0.8027857314972651,398,42,64
UPS,Services,LSTM,classification,15,1,7,0.6516492869985763,0.8771603618349347,398,42,64
UPS,Services,LSTM,classification,15,1,8,0.667682510225018,0.7526518929572332,398,42,64
UPS,Services,LSTM,classification,15,1,9,0.6749863681481711,0.7196020200139001,398,42,64
UPS,Services,LSTM,classification,15,1,10,0.6337916087265589,0.793666524546487,398,42,64
UPS,Services,LSTM,classification,15,1,11,0.6371836605383523,0.7221544101124718,398,42,64
UPS,Services,LSTM,classification,15,1,12,0.6240170031935726,0.9747519038972401,398,42,64
UPS,Services,LSTM,classification,15,1,13,0.620940584034177,1.0250736929121471,398,42,64
UPS,Services,LSTM,classification,15,1,14,0.6392891430974605,0.8011462915511358,398,42,64
UPS,Services,LSTM,classification,15,1,15,0.5978308242170056,0.8273070397831145,398,42,64
UPS,Services,LSTM,classification,15,1,16,0.5840405751412837,0.826157291730245,398,42,64
UPS,Services,LSTM,classification,15,1,17,0.586977982491105,0.8023316576367333,398,42,64
UPS,Services,LSTM,classification,15,1,18,0.567880438051032,0.8971720650082543,398,42,64
UPS,Services,LSTM,classification,15,1,19,0.5995940931478337,1.0857954252333868,398,42,64
UPS,Services,LSTM,classification,15,1,20,0.5574992192750001,0.9776393686022077,398,42,64
UTX,Industrial Goods,LSTM,classification,15,1,1,0.7261307032863099,0.7666406830151876,398,42,64
UTX,Industrial Goods,LSTM,classification,15,1,2,0.7025449207080668,0.9265186190605164,398,42,64
UTX,Industrial Goods,LSTM,classification,15,1,3,0.676414306439347,0.8970300668761844,398,42,64
UTX,Industrial Goods,LSTM,classification,15,1,4,0.6799759190885266,1.1932519049871535,398,42,64
UTX,Industrial Goods,LSTM,classification,15,1,5,0.6586259663404532,1.4936926705496651,398,42,64
UTX,Industrial Goods,LSTM,classification,15,1,6,0.6488769943989701,1.3709550528299241,398,42,64
UTX,Industrial Goods,LSTM,classification,15,1,7,0.6783280723058998,2.3599718525296165,398,42,64
UTX,Industrial Goods,LSTM,classification,15,1,8,0.6671918052524778,1.1868980157942999,398,42,64
UTX,Industrial Goods,LSTM,classification,15,1,9,0.6770986531248044,1.6448484715961276,398,42,64
UTX,Industrial Goods,LSTM,classification,15,1,10,0.6551262898061743,1.8872563384828114,398,42,64
UTX,Industrial Goods,LSTM,classification,15,1,11,0.6396713187946147,1.90565139906747,398,42,64
UTX,Industrial Goods,LSTM,classification,15,1,12,0.6182993168207869,3.1920049758184526,398,42,64
UTX,Industrial Goods,LSTM,classification,15,1,13,0.6506756010966085,2.0822177046821233,398,42,64
UTX,Industrial Goods,LSTM,classification,15,1,14,0.6620519110305825,1.9660207430521648,398,42,64
UTX,Industrial Goods,LSTM,classification,15,1,15,0.6251820435176543,2.377112093425932,398,42,64
UTX,Industrial Goods,LSTM,classification,15,1,16,0.5958230971690998,3.1526763552711126,398,42,64
UTX,Industrial Goods,LSTM,classification,15,1,17,0.5748450712642478,4.496226219903855,398,42,64
UTX,Industrial Goods,LSTM,classification,15,1,18,0.5773893421019741,4.915309701647077,398,42,64
UTX,Industrial Goods,LSTM,classification,15,1,19,0.6265794467087367,1.978865112577166,398,42,64
UTX,Industrial Goods,LSTM,classification,15,1,20,0.5725148883297215,3.6303923697698686,398,42,64
V,Financial,LSTM,classification,15,1,1,0.7095357485152968,0.6910240224429539,398,42,64
V,Financial,LSTM,classification,15,1,2,0.7375308110486323,0.7024326352846055,398,42,64
V,Financial,LSTM,classification,15,1,3,0.6865385707898356,0.7488515291895185,398,42,64
V,Financial,LSTM,classification,15,1,4,0.6879451295838284,0.6718923449516296,398,42,64
V,Financial,LSTM,classification,15,1,5,0.6968698001387131,0.710098249571664,398,42,64
V,Financial,LSTM,classification,15,1,6,0.6985267283928455,0.6906008039202008,398,42,64
V,Financial,LSTM,classification,15,1,7,0.6800032452722291,0.6956170059385753,398,42,64
V,Financial,LSTM,classification,15,1,8,0.6882632596408902,0.6488495298794338,398,42,64
V,Financial,LSTM,classification,15,1,9,0.6640587410136084,0.653804634298597,398,42,64
V,Financial,LSTM,classification,15,1,10,0.6723325414274206,0.7131824096043905,398,42,64
V,Financial,LSTM,classification,15,1,11,0.6841357826587543,0.7058229077429998,398,42,64
V,Financial,LSTM,classification,15,1,12,0.6847304567020742,0.6718466480573019,398,42,64
V,Financial,LSTM,classification,15,1,13,0.6653058028700364,0.6986156673658461,398,42,64
V,Financial,LSTM,classification,15,1,14,0.656728066990723,0.7171770958673387,398,42,64
V,Financial,LSTM,classification,15,1,15,0.6744550158031023,0.6746518242926824,398,42,64
V,Financial,LSTM,classification,15,1,16,0.6711588397097947,0.6754143890880403,398,42,64
V,Financial,LSTM,classification,15,1,17,0.6679231305817264,0.6927470053945269,398,42,64
V,Financial,LSTM,classification,15,1,18,0.6658142951864693,0.7344542826925006,398,42,64
V,Financial,LSTM,classification,15,1,19,0.6729505676120969,0.675860895997002,398,42,64
V,Financial,LSTM,classification,15,1,20,0.670439374506773,0.6719158064751398,398,42,64
VZ,Technology,LSTM,classification,15,1,1,0.7057869937551681,0.8401390796615964,398,42,64
VZ,Technology,LSTM,classification,15,1,2,0.6884076211919736,1.4376674890518188,398,42,64
VZ,Technology,LSTM,classification,15,1,3,0.6684847557964038,1.0486439239411127,398,42,64
VZ,Technology,LSTM,classification,15,1,4,0.6689414885175887,1.1571351970945085,398,42,64
VZ,Technology,LSTM,classification,15,1,5,0.6581488724929004,1.2412863231840587,398,42,64
VZ,Technology,LSTM,classification,15,1,6,0.6731489180919513,1.1707997151783534,398,42,64
VZ,Technology,LSTM,classification,15,1,7,0.657712945386992,1.0353568508511497,398,42,64
VZ,Technology,LSTM,classification,15,1,8,0.6511961709913896,2.3756339890616283,398,42,64
VZ,Technology,LSTM,classification,15,1,9,0.6452371052761173,1.129039315950303,398,42,64
VZ,Technology,LSTM,classification,15,1,10,0.6519888277029872,1.0302657116027105,398,42,64
VZ,Technology,LSTM,classification,15,1,11,0.6430784523786612,1.1871915658315022,398,42,64
VZ,Technology,LSTM,classification,15,1,12,0.6344335237939154,1.1954900480452038,398,42,64
VZ,Technology,LSTM,classification,15,1,13,0.6258182530127578,1.462671779450916,398,42,64
VZ,Technology,LSTM,classification,15,1,14,0.6084861885662654,1.4165825162615096,398,42,64
VZ,Technology,LSTM,classification,15,1,15,0.6047813133079203,1.7285339775539579,398,42,64
VZ,Technology,LSTM,classification,15,1,16,0.6164080350842308,1.2978745982760476,398,42,64
VZ,Technology,LSTM,classification,15,1,17,0.5979902727819567,1.7008486021132696,398,42,64
VZ,Technology,LSTM,classification,15,1,18,0.6017666605848763,1.4688182728631156,398,42,64
VZ,Technology,LSTM,classification,15,1,19,0.5747263599280736,2.858847277505057,398,42,64
VZ,Technology,LSTM,classification,15,1,20,0.6196951147299915,3.223039286477225,398,42,64
WFC,Financial,LSTM,classification,15,1,1,0.7007587677869366,0.7158453265825907,398,42,64
WFC,Financial,LSTM,classification,15,1,2,0.7131678890343287,0.65427736725126,398,42,64
WFC,Financial,LSTM,classification,15,1,3,0.6842509001942735,0.6669806838035583,398,42,64
WFC,Financial,LSTM,classification,15,1,4,0.6849386958620656,0.9112405322846913,398,42,64
WFC,Financial,LSTM,classification,15,1,5,0.6697634587335826,0.8922704174405053,398,42,64
WFC,Financial,LSTM,classification,15,1,6,0.649052200305402,1.0231380462646484,398,42,64
WFC,Financial,LSTM,classification,15,1,7,0.679801810027367,0.6955564674876985,398,42,64
WFC,Financial,LSTM,classification,15,1,8,0.6522374641356157,0.808985193570455,398,42,64
WFC,Financial,LSTM,classification,15,1,9,0.6645059795235869,0.805689947945731,398,42,64
WFC,Financial,LSTM,classification,15,1,10,0.6524594168567178,0.834132174650828,398,42,64
WFC,Financial,LSTM,classification,15,1,11,0.6145249200825715,0.8132555002257937,398,42,64
WFC,Financial,LSTM,classification,15,1,12,0.6421147102686628,0.7750110427538554,398,42,64
WFC,Financial,LSTM,classification,15,1,13,0.6342425013906393,0.8025713052068438,398,42,64
WFC,Financial,LSTM,classification,15,1,14,0.5996971313078799,1.053468074117388,398,42,64
WFC,Financial,LSTM,classification,15,1,15,0.6046519522091851,1.0412026984351022,398,42,64
WFC,Financial,LSTM,classification,15,1,16,0.6087730640742048,0.9317102857998439,398,42,64
WFC,Financial,LSTM,classification,15,1,17,0.6210878545315421,0.8309179998579479,398,42,64
WFC,Financial,LSTM,classification,15,1,18,0.6044578561231718,0.9097773688180106,398,42,64
WFC,Financial,LSTM,classification,15,1,19,0.5722660817692627,1.1546545596349806,398,42,64
WFC,Financial,LSTM,classification,15,1,20,0.6026457853652724,0.9431888290813991,398,42,64
WMT,Services,LSTM,classification,15,1,1,0.7498944350822487,0.7504426297687349,398,42,64
WMT,Services,LSTM,classification,15,1,2,0.723711812016952,0.7119737466176351,398,42,64
WMT,Services,LSTM,classification,15,1,3,0.6954120313701917,0.7838682447160993,398,42,64
WMT,Services,LSTM,classification,15,1,4,0.6978147775683571,0.7201729956127348,398,42,64
WMT,Services,LSTM,classification,15,1,5,0.6907724022266254,0.7332755497523716,398,42,64
WMT,Services,LSTM,classification,15,1,6,0.6835220968303968,0.9442365311440968,398,42,64
WMT,Services,LSTM,classification,15,1,7,0.693393427822458,0.8202661162330991,398,42,64
WMT,Services,LSTM,classification,15,1,8,0.6685938370886759,0.9038285613059998,398,42,64
WMT,Services,LSTM,classification,15,1,9,0.6701563030631099,1.0655923173541115,398,42,64
WMT,Services,LSTM,classification,15,1,10,0.6728455586050024,1.198280896459307,398,42,64
WMT,Services,LSTM,classification,15,1,11,0.6816984735541607,1.806639625912621,398,42,64
WMT,Services,LSTM,classification,15,1,12,0.6698907667668021,1.2043907472065516,398,42,64
WMT,Services,LSTM,classification,15,1,13,0.6437557776968683,1.307526877948216,398,42,64
WMT,Services,LSTM,classification,15,1,14,0.6576618585155238,1.0606749142919267,398,42,64
WMT,Services,LSTM,classification,15,1,15,0.632712159324531,1.0884408496675038,398,42,64
WMT,Services,LSTM,classification,15,1,16,0.6758831137388794,1.351489509854998,398,42,64
WMT,Services,LSTM,classification,15,1,17,0.6725563856225517,0.9392302348500207,398,42,64
WMT,Services,LSTM,classification,15,1,18,0.640295520499723,1.0300440845035372,398,42,64
WMT,Services,LSTM,classification,15,1,19,0.615130742590631,2.626062756492978,398,42,64
WMT,Services,LSTM,classification,15,1,20,0.6288880828636975,1.3360806590034848,398,42,64
XOM,Basic Matierials,LSTM,classification,15,1,1,0.7176506612169083,0.6917979915936788,398,42,64
XOM,Basic Matierials,LSTM,classification,15,1,2,0.6974731261406711,0.7457178689184643,398,42,64
XOM,Basic Matierials,LSTM,classification,15,1,3,0.6757233050001327,0.8009726263227916,398,42,64
XOM,Basic Matierials,LSTM,classification,15,1,4,0.676412133116219,0.9567142952056158,398,42,64
XOM,Basic Matierials,LSTM,classification,15,1,5,0.6917610650685564,0.8333887457847595,398,42,64
XOM,Basic Matierials,LSTM,classification,15,1,6,0.6745714940617432,0.7855140935807001,398,42,64
XOM,Basic Matierials,LSTM,classification,15,1,7,0.6639424820042136,0.7748445300828843,398,42,64
XOM,Basic Matierials,LSTM,classification,15,1,8,0.6637967294784047,0.7952300111452738,398,42,64
XOM,Basic Matierials,LSTM,classification,15,1,9,0.68032968403706,0.8049580114228385,398,42,64
XOM,Basic Matierials,LSTM,classification,15,1,10,0.6562462368203168,0.7646950171107337,398,42,64
XOM,Basic Matierials,LSTM,classification,15,1,11,0.6569949726962564,0.7319370706876119,398,42,64
XOM,Basic Matierials,LSTM,classification,15,1,12,0.6748634250319783,0.74603385584695,398,42,64
XOM,Basic Matierials,LSTM,classification,15,1,13,0.652587876547521,0.7886681812150138,398,42,64
XOM,Basic Matierials,LSTM,classification,15,1,14,0.6123710593686031,0.9695003174600147,398,42,64
XOM,Basic Matierials,LSTM,classification,15,1,15,0.6598957591320402,0.81317328839075,398,42,64
XOM,Basic Matierials,LSTM,classification,15,1,16,0.6524087651890127,0.8085227466764904,398,42,64
XOM,Basic Matierials,LSTM,classification,15,1,17,0.6382112898419251,0.8226730085554577,398,42,64
XOM,Basic Matierials,LSTM,classification,15,1,18,0.6397086298046399,0.774458354427701,398,42,64
XOM,Basic Matierials,LSTM,classification,15,1,19,0.6225868119067283,1.0502091561044966,398,42,64
XOM,Basic Matierials,LSTM,classification,15,1,20,0.6379687774121462,0.831938902537028,398,42,64
