company,sector,model_type,problem_type,sequence_length,horizon_steps,epoch,train_loss,val_loss,train_samples,val_samples,test_samples
AAPL,Consumer Goods,BiGRU,classification,20,5,1,0.7148983933817801,0.7840855036463056,398,42,64
AAPL,Consumer Goods,BiGRU,classification,20,5,2,0.710854533329681,2.336303881236485,398,42,64
AAPL,Consumer Goods,BiGRU,classification,20,5,3,0.5773603185337393,5.8511029198056175,398,42,64
AAPL,Consumer Goods,BiGRU,classification,20,5,4,0.5822278081472195,1.8217756208919345,398,42,64
AAPL,Consumer Goods,BiGRU,classification,20,5,5,0.5342646489790337,3.4336310227711997,398,42,64
AAPL,Consumer Goods,BiGRU,classification,20,5,6,0.48054349332598584,2.1154687915529524,398,42,64
AAPL,Consumer Goods,BiGRU,classification,20,5,7,0.48584643919863296,2.484440865970793,398,42,64
AAPL,Consumer Goods,BiGRU,classification,20,5,8,0.4231476583073487,3.598313535962786,398,42,64
AAPL,Consumer Goods,BiGRU,classification,20,5,9,0.39170737212626777,3.6135056018829346,398,42,64
AAPL,Consumer Goods,BiGRU,classification,20,5,10,0.360330029648153,3.06327037584214,398,42,64
AAPL,Consumer Goods,BiGRU,classification,20,5,11,0.3274055171252495,3.281968832015991,398,42,64
AAPL,Consumer Goods,BiGRU,classification,20,5,12,0.2711465927823704,4.455244507108416,398,42,64
AAPL,Consumer Goods,BiGRU,classification,20,5,13,0.2797594624548102,3.764061280659267,398,42,64
AAPL,Consumer Goods,BiGRU,classification,20,5,14,0.29669931545928496,3.652112597510928,398,42,64
AAPL,Consumer Goods,BiGRU,classification,20,5,15,0.2612489674558592,3.081495409920102,398,42,64
AAPL,Consumer Goods,BiGRU,classification,20,5,16,0.2373170469274473,4.308009806133452,398,42,64
ABB,Industrial Goods,BiGRU,classification,20,5,1,0.6900492726857937,1.2376903550965446,398,42,64
ABB,Industrial Goods,BiGRU,classification,20,5,2,0.5598119157343054,3.077908436457316,398,42,64
ABB,Industrial Goods,BiGRU,classification,20,5,3,0.5386720627696071,4.605412074497768,398,42,64
ABB,Industrial Goods,BiGRU,classification,20,5,4,0.5138148660935349,5.222878512882051,398,42,64
ABB,Industrial Goods,BiGRU,classification,20,5,5,0.4632742637066386,5.387165103639875,398,42,64
ABB,Industrial Goods,BiGRU,classification,20,5,6,0.4368783435480079,7.786358674367269,398,42,64
ABB,Industrial Goods,BiGRU,classification,20,5,7,0.4259381819909541,6.3924210866292315,398,42,64
ABB,Industrial Goods,BiGRU,classification,20,5,8,0.35806329668167247,6.9320610364278155,398,42,64
ABB,Industrial Goods,BiGRU,classification,20,5,9,0.4779484785681394,7.052333423069546,398,42,64
ABB,Industrial Goods,BiGRU,classification,20,5,10,0.3427864457270009,6.814908254714239,398,42,64
ABB,Industrial Goods,BiGRU,classification,20,5,11,0.28441858168073636,8.225374471573602,398,42,64
ABB,Industrial Goods,BiGRU,classification,20,5,12,0.21551190863302605,9.051243373325892,398,42,64
ABB,Industrial Goods,BiGRU,classification,20,5,13,0.21833544291892842,8.609805129823231,398,42,64
ABB,Industrial Goods,BiGRU,classification,20,5,14,0.2080440034518889,9.140074775332497,398,42,64
ABB,Industrial Goods,BiGRU,classification,20,5,15,0.1754800579393629,11.058398337591262,398,42,64
ABB,Industrial Goods,BiGRU,classification,20,5,16,0.17050890626395168,10.710270654587518,398,42,64
ABBV,Healthcare,BiGRU,classification,20,5,1,0.6889157094107083,1.0085018986747378,326,42,64
ABBV,Healthcare,BiGRU,classification,20,5,2,0.6597687130325411,2.0030708199455622,326,42,64
ABBV,Healthcare,BiGRU,classification,20,5,3,0.5539296817925811,2.370989299955822,326,42,64
ABBV,Healthcare,BiGRU,classification,20,5,4,0.5354395524307263,0.885297451700483,326,42,64
ABBV,Healthcare,BiGRU,classification,20,5,5,0.46583691184506093,2.1698946952819824,326,42,64
ABBV,Healthcare,BiGRU,classification,20,5,6,0.43810751238849266,1.0237118005752563,326,42,64
ABBV,Healthcare,BiGRU,classification,20,5,7,0.3871164636377908,1.0316379141239893,326,42,64
ABBV,Healthcare,BiGRU,classification,20,5,8,0.4503556542966995,1.033262156304859,326,42,64
ABBV,Healthcare,BiGRU,classification,20,5,9,0.41571277183440564,1.1843365288916088,326,42,64
ABBV,Healthcare,BiGRU,classification,20,5,10,0.4236394000108257,1.0039491752783458,326,42,64
ABBV,Healthcare,BiGRU,classification,20,5,11,0.30801228283007454,1.412963901247297,326,42,64
ABBV,Healthcare,BiGRU,classification,20,5,12,0.36822483585747473,1.4857417657261802,326,42,64
ABBV,Healthcare,BiGRU,classification,20,5,13,0.2768119450749978,1.1081878780609085,326,42,64
ABBV,Healthcare,BiGRU,classification,20,5,14,0.19784482737626036,1.0561643084954648,326,42,64
ABBV,Healthcare,BiGRU,classification,20,5,15,0.1644517035892039,0.9499339570424387,326,42,64
ABBV,Healthcare,BiGRU,classification,20,5,16,0.13621421757102745,1.1850217654857607,326,42,64
ABBV,Healthcare,BiGRU,classification,20,5,17,0.1350681261827975,0.9049040258285546,326,42,64
ABBV,Healthcare,BiGRU,classification,20,5,18,0.12819745744709954,1.053043986049791,326,42,64
ABBV,Healthcare,BiGRU,classification,20,5,19,0.14340034361494466,1.0661403437455494,326,42,64
AEP,Utilities,BiGRU,classification,20,5,1,0.7065072976165081,0.7170703496251788,398,42,64
AEP,Utilities,BiGRU,classification,20,5,2,0.6340937124724364,0.8895955397969201,398,42,64
AEP,Utilities,BiGRU,classification,20,5,3,0.5642394881751669,0.9998095801898411,398,42,64
AEP,Utilities,BiGRU,classification,20,5,4,0.4769389171097147,1.2408771883873713,398,42,64
AEP,Utilities,BiGRU,classification,20,5,5,0.46100029633871875,1.188187831924075,398,42,64
AEP,Utilities,BiGRU,classification,20,5,6,0.4330413768339397,1.7095646404084706,398,42,64
AEP,Utilities,BiGRU,classification,20,5,7,0.36944436847265044,1.5848816945439292,398,42,64
AEP,Utilities,BiGRU,classification,20,5,8,0.3766891132647069,1.3707690097036815,398,42,64
AEP,Utilities,BiGRU,classification,20,5,9,0.37390273569816324,3.1161095187777565,398,42,64
AEP,Utilities,BiGRU,classification,20,5,10,0.308712140774008,2.482656342642648,398,42,64
AEP,Utilities,BiGRU,classification,20,5,11,0.24058817978480354,2.263068437576294,398,42,64
AEP,Utilities,BiGRU,classification,20,5,12,0.19764651462959884,2.3734766982850575,398,42,64
AEP,Utilities,BiGRU,classification,20,5,13,0.1829583705519911,2.813421357245672,398,42,64
AEP,Utilities,BiGRU,classification,20,5,14,0.16950394243151698,2.537085601261684,398,42,64
AEP,Utilities,BiGRU,classification,20,5,15,0.16929669783043502,3.0532429047993253,398,42,64
AEP,Utilities,BiGRU,classification,20,5,16,0.14365862407276977,3.0264168637139455,398,42,64
AMGN,Healthcare,BiGRU,classification,20,5,1,0.7267367857784482,0.5091415416626703,398,42,64
AMGN,Healthcare,BiGRU,classification,20,5,2,0.6666731975186411,0.45160508155822754,398,42,64
AMGN,Healthcare,BiGRU,classification,20,5,3,0.5626444316389573,0.4628624362604959,398,42,64
AMGN,Healthcare,BiGRU,classification,20,5,4,0.5144820872263692,0.3417383333047231,398,42,64
AMGN,Healthcare,BiGRU,classification,20,5,5,0.4697058928671794,0.45196060907273067,398,42,64
AMGN,Healthcare,BiGRU,classification,20,5,6,0.41709235310554504,0.898392223176502,398,42,64
AMGN,Healthcare,BiGRU,classification,20,5,7,0.4389906819142289,0.5756763475281852,398,42,64
AMGN,Healthcare,BiGRU,classification,20,5,8,0.36507237781232327,0.7791773861362821,398,42,64
AMGN,Healthcare,BiGRU,classification,20,5,9,0.3831692781280633,0.7522547528857276,398,42,64
AMGN,Healthcare,BiGRU,classification,20,5,10,0.3712623634530072,0.4857582471200398,398,42,64
AMGN,Healthcare,BiGRU,classification,20,5,11,0.3743571132870775,0.5614794364997319,398,42,64
AMGN,Healthcare,BiGRU,classification,20,5,12,0.3057407071842021,0.7226917516617548,398,42,64
AMGN,Healthcare,BiGRU,classification,20,5,13,0.30939472088562187,0.5182028668267387,398,42,64
AMGN,Healthcare,BiGRU,classification,20,5,14,0.24784947467509227,0.5234356848966508,398,42,64
AMGN,Healthcare,BiGRU,classification,20,5,15,0.21544290315266232,0.415754734760239,398,42,64
AMGN,Healthcare,BiGRU,classification,20,5,16,0.18946399507885003,0.6184771259625753,398,42,64
AMGN,Healthcare,BiGRU,classification,20,5,17,0.15679575289463876,0.5816004950375784,398,42,64
AMGN,Healthcare,BiGRU,classification,20,5,18,0.16909571340185914,0.6155908838624046,398,42,64
AMGN,Healthcare,BiGRU,classification,20,5,19,0.12725987056990964,1.3558979829152424,398,42,64
AMZN,Services,BiGRU,classification,20,5,1,0.7576602242100778,1.0085356150354658,398,42,64
AMZN,Services,BiGRU,classification,20,5,2,0.716746596685007,1.7804350512368339,398,42,64
AMZN,Services,BiGRU,classification,20,5,3,0.6626134251230326,0.8665006785165696,398,42,64
AMZN,Services,BiGRU,classification,20,5,4,0.6261439461204874,1.107202098483131,398,42,64
AMZN,Services,BiGRU,classification,20,5,5,0.5600228595673739,0.8227450478644598,398,42,64
AMZN,Services,BiGRU,classification,20,5,6,0.5841176342874316,2.6231447344734553,398,42,64
AMZN,Services,BiGRU,classification,20,5,7,0.5512770216668671,1.860738368261428,398,42,64
AMZN,Services,BiGRU,classification,20,5,8,0.5206731545116434,2.3530154455275762,398,42,64
AMZN,Services,BiGRU,classification,20,5,9,0.48763397246149914,1.7111204947744096,398,42,64
AMZN,Services,BiGRU,classification,20,5,10,0.4727903430785366,3.0891341141292026,398,42,64
AMZN,Services,BiGRU,classification,20,5,11,0.4149930100120492,2.503746767838796,398,42,64
AMZN,Services,BiGRU,classification,20,5,12,0.41071976556550316,1.8889671706017994,398,42,64
AMZN,Services,BiGRU,classification,20,5,13,0.4281884907328304,3.836135977790469,398,42,64
AMZN,Services,BiGRU,classification,20,5,14,0.3899021895798906,1.0785986965610868,398,42,64
AMZN,Services,BiGRU,classification,20,5,15,0.28371109974444214,1.1232015185412907,398,42,64
AMZN,Services,BiGRU,classification,20,5,16,0.2587390237267892,1.0766042201291948,398,42,64
AMZN,Services,BiGRU,classification,20,5,17,0.23148819968928044,0.9755477593058631,398,42,64
AMZN,Services,BiGRU,classification,20,5,18,0.24035033613593135,0.902747704869225,398,42,64
AMZN,Services,BiGRU,classification,20,5,19,0.2087603418353065,0.9711053570111593,398,42,64
AMZN,Services,BiGRU,classification,20,5,20,0.1939274000762096,1.7685206014485586,398,42,64
BA,Industrial Goods,BiGRU,classification,20,5,1,0.7549535000144537,0.621989783786592,398,42,64
BA,Industrial Goods,BiGRU,classification,20,5,2,0.5878238048984776,0.6172284441334861,398,42,64
BA,Industrial Goods,BiGRU,classification,20,5,3,0.5854758507941835,1.3745028972625732,398,42,64
BA,Industrial Goods,BiGRU,classification,20,5,4,0.5325518445153932,1.2085326853252591,398,42,64
BA,Industrial Goods,BiGRU,classification,20,5,5,0.5073471749248217,1.020184528260004,398,42,64
BA,Industrial Goods,BiGRU,classification,20,5,6,0.4562546850448877,0.7559337076686677,398,42,64
BA,Industrial Goods,BiGRU,classification,20,5,7,0.4657401123538089,1.2080367973872594,398,42,64
BA,Industrial Goods,BiGRU,classification,20,5,8,0.4276256239294407,1.34857516061692,398,42,64
BA,Industrial Goods,BiGRU,classification,20,5,9,0.4119853065840563,1.3998055287769862,398,42,64
BA,Industrial Goods,BiGRU,classification,20,5,10,0.3769728920268054,1.2993775677113306,398,42,64
BA,Industrial Goods,BiGRU,classification,20,5,11,0.3781342115534011,1.3200602474666776,398,42,64
BA,Industrial Goods,BiGRU,classification,20,5,12,0.2867802028080926,1.162990723337446,398,42,64
BA,Industrial Goods,BiGRU,classification,20,5,13,0.23888218058413596,1.2909365324746995,398,42,64
BA,Industrial Goods,BiGRU,classification,20,5,14,0.20246650031463584,1.387763812428429,398,42,64
BA,Industrial Goods,BiGRU,classification,20,5,15,0.20413433846516824,1.3108858778363182,398,42,64
BA,Industrial Goods,BiGRU,classification,20,5,16,0.20155436773995059,1.330126180535271,398,42,64
BA,Industrial Goods,BiGRU,classification,20,5,17,0.17803047582432252,1.2808493148712885,398,42,64
BAC,Financial,BiGRU,classification,20,5,1,0.6829939047295843,0.7252030202320644,398,42,64
BAC,Financial,BiGRU,classification,20,5,2,0.623581970606617,1.1281347274780273,398,42,64
BAC,Financial,BiGRU,classification,20,5,3,0.5977526176814458,1.1907112371353876,398,42,64
BAC,Financial,BiGRU,classification,20,5,4,0.5585940998403272,1.9878988038925898,398,42,64
BAC,Financial,BiGRU,classification,20,5,5,0.475806314816427,2.9044895399184454,398,42,64
BAC,Financial,BiGRU,classification,20,5,6,0.46937073812113334,2.501181057521275,398,42,64
BAC,Financial,BiGRU,classification,20,5,7,0.45663788847288295,2.4090115910484675,398,42,64
BAC,Financial,BiGRU,classification,20,5,8,0.40209103918554795,2.716040861038935,398,42,64
BAC,Financial,BiGRU,classification,20,5,9,0.37593256888078086,3.329078583490281,398,42,64
BAC,Financial,BiGRU,classification,20,5,10,0.3099439229123556,2.9125034468514577,398,42,64
BAC,Financial,BiGRU,classification,20,5,11,0.2701153874247517,3.1121428353445872,398,42,64
BAC,Financial,BiGRU,classification,20,5,12,0.249992283519788,3.1239732106526694,398,42,64
BAC,Financial,BiGRU,classification,20,5,13,0.2127573646268054,3.0911924044291177,398,42,64
BAC,Financial,BiGRU,classification,20,5,14,0.19839230366987198,3.3631396293640137,398,42,64
BAC,Financial,BiGRU,classification,20,5,15,0.20975501206352484,3.137888272603353,398,42,64
BAC,Financial,BiGRU,classification,20,5,16,0.1742594386053145,2.8870239484877813,398,42,64
BBL,Basic Matierials,BiGRU,classification,20,5,1,0.7582564958974943,0.6622065646307809,398,42,64
BBL,Basic Matierials,BiGRU,classification,20,5,2,0.672660825540073,0.7147131051336016,398,42,64
BBL,Basic Matierials,BiGRU,classification,20,5,3,0.5850555237813212,0.833342799118587,398,42,64
BBL,Basic Matierials,BiGRU,classification,20,5,4,0.5514961235487281,0.8339218298594157,398,42,64
BBL,Basic Matierials,BiGRU,classification,20,5,5,0.5000274726493874,1.149158341544015,398,42,64
BBL,Basic Matierials,BiGRU,classification,20,5,6,0.47730730002249905,1.3980291457403273,398,42,64
BBL,Basic Matierials,BiGRU,classification,20,5,7,0.4412643229542066,1.294908841451009,398,42,64
BBL,Basic Matierials,BiGRU,classification,20,5,8,0.46979180098178996,1.283496067637489,398,42,64
BBL,Basic Matierials,BiGRU,classification,20,5,9,0.4336830781183051,1.3098425354276384,398,42,64
BBL,Basic Matierials,BiGRU,classification,20,5,10,0.40976045419223345,0.7344279771759397,398,42,64
BBL,Basic Matierials,BiGRU,classification,20,5,11,0.3139421705100405,0.923951384567079,398,42,64
BBL,Basic Matierials,BiGRU,classification,20,5,12,0.26486846263609337,0.7093679819788251,398,42,64
BBL,Basic Matierials,BiGRU,classification,20,5,13,0.2474032198289531,0.8283702049936567,398,42,64
BBL,Basic Matierials,BiGRU,classification,20,5,14,0.2531638256082283,0.8766223915985653,398,42,64
BBL,Basic Matierials,BiGRU,classification,20,5,15,0.228761546070402,0.8624223726136344,398,42,64
BBL,Basic Matierials,BiGRU,classification,20,5,16,0.2299278054629738,0.8379700070335752,398,42,64
BCH,Financial,BiGRU,classification,20,5,1,0.7109471364835998,0.738530193056379,398,42,64
BCH,Financial,BiGRU,classification,20,5,2,0.6534490246868613,1.5424594765617734,398,42,64
BCH,Financial,BiGRU,classification,20,5,3,0.5857742863084803,1.8983316251209803,398,42,64
BCH,Financial,BiGRU,classification,20,5,4,0.5262477652511405,3.057235808599563,398,42,64
BCH,Financial,BiGRU,classification,20,5,5,0.472844685591645,4.024105980282738,398,42,64
BCH,Financial,BiGRU,classification,20,5,6,0.43937398785322757,3.6976649307069325,398,42,64
BCH,Financial,BiGRU,classification,20,5,7,0.4048410523776433,3.0601950770332698,398,42,64
BCH,Financial,BiGRU,classification,20,5,8,0.3905159157125195,1.0547506454445066,398,42,64
BCH,Financial,BiGRU,classification,20,5,9,0.37934826157200874,5.775777215049381,398,42,64
BCH,Financial,BiGRU,classification,20,5,10,0.2922076698224149,4.529593978609357,398,42,64
BCH,Financial,BiGRU,classification,20,5,11,0.22677477449178696,4.31297771135966,398,42,64
BCH,Financial,BiGRU,classification,20,5,12,0.19878354376584442,6.720554192860921,398,42,64
BCH,Financial,BiGRU,classification,20,5,13,0.22692201791995734,7.051561071759179,398,42,64
BCH,Financial,BiGRU,classification,20,5,14,0.2449155722056801,4.331191448938279,398,42,64
BCH,Financial,BiGRU,classification,20,5,15,0.21916466067783796,5.310479516074771,398,42,64
BCH,Financial,BiGRU,classification,20,5,16,0.18086558905191458,5.645823830649967,398,42,64
BHP,Basic Matierials,BiGRU,classification,20,5,1,0.7407279631600308,0.7031937156404767,398,42,64
BHP,Basic Matierials,BiGRU,classification,20,5,2,0.6577302937831112,0.9437921614873976,398,42,64
BHP,Basic Matierials,BiGRU,classification,20,5,3,0.5778434802239863,1.0334604808262415,398,42,64
BHP,Basic Matierials,BiGRU,classification,20,5,4,0.5299258724828462,1.3935193447839647,398,42,64
BHP,Basic Matierials,BiGRU,classification,20,5,5,0.5029319334569289,2.758336964107695,398,42,64
BHP,Basic Matierials,BiGRU,classification,20,5,6,0.44955472468431273,3.023587533405849,398,42,64
BHP,Basic Matierials,BiGRU,classification,20,5,7,0.4341326972947049,5.40102463676816,398,42,64
BHP,Basic Matierials,BiGRU,classification,20,5,8,0.42317104085006907,4.261328719911122,398,42,64
BHP,Basic Matierials,BiGRU,classification,20,5,9,0.3784263650676114,6.684999920073009,398,42,64
BHP,Basic Matierials,BiGRU,classification,20,5,10,0.36061045126849084,6.666931947072347,398,42,64
BHP,Basic Matierials,BiGRU,classification,20,5,11,0.29324740673129884,8.26120240347726,398,42,64
BHP,Basic Matierials,BiGRU,classification,20,5,12,0.31100898295940466,8.478170576549712,398,42,64
BHP,Basic Matierials,BiGRU,classification,20,5,13,0.36185516267266105,8.30066358475458,398,42,64
BHP,Basic Matierials,BiGRU,classification,20,5,14,0.31882226208795855,7.005711305709112,398,42,64
BHP,Basic Matierials,BiGRU,classification,20,5,15,0.23519482815535225,7.648363885425386,398,42,64
BHP,Basic Matierials,BiGRU,classification,20,5,16,0.23488003798016352,7.509914171128046,398,42,64
BP,Basic Matierials,BiGRU,classification,20,5,1,0.7492837744142542,0.6330581591242835,398,42,64
BP,Basic Matierials,BiGRU,classification,20,5,2,0.6930926157601515,1.6762930438632058,398,42,64
BP,Basic Matierials,BiGRU,classification,20,5,3,0.6096551951451518,3.108369236900693,398,42,64
BP,Basic Matierials,BiGRU,classification,20,5,4,0.5435178363742541,3.1715862296876454,398,42,64
BP,Basic Matierials,BiGRU,classification,20,5,5,0.5193864131093624,2.751499051139468,398,42,64
BP,Basic Matierials,BiGRU,classification,20,5,6,0.4746649665149612,3.7782429172879173,398,42,64
BP,Basic Matierials,BiGRU,classification,20,5,7,0.48501334672597185,2.5800205071767173,398,42,64
BP,Basic Matierials,BiGRU,classification,20,5,8,0.41798511986157405,2.657704239799863,398,42,64
BP,Basic Matierials,BiGRU,classification,20,5,9,0.4407471265625115,5.252281665802002,398,42,64
BP,Basic Matierials,BiGRU,classification,20,5,10,0.4008935077406054,2.152539542743138,398,42,64
BP,Basic Matierials,BiGRU,classification,20,5,11,0.3233151074929453,3.052169379733858,398,42,64
BP,Basic Matierials,BiGRU,classification,20,5,12,0.29555104186187436,3.053403615951538,398,42,64
BP,Basic Matierials,BiGRU,classification,20,5,13,0.2552404315327879,2.932812202544439,398,42,64
BP,Basic Matierials,BiGRU,classification,20,5,14,0.25186991781445606,3.4376367727915444,398,42,64
BP,Basic Matierials,BiGRU,classification,20,5,15,0.20952106742703136,2.43365250314985,398,42,64
BP,Basic Matierials,BiGRU,classification,20,5,16,0.2159702670783853,3.884054558617728,398,42,64
BRK-A,Financial,BiGRU,classification,20,5,1,0.773201501249668,0.7765903643199376,398,42,64
BRK-A,Financial,BiGRU,classification,20,5,2,0.7226838361677812,0.8043884038925171,398,42,64
BRK-A,Financial,BiGRU,classification,20,5,3,0.6590222368887322,2.4759273869650706,398,42,64
BRK-A,Financial,BiGRU,classification,20,5,4,0.6001288058170721,6.749769960130964,398,42,64
BRK-A,Financial,BiGRU,classification,20,5,5,0.5791956008079663,6.261393683297293,398,42,64
BRK-A,Financial,BiGRU,classification,20,5,6,0.5505757005370442,4.035084656306675,398,42,64
BRK-A,Financial,BiGRU,classification,20,5,7,0.513306848367854,7.559250559125628,398,42,64
BRK-A,Financial,BiGRU,classification,20,5,8,0.512392810990463,4.392040320805141,398,42,64
BRK-A,Financial,BiGRU,classification,20,5,9,0.5163423372572989,6.99588562193371,398,42,64
BRK-A,Financial,BiGRU,classification,20,5,10,0.42927687072274673,6.370328380948021,398,42,64
BRK-A,Financial,BiGRU,classification,20,5,11,0.3304561424494988,8.180445761907668,398,42,64
BRK-A,Financial,BiGRU,classification,20,5,12,0.2849324669071178,8.666736375717889,398,42,64
BRK-A,Financial,BiGRU,classification,20,5,13,0.2752009177177995,6.975454988933745,398,42,64
BRK-A,Financial,BiGRU,classification,20,5,14,0.24328590098337913,9.29258326121739,398,42,64
BRK-A,Financial,BiGRU,classification,20,5,15,0.3119565958353742,7.39238843463716,398,42,64
BRK-A,Financial,BiGRU,classification,20,5,16,0.2571295534246531,7.923435302007766,398,42,64
BSAC,Financial,BiGRU,classification,20,5,1,0.8156842538459816,0.7072085880097889,398,42,64
BSAC,Financial,BiGRU,classification,20,5,2,0.6636939051762298,0.8665434122085571,398,42,64
BSAC,Financial,BiGRU,classification,20,5,3,0.6092840873416344,1.9361097415288289,398,42,64
BSAC,Financial,BiGRU,classification,20,5,4,0.5619977526928313,1.943406065305074,398,42,64
BSAC,Financial,BiGRU,classification,20,5,5,0.5159101009967938,1.695671314284915,398,42,64
BSAC,Financial,BiGRU,classification,20,5,6,0.45927108502268194,1.7575421219780332,398,42,64
BSAC,Financial,BiGRU,classification,20,5,7,0.4942092923962291,2.997952904020037,398,42,64
BSAC,Financial,BiGRU,classification,20,5,8,0.5090409467867272,2.1134635493868874,398,42,64
BSAC,Financial,BiGRU,classification,20,5,9,0.5083364014649511,3.873501391637893,398,42,64
BSAC,Financial,BiGRU,classification,20,5,10,0.4103442966638498,3.270574308577038,398,42,64
BSAC,Financial,BiGRU,classification,20,5,11,0.3039394835730893,3.787372214453561,398,42,64
BSAC,Financial,BiGRU,classification,20,5,12,0.28603817290397143,4.253927401133946,398,42,64
BSAC,Financial,BiGRU,classification,20,5,13,0.2372910032919304,3.1517323085239957,398,42,64
BSAC,Financial,BiGRU,classification,20,5,14,0.24121290625040256,5.4692331949869795,398,42,64
BSAC,Financial,BiGRU,classification,20,5,15,0.21022285708230942,3.393573533921015,398,42,64
BSAC,Financial,BiGRU,classification,20,5,16,0.18561872660215176,6.0605267116001675,398,42,64
BUD,Consumer Goods,BiGRU,classification,20,5,1,0.7365112310677917,0.760125016882306,398,42,64
BUD,Consumer Goods,BiGRU,classification,20,5,2,0.7939795373971738,1.6490797315325056,398,42,64
BUD,Consumer Goods,BiGRU,classification,20,5,3,0.6362706987402547,1.258766492207845,398,42,64
BUD,Consumer Goods,BiGRU,classification,20,5,4,0.557602962357315,2.5790072963351296,398,42,64
BUD,Consumer Goods,BiGRU,classification,20,5,5,0.5117973751159169,1.7520224054654439,398,42,64
BUD,Consumer Goods,BiGRU,classification,20,5,6,0.5177093046394425,2.97767896879287,398,42,64
BUD,Consumer Goods,BiGRU,classification,20,5,7,0.4715109365669327,1.9097984291258312,398,42,64
BUD,Consumer Goods,BiGRU,classification,20,5,8,0.40581626021981837,1.5351243302935647,398,42,64
BUD,Consumer Goods,BiGRU,classification,20,5,9,0.38591683143047834,5.113906724112375,398,42,64
BUD,Consumer Goods,BiGRU,classification,20,5,10,0.4581275574825517,3.12342745917184,398,42,64
BUD,Consumer Goods,BiGRU,classification,20,5,11,0.30903256950366437,3.1109890710739863,398,42,64
BUD,Consumer Goods,BiGRU,classification,20,5,12,0.2806343925208902,3.729031176794143,398,42,64
BUD,Consumer Goods,BiGRU,classification,20,5,13,0.23600764632524557,2.895948432740711,398,42,64
BUD,Consumer Goods,BiGRU,classification,20,5,14,0.20788148813061977,5.702415829613095,398,42,64
BUD,Consumer Goods,BiGRU,classification,20,5,15,0.21772676618329845,3.794620468502953,398,42,64
BUD,Consumer Goods,BiGRU,classification,20,5,16,0.1846226192262005,6.045256705511184,398,42,64
C,Financial,BiGRU,classification,20,5,1,0.7284317462887596,0.9965398879278273,398,42,64
C,Financial,BiGRU,classification,20,5,2,0.6778310445984405,0.7011011441548666,398,42,64
C,Financial,BiGRU,classification,20,5,3,0.6381823883284277,1.3686063857305617,398,42,64
C,Financial,BiGRU,classification,20,5,4,0.5611811768469499,1.5335742178417386,398,42,64
C,Financial,BiGRU,classification,20,5,5,0.515863645166608,2.849882125854492,398,42,64
C,Financial,BiGRU,classification,20,5,6,0.4977574764034856,1.4423628761654808,398,42,64
C,Financial,BiGRU,classification,20,5,7,0.4723092986261425,3.339530558813186,398,42,64
C,Financial,BiGRU,classification,20,5,8,0.44506374375904023,1.8514805407751174,398,42,64
C,Financial,BiGRU,classification,20,5,9,0.4208546123612466,2.3113895597912015,398,42,64
C,Financial,BiGRU,classification,20,5,10,0.3941162691343969,3.324585551307315,398,42,64
C,Financial,BiGRU,classification,20,5,11,0.35612444332496607,3.5692313512166343,398,42,64
C,Financial,BiGRU,classification,20,5,12,0.26998852994573774,3.910029638381231,398,42,64
C,Financial,BiGRU,classification,20,5,13,0.2280494874745757,4.182029519762311,398,42,64
C,Financial,BiGRU,classification,20,5,14,0.18980903148501363,4.87274710337321,398,42,64
C,Financial,BiGRU,classification,20,5,15,0.18031907504677175,3.853679974873861,398,42,64
C,Financial,BiGRU,classification,20,5,16,0.16994960093168757,6.602813629877,398,42,64
C,Financial,BiGRU,classification,20,5,17,0.1617942201394831,5.821285974411738,398,42,64
CAT,Industrial Goods,BiGRU,classification,20,5,1,0.7489396390603416,0.8095566885811942,398,42,64
CAT,Industrial Goods,BiGRU,classification,20,5,2,0.6655135482699428,1.7553437664395286,398,42,64
CAT,Industrial Goods,BiGRU,classification,20,5,3,0.5686296014929536,1.615195978255499,398,42,64
CAT,Industrial Goods,BiGRU,classification,20,5,4,0.516686925636464,2.3316642556871687,398,42,64
CAT,Industrial Goods,BiGRU,classification,20,5,5,0.508995497196763,2.0871963387443904,398,42,64
CAT,Industrial Goods,BiGRU,classification,20,5,6,0.5219584282618671,1.7915828682127453,398,42,64
CAT,Industrial Goods,BiGRU,classification,20,5,7,0.4259961773103206,3.4507700829278853,398,42,64
CAT,Industrial Goods,BiGRU,classification,20,5,8,0.3934613444547557,1.4160893644605363,398,42,64
CAT,Industrial Goods,BiGRU,classification,20,5,9,0.38095952690246715,1.3619195904050554,398,42,64
CAT,Industrial Goods,BiGRU,classification,20,5,10,0.3826397026154264,1.1421980630783808,398,42,64
CAT,Industrial Goods,BiGRU,classification,20,5,11,0.2652489532103491,1.6606290340423584,398,42,64
CAT,Industrial Goods,BiGRU,classification,20,5,12,0.23959929713202482,1.4071826083319527,398,42,64
CAT,Industrial Goods,BiGRU,classification,20,5,13,0.19084006750104415,1.3774801038560414,398,42,64
CAT,Industrial Goods,BiGRU,classification,20,5,14,0.22956820292838254,2.253059080668858,398,42,64
CAT,Industrial Goods,BiGRU,classification,20,5,15,0.18913143910654825,1.8189259483700706,398,42,64
CAT,Industrial Goods,BiGRU,classification,20,5,16,0.18598516626124406,2.4191153049468994,398,42,64
CELG,Healthcare,BiGRU,classification,20,5,1,0.6753075649989909,0.5508312483628591,398,42,64
CELG,Healthcare,BiGRU,classification,20,5,2,0.6886063304977801,0.7161763282049269,398,42,64
CELG,Healthcare,BiGRU,classification,20,5,3,0.604760789541743,1.029604316112541,398,42,64
CELG,Healthcare,BiGRU,classification,20,5,4,0.4872796161090908,0.7666329626171362,398,42,64
CELG,Healthcare,BiGRU,classification,20,5,5,0.4491624957952068,1.1936528512409754,398,42,64
CELG,Healthcare,BiGRU,classification,20,5,6,0.43162552705362217,1.2315814484442984,398,42,64
CELG,Healthcare,BiGRU,classification,20,5,7,0.47024466569100193,2.028723722412473,398,42,64
CELG,Healthcare,BiGRU,classification,20,5,8,0.4665350421289703,2.12373438619432,398,42,64
CELG,Healthcare,BiGRU,classification,20,5,9,0.45913188436522556,1.2269608548709325,398,42,64
CELG,Healthcare,BiGRU,classification,20,5,10,0.3754834329812371,1.4347929982911973,398,42,64
CELG,Healthcare,BiGRU,classification,20,5,11,0.3168167310144434,1.6508332561878931,398,42,64
CELG,Healthcare,BiGRU,classification,20,5,12,0.25756028878628906,2.3453477990059626,398,42,64
CELG,Healthcare,BiGRU,classification,20,5,13,0.23140074499887436,2.5911652729624794,398,42,64
CELG,Healthcare,BiGRU,classification,20,5,14,0.20647093170701558,2.4996432406561717,398,42,64
CELG,Healthcare,BiGRU,classification,20,5,15,0.22727734715345516,2.6080510147980283,398,42,64
CELG,Healthcare,BiGRU,classification,20,5,16,0.2086360429100056,3.209567660377139,398,42,64
CHL,Technology,BiGRU,classification,20,5,1,0.7570404985442234,0.6876399375143505,398,42,64
CHL,Technology,BiGRU,classification,20,5,2,0.6817454881404512,0.8702883209500994,398,42,64
CHL,Technology,BiGRU,classification,20,5,3,0.5811403929887704,0.624991394224621,398,42,64
CHL,Technology,BiGRU,classification,20,5,4,0.5370732881315988,1.5374126207260859,398,42,64
CHL,Technology,BiGRU,classification,20,5,5,0.5125429189983924,2.2908523877461753,398,42,64
CHL,Technology,BiGRU,classification,20,5,6,0.5381872432315769,1.5232714811960857,398,42,64
CHL,Technology,BiGRU,classification,20,5,7,0.5039036106224635,1.6741145905994235,398,42,64
CHL,Technology,BiGRU,classification,20,5,8,0.4997849203833383,3.287313631602696,398,42,64
CHL,Technology,BiGRU,classification,20,5,9,0.42592215508072817,2.9039067313784646,398,42,64
CHL,Technology,BiGRU,classification,20,5,10,0.38213171431766685,2.114099139258975,398,42,64
CHL,Technology,BiGRU,classification,20,5,11,0.37237096536698655,4.1019304139273505,398,42,64
CHL,Technology,BiGRU,classification,20,5,12,0.3296853318885343,3.784993148985363,398,42,64
CHL,Technology,BiGRU,classification,20,5,13,0.25929086127472883,4.007997444697788,398,42,64
CHL,Technology,BiGRU,classification,20,5,14,0.234197759298823,3.8893762088957287,398,42,64
CHL,Technology,BiGRU,classification,20,5,15,0.21865545977000614,5.362751915341332,398,42,64
CHL,Technology,BiGRU,classification,20,5,16,0.22131228858801588,5.079718907674153,398,42,64
CHL,Technology,BiGRU,classification,20,5,17,0.1946760610719422,5.203215916951497,398,42,64
CHL,Technology,BiGRU,classification,20,5,18,0.17374877803888752,5.656262488592239,398,42,64
CHTR,Services,BiGRU,classification,20,5,1,0.7524614388020194,0.7156515376908439,398,42,64
CHTR,Services,BiGRU,classification,20,5,2,0.6421052040766232,1.1248910058112371,398,42,64
CHTR,Services,BiGRU,classification,20,5,3,0.5700001396126484,1.3074338478701455,398,42,64
CHTR,Services,BiGRU,classification,20,5,4,0.527415670042661,1.7052368677797771,398,42,64
CHTR,Services,BiGRU,classification,20,5,5,0.5017771136820616,2.399168902919406,398,42,64
CHTR,Services,BiGRU,classification,20,5,6,0.48542879783927495,3.4327818041756037,398,42,64
CHTR,Services,BiGRU,classification,20,5,7,0.48834728565647373,1.284911817028409,398,42,64
CHTR,Services,BiGRU,classification,20,5,8,0.4557920754255362,1.5480810914720808,398,42,64
CHTR,Services,BiGRU,classification,20,5,9,0.3830631093763227,1.4465208905083793,398,42,64
CHTR,Services,BiGRU,classification,20,5,10,0.33545191893026455,1.4078865221568517,398,42,64
CHTR,Services,BiGRU,classification,20,5,11,0.28336347025543,1.6535041161945887,398,42,64
CHTR,Services,BiGRU,classification,20,5,12,0.24646419803401334,2.0802028690065657,398,42,64
CHTR,Services,BiGRU,classification,20,5,13,0.24608336778441867,1.9677704515911283,398,42,64
CHTR,Services,BiGRU,classification,20,5,14,0.2540092159006464,1.8473020394643147,398,42,64
CHTR,Services,BiGRU,classification,20,5,15,0.22868046845922518,2.292488484155564,398,42,64
CHTR,Services,BiGRU,classification,20,5,16,0.22657991335469874,2.344176633017404,398,42,64
CMCSA,Services,BiGRU,classification,20,5,1,0.7025457980045721,0.6186148921648661,398,42,64
CMCSA,Services,BiGRU,classification,20,5,2,0.6658892532688888,1.1072207660902114,398,42,64
CMCSA,Services,BiGRU,classification,20,5,3,0.5644322223399751,1.2807440630027227,398,42,64
CMCSA,Services,BiGRU,classification,20,5,4,0.5439104743339308,1.6662147215434484,398,42,64
CMCSA,Services,BiGRU,classification,20,5,5,0.5260481148508925,1.8356537591843378,398,42,64
CMCSA,Services,BiGRU,classification,20,5,6,0.4944845148965941,2.1882002296901883,398,42,64
CMCSA,Services,BiGRU,classification,20,5,7,0.41051249093745823,3.2315023910431635,398,42,64
CMCSA,Services,BiGRU,classification,20,5,8,0.45835758034308355,3.705335719244821,398,42,64
CMCSA,Services,BiGRU,classification,20,5,9,0.4114882141052179,4.630492902937389,398,42,64
CMCSA,Services,BiGRU,classification,20,5,10,0.3631859473771785,4.379370416913714,398,42,64
CMCSA,Services,BiGRU,classification,20,5,11,0.3098004821631777,4.6776403813135055,398,42,64
CMCSA,Services,BiGRU,classification,20,5,12,0.2627387400248542,5.5491312344868975,398,42,64
CMCSA,Services,BiGRU,classification,20,5,13,0.23129991576749476,5.480265447071621,398,42,64
CMCSA,Services,BiGRU,classification,20,5,14,0.2110611621159405,5.366187799544561,398,42,64
CMCSA,Services,BiGRU,classification,20,5,15,0.19925667034770975,5.553795110611689,398,42,64
CMCSA,Services,BiGRU,classification,20,5,16,0.1962078237091776,5.545140402657645,398,42,64
CODI,Conglomerates,BiGRU,classification,20,5,1,0.8029155156121182,0.7469137140682766,398,42,64
CODI,Conglomerates,BiGRU,classification,20,5,2,0.6539714587992759,1.3846142575854348,398,42,64
CODI,Conglomerates,BiGRU,classification,20,5,3,0.6130320124290697,3.794240429287865,398,42,64
CODI,Conglomerates,BiGRU,classification,20,5,4,0.5694847280655674,2.814143078667777,398,42,64
CODI,Conglomerates,BiGRU,classification,20,5,5,0.5186190861253882,4.242884840284075,398,42,64
CODI,Conglomerates,BiGRU,classification,20,5,6,0.4810847569650142,3.055929865155901,398,42,64
CODI,Conglomerates,BiGRU,classification,20,5,7,0.4310186569714666,5.334265981401716,398,42,64
CODI,Conglomerates,BiGRU,classification,20,5,8,0.4115059950842929,7.108223324730282,398,42,64
CODI,Conglomerates,BiGRU,classification,20,5,9,0.49904899845770256,4.442017850421724,398,42,64
CODI,Conglomerates,BiGRU,classification,20,5,10,0.3659027244277935,5.2508087158203125,398,42,64
CODI,Conglomerates,BiGRU,classification,20,5,11,0.3017445982401095,5.718921071007138,398,42,64
CODI,Conglomerates,BiGRU,classification,20,5,12,0.24270457074270776,5.4739494777861095,398,42,64
CODI,Conglomerates,BiGRU,classification,20,5,13,0.22261339126519822,6.5717436245509555,398,42,64
CODI,Conglomerates,BiGRU,classification,20,5,14,0.2275336926905953,6.0589219729105634,398,42,64
CODI,Conglomerates,BiGRU,classification,20,5,15,0.2291926446572021,6.20602966490246,398,42,64
CODI,Conglomerates,BiGRU,classification,20,5,16,0.21681830945925498,8.111644245329357,398,42,64
CSCO,Technology,BiGRU,classification,20,5,1,0.7052213810197073,0.8318780802545094,398,42,64
CSCO,Technology,BiGRU,classification,20,5,2,0.5841282713952376,1.5375677006585258,398,42,64
CSCO,Technology,BiGRU,classification,20,5,3,0.5414906865987347,1.8824363095419747,398,42,64
CSCO,Technology,BiGRU,classification,20,5,4,0.48619611838355137,1.5217901127679008,398,42,64
CSCO,Technology,BiGRU,classification,20,5,5,0.4493862218293712,2.257474286215646,398,42,64
CSCO,Technology,BiGRU,classification,20,5,6,0.3942071112556074,3.1215335868653797,398,42,64
CSCO,Technology,BiGRU,classification,20,5,7,0.4025854332063665,1.4995506945110502,398,42,64
CSCO,Technology,BiGRU,classification,20,5,8,0.3924785606825172,1.2869173685709636,398,42,64
CSCO,Technology,BiGRU,classification,20,5,9,0.3549116253852844,2.205391134534563,398,42,64
CSCO,Technology,BiGRU,classification,20,5,10,0.34223617081666113,2.172088657106672,398,42,64
CSCO,Technology,BiGRU,classification,20,5,11,0.2589720763902568,2.498614095506214,398,42,64
CSCO,Technology,BiGRU,classification,20,5,12,0.20667222576524744,2.2111638500576927,398,42,64
CSCO,Technology,BiGRU,classification,20,5,13,0.20976889388046072,2.4938767637525285,398,42,64
CSCO,Technology,BiGRU,classification,20,5,14,0.18970138523446856,2.7574051788875034,398,42,64
CSCO,Technology,BiGRU,classification,20,5,15,0.18540431210892883,2.8921526840754916,398,42,64
CSCO,Technology,BiGRU,classification,20,5,16,0.17665926151763853,2.7560520739782426,398,42,64
CVX,Basic Matierials,BiGRU,classification,20,5,1,0.7401651710122075,0.7370678186416626,398,42,64
CVX,Basic Matierials,BiGRU,classification,20,5,2,0.689316765147837,1.8253400836672102,398,42,64
CVX,Basic Matierials,BiGRU,classification,20,5,3,0.6031514654806511,1.4995183490571522,398,42,64
CVX,Basic Matierials,BiGRU,classification,20,5,4,0.5763511421093389,1.8103122313817341,398,42,64
CVX,Basic Matierials,BiGRU,classification,20,5,5,0.515201557521245,1.5870069208599271,398,42,64
CVX,Basic Matierials,BiGRU,classification,20,5,6,0.49296236405121024,1.6188723132723855,398,42,64
CVX,Basic Matierials,BiGRU,classification,20,5,7,0.46319490042164096,1.9368377980731784,398,42,64
CVX,Basic Matierials,BiGRU,classification,20,5,8,0.46378682636136387,1.9978626682644798,398,42,64
CVX,Basic Matierials,BiGRU,classification,20,5,9,0.45424849349050667,2.928401447477795,398,42,64
CVX,Basic Matierials,BiGRU,classification,20,5,10,0.35971877937340857,2.731122062319801,398,42,64
CVX,Basic Matierials,BiGRU,classification,20,5,11,0.3049764256156869,3.151234921954927,398,42,64
CVX,Basic Matierials,BiGRU,classification,20,5,12,0.29982083010014576,4.209280581701369,398,42,64
CVX,Basic Matierials,BiGRU,classification,20,5,13,0.2742713166017029,3.6435131345476424,398,42,64
CVX,Basic Matierials,BiGRU,classification,20,5,14,0.24889905548574937,4.544923850468227,398,42,64
CVX,Basic Matierials,BiGRU,classification,20,5,15,0.22387967344804025,4.583851405552456,398,42,64
CVX,Basic Matierials,BiGRU,classification,20,5,16,0.22823880245937175,5.514574913751511,398,42,64
D,Utilities,BiGRU,classification,20,5,1,0.6789340826135185,1.0129180209977287,398,42,64
D,Utilities,BiGRU,classification,20,5,2,0.6536010743385583,1.574619349979219,398,42,64
D,Utilities,BiGRU,classification,20,5,3,0.5752086428242114,1.6211661440985543,398,42,64
D,Utilities,BiGRU,classification,20,5,4,0.4943560601478845,1.72994863986969,398,42,64
D,Utilities,BiGRU,classification,20,5,5,0.43505590465200605,1.8113729102270943,398,42,64
D,Utilities,BiGRU,classification,20,5,6,0.39624270040485726,1.8159505157243638,398,42,64
D,Utilities,BiGRU,classification,20,5,7,0.397716049123649,1.757248219989595,398,42,64
D,Utilities,BiGRU,classification,20,5,8,0.37667133984853274,1.5878703196843464,398,42,64
D,Utilities,BiGRU,classification,20,5,9,0.3398502050482448,2.057969184148879,398,42,64
D,Utilities,BiGRU,classification,20,5,10,0.2907845788265592,1.9301059075764246,398,42,64
D,Utilities,BiGRU,classification,20,5,11,0.23313106210836812,2.2926922014781406,398,42,64
D,Utilities,BiGRU,classification,20,5,12,0.2010893813105085,2.13283642133077,398,42,64
D,Utilities,BiGRU,classification,20,5,13,0.17699550343069,2.375718525477818,398,42,64
D,Utilities,BiGRU,classification,20,5,14,0.16813592803687905,2.5512481303442094,398,42,64
D,Utilities,BiGRU,classification,20,5,15,0.15239259113917997,2.406116837546939,398,42,64
D,Utilities,BiGRU,classification,20,5,16,0.14418147620394003,2.3081838289896646,398,42,64
DHR,Industrial Goods,BiGRU,classification,20,5,1,0.8054616906535086,0.6235766609509786,398,42,64
DHR,Industrial Goods,BiGRU,classification,20,5,2,0.6833542741123756,0.7339589595794678,398,42,64
DHR,Industrial Goods,BiGRU,classification,20,5,3,0.6184163855847402,1.4227526528494698,398,42,64
DHR,Industrial Goods,BiGRU,classification,20,5,4,0.5701068761061184,1.6932969831285023,398,42,64
DHR,Industrial Goods,BiGRU,classification,20,5,5,0.5495869565249687,2.3029482705252513,398,42,64
DHR,Industrial Goods,BiGRU,classification,20,5,6,0.5457122987838247,1.8212354750860305,398,42,64
DHR,Industrial Goods,BiGRU,classification,20,5,7,0.5125080279668971,2.6731917403993153,398,42,64
DHR,Industrial Goods,BiGRU,classification,20,5,8,0.458413029435891,2.888330584480649,398,42,64
DHR,Industrial Goods,BiGRU,classification,20,5,9,0.419142865206129,3.196889116650536,398,42,64
DHR,Industrial Goods,BiGRU,classification,20,5,10,0.38387393958904037,3.694194441749936,398,42,64
DHR,Industrial Goods,BiGRU,classification,20,5,11,0.32383001337398837,2.8364145982833135,398,42,64
DHR,Industrial Goods,BiGRU,classification,20,5,12,0.30975924200149035,3.378419274375552,398,42,64
DHR,Industrial Goods,BiGRU,classification,20,5,13,0.28545278595320545,3.0214169252486456,398,42,64
DHR,Industrial Goods,BiGRU,classification,20,5,14,0.25871682825999043,3.1369355633145286,398,42,64
DHR,Industrial Goods,BiGRU,classification,20,5,15,0.2642168348383664,3.466216200873965,398,42,64
DHR,Industrial Goods,BiGRU,classification,20,5,16,0.25478097927480486,3.0927926699320474,398,42,64
DIS,Services,BiGRU,classification,20,5,1,0.6744059258369944,1.449348040989467,398,42,64
DIS,Services,BiGRU,classification,20,5,2,0.6718737572880845,2.872009229092371,398,42,64
DIS,Services,BiGRU,classification,20,5,3,0.6410985376367617,4.158728463309152,398,42,64
DIS,Services,BiGRU,classification,20,5,4,0.6100695369830683,3.7296483630225774,398,42,64
DIS,Services,BiGRU,classification,20,5,5,0.5697539134241228,3.4167029091290066,398,42,64
DIS,Services,BiGRU,classification,20,5,6,0.5230674590896721,3.6742791050956365,398,42,64
DIS,Services,BiGRU,classification,20,5,7,0.4844069185867981,3.5379617554800853,398,42,64
DIS,Services,BiGRU,classification,20,5,8,0.4323437449021555,6.055325811817532,398,42,64
DIS,Services,BiGRU,classification,20,5,9,0.4531851668453696,4.25791475318727,398,42,64
DIS,Services,BiGRU,classification,20,5,10,0.39235931140693586,5.389961452711196,398,42,64
DIS,Services,BiGRU,classification,20,5,11,0.3285268151280868,5.651639259996868,398,42,64
DIS,Services,BiGRU,classification,20,5,12,0.2905829449245079,5.944229756082807,398,42,64
DIS,Services,BiGRU,classification,20,5,13,0.32016089378888885,6.405599157015483,398,42,64
DIS,Services,BiGRU,classification,20,5,14,0.2771634556839814,6.612595915794373,398,42,64
DIS,Services,BiGRU,classification,20,5,15,0.25245086174813947,7.333353133428664,398,42,64
DIS,Services,BiGRU,classification,20,5,16,0.2503197458221685,7.356612580163138,398,42,64
DUK,Utilities,BiGRU,classification,20,5,1,0.7286370165983037,0.7500044848947298,398,42,64
DUK,Utilities,BiGRU,classification,20,5,2,0.6609472129213151,1.174342685512134,398,42,64
DUK,Utilities,BiGRU,classification,20,5,3,0.5692594680354823,1.478031505654577,398,42,64
DUK,Utilities,BiGRU,classification,20,5,4,0.5169826975120372,1.5766242844568166,398,42,64
DUK,Utilities,BiGRU,classification,20,5,5,0.4608860987814228,2.6399665825691563,398,42,64
DUK,Utilities,BiGRU,classification,20,5,6,0.46157978572438113,1.6768015648163523,398,42,64
DUK,Utilities,BiGRU,classification,20,5,7,0.45955268252435044,1.8793076251458842,398,42,64
DUK,Utilities,BiGRU,classification,20,5,8,0.4136957322532807,1.8213806775775516,398,42,64
DUK,Utilities,BiGRU,classification,20,5,9,0.3756835304163209,3.7277893821176673,398,42,64
DUK,Utilities,BiGRU,classification,20,5,10,0.3454067570779791,2.3310777873578314,398,42,64
DUK,Utilities,BiGRU,classification,20,5,11,0.28726612233636367,2.637601198407494,398,42,64
DUK,Utilities,BiGRU,classification,20,5,12,0.26416183330455617,3.0235107798743703,398,42,64
DUK,Utilities,BiGRU,classification,20,5,13,0.21892816389924916,2.13332793021811,398,42,64
DUK,Utilities,BiGRU,classification,20,5,14,0.19556526510260214,3.291582849143175,398,42,64
DUK,Utilities,BiGRU,classification,20,5,15,0.20945496411629058,3.085218348230813,398,42,64
DUK,Utilities,BiGRU,classification,20,5,16,0.1760249447508074,3.1941394109787886,398,42,64
EXC,Utilities,BiGRU,classification,20,5,1,0.688203136375801,0.8085120632534936,398,42,64
EXC,Utilities,BiGRU,classification,20,5,2,0.7439523511496021,1.2953173291115534,398,42,64
EXC,Utilities,BiGRU,classification,20,5,3,0.5719292015586067,1.2544731554530917,398,42,64
EXC,Utilities,BiGRU,classification,20,5,4,0.509562316402119,1.9000780639194308,398,42,64
EXC,Utilities,BiGRU,classification,20,5,5,0.44961106507622417,2.25119720186506,398,42,64
EXC,Utilities,BiGRU,classification,20,5,6,0.4051482294073057,1.8419585341498965,398,42,64
EXC,Utilities,BiGRU,classification,20,5,7,0.3776891249508115,3.0944817179725286,398,42,64
EXC,Utilities,BiGRU,classification,20,5,8,0.3551507858025968,5.397636754172189,398,42,64
EXC,Utilities,BiGRU,classification,20,5,9,0.31413986979417463,2.4723803656441823,398,42,64
EXC,Utilities,BiGRU,classification,20,5,10,0.2748914298849489,5.020031315939767,398,42,64
EXC,Utilities,BiGRU,classification,20,5,11,0.20571418720573637,4.191555783862159,398,42,64
EXC,Utilities,BiGRU,classification,20,5,12,0.16966739693778243,4.606511990229289,398,42,64
EXC,Utilities,BiGRU,classification,20,5,13,0.14892270913974723,5.4813247635251,398,42,64
EXC,Utilities,BiGRU,classification,20,5,14,0.15162386619790116,5.5766403788612005,398,42,64
EXC,Utilities,BiGRU,classification,20,5,15,0.1245259181713339,5.738845484597342,398,42,64
EXC,Utilities,BiGRU,classification,20,5,16,0.1254954518347829,4.621758699417114,398,42,64
FB,Technology,BiGRU,classification,20,5,1,0.6933753797456846,0.9456323356855483,398,42,64
FB,Technology,BiGRU,classification,20,5,2,0.6109064568826301,2.670757674035572,398,42,64
FB,Technology,BiGRU,classification,20,5,3,0.558460812173297,5.775319814682007,398,42,64
FB,Technology,BiGRU,classification,20,5,4,0.5137864038273318,4.504709879557292,398,42,64
FB,Technology,BiGRU,classification,20,5,5,0.4921516900386044,4.88919490859622,398,42,64
FB,Technology,BiGRU,classification,20,5,6,0.46606317626771016,8.131575198400588,398,42,64
FB,Technology,BiGRU,classification,20,5,7,0.42244517829400213,6.344130186807542,398,42,64
FB,Technology,BiGRU,classification,20,5,8,0.40327055797205497,9.198140961783272,398,42,64
FB,Technology,BiGRU,classification,20,5,9,0.39624290479038227,8.093217327481224,398,42,64
FB,Technology,BiGRU,classification,20,5,10,0.3577258000197123,9.39728441692534,398,42,64
FB,Technology,BiGRU,classification,20,5,11,0.27091694772992303,9.152112506684803,398,42,64
FB,Technology,BiGRU,classification,20,5,12,0.2543520260246555,9.898417132241386,398,42,64
FB,Technology,BiGRU,classification,20,5,13,0.23814073431506827,11.215745880490257,398,42,64
FB,Technology,BiGRU,classification,20,5,14,0.23120920519208787,10.781909079778762,398,42,64
FB,Technology,BiGRU,classification,20,5,15,0.19372469139982706,10.61991058077131,398,42,64
FB,Technology,BiGRU,classification,20,5,16,0.18394556736114936,11.178745633079892,398,42,64
GD,Industrial Goods,BiGRU,classification,20,5,1,0.7739527426173339,0.9079513351122538,398,42,64
GD,Industrial Goods,BiGRU,classification,20,5,2,0.5789350988577359,1.4089555456524803,398,42,64
GD,Industrial Goods,BiGRU,classification,20,5,3,0.5141582794524916,2.151706485521226,398,42,64
GD,Industrial Goods,BiGRU,classification,20,5,4,0.5306671387586163,1.4470934300195604,398,42,64
GD,Industrial Goods,BiGRU,classification,20,5,5,0.5311949435789981,1.179680341765994,398,42,64
GD,Industrial Goods,BiGRU,classification,20,5,6,0.4252273257653318,1.6735843079430717,398,42,64
GD,Industrial Goods,BiGRU,classification,20,5,7,0.40252790798493965,2.008063651266552,398,42,64
GD,Industrial Goods,BiGRU,classification,20,5,8,0.3959695379338672,1.2955207597641718,398,42,64
GD,Industrial Goods,BiGRU,classification,20,5,9,0.43915694352969453,2.1517746448516846,398,42,64
GD,Industrial Goods,BiGRU,classification,20,5,10,0.32362874563614924,2.2456930648712885,398,42,64
GD,Industrial Goods,BiGRU,classification,20,5,11,0.26517378774719624,2.020026434035528,398,42,64
GD,Industrial Goods,BiGRU,classification,20,5,12,0.2549754962999018,2.183893050466265,398,42,64
GD,Industrial Goods,BiGRU,classification,20,5,13,0.22756607321339037,1.429497134117853,398,42,64
GD,Industrial Goods,BiGRU,classification,20,5,14,0.21687928860511013,2.592299018587385,398,42,64
GD,Industrial Goods,BiGRU,classification,20,5,15,0.17351876012044937,2.9252206825074696,398,42,64
GD,Industrial Goods,BiGRU,classification,20,5,16,0.15150980172145306,3.859305041176932,398,42,64
GE,Industrial Goods,BiGRU,classification,20,5,1,0.7846564380966838,0.6352665992010207,398,42,64
GE,Industrial Goods,BiGRU,classification,20,5,2,0.6533436963905641,0.740942527850469,398,42,64
GE,Industrial Goods,BiGRU,classification,20,5,3,0.5811960463547826,1.358346388453529,398,42,64
GE,Industrial Goods,BiGRU,classification,20,5,4,0.5926122713328605,1.4853210619517736,398,42,64
GE,Industrial Goods,BiGRU,classification,20,5,5,0.5019332407107905,1.3956400525002253,398,42,64
GE,Industrial Goods,BiGRU,classification,20,5,6,0.4114473787084896,2.6070928233010426,398,42,64
GE,Industrial Goods,BiGRU,classification,20,5,7,0.41217573264136387,2.8716139906928655,398,42,64
GE,Industrial Goods,BiGRU,classification,20,5,8,0.3977461186186153,2.9014833654676164,398,42,64
GE,Industrial Goods,BiGRU,classification,20,5,9,0.3529927763507594,3.791453997294108,398,42,64
GE,Industrial Goods,BiGRU,classification,20,5,10,0.28263648296121374,3.2137241931188676,398,42,64
GE,Industrial Goods,BiGRU,classification,20,5,11,0.20634494905346004,3.865619977315267,398,42,64
GE,Industrial Goods,BiGRU,classification,20,5,12,0.19773795017644988,4.028224195752825,398,42,64
GE,Industrial Goods,BiGRU,classification,20,5,13,0.1722214855440897,3.714009648277646,398,42,64
GE,Industrial Goods,BiGRU,classification,20,5,14,0.15672268153135502,4.197772230420794,398,42,64
GE,Industrial Goods,BiGRU,classification,20,5,15,0.1781654558589111,4.549244994208927,398,42,64
GE,Industrial Goods,BiGRU,classification,20,5,16,0.1783925962058743,4.473911467052641,398,42,64
GOOG,Technology,BiGRU,classification,20,5,1,0.7322747162239036,2.143252957434881,398,42,64
GOOG,Technology,BiGRU,classification,20,5,2,0.6601588300724125,5.175701981499081,398,42,64
GOOG,Technology,BiGRU,classification,20,5,3,0.5650346637071677,6.179921990349179,398,42,64
GOOG,Technology,BiGRU,classification,20,5,4,0.4977150472564314,3.359371128536406,398,42,64
GOOG,Technology,BiGRU,classification,20,5,5,0.45167411167417937,6.4153140385945635,398,42,64
GOOG,Technology,BiGRU,classification,20,5,6,0.4452777114046279,8.05422103972662,398,42,64
GOOG,Technology,BiGRU,classification,20,5,7,0.4266132141777019,6.156489849090576,398,42,64
GOOG,Technology,BiGRU,classification,20,5,8,0.43228187168662874,5.997512204306466,398,42,64
GOOG,Technology,BiGRU,classification,20,5,9,0.43035713175133844,9.213963622138614,398,42,64
GOOG,Technology,BiGRU,classification,20,5,10,0.33364238230577065,6.168483597891671,398,42,64
GOOG,Technology,BiGRU,classification,20,5,11,0.27129727358644334,8.206336793445406,398,42,64
GOOG,Technology,BiGRU,classification,20,5,12,0.226521231720795,7.40979494367327,398,42,64
GOOG,Technology,BiGRU,classification,20,5,13,0.20618602107442804,8.969976697649274,398,42,64
GOOG,Technology,BiGRU,classification,20,5,14,0.1765281666800305,8.321239970979237,398,42,64
GOOG,Technology,BiGRU,classification,20,5,15,0.16485296828138768,9.07438918522426,398,42,64
GOOG,Technology,BiGRU,classification,20,5,16,0.15990250625053243,10.079408963521322,398,42,64
HD,Services,BiGRU,classification,20,5,1,0.7243122443481905,0.7137714539255414,398,42,64
HD,Services,BiGRU,classification,20,5,2,0.6317877910245004,0.9319415518215725,398,42,64
HD,Services,BiGRU,classification,20,5,3,0.5842214437884901,1.1480388130460466,398,42,64
HD,Services,BiGRU,classification,20,5,4,0.5786664590763686,1.1416857526415871,398,42,64
HD,Services,BiGRU,classification,20,5,5,0.5599715357749306,1.0819370576313563,398,42,64
HD,Services,BiGRU,classification,20,5,6,0.5099372138929128,1.462386511621021,398,42,64
HD,Services,BiGRU,classification,20,5,7,0.5043473635336861,1.8949363912854875,398,42,64
HD,Services,BiGRU,classification,20,5,8,0.4779827067600423,1.7706771123976934,398,42,64
HD,Services,BiGRU,classification,20,5,9,0.4573491676967947,2.0989921320052374,398,42,64
HD,Services,BiGRU,classification,20,5,10,0.3744960847362202,1.502949901989528,398,42,64
HD,Services,BiGRU,classification,20,5,11,0.35636762817900386,1.9495570659637451,398,42,64
HD,Services,BiGRU,classification,20,5,12,0.3250104603381013,2.0903363795507524,398,42,64
HD,Services,BiGRU,classification,20,5,13,0.2967325262538153,2.9195440269651867,398,42,64
HD,Services,BiGRU,classification,20,5,14,0.33253358682645623,3.2232803163074313,398,42,64
HD,Services,BiGRU,classification,20,5,15,0.2847139063717133,3.5683791978018626,398,42,64
HD,Services,BiGRU,classification,20,5,16,0.2920510520662495,3.120552142461141,398,42,64
HON,Industrial Goods,BiGRU,classification,20,5,1,0.7325251386992296,0.6027757142271314,398,42,64
HON,Industrial Goods,BiGRU,classification,20,5,2,0.6331666648088388,1.4964840695971535,398,42,64
HON,Industrial Goods,BiGRU,classification,20,5,3,0.5638046423394476,1.3831112328029813,398,42,64
HON,Industrial Goods,BiGRU,classification,20,5,4,0.5519008109317952,1.561503012975057,398,42,64
HON,Industrial Goods,BiGRU,classification,20,5,5,0.48815038815215606,2.0101057461329868,398,42,64
HON,Industrial Goods,BiGRU,classification,20,5,6,0.4500295850799311,1.830504020055135,398,42,64
HON,Industrial Goods,BiGRU,classification,20,5,7,0.3965440748923987,2.061449272292001,398,42,64
HON,Industrial Goods,BiGRU,classification,20,5,8,0.40512475566049316,3.5092636517116,398,42,64
HON,Industrial Goods,BiGRU,classification,20,5,9,0.4078153413743829,2.4811778409140453,398,42,64
HON,Industrial Goods,BiGRU,classification,20,5,10,0.32529900077000334,2.9247150988805863,398,42,64
HON,Industrial Goods,BiGRU,classification,20,5,11,0.25972055819765405,3.251356851486933,398,42,64
HON,Industrial Goods,BiGRU,classification,20,5,12,0.23645097406665286,3.3567892029171897,398,42,64
HON,Industrial Goods,BiGRU,classification,20,5,13,0.20916472996898633,3.825659434000651,398,42,64
HON,Industrial Goods,BiGRU,classification,20,5,14,0.21794733341465045,3.1753205912453786,398,42,64
HON,Industrial Goods,BiGRU,classification,20,5,15,0.19179518138943005,4.281946522848947,398,42,64
HON,Industrial Goods,BiGRU,classification,20,5,16,0.2071326999508556,3.7087654159182595,398,42,64
HRG,Conglomerates,BiGRU,classification,20,5,1,0.7263086279432978,0.5737886741047814,398,42,64
HRG,Conglomerates,BiGRU,classification,20,5,2,0.6739186488803307,0.6902283770697457,398,42,64
HRG,Conglomerates,BiGRU,classification,20,5,3,0.6059422346215751,0.7283244104612441,398,42,64
HRG,Conglomerates,BiGRU,classification,20,5,4,0.5304428953022214,0.824537822178432,398,42,64
HRG,Conglomerates,BiGRU,classification,20,5,5,0.475513724076688,0.695877418631599,398,42,64
HRG,Conglomerates,BiGRU,classification,20,5,6,0.4548594053067155,0.8548569139980134,398,42,64
HRG,Conglomerates,BiGRU,classification,20,5,7,0.4055487103198641,0.9806299010912577,398,42,64
HRG,Conglomerates,BiGRU,classification,20,5,8,0.4416534012586028,0.7100185865447635,398,42,64
HRG,Conglomerates,BiGRU,classification,20,5,9,0.4419326380868653,1.0177237817219325,398,42,64
HRG,Conglomerates,BiGRU,classification,20,5,10,0.3172374407400438,1.0607416459492274,398,42,64
HRG,Conglomerates,BiGRU,classification,20,5,11,0.2520789829780109,1.1110208602178664,398,42,64
HRG,Conglomerates,BiGRU,classification,20,5,12,0.2287311273154302,1.3073837019148327,398,42,64
HRG,Conglomerates,BiGRU,classification,20,5,13,0.22183141621512983,1.2575201051575797,398,42,64
HRG,Conglomerates,BiGRU,classification,20,5,14,0.19758311348344812,1.5140029532568795,398,42,64
HRG,Conglomerates,BiGRU,classification,20,5,15,0.19857757164156017,1.389564920039404,398,42,64
HRG,Conglomerates,BiGRU,classification,20,5,16,0.16972224144779857,1.220452334199633,398,42,64
HSBC,Financial,BiGRU,classification,20,5,1,0.7249821421489044,0.9971590524628049,398,42,64
HSBC,Financial,BiGRU,classification,20,5,2,0.6538747823118565,2.1190407276153564,398,42,64
HSBC,Financial,BiGRU,classification,20,5,3,0.5598696711374886,3.0623573008037748,398,42,64
HSBC,Financial,BiGRU,classification,20,5,4,0.5303648428701276,4.502677486056373,398,42,64
HSBC,Financial,BiGRU,classification,20,5,5,0.45574389495442263,5.9346054167974565,398,42,64
HSBC,Financial,BiGRU,classification,20,5,6,0.41206546756789914,6.413090456099737,398,42,64
HSBC,Financial,BiGRU,classification,20,5,7,0.41807552281037047,6.10013823282151,398,42,64
HSBC,Financial,BiGRU,classification,20,5,8,0.40411530217932695,3.8807140986124673,398,42,64
HSBC,Financial,BiGRU,classification,20,5,9,0.3716602996366108,10.596499715532575,398,42,64
HSBC,Financial,BiGRU,classification,20,5,10,0.38852544870208855,6.015011401403518,398,42,64
HSBC,Financial,BiGRU,classification,20,5,11,0.25657032842013106,7.322044758569627,398,42,64
HSBC,Financial,BiGRU,classification,20,5,12,0.22064980402139564,8.078277451651436,398,42,64
HSBC,Financial,BiGRU,classification,20,5,13,0.21346059733599274,8.413846878778367,398,42,64
HSBC,Financial,BiGRU,classification,20,5,14,0.18757302667852024,7.818628311157227,398,42,64
HSBC,Financial,BiGRU,classification,20,5,15,0.18930825285950498,8.948234558105469,398,42,64
HSBC,Financial,BiGRU,classification,20,5,16,0.16454387575050994,8.821545328412737,398,42,64
IEP,Conglomerates,BiGRU,classification,20,5,1,0.743062858006463,0.7997264918826875,398,42,64
IEP,Conglomerates,BiGRU,classification,20,5,2,0.6661637781852454,2.728538990020752,398,42,64
IEP,Conglomerates,BiGRU,classification,20,5,3,0.6084753053272189,3.6105264822642007,398,42,64
IEP,Conglomerates,BiGRU,classification,20,5,4,0.5683046869896166,5.629946822211856,398,42,64
IEP,Conglomerates,BiGRU,classification,20,5,5,0.49644047066793967,7.157399291083927,398,42,64
IEP,Conglomerates,BiGRU,classification,20,5,6,0.506320978828411,6.824039867946079,398,42,64
IEP,Conglomerates,BiGRU,classification,20,5,7,0.4465779840347156,9.467835335504441,398,42,64
IEP,Conglomerates,BiGRU,classification,20,5,8,0.4306164256591893,8.91156750633603,398,42,64
IEP,Conglomerates,BiGRU,classification,20,5,9,0.4220218444289874,9.282997585478283,398,42,64
IEP,Conglomerates,BiGRU,classification,20,5,10,0.3850156852797647,10.99230248587472,398,42,64
IEP,Conglomerates,BiGRU,classification,20,5,11,0.33643620607241914,12.214493842352004,398,42,64
IEP,Conglomerates,BiGRU,classification,20,5,12,0.29205568112320635,11.422367867969331,398,42,64
IEP,Conglomerates,BiGRU,classification,20,5,13,0.2775046752400734,14.33717595963251,398,42,64
IEP,Conglomerates,BiGRU,classification,20,5,14,0.24935768394913504,14.781855401538667,398,42,64
IEP,Conglomerates,BiGRU,classification,20,5,15,0.24163485861303818,13.00035962604341,398,42,64
IEP,Conglomerates,BiGRU,classification,20,5,16,0.21996482289466426,17.10685957045782,398,42,64
INTC,Technology,BiGRU,classification,20,5,1,0.7719441857469741,0.8442742342040652,398,42,64
INTC,Technology,BiGRU,classification,20,5,2,0.6881429448199632,2.5734624578839256,398,42,64
INTC,Technology,BiGRU,classification,20,5,3,0.6086779910715381,3.1142855939410983,398,42,64
INTC,Technology,BiGRU,classification,20,5,4,0.5596980108088584,2.8322754133315313,398,42,64
INTC,Technology,BiGRU,classification,20,5,5,0.480666390615492,4.916498854046776,398,42,64
INTC,Technology,BiGRU,classification,20,5,6,0.45753425749103027,2.8643372172401067,398,42,64
INTC,Technology,BiGRU,classification,20,5,7,0.4744509904827904,5.013902459825788,398,42,64
INTC,Technology,BiGRU,classification,20,5,8,0.3986641850753046,3.062926871435983,398,42,64
INTC,Technology,BiGRU,classification,20,5,9,0.37055195306413735,6.6990336917695545,398,42,64
INTC,Technology,BiGRU,classification,20,5,10,0.4210425670722022,4.177402927761986,398,42,64
INTC,Technology,BiGRU,classification,20,5,11,0.27081270152749726,5.502411047617595,398,42,64
INTC,Technology,BiGRU,classification,20,5,12,0.24330393648027776,5.580335866837275,398,42,64
INTC,Technology,BiGRU,classification,20,5,13,0.2345411073622392,4.608452978588286,398,42,64
INTC,Technology,BiGRU,classification,20,5,14,0.21208532184512172,6.250071457454136,398,42,64
INTC,Technology,BiGRU,classification,20,5,15,0.23418375816027723,6.5243174235026045,398,42,64
INTC,Technology,BiGRU,classification,20,5,16,0.1995594304934818,4.833527451469784,398,42,64
JNJ,Healthcare,BiGRU,classification,20,5,1,0.7443958302239078,0.9729207072939191,398,42,64
JNJ,Healthcare,BiGRU,classification,20,5,2,0.6962745093820083,1.7925060930706205,398,42,64
JNJ,Healthcare,BiGRU,classification,20,5,3,0.6009315743518235,4.548401423863003,398,42,64
JNJ,Healthcare,BiGRU,classification,20,5,4,0.5043605425249991,4.87835507165818,398,42,64
JNJ,Healthcare,BiGRU,classification,20,5,5,0.47671210556174043,5.666059789203462,398,42,64
JNJ,Healthcare,BiGRU,classification,20,5,6,0.4694271707654598,7.087742078871954,398,42,64
JNJ,Healthcare,BiGRU,classification,20,5,7,0.4838303669014169,6.718893096560524,398,42,64
JNJ,Healthcare,BiGRU,classification,20,5,8,0.40586905173919907,4.86323610941569,398,42,64
JNJ,Healthcare,BiGRU,classification,20,5,9,0.4614444653592517,7.973233858744304,398,42,64
JNJ,Healthcare,BiGRU,classification,20,5,10,0.4434596797329697,5.525720301128569,398,42,64
JNJ,Healthcare,BiGRU,classification,20,5,11,0.3378691894924221,4.371128286634173,398,42,64
JNJ,Healthcare,BiGRU,classification,20,5,12,0.3128173083216701,5.373125734783354,398,42,64
JNJ,Healthcare,BiGRU,classification,20,5,13,0.26598688376009766,4.51500738234747,398,42,64
JNJ,Healthcare,BiGRU,classification,20,5,14,0.2594569608494265,4.407038007463727,398,42,64
JNJ,Healthcare,BiGRU,classification,20,5,15,0.22002607621439738,5.077186243874686,398,42,64
JNJ,Healthcare,BiGRU,classification,20,5,16,0.21491487960719582,4.683375562940325,398,42,64
JPM,Financial,BiGRU,classification,20,5,1,0.70069998023498,0.624154269695282,398,42,64
JPM,Financial,BiGRU,classification,20,5,2,0.5952979204942234,0.723988189583733,398,42,64
JPM,Financial,BiGRU,classification,20,5,3,0.5308957755865165,0.7842745639029003,398,42,64
JPM,Financial,BiGRU,classification,20,5,4,0.4935560156053035,1.6171781165259225,398,42,64
JPM,Financial,BiGRU,classification,20,5,5,0.4657867029683674,1.2909480844225203,398,42,64
JPM,Financial,BiGRU,classification,20,5,6,0.45787910750163857,1.4839071092151461,398,42,64
JPM,Financial,BiGRU,classification,20,5,7,0.43249906052896125,2.4557878516969227,398,42,64
JPM,Financial,BiGRU,classification,20,5,8,0.38418359784924205,1.3258834055491857,398,42,64
JPM,Financial,BiGRU,classification,20,5,9,0.37687533584671407,2.5608876319158647,398,42,64
JPM,Financial,BiGRU,classification,20,5,10,0.3294755592567837,1.9596515610104515,398,42,64
JPM,Financial,BiGRU,classification,20,5,11,0.22407560481048708,2.883761405944824,398,42,64
JPM,Financial,BiGRU,classification,20,5,12,0.21767533626688185,2.7926966576349166,398,42,64
JPM,Financial,BiGRU,classification,20,5,13,0.19295896803164603,3.0602308341435025,398,42,64
JPM,Financial,BiGRU,classification,20,5,14,0.17205898519886198,2.7830079737163724,398,42,64
JPM,Financial,BiGRU,classification,20,5,15,0.21391332666179044,3.098994936261858,398,42,64
JPM,Financial,BiGRU,classification,20,5,16,0.18888429084315372,3.5896920476640974,398,42,64
KO,Consumer Goods,BiGRU,classification,20,5,1,0.7163393608289748,0.7271877924601237,398,42,64
KO,Consumer Goods,BiGRU,classification,20,5,2,0.6905035774911469,0.9204566052981785,398,42,64
KO,Consumer Goods,BiGRU,classification,20,5,3,0.5855274714117673,1.818730348632449,398,42,64
KO,Consumer Goods,BiGRU,classification,20,5,4,0.582462017560125,2.327242198444548,398,42,64
KO,Consumer Goods,BiGRU,classification,20,5,5,0.5296798134269427,2.464630887621925,398,42,64
KO,Consumer Goods,BiGRU,classification,20,5,6,0.5352192199110386,1.98902941601617,398,42,64
KO,Consumer Goods,BiGRU,classification,20,5,7,0.46899876852131367,1.402740166300819,398,42,64
KO,Consumer Goods,BiGRU,classification,20,5,8,0.41393206481957556,2.64276959782555,398,42,64
KO,Consumer Goods,BiGRU,classification,20,5,9,0.4735259122435172,2.893266439437866,398,42,64
KO,Consumer Goods,BiGRU,classification,20,5,10,0.34367611435190515,2.1502122368131364,398,42,64
KO,Consumer Goods,BiGRU,classification,20,5,11,0.3057819902896881,2.157426811399914,398,42,64
KO,Consumer Goods,BiGRU,classification,20,5,12,0.2715754393656649,2.4248019740695046,398,42,64
KO,Consumer Goods,BiGRU,classification,20,5,13,0.2590026524498235,2.260255438940866,398,42,64
KO,Consumer Goods,BiGRU,classification,20,5,14,0.2687168561633508,2.0670677764075145,398,42,64
KO,Consumer Goods,BiGRU,classification,20,5,15,0.23381593493960012,2.345450770287287,398,42,64
KO,Consumer Goods,BiGRU,classification,20,5,16,0.2118728179578206,2.3553442444120134,398,42,64
LMT,Industrial Goods,BiGRU,classification,20,5,1,0.69098196287251,0.6596842124348595,398,42,64
LMT,Industrial Goods,BiGRU,classification,20,5,2,0.5633040325126456,0.764465385959262,398,42,64
LMT,Industrial Goods,BiGRU,classification,20,5,3,0.5560678609052495,1.347807424409049,398,42,64
LMT,Industrial Goods,BiGRU,classification,20,5,4,0.5549851757797164,1.4516152058328902,398,42,64
LMT,Industrial Goods,BiGRU,classification,20,5,5,0.4977546639777907,1.0969214070410955,398,42,64
LMT,Industrial Goods,BiGRU,classification,20,5,6,0.45168712300870884,2.3397098382314048,398,42,64
LMT,Industrial Goods,BiGRU,classification,20,5,7,0.4129241357496635,1.7829418295905703,398,42,64
LMT,Industrial Goods,BiGRU,classification,20,5,8,0.41462622665280674,2.035379619825454,398,42,64
LMT,Industrial Goods,BiGRU,classification,20,5,9,0.4170336404337955,2.0536672047206332,398,42,64
LMT,Industrial Goods,BiGRU,classification,20,5,10,0.28844974088908437,2.839833685329982,398,42,64
LMT,Industrial Goods,BiGRU,classification,20,5,11,0.25074778504707107,3.100422439121065,398,42,64
LMT,Industrial Goods,BiGRU,classification,20,5,12,0.22172893860831333,3.5634722652889432,398,42,64
LMT,Industrial Goods,BiGRU,classification,20,5,13,0.21564465439199804,3.276070549374535,398,42,64
LMT,Industrial Goods,BiGRU,classification,20,5,14,0.18024527442515195,4.366790215174357,398,42,64
LMT,Industrial Goods,BiGRU,classification,20,5,15,0.17561248337952934,3.946400279090518,398,42,64
LMT,Industrial Goods,BiGRU,classification,20,5,16,0.1920123393811173,4.406226385207403,398,42,64
MA,Financial,BiGRU,classification,20,5,1,0.7380133666584839,0.7507202823956808,398,42,64
MA,Financial,BiGRU,classification,20,5,2,0.6705552144865294,0.9176399395579383,398,42,64
MA,Financial,BiGRU,classification,20,5,3,0.6027580307955718,1.002459704875946,398,42,64
MA,Financial,BiGRU,classification,20,5,4,0.5621993329057742,1.405442436536153,398,42,64
MA,Financial,BiGRU,classification,20,5,5,0.5249687253530301,1.803270970072065,398,42,64
MA,Financial,BiGRU,classification,20,5,6,0.5254045062927745,1.1464918284189134,398,42,64
MA,Financial,BiGRU,classification,20,5,7,0.4566837679501155,1.1663954768862044,398,42,64
MA,Financial,BiGRU,classification,20,5,8,0.42577512270242124,1.4701228652681624,398,42,64
MA,Financial,BiGRU,classification,20,5,9,0.4161039556390676,2.479434229078747,398,42,64
MA,Financial,BiGRU,classification,20,5,10,0.41762275207581834,1.841743168376741,398,42,64
MA,Financial,BiGRU,classification,20,5,11,0.3329798806103031,1.5965355521156674,398,42,64
MA,Financial,BiGRU,classification,20,5,12,0.27688695662584734,1.7462649175098963,398,42,64
MA,Financial,BiGRU,classification,20,5,13,0.2511799237386665,1.9395688601902552,398,42,64
MA,Financial,BiGRU,classification,20,5,14,0.26785202459174784,1.939058678490775,398,42,64
MA,Financial,BiGRU,classification,20,5,15,0.2504033513704137,2.19535045396714,398,42,64
MA,Financial,BiGRU,classification,20,5,16,0.20671638779005214,1.9283557619367326,398,42,64
MCD,Services,BiGRU,classification,20,5,1,0.7317748602910258,0.9182902290707543,398,42,64
MCD,Services,BiGRU,classification,20,5,2,0.6052347728654967,1.2710816519601005,398,42,64
MCD,Services,BiGRU,classification,20,5,3,0.5627296059275392,1.8553942385173978,398,42,64
MCD,Services,BiGRU,classification,20,5,4,0.523385822173938,2.564364331109183,398,42,64
MCD,Services,BiGRU,classification,20,5,5,0.476328866266126,3.20738038562593,398,42,64
MCD,Services,BiGRU,classification,20,5,6,0.4254449342363444,2.3010001069023494,398,42,64
MCD,Services,BiGRU,classification,20,5,7,0.41898329915413307,2.6780323755173456,398,42,64
MCD,Services,BiGRU,classification,20,5,8,0.36470817680933965,4.601573399135044,398,42,64
MCD,Services,BiGRU,classification,20,5,9,0.37367294324402833,2.9719008604685464,398,42,64
MCD,Services,BiGRU,classification,20,5,10,0.3421975723163566,2.4700101103101457,398,42,64
MCD,Services,BiGRU,classification,20,5,11,0.24026195120871366,3.2025368327186223,398,42,64
MCD,Services,BiGRU,classification,20,5,12,0.24106283639393858,3.250489280337379,398,42,64
MCD,Services,BiGRU,classification,20,5,13,0.2025502998026172,3.5817668778555736,398,42,64
MCD,Services,BiGRU,classification,20,5,14,0.1842741391916371,4.442298525855655,398,42,64
MCD,Services,BiGRU,classification,20,5,15,0.17640346377133276,4.781802132016137,398,42,64
MCD,Services,BiGRU,classification,20,5,16,0.22815900675989875,5.138523578643799,398,42,64
MDT,Healthcare,BiGRU,classification,20,5,1,0.7423626510941204,0.7191361813318162,398,42,64
MDT,Healthcare,BiGRU,classification,20,5,2,0.6664050065692345,1.8236616339002336,398,42,64
MDT,Healthcare,BiGRU,classification,20,5,3,0.527446880711982,1.4493680681501115,398,42,64
MDT,Healthcare,BiGRU,classification,20,5,4,0.5103117619926606,1.1537245157219114,398,42,64
MDT,Healthcare,BiGRU,classification,20,5,5,0.4869749210587698,1.2314967058953785,398,42,64
MDT,Healthcare,BiGRU,classification,20,5,6,0.4279182171402265,2.007587114969889,398,42,64
MDT,Healthcare,BiGRU,classification,20,5,7,0.41553220422423665,1.4443855455943517,398,42,64
MDT,Healthcare,BiGRU,classification,20,5,8,0.37049868568104116,1.542512911061446,398,42,64
MDT,Healthcare,BiGRU,classification,20,5,9,0.34317736005663274,1.2489209175109863,398,42,64
MDT,Healthcare,BiGRU,classification,20,5,10,0.3803583684578613,1.2331850943820817,398,42,64
MDT,Healthcare,BiGRU,classification,20,5,11,0.29364022402907136,1.583878204936073,398,42,64
MDT,Healthcare,BiGRU,classification,20,5,12,0.2576803323911063,1.5377604876245772,398,42,64
MDT,Healthcare,BiGRU,classification,20,5,13,0.2276197960927858,1.6288914109269779,398,42,64
MDT,Healthcare,BiGRU,classification,20,5,14,0.23046179276764692,1.599257230758667,398,42,64
MDT,Healthcare,BiGRU,classification,20,5,15,0.21307052091587728,2.0842607617378235,398,42,64
MDT,Healthcare,BiGRU,classification,20,5,16,0.19803730870161823,1.7481295076154528,398,42,64
MMM,Industrial Goods,BiGRU,classification,20,5,1,0.7626662871346401,1.0822181361062186,398,42,64
MMM,Industrial Goods,BiGRU,classification,20,5,2,0.6577670693996563,2.8720953464508057,398,42,64
MMM,Industrial Goods,BiGRU,classification,20,5,3,0.591030922666866,4.0011449200766425,398,42,64
MMM,Industrial Goods,BiGRU,classification,20,5,4,0.5127579432037008,4.520953780128842,398,42,64
MMM,Industrial Goods,BiGRU,classification,20,5,5,0.5128646370154529,7.832460130964007,398,42,64
MMM,Industrial Goods,BiGRU,classification,20,5,6,0.4772077062022147,5.5996481123424715,398,42,64
MMM,Industrial Goods,BiGRU,classification,20,5,7,0.5078306479669695,6.6755166962033226,398,42,64
MMM,Industrial Goods,BiGRU,classification,20,5,8,0.43089152310960854,6.306681065332322,398,42,64
MMM,Industrial Goods,BiGRU,classification,20,5,9,0.38861717351117925,8.57983823049636,398,42,64
MMM,Industrial Goods,BiGRU,classification,20,5,10,0.34849212681827835,7.407453854878743,398,42,64
MMM,Industrial Goods,BiGRU,classification,20,5,11,0.26523874902245986,8.006451266152519,398,42,64
MMM,Industrial Goods,BiGRU,classification,20,5,12,0.2688952693388091,8.250687576475597,398,42,64
MMM,Industrial Goods,BiGRU,classification,20,5,13,0.22519024128290877,8.26942557380313,398,42,64
MMM,Industrial Goods,BiGRU,classification,20,5,14,0.22750463819683497,7.676797072092692,398,42,64
MMM,Industrial Goods,BiGRU,classification,20,5,15,0.22547831914233202,8.635143052963983,398,42,64
MMM,Industrial Goods,BiGRU,classification,20,5,16,0.22130931120122496,9.151927720932733,398,42,64
MO,Consumer Goods,BiGRU,classification,20,5,1,0.7687505989817519,0.6623099730128333,398,42,64
MO,Consumer Goods,BiGRU,classification,20,5,2,0.6155459313236888,0.6343644261360168,398,42,64
MO,Consumer Goods,BiGRU,classification,20,5,3,0.6176889800845679,1.1377860477992467,398,42,64
MO,Consumer Goods,BiGRU,classification,20,5,4,0.5710487009292871,0.677521546681722,398,42,64
MO,Consumer Goods,BiGRU,classification,20,5,5,0.5251972949385044,0.7014266479583013,398,42,64
MO,Consumer Goods,BiGRU,classification,20,5,6,0.5161834777000561,1.0844313984825498,398,42,64
MO,Consumer Goods,BiGRU,classification,20,5,7,0.45188906414424956,1.1801313388915289,398,42,64
MO,Consumer Goods,BiGRU,classification,20,5,8,0.39498744867554864,1.1672300497690837,398,42,64
MO,Consumer Goods,BiGRU,classification,20,5,9,0.3957032663888069,2.2484813304174516,398,42,64
MO,Consumer Goods,BiGRU,classification,20,5,10,0.4202469002511633,0.8831130550021217,398,42,64
MO,Consumer Goods,BiGRU,classification,20,5,11,0.38466149194156707,1.2482731172016688,398,42,64
MO,Consumer Goods,BiGRU,classification,20,5,12,0.3063556044245485,1.1034021718161446,398,42,64
MO,Consumer Goods,BiGRU,classification,20,5,13,0.23774052287765485,2.255835567201887,398,42,64
MO,Consumer Goods,BiGRU,classification,20,5,14,0.2069474512982608,1.817157058488755,398,42,64
MO,Consumer Goods,BiGRU,classification,20,5,15,0.20754770477812493,1.4232147932052612,398,42,64
MO,Consumer Goods,BiGRU,classification,20,5,16,0.18159227926826957,2.2171550421487716,398,42,64
MO,Consumer Goods,BiGRU,classification,20,5,17,0.20220349365892124,1.3600193886529832,398,42,64
MRK,Healthcare,BiGRU,classification,20,5,1,0.6864205143559519,1.450414158049084,398,42,64
MRK,Healthcare,BiGRU,classification,20,5,2,0.6128784782023885,3.448258717854818,398,42,64
MRK,Healthcare,BiGRU,classification,20,5,3,0.5666026233428687,4.453155631110782,398,42,64
MRK,Healthcare,BiGRU,classification,20,5,4,0.48436004544921857,6.171566009521484,398,42,64
MRK,Healthcare,BiGRU,classification,20,5,5,0.47869099624192896,6.964963481539772,398,42,64
MRK,Healthcare,BiGRU,classification,20,5,6,0.4087235991978765,7.489317871275402,398,42,64
MRK,Healthcare,BiGRU,classification,20,5,7,0.39462797456051235,7.448104994637625,398,42,64
MRK,Healthcare,BiGRU,classification,20,5,8,0.3732645601483446,8.666005407060895,398,42,64
MRK,Healthcare,BiGRU,classification,20,5,9,0.34113924677048496,7.73756168002174,398,42,64
MRK,Healthcare,BiGRU,classification,20,5,10,0.2924911832090598,10.333373433067685,398,42,64
MRK,Healthcare,BiGRU,classification,20,5,11,0.23672452007406322,8.470443135216122,398,42,64
MRK,Healthcare,BiGRU,classification,20,5,12,0.21489242151679105,9.764412993476505,398,42,64
MRK,Healthcare,BiGRU,classification,20,5,13,0.1908528935819415,9.79311466217041,398,42,64
MRK,Healthcare,BiGRU,classification,20,5,14,0.20631435026775052,7.835881914411273,398,42,64
MRK,Healthcare,BiGRU,classification,20,5,15,0.15806979306004754,12.211210932050433,398,42,64
MRK,Healthcare,BiGRU,classification,20,5,16,0.17888577083996193,8.848164104280018,398,42,64
MSFT,Technology,BiGRU,classification,20,5,1,0.6258249902845028,0.6789808017866952,398,42,64
MSFT,Technology,BiGRU,classification,20,5,2,0.6009994616460561,1.0956327319145203,398,42,64
MSFT,Technology,BiGRU,classification,20,5,3,0.5558715157173387,1.3867243840580894,398,42,64
MSFT,Technology,BiGRU,classification,20,5,4,0.5146485983426846,1.2218568381809054,398,42,64
MSFT,Technology,BiGRU,classification,20,5,5,0.47269737660585337,1.7183375585646856,398,42,64
MSFT,Technology,BiGRU,classification,20,5,6,0.44404072827430224,2.352063610440209,398,42,64
MSFT,Technology,BiGRU,classification,20,5,7,0.4225479241591602,2.2292145774478005,398,42,64
MSFT,Technology,BiGRU,classification,20,5,8,0.4052396048253505,1.9581766980034965,398,42,64
MSFT,Technology,BiGRU,classification,20,5,9,0.36610223465229397,2.2948336714789983,398,42,64
MSFT,Technology,BiGRU,classification,20,5,10,0.35516495965234,1.9165633973621188,398,42,64
MSFT,Technology,BiGRU,classification,20,5,11,0.28765739215977826,2.29767868632362,398,42,64
MSFT,Technology,BiGRU,classification,20,5,12,0.2550790568991522,2.805321420942034,398,42,64
MSFT,Technology,BiGRU,classification,20,5,13,0.22577996709238943,2.547370604106358,398,42,64
MSFT,Technology,BiGRU,classification,20,5,14,0.21947086186864267,3.2629254318418957,398,42,64
MSFT,Technology,BiGRU,classification,20,5,15,0.2184732262063865,3.3053745201655795,398,42,64
MSFT,Technology,BiGRU,classification,20,5,16,0.1974242177965054,3.255965369088309,398,42,64
NEE,Utilities,BiGRU,classification,20,5,1,0.7467451832402292,0.6819900075594584,398,42,64
NEE,Utilities,BiGRU,classification,20,5,2,0.6887785435920983,1.0720311800638835,398,42,64
NEE,Utilities,BiGRU,classification,20,5,3,0.5779867876115157,1.9005625475020635,398,42,64
NEE,Utilities,BiGRU,classification,20,5,4,0.5066284685578178,1.4387343611036028,398,42,64
NEE,Utilities,BiGRU,classification,20,5,5,0.48767263505926084,0.8842945723306566,398,42,64
NEE,Utilities,BiGRU,classification,20,5,6,0.47173369739522886,1.5485747087569464,398,42,64
NEE,Utilities,BiGRU,classification,20,5,7,0.5257697410918959,1.8038997990744454,398,42,64
NEE,Utilities,BiGRU,classification,20,5,8,0.5118854384326456,1.6439694790613084,398,42,64
NEE,Utilities,BiGRU,classification,20,5,9,0.40908924703621985,1.7186504205067952,398,42,64
NEE,Utilities,BiGRU,classification,20,5,10,0.3621957141849863,1.5775378658657981,398,42,64
NEE,Utilities,BiGRU,classification,20,5,11,0.2981922753791713,1.7026304517473494,398,42,64
NEE,Utilities,BiGRU,classification,20,5,12,0.27244517027433196,1.8659175918215798,398,42,64
NEE,Utilities,BiGRU,classification,20,5,13,0.2522394073069395,1.6121088209606351,398,42,64
NEE,Utilities,BiGRU,classification,20,5,14,0.2547802737909346,2.002482085000901,398,42,64
NEE,Utilities,BiGRU,classification,20,5,15,0.22281995692744327,1.529459765979222,398,42,64
NEE,Utilities,BiGRU,classification,20,5,16,0.2052218715599434,1.9781847454252697,398,42,64
NGG,Utilities,BiGRU,classification,20,5,1,0.7424955829304067,0.5742232246058327,398,42,64
NGG,Utilities,BiGRU,classification,20,5,2,0.6107238983389122,0.6638081449837911,398,42,64
NGG,Utilities,BiGRU,classification,20,5,3,0.5519794918334664,1.1187628372794105,398,42,64
NGG,Utilities,BiGRU,classification,20,5,4,0.4981710106583696,0.9719086319562935,398,42,64
NGG,Utilities,BiGRU,classification,20,5,5,0.4332880543254728,1.2733439040104193,398,42,64
NGG,Utilities,BiGRU,classification,20,5,6,0.39898566467378604,1.2255354201243747,398,42,64
NGG,Utilities,BiGRU,classification,20,5,7,0.36694968555440854,1.071646936681299,398,42,64
NGG,Utilities,BiGRU,classification,20,5,8,0.3345090508011717,0.7382906590189252,398,42,64
NGG,Utilities,BiGRU,classification,20,5,9,0.3669992435218102,1.2012605515996082,398,42,64
NGG,Utilities,BiGRU,classification,20,5,10,0.2805701207051325,1.016182620965299,398,42,64
NGG,Utilities,BiGRU,classification,20,5,11,0.2288223402434258,1.1166548240331136,398,42,64
NGG,Utilities,BiGRU,classification,20,5,12,0.1856012433093397,1.230574371415146,398,42,64
NGG,Utilities,BiGRU,classification,20,5,13,0.1562146971273662,1.1337074886209197,398,42,64
NGG,Utilities,BiGRU,classification,20,5,14,0.1215473266515001,1.2025325799505004,398,42,64
NGG,Utilities,BiGRU,classification,20,5,15,0.1351257057944734,1.0974812081438445,398,42,64
NGG,Utilities,BiGRU,classification,20,5,16,0.15303748218932345,1.4740932684064665,398,42,64
NVS,Healthcare,BiGRU,classification,20,5,1,0.6939578409770026,0.7337520179294404,398,42,64
NVS,Healthcare,BiGRU,classification,20,5,2,0.6187044061608051,1.1080717926933652,398,42,64
NVS,Healthcare,BiGRU,classification,20,5,3,0.5168858378676314,1.615300632658459,398,42,64
NVS,Healthcare,BiGRU,classification,20,5,4,0.4759152859599147,2.33720334370931,398,42,64
NVS,Healthcare,BiGRU,classification,20,5,5,0.49516123473344736,2.311944916134789,398,42,64
NVS,Healthcare,BiGRU,classification,20,5,6,0.454556193558415,1.5186896891820998,398,42,64
NVS,Healthcare,BiGRU,classification,20,5,7,0.4450367512415402,1.5061180818648565,398,42,64
NVS,Healthcare,BiGRU,classification,20,5,8,0.38944784645459163,1.5900926703498477,398,42,64
NVS,Healthcare,BiGRU,classification,20,5,9,0.3610937912859509,1.5712573528289795,398,42,64
NVS,Healthcare,BiGRU,classification,20,5,10,0.41909094240946987,1.7398064590635753,398,42,64
NVS,Healthcare,BiGRU,classification,20,5,11,0.300825845506323,1.6738891828627813,398,42,64
NVS,Healthcare,BiGRU,classification,20,5,12,0.23675432595326074,1.8445809114547003,398,42,64
NVS,Healthcare,BiGRU,classification,20,5,13,0.2268534340338791,1.920000882375808,398,42,64
NVS,Healthcare,BiGRU,classification,20,5,14,0.2052187162016205,2.00379170690264,398,42,64
NVS,Healthcare,BiGRU,classification,20,5,15,0.22281338746224216,2.234338885261899,398,42,64
NVS,Healthcare,BiGRU,classification,20,5,16,0.22112253703289295,1.9896702198755174,398,42,64
ORCL,Technology,BiGRU,classification,20,5,1,0.6818333325074546,1.5811034440994263,398,42,64
ORCL,Technology,BiGRU,classification,20,5,2,0.6108685986480521,3.84329578990028,398,42,64
ORCL,Technology,BiGRU,classification,20,5,3,0.5458034934410497,6.197244984763009,398,42,64
ORCL,Technology,BiGRU,classification,20,5,4,0.5014930999458734,9.528918811253138,398,42,64
ORCL,Technology,BiGRU,classification,20,5,5,0.4924475251130722,8.093809899829683,398,42,64
ORCL,Technology,BiGRU,classification,20,5,6,0.4391332053808711,6.357545216878255,398,42,64
ORCL,Technology,BiGRU,classification,20,5,7,0.38316518787163584,10.105938457307362,398,42,64
ORCL,Technology,BiGRU,classification,20,5,8,0.38758602708428347,9.704946336292085,398,42,64
ORCL,Technology,BiGRU,classification,20,5,9,0.3564960739420886,9.515157563345772,398,42,64
ORCL,Technology,BiGRU,classification,20,5,10,0.29634035498502864,7.321066402253651,398,42,64
ORCL,Technology,BiGRU,classification,20,5,11,0.26961551872479855,11.405691964285714,398,42,64
ORCL,Technology,BiGRU,classification,20,5,12,0.2212821463469285,8.678817476545062,398,42,64
ORCL,Technology,BiGRU,classification,20,5,13,0.20898962335370894,9.658577010745095,398,42,64
ORCL,Technology,BiGRU,classification,20,5,14,0.2207762482178271,10.983751524062384,398,42,64
ORCL,Technology,BiGRU,classification,20,5,15,0.17237363899847372,6.650621187119257,398,42,64
ORCL,Technology,BiGRU,classification,20,5,16,0.174328164726346,10.541412853059315,398,42,64
PCG,Utilities,BiGRU,classification,20,5,1,0.7342162710338381,0.5987459123134613,398,42,64
PCG,Utilities,BiGRU,classification,20,5,2,0.5820769931203756,1.052996107510158,398,42,64
PCG,Utilities,BiGRU,classification,20,5,3,0.5554922241062376,1.5455850405352456,398,42,64
PCG,Utilities,BiGRU,classification,20,5,4,0.48567315411927114,1.2783038928395225,398,42,64
PCG,Utilities,BiGRU,classification,20,5,5,0.4879535999729406,1.255135673852194,398,42,64
PCG,Utilities,BiGRU,classification,20,5,6,0.4662577691090167,1.9585528373718262,398,42,64
PCG,Utilities,BiGRU,classification,20,5,7,0.43821532807158464,1.4378432432810466,398,42,64
PCG,Utilities,BiGRU,classification,20,5,8,0.351894184273092,1.8077871742702665,398,42,64
PCG,Utilities,BiGRU,classification,20,5,9,0.308401168590814,1.45452466465178,398,42,64
PCG,Utilities,BiGRU,classification,20,5,10,0.3478895927493896,1.9060600768952143,398,42,64
PCG,Utilities,BiGRU,classification,20,5,11,0.24122437939571975,1.7194567521413167,398,42,64
PCG,Utilities,BiGRU,classification,20,5,12,0.20281470054058573,2.05425150621505,398,42,64
PCG,Utilities,BiGRU,classification,20,5,13,0.20369454005255772,2.02103747072674,398,42,64
PCG,Utilities,BiGRU,classification,20,5,14,0.1572812666845082,1.8541593040738786,398,42,64
PCG,Utilities,BiGRU,classification,20,5,15,0.1577584521854343,2.609245788483393,398,42,64
PCG,Utilities,BiGRU,classification,20,5,16,0.15009133510254136,1.9799813826878865,398,42,64
PCLN,Services,BiGRU,classification,20,5,1,0.7544168608272495,0.6721955566179185,398,42,64
PCLN,Services,BiGRU,classification,20,5,2,0.654078260738047,0.9285733302434286,398,42,64
PCLN,Services,BiGRU,classification,20,5,3,0.6379178696541331,2.599825756890433,398,42,64
PCLN,Services,BiGRU,classification,20,5,4,0.5418662593592352,3.715174425215948,398,42,64
PCLN,Services,BiGRU,classification,20,5,5,0.4925101324541485,2.7159288837796165,398,42,64
PCLN,Services,BiGRU,classification,20,5,6,0.4639307275489347,3.6639713786897206,398,42,64
PCLN,Services,BiGRU,classification,20,5,7,0.4808681110041824,2.2248084318070185,398,42,64
PCLN,Services,BiGRU,classification,20,5,8,0.45735248339236084,2.596005837122599,398,42,64
PCLN,Services,BiGRU,classification,20,5,9,0.4247238745341948,4.084109056563604,398,42,64
PCLN,Services,BiGRU,classification,20,5,10,0.3478353920593933,3.044951495670137,398,42,64
PCLN,Services,BiGRU,classification,20,5,11,0.260172958799343,3.5419646217709495,398,42,64
PCLN,Services,BiGRU,classification,20,5,12,0.2434156267487224,3.9414474055880593,398,42,64
PCLN,Services,BiGRU,classification,20,5,13,0.21844394078206777,4.7131491388593405,398,42,64
PCLN,Services,BiGRU,classification,20,5,14,0.20217625347513649,4.195433026268368,398,42,64
PCLN,Services,BiGRU,classification,20,5,15,0.19864349415404114,3.4517009315036593,398,42,64
PCLN,Services,BiGRU,classification,20,5,16,0.1685723974626867,5.44170940489996,398,42,64
PEP,Consumer Goods,BiGRU,classification,20,5,1,0.6583696349182321,1.0865764617919922,398,42,64
PEP,Consumer Goods,BiGRU,classification,20,5,2,0.6093408195816692,2.660402610188439,398,42,64
PEP,Consumer Goods,BiGRU,classification,20,5,3,0.5726703207696503,3.5874825772785006,398,42,64
PEP,Consumer Goods,BiGRU,classification,20,5,4,0.4952232828691377,2.8350776717776345,398,42,64
PEP,Consumer Goods,BiGRU,classification,20,5,5,0.43722213512689023,4.339852299009051,398,42,64
PEP,Consumer Goods,BiGRU,classification,20,5,6,0.40539480813184575,5.018544753392537,398,42,64
PEP,Consumer Goods,BiGRU,classification,20,5,7,0.40328702675038247,4.727870657330468,398,42,64
PEP,Consumer Goods,BiGRU,classification,20,5,8,0.4245585382883273,3.6287389369237992,398,42,64
PEP,Consumer Goods,BiGRU,classification,20,5,9,0.36969134046803764,5.466932989302135,398,42,64
PEP,Consumer Goods,BiGRU,classification,20,5,10,0.3172627846200263,5.115449371792021,398,42,64
PEP,Consumer Goods,BiGRU,classification,20,5,11,0.24577788095078876,5.1190376962934225,398,42,64
PEP,Consumer Goods,BiGRU,classification,20,5,12,0.23312058078883283,6.317624137515113,398,42,64
PEP,Consumer Goods,BiGRU,classification,20,5,13,0.1948126984301524,6.661463260650635,398,42,64
PEP,Consumer Goods,BiGRU,classification,20,5,14,0.17547884429968783,7.533210164024716,398,42,64
PEP,Consumer Goods,BiGRU,classification,20,5,15,0.19170560451907728,7.450207108543033,398,42,64
PEP,Consumer Goods,BiGRU,classification,20,5,16,0.19358761930585505,7.965310664404006,398,42,64
PFE,Healthcare,BiGRU,classification,20,5,1,0.7416071280762179,0.6734987355413891,398,42,64
PFE,Healthcare,BiGRU,classification,20,5,2,0.6174030708308196,1.2560664812723796,398,42,64
PFE,Healthcare,BiGRU,classification,20,5,3,0.5483429969555169,0.9169252486456008,398,42,64
PFE,Healthcare,BiGRU,classification,20,5,4,0.4933299401297641,0.8488544027010599,398,42,64
PFE,Healthcare,BiGRU,classification,20,5,5,0.4223969428982567,1.1064324776331584,398,42,64
PFE,Healthcare,BiGRU,classification,20,5,6,0.40001617596676603,0.6796075134050279,398,42,64
PFE,Healthcare,BiGRU,classification,20,5,7,0.40678430277498523,1.2737747714633034,398,42,64
PFE,Healthcare,BiGRU,classification,20,5,8,0.432430083428196,2.4483669371831986,398,42,64
PFE,Healthcare,BiGRU,classification,20,5,9,0.4293967793934309,1.131103006147203,398,42,64
PFE,Healthcare,BiGRU,classification,20,5,10,0.3211645387375175,1.1108430723349254,398,42,64
PFE,Healthcare,BiGRU,classification,20,5,11,0.2850368117267762,0.9793672135898045,398,42,64
PFE,Healthcare,BiGRU,classification,20,5,12,0.2550851576891377,1.1819556724457514,398,42,64
PFE,Healthcare,BiGRU,classification,20,5,13,0.2309018846357887,1.636551300684611,398,42,64
PFE,Healthcare,BiGRU,classification,20,5,14,0.22087841540874548,0.9726495487349374,398,42,64
PFE,Healthcare,BiGRU,classification,20,5,15,0.22703379557360356,2.987838472638811,398,42,64
PFE,Healthcare,BiGRU,classification,20,5,16,0.21329920360790425,1.7652707554045177,398,42,64
PG,Consumer Goods,BiGRU,classification,20,5,1,0.7369372976485209,1.2559653917948406,398,42,64
PG,Consumer Goods,BiGRU,classification,20,5,2,0.6749127057928536,2.675457525820959,398,42,64
PG,Consumer Goods,BiGRU,classification,20,5,3,0.584814903125092,2.9989932576815286,398,42,64
PG,Consumer Goods,BiGRU,classification,20,5,4,0.5152943140298278,3.3628464426313127,398,42,64
PG,Consumer Goods,BiGRU,classification,20,5,5,0.4683701327098674,5.36994481086731,398,42,64
PG,Consumer Goods,BiGRU,classification,20,5,6,0.4840203571559197,1.293188955102648,398,42,64
PG,Consumer Goods,BiGRU,classification,20,5,7,0.46843485167278115,4.8549650850750155,398,42,64
PG,Consumer Goods,BiGRU,classification,20,5,8,0.4367533401029194,1.8000228518531436,398,42,64
PG,Consumer Goods,BiGRU,classification,20,5,9,0.4666883514155096,4.01394985687165,398,42,64
PG,Consumer Goods,BiGRU,classification,20,5,10,0.39998895049694194,3.4187283232098533,398,42,64
PG,Consumer Goods,BiGRU,classification,20,5,11,0.3077150346645758,2.1448007765270414,398,42,64
PG,Consumer Goods,BiGRU,classification,20,5,12,0.2666908679296024,2.1654089164166224,398,42,64
PG,Consumer Goods,BiGRU,classification,20,5,13,0.2506492623132677,1.0286210775375366,398,42,64
PG,Consumer Goods,BiGRU,classification,20,5,14,0.222085819621781,2.605203103451502,398,42,64
PG,Consumer Goods,BiGRU,classification,20,5,15,0.2528184316865164,1.417403675260998,398,42,64
PG,Consumer Goods,BiGRU,classification,20,5,16,0.21185065528855251,1.3193273601077853,398,42,64
PG,Consumer Goods,BiGRU,classification,20,5,17,0.1977151910114528,1.6523596559252058,398,42,64
PG,Consumer Goods,BiGRU,classification,20,5,18,0.18660494894837615,1.3430840429805575,398,42,64
PG,Consumer Goods,BiGRU,classification,20,5,19,0.1794646690838301,1.9921691531226748,398,42,64
PG,Consumer Goods,BiGRU,classification,20,5,20,0.19227490712649858,1.1757991427466983,398,42,64
PICO,Conglomerates,BiGRU,classification,20,5,1,0.7064405529942345,1.33986078557514,398,42,64
PICO,Conglomerates,BiGRU,classification,20,5,2,0.6606323853809031,2.244518280029297,398,42,64
PICO,Conglomerates,BiGRU,classification,20,5,3,0.5480171048161971,5.998089222680955,398,42,64
PICO,Conglomerates,BiGRU,classification,20,5,4,0.5025479297841614,5.524477572668166,398,42,64
PICO,Conglomerates,BiGRU,classification,20,5,5,0.4757042645509519,4.886459089460827,398,42,64
PICO,Conglomerates,BiGRU,classification,20,5,6,0.48530320905560825,6.926367509932745,398,42,64
PICO,Conglomerates,BiGRU,classification,20,5,7,0.4354920457655461,5.700357028416225,398,42,64
PICO,Conglomerates,BiGRU,classification,20,5,8,0.409466571544283,4.72470345951262,398,42,64
PICO,Conglomerates,BiGRU,classification,20,5,9,0.4529582405809182,6.913318883805048,398,42,64
PICO,Conglomerates,BiGRU,classification,20,5,10,0.34544378826067074,7.016635054633731,398,42,64
PICO,Conglomerates,BiGRU,classification,20,5,11,0.28035042363794604,6.226370834168934,398,42,64
PICO,Conglomerates,BiGRU,classification,20,5,12,0.21419603504876994,5.86727017448062,398,42,64
PICO,Conglomerates,BiGRU,classification,20,5,13,0.21767985053248143,5.072375161307199,398,42,64
PICO,Conglomerates,BiGRU,classification,20,5,14,0.21110764808540966,8.886899743761335,398,42,64
PICO,Conglomerates,BiGRU,classification,20,5,15,0.23072014048920206,6.9148707162766225,398,42,64
PICO,Conglomerates,BiGRU,classification,20,5,16,0.18685154689840935,7.939728941236224,398,42,64
PM,Consumer Goods,BiGRU,classification,20,5,1,0.8226457754870755,0.8996627330780029,398,42,64
PM,Consumer Goods,BiGRU,classification,20,5,2,0.7292798077640821,1.054743698665074,398,42,64
PM,Consumer Goods,BiGRU,classification,20,5,3,0.6260857433829475,1.5541466304234095,398,42,64
PM,Consumer Goods,BiGRU,classification,20,5,4,0.5492655261976636,1.3526623249053955,398,42,64
PM,Consumer Goods,BiGRU,classification,20,5,5,0.533512820999826,1.3520763374510265,398,42,64
PM,Consumer Goods,BiGRU,classification,20,5,6,0.47749038272766614,1.0809337752205985,398,42,64
PM,Consumer Goods,BiGRU,classification,20,5,7,0.5247819534498244,1.4225274381183444,398,42,64
PM,Consumer Goods,BiGRU,classification,20,5,8,0.453936894185579,1.579562050955636,398,42,64
PM,Consumer Goods,BiGRU,classification,20,5,9,0.3849715496127929,1.6951477187020438,398,42,64
PM,Consumer Goods,BiGRU,classification,20,5,10,0.35784675997106274,1.2449916771480016,398,42,64
PM,Consumer Goods,BiGRU,classification,20,5,11,0.2727032566639646,1.5385437579382033,398,42,64
PM,Consumer Goods,BiGRU,classification,20,5,12,0.2624602268389122,1.8199069159371513,398,42,64
PM,Consumer Goods,BiGRU,classification,20,5,13,0.261361234751179,1.5906740370250882,398,42,64
PM,Consumer Goods,BiGRU,classification,20,5,14,0.23380636816947303,1.9358252116612025,398,42,64
PM,Consumer Goods,BiGRU,classification,20,5,15,0.21165670858855223,1.9941235723949613,398,42,64
PM,Consumer Goods,BiGRU,classification,20,5,16,0.22748061864819358,2.1454706419081915,398,42,64
PPL,Utilities,BiGRU,classification,20,5,1,0.7202589463948006,0.6478755984987531,398,42,64
PPL,Utilities,BiGRU,classification,20,5,2,0.6274775218724007,0.8276082475980123,398,42,64
PPL,Utilities,BiGRU,classification,20,5,3,0.5634622325250251,0.756500977845419,398,42,64
PPL,Utilities,BiGRU,classification,20,5,4,0.5051201264462878,0.7351980280308497,398,42,64
PPL,Utilities,BiGRU,classification,20,5,5,0.4167067585278995,0.5521949827671051,398,42,64
PPL,Utilities,BiGRU,classification,20,5,6,0.40505997559533047,0.22648147032374427,398,42,64
PPL,Utilities,BiGRU,classification,20,5,7,0.36477928455151504,0.27951135238011676,398,42,64
PPL,Utilities,BiGRU,classification,20,5,8,0.3455939330347818,1.557066940125965,398,42,64
PPL,Utilities,BiGRU,classification,20,5,9,0.420550291861721,0.38927687065941946,398,42,64
PPL,Utilities,BiGRU,classification,20,5,10,0.37305697064902915,0.9698744813601176,398,42,64
PPL,Utilities,BiGRU,classification,20,5,11,0.32307977644941915,1.2714953181289492,398,42,64
PPL,Utilities,BiGRU,classification,20,5,12,0.29554304390696423,0.5227467644782293,398,42,64
PPL,Utilities,BiGRU,classification,20,5,13,0.2797646665543168,0.5918754594666618,398,42,64
PPL,Utilities,BiGRU,classification,20,5,14,0.3586050486145307,1.0431567827860515,398,42,64
PPL,Utilities,BiGRU,classification,20,5,15,0.2511729448659336,0.7604637174379258,398,42,64
PPL,Utilities,BiGRU,classification,20,5,16,0.16478517355781105,0.49429317315419513,398,42,64
PPL,Utilities,BiGRU,classification,20,5,17,0.1320329900812264,0.616549361319769,398,42,64
PPL,Utilities,BiGRU,classification,20,5,18,0.12428342926798004,0.33508275804065524,398,42,64
PPL,Utilities,BiGRU,classification,20,5,19,0.12851508736760173,0.4403397866657802,398,42,64
PPL,Utilities,BiGRU,classification,20,5,20,0.11154852875850009,0.495893432980492,398,42,64
PTR,Basic Matierials,BiGRU,classification,20,5,1,0.7205275908187406,0.7119352959451222,398,42,64
PTR,Basic Matierials,BiGRU,classification,20,5,2,0.7049956142003811,3.0758296762193953,398,42,64
PTR,Basic Matierials,BiGRU,classification,20,5,3,0.6286658596752877,1.610726827666873,398,42,64
PTR,Basic Matierials,BiGRU,classification,20,5,4,0.5608723007853905,4.209934370858329,398,42,64
PTR,Basic Matierials,BiGRU,classification,20,5,5,0.5272295277322357,3.3025075935182118,398,42,64
PTR,Basic Matierials,BiGRU,classification,20,5,6,0.491278068204621,5.391072454906645,398,42,64
PTR,Basic Matierials,BiGRU,classification,20,5,7,0.45076642743307144,1.805024572781154,398,42,64
PTR,Basic Matierials,BiGRU,classification,20,5,8,0.4490810667150584,7.032439799535842,398,42,64
PTR,Basic Matierials,BiGRU,classification,20,5,9,0.3946806178919634,6.092807202112107,398,42,64
PTR,Basic Matierials,BiGRU,classification,20,5,10,0.3269256092795175,3.3926174413590204,398,42,64
PTR,Basic Matierials,BiGRU,classification,20,5,11,0.2434407316859643,4.0519197554815385,398,42,64
PTR,Basic Matierials,BiGRU,classification,20,5,12,0.21184644380106998,5.074431351252964,398,42,64
PTR,Basic Matierials,BiGRU,classification,20,5,13,0.2087681306965986,5.037032172793434,398,42,64
PTR,Basic Matierials,BiGRU,classification,20,5,14,0.212230196250743,1.8440614768436976,398,42,64
PTR,Basic Matierials,BiGRU,classification,20,5,15,0.24681022838132466,7.134720211937314,398,42,64
PTR,Basic Matierials,BiGRU,classification,20,5,16,0.21796069477670757,7.291489010765439,398,42,64
RDS-B,Basic Matierials,BiGRU,classification,20,5,1,0.7327374133033369,1.0616121263731093,398,42,64
RDS-B,Basic Matierials,BiGRU,classification,20,5,2,0.6861622408406818,2.574723277773176,398,42,64
RDS-B,Basic Matierials,BiGRU,classification,20,5,3,0.5682613508186148,5.0682757922581265,398,42,64
RDS-B,Basic Matierials,BiGRU,classification,20,5,4,0.5506749861503966,8.244944504329137,398,42,64
RDS-B,Basic Matierials,BiGRU,classification,20,5,5,0.47836942678719907,10.482600212097168,398,42,64
RDS-B,Basic Matierials,BiGRU,classification,20,5,6,0.5029190112298457,7.935613541376023,398,42,64
RDS-B,Basic Matierials,BiGRU,classification,20,5,7,0.47288437666904987,7.24128582364037,398,42,64
RDS-B,Basic Matierials,BiGRU,classification,20,5,8,0.5360651022225769,11.04595897311256,398,42,64
RDS-B,Basic Matierials,BiGRU,classification,20,5,9,0.48900700042295697,8.750858443123954,398,42,64
RDS-B,Basic Matierials,BiGRU,classification,20,5,10,0.5500884071816152,8.860196794782366,398,42,64
RDS-B,Basic Matierials,BiGRU,classification,20,5,11,0.39550874973811095,9.33525866553897,398,42,64
RDS-B,Basic Matierials,BiGRU,classification,20,5,12,0.32452313120865345,9.118799482073102,398,42,64
RDS-B,Basic Matierials,BiGRU,classification,20,5,13,0.29774448084621574,9.979786282493954,398,42,64
RDS-B,Basic Matierials,BiGRU,classification,20,5,14,0.2814423345665836,10.192711103530158,398,42,64
RDS-B,Basic Matierials,BiGRU,classification,20,5,15,0.2641795682323039,10.008994238717216,398,42,64
RDS-B,Basic Matierials,BiGRU,classification,20,5,16,0.24417870171630202,9.716541789826893,398,42,64
REX,Conglomerates,BiGRU,classification,20,5,1,0.7512750326089523,1.4974146343412853,398,42,64
REX,Conglomerates,BiGRU,classification,20,5,2,0.6305583781333425,2.7556353410085044,398,42,64
REX,Conglomerates,BiGRU,classification,20,5,3,0.5881170621469393,4.8954807463146395,398,42,64
REX,Conglomerates,BiGRU,classification,20,5,4,0.5300173085538586,7.249789237976074,398,42,64
REX,Conglomerates,BiGRU,classification,20,5,5,0.45158459972496606,5.691256296067011,398,42,64
REX,Conglomerates,BiGRU,classification,20,5,6,0.43125368033222217,6.678310530526297,398,42,64
REX,Conglomerates,BiGRU,classification,20,5,7,0.39919743286305337,8.388623419262114,398,42,64
REX,Conglomerates,BiGRU,classification,20,5,8,0.40694496574713357,6.450047856285458,398,42,64
REX,Conglomerates,BiGRU,classification,20,5,9,0.3672812536134193,6.127334458487375,398,42,64
REX,Conglomerates,BiGRU,classification,20,5,10,0.30086727178276484,9.336559568132673,398,42,64
REX,Conglomerates,BiGRU,classification,20,5,11,0.21406523815950557,9.052245685032435,398,42,64
REX,Conglomerates,BiGRU,classification,20,5,12,0.1774804586142152,12.41967519124349,398,42,64
REX,Conglomerates,BiGRU,classification,20,5,13,0.19962867323178143,8.648295675005231,398,42,64
REX,Conglomerates,BiGRU,classification,20,5,14,0.18008912545652245,11.904870623633975,398,42,64
REX,Conglomerates,BiGRU,classification,20,5,15,0.15657362424249027,11.264587039039249,398,42,64
REX,Conglomerates,BiGRU,classification,20,5,16,0.1676358587328513,11.398467290969123,398,42,64
SLB,Basic Matierials,BiGRU,classification,20,5,1,0.7684348489171896,0.8868860006332397,398,42,64
SLB,Basic Matierials,BiGRU,classification,20,5,2,0.6660036121181507,0.9946972074962798,398,42,64
SLB,Basic Matierials,BiGRU,classification,20,5,3,0.6053970830524387,3.6698094549633207,398,42,64
SLB,Basic Matierials,BiGRU,classification,20,5,4,0.5462391517270151,2.5584482238406228,398,42,64
SLB,Basic Matierials,BiGRU,classification,20,5,5,0.5318753452756297,4.3853626024155385,398,42,64
SLB,Basic Matierials,BiGRU,classification,20,5,6,0.45996427266441997,2.4997846512567428,398,42,64
SLB,Basic Matierials,BiGRU,classification,20,5,7,0.4311655472271406,3.582594530923026,398,42,64
SLB,Basic Matierials,BiGRU,classification,20,5,8,0.45310523342247583,3.678024723416283,398,42,64
SLB,Basic Matierials,BiGRU,classification,20,5,9,0.42890259398886904,5.090716634477888,398,42,64
SLB,Basic Matierials,BiGRU,classification,20,5,10,0.4056096014065958,3.0326917739141557,398,42,64
SLB,Basic Matierials,BiGRU,classification,20,5,11,0.30141149618517815,4.486721969786144,398,42,64
SLB,Basic Matierials,BiGRU,classification,20,5,12,0.25918743149120005,4.0415264538356235,398,42,64
SLB,Basic Matierials,BiGRU,classification,20,5,13,0.23595359412269976,5.245920476459322,398,42,64
SLB,Basic Matierials,BiGRU,classification,20,5,14,0.22371631141883044,3.966846670423235,398,42,64
SLB,Basic Matierials,BiGRU,classification,20,5,15,0.20360802011049572,4.495890549251011,398,42,64
SLB,Basic Matierials,BiGRU,classification,20,5,16,0.20010483279899138,5.4860796474275135,398,42,64
SNP,Basic Matierials,BiGRU,classification,20,5,1,0.7298810416130564,1.7220465682801747,398,42,64
SNP,Basic Matierials,BiGRU,classification,20,5,2,0.6233154786891074,3.6948998314993724,398,42,64
SNP,Basic Matierials,BiGRU,classification,20,5,3,0.572131516945422,4.77002645674206,398,42,64
SNP,Basic Matierials,BiGRU,classification,20,5,4,0.48779666992887183,4.819731371743338,398,42,64
SNP,Basic Matierials,BiGRU,classification,20,5,5,0.41830167189315337,5.839812006269183,398,42,64
SNP,Basic Matierials,BiGRU,classification,20,5,6,0.35888730850651035,3.441395577930269,398,42,64
SNP,Basic Matierials,BiGRU,classification,20,5,7,0.3150337380380487,4.9529521351768855,398,42,64
SNP,Basic Matierials,BiGRU,classification,20,5,8,0.2767121698988143,5.155867917197091,398,42,64
SNP,Basic Matierials,BiGRU,classification,20,5,9,0.2963452818405688,3.9760531243823825,398,42,64
SNP,Basic Matierials,BiGRU,classification,20,5,10,0.23029824720704975,3.1923402150472007,398,42,64
SNP,Basic Matierials,BiGRU,classification,20,5,11,0.21688830028826267,3.2890793709527877,398,42,64
SNP,Basic Matierials,BiGRU,classification,20,5,12,0.15570228103192607,6.0296199435279485,398,42,64
SNP,Basic Matierials,BiGRU,classification,20,5,13,0.159535118083858,3.370524247487386,398,42,64
SNP,Basic Matierials,BiGRU,classification,20,5,14,0.11607034699102144,3.4759767850240073,398,42,64
SNP,Basic Matierials,BiGRU,classification,20,5,15,0.13704270453908335,3.0603459676106772,398,42,64
SNP,Basic Matierials,BiGRU,classification,20,5,16,0.16095846427145916,4.166065375010173,398,42,64
SNY,Healthcare,BiGRU,classification,20,5,1,0.7345868121439488,0.6491745284625462,398,42,64
SNY,Healthcare,BiGRU,classification,20,5,2,0.6529658388851876,0.8776691697892689,398,42,64
SNY,Healthcare,BiGRU,classification,20,5,3,0.5911125247202926,1.5313950266156877,398,42,64
SNY,Healthcare,BiGRU,classification,20,5,4,0.5608220334029078,1.1508562110719227,398,42,64
SNY,Healthcare,BiGRU,classification,20,5,5,0.4982315987797838,1.0697502862839472,398,42,64
SNY,Healthcare,BiGRU,classification,20,5,6,0.4697131224014052,1.6809436480204265,398,42,64
SNY,Healthcare,BiGRU,classification,20,5,7,0.469717180609104,2.550823756626674,398,42,64
SNY,Healthcare,BiGRU,classification,20,5,8,0.42732757629461626,1.2952056385221935,398,42,64
SNY,Healthcare,BiGRU,classification,20,5,9,0.4413646845961336,1.5110030968983967,398,42,64
SNY,Healthcare,BiGRU,classification,20,5,10,0.41738076874958213,1.231368098940168,398,42,64
SNY,Healthcare,BiGRU,classification,20,5,11,0.28453921103597285,1.5961692446754092,398,42,64
SNY,Healthcare,BiGRU,classification,20,5,12,0.25303380947616233,1.3339275462286813,398,42,64
SNY,Healthcare,BiGRU,classification,20,5,13,0.24707569069598787,1.5158031895047142,398,42,64
SNY,Healthcare,BiGRU,classification,20,5,14,0.22747766687043347,1.6232859634217762,398,42,64
SNY,Healthcare,BiGRU,classification,20,5,15,0.20172193062365354,1.7618591331300282,398,42,64
SNY,Healthcare,BiGRU,classification,20,5,16,0.18507451874826422,2.4164415087018694,398,42,64
SO,Utilities,BiGRU,classification,20,5,1,0.7429915097490627,0.4351018624646323,398,42,64
SO,Utilities,BiGRU,classification,20,5,2,0.6249269666384213,0.44328381759779795,398,42,64
SO,Utilities,BiGRU,classification,20,5,3,0.5706380893237627,0.486711669535864,398,42,64
SO,Utilities,BiGRU,classification,20,5,4,0.534112608163201,0.6950434034778958,398,42,64
SO,Utilities,BiGRU,classification,20,5,5,0.525030833392886,0.4850389545872098,398,42,64
SO,Utilities,BiGRU,classification,20,5,6,0.5027222100214742,0.6004233629930587,398,42,64
SO,Utilities,BiGRU,classification,20,5,7,0.5045311259264922,0.9763447926157997,398,42,64
SO,Utilities,BiGRU,classification,20,5,8,0.4225185588376606,0.4516046515532902,398,42,64
SO,Utilities,BiGRU,classification,20,5,9,0.4349879442746915,0.6048527508974075,398,42,64
SO,Utilities,BiGRU,classification,20,5,10,0.36759952848880134,1.3170346546740759,398,42,64
SO,Utilities,BiGRU,classification,20,5,11,0.29513315819016656,0.5567894648937952,398,42,64
SO,Utilities,BiGRU,classification,20,5,12,0.26511385834696305,0.8590602825085322,398,42,64
SO,Utilities,BiGRU,classification,20,5,13,0.23934808972492888,0.799371409983862,398,42,64
SO,Utilities,BiGRU,classification,20,5,14,0.22328216110791393,0.7633884031148184,398,42,64
SO,Utilities,BiGRU,classification,20,5,15,0.20499053069544798,1.747542835417248,398,42,64
SO,Utilities,BiGRU,classification,20,5,16,0.21704260989948732,1.144200814621789,398,42,64
SPLP,Conglomerates,BiGRU,classification,20,5,1,0.7421929015586125,0.729249290057591,398,42,64
SPLP,Conglomerates,BiGRU,classification,20,5,2,0.7116862580404809,0.6745126304172334,398,42,64
SPLP,Conglomerates,BiGRU,classification,20,5,3,0.6467723139566393,0.9737006142025902,398,42,64
SPLP,Conglomerates,BiGRU,classification,20,5,4,0.5881449526278817,1.119017515863691,398,42,64
SPLP,Conglomerates,BiGRU,classification,20,5,5,0.5098752352460545,0.9052789069357372,398,42,64
SPLP,Conglomerates,BiGRU,classification,20,5,6,0.49767776350280146,0.9277034458659944,398,42,64
SPLP,Conglomerates,BiGRU,classification,20,5,7,0.4629842546117965,0.6780765652656555,398,42,64
SPLP,Conglomerates,BiGRU,classification,20,5,8,0.45619184677325303,2.63875987416222,398,42,64
SPLP,Conglomerates,BiGRU,classification,20,5,9,0.37562455663728955,2.0606279713766917,398,42,64
SPLP,Conglomerates,BiGRU,classification,20,5,10,0.46400161244761406,2.1289756979261125,398,42,64
SPLP,Conglomerates,BiGRU,classification,20,5,11,0.3424271870048801,1.7032099281038557,398,42,64
SPLP,Conglomerates,BiGRU,classification,20,5,12,0.3005155528610076,1.575055860337757,398,42,64
SPLP,Conglomerates,BiGRU,classification,20,5,13,0.24286082020057506,2.5144025200889226,398,42,64
SPLP,Conglomerates,BiGRU,classification,20,5,14,0.20311652618137435,1.9293593622389293,398,42,64
SPLP,Conglomerates,BiGRU,classification,20,5,15,0.19620876134040965,2.59188643523625,398,42,64
SPLP,Conglomerates,BiGRU,classification,20,5,16,0.21358286533223925,2.2428721416564215,398,42,64
SPLP,Conglomerates,BiGRU,classification,20,5,17,0.20312608890797026,2.9691140282721746,398,42,64
SRE,Utilities,BiGRU,classification,20,5,1,0.714598649710267,1.0076479613780975,398,42,64
SRE,Utilities,BiGRU,classification,20,5,2,0.6540393389050086,2.6337573812121438,398,42,64
SRE,Utilities,BiGRU,classification,20,5,3,0.576434852489874,2.946204633939834,398,42,64
SRE,Utilities,BiGRU,classification,20,5,4,0.5346634513768719,2.913177353995187,398,42,64
SRE,Utilities,BiGRU,classification,20,5,5,0.4654786761981159,4.465511730739048,398,42,64
SRE,Utilities,BiGRU,classification,20,5,6,0.43701245197698696,4.672378278913952,398,42,64
SRE,Utilities,BiGRU,classification,20,5,7,0.46834079344667984,2.81979615347726,398,42,64
SRE,Utilities,BiGRU,classification,20,5,8,0.42600648996218965,3.5189634958902993,398,42,64
SRE,Utilities,BiGRU,classification,20,5,9,0.43251663715995137,4.886389641534715,398,42,64
SRE,Utilities,BiGRU,classification,20,5,10,0.3543760162502078,4.353369349525089,398,42,64
SRE,Utilities,BiGRU,classification,20,5,11,0.2876378543412865,5.099524373099918,398,42,64
SRE,Utilities,BiGRU,classification,20,5,12,0.2522764346707406,5.055678799038842,398,42,64
SRE,Utilities,BiGRU,classification,20,5,13,0.22032261239224343,5.380062103271484,398,42,64
SRE,Utilities,BiGRU,classification,20,5,14,0.18977539907747776,5.508403369358608,398,42,64
SRE,Utilities,BiGRU,classification,20,5,15,0.2128135806052529,5.523000217619396,398,42,64
SRE,Utilities,BiGRU,classification,20,5,16,0.19081437804890639,5.815169130052839,398,42,64
T,Technology,BiGRU,classification,20,5,1,0.658829129820493,0.7181455947103954,398,42,64
T,Technology,BiGRU,classification,20,5,2,0.5465210029228249,1.8747948691958474,398,42,64
T,Technology,BiGRU,classification,20,5,3,0.48146498472846333,2.313152239436195,398,42,64
T,Technology,BiGRU,classification,20,5,4,0.4507014900445938,2.5137566157749722,398,42,64
T,Technology,BiGRU,classification,20,5,5,0.41012608256172295,2.1768176669166204,398,42,64
T,Technology,BiGRU,classification,20,5,6,0.3701653592101294,2.7291997330529347,398,42,64
T,Technology,BiGRU,classification,20,5,7,0.33335912774256127,5.1522368249439054,398,42,64
T,Technology,BiGRU,classification,20,5,8,0.33535233297240197,4.787972228867667,398,42,64
T,Technology,BiGRU,classification,20,5,9,0.32505440539750624,5.109569685799735,398,42,64
T,Technology,BiGRU,classification,20,5,10,0.29549416540256096,3.474904457728068,398,42,64
T,Technology,BiGRU,classification,20,5,11,0.21779113326539945,4.716832217716036,398,42,64
T,Technology,BiGRU,classification,20,5,12,0.18541833120000423,3.616857960110619,398,42,64
T,Technology,BiGRU,classification,20,5,13,0.1961713577971686,4.788157792318435,398,42,64
T,Technology,BiGRU,classification,20,5,14,0.15031096803483052,5.403937294369652,398,42,64
T,Technology,BiGRU,classification,20,5,15,0.15078188148537772,2.8501195112864175,398,42,64
T,Technology,BiGRU,classification,20,5,16,0.14799183850462114,5.80106122153146,398,42,64
TM,Consumer Goods,BiGRU,classification,20,5,1,0.7127122184139999,0.6826865531149364,398,42,64
TM,Consumer Goods,BiGRU,classification,20,5,2,0.6462200221104838,1.8038743336995442,398,42,64
TM,Consumer Goods,BiGRU,classification,20,5,3,0.5356508280763674,2.2418227195739746,398,42,64
TM,Consumer Goods,BiGRU,classification,20,5,4,0.5336378351527842,2.622913122177124,398,42,64
TM,Consumer Goods,BiGRU,classification,20,5,5,0.449015933365079,3.209365663074312,398,42,64
TM,Consumer Goods,BiGRU,classification,20,5,6,0.4219725943689969,3.32898371560233,398,42,64
TM,Consumer Goods,BiGRU,classification,20,5,7,0.4012046303581353,2.408602442060198,398,42,64
TM,Consumer Goods,BiGRU,classification,20,5,8,0.4234760385661868,2.6135995274498347,398,42,64
TM,Consumer Goods,BiGRU,classification,20,5,9,0.46440526768190776,1.1619751793997628,398,42,64
TM,Consumer Goods,BiGRU,classification,20,5,10,0.33383932245436626,1.560124397277832,398,42,64
TM,Consumer Goods,BiGRU,classification,20,5,11,0.2736792461057404,0.9949557213556199,398,42,64
TM,Consumer Goods,BiGRU,classification,20,5,12,0.23792974059306196,1.362212056205386,398,42,64
TM,Consumer Goods,BiGRU,classification,20,5,13,0.20593940732467114,1.9154485747927712,398,42,64
TM,Consumer Goods,BiGRU,classification,20,5,14,0.21651462701397325,1.3783299979709445,398,42,64
TM,Consumer Goods,BiGRU,classification,20,5,15,0.1921249057479839,1.337220929917835,398,42,64
TM,Consumer Goods,BiGRU,classification,20,5,16,0.154485809069183,1.7805314291091192,398,42,64
TOT,Basic Matierials,BiGRU,classification,20,5,1,0.6913513708953283,0.688361318338485,398,42,64
TOT,Basic Matierials,BiGRU,classification,20,5,2,0.6928442632732679,2.5741322948819114,398,42,64
TOT,Basic Matierials,BiGRU,classification,20,5,3,0.6193133298326378,3.938355865932646,398,42,64
TOT,Basic Matierials,BiGRU,classification,20,5,4,0.5462739369527778,5.491573231560843,398,42,64
TOT,Basic Matierials,BiGRU,classification,20,5,5,0.478992048295299,6.573285920279367,398,42,64
TOT,Basic Matierials,BiGRU,classification,20,5,6,0.47876044718464417,6.344618729182652,398,42,64
TOT,Basic Matierials,BiGRU,classification,20,5,7,0.41239131479781477,9.264107454390754,398,42,64
TOT,Basic Matierials,BiGRU,classification,20,5,8,0.4406095407715994,4.946764616739182,398,42,64
TOT,Basic Matierials,BiGRU,classification,20,5,9,0.4257006790844639,10.438988299596877,398,42,64
TOT,Basic Matierials,BiGRU,classification,20,5,10,0.43102870671892884,7.913350672948928,398,42,64
TOT,Basic Matierials,BiGRU,classification,20,5,11,0.3129657560294897,8.40628212974185,398,42,64
TOT,Basic Matierials,BiGRU,classification,20,5,12,0.27063186464821876,8.352978274935769,398,42,64
TOT,Basic Matierials,BiGRU,classification,20,5,13,0.22807137348019896,9.587222508021764,398,42,64
TOT,Basic Matierials,BiGRU,classification,20,5,14,0.2180303883500135,10.360804580506825,398,42,64
TOT,Basic Matierials,BiGRU,classification,20,5,15,0.24063824233248007,11.209638958885556,398,42,64
TOT,Basic Matierials,BiGRU,classification,20,5,16,0.18911938037929224,11.21167042141869,398,42,64
TSM,Technology,BiGRU,classification,20,5,1,0.7461378463548631,0.8740195745513553,398,42,64
TSM,Technology,BiGRU,classification,20,5,2,0.664686484552508,3.462703818366641,398,42,64
TSM,Technology,BiGRU,classification,20,5,3,0.605507078482278,3.8698577880859375,398,42,64
TSM,Technology,BiGRU,classification,20,5,4,0.5574672952968271,5.091930820828392,398,42,64
TSM,Technology,BiGRU,classification,20,5,5,0.5141855891625485,5.189844653719947,398,42,64
TSM,Technology,BiGRU,classification,20,5,6,0.5079602509287734,5.796448457808721,398,42,64
TSM,Technology,BiGRU,classification,20,5,7,0.43458743281100864,6.2334799993605845,398,42,64
TSM,Technology,BiGRU,classification,20,5,8,0.4214826762376718,5.326136884235201,398,42,64
TSM,Technology,BiGRU,classification,20,5,9,0.47177834636601973,4.410637015388126,398,42,64
TSM,Technology,BiGRU,classification,20,5,10,0.41061538038541323,5.845090797969273,398,42,64
TSM,Technology,BiGRU,classification,20,5,11,0.3087119546966936,7.893411863417852,398,42,64
TSM,Technology,BiGRU,classification,20,5,12,0.2903513541473216,5.693874359130859,398,42,64
TSM,Technology,BiGRU,classification,20,5,13,0.244896842007661,6.354368891034808,398,42,64
TSM,Technology,BiGRU,classification,20,5,14,0.26157732075782275,7.496367545354934,398,42,64
TSM,Technology,BiGRU,classification,20,5,15,0.24000729717800964,7.5083358855474565,398,42,64
TSM,Technology,BiGRU,classification,20,5,16,0.22747632262095735,8.35041872660319,398,42,64
UL,Consumer Goods,BiGRU,classification,20,5,1,0.6945137267735735,1.075506363596235,398,42,64
UL,Consumer Goods,BiGRU,classification,20,5,2,0.622165489436394,1.579150954882304,398,42,64
UL,Consumer Goods,BiGRU,classification,20,5,3,0.5105642736257621,1.44645547299158,398,42,64
UL,Consumer Goods,BiGRU,classification,20,5,4,0.4627637770307723,1.4896858646756126,398,42,64
UL,Consumer Goods,BiGRU,classification,20,5,5,0.41783544765644937,2.7635391666775657,398,42,64
UL,Consumer Goods,BiGRU,classification,20,5,6,0.4308126243814152,2.2279099367913746,398,42,64
UL,Consumer Goods,BiGRU,classification,20,5,7,0.405684017131676,3.7920713367916288,398,42,64
UL,Consumer Goods,BiGRU,classification,20,5,8,0.33258628979999216,5.854816822778611,398,42,64
UL,Consumer Goods,BiGRU,classification,20,5,9,0.3271192504682733,2.825081325712658,398,42,64
UL,Consumer Goods,BiGRU,classification,20,5,10,0.30940356326462637,3.8923059361321584,398,42,64
UL,Consumer Goods,BiGRU,classification,20,5,11,0.20515112548916783,5.518511874335153,398,42,64
UL,Consumer Goods,BiGRU,classification,20,5,12,0.20219230708015623,3.9129375389644077,398,42,64
UL,Consumer Goods,BiGRU,classification,20,5,13,0.16333480613615045,5.92202962012518,398,42,64
UL,Consumer Goods,BiGRU,classification,20,5,14,0.14403479490148363,5.861430190858387,398,42,64
UL,Consumer Goods,BiGRU,classification,20,5,15,0.11403584045980444,5.430382444745018,398,42,64
UL,Consumer Goods,BiGRU,classification,20,5,16,0.1366334473854633,9.92038479305449,398,42,64
UN,Consumer Goods,BiGRU,classification,20,5,1,0.7434291414280033,1.0616738767850966,398,42,64
UN,Consumer Goods,BiGRU,classification,20,5,2,0.6286064700864668,1.8606820929618109,398,42,64
UN,Consumer Goods,BiGRU,classification,20,5,3,0.5721768491232215,1.2953268119267054,398,42,64
UN,Consumer Goods,BiGRU,classification,20,5,4,0.4831170462184216,1.5709195704687209,398,42,64
UN,Consumer Goods,BiGRU,classification,20,5,5,0.4759421023591679,1.41816546803429,398,42,64
UN,Consumer Goods,BiGRU,classification,20,5,6,0.3829962500375719,1.097649526028406,398,42,64
UN,Consumer Goods,BiGRU,classification,20,5,7,0.37257627536304033,1.1774313847223918,398,42,64
UN,Consumer Goods,BiGRU,classification,20,5,8,0.3725870883644526,2.1488617545082453,398,42,64
UN,Consumer Goods,BiGRU,classification,20,5,9,0.3425127618276893,3.8547380424681164,398,42,64
UN,Consumer Goods,BiGRU,classification,20,5,10,0.28283112522345694,1.6431387492588587,398,42,64
UN,Consumer Goods,BiGRU,classification,20,5,11,0.19169823967631738,2.1085346880413236,398,42,64
UN,Consumer Goods,BiGRU,classification,20,5,12,0.16039452069069274,2.6939530486152288,398,42,64
UN,Consumer Goods,BiGRU,classification,20,5,13,0.15528038615856937,1.4254381088983445,398,42,64
UN,Consumer Goods,BiGRU,classification,20,5,14,0.15477049680211435,3.0891617139180503,398,42,64
UN,Consumer Goods,BiGRU,classification,20,5,15,0.1314619854466999,3.087332532519386,398,42,64
UN,Consumer Goods,BiGRU,classification,20,5,16,0.14054954995462043,1.9835677941640217,398,42,64
UNH,Healthcare,BiGRU,classification,20,5,1,0.6678922574723786,0.5564993946325212,398,42,64
UNH,Healthcare,BiGRU,classification,20,5,2,0.6249953241803539,0.8621345786821275,398,42,64
UNH,Healthcare,BiGRU,classification,20,5,3,0.5327364547767831,0.6532405657427651,398,42,64
UNH,Healthcare,BiGRU,classification,20,5,4,0.5121458415410027,0.7960471219959713,398,42,64
UNH,Healthcare,BiGRU,classification,20,5,5,0.49419501139290967,0.7228371146179381,398,42,64
UNH,Healthcare,BiGRU,classification,20,5,6,0.433922009402184,0.7087424475522268,398,42,64
UNH,Healthcare,BiGRU,classification,20,5,7,0.4469388500230396,0.837081701982589,398,42,64
UNH,Healthcare,BiGRU,classification,20,5,8,0.38294410151452873,1.1562772222927638,398,42,64
UNH,Healthcare,BiGRU,classification,20,5,9,0.404693242143746,1.0715339637938,398,42,64
UNH,Healthcare,BiGRU,classification,20,5,10,0.3553208908693275,0.8472797239110583,398,42,64
UNH,Healthcare,BiGRU,classification,20,5,11,0.34454124447089346,0.9263820669480732,398,42,64
UNH,Healthcare,BiGRU,classification,20,5,12,0.2797716156621674,1.1560783301080977,398,42,64
UNH,Healthcare,BiGRU,classification,20,5,13,0.24925171385458367,1.2093595422449566,398,42,64
UNH,Healthcare,BiGRU,classification,20,5,14,0.2528537099235621,1.2298378830864316,398,42,64
UNH,Healthcare,BiGRU,classification,20,5,15,0.24499539798827627,1.1899247226260958,398,42,64
UNH,Healthcare,BiGRU,classification,20,5,16,0.2143366831780678,1.0995021512111027,398,42,64
UPS,Services,BiGRU,classification,20,5,1,0.7043161841493156,0.573553014369238,398,42,64
UPS,Services,BiGRU,classification,20,5,2,0.6138153160037707,0.7075064749944777,398,42,64
UPS,Services,BiGRU,classification,20,5,3,0.5931310801949333,0.6249767059371585,398,42,64
UPS,Services,BiGRU,classification,20,5,4,0.5359722202147671,0.5667766758373806,398,42,64
UPS,Services,BiGRU,classification,20,5,5,0.4967904764803211,0.7056828652109418,398,42,64
UPS,Services,BiGRU,classification,20,5,6,0.436966369050232,0.9932211069833665,398,42,64
UPS,Services,BiGRU,classification,20,5,7,0.4652220304287858,0.854976699465797,398,42,64
UPS,Services,BiGRU,classification,20,5,8,0.40774257608394526,0.6072200054214114,398,42,64
UPS,Services,BiGRU,classification,20,5,9,0.409192676220707,1.4200945127578009,398,42,64
UPS,Services,BiGRU,classification,20,5,10,0.42277966304939596,1.025452318645659,398,42,64
UPS,Services,BiGRU,classification,20,5,11,0.34836849293217587,0.9945782650084722,398,42,64
UPS,Services,BiGRU,classification,20,5,12,0.3592487029244552,1.2395362910770236,398,42,64
UPS,Services,BiGRU,classification,20,5,13,0.3062100619377203,0.9521558625357491,398,42,64
UPS,Services,BiGRU,classification,20,5,14,0.22672389290440623,1.1104599180675687,398,42,64
UPS,Services,BiGRU,classification,20,5,15,0.18666987881139296,1.246522034917559,398,42,64
UPS,Services,BiGRU,classification,20,5,16,0.17226565719100098,1.1248060918989635,398,42,64
UPS,Services,BiGRU,classification,20,5,17,0.1590067777202357,1.2448730014619374,398,42,64
UPS,Services,BiGRU,classification,20,5,18,0.17748017996624488,1.236931704339527,398,42,64
UPS,Services,BiGRU,classification,20,5,19,0.16906534371214296,1.2570293914704096,398,42,64
UTX,Industrial Goods,BiGRU,classification,20,5,1,0.8367454298776598,1.4069768758047194,398,42,64
UTX,Industrial Goods,BiGRU,classification,20,5,2,0.652302594939668,1.4346806832722254,398,42,64
UTX,Industrial Goods,BiGRU,classification,20,5,3,0.573250115217276,3.8725745791480657,398,42,64
UTX,Industrial Goods,BiGRU,classification,20,5,4,0.5432141728736647,2.595631996790568,398,42,64
UTX,Industrial Goods,BiGRU,classification,20,5,5,0.4886031462319532,3.3208848862420943,398,42,64
UTX,Industrial Goods,BiGRU,classification,20,5,6,0.47355215064245254,1.5387223731903803,398,42,64
UTX,Industrial Goods,BiGRU,classification,20,5,7,0.4243359526797156,2.896035319282895,398,42,64
UTX,Industrial Goods,BiGRU,classification,20,5,8,0.3684306222589771,5.391088463011242,398,42,64
UTX,Industrial Goods,BiGRU,classification,20,5,9,0.35668974238723966,2.595430056254069,398,42,64
UTX,Industrial Goods,BiGRU,classification,20,5,10,0.26336438197586404,4.696425437927246,398,42,64
UTX,Industrial Goods,BiGRU,classification,20,5,11,0.2290394057580574,3.2926539920625233,398,42,64
UTX,Industrial Goods,BiGRU,classification,20,5,12,0.18894154058029902,1.6665383520580472,398,42,64
UTX,Industrial Goods,BiGRU,classification,20,5,13,0.17311918874032534,5.807738304138184,398,42,64
UTX,Industrial Goods,BiGRU,classification,20,5,14,0.18952550907530377,1.9638376235961914,398,42,64
UTX,Industrial Goods,BiGRU,classification,20,5,15,0.1602317839112114,5.302793934231713,398,42,64
UTX,Industrial Goods,BiGRU,classification,20,5,16,0.16301939116051448,1.8104987030937558,398,42,64
V,Financial,BiGRU,classification,20,5,1,0.7379719105797198,0.7444410607928321,398,42,64
V,Financial,BiGRU,classification,20,5,2,0.6642152941107151,0.9732087964103335,398,42,64
V,Financial,BiGRU,classification,20,5,3,0.5815474429921289,1.544260064760844,398,42,64
V,Financial,BiGRU,classification,20,5,4,0.531053845382216,2.2661388431276595,398,42,64
V,Financial,BiGRU,classification,20,5,5,0.5236579931561073,1.4515136310032435,398,42,64
V,Financial,BiGRU,classification,20,5,6,0.4790531859625524,1.8206108922050113,398,42,64
V,Financial,BiGRU,classification,20,5,7,0.4619745569088351,2.239720577285403,398,42,64
V,Financial,BiGRU,classification,20,5,8,0.44557245607352136,1.8896147466841198,398,42,64
V,Financial,BiGRU,classification,20,5,9,0.39911515726216473,1.4712303706577845,398,42,64
V,Financial,BiGRU,classification,20,5,10,0.4287600878195547,1.939196995326451,398,42,64
V,Financial,BiGRU,classification,20,5,11,0.3069986918164258,2.1912706125350225,398,42,64
V,Financial,BiGRU,classification,20,5,12,0.2787657520504453,1.9140346617925734,398,42,64
V,Financial,BiGRU,classification,20,5,13,0.25851548502418265,2.981968868346441,398,42,64
V,Financial,BiGRU,classification,20,5,14,0.2510055093909029,3.361432904288882,398,42,64
V,Financial,BiGRU,classification,20,5,15,0.2492207473508976,3.2855029900868735,398,42,64
V,Financial,BiGRU,classification,20,5,16,0.22069378655834412,4.177113884971256,398,42,64
VZ,Technology,BiGRU,classification,20,5,1,0.7060838070646602,1.6752259163629442,398,42,64
VZ,Technology,BiGRU,classification,20,5,2,0.6203947112188867,2.9114936192830405,398,42,64
VZ,Technology,BiGRU,classification,20,5,3,0.5709386933688543,4.025200162615095,398,42,64
VZ,Technology,BiGRU,classification,20,5,4,0.5496951256265592,3.336172830490839,398,42,64
VZ,Technology,BiGRU,classification,20,5,5,0.5355593416858558,3.1262916383289157,398,42,64
VZ,Technology,BiGRU,classification,20,5,6,0.49128080702307236,3.615935143970308,398,42,64
VZ,Technology,BiGRU,classification,20,5,7,0.4373905949257127,3.2931173188345775,398,42,64
VZ,Technology,BiGRU,classification,20,5,8,0.41159845147300606,1.45320006779262,398,42,64
VZ,Technology,BiGRU,classification,20,5,9,0.41102636481948834,4.380713780721028,398,42,64
VZ,Technology,BiGRU,classification,20,5,10,0.3621249765007939,1.3716237999144054,398,42,64
VZ,Technology,BiGRU,classification,20,5,11,0.4363199716536843,5.604967912038167,398,42,64
VZ,Technology,BiGRU,classification,20,5,12,0.3389323262413542,2.398130257924398,398,42,64
VZ,Technology,BiGRU,classification,20,5,13,0.2950842551999356,2.644956429799398,398,42,64
VZ,Technology,BiGRU,classification,20,5,14,0.32177936454214645,3.4913364251454673,398,42,64
VZ,Technology,BiGRU,classification,20,5,15,0.28452064396448473,4.789322807675316,398,42,64
VZ,Technology,BiGRU,classification,20,5,16,0.28266348506338035,2.8928236734299433,398,42,64
VZ,Technology,BiGRU,classification,20,5,17,0.3005944705338933,5.744437626429966,398,42,64
VZ,Technology,BiGRU,classification,20,5,18,0.3209597627122199,1.3916798319135393,398,42,64
VZ,Technology,BiGRU,classification,20,5,19,0.2416288851194046,2.128026633035569,398,42,64
VZ,Technology,BiGRU,classification,20,5,20,0.16265553992297782,2.882628872281029,398,42,64
WFC,Financial,BiGRU,classification,20,5,1,0.713125639824412,1.0005559126536052,398,42,64
WFC,Financial,BiGRU,classification,20,5,2,0.6320584053969264,2.0962089811052596,398,42,64
WFC,Financial,BiGRU,classification,20,5,3,0.5376361668409415,1.313166612670535,398,42,64
WFC,Financial,BiGRU,classification,20,5,4,0.47468105228102986,2.1307679357982816,398,42,64
WFC,Financial,BiGRU,classification,20,5,5,0.4605506424927831,1.1185875563394456,398,42,64
WFC,Financial,BiGRU,classification,20,5,6,0.39507283577367885,1.5043603465670632,398,42,64
WFC,Financial,BiGRU,classification,20,5,7,0.3724521176898899,1.6382831051236106,398,42,64
WFC,Financial,BiGRU,classification,20,5,8,0.35497228629025984,2.7309158643086753,398,42,64
WFC,Financial,BiGRU,classification,20,5,9,0.34107195896718967,2.1764083930424283,398,42,64
WFC,Financial,BiGRU,classification,20,5,10,0.26544254370520465,1.9283500285375685,398,42,64
WFC,Financial,BiGRU,classification,20,5,11,0.21383065786493483,2.9374302455357144,398,42,64
WFC,Financial,BiGRU,classification,20,5,12,0.20105833975813497,3.2223194667271207,398,42,64
WFC,Financial,BiGRU,classification,20,5,13,0.1775659401737266,2.9008047921316966,398,42,64
WFC,Financial,BiGRU,classification,20,5,14,0.17936045245908613,3.4964221091497514,398,42,64
WFC,Financial,BiGRU,classification,20,5,15,0.16431553968832122,3.068404788062686,398,42,64
WFC,Financial,BiGRU,classification,20,5,16,0.17357606957455976,3.884633223215739,398,42,64
WMT,Services,BiGRU,classification,20,5,1,0.8263220053222311,0.9853935553914025,398,42,64
WMT,Services,BiGRU,classification,20,5,2,0.697951043670501,3.6558096011479697,398,42,64
WMT,Services,BiGRU,classification,20,5,3,0.6141461391544821,3.3037489482334683,398,42,64
WMT,Services,BiGRU,classification,20,5,4,0.5051144041008686,3.9859220073336648,398,42,64
WMT,Services,BiGRU,classification,20,5,5,0.4589708456441985,5.016461281549363,398,42,64
WMT,Services,BiGRU,classification,20,5,6,0.4190433961362695,2.5694429760887507,398,42,64
WMT,Services,BiGRU,classification,20,5,7,0.4054937024212363,1.9954296520778112,398,42,64
WMT,Services,BiGRU,classification,20,5,8,0.3491700858476773,6.630480357578823,398,42,64
WMT,Services,BiGRU,classification,20,5,9,0.45434833007242215,2.3999393553960893,398,42,64
WMT,Services,BiGRU,classification,20,5,10,0.33868028545499446,3.159864976292565,398,42,64
WMT,Services,BiGRU,classification,20,5,11,0.22691215582229385,3.0396477551687333,398,42,64
WMT,Services,BiGRU,classification,20,5,12,0.2127303356052044,2.2093766132990518,398,42,64
WMT,Services,BiGRU,classification,20,5,13,0.1766899726798187,5.048935129528954,398,42,64
WMT,Services,BiGRU,classification,20,5,14,0.19011820807828375,2.8058051665623984,398,42,64
WMT,Services,BiGRU,classification,20,5,15,0.18118443343807106,3.977565050125122,398,42,64
WMT,Services,BiGRU,classification,20,5,16,0.14512200361520203,4.759412470318022,398,42,64
XOM,Basic Matierials,BiGRU,classification,20,5,1,0.7932462919896571,0.6460634697051275,398,42,64
XOM,Basic Matierials,BiGRU,classification,20,5,2,0.7065567179540893,1.1904770306178503,398,42,64
XOM,Basic Matierials,BiGRU,classification,20,5,3,0.6521563610838885,2.1963676441283453,398,42,64
XOM,Basic Matierials,BiGRU,classification,20,5,4,0.6068528138812462,2.3500103439603532,398,42,64
XOM,Basic Matierials,BiGRU,classification,20,5,5,0.5306766076603128,3.0281170266015187,398,42,64
XOM,Basic Matierials,BiGRU,classification,20,5,6,0.5236360267478617,2.690582451366243,398,42,64
XOM,Basic Matierials,BiGRU,classification,20,5,7,0.4904077421480687,2.966836923644656,398,42,64
XOM,Basic Matierials,BiGRU,classification,20,5,8,0.48884827961873767,3.599180596215384,398,42,64
XOM,Basic Matierials,BiGRU,classification,20,5,9,0.495859167084622,2.0492415059180487,398,42,64
XOM,Basic Matierials,BiGRU,classification,20,5,10,0.4114760591756159,3.335284812109811,398,42,64
XOM,Basic Matierials,BiGRU,classification,20,5,11,0.32935062492612616,3.1963466178803217,398,42,64
XOM,Basic Matierials,BiGRU,classification,20,5,12,0.3000832855252165,3.4407112428120206,398,42,64
XOM,Basic Matierials,BiGRU,classification,20,5,13,0.2890969706540132,2.996226776213873,398,42,64
XOM,Basic Matierials,BiGRU,classification,20,5,14,0.2784993574397648,3.207904787290664,398,42,64
XOM,Basic Matierials,BiGRU,classification,20,5,15,0.2660049653832038,3.332024920554388,398,42,64
XOM,Basic Matierials,BiGRU,classification,20,5,16,0.21763537311224482,3.8230475925263905,398,42,64
