date,capital_start,capital_end,equity_start,equity_end,daily_pnl_realized,daily_return,early_exits_today,allocation_mode,budget_pre_caps,budget_post_caps,mpt_used,mpt_fallback_used,mpt_weights,exits_today,investments_made,H,initial_capital,initial_training_days,allow_overlap,early_exit_enabled,seed,model_save_path,min_sequence_length,max_sequence_length,kelly_fraction,sector_confidence_threshold,retrain_interval,max_day_gap,mpt_window_days,mpt_lambda,mpt_ridge_eps,mpt_max_weight,mpt_long_only,mpt_use_equal_fallback,mpt_only_budget_fraction,max_total_utilization,max_new_daily_utilization,max_ticker_utilization,max_sector_utilization,max_position_size,max_positions_per_ticker,min_trade_dollars,kelly_trade_cap,drawdown_throttle_levels,model_feature_set,model_feature_group,model_mcc_mean,model_type,model_n_classes,model_ordinal_head,model_sequence_length,model_hidden1,model_hidden2,model_num_layers,model_dropout,model_inter_rnn_drop,model_learning_rate,model_weight_decay,model_batch_size,model_max_epochs,model_early_stopping_patience,model_early_stopping_min_delta,model_lr_patience,model_lr_factor,model_horizon_steps,model_huber_delta,model_t_min,model_t_max,model_t_steps,model_tau_min,model_tau_max,model_tau_steps,model_lambda_balance,model_coord_rounds
2017-04-11,100000.0,70000.0,100000.0,100000.0,0.0,0.0,0,KELLY_ONLY,76322.2932858007,30000.0,False,False,,[],"[{'ticker': 'BABA', 'sector': 'Services', 'prob_up': 0.9834480285644531, 'predicted_prob': 0.9834480285644531, 'expected_rise': 0.0069318655878305435, 'bucket_idx': 5, 'investment_fraction': 0.1, 'investment_amount': 10000.0, 'allocated_amount': 10000.0, 'exit_date': Timestamp('2017-04-19 00:00:00')}, {'ticker': 'HRG', 'sector': 'Conglomerates', 'prob_up': 0.9201850891113281, 'predicted_prob': 0.9201850891113281, 'expected_rise': 0.0063306670635938644, 'bucket_idx': 5, 'investment_fraction': 0.1, 'investment_amount': 10000.0, 'allocated_amount': 10000.0, 'exit_date': Timestamp('2017-04-19 00:00:00')}, {'ticker': 'DHR', 'sector': 'Industrial Goods', 'prob_up': 0.8949576616287231, 'predicted_prob': 0.8949576616287231, 'expected_rise': 0.005433194804936647, 'bucket_idx': 5, 'investment_fraction': 0.1, 'investment_amount': 10000.0, 'allocated_amount': 10000.0, 'exit_date': Timestamp('2017-04-19 00:00:00')}]",5,100000.0,853,True,False,42,/mnt/primary/simulation/trained_models_multiclass_meta,12,12,0.2,0.3,200,5,60,1.0,0.0001,0.3,True,True,0.3,0.7,0.3,0.5,0.5,0.1,3,100.0,0.5,"[[0.08, 0.6], [0.15, 0.35]]",meta_emotion,nlp,0.1259823649942869,GRU,6,coral,20,128,128,2,0.3,0.3,0.0005466347365856,0.0003650001848317,64,50,10,0.0041366748730481,5,0.8,5,0.1411251559858494,0.7276744145783006,1.793808725179512,21,0.2057532757859396,0.7138661773078487,21,0.0647282490194046,4
2017-04-12,70000.0,40000.0,100000.0,100000.0,0.0,0.0,0,KELLY_ONLY,50913.574932139585,30000.0,False,False,,[],"[{'ticker': 'BABA', 'sector': 'Services', 'prob_up': 0.9793485403060913, 'predicted_prob': 0.9793485403060913, 'expected_rise': 0.007018027827143669, 'bucket_idx': 5, 'investment_fraction': 0.1, 'investment_amount': 7000.0, 'allocated_amount': 7000.0, 'exit_date': Timestamp('2017-04-20 00:00:00')}, {'ticker': 'HRG', 'sector': 'Conglomerates', 'prob_up': 0.9201850891113281, 'predicted_prob': 0.9201850891113281, 'expected_rise': 0.0063306670635938644, 'bucket_idx': 5, 'investment_fraction': 0.1, 'investment_amount': 7000.0, 'allocated_amount': 7000.0, 'exit_date': Timestamp('2017-04-20 00:00:00')}, {'ticker': 'DHR', 'sector': 'Industrial Goods', 'prob_up': 0.8947373032569885, 'predicted_prob': 0.8947373032569885, 'expected_rise': 0.005431360565125942, 'bucket_idx': 5, 'investment_fraction': 0.1, 'investment_amount': 7000.0, 'allocated_amount': 7000.0, 'exit_date': Timestamp('2017-04-20 00:00:00')}, {'ticker': 'NEE', 'sector': 'Utilities', 'prob_up': 0.843889057636261, 'predicted_prob': 0.843889057636261, 'expected_rise': 0.005486438050866127, 'bucket_idx': 5, 'investment_fraction': 0.1, 'investment_amount': 7000.0, 'allocated_amount': 7000.0, 'exit_date': Timestamp('2017-04-20 00:00:00')}, {'ticker': 'CELG', 'sector': 'Healthcare', 'prob_up': 0.8437574505805969, 'predicted_prob': 0.8437574505805969, 'expected_rise': 0.007353019900619984, 'bucket_idx': 5, 'investment_fraction': 0.1, 'investment_amount': 7000.0, 'allocated_amount': 2000.0, 'exit_date': Timestamp('2017-04-20 00:00:00')}]",5,100000.0,853,True,False,42,/mnt/primary/simulation/trained_models_multiclass_meta,12,12,0.2,0.3,200,5,60,1.0,0.0001,0.3,True,True,0.3,0.7,0.3,0.5,0.5,0.1,3,100.0,0.5,"[[0.08, 0.6], [0.15, 0.35]]",meta_emotion,nlp,0.1259823649942869,GRU,6,coral,20,128,128,2,0.3,0.3,0.0005466347365856,0.0003650001848317,64,50,10,0.0041366748730481,5,0.8,5,0.1411251559858494,0.7276744145783006,1.793808725179512,21,0.2057532757859396,0.7138661773078487,21,0.0647282490194046,4
2017-04-13,40000.0,30000.0,100000.0,100000.0,0.0,0.0,0,KELLY_ONLY,32384.00345153108,10000.0,False,False,,[],"[{'ticker': 'HRG', 'sector': 'Conglomerates', 'prob_up': 0.9213154911994934, 'predicted_prob': 0.9213154911994934, 'expected_rise': 0.006343073211610317, 'bucket_idx': 5, 'investment_fraction': 0.1, 'investment_amount': 4000.0, 'allocated_amount': 4000.0, 'exit_date': Timestamp('2017-04-21 00:00:00')}, {'ticker': 'DHR', 'sector': 'Industrial Goods', 'prob_up': 0.8877038359642029, 'predicted_prob': 0.8877038359642029, 'expected_rise': 0.005373259540647268, 'bucket_idx': 5, 'investment_fraction': 0.1, 'investment_amount': 4000.0, 'allocated_amount': 4000.0, 'exit_date': Timestamp('2017-04-21 00:00:00')}, {'ticker': 'ORCL', 'sector': 'Technology', 'prob_up': 0.8482926487922668, 'predicted_prob': 0.8482926487922668, 'expected_rise': 0.0026352612767368555, 'bucket_idx': 5, 'investment_fraction': 0.1, 'investment_amount': 4000.0, 'allocated_amount': 2000.0, 'exit_date': Timestamp('2017-04-21 00:00:00')}]",5,100000.0,853,True,False,42,/mnt/primary/simulation/trained_models_multiclass_meta,12,12,0.2,0.3,200,5,60,1.0,0.0001,0.3,True,True,0.3,0.7,0.3,0.5,0.5,0.1,3,100.0,0.5,"[[0.08, 0.6], [0.15, 0.35]]",meta_emotion,nlp,0.1259823649942869,GRU,6,coral,20,128,128,2,0.3,0.3,0.0005466347365856,0.0003650001848317,64,50,10,0.0041366748730481,5,0.8,5,0.1411251559858494,0.7276744145783006,1.793808725179512,21,0.2057532757859396,0.7138661773078487,21,0.0647282490194046,4
2017-04-17,30000.0,30000.0,100000.0,100000.0,0.0,0.0,0,KELLY_ONLY,23769.98285529817,0.0,False,False,,[],[],5,100000.0,853,True,False,42,/mnt/primary/simulation/trained_models_multiclass_meta,12,12,0.2,0.3,200,5,60,1.0,0.0001,0.3,True,True,0.3,0.7,0.3,0.5,0.5,0.1,3,100.0,0.5,"[[0.08, 0.6], [0.15, 0.35]]",meta_emotion,nlp,0.1259823649942869,GRU,6,coral,20,128,128,2,0.3,0.3,0.0005466347365856,0.0003650001848317,64,50,10,0.0041366748730481,5,0.8,5,0.1411251559858494,0.7276744145783006,1.793808725179512,21,0.2057532757859396,0.7138661773078487,21,0.0647282490194046,4
2017-04-18,30000.0,30000.0,100000.0,100000.0,0.0,0.0,0,KELLY_ONLY,24451.54658611277,0.0,False,False,,[],[],5,100000.0,853,True,False,42,/mnt/primary/simulation/trained_models_multiclass_meta,12,12,0.2,0.3,200,5,60,1.0,0.0001,0.3,True,True,0.3,0.7,0.3,0.5,0.5,0.1,3,100.0,0.5,"[[0.08, 0.6], [0.15, 0.35]]",meta_emotion,nlp,0.1259823649942869,GRU,6,coral,20,128,128,2,0.3,0.3,0.0005466347365856,0.0003650001848317,64,50,10,0.0041366748730481,5,0.8,5,0.1411251559858494,0.7276744145783006,1.793808725179512,21,0.2057532757859396,0.7138661773078487,21,0.0647282490194046,4
2017-04-19,60014.98332368194,30010.488326577353,100014.98332368194,100014.98332368194,14.983323681947436,0.00014983323681949656,0,KELLY_ONLY,40595.01000259474,30004.49499710458,False,False,,"[{'date': Timestamp('2017-04-11 00:00:00'), 'exit_date': Timestamp('2017-04-19 00:00:00'), 'ticker': 'BABA', 'sector': 'Services', 'allocated_amount': 10000.0, 'prob_up': 0.9834480285644531, 'expected_rise': 0.0069318655878305435, 'actual_return': 0.0028975008529970037, 'pnl': 28.975008529970037, 'exit_reason': 'scheduled'}, {'date': Timestamp('2017-04-11 00:00:00'), 'exit_date': Timestamp('2017-04-19 00:00:00'), 'ticker': 'HRG', 'sector': 'Conglomerates', 'allocated_amount': 10000.0, 'prob_up': 0.9201850891113281, 'expected_rise': 0.0063306670635938644, 'actual_return': -0.004067107269954295, 'pnl': -40.671072699542954, 'exit_reason': 'scheduled'}, {'date': Timestamp('2017-04-11 00:00:00'), 'exit_date': Timestamp('2017-04-19 00:00:00'), 'ticker': 'DHR', 'sector': 'Industrial Goods', 'allocated_amount': 10000.0, 'prob_up': 0.8949576616287231, 'expected_rise': 0.005433194804936647, 'actual_return': 0.0026679387851520353, 'pnl': 26.679387851520353, 'exit_reason': 'scheduled'}]","[{'ticker': 'HRG', 'sector': 'Conglomerates', 'prob_up': 0.9226526021957397, 'predicted_prob': 0.9226526021957397, 'expected_rise': 0.00635778671130538, 'bucket_idx': 5, 'investment_fraction': 0.1, 'investment_amount': 6001.4983323681945, 'allocated_amount': 6001.4983323681945, 'exit_date': Timestamp('2017-04-26 00:00:00')}, {'ticker': 'CAT', 'sector': 'Industrial Goods', 'prob_up': 0.8692485094070435, 'predicted_prob': 0.8692485094070435, 'expected_rise': 0.0025754503440111876, 'bucket_idx': 5, 'investment_fraction': 0.1, 'investment_amount': 6001.4983323681945, 'allocated_amount': 6001.4983323681945, 'exit_date': Timestamp('2017-04-26 00:00:00')}, {'ticker': 'PTR', 'sector': 'Basic Matierials', 'prob_up': 0.7557209134101868, 'predicted_prob': 0.7557209134101868, 'expected_rise': 0.003152422606945038, 'bucket_idx': 5, 'investment_fraction': 0.1, 'investment_amount': 6001.4983323681945, 'allocated_amount': 6001.4983323681945, 'exit_date': Timestamp('2017-04-26 00:00:00')}, {'ticker': 'PM', 'sector': 'Consumer Goods', 'prob_up': 0.7296755313873291, 'predicted_prob': 0.7296755313873291, 'expected_rise': 0.002606587018817663, 'bucket_idx': 5, 'investment_fraction': 0.08509059715360856, 'investment_amount': 5106.710769175956, 'allocated_amount': 5106.710769175956, 'exit_date': Timestamp('2017-04-26 00:00:00')}, {'ticker': 'NEE', 'sector': 'Utilities', 'prob_up': 0.7247007489204407, 'predicted_prob': 0.7247007489204407, 'expected_rise': 0.0042665875516831875, 'bucket_idx': 5, 'investment_fraction': 0.09127752031949464, 'investment_amount': 5478.01885980151, 'allocated_amount': 5478.01885980151, 'exit_date': Timestamp('2017-04-26 00:00:00')}, {'ticker': 'MA', 'sector': 'Financial', 'prob_up': 0.646588921546936, 'predicted_prob': 0.646588921546936, 'expected_rise': 0.0013415514258667827, 'bucket_idx': 5, 'investment_fraction': 0.055375718270694776, 'investment_amount': 3323.3728085526564, 'allocated_amount': 1415.2703710225323, 'exit_date': Timestamp('2017-04-26 00:00:00')}]",5,100000.0,853,True,False,42,/mnt/primary/simulation/trained_models_multiclass_meta,12,12,0.2,0.3,200,5,60,1.0,0.0001,0.3,True,True,0.3,0.7,0.3,0.5,0.5,0.1,3,100.0,0.5,"[[0.08, 0.6], [0.15, 0.35]]",meta_emotion,nlp,0.1259823649942869,GRU,6,coral,20,128,128,2,0.3,0.3,0.0005466347365856,0.0003650001848317,64,50,10,0.0041366748730481,5,0.8,5,0.1411251559858494,0.7276744145783006,1.793808725179512,21,0.2057532757859396,0.7138661773078487,21,0.0647282490194046,4
2017-04-20,59931.57809279852,29980.821926970937,99936.0730899031,99936.0730899031,-78.91023377884186,-0.0007889841217435523,0,KELLY_ONLY,40036.3117648696,29950.75616582758,False,False,,"[{'date': Timestamp('2017-04-12 00:00:00'), 'exit_date': Timestamp('2017-04-20 00:00:00'), 'ticker': 'BABA', 'sector': 'Services', 'allocated_amount': 7000.0, 'prob_up': 0.9793485403060913, 'expected_rise': 0.007018027827143669, 'actual_return': 0.021061213623642994, 'pnl': 147.42849536550096, 'exit_reason': 'scheduled'}, {'date': Timestamp('2017-04-12 00:00:00'), 'exit_date': Timestamp('2017-04-20 00:00:00'), 'ticker': 'HRG', 'sector': 'Conglomerates', 'allocated_amount': 7000.0, 'prob_up': 0.9201850891113281, 'expected_rise': 0.0063306670635938644, 'actual_return': 0.0025522715671260077, 'pnl': 17.865900969882055, 'exit_reason': 'scheduled'}, {'date': Timestamp('2017-04-12 00:00:00'), 'exit_date': Timestamp('2017-04-20 00:00:00'), 'ticker': 'DHR', 'sector': 'Industrial Goods', 'allocated_amount': 7000.0, 'prob_up': 0.8947373032569885, 'expected_rise': 0.005431360565125942, 'actual_return': -0.03335278134110786, 'pnl': -233.46946938775503, 'exit_reason': 'scheduled'}, {'date': Timestamp('2017-04-12 00:00:00'), 'exit_date': Timestamp('2017-04-20 00:00:00'), 'ticker': 'NEE', 'sector': 'Utilities', 'allocated_amount': 7000.0, 'prob_up': 0.843889057636261, 'expected_rise': 0.005486438050866127, 'actual_return': 0.002758409422971564, 'pnl': 19.308865960800947, 'exit_reason': 'scheduled'}, {'date': Timestamp('2017-04-12 00:00:00'), 'exit_date': Timestamp('2017-04-20 00:00:00'), 'ticker': 'CELG', 'sector': 'Healthcare', 'allocated_amount': 2000.0, 'prob_up': 0.8437574505805969, 'expected_rise': 0.007353019900619984, 'actual_return': -0.015022013343635399, 'pnl': -30.044026687270797, 'exit_reason': 'scheduled'}]","[{'ticker': 'BABA', 'sector': 'Services', 'prob_up': 0.9730204939842224, 'predicted_prob': 0.9730204939842224, 'expected_rise': 0.0071445852518081665, 'bucket_idx': 5, 'investment_fraction': 0.1, 'investment_amount': 5993.157809279852, 'allocated_amount': 5993.157809279852, 'exit_date': Timestamp('2017-04-27 00:00:00')}, {'ticker': 'HRG', 'sector': 'Conglomerates', 'prob_up': 0.9199572205543518, 'predicted_prob': 0.9199572205543518, 'expected_rise': 0.006328169256448746, 'bucket_idx': 5, 'investment_fraction': 0.1, 'investment_amount': 5993.157809279852, 'allocated_amount': 5993.157809279852, 'exit_date': Timestamp('2017-04-27 00:00:00')}, {'ticker': 'CSCO', 'sector': 'Technology', 'prob_up': 0.8461146950721741, 'predicted_prob': 0.8461146950721741, 'expected_rise': 0.006888664327561855, 'bucket_idx': 5, 'investment_fraction': 0.1, 'investment_amount': 5993.157809279852, 'allocated_amount': 5993.157809279852, 'exit_date': Timestamp('2017-04-27 00:00:00')}, {'ticker': 'UN', 'sector': 'Consumer Goods', 'prob_up': 0.8429614901542664, 'predicted_prob': 0.8429614901542664, 'expected_rise': 0.003980576526373625, 'bucket_idx': 5, 'investment_fraction': 0.1, 'investment_amount': 5993.157809279852, 'allocated_amount': 5993.157809279852, 'exit_date': Timestamp('2017-04-27 00:00:00')}, {'ticker': 'NEE', 'sector': 'Utilities', 'prob_up': 0.7372480034828186, 'predicted_prob': 0.7372480034828186, 'expected_rise': 0.004381001926958561, 'bucket_idx': 5, 'investment_fraction': 0.09622698086862763, 'investment_amount': 5767.034818562386, 'allocated_amount': 5767.034818562386, 'exit_date': Timestamp('2017-04-27 00:00:00')}, {'ticker': 'DHR', 'sector': 'Industrial Goods', 'prob_up': 0.7360857725143433, 'predicted_prob': 0.7360857725143433, 'expected_rise': 0.004258986562490463, 'bucket_idx': 5, 'investment_fraction': 0.1, 'investment_amount': 5993.157809279852, 'allocated_amount': 211.09011014578573, 'exit_date': Timestamp('2017-04-27 00:00:00')}]",5,100000.0,853,True,False,42,/mnt/primary/simulation/trained_models_multiclass_meta,12,12,0.2,0.3,200,5,60,1.0,0.0001,0.3,True,True,0.3,0.7,0.3,0.5,0.5,0.1,3,100.0,0.5,"[[0.08, 0.6], [0.15, 0.35]]",meta_emotion,nlp,0.1259823649942869,GRU,6,coral,20,128,128,2,0.3,0.3,0.0005466347365856,0.0003650001848317,64,50,10,0.0041366748730481,5,0.8,5,0.1411251559858494,0.7276744145783006,1.793808725179512,21,0.2057532757859396,0.7138661773078487,21,0.0647282490194046,4
2017-04-21,39799.89884723636,29926.545003050564,99755.15001016852,99755.15001016852,-180.92307973456732,-0.001810388122533313,0,KELLY_ONLY,21239.313452037113,9873.353844185805,False,False,,"[{'date': Timestamp('2017-04-13 00:00:00'), 'exit_date': Timestamp('2017-04-21 00:00:00'), 'ticker': 'HRG', 'sector': 'Conglomerates', 'allocated_amount': 4000.0, 'prob_up': 0.9213154911994934, 'expected_rise': 0.006343073211610317, 'actual_return': -0.002553575076608805, 'pnl': -10.21430030643522, 'exit_reason': 'scheduled'}, {'date': Timestamp('2017-04-13 00:00:00'), 'exit_date': Timestamp('2017-04-21 00:00:00'), 'ticker': 'DHR', 'sector': 'Industrial Goods', 'allocated_amount': 4000.0, 'prob_up': 0.8877038359642029, 'expected_rise': 0.005373259540647268, 'actual_return': -0.04756355849339666, 'pnl': -190.25423397358665, 'exit_reason': 'scheduled'}, {'date': Timestamp('2017-04-13 00:00:00'), 'exit_date': Timestamp('2017-04-21 00:00:00'), 'ticker': 'ORCL', 'sector': 'Technology', 'allocated_amount': 2000.0, 'prob_up': 0.8482926487922668, 'expected_rise': 0.0026352612767368555, 'actual_return': 0.009772727272727266, 'pnl': 19.545454545454533, 'exit_reason': 'scheduled'}]","[{'ticker': 'HRG', 'sector': 'Conglomerates', 'prob_up': 0.9159917831420898, 'predicted_prob': 0.9159917831420898, 'expected_rise': 0.00628487765789032, 'bucket_idx': 5, 'investment_fraction': 0.1, 'investment_amount': 3979.9898847236373, 'allocated_amount': 3979.9898847236373, 'exit_date': Timestamp('2017-04-28 00:00:00')}, {'ticker': 'PCG', 'sector': 'Utilities', 'prob_up': 0.8162925839424133, 'predicted_prob': 0.8162925839424133, 'expected_rise': 0.005743731278926134, 'bucket_idx': 5, 'investment_fraction': 0.1, 'investment_amount': 3979.9898847236373, 'allocated_amount': 3979.9898847236373, 'exit_date': Timestamp('2017-04-28 00:00:00')}, {'ticker': 'PM', 'sector': 'Consumer Goods', 'prob_up': 0.7313228249549866, 'predicted_prob': 0.7313228249549866, 'expected_rise': 0.0026158688124269247, 'bucket_idx': 5, 'investment_fraction': 0.08556862559264083, 'investment_amount': 3405.6226430841466, 'allocated_amount': 1913.374074738531, 'exit_date': Timestamp('2017-04-28 00:00:00')}]",5,100000.0,853,True,False,42,/mnt/primary/simulation/trained_models_multiclass_meta,12,12,0.2,0.3,200,5,60,1.0,0.0001,0.3,True,True,0.3,0.7,0.3,0.5,0.5,0.1,3,100.0,0.5,"[[0.08, 0.6], [0.15, 0.35]]",meta_emotion,nlp,0.1259823649942869,GRU,6,coral,20,128,128,2,0.3,0.3,0.0005466347365856,0.0003650001848317,64,50,10,0.0041366748730481,5,0.8,5,0.1411251559858494,0.7276744145783006,1.793808725179512,21,0.2057532757859396,0.7138661773078487,21,0.0647282490194046,4
2017-04-24,29926.54500305056,29926.545003050564,99755.15001016852,99755.15001016852,0.0,0.0,0,KELLY_ONLY,18358.385622271722,0.0,False,False,,[],[],5,100000.0,853,True,False,42,/mnt/primary/simulation/trained_models_multiclass_meta,12,12,0.2,0.3,200,5,60,1.0,0.0001,0.3,True,True,0.3,0.7,0.3,0.5,0.5,0.1,3,100.0,0.5,"[[0.08, 0.6], [0.15, 0.35]]",meta_emotion,nlp,0.1259823649942869,GRU,6,coral,20,128,128,2,0.3,0.3,0.0005466347365856,0.0003650001848317,64,50,10,0.0041366748730481,5,0.8,5,0.1411251559858494,0.7276744145783006,1.793808725179512,21,0.2057532757859396,0.7138661773078487,21,0.0647282490194046,4
2017-04-25,29926.54500305056,29926.545003050564,99755.15001016852,99755.15001016852,0.0,0.0,0,KELLY_ONLY,20370.292399728627,0.0,False,False,,[],[],5,100000.0,853,True,False,42,/mnt/primary/simulation/trained_models_multiclass_meta,12,12,0.2,0.3,200,5,60,1.0,0.0001,0.3,True,True,0.3,0.7,0.3,0.5,0.5,0.1,3,100.0,0.5,"[[0.08, 0.6], [0.15, 0.35]]",meta_emotion,nlp,0.1259823649942869,GRU,6,coral,20,128,128,2,0.3,0.3,0.0005466347365856,0.0003650001848317,64,50,10,0.0041366748730481,5,0.8,5,0.1411251559858494,0.7276744145783006,1.793808725179512,21,0.2057532757859396,0.7138661773078487,21,0.0647282490194046,4
2017-04-26,60771.25054859737,30592.64238101414,100595.36055861076,100595.36055861076,840.2105484422246,0.008422728534382307,0,KELLY_ONLY,40632.06192171199,30178.608167583225,False,False,,"[{'date': Timestamp('2017-04-19 00:00:00'), 'exit_date': Timestamp('2017-04-26 00:00:00'), 'ticker': 'HRG', 'sector': 'Conglomerates', 'allocated_amount': 6001.4983323681945, 'prob_up': 0.9226526021957397, 'expected_rise': 0.00635778671130538, 'actual_return': 0.014293057682490895, 'pnl': 85.77976184591152, 'exit_reason': 'scheduled'}, {'date': Timestamp('2017-04-19 00:00:00'), 'exit_date': Timestamp('2017-04-26 00:00:00'), 'ticker': 'CAT', 'sector': 'Industrial Goods', 'allocated_amount': 6001.4983323681945, 'prob_up': 0.8692485094070435, 'expected_rise': 0.0025754503440111876, 'actual_return': 0.11971758725026649, 'pnl': 718.4849002376181, 'exit_reason': 'scheduled'}, {'date': Timestamp('2017-04-19 00:00:00'), 'exit_date': Timestamp('2017-04-26 00:00:00'), 'ticker': 'PTR', 'sector': 'Basic Matierials', 'allocated_amount': 6001.4983323681945, 'prob_up': 0.7557209134101868, 'expected_rise': 0.003152422606945038, 'actual_return': 0.009226416290692097, 'pnl': 55.37232198232336, 'exit_reason': 'scheduled'}, {'date': Timestamp('2017-04-19 00:00:00'), 'exit_date': Timestamp('2017-04-26 00:00:00'), 'ticker': 'PM', 'sector': 'Consumer Goods', 'allocated_amount': 5106.710769175956, 'prob_up': 0.7296755313873291, 'expected_rise': 0.002606587018817663, 'actual_return': -0.024229671697667543, 'pnl': -123.7339253920767, 'exit_reason': 'scheduled'}, {'date': Timestamp('2017-04-19 00:00:00'), 'exit_date': Timestamp('2017-04-26 00:00:00'), 'ticker': 'NEE', 'sector': 'Utilities', 'allocated_amount': 5478.01885980151, 'prob_up': 0.7247007489204407, 'expected_rise': 0.0042665875516831875, 'actual_return': 0.010114083650190064, 'pnl': 55.405140985351274, 'exit_reason': 'scheduled'}, {'date': Timestamp('2017-04-19 00:00:00'), 'exit_date': Timestamp('2017-04-26 00:00:00'), 'ticker': 'MA', 'sector': 'Financial', 'allocated_amount': 1415.2703710225323, 'prob_up': 0.646588921546936, 'expected_rise': 0.0013415514258667827, 'actual_return': 0.03455336152325805, 'pnl': 48.90234878309712, 'exit_reason': 'scheduled'}]","[{'ticker': 'PCLN', 'sector': 'Services', 'prob_up': 0.8113166689872742, 'predicted_prob': 0.8113166689872742, 'expected_rise': 0.00453061331063509, 'bucket_idx': 5, 'investment_fraction': 0.1, 'investment_amount': 6077.125054859737, 'allocated_amount': 6077.125054859737, 'exit_date': Timestamp('2017-05-03 00:00:00')}, {'ticker': 'PCG', 'sector': 'Utilities', 'prob_up': 0.8087642788887024, 'predicted_prob': 0.8087642788887024, 'expected_rise': 0.0056814225390553474, 'bucket_idx': 5, 'investment_fraction': 0.1, 'investment_amount': 6077.125054859737, 'allocated_amount': 6077.125054859737, 'exit_date': Timestamp('2017-05-03 00:00:00')}, {'ticker': 'MRK', 'sector': 'Healthcare', 'prob_up': 0.7886864542961121, 'predicted_prob': 0.7886864542961121, 'expected_rise': 0.0027794274501502514, 'bucket_idx': 5, 'investment_fraction': 0.1, 'investment_amount': 6077.125054859737, 'allocated_amount': 6077.125054859737, 'exit_date': Timestamp('2017-05-03 00:00:00')}, {'ticker': 'CAT', 'sector': 'Industrial Goods', 'prob_up': 0.7797333598136902, 'predicted_prob': 0.7797333598136902, 'expected_rise': 0.003219999372959137, 'bucket_idx': 5, 'investment_fraction': 0.1, 'investment_amount': 6077.125054859737, 'allocated_amount': 6077.125054859737, 'exit_date': Timestamp('2017-05-03 00:00:00')}, {'ticker': 'PTR', 'sector': 'Basic Matierials', 'prob_up': 0.7701907753944397, 'predicted_prob': 0.7701907753944397, 'expected_rise': 0.003477944526821375, 'bucket_idx': 5, 'investment_fraction': 0.1, 'investment_amount': 6077.125054859737, 'allocated_amount': 5870.107948144276, 'exit_date': Timestamp('2017-05-03 00:00:00')}]",5,100000.0,853,True,False,42,/mnt/primary/simulation/trained_models_multiclass_meta,12,12,0.2,0.3,200,5,60,1.0,0.0001,0.3,True,True,0.3,0.7,0.3,0.5,0.5,0.1,3,100.0,0.5,"[[0.08, 0.6], [0.15, 0.35]]",meta_emotion,nlp,0.1259823649942869,GRU,6,coral,20,128,128,2,0.3,0.3,0.0005466347365856,0.0003650001848317,64,50,10,0.0041366748730481,5,0.8,5,0.1411251559858494,0.7276744145783006,1.793808725179512,21,0.2057532757859396,0.7138661773078487,21,0.0647282490194046,4
2017-04-27,61195.90866247956,30821.547460204984,101247.8706742486,101247.87067424858,652.5101156378431,0.006486483193801629,0,KELLY_ONLY,35860.89462787599,30374.361202274573,False,False,,"[{'date': Timestamp('2017-04-20 00:00:00'), 'exit_date': Timestamp('2017-04-27 00:00:00'), 'ticker': 'BABA', 'sector': 'Services', 'allocated_amount': 5993.157809279852, 'prob_up': 0.9730204939842224, 'expected_rise': 0.0071445852518081665, 'actual_return': 0.021866156355047517, 'pnl': 131.0473257181873, 'exit_reason': 'scheduled'}, {'date': Timestamp('2017-04-20 00:00:00'), 'exit_date': Timestamp('2017-04-27 00:00:00'), 'ticker': 'HRG', 'sector': 'Conglomerates', 'allocated_amount': 5993.157809279852, 'prob_up': 0.9199572205543518, 'expected_rise': 0.006328169256448746, 'actual_return': 0.02189414571762449, 'pnl': 131.21507038509225, 'exit_reason': 'scheduled'}, {'date': Timestamp('2017-04-20 00:00:00'), 'exit_date': Timestamp('2017-04-27 00:00:00'), 'ticker': 'CSCO', 'sector': 'Technology', 'allocated_amount': 5993.157809279852, 'prob_up': 0.8461146950721741, 'expected_rise': 0.006888664327561855, 'actual_return': 0.028023086931276975, 'pnl': 167.94678228231075, 'exit_reason': 'scheduled'}, {'date': Timestamp('2017-04-20 00:00:00'), 'exit_date': Timestamp('2017-04-27 00:00:00'), 'ticker': 'UN', 'sector': 'Consumer Goods', 'allocated_amount': 5993.157809279852, 'prob_up': 0.8429614901542664, 'expected_rise': 0.003980576526373625, 'actual_return': 0.017598787985897202, 'pnl': 105.47231365154025, 'exit_reason': 'scheduled'}, {'date': Timestamp('2017-04-20 00:00:00'), 'exit_date': Timestamp('2017-04-27 00:00:00'), 'ticker': 'NEE', 'sector': 'Utilities', 'allocated_amount': 5767.034818562386, 'prob_up': 0.7372480034828186, 'expected_rise': 0.004381001926958561, 'actual_return': 0.020249171706623992, 'pnl': 116.7776782791489, 'exit_reason': 'scheduled'}, {'date': Timestamp('2017-04-20 00:00:00'), 'exit_date': Timestamp('2017-04-27 00:00:00'), 'ticker': 'DHR', 'sector': 'Industrial Goods', 'allocated_amount': 211.09011014578573, 'prob_up': 0.7360857725143433, 'expected_rise': 0.004258986562490463, 'actual_return': 0.0002413439527246819, 'pnl': 0.05094532156367241, 'exit_reason': 'scheduled'}]","[{'ticker': 'BABA', 'sector': 'Services', 'prob_up': 0.9988943934440613, 'predicted_prob': 0.9988943934440613, 'expected_rise': 0.006573485676199198, 'bucket_idx': 5, 'investment_fraction': 0.1, 'investment_amount': 6119.590866247956, 'allocated_amount': 6119.590866247956, 'exit_date': Timestamp('2017-05-04 00:00:00')}, {'ticker': 'HRG', 'sector': 'Conglomerates', 'prob_up': 0.9077818393707275, 'predicted_prob': 0.9077818393707275, 'expected_rise': 0.006196262314915657, 'bucket_idx': 5, 'investment_fraction': 0.1, 'investment_amount': 6119.590866247956, 'allocated_amount': 6119.590866247956, 'exit_date': Timestamp('2017-05-04 00:00:00')}, {'ticker': 'PTR', 'sector': 'Basic Matierials', 'prob_up': 0.8182432055473328, 'predicted_prob': 0.8182432055473328, 'expected_rise': 0.004628942348062992, 'bucket_idx': 5, 'investment_fraction': 0.1, 'investment_amount': 6119.590866247956, 'allocated_amount': 6119.590866247956, 'exit_date': Timestamp('2017-05-04 00:00:00')}, {'ticker': 'PM', 'sector': 'Consumer Goods', 'prob_up': 0.7242182493209839, 'predicted_prob': 0.7242182493209839, 'expected_rise': 0.002575793769210577, 'bucket_idx': 5, 'investment_fraction': 0.08237688187175911, 'investment_amount': 5041.1281389240385, 'allocated_amount': 5041.1281389240385, 'exit_date': Timestamp('2017-05-04 00:00:00')}, {'ticker': 'TSM', 'sector': 'Technology', 'prob_up': 0.6393660306930542, 'predicted_prob': 0.6393660306930542, 'expected_rise': 0.0057485634461045265, 'bucket_idx': 5, 'investment_fraction': 0.06287321854094739, 'investment_amount': 3847.583739147933, 'allocated_amount': 3847.583739147933, 'exit_date': Timestamp('2017-05-04 00:00:00')}, {'ticker': 'MMM', 'sector': 'Industrial Goods', 'prob_up': 0.6114713549613953, 'predicted_prob': 0.6114713549613953, 'expected_rise': 0.0026063399855047464, 'bucket_idx': 5, 'investment_fraction': 0.05185966750046761, 'investment_amount': 3173.5994756251757, 'allocated_amount': 3126.876725458733, 'exit_date': Timestamp('2017-05-04 00:00:00')}]",5,100000.0,853,True,False,42,/mnt/primary/simulation/trained_models_multiclass_meta,12,12,0.2,0.3,200,5,60,1.0,0.0001,0.3,True,True,0.3,0.7,0.3,0.5,0.5,0.1,3,100.0,0.5,"[[0.08, 0.6], [0.15, 0.35]]",meta_emotion,nlp,0.1259823649942869,GRU,6,coral,20,128,128,2,0.3,0.3,0.0005466347365856,0.0003650001848317,64,50,10,0.0041366748730481,5,0.8,5,0.1411251559858494,0.7276744145783006,1.793808725179512,21,0.2057532757859396,0.7138661773078487,21,0.0647282490194046,4
2017-04-28,40797.46287302305,30405.129672864263,101350.43224288085,101350.43224288085,102.56156863226148,0.0010129750675176297,0,KELLY_ONLY,23410.106253026173,10392.333200158788,False,False,,"[{'date': Timestamp('2017-04-21 00:00:00'), 'exit_date': Timestamp('2017-04-28 00:00:00'), 'ticker': 'HRG', 'sector': 'Conglomerates', 'allocated_amount': 3979.9898847236373, 'prob_up': 0.9159917831420898, 'expected_rise': 0.00628487765789032, 'actual_return': 0.024577520502943262, 'pnl': 97.81828299330198, 'exit_reason': 'scheduled'}, {'date': Timestamp('2017-04-21 00:00:00'), 'exit_date': Timestamp('2017-04-28 00:00:00'), 'ticker': 'PCG', 'sector': 'Utilities', 'allocated_amount': 3979.9898847236373, 'prob_up': 0.8162925839424133, 'expected_rise': 0.005743731278926134, 'actual_return': -0.0041586067381965686, 'pnl': -16.551212752565903, 'exit_reason': 'scheduled'}, {'date': Timestamp('2017-04-21 00:00:00'), 'exit_date': Timestamp('2017-04-28 00:00:00'), 'ticker': 'PM', 'sector': 'Consumer Goods', 'allocated_amount': 1913.374074738531, 'prob_up': 0.7313228249549866, 'expected_rise': 0.0026158688124269247, 'actual_return': 0.011129291795403562, 'pnl': 21.294498391525412, 'exit_reason': 'scheduled'}]","[{'ticker': 'HRG', 'sector': 'Conglomerates', 'prob_up': 0.9100897908210754, 'predicted_prob': 0.9100897908210754, 'expected_rise': 0.006221038289368153, 'bucket_idx': 5, 'investment_fraction': 0.1, 'investment_amount': 4079.746287302305, 'allocated_amount': 4079.746287302305, 'exit_date': Timestamp('2017-05-05 00:00:00')}, {'ticker': 'UN', 'sector': 'Consumer Goods', 'prob_up': 0.9007520079612732, 'predicted_prob': 0.9007520079612732, 'expected_rise': 0.004552174359560013, 'bucket_idx': 5, 'investment_fraction': 0.1, 'investment_amount': 4079.746287302305, 'allocated_amount': 4079.746287302305, 'exit_date': Timestamp('2017-05-05 00:00:00')}, {'ticker': 'PTR', 'sector': 'Basic Matierials', 'prob_up': 0.8490368723869324, 'predicted_prob': 0.8490368723869324, 'expected_rise': 0.005441324785351753, 'bucket_idx': 5, 'investment_fraction': 0.1, 'investment_amount': 4079.746287302305, 'allocated_amount': 2232.8406255541777, 'exit_date': Timestamp('2017-05-05 00:00:00')}]",5,100000.0,853,True,False,42,/mnt/primary/simulation/trained_models_multiclass_meta,12,12,0.2,0.3,200,5,60,1.0,0.0001,0.3,True,True,0.3,0.7,0.3,0.5,0.5,0.1,3,100.0,0.5,"[[0.08, 0.6], [0.15, 0.35]]",meta_emotion,nlp,0.1259823649942869,GRU,6,coral,20,128,128,2,0.3,0.3,0.0005466347365856,0.0003650001848317,64,50,10,0.0041366748730481,5,0.8,5,0.1411251559858494,0.7276744145783006,1.793808725179512,21,0.2057532757859396,0.7138661773078487,21,0.0647282490194046,4
2017-05-01,30405.129672864263,30405.129672864263,101350.43224288085,101350.43224288085,0.0,0.0,0,KELLY_ONLY,24942.597867615154,0.0,False,False,,[],[],5,100000.0,853,True,False,42,/mnt/primary/simulation/trained_models_multiclass_meta,12,12,0.2,0.3,200,5,60,1.0,0.0001,0.3,True,True,0.3,0.7,0.3,0.5,0.5,0.1,3,100.0,0.5,"[[0.08, 0.6], [0.15, 0.35]]",meta_emotion,nlp,0.1259823649942869,GRU,6,coral,20,128,128,2,0.3,0.3,0.0005466347365856,0.0003650001848317,64,50,10,0.0041366748730481,5,0.8,5,0.1411251559858494,0.7276744145783006,1.793808725179512,21,0.2057532757859396,0.7138661773078487,21,0.0647282490194046,4
2017-05-02,30405.129672864263,30405.129672864263,101350.43224288085,101350.43224288085,0.0,0.0,0,KELLY_ONLY,22881.809624203208,0.0,False,False,,[],[],5,100000.0,853,True,False,42,/mnt/primary/simulation/trained_models_multiclass_meta,12,12,0.2,0.3,200,5,60,1.0,0.0001,0.3,True,True,0.3,0.7,0.3,0.5,0.5,0.1,3,100.0,0.5,"[[0.08, 0.6], [0.15, 0.35]]",meta_emotion,nlp,0.1259823649942869,GRU,6,coral,20,128,128,2,0.3,0.3,0.0005466347365856,0.0003650001848317,64,50,10,0.0041366748730481,5,0.8,5,0.1411251559858494,0.7276744145783006,1.793808725179512,21,0.2057532757859396,0.7138661773078487,21,0.0647282490194046,4
2017-05-03,60575.45791541202,30402.645695353633,101342.15231784538,101342.15231784538,-8.27992503546443,-8.169600121321619e-05,0,KELLY_ONLY,43158.715133751095,30172.812220058393,False,False,,"[{'date': Timestamp('2017-04-26 00:00:00'), 'exit_date': Timestamp('2017-05-03 00:00:00'), 'ticker': 'PCLN', 'sector': 'Services', 'allocated_amount': 6077.125054859737, 'prob_up': 0.8113166689872742, 'expected_rise': 0.00453061331063509, 'actual_return': 0.04028005021916514, 'pnl': 244.78690239789694, 'exit_reason': 'scheduled'}, {'date': Timestamp('2017-04-26 00:00:00'), 'exit_date': Timestamp('2017-05-03 00:00:00'), 'ticker': 'PCG', 'sector': 'Utilities', 'allocated_amount': 6077.125054859737, 'prob_up': 0.8087642788887024, 'expected_rise': 0.0056814225390553474, 'actual_return': -0.0034328805970148535, 'pnl': -20.86204468646082, 'exit_reason': 'scheduled'}, {'date': Timestamp('2017-04-26 00:00:00'), 'exit_date': Timestamp('2017-05-03 00:00:00'), 'ticker': 'MRK', 'sector': 'Healthcare', 'allocated_amount': 6077.125054859737, 'prob_up': 0.7886864542961121, 'expected_rise': 0.0027794274501502514, 'actual_return': 0.014832535648603873, 'pnl': 90.13917401723081, 'exit_reason': 'scheduled'}, {'date': Timestamp('2017-04-26 00:00:00'), 'exit_date': Timestamp('2017-05-03 00:00:00'), 'ticker': 'CAT', 'sector': 'Industrial Goods', 'allocated_amount': 6077.125054859737, 'prob_up': 0.7797333598136902, 'expected_rise': 0.003219999372959137, 'actual_return': -0.029810843500445494, 'pnl': -181.16422394305985, 'exit_reason': 'scheduled'}, {'date': Timestamp('2017-04-26 00:00:00'), 'exit_date': Timestamp('2017-05-03 00:00:00'), 'ticker': 'PTR', 'sector': 'Basic Matierials', 'allocated_amount': 5870.107948144276, 'prob_up': 0.7701907753944397, 'expected_rise': 0.003477944526821375, 'actual_return': -0.02405061952322407, 'pnl': -141.1797328210715, 'exit_reason': 'scheduled'}]","[{'ticker': 'BABA', 'sector': 'Services', 'prob_up': 0.9997629523277283, 'predicted_prob': 0.9997629523277283, 'expected_rise': 0.006551570259034634, 'bucket_idx': 5, 'investment_fraction': 0.1, 'investment_amount': 6057.5457915412035, 'allocated_amount': 6057.5457915412035, 'exit_date': Timestamp('2017-05-10 00:00:00')}, {'ticker': 'HRG', 'sector': 'Conglomerates', 'prob_up': 0.9155137538909912, 'predicted_prob': 0.9155137538909912, 'expected_rise': 0.006279679946601391, 'bucket_idx': 5, 'investment_fraction': 0.1, 'investment_amount': 6057.5457915412035, 'allocated_amount': 6057.5457915412035, 'exit_date': Timestamp('2017-05-10 00:00:00')}, {'ticker': 'V', 'sector': 'Financial', 'prob_up': 0.8720411062240601, 'predicted_prob': 0.8720411062240601, 'expected_rise': 0.007074073888361454, 'bucket_idx': 5, 'investment_fraction': 0.1, 'investment_amount': 6057.5457915412035, 'allocated_amount': 6057.5457915412035, 'exit_date': Timestamp('2017-05-10 00:00:00')}, {'ticker': 'PTR', 'sector': 'Basic Matierials', 'prob_up': 0.8620120286941528, 'predicted_prob': 0.8620120286941528, 'expected_rise': 0.005806592758744955, 'bucket_idx': 5, 'investment_fraction': 0.1, 'investment_amount': 6057.5457915412035, 'allocated_amount': 6057.5457915412035, 'exit_date': Timestamp('2017-05-10 00:00:00')}, {'ticker': 'PCG', 'sector': 'Utilities', 'prob_up': 0.8596891760826111, 'predicted_prob': 0.8596891760826111, 'expected_rise': 0.0060934945940971375, 'bucket_idx': 5, 'investment_fraction': 0.1, 'investment_amount': 6057.5457915412035, 'allocated_amount': 5942.629053893579, 'exit_date': Timestamp('2017-05-10 00:00:00')}]",5,100000.0,853,True,False,42,/mnt/primary/simulation/trained_models_multiclass_meta,12,12,0.2,0.3,200,5,60,1.0,0.0001,0.3,True,True,0.3,0.7,0.3,0.5,0.5,0.1,3,100.0,0.5,"[[0.08, 0.6], [0.15, 0.35]]",meta_emotion,nlp,0.1259823649942869,GRU,6,coral,20,128,128,2,0.3,0.3,0.0005466347365856,0.0003650001848317,64,50,10,0.0041366748730481,5,0.8,5,0.1411251559858494,0.7276744145783006,1.793808725179512,21,0.2057532757859396,0.7138661773078487,21,0.0647282490194046,4
2017-05-04,60218.1865684485,30234.99959659971,100783.33198866568,100783.33198866568,-558.820329179698,-0.005514194403795969,0,KELLY_ONLY,41874.54195140494,29983.186971848798,False,False,,"[{'date': Timestamp('2017-04-27 00:00:00'), 'exit_date': Timestamp('2017-05-04 00:00:00'), 'ticker': 'BABA', 'sector': 'Services', 'allocated_amount': 6119.590866247956, 'prob_up': 0.9988943934440613, 'expected_rise': 0.006573485676199198, 'actual_return': 0.003725210084033481, 'pnl': 22.796761605106074, 'exit_reason': 'scheduled'}, {'date': Timestamp('2017-04-27 00:00:00'), 'exit_date': Timestamp('2017-05-04 00:00:00'), 'ticker': 'HRG', 'sector': 'Conglomerates', 'allocated_amount': 6119.590866247956, 'prob_up': 0.9077818393707275, 'expected_rise': 0.006196262314915657, 'actual_return': -0.09516691579471848, 'pnl': -582.3825886663475, 'exit_reason': 'scheduled'}, {'date': Timestamp('2017-04-27 00:00:00'), 'exit_date': Timestamp('2017-05-04 00:00:00'), 'ticker': 'PTR', 'sector': 'Basic Matierials', 'allocated_amount': 6119.590866247956, 'prob_up': 0.8182432055473328, 'expected_rise': 0.004628942348062992, 'actual_return': -0.03761000621075805, 'pnl': -230.15785048688386, 'exit_reason': 'scheduled'}, {'date': Timestamp('2017-04-27 00:00:00'), 'exit_date': Timestamp('2017-05-04 00:00:00'), 'ticker': 'PM', 'sector': 'Consumer Goods', 'allocated_amount': 5041.1281389240385, 'prob_up': 0.7242182493209839, 'expected_rise': 0.002575793769210577, 'actual_return': 0.009165940481605572, 'pnl': 46.206680481524806, 'exit_reason': 'scheduled'}, {'date': Timestamp('2017-04-27 00:00:00'), 'exit_date': Timestamp('2017-05-04 00:00:00'), 'ticker': 'TSM', 'sector': 'Technology', 'allocated_amount': 3847.583739147933, 'prob_up': 0.6393660306930542, 'expected_rise': 0.0057485634461045265, 'actual_return': 0.03391880678376746, 'pnl': 130.5054494325243, 'exit_reason': 'scheduled'}, {'date': Timestamp('2017-04-27 00:00:00'), 'exit_date': Timestamp('2017-05-04 00:00:00'), 'ticker': 'MMM', 'sector': 'Industrial Goods', 'allocated_amount': 3126.876725458733, 'prob_up': 0.6114713549613953, 'expected_rise': 0.0026063399855047464, 'actual_return': 0.017337178025918165, 'pnl': 54.21121845437809, 'exit_reason': 'scheduled'}]","[{'ticker': 'HRG', 'sector': 'Conglomerates', 'prob_up': 0.9135766625404358, 'predicted_prob': 0.9135766625404358, 'expected_rise': 0.006258668377995491, 'bucket_idx': 5, 'investment_fraction': 0.1, 'investment_amount': 6021.818656844851, 'allocated_amount': 6021.818656844851, 'exit_date': Timestamp('2017-05-11 00:00:00')}, {'ticker': 'PCG', 'sector': 'Utilities', 'prob_up': 0.8646808862686157, 'predicted_prob': 0.8646808862686157, 'expected_rise': 0.006132720969617367, 'bucket_idx': 5, 'investment_fraction': 0.1, 'investment_amount': 6021.818656844851, 'allocated_amount': 6021.818656844851, 'exit_date': Timestamp('2017-05-11 00:00:00')}, {'ticker': 'DHR', 'sector': 'Industrial Goods', 'prob_up': 0.8491619825363159, 'predicted_prob': 0.8491619825363159, 'expected_rise': 0.005069641396403313, 'bucket_idx': 5, 'investment_fraction': 0.1, 'investment_amount': 6021.818656844851, 'allocated_amount': 6021.818656844851, 'exit_date': Timestamp('2017-05-11 00:00:00')}, {'ticker': 'PTR', 'sector': 'Basic Matierials', 'prob_up': 0.8361056447029114, 'predicted_prob': 0.8361056447029114, 'expected_rise': 0.005091579165309668, 'bucket_idx': 5, 'investment_fraction': 0.1, 'investment_amount': 6021.818656844851, 'allocated_amount': 6021.818656844851, 'exit_date': Timestamp('2017-05-11 00:00:00')}, {'ticker': 'PM', 'sector': 'Consumer Goods', 'prob_up': 0.7334315776824951, 'predicted_prob': 0.7334315776824951, 'expected_rise': 0.00262774177826941, 'bucket_idx': 5, 'investment_fraction': 0.08626558182253348, 'investment_amount': 5194.7569006250815, 'allocated_amount': 5194.7569006250815, 'exit_date': Timestamp('2017-05-11 00:00:00')}, {'ticker': 'TSM', 'sector': 'Technology', 'prob_up': 0.7261650562286377, 'predicted_prob': 0.7261650562286377, 'expected_rise': 0.006051761098206043, 'bucket_idx': 5, 'investment_fraction': 0.09597505412755462, 'investment_amount': 5779.443715370028, 'allocated_amount': 701.1554438443127, 'exit_date': Timestamp('2017-05-11 00:00:00')}]",5,100000.0,853,True,False,42,/mnt/primary/simulation/trained_models_multiclass_meta,12,12,0.2,0.3,200,5,60,1.0,0.0001,0.3,True,True,0.3,0.7,0.3,0.5,0.5,0.1,3,100.0,0.5,"[[0.08, 0.6], [0.15, 0.35]]",meta_emotion,nlp,0.1259823649942869,GRU,6,coral,20,128,128,2,0.3,0.3,0.0005466347365856,0.0003650001848317,64,50,10,0.0041366748730481,5,0.8,5,0.1411251559858494,0.7276744145783006,1.793808725179512,21,0.2057532757859396,0.7138661773078487,21,0.0647282490194046,4
2017-05-05,40247.07980381865,30120.92369871776,100403.07899572584,100403.07899572584,-380.2529929398458,-0.0037729750092267977,0,KELLY_ONLY,26666.512559645846,10126.156105100894,False,False,,"[{'date': Timestamp('2017-04-28 00:00:00'), 'exit_date': Timestamp('2017-05-05 00:00:00'), 'ticker': 'HRG', 'sector': 'Conglomerates', 'allocated_amount': 4079.746287302305, 'prob_up': 0.9100897908210754, 'expected_rise': 0.006221038289368153, 'actual_return': -0.08695652173913049, 'pnl': -354.76054672193976, 'exit_reason': 'scheduled'}, {'date': Timestamp('2017-04-28 00:00:00'), 'exit_date': Timestamp('2017-05-05 00:00:00'), 'ticker': 'UN', 'sector': 'Consumer Goods', 'allocated_amount': 4079.746287302305, 'prob_up': 0.9007520079612732, 'expected_rise': 0.004552174359560013, 'actual_return': 0.012059666460196627, 'pnl': 49.200379467091324, 'exit_reason': 'scheduled'}, {'date': Timestamp('2017-04-28 00:00:00'), 'exit_date': Timestamp('2017-05-05 00:00:00'), 'ticker': 'PTR', 'sector': 'Basic Matierials', 'allocated_amount': 2232.8406255541777, 'prob_up': 0.8490368723869324, 'expected_rise': 0.005441324785351753, 'actual_return': -0.033451928825622756, 'pnl': -74.69282568499735, 'exit_reason': 'scheduled'}]","[{'ticker': 'UN', 'sector': 'Consumer Goods', 'prob_up': 0.9136641025543213, 'predicted_prob': 0.9136641025543213, 'expected_rise': 0.004688556771725416, 'bucket_idx': 5, 'investment_fraction': 0.1, 'investment_amount': 4024.7079803818656, 'allocated_amount': 4024.7079803818656, 'exit_date': Timestamp('2017-05-12 00:00:00')}, {'ticker': 'BBL', 'sector': 'Basic Matierials', 'prob_up': 0.862568736076355, 'predicted_prob': 0.862568736076355, 'expected_rise': 0.0027063111774623394, 'bucket_idx': 5, 'investment_fraction': 0.1, 'investment_amount': 4024.7079803818656, 'allocated_amount': 4024.7079803818656, 'exit_date': Timestamp('2017-05-12 00:00:00')}, {'ticker': 'DHR', 'sector': 'Industrial Goods', 'prob_up': 0.848861813545227, 'predicted_prob': 0.848861813545227, 'expected_rise': 0.005067360587418079, 'bucket_idx': 5, 'investment_fraction': 0.1, 'investment_amount': 4024.7079803818656, 'allocated_amount': 2076.7401443371637, 'exit_date': Timestamp('2017-05-12 00:00:00')}]",5,100000.0,853,True,False,42,/mnt/primary/simulation/trained_models_multiclass_meta,12,12,0.2,0.3,200,5,60,1.0,0.0001,0.3,True,True,0.3,0.7,0.3,0.5,0.5,0.1,3,100.0,0.5,"[[0.08, 0.6], [0.15, 0.35]]",meta_emotion,nlp,0.1259823649942869,GRU,6,coral,20,128,128,2,0.3,0.3,0.0005466347365856,0.0003650001848317,64,50,10,0.0041366748730481,5,0.8,5,0.1411251559858494,0.7276744145783006,1.793808725179512,21,0.2057532757859396,0.7138661773078487,21,0.0647282490194046,4
2017-05-08,30120.923698717757,30120.92369871776,100403.07899572584,100403.07899572584,0.0,0.0,0,KELLY_ONLY,20760.959435701796,0.0,False,False,,[],[],5,100000.0,853,True,False,42,/mnt/primary/simulation/trained_models_multiclass_meta,12,12,0.2,0.3,200,5,60,1.0,0.0001,0.3,True,True,0.3,0.7,0.3,0.5,0.5,0.1,3,100.0,0.5,"[[0.08, 0.6], [0.15, 0.35]]",meta_emotion,nlp,0.1259823649942869,GRU,6,coral,20,128,128,2,0.3,0.3,0.0005466347365856,0.0003650001848317,64,50,10,0.0041366748730481,5,0.8,5,0.1411251559858494,0.7276744145783006,1.793808725179512,21,0.2057532757859396,0.7138661773078487,21,0.0647282490194046,4
2017-05-09,30120.923698717757,30120.92369871776,100403.07899572584,100403.07899572584,0.0,0.0,0,KELLY_ONLY,21361.022893897585,0.0,False,False,,[],[],5,100000.0,853,True,False,42,/mnt/primary/simulation/trained_models_multiclass_meta,12,12,0.2,0.3,200,5,60,1.0,0.0001,0.3,True,True,0.3,0.7,0.3,0.5,0.5,0.1,3,100.0,0.5,"[[0.08, 0.6], [0.15, 0.35]]",meta_emotion,nlp,0.1259823649942869,GRU,6,coral,20,128,128,2,0.3,0.3,0.0005466347365856,0.0003650001848317,64,50,10,0.0041366748730481,5,0.8,5,0.1411251559858494,0.7276744145783006,1.793808725179512,21,0.2057532757859396,0.7138661773078487,21,0.0647282490194046,4
2017-05-10,60282.82590885942,30165.175213116676,100392.16898580911,100392.16898580911,-10.910009916737081,-0.00010866210504556495,0,KELLY_ONLY,41635.00039220549,30117.650695742734,False,False,,"[{'date': Timestamp('2017-05-03 00:00:00'), 'exit_date': Timestamp('2017-05-10 00:00:00'), 'ticker': 'BABA', 'sector': 'Services', 'allocated_amount': 6057.5457915412035, 'prob_up': 0.9997629523277283, 'expected_rise': 0.006551570259034634, 'actual_return': 0.029252835206313943, 'pnl': 177.20038879465537, 'exit_reason': 'scheduled'}, {'date': Timestamp('2017-05-03 00:00:00'), 'exit_date': Timestamp('2017-05-10 00:00:00'), 'ticker': 'HRG', 'sector': 'Conglomerates', 'allocated_amount': 6057.5457915412035, 'prob_up': 0.9155137538909912, 'expected_rise': 0.006279679946601391, 'actual_return': -0.011049723756906271, 'pnl': -66.93420764134044, 'exit_reason': 'scheduled'}, {'date': Timestamp('2017-05-03 00:00:00'), 'exit_date': Timestamp('2017-05-10 00:00:00'), 'ticker': 'V', 'sector': 'Financial', 'allocated_amount': 6057.5457915412035, 'prob_up': 0.8720411062240601, 'expected_rise': 0.007074073888361454, 'actual_return': -0.0020554088694200168, 'pnl': -12.450733346851685, 'exit_reason': 'scheduled'}, {'date': Timestamp('2017-05-03 00:00:00'), 'exit_date': Timestamp('2017-05-10 00:00:00'), 'ticker': 'PTR', 'sector': 'Basic Matierials', 'allocated_amount': 6057.5457915412035, 'prob_up': 0.8620120286941528, 'expected_rise': 0.005806592758744955, 'actual_return': -0.013834832307750844, 'pnl': -83.8051302224944, 'exit_reason': 'scheduled'}, {'date': Timestamp('2017-05-03 00:00:00'), 'exit_date': Timestamp('2017-05-10 00:00:00'), 'ticker': 'PCG', 'sector': 'Utilities', 'allocated_amount': 5942.629053893579, 'prob_up': 0.8596891760826111, 'expected_rise': 0.0060934945940971375, 'actual_return': -0.004193485286512755, 'pnl': -24.920327500705937, 'exit_reason': 'scheduled'}]","[{'ticker': 'HRG', 'sector': 'Conglomerates', 'prob_up': 0.915033221244812, 'predicted_prob': 0.915033221244812, 'expected_rise': 0.006274459417909384, 'bucket_idx': 5, 'investment_fraction': 0.1, 'investment_amount': 6028.282590885942, 'allocated_amount': 6028.282590885942, 'exit_date': Timestamp('2017-05-17 00:00:00')}, {'ticker': 'PTR', 'sector': 'Basic Matierials', 'prob_up': 0.8537822961807251, 'predicted_prob': 0.8537822961807251, 'expected_rise': 0.005573156755417585, 'bucket_idx': 5, 'investment_fraction': 0.1, 'investment_amount': 6028.282590885942, 'allocated_amount': 6028.282590885942, 'exit_date': Timestamp('2017-05-17 00:00:00')}, {'ticker': 'MSFT', 'sector': 'Technology', 'prob_up': 0.8211951851844788, 'predicted_prob': 0.8211951851844788, 'expected_rise': 0.004632133059203625, 'bucket_idx': 5, 'investment_fraction': 0.1, 'investment_amount': 6028.282590885942, 'allocated_amount': 6028.282590885942, 'exit_date': Timestamp('2017-05-17 00:00:00')}, {'ticker': 'BCH', 'sector': 'Financial', 'prob_up': 0.7499973177909851, 'predicted_prob': 0.7499973177909851, 'expected_rise': 0.00043762323912233114, 'bucket_idx': 5, 'investment_fraction': 0.1, 'investment_amount': 6028.282590885942, 'allocated_amount': 6028.282590885942, 'exit_date': Timestamp('2017-05-17 00:00:00')}, {'ticker': 'CAT', 'sector': 'Industrial Goods', 'prob_up': 0.7496141791343689, 'predicted_prob': 0.7496141791343689, 'expected_rise': 0.003344352589920163, 'bucket_idx': 5, 'investment_fraction': 0.1, 'investment_amount': 6028.282590885942, 'allocated_amount': 6004.520332198965, 'exit_date': Timestamp('2017-05-17 00:00:00')}]",5,100000.0,853,True,False,42,/mnt/primary/simulation/trained_models_multiclass_meta,12,12,0.2,0.3,200,5,60,1.0,0.0001,0.3,True,True,0.3,0.7,0.3,0.5,0.5,0.1,3,100.0,0.5,"[[0.08, 0.6], [0.15, 0.35]]",meta_emotion,nlp,0.1259823649942869,GRU,6,coral,20,128,128,2,0.3,0.3,0.0005466347365856,0.0003650001848317,64,50,10,0.0041366748730481,5,0.8,5,0.1411251559858494,0.7276744145783006,1.793808725179512,21,0.2057532757859396,0.7138661773078487,21,0.0647282490194046,4
2017-05-11,59964.84101495877,30062.59434474072,100208.6478158024,100208.6478158024,-183.52117000669796,-0.0018280426836146946,0,KELLY_ONLY,36941.83211387528,29902.246670218043,False,False,,"[{'date': Timestamp('2017-05-04 00:00:00'), 'exit_date': Timestamp('2017-05-11 00:00:00'), 'ticker': 'HRG', 'sector': 'Conglomerates', 'allocated_amount': 6021.818656844851, 'prob_up': 0.9135766625404358, 'expected_rise': 0.006258668377995491, 'actual_return': -0.0066078744493391905, 'pnl': -39.791421641119136, 'exit_reason': 'scheduled'}, {'date': Timestamp('2017-05-04 00:00:00'), 'exit_date': Timestamp('2017-05-11 00:00:00'), 'ticker': 'PCG', 'sector': 'Utilities', 'allocated_amount': 6021.818656844851, 'prob_up': 0.8646808862686157, 'expected_rise': 0.006132720969617367, 'actual_return': -0.015531675859194571, 'pnl': -93.52893546096465, 'exit_reason': 'scheduled'}, {'date': Timestamp('2017-05-04 00:00:00'), 'exit_date': Timestamp('2017-05-11 00:00:00'), 'ticker': 'DHR', 'sector': 'Industrial Goods', 'allocated_amount': 6021.818656844851, 'prob_up': 0.8491619825363159, 'expected_rise': 0.005069641396403313, 'actual_return': -0.015461500583693999, 'pnl': -93.10635267770607, 'exit_reason': 'scheduled'}, {'date': Timestamp('2017-05-04 00:00:00'), 'exit_date': Timestamp('2017-05-11 00:00:00'), 'ticker': 'PTR', 'sector': 'Basic Matierials', 'allocated_amount': 6021.818656844851, 'prob_up': 0.8361056447029114, 'expected_rise': 0.005091579165309668, 'actual_return': 0.0023595783028926842, 'pnl': 14.208952646645477, 'exit_reason': 'scheduled'}, {'date': Timestamp('2017-05-04 00:00:00'), 'exit_date': Timestamp('2017-05-11 00:00:00'), 'ticker': 'PM', 'sector': 'Consumer Goods', 'allocated_amount': 5194.7569006250815, 'prob_up': 0.7334315776824951, 'expected_rise': 0.00262774177826941, 'actual_return': -8.988309595003852e-05, 'pnl': -0.4669208329360089, 'exit_reason': 'scheduled'}, {'date': Timestamp('2017-05-04 00:00:00'), 'exit_date': Timestamp('2017-05-11 00:00:00'), 'ticker': 'TSM', 'sector': 'Technology', 'allocated_amount': 701.1554438443127, 'prob_up': 0.7261650562286377, 'expected_rise': 0.006051761098206043, 'actual_return': 0.04159349858211758, 'pnl': 29.163507959382443, 'exit_reason': 'scheduled'}]","[{'ticker': 'BABA', 'sector': 'Services', 'prob_up': 0.9999352693557739, 'predicted_prob': 0.9999352693557739, 'expected_rise': 0.006547195836901665, 'bucket_idx': 5, 'investment_fraction': 0.1, 'investment_amount': 5996.484101495877, 'allocated_amount': 5996.484101495877, 'exit_date': Timestamp('2017-05-18 00:00:00')}, {'ticker': 'HRG', 'sector': 'Conglomerates', 'prob_up': 0.9185775518417358, 'predicted_prob': 0.9185775518417358, 'expected_rise': 0.006313070189207792, 'bucket_idx': 5, 'investment_fraction': 0.1, 'investment_amount': 5996.484101495877, 'allocated_amount': 5996.484101495877, 'exit_date': Timestamp('2017-05-18 00:00:00')}, {'ticker': 'PTR', 'sector': 'Basic Matierials', 'prob_up': 0.8901419639587402, 'predicted_prob': 0.8901419639587402, 'expected_rise': 0.006657224614173174, 'bucket_idx': 5, 'investment_fraction': 0.1, 'investment_amount': 5996.484101495877, 'allocated_amount': 5996.484101495877, 'exit_date': Timestamp('2017-05-18 00:00:00')}, {'ticker': 'DHR', 'sector': 'Industrial Goods', 'prob_up': 0.7845877408981323, 'predicted_prob': 0.7845877408981323, 'expected_rise': 0.004598324187099934, 'bucket_idx': 5, 'investment_fraction': 0.1, 'investment_amount': 5996.484101495877, 'allocated_amount': 5996.484101495877, 'exit_date': Timestamp('2017-05-18 00:00:00')}, {'ticker': 'BCH', 'sector': 'Financial', 'prob_up': 0.7502877116203308, 'predicted_prob': 0.7502877116203308, 'expected_rise': 0.0004403282655403018, 'bucket_idx': 5, 'investment_fraction': 0.1, 'investment_amount': 5996.484101495877, 'allocated_amount': 5916.310264234533, 'exit_date': Timestamp('2017-05-18 00:00:00')}]",5,100000.0,853,True,False,42,/mnt/primary/simulation/trained_models_multiclass_meta,12,12,0.2,0.3,200,5,60,1.0,0.0001,0.3,True,True,0.3,0.7,0.3,0.5,0.5,0.1,3,100.0,0.5,"[[0.08, 0.6], [0.15, 0.35]]",meta_emotion,nlp,0.1259823649942869,GRU,6,coral,20,128,128,2,0.3,0.3,0.0005466347365856,0.0003650001848317,64,50,10,0.0041366748730481,5,0.8,5,0.1411251559858494,0.7276744145783006,1.793808725179512,21,0.2057532757859396,0.7138661773078487,21,0.0647282490194046,4
2017-05-12,40295.80867952033,30094.711813644353,100315.70604548111,100315.70604548111,107.05822967872089,0.0010683532011679375,0,KELLY_ONLY,24703.485755118945,10201.096865875981,False,False,,"[{'date': Timestamp('2017-05-05 00:00:00'), 'exit_date': Timestamp('2017-05-12 00:00:00'), 'ticker': 'UN', 'sector': 'Consumer Goods', 'allocated_amount': 4024.7079803818656, 'prob_up': 0.9136641025543213, 'expected_rise': 0.004688556771725416, 'actual_return': 0.016455513834982227, 'pnl': 66.22863785293717, 'exit_reason': 'scheduled'}, {'date': Timestamp('2017-05-05 00:00:00'), 'exit_date': Timestamp('2017-05-12 00:00:00'), 'ticker': 'BBL', 'sector': 'Basic Matierials', 'allocated_amount': 4024.7079803818656, 'prob_up': 0.862568736076355, 'expected_rise': 0.0027063111774623394, 'actual_return': 0.016420911528150173, 'pnl': 66.08937367249058, 'exit_reason': 'scheduled'}, {'date': Timestamp('2017-05-05 00:00:00'), 'exit_date': Timestamp('2017-05-12 00:00:00'), 'ticker': 'DHR', 'sector': 'Industrial Goods', 'allocated_amount': 2076.7401443371637, 'prob_up': 0.848861813545227, 'expected_rise': 0.005067360587418079, 'actual_return': -0.012163188502704592, 'pnl': -25.25978184670686, 'exit_reason': 'scheduled'}]","[{'ticker': 'V', 'sector': 'Financial', 'prob_up': 0.9505643844604492, 'predicted_prob': 0.9505643844604492, 'expected_rise': 0.008415205404162407, 'bucket_idx': 5, 'investment_fraction': 0.1, 'investment_amount': 4029.5808679520337, 'allocated_amount': 4029.5808679520337, 'exit_date': Timestamp('2017-05-19 00:00:00')}, {'ticker': 'PCG', 'sector': 'Utilities', 'prob_up': 0.8243062496185303, 'predicted_prob': 0.8243062496185303, 'expected_rise': 0.005809518042951822, 'bucket_idx': 5, 'investment_fraction': 0.1, 'investment_amount': 4029.5808679520337, 'allocated_amount': 4029.5808679520337, 'exit_date': Timestamp('2017-05-19 00:00:00')}, {'ticker': 'UTX', 'sector': 'Industrial Goods', 'prob_up': 0.8102326989173889, 'predicted_prob': 0.8102326989173889, 'expected_rise': 0.003197278594598174, 'bucket_idx': 5, 'investment_fraction': 0.1, 'investment_amount': 4029.5808679520337, 'allocated_amount': 2141.935129971913, 'exit_date': Timestamp('2017-05-19 00:00:00')}]",5,100000.0,853,True,False,42,/mnt/primary/simulation/trained_models_multiclass_meta,12,12,0.2,0.3,200,5,60,1.0,0.0001,0.3,True,True,0.3,0.7,0.3,0.5,0.5,0.1,3,100.0,0.5,"[[0.08, 0.6], [0.15, 0.35]]",meta_emotion,nlp,0.1259823649942869,GRU,6,coral,20,128,128,2,0.3,0.3,0.0005466347365856,0.0003650001848317,64,50,10,0.0041366748730481,5,0.8,5,0.1411251559858494,0.7276744145783006,1.793808725179512,21,0.2057532757859396,0.7138661773078487,21,0.0647282490194046,4
2017-05-15,30094.711813644346,30094.711813644353,100315.70604548111,100315.70604548111,0.0,0.0,0,KELLY_ONLY,21374.3209717056,0.0,False,False,,[],[],5,100000.0,853,True,False,42,/mnt/primary/simulation/trained_models_multiclass_meta,12,12,0.2,0.3,200,5,60,1.0,0.0001,0.3,True,True,0.3,0.7,0.3,0.5,0.5,0.1,3,100.0,0.5,"[[0.08, 0.6], [0.15, 0.35]]",meta_emotion,nlp,0.1259823649942869,GRU,6,coral,20,128,128,2,0.3,0.3,0.0005466347365856,0.0003650001848317,64,50,10,0.0041366748730481,5,0.8,5,0.1411251559858494,0.7276744145783006,1.793808725179512,21,0.2057532757859396,0.7138661773078487,21,0.0647282490194046,4
2017-05-16,30094.711813644346,30094.711813644353,100315.70604548111,100315.70604548111,0.0,0.0,0,KELLY_ONLY,20017.703424746578,0.0,False,False,,[],[],5,100000.0,853,True,False,42,/mnt/primary/simulation/trained_models_multiclass_meta,12,12,0.2,0.3,200,5,60,1.0,0.0001,0.3,True,True,0.3,0.7,0.3,0.5,0.5,0.1,3,100.0,0.5,"[[0.08, 0.6], [0.15, 0.35]]",meta_emotion,nlp,0.1259823649942869,GRU,6,coral,20,128,128,2,0.3,0.3,0.0005466347365856,0.0003650001848317,64,50,10,0.0041366748730481,5,0.8,5,0.1411251559858494,0.7276744145783006,1.793808725179512,21,0.2057532757859396,0.7138661773078487,21,0.0647282490194046,4
2017-05-17,59906.08855682476,30002.82962787565,100009.43209291878,100009.43209291878,-306.2739525623273,-0.00305310070213205,0,KELLY_ONLY,31218.44508997948,29903.258928949108,False,False,,"[{'date': Timestamp('2017-05-10 00:00:00'), 'exit_date': Timestamp('2017-05-17 00:00:00'), 'ticker': 'HRG', 'sector': 'Conglomerates', 'allocated_amount': 6028.282590885942, 'prob_up': 0.915033221244812, 'expected_rise': 0.006274459417909384, 'actual_return': -0.027932960893854775, 'pnl': -168.38778186832258, 'exit_reason': 'scheduled'}, {'date': Timestamp('2017-05-10 00:00:00'), 'exit_date': Timestamp('2017-05-17 00:00:00'), 'ticker': 'PTR', 'sector': 'Basic Matierials', 'allocated_amount': 6028.282590885942, 'prob_up': 0.8537822961807251, 'expected_rise': 0.005573156755417585, 'actual_return': -0.009060382873009143, 'pnl': -54.618548340122175, 'exit_reason': 'scheduled'}, {'date': Timestamp('2017-05-10 00:00:00'), 'exit_date': Timestamp('2017-05-17 00:00:00'), 'ticker': 'MSFT', 'sector': 'Technology', 'allocated_amount': 6028.282590885942, 'prob_up': 0.8211951851844788, 'expected_rise': 0.004632133059203625, 'actual_return': -0.0264030450556354, 'pnl': -159.16501685526404, 'exit_reason': 'scheduled'}, {'date': Timestamp('2017-05-10 00:00:00'), 'exit_date': Timestamp('2017-05-17 00:00:00'), 'ticker': 'BCH', 'sector': 'Financial', 'allocated_amount': 6028.282590885942, 'prob_up': 0.7499973177909851, 'expected_rise': 0.00043762323912233114, 'actual_return': 0.014773705811516713, 'pnl': 89.06007354643667, 'exit_reason': 'scheduled'}, {'date': Timestamp('2017-05-10 00:00:00'), 'exit_date': Timestamp('2017-05-17 00:00:00'), 'ticker': 'CAT', 'sector': 'Industrial Goods', 'allocated_amount': 6004.520332198965, 'prob_up': 0.7496141791343689, 'expected_rise': 0.003344352589920163, 'actual_return': -0.0021921283161405736, 'pnl': -13.162679045055153, 'exit_reason': 'scheduled'}]","[{'ticker': 'PTR', 'sector': 'Basic Matierials', 'prob_up': 0.9699729084968567, 'predicted_prob': 0.9699729084968567, 'expected_rise': 0.009754353202879429, 'bucket_idx': 5, 'investment_fraction': 0.1, 'investment_amount': 5990.608855682476, 'allocated_amount': 5990.608855682476, 'exit_date': Timestamp('2017-05-24 00:00:00')}, {'ticker': 'UN', 'sector': 'Consumer Goods', 'prob_up': 0.9350168108940125, 'predicted_prob': 0.9350168108940125, 'expected_rise': 0.00492249708622694, 'bucket_idx': 5, 'investment_fraction': 0.1, 'investment_amount': 5990.608855682476, 'allocated_amount': 5990.608855682476, 'exit_date': Timestamp('2017-05-24 00:00:00')}, {'ticker': 'UTX', 'sector': 'Industrial Goods', 'prob_up': 0.8273563981056213, 'predicted_prob': 0.8273563981056213, 'expected_rise': 0.0034496928565204144, 'bucket_idx': 5, 'investment_fraction': 0.1, 'investment_amount': 5990.608855682476, 'allocated_amount': 5990.608855682476, 'exit_date': Timestamp('2017-05-24 00:00:00')}, {'ticker': 'BCH', 'sector': 'Financial', 'prob_up': 0.7097365856170654, 'predicted_prob': 0.7097365856170654, 'expected_rise': 7.077259942889214e-05, 'bucket_idx': 5, 'investment_fraction': 0.087461905204137, 'investment_amount': 5239.500638507643, 'allocated_amount': 5239.500638507643, 'exit_date': Timestamp('2017-05-24 00:00:00')}, {'ticker': 'AEP', 'sector': 'Utilities', 'prob_up': 0.6022366285324097, 'predicted_prob': 0.6022366285324097, 'expected_rise': 0.003139438107609749, 'bucket_idx': 5, 'investment_fraction': 0.044496007868440206, 'investment_amount': 2665.58178779195, 'allocated_amount': 2665.58178779195, 'exit_date': Timestamp('2017-05-24 00:00:00')}, {'ticker': 'CHTR', 'sector': 'Services', 'prob_up': 0.5789514780044556, 'predicted_prob': 0.5789514780044556, 'expected_rise': 0.0041365553624928, 'bucket_idx': 5, 'investment_fraction': 0.04703494026778086, 'investment_amount': 2817.679296946643, 'allocated_amount': 2817.679296946643, 'exit_date': Timestamp('2017-05-24 00:00:00')}, {'ticker': 'INTC', 'sector': 'Technology', 'prob_up': 0.5550342798233032, 'predicted_prob': 0.5550342798233032, 'expected_rise': 0.003979941830039024, 'bucket_idx': 5, 'investment_fraction': 0.02318658185142396, 'investment_amount': 1389.0174257214694, 'allocated_amount': 1208.6706386554433, 'exit_date': Timestamp('2017-05-24 00:00:00')}]",5,100000.0,853,True,False,42,/mnt/primary/simulation/trained_models_multiclass_meta,12,12,0.2,0.3,200,5,60,1.0,0.0001,0.3,True,True,0.3,0.7,0.3,0.5,0.5,0.1,3,100.0,0.5,"[[0.08, 0.6], [0.15, 0.35]]",meta_emotion,nlp,0.1259823649942869,GRU,6,coral,20,128,128,2,0.3,0.3,0.0005466347365856,0.0003650001848317,64,50,10,0.0041366748730481,5,0.8,5,0.1411251559858494,0.7276744145783006,1.793808725179512,21,0.2057532757859396,0.7138661773078487,21,0.0647282490194046,4
2017-05-18,59674.814310139205,29933.75103148929,99779.17010496429,99779.17010496426,-230.26198795449397,-0.0023024027147815485,0,KELLY_ONLY,30460.505000677498,29741.063278649905,False,False,,"[{'date': Timestamp('2017-05-11 00:00:00'), 'exit_date': Timestamp('2017-05-18 00:00:00'), 'ticker': 'BABA', 'sector': 'Services', 'allocated_amount': 5996.484101495877, 'prob_up': 0.9999352693557739, 'expected_rise': 0.006547195836901665, 'actual_return': 0.009237624526044375, 'pnl': 55.393268606013486, 'exit_reason': 'scheduled'}, {'date': Timestamp('2017-05-11 00:00:00'), 'exit_date': Timestamp('2017-05-18 00:00:00'), 'ticker': 'HRG', 'sector': 'Conglomerates', 'allocated_amount': 5996.484101495877, 'prob_up': 0.9185775518417358, 'expected_rise': 0.006313070189207792, 'actual_return': -0.029379211231750912, 'pnl': -176.17197306568346, 'exit_reason': 'scheduled'}, {'date': Timestamp('2017-05-11 00:00:00'), 'exit_date': Timestamp('2017-05-18 00:00:00'), 'ticker': 'PTR', 'sector': 'Basic Matierials', 'allocated_amount': 5996.484101495877, 'prob_up': 0.8901419639587402, 'expected_rise': 0.006657224614173174, 'actual_return': -0.0005885096279458768, 'pnl': -3.528988627554704, 'exit_reason': 'scheduled'}, {'date': Timestamp('2017-05-11 00:00:00'), 'exit_date': Timestamp('2017-05-18 00:00:00'), 'ticker': 'DHR', 'sector': 'Industrial Goods', 'allocated_amount': 5996.484101495877, 'prob_up': 0.7845877408981323, 'expected_rise': 0.004598324187099934, 'actual_return': -0.012080212757673459, 'pnl': -72.43880374407657, 'exit_reason': 'scheduled'}, {'date': Timestamp('2017-05-11 00:00:00'), 'exit_date': Timestamp('2017-05-18 00:00:00'), 'ticker': 'BCH', 'sector': 'Financial', 'allocated_amount': 5916.310264234533, 'prob_up': 0.7502877116203308, 'expected_rise': 0.0004403282655403018, 'actual_return': -0.005664931287630681, 'pnl': -33.515491123192746, 'exit_reason': 'scheduled'}]","[{'ticker': 'PTR', 'sector': 'Basic Matierials', 'prob_up': 0.965944766998291, 'predicted_prob': 0.965944766998291, 'expected_rise': 0.009562836028635502, 'bucket_idx': 5, 'investment_fraction': 0.1, 'investment_amount': 5967.48143101392, 'allocated_amount': 5967.48143101392, 'exit_date': Timestamp('2017-05-25 00:00:00')}, {'ticker': 'UN', 'sector': 'Consumer Goods', 'prob_up': 0.937005877494812, 'predicted_prob': 0.937005877494812, 'expected_rise': 0.004944866988807917, 'bucket_idx': 5, 'investment_fraction': 0.1, 'investment_amount': 5967.48143101392, 'allocated_amount': 5967.48143101392, 'exit_date': Timestamp('2017-05-25 00:00:00')}, {'ticker': 'V', 'sector': 'Financial', 'prob_up': 0.9062606692314148, 'predicted_prob': 0.9062606692314148, 'expected_rise': 0.0076223029755055904, 'bucket_idx': 5, 'investment_fraction': 0.1, 'investment_amount': 5967.48143101392, 'allocated_amount': 5967.48143101392, 'exit_date': Timestamp('2017-05-25 00:00:00')}, {'ticker': 'DHR', 'sector': 'Industrial Goods', 'prob_up': 0.6519770622253418, 'predicted_prob': 0.6519770622253418, 'expected_rise': 0.0036686700768768787, 'bucket_idx': 5, 'investment_fraction': 0.06757843286902737, 'investment_amount': 4032.730432829416, 'allocated_amount': 4032.730432829416, 'exit_date': Timestamp('2017-05-25 00:00:00')}, {'ticker': 'PCLN', 'sector': 'Services', 'prob_up': 0.6447415947914124, 'predicted_prob': 0.6447415947914124, 'expected_rise': 0.0019239526009187102, 'bucket_idx': 5, 'investment_fraction': 0.06575493609920122, 'investment_amount': 3923.9136016949014, 'allocated_amount': 3923.9136016949014, 'exit_date': Timestamp('2017-05-25 00:00:00')}, {'ticker': 'SRE', 'sector': 'Utilities', 'prob_up': 0.6060812473297119, 'predicted_prob': 0.6060812473297119, 'expected_rise': 0.002364601707085967, 'bucket_idx': 5, 'investment_fraction': 0.039860116385009664, 'investment_amount': 2378.6450436559885, 'allocated_amount': 2378.6450436559885, 'exit_date': Timestamp('2017-05-25 00:00:00')}, {'ticker': 'GOOG', 'sector': 'Technology', 'prob_up': 0.521050751209259, 'predicted_prob': 0.521050751209259, 'expected_rise': 0.0023845499381422997, 'bucket_idx': 5, 'investment_fraction': 0.018068890056159137, 'investment_amount': 1078.2576588916172, 'allocated_amount': 1078.2576588916172, 'exit_date': Timestamp('2017-05-25 00:00:00')}, {'ticker': 'REX', 'sector': 'Conglomerates', 'prob_up': 0.4985162019729614, 'predicted_prob': 0.4985162019729614, 'expected_rise': 0.0040853992104530334, 'bucket_idx': 0, 'investment_fraction': 0.013538930972255404, 'investment_amount': 807.9331917271336, 'allocated_amount': 425.0722485362203, 'exit_date': Timestamp('2017-05-25 00:00:00')}]",5,100000.0,853,True,False,42,/mnt/primary/simulation/trained_models_multiclass_meta,12,12,0.2,0.3,200,5,60,1.0,0.0001,0.3,True,True,0.3,0.7,0.3,0.5,0.5,0.1,3,100.0,0.5,"[[0.08, 0.6], [0.15, 0.35]]",meta_emotion,nlp,0.1259823649942869,GRU,6,coral,20,128,128,2,0.3,0.3,0.0005466347365856,0.0003650001848317,64,50,10,0.0041366748730481,5,0.8,5,0.1411251559858494,0.7276744145783006,1.793808725179512,21,0.2057532757859396,0.7138661773078487,21,0.0647282490194046,4
2017-05-19,40081.84108988465,29917.848989245107,99726.16329748367,99726.16329748365,-53.00680748062586,-0.000531241214221656,0,KELLY_ONLY,29413.31149564406,10163.992100639534,False,False,,"[{'date': Timestamp('2017-05-12 00:00:00'), 'exit_date': Timestamp('2017-05-19 00:00:00'), 'ticker': 'V', 'sector': 'Financial', 'allocated_amount': 4029.5808679520337, 'prob_up': 0.9505643844604492, 'expected_rise': 0.008415205404162407, 'actual_return': -0.00269599905005935, 'pnl': -10.863746192136015, 'exit_reason': 'scheduled'}, {'date': Timestamp('2017-05-12 00:00:00'), 'exit_date': Timestamp('2017-05-19 00:00:00'), 'ticker': 'PCG', 'sector': 'Utilities', 'allocated_amount': 4029.5808679520337, 'prob_up': 0.8243062496185303, 'expected_rise': 0.005809518042951822, 'actual_return': -0.011910160955520444, 'pnl': -47.99295672059449, 'exit_reason': 'scheduled'}, {'date': Timestamp('2017-05-12 00:00:00'), 'exit_date': Timestamp('2017-05-19 00:00:00'), 'ticker': 'UTX', 'sector': 'Industrial Goods', 'allocated_amount': 2141.935129971913, 'prob_up': 0.8102326989173889, 'expected_rise': 0.003197278594598174, 'actual_return': 0.002731126330693945, 'pnl': 5.849895432104648, 'exit_reason': 'scheduled'}]","[{'ticker': 'PTR', 'sector': 'Basic Matierials', 'prob_up': 0.95346999168396, 'predicted_prob': 0.95346999168396, 'expected_rise': 0.008999635465443134, 'bucket_idx': 5, 'investment_fraction': 0.1, 'investment_amount': 4008.1841089884642, 'allocated_amount': 4008.1841089884642, 'exit_date': Timestamp('2017-05-26 00:00:00')}, {'ticker': 'HRG', 'sector': 'Conglomerates', 'prob_up': 0.9241862893104553, 'predicted_prob': 0.9241862893104553, 'expected_rise': 0.006374706979840994, 'bucket_idx': 5, 'investment_fraction': 0.1, 'investment_amount': 4008.1841089884642, 'allocated_amount': 4008.1841089884642, 'exit_date': Timestamp('2017-05-26 00:00:00')}, {'ticker': 'V', 'sector': 'Financial', 'prob_up': 0.8696103692054749, 'predicted_prob': 0.8696103692054749, 'expected_rise': 0.00703692901879549, 'bucket_idx': 5, 'investment_fraction': 0.1, 'investment_amount': 4008.1841089884642, 'allocated_amount': 2147.623882662607, 'exit_date': Timestamp('2017-05-26 00:00:00')}]",5,100000.0,853,True,False,42,/mnt/primary/simulation/trained_models_multiclass_meta,12,12,0.2,0.3,200,5,60,1.0,0.0001,0.3,True,True,0.3,0.7,0.3,0.5,0.5,0.1,3,100.0,0.5,"[[0.08, 0.6], [0.15, 0.35]]",meta_emotion,nlp,0.1259823649942869,GRU,6,coral,20,128,128,2,0.3,0.3,0.0005466347365856,0.0003650001848317,64,50,10,0.0041366748730481,5,0.8,5,0.1411251559858494,0.7276744145783006,1.793808725179512,21,0.2057532757859396,0.7138661773078487,21,0.0647282490194046,4
2017-05-22,29917.848989245103,29917.848989245107,99726.16329748365,99726.16329748365,0.0,0.0,0,KELLY_ONLY,17890.567372967602,0.0,False,False,,[],[],5,100000.0,853,True,False,42,/mnt/primary/simulation/trained_models_multiclass_meta,12,12,0.2,0.3,200,5,60,1.0,0.0001,0.3,True,True,0.3,0.7,0.3,0.5,0.5,0.1,3,100.0,0.5,"[[0.08, 0.6], [0.15, 0.35]]",meta_emotion,nlp,0.1259823649942869,GRU,6,coral,20,128,128,2,0.3,0.3,0.0005466347365856,0.0003650001848317,64,50,10,0.0041366748730481,5,0.8,5,0.1411251559858494,0.7276744145783006,1.793808725179512,21,0.2057532757859396,0.7138661773078487,21,0.0647282490194046,4
2017-05-23,29917.848989245103,29917.848989245107,99726.16329748365,99726.16329748365,0.0,0.0,0,KELLY_ONLY,22700.441273581633,0.0,False,False,,[],[],5,100000.0,853,True,False,42,/mnt/primary/simulation/trained_models_multiclass_meta,12,12,0.2,0.3,200,5,60,1.0,0.0001,0.3,True,True,0.3,0.7,0.3,0.5,0.5,0.1,3,100.0,0.5,"[[0.08, 0.6], [0.15, 0.35]]",meta_emotion,nlp,0.1259823649942869,GRU,6,coral,20,128,128,2,0.3,0.3,0.0005466347365856,0.0003650001848317,64,50,10,0.0041366748730481,5,0.8,5,0.1411251559858494,0.7276744145783006,1.793808725179512,21,0.2057532757859396,0.7138661773078487,21,0.0647282490194046,4
2017-05-24,60567.76214845224,30425.916890129738,100472.81752774167,100472.81752774167,746.654230258029,0.00748704457857019,0,KELLY_ONLY,40544.84386935114,30141.8452583225,False,False,,"[{'date': Timestamp('2017-05-17 00:00:00'), 'exit_date': Timestamp('2017-05-24 00:00:00'), 'ticker': 'PTR', 'sector': 'Basic Matierials', 'allocated_amount': 5990.608855682476, 'prob_up': 0.9699729084968567, 'expected_rise': 0.009754353202879429, 'actual_return': 0.010028019761923801, 'pnl': 60.0739439907396, 'exit_reason': 'scheduled'}, {'date': Timestamp('2017-05-17 00:00:00'), 'exit_date': Timestamp('2017-05-24 00:00:00'), 'ticker': 'UN', 'sector': 'Consumer Goods', 'allocated_amount': 5990.608855682476, 'prob_up': 0.9350168108940125, 'expected_rise': 0.00492249708622694, 'actual_return': 0.021782884463062757, 'pnl': 130.49274056673198, 'exit_reason': 'scheduled'}, {'date': Timestamp('2017-05-17 00:00:00'), 'exit_date': Timestamp('2017-05-24 00:00:00'), 'ticker': 'UTX', 'sector': 'Industrial Goods', 'allocated_amount': 5990.608855682476, 'prob_up': 0.8273563981056213, 'expected_rise': 0.0034496928565204144, 'actual_return': 0.020906505755034166, 'pnl': 125.24269851748433, 'exit_reason': 'scheduled'}, {'date': Timestamp('2017-05-17 00:00:00'), 'exit_date': Timestamp('2017-05-24 00:00:00'), 'ticker': 'BCH', 'sector': 'Financial', 'allocated_amount': 5239.500638507643, 'prob_up': 0.7097365856170654, 'expected_rise': 7.077259942889214e-05, 'actual_return': 0.03245625621251813, 'pnl': 170.0545751490564, 'exit_reason': 'scheduled'}, {'date': Timestamp('2017-05-17 00:00:00'), 'exit_date': Timestamp('2017-05-24 00:00:00'), 'ticker': 'AEP', 'sector': 'Utilities', 'allocated_amount': 2665.58178779195, 'prob_up': 0.6022366285324097, 'expected_rise': 0.003139438107609749, 'actual_return': 0.030080630078338055, 'pnl': 80.18237970212465, 'exit_reason': 'scheduled'}, {'date': Timestamp('2017-05-17 00:00:00'), 'exit_date': Timestamp('2017-05-24 00:00:00'), 'ticker': 'CHTR', 'sector': 'Services', 'allocated_amount': 2817.679296946643, 'prob_up': 0.5789514780044556, 'expected_rise': 0.0041365553624928, 'actual_return': 0.05087676779135619, 'pnl': 143.35441530126613, 'exit_reason': 'scheduled'}, {'date': Timestamp('2017-05-17 00:00:00'), 'exit_date': Timestamp('2017-05-24 00:00:00'), 'ticker': 'INTC', 'sector': 'Technology', 'allocated_amount': 1208.6706386554433, 'prob_up': 0.5550342798233032, 'expected_rise': 0.003979941830039024, 'actual_return': 0.03082185985097441, 'pnl': 37.25347703062581, 'exit_reason': 'scheduled'}]","[{'ticker': 'HRG', 'sector': 'Conglomerates', 'prob_up': 0.911098837852478, 'predicted_prob': 0.911098837852478, 'expected_rise': 0.00623190077021718, 'bucket_idx': 5, 'investment_fraction': 0.1, 'investment_amount': 6056.776214845224, 'allocated_amount': 6056.776214845224, 'exit_date': Timestamp('2017-06-01 00:00:00')}, {'ticker': 'PTR', 'sector': 'Basic Matierials', 'prob_up': 0.8748611807823181, 'predicted_prob': 0.8748611807823181, 'expected_rise': 0.006184312514960766, 'bucket_idx': 5, 'investment_fraction': 0.1, 'investment_amount': 6056.776214845224, 'allocated_amount': 6056.776214845224, 'exit_date': Timestamp('2017-06-01 00:00:00')}, {'ticker': 'PCLN', 'sector': 'Services', 'prob_up': 0.7702875137329102, 'predicted_prob': 0.7702875137329102, 'expected_rise': 0.003798998426645994, 'bucket_idx': 5, 'investment_fraction': 0.1, 'investment_amount': 6056.776214845224, 'allocated_amount': 6056.776214845224, 'exit_date': Timestamp('2017-06-01 00:00:00')}, {'ticker': 'MRK', 'sector': 'Healthcare', 'prob_up': 0.7435811161994934, 'predicted_prob': 0.7435811161994934, 'expected_rise': 0.002491690218448639, 'bucket_idx': 5, 'investment_fraction': 0.1, 'investment_amount': 6056.776214845224, 'allocated_amount': 6056.776214845224, 'exit_date': Timestamp('2017-06-01 00:00:00')}, {'ticker': 'C', 'sector': 'Financial', 'prob_up': 0.7288780808448792, 'predicted_prob': 0.7288780808448792, 'expected_rise': 0.0003490224771667272, 'bucket_idx': 5, 'investment_fraction': 0.0881489267263535, 'investment_amount': 5338.983227603123, 'allocated_amount': 5338.983227603123, 'exit_date': Timestamp('2017-06-01 00:00:00')}, {'ticker': 'AEP', 'sector': 'Utilities', 'prob_up': 0.6883869767189026, 'predicted_prob': 0.6883869767189026, 'expected_rise': 0.0038354950957000256, 'bucket_idx': 5, 'investment_fraction': 0.07802438070112659, 'investment_amount': 4725.762132086123, 'allocated_amount': 575.7571713384823, 'exit_date': Timestamp('2017-06-01 00:00:00')}]",5,100000.0,853,True,False,42,/mnt/primary/simulation/trained_models_multiclass_meta,12,12,0.2,0.3,200,5,60,1.0,0.0001,0.3,True,True,0.3,0.7,0.3,0.5,0.5,0.1,3,100.0,0.5,"[[0.08, 0.6], [0.15, 0.35]]",meta_emotion,nlp,0.1259823649942869,GRU,6,coral,20,128,128,2,0.3,0.3,0.0005466347365856,0.0003650001848317,64,50,10,0.0041366748730481,5,0.8,5,0.1411251559858494,0.7276744145783006,1.793808725179512,21,0.2057532757859396,0.7138661773078487,21,0.0647282490194046,4
2017-05-25,61041.97995612951,30637.634761602047,101347.81731509154,101347.81731509154,874.9997873498606,0.008708821041156334,0,KELLY_ONLY,37143.94600707576,30404.34519452746,False,False,,"[{'date': Timestamp('2017-05-18 00:00:00'), 'exit_date': Timestamp('2017-05-25 00:00:00'), 'ticker': 'PTR', 'sector': 'Basic Matierials', 'allocated_amount': 5967.48143101392, 'prob_up': 0.965944766998291, 'expected_rise': 0.009562836028635502, 'actual_return': 0.0029441631090827425, 'pnl': 17.569238683327477, 'exit_reason': 'scheduled'}, {'date': Timestamp('2017-05-18 00:00:00'), 'exit_date': Timestamp('2017-05-25 00:00:00'), 'ticker': 'UN', 'sector': 'Consumer Goods', 'allocated_amount': 5967.48143101392, 'prob_up': 0.937005877494812, 'expected_rise': 0.004944866988807917, 'actual_return': 0.04395804752543775, 'pnl': 262.31883235167714, 'exit_reason': 'scheduled'}, {'date': Timestamp('2017-05-18 00:00:00'), 'exit_date': Timestamp('2017-05-25 00:00:00'), 'ticker': 'V', 'sector': 'Financial', 'allocated_amount': 5967.48143101392, 'prob_up': 0.9062606692314148, 'expected_rise': 0.0076223029755055904, 'actual_return': 0.03631013015276574, 'pnl': 216.68002744432818, 'exit_reason': 'scheduled'}, {'date': Timestamp('2017-05-18 00:00:00'), 'exit_date': Timestamp('2017-05-25 00:00:00'), 'ticker': 'DHR', 'sector': 'Industrial Goods', 'allocated_amount': 4032.730432829416, 'prob_up': 0.6519770622253418, 'expected_rise': 0.0036686700768768787, 'actual_return': 0.03338228213967076, 'pnl': 134.62174510194814, 'exit_reason': 'scheduled'}, {'date': Timestamp('2017-05-18 00:00:00'), 'exit_date': Timestamp('2017-05-25 00:00:00'), 'ticker': 'PCLN', 'sector': 'Services', 'allocated_amount': 3923.9136016949014, 'prob_up': 0.6447415947914124, 'expected_rise': 0.0019239526009187102, 'actual_return': 0.03585687541975946, 'pnl': 140.69928117387371, 'exit_reason': 'scheduled'}, {'date': Timestamp('2017-05-18 00:00:00'), 'exit_date': Timestamp('2017-05-25 00:00:00'), 'ticker': 'SRE', 'sector': 'Utilities', 'allocated_amount': 2378.6450436559885, 'prob_up': 0.6060812473297119, 'expected_rise': 0.002364601707085967, 'actual_return': 0.03421813769920301, 'pnl': 81.39280364134737, 'exit_reason': 'scheduled'}, {'date': Timestamp('2017-05-18 00:00:00'), 'exit_date': Timestamp('2017-05-25 00:00:00'), 'ticker': 'GOOG', 'sector': 'Technology', 'allocated_amount': 1078.2576588916172, 'prob_up': 0.521050751209259, 'expected_rise': 0.0023845499381422997, 'actual_return': 0.0422471495769603, 'pnl': 45.553312597697186, 'exit_reason': 'scheduled'}, {'date': Timestamp('2017-05-18 00:00:00'), 'exit_date': Timestamp('2017-05-25 00:00:00'), 'ticker': 'REX', 'sector': 'Conglomerates', 'allocated_amount': 425.0722485362203, 'prob_up': 0.4985162019729614, 'expected_rise': 0.0040853992104530334, 'actual_return': -0.056073887971794134, 'pnl': -23.83545364433865, 'exit_reason': 'scheduled'}]","[{'ticker': 'UN', 'sector': 'Consumer Goods', 'prob_up': 0.9521321654319763, 'predicted_prob': 0.9521321654319763, 'expected_rise': 0.005118492990732193, 'bucket_idx': 5, 'investment_fraction': 0.1, 'investment_amount': 6104.197995612951, 'allocated_amount': 6104.197995612951, 'exit_date': Timestamp('2017-06-02 00:00:00')}, {'ticker': 'HRG', 'sector': 'Conglomerates', 'prob_up': 0.9070007801055908, 'predicted_prob': 0.9070007801055908, 'expected_rise': 0.006187903694808483, 'bucket_idx': 5, 'investment_fraction': 0.1, 'investment_amount': 6104.197995612951, 'allocated_amount': 6104.197995612951, 'exit_date': Timestamp('2017-06-02 00:00:00')}, {'ticker': 'V', 'sector': 'Financial', 'prob_up': 0.7734021544456482, 'predicted_prob': 0.7734021544456482, 'expected_rise': 0.005717686377465725, 'bucket_idx': 5, 'investment_fraction': 0.1, 'investment_amount': 6104.197995612951, 'allocated_amount': 6104.197995612951, 'exit_date': Timestamp('2017-06-02 00:00:00')}, {'ticker': 'VZ', 'sector': 'Technology', 'prob_up': 0.76253741979599, 'predicted_prob': 0.76253741979599, 'expected_rise': 0.0026069057639688253, 'bucket_idx': 5, 'investment_fraction': 0.1, 'investment_amount': 6104.197995612951, 'allocated_amount': 6104.197995612951, 'exit_date': Timestamp('2017-06-02 00:00:00')}, {'ticker': 'CELG', 'sector': 'Healthcare', 'prob_up': 0.6733766198158264, 'predicted_prob': 0.6733766198158264, 'expected_rise': 0.005655002314597368, 'bucket_idx': 5, 'investment_fraction': 0.07958688348615468, 'investment_amount': 4858.140946532669, 'allocated_amount': 4858.140946532669, 'exit_date': Timestamp('2017-06-02 00:00:00')}, {'ticker': 'AEP', 'sector': 'Utilities', 'prob_up': 0.6417420506477356, 'predicted_prob': 0.6417420506477356, 'expected_rise': 0.003459351137280464, 'bucket_idx': 5, 'investment_fraction': 0.05985353967116461, 'investment_amount': 3653.5785689106324, 'allocated_amount': 1129.4122655429892, 'exit_date': Timestamp('2017-06-02 00:00:00')}]",5,100000.0,853,True,False,42,/mnt/primary/simulation/trained_models_multiclass_meta,12,12,0.2,0.3,200,5,60,1.0,0.0001,0.3,True,True,0.3,0.7,0.3,0.5,0.5,0.1,3,100.0,0.5,"[[0.08, 0.6], [0.15, 0.35]]",meta_emotion,nlp,0.1259823649942869,GRU,6,coral,20,128,128,2,0.3,0.3,0.0005466347365856,0.0003650001848317,64,50,10,0.0041366748730481,5,0.8,5,0.1411251559858494,0.7276744145783006,1.793808725179512,21,0.2057532757859396,0.7138661773078487,21,0.0647282490194046,4
2017-05-26,41021.53589550411,30470.31790450622,101567.72634835407,101567.72634835407,219.90903326252612,0.002169844788850517,0,KELLY_ONLY,28317.824444975613,10551.217990997884,False,False,,"[{'date': Timestamp('2017-05-19 00:00:00'), 'exit_date': Timestamp('2017-05-26 00:00:00'), 'ticker': 'PTR', 'sector': 'Basic Matierials', 'allocated_amount': 4008.1841089884642, 'prob_up': 0.95346999168396, 'expected_rise': 0.008999635465443134, 'actual_return': -0.008049216799378867, 'pnl': -32.26274286507336, 'exit_reason': 'scheduled'}, {'date': Timestamp('2017-05-19 00:00:00'), 'exit_date': Timestamp('2017-05-26 00:00:00'), 'ticker': 'HRG', 'sector': 'Conglomerates', 'allocated_amount': 4008.1841089884642, 'prob_up': 0.9241862893104553, 'expected_rise': 0.006374706979840994, 'actual_return': 0.050225849335544526, 'pnl': 201.3144511671784, 'exit_reason': 'scheduled'}, {'date': Timestamp('2017-05-19 00:00:00'), 'exit_date': Timestamp('2017-05-26 00:00:00'), 'ticker': 'V', 'sector': 'Financial', 'allocated_amount': 2147.623882662607, 'prob_up': 0.8696103692054749, 'expected_rise': 0.00703692901879549, 'actual_return': 0.023680741013816897, 'pnl': 50.85732496042108, 'exit_reason': 'scheduled'}]","[{'ticker': 'UN', 'sector': 'Consumer Goods', 'prob_up': 0.9550703167915344, 'predicted_prob': 0.9550703167915344, 'expected_rise': 0.005152972415089607, 'bucket_idx': 5, 'investment_fraction': 0.1, 'investment_amount': 4102.153589550411, 'allocated_amount': 4102.153589550411, 'exit_date': Timestamp('2017-06-05 00:00:00')}, {'ticker': 'HRG', 'sector': 'Conglomerates', 'prob_up': 0.9035471081733704, 'predicted_prob': 0.9035471081733704, 'expected_rise': 0.006151079665869474, 'bucket_idx': 5, 'investment_fraction': 0.1, 'investment_amount': 4102.153589550411, 'allocated_amount': 4102.153589550411, 'exit_date': Timestamp('2017-06-05 00:00:00')}, {'ticker': 'PTR', 'sector': 'Basic Matierials', 'prob_up': 0.8879215717315674, 'predicted_prob': 0.8879215717315674, 'expected_rise': 0.006586764939129353, 'bucket_idx': 5, 'investment_fraction': 0.1, 'investment_amount': 4102.153589550411, 'allocated_amount': 2346.9108118970616, 'exit_date': Timestamp('2017-06-05 00:00:00')}]",5,100000.0,853,True,False,42,/mnt/primary/simulation/trained_models_multiclass_meta,12,12,0.2,0.3,200,5,60,1.0,0.0001,0.3,True,True,0.3,0.7,0.3,0.5,0.5,0.1,3,100.0,0.5,"[[0.08, 0.6], [0.15, 0.35]]",meta_emotion,nlp,0.1259823649942869,GRU,6,coral,20,128,128,2,0.3,0.3,0.0005466347365856,0.0003650001848317,64,50,10,0.0041366748730481,5,0.8,5,0.1411251559858494,0.7276744145783006,1.793808725179512,21,0.2057532757859396,0.7138661773078487,21,0.0647282490194046,4
2017-05-30,30470.317904506228,30470.31790450622,101567.72634835407,101567.72634835407,0.0,0.0,0,KELLY_ONLY,23448.654752808197,0.0,False,False,,[],[],5,100000.0,853,True,False,42,/mnt/primary/simulation/trained_models_multiclass_meta,12,12,0.2,0.3,200,5,60,1.0,0.0001,0.3,True,True,0.3,0.7,0.3,0.5,0.5,0.1,3,100.0,0.5,"[[0.08, 0.6], [0.15, 0.35]]",meta_emotion,nlp,0.1259823649942869,GRU,6,coral,20,128,128,2,0.3,0.3,0.0005466347365856,0.0003650001848317,64,50,10,0.0041366748730481,5,0.8,5,0.1411251559858494,0.7276744145783006,1.793808725179512,21,0.2057532757859396,0.7138661773078487,21,0.0647282490194046,4
2017-05-31,30470.317904506228,30470.31790450622,101567.72634835407,101567.72634835407,0.0,0.0,0,KELLY_ONLY,22076.346896365365,0.0,False,False,,[],[],5,100000.0,853,True,False,42,/mnt/primary/simulation/trained_models_multiclass_meta,12,12,0.2,0.3,200,5,60,1.0,0.0001,0.3,True,True,0.3,0.7,0.3,0.5,0.5,0.1,3,100.0,0.5,"[[0.08, 0.6], [0.15, 0.35]]",meta_emotion,nlp,0.1259823649942869,GRU,6,coral,20,128,128,2,0.3,0.3,0.0005466347365856,0.0003650001848317,64,50,10,0.0041366748730481,5,0.8,5,0.1411251559858494,0.7276744145783006,1.793808725179512,21,0.2057532757859396,0.7138661773078487,21,0.0647282490194046,4
2017-06-01,60845.112765320824,30540.202785253867,101800.67595084617,101800.67595084617,232.94960249210874,0.002293539600297212,0,KELLY_ONLY,49925.77826253828,30304.909980066976,False,False,,"[{'date': Timestamp('2017-05-24 00:00:00'), 'exit_date': Timestamp('2017-06-01 00:00:00'), 'ticker': 'HRG', 'sector': 'Conglomerates', 'allocated_amount': 6056.776214845224, 'prob_up': 0.911098837852478, 'expected_rise': 0.00623190077021718, 'actual_return': 0.05175207826156769, 'pnl': 313.45075668347175, 'exit_reason': 'scheduled'}, {'date': Timestamp('2017-05-24 00:00:00'), 'exit_date': Timestamp('2017-06-01 00:00:00'), 'ticker': 'PTR', 'sector': 'Basic Matierials', 'allocated_amount': 6056.776214845224, 'prob_up': 0.8748611807823181, 'expected_rise': 0.006184312514960766, 'actual_return': -0.027011228705248302, 'pnl': -163.60096755569248, 'exit_reason': 'scheduled'}, {'date': Timestamp('2017-05-24 00:00:00'), 'exit_date': Timestamp('2017-06-01 00:00:00'), 'ticker': 'PCLN', 'sector': 'Services', 'allocated_amount': 6056.776214845224, 'prob_up': 0.7702875137329102, 'expected_rise': 0.003798998426645994, 'actual_return': 0.0227614246609118, 'pnl': 137.8608555022021, 'exit_reason': 'scheduled'}, {'date': Timestamp('2017-05-24 00:00:00'), 'exit_date': Timestamp('2017-06-01 00:00:00'), 'ticker': 'MRK', 'sector': 'Healthcare', 'allocated_amount': 6056.776214845224, 'prob_up': 0.7435811161994934, 'expected_rise': 0.002491690218448639, 'actual_return': 0.005082427229323727, 'pnl': 30.78312435624966, 'exit_reason': 'scheduled'}, {'date': Timestamp('2017-05-24 00:00:00'), 'exit_date': Timestamp('2017-06-01 00:00:00'), 'ticker': 'C', 'sector': 'Financial', 'allocated_amount': 5338.983227603123, 'prob_up': 0.7288780808448792, 'expected_rise': 0.0003490224771667272, 'actual_return': -0.019110293881483886, 'pnl': -102.02953850780905, 'exit_reason': 'scheduled'}, {'date': Timestamp('2017-05-24 00:00:00'), 'exit_date': Timestamp('2017-06-01 00:00:00'), 'ticker': 'AEP', 'sector': 'Utilities', 'allocated_amount': 575.7571713384823, 'prob_up': 0.6883869767189026, 'expected_rise': 0.0038354950957000256, 'actual_return': 0.028632508346118524, 'pnl': 16.485372013686685, 'exit_reason': 'scheduled'}]","[{'ticker': 'UN', 'sector': 'Consumer Goods', 'prob_up': 0.9602805972099304, 'predicted_prob': 0.9602805972099304, 'expected_rise': 0.005214753560721874, 'bucket_idx': 5, 'investment_fraction': 0.1, 'investment_amount': 6084.511276532084, 'allocated_amount': 6084.511276532084, 'exit_date': Timestamp('2017-06-08 00:00:00')}, {'ticker': 'HRG', 'sector': 'Conglomerates', 'prob_up': 0.8687846064567566, 'predicted_prob': 0.8687846064567566, 'expected_rise': 0.005792772863060236, 'bucket_idx': 5, 'investment_fraction': 0.1, 'investment_amount': 6084.511276532084, 'allocated_amount': 6084.511276532084, 'exit_date': Timestamp('2017-06-08 00:00:00')}, {'ticker': 'EXC', 'sector': 'Utilities', 'prob_up': 0.8540706038475037, 'predicted_prob': 0.8540706038475037, 'expected_rise': 0.007087319158017635, 'bucket_idx': 5, 'investment_fraction': 0.1, 'investment_amount': 6084.511276532084, 'allocated_amount': 6084.511276532084, 'exit_date': Timestamp('2017-06-08 00:00:00')}, {'ticker': 'PCLN', 'sector': 'Services', 'prob_up': 0.8109795451164246, 'predicted_prob': 0.8109795451164246, 'expected_rise': 0.004524311050772667, 'bucket_idx': 5, 'investment_fraction': 0.1, 'investment_amount': 6084.511276532084, 'allocated_amount': 6084.511276532084, 'exit_date': Timestamp('2017-06-08 00:00:00')}, {'ticker': 'UTX', 'sector': 'Industrial Goods', 'prob_up': 0.763337254524231, 'predicted_prob': 0.763337254524231, 'expected_rise': 0.002529190620407462, 'bucket_idx': 5, 'investment_fraction': 0.1, 'investment_amount': 6084.511276532084, 'allocated_amount': 5966.864873938641, 'exit_date': Timestamp('2017-06-08 00:00:00')}]",5,100000.0,853,True,False,42,/mnt/primary/simulation/trained_models_multiclass_meta,12,12,0.2,0.3,200,5,60,1.0,0.0001,0.3,True,True,0.3,0.7,0.3,0.5,0.5,0.1,3,100.0,0.5,"[[0.08, 0.6], [0.15, 0.35]]",meta_emotion,nlp,0.1259823649942869,GRU,6,coral,20,128,128,2,0.3,0.3,0.0005466347365856,0.0003650001848317,64,50,10,0.0041366748730481,5,0.8,5,0.1411251559858494,0.7276744145783006,1.793808725179512,21,0.2057532757859396,0.7138661773078487,21,0.0647282490194046,4
2017-06-02,61750.16837428952,30968.279470683225,102606.29634535438,102606.29634535439,805.6203945082053,0.007913703784218518,0,KELLY_ONLY,49822.02177660688,30781.888903606316,False,False,,"[{'date': Timestamp('2017-05-25 00:00:00'), 'exit_date': Timestamp('2017-06-02 00:00:00'), 'ticker': 'UN', 'sector': 'Consumer Goods', 'allocated_amount': 6104.197995612951, 'prob_up': 0.9521321654319763, 'expected_rise': 0.005118492990732193, 'actual_return': 0.016561011859091312, 'pnl': 101.0916953955875, 'exit_reason': 'scheduled'}, {'date': Timestamp('2017-05-25 00:00:00'), 'exit_date': Timestamp('2017-06-02 00:00:00'), 'ticker': 'HRG', 'sector': 'Conglomerates', 'allocated_amount': 6104.197995612951, 'prob_up': 0.9070007801055908, 'expected_rise': 0.006187903694808483, 'actual_return': 0.06034488471685795, 'pnl': 368.35712433413886, 'exit_reason': 'scheduled'}, {'date': Timestamp('2017-05-25 00:00:00'), 'exit_date': Timestamp('2017-06-02 00:00:00'), 'ticker': 'V', 'sector': 'Financial', 'allocated_amount': 6104.197995612951, 'prob_up': 0.7734021544456482, 'expected_rise': 0.005717686377465725, 'actual_return': 0.011679303328290036, 'pnl': 71.2927799667037, 'exit_reason': 'scheduled'}, {'date': Timestamp('2017-05-25 00:00:00'), 'exit_date': Timestamp('2017-06-02 00:00:00'), 'ticker': 'VZ', 'sector': 'Technology', 'allocated_amount': 6104.197995612951, 'prob_up': 0.76253741979599, 'expected_rise': 0.0026069057639688253, 'actual_return': 0.024939262305467613, 'pnl': 152.23419497710103, 'exit_reason': 'scheduled'}, {'date': Timestamp('2017-05-25 00:00:00'), 'exit_date': Timestamp('2017-06-02 00:00:00'), 'ticker': 'CELG', 'sector': 'Healthcare', 'allocated_amount': 4858.140946532669, 'prob_up': 0.6733766198158264, 'expected_rise': 0.005655002314597368, 'actual_return': 0.017046471081830994, 'pnl': 82.81415915652819, 'exit_reason': 'scheduled'}, {'date': Timestamp('2017-05-25 00:00:00'), 'exit_date': Timestamp('2017-06-02 00:00:00'), 'ticker': 'AEP', 'sector': 'Utilities', 'allocated_amount': 1129.4122655429892, 'prob_up': 0.6417420506477356, 'expected_rise': 0.003459351137280464, 'actual_return': 0.026412357637894512, 'pnl': 29.830440678146115, 'exit_reason': 'scheduled'}]","[{'ticker': 'EXC', 'sector': 'Utilities', 'prob_up': 0.8899233341217041, 'predicted_prob': 0.8899233341217041, 'expected_rise': 0.007705442141741514, 'bucket_idx': 5, 'investment_fraction': 0.1, 'investment_amount': 6175.016837428953, 'allocated_amount': 6175.016837428953, 'exit_date': Timestamp('2017-06-09 00:00:00')}, {'ticker': 'HRG', 'sector': 'Conglomerates', 'prob_up': 0.8500936627388, 'predicted_prob': 0.8500936627388, 'expected_rise': 0.005608632694929838, 'bucket_idx': 5, 'investment_fraction': 0.1, 'investment_amount': 6175.016837428953, 'allocated_amount': 6175.016837428953, 'exit_date': Timestamp('2017-06-09 00:00:00')}, {'ticker': 'VZ', 'sector': 'Technology', 'prob_up': 0.8018171787261963, 'predicted_prob': 0.8018171787261963, 'expected_rise': 0.003093632636591792, 'bucket_idx': 5, 'investment_fraction': 0.1, 'investment_amount': 6175.016837428953, 'allocated_amount': 6175.016837428953, 'exit_date': Timestamp('2017-06-09 00:00:00')}, {'ticker': 'PM', 'sector': 'Consumer Goods', 'prob_up': 0.7731311917304993, 'predicted_prob': 0.7731311917304993, 'expected_rise': 0.0028497492894530296, 'bucket_idx': 5, 'investment_fraction': 0.1, 'investment_amount': 6175.016837428953, 'allocated_amount': 6175.016837428953, 'exit_date': Timestamp('2017-06-09 00:00:00')}, {'ticker': 'BBL', 'sector': 'Basic Matierials', 'prob_up': 0.7727682590484619, 'predicted_prob': 0.7727682590484619, 'expected_rise': 0.0012451699003577232, 'bucket_idx': 5, 'investment_fraction': 0.1, 'investment_amount': 6175.016837428953, 'allocated_amount': 6081.821553890502, 'exit_date': Timestamp('2017-06-09 00:00:00')}]",5,100000.0,853,True,False,42,/mnt/primary/simulation/trained_models_multiclass_meta,12,12,0.2,0.3,200,5,60,1.0,0.0001,0.3,True,True,0.3,0.7,0.3,0.5,0.5,0.1,3,100.0,0.5,"[[0.08, 0.6], [0.15, 0.35]]",meta_emotion,nlp,0.1259823649942869,GRU,6,coral,20,128,128,2,0.3,0.3,0.0005466347365856,0.0003650001848317,64,50,10,0.0041366748730481,5,0.8,5,0.1411251559858494,0.7276744145783006,1.793808725179512,21,0.2057532757859396,0.7138661773078487,21,0.0647282490194046,4
2017-06-05,41784.68859128887,30861.446242488644,102871.48747496215,102871.48747496215,265.1911296077601,0.002584550257180851,0,KELLY_ONLY,30131.78973269245,10923.242348800224,False,False,,"[{'date': Timestamp('2017-05-26 00:00:00'), 'exit_date': Timestamp('2017-06-05 00:00:00'), 'ticker': 'UN', 'sector': 'Consumer Goods', 'allocated_amount': 4102.153589550411, 'prob_up': 0.9550703167915344, 'expected_rise': 0.005152972415089607, 'actual_return': 0.020371957123614504, 'pnl': 83.56889704080231, 'exit_reason': 'scheduled'}, {'date': Timestamp('2017-05-26 00:00:00'), 'exit_date': Timestamp('2017-06-05 00:00:00'), 'ticker': 'HRG', 'sector': 'Conglomerates', 'allocated_amount': 4102.153589550411, 'prob_up': 0.9035471081733704, 'expected_rise': 0.006151079665869474, 'actual_return': 0.058033312303422235, 'pnl': 238.06156037898356, 'exit_reason': 'scheduled'}, {'date': Timestamp('2017-05-26 00:00:00'), 'exit_date': Timestamp('2017-06-05 00:00:00'), 'ticker': 'PTR', 'sector': 'Basic Matierials', 'allocated_amount': 2346.9108118970616, 'prob_up': 0.8879215717315674, 'expected_rise': 0.006586764939129353, 'actual_return': -0.024048347949960913, 'pnl': -56.4393278120258, 'exit_reason': 'scheduled'}]","[{'ticker': 'UN', 'sector': 'Consumer Goods', 'prob_up': 0.9625890254974365, 'predicted_prob': 0.9625890254974365, 'expected_rise': 0.005242391489446163, 'bucket_idx': 5, 'investment_fraction': 0.1, 'investment_amount': 4178.468859128887, 'allocated_amount': 4178.468859128887, 'exit_date': Timestamp('2017-06-12 00:00:00')}, {'ticker': 'PTR', 'sector': 'Basic Matierials', 'prob_up': 0.9404712915420532, 'predicted_prob': 0.9404712915420532, 'expected_rise': 0.008455418981611729, 'bucket_idx': 5, 'investment_fraction': 0.1, 'investment_amount': 4178.468859128887, 'allocated_amount': 4178.468859128887, 'exit_date': Timestamp('2017-06-12 00:00:00')}, {'ticker': 'EXC', 'sector': 'Utilities', 'prob_up': 0.907369077205658, 'predicted_prob': 0.907369077205658, 'expected_rise': 0.008036390878260136, 'bucket_idx': 5, 'investment_fraction': 0.1, 'investment_amount': 4178.468859128887, 'allocated_amount': 2566.3046305424505, 'exit_date': Timestamp('2017-06-12 00:00:00')}]",5,100000.0,853,True,False,42,/mnt/primary/simulation/trained_models_multiclass_meta,12,12,0.2,0.3,200,5,60,1.0,0.0001,0.3,True,True,0.3,0.7,0.3,0.5,0.5,0.1,3,100.0,0.5,"[[0.08, 0.6], [0.15, 0.35]]",meta_emotion,nlp,0.1259823649942869,GRU,6,coral,20,128,128,2,0.3,0.3,0.0005466347365856,0.0003650001848317,64,50,10,0.0041366748730481,5,0.8,5,0.1411251559858494,0.7276744145783006,1.793808725179512,21,0.2057532757859396,0.7138661773078487,21,0.0647282490194046,4
2017-06-06,30861.446242488644,30861.446242488644,102871.48747496215,102871.48747496215,0.0,0.0,0,KELLY_ONLY,24149.001032925156,0.0,False,False,,[],[],5,100000.0,853,True,False,42,/mnt/primary/simulation/trained_models_multiclass_meta,12,12,0.2,0.3,200,5,60,1.0,0.0001,0.3,True,True,0.3,0.7,0.3,0.5,0.5,0.1,3,100.0,0.5,"[[0.08, 0.6], [0.15, 0.35]]",meta_emotion,nlp,0.1259823649942869,GRU,6,coral,20,128,128,2,0.3,0.3,0.0005466347365856,0.0003650001848317,64,50,10,0.0041366748730481,5,0.8,5,0.1411251559858494,0.7276744145783006,1.793808725179512,21,0.2057532757859396,0.7138661773078487,21,0.0647282490194046,4
2017-06-07,30861.446242488644,30861.446242488644,102871.48747496215,102871.48747496215,0.0,0.0,0,KELLY_ONLY,24623.26216013054,0.0,False,False,,[],[],5,100000.0,853,True,False,42,/mnt/primary/simulation/trained_models_multiclass_meta,12,12,0.2,0.3,200,5,60,1.0,0.0001,0.3,True,True,0.3,0.7,0.3,0.5,0.5,0.1,3,100.0,0.5,"[[0.08, 0.6], [0.15, 0.35]]",meta_emotion,nlp,0.1259823649942869,GRU,6,coral,20,128,128,2,0.3,0.3,0.0005466347365856,0.0003650001848317,64,50,10,0.0041366748730481,5,0.8,5,0.1411251559858494,0.7276744145783006,1.793808725179512,21,0.2057532757859396,0.7138661773078487,21,0.0647282490194046,4
2017-06-08,60913.46463150263,30785.57876517276,102618.59588390918,102618.59588390918,-252.89159105298648,-0.002458325404447237,0,KELLY_ONLY,46941.07333130176,30127.88586632987,False,False,,"[{'date': Timestamp('2017-06-01 00:00:00'), 'exit_date': Timestamp('2017-06-08 00:00:00'), 'ticker': 'UN', 'sector': 'Consumer Goods', 'allocated_amount': 6084.511276532084, 'prob_up': 0.9602805972099304, 'expected_rise': 0.005214753560721874, 'actual_return': -0.008768853034023194, 'pnl': -53.3541851677667, 'exit_reason': 'scheduled'}, {'date': Timestamp('2017-06-01 00:00:00'), 'exit_date': Timestamp('2017-06-08 00:00:00'), 'ticker': 'HRG', 'sector': 'Conglomerates', 'allocated_amount': 6084.511276532084, 'prob_up': 0.8687846064567566, 'expected_rise': 0.005792772863060236, 'actual_return': -0.009738595592004184, 'pnl': -59.254594697135104, 'exit_reason': 'scheduled'}, {'date': Timestamp('2017-06-01 00:00:00'), 'exit_date': Timestamp('2017-06-08 00:00:00'), 'ticker': 'EXC', 'sector': 'Utilities', 'allocated_amount': 6084.511276532084, 'prob_up': 0.8540706038475037, 'expected_rise': 0.007087319158017635, 'actual_return': -0.008984426898992592, 'pnl': -54.66584678009861, 'exit_reason': 'scheduled'}, {'date': Timestamp('2017-06-01 00:00:00'), 'exit_date': Timestamp('2017-06-08 00:00:00'), 'ticker': 'PCLN', 'sector': 'Services', 'allocated_amount': 6084.511276532084, 'prob_up': 0.8109795451164246, 'expected_rise': 0.004524311050772667, 'actual_return': 0.0008250700989802517, 'pnl': 5.020148321174784, 'exit_reason': 'scheduled'}, {'date': Timestamp('2017-06-01 00:00:00'), 'exit_date': Timestamp('2017-06-08 00:00:00'), 'ticker': 'UTX', 'sector': 'Industrial Goods', 'allocated_amount': 5966.864873938641, 'prob_up': 0.763337254524231, 'expected_rise': 0.002529190620407462, 'actual_return': -0.015190072951883793, 'pnl': -90.63711272916085, 'exit_reason': 'scheduled'}]","[{'ticker': 'PTR', 'sector': 'Basic Matierials', 'prob_up': 0.9642605781555176, 'predicted_prob': 0.9642605781555176, 'expected_rise': 0.00948422122746706, 'bucket_idx': 5, 'investment_fraction': 0.1, 'investment_amount': 6091.346463150264, 'allocated_amount': 6091.346463150264, 'exit_date': Timestamp('2017-06-15 00:00:00')}, {'ticker': 'EXC', 'sector': 'Utilities', 'prob_up': 0.9008773565292358, 'predicted_prob': 0.9008773565292358, 'expected_rise': 0.007910647429525852, 'bucket_idx': 5, 'investment_fraction': 0.1, 'investment_amount': 6091.346463150264, 'allocated_amount': 6091.346463150264, 'exit_date': Timestamp('2017-06-15 00:00:00')}, {'ticker': 'GE', 'sector': 'Industrial Goods', 'prob_up': 0.8907681107521057, 'predicted_prob': 0.8907681107521057, 'expected_rise': 0.003232012502849102, 'bucket_idx': 5, 'investment_fraction': 0.1, 'investment_amount': 6091.346463150264, 'allocated_amount': 6091.346463150264, 'exit_date': Timestamp('2017-06-15 00:00:00')}, {'ticker': 'VZ', 'sector': 'Technology', 'prob_up': 0.8563098907470703, 'predicted_prob': 0.8563098907470703, 'expected_rise': 0.003871222259476781, 'bucket_idx': 5, 'investment_fraction': 0.1, 'investment_amount': 6091.346463150264, 'allocated_amount': 6091.346463150264, 'exit_date': Timestamp('2017-06-15 00:00:00')}, {'ticker': 'PM', 'sector': 'Consumer Goods', 'prob_up': 0.8345416188240051, 'predicted_prob': 0.8345416188240051, 'expected_rise': 0.0031903141643851995, 'bucket_idx': 5, 'investment_fraction': 0.1, 'investment_amount': 6091.346463150264, 'allocated_amount': 5762.500013728815, 'exit_date': Timestamp('2017-06-15 00:00:00')}]",5,100000.0,853,True,False,42,/mnt/primary/simulation/trained_models_multiclass_meta,12,12,0.2,0.3,200,5,60,1.0,0.0001,0.3,True,True,0.3,0.7,0.3,0.5,0.5,0.1,3,100.0,0.5,"[[0.08, 0.6], [0.15, 0.35]]",meta_emotion,nlp,0.1259823649942869,GRU,6,coral,20,128,128,2,0.3,0.3,0.0005466347365856,0.0003650001848317,64,50,10,0.0041366748730481,5,0.8,5,0.1411251559858494,0.7276744145783006,1.793808725179512,21,0.2057532757859396,0.7138661773078487,21,0.0647282490194046,4
2017-06-09,61301.13553273247,30705.67912435878,102352.26374786257,102352.26374786257,-266.332136046603,-0.002595359386401097,0,KELLY_ONLY,46992.389925431344,30595.456408373706,False,False,,"[{'date': Timestamp('2017-06-02 00:00:00'), 'exit_date': Timestamp('2017-06-09 00:00:00'), 'ticker': 'EXC', 'sector': 'Utilities', 'allocated_amount': 6175.016837428953, 'prob_up': 0.8899233341217041, 'expected_rise': 0.007705442141741514, 'actual_return': 0.000546475439698213, 'pnl': 3.374495041377856, 'exit_reason': 'scheduled'}, {'date': Timestamp('2017-06-02 00:00:00'), 'exit_date': Timestamp('2017-06-09 00:00:00'), 'ticker': 'HRG', 'sector': 'Conglomerates', 'allocated_amount': 6175.016837428953, 'prob_up': 0.8500936627388, 'expected_rise': 0.005608632694929838, 'actual_return': -0.037601575203252136, 'pnl': -232.19035999393296, 'exit_reason': 'scheduled'}, {'date': Timestamp('2017-06-02 00:00:00'), 'exit_date': Timestamp('2017-06-09 00:00:00'), 'ticker': 'VZ', 'sector': 'Technology', 'allocated_amount': 6175.016837428953, 'prob_up': 0.8018171787261963, 'expected_rise': 0.003093632636591792, 'actual_return': 0.006029328295205305, 'pnl': 37.231203741279565, 'exit_reason': 'scheduled'}, {'date': Timestamp('2017-06-02 00:00:00'), 'exit_date': Timestamp('2017-06-09 00:00:00'), 'ticker': 'PM', 'sector': 'Consumer Goods', 'allocated_amount': 6175.016837428953, 'prob_up': 0.7731311917304993, 'expected_rise': 0.0028497492894530296, 'actual_return': -0.01371211089816815, 'pnl': -84.67251567288137, 'exit_reason': 'scheduled'}, {'date': Timestamp('2017-06-02 00:00:00'), 'exit_date': Timestamp('2017-06-09 00:00:00'), 'ticker': 'BBL', 'sector': 'Basic Matierials', 'allocated_amount': 6081.821553890502, 'prob_up': 0.7727682590484619, 'expected_rise': 0.0012451699003577232, 'actual_return': 0.0016319191133131739, 'pnl': 9.925040837553938, 'exit_reason': 'scheduled'}]","[{'ticker': 'PTR', 'sector': 'Basic Matierials', 'prob_up': 0.9708347320556641, 'predicted_prob': 0.9708347320556641, 'expected_rise': 0.00979598704725504, 'bucket_idx': 5, 'investment_fraction': 0.1, 'investment_amount': 6130.113553273248, 'allocated_amount': 6130.113553273248, 'exit_date': Timestamp('2017-06-16 00:00:00')}, {'ticker': 'UN', 'sector': 'Consumer Goods', 'prob_up': 0.9683858752250671, 'predicted_prob': 0.9683858752250671, 'expected_rise': 0.00531254755333066, 'bucket_idx': 5, 'investment_fraction': 0.1, 'investment_amount': 6130.113553273248, 'allocated_amount': 6130.113553273248, 'exit_date': Timestamp('2017-06-16 00:00:00')}, {'ticker': 'V', 'sector': 'Financial', 'prob_up': 0.9161083102226257, 'predicted_prob': 0.9161083102226257, 'expected_rise': 0.007789683062583208, 'bucket_idx': 5, 'investment_fraction': 0.1, 'investment_amount': 6130.113553273248, 'allocated_amount': 6130.113553273248, 'exit_date': Timestamp('2017-06-16 00:00:00')}, {'ticker': 'EXC', 'sector': 'Utilities', 'prob_up': 0.8862001299858093, 'predicted_prob': 0.8862001299858093, 'expected_rise': 0.007637581788003445, 'bucket_idx': 5, 'investment_fraction': 0.1, 'investment_amount': 6130.113553273248, 'allocated_amount': 6130.113553273248, 'exit_date': Timestamp('2017-06-16 00:00:00')}, {'ticker': 'VZ', 'sector': 'Technology', 'prob_up': 0.8668041229248047, 'predicted_prob': 0.8668041229248047, 'expected_rise': 0.004037751816213131, 'bucket_idx': 5, 'investment_fraction': 0.1, 'investment_amount': 6130.113553273248, 'allocated_amount': 6075.002195280715, 'exit_date': Timestamp('2017-06-16 00:00:00')}]",5,100000.0,853,True,False,42,/mnt/primary/simulation/trained_models_multiclass_meta,12,12,0.2,0.3,200,5,60,1.0,0.0001,0.3,True,True,0.3,0.7,0.3,0.5,0.5,0.1,3,100.0,0.5,"[[0.08, 0.6], [0.15, 0.35]]",meta_emotion,nlp,0.1259823649942869,GRU,6,coral,20,128,128,2,0.3,0.3,0.0005466347365856,0.0003650001848317,64,50,10,0.0041366748730481,5,0.8,5,0.1411251559858494,0.7276744145783006,1.793808725179512,21,0.2057532757859396,0.7138661773078487,21,0.0647282490194046,4
2017-06-12,41345.23682649153,30620.57373035854,102068.5791011951,102068.5791011951,-283.6846466674676,-0.002771649949690591,0,KELLY_ONLY,33272.76341930867,10724.663096132996,False,False,,"[{'date': Timestamp('2017-06-05 00:00:00'), 'exit_date': Timestamp('2017-06-12 00:00:00'), 'ticker': 'UN', 'sector': 'Consumer Goods', 'allocated_amount': 4178.468859128887, 'prob_up': 0.9625890254974365, 'expected_rise': 0.005242391489446163, 'actual_return': -0.036805522111302946, 'pnl': -153.79072798605904, 'exit_reason': 'scheduled'}, {'date': Timestamp('2017-06-05 00:00:00'), 'exit_date': Timestamp('2017-06-12 00:00:00'), 'ticker': 'PTR', 'sector': 'Basic Matierials', 'allocated_amount': 4178.468859128887, 'prob_up': 0.9404712915420532, 'expected_rise': 0.008455418981611729, 'actual_return': -0.028571427707591024, 'pnl': -119.38482093702133, 'exit_reason': 'scheduled'}, {'date': Timestamp('2017-06-05 00:00:00'), 'exit_date': Timestamp('2017-06-12 00:00:00'), 'ticker': 'EXC', 'sector': 'Utilities', 'allocated_amount': 2566.3046305424505, 'prob_up': 0.907369077205658, 'expected_rise': 0.008036390878260136, 'actual_return': -0.004095031283236961, 'pnl': -10.509097744387205, 'exit_reason': 'scheduled'}]","[{'ticker': 'UN', 'sector': 'Consumer Goods', 'prob_up': 0.9691397547721863, 'predicted_prob': 0.9691397547721863, 'expected_rise': 0.005321750417351723, 'bucket_idx': 5, 'investment_fraction': 0.1, 'investment_amount': 4134.523682649154, 'allocated_amount': 4134.523682649154, 'exit_date': Timestamp('2017-06-19 00:00:00')}, {'ticker': 'VZ', 'sector': 'Technology', 'prob_up': 0.8735153079032898, 'predicted_prob': 0.8735153079032898, 'expected_rise': 0.0041475435718894005, 'bucket_idx': 5, 'investment_fraction': 0.1, 'investment_amount': 4134.523682649154, 'allocated_amount': 4134.523682649154, 'exit_date': Timestamp('2017-06-19 00:00:00')}, {'ticker': 'EXC', 'sector': 'Utilities', 'prob_up': 0.8672570586204529, 'predicted_prob': 0.8672570586204529, 'expected_rise': 0.007305927108973265, 'bucket_idx': 5, 'investment_fraction': 0.1, 'investment_amount': 4134.523682649154, 'allocated_amount': 2455.6157308346883, 'exit_date': Timestamp('2017-06-19 00:00:00')}]",5,100000.0,853,True,False,42,/mnt/primary/simulation/trained_models_multiclass_meta,12,12,0.2,0.3,200,5,60,1.0,0.0001,0.3,True,True,0.3,0.7,0.3,0.5,0.5,0.1,3,100.0,0.5,"[[0.08, 0.6], [0.15, 0.35]]",meta_emotion,nlp,0.1259823649942869,GRU,6,coral,20,128,128,2,0.3,0.3,0.0005466347365856,0.0003650001848317,64,50,10,0.0041366748730481,5,0.8,5,0.1411251559858494,0.7276744145783006,1.793808725179512,21,0.2057532757859396,0.7138661773078487,21,0.0647282490194046,4
2017-06-13,30620.573730358534,30620.57373035854,102068.5791011951,102068.5791011951,0.0,0.0,0,KELLY_ONLY,21430.73838843556,0.0,False,False,,[],[],5,100000.0,853,True,False,42,/mnt/primary/simulation/trained_models_multiclass_meta,12,12,0.2,0.3,200,5,60,1.0,0.0001,0.3,True,True,0.3,0.7,0.3,0.5,0.5,0.1,3,100.0,0.5,"[[0.08, 0.6], [0.15, 0.35]]",meta_emotion,nlp,0.1259823649942869,GRU,6,coral,20,128,128,2,0.3,0.3,0.0005466347365856,0.0003650001848317,64,50,10,0.0041366748730481,5,0.8,5,0.1411251559858494,0.7276744145783006,1.793808725179512,21,0.2057532757859396,0.7138661773078487,21,0.0647282490194046,4
2017-06-14,30620.573730358534,30620.57373035854,102068.5791011951,102068.5791011951,0.0,0.0,0,KELLY_ONLY,18818.039941295076,0.0,False,False,,[],[],5,100000.0,853,True,False,42,/mnt/primary/simulation/trained_models_multiclass_meta,12,12,0.2,0.3,200,5,60,1.0,0.0001,0.3,True,True,0.3,0.7,0.3,0.5,0.5,0.1,3,100.0,0.5,"[[0.08, 0.6], [0.15, 0.35]]",meta_emotion,nlp,0.1259823649942869,GRU,6,coral,20,128,128,2,0.3,0.3,0.0005466347365856,0.0003650001848317,64,50,10,0.0041366748730481,5,0.8,5,0.1411251559858494,0.7276744145783006,1.793808725179512,21,0.2057532757859396,0.7138661773078487,21,0.0647282490194046,4
2017-06-15,60964.171198230775,30685.287210821247,102284.29070273747,102284.29070273747,215.71160154236776,0.0021133986917611924,0,KELLY_ONLY,48779.16665847738,30278.883987409536,False,False,,"[{'date': Timestamp('2017-06-08 00:00:00'), 'exit_date': Timestamp('2017-06-15 00:00:00'), 'ticker': 'PTR', 'sector': 'Basic Matierials', 'allocated_amount': 6091.346463150264, 'prob_up': 0.9642605781555176, 'expected_rise': 0.00948422122746706, 'actual_return': -0.030112077438136597, 'pnl': -183.42309640090022, 'exit_reason': 'scheduled'}, {'date': Timestamp('2017-06-08 00:00:00'), 'exit_date': Timestamp('2017-06-15 00:00:00'), 'ticker': 'EXC', 'sector': 'Utilities', 'allocated_amount': 6091.346463150264, 'prob_up': 0.9008773565292358, 'expected_rise': 0.007910647429525852, 'actual_return': 0.011538405959428344, 'pnl': 70.28442833135577, 'exit_reason': 'scheduled'}, {'date': Timestamp('2017-06-08 00:00:00'), 'exit_date': Timestamp('2017-06-15 00:00:00'), 'ticker': 'GE', 'sector': 'Industrial Goods', 'allocated_amount': 6091.346463150264, 'prob_up': 0.8907681107521057, 'expected_rise': 0.003232012502849102, 'actual_return': 0.048930808263863756, 'pnl': 298.05450585717017, 'exit_reason': 'scheduled'}, {'date': Timestamp('2017-06-08 00:00:00'), 'exit_date': Timestamp('2017-06-15 00:00:00'), 'ticker': 'VZ', 'sector': 'Technology', 'allocated_amount': 6091.346463150264, 'prob_up': 0.8563098907470703, 'expected_rise': 0.003871222259476781, 'actual_return': 0.009742368688945069, 'pnl': 59.34414305611142, 'exit_reason': 'scheduled'}, {'date': Timestamp('2017-06-08 00:00:00'), 'exit_date': Timestamp('2017-06-15 00:00:00'), 'ticker': 'PM', 'sector': 'Consumer Goods', 'allocated_amount': 5762.500013728815, 'prob_up': 0.8345416188240051, 'expected_rise': 0.0031903141643851995, 'actual_return': -0.0049541655936407025, 'pnl': -28.548379301369373, 'exit_reason': 'scheduled'}]","[{'ticker': 'UN', 'sector': 'Consumer Goods', 'prob_up': 0.9726547002792358, 'predicted_prob': 0.9726547002792358, 'expected_rise': 0.005364914424717426, 'bucket_idx': 5, 'investment_fraction': 0.1, 'investment_amount': 6096.417119823078, 'allocated_amount': 6096.417119823078, 'exit_date': Timestamp('2017-06-22 00:00:00')}, {'ticker': 'GE', 'sector': 'Industrial Goods', 'prob_up': 0.9531970620155334, 'predicted_prob': 0.9531970620155334, 'expected_rise': 0.00392839964479208, 'bucket_idx': 5, 'investment_fraction': 0.1, 'investment_amount': 6096.417119823078, 'allocated_amount': 6096.417119823078, 'exit_date': Timestamp('2017-06-22 00:00:00')}, {'ticker': 'VZ', 'sector': 'Technology', 'prob_up': 0.869324266910553, 'predicted_prob': 0.869324266910553, 'expected_rise': 0.004078669473528862, 'bucket_idx': 5, 'investment_fraction': 0.1, 'investment_amount': 6096.417119823078, 'allocated_amount': 6096.417119823078, 'exit_date': Timestamp('2017-06-22 00:00:00')}, {'ticker': 'BCH', 'sector': 'Financial', 'prob_up': 0.837012529373169, 'predicted_prob': 0.837012529373169, 'expected_rise': 0.0012950659729540348, 'bucket_idx': 5, 'investment_fraction': 0.1, 'investment_amount': 6096.417119823078, 'allocated_amount': 6096.417119823078, 'exit_date': Timestamp('2017-06-22 00:00:00')}, {'ticker': 'CELG', 'sector': 'Healthcare', 'prob_up': 0.8082009553909302, 'predicted_prob': 0.8082009553909302, 'expected_rise': 0.0070564341731369495, 'bucket_idx': 5, 'investment_fraction': 0.1, 'investment_amount': 6096.417119823078, 'allocated_amount': 5893.215508117224, 'exit_date': Timestamp('2017-06-22 00:00:00')}]",5,100000.0,853,True,False,42,/mnt/primary/simulation/trained_models_multiclass_meta,12,12,0.2,0.3,200,5,60,1.0,0.0001,0.3,True,True,0.3,0.7,0.3,0.5,0.5,0.1,3,100.0,0.5,"[[0.08, 0.6], [0.15, 0.35]]",meta_emotion,nlp,0.1259823649942869,GRU,6,coral,20,128,128,2,0.3,0.3,0.0005466347365856,0.0003650001848317,64,50,10,0.0041366748730481,5,0.8,5,0.1411251559858494,0.7276744145783006,1.793808725179512,21,0.2057532757859396,0.7138661773078487,21,0.0647282490194046,4
2017-06-16,61169.29917639352,30651.853877980822,102172.84625993605,102172.84625993605,-111.44444280142453,-0.001089555806035869,0,KELLY_ONLY,46937.56500952078,30517.445298412702,False,False,,"[{'date': Timestamp('2017-06-09 00:00:00'), 'exit_date': Timestamp('2017-06-16 00:00:00'), 'ticker': 'PTR', 'sector': 'Basic Matierials', 'allocated_amount': 6130.113553273248, 'prob_up': 0.9708347320556641, 'expected_rise': 0.00979598704725504, 'actual_return': -0.020788450237497758, 'pnl': -127.43556055243147, 'exit_reason': 'scheduled'}, {'date': Timestamp('2017-06-09 00:00:00'), 'exit_date': Timestamp('2017-06-16 00:00:00'), 'ticker': 'UN', 'sector': 'Consumer Goods', 'allocated_amount': 6130.113553273248, 'prob_up': 0.9683858752250671, 'expected_rise': 0.00531254755333066, 'actual_return': -0.003919490398726411, 'pnl': -24.026921215157138, 'exit_reason': 'scheduled'}, {'date': Timestamp('2017-06-09 00:00:00'), 'exit_date': Timestamp('2017-06-16 00:00:00'), 'ticker': 'V', 'sector': 'Financial', 'allocated_amount': 6130.113553273248, 'prob_up': 0.9161083102226257, 'expected_rise': 0.007789683062583208, 'actual_return': -0.00412436556946616, 'pnl': -25.282829276038044, 'exit_reason': 'scheduled'}, {'date': Timestamp('2017-06-09 00:00:00'), 'exit_date': Timestamp('2017-06-16 00:00:00'), 'ticker': 'EXC', 'sector': 'Utilities', 'allocated_amount': 6130.113553273248, 'prob_up': 0.8862001299858093, 'expected_rise': 0.007637581788003445, 'actual_return': 0.012561524100533239, 'pnl': 77.00356913844735, 'exit_reason': 'scheduled'}, {'date': Timestamp('2017-06-09 00:00:00'), 'exit_date': Timestamp('2017-06-16 00:00:00'), 'ticker': 'VZ', 'sector': 'Technology', 'allocated_amount': 6075.002195280715, 'prob_up': 0.8668041229248047, 'expected_rise': 0.004037751816213131, 'actual_return': -0.001926369821781515, 'pnl': -11.702700896245224, 'exit_reason': 'scheduled'}]","[{'ticker': 'UN', 'sector': 'Consumer Goods', 'prob_up': 0.973843514919281, 'predicted_prob': 0.973843514919281, 'expected_rise': 0.005379606503993273, 'bucket_idx': 5, 'investment_fraction': 0.1, 'investment_amount': 6116.929917639353, 'allocated_amount': 6116.929917639353, 'exit_date': Timestamp('2017-06-23 00:00:00')}, {'ticker': 'V', 'sector': 'Financial', 'prob_up': 0.9686836004257202, 'predicted_prob': 0.9686836004257202, 'expected_rise': 0.008772777393460274, 'bucket_idx': 5, 'investment_fraction': 0.1, 'investment_amount': 6116.929917639353, 'allocated_amount': 6116.929917639353, 'exit_date': Timestamp('2017-06-23 00:00:00')}, {'ticker': 'PCG', 'sector': 'Utilities', 'prob_up': 0.9213054776191711, 'predicted_prob': 0.9213054776191711, 'expected_rise': 0.006563771516084671, 'bucket_idx': 5, 'investment_fraction': 0.1, 'investment_amount': 6116.929917639353, 'allocated_amount': 6116.929917639353, 'exit_date': Timestamp('2017-06-23 00:00:00')}, {'ticker': 'BBL', 'sector': 'Basic Matierials', 'prob_up': 0.8991827368736267, 'predicted_prob': 0.8991827368736267, 'expected_rise': 0.0034058671444654465, 'bucket_idx': 5, 'investment_fraction': 0.1, 'investment_amount': 6116.929917639353, 'allocated_amount': 6116.929917639353, 'exit_date': Timestamp('2017-06-23 00:00:00')}, {'ticker': 'VZ', 'sector': 'Technology', 'prob_up': 0.8637258410453796, 'predicted_prob': 0.8637258410453796, 'expected_rise': 0.003988266456872225, 'bucket_idx': 5, 'investment_fraction': 0.1, 'investment_amount': 6116.929917639353, 'allocated_amount': 6049.725627855289, 'exit_date': Timestamp('2017-06-23 00:00:00')}]",5,100000.0,853,True,False,42,/mnt/primary/simulation/trained_models_multiclass_meta,12,12,0.2,0.3,200,5,60,1.0,0.0001,0.3,True,True,0.3,0.7,0.3,0.5,0.5,0.1,3,100.0,0.5,"[[0.08, 0.6], [0.15, 0.35]]",meta_emotion,nlp,0.1259823649942869,GRU,6,coral,20,128,128,2,0.3,0.3,0.0005466347365856,0.0003650001848317,64,50,10,0.0041366748730481,5,0.8,5,0.1411251559858494,0.7276744145783006,1.793808725179512,21,0.2057532757859396,0.7138661773078487,21,0.0647282490194046,4
2017-06-19,41389.65246596206,30655.794525535297,102185.9817517843,102185.9817517843,13.135491848246232,0.0001285614752752906,0,KELLY_ONLY,25084.294115632052,10733.857940426766,False,False,,"[{'date': Timestamp('2017-06-12 00:00:00'), 'exit_date': Timestamp('2017-06-19 00:00:00'), 'ticker': 'UN', 'sector': 'Consumer Goods', 'allocated_amount': 4134.523682649154, 'prob_up': 0.9691397547721863, 'expected_rise': 0.005321750417351723, 'actual_return': 0.010454235760634534, 'pnl': 43.22328533634117, 'exit_reason': 'scheduled'}, {'date': Timestamp('2017-06-12 00:00:00'), 'exit_date': Timestamp('2017-06-19 00:00:00'), 'ticker': 'VZ', 'sector': 'Technology', 'allocated_amount': 4134.523682649154, 'prob_up': 0.8735153079032898, 'expected_rise': 0.0041475435718894005, 'actual_return': -0.013138355862224116, 'pnl': -54.320843463437946, 'exit_reason': 'scheduled'}, {'date': Timestamp('2017-06-12 00:00:00'), 'exit_date': Timestamp('2017-06-19 00:00:00'), 'ticker': 'EXC', 'sector': 'Utilities', 'allocated_amount': 2455.6157308346883, 'prob_up': 0.8672570586204529, 'expected_rise': 0.007305927108973265, 'actual_return': 0.00986842105263186, 'pnl': 24.233049975343008, 'exit_reason': 'scheduled'}]","[{'ticker': 'PTR', 'sector': 'Basic Matierials', 'prob_up': 0.985732913017273, 'predicted_prob': 0.985732913017273, 'expected_rise': 0.010555720888078213, 'bucket_idx': 5, 'investment_fraction': 0.1, 'investment_amount': 4138.965246596206, 'allocated_amount': 4138.965246596206, 'exit_date': Timestamp('2017-06-26 00:00:00')}, {'ticker': 'V', 'sector': 'Financial', 'prob_up': 0.9679604768753052, 'predicted_prob': 0.9679604768753052, 'expected_rise': 0.008758081123232841, 'bucket_idx': 5, 'investment_fraction': 0.1, 'investment_amount': 4138.965246596206, 'allocated_amount': 4138.965246596206, 'exit_date': Timestamp('2017-06-26 00:00:00')}, {'ticker': 'HRG', 'sector': 'Conglomerates', 'prob_up': 0.8112313747406006, 'predicted_prob': 0.8112313747406006, 'expected_rise': 0.0052423360757529736, 'bucket_idx': 5, 'investment_fraction': 0.1, 'investment_amount': 4138.965246596206, 'allocated_amount': 2455.927447234353, 'exit_date': Timestamp('2017-06-26 00:00:00')}]",5,100000.0,853,True,False,42,/mnt/primary/simulation/trained_models_multiclass_meta,12,12,0.2,0.3,200,5,60,1.0,0.0001,0.3,True,True,0.3,0.7,0.3,0.5,0.5,0.1,3,100.0,0.5,"[[0.08, 0.6], [0.15, 0.35]]",meta_emotion,nlp,0.1259823649942869,GRU,6,coral,20,128,128,2,0.3,0.3,0.0005466347365856,0.0003650001848317,64,50,10,0.0041366748730481,5,0.8,5,0.1411251559858494,0.7276744145783006,1.793808725179512,21,0.2057532757859396,0.7138661773078487,21,0.0647282490194046,4
2017-06-20,30655.794525535297,30655.794525535297,102185.9817517843,102185.9817517843,0.0,0.0,0,KELLY_ONLY,25443.651528121853,0.0,False,False,,[],[],5,100000.0,853,True,False,42,/mnt/primary/simulation/trained_models_multiclass_meta,12,12,0.2,0.3,200,5,60,1.0,0.0001,0.3,True,True,0.3,0.7,0.3,0.5,0.5,0.1,3,100.0,0.5,"[[0.08, 0.6], [0.15, 0.35]]",meta_emotion,nlp,0.1259823649942869,GRU,6,coral,20,128,128,2,0.3,0.3,0.0005466347365856,0.0003650001848317,64,50,10,0.0041366748730481,5,0.8,5,0.1411251559858494,0.7276744145783006,1.793808725179512,21,0.2057532757859396,0.7138661773078487,21,0.0647282490194046,4
2017-06-21,30655.794525535297,30655.794525535297,102185.9817517843,102185.9817517843,0.0,0.0,0,KELLY_ONLY,18855.083413915032,0.0,False,False,,[],[],5,100000.0,853,True,False,42,/mnt/primary/simulation/trained_models_multiclass_meta,12,12,0.2,0.3,200,5,60,1.0,0.0001,0.3,True,True,0.3,0.7,0.3,0.5,0.5,0.1,3,100.0,0.5,"[[0.08, 0.6], [0.15, 0.35]]",meta_emotion,nlp,0.1259823649942869,GRU,6,coral,20,128,128,2,0.3,0.3,0.0005466347365856,0.0003650001848317,64,50,10,0.0041366748730481,5,0.8,5,0.1411251559858494,0.7276744145783006,1.793808725179512,21,0.2057532757859396,0.7138661773078487,21,0.0647282490194046,4
2017-06-22,61066.21723640907,30695.256142574566,102317.52047524854,102317.52047524853,131.53872346423373,0.0012872482233792226,0,KELLY_ONLY,41385.905574041804,30370.9610938345,False,False,,"[{'date': Timestamp('2017-06-15 00:00:00'), 'exit_date': Timestamp('2017-06-22 00:00:00'), 'ticker': 'UN', 'sector': 'Consumer Goods', 'allocated_amount': 6096.417119823078, 'prob_up': 0.9726547002792358, 'expected_rise': 0.005364914424717426, 'actual_return': 0.006152732759780344, 'pnl': 37.50962533042118, 'exit_reason': 'scheduled'}, {'date': Timestamp('2017-06-15 00:00:00'), 'exit_date': Timestamp('2017-06-22 00:00:00'), 'ticker': 'GE', 'sector': 'Industrial Goods', 'allocated_amount': 6096.417119823078, 'prob_up': 0.9531970620155334, 'expected_rise': 0.00392839964479208, 'actual_return': -0.04803047518899528, 'pnl': -292.8138112154284, 'exit_reason': 'scheduled'}, {'date': Timestamp('2017-06-15 00:00:00'), 'exit_date': Timestamp('2017-06-22 00:00:00'), 'ticker': 'VZ', 'sector': 'Technology', 'allocated_amount': 6096.417119823078, 'prob_up': 0.869324266910553, 'expected_rise': 0.004078669473528862, 'actual_return': -0.02615782646136, 'pnl': -159.46902105639623, 'exit_reason': 'scheduled'}, {'date': Timestamp('2017-06-15 00:00:00'), 'exit_date': Timestamp('2017-06-22 00:00:00'), 'ticker': 'BCH', 'sector': 'Financial', 'allocated_amount': 6096.417119823078, 'prob_up': 0.837012529373169, 'expected_rise': 0.0012950659729540348, 'actual_return': -0.015141799981768678, 'pnl': -92.31072863379134, 'exit_reason': 'scheduled'}, {'date': Timestamp('2017-06-15 00:00:00'), 'exit_date': Timestamp('2017-06-22 00:00:00'), 'ticker': 'CELG', 'sector': 'Healthcare', 'allocated_amount': 5893.215508117224, 'prob_up': 0.8082009553909302, 'expected_rise': 0.0070564341731369495, 'actual_return': 0.10836573991903053, 'pnl': 638.6226590394285, 'exit_reason': 'scheduled'}]","[{'ticker': 'GE', 'sector': 'Industrial Goods', 'prob_up': 0.947903037071228, 'predicted_prob': 0.947903037071228, 'expected_rise': 0.003864363534376025, 'bucket_idx': 5, 'investment_fraction': 0.1, 'investment_amount': 6106.621723640907, 'allocated_amount': 6106.621723640907, 'exit_date': Timestamp('2017-06-29 00:00:00')}, {'ticker': 'PCG', 'sector': 'Utilities', 'prob_up': 0.9086370468139648, 'predicted_prob': 0.9086370468139648, 'expected_rise': 0.006469512823969126, 'bucket_idx': 5, 'investment_fraction': 0.1, 'investment_amount': 6106.621723640907, 'allocated_amount': 6106.621723640907, 'exit_date': Timestamp('2017-06-29 00:00:00')}, {'ticker': 'BBL', 'sector': 'Basic Matierials', 'prob_up': 0.8970919251441956, 'predicted_prob': 0.8970919251441956, 'expected_rise': 0.00336383911781013, 'bucket_idx': 5, 'investment_fraction': 0.1, 'investment_amount': 6106.621723640907, 'allocated_amount': 6106.621723640907, 'exit_date': Timestamp('2017-06-29 00:00:00')}, {'ticker': 'HRG', 'sector': 'Conglomerates', 'prob_up': 0.8559204339981079, 'predicted_prob': 0.8559204339981079, 'expected_rise': 0.005665442906320095, 'bucket_idx': 5, 'investment_fraction': 0.1, 'investment_amount': 6106.621723640907, 'allocated_amount': 6106.621723640907, 'exit_date': Timestamp('2017-06-29 00:00:00')}, {'ticker': 'CELG', 'sector': 'Healthcare', 'prob_up': 0.8558313250541687, 'predicted_prob': 0.8558313250541687, 'expected_rise': 0.007446161471307278, 'bucket_idx': 5, 'investment_fraction': 0.1, 'investment_amount': 6106.621723640907, 'allocated_amount': 5944.474199270873, 'exit_date': Timestamp('2017-06-29 00:00:00')}]",5,100000.0,853,True,False,42,/mnt/primary/simulation/trained_models_multiclass_meta,12,12,0.2,0.3,200,5,60,1.0,0.0001,0.3,True,True,0.3,0.7,0.3,0.5,0.5,0.1,3,100.0,0.5,"[[0.08, 0.6], [0.15, 0.35]]",meta_emotion,nlp,0.1259823649942869,GRU,6,coral,20,128,128,2,0.3,0.3,0.0005466347365856,0.0003650001848317,64,50,10,0.0041366748730481,5,0.8,5,0.1411251559858494,0.7276744145783006,1.793808725179512,21,0.2057532757859396,0.7138661773078487,21,0.0647282490194046,4
2017-06-23,60932.238108916834,30611.11714295343,102037.0571431781,102037.0571431781,-280.46333207043693,-0.0027411075910335203,0,KELLY_ONLY,33678.2581064738,30321.120965963397,False,False,,"[{'date': Timestamp('2017-06-16 00:00:00'), 'exit_date': Timestamp('2017-06-23 00:00:00'), 'ticker': 'UN', 'sector': 'Consumer Goods', 'allocated_amount': 6116.929917639353, 'prob_up': 0.973843514919281, 'expected_rise': 0.005379606503993273, 'actual_return': -0.0041137542478983935, 'pnl': -25.16354643278566, 'exit_reason': 'scheduled'}, {'date': Timestamp('2017-06-16 00:00:00'), 'exit_date': Timestamp('2017-06-23 00:00:00'), 'ticker': 'V', 'sector': 'Financial', 'allocated_amount': 6116.929917639353, 'prob_up': 0.9686836004257202, 'expected_rise': 0.008772777393460274, 'actual_return': 0.014972964106890974, 'pnl': 91.5885721011816, 'exit_reason': 'scheduled'}, {'date': Timestamp('2017-06-16 00:00:00'), 'exit_date': Timestamp('2017-06-23 00:00:00'), 'ticker': 'PCG', 'sector': 'Utilities', 'allocated_amount': 6116.929917639353, 'prob_up': 0.9213054776191711, 'expected_rise': 0.006563771516084671, 'actual_return': -0.01633899558478913, 'pnl': -99.94449091677393, 'exit_reason': 'scheduled'}, {'date': Timestamp('2017-06-16 00:00:00'), 'exit_date': Timestamp('2017-06-23 00:00:00'), 'ticker': 'BBL', 'sector': 'Basic Matierials', 'allocated_amount': 6116.929917639353, 'prob_up': 0.8991827368736267, 'expected_rise': 0.0034058671444654465, 'actual_return': -0.014070351758794009, 'pnl': -86.06735562507656, 'exit_reason': 'scheduled'}, {'date': Timestamp('2017-06-16 00:00:00'), 'exit_date': Timestamp('2017-06-23 00:00:00'), 'ticker': 'VZ', 'sector': 'Technology', 'allocated_amount': 6049.725627855289, 'prob_up': 0.8637258410453796, 'expected_rise': 0.003988266456872225, 'actual_return': -0.026592364859696183, 'pnl': -160.8765111969824, 'exit_reason': 'scheduled'}]","[{'ticker': 'PTR', 'sector': 'Basic Matierials', 'prob_up': 0.989548921585083, 'predicted_prob': 0.989548921585083, 'expected_rise': 0.010763605125248432, 'bucket_idx': 5, 'investment_fraction': 0.1, 'investment_amount': 6093.223810891684, 'allocated_amount': 6093.223810891684, 'exit_date': Timestamp('2017-06-30 00:00:00')}, {'ticker': 'MA', 'sector': 'Financial', 'prob_up': 0.8305699825286865, 'predicted_prob': 0.8305699825286865, 'expected_rise': 0.0016044322401285172, 'bucket_idx': 5, 'investment_fraction': 0.1, 'investment_amount': 6093.223810891684, 'allocated_amount': 6093.223810891684, 'exit_date': Timestamp('2017-06-30 00:00:00')}, {'ticker': 'PCLN', 'sector': 'Services', 'prob_up': 0.8136633634567261, 'predicted_prob': 0.8136633634567261, 'expected_rise': 0.004574625752866268, 'bucket_idx': 5, 'investment_fraction': 0.1, 'investment_amount': 6093.223810891684, 'allocated_amount': 6093.223810891684, 'exit_date': Timestamp('2017-06-30 00:00:00')}, {'ticker': 'NEE', 'sector': 'Utilities', 'prob_up': 0.6877588033676147, 'predicted_prob': 0.6877588033676147, 'expected_rise': 0.003943742252886295, 'bucket_idx': 5, 'investment_fraction': 0.07609880781811329, 'investment_amount': 4636.870677777981, 'allocated_amount': 4636.870677777981, 'exit_date': Timestamp('2017-06-30 00:00:00')}, {'ticker': 'REX', 'sector': 'Conglomerates', 'prob_up': 0.6404971480369568, 'predicted_prob': 0.6404971480369568, 'expected_rise': 0.006527140736579895, 'bucket_idx': 5, 'investment_fraction': 0.06599204920766827, 'investment_amount': 4021.0432556169994, 'allocated_amount': 4021.0432556169994, 'exit_date': Timestamp('2017-06-30 00:00:00')}, {'ticker': 'INTC', 'sector': 'Technology', 'prob_up': 0.6404132843017578, 'predicted_prob': 0.6404132843017578, 'expected_rise': 0.005321861244738102, 'bucket_idx': 5, 'investment_fraction': 0.05693750350668125, 'investment_amount': 3469.3295209963894, 'allocated_amount': 3383.5355998933665, 'exit_date': Timestamp('2017-06-30 00:00:00')}]",5,100000.0,853,True,False,42,/mnt/primary/simulation/trained_models_multiclass_meta,12,12,0.2,0.3,200,5,60,1.0,0.0001,0.3,True,True,0.3,0.7,0.3,0.5,0.5,0.1,3,100.0,0.5,"[[0.08, 0.6], [0.15, 0.35]]",meta_emotion,nlp,0.1259823649942869,GRU,6,coral,20,128,128,2,0.3,0.3,0.0005466347365856,0.0003650001848317,64,50,10,0.0041366748730481,5,0.8,5,0.1411251559858494,0.7276744145783006,1.793808725179512,21,0.2057532757859396,0.7138661773078487,21,0.0647282490194046,4
2017-06-26,41155.66898189344,30554.32531250742,101847.75104169134,101847.75104169134,-189.30610148674657,-0.0018552681426426965,0,KELLY_ONLY,30072.78495351402,10601.343669386024,False,False,,"[{'date': Timestamp('2017-06-19 00:00:00'), 'exit_date': Timestamp('2017-06-26 00:00:00'), 'ticker': 'PTR', 'sector': 'Basic Matierials', 'allocated_amount': 4138.965246596206, 'prob_up': 0.985732913017273, 'expected_rise': 0.010555720888078213, 'actual_return': -0.021390389386901854, 'pnl': -88.5340782835471, 'exit_reason': 'scheduled'}, {'date': Timestamp('2017-06-19 00:00:00'), 'exit_date': Timestamp('2017-06-26 00:00:00'), 'ticker': 'V', 'sector': 'Financial', 'allocated_amount': 4138.965246596206, 'prob_up': 0.9679604768753052, 'expected_rise': 0.008758081123232841, 'actual_return': 0.004536343448292568, 'pnl': 18.775767879107335, 'exit_reason': 'scheduled'}, {'date': Timestamp('2017-06-19 00:00:00'), 'exit_date': Timestamp('2017-06-26 00:00:00'), 'ticker': 'HRG', 'sector': 'Conglomerates', 'allocated_amount': 2455.927447234353, 'prob_up': 0.8112313747406006, 'expected_rise': 0.0052423360757529736, 'actual_return': -0.04867724867724854, 'pnl': -119.5477910823068, 'exit_reason': 'scheduled'}]","[{'ticker': 'PTR', 'sector': 'Basic Matierials', 'prob_up': 0.9897537231445312, 'predicted_prob': 0.9897537231445312, 'expected_rise': 0.010774933733046055, 'bucket_idx': 5, 'investment_fraction': 0.1, 'investment_amount': 4115.566898189345, 'allocated_amount': 4115.566898189345, 'exit_date': Timestamp('2017-07-03 00:00:00')}, {'ticker': 'UN', 'sector': 'Consumer Goods', 'prob_up': 0.9613744020462036, 'predicted_prob': 0.9613744020462036, 'expected_rise': 0.005227827932685614, 'bucket_idx': 5, 'investment_fraction': 0.1, 'investment_amount': 4115.566898189345, 'allocated_amount': 4115.566898189345, 'exit_date': Timestamp('2017-07-03 00:00:00')}, {'ticker': 'PCG', 'sector': 'Utilities', 'prob_up': 0.8492439389228821, 'predicted_prob': 0.8492439389228821, 'expected_rise': 0.006010750774294138, 'bucket_idx': 5, 'investment_fraction': 0.1, 'investment_amount': 4115.566898189345, 'allocated_amount': 2370.209873007334, 'exit_date': Timestamp('2017-07-03 00:00:00')}]",5,100000.0,853,True,False,42,/mnt/primary/simulation/trained_models_multiclass_meta,12,12,0.2,0.3,200,5,60,1.0,0.0001,0.3,True,True,0.3,0.7,0.3,0.5,0.5,0.1,3,100.0,0.5,"[[0.08, 0.6], [0.15, 0.35]]",meta_emotion,nlp,0.1259823649942869,GRU,6,coral,20,128,128,2,0.3,0.3,0.0005466347365856,0.0003650001848317,64,50,10,0.0041366748730481,5,0.8,5,0.1411251559858494,0.7276744145783006,1.793808725179512,21,0.2057532757859396,0.7138661773078487,21,0.0647282490194046,4
2017-06-27,30554.32531250741,30554.32531250742,101847.75104169134,101847.75104169134,0.0,0.0,0,KELLY_ONLY,13562.742569633661,0.0,False,False,,[],[],5,100000.0,853,True,False,42,/mnt/primary/simulation/trained_models_multiclass_meta,12,12,0.2,0.3,200,5,60,1.0,0.0001,0.3,True,True,0.3,0.7,0.3,0.5,0.5,0.1,3,100.0,0.5,"[[0.08, 0.6], [0.15, 0.35]]",meta_emotion,nlp,0.1259823649942869,GRU,6,coral,20,128,128,2,0.3,0.3,0.0005466347365856,0.0003650001848317,64,50,10,0.0041366748730481,5,0.8,5,0.1411251559858494,0.7276744145783006,1.793808725179512,21,0.2057532757859396,0.7138661773078487,21,0.0647282490194046,4
2017-06-28,30554.32531250741,30554.32531250742,101847.75104169134,101847.75104169134,0.0,0.0,0,KELLY_ONLY,21291.544799288647,0.0,False,False,,[],[],5,100000.0,853,True,False,42,/mnt/primary/simulation/trained_models_multiclass_meta,12,12,0.2,0.3,200,5,60,1.0,0.0001,0.3,True,True,0.3,0.7,0.3,0.5,0.5,0.1,3,100.0,0.5,"[[0.08, 0.6], [0.15, 0.35]]",meta_emotion,nlp,0.1259823649942869,GRU,6,coral,20,128,128,2,0.3,0.3,0.0005466347365856,0.0003650001848317,64,50,10,0.0041366748730481,5,0.8,5,0.1411251559858494,0.7276744145783006,1.793808725179512,21,0.2057532757859396,0.7138661773078487,21,0.0647282490194046,4
2017-06-29,60663.47880578749,30475.783032341074,101585.94344113691,101585.94344113691,-261.80760055441505,-0.002570578121526279,0,KELLY_ONLY,38326.84548580403,30187.695773446412,False,False,,"[{'date': Timestamp('2017-06-22 00:00:00'), 'exit_date': Timestamp('2017-06-29 00:00:00'), 'ticker': 'GE', 'sector': 'Industrial Goods', 'allocated_amount': 6106.621723640907, 'prob_up': 0.947903037071228, 'expected_rise': 0.003864363534376025, 'actual_return': -0.01923771394692242, 'pnl': -117.4774419014661, 'exit_reason': 'scheduled'}, {'date': Timestamp('2017-06-22 00:00:00'), 'exit_date': Timestamp('2017-06-29 00:00:00'), 'ticker': 'PCG', 'sector': 'Utilities', 'allocated_amount': 6106.621723640907, 'prob_up': 0.9086370468139648, 'expected_rise': 0.006469512823969126, 'actual_return': -0.0393838116373727, 'pnl': -240.50203970456167, 'exit_reason': 'scheduled'}, {'date': Timestamp('2017-06-22 00:00:00'), 'exit_date': Timestamp('2017-06-29 00:00:00'), 'ticker': 'BBL', 'sector': 'Basic Matierials', 'allocated_amount': 6106.621723640907, 'prob_up': 0.8970919251441956, 'expected_rise': 0.00336383911781013, 'actual_return': 0.057837134080668484, 'pnl': 353.189499410142, 'exit_reason': 'scheduled'}, {'date': Timestamp('2017-06-22 00:00:00'), 'exit_date': Timestamp('2017-06-29 00:00:00'), 'ticker': 'HRG', 'sector': 'Conglomerates', 'allocated_amount': 6106.621723640907, 'prob_up': 0.8559204339981079, 'expected_rise': 0.005665442906320095, 'actual_return': -0.027670171555063683, 'pnl': -168.97127071502257, 'exit_reason': 'scheduled'}, {'date': Timestamp('2017-06-22 00:00:00'), 'exit_date': Timestamp('2017-06-29 00:00:00'), 'ticker': 'CELG', 'sector': 'Healthcare', 'allocated_amount': 5944.474199270873, 'prob_up': 0.8558313250541687, 'expected_rise': 0.007446161471307278, 'actual_return': -0.014811460979056168, 'pnl': -88.04634764350669, 'exit_reason': 'scheduled'}]","[{'ticker': 'PTR', 'sector': 'Basic Matierials', 'prob_up': 0.9907659292221069, 'predicted_prob': 0.9907659292221069, 'expected_rise': 0.010831153020262718, 'bucket_idx': 5, 'investment_fraction': 0.1, 'investment_amount': 6066.34788057875, 'allocated_amount': 6066.34788057875, 'exit_date': Timestamp('2017-07-07 00:00:00')}, {'ticker': 'UN', 'sector': 'Consumer Goods', 'prob_up': 0.9574995040893555, 'predicted_prob': 0.9574995040893555, 'expected_rise': 0.00518167344853282, 'bucket_idx': 5, 'investment_fraction': 0.1, 'investment_amount': 6066.34788057875, 'allocated_amount': 6066.34788057875, 'exit_date': Timestamp('2017-07-07 00:00:00')}, {'ticker': 'HRG', 'sector': 'Conglomerates', 'prob_up': 0.9062137007713318, 'predicted_prob': 0.9062137007713318, 'expected_rise': 0.006179491989314556, 'bucket_idx': 5, 'investment_fraction': 0.1, 'investment_amount': 6066.34788057875, 'allocated_amount': 6066.34788057875, 'exit_date': Timestamp('2017-07-07 00:00:00')}, {'ticker': 'MA', 'sector': 'Financial', 'prob_up': 0.8108285665512085, 'predicted_prob': 0.8108285665512085, 'expected_rise': 0.0016144509427249432, 'bucket_idx': 5, 'investment_fraction': 0.1, 'investment_amount': 6066.34788057875, 'allocated_amount': 6066.34788057875, 'exit_date': Timestamp('2017-07-07 00:00:00')}, {'ticker': 'MMM', 'sector': 'Industrial Goods', 'prob_up': 0.6333121061325073, 'predicted_prob': 0.6333121061325073, 'expected_rise': 0.00285709323361516, 'bucket_idx': 5, 'investment_fraction': 0.0615674547525244, 'investment_amount': 3734.8959865060447, 'allocated_amount': 3734.8959865060447, 'exit_date': Timestamp('2017-07-07 00:00:00')}, {'ticker': 'PPL', 'sector': 'Utilities', 'prob_up': 0.6271796226501465, 'predicted_prob': 0.6271796226501465, 'expected_rise': 0.003187139518558979, 'bucket_idx': 5, 'investment_fraction': 0.043505844290661316, 'investment_amount': 2639.2158630544236, 'allocated_amount': 2187.4082646253664, 'exit_date': Timestamp('2017-07-07 00:00:00')}]",5,100000.0,853,True,False,42,/mnt/primary/simulation/trained_models_multiclass_meta,12,12,0.2,0.3,200,5,60,1.0,0.0001,0.3,True,True,0.3,0.7,0.3,0.5,0.5,0.1,3,100.0,0.5,"[[0.08, 0.6], [0.15, 0.35]]",meta_emotion,nlp,0.1259823649942869,GRU,6,coral,20,128,128,2,0.3,0.3,0.0005466347365856,0.0003650001848317,64,50,10,0.0041366748730481,5,0.8,5,0.1411251559858494,0.7276744145783006,1.793808725179512,21,0.2057532757859396,0.7138661773078487,21,0.0647282490194046,4
2017-06-30,60503.8858428222,30387.87758569639,101292.92528565464,101292.92528565464,-293.0181554822813,-0.002884436030778814,0,KELLY_ONLY,42849.58490319931,30116.00825712581,False,False,,"[{'date': Timestamp('2017-06-23 00:00:00'), 'exit_date': Timestamp('2017-06-30 00:00:00'), 'ticker': 'PTR', 'sector': 'Basic Matierials', 'allocated_amount': 6093.223810891684, 'prob_up': 0.989548921585083, 'expected_rise': 0.010763605125248432, 'actual_return': -0.011134451974593396, 'pnl': -67.8447078928224, 'exit_reason': 'scheduled'}, {'date': Timestamp('2017-06-23 00:00:00'), 'exit_date': Timestamp('2017-06-30 00:00:00'), 'ticker': 'MA', 'sector': 'Financial', 'allocated_amount': 6093.223810891684, 'prob_up': 0.8305699825286865, 'expected_rise': 0.0016044322401285172, 'actual_return': -0.020643536478614055, 'pnl': -125.78568801250222, 'exit_reason': 'scheduled'}, {'date': Timestamp('2017-06-23 00:00:00'), 'exit_date': Timestamp('2017-06-30 00:00:00'), 'ticker': 'PCLN', 'sector': 'Services', 'allocated_amount': 6093.223810891684, 'prob_up': 0.8136633634567261, 'expected_rise': 0.004574625752866268, 'actual_return': -0.0020061084479495728, 'pnl': -12.223667762277296, 'exit_reason': 'scheduled'}, {'date': Timestamp('2017-06-23 00:00:00'), 'exit_date': Timestamp('2017-06-30 00:00:00'), 'ticker': 'NEE', 'sector': 'Utilities', 'allocated_amount': 4636.870677777981, 'prob_up': 0.6877588033676147, 'expected_rise': 0.003943742252886295, 'actual_return': -0.02102832206950045, 'pnl': -97.50561000693821, 'exit_reason': 'scheduled'}, {'date': Timestamp('2017-06-23 00:00:00'), 'exit_date': Timestamp('2017-06-30 00:00:00'), 'ticker': 'REX', 'sector': 'Conglomerates', 'allocated_amount': 4021.0432556169994, 'prob_up': 0.6404971480369568, 'expected_rise': 0.006527140736579895, 'actual_return': 0.013646818945059369, 'pnl': 54.87444927965727, 'exit_reason': 'scheduled'}, {'date': Timestamp('2017-06-23 00:00:00'), 'exit_date': Timestamp('2017-06-30 00:00:00'), 'ticker': 'INTC', 'sector': 'Technology', 'allocated_amount': 3383.5355998933665, 'prob_up': 0.6404132843017578, 'expected_rise': 0.005321861244738102, 'actual_return': -0.013161655839767694, 'pnl': -44.53293108739842, 'exit_reason': 'scheduled'}]","[{'ticker': 'BBL', 'sector': 'Basic Matierials', 'prob_up': 0.9706719517707825, 'predicted_prob': 0.9706719517707825, 'expected_rise': 0.005032609216868877, 'bucket_idx': 5, 'investment_fraction': 0.1, 'investment_amount': 6050.38858428222, 'allocated_amount': 6050.38858428222, 'exit_date': Timestamp('2017-07-10 00:00:00')}, {'ticker': 'TM', 'sector': 'Consumer Goods', 'prob_up': 0.9654024839401245, 'predicted_prob': 0.9654024839401245, 'expected_rise': 0.00204271893016994, 'bucket_idx': 5, 'investment_fraction': 0.1, 'investment_amount': 6050.38858428222, 'allocated_amount': 6050.38858428222, 'exit_date': Timestamp('2017-07-10 00:00:00')}, {'ticker': 'VZ', 'sector': 'Technology', 'prob_up': 0.9241506457328796, 'predicted_prob': 0.9241506457328796, 'expected_rise': 0.0050727869383990765, 'bucket_idx': 5, 'investment_fraction': 0.1, 'investment_amount': 6050.38858428222, 'allocated_amount': 6050.38858428222, 'exit_date': Timestamp('2017-07-10 00:00:00')}, {'ticker': 'HRG', 'sector': 'Conglomerates', 'prob_up': 0.9098359942436218, 'predicted_prob': 0.9098359942436218, 'expected_rise': 0.006218307185918093, 'bucket_idx': 5, 'investment_fraction': 0.1, 'investment_amount': 6050.38858428222, 'allocated_amount': 6050.38858428222, 'exit_date': Timestamp('2017-07-10 00:00:00')}, {'ticker': 'MA', 'sector': 'Financial', 'prob_up': 0.8048419952392578, 'predicted_prob': 0.8048419952392578, 'expected_rise': 0.0016154173063114285, 'bucket_idx': 5, 'investment_fraction': 0.1, 'investment_amount': 6050.38858428222, 'allocated_amount': 5914.4539199969295, 'exit_date': Timestamp('2017-07-10 00:00:00')}]",5,100000.0,853,True,False,42,/mnt/primary/simulation/trained_models_multiclass_meta,12,12,0.2,0.3,200,5,60,1.0,0.0001,0.3,True,True,0.3,0.7,0.3,0.5,0.5,0.1,3,100.0,0.5,"[[0.08, 0.6], [0.15, 0.35]]",meta_emotion,nlp,0.1259823649942869,GRU,6,coral,20,128,128,2,0.3,0.3,0.0005466347365856,0.0003650001848317,64,50,10,0.0041366748730481,5,0.8,5,0.1411251559858494,0.7276744145783006,1.793808725179512,21,0.2057532757859396,0.7138661773078487,21,0.0647282490194046,4
2017-07-03,40767.020394119594,30321.217327407547,101070.72442469181,101070.72442469181,-222.20086096282256,-0.002193646400636573,0,KELLY_ONLY,28972.305517838922,10445.803066712044,False,False,,"[{'date': Timestamp('2017-06-26 00:00:00'), 'exit_date': Timestamp('2017-07-03 00:00:00'), 'ticker': 'PTR', 'sector': 'Basic Matierials', 'allocated_amount': 4115.566898189345, 'prob_up': 0.9897537231445312, 'expected_rise': 0.010774933733046055, 'actual_return': -0.014464818153892445, 'pnl': -59.53092678248806, 'exit_reason': 'scheduled'}, {'date': Timestamp('2017-06-26 00:00:00'), 'exit_date': Timestamp('2017-07-03 00:00:00'), 'ticker': 'UN', 'sector': 'Consumer Goods', 'allocated_amount': 4115.566898189345, 'prob_up': 0.9613744020462036, 'expected_rise': 0.005227827932685614, 'actual_return': -0.01838953823922662, 'pnl': -75.68337485034826, 'exit_reason': 'scheduled'}, {'date': Timestamp('2017-06-26 00:00:00'), 'exit_date': Timestamp('2017-07-03 00:00:00'), 'ticker': 'PCG', 'sector': 'Utilities', 'allocated_amount': 2370.209873007334, 'prob_up': 0.8492439389228821, 'expected_rise': 0.006010750774294138, 'actual_return': -0.03669993966383123, 'pnl': -86.98655932998624, 'exit_reason': 'scheduled'}]","[{'ticker': 'UN', 'sector': 'Consumer Goods', 'prob_up': 0.9573302268981934, 'predicted_prob': 0.9573302268981934, 'expected_rise': 0.005179667845368385, 'bucket_idx': 5, 'investment_fraction': 0.1, 'investment_amount': 4076.7020394119595, 'allocated_amount': 4076.7020394119595, 'exit_date': Timestamp('2017-07-11 00:00:00')}, {'ticker': 'HRG', 'sector': 'Conglomerates', 'prob_up': 0.9120975732803345, 'predicted_prob': 0.9120975732803345, 'expected_rise': 0.006242675706744194, 'bucket_idx': 5, 'investment_fraction': 0.1, 'investment_amount': 4076.7020394119595, 'allocated_amount': 4076.7020394119595, 'exit_date': Timestamp('2017-07-11 00:00:00')}, {'ticker': 'PCLN', 'sector': 'Services', 'prob_up': 0.8380008339881897, 'predicted_prob': 0.8380008339881897, 'expected_rise': 0.005046258680522442, 'bucket_idx': 5, 'investment_fraction': 0.1, 'investment_amount': 4076.7020394119595, 'allocated_amount': 2292.3989878881257, 'exit_date': Timestamp('2017-07-11 00:00:00')}]",5,100000.0,853,True,False,42,/mnt/primary/simulation/trained_models_multiclass_meta,12,12,0.2,0.3,200,5,60,1.0,0.0001,0.3,True,True,0.3,0.7,0.3,0.5,0.5,0.1,3,100.0,0.5,"[[0.08, 0.6], [0.15, 0.35]]",meta_emotion,nlp,0.1259823649942869,GRU,6,coral,20,128,128,2,0.3,0.3,0.0005466347365856,0.0003650001848317,64,50,10,0.0041366748730481,5,0.8,5,0.1411251559858494,0.7276744145783006,1.793808725179512,21,0.2057532757859396,0.7138661773078487,21,0.0647282490194046,4
2017-07-05,30321.217327407547,30321.217327407547,101070.72442469181,101070.72442469181,0.0,0.0,0,KELLY_ONLY,23201.415597942447,0.0,False,False,,[],[],5,100000.0,853,True,False,42,/mnt/primary/simulation/trained_models_multiclass_meta,12,12,0.2,0.3,200,5,60,1.0,0.0001,0.3,True,True,0.3,0.7,0.3,0.5,0.5,0.1,3,100.0,0.5,"[[0.08, 0.6], [0.15, 0.35]]",meta_emotion,nlp,0.1259823649942869,GRU,6,coral,20,128,128,2,0.3,0.3,0.0005466347365856,0.0003650001848317,64,50,10,0.0041366748730481,5,0.8,5,0.1411251559858494,0.7276744145783006,1.793808725179512,21,0.2057532757859396,0.7138661773078487,21,0.0647282490194046,4
2017-07-06,30321.217327407547,30321.217327407547,101070.72442469181,101070.72442469181,0.0,0.0,0,KELLY_ONLY,21085.4324582012,0.0,False,False,,[],[],5,100000.0,853,True,False,42,/mnt/primary/simulation/trained_models_multiclass_meta,12,12,0.2,0.3,200,5,60,1.0,0.0001,0.3,True,True,0.3,0.7,0.3,0.5,0.5,0.1,3,100.0,0.5,"[[0.08, 0.6], [0.15, 0.35]]",meta_emotion,nlp,0.1259823649942869,GRU,6,coral,20,128,128,2,0.3,0.3,0.0005466347365856,0.0003650001848317,64,50,10,0.0041366748730481,5,0.8,5,0.1411251559858494,0.7276744145783006,1.793808725179512,21,0.2057532757859396,0.7138661773078487,21,0.0647282490194046,4
2017-07-07,60535.8567045856,30329.300408527037,101097.66802842346,101097.66802842346,26.94360373164494,0.00026658168213411493,0,KELLY_ONLY,47138.46010846555,30206.556296058567,False,False,,"[{'date': Timestamp('2017-06-29 00:00:00'), 'exit_date': Timestamp('2017-07-07 00:00:00'), 'ticker': 'PTR', 'sector': 'Basic Matierials', 'allocated_amount': 6066.34788057875, 'prob_up': 0.9907659292221069, 'expected_rise': 0.010831153020262718, 'actual_return': -0.0011359948253163443, 'pnl': -6.891339800906232, 'exit_reason': 'scheduled'}, {'date': Timestamp('2017-06-29 00:00:00'), 'exit_date': Timestamp('2017-07-07 00:00:00'), 'ticker': 'UN', 'sector': 'Consumer Goods', 'allocated_amount': 6066.34788057875, 'prob_up': 0.9574995040893555, 'expected_rise': 0.00518167344853282, 'actual_return': -0.0014596058846998439, 'pnl': -8.854477065129169, 'exit_reason': 'scheduled'}, {'date': Timestamp('2017-06-29 00:00:00'), 'exit_date': Timestamp('2017-07-07 00:00:00'), 'ticker': 'HRG', 'sector': 'Conglomerates', 'allocated_amount': 6066.34788057875, 'prob_up': 0.9062137007713318, 'expected_rise': 0.006179491989314556, 'actual_return': 0.0017074558907228532, 'pnl': 10.358021423868282, 'exit_reason': 'scheduled'}, {'date': Timestamp('2017-06-29 00:00:00'), 'exit_date': Timestamp('2017-07-07 00:00:00'), 'ticker': 'MA', 'sector': 'Financial', 'allocated_amount': 6066.34788057875, 'prob_up': 0.8108285665512085, 'expected_rise': 0.0016144509427249432, 'actual_return': 0.005678503733379969, 'pnl': 34.4477790878481, 'exit_reason': 'scheduled'}, {'date': Timestamp('2017-06-29 00:00:00'), 'exit_date': Timestamp('2017-07-07 00:00:00'), 'ticker': 'MMM', 'sector': 'Industrial Goods', 'allocated_amount': 3734.8959865060447, 'prob_up': 0.6333121061325073, 'expected_rise': 0.00285709323361516, 'actual_return': 0.008371373345064992, 'pnl': 31.26620870802692, 'exit_reason': 'scheduled'}, {'date': Timestamp('2017-06-29 00:00:00'), 'exit_date': Timestamp('2017-07-07 00:00:00'), 'ticker': 'PPL', 'sector': 'Utilities', 'allocated_amount': 2187.4082646253664, 'prob_up': 0.6271796226501465, 'expected_rise': 0.003187139518558979, 'actual_return': -0.015261251939989506, 'pnl': -33.382588622062954, 'exit_reason': 'scheduled'}]","[{'ticker': 'UN', 'sector': 'Consumer Goods', 'prob_up': 0.9561272263526917, 'predicted_prob': 0.9561272263526917, 'expected_rise': 0.005165437702089548, 'bucket_idx': 5, 'investment_fraction': 0.1, 'investment_amount': 6053.58567045856, 'allocated_amount': 6053.58567045856, 'exit_date': Timestamp('2017-07-14 00:00:00')}, {'ticker': 'CMCSA', 'sector': 'Services', 'prob_up': 0.9157952070236206, 'predicted_prob': 0.9157952070236206, 'expected_rise': 0.004741974640637636, 'bucket_idx': 5, 'investment_fraction': 0.1, 'investment_amount': 6053.58567045856, 'allocated_amount': 6053.58567045856, 'exit_date': Timestamp('2017-07-14 00:00:00')}, {'ticker': 'BBL', 'sector': 'Basic Matierials', 'prob_up': 0.9139180779457092, 'predicted_prob': 0.9139180779457092, 'expected_rise': 0.0037099893670529127, 'bucket_idx': 5, 'investment_fraction': 0.1, 'investment_amount': 6053.58567045856, 'allocated_amount': 6053.58567045856, 'exit_date': Timestamp('2017-07-14 00:00:00')}, {'ticker': 'HRG', 'sector': 'Conglomerates', 'prob_up': 0.9123457074165344, 'predicted_prob': 0.9123457074165344, 'expected_rise': 0.006245352793484926, 'bucket_idx': 5, 'investment_fraction': 0.1, 'investment_amount': 6053.58567045856, 'allocated_amount': 6053.58567045856, 'exit_date': Timestamp('2017-07-14 00:00:00')}, {'ticker': 'MA', 'sector': 'Financial', 'prob_up': 0.7865062355995178, 'predicted_prob': 0.7865062355995178, 'expected_rise': 0.0016126232221722603, 'bucket_idx': 5, 'investment_fraction': 0.1, 'investment_amount': 6053.58567045856, 'allocated_amount': 5992.213614224325, 'exit_date': Timestamp('2017-07-14 00:00:00')}]",5,100000.0,853,True,False,42,/mnt/primary/simulation/trained_models_multiclass_meta,12,12,0.2,0.3,200,5,60,1.0,0.0001,0.3,True,True,0.3,0.7,0.3,0.5,0.5,0.1,3,100.0,0.5,"[[0.08, 0.6], [0.15, 0.35]]",meta_emotion,nlp,0.1259823649942869,GRU,6,coral,20,128,128,2,0.3,0.3,0.0005466347365856,0.0003650001848317,64,50,10,0.0041366748730481,5,0.8,5,0.1411251559858494,0.7276744145783006,1.793808725179512,21,0.2057532757859396,0.7138661773078487,21,0.0647282490194046,4
2017-07-10,60800.94810186076,30435.992239389423,101453.30746463138,101453.30746463138,355.63943620792077,0.0035177808068522776,0,KELLY_ONLY,45378.344380699804,30364.955862471335,False,False,,"[{'date': Timestamp('2017-06-30 00:00:00'), 'exit_date': Timestamp('2017-07-10 00:00:00'), 'ticker': 'BBL', 'sector': 'Basic Matierials', 'allocated_amount': 6050.38858428222, 'prob_up': 0.9706719517707825, 'expected_rise': 0.005032609216868877, 'actual_return': 0.05916781534460336, 'pnl': 357.9882745179065, 'exit_reason': 'scheduled'}, {'date': Timestamp('2017-06-30 00:00:00'), 'exit_date': Timestamp('2017-07-10 00:00:00'), 'ticker': 'TM', 'sector': 'Consumer Goods', 'allocated_amount': 6050.38858428222, 'prob_up': 0.9654024839401245, 'expected_rise': 0.00204271893016994, 'actual_return': 0.030470425551430758, 'pnl': 184.35791491459793, 'exit_reason': 'scheduled'}, {'date': Timestamp('2017-06-30 00:00:00'), 'exit_date': Timestamp('2017-07-10 00:00:00'), 'ticker': 'VZ', 'sector': 'Technology', 'allocated_amount': 6050.38858428222, 'prob_up': 0.9241506457328796, 'expected_rise': 0.0050727869383990765, 'actual_return': -0.03269142409314818, 'pnl': -197.7958191371125, 'exit_reason': 'scheduled'}, {'date': Timestamp('2017-06-30 00:00:00'), 'exit_date': Timestamp('2017-07-10 00:00:00'), 'ticker': 'HRG', 'sector': 'Conglomerates', 'allocated_amount': 6050.38858428222, 'prob_up': 0.9098359942436218, 'expected_rise': 0.006218307185918093, 'actual_return': -0.008469791556735773, 'pnl': -51.245530146124054, 'exit_reason': 'scheduled'}, {'date': Timestamp('2017-06-30 00:00:00'), 'exit_date': Timestamp('2017-07-10 00:00:00'), 'ticker': 'MA', 'sector': 'Financial', 'allocated_amount': 5914.4539199969295, 'prob_up': 0.8048419952392578, 'expected_rise': 0.0016154173063114285, 'actual_return': 0.010539366254574745, 'pnl': 62.334596058652956, 'exit_reason': 'scheduled'}]","[{'ticker': 'VZ', 'sector': 'Technology', 'prob_up': 0.9744184613227844, 'predicted_prob': 0.9744184613227844, 'expected_rise': 0.006213488057255745, 'bucket_idx': 5, 'investment_fraction': 0.1, 'investment_amount': 6080.094810186077, 'allocated_amount': 6080.094810186077, 'exit_date': Timestamp('2017-07-17 00:00:00')}, {'ticker': 'HRG', 'sector': 'Conglomerates', 'prob_up': 0.9098359942436218, 'predicted_prob': 0.9098359942436218, 'expected_rise': 0.006218307185918093, 'bucket_idx': 5, 'investment_fraction': 0.1, 'investment_amount': 6080.094810186077, 'allocated_amount': 6080.094810186077, 'exit_date': Timestamp('2017-07-17 00:00:00')}, {'ticker': 'SNP', 'sector': 'Basic Matierials', 'prob_up': 0.8719303011894226, 'predicted_prob': 0.8719303011894226, 'expected_rise': 0.0048674955032765865, 'bucket_idx': 5, 'investment_fraction': 0.1, 'investment_amount': 6080.094810186077, 'allocated_amount': 6080.094810186077, 'exit_date': Timestamp('2017-07-17 00:00:00')}, {'ticker': 'PCLN', 'sector': 'Services', 'prob_up': 0.8126603960990906, 'predicted_prob': 0.8126603960990906, 'expected_rise': 0.004555786494165659, 'bucket_idx': 5, 'investment_fraction': 0.1, 'investment_amount': 6080.094810186077, 'allocated_amount': 6080.094810186077, 'exit_date': Timestamp('2017-07-17 00:00:00')}, {'ticker': 'BA', 'sector': 'Industrial Goods', 'prob_up': 0.7740138173103333, 'predicted_prob': 0.7740138173103333, 'expected_rise': 0.002256757114082575, 'bucket_idx': 5, 'investment_fraction': 0.1, 'investment_amount': 6080.094810186077, 'allocated_amount': 6044.576621727028, 'exit_date': Timestamp('2017-07-17 00:00:00')}]",5,100000.0,853,True,False,42,/mnt/primary/simulation/trained_models_multiclass_meta,12,12,0.2,0.3,200,5,60,1.0,0.0001,0.3,True,True,0.3,0.7,0.3,0.5,0.5,0.1,3,100.0,0.5,"[[0.08, 0.6], [0.15, 0.35]]",meta_emotion,nlp,0.1259823649942869,GRU,6,coral,20,128,128,2,0.3,0.3,0.0005466347365856,0.0003650001848317,64,50,10,0.0041366748730481,5,0.8,5,0.1411251559858494,0.7276744145783006,1.793808725179512,21,0.2057532757859396,0.7138661773078487,21,0.0647282490194046,4
2017-07-11,40961.36390297201,30459.862818450587,101532.87606150191,101532.87606150191,79.56859687054099,0.0007842878547679177,0,KELLY_ONLY,30899.057959635265,10501.50108452143,False,False,,"[{'date': Timestamp('2017-07-03 00:00:00'), 'exit_date': Timestamp('2017-07-11 00:00:00'), 'ticker': 'UN', 'sector': 'Consumer Goods', 'allocated_amount': 4076.7020394119595, 'prob_up': 0.9573302268981934, 'expected_rise': 0.005179667845368385, 'actual_return': 0.009639832666424208, 'pnl': 39.2987254908016, 'exit_reason': 'scheduled'}, {'date': Timestamp('2017-07-03 00:00:00'), 'exit_date': Timestamp('2017-07-11 00:00:00'), 'ticker': 'HRG', 'sector': 'Conglomerates', 'allocated_amount': 4076.7020394119595, 'prob_up': 0.9120975732803345, 'expected_rise': 0.006242675706744194, 'actual_return': -0.016365632977744626, 'pnl': -66.71780933663914, 'exit_reason': 'scheduled'}, {'date': Timestamp('2017-07-03 00:00:00'), 'exit_date': Timestamp('2017-07-11 00:00:00'), 'ticker': 'PCLN', 'sector': 'Services', 'allocated_amount': 2292.3989878881257, 'prob_up': 0.8380008339881897, 'expected_rise': 0.005046258680522442, 'actual_return': 0.04667061941732098, 'pnl': 106.98768071637852, 'exit_reason': 'scheduled'}]","[{'ticker': 'HRG', 'sector': 'Conglomerates', 'prob_up': 0.9059500098228455, 'predicted_prob': 0.9059500098228455, 'expected_rise': 0.006176677066832781, 'bucket_idx': 5, 'investment_fraction': 0.1, 'investment_amount': 4096.136390297202, 'allocated_amount': 4096.136390297202, 'exit_date': Timestamp('2017-07-18 00:00:00')}, {'ticker': 'SNP', 'sector': 'Basic Matierials', 'prob_up': 0.8734906911849976, 'predicted_prob': 0.8734906911849976, 'expected_rise': 0.0049035511910915375, 'bucket_idx': 5, 'investment_fraction': 0.1, 'investment_amount': 4096.136390297202, 'allocated_amount': 4096.136390297202, 'exit_date': Timestamp('2017-07-18 00:00:00')}, {'ticker': 'MRK', 'sector': 'Healthcare', 'prob_up': 0.8316223621368408, 'predicted_prob': 0.8316223621368408, 'expected_rise': 0.0030455319210886955, 'bucket_idx': 5, 'investment_fraction': 0.1, 'investment_amount': 4096.136390297202, 'allocated_amount': 2309.228303927026, 'exit_date': Timestamp('2017-07-18 00:00:00')}]",5,100000.0,853,True,False,42,/mnt/primary/simulation/trained_models_multiclass_meta,12,12,0.2,0.3,200,5,60,1.0,0.0001,0.3,True,True,0.3,0.7,0.3,0.5,0.5,0.1,3,100.0,0.5,"[[0.08, 0.6], [0.15, 0.35]]",meta_emotion,nlp,0.1259823649942869,GRU,6,coral,20,128,128,2,0.3,0.3,0.0005466347365856,0.0003650001848317,64,50,10,0.0041366748730481,5,0.8,5,0.1411251559858494,0.7276744145783006,1.793808725179512,21,0.2057532757859396,0.7138661773078487,21,0.0647282490194046,4
2017-07-12,30459.86281845058,30459.862818450587,101532.87606150191,101532.87606150191,0.0,0.0,0,KELLY_ONLY,10592.856539331233,0.0,False,False,,[],[],5,100000.0,853,True,False,42,/mnt/primary/simulation/trained_models_multiclass_meta,12,12,0.2,0.3,200,5,60,1.0,0.0001,0.3,True,True,0.3,0.7,0.3,0.5,0.5,0.1,3,100.0,0.5,"[[0.08, 0.6], [0.15, 0.35]]",meta_emotion,nlp,0.1259823649942869,GRU,6,coral,20,128,128,2,0.3,0.3,0.0005466347365856,0.0003650001848317,64,50,10,0.0041366748730481,5,0.8,5,0.1411251559858494,0.7276744145783006,1.793808725179512,21,0.2057532757859396,0.7138661773078487,21,0.0647282490194046,4
2017-07-13,30459.86281845058,30459.862818450587,101532.87606150191,101532.87606150191,0.0,0.0,0,KELLY_ONLY,23530.409956113603,0.0,False,False,,[],[],5,100000.0,853,True,False,42,/mnt/primary/simulation/trained_models_multiclass_meta,12,12,0.2,0.3,200,5,60,1.0,0.0001,0.3,True,True,0.3,0.7,0.3,0.5,0.5,0.1,3,100.0,0.5,"[[0.08, 0.6], [0.15, 0.35]]",meta_emotion,nlp,0.1259823649942869,GRU,6,coral,20,128,128,2,0.3,0.3,0.0005466347365856,0.0003650001848317,64,50,10,0.0041366748730481,5,0.8,5,0.1411251559858494,0.7276744145783006,1.793808725179512,21,0.2057532757859396,0.7138661773078487,21,0.0647282490194046,4
2017-07-14,61596.527765317485,30857.6323516244,102462.98471231025,102462.98471231025,930.1086508083346,0.009160664869228619,0,KELLY_ONLY,50030.00868034672,30738.895413693073,False,False,,"[{'date': Timestamp('2017-07-07 00:00:00'), 'exit_date': Timestamp('2017-07-14 00:00:00'), 'ticker': 'UN', 'sector': 'Consumer Goods', 'allocated_amount': 6053.58567045856, 'prob_up': 0.9561272263526917, 'expected_rise': 0.005165437702089548, 'actual_return': 0.03928377489493884, 'pnl': 237.8076967855215, 'exit_reason': 'scheduled'}, {'date': Timestamp('2017-07-07 00:00:00'), 'exit_date': Timestamp('2017-07-14 00:00:00'), 'ticker': 'CMCSA', 'sector': 'Services', 'allocated_amount': 6053.58567045856, 'prob_up': 0.9157952070236206, 'expected_rise': 0.004741974640637636, 'actual_return': 0.016333964220897057, 'pnl': 98.87905174940525, 'exit_reason': 'scheduled'}, {'date': Timestamp('2017-07-07 00:00:00'), 'exit_date': Timestamp('2017-07-14 00:00:00'), 'ticker': 'BBL', 'sector': 'Basic Matierials', 'allocated_amount': 6053.58567045856, 'prob_up': 0.9139180779457092, 'expected_rise': 0.0037099893670529127, 'actual_return': 0.061338260884085116, 'pnl': 371.3164171387465, 'exit_reason': 'scheduled'}, {'date': Timestamp('2017-07-07 00:00:00'), 'exit_date': Timestamp('2017-07-14 00:00:00'), 'ticker': 'HRG', 'sector': 'Conglomerates', 'allocated_amount': 6053.58567045856, 'prob_up': 0.9123457074165344, 'expected_rise': 0.006245352793484926, 'actual_return': -0.0022727840909091412, 'pnl': -13.758493204773764, 'exit_reason': 'scheduled'}, {'date': Timestamp('2017-07-07 00:00:00'), 'exit_date': Timestamp('2017-07-14 00:00:00'), 'ticker': 'MA', 'sector': 'Financial', 'allocated_amount': 5992.213614224325, 'prob_up': 0.7865062355995178, 'expected_rise': 0.0016126232221722603, 'actual_return': 0.0393617440105174, 'pnl': 235.86397833943514, 'exit_reason': 'scheduled'}]","[{'ticker': 'PTR', 'sector': 'Basic Matierials', 'prob_up': 0.9937301874160767, 'predicted_prob': 0.9937301874160767, 'expected_rise': 0.010998288169503212, 'bucket_idx': 5, 'investment_fraction': 0.1, 'investment_amount': 6159.652776531749, 'allocated_amount': 6159.652776531749, 'exit_date': Timestamp('2017-07-21 00:00:00')}, {'ticker': 'VZ', 'sector': 'Technology', 'prob_up': 0.9695140719413757, 'predicted_prob': 0.9695140719413757, 'expected_rise': 0.0060897343792021275, 'bucket_idx': 5, 'investment_fraction': 0.1, 'investment_amount': 6159.652776531749, 'allocated_amount': 6159.652776531749, 'exit_date': Timestamp('2017-07-21 00:00:00')}, {'ticker': 'UN', 'sector': 'Consumer Goods', 'prob_up': 0.9547126889228821, 'predicted_prob': 0.9547126889228821, 'expected_rise': 0.005148761905729771, 'bucket_idx': 5, 'investment_fraction': 0.1, 'investment_amount': 6159.652776531749, 'allocated_amount': 6159.652776531749, 'exit_date': Timestamp('2017-07-21 00:00:00')}, {'ticker': 'NEE', 'sector': 'Utilities', 'prob_up': 0.9132671356201172, 'predicted_prob': 0.9132671356201172, 'expected_rise': 0.006394584197551012, 'bucket_idx': 5, 'investment_fraction': 0.1, 'investment_amount': 6159.652776531749, 'allocated_amount': 6159.652776531749, 'exit_date': Timestamp('2017-07-21 00:00:00')}, {'ticker': 'DHR', 'sector': 'Industrial Goods', 'prob_up': 0.8306048512458801, 'predicted_prob': 0.8306048512458801, 'expected_rise': 0.004930492490530014, 'bucket_idx': 5, 'investment_fraction': 0.1, 'investment_amount': 6159.652776531749, 'allocated_amount': 6100.2843075660785, 'exit_date': Timestamp('2017-07-21 00:00:00')}]",5,100000.0,853,True,False,42,/mnt/primary/simulation/trained_models_multiclass_meta,12,12,0.2,0.3,200,5,60,1.0,0.0001,0.3,True,True,0.3,0.7,0.3,0.5,0.5,0.1,3,100.0,0.5,"[[0.08, 0.6], [0.15, 0.35]]",meta_emotion,nlp,0.1259823649942869,GRU,6,coral,20,128,128,2,0.3,0.3,0.0005466347365856,0.0003650001848317,64,50,10,0.0041366748730481,5,0.8,5,0.1411251559858494,0.7276744145783006,1.793808725179512,21,0.2057532757859396,0.7138661773078487,21,0.0647282490194046,4
2017-07-17,61439.38379515039,30803.934088009468,102679.78029336489,102679.78029336489,216.79558105464486,0.002115842922820743,0,KELLY_ONLY,49185.99544156848,30635.449707140928,False,False,,"[{'date': Timestamp('2017-07-10 00:00:00'), 'exit_date': Timestamp('2017-07-17 00:00:00'), 'ticker': 'VZ', 'sector': 'Technology', 'allocated_amount': 6080.094810186077, 'prob_up': 0.9744184613227844, 'expected_rise': 0.006213488057255745, 'actual_return': 0.010648124753515509, 'pnl': 64.74160805206354, 'exit_reason': 'scheduled'}, {'date': Timestamp('2017-07-10 00:00:00'), 'exit_date': Timestamp('2017-07-17 00:00:00'), 'ticker': 'HRG', 'sector': 'Conglomerates', 'allocated_amount': 6080.094810186077, 'prob_up': 0.9098359942436218, 'expected_rise': 0.006218307185918093, 'actual_return': 0.0, 'pnl': 0.0, 'exit_reason': 'scheduled'}, {'date': Timestamp('2017-07-10 00:00:00'), 'exit_date': Timestamp('2017-07-17 00:00:00'), 'ticker': 'SNP', 'sector': 'Basic Matierials', 'allocated_amount': 6080.094810186077, 'prob_up': 0.8719303011894226, 'expected_rise': 0.0048674955032765865, 'actual_return': -0.011858700390340204, 'pnl': -72.10202269885907, 'exit_reason': 'scheduled'}, {'date': Timestamp('2017-07-10 00:00:00'), 'exit_date': Timestamp('2017-07-17 00:00:00'), 'ticker': 'PCLN', 'sector': 'Services', 'allocated_amount': 6080.094810186077, 'prob_up': 0.8126603960990906, 'expected_rise': 0.004555786494165659, 'actual_return': 0.012300847979647367, 'pnl': 74.79032196194184, 'exit_reason': 'scheduled'}, {'date': Timestamp('2017-07-10 00:00:00'), 'exit_date': Timestamp('2017-07-17 00:00:00'), 'ticker': 'BA', 'sector': 'Industrial Goods', 'allocated_amount': 6044.576621727028, 'prob_up': 0.7740138173103333, 'expected_rise': 0.002256757114082575, 'actual_return': 0.024710692425108594, 'pnl': 149.36567373949856, 'exit_reason': 'scheduled'}]","[{'ticker': 'VZ', 'sector': 'Technology', 'prob_up': 0.9709129333496094, 'predicted_prob': 0.9709129333496094, 'expected_rise': 0.006124718114733696, 'bucket_idx': 5, 'investment_fraction': 0.1, 'investment_amount': 6143.938379515039, 'allocated_amount': 6143.938379515039, 'exit_date': Timestamp('2017-07-24 00:00:00')}, {'ticker': 'CMCSA', 'sector': 'Services', 'prob_up': 0.9547611474990845, 'predicted_prob': 0.9547611474990845, 'expected_rise': 0.005105885211378336, 'bucket_idx': 5, 'investment_fraction': 0.1, 'investment_amount': 6143.938379515039, 'allocated_amount': 6143.938379515039, 'exit_date': Timestamp('2017-07-24 00:00:00')}, {'ticker': 'NEE', 'sector': 'Utilities', 'prob_up': 0.9018336534500122, 'predicted_prob': 0.9018336534500122, 'expected_rise': 0.006230617873370647, 'bucket_idx': 5, 'investment_fraction': 0.1, 'investment_amount': 6143.938379515039, 'allocated_amount': 6143.938379515039, 'exit_date': Timestamp('2017-07-24 00:00:00')}, {'ticker': 'SNP', 'sector': 'Basic Matierials', 'prob_up': 0.8676890134811401, 'predicted_prob': 0.8676890134811401, 'expected_rise': 0.00477054575458169, 'bucket_idx': 5, 'investment_fraction': 0.1, 'investment_amount': 6143.938379515039, 'allocated_amount': 6143.938379515039, 'exit_date': Timestamp('2017-07-24 00:00:00')}, {'ticker': 'DHR', 'sector': 'Industrial Goods', 'prob_up': 0.8338733315467834, 'predicted_prob': 0.8338733315467834, 'expected_rise': 0.004954734817147255, 'bucket_idx': 5, 'investment_fraction': 0.1, 'investment_amount': 6143.938379515039, 'allocated_amount': 6059.6961890807725, 'exit_date': Timestamp('2017-07-24 00:00:00')}]",5,100000.0,853,True,False,42,/mnt/primary/simulation/trained_models_multiclass_meta,12,12,0.2,0.3,200,5,60,1.0,0.0001,0.3,True,True,0.3,0.7,0.3,0.5,0.5,0.1,3,100.0,0.5,"[[0.08, 0.6], [0.15, 0.35]]",meta_emotion,nlp,0.1259823649942869,GRU,6,coral,20,128,128,2,0.3,0.3,0.0005466347365856,0.0003650001848317,64,50,10,0.0041366748730481,5,0.8,5,0.1411251559858494,0.7276744145783006,1.793808725179512,21,0.2057532757859396,0.7138661773078487,21,0.0647282490194046,4
2017-07-18,41229.774838208934,30781.23598771289,102604.11995904293,102604.11995904293,-75.66033432196224,-0.0007368571894660336,0,KELLY_ONLY,27329.821110124525,10448.538850496048,False,False,,"[{'date': Timestamp('2017-07-11 00:00:00'), 'exit_date': Timestamp('2017-07-18 00:00:00'), 'ticker': 'HRG', 'sector': 'Conglomerates', 'allocated_amount': 4096.136390297202, 'prob_up': 0.9059500098228455, 'expected_rise': 0.006176677066832781, 'actual_return': -0.007458462421113032, 'pnl': -30.550879338785265, 'exit_reason': 'scheduled'}, {'date': Timestamp('2017-07-11 00:00:00'), 'exit_date': Timestamp('2017-07-18 00:00:00'), 'ticker': 'SNP', 'sector': 'Basic Matierials', 'allocated_amount': 4096.136390297202, 'prob_up': 0.8734906911849976, 'expected_rise': 0.0049035511910915375, 'actual_return': -0.011645712972174538, 'pnl': -47.70242869628031, 'exit_reason': 'scheduled'}, {'date': Timestamp('2017-07-11 00:00:00'), 'exit_date': Timestamp('2017-07-18 00:00:00'), 'ticker': 'MRK', 'sector': 'Healthcare', 'allocated_amount': 2309.228303927026, 'prob_up': 0.8316223621368408, 'expected_rise': 0.0030455319210886955, 'actual_return': 0.0011228745588705014, 'pnl': 2.5929737131033352, 'exit_reason': 'scheduled'}]","[{'ticker': 'PTR', 'sector': 'Basic Matierials', 'prob_up': 0.9953481554985046, 'predicted_prob': 0.9953481554985046, 'expected_rise': 0.011091122403740883, 'bucket_idx': 5, 'investment_fraction': 0.1, 'investment_amount': 4122.977483820893, 'allocated_amount': 4122.977483820893, 'exit_date': Timestamp('2017-07-25 00:00:00')}, {'ticker': 'VZ', 'sector': 'Technology', 'prob_up': 0.9751752614974976, 'predicted_prob': 0.9751752614974976, 'expected_rise': 0.006232861429452896, 'bucket_idx': 5, 'investment_fraction': 0.1, 'investment_amount': 4122.977483820893, 'allocated_amount': 4122.977483820893, 'exit_date': Timestamp('2017-07-25 00:00:00')}, {'ticker': 'PM', 'sector': 'Consumer Goods', 'prob_up': 0.8030369877815247, 'predicted_prob': 0.8030369877815247, 'expected_rise': 0.0030157261062413454, 'bucket_idx': 5, 'investment_fraction': 0.1, 'investment_amount': 4122.977483820893, 'allocated_amount': 2202.583882854262, 'exit_date': Timestamp('2017-07-25 00:00:00')}]",5,100000.0,853,True,False,42,/mnt/primary/simulation/trained_models_multiclass_meta,12,12,0.2,0.3,200,5,60,1.0,0.0001,0.3,True,True,0.3,0.7,0.3,0.5,0.5,0.1,3,100.0,0.5,"[[0.08, 0.6], [0.15, 0.35]]",meta_emotion,nlp,0.1259823649942869,GRU,6,coral,20,128,128,2,0.3,0.3,0.0005466347365856,0.0003650001848317,64,50,10,0.0041366748730481,5,0.8,5,0.1411251559858494,0.7276744145783006,1.793808725179512,21,0.2057532757859396,0.7138661773078487,21,0.0647282490194046,4
2017-07-19,30781.23598771289,30781.23598771289,102604.11995904293,102604.11995904293,0.0,0.0,0,KELLY_ONLY,17793.78540601917,0.0,False,False,,[],[],5,100000.0,853,True,False,42,/mnt/primary/simulation/trained_models_multiclass_meta,12,12,0.2,0.3,200,5,60,1.0,0.0001,0.3,True,True,0.3,0.7,0.3,0.5,0.5,0.1,3,100.0,0.5,"[[0.08, 0.6], [0.15, 0.35]]",meta_emotion,nlp,0.1259823649942869,GRU,6,coral,20,128,128,2,0.3,0.3,0.0005466347365856,0.0003650001848317,64,50,10,0.0041366748730481,5,0.8,5,0.1411251559858494,0.7276744145783006,1.793808725179512,21,0.2057532757859396,0.7138661773078487,21,0.0647282490194046,4
2017-07-20,30781.23598771289,30781.23598771289,102604.11995904293,102604.11995904293,0.0,0.0,0,KELLY_ONLY,22672.083958707895,0.0,False,False,,[],[],5,100000.0,853,True,False,42,/mnt/primary/simulation/trained_models_multiclass_meta,12,12,0.2,0.3,200,5,60,1.0,0.0001,0.3,True,True,0.3,0.7,0.3,0.5,0.5,0.1,3,100.0,0.5,"[[0.08, 0.6], [0.15, 0.35]]",meta_emotion,nlp,0.1259823649942869,GRU,6,coral,20,128,128,2,0.3,0.3,0.0005466347365856,0.0003650001848317,64,50,10,0.0041366748730481,5,0.8,5,0.1411251559858494,0.7276744145783006,1.793808725179512,21,0.2057532757859396,0.7138661773078487,21,0.0647282490194046,4
2017-07-21,61695.726586112316,30861.812042987534,102779.71514374929,102779.71514374929,175.59518470634666,0.0017113853203598595,0,KELLY_ONLY,49016.16089943687,30833.914543124785,False,False,,"[{'date': Timestamp('2017-07-14 00:00:00'), 'exit_date': Timestamp('2017-07-21 00:00:00'), 'ticker': 'PTR', 'sector': 'Basic Matierials', 'allocated_amount': 6159.652776531749, 'prob_up': 0.9937301874160767, 'expected_rise': 0.010998288169503212, 'actual_return': -0.005084207262221252, 'pnl': -31.316951379204014, 'exit_reason': 'scheduled'}, {'date': Timestamp('2017-07-14 00:00:00'), 'exit_date': Timestamp('2017-07-21 00:00:00'), 'ticker': 'VZ', 'sector': 'Technology', 'allocated_amount': 6159.652776531749, 'prob_up': 0.9695140719413757, 'expected_rise': 0.0060897343792021275, 'actual_return': 0.015381060252960044, 'pnl': 94.74199049314745, 'exit_reason': 'scheduled'}, {'date': Timestamp('2017-07-14 00:00:00'), 'exit_date': Timestamp('2017-07-21 00:00:00'), 'ticker': 'UN', 'sector': 'Consumer Goods', 'allocated_amount': 6159.652776531749, 'prob_up': 0.9547126889228821, 'expected_rise': 0.005148761905729771, 'actual_return': 0.021800245748940794, 'pnl': 134.28194425653763, 'exit_reason': 'scheduled'}, {'date': Timestamp('2017-07-14 00:00:00'), 'exit_date': Timestamp('2017-07-21 00:00:00'), 'ticker': 'NEE', 'sector': 'Utilities', 'allocated_amount': 6159.652776531749, 'prob_up': 0.9132671356201172, 'expected_rise': 0.006394584197551012, 'actual_return': 0.019130247942108047, 'pnl': 117.8356848523466, 'exit_reason': 'scheduled'}, {'date': Timestamp('2017-07-14 00:00:00'), 'exit_date': Timestamp('2017-07-21 00:00:00'), 'ticker': 'DHR', 'sector': 'Industrial Goods', 'allocated_amount': 6100.2843075660785, 'prob_up': 0.8306048512458801, 'expected_rise': 0.004930492490530014, 'actual_return': -0.022941141176470503, 'pnl': -139.94748351648101, 'exit_reason': 'scheduled'}]","[{'ticker': 'VZ', 'sector': 'Technology', 'prob_up': 0.9830843806266785, 'predicted_prob': 0.9830843806266785, 'expected_rise': 0.006439939606934786, 'bucket_idx': 5, 'investment_fraction': 0.1, 'investment_amount': 6169.572658611231, 'allocated_amount': 6169.572658611231, 'exit_date': Timestamp('2017-07-28 00:00:00')}, {'ticker': 'AEP', 'sector': 'Utilities', 'prob_up': 0.9234799146652222, 'predicted_prob': 0.9234799146652222, 'expected_rise': 0.005797559395432472, 'bucket_idx': 5, 'investment_fraction': 0.1, 'investment_amount': 6169.572658611231, 'allocated_amount': 6169.572658611231, 'exit_date': Timestamp('2017-07-28 00:00:00')}, {'ticker': 'HRG', 'sector': 'Conglomerates', 'prob_up': 0.8630292415618896, 'predicted_prob': 0.8630292415618896, 'expected_rise': 0.005735474172979593, 'bucket_idx': 5, 'investment_fraction': 0.1, 'investment_amount': 6169.572658611231, 'allocated_amount': 6169.572658611231, 'exit_date': Timestamp('2017-07-28 00:00:00')}, {'ticker': 'PM', 'sector': 'Consumer Goods', 'prob_up': 0.7890681028366089, 'predicted_prob': 0.7890681028366089, 'expected_rise': 0.002938278019428253, 'bucket_idx': 5, 'investment_fraction': 0.1, 'investment_amount': 6169.572658611231, 'allocated_amount': 6169.572658611231, 'exit_date': Timestamp('2017-07-28 00:00:00')}, {'ticker': 'PCLN', 'sector': 'Services', 'prob_up': 0.7683348655700684, 'predicted_prob': 0.7683348655700684, 'expected_rise': 0.0037658624351024628, 'bucket_idx': 5, 'investment_fraction': 0.1, 'investment_amount': 6169.572658611231, 'allocated_amount': 6155.62390867986, 'exit_date': Timestamp('2017-07-28 00:00:00')}]",5,100000.0,853,True,False,42,/mnt/primary/simulation/trained_models_multiclass_meta,12,12,0.2,0.3,200,5,60,1.0,0.0001,0.3,True,True,0.3,0.7,0.3,0.5,0.5,0.1,3,100.0,0.5,"[[0.08, 0.6], [0.15, 0.35]]",meta_emotion,nlp,0.1259823649942869,GRU,6,coral,20,128,128,2,0.3,0.3,0.0005466347365856,0.0003650001848317,64,50,10,0.0041366748730481,5,0.8,5,0.1411251559858494,0.7276744145783006,1.793808725179512,21,0.2057532757859396,0.7138661773078487,21,0.0647282490194046,4
2017-07-24,61470.237032279256,30825.807127770036,102752.69042590009,102752.69042590009,-27.02471784920769,-0.0002629382442965733,0,KELLY_ONLY,43617.150862051596,30644.42990450922,False,False,,"[{'date': Timestamp('2017-07-17 00:00:00'), 'exit_date': Timestamp('2017-07-24 00:00:00'), 'ticker': 'VZ', 'sector': 'Technology', 'allocated_amount': 6143.938379515039, 'prob_up': 0.9709129333496094, 'expected_rise': 0.006124718114733696, 'actual_return': 0.00114519010535985, 'pnl': 7.035977440161254, 'exit_reason': 'scheduled'}, {'date': Timestamp('2017-07-17 00:00:00'), 'exit_date': Timestamp('2017-07-24 00:00:00'), 'ticker': 'CMCSA', 'sector': 'Services', 'allocated_amount': 6143.938379515039, 'prob_up': 0.9547611474990845, 'expected_rise': 0.005105885211378336, 'actual_return': 0.0068877549263328675, 'pnl': 42.31794184059029, 'exit_reason': 'scheduled'}, {'date': Timestamp('2017-07-17 00:00:00'), 'exit_date': Timestamp('2017-07-24 00:00:00'), 'ticker': 'NEE', 'sector': 'Utilities', 'allocated_amount': 6143.938379515039, 'prob_up': 0.9018336534500122, 'expected_rise': 0.006230617873370647, 'actual_return': 0.015464233415164674, 'pnl': 95.01129718920916, 'exit_reason': 'scheduled'}, {'date': Timestamp('2017-07-17 00:00:00'), 'exit_date': Timestamp('2017-07-24 00:00:00'), 'ticker': 'SNP', 'sector': 'Basic Matierials', 'allocated_amount': 6143.938379515039, 'prob_up': 0.8676890134811401, 'expected_rise': 0.00477054575458169, 'actual_return': 0.00026084005943971533, 'pnl': 1.602585252106651, 'exit_reason': 'scheduled'}, {'date': Timestamp('2017-07-17 00:00:00'), 'exit_date': Timestamp('2017-07-24 00:00:00'), 'ticker': 'DHR', 'sector': 'Industrial Goods', 'allocated_amount': 6059.6961890807725, 'prob_up': 0.8338733315467834, 'expected_rise': 0.004954734817147255, 'actual_return': -0.028548051614039283, 'pnl': -172.99251957127504, 'exit_reason': 'scheduled'}]","[{'ticker': 'PTR', 'sector': 'Basic Matierials', 'prob_up': 0.9965499639511108, 'predicted_prob': 0.9965499639511108, 'expected_rise': 0.011160839349031448, 'bucket_idx': 5, 'investment_fraction': 0.1, 'investment_amount': 6147.023703227926, 'allocated_amount': 6147.023703227926, 'exit_date': Timestamp('2017-07-31 00:00:00')}, {'ticker': 'UN', 'sector': 'Consumer Goods', 'prob_up': 0.950595498085022, 'predicted_prob': 0.950595498085022, 'expected_rise': 0.005100560374557972, 'bucket_idx': 5, 'investment_fraction': 0.1, 'investment_amount': 6147.023703227926, 'allocated_amount': 6147.023703227926, 'exit_date': Timestamp('2017-07-31 00:00:00')}, {'ticker': 'NEE', 'sector': 'Utilities', 'prob_up': 0.7768425345420837, 'predicted_prob': 0.7768425345420837, 'expected_rise': 0.004760828800499439, 'bucket_idx': 5, 'investment_fraction': 0.1, 'investment_amount': 6147.023703227926, 'allocated_amount': 6147.023703227926, 'exit_date': Timestamp('2017-07-31 00:00:00')}, {'ticker': 'DHR', 'sector': 'Industrial Goods', 'prob_up': 0.7365403175354004, 'predicted_prob': 0.7365403175354004, 'expected_rise': 0.004262146539986134, 'bucket_idx': 5, 'investment_fraction': 0.1, 'investment_amount': 6147.023703227926, 'allocated_amount': 6147.023703227926, 'exit_date': Timestamp('2017-07-31 00:00:00')}, {'ticker': 'TSM', 'sector': 'Technology', 'prob_up': 0.7345373630523682, 'predicted_prob': 0.7345373630523682, 'expected_rise': 0.006077201571315527, 'bucket_idx': 5, 'investment_fraction': 0.09917314110403741, 'investment_amount': 6096.196490900857, 'allocated_amount': 6056.335091597517, 'exit_date': Timestamp('2017-07-31 00:00:00')}]",5,100000.0,853,True,False,42,/mnt/primary/simulation/trained_models_multiclass_meta,12,12,0.2,0.3,200,5,60,1.0,0.0001,0.3,True,True,0.3,0.7,0.3,0.5,0.5,0.1,3,100.0,0.5,"[[0.08, 0.6], [0.15, 0.35]]",meta_emotion,nlp,0.1259823649942869,GRU,6,coral,20,128,128,2,0.3,0.3,0.0005466347365856,0.0003650001848317,64,50,10,0.0041366748730481,5,0.8,5,0.1411251559858494,0.7276744145783006,1.793808725179512,21,0.2057532757859396,0.7138661773078487,21,0.0647282490194046,4
2017-07-25,41321.47626126683,30839.946212670257,102799.82070890084,102799.82070890084,47.13028300074472,0.00045867687556788717,0,KELLY_ONLY,31867.842948126246,10481.530048596576,False,False,,"[{'date': Timestamp('2017-07-18 00:00:00'), 'exit_date': Timestamp('2017-07-25 00:00:00'), 'ticker': 'PTR', 'sector': 'Basic Matierials', 'allocated_amount': 4122.977483820893, 'prob_up': 0.9953481554985046, 'expected_rise': 0.011091122403740883, 'actual_return': 0.005258996015936157, 'pnl': 21.68272216120856, 'exit_reason': 'scheduled'}, {'date': Timestamp('2017-07-18 00:00:00'), 'exit_date': Timestamp('2017-07-25 00:00:00'), 'ticker': 'VZ', 'sector': 'Technology', 'allocated_amount': 4122.977483820893, 'prob_up': 0.9751752614974976, 'expected_rise': 0.006232861429452896, 'actual_return': 0.014298869596428343, 'pnl': 58.9539173901652, 'exit_reason': 'scheduled'}, {'date': Timestamp('2017-07-18 00:00:00'), 'exit_date': Timestamp('2017-07-25 00:00:00'), 'ticker': 'PM', 'sector': 'Consumer Goods', 'allocated_amount': 2202.583882854262, 'prob_up': 0.8030369877815247, 'expected_rise': 0.0030157261062413454, 'actual_return': -0.015212295346140992, 'pnl': -33.50635655062904, 'exit_reason': 'scheduled'}]","[{'ticker': 'AEP', 'sector': 'Utilities', 'prob_up': 0.9869470596313477, 'predicted_prob': 0.9869470596313477, 'expected_rise': 0.006367713678628206, 'bucket_idx': 5, 'investment_fraction': 0.1, 'investment_amount': 4132.147626126683, 'allocated_amount': 4132.147626126683, 'exit_date': Timestamp('2017-08-01 00:00:00')}, {'ticker': 'VZ', 'sector': 'Technology', 'prob_up': 0.9763205647468567, 'predicted_prob': 0.9763205647468567, 'expected_rise': 0.006262324750423431, 'bucket_idx': 5, 'investment_fraction': 0.1, 'investment_amount': 4132.147626126683, 'allocated_amount': 4132.147626126683, 'exit_date': Timestamp('2017-08-01 00:00:00')}, {'ticker': 'UN', 'sector': 'Consumer Goods', 'prob_up': 0.95453280210495, 'predicted_prob': 0.95453280210495, 'expected_rise': 0.005146645940840244, 'bucket_idx': 5, 'investment_fraction': 0.1, 'investment_amount': 4132.147626126683, 'allocated_amount': 2217.234796343211, 'exit_date': Timestamp('2017-08-01 00:00:00')}]",5,100000.0,853,True,False,42,/mnt/primary/simulation/trained_models_multiclass_meta,12,12,0.2,0.3,200,5,60,1.0,0.0001,0.3,True,True,0.3,0.7,0.3,0.5,0.5,0.1,3,100.0,0.5,"[[0.08, 0.6], [0.15, 0.35]]",meta_emotion,nlp,0.1259823649942869,GRU,6,coral,20,128,128,2,0.3,0.3,0.0005466347365856,0.0003650001848317,64,50,10,0.0041366748730481,5,0.8,5,0.1411251559858494,0.7276744145783006,1.793808725179512,21,0.2057532757859396,0.7138661773078487,21,0.0647282490194046,4
2017-07-26,30839.946212670257,30839.946212670257,102799.82070890084,102799.82070890084,0.0,0.0,0,KELLY_ONLY,25550.410721265434,0.0,False,False,,[],[],5,100000.0,853,True,False,42,/mnt/primary/simulation/trained_models_multiclass_meta,12,12,0.2,0.3,200,5,60,1.0,0.0001,0.3,True,True,0.3,0.7,0.3,0.5,0.5,0.1,3,100.0,0.5,"[[0.08, 0.6], [0.15, 0.35]]",meta_emotion,nlp,0.1259823649942869,GRU,6,coral,20,128,128,2,0.3,0.3,0.0005466347365856,0.0003650001848317,64,50,10,0.0041366748730481,5,0.8,5,0.1411251559858494,0.7276744145783006,1.793808725179512,21,0.2057532757859396,0.7138661773078487,21,0.0647282490194046,4
2017-07-27,30839.946212670257,30839.946212670257,102799.82070890084,102799.82070890084,0.0,0.0,0,KELLY_ONLY,21054.549376236926,0.0,False,False,,[],[],5,100000.0,853,True,False,42,/mnt/primary/simulation/trained_models_multiclass_meta,12,12,0.2,0.3,200,5,60,1.0,0.0001,0.3,True,True,0.3,0.7,0.3,0.5,0.5,0.1,3,100.0,0.5,"[[0.08, 0.6], [0.15, 0.35]]",meta_emotion,nlp,0.1259823649942869,GRU,6,coral,20,128,128,2,0.3,0.3,0.0005466347365856,0.0003650001848317,64,50,10,0.0041366748730481,5,0.8,5,0.1411251559858494,0.7276744145783006,1.793808725179512,21,0.2057532757859396,0.7138661773078487,21,0.0647282490194046,4
2017-07-28,62024.31374651952,31079.231636631925,103150.27369962531,103150.2736996253,350.4529907244685,0.003409081730957997,0,KELLY_ONLY,33988.25865293447,30945.082109887586,False,False,,"[{'date': Timestamp('2017-07-21 00:00:00'), 'exit_date': Timestamp('2017-07-28 00:00:00'), 'ticker': 'VZ', 'sector': 'Technology', 'allocated_amount': 6169.572658611231, 'prob_up': 0.9830843806266785, 'expected_rise': 0.006439939606934786, 'actual_return': 0.08387969703820941, 'pnl': 517.5018854595303, 'exit_reason': 'scheduled'}, {'date': Timestamp('2017-07-21 00:00:00'), 'exit_date': Timestamp('2017-07-28 00:00:00'), 'ticker': 'AEP', 'sector': 'Utilities', 'allocated_amount': 6169.572658611231, 'prob_up': 0.9234799146652222, 'expected_rise': 0.005797559395432472, 'actual_return': 0.006430365543139693, 'pnl': 39.672607439830415, 'exit_reason': 'scheduled'}, {'date': Timestamp('2017-07-21 00:00:00'), 'exit_date': Timestamp('2017-07-28 00:00:00'), 'ticker': 'HRG', 'sector': 'Conglomerates', 'allocated_amount': 6169.572658611231, 'prob_up': 0.8630292415618896, 'expected_rise': 0.005735474172979593, 'actual_return': -0.0391479539926336, 'pnl': -241.52614659352264, 'exit_reason': 'scheduled'}, {'date': Timestamp('2017-07-21 00:00:00'), 'exit_date': Timestamp('2017-07-28 00:00:00'), 'ticker': 'PM', 'sector': 'Consumer Goods', 'allocated_amount': 6169.572658611231, 'prob_up': 0.7890681028366089, 'expected_rise': 0.002938278019428253, 'actual_return': -0.00894798446315459, 'pnl': -55.205240293556656, 'exit_reason': 'scheduled'}, {'date': Timestamp('2017-07-21 00:00:00'), 'exit_date': Timestamp('2017-07-28 00:00:00'), 'ticker': 'PCLN', 'sector': 'Services', 'allocated_amount': 6155.62390867986, 'prob_up': 0.7683348655700684, 'expected_rise': 0.0037658624351024628, 'actual_return': 0.014622382076537654, 'pnl': 90.00988471218704, 'exit_reason': 'scheduled'}]","[{'ticker': 'UN', 'sector': 'Consumer Goods', 'prob_up': 0.9650492072105408, 'predicted_prob': 0.9650492072105408, 'expected_rise': 0.005272033624351025, 'bucket_idx': 5, 'investment_fraction': 0.1, 'investment_amount': 6202.431374651951, 'allocated_amount': 6202.431374651951, 'exit_date': Timestamp('2017-08-04 00:00:00')}, {'ticker': 'WFC', 'sector': 'Financial', 'prob_up': 0.8086463809013367, 'predicted_prob': 0.8086463809013367, 'expected_rise': 0.0011499370448291302, 'bucket_idx': 5, 'investment_fraction': 0.1, 'investment_amount': 6202.431374651951, 'allocated_amount': 6202.431374651951, 'exit_date': Timestamp('2017-08-04 00:00:00')}, {'ticker': 'PCLN', 'sector': 'Services', 'prob_up': 0.7498310208320618, 'predicted_prob': 0.7498310208320618, 'expected_rise': 0.003458870342001319, 'bucket_idx': 5, 'investment_fraction': 0.1, 'investment_amount': 6202.431374651951, 'allocated_amount': 6202.431374651951, 'exit_date': Timestamp('2017-08-04 00:00:00')}, {'ticker': 'TSM', 'sector': 'Technology', 'prob_up': 0.7196529507637024, 'predicted_prob': 0.7196529507637024, 'expected_rise': 0.006031505763530731, 'bucket_idx': 5, 'investment_fraction': 0.0933900877020516, 'investment_amount': 5792.4561004470215, 'allocated_amount': 5792.4561004470215, 'exit_date': Timestamp('2017-08-04 00:00:00')}, {'ticker': 'SLB', 'sector': 'Basic Matierials', 'prob_up': 0.6581340432167053, 'predicted_prob': 0.6581340432167053, 'expected_rise': 0.0016628231387585402, 'bucket_idx': 5, 'investment_fraction': 0.06471478179966274, 'investment_amount': 4013.889930379832, 'allocated_amount': 4013.889930379832, 'exit_date': Timestamp('2017-08-04 00:00:00')}, {'ticker': 'REX', 'sector': 'Conglomerates', 'prob_up': 0.5860538482666016, 'predicted_prob': 0.5860538482666016, 'expected_rise': 0.005588795989751816, 'bucket_idx': 5, 'investment_fraction': 0.04460528476202751, 'investment_amount': 2766.6121768328403, 'allocated_amount': 2531.4419551048813, 'exit_date': Timestamp('2017-08-04 00:00:00')}]",5,100000.0,853,True,False,42,/mnt/primary/simulation/trained_models_multiclass_meta,12,12,0.2,0.3,200,5,60,1.0,0.0001,0.3,True,True,0.3,0.7,0.3,0.5,0.5,0.1,3,100.0,0.5,"[[0.08, 0.6], [0.15, 0.35]]",meta_emotion,nlp,0.1259823649942869,GRU,6,coral,20,128,128,2,0.3,0.3,0.0005466347365856,0.0003650001848317,64,50,10,0.0041366748730481,5,0.8,5,0.1411251559858494,0.7276744145783006,1.793808725179512,21,0.2057532757859396,0.7138661773078487,21,0.0647282490194046,4
2017-07-31,61936.39830365166,31008.903138640744,103363.01046213582,103363.01046213582,212.73676251050915,0.0020623964908712544,0,KELLY_ONLY,46039.09979606152,30927.495165010914,False,False,,"[{'date': Timestamp('2017-07-24 00:00:00'), 'exit_date': Timestamp('2017-07-31 00:00:00'), 'ticker': 'PTR', 'sector': 'Basic Matierials', 'allocated_amount': 6147.023703227926, 'prob_up': 0.9965499639511108, 'expected_rise': 0.011160839349031448, 'actual_return': 0.029969727403156288, 'pnl': 184.2246247264812, 'exit_reason': 'scheduled'}, {'date': Timestamp('2017-07-24 00:00:00'), 'exit_date': Timestamp('2017-07-31 00:00:00'), 'ticker': 'UN', 'sector': 'Consumer Goods', 'allocated_amount': 6147.023703227926, 'prob_up': 0.950595498085022, 'expected_rise': 0.005100560374557972, 'actual_return': 0.009720482386383011, 'pnl': 59.75203563590592, 'exit_reason': 'scheduled'}, {'date': Timestamp('2017-07-24 00:00:00'), 'exit_date': Timestamp('2017-07-31 00:00:00'), 'ticker': 'NEE', 'sector': 'Utilities', 'allocated_amount': 6147.023703227926, 'prob_up': 0.7768425345420837, 'expected_rise': 0.004760828800499439, 'actual_return': 0.020537912142699843, 'pnl': 126.24703275598857, 'exit_reason': 'scheduled'}, {'date': Timestamp('2017-07-24 00:00:00'), 'exit_date': Timestamp('2017-07-31 00:00:00'), 'ticker': 'DHR', 'sector': 'Industrial Goods', 'allocated_amount': 6147.023703227926, 'prob_up': 0.7365403175354004, 'expected_rise': 0.004262146539986134, 'actual_return': -0.018547525214350546, 'pnl': -114.01207712883043, 'exit_reason': 'scheduled'}, {'date': Timestamp('2017-07-24 00:00:00'), 'exit_date': Timestamp('2017-07-31 00:00:00'), 'ticker': 'TSM', 'sector': 'Technology', 'allocated_amount': 6056.335091597517, 'prob_up': 0.7345373630523682, 'expected_rise': 0.006077201571315527, 'actual_return': -0.007178409520198548, 'pnl': -43.474853479036156, 'exit_reason': 'scheduled'}]","[{'ticker': 'AEP', 'sector': 'Utilities', 'prob_up': 0.9980204105377197, 'predicted_prob': 0.9980204105377197, 'expected_rise': 0.006469256244599819, 'bucket_idx': 5, 'investment_fraction': 0.1, 'investment_amount': 6193.639830365166, 'allocated_amount': 6193.639830365166, 'exit_date': Timestamp('2017-08-07 00:00:00')}, {'ticker': 'VZ', 'sector': 'Technology', 'prob_up': 0.9626114368438721, 'predicted_prob': 0.9626114368438721, 'expected_rise': 0.005920628551393747, 'bucket_idx': 5, 'investment_fraction': 0.1, 'investment_amount': 6193.639830365166, 'allocated_amount': 6193.639830365166, 'exit_date': Timestamp('2017-08-07 00:00:00')}, {'ticker': 'GE', 'sector': 'Industrial Goods', 'prob_up': 0.9481675624847412, 'predicted_prob': 0.9481675624847412, 'expected_rise': 0.0038675384130328894, 'bucket_idx': 5, 'investment_fraction': 0.1, 'investment_amount': 6193.639830365166, 'allocated_amount': 6193.639830365166, 'exit_date': Timestamp('2017-08-07 00:00:00')}, {'ticker': 'V', 'sector': 'Financial', 'prob_up': 0.9176057577133179, 'predicted_prob': 0.9176057577133179, 'expected_rise': 0.007815548218786716, 'bucket_idx': 5, 'investment_fraction': 0.1, 'investment_amount': 6193.639830365166, 'allocated_amount': 6193.639830365166, 'exit_date': Timestamp('2017-08-07 00:00:00')}, {'ticker': 'PCLN', 'sector': 'Services', 'prob_up': 0.749004602432251, 'predicted_prob': 0.749004602432251, 'expected_rise': 0.0034454483538866043, 'bucket_idx': 5, 'investment_fraction': 0.1, 'investment_amount': 6193.639830365166, 'allocated_amount': 6152.935843550251, 'exit_date': Timestamp('2017-08-07 00:00:00')}]",5,100000.0,853,True,False,42,/mnt/primary/simulation/trained_models_multiclass_meta,12,12,0.2,0.3,200,5,60,1.0,0.0001,0.3,True,True,0.3,0.7,0.3,0.5,0.5,0.1,3,100.0,0.5,"[[0.08, 0.6], [0.15, 0.35]]",meta_emotion,nlp,0.1259823649942869,GRU,6,coral,20,128,128,2,0.3,0.3,0.0005466347365856,0.0003650001848317,64,50,10,0.0041366748730481,5,0.8,5,0.1411251559858494,0.7276744145783006,1.793808725179512,21,0.2057532757859396,0.7138661773078487,21,0.0647282490194046,4
2017-08-01,42071.6478780724,31183.267545891264,103944.2251529709,103944.2251529709,581.214690835079,0.005623043371477676,0,KELLY_ONLY,33159.671871109604,10888.380332181127,False,False,,"[{'date': Timestamp('2017-07-25 00:00:00'), 'exit_date': Timestamp('2017-08-01 00:00:00'), 'ticker': 'AEP', 'sector': 'Utilities', 'allocated_amount': 4132.147626126683, 'prob_up': 0.9869470596313477, 'expected_rise': 0.006367713678628206, 'actual_return': 0.0258571630364417, 'pnl': 106.84561485940317, 'exit_reason': 'scheduled'}, {'date': Timestamp('2017-07-25 00:00:00'), 'exit_date': Timestamp('2017-08-01 00:00:00'), 'ticker': 'VZ', 'sector': 'Technology', 'allocated_amount': 4132.147626126683, 'prob_up': 0.9763205647468567, 'expected_rise': 0.006262324750423431, 'actual_return': 0.11164163256025472, 'pnl': 461.3197069607639, 'exit_reason': 'scheduled'}, {'date': Timestamp('2017-07-25 00:00:00'), 'exit_date': Timestamp('2017-08-01 00:00:00'), 'ticker': 'UN', 'sector': 'Consumer Goods', 'allocated_amount': 2217.234796343211, 'prob_up': 0.95453280210495, 'expected_rise': 0.005146645940840244, 'actual_return': 0.005885424961052266, 'pnl': 13.049369014911973, 'exit_reason': 'scheduled'}]","[{'ticker': 'AEP', 'sector': 'Utilities', 'prob_up': 0.9984941482543945, 'predicted_prob': 0.9984941482543945, 'expected_rise': 0.006473612505942583, 'bucket_idx': 5, 'investment_fraction': 0.1, 'investment_amount': 4207.164787807239, 'allocated_amount': 4207.164787807239, 'exit_date': Timestamp('2017-08-08 00:00:00')}, {'ticker': 'PTR', 'sector': 'Basic Matierials', 'prob_up': 0.9969390630722046, 'predicted_prob': 0.9969390630722046, 'expected_rise': 0.011183547787368298, 'bucket_idx': 5, 'investment_fraction': 0.1, 'investment_amount': 4207.164787807239, 'allocated_amount': 4207.164787807239, 'exit_date': Timestamp('2017-08-08 00:00:00')}, {'ticker': 'VZ', 'sector': 'Technology', 'prob_up': 0.9653603434562683, 'predicted_prob': 0.9653603434562683, 'expected_rise': 0.005987280979752541, 'bucket_idx': 5, 'investment_fraction': 0.1, 'investment_amount': 4207.164787807239, 'allocated_amount': 2474.0507565666485, 'exit_date': Timestamp('2017-08-08 00:00:00')}]",5,100000.0,853,True,False,42,/mnt/primary/simulation/trained_models_multiclass_meta,12,12,0.2,0.3,200,5,60,1.0,0.0001,0.3,True,True,0.3,0.7,0.3,0.5,0.5,0.1,3,100.0,0.5,"[[0.08, 0.6], [0.15, 0.35]]",meta_emotion,nlp,0.1259823649942869,GRU,6,coral,20,128,128,2,0.3,0.3,0.0005466347365856,0.0003650001848317,64,50,10,0.0041366748730481,5,0.8,5,0.1411251559858494,0.7276744145783006,1.793808725179512,21,0.2057532757859396,0.7138661773078487,21,0.0647282490194046,4
2017-08-02,31183.26754589127,31183.267545891264,103944.2251529709,103944.2251529709,0.0,0.0,0,KELLY_ONLY,23197.679527664386,0.0,False,False,,[],[],5,100000.0,853,True,False,42,/mnt/primary/simulation/trained_models_multiclass_meta,12,12,0.2,0.3,200,5,60,1.0,0.0001,0.3,True,True,0.3,0.7,0.3,0.5,0.5,0.1,3,100.0,0.5,"[[0.08, 0.6], [0.15, 0.35]]",meta_emotion,nlp,0.1259823649942869,GRU,6,coral,20,128,128,2,0.3,0.3,0.0005466347365856,0.0003650001848317,64,50,10,0.0041366748730481,5,0.8,5,0.1411251559858494,0.7276744145783006,1.793808725179512,21,0.2057532757859396,0.7138661773078487,21,0.0647282490194046,4
2017-08-03,31183.26754589127,31183.267545891264,103944.2251529709,103944.2251529709,0.0,0.0,0,KELLY_ONLY,22333.032104555623,0.0,False,False,,[],[],5,100000.0,853,True,False,42,/mnt/primary/simulation/trained_models_multiclass_meta,12,12,0.2,0.3,200,5,60,1.0,0.0001,0.3,True,True,0.3,0.7,0.3,0.5,0.5,0.1,3,100.0,0.5,"[[0.08, 0.6], [0.15, 0.35]]",meta_emotion,nlp,0.1259823649942869,GRU,6,coral,20,128,128,2,0.3,0.3,0.0005466347365856,0.0003650001848317,64,50,10,0.0041366748730481,5,0.8,5,0.1411251559858494,0.7276744145783006,1.793808725179512,21,0.2057532757859396,0.7138661773078487,21,0.0647282490194046,4
2017-08-04,62022.51871697497,31151.518264250102,103838.39421416701,103838.39421416701,-105.83093880388427,-0.0010181512118460079,0,KELLY_ONLY,49159.0330225138,30871.000452724875,False,False,,"[{'date': Timestamp('2017-07-28 00:00:00'), 'exit_date': Timestamp('2017-08-04 00:00:00'), 'ticker': 'UN', 'sector': 'Consumer Goods', 'allocated_amount': 6202.431374651951, 'prob_up': 0.9650492072105408, 'expected_rise': 0.005272033624351025, 'actual_return': 0.0029289799633187563, 'pnl': 18.166797220215177, 'exit_reason': 'scheduled'}, {'date': Timestamp('2017-07-28 00:00:00'), 'exit_date': Timestamp('2017-08-04 00:00:00'), 'ticker': 'WFC', 'sector': 'Financial', 'allocated_amount': 6202.431374651951, 'prob_up': 0.8086463809013367, 'expected_rise': 0.0011499370448291302, 'actual_return': -0.008630375396442291, 'pnl': -53.529311133917936, 'exit_reason': 'scheduled'}, {'date': Timestamp('2017-07-28 00:00:00'), 'exit_date': Timestamp('2017-08-04 00:00:00'), 'ticker': 'PCLN', 'sector': 'Services', 'allocated_amount': 6202.431374651951, 'prob_up': 0.7498310208320618, 'expected_rise': 0.003458870342001319, 'actual_return': 0.004303212723985705, 'pnl': 26.690381611050427, 'exit_reason': 'scheduled'}, {'date': Timestamp('2017-07-28 00:00:00'), 'exit_date': Timestamp('2017-08-04 00:00:00'), 'ticker': 'TSM', 'sector': 'Technology', 'allocated_amount': 5792.4561004470215, 'prob_up': 0.7196529507637024, 'expected_rise': 0.006031505763530731, 'actual_return': 0.004740602210245415, 'pnl': 27.45973019252869, 'exit_reason': 'scheduled'}, {'date': Timestamp('2017-07-28 00:00:00'), 'exit_date': Timestamp('2017-08-04 00:00:00'), 'ticker': 'SLB', 'sector': 'Basic Matierials', 'allocated_amount': 4013.889930379832, 'prob_up': 0.6581340432167053, 'expected_rise': 0.0016628231387585402, 'actual_return': -0.01343847521820729, 'pnl': -53.94056035802116, 'exit_reason': 'scheduled'}, {'date': Timestamp('2017-07-28 00:00:00'), 'exit_date': Timestamp('2017-08-04 00:00:00'), 'ticker': 'REX', 'sector': 'Conglomerates', 'allocated_amount': 2531.4419551048813, 'prob_up': 0.5860538482666016, 'expected_rise': 0.005588795989751816, 'actual_return': -0.02792004619865407, 'pnl': -70.67797633573947, 'exit_reason': 'scheduled'}]","[{'ticker': 'AEP', 'sector': 'Utilities', 'prob_up': 0.9962702989578247, 'predicted_prob': 0.9962702989578247, 'expected_rise': 0.006453170906752348, 'bucket_idx': 5, 'investment_fraction': 0.1, 'investment_amount': 6202.251871697497, 'allocated_amount': 6202.251871697497, 'exit_date': Timestamp('2017-08-11 00:00:00')}, {'ticker': 'UN', 'sector': 'Consumer Goods', 'prob_up': 0.9751836657524109, 'predicted_prob': 0.9751836657524109, 'expected_rise': 0.0053962282836437225, 'bucket_idx': 5, 'investment_fraction': 0.1, 'investment_amount': 6202.251871697497, 'allocated_amount': 6202.251871697497, 'exit_date': Timestamp('2017-08-11 00:00:00')}, {'ticker': 'MRK', 'sector': 'Healthcare', 'prob_up': 0.7828405499458313, 'predicted_prob': 0.7828405499458313, 'expected_rise': 0.0027425989974290133, 'bucket_idx': 5, 'investment_fraction': 0.1, 'investment_amount': 6202.251871697497, 'allocated_amount': 6202.251871697497, 'exit_date': Timestamp('2017-08-11 00:00:00')}, {'ticker': 'HRG', 'sector': 'Conglomerates', 'prob_up': 0.7824284434318542, 'predicted_prob': 0.7824284434318542, 'expected_rise': 0.004983493592590094, 'bucket_idx': 5, 'investment_fraction': 0.1, 'investment_amount': 6202.251871697497, 'allocated_amount': 6202.251871697497, 'exit_date': Timestamp('2017-08-11 00:00:00')}, {'ticker': 'BBL', 'sector': 'Basic Matierials', 'prob_up': 0.7684760689735413, 'predicted_prob': 0.7684760689735413, 'expected_rise': 0.0011820802465081215, 'bucket_idx': 5, 'investment_fraction': 0.1, 'investment_amount': 6202.251871697497, 'allocated_amount': 6061.992965934885, 'exit_date': Timestamp('2017-08-11 00:00:00')}]",5,100000.0,853,True,False,42,/mnt/primary/simulation/trained_models_multiclass_meta,12,12,0.2,0.3,200,5,60,1.0,0.0001,0.3,True,True,0.3,0.7,0.3,0.5,0.5,0.1,3,100.0,0.5,"[[0.08, 0.6], [0.15, 0.35]]",meta_emotion,nlp,0.1259823649942869,GRU,6,coral,20,128,128,2,0.3,0.3,0.0005466347365856,0.0003650001848317,64,50,10,0.0041366748730481,5,0.8,5,0.1411251559858494,0.7276744145783006,1.793808725179512,21,0.2057532757859396,0.7138661773078487,21,0.0647282490194046,4
2017-08-07,62380.303105175,31331.26680980605,104139.683890081,104139.683890081,301.2896759139793,0.0029015247991275306,0,KELLY_ONLY,44631.030515282946,31049.036295368966,False,False,,"[{'date': Timestamp('2017-07-31 00:00:00'), 'exit_date': Timestamp('2017-08-07 00:00:00'), 'ticker': 'AEP', 'sector': 'Utilities', 'allocated_amount': 6193.639830365166, 'prob_up': 0.9980204105377197, 'expected_rise': 0.006469256244599819, 'actual_return': 0.012049872241992166, 'pnl': 74.63256866881427, 'exit_reason': 'scheduled'}, {'date': Timestamp('2017-07-31 00:00:00'), 'exit_date': Timestamp('2017-08-07 00:00:00'), 'ticker': 'VZ', 'sector': 'Technology', 'allocated_amount': 6193.639830365166, 'prob_up': 0.9626114368438721, 'expected_rise': 0.005920628551393747, 'actual_return': 0.00950411117751604, 'pnl': 58.86504154128212, 'exit_reason': 'scheduled'}, {'date': Timestamp('2017-07-31 00:00:00'), 'exit_date': Timestamp('2017-08-07 00:00:00'), 'ticker': 'GE', 'sector': 'Industrial Goods', 'allocated_amount': 6193.639830365166, 'prob_up': 0.9481675624847412, 'expected_rise': 0.0038675384130328894, 'actual_return': 0.0007808668183963974, 'pnl': 4.836407828630449, 'exit_reason': 'scheduled'}, {'date': Timestamp('2017-07-31 00:00:00'), 'exit_date': Timestamp('2017-08-07 00:00:00'), 'ticker': 'V', 'sector': 'Financial', 'allocated_amount': 6193.639830365166, 'prob_up': 0.9176057577133179, 'expected_rise': 0.007815548218786716, 'actual_return': 0.01938529568873637, 'pnl': 120.06553950116371, 'exit_reason': 'scheduled'}, {'date': Timestamp('2017-07-31 00:00:00'), 'exit_date': Timestamp('2017-08-07 00:00:00'), 'ticker': 'PCLN', 'sector': 'Services', 'allocated_amount': 6152.935843550251, 'prob_up': 0.749004602432251, 'expected_rise': 0.0034454483538866043, 'actual_return': 0.006970675375893576, 'pnl': 42.8901183740887, 'exit_reason': 'scheduled'}]","[{'ticker': 'PTR', 'sector': 'Basic Matierials', 'prob_up': 0.9955518841743469, 'predicted_prob': 0.9955518841743469, 'expected_rise': 0.011102900840342045, 'bucket_idx': 5, 'investment_fraction': 0.1, 'investment_amount': 6238.030310517501, 'allocated_amount': 6238.030310517501, 'exit_date': Timestamp('2017-08-14 00:00:00')}, {'ticker': 'GE', 'sector': 'Industrial Goods', 'prob_up': 0.9668673872947693, 'predicted_prob': 0.9668673872947693, 'expected_rise': 0.004098286386579275, 'bucket_idx': 5, 'investment_fraction': 0.1, 'investment_amount': 6238.030310517501, 'allocated_amount': 6238.030310517501, 'exit_date': Timestamp('2017-08-14 00:00:00')}, {'ticker': 'MRK', 'sector': 'Healthcare', 'prob_up': 0.7883003354072571, 'predicted_prob': 0.7883003354072571, 'expected_rise': 0.002776999259367585, 'bucket_idx': 5, 'investment_fraction': 0.1, 'investment_amount': 6238.030310517501, 'allocated_amount': 6238.030310517501, 'exit_date': Timestamp('2017-08-14 00:00:00')}, {'ticker': 'MA', 'sector': 'Financial', 'prob_up': 0.7804487347602844, 'predicted_prob': 0.7804487347602844, 'expected_rise': 0.0016098478808999062, 'bucket_idx': 5, 'investment_fraction': 0.1, 'investment_amount': 6238.030310517501, 'allocated_amount': 6238.030310517501, 'exit_date': Timestamp('2017-08-14 00:00:00')}, {'ticker': 'SO', 'sector': 'Utilities', 'prob_up': 0.747512936592102, 'predicted_prob': 0.747512936592102, 'expected_rise': 0.0033776802010834217, 'bucket_idx': 5, 'investment_fraction': 0.09773782347641671, 'investment_amount': 6096.915053298963, 'allocated_amount': 6096.915053298963, 'exit_date': Timestamp('2017-08-14 00:00:00')}]",5,100000.0,853,True,False,42,/mnt/primary/simulation/trained_models_multiclass_meta,12,12,0.2,0.3,200,5,60,1.0,0.0001,0.3,True,True,0.3,0.7,0.3,0.5,0.5,0.1,3,100.0,0.5,"[[0.08, 0.6], [0.15, 0.35]]",meta_emotion,nlp,0.1259823649942869,GRU,6,coral,20,128,128,2,0.3,0.3,0.0005466347365856,0.0003650001848317,64,50,10,0.0041366748730481,5,0.8,5,0.1411251559858494,0.7276744145783006,1.793808725179512,21,0.2057532757859396,0.7138661773078487,21,0.0647282490194046,4
2017-08-08,42213.45528199894,31240.04760902784,104133.49203009278,104133.49203009278,-6.191859988241596,-5.945725737710461e-05,0,KELLY_ONLY,28145.51554858145,10973.4076729711,False,False,,"[{'date': Timestamp('2017-08-01 00:00:00'), 'exit_date': Timestamp('2017-08-08 00:00:00'), 'ticker': 'AEP', 'sector': 'Utilities', 'allocated_amount': 4207.164787807239, 'prob_up': 0.9984941482543945, 'expected_rise': 0.006473612505942583, 'actual_return': 0.010336943769317042, 'pnl': 43.4892258398141, 'exit_reason': 'scheduled'}, {'date': Timestamp('2017-08-01 00:00:00'), 'exit_date': Timestamp('2017-08-08 00:00:00'), 'ticker': 'PTR', 'sector': 'Basic Matierials', 'allocated_amount': 4207.164787807239, 'prob_up': 0.9969390630722046, 'expected_rise': 0.011183547787368298, 'actual_return': -0.008320508218166212, 'pnl': -35.005749192129635, 'exit_reason': 'scheduled'}, {'date': Timestamp('2017-08-01 00:00:00'), 'exit_date': Timestamp('2017-08-08 00:00:00'), 'ticker': 'VZ', 'sector': 'Technology', 'allocated_amount': 2474.0507565666485, 'prob_up': 0.9653603434562683, 'expected_rise': 0.005987280979752541, 'actual_return': -0.005931703946240652, 'pnl': -14.675336635926058, 'exit_reason': 'scheduled'}]","[{'ticker': 'PTR', 'sector': 'Basic Matierials', 'prob_up': 0.9950618147850037, 'predicted_prob': 0.9950618147850037, 'expected_rise': 0.011074608191847801, 'bucket_idx': 5, 'investment_fraction': 0.1, 'investment_amount': 4221.345528199893, 'allocated_amount': 4221.345528199893, 'exit_date': Timestamp('2017-08-15 00:00:00')}, {'ticker': 'V', 'sector': 'Financial', 'prob_up': 0.9679604768753052, 'predicted_prob': 0.9679604768753052, 'expected_rise': 0.008758081123232841, 'bucket_idx': 5, 'investment_fraction': 0.1, 'investment_amount': 4221.345528199893, 'allocated_amount': 4221.345528199893, 'exit_date': Timestamp('2017-08-15 00:00:00')}, {'ticker': 'AEP', 'sector': 'Utilities', 'prob_up': 0.9678277373313904, 'predicted_prob': 0.9678277373313904, 'expected_rise': 0.006193774752318859, 'bucket_idx': 5, 'investment_fraction': 0.1, 'investment_amount': 4221.345528199893, 'allocated_amount': 2530.7166165713134, 'exit_date': Timestamp('2017-08-15 00:00:00')}]",5,100000.0,853,True,False,42,/mnt/primary/simulation/trained_models_multiclass_meta,12,12,0.2,0.3,200,5,60,1.0,0.0001,0.3,True,True,0.3,0.7,0.3,0.5,0.5,0.1,3,100.0,0.5,"[[0.08, 0.6], [0.15, 0.35]]",meta_emotion,nlp,0.1259823649942869,GRU,6,coral,20,128,128,2,0.3,0.3,0.0005466347365856,0.0003650001848317,64,50,10,0.0041366748730481,5,0.8,5,0.1411251559858494,0.7276744145783006,1.793808725179512,21,0.2057532757859396,0.7138661773078487,21,0.0647282490194046,4
2017-08-09,31240.04760902784,31240.04760902784,104133.49203009278,104133.49203009278,0.0,0.0,0,KELLY_ONLY,20838.919077505983,0.0,False,False,,[],[],5,100000.0,853,True,False,42,/mnt/primary/simulation/trained_models_multiclass_meta,12,12,0.2,0.3,200,5,60,1.0,0.0001,0.3,True,True,0.3,0.7,0.3,0.5,0.5,0.1,3,100.0,0.5,"[[0.08, 0.6], [0.15, 0.35]]",meta_emotion,nlp,0.1259823649942869,GRU,6,coral,20,128,128,2,0.3,0.3,0.0005466347365856,0.0003650001848317,64,50,10,0.0041366748730481,5,0.8,5,0.1411251559858494,0.7276744145783006,1.793808725179512,21,0.2057532757859396,0.7138661773078487,21,0.0647282490194046,4
2017-08-10,31240.04760902784,31240.04760902784,104133.49203009278,104133.49203009278,0.0,0.0,0,KELLY_ONLY,21949.588609752383,0.0,False,False,,[],[],5,100000.0,853,True,False,42,/mnt/primary/simulation/trained_models_multiclass_meta,12,12,0.2,0.3,200,5,60,1.0,0.0001,0.3,True,True,0.3,0.7,0.3,0.5,0.5,0.1,3,100.0,0.5,"[[0.08, 0.6], [0.15, 0.35]]",meta_emotion,nlp,0.1259823649942869,GRU,6,coral,20,128,128,2,0.3,0.3,0.0005466347365856,0.0003650001848317,64,50,10,0.0041366748730481,5,0.8,5,0.1411251559858494,0.7276744145783006,1.793808725179512,21,0.2057532757859396,0.7138661773078487,21,0.0647282490194046,4
2017-08-11,61710.82905129174,31119.981905889552,103733.2730196318,103733.27301963182,-400.2190104609637,-0.0038433265096432523,0,KELLY_ONLY,44891.87066184289,30590.8471454022,False,False,,"[{'date': Timestamp('2017-08-04 00:00:00'), 'exit_date': Timestamp('2017-08-11 00:00:00'), 'ticker': 'AEP', 'sector': 'Utilities', 'allocated_amount': 6202.251871697497, 'prob_up': 0.9962702989578247, 'expected_rise': 0.006453170906752348, 'actual_return': -0.004514658768961399, 'pnl': -28.00105079986636, 'exit_reason': 'scheduled'}, {'date': Timestamp('2017-08-04 00:00:00'), 'exit_date': Timestamp('2017-08-11 00:00:00'), 'ticker': 'UN', 'sector': 'Consumer Goods', 'allocated_amount': 6202.251871697497, 'prob_up': 0.9751836657524109, 'expected_rise': 0.0053962282836437225, 'actual_return': -0.00429479478259398, 'pnl': -26.637398978900162, 'exit_reason': 'scheduled'}, {'date': Timestamp('2017-08-04 00:00:00'), 'exit_date': Timestamp('2017-08-11 00:00:00'), 'ticker': 'MRK', 'sector': 'Healthcare', 'allocated_amount': 6202.251871697497, 'prob_up': 0.7828405499458313, 'expected_rise': 0.0027425989974290133, 'actual_return': -0.011410412406035242, 'pnl': -70.77025170217242, 'exit_reason': 'scheduled'}, {'date': Timestamp('2017-08-04 00:00:00'), 'exit_date': Timestamp('2017-08-11 00:00:00'), 'ticker': 'HRG', 'sector': 'Conglomerates', 'allocated_amount': 6202.251871697497, 'prob_up': 0.7824284434318542, 'expected_rise': 0.004983493592590094, 'actual_return': -0.02141982864137082, 'pnl': -132.85117228238184, 'exit_reason': 'scheduled'}, {'date': Timestamp('2017-08-04 00:00:00'), 'exit_date': Timestamp('2017-08-11 00:00:00'), 'ticker': 'BBL', 'sector': 'Basic Matierials', 'allocated_amount': 6061.992965934885, 'prob_up': 0.7684760689735413, 'expected_rise': 0.0011820802465081215, 'actual_return': -0.023417898617727917, 'pnl': -141.95913669764292, 'exit_reason': 'scheduled'}]","[{'ticker': 'PTR', 'sector': 'Basic Matierials', 'prob_up': 0.9934106469154358, 'predicted_prob': 0.9934106469154358, 'expected_rise': 0.010980093851685524, 'bucket_idx': 5, 'investment_fraction': 0.1, 'investment_amount': 6171.082905129175, 'allocated_amount': 6171.082905129175, 'exit_date': Timestamp('2017-08-18 00:00:00')}, {'ticker': 'V', 'sector': 'Financial', 'prob_up': 0.945334255695343, 'predicted_prob': 0.945334255695343, 'expected_rise': 0.008315907791256905, 'bucket_idx': 5, 'investment_fraction': 0.1, 'investment_amount': 6171.082905129175, 'allocated_amount': 6171.082905129175, 'exit_date': Timestamp('2017-08-18 00:00:00')}, {'ticker': 'EXC', 'sector': 'Utilities', 'prob_up': 0.9091247916221619, 'predicted_prob': 0.9091247916221619, 'expected_rise': 0.00807095691561699, 'bucket_idx': 5, 'investment_fraction': 0.1, 'investment_amount': 6171.082905129175, 'allocated_amount': 6171.082905129175, 'exit_date': Timestamp('2017-08-18 00:00:00')}, {'ticker': 'DHR', 'sector': 'Industrial Goods', 'prob_up': 0.8559298515319824, 'predicted_prob': 0.8559298515319824, 'expected_rise': 0.005121390800923109, 'bucket_idx': 5, 'investment_fraction': 0.1, 'investment_amount': 6171.082905129175, 'allocated_amount': 6171.082905129175, 'exit_date': Timestamp('2017-08-18 00:00:00')}, {'ticker': 'INTC', 'sector': 'Technology', 'prob_up': 0.8377805948257446, 'predicted_prob': 0.8377805948257446, 'expected_rise': 0.008612506091594696, 'bucket_idx': 5, 'investment_fraction': 0.1, 'investment_amount': 6171.082905129175, 'allocated_amount': 5906.515524885501, 'exit_date': Timestamp('2017-08-18 00:00:00')}]",5,100000.0,853,True,False,42,/mnt/primary/simulation/trained_models_multiclass_meta,12,12,0.2,0.3,200,5,60,1.0,0.0001,0.3,True,True,0.3,0.7,0.3,0.5,0.5,0.1,3,100.0,0.5,"[[0.08, 0.6], [0.15, 0.35]]",meta_emotion,nlp,0.1259823649942869,GRU,6,coral,20,128,128,2,0.3,0.3,0.0005466347365856,0.0003650001848317,64,50,10,0.0041366748730481,5,0.8,5,0.1411251559858494,0.7276744145783006,1.793808725179512,21,0.2057532757859396,0.7138661773078487,21,0.0647282490194046,4
2017-08-14,61927.21797400155,31047.441837712468,103491.47279237484,103491.47279237486,-241.80022725697097,-0.0023309804098363696,0,KELLY_ONLY,46351.8277072069,30879.776136289096,False,False,,"[{'date': Timestamp('2017-08-07 00:00:00'), 'exit_date': Timestamp('2017-08-14 00:00:00'), 'ticker': 'PTR', 'sector': 'Basic Matierials', 'allocated_amount': 6238.030310517501, 'prob_up': 0.9955518841743469, 'expected_rise': 0.011102900840342045, 'actual_return': -0.0237872978855721, 'pnl': -148.3858852155076, 'exit_reason': 'scheduled'}, {'date': Timestamp('2017-08-07 00:00:00'), 'exit_date': Timestamp('2017-08-14 00:00:00'), 'ticker': 'GE', 'sector': 'Industrial Goods', 'allocated_amount': 6238.030310517501, 'prob_up': 0.9668673872947693, 'expected_rise': 0.004098286386579275, 'actual_return': -0.010534452225300583, 'pnl': -65.71423228612358, 'exit_reason': 'scheduled'}, {'date': Timestamp('2017-08-07 00:00:00'), 'exit_date': Timestamp('2017-08-14 00:00:00'), 'ticker': 'MRK', 'sector': 'Healthcare', 'allocated_amount': 6238.030310517501, 'prob_up': 0.7883003354072571, 'expected_rise': 0.002776999259367585, 'actual_return': -0.002705315085932636, 'pnl': -16.875837505548038, 'exit_reason': 'scheduled'}, {'date': Timestamp('2017-08-07 00:00:00'), 'exit_date': Timestamp('2017-08-14 00:00:00'), 'ticker': 'MA', 'sector': 'Financial', 'allocated_amount': 6238.030310517501, 'prob_up': 0.7804487347602844, 'expected_rise': 0.0016098478808999062, 'actual_return': 0.005445551256114678, 'pnl': 33.96951379312001, 'exit_reason': 'scheduled'}, {'date': Timestamp('2017-08-07 00:00:00'), 'exit_date': Timestamp('2017-08-14 00:00:00'), 'ticker': 'SO', 'sector': 'Utilities', 'allocated_amount': 6096.915053298963, 'prob_up': 0.747512936592102, 'expected_rise': 0.0033776802010834217, 'actual_return': -0.007346959183673452, 'pnl': -44.793786042911734, 'exit_reason': 'scheduled'}]","[{'ticker': 'UN', 'sector': 'Consumer Goods', 'prob_up': 0.9782919883728027, 'predicted_prob': 0.9782919883728027, 'expected_rise': 0.005435021128505468, 'bucket_idx': 5, 'investment_fraction': 0.1, 'investment_amount': 6192.721797400156, 'allocated_amount': 6192.721797400156, 'exit_date': Timestamp('2017-08-21 00:00:00')}, {'ticker': 'GE', 'sector': 'Industrial Goods', 'prob_up': 0.9481675624847412, 'predicted_prob': 0.9481675624847412, 'expected_rise': 0.0038675384130328894, 'bucket_idx': 5, 'investment_fraction': 0.1, 'investment_amount': 6192.721797400156, 'allocated_amount': 6192.721797400156, 'exit_date': Timestamp('2017-08-21 00:00:00')}, {'ticker': 'EXC', 'sector': 'Utilities', 'prob_up': 0.9232919812202454, 'predicted_prob': 0.9232919812202454, 'expected_rise': 0.00835906807333231, 'bucket_idx': 5, 'investment_fraction': 0.1, 'investment_amount': 6192.721797400156, 'allocated_amount': 6192.721797400156, 'exit_date': Timestamp('2017-08-21 00:00:00')}, {'ticker': 'HRG', 'sector': 'Conglomerates', 'prob_up': 0.8198529481887817, 'predicted_prob': 0.8198529481887817, 'expected_rise': 0.005321806762367487, 'bucket_idx': 5, 'investment_fraction': 0.1, 'investment_amount': 6192.721797400156, 'allocated_amount': 6192.721797400156, 'exit_date': Timestamp('2017-08-21 00:00:00')}, {'ticker': 'MA', 'sector': 'Financial', 'prob_up': 0.8099506497383118, 'predicted_prob': 0.8099506497383118, 'expected_rise': 0.0016146518755704165, 'bucket_idx': 5, 'investment_fraction': 0.1, 'investment_amount': 6192.721797400156, 'allocated_amount': 6108.888946688472, 'exit_date': Timestamp('2017-08-21 00:00:00')}]",5,100000.0,853,True,False,42,/mnt/primary/simulation/trained_models_multiclass_meta,12,12,0.2,0.3,200,5,60,1.0,0.0001,0.3,True,True,0.3,0.7,0.3,0.5,0.5,0.1,3,100.0,0.5,"[[0.08, 0.6], [0.15, 0.35]]",meta_emotion,nlp,0.1259823649942869,GRU,6,coral,20,128,128,2,0.3,0.3,0.0005466347365856,0.0003650001848317,64,50,10,0.0041366748730481,5,0.8,5,0.1411251559858494,0.7276744145783006,1.793808725179512,21,0.2057532757859396,0.7138661773078487,21,0.0647282490194046,4
2017-08-15,41935.570507621065,31021.8581367937,103406.19378931235,103406.19378931234,-85.27900306250696,-0.0008240196101333419,0,KELLY_ONLY,28635.830451412898,10913.712370827352,False,False,,"[{'date': Timestamp('2017-08-08 00:00:00'), 'exit_date': Timestamp('2017-08-15 00:00:00'), 'ticker': 'PTR', 'sector': 'Basic Matierials', 'allocated_amount': 4221.345528199893, 'prob_up': 0.9950618147850037, 'expected_rise': 0.011074608191847801, 'actual_return': -0.03495960169422618, 'pnl': -147.57655827957112, 'exit_reason': 'scheduled'}, {'date': Timestamp('2017-08-08 00:00:00'), 'exit_date': Timestamp('2017-08-15 00:00:00'), 'ticker': 'V', 'sector': 'Financial', 'allocated_amount': 4221.345528199893, 'prob_up': 0.9679604768753052, 'expected_rise': 0.008758081123232841, 'actual_return': 0.013329364270629585, 'pnl': 56.26785225756963, 'exit_reason': 'scheduled'}, {'date': Timestamp('2017-08-08 00:00:00'), 'exit_date': Timestamp('2017-08-15 00:00:00'), 'ticker': 'AEP', 'sector': 'Utilities', 'allocated_amount': 2530.7166165713134, 'prob_up': 0.9678277373313904, 'expected_rise': 0.006193774752318859, 'actual_return': 0.0023826069343408918, 'pnl': 6.029702959494531, 'exit_reason': 'scheduled'}]","[{'ticker': 'PTR', 'sector': 'Basic Matierials', 'prob_up': 0.9924276471138, 'predicted_prob': 0.9924276471138, 'expected_rise': 0.01092438492923975, 'bucket_idx': 5, 'investment_fraction': 0.1, 'investment_amount': 4193.557050762106, 'allocated_amount': 4193.557050762106, 'exit_date': Timestamp('2017-08-22 00:00:00')}, {'ticker': 'GE', 'sector': 'Industrial Goods', 'prob_up': 0.9473703503608704, 'predicted_prob': 0.9473703503608704, 'expected_rise': 0.0038579723332077265, 'bucket_idx': 5, 'investment_fraction': 0.1, 'investment_amount': 4193.557050762106, 'allocated_amount': 4193.557050762106, 'exit_date': Timestamp('2017-08-22 00:00:00')}, {'ticker': 'INTC', 'sector': 'Technology', 'prob_up': 0.851711094379425, 'predicted_prob': 0.851711094379425, 'expected_rise': 0.008879533968865871, 'bucket_idx': 5, 'investment_fraction': 0.1, 'investment_amount': 4193.557050762106, 'allocated_amount': 2526.59826930314, 'exit_date': Timestamp('2017-08-22 00:00:00')}]",5,100000.0,853,True,False,42,/mnt/primary/simulation/trained_models_multiclass_meta,12,12,0.2,0.3,200,5,60,1.0,0.0001,0.3,True,True,0.3,0.7,0.3,0.5,0.5,0.1,3,100.0,0.5,"[[0.08, 0.6], [0.15, 0.35]]",meta_emotion,nlp,0.1259823649942869,GRU,6,coral,20,128,128,2,0.3,0.3,0.0005466347365856,0.0003650001848317,64,50,10,0.0041366748730481,5,0.8,5,0.1411251559858494,0.7276744145783006,1.793808725179512,21,0.2057532757859396,0.7138661773078487,21,0.0647282490194046,4
2017-08-16,31021.8581367937,31021.8581367937,103406.19378931234,103406.19378931234,0.0,0.0,0,KELLY_ONLY,18225.499177956117,0.0,False,False,,[],[],5,100000.0,853,True,False,42,/mnt/primary/simulation/trained_models_multiclass_meta,12,12,0.2,0.3,200,5,60,1.0,0.0001,0.3,True,True,0.3,0.7,0.3,0.5,0.5,0.1,3,100.0,0.5,"[[0.08, 0.6], [0.15, 0.35]]",meta_emotion,nlp,0.1259823649942869,GRU,6,coral,20,128,128,2,0.3,0.3,0.0005466347365856,0.0003650001848317,64,50,10,0.0041366748730481,5,0.8,5,0.1411251559858494,0.7276744145783006,1.793808725179512,21,0.2057532757859396,0.7138661773078487,21,0.0647282490194046,4
2017-08-17,31021.8581367937,31021.8581367937,103406.19378931234,103406.19378931234,0.0,0.0,0,KELLY_ONLY,20175.266494599156,0.0,False,False,,[],[],5,100000.0,853,True,False,42,/mnt/primary/simulation/trained_models_multiclass_meta,12,12,0.2,0.3,200,5,60,1.0,0.0001,0.3,True,True,0.3,0.7,0.3,0.5,0.5,0.1,3,100.0,0.5,"[[0.08, 0.6], [0.15, 0.35]]",meta_emotion,nlp,0.1259823649942869,GRU,6,coral,20,128,128,2,0.3,0.3,0.0005466347365856,0.0003650001848317,64,50,10,0.0041366748730481,5,0.8,5,0.1411251559858494,0.7276744145783006,1.793808725179512,21,0.2057532757859396,0.7138661773078487,21,0.0647282490194046,4
2017-08-18,61577.741479349956,31011.368995939938,103371.22998646641,103371.22998646641,-34.96380284595031,-0.00033812097288066223,0,KELLY_ONLY,34157.52288598623,30566.37248341003,False,False,,"[{'date': Timestamp('2017-08-11 00:00:00'), 'exit_date': Timestamp('2017-08-18 00:00:00'), 'ticker': 'PTR', 'sector': 'Basic Matierials', 'allocated_amount': 6171.082905129175, 'prob_up': 0.9934106469154358, 'expected_rise': 0.010980093851685524, 'actual_return': -0.03311778899227247, 'pnl': -204.3726215058878, 'exit_reason': 'scheduled'}, {'date': Timestamp('2017-08-11 00:00:00'), 'exit_date': Timestamp('2017-08-18 00:00:00'), 'ticker': 'V', 'sector': 'Financial', 'allocated_amount': 6171.082905129175, 'prob_up': 0.945334255695343, 'expected_rise': 0.008315907791256905, 'actual_return': 0.0241783004966849, 'pnl': 149.20629687016844, 'exit_reason': 'scheduled'}, {'date': Timestamp('2017-08-11 00:00:00'), 'exit_date': Timestamp('2017-08-18 00:00:00'), 'ticker': 'EXC', 'sector': 'Utilities', 'allocated_amount': 6171.082905129175, 'prob_up': 0.9091247916221619, 'expected_rise': 0.00807095691561699, 'actual_return': 0.013066719999999865, 'pnl': 80.63581241810866, 'exit_reason': 'scheduled'}, {'date': Timestamp('2017-08-11 00:00:00'), 'exit_date': Timestamp('2017-08-18 00:00:00'), 'ticker': 'DHR', 'sector': 'Industrial Goods', 'allocated_amount': 6171.082905129175, 'prob_up': 0.8559298515319824, 'expected_rise': 0.005121390800923109, 'actual_return': 0.013154635429716954, 'pnl': 81.17834582353288, 'exit_reason': 'scheduled'}, {'date': Timestamp('2017-08-11 00:00:00'), 'exit_date': Timestamp('2017-08-18 00:00:00'), 'ticker': 'INTC', 'sector': 'Technology', 'allocated_amount': 5906.515524885501, 'prob_up': 0.8377805948257446, 'expected_rise': 0.008612506091594696, 'actual_return': -0.02397549551088629, 'pnl': -141.6116364518725, 'exit_reason': 'scheduled'}]","[{'ticker': 'UN', 'sector': 'Consumer Goods', 'prob_up': 0.9776662588119507, 'predicted_prob': 0.9776662588119507, 'expected_rise': 0.0054271831177175045, 'bucket_idx': 5, 'investment_fraction': 0.1, 'investment_amount': 6157.774147934996, 'allocated_amount': 6157.774147934996, 'exit_date': Timestamp('2017-08-25 00:00:00')}, {'ticker': 'GE', 'sector': 'Industrial Goods', 'prob_up': 0.9596723318099976, 'predicted_prob': 0.9596723318099976, 'expected_rise': 0.004008048679679632, 'bucket_idx': 5, 'investment_fraction': 0.1, 'investment_amount': 6157.774147934996, 'allocated_amount': 6157.774147934996, 'exit_date': Timestamp('2017-08-25 00:00:00')}, {'ticker': 'INTC', 'sector': 'Technology', 'prob_up': 0.8318676948547363, 'predicted_prob': 0.8318676948547363, 'expected_rise': 0.008501472882926464, 'bucket_idx': 5, 'investment_fraction': 0.1, 'investment_amount': 6157.774147934996, 'allocated_amount': 6157.774147934996, 'exit_date': Timestamp('2017-08-25 00:00:00')}, {'ticker': 'EXC', 'sector': 'Utilities', 'prob_up': 0.8294799327850342, 'predicted_prob': 0.8294799327850342, 'expected_rise': 0.0067029912024736404, 'bucket_idx': 5, 'investment_fraction': 0.1, 'investment_amount': 6157.774147934996, 'allocated_amount': 6157.774147934996, 'exit_date': Timestamp('2017-08-25 00:00:00')}, {'ticker': 'SNP', 'sector': 'Basic Matierials', 'prob_up': 0.7099390625953674, 'predicted_prob': 0.7099390625953674, 'expected_rise': 0.0019219975220039487, 'bucket_idx': 5, 'investment_fraction': 0.086791466684593, 'investment_amount': 5344.422498117482, 'allocated_amount': 5344.422498117482, 'exit_date': Timestamp('2017-08-25 00:00:00')}, {'ticker': 'JNJ', 'sector': 'Healthcare', 'prob_up': 0.5272841453552246, 'predicted_prob': 0.5272841453552246, 'expected_rise': 0.001990074524655938, 'bucket_idx': 5, 'investment_fraction': 0.015719322978731, 'investment_amount': 967.9604066147028, 'allocated_amount': 590.8533935525629, 'exit_date': Timestamp('2017-08-25 00:00:00')}]",5,100000.0,853,True,False,42,/mnt/primary/simulation/trained_models_multiclass_meta,12,12,0.2,0.3,200,5,60,1.0,0.0001,0.3,True,True,0.3,0.7,0.3,0.5,0.5,0.1,3,100.0,0.5,"[[0.08, 0.6], [0.15, 0.35]]",meta_emotion,nlp,0.1259823649942869,GRU,6,coral,20,128,128,2,0.3,0.3,0.0005466347365856,0.0003650001848317,64,50,10,0.0041366748730481,5,0.8,5,0.1411251559858494,0.7276744145783006,1.793808725179512,21,0.2057532757859396,0.7138661773078487,21,0.0647282490194046,4
2017-08-21,61577.23093924229,30917.194738043916,103057.31579347968,103057.31579347968,-313.91419298674526,-0.0030367655780804137,0,KELLY_ONLY,48043.25472506527,30660.036201198385,False,False,,"[{'date': Timestamp('2017-08-14 00:00:00'), 'exit_date': Timestamp('2017-08-21 00:00:00'), 'ticker': 'UN', 'sector': 'Consumer Goods', 'allocated_amount': 6192.721797400156, 'prob_up': 0.9782919883728027, 'expected_rise': 0.005435021128505468, 'actual_return': 0.007019346002396842, 'pnl': 43.46885699253657, 'exit_reason': 'scheduled'}, {'date': Timestamp('2017-08-14 00:00:00'), 'exit_date': Timestamp('2017-08-21 00:00:00'), 'ticker': 'GE', 'sector': 'Industrial Goods', 'allocated_amount': 6192.721797400156, 'prob_up': 0.9481675624847412, 'expected_rise': 0.0038675384130328894, 'actual_return': -0.03430603177026692, 'pnl': -212.44771072603422, 'exit_reason': 'scheduled'}, {'date': Timestamp('2017-08-14 00:00:00'), 'exit_date': Timestamp('2017-08-21 00:00:00'), 'ticker': 'EXC', 'sector': 'Utilities', 'allocated_amount': 6192.721797400156, 'prob_up': 0.9232919812202454, 'expected_rise': 0.00835906807333231, 'actual_return': 0.00957449519013287, 'pnl': 59.29218506303877, 'exit_reason': 'scheduled'}, {'date': Timestamp('2017-08-14 00:00:00'), 'exit_date': Timestamp('2017-08-21 00:00:00'), 'ticker': 'HRG', 'sector': 'Conglomerates', 'allocated_amount': 6192.721797400156, 'prob_up': 0.8198529481887817, 'expected_rise': 0.005321806762367487, 'actual_return': -0.03937500000000005, 'pnl': -243.83842077263145, 'exit_reason': 'scheduled'}, {'date': Timestamp('2017-08-14 00:00:00'), 'exit_date': Timestamp('2017-08-21 00:00:00'), 'ticker': 'MA', 'sector': 'Financial', 'allocated_amount': 6108.888946688472, 'prob_up': 0.8099506497383118, 'expected_rise': 0.0016146518755704165, 'actual_return': 0.006484140864570387, 'pnl': 39.61089645634507, 'exit_reason': 'scheduled'}]","[{'ticker': 'PTR', 'sector': 'Basic Matierials', 'prob_up': 0.9930405616760254, 'predicted_prob': 0.9930405616760254, 'expected_rise': 0.010959070175886154, 'bucket_idx': 5, 'investment_fraction': 0.1, 'investment_amount': 6157.72309392423, 'allocated_amount': 6157.72309392423, 'exit_date': Timestamp('2017-08-28 00:00:00')}, {'ticker': 'UN', 'sector': 'Consumer Goods', 'prob_up': 0.9777566194534302, 'predicted_prob': 0.9777566194534302, 'expected_rise': 0.00542831514030695, 'bucket_idx': 5, 'investment_fraction': 0.1, 'investment_amount': 6157.72309392423, 'allocated_amount': 6157.72309392423, 'exit_date': Timestamp('2017-08-28 00:00:00')}, {'ticker': 'GE', 'sector': 'Industrial Goods', 'prob_up': 0.9658198356628418, 'predicted_prob': 0.9658198356628418, 'expected_rise': 0.004085035528987646, 'bucket_idx': 5, 'investment_fraction': 0.1, 'investment_amount': 6157.72309392423, 'allocated_amount': 6157.72309392423, 'exit_date': Timestamp('2017-08-28 00:00:00')}, {'ticker': 'V', 'sector': 'Financial', 'prob_up': 0.8620818257331848, 'predicted_prob': 0.8620818257331848, 'expected_rise': 0.00692326994612813, 'bucket_idx': 5, 'investment_fraction': 0.1, 'investment_amount': 6157.72309392423, 'allocated_amount': 6157.72309392423, 'exit_date': Timestamp('2017-08-28 00:00:00')}, {'ticker': 'INTC', 'sector': 'Technology', 'prob_up': 0.8184224367141724, 'predicted_prob': 0.8184224367141724, 'expected_rise': 0.008253652602434158, 'bucket_idx': 5, 'investment_fraction': 0.1, 'investment_amount': 6157.72309392423, 'allocated_amount': 6029.1438255014655, 'exit_date': Timestamp('2017-08-28 00:00:00')}]",5,100000.0,853,True,False,42,/mnt/primary/simulation/trained_models_multiclass_meta,12,12,0.2,0.3,200,5,60,1.0,0.0001,0.3,True,True,0.3,0.7,0.3,0.5,0.5,0.1,3,100.0,0.5,"[[0.08, 0.6], [0.15, 0.35]]",meta_emotion,nlp,0.1259823649942869,GRU,6,coral,20,128,128,2,0.3,0.3,0.0005466347365856,0.0003650001848317,64,50,10,0.0041366748730481,5,0.8,5,0.1411251559858494,0.7276744145783006,1.793808725179512,21,0.2057532757859396,0.7138661773078487,21,0.0647282490194046,4
2017-08-22,41675.791457097905,30870.660042511896,102902.20014170631,102902.20014170631,-155.11565177336385,-0.0015051396456337018,0,KELLY_ONLY,24200.400495643902,10805.131414586014,False,False,,"[{'date': Timestamp('2017-08-15 00:00:00'), 'exit_date': Timestamp('2017-08-22 00:00:00'), 'ticker': 'PTR', 'sector': 'Basic Matierials', 'allocated_amount': 4193.557050762106, 'prob_up': 0.9924276471138, 'expected_rise': 0.01092438492923975, 'actual_return': 0.007084173126965521, 'pnl': 29.707884165405694, 'exit_reason': 'scheduled'}, {'date': Timestamp('2017-08-15 00:00:00'), 'exit_date': Timestamp('2017-08-22 00:00:00'), 'ticker': 'GE', 'sector': 'Industrial Goods', 'allocated_amount': 4193.557050762106, 'prob_up': 0.9473703503608704, 'expected_rise': 0.0038579723332077265, 'actual_return': -0.02147967468097345, 'pnl': -90.07624120647249, 'exit_reason': 'scheduled'}, {'date': Timestamp('2017-08-15 00:00:00'), 'exit_date': Timestamp('2017-08-22 00:00:00'), 'ticker': 'INTC', 'sector': 'Technology', 'allocated_amount': 2526.59826930314, 'prob_up': 0.851711094379425, 'expected_rise': 0.008879533968865871, 'actual_return': -0.03749994444444438, 'pnl': -94.74729473229706, 'exit_reason': 'scheduled'}]","[{'ticker': 'UN', 'sector': 'Consumer Goods', 'prob_up': 0.9775753021240234, 'predicted_prob': 0.9775753021240234, 'expected_rise': 0.005426046438515186, 'bucket_idx': 5, 'investment_fraction': 0.1, 'investment_amount': 4167.57914570979, 'allocated_amount': 4167.57914570979, 'exit_date': Timestamp('2017-08-29 00:00:00')}, {'ticker': 'BBL', 'sector': 'Basic Matierials', 'prob_up': 0.9539520740509033, 'predicted_prob': 0.9539520740509033, 'expected_rise': 0.004615127108991146, 'bucket_idx': 5, 'investment_fraction': 0.1, 'investment_amount': 4167.57914570979, 'allocated_amount': 4167.57914570979, 'exit_date': Timestamp('2017-08-29 00:00:00')}, {'ticker': 'HRG', 'sector': 'Conglomerates', 'prob_up': 0.8232595324516296, 'predicted_prob': 0.8232595324516296, 'expected_rise': 0.005353478714823723, 'bucket_idx': 5, 'investment_fraction': 0.1, 'investment_amount': 4167.57914570979, 'allocated_amount': 2469.9731231664337, 'exit_date': Timestamp('2017-08-29 00:00:00')}]",5,100000.0,853,True,False,42,/mnt/primary/simulation/trained_models_multiclass_meta,12,12,0.2,0.3,200,5,60,1.0,0.0001,0.3,True,True,0.3,0.7,0.3,0.5,0.5,0.1,3,100.0,0.5,"[[0.08, 0.6], [0.15, 0.35]]",meta_emotion,nlp,0.1259823649942869,GRU,6,coral,20,128,128,2,0.3,0.3,0.0005466347365856,0.0003650001848317,64,50,10,0.0041366748730481,5,0.8,5,0.1411251559858494,0.7276744145783006,1.793808725179512,21,0.2057532757859396,0.7138661773078487,21,0.0647282490194046,4
2017-08-23,30870.660042511896,30870.660042511896,102902.20014170631,102902.20014170631,0.0,0.0,0,KELLY_ONLY,21496.021733384732,0.0,False,False,,[],[],5,100000.0,853,True,False,42,/mnt/primary/simulation/trained_models_multiclass_meta,12,12,0.2,0.3,200,5,60,1.0,0.0001,0.3,True,True,0.3,0.7,0.3,0.5,0.5,0.1,3,100.0,0.5,"[[0.08, 0.6], [0.15, 0.35]]",meta_emotion,nlp,0.1259823649942869,GRU,6,coral,20,128,128,2,0.3,0.3,0.0005466347365856,0.0003650001848317,64,50,10,0.0041366748730481,5,0.8,5,0.1411251559858494,0.7276744145783006,1.793808725179512,21,0.2057532757859396,0.7138661773078487,21,0.0647282490194046,4
2017-08-24,30870.660042511896,30870.660042511896,102902.20014170631,102902.20014170631,0.0,0.0,0,KELLY_ONLY,19873.152182132464,0.0,False,False,,[],[],5,100000.0,853,True,False,42,/mnt/primary/simulation/trained_models_multiclass_meta,12,12,0.2,0.3,200,5,60,1.0,0.0001,0.3,True,True,0.3,0.7,0.3,0.5,0.5,0.1,3,100.0,0.5,"[[0.08, 0.6], [0.15, 0.35]]",meta_emotion,nlp,0.1259823649942869,GRU,6,coral,20,128,128,2,0.3,0.3,0.0005466347365856,0.0003650001848317,64,50,10,0.0041366748730481,5,0.8,5,0.1411251559858494,0.7276744145783006,1.793808725179512,21,0.2057532757859396,0.7138661773078487,21,0.0647282490194046,4
2017-08-25,61650.58434499794,61650.58434499794,103115.75196078233,103115.75196078233,213.55181907601096,0.002075289146217907,0,KELLY_ONLY,33015.71997748394,0.0,False,False,,"[{'date': Timestamp('2017-08-18 00:00:00'), 'exit_date': Timestamp('2017-08-25 00:00:00'), 'ticker': 'UN', 'sector': 'Consumer Goods', 'allocated_amount': 6157.774147934996, 'prob_up': 0.9776662588119507, 'expected_rise': 0.0054271831177175045, 'actual_return': 0.012643106315447072, 'pnl': 77.85339321885367, 'exit_reason': 'scheduled'}, {'date': Timestamp('2017-08-18 00:00:00'), 'exit_date': Timestamp('2017-08-25 00:00:00'), 'ticker': 'GE', 'sector': 'Industrial Goods', 'allocated_amount': 6157.774147934996, 'prob_up': 0.9596723318099976, 'expected_rise': 0.004008048679679632, 'actual_return': -0.00244395121971297, 'pnl': -15.049299639562728, 'exit_reason': 'scheduled'}, {'date': Timestamp('2017-08-18 00:00:00'), 'exit_date': Timestamp('2017-08-25 00:00:00'), 'ticker': 'INTC', 'sector': 'Technology', 'allocated_amount': 6157.774147934996, 'prob_up': 0.8318676948547363, 'expected_rise': 0.008501472882926464, 'actual_return': -0.009711511551643182, 'pnl': -59.80129477008047, 'exit_reason': 'scheduled'}, {'date': Timestamp('2017-08-18 00:00:00'), 'exit_date': Timestamp('2017-08-25 00:00:00'), 'ticker': 'EXC', 'sector': 'Utilities', 'allocated_amount': 6157.774147934996, 'prob_up': 0.8294799327850342, 'expected_rise': 0.0067029912024736404, 'actual_return': 0.00815996271861219, 'pnl': 50.247207476783515, 'exit_reason': 'scheduled'}, {'date': Timestamp('2017-08-18 00:00:00'), 'exit_date': Timestamp('2017-08-25 00:00:00'), 'ticker': 'SNP', 'sector': 'Basic Matierials', 'allocated_amount': 5344.422498117482, 'prob_up': 0.7099390625953674, 'expected_rise': 0.0019219975220039487, 'actual_return': 0.030786117900326593, 'pnl': 164.53402113620277, 'exit_reason': 'scheduled'}, {'date': Timestamp('2017-08-18 00:00:00'), 'exit_date': Timestamp('2017-08-25 00:00:00'), 'ticker': 'JNJ', 'sector': 'Healthcare', 'allocated_amount': 590.8533935525629, 'prob_up': 0.5272841453552246, 'expected_rise': 0.001990074524655938, 'actual_return': -0.007162873891168209, 'pnl': -4.232208346185788, 'exit_reason': 'scheduled'}]",[],5,100000.0,853,True,False,42,/mnt/primary/simulation/trained_models_multiclass_meta,12,12,0.2,0.3,200,5,60,1.0,0.0001,0.3,True,True,0.3,0.7,0.3,0.5,0.5,0.1,3,100.0,0.5,"[[0.08, 0.6], [0.15, 0.35]]",meta_emotion,nlp,0.1259823649942869,GRU,6,coral,20,128,128,2,0.3,0.3,0.0005466347365856,0.0003650001848317,64,50,10,0.0041366748730481,5,0.8,5,0.1411251559858494,0.7276744145783006,1.793808725179512,21,0.2057532757859396,0.7138661773078487,21,0.0647282490194046,4
2017-08-28,92554.62313651352,92554.62313651352,103359.75455109953,103359.75455109953,244.00259031719213,0.002366297929049521,0,KELLY_ONLY,75415.6323498876,0.0,False,False,,"[{'date': Timestamp('2017-08-21 00:00:00'), 'exit_date': Timestamp('2017-08-28 00:00:00'), 'ticker': 'PTR', 'sector': 'Basic Matierials', 'allocated_amount': 6157.72309392423, 'prob_up': 0.9930405616760254, 'expected_rise': 0.010959070175886154, 'actual_return': 0.031536587882973866, 'pnl': 194.1935755105592, 'exit_reason': 'scheduled'}, {'date': Timestamp('2017-08-21 00:00:00'), 'exit_date': Timestamp('2017-08-28 00:00:00'), 'ticker': 'UN', 'sector': 'Consumer Goods', 'allocated_amount': 6157.72309392423, 'prob_up': 0.9777566194534302, 'expected_rise': 0.00542831514030695, 'actual_return': 0.011050680040802563, 'pnl': 68.04702769081749, 'exit_reason': 'scheduled'}, {'date': Timestamp('2017-08-21 00:00:00'), 'exit_date': Timestamp('2017-08-28 00:00:00'), 'ticker': 'GE', 'sector': 'Industrial Goods', 'allocated_amount': 6157.72309392423, 'prob_up': 0.9658198356628418, 'expected_rise': 0.004085035528987646, 'actual_return': -0.0008167006941607324, 'pnl': -5.029016725257492, 'exit_reason': 'scheduled'}, {'date': Timestamp('2017-08-21 00:00:00'), 'exit_date': Timestamp('2017-08-28 00:00:00'), 'ticker': 'V', 'sector': 'Financial', 'allocated_amount': 6157.72309392423, 'prob_up': 0.8620818257331848, 'expected_rise': 0.00692326994612813, 'actual_return': 0.005425285744765862, 'pnl': 33.40740732168266, 'exit_reason': 'scheduled'}, {'date': Timestamp('2017-08-21 00:00:00'), 'exit_date': Timestamp('2017-08-28 00:00:00'), 'ticker': 'INTC', 'sector': 'Technology', 'allocated_amount': 6029.1438255014655, 'prob_up': 0.8184224367141724, 'expected_rise': 0.008253652602434158, 'actual_return': -0.0077318446581812195, 'pnl': -46.61640348060979, 'exit_reason': 'scheduled'}]",[],5,100000.0,853,True,False,42,/mnt/primary/simulation/trained_models_multiclass_meta,12,12,0.2,0.3,200,5,60,1.0,0.0001,0.3,True,True,0.3,0.7,0.3,0.5,0.5,0.1,3,100.0,0.5,"[[0.08, 0.6], [0.15, 0.35]]",meta_emotion,nlp,0.1259823649942869,GRU,6,coral,20,128,128,2,0.3,0.3,0.0005466347365856,0.0003650001848317,64,50,10,0.0041366748730481,5,0.8,5,0.1411251559858494,0.7276744145783006,1.793808725179512,21,0.2057532757859396,0.7138661773078487,21,0.0647282490194046,4
2017-08-29,103608.73585125004,103608.73585125004,103608.73585125004,103608.73585125004,248.98130015050072,0.00240888052832422,0,KELLY_ONLY,83281.63327738176,0.0,False,False,,"[{'date': Timestamp('2017-08-22 00:00:00'), 'exit_date': Timestamp('2017-08-29 00:00:00'), 'ticker': 'UN', 'sector': 'Consumer Goods', 'allocated_amount': 4167.57914570979, 'prob_up': 0.9775753021240234, 'expected_rise': 0.005426046438515186, 'actual_return': 0.007621968028083126, 'pnl': 31.76515500310601, 'exit_reason': 'scheduled'}, {'date': Timestamp('2017-08-22 00:00:00'), 'exit_date': Timestamp('2017-08-29 00:00:00'), 'ticker': 'BBL', 'sector': 'Basic Matierials', 'allocated_amount': 4167.57914570979, 'prob_up': 0.9539520740509033, 'expected_rise': 0.004615127108991146, 'actual_return': 0.04671857749495478, 'pnl': 194.7033692852003, 'exit_reason': 'scheduled'}, {'date': Timestamp('2017-08-22 00:00:00'), 'exit_date': Timestamp('2017-08-29 00:00:00'), 'ticker': 'HRG', 'sector': 'Conglomerates', 'allocated_amount': 2469.9731231664337, 'prob_up': 0.8232595324516296, 'expected_rise': 0.005353478714823723, 'actual_return': 0.009114583333333481, 'pnl': 22.512775862194424, 'exit_reason': 'scheduled'}]",[],5,100000.0,853,True,False,42,/mnt/primary/simulation/trained_models_multiclass_meta,12,12,0.2,0.3,200,5,60,1.0,0.0001,0.3,True,True,0.3,0.7,0.3,0.5,0.5,0.1,3,100.0,0.5,"[[0.08, 0.6], [0.15, 0.35]]",meta_emotion,nlp,0.1259823649942869,GRU,6,coral,20,128,128,2,0.3,0.3,0.0005466347365856,0.0003650001848317,64,50,10,0.0041366748730481,5,0.8,5,0.1411251559858494,0.7276744145783006,1.793808725179512,21,0.2057532757859396,0.7138661773078487,21,0.0647282490194046,4
2017-08-30,103608.73585125004,103608.73585125004,103608.73585125004,103608.73585125004,0.0,0.0,0,KELLY_ONLY,80151.70128295408,0.0,False,False,,[],[],5,100000.0,853,True,False,42,/mnt/primary/simulation/trained_models_multiclass_meta,12,12,0.2,0.3,200,5,60,1.0,0.0001,0.3,True,True,0.3,0.7,0.3,0.5,0.5,0.1,3,100.0,0.5,"[[0.08, 0.6], [0.15, 0.35]]",meta_emotion,nlp,0.1259823649942869,GRU,6,coral,20,128,128,2,0.3,0.3,0.0005466347365856,0.0003650001848317,64,50,10,0.0041366748730481,5,0.8,5,0.1411251559858494,0.7276744145783006,1.793808725179512,21,0.2057532757859396,0.7138661773078487,21,0.0647282490194046,4
2017-08-31,103608.73585125004,103608.73585125004,103608.73585125004,103608.73585125004,0.0,0.0,0,KELLY_ONLY,69611.74122790298,0.0,False,False,,[],[],5,100000.0,853,True,False,42,/mnt/primary/simulation/trained_models_multiclass_meta,12,12,0.2,0.3,200,5,60,1.0,0.0001,0.3,True,True,0.3,0.7,0.3,0.5,0.5,0.1,3,100.0,0.5,"[[0.08, 0.6], [0.15, 0.35]]",meta_emotion,nlp,0.1259823649942869,GRU,6,coral,20,128,128,2,0.3,0.3,0.0005466347365856,0.0003650001848317,64,50,10,0.0041366748730481,5,0.8,5,0.1411251559858494,0.7276744145783006,1.793808725179512,21,0.2057532757859396,0.7138661773078487,21,0.0647282490194046,4
