date,capital_start,capital_end,equity_start,equity_end,daily_pnl_realized,daily_return,early_exits_today,allocation_mode,budget_pre_caps,budget_post_caps,mpt_used,mpt_fallback_used,mpt_weights,exits_today,investments_made,H,initial_capital,initial_training_days,allow_overlap,early_exit_enabled,seed,model_save_path,min_sequence_length,max_sequence_length,kelly_fraction,sector_confidence_threshold,retrain_interval,max_day_gap,mpt_window_days,mpt_lambda,mpt_ridge_eps,mpt_max_weight,mpt_long_only,mpt_use_equal_fallback,mpt_only_budget_fraction,max_total_utilization,max_new_daily_utilization,max_ticker_utilization,max_sector_utilization,max_position_size,max_positions_per_ticker,min_trade_dollars,kelly_trade_cap,drawdown_throttle_levels,model_feature_set,model_feature_group,model_mcc_mean,model_type,model_n_classes,model_ordinal_head,model_sequence_length,model_hidden1,model_hidden2,model_num_layers,model_dropout,model_inter_rnn_drop,model_learning_rate,model_weight_decay,model_batch_size,model_max_epochs,model_early_stopping_patience,model_early_stopping_min_delta,model_lr_patience,model_lr_factor,model_horizon_steps,model_huber_delta,model_t_min,model_t_max,model_t_steps,model_tau_min,model_tau_max,model_tau_steps,model_lambda_balance,model_coord_rounds
2017-04-11,100000.0,70000.00000000001,100000.0,100000.0,0.0,0.0,0,MPT_ONLY,30000.0,29999.999999999985,True,False,"{'PTR': 2.0556473186208412e-16, 'HRG': 0.21465865369568163, 'PEP': 1.7489153347239685e-16, 'MA': 2.4118212954022894e-17, 'CELG': 0.29999999999999977, 'DHR': 0.08186660838023176, 'BABA': 0.29999999999999993, 'ORCL': 1.2553091868965308e-16, 'NEE': 0.10347473792408643}",[],"[{'ticker': 'BABA', 'sector': 'Services', 'prob_up': 0.9834480285644531, 'predicted_prob': 0.9834480285644531, 'expected_rise': 0.0069318655878305435, 'bucket_idx': 5, 'investment_fraction': 0.1, 'investment_amount': 8999.999999999998, 'allocated_amount': 8999.999999999998, 'exit_date': Timestamp('2017-04-19 00:00:00')}, {'ticker': 'HRG', 'sector': 'Conglomerates', 'prob_up': 0.9201850891113281, 'predicted_prob': 0.9201850891113281, 'expected_rise': 0.0063306670635938644, 'bucket_idx': 5, 'investment_fraction': 0.1, 'investment_amount': 6439.759610870449, 'allocated_amount': 6439.759610870449, 'exit_date': Timestamp('2017-04-19 00:00:00')}, {'ticker': 'DHR', 'sector': 'Industrial Goods', 'prob_up': 0.8949576616287231, 'predicted_prob': 0.8949576616287231, 'expected_rise': 0.005433194804936647, 'bucket_idx': 5, 'investment_fraction': 0.1, 'investment_amount': 2455.9982514069525, 'allocated_amount': 2455.9982514069525, 'exit_date': Timestamp('2017-04-19 00:00:00')}, {'ticker': 'CELG', 'sector': 'Healthcare', 'prob_up': 0.8580262660980225, 'predicted_prob': 0.8580262660980225, 'expected_rise': 0.007462667301297188, 'bucket_idx': 5, 'investment_fraction': 0.1, 'investment_amount': 8999.999999999993, 'allocated_amount': 8999.999999999993, 'exit_date': Timestamp('2017-04-19 00:00:00')}, {'ticker': 'NEE', 'sector': 'Utilities', 'prob_up': 0.8484712839126587, 'predicted_prob': 0.8484712839126587, 'expected_rise': 0.00554073229432106, 'bucket_idx': 5, 'investment_fraction': 0.1, 'investment_amount': 3104.242137722593, 'allocated_amount': 3104.242137722593, 'exit_date': Timestamp('2017-04-19 00:00:00')}]",5,100000.0,853,True,True,42,/mnt/primary/simulation/trained_models_multiclass_meta,12,12,0.2,0.3,200,5,60,1.0,0.0001,0.3,True,True,0.3,0.7,0.3,0.5,0.5,0.1,3,100.0,0.5,"[[0.08, 0.6], [0.15, 0.35]]",meta_emotion,nlp,0.1259823649942869,GRU,6,coral,20,128,128,2,0.3,0.3,0.0005466347365856,0.0003650001848317,64,50,10,0.0041366748730481,5,0.8,5,0.1411251559858494,0.7276744145783006,1.793808725179512,21,0.2057532757859396,0.7138661773078487,21,0.0647282490194046,4
2017-04-12,90995.74616254654,60997.02231378258,99995.74616254654,99995.74616254654,-4.2538374534604095,-4.2538374534606405e-05,4,MPT_ONLY,29998.72384876396,29998.72384876396,True,False,"{'BBL': 0.0, 'HRG': 0.19586572936975932, 'PEP': 0.0, 'WFC': 0.0, 'CELG': 0.30000000000000004, 'DHR': 0.05365420571086426, 'BABA': 0.30000000000000004, 'CSCO': 0.0814496127515159, 'NEE': 0.06903045216786045}","[{'date': Timestamp('2017-04-11 00:00:00'), 'exit_date': Timestamp('2017-04-12 00:00:00'), 'ticker': 'HRG', 'sector': 'Conglomerates', 'allocated_amount': 6439.759610870449, 'prob_up': 0.9201850891113281, 'expected_rise': 0.0063306670635938644, 'actual_return': -0.004067107269954295, 'pnl': -26.19119313012925, 'exit_reason': 'early_exit'}, {'date': Timestamp('2017-04-11 00:00:00'), 'exit_date': Timestamp('2017-04-12 00:00:00'), 'ticker': 'DHR', 'sector': 'Industrial Goods', 'allocated_amount': 2455.9982514069525, 'prob_up': 0.8949576616287231, 'expected_rise': 0.005433194804936647, 'actual_return': -0.005335796373225787, 'pnl': -13.104706562506092, 'exit_reason': 'early_exit'}, {'date': Timestamp('2017-04-11 00:00:00'), 'exit_date': Timestamp('2017-04-12 00:00:00'), 'ticker': 'CELG', 'sector': 'Healthcare', 'allocated_amount': 8999.999999999993, 'prob_up': 0.8580262660980225, 'expected_rise': 0.007462667301297188, 'actual_return': 0.0007196865619651938, 'pnl': 6.4771790576867385, 'exit_reason': 'early_exit'}, {'date': Timestamp('2017-04-11 00:00:00'), 'exit_date': Timestamp('2017-04-12 00:00:00'), 'ticker': 'NEE', 'sector': 'Utilities', 'allocated_amount': 3104.242137722593, 'prob_up': 0.8484712839126587, 'expected_rise': 0.00554073229432106, 'actual_return': 0.00920188629436125, 'pnl': 28.564883181488195, 'exit_reason': 'early_exit'}]","[{'ticker': 'BABA', 'sector': 'Services', 'prob_up': 0.9793485403060913, 'predicted_prob': 0.9793485403060913, 'expected_rise': 0.007018027827143669, 'bucket_idx': 5, 'investment_fraction': 0.1, 'investment_amount': 8999.61715462919, 'allocated_amount': 8999.61715462919, 'exit_date': Timestamp('2017-04-20 00:00:00')}, {'ticker': 'HRG', 'sector': 'Conglomerates', 'prob_up': 0.9201850891113281, 'predicted_prob': 0.9201850891113281, 'expected_rise': 0.0063306670635938644, 'bucket_idx': 5, 'investment_fraction': 0.1, 'investment_amount': 5875.721926800146, 'allocated_amount': 5875.721926800146, 'exit_date': Timestamp('2017-04-20 00:00:00')}, {'ticker': 'DHR', 'sector': 'Industrial Goods', 'prob_up': 0.8947373032569885, 'predicted_prob': 0.8947373032569885, 'expected_rise': 0.005431360565125942, 'bucket_idx': 5, 'investment_fraction': 0.1, 'investment_amount': 1609.557700444991, 'allocated_amount': 1609.557700444991, 'exit_date': Timestamp('2017-04-20 00:00:00')}, {'ticker': 'NEE', 'sector': 'Utilities', 'prob_up': 0.843889057636261, 'predicted_prob': 0.843889057636261, 'expected_rise': 0.005486438050866127, 'bucket_idx': 5, 'investment_fraction': 0.1, 'investment_amount': 2070.825471738955, 'allocated_amount': 2070.825471738955, 'exit_date': Timestamp('2017-04-20 00:00:00')}, {'ticker': 'CELG', 'sector': 'Healthcare', 'prob_up': 0.8437574505805969, 'predicted_prob': 0.8437574505805969, 'expected_rise': 0.007353019900619984, 'bucket_idx': 5, 'investment_fraction': 0.1, 'investment_amount': 8999.61715462919, 'allocated_amount': 8999.61715462919, 'exit_date': Timestamp('2017-04-20 00:00:00')}, {'ticker': 'CSCO', 'sector': 'Technology', 'prob_up': 0.7757076025009155, 'predicted_prob': 0.7757076025009155, 'expected_rise': 0.0055909231305122375, 'bucket_idx': 5, 'investment_fraction': 0.1, 'investment_amount': 2443.384440521489, 'allocated_amount': 2443.3844405214877, 'exit_date': Timestamp('2017-04-20 00:00:00')}]",5,100000.0,853,True,True,42,/mnt/primary/simulation/trained_models_multiclass_meta,12,12,0.2,0.3,200,5,60,1.0,0.0001,0.3,True,True,0.3,0.7,0.3,0.5,0.5,0.1,3,100.0,0.5,"[[0.08, 0.6], [0.15, 0.35]]",meta_emotion,nlp,0.1259823649942869,GRU,6,coral,20,128,128,2,0.3,0.3,0.0005466347365856,0.0003650001848317,64,50,10,0.0041366748730481,5,0.8,5,0.1411251559858494,0.7276744145783006,1.793808725179512,21,0.2057532757859396,0.7138661773078487,21,0.0647282490194046,4
2017-04-13,81932.49957841344,51952.86455850066,99932.11673304263,99932.11673304263,-63.62942950392439,-0.0006363213631155329,5,MPT_ONLY,29979.635019912785,29979.635019912777,True,False,"{'PTR': 1.1651559346977553e-16, 'HRG': 0.2999999999999999, 'PM': 8.289892586818898e-17, 'V': 9.028971814584899e-17, 'CELG': 0.3, 'DHR': 0.15667193503782503, 'PCLN': 7.249936255856115e-18, 'ORCL': 3.588561405934428e-18, 'PCG': 0.24332806496217482}","[{'date': Timestamp('2017-04-12 00:00:00'), 'exit_date': Timestamp('2017-04-13 00:00:00'), 'ticker': 'HRG', 'sector': 'Conglomerates', 'allocated_amount': 5875.721926800146, 'prob_up': 0.9201850891113281, 'expected_rise': 0.0063306670635938644, 'actual_return': -0.0005104645227157478, 'pnl': -2.9993475889744907, 'exit_reason': 'early_exit'}, {'date': Timestamp('2017-04-12 00:00:00'), 'exit_date': Timestamp('2017-04-13 00:00:00'), 'ticker': 'DHR', 'sector': 'Industrial Goods', 'allocated_amount': 1609.557700444991, 'prob_up': 0.8947373032569885, 'expected_rise': 0.005431360565125942, 'actual_return': 0.0003498425655976689, 'pnl': 0.56309179540116, 'exit_reason': 'early_exit'}, {'date': Timestamp('2017-04-12 00:00:00'), 'exit_date': Timestamp('2017-04-13 00:00:00'), 'ticker': 'NEE', 'sector': 'Utilities', 'allocated_amount': 2070.825471738955, 'prob_up': 0.843889057636261, 'expected_rise': 0.005486438050866127, 'actual_return': 0.001992253543492861, 'pnl': 4.125609384027209, 'exit_reason': 'early_exit'}, {'date': Timestamp('2017-04-12 00:00:00'), 'exit_date': Timestamp('2017-04-13 00:00:00'), 'ticker': 'CELG', 'sector': 'Healthcare', 'allocated_amount': 8999.61715462919, 'prob_up': 0.8437574505805969, 'expected_rise': 0.007353019900619984, 'actual_return': -0.0055933279170063965, 'pnl': -50.337809873357116, 'exit_reason': 'early_exit'}, {'date': Timestamp('2017-04-12 00:00:00'), 'exit_date': Timestamp('2017-04-13 00:00:00'), 'ticker': 'CSCO', 'sector': 'Technology', 'allocated_amount': 2443.3844405214877, 'prob_up': 0.7757076025009155, 'expected_rise': 0.0055909231305122375, 'actual_return': -0.0061312386919447626, 'pnl': -14.980973221021152, 'exit_reason': 'early_exit'}]","[{'ticker': 'HRG', 'sector': 'Conglomerates', 'prob_up': 0.9213154911994934, 'predicted_prob': 0.9213154911994934, 'expected_rise': 0.006343073211610317, 'bucket_idx': 5, 'investment_fraction': 0.1, 'investment_amount': 8993.890505973832, 'allocated_amount': 8993.890505973832, 'exit_date': Timestamp('2017-04-21 00:00:00')}, {'ticker': 'DHR', 'sector': 'Industrial Goods', 'prob_up': 0.8877038359642029, 'predicted_prob': 0.8877038359642029, 'expected_rise': 0.005373259540647268, 'bucket_idx': 5, 'investment_fraction': 0.1, 'investment_amount': 4696.96743029748, 'allocated_amount': 4696.96743029748, 'exit_date': Timestamp('2017-04-21 00:00:00')}, {'ticker': 'PCG', 'sector': 'Utilities', 'prob_up': 0.8398365378379822, 'predicted_prob': 0.8398365378379822, 'expected_rise': 0.005935453809797764, 'bucket_idx': 5, 'investment_fraction': 0.1, 'investment_amount': 7294.886577667629, 'allocated_amount': 7294.886577667629, 'exit_date': Timestamp('2017-04-21 00:00:00')}, {'ticker': 'CELG', 'sector': 'Healthcare', 'prob_up': 0.8354934453964233, 'predicted_prob': 0.8354934453964233, 'expected_rise': 0.0072870198637247086, 'bucket_idx': 5, 'investment_fraction': 0.1, 'investment_amount': 8993.890505973835, 'allocated_amount': 8993.890505973835, 'exit_date': Timestamp('2017-04-21 00:00:00')}]",5,100000.0,853,True,True,42,/mnt/primary/simulation/trained_models_multiclass_meta,12,12,0.2,0.3,200,5,60,1.0,0.0001,0.3,True,True,0.3,0.7,0.3,0.5,0.5,0.1,3,100.0,0.5,"[[0.08, 0.6], [0.15, 0.35]]",meta_emotion,nlp,0.1259823649942869,GRU,6,coral,20,128,128,2,0.3,0.3,0.0005466347365856,0.0003650001848317,64,50,10,0.0041366748730481,5,0.8,5,0.1411251559858494,0.7276744145783006,1.793808725179512,21,0.2057532757859396,0.7138661773078487,21,0.0647282490194046,4
2017-04-17,74769.54270698242,44750.32877519866,100064.04643927923,100064.04643927923,131.92970623661648,0.0013201932526760718,3,MPT_ONLY,30019.21393178377,30019.213931783765,True,False,"{'PTR': 0.11650256177959059, 'HRG': 0.2999999999999999, 'UN': 0.0, 'MA': 2.482145348634001e-16, 'CELG': 0.2999999999999997, 'DHR': 0.2834974382204097, 'UPS': 0.0, 'ORCL': 1.3417001884508114e-18, 'AEP': 0.0}","[{'date': Timestamp('2017-04-13 00:00:00'), 'exit_date': Timestamp('2017-04-17 00:00:00'), 'ticker': 'HRG', 'sector': 'Conglomerates', 'allocated_amount': 8993.890505973832, 'prob_up': 0.9213154911994934, 'expected_rise': 0.006343073211610317, 'actual_return': 0.0040858018386109585, 'pnl': 36.747254365573525, 'exit_reason': 'early_exit'}, {'date': Timestamp('2017-04-13 00:00:00'), 'exit_date': Timestamp('2017-04-17 00:00:00'), 'ticker': 'DHR', 'sector': 'Industrial Goods', 'allocated_amount': 4696.96743029748, 'prob_up': 0.8877038359642029, 'expected_rise': 0.005373259540647268, 'actual_return': 0.010725087557998059, 'pnl': 50.375386947005616, 'exit_reason': 'early_exit'}, {'date': Timestamp('2017-04-13 00:00:00'), 'exit_date': Timestamp('2017-04-17 00:00:00'), 'ticker': 'CELG', 'sector': 'Healthcare', 'allocated_amount': 8993.890505973835, 'prob_up': 0.8354934453964233, 'expected_rise': 0.0072870198637247086, 'actual_return': 0.004981944676141659, 'pnl': 44.807064924037356, 'exit_reason': 'early_exit'}]","[{'ticker': 'HRG', 'sector': 'Conglomerates', 'prob_up': 0.9228734970092773, 'predicted_prob': 0.9228734970092773, 'expected_rise': 0.006360216997563839, 'bucket_idx': 5, 'investment_fraction': 0.1, 'investment_amount': 9005.764179535126, 'allocated_amount': 9005.764179535126, 'exit_date': Timestamp('2017-04-24 00:00:00')}, {'ticker': 'DHR', 'sector': 'Industrial Goods', 'prob_up': 0.869240403175354, 'predicted_prob': 0.869240403175354, 'expected_rise': 0.00522497808560729, 'bucket_idx': 5, 'investment_fraction': 0.1, 'investment_amount': 8510.37024705113, 'allocated_amount': 8510.37024705113, 'exit_date': Timestamp('2017-04-24 00:00:00')}, {'ticker': 'CELG', 'sector': 'Healthcare', 'prob_up': 0.8239333629608154, 'predicted_prob': 0.8239333629608154, 'expected_rise': 0.007191690616309643, 'bucket_idx': 5, 'investment_fraction': 0.1, 'investment_amount': 9005.764179535121, 'allocated_amount': 9005.764179535121, 'exit_date': Timestamp('2017-04-24 00:00:00')}, {'ticker': 'PTR', 'sector': 'Basic Matierials', 'prob_up': 0.8141160607337952, 'predicted_prob': 0.8141160607337952, 'expected_rise': 0.00452508544549346, 'bucket_idx': 5, 'investment_fraction': 0.1, 'investment_amount': 3497.315325662385, 'allocated_amount': 3497.315325662385, 'exit_date': Timestamp('2017-04-24 00:00:00')}]",5,100000.0,853,True,True,42,/mnt/primary/simulation/trained_models_multiclass_meta,12,12,0.2,0.3,200,5,60,1.0,0.0001,0.3,True,True,0.3,0.7,0.3,0.5,0.5,0.1,3,100.0,0.5,"[[0.08, 0.6], [0.15, 0.35]]",meta_emotion,nlp,0.1259823649942869,GRU,6,coral,20,128,128,2,0.3,0.3,0.0005466347365856,0.0003650001848317,64,50,10,0.0041366748730481,5,0.8,5,0.1411251559858494,0.7276744145783006,1.793808725179512,21,0.2057532757859396,0.7138661773078487,21,0.0647282490194046,4
2017-04-18,71076.12529293944,41115.74198766986,99867.94435089864,99867.94435089864,-196.10208838060095,-0.001959765723641649,3,MPT_ONLY,29960.38330526959,29960.383305269577,True,False,"{'PTR': 6.938893903907228e-18, 'HRG': 0.241783579324887, 'PM': 1.214306433183765e-17, 'MA': 1.5439038936193583e-16, 'CELG': 0.2887741558345237, 'MMM': 7.068998164605489e-17, 'BABA': 0.2999999999999998, 'ORCL': 2.1206994493816467e-16, 'PCG': 0.1694422648405891}","[{'date': Timestamp('2017-04-17 00:00:00'), 'exit_date': Timestamp('2017-04-18 00:00:00'), 'ticker': 'HRG', 'sector': 'Conglomerates', 'allocated_amount': 9005.764179535126, 'prob_up': 0.9228734970092773, 'expected_rise': 0.006360216997563839, 'actual_return': -0.003560528992878953, 'pnl': -32.06528446426555, 'exit_reason': 'early_exit'}, {'date': Timestamp('2017-04-17 00:00:00'), 'exit_date': Timestamp('2017-04-18 00:00:00'), 'ticker': 'DHR', 'sector': 'Industrial Goods', 'allocated_amount': 8510.37024705113, 'prob_up': 0.869240403175354, 'expected_rise': 0.00522497808560729, 'actual_return': -0.0018453979877299798, 'pnl': -15.705020128745247, 'exit_reason': 'early_exit'}, {'date': Timestamp('2017-04-17 00:00:00'), 'exit_date': Timestamp('2017-04-18 00:00:00'), 'ticker': 'CELG', 'sector': 'Healthcare', 'allocated_amount': 9005.764179535121, 'prob_up': 0.8239333629608154, 'expected_rise': 0.007191690616309643, 'actual_return': -0.016470760374190374, 'pnl': -148.33178378759015, 'exit_reason': 'early_exit'}]","[{'ticker': 'BABA', 'sector': 'Services', 'prob_up': 0.9424707293510437, 'predicted_prob': 0.9424707293510437, 'expected_rise': 0.0076646688394248486, 'bucket_idx': 5, 'investment_fraction': 0.1, 'investment_amount': 8988.114991580873, 'allocated_amount': 8988.114991580873, 'exit_date': Timestamp('2017-04-25 00:00:00')}, {'ticker': 'HRG', 'sector': 'Conglomerates', 'prob_up': 0.923313319683075, 'predicted_prob': 0.923313319683075, 'expected_rise': 0.006365069188177586, 'bucket_idx': 5, 'investment_fraction': 0.1, 'investment_amount': 7243.92871349367, 'allocated_amount': 7243.92871349367, 'exit_date': Timestamp('2017-04-25 00:00:00')}, {'ticker': 'PCG', 'sector': 'Utilities', 'prob_up': 0.8110472559928894, 'predicted_prob': 0.8110472559928894, 'expected_rise': 0.005700368899852037, 'bucket_idx': 5, 'investment_fraction': 0.1, 'investment_amount': 5076.555202737055, 'allocated_amount': 5076.555202737055, 'exit_date': Timestamp('2017-04-25 00:00:00')}, {'ticker': 'CELG', 'sector': 'Healthcare', 'prob_up': 0.776921808719635, 'predicted_prob': 0.776921808719635, 'expected_rise': 0.00676918588578701, 'bucket_idx': 5, 'investment_fraction': 0.1, 'investment_amount': 8651.784397457983, 'allocated_amount': 8651.784397457983, 'exit_date': Timestamp('2017-04-25 00:00:00')}]",5,100000.0,853,True,True,42,/mnt/primary/simulation/trained_models_multiclass_meta,12,12,0.2,0.3,200,5,60,1.0,0.0001,0.3,True,True,0.3,0.7,0.3,0.5,0.5,0.1,3,100.0,0.5,"[[0.08, 0.6], [0.15, 0.35]]",meta_emotion,nlp,0.1259823649942869,GRU,6,coral,20,128,128,2,0.3,0.3,0.0005466347365856,0.0003650001848317,64,50,10,0.0041366748730481,5,0.8,5,0.1411251559858494,0.7276744145783006,1.793808725179512,21,0.2057532757859396,0.7138661773078487,21,0.0647282490194046,4
2017-04-19,66031.20226575504,36064.894810345395,99887.69151803217,99887.69151803217,19.747167133537204,0.00019773278865287125,2,MPT_ONLY,29966.30745540965,29966.307455409646,True,False,"{'PTR': 0.0, 'HRG': 0.29999999999999977, 'PM': 0.0, 'MA': 0.0, 'CELG': 0.29999999999999966, 'CAT': 0.0, 'UPS': 0.0, 'INTC': 0.1400122355706603, 'NEE': 0.25998776442934024}","[{'date': Timestamp('2017-04-11 00:00:00'), 'exit_date': Timestamp('2017-04-19 00:00:00'), 'ticker': 'BABA', 'sector': 'Services', 'allocated_amount': 8999.999999999998, 'prob_up': 0.9834480285644531, 'expected_rise': 0.0069318655878305435, 'actual_return': 0.0028975008529970037, 'pnl': 26.077507676973028, 'exit_reason': 'scheduled'}, {'date': Timestamp('2017-04-18 00:00:00'), 'exit_date': Timestamp('2017-04-19 00:00:00'), 'ticker': 'HRG', 'sector': 'Conglomerates', 'allocated_amount': 7243.92871349367, 'prob_up': 0.923313319683075, 'expected_rise': 0.006365069188177586, 'actual_return': 0.0, 'pnl': 0.0, 'exit_reason': 'early_exit'}, {'date': Timestamp('2017-04-18 00:00:00'), 'exit_date': Timestamp('2017-04-19 00:00:00'), 'ticker': 'CELG', 'sector': 'Healthcare', 'allocated_amount': 8651.784397457983, 'prob_up': 0.776921808719635, 'expected_rise': 0.00676918588578701, 'actual_return': -0.0007316803392946047, 'pnl': -6.330340543435824, 'exit_reason': 'early_exit'}]","[{'ticker': 'HRG', 'sector': 'Conglomerates', 'prob_up': 0.9226526021957397, 'predicted_prob': 0.9226526021957397, 'expected_rise': 0.00635778671130538, 'bucket_idx': 5, 'investment_fraction': 0.1, 'investment_amount': 8989.892236622887, 'allocated_amount': 8989.892236622887, 'exit_date': Timestamp('2017-04-26 00:00:00')}, {'ticker': 'NEE', 'sector': 'Utilities', 'prob_up': 0.7247007489204407, 'predicted_prob': 0.7247007489204407, 'expected_rise': 0.0042665875516831875, 'bucket_idx': 5, 'investment_fraction': 0.09127752031949464, 'investment_amount': 7790.873283534226, 'allocated_amount': 7790.873283534226, 'exit_date': Timestamp('2017-04-26 00:00:00')}, {'ticker': 'CELG', 'sector': 'Healthcare', 'prob_up': 0.6443592309951782, 'predicted_prob': 0.6443592309951782, 'expected_rise': 0.0052999937906861305, 'bucket_idx': 5, 'investment_fraction': 0.06903678931171134, 'investment_amount': 8989.892236622885, 'allocated_amount': 8989.892236622885, 'exit_date': Timestamp('2017-04-26 00:00:00')}, {'ticker': 'INTC', 'sector': 'Technology', 'prob_up': 0.5411806702613831, 'predicted_prob': 0.5411806702613831, 'expected_rise': 0.0037586865946650505, 'bucket_idx': 5, 'investment_fraction': 0.01780322894286032, 'investment_amount': 4195.64969862965, 'allocated_amount': 4195.64969862965, 'exit_date': Timestamp('2017-04-26 00:00:00')}]",5,100000.0,853,True,True,42,/mnt/primary/simulation/trained_models_multiclass_meta,12,12,0.2,0.3,200,5,60,1.0,0.0001,0.3,True,True,0.3,0.7,0.3,0.5,0.5,0.1,3,100.0,0.5,"[[0.08, 0.6], [0.15, 0.35]]",meta_emotion,nlp,0.1259823649942869,GRU,6,coral,20,128,128,2,0.3,0.3,0.0005466347365856,0.0003650001848317,64,50,10,0.0041366748730481,5,0.8,5,0.1411251559858494,0.7276744145783006,1.793808725179512,21,0.2057532757859396,0.7138661773078487,21,0.0647282490194046,4
2017-04-20,75263.12534224436,45227.12611027668,100119.9974398923,100119.9974398923,232.30592186012265,0.0023256711445593936,4,MPT_ONLY,30035.999231967686,30035.999231967682,True,False,"{'SLB': 0.0, 'HRG': 0.3, 'UN': 4.996179316126437e-17, 'V': 7.93895557459748e-17, 'CELG': 0.0, 'DHR': 0.04088732424386195, 'BABA': 0.3, 'CSCO': 0.3, 'NEE': 0.059112675756137996}","[{'date': Timestamp('2017-04-12 00:00:00'), 'exit_date': Timestamp('2017-04-20 00:00:00'), 'ticker': 'BABA', 'sector': 'Services', 'allocated_amount': 8999.61715462919, 'prob_up': 0.9793485403060913, 'expected_rise': 0.007018027827143669, 'actual_return': 0.021061213623642994, 'pnl': 189.54285942464747, 'exit_reason': 'scheduled'}, {'date': Timestamp('2017-04-19 00:00:00'), 'exit_date': Timestamp('2017-04-20 00:00:00'), 'ticker': 'HRG', 'sector': 'Conglomerates', 'allocated_amount': 8989.892236622887, 'prob_up': 0.9226526021957397, 'expected_rise': 0.00635778671130538, 'actual_return': 0.0025522715671260077, 'pnl': 22.944646347059425, 'exit_reason': 'early_exit'}, {'date': Timestamp('2017-04-19 00:00:00'), 'exit_date': Timestamp('2017-04-20 00:00:00'), 'ticker': 'NEE', 'sector': 'Utilities', 'allocated_amount': 7790.873283534226, 'prob_up': 0.7247007489204407, 'expected_rise': 0.0042665875516831875, 'actual_return': -0.004790912547528614, 'pnl': -37.32539257028958, 'exit_reason': 'early_exit'}, {'date': Timestamp('2017-04-19 00:00:00'), 'exit_date': Timestamp('2017-04-20 00:00:00'), 'ticker': 'CELG', 'sector': 'Healthcare', 'allocated_amount': 8989.892236622885, 'prob_up': 0.6443592309951782, 'expected_rise': 0.0052999937906861305, 'actual_return': 0.0028473723209789803, 'pnl': 25.59757032314382, 'exit_reason': 'early_exit'}, {'date': Timestamp('2017-04-19 00:00:00'), 'exit_date': Timestamp('2017-04-20 00:00:00'), 'ticker': 'INTC', 'sector': 'Technology', 'allocated_amount': 4195.64969862965, 'prob_up': 0.5411806702613831, 'expected_rise': 0.0037586865946650505, 'actual_return': 0.007518796992481258, 'pnl': 31.546238335561508, 'exit_reason': 'early_exit'}]","[{'ticker': 'BABA', 'sector': 'Services', 'prob_up': 0.9730204939842224, 'predicted_prob': 0.9730204939842224, 'expected_rise': 0.0071445852518081665, 'bucket_idx': 5, 'investment_fraction': 0.1, 'investment_amount': 9010.799769590305, 'allocated_amount': 9010.799769590305, 'exit_date': Timestamp('2017-04-27 00:00:00')}, {'ticker': 'HRG', 'sector': 'Conglomerates', 'prob_up': 0.9199572205543518, 'predicted_prob': 0.9199572205543518, 'expected_rise': 0.006328169256448746, 'bucket_idx': 5, 'investment_fraction': 0.1, 'investment_amount': 9010.799769590305, 'allocated_amount': 9010.799769590305, 'exit_date': Timestamp('2017-04-27 00:00:00')}, {'ticker': 'CSCO', 'sector': 'Technology', 'prob_up': 0.8461146950721741, 'predicted_prob': 0.8461146950721741, 'expected_rise': 0.006888664327561855, 'bucket_idx': 5, 'investment_fraction': 0.1, 'investment_amount': 9010.799769590305, 'allocated_amount': 9010.799769590305, 'exit_date': Timestamp('2017-04-27 00:00:00')}, {'ticker': 'NEE', 'sector': 'Utilities', 'prob_up': 0.7372480034828186, 'predicted_prob': 0.7372480034828186, 'expected_rise': 0.004381001926958561, 'bucket_idx': 5, 'investment_fraction': 0.09622698086862763, 'investment_amount': 1775.5082836109157, 'allocated_amount': 1775.5082836109157, 'exit_date': Timestamp('2017-04-27 00:00:00')}, {'ticker': 'DHR', 'sector': 'Industrial Goods', 'prob_up': 0.7360857725143433, 'predicted_prob': 0.7360857725143433, 'expected_rise': 0.004258986562490463, 'bucket_idx': 5, 'investment_fraction': 0.1, 'investment_amount': 1228.0916395858512, 'allocated_amount': 1228.0916395858512, 'exit_date': Timestamp('2017-04-27 00:00:00')}]",5,100000.0,853,True,True,42,/mnt/primary/simulation/trained_models_multiclass_meta,12,12,0.2,0.3,200,5,60,1.0,0.0001,0.3,True,True,0.3,0.7,0.3,0.5,0.5,0.1,3,100.0,0.5,"[[0.08, 0.6], [0.15, 0.35]]",meta_emotion,nlp,0.1259823649942869,GRU,6,coral,20,128,128,2,0.3,0.3,0.0005466347365856,0.0003650001848317,64,50,10,0.0041366748730481,5,0.8,5,0.1411251559858494,0.7276744145783006,1.793808725179512,21,0.2057532757859396,0.7138661773078487,21,0.0647282490194046,4
2017-04-21,73526.1823099456,43496.49203009074,100098.96759951621,100098.96759951621,-21.029840376094583,-0.00021004635351407064,4,MPT_ONLY,30029.69027985486,30029.69027985486,True,False,"{'SLB': 0.0, 'HRG': 0.2999999999999999, 'PM': 4.9676743795794925e-18, 'V': 0.0, 'JNJ': 0.0, 'DHR': 0.06969515040147206, 'AMZN': 0.03030484959852839, 'INTC': 0.2999999999999998, 'PCG': 0.2999999999999998}","[{'date': Timestamp('2017-04-13 00:00:00'), 'exit_date': Timestamp('2017-04-21 00:00:00'), 'ticker': 'PCG', 'sector': 'Utilities', 'allocated_amount': 7294.886577667629, 'prob_up': 0.8398365378379822, 'expected_rise': 0.005935453809797764, 'actual_return': 0.002829952380547285, 'pnl': 20.64418163629294, 'exit_reason': 'scheduled'}, {'date': Timestamp('2017-04-20 00:00:00'), 'exit_date': Timestamp('2017-04-21 00:00:00'), 'ticker': 'HRG', 'sector': 'Conglomerates', 'allocated_amount': 9010.799769590305, 'prob_up': 0.9199572205543518, 'expected_rise': 0.006328169256448746, 'actual_return': -0.005600713116125977, 'pnl': -50.46690445632935, 'exit_reason': 'early_exit'}, {'date': Timestamp('2017-04-20 00:00:00'), 'exit_date': Timestamp('2017-04-21 00:00:00'), 'ticker': 'CSCO', 'sector': 'Technology', 'allocated_amount': 9010.799769590305, 'prob_up': 0.8461146950721741, 'expected_rise': 0.006888664327561855, 'actual_return': -0.0003046603530514336, 'pnl': -2.7452334390791586, 'exit_reason': 'early_exit'}, {'date': Timestamp('2017-04-20 00:00:00'), 'exit_date': Timestamp('2017-04-21 00:00:00'), 'ticker': 'NEE', 'sector': 'Utilities', 'allocated_amount': 1775.5082836109157, 'prob_up': 0.7372480034828186, 'expected_rise': 0.004381001926958561, 'actual_return': 0.016428586246985066, 'pnl': 29.16909096953835, 'exit_reason': 'early_exit'}, {'date': Timestamp('2017-04-20 00:00:00'), 'exit_date': Timestamp('2017-04-21 00:00:00'), 'ticker': 'DHR', 'sector': 'Industrial Goods', 'allocated_amount': 1228.0916395858512, 'prob_up': 0.7360857725143433, 'expected_rise': 0.004258986562490463, 'actual_return': -0.014356400221455012, 'pnl': -17.630975086517363, 'exit_reason': 'early_exit'}]","[{'ticker': 'HRG', 'sector': 'Conglomerates', 'prob_up': 0.9159917831420898, 'predicted_prob': 0.9159917831420898, 'expected_rise': 0.00628487765789032, 'bucket_idx': 5, 'investment_fraction': 0.1, 'investment_amount': 9008.907083956456, 'allocated_amount': 9008.907083956456, 'exit_date': Timestamp('2017-04-28 00:00:00')}, {'ticker': 'PCG', 'sector': 'Utilities', 'prob_up': 0.8162925839424133, 'predicted_prob': 0.8162925839424133, 'expected_rise': 0.005743731278926134, 'bucket_idx': 5, 'investment_fraction': 0.1, 'investment_amount': 9008.907083956454, 'allocated_amount': 9008.907083956454, 'exit_date': Timestamp('2017-04-28 00:00:00')}, {'ticker': 'DHR', 'sector': 'Industrial Goods', 'prob_up': 0.7059707045555115, 'predicted_prob': 0.7059707045555115, 'expected_rise': 0.004049503244459629, 'bucket_idx': 5, 'investment_fraction': 0.08914603169239618, 'investment_amount': 2092.9237805641083, 'allocated_amount': 2092.9237805641083, 'exit_date': Timestamp('2017-04-28 00:00:00')}, {'ticker': 'INTC', 'sector': 'Technology', 'prob_up': 0.6177957057952881, 'predicted_prob': 0.6177957057952881, 'expected_rise': 0.004968211054801941, 'bucket_idx': 5, 'investment_fraction': 0.04804512952798943, 'investment_amount': 9008.907083956454, 'allocated_amount': 9008.907083956454, 'exit_date': Timestamp('2017-04-28 00:00:00')}, {'ticker': 'AMZN', 'sector': 'Services', 'prob_up': 0.49674052000045776, 'predicted_prob': 0.49674052000045776, 'expected_rise': 0.0038868472911417484, 'bucket_idx': 0, 'investment_fraction': 0.008338272077646248, 'investment_amount': 910.0452474213914, 'allocated_amount': 910.0452474213889, 'exit_date': Timestamp('2017-04-28 00:00:00')}]",5,100000.0,853,True,True,42,/mnt/primary/simulation/trained_models_multiclass_meta,12,12,0.2,0.3,200,5,60,1.0,0.0001,0.3,True,True,0.3,0.7,0.3,0.5,0.5,0.1,3,100.0,0.5,"[[0.08, 0.6], [0.15, 0.35]]",meta_emotion,nlp,0.1259823649942869,GRU,6,coral,20,128,128,2,0.3,0.3,0.0005466347365856,0.0003650001848317,64,50,10,0.0041366748730481,5,0.8,5,0.1411251559858494,0.7276744145783006,1.793808725179512,21,0.2057532757859396,0.7138661773078487,21,0.0647282490194046,4
2017-04-24,68191.80860115247,38108.952906447346,100276.18564901716,100276.18564901716,177.21804950094182,0.0017704283445756364,4,MPT_ONLY,30082.855694705147,30082.85569470514,True,False,"{'PTR': 4.22116045821023e-17, 'SPLP': 0.0, 'AAPL': 6.071532165918825e-18, 'WFC': 4.7364349394746175e-17, 'JNJ': 1.1946215057536118e-16, 'DHR': 0.19883881577661297, 'BABA': 0.2999999999999999, 'CSCO': 0.3, 'NEE': 0.20116118422338702}","[{'date': Timestamp('2017-04-17 00:00:00'), 'exit_date': Timestamp('2017-04-24 00:00:00'), 'ticker': 'PTR', 'sector': 'Basic Matierials', 'allocated_amount': 3497.315325662385, 'prob_up': 0.8141160607337952, 'expected_rise': 0.00452508544549346, 'actual_return': -0.030170009055677793, 'pnl': -105.51403504579488, 'exit_reason': 'scheduled'}, {'date': Timestamp('2017-04-21 00:00:00'), 'exit_date': Timestamp('2017-04-24 00:00:00'), 'ticker': 'HRG', 'sector': 'Conglomerates', 'allocated_amount': 9008.907083956456, 'prob_up': 0.9159917831420898, 'expected_rise': 0.00628487765789032, 'actual_return': 0.01638499660087067, 'pnl': 147.61091194818624, 'exit_reason': 'early_exit'}, {'date': Timestamp('2017-04-21 00:00:00'), 'exit_date': Timestamp('2017-04-24 00:00:00'), 'ticker': 'DHR', 'sector': 'Industrial Goods', 'allocated_amount': 2092.9237805641083, 'prob_up': 0.7059707045555115, 'expected_rise': 0.004049503244459629, 'actual_return': 0.009302350402779158, 'pnl': 19.46911037311661, 'exit_reason': 'early_exit'}, {'date': Timestamp('2017-04-21 00:00:00'), 'exit_date': Timestamp('2017-04-24 00:00:00'), 'ticker': 'INTC', 'sector': 'Technology', 'allocated_amount': 9008.907083956454, 'prob_up': 0.6177957057952881, 'expected_rise': 0.004968211054801941, 'actual_return': 0.01183920704845809, 'pnl': 106.65831624728126, 'exit_reason': 'early_exit'}, {'date': Timestamp('2017-04-21 00:00:00'), 'exit_date': Timestamp('2017-04-24 00:00:00'), 'ticker': 'AMZN', 'sector': 'Services', 'allocated_amount': 910.0452474213889, 'prob_up': 0.49674052000045776, 'expected_rise': 0.0038868472911417484, 'actual_return': 0.009882745944376214, 'pnl': 8.99374597815258, 'exit_reason': 'early_exit'}]","[{'ticker': 'BABA', 'sector': 'Services', 'prob_up': 0.9942501783370972, 'predicted_prob': 0.9942501783370972, 'expected_rise': 0.006687298882752657, 'bucket_idx': 5, 'investment_fraction': 0.1, 'investment_amount': 9024.85670841154, 'allocated_amount': 9024.85670841154, 'exit_date': Timestamp('2017-05-01 00:00:00')}, {'ticker': 'CSCO', 'sector': 'Technology', 'prob_up': 0.868205189704895, 'predicted_prob': 0.868205189704895, 'expected_rise': 0.007332298904657364, 'bucket_idx': 5, 'investment_fraction': 0.1, 'investment_amount': 9024.856708411544, 'allocated_amount': 9024.856708411544, 'exit_date': Timestamp('2017-05-01 00:00:00')}, {'ticker': 'DHR', 'sector': 'Industrial Goods', 'prob_up': 0.7020681500434875, 'predicted_prob': 0.7020681500434875, 'expected_rise': 0.004022282548248768, 'bucket_idx': 5, 'investment_fraction': 0.08738065610468349, 'investment_amount': 5981.639401513909, 'allocated_amount': 5981.639401513909, 'exit_date': Timestamp('2017-05-01 00:00:00')}, {'ticker': 'NEE', 'sector': 'Utilities', 'prob_up': 0.6962006688117981, 'predicted_prob': 0.6962006688117981, 'expected_rise': 0.004015815909951925, 'bucket_idx': 5, 'investment_fraction': 0.07990864876977961, 'investment_amount': 6051.502876368149, 'allocated_amount': 6051.502876368149, 'exit_date': Timestamp('2017-05-01 00:00:00')}]",5,100000.0,853,True,True,42,/mnt/primary/simulation/trained_models_multiclass_meta,12,12,0.2,0.3,200,5,60,1.0,0.0001,0.3,True,True,0.3,0.7,0.3,0.5,0.5,0.1,3,100.0,0.5,"[[0.08, 0.6], [0.15, 0.35]]",meta_emotion,nlp,0.1259823649942869,GRU,6,coral,20,128,128,2,0.3,0.3,0.0005466347365856,0.0003650001848317,64,50,10,0.0041366748730481,5,0.8,5,0.1411251559858494,0.7276744145783006,1.793808725179512,21,0.2057532757859396,0.7138661773078487,21,0.0647282490194046,4
2017-04-25,73691.47126116749,43470.660814229755,100736.03482312578,100736.03482312578,459.84917410861095,0.004585826346827471,3,MPT_ONLY,30220.810446937732,30220.81044693773,True,False,"{'SLB': 6.12915064979786e-17, 'HRG': 0.3, 'UN': 0.00391214149575867, 'V': 0.0, 'CELG': 0.0, 'CAT': 0.0, 'PCLN': 0.09608785850424124, 'INTC': 0.3, 'AEP': 0.3}","[{'date': Timestamp('2017-04-18 00:00:00'), 'exit_date': Timestamp('2017-04-25 00:00:00'), 'ticker': 'BABA', 'sector': 'Services', 'allocated_amount': 8988.114991580873, 'prob_up': 0.9424707293510437, 'expected_rise': 0.0076646688394248486, 'actual_return': 0.03820911521507386, 'pnl': 343.4279212796462, 'exit_reason': 'scheduled'}, {'date': Timestamp('2017-04-18 00:00:00'), 'exit_date': Timestamp('2017-04-25 00:00:00'), 'ticker': 'PCG', 'sector': 'Utilities', 'allocated_amount': 5076.555202737055, 'prob_up': 0.8110472559928894, 'expected_rise': 0.005700368899852037, 'actual_return': 0.0019251444087833303, 'pnl': 9.773101864429167, 'exit_reason': 'scheduled'}, {'date': Timestamp('2017-04-24 00:00:00'), 'exit_date': Timestamp('2017-04-25 00:00:00'), 'ticker': 'CSCO', 'sector': 'Technology', 'allocated_amount': 9024.856708411544, 'prob_up': 0.868205189704895, 'expected_rise': 0.007332298904657364, 'actual_return': 0.004206700847557254, 'pnl': 37.96487236435761, 'exit_reason': 'early_exit'}, {'date': Timestamp('2017-04-24 00:00:00'), 'exit_date': Timestamp('2017-04-25 00:00:00'), 'ticker': 'DHR', 'sector': 'Industrial Goods', 'allocated_amount': 5981.639401513909, 'prob_up': 0.7020681500434875, 'expected_rise': 0.004022282548248768, 'actual_return': 0.01018680584752385, 'pnl': 60.93379923312096, 'exit_reason': 'early_exit'}, {'date': Timestamp('2017-04-24 00:00:00'), 'exit_date': Timestamp('2017-04-25 00:00:00'), 'ticker': 'NEE', 'sector': 'Utilities', 'allocated_amount': 6051.502876368149, 'prob_up': 0.6962006688117981, 'expected_rise': 0.004015815909951925, 'actual_return': 0.0012805875706214387, 'pnl': 7.749479367056937, 'exit_reason': 'early_exit'}]","[{'ticker': 'HRG', 'sector': 'Conglomerates', 'prob_up': 0.9082992672920227, 'predicted_prob': 0.9082992672920227, 'expected_rise': 0.0062018088065087795, 'bucket_idx': 5, 'investment_fraction': 0.1, 'investment_amount': 9066.24313408132, 'allocated_amount': 9066.24313408132, 'exit_date': Timestamp('2017-05-02 00:00:00')}, {'ticker': 'AEP', 'sector': 'Utilities', 'prob_up': 0.897607684135437, 'predicted_prob': 0.897607684135437, 'expected_rise': 0.005571132525801659, 'bucket_idx': 5, 'investment_fraction': 0.1, 'investment_amount': 9066.24313408132, 'allocated_amount': 9066.24313408132, 'exit_date': Timestamp('2017-05-02 00:00:00')}, {'ticker': 'UN', 'sector': 'Consumer Goods', 'prob_up': 0.8772767782211304, 'predicted_prob': 0.8772767782211304, 'expected_rise': 0.004312895238399506, 'bucket_idx': 5, 'investment_fraction': 0.1, 'investment_amount': 118.22808658492222, 'allocated_amount': 118.22808658492222, 'exit_date': Timestamp('2017-05-02 00:00:00')}, {'ticker': 'PCLN', 'sector': 'Services', 'prob_up': 0.8136633634567261, 'predicted_prob': 0.8136633634567261, 'expected_rise': 0.004574625752866268, 'bucket_idx': 5, 'investment_fraction': 0.1, 'investment_amount': 2903.8529581088483, 'allocated_amount': 2903.8529581088483, 'exit_date': Timestamp('2017-05-02 00:00:00')}, {'ticker': 'INTC', 'sector': 'Technology', 'prob_up': 0.6417003870010376, 'predicted_prob': 0.6417003870010376, 'expected_rise': 0.005341992247849703, 'bucket_idx': 5, 'investment_fraction': 0.05767204170268047, 'investment_amount': 9066.24313408132, 'allocated_amount': 9066.24313408132, 'exit_date': Timestamp('2017-05-02 00:00:00')}]",5,100000.0,853,True,True,42,/mnt/primary/simulation/trained_models_multiclass_meta,12,12,0.2,0.3,200,5,60,1.0,0.0001,0.3,True,True,0.3,0.7,0.3,0.5,0.5,0.1,3,100.0,0.5,"[[0.08, 0.6], [0.15, 0.35]]",meta_emotion,nlp,0.1259823649942869,GRU,6,coral,20,128,128,2,0.3,0.3,0.0005466347365856,0.0003650001848317,64,50,10,0.0041366748730481,5,0.8,5,0.1411251559858494,0.7276744145783006,1.793808725179512,21,0.2057532757859396,0.7138661773078487,21,0.0647282490194046,4
2017-04-26,73604.6793742438,43409.90649338318,100649.24293620209,100649.24293620209,-86.79188692370337,-0.000861577359840271,5,MPT_ONLY,30194.772880860626,30194.772880860608,True,False,"{'PTR': 0.0804533496849059, 'SPLP': 1.6046192152785466e-16, 'AAPL': 4.597017211338539e-17, 'MA': 1.1449174941446927e-16, 'MRK': 1.6740081543176188e-16, 'CAT': 0.019546650315094474, 'PCLN': 0.29999999999999966, 'MSFT': 0.2999999999999997, 'PCG': 0.2999999999999997}","[{'date': Timestamp('2017-04-25 00:00:00'), 'exit_date': Timestamp('2017-04-26 00:00:00'), 'ticker': 'HRG', 'sector': 'Conglomerates', 'allocated_amount': 9066.24313408132, 'prob_up': 0.9082992672920227, 'expected_rise': 0.0062018088065087795, 'actual_return': -0.00947148601552783, 'pnl': -85.87079505782643, 'exit_reason': 'early_exit'}, {'date': Timestamp('2017-04-25 00:00:00'), 'exit_date': Timestamp('2017-04-26 00:00:00'), 'ticker': 'AEP', 'sector': 'Utilities', 'allocated_amount': 9066.24313408132, 'prob_up': 0.897607684135437, 'expected_rise': 0.005571132525801659, 'actual_return': -0.0025051429044333773, 'pnl': -22.712234657211642, 'exit_reason': 'early_exit'}, {'date': Timestamp('2017-04-25 00:00:00'), 'exit_date': Timestamp('2017-04-26 00:00:00'), 'ticker': 'UN', 'sector': 'Consumer Goods', 'allocated_amount': 118.22808658492222, 'prob_up': 0.8772767782211304, 'expected_rise': 0.004312895238399506, 'actual_return': -0.009149809552989274, 'pnl': -1.0817644760663645, 'exit_reason': 'early_exit'}, {'date': Timestamp('2017-04-25 00:00:00'), 'exit_date': Timestamp('2017-04-26 00:00:00'), 'ticker': 'PCLN', 'sector': 'Services', 'allocated_amount': 2903.8529581088483, 'prob_up': 0.8136633634567261, 'expected_rise': 0.004574625752866268, 'actual_return': 0.0027958740780393843, 'pnl': 8.118807212014515, 'exit_reason': 'early_exit'}, {'date': Timestamp('2017-04-25 00:00:00'), 'exit_date': Timestamp('2017-04-26 00:00:00'), 'ticker': 'INTC', 'sector': 'Technology', 'allocated_amount': 9066.24313408132, 'prob_up': 0.6417003870010376, 'expected_rise': 0.005341992247849703, 'actual_return': 0.0016273664667036947, 'pnl': 14.754100055386548, 'exit_reason': 'early_exit'}]","[{'ticker': 'PCLN', 'sector': 'Services', 'prob_up': 0.8113166689872742, 'predicted_prob': 0.8113166689872742, 'expected_rise': 0.00453061331063509, 'bucket_idx': 5, 'investment_fraction': 0.1, 'investment_amount': 9058.431864258177, 'allocated_amount': 9058.431864258177, 'exit_date': Timestamp('2017-05-03 00:00:00')}, {'ticker': 'PCG', 'sector': 'Utilities', 'prob_up': 0.8087642788887024, 'predicted_prob': 0.8087642788887024, 'expected_rise': 0.0056814225390553474, 'bucket_idx': 5, 'investment_fraction': 0.1, 'investment_amount': 9058.431864258178, 'allocated_amount': 9058.431864258178, 'exit_date': Timestamp('2017-05-03 00:00:00')}, {'ticker': 'CAT', 'sector': 'Industrial Goods', 'prob_up': 0.7797333598136902, 'predicted_prob': 0.7797333598136902, 'expected_rise': 0.003219999372959137, 'bucket_idx': 5, 'investment_fraction': 0.1, 'investment_amount': 590.2066668458805, 'allocated_amount': 590.2066668458805, 'exit_date': Timestamp('2017-05-03 00:00:00')}, {'ticker': 'PTR', 'sector': 'Basic Matierials', 'prob_up': 0.7701907753944397, 'predicted_prob': 0.7701907753944397, 'expected_rise': 0.003477944526821375, 'bucket_idx': 5, 'investment_fraction': 0.1, 'investment_amount': 2429.2706212401936, 'allocated_amount': 2429.2706212401936, 'exit_date': Timestamp('2017-05-03 00:00:00')}, {'ticker': 'MSFT', 'sector': 'Technology', 'prob_up': 0.5615705847740173, 'predicted_prob': 0.5615705847740173, 'expected_rise': 0.005530363880097866, 'bucket_idx': 5, 'investment_fraction': 0.03107620724657291, 'investment_amount': 9058.431864258178, 'allocated_amount': 9058.431864258178, 'exit_date': Timestamp('2017-05-03 00:00:00')}]",5,100000.0,853,True,True,42,/mnt/primary/simulation/trained_models_multiclass_meta,12,12,0.2,0.3,200,5,60,1.0,0.0001,0.3,True,True,0.3,0.7,0.3,0.5,0.5,0.1,3,100.0,0.5,"[[0.08, 0.6], [0.15, 0.35]]",meta_emotion,nlp,0.1259823649942869,GRU,6,coral,20,128,128,2,0.3,0.3,0.0005466347365856,0.0003650001848317,64,50,10,0.0041366748730481,5,0.8,5,0.1411251559858494,0.7276744145783006,1.793808725179512,21,0.2057532757859396,0.7138661773078487,21,0.0647282490194046,4
2017-04-27,71531.81782807483,41215.83259629248,101053.28410594119,101053.2841059412,404.0411697391052,0.004014348821234526,3,MPT_ONLY,30315.985231782353,30315.985231782353,True,False,"{'PTR': 0.09999999999999996, 'HRG': 0.30000000000000004, 'PM': 1.420304845956011e-17, 'V': 0.0, 'MDT': 0.0, 'MMM': 1.6002824065886048e-16, 'BABA': 0.30000000000000004, 'TSM': 0.29999999999999993, 'SO': 0.0}","[{'date': Timestamp('2017-04-20 00:00:00'), 'exit_date': Timestamp('2017-04-27 00:00:00'), 'ticker': 'BABA', 'sector': 'Services', 'allocated_amount': 9010.799769590305, 'prob_up': 0.9730204939842224, 'expected_rise': 0.0071445852518081665, 'actual_return': 0.021866156355047517, 'pnl': 197.03155664588775, 'exit_reason': 'scheduled'}, {'date': Timestamp('2017-04-26 00:00:00'), 'exit_date': Timestamp('2017-04-27 00:00:00'), 'ticker': 'PCLN', 'sector': 'Services', 'allocated_amount': 9058.431864258177, 'prob_up': 0.8113166689872742, 'expected_rise': 0.00453061331063509, 'actual_return': 0.017598607680194833, 'pnl': 159.41578857685553, 'exit_reason': 'early_exit'}, {'date': Timestamp('2017-04-26 00:00:00'), 'exit_date': Timestamp('2017-04-27 00:00:00'), 'ticker': 'CAT', 'sector': 'Industrial Goods', 'allocated_amount': 590.2066668458805, 'prob_up': 0.7797333598136902, 'expected_rise': 0.003219999372959137, 'actual_return': -0.018918439941966736, 'pnl': -11.16578938007216, 'exit_reason': 'early_exit'}, {'date': Timestamp('2017-04-26 00:00:00'), 'exit_date': Timestamp('2017-04-27 00:00:00'), 'ticker': 'MSFT', 'sector': 'Technology', 'allocated_amount': 9058.431864258178, 'prob_up': 0.5615705847740173, 'expected_rise': 0.005530363880097866, 'actual_return': 0.006486731343454899, 'pnl': 58.75961389643412, 'exit_reason': 'early_exit'}]","[{'ticker': 'BABA', 'sector': 'Services', 'prob_up': 0.9988943934440613, 'predicted_prob': 0.9988943934440613, 'expected_rise': 0.006573485676199198, 'bucket_idx': 5, 'investment_fraction': 0.1, 'investment_amount': 9094.795569534708, 'allocated_amount': 9094.795569534708, 'exit_date': Timestamp('2017-05-04 00:00:00')}, {'ticker': 'HRG', 'sector': 'Conglomerates', 'prob_up': 0.9077818393707275, 'predicted_prob': 0.9077818393707275, 'expected_rise': 0.006196262314915657, 'bucket_idx': 5, 'investment_fraction': 0.1, 'investment_amount': 9094.795569534708, 'allocated_amount': 9094.795569534708, 'exit_date': Timestamp('2017-05-04 00:00:00')}, {'ticker': 'PTR', 'sector': 'Basic Matierials', 'prob_up': 0.8182432055473328, 'predicted_prob': 0.8182432055473328, 'expected_rise': 0.004628942348062992, 'bucket_idx': 5, 'investment_fraction': 0.1, 'investment_amount': 3031.5985231782342, 'allocated_amount': 3031.5985231782342, 'exit_date': Timestamp('2017-05-04 00:00:00')}, {'ticker': 'TSM', 'sector': 'Technology', 'prob_up': 0.6393660306930542, 'predicted_prob': 0.6393660306930542, 'expected_rise': 0.0057485634461045265, 'bucket_idx': 5, 'investment_fraction': 0.06287321854094739, 'investment_amount': 9094.795569534705, 'allocated_amount': 9094.795569534705, 'exit_date': Timestamp('2017-05-04 00:00:00')}]",5,100000.0,853,True,True,42,/mnt/primary/simulation/trained_models_multiclass_meta,12,12,0.2,0.3,200,5,60,1.0,0.0001,0.3,True,True,0.3,0.7,0.3,0.5,0.5,0.1,3,100.0,0.5,"[[0.08, 0.6], [0.15, 0.35]]",meta_emotion,nlp,0.1259823649942869,GRU,6,coral,20,128,128,2,0.3,0.3,0.0005466347365856,0.0003650001848317,64,50,10,0.0041366748730481,5,0.8,5,0.1411251559858494,0.7276744145783006,1.793808725179512,21,0.2057532757859396,0.7138661773078487,21,0.0647282490194046,4
2017-04-28,68363.44874002664,38062.72813203179,101002.40202664949,101002.40202664949,-50.882079291704244,-0.0005035173249625657,2,MPT_ONLY,30300.720607994845,30300.720607994845,True,False,"{'PTR': 0.2999999999999998, 'HRG': 0.30000000000000004, 'UN': 0.025418556676525025, 'V': 0.02217339912392974, 'JNJ': 2.1684043449710095e-17, 'GE': 0.0, 'AMZN': 0.05240804419954569, 'MSFT': 0.2999999999999997, 'SO': 1.2143064331837653e-17}","[{'date': Timestamp('2017-04-21 00:00:00'), 'exit_date': Timestamp('2017-04-28 00:00:00'), 'ticker': 'PCG', 'sector': 'Utilities', 'allocated_amount': 9008.907083956454, 'prob_up': 0.8162925839424133, 'expected_rise': 0.005743731278926134, 'actual_return': -0.0041586067381965686, 'pnl': -37.46450170312811, 'exit_reason': 'scheduled'}, {'date': Timestamp('2017-04-27 00:00:00'), 'exit_date': Timestamp('2017-04-28 00:00:00'), 'ticker': 'HRG', 'sector': 'Conglomerates', 'allocated_amount': 9094.795569534708, 'prob_up': 0.9077818393707275, 'expected_rise': 0.006196262314915657, 'actual_return': -0.002989536621823552, 'pnl': -27.1892244231226, 'exit_reason': 'early_exit'}, {'date': Timestamp('2017-04-27 00:00:00'), 'exit_date': Timestamp('2017-04-28 00:00:00'), 'ticker': 'TSM', 'sector': 'Technology', 'allocated_amount': 9094.795569534705, 'prob_up': 0.6393660306930542, 'expected_rise': 0.0057485634461045265, 'actual_return': 0.0015142337976983278, 'pnl': 13.77164683454646, 'exit_reason': 'early_exit'}]","[{'ticker': 'HRG', 'sector': 'Conglomerates', 'prob_up': 0.9100897908210754, 'predicted_prob': 0.9100897908210754, 'expected_rise': 0.006221038289368153, 'bucket_idx': 5, 'investment_fraction': 0.1, 'investment_amount': 9090.216182398455, 'allocated_amount': 9090.216182398455, 'exit_date': Timestamp('2017-05-05 00:00:00')}, {'ticker': 'UN', 'sector': 'Consumer Goods', 'prob_up': 0.9007520079612732, 'predicted_prob': 0.9007520079612732, 'expected_rise': 0.004552174359560013, 'bucket_idx': 5, 'investment_fraction': 0.1, 'investment_amount': 770.2005841138667, 'allocated_amount': 770.2005841138667, 'exit_date': Timestamp('2017-05-05 00:00:00')}, {'ticker': 'PTR', 'sector': 'Basic Matierials', 'prob_up': 0.8490368723869324, 'predicted_prob': 0.8490368723869324, 'expected_rise': 0.005441324785351753, 'bucket_idx': 5, 'investment_fraction': 0.1, 'investment_amount': 9090.216182398448, 'allocated_amount': 9090.216182398448, 'exit_date': Timestamp('2017-05-05 00:00:00')}, {'ticker': 'V', 'sector': 'Financial', 'prob_up': 0.663632869720459, 'predicted_prob': 0.663632869720459, 'expected_rise': 0.004472683649510145, 'bucket_idx': 5, 'investment_fraction': 0.07476649700697288, 'investment_amount': 671.8699717837527, 'allocated_amount': 671.8699717837527, 'exit_date': Timestamp('2017-05-05 00:00:00')}, {'ticker': 'MSFT', 'sector': 'Technology', 'prob_up': 0.5474984049797058, 'predicted_prob': 0.5474984049797058, 'expected_rise': 0.0055220117792487144, 'bucket_idx': 5, 'investment_fraction': 0.025954798223939004, 'investment_amount': 9090.216182398444, 'allocated_amount': 9090.216182398444, 'exit_date': Timestamp('2017-05-05 00:00:00')}, {'ticker': 'AMZN', 'sector': 'Services', 'prob_up': 0.543033242225647, 'predicted_prob': 0.543033242225647, 'expected_rise': 0.004581420216709375, 'bucket_idx': 5, 'investment_fraction': 0.02542192343461838, 'investment_amount': 1588.001504901879, 'allocated_amount': 1588.0015049018766, 'exit_date': Timestamp('2017-05-05 00:00:00')}]",5,100000.0,853,True,True,42,/mnt/primary/simulation/trained_models_multiclass_meta,12,12,0.2,0.3,200,5,60,1.0,0.0001,0.3,True,True,0.3,0.7,0.3,0.5,0.5,0.1,3,100.0,0.5,"[[0.08, 0.6], [0.15, 0.35]]",meta_emotion,nlp,0.1259823649942869,GRU,6,coral,20,128,128,2,0.3,0.3,0.0005466347365856,0.0003650001848317,64,50,10,0.0041366748730481,5,0.8,5,0.1411251559858494,0.7276744145783006,1.793808725179512,21,0.2057532757859396,0.7138661773078487,21,0.0647282490194046,4
2017-05-01,68629.69834183989,47349.55601032545,101334.01110244964,101334.01110244964,331.6090758001511,0.003283180094198812,5,MPT_ONLY,30400.20333073489,21280.142331514424,True,False,"{'PTR': 0.2999999999999999, 'SPLP': 7.37257477290143e-17, 'PM': 0.0, 'WFC': 0.0, 'JNJ': 1.6132928326584306e-16, 'DHR': 0.005258778732042052, 'BABA': 0.29999999999999977, 'CSCO': 0.29999999999999966, 'AEP': 0.0947412212679585}","[{'date': Timestamp('2017-04-24 00:00:00'), 'exit_date': Timestamp('2017-05-01 00:00:00'), 'ticker': 'BABA', 'sector': 'Services', 'allocated_amount': 9024.85670841154, 'prob_up': 0.9942501783370972, 'expected_rise': 0.006687298882752657, 'actual_return': 0.01584536813646742, 'pnl': 143.00217692364845, 'exit_reason': 'scheduled'}, {'date': Timestamp('2017-04-28 00:00:00'), 'exit_date': Timestamp('2017-05-01 00:00:00'), 'ticker': 'HRG', 'sector': 'Conglomerates', 'allocated_amount': 9090.216182398455, 'prob_up': 0.9100897908210754, 'expected_rise': 0.006221038289368153, 'actual_return': 0.0024987006496750563, 'pnl': 22.71372908064573, 'exit_reason': 'early_exit'}, {'date': Timestamp('2017-04-28 00:00:00'), 'exit_date': Timestamp('2017-05-01 00:00:00'), 'ticker': 'UN', 'sector': 'Consumer Goods', 'allocated_amount': 770.2005841138667, 'prob_up': 0.9007520079612732, 'expected_rise': 0.004552174359560013, 'actual_return': -0.0005743299933256285, 'pnl': -0.4423492963335123, 'exit_reason': 'early_exit'}, {'date': Timestamp('2017-04-28 00:00:00'), 'exit_date': Timestamp('2017-05-01 00:00:00'), 'ticker': 'V', 'sector': 'Financial', 'allocated_amount': 671.8699717837527, 'prob_up': 0.663632869720459, 'expected_rise': 0.004472683649510145, 'actual_return': 0.0004385112865763485, 'pnl': 0.2946225657389084, 'exit_reason': 'early_exit'}, {'date': Timestamp('2017-04-28 00:00:00'), 'exit_date': Timestamp('2017-05-01 00:00:00'), 'ticker': 'MSFT', 'sector': 'Technology', 'allocated_amount': 9090.216182398444, 'prob_up': 0.5474984049797058, 'expected_rise': 0.0055220117792487144, 'actual_return': 0.013876789568752379, 'pnl': 126.14301709761081, 'exit_reason': 'early_exit'}, {'date': Timestamp('2017-04-28 00:00:00'), 'exit_date': Timestamp('2017-05-01 00:00:00'), 'ticker': 'AMZN', 'sector': 'Services', 'allocated_amount': 1588.0015049018766, 'prob_up': 0.543033242225647, 'expected_rise': 0.004581420216709375, 'actual_return': 0.02512458540227014, 'pnl': 39.8978794288407, 'exit_reason': 'early_exit'}]","[{'ticker': 'BABA', 'sector': 'Services', 'prob_up': 0.9993498921394348, 'predicted_prob': 0.9993498921394348, 'expected_rise': 0.0065620169043540955, 'bucket_idx': 5, 'investment_fraction': 0.1, 'investment_amount': 9120.06099922046, 'allocated_amount': 9120.06099922046, 'exit_date': Timestamp('2017-05-08 00:00:00')}, {'ticker': 'AEP', 'sector': 'Utilities', 'prob_up': 0.8219330310821533, 'predicted_prob': 0.8219330310821533, 'expected_rise': 0.004927007481455803, 'bucket_idx': 5, 'investment_fraction': 0.1, 'investment_amount': 2880.1523903480834, 'allocated_amount': 2880.1523903480834, 'exit_date': Timestamp('2017-05-08 00:00:00')}, {'ticker': 'CSCO', 'sector': 'Technology', 'prob_up': 0.8210846185684204, 'predicted_prob': 0.8210846185684204, 'expected_rise': 0.0064085409976542, 'bucket_idx': 5, 'investment_fraction': 0.1, 'investment_amount': 9120.060999220457, 'allocated_amount': 9120.060999220457, 'exit_date': Timestamp('2017-05-08 00:00:00')}, {'ticker': 'DHR', 'sector': 'Industrial Goods', 'prob_up': 0.7733026742935181, 'predicted_prob': 0.7733026742935181, 'expected_rise': 0.00451876362785697, 'bucket_idx': 5, 'investment_fraction': 0.1, 'investment_amount': 159.8679427254226, 'allocated_amount': 159.8679427254226, 'exit_date': Timestamp('2017-05-08 00:00:00')}]",5,100000.0,853,True,True,42,/mnt/primary/simulation/trained_models_multiclass_meta,12,12,0.2,0.3,200,5,60,1.0,0.0001,0.3,True,True,0.3,0.7,0.3,0.5,0.5,0.1,3,100.0,0.5,"[[0.08, 0.6], [0.15, 0.35]]",meta_emotion,nlp,0.1259823649942869,GRU,6,coral,20,128,128,2,0.3,0.3,0.0005466347365856,0.0003650001848317,64,50,10,0.0041366748730481,5,0.8,5,0.1411251559858494,0.7276744145783006,1.793808725179512,21,0.2057532757859396,0.7138661773078487,21,0.0647282490194046,4
2017-05-02,59604.92709107784,30428.790255272426,101429.30085090807,101429.30085090807,95.2897484584235,0.0009403530702252194,3,MPT_ONLY,30428.79025527242,29176.13683580541,True,False,"{'BBL': 0.0, 'SPLP': 0.0, 'UN': 0.014315224587286533, 'MA': 0.0, 'CELG': 0.29999999999999993, 'DHR': 0.08568477541271367, 'BABA': 0.29999999999999993, 'TSM': 0.29999999999999993, 'D': 0.0}","[{'date': Timestamp('2017-05-01 00:00:00'), 'exit_date': Timestamp('2017-05-02 00:00:00'), 'ticker': 'AEP', 'sector': 'Utilities', 'allocated_amount': 2880.1523903480834, 'prob_up': 0.8219330310821533, 'expected_rise': 0.004927007481455803, 'actual_return': 0.008003571839283019, 'pnl': 23.051506564233595, 'exit_reason': 'early_exit'}, {'date': Timestamp('2017-05-01 00:00:00'), 'exit_date': Timestamp('2017-05-02 00:00:00'), 'ticker': 'CSCO', 'sector': 'Technology', 'allocated_amount': 9120.060999220457, 'prob_up': 0.8210846185684204, 'expected_rise': 0.0064085409976542, 'actual_return': 0.00794821878280172, 'pnl': 72.48824013430145, 'exit_reason': 'early_exit'}, {'date': Timestamp('2017-05-01 00:00:00'), 'exit_date': Timestamp('2017-05-02 00:00:00'), 'ticker': 'DHR', 'sector': 'Industrial Goods', 'allocated_amount': 159.8679427254226, 'prob_up': 0.7733026742935181, 'expected_rise': 0.00451876362785697, 'actual_return': -0.0015637796787121294, 'pnl': -0.24999824011153046, 'exit_reason': 'early_exit'}]","[{'ticker': 'BABA', 'sector': 'Services', 'prob_up': 0.9995790123939514, 'predicted_prob': 0.9995790123939514, 'expected_rise': 0.006556225940585136, 'bucket_idx': 5, 'investment_fraction': 0.1, 'investment_amount': 9128.637076581723, 'allocated_amount': 9128.637076581723, 'exit_date': Timestamp('2017-05-09 00:00:00')}, {'ticker': 'UN', 'sector': 'Consumer Goods', 'prob_up': 0.9033198952674866, 'predicted_prob': 0.9033198952674866, 'expected_rise': 0.004579013213515282, 'bucket_idx': 5, 'investment_fraction': 0.1, 'investment_amount': 435.5949664236606, 'allocated_amount': 435.5949664236606, 'exit_date': Timestamp('2017-05-09 00:00:00')}, {'ticker': 'DHR', 'sector': 'Industrial Goods', 'prob_up': 0.8191092014312744, 'predicted_prob': 0.8191092014312744, 'expected_rise': 0.004846027586609125, 'bucket_idx': 5, 'investment_fraction': 0.1, 'investment_amount': 2607.2840591035874, 'allocated_amount': 2607.2840591035874, 'exit_date': Timestamp('2017-05-09 00:00:00')}, {'ticker': 'CELG', 'sector': 'Healthcare', 'prob_up': 0.8117439150810242, 'predicted_prob': 0.8117439150810242, 'expected_rise': 0.007087442092597485, 'bucket_idx': 5, 'investment_fraction': 0.1, 'investment_amount': 9128.637076581723, 'allocated_amount': 9128.637076581723, 'exit_date': Timestamp('2017-05-09 00:00:00')}, {'ticker': 'TSM', 'sector': 'Technology', 'prob_up': 0.7231711745262146, 'predicted_prob': 0.7231711745262146, 'expected_rise': 0.006042499095201492, 'bucket_idx': 5, 'investment_fraction': 0.09478798161140309, 'investment_amount': 9128.637076581723, 'allocated_amount': 7875.983657114717, 'exit_date': Timestamp('2017-05-09 00:00:00')}]",5,100000.0,853,True,True,42,/mnt/primary/simulation/trained_models_multiclass_meta,12,12,0.2,0.3,200,5,60,1.0,0.0001,0.3,True,True,0.3,0.7,0.3,0.5,0.5,0.1,3,100.0,0.5,"[[0.08, 0.6], [0.15, 0.35]]",meta_emotion,nlp,0.1259823649942869,GRU,6,coral,20,128,128,2,0.3,0.3,0.0005466347365856,0.0003650001848317,64,50,10,0.0041366748730481,5,0.8,5,0.1411251559858494,0.7276744145783006,1.793808725179512,21,0.2057532757859396,0.7138661773078487,21,0.0647282490194046,4
2017-05-03,61920.178121758974,39525.93374344747,101385.48647267255,101385.48647267255,-43.81437823551744,-0.00043196963666269905,4,MPT_ONLY,30415.645941801762,22394.2443783115,True,False,"{'PTR': 0.0761260028838446, 'HRG': 0.20159859053402285, 'PM': 2.4307812707125014e-16, 'V': 0.2999999999999999, 'JNJ': 7.909254848281756e-17, 'HON': 9.844555726168383e-17, 'BABA': 0.263726161819435, 'MSFT': 4.5102810375396997e-17, 'PCG': 0.15854924476269727}","[{'date': Timestamp('2017-04-26 00:00:00'), 'exit_date': Timestamp('2017-05-03 00:00:00'), 'ticker': 'PCG', 'sector': 'Utilities', 'allocated_amount': 9058.431864258178, 'prob_up': 0.8087642788887024, 'expected_rise': 0.0056814225390553474, 'actual_return': -0.0034328805970148535, 'pnl': -31.096514986192986, 'exit_reason': 'scheduled'}, {'date': Timestamp('2017-04-26 00:00:00'), 'exit_date': Timestamp('2017-05-03 00:00:00'), 'ticker': 'PTR', 'sector': 'Basic Matierials', 'allocated_amount': 2429.2706212401936, 'prob_up': 0.7701907753944397, 'expected_rise': 0.003477944526821375, 'actual_return': -0.02405061952322407, 'pnl': -58.42546343039407, 'exit_reason': 'scheduled'}, {'date': Timestamp('2017-05-02 00:00:00'), 'exit_date': Timestamp('2017-05-03 00:00:00'), 'ticker': 'UN', 'sector': 'Consumer Goods', 'allocated_amount': 435.5949664236606, 'prob_up': 0.9033198952674866, 'expected_rise': 0.004579013213515282, 'actual_return': -0.007199640151565712, 'pnl': -3.1361270100837046, 'exit_reason': 'early_exit'}, {'date': Timestamp('2017-05-02 00:00:00'), 'exit_date': Timestamp('2017-05-03 00:00:00'), 'ticker': 'DHR', 'sector': 'Industrial Goods', 'allocated_amount': 2607.2840591035874, 'prob_up': 0.8191092014312744, 'expected_rise': 0.004846027586609125, 'actual_return': -0.002289180722891637, 'pnl': -5.968544407202592, 'exit_reason': 'early_exit'}, {'date': Timestamp('2017-05-02 00:00:00'), 'exit_date': Timestamp('2017-05-03 00:00:00'), 'ticker': 'CELG', 'sector': 'Healthcare', 'allocated_amount': 9128.637076581723, 'prob_up': 0.8117439150810242, 'expected_rise': 0.007087442092597485, 'actual_return': -0.003149733484089645, 'pnl': -28.75277386421166, 'exit_reason': 'early_exit'}, {'date': Timestamp('2017-05-02 00:00:00'), 'exit_date': Timestamp('2017-05-03 00:00:00'), 'ticker': 'TSM', 'sector': 'Technology', 'allocated_amount': 7875.983657114717, 'prob_up': 0.7231711745262146, 'expected_rise': 0.006042499095201492, 'actual_return': 0.01061010904803994, 'pnl': 83.56504546256755, 'exit_reason': 'early_exit'}]","[{'ticker': 'HRG', 'sector': 'Conglomerates', 'prob_up': 0.9155137538909912, 'predicted_prob': 0.9155137538909912, 'expected_rise': 0.006279679946601391, 'bucket_idx': 5, 'investment_fraction': 0.1, 'investment_amount': 6131.7513520491075, 'allocated_amount': 6131.7513520491075, 'exit_date': Timestamp('2017-05-10 00:00:00')}, {'ticker': 'V', 'sector': 'Financial', 'prob_up': 0.8720411062240601, 'predicted_prob': 0.8720411062240601, 'expected_rise': 0.007074073888361454, 'bucket_idx': 5, 'investment_fraction': 0.1, 'investment_amount': 9124.693782540526, 'allocated_amount': 9124.693782540526, 'exit_date': Timestamp('2017-05-10 00:00:00')}, {'ticker': 'PTR', 'sector': 'Basic Matierials', 'prob_up': 0.8620120286941528, 'predicted_prob': 0.8620120286941528, 'expected_rise': 0.005806592758744955, 'bucket_idx': 5, 'investment_fraction': 0.1, 'investment_amount': 2315.4215506795977, 'allocated_amount': 2315.4215506795977, 'exit_date': Timestamp('2017-05-10 00:00:00')}, {'ticker': 'PCG', 'sector': 'Utilities', 'prob_up': 0.8596891760826111, 'predicted_prob': 0.8596891760826111, 'expected_rise': 0.0060934945940971375, 'bucket_idx': 5, 'investment_fraction': 0.1, 'investment_amount': 4822.377693042267, 'allocated_amount': 4822.377693042267, 'exit_date': Timestamp('2017-05-10 00:00:00')}]",5,100000.0,853,True,True,42,/mnt/primary/simulation/trained_models_multiclass_meta,12,12,0.2,0.3,200,5,60,1.0,0.0001,0.3,True,True,0.3,0.7,0.3,0.5,0.5,0.1,3,100.0,0.5,"[[0.08, 0.6], [0.15, 0.35]]",meta_emotion,nlp,0.1259823649942869,GRU,6,coral,20,128,128,2,0.3,0.3,0.0005466347365856,0.0003650001848317,64,50,10,0.0041366748730481,5,0.8,5,0.1411251559858494,0.7276744145783006,1.793808725179512,21,0.2057532757859396,0.7138661773078487,21,0.0647282490194046,4
2017-05-04,66866.728587393,36463.69596059835,101343.44208931549,101343.44208931549,-42.04438335704979,-0.00041469824547712975,2,MPT_ONLY,30403.032626794644,30403.032626794644,True,False,"{'PTR': 0.021839040001467105, 'HRG': 0.3, 'PM': 6.635317295611287e-17, 'MA': 2.7538735181131813e-17, 'CELG': 0.055523416753422226, 'DHR': 0.022637543245110657, 'CHTR': 0.0, 'TSM': 0.29999999999999993, 'PCG': 0.3}","[{'date': Timestamp('2017-04-27 00:00:00'), 'exit_date': Timestamp('2017-05-04 00:00:00'), 'ticker': 'BABA', 'sector': 'Services', 'allocated_amount': 9094.795569534708, 'prob_up': 0.9988943934440613, 'expected_rise': 0.006573485676199198, 'actual_return': 0.003725210084033481, 'pnl': 33.880024167853726, 'exit_reason': 'scheduled'}, {'date': Timestamp('2017-04-27 00:00:00'), 'exit_date': Timestamp('2017-05-04 00:00:00'), 'ticker': 'PTR', 'sector': 'Basic Matierials', 'allocated_amount': 3031.5985231782342, 'prob_up': 0.8182432055473328, 'expected_rise': 0.004628942348062992, 'actual_return': -0.03761000621075805, 'pnl': -114.01843928525832, 'exit_reason': 'scheduled'}, {'date': Timestamp('2017-05-03 00:00:00'), 'exit_date': Timestamp('2017-05-04 00:00:00'), 'ticker': 'HRG', 'sector': 'Conglomerates', 'allocated_amount': 6131.7513520491075, 'prob_up': 0.9155137538909912, 'expected_rise': 0.006279679946601391, 'actual_return': 0.0033149171270716593, 'pnl': 20.32624757585239, 'exit_reason': 'early_exit'}, {'date': Timestamp('2017-05-03 00:00:00'), 'exit_date': Timestamp('2017-05-04 00:00:00'), 'ticker': 'V', 'sector': 'Financial', 'allocated_amount': 9124.693782540526, 'prob_up': 0.8720411062240601, 'expected_rise': 0.007074073888361454, 'actual_return': 0.0019472197761309928, 'pnl': 17.767784184502425, 'exit_reason': 'early_exit'}]","[{'ticker': 'HRG', 'sector': 'Conglomerates', 'prob_up': 0.9135766625404358, 'predicted_prob': 0.9135766625404358, 'expected_rise': 0.006258668377995491, 'bucket_idx': 5, 'investment_fraction': 0.1, 'investment_amount': 9120.909788038392, 'allocated_amount': 9120.909788038392, 'exit_date': Timestamp('2017-05-11 00:00:00')}, {'ticker': 'PCG', 'sector': 'Utilities', 'prob_up': 0.8646808862686157, 'predicted_prob': 0.8646808862686157, 'expected_rise': 0.006132720969617367, 'bucket_idx': 5, 'investment_fraction': 0.1, 'investment_amount': 9120.909788038392, 'allocated_amount': 9120.909788038392, 'exit_date': Timestamp('2017-05-11 00:00:00')}, {'ticker': 'DHR', 'sector': 'Industrial Goods', 'prob_up': 0.8491619825363159, 'predicted_prob': 0.8491619825363159, 'expected_rise': 0.005069641396403313, 'bucket_idx': 5, 'investment_fraction': 0.1, 'investment_amount': 688.249965871574, 'allocated_amount': 688.249965871574, 'exit_date': Timestamp('2017-05-11 00:00:00')}, {'ticker': 'PTR', 'sector': 'Basic Matierials', 'prob_up': 0.8361056447029114, 'predicted_prob': 0.8361056447029114, 'expected_rise': 0.005091579165309668, 'bucket_idx': 5, 'investment_fraction': 0.1, 'investment_amount': 663.9730457024777, 'allocated_amount': 663.9730457024777, 'exit_date': Timestamp('2017-05-11 00:00:00')}, {'ticker': 'TSM', 'sector': 'Technology', 'prob_up': 0.7261650562286377, 'predicted_prob': 0.7261650562286377, 'expected_rise': 0.006051761098206043, 'bucket_idx': 5, 'investment_fraction': 0.09597505412755462, 'investment_amount': 9120.90978803839, 'allocated_amount': 9120.90978803839, 'exit_date': Timestamp('2017-05-11 00:00:00')}, {'ticker': 'CELG', 'sector': 'Healthcare', 'prob_up': 0.634926974773407, 'predicted_prob': 0.634926974773407, 'expected_rise': 0.00518067367374897, 'bucket_idx': 5, 'investment_fraction': 0.06554221764842393, 'investment_amount': 1688.0802511054123, 'allocated_amount': 1688.0802511054123, 'exit_date': Timestamp('2017-05-11 00:00:00')}]",5,100000.0,853,True,True,42,/mnt/primary/simulation/trained_models_multiclass_meta,12,12,0.2,0.3,200,5,60,1.0,0.0001,0.3,True,True,0.3,0.7,0.3,0.5,0.5,0.1,3,100.0,0.5,"[[0.08, 0.6], [0.15, 0.35]]",meta_emotion,nlp,0.1259823649942869,GRU,6,coral,20,128,128,2,0.3,0.3,0.0005466347365856,0.0003650001848317,64,50,10,0.0041366748730481,5,0.8,5,0.1411251559858494,0.7276744145783006,1.793808725179512,21,0.2057532757859396,0.7138661773078487,21,0.0647282490194046,4
2017-05-05,65968.42414357714,35626.482854524525,101139.80429684205,101139.80429684205,-203.6377924734244,-0.0020093830274086066,4,MPT_ONLY,30341.941289052615,30341.941289052615,True,False,"{'BBL': 5.001786022399793e-17, 'SPLP': 2.22898019966879e-18, 'UN': 0.29323588614070106, 'MA': 6.7841915044552075e-18, 'JNJ': 0.0, 'DHR': 0.2999999999999998, 'PCLN': 3.469446951953614e-18, 'TSM': 0.2999999999999998, 'AEP': 0.10676411385929915}","[{'date': Timestamp('2017-04-28 00:00:00'), 'exit_date': Timestamp('2017-05-05 00:00:00'), 'ticker': 'PTR', 'sector': 'Basic Matierials', 'allocated_amount': 9090.216182398448, 'prob_up': 0.8490368723869324, 'expected_rise': 0.005441324785351753, 'actual_return': -0.033451928825622756, 'pnl': -304.0852647431171, 'exit_reason': 'scheduled'}, {'date': Timestamp('2017-05-04 00:00:00'), 'exit_date': Timestamp('2017-05-05 00:00:00'), 'ticker': 'HRG', 'sector': 'Conglomerates', 'allocated_amount': 9120.909788038392, 'prob_up': 0.9135766625404358, 'expected_rise': 0.006258668377995491, 'actual_return': 0.006057268722466924, 'pnl': 55.247801579527376, 'exit_reason': 'early_exit'}, {'date': Timestamp('2017-05-04 00:00:00'), 'exit_date': Timestamp('2017-05-05 00:00:00'), 'ticker': 'DHR', 'sector': 'Industrial Goods', 'allocated_amount': 688.249965871574, 'prob_up': 0.8491619825363159, 'expected_rise': 0.005069641396403313, 'actual_return': -0.0026165674924698568, 'pnl': -1.8008524873930487, 'exit_reason': 'early_exit'}, {'date': Timestamp('2017-05-04 00:00:00'), 'exit_date': Timestamp('2017-05-05 00:00:00'), 'ticker': 'TSM', 'sector': 'Technology', 'allocated_amount': 9120.90978803839, 'prob_up': 0.7261650562286377, 'expected_rise': 0.006051761098206043, 'actual_return': 0.008201494089088879, 'pnl': 74.80508771370975, 'exit_reason': 'early_exit'}, {'date': Timestamp('2017-05-04 00:00:00'), 'exit_date': Timestamp('2017-05-05 00:00:00'), 'ticker': 'CELG', 'sector': 'Healthcare', 'allocated_amount': 1688.0802511054123, 'prob_up': 0.634926974773407, 'expected_rise': 0.00518067367374897, 'actual_return': -0.016471115350081278, 'pnl': -27.804564536151414, 'exit_reason': 'early_exit'}]","[{'ticker': 'UN', 'sector': 'Consumer Goods', 'prob_up': 0.9136641025543213, 'predicted_prob': 0.9136641025543213, 'expected_rise': 0.004688556771725416, 'bucket_idx': 5, 'investment_fraction': 0.1, 'investment_amount': 8897.346041124469, 'allocated_amount': 8897.346041124469, 'exit_date': Timestamp('2017-05-12 00:00:00')}, {'ticker': 'DHR', 'sector': 'Industrial Goods', 'prob_up': 0.848861813545227, 'predicted_prob': 0.848861813545227, 'expected_rise': 0.005067360587418079, 'bucket_idx': 5, 'investment_fraction': 0.1, 'investment_amount': 9102.58238671578, 'allocated_amount': 9102.58238671578, 'exit_date': Timestamp('2017-05-12 00:00:00')}, {'ticker': 'TSM', 'sector': 'Technology', 'prob_up': 0.730617880821228, 'predicted_prob': 0.730617880821228, 'expected_rise': 0.006065376568585634, 'bucket_idx': 5, 'investment_fraction': 0.0976958611603392, 'investment_amount': 9102.58238671578, 'allocated_amount': 9102.58238671578, 'exit_date': Timestamp('2017-05-12 00:00:00')}, {'ticker': 'AEP', 'sector': 'Utilities', 'prob_up': 0.6403090357780457, 'predicted_prob': 0.6403090357780457, 'expected_rise': 0.0034477817825973034, 'bucket_idx': 5, 'investment_fraction': 0.0592878045096043, 'investment_amount': 3239.4304744965834, 'allocated_amount': 3239.4304744965834, 'exit_date': Timestamp('2017-05-12 00:00:00')}]",5,100000.0,853,True,True,42,/mnt/primary/simulation/trained_models_multiclass_meta,12,12,0.2,0.3,200,5,60,1.0,0.0001,0.3,True,True,0.3,0.7,0.3,0.5,0.5,0.1,3,100.0,0.5,"[[0.08, 0.6], [0.15, 0.35]]",meta_emotion,nlp,0.1259823649942869,GRU,6,coral,20,128,128,2,0.3,0.3,0.0005466347365856,0.0003650001848317,64,50,10,0.0041366748730481,5,0.8,5,0.1411251559858494,0.7276744145783006,1.793808725179512,21,0.2057532757859396,0.7138661773078487,21,0.0647282490194046,4
2017-05-08,75268.40669084749,44872.48893737992,101319.72584489195,101319.72584489196,179.92154804988937,0.0017789390566926855,4,MPT_ONLY,30395.917753467584,30395.91775346758,True,False,"{'BBL': 0.0, 'REX': 0.13424923322568302, 'UN': 0.13901949958196413, 'BCH': 1.4907335935743938e-16, 'UNH': 0.09679018676025554, 'DHR': 0.17090649765360036, 'BABA': 0.3, 'MSFT': 0.15903458277849683, 'AEP': 6.93889390390723e-18}","[{'date': Timestamp('2017-05-01 00:00:00'), 'exit_date': Timestamp('2017-05-08 00:00:00'), 'ticker': 'BABA', 'sector': 'Services', 'allocated_amount': 9120.06099922046, 'prob_up': 0.9993498921394348, 'expected_rise': 0.0065620169043540955, 'actual_return': 0.0015426894069248132, 'pnl': 14.069421494005532, 'exit_reason': 'scheduled'}, {'date': Timestamp('2017-05-05 00:00:00'), 'exit_date': Timestamp('2017-05-08 00:00:00'), 'ticker': 'UN', 'sector': 'Consumer Goods', 'allocated_amount': 8897.346041124469, 'prob_up': 0.9136641025543213, 'expected_rise': 0.004688556771725416, 'actual_return': 0.011348628926586501, 'pnl': 100.97267865215504, 'exit_reason': 'early_exit'}, {'date': Timestamp('2017-05-05 00:00:00'), 'exit_date': Timestamp('2017-05-08 00:00:00'), 'ticker': 'DHR', 'sector': 'Industrial Goods', 'allocated_amount': 9102.58238671578, 'prob_up': 0.848861813545227, 'expected_rise': 0.005067360587418079, 'actual_return': -0.005604602842778306, 'pnl': -51.016359121210996, 'exit_reason': 'early_exit'}, {'date': Timestamp('2017-05-05 00:00:00'), 'exit_date': Timestamp('2017-05-08 00:00:00'), 'ticker': 'TSM', 'sector': 'Technology', 'allocated_amount': 9102.58238671578, 'prob_up': 0.730617880821228, 'expected_rise': 0.006065376568585634, 'actual_return': 0.016269669742572157, 'pnl': 148.09600923641997, 'exit_reason': 'early_exit'}, {'date': Timestamp('2017-05-05 00:00:00'), 'exit_date': Timestamp('2017-05-08 00:00:00'), 'ticker': 'AEP', 'sector': 'Utilities', 'allocated_amount': 3239.4304744965834, 'prob_up': 0.6403090357780457, 'expected_rise': 0.0034477817825973034, 'actual_return': -0.009940081278171031, 'pnl': -32.20020221148019, 'exit_reason': 'early_exit'}]","[{'ticker': 'BABA', 'sector': 'Services', 'prob_up': 0.9999597072601318, 'predicted_prob': 0.9999597072601318, 'expected_rise': 0.006546576041728258, 'bucket_idx': 5, 'investment_fraction': 0.1, 'investment_amount': 9118.775326040275, 'allocated_amount': 9118.775326040275, 'exit_date': Timestamp('2017-05-15 00:00:00')}, {'ticker': 'UN', 'sector': 'Consumer Goods', 'prob_up': 0.9187619686126709, 'predicted_prob': 0.9187619686126709, 'expected_rise': 0.004743419121950865, 'bucket_idx': 5, 'investment_fraction': 0.1, 'investment_amount': 4225.625275421603, 'allocated_amount': 4225.625275421603, 'exit_date': Timestamp('2017-05-15 00:00:00')}, {'ticker': 'DHR', 'sector': 'Industrial Goods', 'prob_up': 0.8348439335823059, 'predicted_prob': 0.8348439335823059, 'expected_rise': 0.004961953964084387, 'bucket_idx': 5, 'investment_fraction': 0.1, 'investment_amount': 5194.859846212037, 'allocated_amount': 5194.859846212037, 'exit_date': Timestamp('2017-05-15 00:00:00')}, {'ticker': 'MSFT', 'sector': 'Technology', 'prob_up': 0.7888809442520142, 'predicted_prob': 0.7888809442520142, 'expected_rise': 0.004854703322052956, 'bucket_idx': 5, 'investment_fraction': 0.1, 'investment_amount': 4834.002098092222, 'allocated_amount': 4834.002098092222, 'exit_date': Timestamp('2017-05-15 00:00:00')}, {'ticker': 'REX', 'sector': 'Conglomerates', 'prob_up': 0.5367575883865356, 'predicted_prob': 0.5367575883865356, 'expected_rise': 0.004746157675981522, 'bucket_idx': 5, 'investment_fraction': 0.02777989326339919, 'investment_amount': 4080.6286515939487, 'allocated_amount': 4080.6286515939487, 'exit_date': Timestamp('2017-05-15 00:00:00')}, {'ticker': 'UNH', 'sector': 'Healthcare', 'prob_up': 0.460392028093338, 'predicted_prob': 0.460392028093338, 'expected_rise': 0.004238499328494072, 'bucket_idx': 0, 'investment_fraction': 0.00964209468896794, 'investment_amount': 2942.0265561074943, 'allocated_amount': 2942.0265561074943, 'exit_date': Timestamp('2017-05-15 00:00:00')}]",5,100000.0,853,True,True,42,/mnt/primary/simulation/trained_models_multiclass_meta,12,12,0.2,0.3,200,5,60,1.0,0.0001,0.3,True,True,0.3,0.7,0.3,0.5,0.5,0.1,3,100.0,0.5,"[[0.08, 0.6], [0.15, 0.35]]",meta_emotion,nlp,0.1259823649942869,GRU,6,coral,20,128,128,2,0.3,0.3,0.0005466347365856,0.0003650001848317,64,50,10,0.0041366748730481,5,0.8,5,0.1411251559858494,0.7276744145783006,1.793808725179512,21,0.2057532757859396,0.7138661773078487,21,0.0647282490194046,4
2017-05-09,75509.05025201429,45043.897955359105,101550.5076555173,101550.5076555173,230.7818106253459,0.0022777579459565267,5,MPT_ONLY,30465.15229665519,30465.15229665519,True,False,"{'PTR': 0.04251583846989012, 'HRG': 0.2999999999999998, 'UN': 0.05336385774183944, 'MA': 4.7704895589362195e-18, 'UNH': 0.004120303788270881, 'CAT': 1.6479873021779667e-17, 'BABA': 0.2999999999999999, 'CHL': 0.0, 'PCG': 0.2999999999999999}","[{'date': Timestamp('2017-05-02 00:00:00'), 'exit_date': Timestamp('2017-05-09 00:00:00'), 'ticker': 'BABA', 'sector': 'Services', 'allocated_amount': 9128.637076581723, 'prob_up': 0.9995790123939514, 'expected_rise': 0.006556225940585136, 'actual_return': 0.01617413891689856, 'pnl': 147.64784419858356, 'exit_reason': 'scheduled'}, {'date': Timestamp('2017-05-08 00:00:00'), 'exit_date': Timestamp('2017-05-09 00:00:00'), 'ticker': 'UN', 'sector': 'Consumer Goods', 'allocated_amount': 4225.625275421603, 'prob_up': 0.9187619686126709, 'expected_rise': 0.004743419121950865, 'actual_return': -0.002618271879216927, 'pnl': -11.063835830744665, 'exit_reason': 'early_exit'}, {'date': Timestamp('2017-05-08 00:00:00'), 'exit_date': Timestamp('2017-05-09 00:00:00'), 'ticker': 'DHR', 'sector': 'Industrial Goods', 'allocated_amount': 5194.859846212037, 'prob_up': 0.8348439335823059, 'expected_rise': 0.004961953964084387, 'actual_return': -0.00263821804338904, 'pnl': -13.70517297915381, 'exit_reason': 'early_exit'}, {'date': Timestamp('2017-05-08 00:00:00'), 'exit_date': Timestamp('2017-05-09 00:00:00'), 'ticker': 'MSFT', 'sector': 'Technology', 'allocated_amount': 4834.002098092222, 'prob_up': 0.7888809442520142, 'expected_rise': 0.004854703322052956, 'actual_return': 0.0014505221511307287, 'pnl': 7.011827121895185, 'exit_reason': 'early_exit'}, {'date': Timestamp('2017-05-08 00:00:00'), 'exit_date': Timestamp('2017-05-09 00:00:00'), 'ticker': 'REX', 'sector': 'Conglomerates', 'allocated_amount': 4080.6286515939487, 'prob_up': 0.5367575883865356, 'expected_rise': 0.004746157675981522, 'actual_return': 0.029684092262550532, 'pnl': 121.12975738312194, 'exit_reason': 'early_exit'}, {'date': Timestamp('2017-05-08 00:00:00'), 'exit_date': Timestamp('2017-05-09 00:00:00'), 'ticker': 'UNH', 'sector': 'Healthcare', 'allocated_amount': 2942.0265561074943, 'prob_up': 0.460392028093338, 'expected_rise': 0.004238499328494072, 'actual_return': -0.00687913888008318, 'pnl': -20.23860926835628, 'exit_reason': 'early_exit'}]","[{'ticker': 'BABA', 'sector': 'Services', 'prob_up': 0.9999746084213257, 'predicted_prob': 0.9999746084213257, 'expected_rise': 0.006546199321746826, 'bucket_idx': 5, 'investment_fraction': 0.1, 'investment_amount': 9139.545688996554, 'allocated_amount': 9139.545688996554, 'exit_date': Timestamp('2017-05-16 00:00:00')}, {'ticker': 'UN', 'sector': 'Consumer Goods', 'prob_up': 0.9229958653450012, 'predicted_prob': 0.9229958653450012, 'expected_rise': 0.0047894436866045, 'bucket_idx': 5, 'investment_fraction': 0.1, 'investment_amount': 1625.7380532421805, 'allocated_amount': 1625.7380532421805, 'exit_date': Timestamp('2017-05-16 00:00:00')}, {'ticker': 'HRG', 'sector': 'Conglomerates', 'prob_up': 0.9118488430976868, 'predicted_prob': 0.9118488430976868, 'expected_rise': 0.006239988841116428, 'bucket_idx': 5, 'investment_fraction': 0.1, 'investment_amount': 9139.545688996552, 'allocated_amount': 9139.545688996552, 'exit_date': Timestamp('2017-05-16 00:00:00')}, {'ticker': 'PCG', 'sector': 'Utilities', 'prob_up': 0.8769075274467468, 'predicted_prob': 0.8769075274467468, 'expected_rise': 0.006227946374565363, 'bucket_idx': 5, 'investment_fraction': 0.1, 'investment_amount': 9139.545688996554, 'allocated_amount': 9139.545688996554, 'exit_date': Timestamp('2017-05-16 00:00:00')}, {'ticker': 'PTR', 'sector': 'Basic Matierials', 'prob_up': 0.8200954794883728, 'predicted_prob': 0.8200954794883728, 'expected_rise': 0.0046759056858718395, 'bucket_idx': 5, 'investment_fraction': 0.1, 'investment_amount': 1295.251494005194, 'allocated_amount': 1295.251494005194, 'exit_date': Timestamp('2017-05-16 00:00:00')}, {'ticker': 'UNH', 'sector': 'Healthcare', 'prob_up': 0.48205846548080444, 'predicted_prob': 0.48205846548080444, 'expected_rise': 0.004389324225485325, 'bucket_idx': 0, 'investment_fraction': 0.017484577609865538, 'investment_amount': 125.52568241815771, 'allocated_amount': 125.52568241815243, 'exit_date': Timestamp('2017-05-16 00:00:00')}]",5,100000.0,853,True,True,42,/mnt/primary/simulation/trained_models_multiclass_meta,12,12,0.2,0.3,200,5,60,1.0,0.0001,0.3,True,True,0.3,0.7,0.3,0.5,0.5,0.1,3,100.0,0.5,"[[0.08, 0.6], [0.15, 0.35]]",meta_emotion,nlp,0.1259823649942869,GRU,6,coral,20,128,128,2,0.3,0.3,0.0005466347365856,0.0003650001848317,64,50,10,0.0041366748730481,5,0.8,5,0.1411251559858494,0.7276744145783006,1.793808725179512,21,0.2057532757859396,0.7138661773078487,21,0.0647282490194046,4
2017-05-10,63148.773460551754,32660.741112852396,101626.7744923312,101626.7744923312,76.26683681389429,0.0007510236883563337,3,MPT_ONLY,30488.032347699358,30488.032347699358,True,False,"{'PTR': 0.29999999999999954, 'HRG': 0.29999999999999977, 'PEP': 0.0, 'BCH': 5.0569151755731146e-17, 'UNH': 0.1862777964973359, 'CAT': 6.717466877214868e-17, 'PCLN': 9.06354807064365e-17, 'MSFT': 0.2137222035026647, 'AEP': 4.3368086899420184e-17}","[{'date': Timestamp('2017-05-03 00:00:00'), 'exit_date': Timestamp('2017-05-10 00:00:00'), 'ticker': 'PTR', 'sector': 'Basic Matierials', 'allocated_amount': 2315.4215506795977, 'prob_up': 0.8620120286941528, 'expected_rise': 0.005806592758744955, 'actual_return': -0.013834832307750844, 'pnl': -32.03346887540466, 'exit_reason': 'scheduled'}, {'date': Timestamp('2017-05-03 00:00:00'), 'exit_date': Timestamp('2017-05-10 00:00:00'), 'ticker': 'PCG', 'sector': 'Utilities', 'allocated_amount': 4822.377693042267, 'prob_up': 0.8596891760826111, 'expected_rise': 0.0060934945940971375, 'actual_return': -0.004193485286512755, 'pnl': -20.22256990178007, 'exit_reason': 'scheduled'}, {'date': Timestamp('2017-05-09 00:00:00'), 'exit_date': Timestamp('2017-05-10 00:00:00'), 'ticker': 'UN', 'sector': 'Consumer Goods', 'allocated_amount': 1625.7380532421805, 'prob_up': 0.9229958653450012, 'expected_rise': 0.0047894436866045, 'actual_return': 0.005812806832446782, 'pnl': 9.450101263654878, 'exit_reason': 'early_exit'}, {'date': Timestamp('2017-05-09 00:00:00'), 'exit_date': Timestamp('2017-05-10 00:00:00'), 'ticker': 'HRG', 'sector': 'Conglomerates', 'allocated_amount': 9139.545688996552, 'prob_up': 0.9118488430976868, 'expected_rise': 0.006239988841116428, 'actual_return': 0.013016411997736066, 'pnl': 118.96409216011166, 'exit_reason': 'early_exit'}, {'date': Timestamp('2017-05-09 00:00:00'), 'exit_date': Timestamp('2017-05-10 00:00:00'), 'ticker': 'UNH', 'sector': 'Healthcare', 'allocated_amount': 125.52568241815243, 'prob_up': 0.48205846548080444, 'expected_rise': 0.004389324225485325, 'actual_return': 0.0008658161837387102, 'pnl': 0.10868216731248204, 'exit_reason': 'early_exit'}]","[{'ticker': 'HRG', 'sector': 'Conglomerates', 'prob_up': 0.915033221244812, 'predicted_prob': 0.915033221244812, 'expected_rise': 0.006274459417909384, 'bucket_idx': 5, 'investment_fraction': 0.1, 'investment_amount': 9146.4097043098, 'allocated_amount': 9146.4097043098, 'exit_date': Timestamp('2017-05-17 00:00:00')}, {'ticker': 'PTR', 'sector': 'Basic Matierials', 'prob_up': 0.8537822961807251, 'predicted_prob': 0.8537822961807251, 'expected_rise': 0.005573156755417585, 'bucket_idx': 5, 'investment_fraction': 0.1, 'investment_amount': 9146.409704309794, 'allocated_amount': 9146.409704309794, 'exit_date': Timestamp('2017-05-17 00:00:00')}, {'ticker': 'MSFT', 'sector': 'Technology', 'prob_up': 0.8211951851844788, 'predicted_prob': 0.8211951851844788, 'expected_rise': 0.004632133059203625, 'bucket_idx': 5, 'investment_fraction': 0.1, 'investment_amount': 6515.969453810826, 'allocated_amount': 6515.969453810826, 'exit_date': Timestamp('2017-05-17 00:00:00')}, {'ticker': 'UNH', 'sector': 'Healthcare', 'prob_up': 0.49705970287323, 'predicted_prob': 0.49705970287323, 'expected_rise': 0.004492347128689289, 'bucket_idx': 0, 'investment_fraction': 0.022914000435770344, 'investment_amount': 5679.243485268935, 'allocated_amount': 5679.243485268935, 'exit_date': Timestamp('2017-05-17 00:00:00')}]",5,100000.0,853,True,True,42,/mnt/primary/simulation/trained_models_multiclass_meta,12,12,0.2,0.3,200,5,60,1.0,0.0001,0.3,True,True,0.3,0.7,0.3,0.5,0.5,0.1,3,100.0,0.5,"[[0.08, 0.6], [0.15, 0.35]]",meta_emotion,nlp,0.1259823649942869,GRU,6,coral,20,128,128,2,0.3,0.3,0.0005466347365856,0.0003650001848317,64,50,10,0.0041366748730481,5,0.8,5,0.1411251559858494,0.7276744145783006,1.793808725179512,21,0.2057532757859396,0.7138661773078487,21,0.0647282490194046,4
2017-05-11,63636.484338710245,33193.68066639268,101476.01224105862,101476.01224105862,-150.76225127258033,-0.0014834894842004065,3,MPT_ONLY,30442.803672317583,30442.803672317557,True,False,"{'PTR': 0.2999999999999998, 'HRG': 0.29999999999999977, 'PEP': 8.381711516671842e-17, 'BCH': 8.512648597572673e-17, 'UNH': 0.044033424365173206, 'DHR': 0.05596657563482684, 'BABA': 0.29999999999999977, 'INTC': 1.0544119238274264e-16, 'D': 2.32116892733141e-16}","[{'date': Timestamp('2017-05-04 00:00:00'), 'exit_date': Timestamp('2017-05-11 00:00:00'), 'ticker': 'PCG', 'sector': 'Utilities', 'allocated_amount': 9120.909788038392, 'prob_up': 0.8646808862686157, 'expected_rise': 0.006132720969617367, 'actual_return': -0.015531675859194571, 'pnl': -141.66301436876736, 'exit_reason': 'scheduled'}, {'date': Timestamp('2017-05-04 00:00:00'), 'exit_date': Timestamp('2017-05-11 00:00:00'), 'ticker': 'PTR', 'sector': 'Basic Matierials', 'allocated_amount': 663.9730457024777, 'prob_up': 0.8361056447029114, 'expected_rise': 0.005091579165309668, 'actual_return': 0.0023595783028926842, 'pnl': 1.5666963923451391, 'exit_reason': 'scheduled'}, {'date': Timestamp('2017-05-10 00:00:00'), 'exit_date': Timestamp('2017-05-11 00:00:00'), 'ticker': 'HRG', 'sector': 'Conglomerates', 'allocated_amount': 9146.4097043098, 'prob_up': 0.915033221244812, 'expected_rise': 0.006274459417909384, 'actual_return': 0.007821284916201154, 'pnl': 71.5366762577141, 'exit_reason': 'early_exit'}, {'date': Timestamp('2017-05-10 00:00:00'), 'exit_date': Timestamp('2017-05-11 00:00:00'), 'ticker': 'MSFT', 'sector': 'Technology', 'allocated_amount': 6515.969453810826, 'prob_up': 0.8211951851844788, 'expected_rise': 0.004632133059203625, 'actual_return': -0.0122637285316326, 'pnl': -79.91008050194633, 'exit_reason': 'early_exit'}, {'date': Timestamp('2017-05-10 00:00:00'), 'exit_date': Timestamp('2017-05-11 00:00:00'), 'ticker': 'UNH', 'sector': 'Healthcare', 'allocated_amount': 5679.243485268935, 'prob_up': 0.49705970287323, 'expected_rise': 0.004492347128689289, 'actual_return': -0.00040366803393310224, 'pnl': -2.2925290519258903, 'exit_reason': 'early_exit'}]","[{'ticker': 'BABA', 'sector': 'Services', 'prob_up': 0.9999352693557739, 'predicted_prob': 0.9999352693557739, 'expected_rise': 0.006547195836901665, 'bucket_idx': 5, 'investment_fraction': 0.1, 'investment_amount': 9132.841101695267, 'allocated_amount': 9132.841101695267, 'exit_date': Timestamp('2017-05-18 00:00:00')}, {'ticker': 'HRG', 'sector': 'Conglomerates', 'prob_up': 0.9185775518417358, 'predicted_prob': 0.9185775518417358, 'expected_rise': 0.006313070189207792, 'bucket_idx': 5, 'investment_fraction': 0.1, 'investment_amount': 9132.841101695267, 'allocated_amount': 9132.841101695267, 'exit_date': Timestamp('2017-05-18 00:00:00')}, {'ticker': 'PTR', 'sector': 'Basic Matierials', 'prob_up': 0.8901419639587402, 'predicted_prob': 0.8901419639587402, 'expected_rise': 0.006657224614173174, 'bucket_idx': 5, 'investment_fraction': 0.1, 'investment_amount': 9132.841101695269, 'allocated_amount': 9132.841101695269, 'exit_date': Timestamp('2017-05-18 00:00:00')}, {'ticker': 'DHR', 'sector': 'Industrial Goods', 'prob_up': 0.7845877408981323, 'predicted_prob': 0.7845877408981323, 'expected_rise': 0.004598324187099934, 'bucket_idx': 5, 'investment_fraction': 0.1, 'investment_amount': 1703.7794742629462, 'allocated_amount': 1703.7794742629462, 'exit_date': Timestamp('2017-05-18 00:00:00')}, {'ticker': 'UNH', 'sector': 'Healthcare', 'prob_up': 0.5037925243377686, 'predicted_prob': 0.5037925243377686, 'expected_rise': 0.004538226407021284, 'bucket_idx': 5, 'investment_fraction': 0.025163065399333075, 'investment_amount': 1340.5008929688133, 'allocated_amount': 1340.5008929688133, 'exit_date': Timestamp('2017-05-18 00:00:00')}]",5,100000.0,853,True,True,42,/mnt/primary/simulation/trained_models_multiclass_meta,12,12,0.2,0.3,200,5,60,1.0,0.0001,0.3,True,True,0.3,0.7,0.3,0.5,0.5,0.1,3,100.0,0.5,"[[0.08, 0.6], [0.15, 0.35]]",meta_emotion,nlp,0.1259823649942869,GRU,6,coral,20,128,128,2,0.3,0.3,0.0005466347365856,0.0003650001848317,64,50,10,0.0041366748730481,5,0.8,5,0.1411251559858494,0.7276744145783006,1.793808725179512,21,0.2057532757859396,0.7138661773078487,21,0.0647282490194046,4
2017-05-12,43950.53428570006,30418.873585322333,101396.24528440778,101396.24528440776,-79.766956650854,-0.0007860671196001645,2,MPT_ONLY,30418.873585322333,13531.660700377714,True,False,"{'SLB': 0.0, 'REX': 0.0, 'PM': 0.0, 'V': 0.29999999999999993, 'CELG': 0.18194282088761793, 'UTX': 0.0, 'AMZN': 1.2782738425308714e-16, 'TSM': 0.2431251747451987, 'PCG': 0.2749320043671834}","[{'date': Timestamp('2017-05-11 00:00:00'), 'exit_date': Timestamp('2017-05-12 00:00:00'), 'ticker': 'HRG', 'sector': 'Conglomerates', 'allocated_amount': 9132.841101695267, 'prob_up': 0.9185775518417358, 'expected_rise': 0.006313070189207792, 'actual_return': -0.008869289973986061, 'pnl': -81.00181601727364, 'exit_reason': 'early_exit'}, {'date': Timestamp('2017-05-11 00:00:00'), 'exit_date': Timestamp('2017-05-12 00:00:00'), 'ticker': 'DHR', 'sector': 'Industrial Goods', 'allocated_amount': 1703.7794742629462, 'prob_up': 0.7845877408981323, 'expected_rise': 0.004598324187099934, 'actual_return': 0.0007247765248221683, 'pnl': 1.234859366419639, 'exit_reason': 'early_exit'}]","[{'ticker': 'V', 'sector': 'Financial', 'prob_up': 0.9505643844604492, 'predicted_prob': 0.9505643844604492, 'expected_rise': 0.008415205404162407, 'bucket_idx': 5, 'investment_fraction': 0.1, 'investment_amount': 9125.662075596698, 'allocated_amount': 9125.662075596698, 'exit_date': Timestamp('2017-05-19 00:00:00')}, {'ticker': 'PCG', 'sector': 'Utilities', 'prob_up': 0.8243062496185303, 'predicted_prob': 0.8243062496185303, 'expected_rise': 0.005809518042951822, 'bucket_idx': 5, 'investment_fraction': 0.1, 'investment_amount': 8363.12188540464, 'allocated_amount': 4405.998624781016, 'exit_date': Timestamp('2017-05-19 00:00:00')}]",5,100000.0,853,True,True,42,/mnt/primary/simulation/trained_models_multiclass_meta,12,12,0.2,0.3,200,5,60,1.0,0.0001,0.3,True,True,0.3,0.7,0.3,0.5,0.5,0.1,3,100.0,0.5,"[[0.08, 0.6], [0.15, 0.35]]",meta_emotion,nlp,0.1259823649942869,GRU,6,coral,20,128,128,2,0.3,0.3,0.0005466347365856,0.0003650001848317,64,50,10,0.0041366748730481,5,0.8,5,0.1411251559858494,0.7276744145783006,1.793808725179512,21,0.2057532757859396,0.7138661773078487,21,0.0647282490194046,4
2017-05-15,49066.78017760218,30539.9143425152,101799.71447505064,101799.71447505064,403.46919064286743,0.0039791334433654235,1,MPT_ONLY,30539.914342515192,18526.86583508698,True,False,"{'BBL': 1.0003572059160364e-16, 'HRG': 0.2999999999999999, 'UN': 0.08926965057747675, 'MA': 1.2257744358268527e-16, 'UNH': 0.010730349422523405, 'CAT': 1.4284064526762415e-16, 'BABA': 0.29999999999999977, 'INTC': 3.371351254808644e-17, 'PCG': 0.2999999999999998}","[{'date': Timestamp('2017-05-08 00:00:00'), 'exit_date': Timestamp('2017-05-15 00:00:00'), 'ticker': 'BABA', 'sector': 'Services', 'allocated_amount': 9118.775326040275, 'prob_up': 0.9999597072601318, 'expected_rise': 0.006546576041728258, 'actual_return': 0.03884991409507177, 'pnl': 354.26363806892476, 'exit_reason': 'scheduled'}, {'date': Timestamp('2017-05-12 00:00:00'), 'exit_date': Timestamp('2017-05-15 00:00:00'), 'ticker': 'V', 'sector': 'Financial', 'allocated_amount': 9125.662075596698, 'prob_up': 0.9505643844604492, 'expected_rise': 0.008415205404162407, 'actual_return': 0.0053919981001187, 'pnl': 49.20555257394267, 'exit_reason': 'early_exit'}]","[{'ticker': 'BABA', 'sector': 'Services', 'prob_up': 0.9875614643096924, 'predicted_prob': 0.9875614643096924, 'expected_rise': 0.00684185978025198, 'bucket_idx': 5, 'investment_fraction': 0.1, 'investment_amount': 9161.97430275455, 'allocated_amount': 9161.97430275455, 'exit_date': Timestamp('2017-05-22 00:00:00')}, {'ticker': 'UN', 'sector': 'Consumer Goods', 'prob_up': 0.9313946962356567, 'predicted_prob': 0.9313946962356567, 'expected_rise': 0.004882024601101875, 'bucket_idx': 5, 'investment_fraction': 0.1, 'investment_amount': 2726.287482022402, 'allocated_amount': 2726.287482022402, 'exit_date': Timestamp('2017-05-22 00:00:00')}, {'ticker': 'HRG', 'sector': 'Conglomerates', 'prob_up': 0.9256920218467712, 'predicted_prob': 0.9256920218467712, 'expected_rise': 0.006391366012394428, 'bucket_idx': 5, 'investment_fraction': 0.1, 'investment_amount': 9161.974302754554, 'allocated_amount': 6638.60405031003, 'exit_date': Timestamp('2017-05-22 00:00:00')}]",5,100000.0,853,True,True,42,/mnt/primary/simulation/trained_models_multiclass_meta,12,12,0.2,0.3,200,5,60,1.0,0.0001,0.3,True,True,0.3,0.7,0.3,0.5,0.5,0.1,3,100.0,0.5,"[[0.08, 0.6], [0.15, 0.35]]",meta_emotion,nlp,0.1259823649942869,GRU,6,coral,20,128,128,2,0.3,0.3,0.0005466347365856,0.0003650001848317,64,50,10,0.0041366748730481,5,0.8,5,0.1411251559858494,0.7276744145783006,1.793808725179512,21,0.2057532757859396,0.7138661773078487,21,0.0647282490194046,4
2017-05-16,59581.89716698311,30570.73886855635,101902.46289518781,101902.46289518781,102.74842013717982,0.0010093193351967678,2,MPT_ONLY,30570.738868556342,29011.15829842676,True,False,"{'PTR': 0.2999999999999999, 'REX': 5.781754337093772e-17, 'PM': 0.0, 'BCH': 7.497176706729721e-17, 'UNH': 0.040551715395122444, 'CAT': 0.0, 'BABA': 0.2999999999999999, 'MSFT': 0.05944828460487786, 'PCG': 0.2999999999999998}","[{'date': Timestamp('2017-05-09 00:00:00'), 'exit_date': Timestamp('2017-05-16 00:00:00'), 'ticker': 'BABA', 'sector': 'Services', 'allocated_amount': 9139.545688996554, 'prob_up': 0.9999746084213257, 'expected_rise': 0.006546199321746826, 'actual_return': 0.033499975000000015, 'pnl': 306.17455209274243, 'exit_reason': 'scheduled'}, {'date': Timestamp('2017-05-09 00:00:00'), 'exit_date': Timestamp('2017-05-16 00:00:00'), 'ticker': 'PCG', 'sector': 'Utilities', 'allocated_amount': 9139.545688996554, 'prob_up': 0.8769075274467468, 'expected_rise': 0.006227946374565363, 'actual_return': -0.01827158985794175, 'pnl': -166.99403031726467, 'exit_reason': 'scheduled'}, {'date': Timestamp('2017-05-09 00:00:00'), 'exit_date': Timestamp('2017-05-16 00:00:00'), 'ticker': 'PTR', 'sector': 'Basic Matierials', 'allocated_amount': 1295.251494005194, 'prob_up': 0.8200954794883728, 'expected_rise': 0.0046759056858718395, 'actual_return': 0.008671310866088966, 'pnl': 11.231528354285206, 'exit_reason': 'scheduled'}, {'date': Timestamp('2017-05-15 00:00:00'), 'exit_date': Timestamp('2017-05-16 00:00:00'), 'ticker': 'UN', 'sector': 'Consumer Goods', 'allocated_amount': 2726.287482022402, 'prob_up': 0.9313946962356567, 'expected_rise': 0.004882024601101875, 'actual_return': 0.008291892389902245, 'pnl': 22.606082424867306, 'exit_reason': 'early_exit'}, {'date': Timestamp('2017-05-15 00:00:00'), 'exit_date': Timestamp('2017-05-16 00:00:00'), 'ticker': 'HRG', 'sector': 'Conglomerates', 'allocated_amount': 6638.60405031003, 'prob_up': 0.9256920218467712, 'expected_rise': 0.006391366012394428, 'actual_return': -0.010585013337882199, 'pnl': -70.26971241745046, 'exit_reason': 'early_exit'}]","[{'ticker': 'PTR', 'sector': 'Basic Matierials', 'prob_up': 0.9656141996383667, 'predicted_prob': 0.9656141996383667, 'expected_rise': 0.0095473388209939, 'bucket_idx': 5, 'investment_fraction': 0.1, 'investment_amount': 9171.221660566898, 'allocated_amount': 9171.221660566898, 'exit_date': Timestamp('2017-05-23 00:00:00')}, {'ticker': 'MSFT', 'sector': 'Technology', 'prob_up': 0.8405038118362427, 'predicted_prob': 0.8405038118362427, 'expected_rise': 0.0044829887337982655, 'bucket_idx': 5, 'investment_fraction': 0.1, 'investment_amount': 1817.3779848393392, 'allocated_amount': 1817.3779848393392, 'exit_date': Timestamp('2017-05-23 00:00:00')}, {'ticker': 'BABA', 'sector': 'Services', 'prob_up': 0.8277255892753601, 'predicted_prob': 0.8277255892753601, 'expected_rise': 0.00884457491338253, 'bucket_idx': 5, 'investment_fraction': 0.1, 'investment_amount': 9171.221660566898, 'allocated_amount': 9171.221660566898, 'exit_date': Timestamp('2017-05-23 00:00:00')}, {'ticker': 'PCG', 'sector': 'Utilities', 'prob_up': 0.7758802175521851, 'predicted_prob': 0.7758802175521851, 'expected_rise': 0.0054033841006457806, 'bucket_idx': 5, 'investment_fraction': 0.1, 'investment_amount': 9171.221660566896, 'allocated_amount': 8851.336992453624, 'exit_date': Timestamp('2017-05-23 00:00:00')}]",5,100000.0,853,True,True,42,/mnt/primary/simulation/trained_models_multiclass_meta,12,12,0.2,0.3,200,5,60,1.0,0.0001,0.3,True,True,0.3,0.7,0.3,0.5,0.5,0.1,3,100.0,0.5,"[[0.08, 0.6], [0.15, 0.35]]",meta_emotion,nlp,0.1259823649942869,GRU,6,coral,20,128,128,2,0.3,0.3,0.0005466347365856,0.0003650001848317,64,50,10,0.0041366748730481,5,0.8,5,0.1411251559858494,0.7276744145783006,1.793808725179512,21,0.2057532757859396,0.7138661773078487,21,0.0647282490194046,4
2017-05-17,41401.12292696304,30530.717779333616,101769.05926444537,101769.05926444537,-133.40363074243885,-0.0013091305838176526,1,MPT_ONLY,30530.71777933361,10870.405147629426,True,False,"{'PTR': 0.2999999999999999, 'REX': 0.0036309860277771375, 'UN': 0.3, 'BCH': 1.6002556649562885e-16, 'UNH': 0.17949715516032197, 'UTX': 0.0, 'CHTR': 0.12566720175725798, 'INTC': 0.09120465705464306, 'AEP': 0.0}","[{'date': Timestamp('2017-05-10 00:00:00'), 'exit_date': Timestamp('2017-05-17 00:00:00'), 'ticker': 'PTR', 'sector': 'Basic Matierials', 'allocated_amount': 9146.409704309794, 'prob_up': 0.8537822961807251, 'expected_rise': 0.005573156755417585, 'actual_return': -0.009060382873009143, 'pnl': -82.86997383445308, 'exit_reason': 'scheduled'}, {'date': Timestamp('2017-05-16 00:00:00'), 'exit_date': Timestamp('2017-05-17 00:00:00'), 'ticker': 'MSFT', 'sector': 'Technology', 'allocated_amount': 1817.3779848393392, 'prob_up': 0.8405038118362427, 'expected_rise': 0.0044829887337982655, 'actual_return': -0.027805804477406548, 'pnl': -50.53365690798579, 'exit_reason': 'early_exit'}]","[{'ticker': 'PTR', 'sector': 'Basic Matierials', 'prob_up': 0.9699729084968567, 'predicted_prob': 0.9699729084968567, 'expected_rise': 0.009754353202879429, 'bucket_idx': 5, 'investment_fraction': 0.1, 'investment_amount': 9159.215333800079, 'allocated_amount': 9159.215333800079, 'exit_date': Timestamp('2017-05-24 00:00:00')}, {'ticker': 'UN', 'sector': 'Consumer Goods', 'prob_up': 0.9350168108940125, 'predicted_prob': 0.9350168108940125, 'expected_rise': 0.00492249708622694, 'bucket_idx': 5, 'investment_fraction': 0.1, 'investment_amount': 9159.215333800083, 'allocated_amount': 1711.1898138293473, 'exit_date': Timestamp('2017-05-24 00:00:00')}]",5,100000.0,853,True,True,42,/mnt/primary/simulation/trained_models_multiclass_meta,12,12,0.2,0.3,200,5,60,1.0,0.0001,0.3,True,True,0.3,0.7,0.3,0.5,0.5,0.1,3,100.0,0.5,"[[0.08, 0.6], [0.15, 0.35]]",meta_emotion,nlp,0.1259823649942869,GRU,6,coral,20,128,128,2,0.3,0.3,0.0005466347365856,0.0003650001848317,64,50,10,0.0041366748730481,5,0.8,5,0.1411251559858494,0.7276744145783006,1.793808725179512,21,0.2057532757859396,0.7138661773078487,21,0.0647282490194046,4
2017-05-18,51904.47443926109,30547.632904255253,101825.44301418416,101825.44301418417,56.38374973878137,0.0005540362674698596,1,MPT_ONLY,30547.632904255246,21356.841535005842,True,False,"{'PTR': 0.3, 'REX': 0.05924368742037237, 'UN': 0.24003303959919958, 'V': 0.3, 'UNH': 0.10072327298042816, 'DHR': 0.0, 'PCLN': 0.0, 'GOOG': 0.0, 'SRE': 0.0}","[{'date': Timestamp('2017-05-11 00:00:00'), 'exit_date': Timestamp('2017-05-18 00:00:00'), 'ticker': 'BABA', 'sector': 'Services', 'allocated_amount': 9132.841101695267, 'prob_up': 0.9999352693557739, 'expected_rise': 0.006547195836901665, 'actual_return': 0.009237624526044375, 'pnl': 84.36575695348633, 'exit_reason': 'scheduled'}, {'date': Timestamp('2017-05-11 00:00:00'), 'exit_date': Timestamp('2017-05-18 00:00:00'), 'ticker': 'PTR', 'sector': 'Basic Matierials', 'allocated_amount': 9132.841101695269, 'prob_up': 0.8901419639587402, 'expected_rise': 0.006657224614173174, 'actual_return': -0.0005885096279458768, 'pnl': -5.374764918847494, 'exit_reason': 'scheduled'}, {'date': Timestamp('2017-05-11 00:00:00'), 'exit_date': Timestamp('2017-05-18 00:00:00'), 'ticker': 'UNH', 'sector': 'Healthcare', 'allocated_amount': 1340.5008929688133, 'prob_up': 0.5037925243377686, 'expected_rise': 0.004538226407021284, 'actual_return': -0.010789348744949079, 'pnl': -14.463131627156185, 'exit_reason': 'scheduled'}, {'date': Timestamp('2017-05-17 00:00:00'), 'exit_date': Timestamp('2017-05-18 00:00:00'), 'ticker': 'UN', 'sector': 'Consumer Goods', 'allocated_amount': 1711.1898138293473, 'prob_up': 0.9350168108940125, 'expected_rise': 0.00492249708622694, 'actual_return': -0.004759326290329047, 'pnl': -8.144110668701279, 'exit_reason': 'early_exit'}]","[{'ticker': 'PTR', 'sector': 'Basic Matierials', 'prob_up': 0.965944766998291, 'predicted_prob': 0.965944766998291, 'expected_rise': 0.009562836028635502, 'bucket_idx': 5, 'investment_fraction': 0.1, 'investment_amount': 9164.289871276573, 'allocated_amount': 9164.289871276573, 'exit_date': Timestamp('2017-05-25 00:00:00')}, {'ticker': 'UN', 'sector': 'Consumer Goods', 'prob_up': 0.937005877494812, 'predicted_prob': 0.937005877494812, 'expected_rise': 0.004944866988807917, 'bucket_idx': 5, 'investment_fraction': 0.1, 'investment_amount': 7332.441178568912, 'allocated_amount': 7332.441178568912, 'exit_date': Timestamp('2017-05-25 00:00:00')}, {'ticker': 'V', 'sector': 'Financial', 'prob_up': 0.9062606692314148, 'predicted_prob': 0.9062606692314148, 'expected_rise': 0.0076223029755055904, 'bucket_idx': 5, 'investment_fraction': 0.1, 'investment_amount': 9164.289871276573, 'allocated_amount': 4860.1104851603595, 'exit_date': Timestamp('2017-05-25 00:00:00')}]",5,100000.0,853,True,True,42,/mnt/primary/simulation/trained_models_multiclass_meta,12,12,0.2,0.3,200,5,60,1.0,0.0001,0.3,True,True,0.3,0.7,0.3,0.5,0.5,0.1,3,100.0,0.5,"[[0.08, 0.6], [0.15, 0.35]]",meta_emotion,nlp,0.1259823649942869,GRU,6,coral,20,128,128,2,0.3,0.3,0.0005466347365856,0.0003650001848317,64,50,10,0.0041366748730481,5,0.8,5,0.1411251559858494,0.7276744145783006,1.793808725179512,21,0.2057532757859396,0.7138661773078487,21,0.0647282490194046,4
2017-05-19,47214.081409477076,30568.00236926871,101893.3412308957,101893.3412308957,67.89821671153604,0.000666809931797463,2,MPT_ONLY,30568.00236926871,16646.079040208366,True,False,"{'PTR': 0.29999999999999977, 'HRG': 0.2620118312101777, 'UL': 7.257130799917079e-17, 'V': 0.29999999999999977, 'MRK': 1.08538911032946e-17, 'CAT': 1.9664697017348287e-16, 'PCLN': 1.10893166453482e-16, 'MSFT': 9.71445146547012e-17, 'PCG': 0.13798816878982242}","[{'date': Timestamp('2017-05-12 00:00:00'), 'exit_date': Timestamp('2017-05-19 00:00:00'), 'ticker': 'PCG', 'sector': 'Utilities', 'allocated_amount': 4405.998624781016, 'prob_up': 0.8243062496185303, 'expected_rise': 0.005809518042951822, 'actual_return': -0.011910160955520444, 'pnl': -52.47615279094362, 'exit_reason': 'scheduled'}, {'date': Timestamp('2017-05-18 00:00:00'), 'exit_date': Timestamp('2017-05-19 00:00:00'), 'ticker': 'UN', 'sector': 'Consumer Goods', 'allocated_amount': 7332.441178568912, 'prob_up': 0.937005877494812, 'expected_rise': 0.004944866988807917, 'actual_return': 0.010851572757983652, 'pnl': 79.56851894287594, 'exit_reason': 'early_exit'}, {'date': Timestamp('2017-05-18 00:00:00'), 'exit_date': Timestamp('2017-05-19 00:00:00'), 'ticker': 'V', 'sector': 'Financial', 'allocated_amount': 4860.1104851603595, 'prob_up': 0.9062606692314148, 'expected_rise': 0.0076223029755055904, 'actual_return': 0.008396074674474674, 'pnl': 40.80585055960371, 'exit_reason': 'early_exit'}]","[{'ticker': 'HRG', 'sector': 'Conglomerates', 'prob_up': 0.9241862893104553, 'predicted_prob': 0.9241862893104553, 'expected_rise': 0.006374706979840994, 'bucket_idx': 5, 'investment_fraction': 0.1, 'investment_amount': 8009.178277209145, 'allocated_amount': 8009.178277209145, 'exit_date': Timestamp('2017-05-26 00:00:00')}, {'ticker': 'V', 'sector': 'Financial', 'prob_up': 0.8696103692054749, 'predicted_prob': 0.8696103692054749, 'expected_rise': 0.00703692901879549, 'bucket_idx': 5, 'investment_fraction': 0.1, 'investment_amount': 9170.400710780606, 'allocated_amount': 8636.90076299922, 'exit_date': Timestamp('2017-05-26 00:00:00')}]",5,100000.0,853,True,True,42,/mnt/primary/simulation/trained_models_multiclass_meta,12,12,0.2,0.3,200,5,60,1.0,0.0001,0.3,True,True,0.3,0.7,0.3,0.5,0.5,0.1,3,100.0,0.5,"[[0.08, 0.6], [0.15, 0.35]]",meta_emotion,nlp,0.1259823649942869,GRU,6,coral,20,128,128,2,0.3,0.3,0.0005466347365856,0.0003650001848317,64,50,10,0.0041366748730481,5,0.8,5,0.1411251559858494,0.7276744145783006,1.793808725179512,21,0.2057532757859396,0.7138661773078487,21,0.0647282490194046,4
2017-05-22,56706.392715261325,30667.10347017762,102223.6782339254,102223.6782339254,330.3370030296984,0.0032419881322875987,2,MPT_ONLY,30667.10347017762,26039.289245083703,True,False,"{'BBL': 0.0, 'HRG': 0.2999999999999997, 'UN': 0.225426919977675, 'MA': 4.819759930357513e-17, 'PFE': 6.261614233606556e-17, 'GD': 7.63278329429795e-17, 'AMZN': 0.1649467506006124, 'MSFT': 0.21173830352704265, 'AEP': 0.09788802589467002}","[{'date': Timestamp('2017-05-15 00:00:00'), 'exit_date': Timestamp('2017-05-22 00:00:00'), 'ticker': 'BABA', 'sector': 'Services', 'allocated_amount': 9161.97430275455, 'prob_up': 0.9875614643096924, 'expected_rise': 0.00684185978025198, 'actual_return': 0.02759471124226165, 'pnl': 252.8220352935333, 'exit_reason': 'scheduled'}, {'date': Timestamp('2017-05-19 00:00:00'), 'exit_date': Timestamp('2017-05-22 00:00:00'), 'ticker': 'HRG', 'sector': 'Conglomerates', 'allocated_amount': 8009.178277209145, 'prob_up': 0.9241862893104553, 'expected_rise': 0.006374706979840994, 'actual_return': 0.0, 'pnl': 0.0, 'exit_reason': 'early_exit'}, {'date': Timestamp('2017-05-19 00:00:00'), 'exit_date': Timestamp('2017-05-22 00:00:00'), 'ticker': 'V', 'sector': 'Financial', 'allocated_amount': 8636.90076299922, 'prob_up': 0.8696103692054749, 'expected_rise': 0.00703692901879549, 'actual_return': 0.008974859137926172, 'pnl': 77.51496773616508, 'exit_reason': 'early_exit'}]","[{'ticker': 'UN', 'sector': 'Consumer Goods', 'prob_up': 0.9433070421218872, 'predicted_prob': 0.9433070421218872, 'expected_rise': 0.00501642469316721, 'bucket_idx': 5, 'investment_fraction': 0.1, 'investment_amount': 6913.190679918809, 'allocated_amount': 6913.190679918809, 'exit_date': Timestamp('2017-05-30 00:00:00')}, {'ticker': 'HRG', 'sector': 'Conglomerates', 'prob_up': 0.9201850891113281, 'predicted_prob': 0.9201850891113281, 'expected_rise': 0.0063306670635938644, 'bucket_idx': 5, 'investment_fraction': 0.1, 'investment_amount': 9200.131041053277, 'allocated_amount': 9200.131041053277, 'exit_date': Timestamp('2017-05-30 00:00:00')}, {'ticker': 'MSFT', 'sector': 'Technology', 'prob_up': 0.8019835352897644, 'predicted_prob': 0.8019835352897644, 'expected_rise': 0.004768471233546734, 'bucket_idx': 5, 'investment_fraction': 0.1, 'investment_amount': 6493.400462863691, 'allocated_amount': 6493.400462863691, 'exit_date': Timestamp('2017-05-30 00:00:00')}, {'ticker': 'AEP', 'sector': 'Utilities', 'prob_up': 0.695026695728302, 'predicted_prob': 0.695026695728302, 'expected_rise': 0.0038890563882887363, 'bucket_idx': 5, 'investment_fraction': 0.08061718514569059, 'investment_amount': 3001.9422186032716, 'allocated_amount': 3001.9422186032716, 'exit_date': Timestamp('2017-05-30 00:00:00')}, {'ticker': 'AMZN', 'sector': 'Services', 'prob_up': 0.5317550897598267, 'predicted_prob': 0.5317550897598267, 'expected_rise': 0.00441284105181694, 'bucket_idx': 5, 'investment_fraction': 0.020634074023916905, 'investment_amount': 5058.439067738563, 'allocated_amount': 430.62484264465456, 'exit_date': Timestamp('2017-05-30 00:00:00')}]",5,100000.0,853,True,True,42,/mnt/primary/simulation/trained_models_multiclass_meta,12,12,0.2,0.3,200,5,60,1.0,0.0001,0.3,True,True,0.3,0.7,0.3,0.5,0.5,0.1,3,100.0,0.5,"[[0.08, 0.6], [0.15, 0.35]]",meta_emotion,nlp,0.1259823649942869,GRU,6,coral,20,128,128,2,0.3,0.3,0.0005466347365856,0.0003650001848317,64,50,10,0.0041366748730481,5,0.8,5,0.1411251559858494,0.7276744145783006,1.793808725179512,21,0.2057532757859396,0.7138661773078487,21,0.0647282490194046,4
2017-05-23,83860.2756073866,53211.032136227215,102183.78081246326,102183.78081246326,-39.897421462142205,-0.0003902953029223388,5,MPT_ONLY,30655.134243738976,30649.243471159396,True,False,"{'PTR': 0.3, 'HRG': 0.3, 'PM': 0.0, 'C': 0.0, 'PFE': 0.0, 'UTX': 0.0001921626743742813, 'PCLN': 0.0, 'MSFT': 0.18868087821142465, 'PCG': 0.21112695911420104}","[{'date': Timestamp('2017-05-16 00:00:00'), 'exit_date': Timestamp('2017-05-23 00:00:00'), 'ticker': 'PTR', 'sector': 'Basic Matierials', 'allocated_amount': 9171.221660566898, 'prob_up': 0.9656141996383667, 'expected_rise': 0.0095473388209939, 'actual_return': 0.0037884600228090815, 'pnl': 34.744806621378416, 'exit_reason': 'scheduled'}, {'date': Timestamp('2017-05-16 00:00:00'), 'exit_date': Timestamp('2017-05-23 00:00:00'), 'ticker': 'BABA', 'sector': 'Services', 'allocated_amount': 9171.221660566898, 'prob_up': 0.8277255892753601, 'expected_rise': 0.00884457491338253, 'actual_return': -0.008788881038273133, 'pnl': -80.60477615035624, 'exit_reason': 'scheduled'}, {'date': Timestamp('2017-05-16 00:00:00'), 'exit_date': Timestamp('2017-05-23 00:00:00'), 'ticker': 'PCG', 'sector': 'Utilities', 'allocated_amount': 8851.336992453624, 'prob_up': 0.7758802175521851, 'expected_rise': 0.0054033841006457806, 'actual_return': 0.009305888208731128, 'pnl': 82.36955254957982, 'exit_reason': 'scheduled'}, {'date': Timestamp('2017-05-22 00:00:00'), 'exit_date': Timestamp('2017-05-23 00:00:00'), 'ticker': 'UN', 'sector': 'Consumer Goods', 'allocated_amount': 6913.190679918809, 'prob_up': 0.9433070421218872, 'expected_rise': 0.00501642469316721, 'actual_return': -0.005564476854505118, 'pnl': -38.468289529188716, 'exit_reason': 'early_exit'}, {'date': Timestamp('2017-05-22 00:00:00'), 'exit_date': Timestamp('2017-05-23 00:00:00'), 'ticker': 'HRG', 'sector': 'Conglomerates', 'allocated_amount': 9200.131041053277, 'prob_up': 0.9201850891113281, 'expected_rise': 0.0063306670635938644, 'actual_return': -0.007336287095727312, 'pnl': -67.49480263547943, 'exit_reason': 'early_exit'}, {'date': Timestamp('2017-05-22 00:00:00'), 'exit_date': Timestamp('2017-05-23 00:00:00'), 'ticker': 'MSFT', 'sector': 'Technology', 'allocated_amount': 6493.400462863691, 'prob_up': 0.8019835352897644, 'expected_rise': 0.004768471233546734, 'actual_return': 0.0033601608485096524, 'pnl': 21.81887000900903, 'exit_reason': 'early_exit'}, {'date': Timestamp('2017-05-22 00:00:00'), 'exit_date': Timestamp('2017-05-23 00:00:00'), 'ticker': 'AEP', 'sector': 'Utilities', 'allocated_amount': 3001.9422186032716, 'prob_up': 0.695026695728302, 'expected_rise': 0.0038890563882887363, 'actual_return': 0.0024488332598338047, 'pnl': 7.351255949014973, 'exit_reason': 'early_exit'}, {'date': Timestamp('2017-05-22 00:00:00'), 'exit_date': Timestamp('2017-05-23 00:00:00'), 'ticker': 'AMZN', 'sector': 'Services', 'allocated_amount': 430.62484264465456, 'prob_up': 0.5317550897598267, 'expected_rise': 0.00441284105181694, 'actual_return': 0.0008962829954946017, 'pnl': 0.3859617238999425, 'exit_reason': 'early_exit'}]","[{'ticker': 'HRG', 'sector': 'Conglomerates', 'prob_up': 0.9157531261444092, 'predicted_prob': 0.9157531261444092, 'expected_rise': 0.00628227973356843, 'bucket_idx': 5, 'investment_fraction': 0.1, 'investment_amount': 9196.540273121693, 'allocated_amount': 9196.540273121693, 'exit_date': Timestamp('2017-05-31 00:00:00')}, {'ticker': 'PTR', 'sector': 'Basic Matierials', 'prob_up': 0.8995492458343506, 'predicted_prob': 0.8995492458343506, 'expected_rise': 0.006962879560887814, 'bucket_idx': 5, 'investment_fraction': 0.1, 'investment_amount': 9196.540273121693, 'allocated_amount': 9196.540273121693, 'exit_date': Timestamp('2017-05-31 00:00:00')}, {'ticker': 'MSFT', 'sector': 'Technology', 'prob_up': 0.759373128414154, 'predicted_prob': 0.759373128414154, 'expected_rise': 0.0050292895175516605, 'bucket_idx': 5, 'investment_fraction': 0.1, 'investment_amount': 5784.037650797787, 'allocated_amount': 5784.037650797787, 'exit_date': Timestamp('2017-05-31 00:00:00')}, {'ticker': 'PCG', 'sector': 'Utilities', 'prob_up': 0.7543510794639587, 'predicted_prob': 0.7543510794639587, 'expected_rise': 0.005216036923229694, 'bucket_idx': 5, 'investment_fraction': 0.1, 'investment_amount': 6472.125274118223, 'allocated_amount': 6472.125274118223, 'exit_date': Timestamp('2017-05-31 00:00:00')}]",5,100000.0,853,True,True,42,/mnt/primary/simulation/trained_models_multiclass_meta,12,12,0.2,0.3,200,5,60,1.0,0.0001,0.3,True,True,0.3,0.7,0.3,0.5,0.5,0.1,3,100.0,0.5,"[[0.08, 0.6], [0.15, 0.35]]",meta_emotion,nlp,0.1259823649942869,GRU,6,coral,20,128,128,2,0.3,0.3,0.0005466347365856,0.0003650001848317,64,50,10,0.0041366748730481,5,0.8,5,0.1411251559858494,0.7276744145783006,1.793808725179512,21,0.2057532757859396,0.7138661773078487,21,0.0647282490194046,4
2017-05-24,77952.16760752379,47116.63069971172,102785.12302604028,102785.12302604028,601.3422135770229,0.005884908630271468,2,MPT_ONLY,30835.536907812082,30835.536907812082,True,False,"{'PTR': 0.2999999999999999, 'HRG': 0.2999999999999999, 'PM': 0.0, 'C': 0.0, 'MRK': 0.0, 'GD': 0.1228091796079294, 'PCLN': 0.13485786808874628, 'GOOG': 0.0, 'AEP': 0.14233295230332466}","[{'date': Timestamp('2017-05-17 00:00:00'), 'exit_date': Timestamp('2017-05-24 00:00:00'), 'ticker': 'PTR', 'sector': 'Basic Matierials', 'allocated_amount': 9159.215333800079, 'prob_up': 0.9699729084968567, 'expected_rise': 0.009754353202879429, 'actual_return': 0.010028019761923801, 'pnl': 91.8487923710627, 'exit_reason': 'scheduled'}, {'date': Timestamp('2017-05-23 00:00:00'), 'exit_date': Timestamp('2017-05-24 00:00:00'), 'ticker': 'HRG', 'sector': 'Conglomerates', 'allocated_amount': 9196.540273121693, 'prob_up': 0.9157531261444092, 'expected_rise': 0.00628227973356843, 'actual_return': 0.054576407049459874, 'pnl': 501.9141253926404, 'exit_reason': 'early_exit'}, {'date': Timestamp('2017-05-23 00:00:00'), 'exit_date': Timestamp('2017-05-24 00:00:00'), 'ticker': 'MSFT', 'sector': 'Technology', 'allocated_amount': 5784.037650797787, 'prob_up': 0.759373128414154, 'expected_rise': 0.0050292895175516605, 'actual_return': 0.001310381479324274, 'pnl': 7.579295813319703, 'exit_reason': 'early_exit'}]","[{'ticker': 'HRG', 'sector': 'Conglomerates', 'prob_up': 0.911098837852478, 'predicted_prob': 0.911098837852478, 'expected_rise': 0.00623190077021718, 'bucket_idx': 5, 'investment_fraction': 0.1, 'investment_amount': 9250.66107234362, 'allocated_amount': 9250.66107234362, 'exit_date': Timestamp('2017-06-01 00:00:00')}, {'ticker': 'PTR', 'sector': 'Basic Matierials', 'prob_up': 0.8748611807823181, 'predicted_prob': 0.8748611807823181, 'expected_rise': 0.006184312514960766, 'bucket_idx': 5, 'investment_fraction': 0.1, 'investment_amount': 9250.66107234362, 'allocated_amount': 9250.66107234362, 'exit_date': Timestamp('2017-06-01 00:00:00')}, {'ticker': 'PCLN', 'sector': 'Services', 'prob_up': 0.7702875137329102, 'predicted_prob': 0.7702875137329102, 'expected_rise': 0.003798998426645994, 'bucket_idx': 5, 'investment_fraction': 0.1, 'investment_amount': 4158.4147687593895, 'allocated_amount': 4158.4147687593895, 'exit_date': Timestamp('2017-06-01 00:00:00')}, {'ticker': 'AEP', 'sector': 'Utilities', 'prob_up': 0.6883869767189026, 'predicted_prob': 0.6883869767189026, 'expected_rise': 0.0038354950957000256, 'bucket_idx': 5, 'investment_fraction': 0.07802438070112659, 'investment_amount': 4388.913003947024, 'allocated_amount': 4388.913003947024, 'exit_date': Timestamp('2017-06-01 00:00:00')}, {'ticker': 'GD', 'sector': 'Industrial Goods', 'prob_up': 0.5333437323570251, 'predicted_prob': 0.5333437323570251, 'expected_rise': 0.0036821477115154266, 'bucket_idx': 5, 'investment_fraction': 0.027036566743751923, 'investment_amount': 3786.8869904184303, 'allocated_amount': 3786.8869904184285, 'exit_date': Timestamp('2017-06-01 00:00:00')}]",5,100000.0,853,True,True,42,/mnt/primary/simulation/trained_models_multiclass_meta,12,12,0.2,0.3,200,5,60,1.0,0.0001,0.3,True,True,0.3,0.7,0.3,0.5,0.5,0.1,3,100.0,0.5,"[[0.08, 0.6], [0.15, 0.35]]",meta_emotion,nlp,0.1259823649942869,GRU,6,coral,20,128,128,2,0.3,0.3,0.0005466347365856,0.0003650001848317,64,50,10,0.0041366748730481,5,0.8,5,0.1411251559858494,0.7276744145783006,1.793808725179512,21,0.2057532757859396,0.7138661773078487,21,0.0647282490194046,4
2017-05-25,77982.59096760507,47112.01569144848,102901.9175871886,102901.9175871886,116.7945611483012,0.0011362983057259246,4,MPT_ONLY,30870.57527615658,30870.575276156575,True,False,"{'SLB': 1.3891380804370293e-17, 'HRG': 0.3, 'UN': 0.12812842614160228, 'V': 0.3, 'CELG': 0.27187157385839766, 'GD': 0.0, 'AMZN': 0.0, 'VZ': 0.0, 'AEP': 0.0}","[{'date': Timestamp('2017-05-18 00:00:00'), 'exit_date': Timestamp('2017-05-25 00:00:00'), 'ticker': 'PTR', 'sector': 'Basic Matierials', 'allocated_amount': 9164.289871276573, 'prob_up': 0.965944766998291, 'expected_rise': 0.009562836028635502, 'actual_return': 0.0029441631090827425, 'pnl': 26.98116415995312, 'exit_reason': 'scheduled'}, {'date': Timestamp('2017-05-24 00:00:00'), 'exit_date': Timestamp('2017-05-25 00:00:00'), 'ticker': 'HRG', 'sector': 'Conglomerates', 'allocated_amount': 9250.66107234362, 'prob_up': 0.911098837852478, 'expected_rise': 0.00623190077021718, 'actual_return': 0.000539083587012712, 'pnl': 4.98687955311786, 'exit_reason': 'early_exit'}, {'date': Timestamp('2017-05-24 00:00:00'), 'exit_date': Timestamp('2017-05-25 00:00:00'), 'ticker': 'PCLN', 'sector': 'Services', 'allocated_amount': 4158.4147687593895, 'prob_up': 0.7702875137329102, 'expected_rise': 0.003798998426645994, 'actual_return': 0.006323260200586711, 'pnl': 26.29473860482824, 'exit_reason': 'early_exit'}, {'date': Timestamp('2017-05-24 00:00:00'), 'exit_date': Timestamp('2017-05-25 00:00:00'), 'ticker': 'AEP', 'sector': 'Utilities', 'allocated_amount': 4388.913003947024, 'prob_up': 0.6883869767189026, 'expected_rise': 0.0038354950957000256, 'actual_return': 0.008547094382354459, 'pnl': 37.512453680678036, 'exit_reason': 'early_exit'}, {'date': Timestamp('2017-05-24 00:00:00'), 'exit_date': Timestamp('2017-05-25 00:00:00'), 'ticker': 'GD', 'sector': 'Industrial Goods', 'allocated_amount': 3786.8869904184285, 'prob_up': 0.5333437323570251, 'expected_rise': 0.0036821477115154266, 'actual_return': 0.005550555166527804, 'pnl': 21.019325149723937, 'exit_reason': 'early_exit'}]","[{'ticker': 'UN', 'sector': 'Consumer Goods', 'prob_up': 0.9521321654319763, 'predicted_prob': 0.9521321654319763, 'expected_rise': 0.005118492990732193, 'bucket_idx': 5, 'investment_fraction': 0.1, 'investment_amount': 3955.3982242198013, 'allocated_amount': 3955.3982242198013, 'exit_date': Timestamp('2017-06-02 00:00:00')}, {'ticker': 'HRG', 'sector': 'Conglomerates', 'prob_up': 0.9070007801055908, 'predicted_prob': 0.9070007801055908, 'expected_rise': 0.006187903694808483, 'bucket_idx': 5, 'investment_fraction': 0.1, 'investment_amount': 9261.172582846973, 'allocated_amount': 9261.172582846973, 'exit_date': Timestamp('2017-06-02 00:00:00')}, {'ticker': 'V', 'sector': 'Financial', 'prob_up': 0.7734021544456482, 'predicted_prob': 0.7734021544456482, 'expected_rise': 0.005717686377465725, 'bucket_idx': 5, 'investment_fraction': 0.1, 'investment_amount': 9261.172582846973, 'allocated_amount': 9261.172582846973, 'exit_date': Timestamp('2017-06-02 00:00:00')}, {'ticker': 'CELG', 'sector': 'Healthcare', 'prob_up': 0.6733766198158264, 'predicted_prob': 0.6733766198158264, 'expected_rise': 0.005655002314597368, 'bucket_idx': 5, 'investment_fraction': 0.07958688348615468, 'investment_amount': 8392.831886242828, 'allocated_amount': 8392.831886242828, 'exit_date': Timestamp('2017-06-02 00:00:00')}]",5,100000.0,853,True,True,42,/mnt/primary/simulation/trained_models_multiclass_meta,12,12,0.2,0.3,200,5,60,1.0,0.0001,0.3,True,True,0.3,0.7,0.3,0.5,0.5,0.1,3,100.0,0.5,"[[0.08, 0.6], [0.15, 0.35]]",meta_emotion,nlp,0.1259823649942869,GRU,6,coral,20,128,128,2,0.3,0.3,0.0005466347365856,0.0003650001848317,64,50,10,0.0041366748730481,5,0.8,5,0.1411251559858494,0.7276744145783006,1.793808725179512,21,0.2057532757859396,0.7138661773078487,21,0.0647282490194046,4
2017-05-26,77952.75954644271,47091.133696634846,102872.08616602625,102872.08616602626,-29.831421162356907,-0.000289901508755408,4,MPT_ONLY,30861.62584980787,30861.625849807868,True,False,"{'PTR': 0.29999999999999993, 'HRG': 0.29999999999999993, 'UN': 0.12335486789906795, 'V': 0.22280485785890874, 'PFE': 1.7863476092754774e-16, 'GD': 5.0811885237342965e-17, 'AMZN': 0.05384027424202327, 'VZ': 0.0, 'SRE': 0.0}","[{'date': Timestamp('2017-05-25 00:00:00'), 'exit_date': Timestamp('2017-05-26 00:00:00'), 'ticker': 'UN', 'sector': 'Consumer Goods', 'allocated_amount': 3955.3982242198013, 'prob_up': 0.9521321654319763, 'expected_rise': 0.005118492990732193, 'actual_return': -0.005461540009215726, 'pnl': -21.60256565395728, 'exit_reason': 'early_exit'}, {'date': Timestamp('2017-05-25 00:00:00'), 'exit_date': Timestamp('2017-05-26 00:00:00'), 'ticker': 'HRG', 'sector': 'Conglomerates', 'allocated_amount': 9261.172582846973, 'prob_up': 0.9070007801055908, 'expected_rise': 0.006187903694808483, 'actual_return': 0.002694073421016796, 'pnl': 24.9502789028975, 'exit_reason': 'early_exit'}, {'date': Timestamp('2017-05-25 00:00:00'), 'exit_date': Timestamp('2017-05-26 00:00:00'), 'ticker': 'V', 'sector': 'Financial', 'allocated_amount': 9261.172582846973, 'prob_up': 0.7734021544456482, 'expected_rise': 0.005717686377465725, 'actual_return': -0.003893129167791165, 'pnl': -36.05494111022939, 'exit_reason': 'early_exit'}, {'date': Timestamp('2017-05-25 00:00:00'), 'exit_date': Timestamp('2017-05-26 00:00:00'), 'ticker': 'CELG', 'sector': 'Healthcare', 'allocated_amount': 8392.831886242828, 'prob_up': 0.6733766198158264, 'expected_rise': 0.005655002314597368, 'actual_return': 0.0003426503399461822, 'pnl': 2.8758066989322626, 'exit_reason': 'early_exit'}]","[{'ticker': 'UN', 'sector': 'Consumer Goods', 'prob_up': 0.9550703167915344, 'predicted_prob': 0.9550703167915344, 'expected_rise': 0.005152972415089607, 'bucket_idx': 5, 'investment_fraction': 0.1, 'investment_amount': 3806.9317798535108, 'allocated_amount': 3806.9317798535108, 'exit_date': Timestamp('2017-06-05 00:00:00')}, {'ticker': 'HRG', 'sector': 'Conglomerates', 'prob_up': 0.9035471081733704, 'predicted_prob': 0.9035471081733704, 'expected_rise': 0.006151079665869474, 'bucket_idx': 5, 'investment_fraction': 0.1, 'investment_amount': 9258.48775494236, 'allocated_amount': 9258.48775494236, 'exit_date': Timestamp('2017-06-05 00:00:00')}, {'ticker': 'PTR', 'sector': 'Basic Matierials', 'prob_up': 0.8879215717315674, 'predicted_prob': 0.8879215717315674, 'expected_rise': 0.006586764939129353, 'bucket_idx': 5, 'investment_fraction': 0.1, 'investment_amount': 9258.48775494236, 'allocated_amount': 9258.48775494236, 'exit_date': Timestamp('2017-06-05 00:00:00')}, {'ticker': 'V', 'sector': 'Financial', 'prob_up': 0.7699408531188965, 'predicted_prob': 0.7699408531188965, 'expected_rise': 0.005674836225807667, 'bucket_idx': 5, 'investment_fraction': 0.1, 'investment_amount': 6876.120160761267, 'allocated_amount': 6876.120160761267, 'exit_date': Timestamp('2017-06-05 00:00:00')}, {'ticker': 'AMZN', 'sector': 'Services', 'prob_up': 0.5573222637176514, 'predicted_prob': 0.5573222637176514, 'expected_rise': 0.004794672597199678, 'bucket_idx': 5, 'investment_fraction': 0.030265591637791134, 'investment_amount': 1661.5983993083703, 'allocated_amount': 1661.5983993083703, 'exit_date': Timestamp('2017-06-05 00:00:00')}]",5,100000.0,853,True,True,42,/mnt/primary/simulation/trained_models_multiclass_meta,12,12,0.2,0.3,200,5,60,1.0,0.0001,0.3,True,True,0.3,0.7,0.3,0.5,0.5,0.1,3,100.0,0.5,"[[0.08, 0.6], [0.15, 0.35]]",meta_emotion,nlp,0.1259823649942869,GRU,6,coral,20,128,128,2,0.3,0.3,0.0005466347365856,0.0003650001848317,64,50,10,0.0041366748730481,5,0.8,5,0.1411251559858494,0.7276744145783006,1.793808725179512,21,0.2057532757859396,0.7138661773078487,21,0.0647282490194046,4
2017-05-30,68738.56428343554,47126.12476526363,102916.37865796144,102916.37865796144,44.29249193517803,0.0004305588968391838,4,MPT_ONLY,30874.91359738843,21612.43951817191,True,False,"{'PTR': 0.29999999999999993, 'HRG': 0.29999999999999993, 'UN': 0.14123827235827247, 'V': 0.21082164708910853, 'MRK': 0.0, 'GD': 0.0, 'CHTR': 0.04794008055261921, 'VZ': 0.0, 'SRE': 0.0}","[{'date': Timestamp('2017-05-26 00:00:00'), 'exit_date': Timestamp('2017-05-30 00:00:00'), 'ticker': 'UN', 'sector': 'Consumer Goods', 'allocated_amount': 3806.9317798535108, 'prob_up': 0.9550703167915344, 'expected_rise': 0.005152972415089607, 'actual_return': -0.00017718334495686605, 'pnl': -0.6745249067770407, 'exit_reason': 'early_exit'}, {'date': Timestamp('2017-05-26 00:00:00'), 'exit_date': Timestamp('2017-05-30 00:00:00'), 'ticker': 'HRG', 'sector': 'Conglomerates', 'allocated_amount': 9258.48775494236, 'prob_up': 0.9035471081733704, 'expected_rise': 0.006151079665869474, 'actual_return': 0.0042987638743274825, 'pnl': 39.80005269184957, 'exit_reason': 'early_exit'}, {'date': Timestamp('2017-05-26 00:00:00'), 'exit_date': Timestamp('2017-05-30 00:00:00'), 'ticker': 'V', 'sector': 'Financial', 'allocated_amount': 6876.120160761267, 'prob_up': 0.7699408531188965, 'expected_rise': 0.005674836225807667, 'actual_return': 0.0005281821174221157, 'pnl': 3.631843706159785, 'exit_reason': 'early_exit'}, {'date': Timestamp('2017-05-26 00:00:00'), 'exit_date': Timestamp('2017-05-30 00:00:00'), 'ticker': 'AMZN', 'sector': 'Services', 'allocated_amount': 1661.5983993083703, 'prob_up': 0.5573222637176514, 'expected_rise': 0.004794672597199678, 'actual_return': 0.0009238817542100985, 'pnl': 1.535120443945709, 'exit_reason': 'early_exit'}]","[{'ticker': 'UN', 'sector': 'Consumer Goods', 'prob_up': 0.9569898247718811, 'predicted_prob': 0.9569898247718811, 'expected_rise': 0.005175635684281588, 'bucket_idx': 5, 'investment_fraction': 0.1, 'investment_amount': 4360.719455706077, 'allocated_amount': 4360.719455706077, 'exit_date': Timestamp('2017-06-06 00:00:00')}, {'ticker': 'HRG', 'sector': 'Conglomerates', 'prob_up': 0.8968692421913147, 'predicted_prob': 0.8968692421913147, 'expected_rise': 0.006080534774810076, 'bucket_idx': 5, 'investment_fraction': 0.1, 'investment_amount': 9262.474079216527, 'allocated_amount': 9262.474079216527, 'exit_date': Timestamp('2017-06-06 00:00:00')}, {'ticker': 'V', 'sector': 'Financial', 'prob_up': 0.758257269859314, 'predicted_prob': 0.758257269859314, 'expected_rise': 0.0055321622639894485, 'bucket_idx': 5, 'investment_fraction': 0.1, 'investment_amount': 6509.100138335341, 'allocated_amount': 6509.100138335341, 'exit_date': Timestamp('2017-06-06 00:00:00')}, {'ticker': 'CHTR', 'sector': 'Services', 'prob_up': 0.6920117139816284, 'predicted_prob': 0.6920117139816284, 'expected_rise': 0.004726567771285772, 'bucket_idx': 5, 'investment_fraction': 0.08850638298273314, 'investment_amount': 1480.1458449139595, 'allocated_amount': 1480.1458449139595, 'exit_date': Timestamp('2017-06-06 00:00:00')}]",5,100000.0,853,True,True,42,/mnt/primary/simulation/trained_models_multiclass_meta,12,12,0.2,0.3,200,5,60,1.0,0.0001,0.3,True,True,0.3,0.7,0.3,0.5,0.5,0.1,3,100.0,0.5,"[[0.08, 0.6], [0.15, 0.35]]",meta_emotion,nlp,0.1259823649942869,GRU,6,coral,20,128,128,2,0.3,0.3,0.0005466347365856,0.0003650001848317,64,50,10,0.0041366748730481,5,0.8,5,0.1411251559858494,0.7276744145783006,1.793808725179512,21,0.2057532757859396,0.7138661773078487,21,0.0647282490194046,4
2017-05-31,84507.68105535858,53602.6320905652,103016.82988264455,103016.82988264455,100.4512246831054,0.0009760470198525439,4,MPT_ONLY,30905.048964793365,30905.04896479336,True,False,"{'SLB': 0.0, 'HRG': 0.3, 'PM': 6.220205703788373e-17, 'V': 0.2843643133219163, 'MRK': 0.0, 'DHR': 0.18526121072157703, 'AMZN': 0.23037447595650662, 'VZ': 0.0, 'SRE': 2.3884429284312695e-17}","[{'date': Timestamp('2017-05-23 00:00:00'), 'exit_date': Timestamp('2017-05-31 00:00:00'), 'ticker': 'PTR', 'sector': 'Basic Matierials', 'allocated_amount': 9196.540273121693, 'prob_up': 0.8995492458343506, 'expected_rise': 0.006962879560887814, 'actual_return': -0.0375961102859067, 'pnl': -345.7541423570657, 'exit_reason': 'scheduled'}, {'date': Timestamp('2017-05-23 00:00:00'), 'exit_date': Timestamp('2017-05-31 00:00:00'), 'ticker': 'PCG', 'sector': 'Utilities', 'allocated_amount': 6472.125274118223, 'prob_up': 0.7543510794639587, 'expected_rise': 0.005216036923229694, 'actual_return': 0.033554910305023666, 'pnl': 217.1715830559137, 'exit_reason': 'scheduled'}, {'date': Timestamp('2017-05-30 00:00:00'), 'exit_date': Timestamp('2017-05-31 00:00:00'), 'ticker': 'UN', 'sector': 'Consumer Goods', 'allocated_amount': 4360.719455706077, 'prob_up': 0.9569898247718811, 'expected_rise': 0.005175635684281588, 'actual_return': 0.006024096492276643, 'pnl': 26.269394776921487, 'exit_reason': 'early_exit'}, {'date': Timestamp('2017-05-30 00:00:00'), 'exit_date': Timestamp('2017-05-31 00:00:00'), 'ticker': 'HRG', 'sector': 'Conglomerates', 'allocated_amount': 9262.474079216527, 'prob_up': 0.8968692421913147, 'expected_rise': 0.006080534774810076, 'actual_return': 0.014981165597583557, 'pnl': 138.76265802406806, 'exit_reason': 'early_exit'}, {'date': Timestamp('2017-05-30 00:00:00'), 'exit_date': Timestamp('2017-05-31 00:00:00'), 'ticker': 'V', 'sector': 'Financial', 'allocated_amount': 6509.100138335341, 'prob_up': 0.758257269859314, 'expected_rise': 0.0055321622639894485, 'actual_return': 0.005384311598561009, 'pnl': 35.047023371034044, 'exit_reason': 'early_exit'}, {'date': Timestamp('2017-05-30 00:00:00'), 'exit_date': Timestamp('2017-05-31 00:00:00'), 'ticker': 'CHTR', 'sector': 'Services', 'allocated_amount': 1480.1458449139595, 'prob_up': 0.6920117139816284, 'expected_rise': 0.004726567771285772, 'actual_return': 0.019562064043707084, 'pnl': 28.95470781223381, 'exit_reason': 'early_exit'}]","[{'ticker': 'HRG', 'sector': 'Conglomerates', 'prob_up': 0.8854590654373169, 'predicted_prob': 0.8854590654373169, 'expected_rise': 0.005961933638900518, 'bucket_idx': 5, 'investment_fraction': 0.1, 'investment_amount': 9271.514689438009, 'allocated_amount': 9271.514689438009, 'exit_date': Timestamp('2017-06-07 00:00:00')}, {'ticker': 'DHR', 'sector': 'Industrial Goods', 'prob_up': 0.7853779792785645, 'predicted_prob': 0.7853779792785645, 'expected_rise': 0.004603916313499212, 'bucket_idx': 5, 'investment_fraction': 0.1, 'investment_amount': 5725.50678862724, 'allocated_amount': 5725.50678862724, 'exit_date': Timestamp('2017-06-07 00:00:00')}, {'ticker': 'V', 'sector': 'Financial', 'prob_up': 0.7428127527236938, 'predicted_prob': 0.7428127527236938, 'expected_rise': 0.005348013248294592, 'bucket_idx': 5, 'investment_fraction': 0.1, 'investment_amount': 8788.293027053665, 'allocated_amount': 8788.293027053665, 'exit_date': Timestamp('2017-06-07 00:00:00')}, {'ticker': 'AMZN', 'sector': 'Services', 'prob_up': 0.5678097009658813, 'predicted_prob': 0.5678097009658813, 'expected_rise': 0.004951059818267822, 'bucket_idx': 5, 'investment_fraction': 0.034295516647992554, 'investment_amount': 7119.734459674449, 'allocated_amount': 7119.734459674449, 'exit_date': Timestamp('2017-06-07 00:00:00')}]",5,100000.0,853,True,True,42,/mnt/primary/simulation/trained_models_multiclass_meta,12,12,0.2,0.3,200,5,60,1.0,0.0001,0.3,True,True,0.3,0.7,0.3,0.5,0.5,0.1,3,100.0,0.5,"[[0.08, 0.6], [0.15, 0.35]]",meta_emotion,nlp,0.1259823649942869,GRU,6,coral,20,128,128,2,0.3,0.3,0.0005466347365856,0.0003650001848317,64,50,10,0.0041366748730481,5,0.8,5,0.1411251559858494,0.7276744145783006,1.793808725179512,21,0.2057532757859396,0.7138661773078487,21,0.0647282490194046,4
2017-06-01,93875.79401879602,62935.50948667452,103134.28177373837,103134.28177373839,117.45189109383796,0.001140123329630871,4,MPT_ONLY,30940.28453212151,30940.284532121514,True,False,"{'SLB': 1.5455714465601652e-17, 'HRG': 0.18806935959950605, 'UN': 0.10551748661365136, 'V': 0.11656554585186142, 'CELG': 0.13761241129342047, 'UTX': 0.0, 'PCLN': 0.0, 'MSFT': 0.15223519664156077, 'EXC': 0.3}","[{'date': Timestamp('2017-05-24 00:00:00'), 'exit_date': Timestamp('2017-06-01 00:00:00'), 'ticker': 'PTR', 'sector': 'Basic Matierials', 'allocated_amount': 9250.66107234362, 'prob_up': 0.8748611807823181, 'expected_rise': 0.006184312514960766, 'actual_return': -0.027011228705248302, 'pnl': -249.87172189981104, 'exit_reason': 'scheduled'}, {'date': Timestamp('2017-05-31 00:00:00'), 'exit_date': Timestamp('2017-06-01 00:00:00'), 'ticker': 'HRG', 'sector': 'Conglomerates', 'allocated_amount': 9271.514689438009, 'prob_up': 0.8854590654373169, 'expected_rise': 0.005961933638900518, 'actual_return': 0.02846605316109918, 'pnl': 263.92343003345434, 'exit_reason': 'early_exit'}, {'date': Timestamp('2017-05-31 00:00:00'), 'exit_date': Timestamp('2017-06-01 00:00:00'), 'ticker': 'DHR', 'sector': 'Industrial Goods', 'allocated_amount': 5725.50678862724, 'prob_up': 0.7853779792785645, 'expected_rise': 0.004603916313499212, 'actual_return': 0.013656651432619293, 'pnl': 78.19125048737769, 'exit_reason': 'early_exit'}, {'date': Timestamp('2017-05-31 00:00:00'), 'exit_date': Timestamp('2017-06-01 00:00:00'), 'ticker': 'V', 'sector': 'Financial', 'allocated_amount': 8788.293027053665, 'prob_up': 0.7428127527236938, 'expected_rise': 0.005348013248294592, 'actual_return': 0.0017851411807685569, 'pnl': 15.688343791254654, 'exit_reason': 'early_exit'}, {'date': Timestamp('2017-05-31 00:00:00'), 'exit_date': Timestamp('2017-06-01 00:00:00'), 'ticker': 'AMZN', 'sector': 'Services', 'allocated_amount': 7119.734459674449, 'prob_up': 0.5678097009658813, 'expected_rise': 0.004951059818267822, 'actual_return': 0.001337211202957933, 'pnl': 9.52058868156232, 'exit_reason': 'early_exit'}]","[{'ticker': 'UN', 'sector': 'Consumer Goods', 'prob_up': 0.9602805972099304, 'predicted_prob': 0.9602805972099304, 'expected_rise': 0.005214753560721874, 'bucket_idx': 5, 'investment_fraction': 0.1, 'investment_amount': 3264.7410589406954, 'allocated_amount': 3264.7410589406954, 'exit_date': Timestamp('2017-06-08 00:00:00')}, {'ticker': 'HRG', 'sector': 'Conglomerates', 'prob_up': 0.8687846064567566, 'predicted_prob': 0.8687846064567566, 'expected_rise': 0.005792772863060236, 'bucket_idx': 5, 'investment_fraction': 0.1, 'investment_amount': 5818.919497782595, 'allocated_amount': 5818.919497782595, 'exit_date': Timestamp('2017-06-08 00:00:00')}, {'ticker': 'EXC', 'sector': 'Utilities', 'prob_up': 0.8540706038475037, 'predicted_prob': 0.8540706038475037, 'expected_rise': 0.007087319158017635, 'bucket_idx': 5, 'investment_fraction': 0.1, 'investment_amount': 9282.085359636452, 'allocated_amount': 9282.085359636452, 'exit_date': Timestamp('2017-06-08 00:00:00')}, {'ticker': 'V', 'sector': 'Financial', 'prob_up': 0.7363809943199158, 'predicted_prob': 0.7363809943199158, 'expected_rise': 0.005272748880088329, 'bucket_idx': 5, 'investment_fraction': 0.1, 'investment_amount': 3606.5711552986486, 'allocated_amount': 3606.5711552986486, 'exit_date': Timestamp('2017-06-08 00:00:00')}, {'ticker': 'CELG', 'sector': 'Healthcare', 'prob_up': 0.654259443283081, 'predicted_prob': 0.654259443283081, 'expected_rise': 0.005423169117420912, 'bucket_idx': 5, 'investment_fraction': 0.07290028928612208, 'investment_amount': 4257.767160569761, 'allocated_amount': 4257.767160569761, 'exit_date': Timestamp('2017-06-08 00:00:00')}, {'ticker': 'MSFT', 'sector': 'Technology', 'prob_up': 0.6026421189308167, 'predicted_prob': 0.6026421189308167, 'expected_rise': 0.005520890466868877, 'bucket_idx': 5, 'investment_fraction': 0.047638550950753644, 'investment_amount': 4710.200299893359, 'allocated_amount': 4710.200299893359, 'exit_date': Timestamp('2017-06-08 00:00:00')}]",5,100000.0,853,True,True,42,/mnt/primary/simulation/trained_models_multiclass_meta,12,12,0.2,0.3,200,5,60,1.0,0.0001,0.3,True,True,0.3,0.7,0.3,0.5,0.5,0.1,3,100.0,0.5,"[[0.08, 0.6], [0.15, 0.35]]",meta_emotion,nlp,0.1259823649942869,GRU,6,coral,20,128,128,2,0.3,0.3,0.0005466347365856,0.0003650001848317,64,50,10,0.0041366748730481,5,0.8,5,0.1411251559858494,0.7276744145783006,1.793808725179512,21,0.2057532757859396,0.7138661773078487,21,0.0647282490194046,4
2017-06-02,94157.32716639095,63132.58268999096,103415.81492133331,103415.81492133331,281.5331475949366,0.0027297727075130673,6,MPT_ONLY,31024.744476399992,31024.744476399992,True,False,"{'BBL': 0.0, 'HRG': 0.3, 'PM': 0.0, 'MA': 0.0, 'MRK': 0.0, 'DHR': 0.11249898977122127, 'CHTR': 0.2875010102287788, 'VZ': 0.0, 'EXC': 0.3}","[{'date': Timestamp('2017-06-01 00:00:00'), 'exit_date': Timestamp('2017-06-02 00:00:00'), 'ticker': 'UN', 'sector': 'Consumer Goods', 'allocated_amount': 3264.7410589406954, 'prob_up': 0.9602805972099304, 'expected_rise': 0.005214753560721874, 'actual_return': 0.011925657663977463, 'pnl': 38.934184230458, 'exit_reason': 'early_exit'}, {'date': Timestamp('2017-06-01 00:00:00'), 'exit_date': Timestamp('2017-06-02 00:00:00'), 'ticker': 'HRG', 'sector': 'Conglomerates', 'allocated_amount': 5818.919497782595, 'prob_up': 0.8687846064567566, 'expected_rise': 0.005792772863060236, 'actual_return': 0.00871348026652985, 'pnl': 50.70304021645442, 'exit_reason': 'early_exit'}, {'date': Timestamp('2017-06-01 00:00:00'), 'exit_date': Timestamp('2017-06-02 00:00:00'), 'ticker': 'EXC', 'sector': 'Utilities', 'allocated_amount': 9282.085359636452, 'prob_up': 0.8540706038475037, 'expected_rise': 0.007087319158017635, 'actual_return': -0.0035393955894363893, 'pnl': -32.85297198266934, 'exit_reason': 'early_exit'}, {'date': Timestamp('2017-06-01 00:00:00'), 'exit_date': Timestamp('2017-06-02 00:00:00'), 'ticker': 'V', 'sector': 'Financial', 'allocated_amount': 3606.5711552986486, 'prob_up': 0.7363809943199158, 'expected_rise': 0.005272748880088329, 'actual_return': 0.007861635055311567, 'pnl': 28.353546223971392, 'exit_reason': 'early_exit'}, {'date': Timestamp('2017-06-01 00:00:00'), 'exit_date': Timestamp('2017-06-02 00:00:00'), 'ticker': 'CELG', 'sector': 'Healthcare', 'allocated_amount': 4257.767160569761, 'prob_up': 0.654259443283081, 'expected_rise': 0.005423169117420912, 'actual_return': 0.019929550041077215, 'pnl': 84.85538368983029, 'exit_reason': 'early_exit'}, {'date': Timestamp('2017-06-01 00:00:00'), 'exit_date': Timestamp('2017-06-02 00:00:00'), 'ticker': 'MSFT', 'sector': 'Technology', 'allocated_amount': 4710.200299893359, 'prob_up': 0.6026421189308167, 'expected_rise': 0.005520890466868877, 'actual_return': 0.023680514227689464, 'pnl': 111.53996521689189, 'exit_reason': 'early_exit'}]","[{'ticker': 'EXC', 'sector': 'Utilities', 'prob_up': 0.8899233341217041, 'predicted_prob': 0.8899233341217041, 'expected_rise': 0.007705442141741514, 'bucket_idx': 5, 'investment_fraction': 0.1, 'investment_amount': 9307.423342919998, 'allocated_amount': 9307.423342919998, 'exit_date': Timestamp('2017-06-09 00:00:00')}, {'ticker': 'HRG', 'sector': 'Conglomerates', 'prob_up': 0.8500936627388, 'predicted_prob': 0.8500936627388, 'expected_rise': 0.005608632694929838, 'bucket_idx': 5, 'investment_fraction': 0.1, 'investment_amount': 9307.423342919998, 'allocated_amount': 9307.423342919998, 'exit_date': Timestamp('2017-06-09 00:00:00')}, {'ticker': 'CHTR', 'sector': 'Services', 'prob_up': 0.6759823560714722, 'predicted_prob': 0.6759823560714722, 'expected_rise': 0.0046431031078100204, 'bucket_idx': 5, 'investment_fraction': 0.08312980785478119, 'investment_amount': 8919.645379054722, 'allocated_amount': 8919.645379054722, 'exit_date': Timestamp('2017-06-09 00:00:00')}, {'ticker': 'DHR', 'sector': 'Industrial Goods', 'prob_up': 0.6540988087654114, 'predicted_prob': 0.6540988087654114, 'expected_rise': 0.0036838678643107414, 'bucket_idx': 5, 'investment_fraction': 0.06889190977717945, 'investment_amount': 3490.2524115052765, 'allocated_amount': 3490.2524115052765, 'exit_date': Timestamp('2017-06-09 00:00:00')}]",5,100000.0,853,True,True,42,/mnt/primary/simulation/trained_models_multiclass_meta,12,12,0.2,0.3,200,5,60,1.0,0.0001,0.3,True,True,0.3,0.7,0.3,0.5,0.5,0.1,3,100.0,0.5,"[[0.08, 0.6], [0.15, 0.35]]",meta_emotion,nlp,0.1259823649942869,GRU,6,coral,20,128,128,2,0.3,0.3,0.0005466347365856,0.0003650001848317,64,50,10,0.0041366748730481,5,0.8,5,0.1411251559858494,0.7276744145783006,1.793808725179512,21,0.2057532757859396,0.7138661773078487,21,0.0647282490194046,4
2017-06-05,102975.77642040837,72083.04349428586,102975.77642040837,102975.77642040835,-440.038500924938,-0.0042550406943046015,4,MPT_ONLY,30892.73292612251,30892.732926122495,True,False,"{'PTR': 0.29999999999999966, 'HRG': 0.11449483847910075, 'UN': 0.10582411205072709, 'WFC': 1.081483080097463e-16, 'MRK': 1.3462918793858322e-16, 'UTX': 1.5392852519141295e-16, 'AMZN': 0.05750068420230507, 'MSFT': 0.12218036526786717, 'EXC': 0.29999999999999977}","[{'date': Timestamp('2017-05-26 00:00:00'), 'exit_date': Timestamp('2017-06-05 00:00:00'), 'ticker': 'PTR', 'sector': 'Basic Matierials', 'allocated_amount': 9258.48775494236, 'prob_up': 0.8879215717315674, 'expected_rise': 0.006586764939129353, 'actual_return': -0.024048347949960913, 'pnl': -222.65133502130632, 'exit_reason': 'scheduled'}, {'date': Timestamp('2017-06-02 00:00:00'), 'exit_date': Timestamp('2017-06-05 00:00:00'), 'ticker': 'EXC', 'sector': 'Utilities', 'allocated_amount': 9307.423342919998, 'prob_up': 0.8899233341217041, 'expected_rise': 0.007705442141741514, 'actual_return': 0.0008197541431560484, 'pnl': 7.629798847465986, 'exit_reason': 'early_exit'}, {'date': Timestamp('2017-06-02 00:00:00'), 'exit_date': Timestamp('2017-06-05 00:00:00'), 'ticker': 'HRG', 'sector': 'Conglomerates', 'allocated_amount': 9307.423342919998, 'prob_up': 0.8500936627388, 'expected_rise': 0.005608632694929838, 'actual_return': 0.0005081808943088184, 'pnl': 4.729854718115857, 'exit_reason': 'early_exit'}, {'date': Timestamp('2017-06-02 00:00:00'), 'exit_date': Timestamp('2017-06-05 00:00:00'), 'ticker': 'CHTR', 'sector': 'Services', 'allocated_amount': 8919.645379054722, 'prob_up': 0.6759823560714722, 'expected_rise': 0.0046431031078100204, 'actual_return': -0.024360552996517293, 'pnl': -217.28749396660314, 'exit_reason': 'early_exit'}, {'date': Timestamp('2017-06-02 00:00:00'), 'exit_date': Timestamp('2017-06-05 00:00:00'), 'ticker': 'DHR', 'sector': 'Industrial Goods', 'allocated_amount': 3490.2524115052765, 'prob_up': 0.6540988087654114, 'expected_rise': 0.0036838678643107414, 'actual_return': -0.0035697491280399785, 'pnl': -12.459325502610392, 'exit_reason': 'early_exit'}]","[{'ticker': 'UN', 'sector': 'Consumer Goods', 'prob_up': 0.9625890254974365, 'predicted_prob': 0.9625890254974365, 'expected_rise': 0.005242391489446163, 'bucket_idx': 5, 'investment_fraction': 0.1, 'investment_amount': 3269.1960307271747, 'allocated_amount': 3269.1960307271747, 'exit_date': Timestamp('2017-06-12 00:00:00')}, {'ticker': 'PTR', 'sector': 'Basic Matierials', 'prob_up': 0.9404712915420532, 'predicted_prob': 0.9404712915420532, 'expected_rise': 0.008455418981611729, 'bucket_idx': 5, 'investment_fraction': 0.1, 'investment_amount': 9267.819877836742, 'allocated_amount': 9267.819877836742, 'exit_date': Timestamp('2017-06-12 00:00:00')}, {'ticker': 'EXC', 'sector': 'Utilities', 'prob_up': 0.907369077205658, 'predicted_prob': 0.907369077205658, 'expected_rise': 0.008036390878260136, 'bucket_idx': 5, 'investment_fraction': 0.1, 'investment_amount': 9267.819877836746, 'allocated_amount': 9267.819877836746, 'exit_date': Timestamp('2017-06-12 00:00:00')}, {'ticker': 'HRG', 'sector': 'Conglomerates', 'prob_up': 0.8301392197608948, 'predicted_prob': 0.8301392197608948, 'expected_rise': 0.005417917855083942, 'bucket_idx': 5, 'investment_fraction': 0.1, 'investment_amount': 3537.0584665543943, 'allocated_amount': 3537.0584665543943, 'exit_date': Timestamp('2017-06-12 00:00:00')}, {'ticker': 'MSFT', 'sector': 'Technology', 'prob_up': 0.6336964964866638, 'predicted_prob': 0.6336964964866638, 'expected_rise': 0.0054807099513709545, 'bucket_idx': 5, 'investment_fraction': 0.05957455959145572, 'investment_amount': 3774.485393036315, 'allocated_amount': 3774.485393036315, 'exit_date': Timestamp('2017-06-12 00:00:00')}, {'ticker': 'AMZN', 'sector': 'Services', 'prob_up': 0.5413269400596619, 'predicted_prob': 0.5413269400596619, 'expected_rise': 0.004555933643132448, 'bucket_idx': 5, 'investment_fraction': 0.02393101399876172, 'investment_amount': 1776.3532801311223, 'allocated_amount': 1776.3532801311223, 'exit_date': Timestamp('2017-06-12 00:00:00')}]",5,100000.0,853,True,True,42,/mnt/primary/simulation/trained_models_multiclass_meta,12,12,0.2,0.3,200,5,60,1.0,0.0001,0.3,True,True,0.3,0.7,0.3,0.5,0.5,0.1,3,100.0,0.5,"[[0.08, 0.6], [0.15, 0.35]]",meta_emotion,nlp,0.1259823649942869,GRU,6,coral,20,128,128,2,0.3,0.3,0.0005466347365856,0.0003650001848317,64,50,10,0.0041366748730481,5,0.8,5,0.1411251559858494,0.7276744145783006,1.793808725179512,21,0.2057532757859396,0.7138661773078487,21,0.0647282490194046,4
2017-06-06,93670.62281737843,62789.09000881389,102938.44269521517,102938.44269521517,-37.33372519316794,-0.00036254861571294317,5,MPT_ONLY,30881.53280856455,30881.53280856455,True,False,"{'PTR': 0.2999999999999999, 'HRG': 0.17997904726643843, 'PM': 0.0, 'MA': 0.0, 'MRK': 6.606195130205179e-17, 'UTX': 4.7000799186738336e-17, 'CHTR': 0.0, 'MSFT': 0.22002095273356198, 'EXC': 0.29999999999999966}","[{'date': Timestamp('2017-06-05 00:00:00'), 'exit_date': Timestamp('2017-06-06 00:00:00'), 'ticker': 'UN', 'sector': 'Consumer Goods', 'allocated_amount': 3269.1960307271747, 'prob_up': 0.9625890254974365, 'expected_rise': 0.005242391489446163, 'actual_return': -0.0027777605131166228, 'pnl': -9.081043643791544, 'exit_reason': 'early_exit'}, {'date': Timestamp('2017-06-05 00:00:00'), 'exit_date': Timestamp('2017-06-06 00:00:00'), 'ticker': 'EXC', 'sector': 'Utilities', 'allocated_amount': 9267.819877836746, 'prob_up': 0.907369077205658, 'expected_rise': 0.008036390878260136, 'actual_return': 0.0016379469932310542, 'pnl': 15.180197702709695, 'exit_reason': 'early_exit'}, {'date': Timestamp('2017-06-05 00:00:00'), 'exit_date': Timestamp('2017-06-06 00:00:00'), 'ticker': 'HRG', 'sector': 'Conglomerates', 'allocated_amount': 3537.0584665543943, 'prob_up': 0.8301392197608948, 'expected_rise': 0.005417917855083942, 'actual_return': -0.011681157354943683, 'pnl': -41.31693652145769, 'exit_reason': 'early_exit'}, {'date': Timestamp('2017-06-05 00:00:00'), 'exit_date': Timestamp('2017-06-06 00:00:00'), 'ticker': 'MSFT', 'sector': 'Technology', 'allocated_amount': 3774.485393036315, 'prob_up': 0.6336964964866638, 'expected_rise': 0.0054807099513709545, 'actual_return': 0.0033203929623739636, 'pnl': 12.532774735621105, 'exit_reason': 'early_exit'}, {'date': Timestamp('2017-06-05 00:00:00'), 'exit_date': Timestamp('2017-06-06 00:00:00'), 'ticker': 'AMZN', 'sector': 'Services', 'allocated_amount': 1776.3532801311223, 'prob_up': 0.5413269400596619, 'expected_rise': 0.004555933643132448, 'actual_return': -0.008246511338762641, 'pnl': -14.64871746624951, 'exit_reason': 'early_exit'}]","[{'ticker': 'PTR', 'sector': 'Basic Matierials', 'prob_up': 0.9478449821472168, 'predicted_prob': 0.9478449821472168, 'expected_rise': 0.008759175427258015, 'bucket_idx': 5, 'investment_fraction': 0.1, 'investment_amount': 9264.45984256936, 'allocated_amount': 9264.45984256936, 'exit_date': Timestamp('2017-06-13 00:00:00')}, {'ticker': 'EXC', 'sector': 'Utilities', 'prob_up': 0.9134764075279236, 'predicted_prob': 0.9134764075279236, 'expected_rise': 0.008157680742442608, 'bucket_idx': 5, 'investment_fraction': 0.1, 'investment_amount': 9264.459842569355, 'allocated_amount': 9264.459842569355, 'exit_date': Timestamp('2017-06-13 00:00:00')}, {'ticker': 'HRG', 'sector': 'Conglomerates', 'prob_up': 0.8121785521507263, 'predicted_prob': 0.8121785521507263, 'expected_rise': 0.005251018330454826, 'bucket_idx': 5, 'investment_fraction': 0.1, 'investment_amount': 5558.028853012708, 'allocated_amount': 5558.028853012708, 'exit_date': Timestamp('2017-06-13 00:00:00')}, {'ticker': 'MSFT', 'sector': 'Technology', 'prob_up': 0.665867269039154, 'predicted_prob': 0.665867269039154, 'expected_rise': 0.005409368313848972, 'bucket_idx': 5, 'investment_fraction': 0.07196389953314032, 'investment_amount': 6794.584270413124, 'allocated_amount': 6794.584270413124, 'exit_date': Timestamp('2017-06-13 00:00:00')}]",5,100000.0,853,True,True,42,/mnt/primary/simulation/trained_models_multiclass_meta,12,12,0.2,0.3,200,5,60,1.0,0.0001,0.3,True,True,0.3,0.7,0.3,0.5,0.5,0.1,3,100.0,0.5,"[[0.08, 0.6], [0.15, 0.35]]",meta_emotion,nlp,0.1259823649942869,GRU,6,coral,20,128,128,2,0.3,0.3,0.0005466347365856,0.0003650001848317,64,50,10,0.0041366748730481,5,0.8,5,0.1411251559858494,0.7276744145783006,1.793808725179512,21,0.2057532757859396,0.7138661773078487,21,0.0647282490194046,4
2017-06-07,84388.0640576393,53511.9609242257,102920.34377804541,102920.34377804541,-18.098917169773447,-0.0001758227217730779,3,MPT_ONLY,30876.10313341362,30876.10313341361,True,False,"{'SLB': 0.0, 'HRG': 0.18203033383910938, 'UN': 0.21796966616089042, 'V': 0.29999999999999993, 'MRK': 4.088123100968177e-17, 'CAT': 4.7697493035592895e-17, 'PCLN': 1.4224732503009818e-16, 'VZ': 1.2168752414892194e-16, 'EXC': 0.29999999999999993}","[{'date': Timestamp('2017-06-06 00:00:00'), 'exit_date': Timestamp('2017-06-07 00:00:00'), 'ticker': 'EXC', 'sector': 'Utilities', 'allocated_amount': 9264.459842569355, 'prob_up': 0.9134764075279236, 'expected_rise': 0.008157680742442608, 'actual_return': -0.0021803761837115854, 'pnl': -20.200007595690604, 'exit_reason': 'early_exit'}, {'date': Timestamp('2017-06-06 00:00:00'), 'exit_date': Timestamp('2017-06-07 00:00:00'), 'ticker': 'HRG', 'sector': 'Conglomerates', 'allocated_amount': 5558.028853012708, 'prob_up': 0.8121785521507263, 'expected_rise': 0.005251018330454826, 'actual_return': 0.002569424592467895, 'pnl': 14.280936020576979, 'exit_reason': 'early_exit'}, {'date': Timestamp('2017-06-06 00:00:00'), 'exit_date': Timestamp('2017-06-07 00:00:00'), 'ticker': 'MSFT', 'sector': 'Technology', 'allocated_amount': 6794.584270413124, 'prob_up': 0.665867269039154, 'expected_rise': 0.005409368313848972, 'actual_return': -0.0017925814310224553, 'pnl': -12.179845594659822, 'exit_reason': 'early_exit'}]","[{'ticker': 'UN', 'sector': 'Consumer Goods', 'prob_up': 0.9661523103713989, 'predicted_prob': 0.9661523103713989, 'expected_rise': 0.005285387858748436, 'bucket_idx': 5, 'investment_fraction': 0.1, 'investment_amount': 6730.05389233939, 'allocated_amount': 6730.05389233939, 'exit_date': Timestamp('2017-06-14 00:00:00')}, {'ticker': 'EXC', 'sector': 'Utilities', 'prob_up': 0.9106602668762207, 'predicted_prob': 0.9106602668762207, 'expected_rise': 0.008101384155452251, 'bucket_idx': 5, 'investment_fraction': 0.1, 'investment_amount': 9262.830940024083, 'allocated_amount': 9262.830940024083, 'exit_date': Timestamp('2017-06-14 00:00:00')}, {'ticker': 'V', 'sector': 'Financial', 'prob_up': 0.8527172207832336, 'predicted_prob': 0.8527172207832336, 'expected_rise': 0.00678471801802516, 'bucket_idx': 5, 'investment_fraction': 0.1, 'investment_amount': 9262.830940024083, 'allocated_amount': 9262.830940024083, 'exit_date': Timestamp('2017-06-14 00:00:00')}, {'ticker': 'HRG', 'sector': 'Conglomerates', 'prob_up': 0.7980861663818359, 'predicted_prob': 0.7980861663818359, 'expected_rise': 0.005122974514961243, 'bucket_idx': 5, 'investment_fraction': 0.1, 'investment_amount': 5620.3873610260525, 'allocated_amount': 5620.3873610260525, 'exit_date': Timestamp('2017-06-14 00:00:00')}]",5,100000.0,853,True,True,42,/mnt/primary/simulation/trained_models_multiclass_meta,12,12,0.2,0.3,200,5,60,1.0,0.0001,0.3,True,True,0.3,0.7,0.3,0.5,0.5,0.1,3,100.0,0.5,"[[0.08, 0.6], [0.15, 0.35]]",meta_emotion,nlp,0.1259823649942869,GRU,6,coral,20,128,128,2,0.3,0.3,0.0005466347365856,0.0003650001848317,64,50,10,0.0041366748730481,5,0.8,5,0.1411251559858494,0.7276744145783006,1.793808725179512,21,0.2057532757859396,0.7138661773078487,21,0.0647282490194046,4
2017-06-08,84177.0180015899,53364.2286849911,102709.297721996,102709.297721996,-211.04605604940957,-0.002050576672232518,4,MPT_ONLY,30812.7893165988,30812.7893165988,True,False,"{'PTR': 0.3000000000000001, 'HRG': 0.3000000000000001, 'PM': 4.733273926909569e-17, 'MA': 0.0, 'MRK': 0.0, 'GE': 0.0, 'UPS': 0.0, 'VZ': 0.09999999999999967, 'EXC': 0.3000000000000001}","[{'date': Timestamp('2017-06-07 00:00:00'), 'exit_date': Timestamp('2017-06-08 00:00:00'), 'ticker': 'UN', 'sector': 'Consumer Goods', 'allocated_amount': 6730.05389233939, 'prob_up': 0.9661523103713989, 'expected_rise': 0.005285387858748436, 'actual_return': -0.015331044761984436, 'pnl': -103.17875747402276, 'exit_reason': 'early_exit'}, {'date': Timestamp('2017-06-07 00:00:00'), 'exit_date': Timestamp('2017-06-08 00:00:00'), 'ticker': 'EXC', 'sector': 'Utilities', 'allocated_amount': 9262.830940024083, 'prob_up': 0.9106602668762207, 'expected_rise': 0.008101384155452251, 'actual_return': -0.005736110195681099, 'pnl': -53.13261899594248, 'exit_reason': 'early_exit'}, {'date': Timestamp('2017-06-07 00:00:00'), 'exit_date': Timestamp('2017-06-08 00:00:00'), 'ticker': 'V', 'sector': 'Financial', 'allocated_amount': 9262.830940024083, 'prob_up': 0.8527172207832336, 'expected_rise': 0.00678471801802516, 'actual_return': 0.0, 'pnl': 0.0, 'exit_reason': 'early_exit'}, {'date': Timestamp('2017-06-07 00:00:00'), 'exit_date': Timestamp('2017-06-08 00:00:00'), 'ticker': 'HRG', 'sector': 'Conglomerates', 'allocated_amount': 5620.3873610260525, 'prob_up': 0.7980861663818359, 'expected_rise': 0.005122974514961243, 'actual_return': -0.009738595592004184, 'pnl': -54.73467957944435, 'exit_reason': 'early_exit'}]","[{'ticker': 'PTR', 'sector': 'Basic Matierials', 'prob_up': 0.9642605781555176, 'predicted_prob': 0.9642605781555176, 'expected_rise': 0.00948422122746706, 'bucket_idx': 5, 'investment_fraction': 0.1, 'investment_amount': 9243.836794979643, 'allocated_amount': 9243.836794979643, 'exit_date': Timestamp('2017-06-15 00:00:00')}, {'ticker': 'EXC', 'sector': 'Utilities', 'prob_up': 0.9008773565292358, 'predicted_prob': 0.9008773565292358, 'expected_rise': 0.007910647429525852, 'bucket_idx': 5, 'investment_fraction': 0.1, 'investment_amount': 9243.836794979643, 'allocated_amount': 9243.836794979643, 'exit_date': Timestamp('2017-06-15 00:00:00')}, {'ticker': 'VZ', 'sector': 'Technology', 'prob_up': 0.8563098907470703, 'predicted_prob': 0.8563098907470703, 'expected_rise': 0.003871222259476781, 'bucket_idx': 5, 'investment_fraction': 0.1, 'investment_amount': 3081.2789316598696, 'allocated_amount': 3081.2789316598696, 'exit_date': Timestamp('2017-06-15 00:00:00')}, {'ticker': 'HRG', 'sector': 'Conglomerates', 'prob_up': 0.7876567840576172, 'predicted_prob': 0.7876567840576172, 'expected_rise': 0.005029755644500256, 'bucket_idx': 5, 'investment_fraction': 0.1, 'investment_amount': 9243.836794979643, 'allocated_amount': 9243.836794979643, 'exit_date': Timestamp('2017-06-15 00:00:00')}]",5,100000.0,853,True,True,42,/mnt/primary/simulation/trained_models_multiclass_meta,12,12,0.2,0.3,200,5,60,1.0,0.0001,0.3,True,True,0.3,0.7,0.3,0.5,0.5,0.1,3,100.0,0.5,"[[0.08, 0.6], [0.15, 0.35]]",meta_emotion,nlp,0.1259823649942869,GRU,6,coral,20,128,128,2,0.3,0.3,0.0005466347365856,0.0003650001848317,64,50,10,0.0041366748730481,5,0.8,5,0.1411251559858494,0.7276744145783006,1.793808725179512,21,0.2057532757859396,0.7138661773078487,21,0.0647282490194046,4
2017-06-09,71725.95673640544,50183.45277788073,102583.35218345105,102583.35218345106,-125.94553854495263,-0.0012262330805322685,2,MPT_ONLY,30775.00565503531,21542.503958524714,True,False,"{'PTR': 0.3, 'HRG': 0.030778134709974328, 'UN': 0.06922186529002561, 'V': 0.3, 'MRK': 0.0, 'CAT': 0.0, 'AMZN': 0.0, 'VZ': 0.0, 'EXC': 0.3}","[{'date': Timestamp('2017-06-08 00:00:00'), 'exit_date': Timestamp('2017-06-09 00:00:00'), 'ticker': 'EXC', 'sector': 'Utilities', 'allocated_amount': 9243.836794979643, 'prob_up': 0.9008773565292358, 'expected_rise': 0.007910647429525852, 'actual_return': 0.006043873294292679, 'pnl': 55.86857834197749, 'exit_reason': 'early_exit'}, {'date': Timestamp('2017-06-08 00:00:00'), 'exit_date': Timestamp('2017-06-09 00:00:00'), 'ticker': 'HRG', 'sector': 'Conglomerates', 'allocated_amount': 9243.836794979643, 'prob_up': 0.7876567840576172, 'expected_rise': 0.005029755644500256, 'actual_return': -0.019668685300207156, 'pnl': -181.81411688693012, 'exit_reason': 'early_exit'}]","[{'ticker': 'UN', 'sector': 'Consumer Goods', 'prob_up': 0.9683858752250671, 'predicted_prob': 0.9683858752250671, 'expected_rise': 0.00531254755333066, 'bucket_idx': 5, 'investment_fraction': 0.1, 'investment_amount': 2130.3032957526307, 'allocated_amount': 2130.3032957526307, 'exit_date': Timestamp('2017-06-16 00:00:00')}, {'ticker': 'V', 'sector': 'Financial', 'prob_up': 0.9161083102226257, 'predicted_prob': 0.9161083102226257, 'expected_rise': 0.007789683062583208, 'bucket_idx': 5, 'investment_fraction': 0.1, 'investment_amount': 9232.501696510593, 'allocated_amount': 9232.501696510593, 'exit_date': Timestamp('2017-06-16 00:00:00')}, {'ticker': 'EXC', 'sector': 'Utilities', 'prob_up': 0.8862001299858093, 'predicted_prob': 0.8862001299858093, 'expected_rise': 0.007637581788003445, 'bucket_idx': 5, 'investment_fraction': 0.1, 'investment_amount': 9232.501696510593, 'allocated_amount': 9232.501696510593, 'exit_date': Timestamp('2017-06-16 00:00:00')}, {'ticker': 'HRG', 'sector': 'Conglomerates', 'prob_up': 0.7811070084571838, 'predicted_prob': 0.7811070084571838, 'expected_rise': 0.004971847869455814, 'bucket_idx': 5, 'investment_fraction': 0.1, 'investment_amount': 947.1972697508985, 'allocated_amount': 947.1972697508985, 'exit_date': Timestamp('2017-06-16 00:00:00')}]",5,100000.0,853,True,True,42,/mnt/primary/simulation/trained_models_multiclass_meta,12,12,0.2,0.3,200,5,60,1.0,0.0001,0.3,True,True,0.3,0.7,0.3,0.5,0.5,0.1,3,100.0,0.5,"[[0.08, 0.6], [0.15, 0.35]]",meta_emotion,nlp,0.1259823649942869,GRU,6,coral,20,128,128,2,0.3,0.3,0.0005466347365856,0.0003650001848317,64,50,10,0.0041366748730481,5,0.8,5,0.1411251559858494,0.7276744145783006,1.793808725179512,21,0.2057532757859396,0.7138661773078487,21,0.0647282490194046,4
2017-06-12,80568.52236551647,49921.09298509889,102158.09793472535,102158.09793472535,-425.25424872572273,-0.004145450891146818,4,MPT_ONLY,30647.4293804176,30647.429380417576,True,False,"{'SLB': 3.298441859155091e-16, 'HRG': 0.2500310207644029, 'UN': 0.29999999999999977, 'MA': 3.1046764111852837e-16, 'MRK': 6.787456947316799e-18, 'UTX': 1.3455850198817638e-16, 'PCLN': 5.117434254131581e-17, 'VZ': 0.14996897923559704, 'EXC': 0.29999999999999943}","[{'date': Timestamp('2017-06-05 00:00:00'), 'exit_date': Timestamp('2017-06-12 00:00:00'), 'ticker': 'PTR', 'sector': 'Basic Matierials', 'allocated_amount': 9267.819877836742, 'prob_up': 0.9404712915420532, 'expected_rise': 0.008455418981611729, 'actual_return': -0.028571427707591024, 'pnl': -264.79484564658753, 'exit_reason': 'scheduled'}, {'date': Timestamp('2017-06-09 00:00:00'), 'exit_date': Timestamp('2017-06-12 00:00:00'), 'ticker': 'UN', 'sector': 'Consumer Goods', 'allocated_amount': 2130.3032957526307, 'prob_up': 0.9683858752250671, 'expected_rise': 0.00531254755333066, 'actual_return': -0.011580277719930976, 'pnl': -24.669503792499718, 'exit_reason': 'early_exit'}, {'date': Timestamp('2017-06-09 00:00:00'), 'exit_date': Timestamp('2017-06-12 00:00:00'), 'ticker': 'V', 'sector': 'Financial', 'allocated_amount': 9232.501696510593, 'prob_up': 0.9161083102226257, 'expected_rise': 0.007789683062583208, 'actual_return': -0.011209792961289988, 'pnl': -103.49443253264232, 'exit_reason': 'early_exit'}, {'date': Timestamp('2017-06-09 00:00:00'), 'exit_date': Timestamp('2017-06-12 00:00:00'), 'ticker': 'EXC', 'sector': 'Utilities', 'allocated_amount': 9232.501696510593, 'prob_up': 0.8862001299858093, 'expected_rise': 0.007637581788003445, 'actual_return': -0.0038230203119340445, 'pnl': -35.29604151572552, 'exit_reason': 'early_exit'}, {'date': Timestamp('2017-06-09 00:00:00'), 'exit_date': Timestamp('2017-06-12 00:00:00'), 'ticker': 'HRG', 'sector': 'Conglomerates', 'allocated_amount': 947.1972697508985, 'prob_up': 0.7811070084571838, 'expected_rise': 0.004971847869455814, 'actual_return': 0.003167845661676605, 'pnl': 3.0005747617323086, 'exit_reason': 'early_exit'}]","[{'ticker': 'UN', 'sector': 'Consumer Goods', 'prob_up': 0.9691397547721863, 'predicted_prob': 0.9691397547721863, 'expected_rise': 0.005321750417351723, 'bucket_idx': 5, 'investment_fraction': 0.1, 'investment_amount': 9194.228814125274, 'allocated_amount': 9194.228814125274, 'exit_date': Timestamp('2017-06-19 00:00:00')}, {'ticker': 'VZ', 'sector': 'Technology', 'prob_up': 0.8735153079032898, 'predicted_prob': 0.8735153079032898, 'expected_rise': 0.0041475435718894005, 'bucket_idx': 5, 'investment_fraction': 0.1, 'investment_amount': 4596.163700376274, 'allocated_amount': 4596.163700376274, 'exit_date': Timestamp('2017-06-19 00:00:00')}, {'ticker': 'EXC', 'sector': 'Utilities', 'prob_up': 0.8672570586204529, 'predicted_prob': 0.8672570586204529, 'expected_rise': 0.007305927108973265, 'bucket_idx': 5, 'investment_fraction': 0.1, 'investment_amount': 9194.228814125263, 'allocated_amount': 9194.228814125263, 'exit_date': Timestamp('2017-06-19 00:00:00')}, {'ticker': 'HRG', 'sector': 'Conglomerates', 'prob_up': 0.777376115322113, 'predicted_prob': 0.777376115322113, 'expected_rise': 0.004939076490700245, 'bucket_idx': 5, 'investment_fraction': 0.1, 'investment_amount': 7662.808051790766, 'allocated_amount': 7662.808051790766, 'exit_date': Timestamp('2017-06-19 00:00:00')}]",5,100000.0,853,True,True,42,/mnt/primary/simulation/trained_models_multiclass_meta,12,12,0.2,0.3,200,5,60,1.0,0.0001,0.3,True,True,0.3,0.7,0.3,0.5,0.5,0.1,3,100.0,0.5,"[[0.08, 0.6], [0.15, 0.35]]",meta_emotion,nlp,0.1259823649942869,GRU,6,coral,20,128,128,2,0.3,0.3,0.0005466347365856,0.0003650001848317,64,50,10,0.0041366748730481,5,0.8,5,0.1411251559858494,0.7276744145783006,1.793808725179512,21,0.2057532757859396,0.7138661773078487,21,0.0647282490194046,4
2017-06-13,85010.95997263289,54431.288152738285,101932.23939964868,101932.23939964868,-225.85853507666428,-0.002210872555800547,3,MPT_ONLY,30579.671819894604,30579.671819894604,True,False,"{'PTR': 0.30000000000000004, 'HRG': 0.10000000000000013, 'AAPL': 0.0, 'BCH': 0.0, 'CELG': 0.29999999999999993, 'CAT': 2.2450626077323095e-17, 'PCLN': 8.267775318102162e-17, 'CSCO': 0.2999999999999998, 'PPL': 6.591221750187574e-17}","[{'date': Timestamp('2017-06-06 00:00:00'), 'exit_date': Timestamp('2017-06-13 00:00:00'), 'ticker': 'PTR', 'sector': 'Basic Matierials', 'allocated_amount': 9264.45984256936, 'prob_up': 0.9478449821472168, 'expected_rise': 0.008759175427258015, 'actual_return': -0.022675736275865832, 'pnl': -210.0784481284523, 'exit_reason': 'scheduled'}, {'date': Timestamp('2017-06-12 00:00:00'), 'exit_date': Timestamp('2017-06-13 00:00:00'), 'ticker': 'UN', 'sector': 'Consumer Goods', 'allocated_amount': 9194.228814125274, 'prob_up': 0.9691397547721863, 'expected_rise': 0.005321750417351723, 'actual_return': -0.0014419250180244259, 'pnl': -13.257388548528281, 'exit_reason': 'early_exit'}, {'date': Timestamp('2017-06-12 00:00:00'), 'exit_date': Timestamp('2017-06-13 00:00:00'), 'ticker': 'EXC', 'sector': 'Utilities', 'allocated_amount': 9194.228814125263, 'prob_up': 0.8672570586204529, 'expected_rise': 0.007305927108973265, 'actual_return': 0.001918832236842194, 'pnl': 17.64218264144693, 'exit_reason': 'early_exit'}, {'date': Timestamp('2017-06-12 00:00:00'), 'exit_date': Timestamp('2017-06-13 00:00:00'), 'ticker': 'HRG', 'sector': 'Conglomerates', 'allocated_amount': 7662.808051790766, 'prob_up': 0.777376115322113, 'expected_rise': 0.004939076490700245, 'actual_return': -0.0026315263157894453, 'pnl': -20.164881041130652, 'exit_reason': 'early_exit'}]","[{'ticker': 'PTR', 'sector': 'Basic Matierials', 'prob_up': 0.9788615107536316, 'predicted_prob': 0.9788615107536316, 'expected_rise': 0.01019553653895855, 'bucket_idx': 5, 'investment_fraction': 0.1, 'investment_amount': 9173.901545968383, 'allocated_amount': 9173.901545968383, 'exit_date': Timestamp('2017-06-20 00:00:00')}, {'ticker': 'CSCO', 'sector': 'Technology', 'prob_up': 0.8506628274917603, 'predicted_prob': 0.8506628274917603, 'expected_rise': 0.006978403776884079, 'bucket_idx': 5, 'investment_fraction': 0.1, 'investment_amount': 9173.901545968376, 'allocated_amount': 9173.901545968376, 'exit_date': Timestamp('2017-06-20 00:00:00')}, {'ticker': 'HRG', 'sector': 'Conglomerates', 'prob_up': 0.7768394351005554, 'predicted_prob': 0.7768394351005554, 'expected_rise': 0.004934373311698437, 'bucket_idx': 5, 'investment_fraction': 0.1, 'investment_amount': 3057.9671819894643, 'allocated_amount': 3057.9671819894643, 'exit_date': Timestamp('2017-06-20 00:00:00')}, {'ticker': 'CELG', 'sector': 'Healthcare', 'prob_up': 0.7455798387527466, 'predicted_prob': 0.7455798387527466, 'expected_rise': 0.006457781884819269, 'bucket_idx': 5, 'investment_fraction': 0.1, 'investment_amount': 9173.90154596838, 'allocated_amount': 9173.90154596838, 'exit_date': Timestamp('2017-06-20 00:00:00')}]",5,100000.0,853,True,True,42,/mnt/primary/simulation/trained_models_multiclass_meta,12,12,0.2,0.3,200,5,60,1.0,0.0001,0.3,True,True,0.3,0.7,0.3,0.5,0.5,0.1,3,100.0,0.5,"[[0.08, 0.6], [0.15, 0.35]]",meta_emotion,nlp,0.1259823649942869,GRU,6,coral,20,128,128,2,0.3,0.3,0.0005466347365856,0.0003650001848317,64,50,10,0.0041366748730481,5,0.8,5,0.1411251559858494,0.7276744145783006,1.793808725179512,21,0.2057532757859396,0.7138661773078487,21,0.0647282490194046,4
2017-06-14,75902.4975968244,45303.19402588183,101997.67856980857,101997.67856980856,65.43917015989265,0.0006419869763021335,3,MPT_ONLY,30599.30357094257,30599.303570942568,True,False,"{'SLB': 0.0, 'HRG': 0.2999999999999998, 'UL': 0.0, 'MA': 0.0, 'CELG': 0.29999999999999993, 'GD': 0.0, 'AMZN': 0.03026107454293301, 'VZ': 0.06973892545706727, 'EXC': 0.29999999999999993}","[{'date': Timestamp('2017-06-13 00:00:00'), 'exit_date': Timestamp('2017-06-14 00:00:00'), 'ticker': 'CSCO', 'sector': 'Technology', 'allocated_amount': 9173.901545968376, 'prob_up': 0.8506628274917603, 'expected_rise': 0.006978403776884079, 'actual_return': -0.0031546055787190497, 'pnl': -28.940040995531152, 'exit_reason': 'early_exit'}, {'date': Timestamp('2017-06-13 00:00:00'), 'exit_date': Timestamp('2017-06-14 00:00:00'), 'ticker': 'HRG', 'sector': 'Conglomerates', 'allocated_amount': 3057.9671819894643, 'prob_up': 0.7768394351005554, 'expected_rise': 0.004934373311698437, 'actual_return': -0.004749340118768375, 'pnl': -14.523326219299635, 'exit_reason': 'early_exit'}, {'date': Timestamp('2017-06-13 00:00:00'), 'exit_date': Timestamp('2017-06-14 00:00:00'), 'ticker': 'CELG', 'sector': 'Healthcare', 'allocated_amount': 9173.90154596838, 'prob_up': 0.7455798387527466, 'expected_rise': 0.006457781884819269, 'actual_return': 0.011870907577221868, 'pnl': 108.90253737472344, 'exit_reason': 'early_exit'}]","[{'ticker': 'VZ', 'sector': 'Technology', 'prob_up': 0.8749669194221497, 'predicted_prob': 0.8749669194221497, 'expected_rise': 0.004171642474830151, 'bucket_idx': 5, 'investment_fraction': 0.1, 'investment_amount': 2133.962550772136, 'allocated_amount': 2133.962550772136, 'exit_date': Timestamp('2017-06-21 00:00:00')}, {'ticker': 'EXC', 'sector': 'Utilities', 'prob_up': 0.8068665266036987, 'predicted_prob': 0.8068665266036987, 'expected_rise': 0.006372672040015459, 'bucket_idx': 5, 'investment_fraction': 0.1, 'investment_amount': 9179.791071282769, 'allocated_amount': 9179.791071282769, 'exit_date': Timestamp('2017-06-21 00:00:00')}, {'ticker': 'HRG', 'sector': 'Conglomerates', 'prob_up': 0.7803112864494324, 'predicted_prob': 0.7803112864494324, 'expected_rise': 0.00496484711766243, 'bucket_idx': 5, 'investment_fraction': 0.1, 'investment_amount': 9179.791071282765, 'allocated_amount': 9179.791071282765, 'exit_date': Timestamp('2017-06-21 00:00:00')}, {'ticker': 'CELG', 'sector': 'Healthcare', 'prob_up': 0.7717825770378113, 'predicted_prob': 0.7717825770378113, 'expected_rise': 0.006719714030623436, 'bucket_idx': 5, 'investment_fraction': 0.1, 'investment_amount': 9179.791071282769, 'allocated_amount': 9179.791071282769, 'exit_date': Timestamp('2017-06-21 00:00:00')}, {'ticker': 'AMZN', 'sector': 'Services', 'prob_up': 0.508769154548645, 'predicted_prob': 0.508769154548645, 'expected_rise': 0.0040681022219359875, 'bucket_idx': 5, 'investment_fraction': 0.010939806344687853, 'investment_amount': 925.9678063221294, 'allocated_amount': 925.967806322129, 'exit_date': Timestamp('2017-06-21 00:00:00')}]",5,100000.0,853,True,True,42,/mnt/primary/simulation/trained_models_multiclass_meta,12,12,0.2,0.3,200,5,60,1.0,0.0001,0.3,True,True,0.3,0.7,0.3,0.5,0.5,0.1,3,100.0,0.5,"[[0.08, 0.6], [0.15, 0.35]]",meta_emotion,nlp,0.1259823649942869,GRU,6,coral,20,128,128,2,0.3,0.3,0.0005466347365856,0.0003650001848317,64,50,10,0.0041366748730481,5,0.8,5,0.1411251559858494,0.7276744145783006,1.793808725179512,21,0.2057532757859396,0.7138661773078487,21,0.0647282490194046,4
2017-06-15,85882.24158238618,55346.3607685353,101786.26937950298,101786.26937950298,-211.40919030559775,-0.0020726862931580436,4,MPT_ONLY,30535.88081385089,30535.880813850883,True,False,"{'SLB': 1.5781183057723944e-16, 'HRG': 0.16058568444200394, 'UN': 0.23941431555799597, 'BCH': 5.317322586087947e-17, 'CELG': 0.29999999999999993, 'GE': 0.0, 'PCLN': 1.0668156310538403e-17, 'VZ': 0.0, 'EXC': 0.29999999999999993}","[{'date': Timestamp('2017-06-08 00:00:00'), 'exit_date': Timestamp('2017-06-15 00:00:00'), 'ticker': 'PTR', 'sector': 'Basic Matierials', 'allocated_amount': 9243.836794979643, 'prob_up': 0.9642605781555176, 'expected_rise': 0.00948422122746706, 'actual_return': -0.030112077438136597, 'pnl': -278.3511293959234, 'exit_reason': 'scheduled'}, {'date': Timestamp('2017-06-08 00:00:00'), 'exit_date': Timestamp('2017-06-15 00:00:00'), 'ticker': 'VZ', 'sector': 'Technology', 'allocated_amount': 3081.2789316598696, 'prob_up': 0.8563098907470703, 'expected_rise': 0.003871222259476781, 'actual_return': 0.009742368688945069, 'pnl': 30.018955385709226, 'exit_reason': 'scheduled'}, {'date': Timestamp('2017-06-14 00:00:00'), 'exit_date': Timestamp('2017-06-15 00:00:00'), 'ticker': 'EXC', 'sector': 'Utilities', 'allocated_amount': 9179.791071282769, 'prob_up': 0.8068665266036987, 'expected_rise': 0.006372672040015459, 'actual_return': 0.0035432271339119747, 'pnl': 32.52608480741198, 'exit_reason': 'early_exit'}, {'date': Timestamp('2017-06-14 00:00:00'), 'exit_date': Timestamp('2017-06-15 00:00:00'), 'ticker': 'HRG', 'sector': 'Conglomerates', 'allocated_amount': 9179.791071282765, 'prob_up': 0.7803112864494324, 'expected_rise': 0.00496484711766243, 'actual_return': 0.005302120609643524, 'pnl': 48.672359431269946, 'exit_reason': 'early_exit'}, {'date': Timestamp('2017-06-14 00:00:00'), 'exit_date': Timestamp('2017-06-15 00:00:00'), 'ticker': 'CELG', 'sector': 'Healthcare', 'allocated_amount': 9179.791071282769, 'prob_up': 0.7717825770378113, 'expected_rise': 0.006719714030623436, 'actual_return': -0.003552544584000894, 'pnl': -32.61161705254536, 'exit_reason': 'early_exit'}, {'date': Timestamp('2017-06-14 00:00:00'), 'exit_date': Timestamp('2017-06-15 00:00:00'), 'ticker': 'AMZN', 'sector': 'Services', 'allocated_amount': 925.967806322129, 'prob_up': 0.508769154548645, 'expected_rise': 0.0040681022219359875, 'actual_return': -0.01259638121529083, 'pnl': -11.663843481520123, 'exit_reason': 'early_exit'}]","[{'ticker': 'UN', 'sector': 'Consumer Goods', 'prob_up': 0.9726547002792358, 'predicted_prob': 0.9726547002792358, 'expected_rise': 0.005364914424717426, 'bucket_idx': 5, 'investment_fraction': 0.1, 'investment_amount': 7310.727005008652, 'allocated_amount': 7310.727005008652, 'exit_date': Timestamp('2017-06-22 00:00:00')}, {'ticker': 'CELG', 'sector': 'Healthcare', 'prob_up': 0.8082009553909302, 'predicted_prob': 0.8082009553909302, 'expected_rise': 0.0070564341731369495, 'bucket_idx': 5, 'investment_fraction': 0.1, 'investment_amount': 9160.764244155265, 'allocated_amount': 9160.764244155265, 'exit_date': Timestamp('2017-06-22 00:00:00')}, {'ticker': 'HRG', 'sector': 'Conglomerates', 'prob_up': 0.7871381044387817, 'predicted_prob': 0.7871381044387817, 'expected_rise': 0.005025152582675219, 'bucket_idx': 5, 'investment_fraction': 0.1, 'investment_amount': 4903.625320531702, 'allocated_amount': 4903.625320531702, 'exit_date': Timestamp('2017-06-22 00:00:00')}, {'ticker': 'EXC', 'sector': 'Utilities', 'prob_up': 0.7597281336784363, 'predicted_prob': 0.7597281336784363, 'expected_rise': 0.005740538239479065, 'bucket_idx': 5, 'investment_fraction': 0.1, 'investment_amount': 9160.764244155265, 'allocated_amount': 9160.764244155265, 'exit_date': Timestamp('2017-06-22 00:00:00')}]",5,100000.0,853,True,True,42,/mnt/primary/simulation/trained_models_multiclass_meta,12,12,0.2,0.3,200,5,60,1.0,0.0001,0.3,True,True,0.3,0.7,0.3,0.5,0.5,0.1,3,100.0,0.5,"[[0.08, 0.6], [0.15, 0.35]]",meta_emotion,nlp,0.1259823649942869,GRU,6,coral,20,128,128,2,0.3,0.3,0.0005466347365856,0.0003650001848317,64,50,10,0.0041366748730481,5,0.8,5,0.1411251559858494,0.7276744145783006,1.793808725179512,21,0.2057532757859396,0.7138661773078487,21,0.0647282490194046,4
2017-06-16,86121.87518800546,55514.1042924688,102025.90298512226,102025.90298512226,239.6336056192788,0.002354282233547833,4,MPT_ONLY,30607.770895536676,30607.770895536665,True,False,"{'BBL': 1.0449158254489873e-16, 'HRG': 0.17010551595483178, 'UN': 0.22989448404516796, 'V': 0.29999999999999993, 'UNH': 0.0, 'CAT': 0.0, 'PCLN': 1.0645467828540077e-16, 'VZ': 4.242196725712582e-17, 'PCG': 0.3}","[{'date': Timestamp('2017-06-15 00:00:00'), 'exit_date': Timestamp('2017-06-16 00:00:00'), 'ticker': 'UN', 'sector': 'Consumer Goods', 'allocated_amount': 7310.727005008652, 'prob_up': 0.9726547002792358, 'expected_rise': 0.005364914424717426, 'actual_return': 0.011762613527419807, 'pnl': 85.99325636438806, 'exit_reason': 'early_exit'}, {'date': Timestamp('2017-06-15 00:00:00'), 'exit_date': Timestamp('2017-06-16 00:00:00'), 'ticker': 'CELG', 'sector': 'Healthcare', 'allocated_amount': 9160.764244155265, 'prob_up': 0.8082009553909302, 'expected_rise': 0.0070564341731369495, 'actual_return': 0.014509576200069763, 'pnl': 132.9188068514453, 'exit_reason': 'early_exit'}, {'date': Timestamp('2017-06-15 00:00:00'), 'exit_date': Timestamp('2017-06-16 00:00:00'), 'ticker': 'HRG', 'sector': 'Conglomerates', 'allocated_amount': 4903.625320531702, 'prob_up': 0.7871381044387817, 'expected_rise': 0.005025152582675219, 'actual_return': -0.008966139713403987, 'pnl': -43.96658972607264, 'exit_reason': 'early_exit'}, {'date': Timestamp('2017-06-15 00:00:00'), 'exit_date': Timestamp('2017-06-16 00:00:00'), 'ticker': 'EXC', 'sector': 'Utilities', 'allocated_amount': 9160.764244155265, 'prob_up': 0.7597281336784363, 'expected_rise': 0.005740538239479065, 'actual_return': 0.007061434003259093, 'pnl': 64.68813212951807, 'exit_reason': 'early_exit'}]","[{'ticker': 'UN', 'sector': 'Consumer Goods', 'prob_up': 0.973843514919281, 'predicted_prob': 0.973843514919281, 'expected_rise': 0.005379606503993273, 'bucket_idx': 5, 'investment_fraction': 0.1, 'investment_amount': 7036.557697802113, 'allocated_amount': 7036.557697802113, 'exit_date': Timestamp('2017-06-23 00:00:00')}, {'ticker': 'V', 'sector': 'Financial', 'prob_up': 0.9686836004257202, 'predicted_prob': 0.9686836004257202, 'expected_rise': 0.008772777393460274, 'bucket_idx': 5, 'investment_fraction': 0.1, 'investment_amount': 9182.331268661, 'allocated_amount': 9182.331268661, 'exit_date': Timestamp('2017-06-23 00:00:00')}, {'ticker': 'PCG', 'sector': 'Utilities', 'prob_up': 0.9213054776191711, 'predicted_prob': 0.9213054776191711, 'expected_rise': 0.006563771516084671, 'bucket_idx': 5, 'investment_fraction': 0.1, 'investment_amount': 9182.331268661002, 'allocated_amount': 9182.331268661002, 'exit_date': Timestamp('2017-06-23 00:00:00')}, {'ticker': 'HRG', 'sector': 'Conglomerates', 'prob_up': 0.7975864410400391, 'predicted_prob': 0.7975864410400391, 'expected_rise': 0.005118479952216148, 'bucket_idx': 5, 'investment_fraction': 0.1, 'investment_amount': 5206.55066041255, 'allocated_amount': 5206.55066041255, 'exit_date': Timestamp('2017-06-23 00:00:00')}]",5,100000.0,853,True,True,42,/mnt/primary/simulation/trained_models_multiclass_meta,12,12,0.2,0.3,200,5,60,1.0,0.0001,0.3,True,True,0.3,0.7,0.3,0.5,0.5,0.1,3,100.0,0.5,"[[0.08, 0.6], [0.15, 0.35]]",meta_emotion,nlp,0.1259823649942869,GRU,6,coral,20,128,128,2,0.3,0.3,0.0005466347365856,0.0003650001848317,64,50,10,0.0041366748730481,5,0.8,5,0.1411251559858494,0.7276744145783006,1.793808725179512,21,0.2057532757859396,0.7138661773078487,21,0.0647282490194046,4
2017-06-19,81585.13504104517,50962.53591911118,102075.3304064467,102075.3304064467,49.427421324424735,0.00048445953310150003,3,MPT_ONLY,30622.599121934007,30622.599121933992,True,False,"{'PTR': 0.2999999999999999, 'HRG': 0.1573931030067686, 'MO': 8.172618430063222e-17, 'V': 0.2999999999999998, 'MRK': 1.0576641132455673e-16, 'GD': 1.0061396160665481e-16, 'AMZN': 0.06014382468210924, 'CSCO': 0.18246307231112205, 'PPL': 5.710131438412126e-17}","[{'date': Timestamp('2017-06-12 00:00:00'), 'exit_date': Timestamp('2017-06-19 00:00:00'), 'ticker': 'VZ', 'sector': 'Technology', 'allocated_amount': 4596.163700376274, 'prob_up': 0.8735153079032898, 'expected_rise': 0.0041475435718894005, 'actual_return': -0.013138355862224116, 'pnl': -60.38603429658031, 'exit_reason': 'scheduled'}, {'date': Timestamp('2017-06-16 00:00:00'), 'exit_date': Timestamp('2017-06-19 00:00:00'), 'ticker': 'UN', 'sector': 'Consumer Goods', 'allocated_amount': 7036.557697802113, 'prob_up': 0.973843514919281, 'expected_rise': 0.005379606503993273, 'actual_return': 0.0026829010910391915, 'pnl': 18.87838832459351, 'exit_reason': 'early_exit'}, {'date': Timestamp('2017-06-16 00:00:00'), 'exit_date': Timestamp('2017-06-19 00:00:00'), 'ticker': 'V', 'sector': 'Financial', 'allocated_amount': 9182.331268661, 'prob_up': 0.9686836004257202, 'expected_rise': 0.008772777393460274, 'actual_return': 0.0065838697373656885, 'pnl': 60.45527295820385, 'exit_reason': 'early_exit'}, {'date': Timestamp('2017-06-16 00:00:00'), 'exit_date': Timestamp('2017-06-19 00:00:00'), 'ticker': 'HRG', 'sector': 'Conglomerates', 'allocated_amount': 5206.55066041255, 'prob_up': 0.7975864410400391, 'expected_rise': 0.005118479952216148, 'actual_return': 0.0058541242227714285, 'pnl': 30.47979433820769, 'exit_reason': 'early_exit'}]","[{'ticker': 'PTR', 'sector': 'Basic Matierials', 'prob_up': 0.985732913017273, 'predicted_prob': 0.985732913017273, 'expected_rise': 0.010555720888078213, 'bucket_idx': 5, 'investment_fraction': 0.1, 'investment_amount': 9186.779736580198, 'allocated_amount': 9186.779736580198, 'exit_date': Timestamp('2017-06-26 00:00:00')}, {'ticker': 'V', 'sector': 'Financial', 'prob_up': 0.9679604768753052, 'predicted_prob': 0.9679604768753052, 'expected_rise': 0.008758081123232841, 'bucket_idx': 5, 'investment_fraction': 0.1, 'investment_amount': 9186.779736580196, 'allocated_amount': 9186.779736580196, 'exit_date': Timestamp('2017-06-26 00:00:00')}, {'ticker': 'HRG', 'sector': 'Conglomerates', 'prob_up': 0.8112313747406006, 'predicted_prob': 0.8112313747406006, 'expected_rise': 0.0052423360757529736, 'bucket_idx': 5, 'investment_fraction': 0.1, 'investment_amount': 4819.785897933541, 'allocated_amount': 4819.785897933541, 'exit_date': Timestamp('2017-06-26 00:00:00')}, {'ticker': 'CSCO', 'sector': 'Technology', 'prob_up': 0.7645809650421143, 'predicted_prob': 0.7645809650421143, 'expected_rise': 0.005399559624493122, 'bucket_idx': 5, 'investment_fraction': 0.1, 'investment_amount': 5587.493517939947, 'allocated_amount': 5587.493517939947, 'exit_date': Timestamp('2017-06-26 00:00:00')}, {'ticker': 'AMZN', 'sector': 'Services', 'prob_up': 0.535176694393158, 'predicted_prob': 0.535176694393158, 'expected_rise': 0.004464015830308199, 'bucket_idx': 5, 'investment_fraction': 0.020815453074289825, 'investment_amount': 1841.7602329001113, 'allocated_amount': 1841.7602329001113, 'exit_date': Timestamp('2017-06-26 00:00:00')}]",5,100000.0,853,True,True,42,/mnt/primary/simulation/trained_models_multiclass_meta,12,12,0.2,0.3,200,5,60,1.0,0.0001,0.3,True,True,0.3,0.7,0.3,0.5,0.5,0.1,3,100.0,0.5,"[[0.08, 0.6], [0.15, 0.35]]",meta_emotion,nlp,0.1259823649942869,GRU,6,coral,20,128,128,2,0.3,0.3,0.0005466347365856,0.0003650001848317,64,50,10,0.0041366748730481,5,0.8,5,0.1411251559858494,0.7276744145783006,1.793808725179512,21,0.2057532757859396,0.7138661773078487,21,0.0647282490194046,4
2017-06-20,81082.5645034056,50606.87308557992,101585.63805941894,101585.63805941894,-489.6923470277522,-0.004797362350705936,4,MPT_ONLY,30475.69141782568,30475.69141782568,True,False,"{'BBL': 0.0, 'HRG': 0.1432136903087441, 'UN': 0.14930130127834051, 'MA': 0.0, 'CELG': 0.3, 'GD': 0.0, 'PCLN': 0.0, 'CSCO': 0.1074850084129155, 'PCG': 0.3}","[{'date': Timestamp('2017-06-13 00:00:00'), 'exit_date': Timestamp('2017-06-20 00:00:00'), 'ticker': 'PTR', 'sector': 'Basic Matierials', 'allocated_amount': 9173.901545968383, 'prob_up': 0.9788615107536316, 'expected_rise': 0.01019553653895855, 'actual_return': -0.035576240198724185, 'pnl': -326.3729249588183, 'exit_reason': 'scheduled'}, {'date': Timestamp('2017-06-19 00:00:00'), 'exit_date': Timestamp('2017-06-20 00:00:00'), 'ticker': 'V', 'sector': 'Financial', 'allocated_amount': 9186.779736580196, 'prob_up': 0.9679604768753052, 'expected_rise': 0.008758081123232841, 'actual_return': -0.004325392928311134, 'pnl': -39.736432106556, 'exit_reason': 'early_exit'}, {'date': Timestamp('2017-06-19 00:00:00'), 'exit_date': Timestamp('2017-06-20 00:00:00'), 'ticker': 'HRG', 'sector': 'Conglomerates', 'allocated_amount': 4819.785897933541, 'prob_up': 0.8112313747406006, 'expected_rise': 0.0052423360757529736, 'actual_return': -0.019576666666666687, 'pnl': -94.35534192854571, 'exit_reason': 'early_exit'}, {'date': Timestamp('2017-06-19 00:00:00'), 'exit_date': Timestamp('2017-06-20 00:00:00'), 'ticker': 'CSCO', 'sector': 'Technology', 'allocated_amount': 5587.493517939947, 'prob_up': 0.7645809650421143, 'expected_rise': 0.005399559624493122, 'actual_return': -0.004376367614879584, 'pnl': -24.45292568026198, 'exit_reason': 'early_exit'}, {'date': Timestamp('2017-06-19 00:00:00'), 'exit_date': Timestamp('2017-06-20 00:00:00'), 'ticker': 'AMZN', 'sector': 'Services', 'allocated_amount': 1841.7602329001113, 'prob_up': 0.535176694393158, 'expected_rise': 0.004464015830308199, 'actual_return': -0.0025924777114183506, 'pnl': -4.774722353570209, 'exit_reason': 'early_exit'}]","[{'ticker': 'UN', 'sector': 'Consumer Goods', 'prob_up': 0.9727649092674255, 'predicted_prob': 0.9727649092674255, 'expected_rise': 0.005366274155676365, 'bucket_idx': 5, 'investment_fraction': 0.1, 'investment_amount': 4550.060386038528, 'allocated_amount': 4550.060386038528, 'exit_date': Timestamp('2017-06-27 00:00:00')}, {'ticker': 'PCG', 'sector': 'Utilities', 'prob_up': 0.9361425638198853, 'predicted_prob': 0.9361425638198853, 'expected_rise': 0.006672614254057407, 'bucket_idx': 5, 'investment_fraction': 0.1, 'investment_amount': 9142.707425347704, 'allocated_amount': 9142.707425347704, 'exit_date': Timestamp('2017-06-27 00:00:00')}, {'ticker': 'CELG', 'sector': 'Healthcare', 'prob_up': 0.8757138252258301, 'predicted_prob': 0.8757138252258301, 'expected_rise': 0.0075908200815320015, 'bucket_idx': 5, 'investment_fraction': 0.1, 'investment_amount': 9142.707425347704, 'allocated_amount': 9142.707425347704, 'exit_date': Timestamp('2017-06-27 00:00:00')}, {'ticker': 'HRG', 'sector': 'Conglomerates', 'prob_up': 0.8246079683303833, 'predicted_prob': 0.8246079683303833, 'expected_rise': 0.0053660571575164795, 'bucket_idx': 5, 'investment_fraction': 0.1, 'investment_amount': 4364.536232657337, 'allocated_amount': 4364.536232657337, 'exit_date': Timestamp('2017-06-27 00:00:00')}, {'ticker': 'CSCO', 'sector': 'Technology', 'prob_up': 0.7412034273147583, 'predicted_prob': 0.7412034273147583, 'expected_rise': 0.00500776432454586, 'bucket_idx': 5, 'investment_fraction': 0.09792246673287967, 'investment_amount': 3275.67994843441, 'allocated_amount': 3275.6799484344083, 'exit_date': Timestamp('2017-06-27 00:00:00')}]",5,100000.0,853,True,True,42,/mnt/primary/simulation/trained_models_multiclass_meta,12,12,0.2,0.3,200,5,60,1.0,0.0001,0.3,True,True,0.3,0.7,0.3,0.5,0.5,0.1,3,100.0,0.5,"[[0.08, 0.6], [0.15, 0.35]]",meta_emotion,nlp,0.1259823649942869,GRU,6,coral,20,128,128,2,0.3,0.3,0.0005466347365856,0.0003650001848317,64,50,10,0.0041366748730481,5,0.8,5,0.1411251559858494,0.7276744145783006,1.793808725179512,21,0.2057532757859396,0.7138661773078487,21,0.0647282490194046,4
2017-06-21,74431.71580372393,43848.65553343009,101943.53423431283,101943.53423431283,357.89617489389394,0.0035230981635863134,4,MPT_ONLY,30583.06027029385,30583.06027029384,True,False,"{'SLB': 7.232791725556352e-18, 'REX': 0.3, 'UN': 0.2569920739099701, 'BCH': 0.0, 'MRK': 0.0, 'GD': 0.0, 'WMT': 0.0, 'MSFT': 0.14300792609002985, 'PCG': 0.3}","[{'date': Timestamp('2017-06-14 00:00:00'), 'exit_date': Timestamp('2017-06-21 00:00:00'), 'ticker': 'VZ', 'sector': 'Technology', 'allocated_amount': 2133.962550772136, 'prob_up': 0.8749669194221497, 'expected_rise': 0.004171642474830151, 'actual_return': -0.027414843165878056, 'pnl': -58.5022486512752, 'exit_reason': 'scheduled'}, {'date': Timestamp('2017-06-20 00:00:00'), 'exit_date': Timestamp('2017-06-21 00:00:00'), 'ticker': 'UN', 'sector': 'Consumer Goods', 'allocated_amount': 4550.060386038528, 'prob_up': 0.9727649092674255, 'expected_rise': 0.005366274155676365, 'actual_return': 0.0035958468823418244, 'pnl': 16.36132045360368, 'exit_reason': 'early_exit'}, {'date': Timestamp('2017-06-20 00:00:00'), 'exit_date': Timestamp('2017-06-21 00:00:00'), 'ticker': 'CELG', 'sector': 'Healthcare', 'allocated_amount': 9142.707425347704, 'prob_up': 0.8757138252258301, 'expected_rise': 0.0075908200815320015, 'actual_return': 0.052368887241571294, 'pnl': 478.7934142407105, 'exit_reason': 'early_exit'}, {'date': Timestamp('2017-06-20 00:00:00'), 'exit_date': Timestamp('2017-06-21 00:00:00'), 'ticker': 'HRG', 'sector': 'Conglomerates', 'allocated_amount': 4364.536232657337, 'prob_up': 0.8246079683303833, 'expected_rise': 0.0053660571575164795, 'actual_return': -0.017808957484675703, 'pnl': -77.72784020772117, 'exit_reason': 'early_exit'}, {'date': Timestamp('2017-06-20 00:00:00'), 'exit_date': Timestamp('2017-06-21 00:00:00'), 'ticker': 'CSCO', 'sector': 'Technology', 'allocated_amount': 3275.6799484344083, 'prob_up': 0.7412034273147583, 'expected_rise': 0.00500776432454586, 'actual_return': -0.0003139717425432176, 'pnl': -1.0284709414238282, 'exit_reason': 'early_exit'}]","[{'ticker': 'UN', 'sector': 'Consumer Goods', 'prob_up': 0.9707136154174805, 'predicted_prob': 0.9707136154174805, 'expected_rise': 0.005341026466339827, 'bucket_idx': 5, 'investment_fraction': 0.1, 'investment_amount': 7859.604085376426, 'allocated_amount': 7859.604085376426, 'exit_date': Timestamp('2017-06-28 00:00:00')}, {'ticker': 'PCG', 'sector': 'Utilities', 'prob_up': 0.9271858930587769, 'predicted_prob': 0.9271858930587769, 'expected_rise': 0.006607108749449253, 'bucket_idx': 5, 'investment_fraction': 0.1, 'investment_amount': 9174.918081088153, 'allocated_amount': 9174.918081088153, 'exit_date': Timestamp('2017-06-28 00:00:00')}, {'ticker': 'MSFT', 'sector': 'Technology', 'prob_up': 0.822058916091919, 'predicted_prob': 0.822058916091919, 'expected_rise': 0.004625722765922546, 'bucket_idx': 5, 'investment_fraction': 0.1, 'investment_amount': 4373.620022741111, 'allocated_amount': 4373.620022741111, 'exit_date': Timestamp('2017-06-28 00:00:00')}, {'ticker': 'REX', 'sector': 'Conglomerates', 'prob_up': 0.6096641421318054, 'predicted_prob': 0.6096641421318054, 'expected_rise': 0.005993383936583996, 'bucket_idx': 5, 'investment_fraction': 0.054494168161985906, 'investment_amount': 9174.918081088153, 'allocated_amount': 9174.918081088153, 'exit_date': Timestamp('2017-06-28 00:00:00')}]",5,100000.0,853,True,True,42,/mnt/primary/simulation/trained_models_multiclass_meta,12,12,0.2,0.3,200,5,60,1.0,0.0001,0.3,True,True,0.3,0.7,0.3,0.5,0.5,0.1,3,100.0,0.5,"[[0.08, 0.6], [0.15, 0.35]]",meta_emotion,nlp,0.1259823649942869,GRU,6,coral,20,128,128,2,0.3,0.3,0.0005466347365856,0.0003650001848317,64,50,10,0.0041366748730481,5,0.8,5,0.1411251559858494,0.7276744145783006,1.793808725179512,21,0.2057532757859396,0.7138661773078487,21,0.0647282490194046,4
2017-06-22,65254.8938647401,43847.15148569251,101941.63037641716,101941.63037641716,-1.9038578956731413,-1.8675612043161927e-05,3,MPT_ONLY,30582.48911292515,21407.742379047595,True,False,"{'BBL': 1.121787847798335e-16, 'HRG': 0.18584210596627362, 'MO': 2.941227492942435e-16, 'BCH': 5.845735556261063e-17, 'CELG': 0.29999999999999993, 'GE': 1.0586604467246768e-16, 'AMZN': 0.10797758114807086, 'TSM': 0.1061803128856553, 'PCG': 0.29999999999999977}","[{'date': Timestamp('2017-06-21 00:00:00'), 'exit_date': Timestamp('2017-06-22 00:00:00'), 'ticker': 'UN', 'sector': 'Consumer Goods', 'allocated_amount': 7859.604085376426, 'prob_up': 0.9707136154174805, 'expected_rise': 0.005341026466339827, 'actual_return': -0.003941275528484445, 'pnl': -30.976865245270474, 'exit_reason': 'early_exit'}, {'date': Timestamp('2017-06-21 00:00:00'), 'exit_date': Timestamp('2017-06-22 00:00:00'), 'ticker': 'MSFT', 'sector': 'Technology', 'allocated_amount': 4373.620022741111, 'prob_up': 0.822058916091919, 'expected_rise': 0.004625722765922546, 'actual_return': -0.00014223709159977282, 'pnl': -0.6220909917972279, 'exit_reason': 'early_exit'}, {'date': Timestamp('2017-06-21 00:00:00'), 'exit_date': Timestamp('2017-06-22 00:00:00'), 'ticker': 'REX', 'sector': 'Conglomerates', 'allocated_amount': 9174.918081088153, 'prob_up': 0.6096641421318054, 'expected_rise': 0.005993383936583996, 'actual_return': 0.003236551877515259, 'pnl': 29.695098341394562, 'exit_reason': 'early_exit'}]","[{'ticker': 'HRG', 'sector': 'Conglomerates', 'prob_up': 0.8559204339981079, 'predicted_prob': 0.8559204339981079, 'expected_rise': 0.005665442906320095, 'bucket_idx': 5, 'investment_fraction': 0.1, 'investment_amount': 5683.514182436645, 'allocated_amount': 5683.514182436645, 'exit_date': Timestamp('2017-06-29 00:00:00')}, {'ticker': 'CELG', 'sector': 'Healthcare', 'prob_up': 0.8558313250541687, 'predicted_prob': 0.8558313250541687, 'expected_rise': 0.007446161471307278, 'bucket_idx': 5, 'investment_fraction': 0.1, 'investment_amount': 9174.746733877542, 'allocated_amount': 9174.746733877542, 'exit_date': Timestamp('2017-06-29 00:00:00')}, {'ticker': 'AMZN', 'sector': 'Services', 'prob_up': 0.5715169310569763, 'predicted_prob': 0.5715169310569763, 'expected_rise': 0.005006332881748676, 'bucket_idx': 5, 'investment_fraction': 0.034711473084160706, 'investment_amount': 3302.223199900869, 'allocated_amount': 3302.223199900869, 'exit_date': Timestamp('2017-06-29 00:00:00')}, {'ticker': 'TSM', 'sector': 'Technology', 'prob_up': 0.4802950322628021, 'predicted_prob': 0.4802950322628021, 'expected_rise': 0.004982053767889738, 'bucket_idx': 2, 'investment_fraction': 0.0025863121996708704, 'investment_amount': 3247.258262832539, 'allocated_amount': 3247.258262832539, 'exit_date': Timestamp('2017-06-29 00:00:00')}]",5,100000.0,853,True,True,42,/mnt/primary/simulation/trained_models_multiclass_meta,12,12,0.2,0.3,200,5,60,1.0,0.0001,0.3,True,True,0.3,0.7,0.3,0.5,0.5,0.1,3,100.0,0.5,"[[0.08, 0.6], [0.15, 0.35]]",meta_emotion,nlp,0.1259823649942869,GRU,6,coral,20,128,128,2,0.3,0.3,0.0005466347365856,0.0003650001848317,64,50,10,0.0041366748730481,5,0.8,5,0.1411251559858494,0.7276744145783006,1.793808725179512,21,0.2057532757859396,0.7138661773078487,21,0.0647282490194046,4
2017-06-23,74349.68569609115,43793.458414359,101854.0909391072,101854.0909391072,-87.5394373099581,-0.0008587211817853158,4,MPT_ONLY,30556.22728173216,30556.22728173216,True,False,"{'PTR': 0.3, 'REX': 0.3, 'MO': 0.0, 'MA': 0.0, 'ABBV': 0.0, 'CAT': 0.0, 'PCLN': 0.1209220667665639, 'INTC': 0.27907793323343616, 'NEE': 1.9081958235744878e-17}","[{'date': Timestamp('2017-06-16 00:00:00'), 'exit_date': Timestamp('2017-06-23 00:00:00'), 'ticker': 'PCG', 'sector': 'Utilities', 'allocated_amount': 9182.331268661002, 'prob_up': 0.9213054776191711, 'expected_rise': 0.006563771516084671, 'actual_return': -0.01633899558478913, 'pnl': -150.03007005672328, 'exit_reason': 'scheduled'}, {'date': Timestamp('2017-06-22 00:00:00'), 'exit_date': Timestamp('2017-06-23 00:00:00'), 'ticker': 'HRG', 'sector': 'Conglomerates', 'allocated_amount': 5683.514182436645, 'prob_up': 0.8559204339981079, 'expected_rise': 0.005665442906320095, 'actual_return': 0.0016602102933038765, 'pnl': 9.435828747819883, 'exit_reason': 'early_exit'}, {'date': Timestamp('2017-06-22 00:00:00'), 'exit_date': Timestamp('2017-06-23 00:00:00'), 'ticker': 'CELG', 'sector': 'Healthcare', 'allocated_amount': 9174.746733877542, 'prob_up': 0.8558313250541687, 'expected_rise': 0.007446161471307278, 'actual_return': 0.004712784507701295, 'pnl': 43.23860426950114, 'exit_reason': 'early_exit'}, {'date': Timestamp('2017-06-22 00:00:00'), 'exit_date': Timestamp('2017-06-23 00:00:00'), 'ticker': 'AMZN', 'sector': 'Services', 'allocated_amount': 3302.223199900869, 'prob_up': 0.5715169310569763, 'expected_rise': 0.005006332881748676, 'actual_return': 0.002436834144853739, 'pnl': 8.046970247446612, 'exit_reason': 'early_exit'}, {'date': Timestamp('2017-06-22 00:00:00'), 'exit_date': Timestamp('2017-06-23 00:00:00'), 'ticker': 'TSM', 'sector': 'Technology', 'allocated_amount': 3247.258262832539, 'prob_up': 0.4802950322628021, 'expected_rise': 0.004982053767889738, 'actual_return': 0.0005448379336647768, 'pnl': 1.7692294819975534, 'exit_reason': 'early_exit'}]","[{'ticker': 'PTR', 'sector': 'Basic Matierials', 'prob_up': 0.989548921585083, 'predicted_prob': 0.989548921585083, 'expected_rise': 0.010763605125248432, 'bucket_idx': 5, 'investment_fraction': 0.1, 'investment_amount': 9166.868184519648, 'allocated_amount': 9166.868184519648, 'exit_date': Timestamp('2017-06-30 00:00:00')}, {'ticker': 'PCLN', 'sector': 'Services', 'prob_up': 0.8136633634567261, 'predicted_prob': 0.8136633634567261, 'expected_rise': 0.004574625752866268, 'bucket_idx': 5, 'investment_fraction': 0.1, 'investment_amount': 3694.9221554959177, 'allocated_amount': 3694.9221554959177, 'exit_date': Timestamp('2017-06-30 00:00:00')}, {'ticker': 'REX', 'sector': 'Conglomerates', 'prob_up': 0.6404971480369568, 'predicted_prob': 0.6404971480369568, 'expected_rise': 0.006527140736579895, 'bucket_idx': 5, 'investment_fraction': 0.06599204920766827, 'investment_amount': 9166.868184519648, 'allocated_amount': 9166.868184519648, 'exit_date': Timestamp('2017-06-30 00:00:00')}, {'ticker': 'INTC', 'sector': 'Technology', 'prob_up': 0.6404132843017578, 'predicted_prob': 0.6404132843017578, 'expected_rise': 0.005321861244738102, 'bucket_idx': 5, 'investment_fraction': 0.05693750350668125, 'investment_amount': 8527.568757196948, 'allocated_amount': 8527.568757196947, 'exit_date': Timestamp('2017-06-30 00:00:00')}]",5,100000.0,853,True,True,42,/mnt/primary/simulation/trained_models_multiclass_meta,12,12,0.2,0.3,200,5,60,1.0,0.0001,0.3,True,True,0.3,0.7,0.3,0.5,0.5,0.1,3,100.0,0.5,"[[0.08, 0.6], [0.15, 0.35]]",meta_emotion,nlp,0.1259823649942869,GRU,6,coral,20,128,128,2,0.3,0.3,0.0005466347365856,0.0003650001848317,64,50,10,0.0041366748730481,5,0.8,5,0.1411251559858494,0.7276744145783006,1.793808725179512,21,0.2057532757859396,0.7138661773078487,21,0.0647282490194046,4
2017-06-26,74114.50100007938,43634.80259276893,101598.9946910349,101598.9946910349,-255.096248072309,-0.002504526285790676,3,MPT_ONLY,30479.69840731047,30479.698407310465,True,False,"{'PTR': 0.29999999999999993, 'REX': 0.10586025728253995, 'UN': 0.06393375332762821, 'MA': 7.864438511949904e-17, 'CELG': 0.30000000000000004, 'MMM': 5.812434696822829e-20, 'PCLN': 0.0, 'INTC': 1.2479599134524469e-17, 'PCG': 0.23020598938983178}","[{'date': Timestamp('2017-06-19 00:00:00'), 'exit_date': Timestamp('2017-06-26 00:00:00'), 'ticker': 'PTR', 'sector': 'Basic Matierials', 'allocated_amount': 9186.779736580198, 'prob_up': 0.985732913017273, 'expected_rise': 0.010555720888078213, 'actual_return': -0.021390389386901854, 'pnl': -196.50879577715008, 'exit_reason': 'scheduled'}, {'date': Timestamp('2017-06-23 00:00:00'), 'exit_date': Timestamp('2017-06-26 00:00:00'), 'ticker': 'PCLN', 'sector': 'Services', 'allocated_amount': 3694.9221554959177, 'prob_up': 0.8136633634567261, 'expected_rise': 0.004574625752866268, 'actual_return': 0.0010990550868212878, 'pnl': 4.060922990406466, 'exit_reason': 'early_exit'}, {'date': Timestamp('2017-06-23 00:00:00'), 'exit_date': Timestamp('2017-06-26 00:00:00'), 'ticker': 'REX', 'sector': 'Conglomerates', 'allocated_amount': 9166.868184519648, 'prob_up': 0.6404971480369568, 'expected_rise': 0.006527140736579895, 'actual_return': -0.003569221004215306, 'pnl': -32.71857846706056, 'exit_reason': 'early_exit'}, {'date': Timestamp('2017-06-23 00:00:00'), 'exit_date': Timestamp('2017-06-26 00:00:00'), 'ticker': 'INTC', 'sector': 'Technology', 'allocated_amount': 8527.568757196947, 'prob_up': 0.6404132843017578, 'expected_rise': 0.005321861244738102, 'actual_return': -0.0035097690409409132, 'pnl': -29.929796818504823, 'exit_reason': 'early_exit'}]","[{'ticker': 'PTR', 'sector': 'Basic Matierials', 'prob_up': 0.9897537231445312, 'predicted_prob': 0.9897537231445312, 'expected_rise': 0.010774933733046055, 'bucket_idx': 5, 'investment_fraction': 0.1, 'investment_amount': 9143.909522193138, 'allocated_amount': 9143.909522193138, 'exit_date': Timestamp('2017-07-03 00:00:00')}, {'ticker': 'UN', 'sector': 'Consumer Goods', 'prob_up': 0.9613744020462036, 'predicted_prob': 0.9613744020462036, 'expected_rise': 0.005227827932685614, 'bucket_idx': 5, 'investment_fraction': 0.1, 'investment_amount': 1948.68151947349, 'allocated_amount': 1948.68151947349, 'exit_date': Timestamp('2017-07-03 00:00:00')}, {'ticker': 'PCG', 'sector': 'Utilities', 'prob_up': 0.8492439389228821, 'predicted_prob': 0.8492439389228821, 'expected_rise': 0.006010750774294138, 'bucket_idx': 5, 'investment_fraction': 0.1, 'investment_amount': 7016.609128158586, 'allocated_amount': 7016.609128158586, 'exit_date': Timestamp('2017-07-03 00:00:00')}, {'ticker': 'CELG', 'sector': 'Healthcare', 'prob_up': 0.7619525790214539, 'predicted_prob': 0.7619525790214539, 'expected_rise': 0.006623340770602226, 'bucket_idx': 5, 'investment_fraction': 0.1, 'investment_amount': 9143.909522193142, 'allocated_amount': 9143.909522193142, 'exit_date': Timestamp('2017-07-03 00:00:00')}, {'ticker': 'REX', 'sector': 'Conglomerates', 'prob_up': 0.5827138423919678, 'predicted_prob': 0.5827138423919678, 'expected_rise': 0.005531718954443932, 'bucket_idx': 5, 'investment_fraction': 0.0445883263699525, 'investment_amount': 3226.588715292109, 'allocated_amount': 3226.588715292109, 'exit_date': Timestamp('2017-07-03 00:00:00')}]",5,100000.0,853,True,True,42,/mnt/primary/simulation/trained_models_multiclass_meta,12,12,0.2,0.3,200,5,60,1.0,0.0001,0.3,True,True,0.3,0.7,0.3,0.5,0.5,0.1,3,100.0,0.5,"[[0.08, 0.6], [0.15, 0.35]]",meta_emotion,nlp,0.1259823649942869,GRU,6,coral,20,128,128,2,0.3,0.3,0.0005466347365856,0.0003650001848317,64,50,10,0.0041366748730481,5,0.8,5,0.1411251559858494,0.7276744145783006,1.793808725179512,21,0.2057532757859396,0.7138661773078487,21,0.0647282490194046,4
2017-06-27,66603.89541255446,36272.035314000284,101106.20032851398,101106.20032851398,-492.7943625209197,-0.004850386207260415,3,MPT_ONLY,30331.860098554193,30331.860098554178,True,False,"{'BBL': 0.29999999999999993, 'REX': 0.009768098443309444, 'MO': 2.1076890233118214e-16, 'MA': 8.760353553682878e-17, 'ABBV': 0.06506805082335018, 'GE': 0.025163850733339977, 'AMZN': 0.3000000000000001, 'TSM': 0.3000000000000001, 'PPL': 5.464378949326944e-17}","[{'date': Timestamp('2017-06-20 00:00:00'), 'exit_date': Timestamp('2017-06-27 00:00:00'), 'ticker': 'PCG', 'sector': 'Utilities', 'allocated_amount': 9142.707425347704, 'prob_up': 0.9361425638198853, 'expected_rise': 0.006672614254057407, 'actual_return': -0.03149378746758458, 'pnl': -287.93848453220795, 'exit_reason': 'scheduled'}, {'date': Timestamp('2017-06-26 00:00:00'), 'exit_date': Timestamp('2017-06-27 00:00:00'), 'ticker': 'UN', 'sector': 'Consumer Goods', 'allocated_amount': 1948.68151947349, 'prob_up': 0.9613744020462036, 'expected_rise': 0.005227827932685614, 'actual_return': 0.0019639529356882957, 'pnl': 3.827118790891489, 'exit_reason': 'early_exit'}, {'date': Timestamp('2017-06-26 00:00:00'), 'exit_date': Timestamp('2017-06-27 00:00:00'), 'ticker': 'CELG', 'sector': 'Healthcare', 'allocated_amount': 9143.909522193142, 'prob_up': 0.7619525790214539, 'expected_rise': 0.006623340770602226, 'actual_return': -0.022413148042742748, 'pnl': -204.94379781036, 'exit_reason': 'early_exit'}, {'date': Timestamp('2017-06-26 00:00:00'), 'exit_date': Timestamp('2017-06-27 00:00:00'), 'ticker': 'REX', 'sector': 'Conglomerates', 'allocated_amount': 3226.588715292109, 'prob_up': 0.5827138423919678, 'expected_rise': 0.005531718954443932, 'actual_return': -0.0011588706523151249, 'pnl': -3.739198969243187, 'exit_reason': 'early_exit'}]","[{'ticker': 'BBL', 'sector': 'Basic Matierials', 'prob_up': 0.9504426717758179, 'predicted_prob': 0.9504426717758179, 'expected_rise': 0.00453067384660244, 'bucket_idx': 5, 'investment_fraction': 0.1, 'investment_amount': 9099.558029566255, 'allocated_amount': 9099.558029566255, 'exit_date': Timestamp('2017-07-05 00:00:00')}, {'ticker': 'GE', 'sector': 'Industrial Goods', 'prob_up': 0.9358993172645569, 'predicted_prob': 0.9358993172645569, 'expected_rise': 0.003722718684002757, 'bucket_idx': 5, 'investment_fraction': 0.1, 'investment_amount': 763.2663999845685, 'allocated_amount': 763.2663999845685, 'exit_date': Timestamp('2017-07-05 00:00:00')}, {'ticker': 'ABBV', 'sector': 'Healthcare', 'prob_up': 0.573797881603241, 'predicted_prob': 0.573797881603241, 'expected_rise': 0.0038293746765702963, 'bucket_idx': 5, 'investment_fraction': 0.027634333111085232, 'investment_amount': 1973.6350144594717, 'allocated_amount': 1973.6350144594717, 'exit_date': Timestamp('2017-07-05 00:00:00')}, {'ticker': 'AMZN', 'sector': 'Services', 'prob_up': 0.561726987361908, 'predicted_prob': 0.561726987361908, 'expected_rise': 0.004860362503677607, 'bucket_idx': 5, 'investment_fraction': 0.031109910912156147, 'investment_amount': 9099.55802956626, 'allocated_amount': 9099.55802956626, 'exit_date': Timestamp('2017-07-05 00:00:00')}, {'ticker': 'TSM', 'sector': 'Technology', 'prob_up': 0.5074810981750488, 'predicted_prob': 0.5074810981750488, 'expected_rise': 0.00513636227697134, 'bucket_idx': 3, 'investment_fraction': 0.013170746137699441, 'investment_amount': 9099.55802956626, 'allocated_amount': 9099.55802956626, 'exit_date': Timestamp('2017-07-05 00:00:00')}, {'ticker': 'REX', 'sector': 'Conglomerates', 'prob_up': 0.47961920499801636, 'predicted_prob': 0.47961920499801636, 'expected_rise': 0.003753810189664364, 'bucket_idx': 0, 'investment_fraction': 0.006313065048430467, 'investment_amount': 296.28459541136704, 'allocated_amount': 296.28459541136704, 'exit_date': Timestamp('2017-07-05 00:00:00')}]",5,100000.0,853,True,True,42,/mnt/primary/simulation/trained_models_multiclass_meta,12,12,0.2,0.3,200,5,60,1.0,0.0001,0.3,True,True,0.3,0.7,0.3,0.5,0.5,0.1,3,100.0,0.5,"[[0.08, 0.6], [0.15, 0.35]]",meta_emotion,nlp,0.1259823649942869,GRU,6,coral,20,128,128,2,0.3,0.3,0.0005466347365856,0.0003650001848317,64,50,10,0.0041366748730481,5,0.8,5,0.1411251559858494,0.7276744145783006,1.793808725179512,21,0.2057532757859396,0.7138661773078487,21,0.0647282490194046,4
2017-06-28,75125.62929746421,44760.74453776817,101216.28253232015,101216.28253232015,110.08220380616616,0.0010887779725525792,5,MPT_ONLY,30364.884759696044,30364.88475969604,True,False,"{'PTR': 0.2999999999999999, 'HRG': 0.2999999999999998, 'AAPL': 0.0, 'MA': 0.0, 'ABBV': 0.0, 'GE': 2.3958559305012755e-16, 'PCLN': 0.16097511750833807, 'MSFT': 0.2050672533908689, 'AEP': 0.0339576291007931}","[{'date': Timestamp('2017-06-21 00:00:00'), 'exit_date': Timestamp('2017-06-28 00:00:00'), 'ticker': 'PCG', 'sector': 'Utilities', 'allocated_amount': 9174.918081088153, 'prob_up': 0.9271858930587769, 'expected_rise': 0.006607108749449253, 'actual_return': -0.0445215669268576, 'pnl': -408.48172939560214, 'exit_reason': 'scheduled'}, {'date': Timestamp('2017-06-27 00:00:00'), 'exit_date': Timestamp('2017-06-28 00:00:00'), 'ticker': 'BBL', 'sector': 'Basic Matierials', 'allocated_amount': 9099.558029566255, 'prob_up': 0.9504426717758179, 'expected_rise': 0.00453067384660244, 'actual_return': 0.03361344537815136, 'pnl': 305.867496792144, 'exit_reason': 'early_exit'}, {'date': Timestamp('2017-06-27 00:00:00'), 'exit_date': Timestamp('2017-06-28 00:00:00'), 'ticker': 'ABBV', 'sector': 'Healthcare', 'allocated_amount': 1973.6350144594717, 'prob_up': 0.573797881603241, 'expected_rise': 0.0038293746765702963, 'actual_return': 0.007321439526473794, 'pnl': 14.449849405696254, 'exit_reason': 'early_exit'}, {'date': Timestamp('2017-06-27 00:00:00'), 'exit_date': Timestamp('2017-06-28 00:00:00'), 'ticker': 'AMZN', 'sector': 'Services', 'allocated_amount': 9099.55802956626, 'prob_up': 0.561726987361908, 'expected_rise': 0.004860362503677607, 'actual_return': 0.013872097706453035, 'pnl': 126.22995807168242, 'exit_reason': 'early_exit'}, {'date': Timestamp('2017-06-27 00:00:00'), 'exit_date': Timestamp('2017-06-28 00:00:00'), 'ticker': 'TSM', 'sector': 'Technology', 'allocated_amount': 9099.55802956626, 'prob_up': 0.5074810981750488, 'expected_rise': 0.00513636227697134, 'actual_return': 0.007409461385009752, 'pnl': 67.42282384072664, 'exit_reason': 'early_exit'}, {'date': Timestamp('2017-06-27 00:00:00'), 'exit_date': Timestamp('2017-06-28 00:00:00'), 'ticker': 'REX', 'sector': 'Conglomerates', 'allocated_amount': 296.28459541136704, 'prob_up': 0.47961920499801636, 'expected_rise': 0.003753810189664364, 'actual_return': 0.015504704472201425, 'pnl': 4.5938050915190125, 'exit_reason': 'early_exit'}]","[{'ticker': 'PTR', 'sector': 'Basic Matierials', 'prob_up': 0.989548921585083, 'predicted_prob': 0.989548921585083, 'expected_rise': 0.010763605125248432, 'bucket_idx': 5, 'investment_fraction': 0.1, 'investment_amount': 9109.46542790881, 'allocated_amount': 9109.46542790881, 'exit_date': Timestamp('2017-07-06 00:00:00')}, {'ticker': 'HRG', 'sector': 'Conglomerates', 'prob_up': 0.9010893106460571, 'predicted_prob': 0.9010893106460571, 'expected_rise': 0.0061250170692801476, 'bucket_idx': 5, 'investment_fraction': 0.1, 'investment_amount': 9109.465427908808, 'allocated_amount': 9109.465427908808, 'exit_date': Timestamp('2017-07-06 00:00:00')}, {'ticker': 'PCLN', 'sector': 'Services', 'prob_up': 0.8481860756874084, 'predicted_prob': 0.8481860756874084, 'expected_rise': 0.005252308677881956, 'bucket_idx': 5, 'investment_fraction': 0.1, 'investment_amount': 4887.990892319214, 'allocated_amount': 4887.990892319214, 'exit_date': Timestamp('2017-07-06 00:00:00')}, {'ticker': 'AEP', 'sector': 'Utilities', 'prob_up': 0.7635895609855652, 'predicted_prob': 0.7635895609855652, 'expected_rise': 0.004445221275091171, 'bucket_idx': 5, 'investment_fraction': 0.1, 'investment_amount': 1031.1194943580833, 'allocated_amount': 1031.1194943580833, 'exit_date': Timestamp('2017-07-06 00:00:00')}, {'ticker': 'MSFT', 'sector': 'Technology', 'prob_up': 0.6166660785675049, 'predicted_prob': 0.6166660785675049, 'expected_rise': 0.0055062435567379, 'bucket_idx': 5, 'investment_fraction': 0.05324370437289573, 'investment_amount': 6226.843517201122, 'allocated_amount': 6226.843517201122, 'exit_date': Timestamp('2017-07-06 00:00:00')}]",5,100000.0,853,True,True,42,/mnt/primary/simulation/trained_models_multiclass_meta,12,12,0.2,0.3,200,5,60,1.0,0.0001,0.3,True,True,0.3,0.7,0.3,0.5,0.5,0.1,3,100.0,0.5,"[[0.08, 0.6], [0.15, 0.35]]",meta_emotion,nlp,0.1259823649942869,GRU,6,coral,20,128,128,2,0.3,0.3,0.0005466347365856,0.0003650001848317,64,50,10,0.0041366748730481,5,0.8,5,0.1411251559858494,0.7276744145783006,1.793808725179512,21,0.2057532757859396,0.7138661773078487,21,0.0647282490194046,4
2017-06-29,65764.65033349291,44562.048844278805,100964.76899625767,100964.76899625767,-251.51353606248563,-0.0024849118123081437,4,MPT_ONLY,30289.4306988773,21202.601489214107,True,False,"{'PTR': 0.2999999999999999, 'HRG': 0.30000000000000004, 'UN': 0.1493511153562605, 'MA': 0.0, 'MRK': 1.432908113027658e-16, 'MMM': 8.879759863559408e-17, 'AMZN': 0.04858691433172616, 'MSFT': 0.20206197031201317, 'PPL': 1.0960444379429318e-16}","[{'date': Timestamp('2017-06-28 00:00:00'), 'exit_date': Timestamp('2017-06-29 00:00:00'), 'ticker': 'HRG', 'sector': 'Conglomerates', 'allocated_amount': 9109.465427908808, 'prob_up': 0.9010893106460571, 'expected_rise': 0.0061250170692801476, 'actual_return': -0.010140845070422566, 'pnl': -92.37767757879382, 'exit_reason': 'early_exit'}, {'date': Timestamp('2017-06-28 00:00:00'), 'exit_date': Timestamp('2017-06-29 00:00:00'), 'ticker': 'PCLN', 'sector': 'Services', 'allocated_amount': 4887.990892319214, 'prob_up': 0.8481860756874084, 'expected_rise': 0.005252308677881956, 'actual_return': -0.006993916693257773, 'pnl': -34.18620109828331, 'exit_reason': 'early_exit'}, {'date': Timestamp('2017-06-28 00:00:00'), 'exit_date': Timestamp('2017-06-29 00:00:00'), 'ticker': 'AEP', 'sector': 'Utilities', 'allocated_amount': 1031.1194943580833, 'prob_up': 0.7635895609855652, 'expected_rise': 0.004445221275091171, 'actual_return': -0.00784039892115762, 'pnl': -8.084388171149708, 'exit_reason': 'early_exit'}, {'date': Timestamp('2017-06-28 00:00:00'), 'exit_date': Timestamp('2017-06-29 00:00:00'), 'ticker': 'MSFT', 'sector': 'Technology', 'allocated_amount': 6226.843517201122, 'prob_up': 0.6166660785675049, 'expected_rise': 0.0055062435567379, 'actual_return': -0.018767979136046775, 'pnl': -116.86526921425879, 'exit_reason': 'early_exit'}]","[{'ticker': 'UN', 'sector': 'Consumer Goods', 'prob_up': 0.9574995040893555, 'predicted_prob': 0.9574995040893555, 'expected_rise': 0.00518167344853282, 'bucket_idx': 5, 'investment_fraction': 0.1, 'investment_amount': 4523.760258383481, 'allocated_amount': 4523.760258383481, 'exit_date': Timestamp('2017-07-07 00:00:00')}, {'ticker': 'HRG', 'sector': 'Conglomerates', 'prob_up': 0.9062137007713318, 'predicted_prob': 0.9062137007713318, 'expected_rise': 0.006179491989314556, 'bucket_idx': 5, 'investment_fraction': 0.1, 'investment_amount': 9086.82920966319, 'allocated_amount': 9086.82920966319, 'exit_date': Timestamp('2017-07-07 00:00:00')}, {'ticker': 'MSFT', 'sector': 'Technology', 'prob_up': 0.6007589101791382, 'predicted_prob': 0.6007589101791382, 'expected_rise': 0.005522417835891247, 'bucket_idx': 5, 'investment_fraction': 0.04728140927244931, 'investment_amount': 6120.342046644325, 'allocated_amount': 6120.342046644325, 'exit_date': Timestamp('2017-07-07 00:00:00')}, {'ticker': 'AMZN', 'sector': 'Services', 'prob_up': 0.5443974733352661, 'predicted_prob': 0.5443974733352661, 'expected_rise': 0.004601793829351664, 'bucket_idx': 5, 'investment_fraction': 0.024665110385417622, 'investment_amount': 1471.6699745231078, 'allocated_amount': 1471.6699745231078, 'exit_date': Timestamp('2017-07-07 00:00:00')}]",5,100000.0,853,True,True,42,/mnt/primary/simulation/trained_models_multiclass_meta,12,12,0.2,0.3,200,5,60,1.0,0.0001,0.3,True,True,0.3,0.7,0.3,0.5,0.5,0.1,3,100.0,0.5,"[[0.08, 0.6], [0.15, 0.35]]",meta_emotion,nlp,0.1259823649942869,GRU,6,coral,20,128,128,2,0.3,0.3,0.0005466347365856,0.0003650001848317,64,50,10,0.0041366748730481,5,0.8,5,0.1411251559858494,0.7276744145783006,1.793808725179512,21,0.2057532757859396,0.7138661773078487,21,0.0647282490194046,4
2017-06-30,74967.18201969423,44667.05227031244,101000.43249793933,101000.43249793933,35.66350168167232,0.0003532271903972095,4,MPT_ONLY,30300.1297493818,30300.129749381784,True,False,"{'BBL': 0.25316663773924086, 'HRG': 0.2999999999999998, 'TM': 0.0, 'MA': 4.9439619065338996e-17, 'MRK': 3.594130201789447e-17, 'MMM': 1.968369044147433e-16, 'AMZN': 0.17165088217595978, 'VZ': 0.2751824800847991, 'NEE': 1.3183898417423734e-16}","[{'date': Timestamp('2017-06-23 00:00:00'), 'exit_date': Timestamp('2017-06-30 00:00:00'), 'ticker': 'PTR', 'sector': 'Basic Matierials', 'allocated_amount': 9166.868184519648, 'prob_up': 0.989548921585083, 'expected_rise': 0.010763605125248432, 'actual_return': -0.011134451974593396, 'pnl': -102.06805355796217, 'exit_reason': 'scheduled'}, {'date': Timestamp('2017-06-29 00:00:00'), 'exit_date': Timestamp('2017-06-30 00:00:00'), 'ticker': 'UN', 'sector': 'Consumer Goods', 'allocated_amount': 4523.760258383481, 'prob_up': 0.9574995040893555, 'expected_rise': 0.00518167344853282, 'actual_return': 0.008392610684316626, 'pnl': 37.966158677796145, 'exit_reason': 'early_exit'}, {'date': Timestamp('2017-06-29 00:00:00'), 'exit_date': Timestamp('2017-06-30 00:00:00'), 'ticker': 'HRG', 'sector': 'Conglomerates', 'allocated_amount': 9086.82920966319, 'prob_up': 0.9062137007713318, 'expected_rise': 0.006179491989314556, 'actual_return': 0.0079680705748435, 'pnl': 72.40449644414568, 'exit_reason': 'early_exit'}, {'date': Timestamp('2017-06-29 00:00:00'), 'exit_date': Timestamp('2017-06-30 00:00:00'), 'ticker': 'MSFT', 'sector': 'Technology', 'allocated_amount': 6120.342046644325, 'prob_up': 0.6007589101791382, 'expected_rise': 0.005522417835891247, 'actual_return': 0.006424324906536105, 'pnl': 39.3190658467773, 'exit_reason': 'early_exit'}, {'date': Timestamp('2017-06-29 00:00:00'), 'exit_date': Timestamp('2017-06-30 00:00:00'), 'ticker': 'AMZN', 'sector': 'Services', 'allocated_amount': 1471.6699745231078, 'prob_up': 0.5443974733352661, 'expected_rise': 0.004601793829351664, 'actual_return': -0.00812557566308958, 'pnl': -11.958165729084627, 'exit_reason': 'early_exit'}]","[{'ticker': 'BBL', 'sector': 'Basic Matierials', 'prob_up': 0.9706719517707825, 'predicted_prob': 0.9706719517707825, 'expected_rise': 0.005032609216868877, 'bucket_idx': 5, 'investment_fraction': 0.1, 'investment_amount': 7670.981971713737, 'allocated_amount': 7670.981971713737, 'exit_date': Timestamp('2017-07-10 00:00:00')}, {'ticker': 'VZ', 'sector': 'Technology', 'prob_up': 0.9241506457328796, 'predicted_prob': 0.9241506457328796, 'expected_rise': 0.0050727869383990765, 'bucket_idx': 5, 'investment_fraction': 0.1, 'investment_amount': 8338.064851326086, 'allocated_amount': 8338.064851326086, 'exit_date': Timestamp('2017-07-10 00:00:00')}, {'ticker': 'HRG', 'sector': 'Conglomerates', 'prob_up': 0.9098359942436218, 'predicted_prob': 0.9098359942436218, 'expected_rise': 0.006218307185918093, 'bucket_idx': 5, 'investment_fraction': 0.1, 'investment_amount': 9090.038924814535, 'allocated_amount': 9090.038924814535, 'exit_date': Timestamp('2017-07-10 00:00:00')}, {'ticker': 'AMZN', 'sector': 'Services', 'prob_up': 0.5375698208808899, 'predicted_prob': 0.5375698208808899, 'expected_rise': 0.0044997925870120525, 'bucket_idx': 5, 'investment_fraction': 0.0220634905038545, 'investment_amount': 5201.044001527429, 'allocated_amount': 5201.044001527429, 'exit_date': Timestamp('2017-07-10 00:00:00')}]",5,100000.0,853,True,True,42,/mnt/primary/simulation/trained_models_multiclass_meta,12,12,0.2,0.3,200,5,60,1.0,0.0001,0.3,True,True,0.3,0.7,0.3,0.5,0.5,0.1,3,100.0,0.5,"[[0.08, 0.6], [0.15, 0.35]]",meta_emotion,nlp,0.1259823649942869,GRU,6,coral,20,128,128,2,0.3,0.3,0.0005466347365856,0.0003650001848317,64,50,10,0.0041366748730481,5,0.8,5,0.1411251559858494,0.7276744145783006,1.793808725179512,21,0.2057532757859396,0.7138661773078487,21,0.0647282490194046,4
2017-07-03,82472.58714805548,52267.571999873,100683.38382727494,100683.38382727494,-317.0486706643886,-0.0031390823071064666,3,MPT_ONLY,30205.01514818248,30205.01514818248,True,False,"{'SNP': 0.0, 'HRG': 0.29999999999999966, 'UN': 0.2225776508019804, 'V': 0.0, 'MRK': 0.0, 'MMM': 0.0, 'PCLN': 0.18889004937818293, 'MSFT': 0.2885322998198371, 'NEE': 0.0}","[{'date': Timestamp('2017-06-26 00:00:00'), 'exit_date': Timestamp('2017-07-03 00:00:00'), 'ticker': 'PTR', 'sector': 'Basic Matierials', 'allocated_amount': 9143.909522193138, 'prob_up': 0.9897537231445312, 'expected_rise': 0.010774933733046055, 'actual_return': -0.014464818153892445, 'pnl': -132.2649884541693, 'exit_reason': 'scheduled'}, {'date': Timestamp('2017-06-26 00:00:00'), 'exit_date': Timestamp('2017-07-03 00:00:00'), 'ticker': 'PCG', 'sector': 'Utilities', 'allocated_amount': 7016.609128158586, 'prob_up': 0.8492439389228821, 'expected_rise': 0.006010750774294138, 'actual_return': -0.03669993966383123, 'pnl': -257.50913164810754, 'exit_reason': 'scheduled'}, {'date': Timestamp('2017-06-30 00:00:00'), 'exit_date': Timestamp('2017-07-03 00:00:00'), 'ticker': 'BBL', 'sector': 'Basic Matierials', 'allocated_amount': 7670.981971713737, 'prob_up': 0.9706719517707825, 'expected_rise': 0.005032609216868877, 'actual_return': 0.01885565669700906, 'pnl': 144.64140258757988, 'exit_reason': 'early_exit'}, {'date': Timestamp('2017-06-30 00:00:00'), 'exit_date': Timestamp('2017-07-03 00:00:00'), 'ticker': 'HRG', 'sector': 'Conglomerates', 'allocated_amount': 9090.038924814535, 'prob_up': 0.9098359942436218, 'expected_rise': 0.006218307185918093, 'actual_return': 0.0005646527704490367, 'pnl': 5.13271566238611, 'exit_reason': 'early_exit'}, {'date': Timestamp('2017-06-30 00:00:00'), 'exit_date': Timestamp('2017-07-03 00:00:00'), 'ticker': 'AMZN', 'sector': 'Services', 'allocated_amount': 5201.044001527429, 'prob_up': 0.5375698208808899, 'expected_rise': 0.0044997925870120525, 'actual_return': -0.014814077479338827, 'pnl': -77.04866881207778, 'exit_reason': 'early_exit'}]","[{'ticker': 'UN', 'sector': 'Consumer Goods', 'prob_up': 0.9573302268981934, 'predicted_prob': 0.9573302268981934, 'expected_rise': 0.005179667845368385, 'bucket_idx': 5, 'investment_fraction': 0.1, 'investment_amount': 6722.961314120688, 'allocated_amount': 6722.961314120688, 'exit_date': Timestamp('2017-07-11 00:00:00')}, {'ticker': 'HRG', 'sector': 'Conglomerates', 'prob_up': 0.9120975732803345, 'predicted_prob': 0.9120975732803345, 'expected_rise': 0.006242675706744194, 'bucket_idx': 5, 'investment_fraction': 0.1, 'investment_amount': 9061.504544454734, 'allocated_amount': 9061.504544454734, 'exit_date': Timestamp('2017-07-11 00:00:00')}, {'ticker': 'PCLN', 'sector': 'Services', 'prob_up': 0.8380008339881897, 'predicted_prob': 0.8380008339881897, 'expected_rise': 0.005046258680522442, 'bucket_idx': 5, 'investment_fraction': 0.1, 'investment_amount': 5705.426802808952, 'allocated_amount': 5705.426802808952, 'exit_date': Timestamp('2017-07-11 00:00:00')}, {'ticker': 'MSFT', 'sector': 'Technology', 'prob_up': 0.5779423117637634, 'predicted_prob': 0.5779423117637634, 'expected_rise': 0.00553259439766407, 'bucket_idx': 5, 'investment_fraction': 0.03840095886511766, 'investment_amount': 8715.122486798107, 'allocated_amount': 8715.122486798107, 'exit_date': Timestamp('2017-07-11 00:00:00')}]",5,100000.0,853,True,True,42,/mnt/primary/simulation/trained_models_multiclass_meta,12,12,0.2,0.3,200,5,60,1.0,0.0001,0.3,True,True,0.3,0.7,0.3,0.5,0.5,0.1,3,100.0,0.5,"[[0.08, 0.6], [0.15, 0.35]]",meta_emotion,nlp,0.1259823649942869,GRU,6,coral,20,128,128,2,0.3,0.3,0.0005466347365856,0.0003650001848317,64,50,10,0.0041366748730481,5,0.8,5,0.1411251559858494,0.7276744145783006,1.793808725179512,21,0.2057532757859396,0.7138661773078487,21,0.0647282490194046,4
2017-07-05,83375.25233892933,53128.41755348006,100822.78261816423,100822.78261816423,139.39879088928262,0.0013845262802094638,4,MPT_ONLY,30246.834785449268,30246.834785449264,True,False,"{'SNP': 0.2203460643534027, 'HRG': 0.2999999999999999, 'TM': 0.0, 'MA': 0.0, 'MRK': 0.0, 'DHR': 0.11482380806616282, 'PCLN': 0.2999999999999999, 'ORCL': 0.0, 'NEE': 0.06483012758043462}","[{'date': Timestamp('2017-06-27 00:00:00'), 'exit_date': Timestamp('2017-07-05 00:00:00'), 'ticker': 'GE', 'sector': 'Industrial Goods', 'allocated_amount': 763.2663999845685, 'prob_up': 0.9358993172645569, 'expected_rise': 0.003722718684002757, 'actual_return': 0.005145204158221395, 'pnl': 3.927161455031276, 'exit_reason': 'scheduled'}, {'date': Timestamp('2017-07-03 00:00:00'), 'exit_date': Timestamp('2017-07-05 00:00:00'), 'ticker': 'UN', 'sector': 'Consumer Goods', 'allocated_amount': 6722.961314120688, 'prob_up': 0.9573302268981934, 'expected_rise': 0.005179667845368385, 'actual_return': -0.0023645325572935194, 'pnl': -15.896660908663192, 'exit_reason': 'early_exit'}, {'date': Timestamp('2017-07-03 00:00:00'), 'exit_date': Timestamp('2017-07-05 00:00:00'), 'ticker': 'HRG', 'sector': 'Conglomerates', 'allocated_amount': 9061.504544454734, 'prob_up': 0.9120975732803345, 'expected_rise': 0.006242675706744194, 'actual_return': -0.003950282389970972, 'pnl': -35.795501828601466, 'exit_reason': 'early_exit'}, {'date': Timestamp('2017-07-03 00:00:00'), 'exit_date': Timestamp('2017-07-05 00:00:00'), 'ticker': 'PCLN', 'sector': 'Services', 'allocated_amount': 5705.426802808952, 'prob_up': 0.8380008339881897, 'expected_rise': 0.005046258680522442, 'actual_return': 0.01241366856267967, 'pnl': 70.82527733869946, 'exit_reason': 'early_exit'}, {'date': Timestamp('2017-07-03 00:00:00'), 'exit_date': Timestamp('2017-07-05 00:00:00'), 'ticker': 'MSFT', 'sector': 'Technology', 'allocated_amount': 8715.122486798107, 'prob_up': 0.5779423117637634, 'expected_rise': 0.00553259439766407, 'actual_return': 0.013349039558428366, 'pnl': 116.33851483281653, 'exit_reason': 'early_exit'}]","[{'ticker': 'HRG', 'sector': 'Conglomerates', 'prob_up': 0.9133317470550537, 'predicted_prob': 0.9133317470550537, 'expected_rise': 0.0062560164369642735, 'bucket_idx': 5, 'investment_fraction': 0.1, 'investment_amount': 9074.050435634777, 'allocated_amount': 9074.050435634777, 'exit_date': Timestamp('2017-07-12 00:00:00')}, {'ticker': 'SNP', 'sector': 'Basic Matierials', 'prob_up': 0.848921537399292, 'predicted_prob': 0.848921537399292, 'expected_rise': 0.004358931444585323, 'bucket_idx': 5, 'investment_fraction': 0.1, 'investment_amount': 6664.771004121344, 'allocated_amount': 6664.771004121344, 'exit_date': Timestamp('2017-07-12 00:00:00')}, {'ticker': 'PCLN', 'sector': 'Services', 'prob_up': 0.8313208818435669, 'predicted_prob': 0.8313208818435669, 'expected_rise': 0.0049139708280563354, 'bucket_idx': 5, 'investment_fraction': 0.1, 'investment_amount': 9074.050435634777, 'allocated_amount': 9074.050435634777, 'exit_date': Timestamp('2017-07-12 00:00:00')}, {'ticker': 'DHR', 'sector': 'Industrial Goods', 'prob_up': 0.6493163704872131, 'predicted_prob': 0.6493163704872131, 'expected_rise': 0.003649576101452112, 'bucket_idx': 5, 'investment_fraction': 0.06694355004020132, 'investment_amount': 3473.056752013364, 'allocated_amount': 3473.056752013364, 'exit_date': Timestamp('2017-07-12 00:00:00')}, {'ticker': 'NEE', 'sector': 'Utilities', 'prob_up': 0.6055835485458374, 'predicted_prob': 0.6055835485458374, 'expected_rise': 0.0032837975304573774, 'bucket_idx': 5, 'investment_fraction': 0.04324094476601975, 'investment_amount': 1960.9061580450038, 'allocated_amount': 1960.9061580450038, 'exit_date': Timestamp('2017-07-12 00:00:00')}]",5,100000.0,853,True,True,42,/mnt/primary/simulation/trained_models_multiclass_meta,12,12,0.2,0.3,200,5,60,1.0,0.0001,0.3,True,True,0.3,0.7,0.3,0.5,0.5,0.1,3,100.0,0.5,"[[0.08, 0.6], [0.15, 0.35]]",meta_emotion,nlp,0.1259823649942869,GRU,6,coral,20,128,128,2,0.3,0.3,0.0005466347365856,0.0003650001848317,64,50,10,0.0041366748730481,5,0.8,5,0.1411251559858494,0.7276744145783006,1.793808725179512,21,0.2057532757859396,0.7138661773078487,21,0.0647282490194046,4
2017-07-06,92245.00328183568,62070.08284188715,100583.06813316177,100583.06813316177,-239.71448500246288,-0.0023775825143639295,5,MPT_ONLY,30174.920439948528,30174.920439948524,True,False,"{'BBL': 0.12344644218758521, 'HRG': 0.29999999999999977, 'PM': 0.0, 'BRK-A': 0.0, 'PFE': 0.0, 'MMM': 0.0, 'PCLN': 0.1506344745556801, 'MSFT': 0.22915689110858814, 'PCG': 0.19676219214814678}","[{'date': Timestamp('2017-06-28 00:00:00'), 'exit_date': Timestamp('2017-07-06 00:00:00'), 'ticker': 'PTR', 'sector': 'Basic Matierials', 'allocated_amount': 9109.46542790881, 'prob_up': 0.989548921585083, 'expected_rise': 0.010763605125248432, 'actual_return': -0.010750930680359483, 'pnl': -97.93523135057885, 'exit_reason': 'scheduled'}, {'date': Timestamp('2017-07-05 00:00:00'), 'exit_date': Timestamp('2017-07-06 00:00:00'), 'ticker': 'HRG', 'sector': 'Conglomerates', 'allocated_amount': 9074.050435634777, 'prob_up': 0.9133317470550537, 'expected_rise': 0.0062560164369642735, 'actual_return': -0.009065155807365444, 'pnl': -82.25768100292153, 'exit_reason': 'early_exit'}, {'date': Timestamp('2017-07-05 00:00:00'), 'exit_date': Timestamp('2017-07-06 00:00:00'), 'ticker': 'SNP', 'sector': 'Basic Matierials', 'allocated_amount': 6664.771004121344, 'prob_up': 0.848921537399292, 'expected_rise': 0.004358931444585323, 'actual_return': -0.007921234492956564, 'pnl': -52.793213965502744, 'exit_reason': 'early_exit'}, {'date': Timestamp('2017-07-05 00:00:00'), 'exit_date': Timestamp('2017-07-06 00:00:00'), 'ticker': 'PCLN', 'sector': 'Services', 'allocated_amount': 9074.050435634777, 'prob_up': 0.8313208818435669, 'expected_rise': 0.0049139708280563354, 'actual_return': 0.0033708495486581835, 'pnl': 30.587258815461084, 'exit_reason': 'early_exit'}, {'date': Timestamp('2017-07-05 00:00:00'), 'exit_date': Timestamp('2017-07-06 00:00:00'), 'ticker': 'DHR', 'sector': 'Industrial Goods', 'allocated_amount': 3473.056752013364, 'prob_up': 0.6493163704872131, 'expected_rise': 0.003649576101452112, 'actual_return': -0.013794696815064622, 'pnl': -47.90976491553744, 'exit_reason': 'early_exit'}, {'date': Timestamp('2017-07-05 00:00:00'), 'exit_date': Timestamp('2017-07-06 00:00:00'), 'ticker': 'NEE', 'sector': 'Utilities', 'allocated_amount': 1960.9061580450038, 'prob_up': 0.6055835485458374, 'expected_rise': 0.0032837975304573774, 'actual_return': 0.005402679456715465, 'pnl': 10.59414741661659, 'exit_reason': 'early_exit'}]","[{'ticker': 'BBL', 'sector': 'Basic Matierials', 'prob_up': 0.9522928595542908, 'predicted_prob': 0.9522928595542908, 'expected_rise': 0.004575068596750498, 'bucket_idx': 5, 'investment_fraction': 0.1, 'investment_amount': 3724.9865716050895, 'allocated_amount': 3724.9865716050895, 'exit_date': Timestamp('2017-07-13 00:00:00')}, {'ticker': 'HRG', 'sector': 'Conglomerates', 'prob_up': 0.9135766625404358, 'predicted_prob': 0.9135766625404358, 'expected_rise': 0.006258668377995491, 'bucket_idx': 5, 'investment_fraction': 0.1, 'investment_amount': 9052.476131984551, 'allocated_amount': 9052.476131984551, 'exit_date': Timestamp('2017-07-13 00:00:00')}, {'ticker': 'PCLN', 'sector': 'Services', 'prob_up': 0.8263260722160339, 'predicted_prob': 0.8263260722160339, 'expected_rise': 0.004816484171897173, 'bucket_idx': 5, 'investment_fraction': 0.1, 'investment_amount': 4545.383285231098, 'allocated_amount': 4545.383285231098, 'exit_date': Timestamp('2017-07-13 00:00:00')}, {'ticker': 'PCG', 'sector': 'Utilities', 'prob_up': 0.750669002532959, 'predicted_prob': 0.750669002532959, 'expected_rise': 0.005183563567698002, 'bucket_idx': 5, 'investment_fraction': 0.1, 'investment_amount': 5937.283493660194, 'allocated_amount': 5937.283493660194, 'exit_date': Timestamp('2017-07-13 00:00:00')}, {'ticker': 'MSFT', 'sector': 'Technology', 'prob_up': 0.5673660635948181, 'predicted_prob': 0.5673660635948181, 'expected_rise': 0.005532070063054562, 'bucket_idx': 5, 'investment_fraction': 0.03441057115630566, 'investment_amount': 6914.790957467595, 'allocated_amount': 6914.7909574675905, 'exit_date': Timestamp('2017-07-13 00:00:00')}]",5,100000.0,853,True,True,42,/mnt/primary/simulation/trained_models_multiclass_meta,12,12,0.2,0.3,200,5,60,1.0,0.0001,0.3,True,True,0.3,0.7,0.3,0.5,0.5,0.1,3,100.0,0.5,"[[0.08, 0.6], [0.15, 0.35]]",meta_emotion,nlp,0.1259823649942869,GRU,6,coral,20,128,128,2,0.3,0.3,0.0005466347365856,0.0003650001848317,64,50,10,0.0041366748730481,5,0.8,5,0.1411251559858494,0.7276744145783006,1.793808725179512,21,0.2057532757859396,0.7138661773078487,21,0.0647282490194046,4
2017-07-07,79584.0772369433,49351.81227512415,100774.21653939717,100774.21653939717,191.14840623539436,0.0019004034156357985,3,MPT_ONLY,30232.26496181915,30232.264961819143,True,False,"{'BBL': 1.1611594490966728e-16, 'HRG': 0.29999999999999977, 'UN': 0.254455137174707, 'MA': 1.7248383409019384e-16, 'PFE': 0.0, 'DHR': 0.0, 'CMCSA': 0.14554486282529308, 'MSFT': 0.2999999999999999, 'NEE': 1.5801515962361968e-16}","[{'date': Timestamp('2017-07-06 00:00:00'), 'exit_date': Timestamp('2017-07-07 00:00:00'), 'ticker': 'BBL', 'sector': 'Basic Matierials', 'allocated_amount': 3724.9865716050895, 'prob_up': 0.9522928595542908, 'expected_rise': 0.004575068596750498, 'actual_return': 0.005920816453723665, 'pnl': 22.05496178305912, 'exit_reason': 'early_exit'}, {'date': Timestamp('2017-07-06 00:00:00'), 'exit_date': Timestamp('2017-07-07 00:00:00'), 'ticker': 'HRG', 'sector': 'Conglomerates', 'allocated_amount': 9052.476131984551, 'prob_up': 0.9135766625404358, 'expected_rise': 0.006258668377995491, 'actual_return': 0.00628930817610085, 'pnl': 56.93381215084823, 'exit_reason': 'early_exit'}, {'date': Timestamp('2017-07-06 00:00:00'), 'exit_date': Timestamp('2017-07-07 00:00:00'), 'ticker': 'PCLN', 'sector': 'Services', 'allocated_amount': 4545.383285231098, 'prob_up': 0.8263260722160339, 'expected_rise': 0.004816484171897173, 'actual_return': 0.024675505950382037, 'pnl': 112.15963230148701, 'exit_reason': 'early_exit'}]","[{'ticker': 'UN', 'sector': 'Consumer Goods', 'prob_up': 0.9561272263526917, 'predicted_prob': 0.9561272263526917, 'expected_rise': 0.005165437702089548, 'bucket_idx': 5, 'investment_fraction': 0.1, 'investment_amount': 7692.755127961781, 'allocated_amount': 7692.755127961781, 'exit_date': Timestamp('2017-07-14 00:00:00')}, {'ticker': 'CMCSA', 'sector': 'Services', 'prob_up': 0.9157952070236206, 'predicted_prob': 0.9157952070236206, 'expected_rise': 0.004741974640637636, 'bucket_idx': 5, 'investment_fraction': 0.1, 'investment_amount': 4400.150856765883, 'allocated_amount': 4400.150856765883, 'exit_date': Timestamp('2017-07-14 00:00:00')}, {'ticker': 'HRG', 'sector': 'Conglomerates', 'prob_up': 0.9123457074165344, 'predicted_prob': 0.9123457074165344, 'expected_rise': 0.006245352793484926, 'bucket_idx': 5, 'investment_fraction': 0.1, 'investment_amount': 9069.679488545738, 'allocated_amount': 9069.679488545738, 'exit_date': Timestamp('2017-07-14 00:00:00')}, {'ticker': 'MSFT', 'sector': 'Technology', 'prob_up': 0.5562433004379272, 'predicted_prob': 0.5562433004379272, 'expected_rise': 0.005527904722839594, 'bucket_idx': 5, 'investment_fraction': 0.030183913724933488, 'investment_amount': 9069.679488545742, 'allocated_amount': 9069.679488545742, 'exit_date': Timestamp('2017-07-14 00:00:00')}]",5,100000.0,853,True,True,42,/mnt/primary/simulation/trained_models_multiclass_meta,12,12,0.2,0.3,200,5,60,1.0,0.0001,0.3,True,True,0.3,0.7,0.3,0.5,0.5,0.1,3,100.0,0.5,"[[0.08, 0.6], [0.15, 0.35]]",meta_emotion,nlp,0.1259823649942869,GRU,6,coral,20,128,128,2,0.3,0.3,0.0005466347365856,0.0003650001848317,64,50,10,0.0041366748730481,5,0.8,5,0.1411251559858494,0.7276744145783006,1.793808725179512,21,0.2057532757859396,0.7138661773078487,21,0.0647282490194046,4
2017-07-10,74223.77177767358,44060.06880543969,100545.676574113,100545.676574113,-228.53996528418412,-0.002267841647717761,2,MPT_ONLY,30163.702972233896,30163.702972233892,True,False,"{'SNP': 0.14840128956556217, 'HRG': 0.29999999999999954, 'PEP': 5.21772295508649e-17, 'V': 0.03186089493176527, 'PFE': 4.6566483308252415e-17, 'BA': 5.979374981257557e-17, 'PCLN': 0.11059267453697699, 'VZ': 0.2999999999999996, 'PCG': 0.10914514096569627}","[{'date': Timestamp('2017-06-30 00:00:00'), 'exit_date': Timestamp('2017-07-10 00:00:00'), 'ticker': 'VZ', 'sector': 'Technology', 'allocated_amount': 8338.064851326086, 'prob_up': 0.9241506457328796, 'expected_rise': 0.0050727869383990765, 'actual_return': -0.03269142409314818, 'pnl': -272.5832141708736, 'exit_reason': 'scheduled'}, {'date': Timestamp('2017-07-07 00:00:00'), 'exit_date': Timestamp('2017-07-10 00:00:00'), 'ticker': 'UN', 'sector': 'Consumer Goods', 'allocated_amount': 7692.755127961781, 'prob_up': 0.9561272263526917, 'expected_rise': 0.005165437702089548, 'actual_return': 0.008404878494427281, 'pnl': 64.65667213790117, 'exit_reason': 'early_exit'}, {'date': Timestamp('2017-07-07 00:00:00'), 'exit_date': Timestamp('2017-07-10 00:00:00'), 'ticker': 'HRG', 'sector': 'Conglomerates', 'allocated_amount': 9069.679488545738, 'prob_up': 0.9123457074165344, 'expected_rise': 0.006245352793484926, 'actual_return': -0.0022727840909091412, 'pnl': -20.61342325121171, 'exit_reason': 'early_exit'}]","[{'ticker': 'VZ', 'sector': 'Technology', 'prob_up': 0.9744184613227844, 'predicted_prob': 0.9744184613227844, 'expected_rise': 0.006213488057255745, 'bucket_idx': 5, 'investment_fraction': 0.1, 'investment_amount': 9049.110891670156, 'allocated_amount': 9049.110891670156, 'exit_date': Timestamp('2017-07-17 00:00:00')}, {'ticker': 'HRG', 'sector': 'Conglomerates', 'prob_up': 0.9098359942436218, 'predicted_prob': 0.9098359942436218, 'expected_rise': 0.006218307185918093, 'bucket_idx': 5, 'investment_fraction': 0.1, 'investment_amount': 9049.110891670154, 'allocated_amount': 9049.110891670154, 'exit_date': Timestamp('2017-07-17 00:00:00')}, {'ticker': 'SNP', 'sector': 'Basic Matierials', 'prob_up': 0.8719303011894226, 'predicted_prob': 0.8719303011894226, 'expected_rise': 0.0048674955032765865, 'bucket_idx': 5, 'investment_fraction': 0.1, 'investment_amount': 4476.332419152091, 'allocated_amount': 4476.332419152091, 'exit_date': Timestamp('2017-07-17 00:00:00')}, {'ticker': 'PCLN', 'sector': 'Services', 'prob_up': 0.8126603960990906, 'predicted_prob': 0.8126603960990906, 'expected_rise': 0.004555786494165659, 'bucket_idx': 5, 'investment_fraction': 0.1, 'investment_amount': 3335.8845856383086, 'allocated_amount': 3335.8845856383086, 'exit_date': Timestamp('2017-07-17 00:00:00')}, {'ticker': 'PCG', 'sector': 'Utilities', 'prob_up': 0.676752507686615, 'predicted_prob': 0.676752507686615, 'expected_rise': 0.004503677133470774, 'bucket_idx': 5, 'investment_fraction': 0.07675467317686017, 'investment_amount': 3292.22161295186, 'allocated_amount': 3292.22161295186, 'exit_date': Timestamp('2017-07-17 00:00:00')}, {'ticker': 'V', 'sector': 'Financial', 'prob_up': 0.6035338640213013, 'predicted_prob': 0.6035338640213013, 'expected_rise': 0.003871391760185361, 'bucket_idx': 5, 'investment_fraction': 0.05226018016895678, 'investment_amount': 961.04257115132, 'allocated_amount': 961.04257115132, 'exit_date': Timestamp('2017-07-17 00:00:00')}]",5,100000.0,853,True,True,42,/mnt/primary/simulation/trained_models_multiclass_meta,12,12,0.2,0.3,200,5,60,1.0,0.0001,0.3,True,True,0.3,0.7,0.3,0.5,0.5,0.1,3,100.0,0.5,"[[0.08, 0.6], [0.15, 0.35]]",meta_emotion,nlp,0.1259823649942869,GRU,6,coral,20,128,128,2,0.3,0.3,0.0005466347365856,0.0003650001848317,64,50,10,0.0041366748730481,5,0.8,5,0.1411251559858494,0.7276744145783006,1.793808725179512,21,0.2057532757859396,0.7138661773078487,21,0.0647282490194046,4
2017-07-11,61863.71681195781,31705.63057805205,100526.95411301924,100526.95411301924,-18.722461093750614,-0.00018620851469386412,4,MPT_ONLY,30158.08623390577,30158.08623390577,True,False,"{'SNP': 0.17166392823560908, 'HRG': 0.2999999999999998, 'PM': 3.686287386450715e-18, 'V': 0.019619834892666457, 'MRK': 1.8648277366750676e-17, 'DHR': 0.12867200298471587, 'PCLN': 0.08004423388700882, 'TSM': 0.3, 'PCG': 7.047314121155779e-18}","[{'date': Timestamp('2017-07-10 00:00:00'), 'exit_date': Timestamp('2017-07-11 00:00:00'), 'ticker': 'HRG', 'sector': 'Conglomerates', 'allocated_amount': 9049.110891670154, 'prob_up': 0.9098359942436218, 'expected_rise': 0.006218307185918093, 'actual_return': -0.007403132540041768, 'pnl': -66.99176730056969, 'exit_reason': 'early_exit'}, {'date': Timestamp('2017-07-10 00:00:00'), 'exit_date': Timestamp('2017-07-11 00:00:00'), 'ticker': 'SNP', 'sector': 'Basic Matierials', 'allocated_amount': 4476.332419152091, 'prob_up': 0.8719303011894226, 'expected_rise': 0.0048674955032765865, 'actual_return': 0.00721831639035031, 'pnl': 32.31158366982199, 'exit_reason': 'early_exit'}, {'date': Timestamp('2017-07-10 00:00:00'), 'exit_date': Timestamp('2017-07-11 00:00:00'), 'ticker': 'PCLN', 'sector': 'Services', 'allocated_amount': 3335.8845856383086, 'prob_up': 0.8126603960990906, 'expected_rise': 0.004555786494165659, 'actual_return': 0.003814133584811863, 'pnl': 12.723509433139277, 'exit_reason': 'early_exit'}, {'date': Timestamp('2017-07-10 00:00:00'), 'exit_date': Timestamp('2017-07-11 00:00:00'), 'ticker': 'V', 'sector': 'Financial', 'allocated_amount': 961.04257115132, 'prob_up': 0.6035338640213013, 'expected_rise': 0.003871391760185361, 'actual_return': 0.0033653172096042017, 'pnl': 3.2342131038578077, 'exit_reason': 'early_exit'}]","[{'ticker': 'HRG', 'sector': 'Conglomerates', 'prob_up': 0.9059500098228455, 'predicted_prob': 0.9059500098228455, 'expected_rise': 0.006176677066832781, 'bucket_idx': 5, 'investment_fraction': 0.1, 'investment_amount': 9047.425870171726, 'allocated_amount': 9047.425870171726, 'exit_date': Timestamp('2017-07-18 00:00:00')}, {'ticker': 'SNP', 'sector': 'Basic Matierials', 'prob_up': 0.8734906911849976, 'predicted_prob': 0.8734906911849976, 'expected_rise': 0.0049035511910915375, 'bucket_idx': 5, 'investment_fraction': 0.1, 'investment_amount': 5177.055550980511, 'allocated_amount': 5177.055550980511, 'exit_date': Timestamp('2017-07-18 00:00:00')}, {'ticker': 'PCLN', 'sector': 'Services', 'prob_up': 0.8065555095672607, 'predicted_prob': 0.8065555095672607, 'expected_rise': 0.004442072939127684, 'bucket_idx': 5, 'investment_fraction': 0.1, 'investment_amount': 2413.9809080913346, 'allocated_amount': 2413.9809080913346, 'exit_date': Timestamp('2017-07-18 00:00:00')}, {'ticker': 'DHR', 'sector': 'Industrial Goods', 'prob_up': 0.7939317226409912, 'predicted_prob': 0.7939317226409912, 'expected_rise': 0.004664646461606026, 'bucket_idx': 5, 'investment_fraction': 0.1, 'investment_amount': 3880.501361902442, 'allocated_amount': 3880.501361902442, 'exit_date': Timestamp('2017-07-18 00:00:00')}, {'ticker': 'V', 'sector': 'Financial', 'prob_up': 0.6258625388145447, 'predicted_prob': 0.6258625388145447, 'expected_rise': 0.004089282359927893, 'bucket_idx': 5, 'investment_fraction': 0.06054016580085547, 'investment_amount': 591.6966725880284, 'allocated_amount': 591.6966725880284, 'exit_date': Timestamp('2017-07-18 00:00:00')}, {'ticker': 'TSM', 'sector': 'Technology', 'prob_up': 0.6023003458976746, 'predicted_prob': 0.6023003458976746, 'expected_rise': 0.005596579052507877, 'bucket_idx': 5, 'investment_fraction': 0.048621125657835176, 'investment_amount': 9047.425870171732, 'allocated_amount': 9047.425870171726, 'exit_date': Timestamp('2017-07-18 00:00:00')}]",5,100000.0,853,True,True,42,/mnt/primary/simulation/trained_models_multiclass_meta,12,12,0.2,0.3,200,5,60,1.0,0.0001,0.3,True,True,0.3,0.7,0.3,0.5,0.5,0.1,3,100.0,0.5,"[[0.08, 0.6], [0.15, 0.35]]",meta_emotion,nlp,0.1259823649942869,GRU,6,coral,20,128,128,2,0.3,0.3,0.0005466347365856,0.0003650001848317,64,50,10,0.0041366748730481,5,0.8,5,0.1411251559858494,0.7276744145783006,1.793808725179512,21,0.2057532757859396,0.7138661773078487,21,0.0647282490194046,4
2017-07-12,62065.02742670206,31846.548008373007,100728.26472776348,100728.26472776347,201.3106147442297,0.002002553608835278,6,MPT_ONLY,30218.479418329043,30218.47941832904,True,False,"{'PTR': 0.3, 'REX': 0.07462255674399865, 'UN': 0.2999999999999999, 'V': 2.947529560306589e-17, 'PFE': 0.0, 'CAT': 8.461900042727141e-17, 'AMZN': 0.025377443256001702, 'MSFT': 0.29999999999999977, 'PCG': 0.0}","[{'date': Timestamp('2017-07-11 00:00:00'), 'exit_date': Timestamp('2017-07-12 00:00:00'), 'ticker': 'HRG', 'sector': 'Conglomerates', 'allocated_amount': 9047.425870171726, 'prob_up': 0.9059500098228455, 'expected_rise': 0.006176677066832781, 'actual_return': 0.0022948364888124573, 'pnl': 20.762363016695875, 'exit_reason': 'early_exit'}, {'date': Timestamp('2017-07-11 00:00:00'), 'exit_date': Timestamp('2017-07-12 00:00:00'), 'ticker': 'SNP', 'sector': 'Basic Matierials', 'allocated_amount': 5177.055550980511, 'prob_up': 0.8734906911849976, 'expected_rise': 0.0049035511910915375, 'actual_return': 0.011005899808112396, 'pnl': 56.97815469512362, 'exit_reason': 'early_exit'}, {'date': Timestamp('2017-07-11 00:00:00'), 'exit_date': Timestamp('2017-07-12 00:00:00'), 'ticker': 'PCLN', 'sector': 'Services', 'allocated_amount': 2413.9809080913346, 'prob_up': 0.8065555095672607, 'expected_rise': 0.004442072939127684, 'actual_return': 0.00882773749482113, 'pnl': 21.309989774140238, 'exit_reason': 'early_exit'}, {'date': Timestamp('2017-07-11 00:00:00'), 'exit_date': Timestamp('2017-07-12 00:00:00'), 'ticker': 'DHR', 'sector': 'Industrial Goods', 'allocated_amount': 3880.501361902442, 'prob_up': 0.7939317226409912, 'expected_rise': 0.004664646461606026, 'actual_return': 0.0046931409071755414, 'pnl': 18.211739681894752, 'exit_reason': 'early_exit'}, {'date': Timestamp('2017-07-11 00:00:00'), 'exit_date': Timestamp('2017-07-12 00:00:00'), 'ticker': 'V', 'sector': 'Financial', 'allocated_amount': 591.6966725880284, 'prob_up': 0.6258625388145447, 'expected_rise': 0.004089282359927893, 'actual_return': 0.008070390605999789, 'pnl': 4.775223268055757, 'exit_reason': 'early_exit'}, {'date': Timestamp('2017-07-11 00:00:00'), 'exit_date': Timestamp('2017-07-12 00:00:00'), 'ticker': 'TSM', 'sector': 'Technology', 'allocated_amount': 9047.425870171726, 'prob_up': 0.6023003458976746, 'expected_rise': 0.005596579052507877, 'actual_return': 0.008761955659639442, 'pnl': 79.27314430831946, 'exit_reason': 'early_exit'}]","[{'ticker': 'PTR', 'sector': 'Basic Matierials', 'prob_up': 0.9920028448104858, 'predicted_prob': 0.9920028448104858, 'expected_rise': 0.010900435037910938, 'bucket_idx': 5, 'investment_fraction': 0.1, 'investment_amount': 9065.543825498713, 'allocated_amount': 9065.543825498713, 'exit_date': Timestamp('2017-07-19 00:00:00')}, {'ticker': 'UN', 'sector': 'Consumer Goods', 'prob_up': 0.9571603536605835, 'predicted_prob': 0.9571603536605835, 'expected_rise': 0.005177655257284641, 'bucket_idx': 5, 'investment_fraction': 0.1, 'investment_amount': 9065.54382549871, 'allocated_amount': 9065.54382549871, 'exit_date': Timestamp('2017-07-19 00:00:00')}, {'ticker': 'AMZN', 'sector': 'Services', 'prob_up': 0.532097339630127, 'predicted_prob': 0.532097339630127, 'expected_rise': 0.004417961463332176, 'bucket_idx': 5, 'investment_fraction': 0.019920604671393363, 'investment_amount': 766.8677467213006, 'allocated_amount': 766.8677467213006, 'exit_date': Timestamp('2017-07-19 00:00:00')}, {'ticker': 'REX', 'sector': 'Conglomerates', 'prob_up': 0.5274649858474731, 'predicted_prob': 0.5274649858474731, 'expected_rise': 0.004586544819176197, 'bucket_idx': 5, 'investment_fraction': 0.023382227101895404, 'investment_amount': 2254.980195111614, 'allocated_amount': 2254.980195111614, 'exit_date': Timestamp('2017-07-19 00:00:00')}, {'ticker': 'MSFT', 'sector': 'Technology', 'prob_up': 0.49705615639686584, 'predicted_prob': 0.49705615639686584, 'expected_rise': 0.005442170891910791, 'bucket_idx': 0, 'investment_fraction': 0.007441247930965756, 'investment_amount': 9065.543825498706, 'allocated_amount': 9065.543825498702, 'exit_date': Timestamp('2017-07-19 00:00:00')}]",5,100000.0,853,True,True,42,/mnt/primary/simulation/trained_models_multiclass_meta,12,12,0.2,0.3,200,5,60,1.0,0.0001,0.3,True,True,0.3,0.7,0.3,0.5,0.5,0.1,3,100.0,0.5,"[[0.08, 0.6], [0.15, 0.35]]",meta_emotion,nlp,0.1259823649942869,GRU,6,coral,20,128,128,2,0.3,0.3,0.0005466347365856,0.0003650001848317,64,50,10,0.0041366748730481,5,0.8,5,0.1411251559858494,0.7276744145783006,1.793808725179512,21,0.2057532757859396,0.7138661773078487,21,0.0647282490194046,4
2017-07-13,64086.52724766935,33721.06301220538,101218.2141182133,101218.2141182133,489.94939044983755,0.004864070594028602,3,MPT_ONLY,30365.46423546399,30365.46423546398,True,False,"{'PTR': 0.2999999999999999, 'REX': 0.2999999999999999, 'PM': 3.625262451111947e-18, 'V': 0.016916863522601543, 'MRK': 1.169189103310882e-16, 'BA': 1.101560949780625e-16, 'PCLN': 0.08308313647739862, 'VZ': 0.29999999999999977, 'PPL': 1.2669809754513003e-16}","[{'date': Timestamp('2017-07-06 00:00:00'), 'exit_date': Timestamp('2017-07-13 00:00:00'), 'ticker': 'PCG', 'sector': 'Utilities', 'allocated_amount': 5937.283493660194, 'prob_up': 0.750669002532959, 'expected_rise': 0.005183563567698002, 'actual_return': 0.015181690157670458, 'pnl': 90.13799837900024, 'exit_reason': 'scheduled'}, {'date': Timestamp('2017-07-06 00:00:00'), 'exit_date': Timestamp('2017-07-13 00:00:00'), 'ticker': 'MSFT', 'sector': 'Technology', 'allocated_amount': 6914.7909574675905, 'prob_up': 0.5673660635948181, 'expected_rise': 0.005532070063054562, 'actual_return': 0.04666759515823271, 'pnl': 322.69666500690585, 'exit_reason': 'scheduled'}, {'date': Timestamp('2017-07-12 00:00:00'), 'exit_date': Timestamp('2017-07-13 00:00:00'), 'ticker': 'PTR', 'sector': 'Basic Matierials', 'allocated_amount': 9065.543825498713, 'prob_up': 0.9920028448104858, 'expected_rise': 0.010900435037910938, 'actual_return': 0.004531461328184827, 'pnl': 41.08016126421216, 'exit_reason': 'early_exit'}, {'date': Timestamp('2017-07-12 00:00:00'), 'exit_date': Timestamp('2017-07-13 00:00:00'), 'ticker': 'UN', 'sector': 'Consumer Goods', 'allocated_amount': 9065.54382549871, 'prob_up': 0.9571603536605835, 'expected_rise': 0.005177655257284641, 'actual_return': 0.0044690740877559865, 'pnl': 40.51458700195256, 'exit_reason': 'early_exit'}, {'date': Timestamp('2017-07-12 00:00:00'), 'exit_date': Timestamp('2017-07-13 00:00:00'), 'ticker': 'AMZN', 'sector': 'Services', 'allocated_amount': 766.8677467213006, 'prob_up': 0.532097339630127, 'expected_rise': 0.004417961463332176, 'actual_return': -0.005841973692839897, 'pnl': -4.480021202233247, 'exit_reason': 'early_exit'}]","[{'ticker': 'PTR', 'sector': 'Basic Matierials', 'prob_up': 0.9928655624389648, 'predicted_prob': 0.9928655624389648, 'expected_rise': 0.010949152521789074, 'bucket_idx': 5, 'investment_fraction': 0.1, 'investment_amount': 9109.639270639194, 'allocated_amount': 9109.639270639194, 'exit_date': Timestamp('2017-07-20 00:00:00')}, {'ticker': 'VZ', 'sector': 'Technology', 'prob_up': 0.970788300037384, 'predicted_prob': 0.970788300037384, 'expected_rise': 0.006121593061834574, 'bucket_idx': 5, 'investment_fraction': 0.1, 'investment_amount': 9109.63927063919, 'allocated_amount': 9109.63927063919, 'exit_date': Timestamp('2017-07-20 00:00:00')}, {'ticker': 'PCLN', 'sector': 'Services', 'prob_up': 0.8051784038543701, 'predicted_prob': 0.8051784038543701, 'expected_rise': 0.004416651092469692, 'bucket_idx': 5, 'investment_fraction': 0.1, 'investment_amount': 2522.8580092746215, 'allocated_amount': 2522.8580092746215, 'exit_date': Timestamp('2017-07-20 00:00:00')}, {'ticker': 'V', 'sector': 'Financial', 'prob_up': 0.6235597133636475, 'predicted_prob': 0.6235597133636475, 'expected_rise': 0.00406652269884944, 'bucket_idx': 5, 'investment_fraction': 0.059706599757223325, 'investment_amount': 513.6884142717826, 'allocated_amount': 513.6884142717826, 'exit_date': Timestamp('2017-07-20 00:00:00')}, {'ticker': 'REX', 'sector': 'Conglomerates', 'prob_up': 0.5898612141609192, 'predicted_prob': 0.5898612141609192, 'expected_rise': 0.005653897300362587, 'bucket_idx': 5, 'investment_fraction': 0.04656262850732065, 'investment_amount': 9109.639270639194, 'allocated_amount': 9109.639270639194, 'exit_date': Timestamp('2017-07-20 00:00:00')}]",5,100000.0,853,True,True,42,/mnt/primary/simulation/trained_models_multiclass_meta,12,12,0.2,0.3,200,5,60,1.0,0.0001,0.3,True,True,0.3,0.7,0.3,0.5,0.5,0.1,3,100.0,0.5,"[[0.08, 0.6], [0.15, 0.35]]",meta_emotion,nlp,0.1259823649942869,GRU,6,coral,20,128,128,2,0.3,0.3,0.0005466347365856,0.0003650001848317,64,50,10,0.0041366748730481,5,0.8,5,0.1411251559858494,0.7276744145783006,1.793808725179512,21,0.2057532757859396,0.7138661773078487,21,0.0647282490194046,4
2017-07-14,59988.66309747596,30560.939449196012,101869.79816398668,101869.79816398668,651.5840457733577,0.006437418911702908,3,MPT_ONLY,30560.939449196,29427.72364827995,True,False,"{'PTR': 0.29999999999999993, 'REX': 0.2845862163195002, 'UN': 2.0816681711721682e-17, 'V': 0.0, 'MRK': 0.0, 'DHR': 0.0, 'PCLN': 0.0, 'VZ': 0.17621739182393067, 'NEE': 0.23919639185656918}","[{'date': Timestamp('2017-07-07 00:00:00'), 'exit_date': Timestamp('2017-07-14 00:00:00'), 'ticker': 'CMCSA', 'sector': 'Services', 'allocated_amount': 4400.150856765883, 'prob_up': 0.9157952070236206, 'expected_rise': 0.004741974640637636, 'actual_return': 0.016333964220897057, 'pnl': 71.87190666096346, 'exit_reason': 'scheduled'}, {'date': Timestamp('2017-07-07 00:00:00'), 'exit_date': Timestamp('2017-07-14 00:00:00'), 'ticker': 'MSFT', 'sector': 'Technology', 'allocated_amount': 9069.679488545742, 'prob_up': 0.5562433004379272, 'expected_rise': 0.005527904722839594, 'actual_return': 0.04779729409440403, 'pnl': 433.5061378560048, 'exit_reason': 'scheduled'}, {'date': Timestamp('2017-07-13 00:00:00'), 'exit_date': Timestamp('2017-07-14 00:00:00'), 'ticker': 'PTR', 'sector': 'Basic Matierials', 'allocated_amount': 9109.639270639194, 'prob_up': 0.9928655624389648, 'expected_rise': 0.010949152521789074, 'actual_return': 0.014016416948606336, 'pnl': 127.68450226867706, 'exit_reason': 'early_exit'}, {'date': Timestamp('2017-07-13 00:00:00'), 'exit_date': Timestamp('2017-07-14 00:00:00'), 'ticker': 'PCLN', 'sector': 'Services', 'allocated_amount': 2522.8580092746215, 'prob_up': 0.8051784038543701, 'expected_rise': 0.004416651092469692, 'actual_return': 0.005240399988035049, 'pnl': 13.220785081616855, 'exit_reason': 'early_exit'}, {'date': Timestamp('2017-07-13 00:00:00'), 'exit_date': Timestamp('2017-07-14 00:00:00'), 'ticker': 'V', 'sector': 'Financial', 'allocated_amount': 513.6884142717826, 'prob_up': 0.6235597133636475, 'expected_rise': 0.00406652269884944, 'actual_return': 0.010318928281865203, 'pnl': 5.300713906095586, 'exit_reason': 'early_exit'}]","[{'ticker': 'PTR', 'sector': 'Basic Matierials', 'prob_up': 0.9937301874160767, 'predicted_prob': 0.9937301874160767, 'expected_rise': 0.010998288169503212, 'bucket_idx': 5, 'investment_fraction': 0.1, 'investment_amount': 9168.281834758798, 'allocated_amount': 9168.281834758798, 'exit_date': Timestamp('2017-07-21 00:00:00')}, {'ticker': 'VZ', 'sector': 'Technology', 'prob_up': 0.9695140719413757, 'predicted_prob': 0.9695140719413757, 'expected_rise': 0.0060897343792021275, 'bucket_idx': 5, 'investment_fraction': 0.1, 'investment_amount': 5385.369041426392, 'allocated_amount': 5385.369041426392, 'exit_date': Timestamp('2017-07-21 00:00:00')}, {'ticker': 'NEE', 'sector': 'Utilities', 'prob_up': 0.9132671356201172, 'predicted_prob': 0.9132671356201172, 'expected_rise': 0.006394584197551012, 'bucket_idx': 5, 'investment_fraction': 0.1, 'investment_amount': 7310.06644799477, 'allocated_amount': 7310.06644799477, 'exit_date': Timestamp('2017-07-21 00:00:00')}, {'ticker': 'REX', 'sector': 'Conglomerates', 'prob_up': 0.6543967127799988, 'predicted_prob': 0.6543967127799988, 'expected_rise': 0.0067709069699049, 'bucket_idx': 5, 'investment_fraction': 0.070600286615691, 'investment_amount': 8697.22212501604, 'allocated_amount': 7564.006324099988, 'exit_date': Timestamp('2017-07-21 00:00:00')}]",5,100000.0,853,True,True,42,/mnt/primary/simulation/trained_models_multiclass_meta,12,12,0.2,0.3,200,5,60,1.0,0.0001,0.3,True,True,0.3,0.7,0.3,0.5,0.5,0.1,3,100.0,0.5,"[[0.08, 0.6], [0.15, 0.35]]",meta_emotion,nlp,0.1259823649942869,GRU,6,coral,20,128,128,2,0.3,0.3,0.0005466347365856,0.0003650001848317,64,50,10,0.0041366748730481,5,0.8,5,0.1411251559858494,0.7276744145783006,1.793808725179512,21,0.2057532757859396,0.7138661773078487,21,0.0647282490194046,4
2017-07-17,59425.826387776746,38023.67548158647,101915.00431519182,101915.00431519182,45.20615120515154,0.00044376402054280284,2,MPT_ONLY,30574.501294557544,21402.150906190276,True,False,"{'SNP': 0.0, 'REX': 0.2999999999999999, 'PM': 6.169040809612933e-17, 'V': 2.7373710512983977e-16, 'MRK': 0.0, 'DHR': 0.03909793067273613, 'CMCSA': 0.06090206932726356, 'VZ': 0.30000000000000004, 'NEE': 0.30000000000000004}","[{'date': Timestamp('2017-07-10 00:00:00'), 'exit_date': Timestamp('2017-07-17 00:00:00'), 'ticker': 'VZ', 'sector': 'Technology', 'allocated_amount': 9049.110891670156, 'prob_up': 0.9744184613227844, 'expected_rise': 0.006213488057255745, 'actual_return': 0.010648124753515509, 'pnl': 96.35606168289979, 'exit_reason': 'scheduled'}, {'date': Timestamp('2017-07-10 00:00:00'), 'exit_date': Timestamp('2017-07-17 00:00:00'), 'ticker': 'PCG', 'sector': 'Utilities', 'allocated_amount': 3292.22161295186, 'prob_up': 0.676752507686615, 'expected_rise': 0.004503677133470774, 'actual_return': 0.02182608428607713, 'pnl': 71.8563064127321, 'exit_reason': 'scheduled'}, {'date': Timestamp('2017-07-14 00:00:00'), 'exit_date': Timestamp('2017-07-17 00:00:00'), 'ticker': 'PTR', 'sector': 'Basic Matierials', 'allocated_amount': 9168.281834758798, 'prob_up': 0.9937301874160767, 'expected_rise': 0.010998288169503212, 'actual_return': -0.009532872728517106, 'pnl': -87.40006386993092, 'exit_reason': 'early_exit'}, {'date': Timestamp('2017-07-14 00:00:00'), 'exit_date': Timestamp('2017-07-17 00:00:00'), 'ticker': 'NEE', 'sector': 'Utilities', 'allocated_amount': 7310.06644799477, 'prob_up': 0.9132671356201172, 'expected_rise': 0.006394584197551012, 'actual_return': -0.004870838490164009, 'pnl': -35.60615302054943, 'exit_reason': 'early_exit'}]","[{'ticker': 'VZ', 'sector': 'Technology', 'prob_up': 0.9709129333496094, 'predicted_prob': 0.9709129333496094, 'expected_rise': 0.006124718114733696, 'bucket_idx': 5, 'investment_fraction': 0.1, 'investment_amount': 9172.350388367264, 'allocated_amount': 9172.350388367264, 'exit_date': Timestamp('2017-07-24 00:00:00')}, {'ticker': 'CMCSA', 'sector': 'Services', 'prob_up': 0.9547611474990845, 'predicted_prob': 0.9547611474990845, 'expected_rise': 0.005105885211378336, 'bucket_idx': 5, 'investment_fraction': 0.1, 'investment_amount': 1862.050397487653, 'allocated_amount': 1862.050397487653, 'exit_date': Timestamp('2017-07-24 00:00:00')}, {'ticker': 'NEE', 'sector': 'Utilities', 'prob_up': 0.9018336534500122, 'predicted_prob': 0.9018336534500122, 'expected_rise': 0.006230617873370647, 'bucket_idx': 5, 'investment_fraction': 0.1, 'investment_amount': 9172.350388367264, 'allocated_amount': 9172.350388367264, 'exit_date': Timestamp('2017-07-24 00:00:00')}, {'ticker': 'DHR', 'sector': 'Industrial Goods', 'prob_up': 0.8338733315467834, 'predicted_prob': 0.8338733315467834, 'expected_rise': 0.004954734817147255, 'bucket_idx': 5, 'investment_fraction': 0.1, 'investment_amount': 1195.3997319680918, 'allocated_amount': 1195.3997319680918, 'exit_date': Timestamp('2017-07-24 00:00:00')}]",5,100000.0,853,True,True,42,/mnt/primary/simulation/trained_models_multiclass_meta,12,12,0.2,0.3,200,5,60,1.0,0.0001,0.3,True,True,0.3,0.7,0.3,0.5,0.5,0.1,3,100.0,0.5,"[[0.08, 0.6], [0.15, 0.35]]",meta_emotion,nlp,0.1259823649942869,GRU,6,coral,20,128,128,2,0.3,0.3,0.0005466347365856,0.0003650001848317,64,50,10,0.0041366748730481,5,0.8,5,0.1411251559858494,0.7276744145783006,1.793808725179512,21,0.2057532757859396,0.7138661773078487,21,0.0647282490194046,4
2017-07-18,48425.40005842885,36191.522605825,101948.97877169885,101948.97877169885,33.97445650702613,0.00033336069340639263,2,MPT_ONLY,30584.693631509654,12233.877452603861,True,False,"{'PTR': 0.3, 'REX': 0.3, 'PM': 0.0, 'V': 0.012142704101727388, 'JNJ': 6.041394525936586e-17, 'CAT': 0.011210019522045244, 'CHTR': 0.07664727637622729, 'VZ': 0.3000000000000001, 'SRE': 0.0}","[{'date': Timestamp('2017-07-17 00:00:00'), 'exit_date': Timestamp('2017-07-18 00:00:00'), 'ticker': 'NEE', 'sector': 'Utilities', 'allocated_amount': 9172.350388367264, 'prob_up': 0.9018336534500122, 'expected_rise': 0.006230617873370647, 'actual_return': 0.0036887564468415235, 'pnl': 33.8345666277791, 'exit_reason': 'early_exit'}, {'date': Timestamp('2017-07-17 00:00:00'), 'exit_date': Timestamp('2017-07-18 00:00:00'), 'ticker': 'DHR', 'sector': 'Industrial Goods', 'allocated_amount': 1195.3997319680918, 'prob_up': 0.8338733315467834, 'expected_rise': 0.004954734817147255, 'actual_return': 0.00011702351565423541, 'pnl': 0.1398898792470368, 'exit_reason': 'early_exit'}]","[{'ticker': 'PTR', 'sector': 'Basic Matierials', 'prob_up': 0.9953481554985046, 'predicted_prob': 0.9953481554985046, 'expected_rise': 0.011091122403740883, 'bucket_idx': 5, 'investment_fraction': 0.1, 'investment_amount': 9175.408089452896, 'allocated_amount': 9175.408089452896, 'exit_date': Timestamp('2017-07-25 00:00:00')}, {'ticker': 'CAT', 'sector': 'Industrial Goods', 'prob_up': 0.678946852684021, 'predicted_prob': 0.678946852684021, 'expected_rise': 0.003492646152153611, 'bucket_idx': 5, 'investment_fraction': 0.07392146440343571, 'investment_amount': 342.85501268499604, 'allocated_amount': 342.85501268499604, 'exit_date': Timestamp('2017-07-25 00:00:00')}, {'ticker': 'CHTR', 'sector': 'Services', 'prob_up': 0.5698856115341187, 'predicted_prob': 0.5698856115341187, 'expected_rise': 0.004088662564754486, 'bucket_idx': 5, 'investment_fraction': 0.04459537400792233, 'investment_amount': 2344.233465656559, 'allocated_amount': 2344.233465656559, 'exit_date': Timestamp('2017-07-25 00:00:00')}, {'ticker': 'V', 'sector': 'Financial', 'prob_up': 0.5537670850753784, 'predicted_prob': 0.5537670850753784, 'expected_rise': 0.003406655043363571, 'bucket_idx': 5, 'investment_fraction': 0.03382271151321423, 'investment_amount': 371.3808848094078, 'allocated_amount': 371.3808848094078, 'exit_date': Timestamp('2017-07-25 00:00:00')}]",5,100000.0,853,True,True,42,/mnt/primary/simulation/trained_models_multiclass_meta,12,12,0.2,0.3,200,5,60,1.0,0.0001,0.3,True,True,0.3,0.7,0.3,0.5,0.5,0.1,3,100.0,0.5,"[[0.08, 0.6], [0.15, 0.35]]",meta_emotion,nlp,0.1259823649942869,GRU,6,coral,20,128,128,2,0.3,0.3,0.0005466347365856,0.0003650001848317,64,50,10,0.0041366748730481,5,0.8,5,0.1411251559858494,0.7276744145783006,1.793808725179512,21,0.2057532757859396,0.7138661773078487,21,0.0647282490194046,4
2017-07-19,60281.97599906912,30745.50920751864,102485.0306917288,102485.0306917288,536.0519200299457,0.005258041095540289,4,MPT_ONLY,30745.509207518637,29536.46679155048,True,False,"{'PTR': 0.3, 'REX': 0.3, 'UL': 0.0, 'WFC': 6.108340909492264e-17, 'JNJ': 7.859099292232554e-17, 'DHR': 0.09756240547517228, 'CHTR': 0.0, 'MSFT': 0.14849716604193489, 'NEE': 0.15394042848289274}","[{'date': Timestamp('2017-07-12 00:00:00'), 'exit_date': Timestamp('2017-07-19 00:00:00'), 'ticker': 'REX', 'sector': 'Conglomerates', 'allocated_amount': 2254.980195111614, 'prob_up': 0.5274649858474731, 'expected_rise': 0.004586544819176197, 'actual_return': 0.01607852386801545, 'pnl': 36.25675288900422, 'exit_reason': 'scheduled'}, {'date': Timestamp('2017-07-12 00:00:00'), 'exit_date': Timestamp('2017-07-19 00:00:00'), 'ticker': 'MSFT', 'sector': 'Technology', 'allocated_amount': 9065.543825498702, 'prob_up': 0.49705615639686584, 'expected_rise': 0.005442170891910791, 'actual_return': 0.03808853020130609, 'pnl': 345.2932397887713, 'exit_reason': 'scheduled'}, {'date': Timestamp('2017-07-18 00:00:00'), 'exit_date': Timestamp('2017-07-19 00:00:00'), 'ticker': 'PTR', 'sector': 'Basic Matierials', 'allocated_amount': 9175.408089452896, 'prob_up': 0.9953481554985046, 'expected_rise': 0.011091122403740883, 'actual_return': 0.014820717131474037, 'pnl': 135.98612785962, 'exit_reason': 'early_exit'}, {'date': Timestamp('2017-07-18 00:00:00'), 'exit_date': Timestamp('2017-07-19 00:00:00'), 'ticker': 'CAT', 'sector': 'Industrial Goods', 'allocated_amount': 342.85501268499604, 'prob_up': 0.678946852684021, 'expected_rise': 0.003492646152153611, 'actual_return': 0.0072849350891941445, 'pnl': 2.497676512415031, 'exit_reason': 'early_exit'}, {'date': Timestamp('2017-07-18 00:00:00'), 'exit_date': Timestamp('2017-07-19 00:00:00'), 'ticker': 'CHTR', 'sector': 'Services', 'allocated_amount': 2344.233465656559, 'prob_up': 0.5698856115341187, 'expected_rise': 0.004088662564754486, 'actual_return': 0.005745233935739336, 'pnl': 13.468169660185895, 'exit_reason': 'early_exit'}, {'date': Timestamp('2017-07-18 00:00:00'), 'exit_date': Timestamp('2017-07-19 00:00:00'), 'ticker': 'V', 'sector': 'Financial', 'allocated_amount': 371.3808848094078, 'prob_up': 0.5537670850753784, 'expected_rise': 0.003406655043363571, 'actual_return': 0.006866140461854187, 'pnl': 2.5499533199490836, 'exit_reason': 'early_exit'}]","[{'ticker': 'PTR', 'sector': 'Basic Matierials', 'prob_up': 0.9960333704948425, 'predicted_prob': 0.9960333704948425, 'expected_rise': 0.011130794882774353, 'bucket_idx': 5, 'investment_fraction': 0.1, 'investment_amount': 9223.652762255591, 'allocated_amount': 9223.652762255591, 'exit_date': Timestamp('2017-07-26 00:00:00')}, {'ticker': 'NEE', 'sector': 'Utilities', 'prob_up': 0.8447567224502563, 'predicted_prob': 0.8447567224502563, 'expected_rise': 0.005496665835380554, 'bucket_idx': 5, 'investment_fraction': 0.1, 'investment_amount': 4732.976861330143, 'allocated_amount': 4732.976861330143, 'exit_date': Timestamp('2017-07-26 00:00:00')}, {'ticker': 'DHR', 'sector': 'Industrial Goods', 'prob_up': 0.8335487842559814, 'predicted_prob': 0.8335487842559814, 'expected_rise': 0.004952323157340288, 'bucket_idx': 5, 'investment_fraction': 0.1, 'investment_amount': 2999.605835844576, 'allocated_amount': 2999.605835844576, 'exit_date': Timestamp('2017-07-26 00:00:00')}, {'ticker': 'REX', 'sector': 'Conglomerates', 'prob_up': 0.7579246759414673, 'predicted_prob': 0.7579246759414673, 'expected_rise': 0.008705172687768936, 'bucket_idx': 5, 'investment_fraction': 0.1, 'investment_amount': 9223.652762255591, 'allocated_amount': 9223.652762255591, 'exit_date': Timestamp('2017-07-26 00:00:00')}, {'ticker': 'MSFT', 'sector': 'Technology', 'prob_up': 0.5318827033042908, 'predicted_prob': 0.5318827033042908, 'expected_rise': 0.005505706649273634, 'bucket_idx': 5, 'investment_fraction': 0.02154628032317392, 'investment_amount': 4565.620985832733, 'allocated_amount': 3356.5785698645777, 'exit_date': Timestamp('2017-07-26 00:00:00')}]",5,100000.0,853,True,True,42,/mnt/primary/simulation/trained_models_multiclass_meta,12,12,0.2,0.3,200,5,60,1.0,0.0001,0.3,True,True,0.3,0.7,0.3,0.5,0.5,0.1,3,100.0,0.5,"[[0.08, 0.6], [0.15, 0.35]]",meta_emotion,nlp,0.1259823649942869,GRU,6,coral,20,128,128,2,0.3,0.3,0.0005466347365856,0.0003650001848317,64,50,10,0.0041366748730481,5,0.8,5,0.1411251559858494,0.7276744145783006,1.793808725179512,21,0.2057532757859396,0.7138661773078487,21,0.0647282490194046,4
2017-07-20,69248.8066771991,38511.9359999483,102456.23559083599,102456.23559083599,-28.79510089281829,-0.00028096884684969403,4,MPT_ONLY,30736.870677250794,30736.870677250794,True,False,"{'PTR': 0.2999999999999999, 'REX': 0.29999999999999977, 'PM': 0.0, 'MA': 0.0, 'JNJ': 0.0, 'CAT': 7.716488330792618e-17, 'CHTR': 0.0, 'VZ': 0.29999999999999993, 'NEE': 0.10000000000000038}","[{'date': Timestamp('2017-07-13 00:00:00'), 'exit_date': Timestamp('2017-07-20 00:00:00'), 'ticker': 'VZ', 'sector': 'Technology', 'allocated_amount': 9109.63927063919, 'prob_up': 0.970788300037384, 'expected_rise': 0.006121593061834574, 'actual_return': 0.016785444157947138, 'pnl': 152.90934127635643, 'exit_reason': 'scheduled'}, {'date': Timestamp('2017-07-13 00:00:00'), 'exit_date': Timestamp('2017-07-20 00:00:00'), 'ticker': 'REX', 'sector': 'Conglomerates', 'allocated_amount': 9109.639270639194, 'prob_up': 0.5898612141609192, 'expected_rise': 0.005653897300362587, 'actual_return': -0.015253869778869777, 'pnl': -138.95725116680853, 'exit_reason': 'scheduled'}, {'date': Timestamp('2017-07-19 00:00:00'), 'exit_date': Timestamp('2017-07-20 00:00:00'), 'ticker': 'PTR', 'sector': 'Basic Matierials', 'allocated_amount': 9223.652762255591, 'prob_up': 0.9960333704948425, 'expected_rise': 0.011130794882774353, 'actual_return': -0.002669629396984896, 'pnl': -24.623734561698466, 'exit_reason': 'early_exit'}, {'date': Timestamp('2017-07-19 00:00:00'), 'exit_date': Timestamp('2017-07-20 00:00:00'), 'ticker': 'NEE', 'sector': 'Utilities', 'allocated_amount': 4732.976861330143, 'prob_up': 0.8447567224502563, 'expected_rise': 0.005496665835380554, 'actual_return': 0.011847623162603238, 'pnl': 56.074526290360176, 'exit_reason': 'early_exit'}, {'date': Timestamp('2017-07-19 00:00:00'), 'exit_date': Timestamp('2017-07-20 00:00:00'), 'ticker': 'DHR', 'sector': 'Industrial Goods', 'allocated_amount': 2999.605835844576, 'prob_up': 0.8335487842559814, 'expected_rise': 0.004952323157340288, 'actual_return': -0.030190045107937546, 'pnl': -90.55823549018046, 'exit_reason': 'early_exit'}, {'date': Timestamp('2017-07-19 00:00:00'), 'exit_date': Timestamp('2017-07-20 00:00:00'), 'ticker': 'MSFT', 'sector': 'Technology', 'allocated_amount': 3356.5785698645777, 'prob_up': 0.5318827033042908, 'expected_rise': 0.005505706649273634, 'actual_return': 0.004874086042863768, 'pnl': 16.360252759152566, 'exit_reason': 'early_exit'}]","[{'ticker': 'PTR', 'sector': 'Basic Matierials', 'prob_up': 0.9964805245399475, 'predicted_prob': 0.9964805245399475, 'expected_rise': 0.011156792752444744, 'bucket_idx': 5, 'investment_fraction': 0.1, 'investment_amount': 9221.061203175235, 'allocated_amount': 9221.061203175235, 'exit_date': Timestamp('2017-07-27 00:00:00')}, {'ticker': 'VZ', 'sector': 'Technology', 'prob_up': 0.9828634858131409, 'predicted_prob': 0.9828634858131409, 'expected_rise': 0.006434036884456873, 'bucket_idx': 5, 'investment_fraction': 0.1, 'investment_amount': 9221.061203175235, 'allocated_amount': 9221.061203175235, 'exit_date': Timestamp('2017-07-27 00:00:00')}, {'ticker': 'NEE', 'sector': 'Utilities', 'prob_up': 0.8136658668518066, 'predicted_prob': 0.8136658668518066, 'expected_rise': 0.0051445122808218, 'bucket_idx': 5, 'investment_fraction': 0.1, 'investment_amount': 3073.6870677250913, 'allocated_amount': 3073.6870677250913, 'exit_date': Timestamp('2017-07-27 00:00:00')}, {'ticker': 'REX', 'sector': 'Conglomerates', 'prob_up': 0.7435914278030396, 'predicted_prob': 0.7435914278030396, 'expected_rise': 0.008420063182711601, 'bucket_idx': 5, 'investment_fraction': 0.1, 'investment_amount': 9221.061203175232, 'allocated_amount': 9221.061203175232, 'exit_date': Timestamp('2017-07-27 00:00:00')}]",5,100000.0,853,True,True,42,/mnt/primary/simulation/trained_models_multiclass_meta,12,12,0.2,0.3,200,5,60,1.0,0.0001,0.3,True,True,0.3,0.7,0.3,0.5,0.5,0.1,3,100.0,0.5,"[[0.08, 0.6], [0.15, 0.35]]",meta_emotion,nlp,0.1259823649942869,GRU,6,coral,20,128,128,2,0.3,0.3,0.0005466347365856,0.0003650001848317,64,50,10,0.0041366748730481,5,0.8,5,0.1411251559858494,0.7276744145783006,1.793808725179512,21,0.2057532757859396,0.7138661773078487,21,0.0647282490194046,4
2017-07-21,63530.51528677135,32861.307914401674,102230.69124123233,102230.69124123236,-225.54434960365296,-0.002201372598778506,2,MPT_ONLY,30669.207372369696,30669.20737236968,True,False,"{'SNP': 8.850584349328351e-17, 'HRG': 0.3, 'PM': 0.0, 'MA': 1.6625040686956523e-16, 'JNJ': 0.0, 'CAT': 0.031217930090515468, 'PCLN': 0.06878206990948435, 'VZ': 0.3, 'AEP': 0.29999999999999993}","[{'date': Timestamp('2017-07-14 00:00:00'), 'exit_date': Timestamp('2017-07-21 00:00:00'), 'ticker': 'VZ', 'sector': 'Technology', 'allocated_amount': 5385.369041426392, 'prob_up': 0.9695140719413757, 'expected_rise': 0.0060897343792021275, 'actual_return': 0.015381060252960044, 'pnl': 82.832685710605, 'exit_reason': 'scheduled'}, {'date': Timestamp('2017-07-14 00:00:00'), 'exit_date': Timestamp('2017-07-21 00:00:00'), 'ticker': 'REX', 'sector': 'Conglomerates', 'allocated_amount': 7564.006324099988, 'prob_up': 0.6543967127799988, 'expected_rise': 0.0067709069699049, 'actual_return': -0.02620613589251808, 'pnl': -198.22337762123044, 'exit_reason': 'scheduled'}, {'date': Timestamp('2017-07-20 00:00:00'), 'exit_date': Timestamp('2017-07-21 00:00:00'), 'ticker': 'PTR', 'sector': 'Basic Matierials', 'allocated_amount': 9221.061203175235, 'prob_up': 0.9964805245399475, 'expected_rise': 0.011156792752444744, 'actual_return': -0.014013525870367749, 'pnl': -129.21957972294052, 'exit_reason': 'early_exit'}, {'date': Timestamp('2017-07-20 00:00:00'), 'exit_date': Timestamp('2017-07-21 00:00:00'), 'ticker': 'NEE', 'sector': 'Utilities', 'allocated_amount': 3073.6870677250913, 'prob_up': 0.8136658668518066, 'expected_rise': 0.0051445122808218, 'actual_return': 0.006202948319011581, 'pnl': 19.06592202991299, 'exit_reason': 'early_exit'}]","[{'ticker': 'VZ', 'sector': 'Technology', 'prob_up': 0.9830843806266785, 'predicted_prob': 0.9830843806266785, 'expected_rise': 0.006439939606934786, 'bucket_idx': 5, 'investment_fraction': 0.1, 'investment_amount': 9200.762211710908, 'allocated_amount': 9200.762211710908, 'exit_date': Timestamp('2017-07-28 00:00:00')}, {'ticker': 'AEP', 'sector': 'Utilities', 'prob_up': 0.9234799146652222, 'predicted_prob': 0.9234799146652222, 'expected_rise': 0.005797559395432472, 'bucket_idx': 5, 'investment_fraction': 0.1, 'investment_amount': 9200.762211710906, 'allocated_amount': 9200.762211710906, 'exit_date': Timestamp('2017-07-28 00:00:00')}, {'ticker': 'HRG', 'sector': 'Conglomerates', 'prob_up': 0.8630292415618896, 'predicted_prob': 0.8630292415618896, 'expected_rise': 0.005735474172979593, 'bucket_idx': 5, 'investment_fraction': 0.1, 'investment_amount': 9200.762211710908, 'allocated_amount': 9200.762211710908, 'exit_date': Timestamp('2017-07-28 00:00:00')}, {'ticker': 'PCLN', 'sector': 'Services', 'prob_up': 0.7683348655700684, 'predicted_prob': 0.7683348655700684, 'expected_rise': 0.0037658624351024628, 'bucket_idx': 5, 'investment_fraction': 0.1, 'investment_amount': 2109.491565554805, 'allocated_amount': 2109.491565554805, 'exit_date': Timestamp('2017-07-28 00:00:00')}, {'ticker': 'CAT', 'sector': 'Industrial Goods', 'prob_up': 0.6459732055664062, 'predicted_prob': 0.6459732055664062, 'expected_rise': 0.0034992159344255924, 'bucket_idx': 5, 'investment_fraction': 0.061247947585487565, 'investment_amount': 957.4291716821588, 'allocated_amount': 957.4291716821588, 'exit_date': Timestamp('2017-07-28 00:00:00')}]",5,100000.0,853,True,True,42,/mnt/primary/simulation/trained_models_multiclass_meta,12,12,0.2,0.3,200,5,60,1.0,0.0001,0.3,True,True,0.3,0.7,0.3,0.5,0.5,0.1,3,100.0,0.5,"[[0.08, 0.6], [0.15, 0.35]]",meta_emotion,nlp,0.1259823649942869,GRU,6,coral,20,128,128,2,0.3,0.3,0.0005466347365856,0.0003650001848317,64,50,10,0.0041366748730481,5,0.8,5,0.1411251559858494,0.7276744145783006,1.793808725179512,21,0.2057532757859396,0.7138661773078487,21,0.0647282490194046,4
2017-07-24,56139.67150558241,30662.09132928308,102206.97109761028,102206.97109761027,-23.720143622057396,-0.0002320256601425763,3,MPT_ONLY,30662.09132928308,25477.58017629932,True,False,"{'PTR': 0.3, 'REX': 0.3, 'UN': 0.08377501487861022, 'V': 3.626491662520373e-17, 'JNJ': 0.0, 'DHR': 2.0996766961561208e-16, 'CHTR': 0.0, 'TSM': 0.3, 'NEE': 0.01622498512138968}","[{'date': Timestamp('2017-07-17 00:00:00'), 'exit_date': Timestamp('2017-07-24 00:00:00'), 'ticker': 'VZ', 'sector': 'Technology', 'allocated_amount': 9172.350388367264, 'prob_up': 0.9709129333496094, 'expected_rise': 0.006124718114733696, 'actual_return': 0.00114519010535985, 'pnl': 10.50408490765177, 'exit_reason': 'scheduled'}, {'date': Timestamp('2017-07-17 00:00:00'), 'exit_date': Timestamp('2017-07-24 00:00:00'), 'ticker': 'CMCSA', 'sector': 'Services', 'allocated_amount': 1862.050397487653, 'prob_up': 0.9547611474990845, 'expected_rise': 0.005105885211378336, 'actual_return': 0.0068877549263328675, 'pnl': 12.825346798375657, 'exit_reason': 'scheduled'}, {'date': Timestamp('2017-07-21 00:00:00'), 'exit_date': Timestamp('2017-07-24 00:00:00'), 'ticker': 'HRG', 'sector': 'Conglomerates', 'allocated_amount': 9200.762211710908, 'prob_up': 0.8630292415618896, 'expected_rise': 0.005735474172979593, 'actual_return': -0.007484225245582898, 'pnl': -68.86057682349193, 'exit_reason': 'early_exit'}, {'date': Timestamp('2017-07-21 00:00:00'), 'exit_date': Timestamp('2017-07-24 00:00:00'), 'ticker': 'PCLN', 'sector': 'Services', 'allocated_amount': 2109.491565554805, 'prob_up': 0.7683348655700684, 'expected_rise': 0.0037658624351024628, 'actual_return': 0.0035691165660578505, 'pnl': 7.529021292580966, 'exit_reason': 'early_exit'}, {'date': Timestamp('2017-07-21 00:00:00'), 'exit_date': Timestamp('2017-07-24 00:00:00'), 'ticker': 'CAT', 'sector': 'Industrial Goods', 'allocated_amount': 957.4291716821588, 'prob_up': 0.6459732055664062, 'expected_rise': 0.0034992159344255924, 'actual_return': 0.014917009660081026, 'pnl': 14.281980202826137, 'exit_reason': 'early_exit'}]","[{'ticker': 'PTR', 'sector': 'Basic Matierials', 'prob_up': 0.9965499639511108, 'predicted_prob': 0.9965499639511108, 'expected_rise': 0.011160839349031448, 'bucket_idx': 5, 'investment_fraction': 0.1, 'investment_amount': 9198.627398784924, 'allocated_amount': 9198.627398784924, 'exit_date': Timestamp('2017-07-31 00:00:00')}, {'ticker': 'UN', 'sector': 'Consumer Goods', 'prob_up': 0.950595498085022, 'predicted_prob': 0.950595498085022, 'expected_rise': 0.005100560374557972, 'bucket_idx': 5, 'investment_fraction': 0.1, 'investment_amount': 2568.7171573199957, 'allocated_amount': 2568.7171573199957, 'exit_date': Timestamp('2017-07-31 00:00:00')}, {'ticker': 'NEE', 'sector': 'Utilities', 'prob_up': 0.7768425345420837, 'predicted_prob': 0.7768425345420837, 'expected_rise': 0.004760828800499439, 'bucket_idx': 5, 'investment_fraction': 0.1, 'investment_amount': 497.49197560830953, 'allocated_amount': 497.49197560830953, 'exit_date': Timestamp('2017-07-31 00:00:00')}, {'ticker': 'TSM', 'sector': 'Technology', 'prob_up': 0.7345373630523682, 'predicted_prob': 0.7345373630523682, 'expected_rise': 0.006077201571315527, 'bucket_idx': 5, 'investment_fraction': 0.09917314110403741, 'investment_amount': 9198.627398784924, 'allocated_amount': 9198.627398784924, 'exit_date': Timestamp('2017-07-31 00:00:00')}, {'ticker': 'REX', 'sector': 'Conglomerates', 'prob_up': 0.6766921877861023, 'predicted_prob': 0.6766921877861023, 'expected_rise': 0.007167575415223837, 'bucket_idx': 5, 'investment_fraction': 0.07871343284413453, 'investment_amount': 9198.627398784924, 'allocated_amount': 4014.1162458011677, 'exit_date': Timestamp('2017-07-31 00:00:00')}]",5,100000.0,853,True,True,42,/mnt/primary/simulation/trained_models_multiclass_meta,12,12,0.2,0.3,200,5,60,1.0,0.0001,0.3,True,True,0.3,0.7,0.3,0.5,0.5,0.1,3,100.0,0.5,"[[0.08, 0.6], [0.15, 0.35]]",meta_emotion,nlp,0.1259823649942869,GRU,6,coral,20,128,128,2,0.3,0.3,0.0005466347365856,0.0003650001848317,64,50,10,0.0041366748730481,5,0.8,5,0.1411251559858494,0.7276744145783006,1.793808725179512,21,0.2057532757859396,0.7138661773078487,21,0.0647282490194046,4
2017-07-25,52153.397438854816,30684.086650751207,102234.81327668385,102234.81327668385,27.842179073578354,0.0002724097855026919,4,MPT_ONLY,30670.443983005156,21469.310788103605,True,False,"{'BBL': 6.534125092845972e-17, 'REX': 0.3, 'UN': 0.09999999999999995, 'MA': 0.0, 'MRK': 1.9071139186582917e-17, 'GE': 0.0, 'PCLN': 0.0, 'VZ': 0.3, 'AEP': 0.3}","[{'date': Timestamp('2017-07-24 00:00:00'), 'exit_date': Timestamp('2017-07-25 00:00:00'), 'ticker': 'PTR', 'sector': 'Basic Matierials', 'allocated_amount': 9198.627398784924, 'prob_up': 0.9965499639511108, 'expected_rise': 0.011160839349031448, 'actual_return': 0.005579499442053271, 'pnl': 51.32373643917641, 'exit_reason': 'early_exit'}, {'date': Timestamp('2017-07-24 00:00:00'), 'exit_date': Timestamp('2017-07-25 00:00:00'), 'ticker': 'UN', 'sector': 'Consumer Goods', 'allocated_amount': 2568.7171573199957, 'prob_up': 0.950595498085022, 'expected_rise': 0.005100560374557972, 'actual_return': 0.002777278202095612, 'pnl': 7.1340421683738295, 'exit_reason': 'early_exit'}, {'date': Timestamp('2017-07-24 00:00:00'), 'exit_date': Timestamp('2017-07-25 00:00:00'), 'ticker': 'NEE', 'sector': 'Utilities', 'allocated_amount': 497.49197560830953, 'prob_up': 0.7768425345420837, 'expected_rise': 0.004760828800499439, 'actual_return': -0.00027937828624691186, 'pnl': -0.13898845556703998, 'exit_reason': 'early_exit'}, {'date': Timestamp('2017-07-24 00:00:00'), 'exit_date': Timestamp('2017-07-25 00:00:00'), 'ticker': 'TSM', 'sector': 'Technology', 'allocated_amount': 9198.627398784924, 'prob_up': 0.7345373630523682, 'expected_rise': 0.006077201571315527, 'actual_return': -0.0033131694281290924, 'pnl': -30.476611078404847, 'exit_reason': 'early_exit'}]","[{'ticker': 'AEP', 'sector': 'Utilities', 'prob_up': 0.9869470596313477, 'predicted_prob': 0.9869470596313477, 'expected_rise': 0.006367713678628206, 'bucket_idx': 5, 'investment_fraction': 0.1, 'investment_amount': 9201.133194901546, 'allocated_amount': 9201.133194901546, 'exit_date': Timestamp('2017-08-01 00:00:00')}, {'ticker': 'VZ', 'sector': 'Technology', 'prob_up': 0.9763205647468567, 'predicted_prob': 0.9763205647468567, 'expected_rise': 0.006262324750423431, 'bucket_idx': 5, 'investment_fraction': 0.1, 'investment_amount': 9201.133194901546, 'allocated_amount': 9201.133194901546, 'exit_date': Timestamp('2017-08-01 00:00:00')}, {'ticker': 'UN', 'sector': 'Consumer Goods', 'prob_up': 0.95453280210495, 'predicted_prob': 0.95453280210495, 'expected_rise': 0.005146645940840244, 'bucket_idx': 5, 'investment_fraction': 0.1, 'investment_amount': 3067.044398300514, 'allocated_amount': 3067.044398300514, 'exit_date': Timestamp('2017-08-01 00:00:00')}]",5,100000.0,853,True,True,42,/mnt/primary/simulation/trained_models_multiclass_meta,12,12,0.2,0.3,200,5,60,1.0,0.0001,0.3,True,True,0.3,0.7,0.3,0.5,0.5,0.1,3,100.0,0.5,"[[0.08, 0.6], [0.15, 0.35]]",meta_emotion,nlp,0.1259823649942869,GRU,6,coral,20,128,128,2,0.3,0.3,0.0005466347365856,0.0003650001848317,64,50,10,0.0041366748730481,5,0.8,5,0.1411251559858494,0.7276744145783006,1.793808725179512,21,0.2057532757859396,0.7138661773078487,21,0.0647282490194046,4
2017-07-26,43259.76610576467,30755.93867134238,102519.7955711412,102519.7955711412,284.98229445736075,0.0027875269228114785,1,MPT_ONLY,30755.93867134236,12503.827434422297,True,False,"{'PTR': 0.2999999999999997, 'HRG': 0.0026195506518622426, 'PM': 8.86452371359452e-18, 'V': 0.17859778512631302, 'MRK': 1.65702154039827e-16, 'GE': 0.0, 'CMCSA': 6.103373641921967e-17, 'VZ': 0.218782664221825, 'AEP': 0.2999999999999999}","[{'date': Timestamp('2017-07-19 00:00:00'), 'exit_date': Timestamp('2017-07-26 00:00:00'), 'ticker': 'REX', 'sector': 'Conglomerates', 'allocated_amount': 9223.652762255591, 'prob_up': 0.7579246759414673, 'expected_rise': 0.008705172687768936, 'actual_return': 0.027846270036991472, 'pnl': 256.8443255452115, 'exit_reason': 'scheduled'}, {'date': Timestamp('2017-07-25 00:00:00'), 'exit_date': Timestamp('2017-07-26 00:00:00'), 'ticker': 'UN', 'sector': 'Consumer Goods', 'allocated_amount': 3067.044398300514, 'prob_up': 0.95453280210495, 'expected_rise': 0.005146645940840244, 'actual_return': 0.009174294616582923, 'pnl': 28.137968912149216, 'exit_reason': 'early_exit'}]","[{'ticker': 'PTR', 'sector': 'Basic Matierials', 'prob_up': 0.9967341423034668, 'predicted_prob': 0.9967341423034668, 'expected_rise': 0.011171575635671616, 'bucket_idx': 5, 'investment_fraction': 0.1, 'investment_amount': 9226.7816014027, 'allocated_amount': 9226.7816014027, 'exit_date': Timestamp('2017-08-02 00:00:00')}, {'ticker': 'AEP', 'sector': 'Utilities', 'prob_up': 0.9928672313690186, 'predicted_prob': 0.9928672313690186, 'expected_rise': 0.006421930622309446, 'bucket_idx': 5, 'investment_fraction': 0.1, 'investment_amount': 9226.781601402705, 'allocated_amount': 3277.045833019598, 'exit_date': Timestamp('2017-08-02 00:00:00')}]",5,100000.0,853,True,True,42,/mnt/primary/simulation/trained_models_multiclass_meta,12,12,0.2,0.3,200,5,60,1.0,0.0001,0.3,True,True,0.3,0.7,0.3,0.5,0.5,0.1,3,100.0,0.5,"[[0.08, 0.6], [0.15, 0.35]]",meta_emotion,nlp,0.1259823649942869,GRU,6,coral,20,128,128,2,0.3,0.3,0.0005466347365856,0.0003650001848317,64,50,10,0.0041366748730481,5,0.8,5,0.1411251559858494,0.7276744145783006,1.793808725179512,21,0.2057532757859396,0.7138661773078487,21,0.0647282490194046,4
2017-07-27,59293.31694344111,31016.480950646044,103388.26983548678,103388.26983548678,868.4742643455702,0.008471283614128078,1,MPT_ONLY,31016.48095064603,28276.835992795066,True,False,"{'PTR': 0.2999999999999998, 'REX': 0.2621431068806892, 'UN': 0.0, 'V': 0.27852577302587467, 'JNJ': 2.2395777355155132e-17, 'DHR': 0.0, 'PCLN': 0.0, 'VZ': 0.1593311200934364, 'NEE': 0.0}","[{'date': Timestamp('2017-07-20 00:00:00'), 'exit_date': Timestamp('2017-07-27 00:00:00'), 'ticker': 'VZ', 'sector': 'Technology', 'allocated_amount': 9221.061203175235, 'prob_up': 0.9828634858131409, 'expected_rise': 0.006434036884456873, 'actual_return': 0.08118498233412508, 'pnl': 748.6116908816676, 'exit_reason': 'scheduled'}, {'date': Timestamp('2017-07-20 00:00:00'), 'exit_date': Timestamp('2017-07-27 00:00:00'), 'ticker': 'REX', 'sector': 'Conglomerates', 'allocated_amount': 9221.061203175232, 'prob_up': 0.7435914278030396, 'expected_rise': 0.008420063182711601, 'actual_return': 0.02203967102526927, 'pnl': 203.22915542185575, 'exit_reason': 'scheduled'}, {'date': Timestamp('2017-07-26 00:00:00'), 'exit_date': Timestamp('2017-07-27 00:00:00'), 'ticker': 'PTR', 'sector': 'Basic Matierials', 'allocated_amount': 9226.7816014027, 'prob_up': 0.9967341423034668, 'expected_rise': 0.011171575635671616, 'actual_return': -0.009035282892713048, 'pnl': -83.36658195795331, 'exit_reason': 'early_exit'}]","[{'ticker': 'PTR', 'sector': 'Basic Matierials', 'prob_up': 0.996798574924469, 'predicted_prob': 0.996798574924469, 'expected_rise': 0.011175340041518211, 'bucket_idx': 5, 'investment_fraction': 0.1, 'investment_amount': 9304.944285193804, 'allocated_amount': 9304.944285193804, 'exit_date': Timestamp('2017-08-03 00:00:00')}, {'ticker': 'VZ', 'sector': 'Technology', 'prob_up': 0.9670836329460144, 'predicted_prob': 0.9670836329460144, 'expected_rise': 0.00602952903136611, 'bucket_idx': 5, 'investment_fraction': 0.1, 'investment_amount': 4941.890651223164, 'allocated_amount': 4941.890651223164, 'exit_date': Timestamp('2017-08-03 00:00:00')}, {'ticker': 'V', 'sector': 'Financial', 'prob_up': 0.8423115611076355, 'predicted_prob': 0.8423115611076355, 'expected_rise': 0.006634256336838007, 'bucket_idx': 5, 'investment_fraction': 0.1, 'investment_amount': 8638.889333321002, 'allocated_amount': 8638.889333321002, 'exit_date': Timestamp('2017-08-03 00:00:00')}, {'ticker': 'REX', 'sector': 'Conglomerates', 'prob_up': 0.6463563442230225, 'predicted_prob': 0.6463563442230225, 'expected_rise': 0.00662960996851325, 'bucket_idx': 5, 'investment_fraction': 0.0673100210046711, 'investment_amount': 8130.756680908063, 'allocated_amount': 5391.111723057096, 'exit_date': Timestamp('2017-08-03 00:00:00')}]",5,100000.0,853,True,True,42,/mnt/primary/simulation/trained_models_multiclass_meta,12,12,0.2,0.3,200,5,60,1.0,0.0001,0.3,True,True,0.3,0.7,0.3,0.5,0.5,0.1,3,100.0,0.5,"[[0.08, 0.6], [0.15, 0.35]]",meta_emotion,nlp,0.1259823649942869,GRU,6,coral,20,128,128,2,0.3,0.3,0.0005466347365856,0.0003650001848317,64,50,10,0.0041366748730481,5,0.8,5,0.1411251559858494,0.7276744145783006,1.793808725179512,21,0.2057532757859396,0.7138661773078487,21,0.0647282490194046,4
2017-07-28,68127.56207409484,36966.574244521864,104153.99291699895,104153.99291699895,765.7230815121733,0.00740628586522063,2,MPT_ONLY,31246.197875099682,31160.987829572965,True,False,"{'SLB': 0.0, 'REX': 0.2999999999999999, 'UN': 0.2998653688598159, 'WFC': 8.051726224502559e-17, 'JNJ': 1.630578975788808e-17, 'DHR': 0.0027270532519613044, 'PCLN': 0.08157929718432323, 'TSM': 0.29999999999999966, 'NEE': 0.01582828070389996}","[{'date': Timestamp('2017-07-21 00:00:00'), 'exit_date': Timestamp('2017-07-28 00:00:00'), 'ticker': 'VZ', 'sector': 'Technology', 'allocated_amount': 9200.762211710908, 'prob_up': 0.9830843806266785, 'expected_rise': 0.006439939606934786, 'actual_return': 0.08387969703820941, 'pnl': 771.7571468389165, 'exit_reason': 'scheduled'}, {'date': Timestamp('2017-07-21 00:00:00'), 'exit_date': Timestamp('2017-07-28 00:00:00'), 'ticker': 'AEP', 'sector': 'Utilities', 'allocated_amount': 9200.762211710906, 'prob_up': 0.9234799146652222, 'expected_rise': 0.005797559395432472, 'actual_return': 0.006430365543139693, 'pnl': 59.164264296807566, 'exit_reason': 'scheduled'}, {'date': Timestamp('2017-07-27 00:00:00'), 'exit_date': Timestamp('2017-07-28 00:00:00'), 'ticker': 'PTR', 'sector': 'Basic Matierials', 'allocated_amount': 9304.944285193804, 'prob_up': 0.996798574924469, 'expected_rise': 0.011175340041518211, 'actual_return': -0.0030906660962859434, 'pnl': -28.75847583007813, 'exit_reason': 'early_exit'}, {'date': Timestamp('2017-07-27 00:00:00'), 'exit_date': Timestamp('2017-07-28 00:00:00'), 'ticker': 'V', 'sector': 'Financial', 'allocated_amount': 8638.889333321002, 'prob_up': 0.8423115611076355, 'expected_rise': 0.006634256336838007, 'actual_return': -0.004218117906999996, 'pnl': -36.43985379347258, 'exit_reason': 'early_exit'}]","[{'ticker': 'UN', 'sector': 'Consumer Goods', 'prob_up': 0.9650492072105408, 'predicted_prob': 0.9650492072105408, 'expected_rise': 0.005272033624351025, 'bucket_idx': 5, 'investment_fraction': 0.1, 'investment_amount': 9369.652651283563, 'allocated_amount': 9369.652651283563, 'exit_date': Timestamp('2017-08-04 00:00:00')}, {'ticker': 'PCLN', 'sector': 'Services', 'prob_up': 0.7498310208320618, 'predicted_prob': 0.7498310208320618, 'expected_rise': 0.003458870342001319, 'bucket_idx': 5, 'investment_fraction': 0.1, 'investment_amount': 2549.0428623329262, 'allocated_amount': 2549.0428623329262, 'exit_date': Timestamp('2017-08-04 00:00:00')}, {'ticker': 'TSM', 'sector': 'Technology', 'prob_up': 0.7196529507637024, 'predicted_prob': 0.7196529507637024, 'expected_rise': 0.006031505763530731, 'bucket_idx': 5, 'investment_fraction': 0.0933900877020516, 'investment_amount': 9373.859362529894, 'allocated_amount': 9373.859362529894, 'exit_date': Timestamp('2017-08-04 00:00:00')}, {'ticker': 'REX', 'sector': 'Conglomerates', 'prob_up': 0.5860538482666016, 'predicted_prob': 0.5860538482666016, 'expected_rise': 0.005588795989751816, 'bucket_idx': 5, 'investment_fraction': 0.04460528476202751, 'investment_amount': 9373.859362529902, 'allocated_amount': 9373.859362529902, 'exit_date': Timestamp('2017-08-04 00:00:00')}, {'ticker': 'NEE', 'sector': 'Utilities', 'prob_up': 0.549818217754364, 'predicted_prob': 0.549818217754364, 'expected_rise': 0.002866970142349601, 'bucket_idx': 5, 'investment_fraction': 0.020519599262903733, 'investment_amount': 494.57359089668023, 'allocated_amount': 494.57359089668023, 'exit_date': Timestamp('2017-08-04 00:00:00')}]",5,100000.0,853,True,True,42,/mnt/primary/simulation/trained_models_multiclass_meta,12,12,0.2,0.3,200,5,60,1.0,0.0001,0.3,True,True,0.3,0.7,0.3,0.5,0.5,0.1,3,100.0,0.5,"[[0.08, 0.6], [0.15, 0.35]]",meta_emotion,nlp,0.1259823649942869,GRU,6,coral,20,128,128,2,0.3,0.3,0.0005466347365856,0.0003650001848317,64,50,10,0.0041366748730481,5,0.8,5,0.1411251559858494,0.7276744145783006,1.793808725179512,21,0.2057532757859396,0.7138661773078487,21,0.0647282490194046,4
2017-07-31,62989.38996585681,31729.143594423207,104375.56392548967,104375.56392548967,221.5710084907212,0.002127340510769349,4,MPT_ONLY,31312.669177646898,31260.246371433605,True,False,"{'SLB': 0.0, 'REX': 0.0474725421523782, 'PM': 0.0, 'V': 0.30000000000000016, 'MRK': 0.0, 'GE': 0.050853285457018685, 'PCLN': 0.0016741723906026275, 'VZ': 0.30000000000000016, 'AEP': 0.30000000000000016}","[{'date': Timestamp('2017-07-24 00:00:00'), 'exit_date': Timestamp('2017-07-31 00:00:00'), 'ticker': 'REX', 'sector': 'Conglomerates', 'allocated_amount': 4014.1162458011677, 'prob_up': 0.6766921877861023, 'expected_rise': 0.007167575415223837, 'actual_return': 0.041241471815500974, 'pnl': 165.54806201535342, 'exit_reason': 'scheduled'}, {'date': Timestamp('2017-07-28 00:00:00'), 'exit_date': Timestamp('2017-07-31 00:00:00'), 'ticker': 'UN', 'sector': 'Consumer Goods', 'allocated_amount': 9369.652651283563, 'prob_up': 0.9650492072105408, 'expected_rise': 0.005272033624351025, 'actual_return': 0.0022397828697489075, 'pnl': 20.985987503842356, 'exit_reason': 'early_exit'}, {'date': Timestamp('2017-07-28 00:00:00'), 'exit_date': Timestamp('2017-07-31 00:00:00'), 'ticker': 'PCLN', 'sector': 'Services', 'allocated_amount': 2549.0428623329262, 'prob_up': 0.7498310208320618, 'expected_rise': 0.003458870342001319, 'actual_return': 0.0021935816480631587, 'pnl': 5.591533642939892, 'exit_reason': 'early_exit'}, {'date': Timestamp('2017-07-28 00:00:00'), 'exit_date': Timestamp('2017-07-31 00:00:00'), 'ticker': 'TSM', 'sector': 'Technology', 'allocated_amount': 9373.859362529894, 'prob_up': 0.7196529507637024, 'expected_rise': 0.006031505763530731, 'actual_return': 0.0027885665703133444, 'pnl': 26.13963085316962, 'exit_reason': 'early_exit'}, {'date': Timestamp('2017-07-28 00:00:00'), 'exit_date': Timestamp('2017-07-31 00:00:00'), 'ticker': 'NEE', 'sector': 'Utilities', 'allocated_amount': 494.57359089668023, 'prob_up': 0.549818217754364, 'expected_rise': 0.002866970142349601, 'actual_return': 0.006684130605159044, 'pnl': 3.305794475415909, 'exit_reason': 'early_exit'}]","[{'ticker': 'AEP', 'sector': 'Utilities', 'prob_up': 0.9980204105377197, 'predicted_prob': 0.9980204105377197, 'expected_rise': 0.006469256244599819, 'bucket_idx': 5, 'investment_fraction': 0.1, 'investment_amount': 9393.800753294074, 'allocated_amount': 9393.800753294074, 'exit_date': Timestamp('2017-08-07 00:00:00')}, {'ticker': 'VZ', 'sector': 'Technology', 'prob_up': 0.9626114368438721, 'predicted_prob': 0.9626114368438721, 'expected_rise': 0.005920628551393747, 'bucket_idx': 5, 'investment_fraction': 0.1, 'investment_amount': 9393.800753294074, 'allocated_amount': 9393.800753294074, 'exit_date': Timestamp('2017-08-07 00:00:00')}, {'ticker': 'GE', 'sector': 'Industrial Goods', 'prob_up': 0.9481675624847412, 'predicted_prob': 0.9481675624847412, 'expected_rise': 0.0038675384130328894, 'bucket_idx': 5, 'investment_fraction': 0.1, 'investment_amount': 1592.3521041120682, 'allocated_amount': 1592.3521041120682, 'exit_date': Timestamp('2017-08-07 00:00:00')}, {'ticker': 'V', 'sector': 'Financial', 'prob_up': 0.9176057577133179, 'predicted_prob': 0.9176057577133179, 'expected_rise': 0.007815548218786716, 'bucket_idx': 5, 'investment_fraction': 0.1, 'investment_amount': 9393.800753294074, 'allocated_amount': 9393.800753294074, 'exit_date': Timestamp('2017-08-07 00:00:00')}, {'ticker': 'REX', 'sector': 'Conglomerates', 'prob_up': 0.48526012897491455, 'predicted_prob': 0.48526012897491455, 'expected_rise': 0.0038532395847141743, 'bucket_idx': 0, 'investment_fraction': 0.006730773716864646, 'investment_amount': 1486.492007439316, 'allocated_amount': 1486.492007439316, 'exit_date': Timestamp('2017-08-07 00:00:00')}]",5,100000.0,853,True,True,42,/mnt/primary/simulation/trained_models_multiclass_meta,12,12,0.2,0.3,200,5,60,1.0,0.0001,0.3,True,True,0.3,0.7,0.3,0.5,0.5,0.1,3,100.0,0.5,"[[0.08, 0.6], [0.15, 0.35]]",meta_emotion,nlp,0.1259823649942869,GRU,6,coral,20,128,128,2,0.3,0.3,0.0005466347365856,0.0003650001848317,64,50,10,0.0041366748730481,5,0.8,5,0.1411251559858494,0.7276744145783006,1.793808725179512,21,0.2057532757859396,0.7138661773078487,21,0.0647282490194046,4
2017-08-01,60913.95858568363,31729.29353209588,105764.31177365292,105764.31177365292,1388.7478481632531,0.013305296718249426,1,MPT_ONLY,31729.293532095875,29184.665053587745,True,False,"{'PTR': 0.29999999999999993, 'HRG': 0.0, 'PM': 4.190639274609043e-17, 'V': 0.29999999999999993, 'MRK': 5.810703914071838e-17, 'GE': 0.0, 'CMCSA': 0.0, 'VZ': 0.15849079624047233, 'AEP': 0.24150920375952772}","[{'date': Timestamp('2017-07-25 00:00:00'), 'exit_date': Timestamp('2017-08-01 00:00:00'), 'ticker': 'AEP', 'sector': 'Utilities', 'allocated_amount': 9201.133194901546, 'prob_up': 0.9869470596313477, 'expected_rise': 0.006367713678628206, 'actual_return': 0.0258571630364417, 'pnl': 237.91520114058497, 'exit_reason': 'scheduled'}, {'date': Timestamp('2017-07-25 00:00:00'), 'exit_date': Timestamp('2017-08-01 00:00:00'), 'ticker': 'VZ', 'sector': 'Technology', 'allocated_amount': 9201.133194901546, 'prob_up': 0.9763205647468567, 'expected_rise': 0.006262324750423431, 'actual_return': 0.11164163256025472, 'pnl': 1027.229531283161, 'exit_reason': 'scheduled'}, {'date': Timestamp('2017-07-31 00:00:00'), 'exit_date': Timestamp('2017-08-01 00:00:00'), 'ticker': 'V', 'sector': 'Financial', 'allocated_amount': 9393.800753294074, 'prob_up': 0.9176057577133179, 'expected_rise': 0.007815548218786716, 'actual_return': 0.013157945222136425, 'pnl': 123.6031157395073, 'exit_reason': 'early_exit'}]","[{'ticker': 'AEP', 'sector': 'Utilities', 'prob_up': 0.9984941482543945, 'predicted_prob': 0.9984941482543945, 'expected_rise': 0.006473612505942583, 'bucket_idx': 5, 'investment_fraction': 0.1, 'investment_amount': 7662.9164167888075, 'allocated_amount': 7662.9164167888075, 'exit_date': Timestamp('2017-08-08 00:00:00')}, {'ticker': 'PTR', 'sector': 'Basic Matierials', 'prob_up': 0.9969390630722046, 'predicted_prob': 0.9969390630722046, 'expected_rise': 0.011183547787368298, 'bucket_idx': 5, 'investment_fraction': 0.1, 'investment_amount': 9518.78805962876, 'allocated_amount': 9518.78805962876, 'exit_date': Timestamp('2017-08-08 00:00:00')}, {'ticker': 'VZ', 'sector': 'Technology', 'prob_up': 0.9653603434562683, 'predicted_prob': 0.9653603434562683, 'expected_rise': 0.005987280979752541, 'bucket_idx': 5, 'investment_fraction': 0.1, 'investment_amount': 5028.800996049544, 'allocated_amount': 5028.800996049544, 'exit_date': Timestamp('2017-08-08 00:00:00')}, {'ticker': 'V', 'sector': 'Financial', 'prob_up': 0.9386876821517944, 'predicted_prob': 0.9386876821517944, 'expected_rise': 0.00819207914173603, 'bucket_idx': 5, 'investment_fraction': 0.1, 'investment_amount': 9518.78805962876, 'allocated_amount': 6974.159581120635, 'exit_date': Timestamp('2017-08-08 00:00:00')}]",5,100000.0,853,True,True,42,/mnt/primary/simulation/trained_models_multiclass_meta,12,12,0.2,0.3,200,5,60,1.0,0.0001,0.3,True,True,0.3,0.7,0.3,0.5,0.5,0.1,3,100.0,0.5,"[[0.08, 0.6], [0.15, 0.35]]",meta_emotion,nlp,0.1259823649942869,GRU,6,coral,20,128,128,2,0.3,0.3,0.0005466347365856,0.0003650001848317,64,50,10,0.0041366748730481,5,0.8,5,0.1411251559858494,0.7276744145783006,1.793808725179512,21,0.2057532757859396,0.7138661773078487,21,0.0647282490194046,4
2017-08-02,51563.73476949672,31748.627861185436,105828.75953728477,105828.75953728477,64.44776363184113,0.0006093526497839008,2,MPT_ONLY,31748.62786118543,19815.10690831129,True,False,"{'PTR': 0.2999999999999998, 'HRG': 0.180502057797584, 'UN': 0.22662964510976474, 'WFC': 5.818707336040449e-17, 'MRK': 0.0, 'CAT': 0.0, 'PCLN': 0.0, 'TSM': 0.2928682970926514, 'NGG': 7.385727757724547e-17}","[{'date': Timestamp('2017-07-26 00:00:00'), 'exit_date': Timestamp('2017-08-02 00:00:00'), 'ticker': 'AEP', 'sector': 'Utilities', 'allocated_amount': 3277.045833019598, 'prob_up': 0.9928672313690186, 'expected_rise': 0.006421930622309446, 'actual_return': 0.021310339293463265, 'pnl': 69.8349585818776, 'exit_reason': 'scheduled'}, {'date': Timestamp('2017-08-01 00:00:00'), 'exit_date': Timestamp('2017-08-02 00:00:00'), 'ticker': 'PTR', 'sector': 'Basic Matierials', 'allocated_amount': 9518.78805962876, 'prob_up': 0.9969390630722046, 'expected_rise': 0.011183547787368298, 'actual_return': -0.00354397523747374, 'pnl': -33.73434917408503, 'exit_reason': 'early_exit'}, {'date': Timestamp('2017-08-01 00:00:00'), 'exit_date': Timestamp('2017-08-02 00:00:00'), 'ticker': 'V', 'sector': 'Financial', 'allocated_amount': 6974.159581120635, 'prob_up': 0.9386876821517944, 'expected_rise': 0.00819207914173603, 'actual_return': 0.004064597876536347, 'pnl': 28.347154224048552, 'exit_reason': 'early_exit'}]","[{'ticker': 'PTR', 'sector': 'Basic Matierials', 'prob_up': 0.9968460202217102, 'predicted_prob': 0.9968460202217102, 'expected_rise': 0.011178113520145416, 'bucket_idx': 5, 'investment_fraction': 0.1, 'investment_amount': 9524.588358355622, 'allocated_amount': 9524.588358355622, 'exit_date': Timestamp('2017-08-09 00:00:00')}, {'ticker': 'UN', 'sector': 'Consumer Goods', 'prob_up': 0.9726547002792358, 'predicted_prob': 0.9726547002792358, 'expected_rise': 0.005364914424717426, 'bucket_idx': 5, 'investment_fraction': 0.1, 'investment_amount': 7195.180264902443, 'allocated_amount': 7195.180264902443, 'exit_date': Timestamp('2017-08-09 00:00:00')}, {'ticker': 'HRG', 'sector': 'Conglomerates', 'prob_up': 0.787915825843811, 'predicted_prob': 0.787915825843811, 'expected_rise': 0.0050320555455982685, 'bucket_idx': 5, 'investment_fraction': 0.1, 'investment_amount': 5730.692661193678, 'allocated_amount': 3095.3382850532216, 'exit_date': Timestamp('2017-08-09 00:00:00')}]",5,100000.0,853,True,True,42,/mnt/primary/simulation/trained_models_multiclass_meta,12,12,0.2,0.3,200,5,60,1.0,0.0001,0.3,True,True,0.3,0.7,0.3,0.5,0.5,0.1,3,100.0,0.5,"[[0.08, 0.6], [0.15, 0.35]]",meta_emotion,nlp,0.1259823649942869,GRU,6,coral,20,128,128,2,0.3,0.3,0.0005466347365856,0.0003650001848317,64,50,10,0.0041366748730481,5,0.8,5,0.1411251559858494,0.7276744145783006,1.793808725179512,21,0.2057532757859396,0.7138661773078487,21,0.0647282490194046,4
2017-08-03,61790.275805421246,31716.689459678717,105722.29819892903,105722.29819892903,-106.46133835573089,-0.0010059773810183747,3,MPT_ONLY,31716.689459678706,30073.58634574253,True,False,"{'SLB': 1.2020188079064538e-16, 'HRG': 0.21369734560881995, 'PM': 0.0, 'V': 0.2999999999999999, 'MRK': 4.8614823844993924e-17, 'CAT': 7.28583859910259e-17, 'DIS': 1.1391061397918808e-17, 'INTC': 0.29999999999999993, 'EXC': 0.18630265439118004}","[{'date': Timestamp('2017-07-27 00:00:00'), 'exit_date': Timestamp('2017-08-03 00:00:00'), 'ticker': 'VZ', 'sector': 'Technology', 'allocated_amount': 4941.890651223164, 'prob_up': 0.9670836329460144, 'expected_rise': 0.00602952903136611, 'actual_return': 0.016732900716734944, 'pnl': 82.6921656198778, 'exit_reason': 'scheduled'}, {'date': Timestamp('2017-07-27 00:00:00'), 'exit_date': Timestamp('2017-08-03 00:00:00'), 'ticker': 'REX', 'sector': 'Conglomerates', 'allocated_amount': 5391.111723057096, 'prob_up': 0.6463563442230225, 'expected_rise': 0.00662960996851325, 'actual_return': -0.027667603044809308, 'pnl': -149.15913912376166, 'exit_reason': 'scheduled'}, {'date': Timestamp('2017-08-02 00:00:00'), 'exit_date': Timestamp('2017-08-03 00:00:00'), 'ticker': 'PTR', 'sector': 'Basic Matierials', 'allocated_amount': 9524.588358355622, 'prob_up': 0.9968460202217102, 'expected_rise': 0.011178113520145416, 'actual_return': -0.006339817731245478, 'pnl': -60.38415415711724, 'exit_reason': 'early_exit'}, {'date': Timestamp('2017-08-02 00:00:00'), 'exit_date': Timestamp('2017-08-03 00:00:00'), 'ticker': 'UN', 'sector': 'Consumer Goods', 'allocated_amount': 7195.180264902443, 'prob_up': 0.9726547002792358, 'expected_rise': 0.005364914424717426, 'actual_return': 0.004659993176734378, 'pnl': 33.52949093981924, 'exit_reason': 'early_exit'}, {'date': Timestamp('2017-08-02 00:00:00'), 'exit_date': Timestamp('2017-08-03 00:00:00'), 'ticker': 'HRG', 'sector': 'Conglomerates', 'allocated_amount': 3095.3382850532216, 'prob_up': 0.787915825843811, 'expected_rise': 0.0050320555455982685, 'actual_return': -0.0042449969678590715, 'pnl': -13.139701634549024, 'exit_reason': 'early_exit'}]","[{'ticker': 'V', 'sector': 'Financial', 'prob_up': 0.962428092956543, 'predicted_prob': 0.962428092956543, 'expected_rise': 0.008646850474178791, 'bucket_idx': 5, 'investment_fraction': 0.1, 'investment_amount': 9515.006837903607, 'allocated_amount': 9515.006837903607, 'exit_date': Timestamp('2017-08-10 00:00:00')}, {'ticker': 'HRG', 'sector': 'Conglomerates', 'prob_up': 0.7853154540061951, 'predicted_prob': 0.7853154540061951, 'expected_rise': 0.00500900112092495, 'bucket_idx': 5, 'investment_fraction': 0.1, 'investment_amount': 6777.772349032577, 'allocated_amount': 6777.772349032577, 'exit_date': Timestamp('2017-08-10 00:00:00')}, {'ticker': 'INTC', 'sector': 'Technology', 'prob_up': 0.7347880005836487, 'predicted_prob': 0.7347880005836487, 'expected_rise': 0.006820531561970711, 'bucket_idx': 5, 'investment_fraction': 0.09425246613801119, 'investment_amount': 9515.00683790361, 'allocated_amount': 9515.00683790361, 'exit_date': Timestamp('2017-08-10 00:00:00')}, {'ticker': 'EXC', 'sector': 'Utilities', 'prob_up': 0.6737323999404907, 'predicted_prob': 0.6737323999404907, 'expected_rise': 0.004719052463769913, 'bucket_idx': 5, 'investment_fraction': 0.07277485357149349, 'investment_amount': 5908.903434838905, 'allocated_amount': 4265.800320902737, 'exit_date': Timestamp('2017-08-10 00:00:00')}]",5,100000.0,853,True,True,42,/mnt/primary/simulation/trained_models_multiclass_meta,12,12,0.2,0.3,200,5,60,1.0,0.0001,0.3,True,True,0.3,0.7,0.3,0.5,0.5,0.1,3,100.0,0.5,"[[0.08, 0.6], [0.15, 0.35]]",meta_emotion,nlp,0.1259823649942869,GRU,6,coral,20,128,128,2,0.3,0.3,0.0005466347365856,0.0003650001848317,64,50,10,0.0041366748730481,5,0.8,5,0.1411251559858494,0.7276744145783006,1.793808725179512,21,0.2057532757859396,0.7138661773078487,21,0.0647282490194046,4
2017-08-04,70818.26509086166,39205.33665430981,105376.42812183955,105376.42812183955,-345.87007708948875,-0.0032714960134396787,4,MPT_ONLY,31612.92843655186,31612.928436551858,True,False,"{'BBL': 0.0, 'HRG': 0.17988388923465173, 'UN': 0.2342854583119928, 'MA': 0.0, 'MRK': 0.0, 'CAT': 0.0, 'PCLN': 0.0, 'TSM': 0.2858306524533556, 'AEP': 0.29999999999999977}","[{'date': Timestamp('2017-07-28 00:00:00'), 'exit_date': Timestamp('2017-08-04 00:00:00'), 'ticker': 'REX', 'sector': 'Conglomerates', 'allocated_amount': 9373.859362529902, 'prob_up': 0.5860538482666016, 'expected_rise': 0.005588795989751816, 'actual_return': -0.02792004619865407, 'pnl': -261.71858646152083, 'exit_reason': 'scheduled'}, {'date': Timestamp('2017-08-03 00:00:00'), 'exit_date': Timestamp('2017-08-04 00:00:00'), 'ticker': 'V', 'sector': 'Financial', 'allocated_amount': 9515.006837903607, 'prob_up': 0.962428092956543, 'expected_rise': 0.008646850474178791, 'actual_return': 0.002982433760112757, 'pnl': 28.37787762106745, 'exit_reason': 'early_exit'}, {'date': Timestamp('2017-08-03 00:00:00'), 'exit_date': Timestamp('2017-08-04 00:00:00'), 'ticker': 'HRG', 'sector': 'Conglomerates', 'allocated_amount': 6777.772349032577, 'prob_up': 0.7853154540061951, 'expected_rise': 0.00500900112092495, 'actual_return': -0.004872107186358221, 'pnl': -33.02203336922166, 'exit_reason': 'early_exit'}, {'date': Timestamp('2017-08-03 00:00:00'), 'exit_date': Timestamp('2017-08-04 00:00:00'), 'ticker': 'INTC', 'sector': 'Technology', 'allocated_amount': 9515.00683790361, 'prob_up': 0.7347880005836487, 'expected_rise': 0.006820531561970711, 'actual_return': -0.00520698793055685, 'pnl': -49.54452576412999, 'exit_reason': 'early_exit'}, {'date': Timestamp('2017-08-03 00:00:00'), 'exit_date': Timestamp('2017-08-04 00:00:00'), 'ticker': 'EXC', 'sector': 'Utilities', 'allocated_amount': 4265.800320902737, 'prob_up': 0.6737323999404907, 'expected_rise': 0.004719052463769913, 'actual_return': -0.007023959599999019, 'pnl': -29.96280911568368, 'exit_reason': 'early_exit'}]","[{'ticker': 'AEP', 'sector': 'Utilities', 'prob_up': 0.9962702989578247, 'predicted_prob': 0.9962702989578247, 'expected_rise': 0.006453170906752348, 'bucket_idx': 5, 'investment_fraction': 0.1, 'investment_amount': 9483.87853096555, 'allocated_amount': 9483.87853096555, 'exit_date': Timestamp('2017-08-11 00:00:00')}, {'ticker': 'UN', 'sector': 'Consumer Goods', 'prob_up': 0.9751836657524109, 'predicted_prob': 0.9751836657524109, 'expected_rise': 0.0053962282836437225, 'bucket_idx': 5, 'investment_fraction': 0.1, 'investment_amount': 7406.449427341783, 'allocated_amount': 7406.449427341783, 'exit_date': Timestamp('2017-08-11 00:00:00')}, {'ticker': 'HRG', 'sector': 'Conglomerates', 'prob_up': 0.7824284434318542, 'predicted_prob': 0.7824284434318542, 'expected_rise': 0.004983493592590094, 'bucket_idx': 5, 'investment_fraction': 0.1, 'investment_amount': 5686.656517263667, 'allocated_amount': 5686.656517263667, 'exit_date': Timestamp('2017-08-11 00:00:00')}, {'ticker': 'TSM', 'sector': 'Technology', 'prob_up': 0.664330244064331, 'predicted_prob': 0.664330244064331, 'expected_rise': 0.00584315275773406, 'bucket_idx': 5, 'investment_fraction': 0.07265125869880301, 'investment_amount': 9035.943960980858, 'allocated_amount': 9035.943960980858, 'exit_date': Timestamp('2017-08-11 00:00:00')}]",5,100000.0,853,True,True,42,/mnt/primary/simulation/trained_models_multiclass_meta,12,12,0.2,0.3,200,5,60,1.0,0.0001,0.3,True,True,0.3,0.7,0.3,0.5,0.5,0.1,3,100.0,0.5,"[[0.08, 0.6], [0.15, 0.35]]",meta_emotion,nlp,0.1259823649942869,GRU,6,coral,20,128,128,2,0.3,0.3,0.0005466347365856,0.0003650001848317,64,50,10,0.0041366748730481,5,0.8,5,0.1411251559858494,0.7276744145783006,1.793808725179512,21,0.2057532757859396,0.7138661773078487,21,0.0647282490194046,4
2017-08-07,83564.22959787633,51842.28193537229,105739.82554168023,105739.82554168024,363.3974198406703,0.0034485646013784343,3,MPT_ONLY,31721.947662504066,31721.947662504055,True,False,"{'PTR': 0.30000000000000004, 'REX': 0.29999999999999993, 'AAPL': 4.5018871256693666e-17, 'MA': 4.317144350101625e-17, 'MRK': 3.168692540060464e-17, 'GE': 0.08718611924036203, 'UPS': 0.006997791953544002, 'TSM': 0.3, 'SO': 0.0058160888060938155}","[{'date': Timestamp('2017-07-31 00:00:00'), 'exit_date': Timestamp('2017-08-07 00:00:00'), 'ticker': 'AEP', 'sector': 'Utilities', 'allocated_amount': 9393.800753294074, 'prob_up': 0.9980204105377197, 'expected_rise': 0.006469256244599819, 'actual_return': 0.012049872241992166, 'pnl': 113.19409894392335, 'exit_reason': 'scheduled'}, {'date': Timestamp('2017-07-31 00:00:00'), 'exit_date': Timestamp('2017-08-07 00:00:00'), 'ticker': 'VZ', 'sector': 'Technology', 'allocated_amount': 9393.800753294074, 'prob_up': 0.9626114368438721, 'expected_rise': 0.005920628551393747, 'actual_return': 0.00950411117751604, 'pnl': 89.27972673874079, 'exit_reason': 'scheduled'}, {'date': Timestamp('2017-07-31 00:00:00'), 'exit_date': Timestamp('2017-08-07 00:00:00'), 'ticker': 'GE', 'sector': 'Industrial Goods', 'allocated_amount': 1592.3521041120682, 'prob_up': 0.9481675624847412, 'expected_rise': 0.0038675384130328894, 'actual_return': 0.0007808668183963974, 'pnl': 1.2434149213047996, 'exit_reason': 'scheduled'}, {'date': Timestamp('2017-07-31 00:00:00'), 'exit_date': Timestamp('2017-08-07 00:00:00'), 'ticker': 'REX', 'sector': 'Conglomerates', 'allocated_amount': 1486.492007439316, 'prob_up': 0.48526012897491455, 'expected_rise': 0.0038532395847141743, 'actual_return': -0.028605720285885594, 'pnl': -42.52217457201364, 'exit_reason': 'scheduled'}, {'date': Timestamp('2017-08-04 00:00:00'), 'exit_date': Timestamp('2017-08-07 00:00:00'), 'ticker': 'UN', 'sector': 'Consumer Goods', 'allocated_amount': 7406.449427341783, 'prob_up': 0.9751836657524109, 'expected_rise': 0.0053962282836437225, 'actual_return': 0.00532556270959561, 'pnl': 39.44351088075717, 'exit_reason': 'early_exit'}, {'date': Timestamp('2017-08-04 00:00:00'), 'exit_date': Timestamp('2017-08-07 00:00:00'), 'ticker': 'HRG', 'sector': 'Conglomerates', 'allocated_amount': 5686.656517263667, 'prob_up': 0.7824284434318542, 'expected_rise': 0.004983493592590094, 'actual_return': -0.004895960832313251, 'pnl': -27.8416475753418, 'exit_reason': 'early_exit'}, {'date': Timestamp('2017-08-04 00:00:00'), 'exit_date': Timestamp('2017-08-07 00:00:00'), 'ticker': 'TSM', 'sector': 'Technology', 'allocated_amount': 9035.943960980858, 'prob_up': 0.664330244064331, 'expected_rise': 0.00584315275773406, 'actual_return': 0.021093589261548473, 'pnl': 190.6004905032996, 'exit_reason': 'early_exit'}]","[{'ticker': 'PTR', 'sector': 'Basic Matierials', 'prob_up': 0.9955518841743469, 'predicted_prob': 0.9955518841743469, 'expected_rise': 0.011102900840342045, 'bucket_idx': 5, 'investment_fraction': 0.1, 'investment_amount': 9516.58429875122, 'allocated_amount': 9516.58429875122, 'exit_date': Timestamp('2017-08-14 00:00:00')}, {'ticker': 'GE', 'sector': 'Industrial Goods', 'prob_up': 0.9668673872947693, 'predicted_prob': 0.9668673872947693, 'expected_rise': 0.004098286386579275, 'bucket_idx': 5, 'investment_fraction': 0.1, 'investment_amount': 2765.713511439603, 'allocated_amount': 2765.713511439603, 'exit_date': Timestamp('2017-08-14 00:00:00')}, {'ticker': 'SO', 'sector': 'Utilities', 'prob_up': 0.747512936592102, 'predicted_prob': 0.747512936592102, 'expected_rise': 0.0033776802010834217, 'bucket_idx': 5, 'investment_fraction': 0.09773782347641671, 'investment_amount': 184.49766470738376, 'allocated_amount': 184.49766470738376, 'exit_date': Timestamp('2017-08-14 00:00:00')}, {'ticker': 'UPS', 'sector': 'Services', 'prob_up': 0.681662917137146, 'predicted_prob': 0.681662917137146, 'expected_rise': 0.003432446625083685, 'bucket_idx': 5, 'investment_fraction': 0.07388532727553442, 'investment_amount': 221.9835901034149, 'allocated_amount': 221.9835901034149, 'exit_date': Timestamp('2017-08-14 00:00:00')}, {'ticker': 'TSM', 'sector': 'Technology', 'prob_up': 0.6576052904129028, 'predicted_prob': 0.6576052904129028, 'expected_rise': 0.005818269681185484, 'bucket_idx': 5, 'investment_fraction': 0.0700032009898128, 'investment_amount': 9516.584298751219, 'allocated_amount': 9516.584298751219, 'exit_date': Timestamp('2017-08-14 00:00:00')}, {'ticker': 'REX', 'sector': 'Conglomerates', 'prob_up': 0.6212867498397827, 'predicted_prob': 0.6212867498397827, 'expected_rise': 0.006193660199642181, 'bucket_idx': 5, 'investment_fraction': 0.057839100906924526, 'investment_amount': 9516.584298751217, 'allocated_amount': 9516.584298751217, 'exit_date': Timestamp('2017-08-14 00:00:00')}]",5,100000.0,853,True,True,42,/mnt/primary/simulation/trained_models_multiclass_meta,12,12,0.2,0.3,200,5,60,1.0,0.0001,0.3,True,True,0.3,0.7,0.3,0.5,0.5,0.1,3,100.0,0.5,"[[0.08, 0.6], [0.15, 0.35]]",meta_emotion,nlp,0.1259823649942869,GRU,6,coral,20,128,128,2,0.3,0.3,0.0005466347365856,0.0003650001848317,64,50,10,0.0041366748730481,5,0.8,5,0.1411251559858494,0.7276744145783006,1.793808725179512,21,0.2057532757859396,0.7138661773078487,21,0.0647282490194046,4
2017-08-08,83821.23068463517,52089.65927748551,105771.90469049892,105771.90469049892,32.07914881868412,0.0003033781137271596,3,MPT_ONLY,31731.571407149677,31731.57140714967,True,False,"{'PTR': 0.29999999999999954, 'REX': 0.2999999999999996, 'AAPL': 1.7213607960174585e-16, 'V': 0.29999999999999993, 'JNJ': 1.6933749616368155e-16, 'GE': 0.0, 'AMZN': 2.764019653580585e-17, 'VZ': 7.27621504499348e-17, 'AEP': 0.10000000000000067}","[{'date': Timestamp('2017-08-01 00:00:00'), 'exit_date': Timestamp('2017-08-08 00:00:00'), 'ticker': 'AEP', 'sector': 'Utilities', 'allocated_amount': 7662.9164167888075, 'prob_up': 0.9984941482543945, 'expected_rise': 0.006473612505942583, 'actual_return': 0.010336943769317042, 'pnl': 79.21113610932234, 'exit_reason': 'scheduled'}, {'date': Timestamp('2017-08-01 00:00:00'), 'exit_date': Timestamp('2017-08-08 00:00:00'), 'ticker': 'VZ', 'sector': 'Technology', 'allocated_amount': 5028.800996049544, 'prob_up': 0.9653603434562683, 'expected_rise': 0.005987280979752541, 'actual_return': -0.005931703946240652, 'pnl': -29.829358713126, 'exit_reason': 'scheduled'}, {'date': Timestamp('2017-08-07 00:00:00'), 'exit_date': Timestamp('2017-08-08 00:00:00'), 'ticker': 'PTR', 'sector': 'Basic Matierials', 'allocated_amount': 9516.58429875122, 'prob_up': 0.9955518841743469, 'expected_rise': 0.011102900840342045, 'actual_return': 0.0006219060945273913, 'pnl': 5.918421774477064, 'exit_reason': 'early_exit'}, {'date': Timestamp('2017-08-07 00:00:00'), 'exit_date': Timestamp('2017-08-08 00:00:00'), 'ticker': 'UPS', 'sector': 'Services', 'allocated_amount': 221.9835901034149, 'prob_up': 0.681662917137146, 'expected_rise': 0.003432446625083685, 'actual_return': 0.0002681745014467829, 'pnl': 0.05953033860535031, 'exit_reason': 'early_exit'}, {'date': Timestamp('2017-08-07 00:00:00'), 'exit_date': Timestamp('2017-08-08 00:00:00'), 'ticker': 'TSM', 'sector': 'Technology', 'allocated_amount': 9516.584298751219, 'prob_up': 0.6576052904129028, 'expected_rise': 0.005818269681185484, 'actual_return': -0.0024463168674552227, 'pnl': -23.28058069059464, 'exit_reason': 'early_exit'}]","[{'ticker': 'PTR', 'sector': 'Basic Matierials', 'prob_up': 0.9950618147850037, 'predicted_prob': 0.9950618147850037, 'expected_rise': 0.011074608191847801, 'bucket_idx': 5, 'investment_fraction': 0.1, 'investment_amount': 9519.471422144888, 'allocated_amount': 9519.471422144888, 'exit_date': Timestamp('2017-08-15 00:00:00')}, {'ticker': 'V', 'sector': 'Financial', 'prob_up': 0.9679604768753052, 'predicted_prob': 0.9679604768753052, 'expected_rise': 0.008758081123232841, 'bucket_idx': 5, 'investment_fraction': 0.1, 'investment_amount': 9519.471422144901, 'allocated_amount': 9519.471422144901, 'exit_date': Timestamp('2017-08-15 00:00:00')}, {'ticker': 'AEP', 'sector': 'Utilities', 'prob_up': 0.9678277373313904, 'predicted_prob': 0.9678277373313904, 'expected_rise': 0.006193774752318859, 'bucket_idx': 5, 'investment_fraction': 0.1, 'investment_amount': 3173.157140714989, 'allocated_amount': 3173.157140714989, 'exit_date': Timestamp('2017-08-15 00:00:00')}, {'ticker': 'REX', 'sector': 'Conglomerates', 'prob_up': 0.6977986097335815, 'predicted_prob': 0.6977986097335815, 'expected_rise': 0.007551162037998438, 'bucket_idx': 5, 'investment_fraction': 0.08660323918917753, 'investment_amount': 9519.47142214489, 'allocated_amount': 9519.47142214489, 'exit_date': Timestamp('2017-08-15 00:00:00')}]",5,100000.0,853,True,True,42,/mnt/primary/simulation/trained_models_multiclass_meta,12,12,0.2,0.3,200,5,60,1.0,0.0001,0.3,True,True,0.3,0.7,0.3,0.5,0.5,0.1,3,100.0,0.5,"[[0.08, 0.6], [0.15, 0.35]]",meta_emotion,nlp,0.1259823649942869,GRU,6,coral,20,128,128,2,0.3,0.3,0.0005466347365856,0.0003650001848317,64,50,10,0.0041366748730481,5,0.8,5,0.1411251559858494,0.7276744145783006,1.793808725179512,21,0.2057532757859396,0.7138661773078487,21,0.0647282490194046,4
2017-08-09,71019.59349588459,39320.72467650211,105662.89606460821,105662.8960646082,-109.00862589072396,-0.0010306009540972383,2,MPT_ONLY,31698.868819382464,31698.868819382464,True,False,"{'PTR': 0.29999999999999993, 'HRG': 0.08114952225369862, 'AAPL': 0.0, 'V': 0.2999999999999998, 'CELG': 0.0, 'GE': 0.0, 'AMZN': 0.018850477746301653, 'INTC': 0.29999999999999993, 'SO': 6.259460542482977e-17}","[{'date': Timestamp('2017-08-08 00:00:00'), 'exit_date': Timestamp('2017-08-09 00:00:00'), 'ticker': 'PTR', 'sector': 'Basic Matierials', 'allocated_amount': 9519.471422144888, 'prob_up': 0.9950618147850037, 'expected_rise': 0.011074608191847801, 'actual_return': -0.008390319944215019, 'pnl': -79.87141093160717, 'exit_reason': 'early_exit'}, {'date': Timestamp('2017-08-08 00:00:00'), 'exit_date': Timestamp('2017-08-09 00:00:00'), 'ticker': 'V', 'sector': 'Financial', 'allocated_amount': 9519.471422144901, 'prob_up': 0.9679604768753052, 'expected_rise': 0.008758081123232841, 'actual_return': -0.003060801767977961, 'pnl': -29.137214959116786, 'exit_reason': 'early_exit'}]","[{'ticker': 'PTR', 'sector': 'Basic Matierials', 'prob_up': 0.9944354295730591, 'predicted_prob': 0.9944354295730591, 'expected_rise': 0.011038612574338913, 'bucket_idx': 5, 'investment_fraction': 0.1, 'investment_amount': 9509.660645814736, 'allocated_amount': 9509.660645814736, 'exit_date': Timestamp('2017-08-16 00:00:00')}, {'ticker': 'V', 'sector': 'Financial', 'prob_up': 0.9622858166694641, 'predicted_prob': 0.9622858166694641, 'expected_rise': 0.00864401739090681, 'bucket_idx': 5, 'investment_fraction': 0.1, 'investment_amount': 9509.660645814734, 'allocated_amount': 9509.660645814734, 'exit_date': Timestamp('2017-08-16 00:00:00')}, {'ticker': 'INTC', 'sector': 'Technology', 'prob_up': 0.8142290711402893, 'predicted_prob': 0.8142290711402893, 'expected_rise': 0.00817759521305561, 'bucket_idx': 5, 'investment_fraction': 0.1, 'investment_amount': 9509.660645814736, 'allocated_amount': 9509.660645814736, 'exit_date': Timestamp('2017-08-16 00:00:00')}, {'ticker': 'HRG', 'sector': 'Conglomerates', 'prob_up': 0.8020510077476501, 'predicted_prob': 0.8020510077476501, 'expected_rise': 0.005158750806003809, 'bucket_idx': 5, 'investment_fraction': 0.1, 'investment_amount': 2572.3480606755506, 'allocated_amount': 2572.3480606755506, 'exit_date': Timestamp('2017-08-16 00:00:00')}, {'ticker': 'AMZN', 'sector': 'Services', 'prob_up': 0.525588870048523, 'predicted_prob': 0.525588870048523, 'expected_rise': 0.004320535343140364, 'bucket_idx': 5, 'investment_fraction': 0.016533958335508147, 'investment_amount': 597.5388212627045, 'allocated_amount': 597.538821262704, 'exit_date': Timestamp('2017-08-16 00:00:00')}]",5,100000.0,853,True,True,42,/mnt/primary/simulation/trained_models_multiclass_meta,12,12,0.2,0.3,200,5,60,1.0,0.0001,0.3,True,True,0.3,0.7,0.3,0.5,0.5,0.1,3,100.0,0.5,"[[0.08, 0.6], [0.15, 0.35]]",meta_emotion,nlp,0.1259823649942869,GRU,6,coral,20,128,128,2,0.3,0.3,0.0005466347365856,0.0003650001848317,64,50,10,0.0041366748730481,5,0.8,5,0.1411251559858494,0.7276744145783006,1.793808725179512,21,0.2057532757859396,0.7138661773078487,21,0.0647282490194046,4
2017-08-10,70555.00769184766,38995.514613676256,105198.31026057128,105198.31026057128,-464.58580403694754,-0.004396867976747876,5,MPT_ONLY,31559.49307817138,31559.493078171377,True,False,"{'SLB': 3.496845229702316e-17, 'REX': 0.3, 'PM': 4.095981832537745e-17, 'WFC': 5.00552828754991e-17, 'MRK': 0.0, 'DHR': 0.16063569181672632, 'AMZN': 0.09238853220019227, 'MSFT': 0.14697577598308123, 'EXC': 0.3}","[{'date': Timestamp('2017-08-09 00:00:00'), 'exit_date': Timestamp('2017-08-10 00:00:00'), 'ticker': 'PTR', 'sector': 'Basic Matierials', 'allocated_amount': 9509.660645814736, 'prob_up': 0.9944354295730591, 'expected_rise': 0.011038612574338913, 'actual_return': -0.019116295832027563, 'pnl': -181.78948616758478, 'exit_reason': 'early_exit'}, {'date': Timestamp('2017-08-09 00:00:00'), 'exit_date': Timestamp('2017-08-10 00:00:00'), 'ticker': 'V', 'sector': 'Financial', 'allocated_amount': 9509.660645814734, 'prob_up': 0.9622858166694641, 'expected_rise': 0.00864401739090681, 'actual_return': -0.014657848720829425, 'pnl': -139.39116713277744, 'exit_reason': 'early_exit'}, {'date': Timestamp('2017-08-09 00:00:00'), 'exit_date': Timestamp('2017-08-10 00:00:00'), 'ticker': 'INTC', 'sector': 'Technology', 'allocated_amount': 9509.660645814736, 'prob_up': 0.8142290711402893, 'expected_rise': 0.00817759521305561, 'actual_return': -0.012298469527193268, 'pnl': -116.95427166650158, 'exit_reason': 'early_exit'}, {'date': Timestamp('2017-08-09 00:00:00'), 'exit_date': Timestamp('2017-08-10 00:00:00'), 'ticker': 'HRG', 'sector': 'Conglomerates', 'allocated_amount': 2572.3480606755506, 'prob_up': 0.8020510077476501, 'expected_rise': 0.005158750806003809, 'actual_return': -0.004347763975155461, 'pnl': -11.183962229766173, 'exit_reason': 'early_exit'}, {'date': Timestamp('2017-08-09 00:00:00'), 'exit_date': Timestamp('2017-08-10 00:00:00'), 'ticker': 'AMZN', 'sector': 'Services', 'allocated_amount': 597.538821262704, 'prob_up': 0.525588870048523, 'expected_rise': 0.004320535343140364, 'actual_return': -0.02554966522184432, 'pnl': -15.266916840317558, 'exit_reason': 'early_exit'}]","[{'ticker': 'EXC', 'sector': 'Utilities', 'prob_up': 0.883336067199707, 'predicted_prob': 0.883336067199707, 'expected_rise': 0.0075860037468373775, 'bucket_idx': 5, 'investment_fraction': 0.1, 'investment_amount': 9467.847923451414, 'allocated_amount': 9467.847923451414, 'exit_date': Timestamp('2017-08-17 00:00:00')}, {'ticker': 'DHR', 'sector': 'Industrial Goods', 'prob_up': 0.8585085272789001, 'predicted_prob': 0.8585085272789001, 'expected_rise': 0.005141264759004116, 'bucket_idx': 5, 'investment_fraction': 0.1, 'investment_amount': 5069.581003997246, 'allocated_amount': 5069.581003997246, 'exit_date': Timestamp('2017-08-17 00:00:00')}, {'ticker': 'MSFT', 'sector': 'Technology', 'prob_up': 0.7575737237930298, 'predicted_prob': 0.7575737237930298, 'expected_rise': 0.005039070267230272, 'bucket_idx': 5, 'investment_fraction': 0.1, 'investment_amount': 4638.48098479692, 'allocated_amount': 4638.48098479692, 'exit_date': Timestamp('2017-08-17 00:00:00')}, {'ticker': 'REX', 'sector': 'Conglomerates', 'prob_up': 0.6427557468414307, 'predicted_prob': 0.6427557468414307, 'expected_rise': 0.006566592492163181, 'bucket_idx': 5, 'investment_fraction': 0.06587715160373092, 'investment_amount': 9467.847923451414, 'allocated_amount': 9467.847923451414, 'exit_date': Timestamp('2017-08-17 00:00:00')}, {'ticker': 'AMZN', 'sector': 'Services', 'prob_up': 0.5372280478477478, 'predicted_prob': 0.5372280478477478, 'expected_rise': 0.004494683817028999, 'bucket_idx': 5, 'investment_fraction': 0.021150150708126404, 'investment_amount': 2915.7352424743817, 'allocated_amount': 2915.7352424743804, 'exit_date': Timestamp('2017-08-17 00:00:00')}]",5,100000.0,853,True,True,42,/mnt/primary/simulation/trained_models_multiclass_meta,12,12,0.2,0.3,200,5,60,1.0,0.0001,0.3,True,True,0.3,0.7,0.3,0.5,0.5,0.1,3,100.0,0.5,"[[0.08, 0.6], [0.15, 0.35]]",meta_emotion,nlp,0.1259823649942869,GRU,6,coral,20,128,128,2,0.3,0.3,0.0005466347365856,0.0003650001848317,64,50,10,0.0041366748730481,5,0.8,5,0.1411251559858494,0.7276744145783006,1.793808725179512,21,0.2057532757859396,0.7138661773078487,21,0.0647282490194046,4
2017-08-11,65897.14841719891,34348.278008237336,105162.90136320534,105162.90136320534,-35.40889736592727,-0.00033659188325585454,3,MPT_ONLY,31548.8704089616,31548.870408961593,True,False,"{'PTR': 0.29999999999999977, 'REX': 0.0, 'PM': 1.2759022797678112e-16, 'V': 0.23166448839688983, 'JNJ': 0.0, 'DHR': 0.0, 'UPS': 8.236431793363364e-17, 'INTC': 0.2525231520649728, 'EXC': 0.21581235953813743}","[{'date': Timestamp('2017-08-04 00:00:00'), 'exit_date': Timestamp('2017-08-11 00:00:00'), 'ticker': 'AEP', 'sector': 'Utilities', 'allocated_amount': 9483.87853096555, 'prob_up': 0.9962702989578247, 'expected_rise': 0.006453170906752348, 'actual_return': -0.004514658768961399, 'pnl': -42.816475373588375, 'exit_reason': 'scheduled'}, {'date': Timestamp('2017-08-10 00:00:00'), 'exit_date': Timestamp('2017-08-11 00:00:00'), 'ticker': 'EXC', 'sector': 'Utilities', 'allocated_amount': 9467.847923451414, 'prob_up': 0.883336067199707, 'expected_rise': 0.0075860037468373775, 'actual_return': -0.006359353134109402, 'pnl': -60.20938836527195, 'exit_reason': 'early_exit'}, {'date': Timestamp('2017-08-10 00:00:00'), 'exit_date': Timestamp('2017-08-11 00:00:00'), 'ticker': 'DHR', 'sector': 'Industrial Goods', 'allocated_amount': 5069.581003997246, 'prob_up': 0.8585085272789001, 'expected_rise': 0.005141264759004116, 'actual_return': 0.00668431067367492, 'pnl': 33.88665441607841, 'exit_reason': 'early_exit'}, {'date': Timestamp('2017-08-10 00:00:00'), 'exit_date': Timestamp('2017-08-11 00:00:00'), 'ticker': 'AMZN', 'sector': 'Services', 'allocated_amount': 2915.7352424743804, 'prob_up': 0.5372280478477478, 'expected_rise': 0.004494683817028999, 'actual_return': 0.0115683726922442, 'pnl': 33.73031195685464, 'exit_reason': 'early_exit'}]","[{'ticker': 'PTR', 'sector': 'Basic Matierials', 'prob_up': 0.9934106469154358, 'predicted_prob': 0.9934106469154358, 'expected_rise': 0.010980093851685524, 'bucket_idx': 5, 'investment_fraction': 0.1, 'investment_amount': 9464.661122688472, 'allocated_amount': 9464.661122688472, 'exit_date': Timestamp('2017-08-18 00:00:00')}, {'ticker': 'V', 'sector': 'Financial', 'prob_up': 0.945334255695343, 'predicted_prob': 0.945334255695343, 'expected_rise': 0.008315907791256905, 'bucket_idx': 5, 'investment_fraction': 0.1, 'investment_amount': 7308.752922791866, 'allocated_amount': 7308.752922791866, 'exit_date': Timestamp('2017-08-18 00:00:00')}, {'ticker': 'EXC', 'sector': 'Utilities', 'prob_up': 0.9091247916221619, 'predicted_prob': 0.9091247916221619, 'expected_rise': 0.00807095691561699, 'bucket_idx': 5, 'investment_fraction': 0.1, 'investment_amount': 6808.636163720926, 'allocated_amount': 6808.636163720926, 'exit_date': Timestamp('2017-08-18 00:00:00')}, {'ticker': 'INTC', 'sector': 'Technology', 'prob_up': 0.8377805948257446, 'predicted_prob': 0.8377805948257446, 'expected_rise': 0.008612506091594696, 'bucket_idx': 5, 'investment_fraction': 0.1, 'investment_amount': 7966.82019976033, 'allocated_amount': 7966.82019976033, 'exit_date': Timestamp('2017-08-18 00:00:00')}]",5,100000.0,853,True,True,42,/mnt/primary/simulation/trained_models_multiclass_meta,12,12,0.2,0.3,200,5,60,1.0,0.0001,0.3,True,True,0.3,0.7,0.3,0.5,0.5,0.1,3,100.0,0.5,"[[0.08, 0.6], [0.15, 0.35]]",meta_emotion,nlp,0.1259823649942869,GRU,6,coral,20,128,128,2,0.3,0.3,0.0005466347365856,0.0003650001848317,64,50,10,0.0041366748730481,5,0.8,5,0.1411251559858494,0.7276744145783006,1.793808725179512,21,0.2057532757859396,0.7138661773078487,21,0.0647282490194046,4
2017-08-14,78488.53533633662,46902.28749410318,105287.49280744483,105287.49280744484,124.59144423947825,0.0011847471173240809,4,MPT_ONLY,31586.247842233446,31586.247842233435,True,False,"{'BBL': 5.120672222533793e-17, 'HRG': 0.20946464569747822, 'UN': 0.23321297038359107, 'MA': 2.030985368952931e-16, 'JNJ': 7.215102401411999e-17, 'GE': 5.551115123125783e-17, 'UPS': 4.5777492322405553e-17, 'TSM': 0.25732238391893075, 'EXC': 0.29999999999999966}","[{'date': Timestamp('2017-08-07 00:00:00'), 'exit_date': Timestamp('2017-08-14 00:00:00'), 'ticker': 'GE', 'sector': 'Industrial Goods', 'allocated_amount': 2765.713511439603, 'prob_up': 0.9668673872947693, 'expected_rise': 0.004098286386579275, 'actual_return': -0.010534452225300583, 'pnl': -29.135276855128815, 'exit_reason': 'scheduled'}, {'date': Timestamp('2017-08-07 00:00:00'), 'exit_date': Timestamp('2017-08-14 00:00:00'), 'ticker': 'SO', 'sector': 'Utilities', 'allocated_amount': 184.49766470738376, 'prob_up': 0.747512936592102, 'expected_rise': 0.0033776802010834217, 'actual_return': -0.007346959183673452, 'pnl': -1.3554968120882185, 'exit_reason': 'scheduled'}, {'date': Timestamp('2017-08-07 00:00:00'), 'exit_date': Timestamp('2017-08-14 00:00:00'), 'ticker': 'REX', 'sector': 'Conglomerates', 'allocated_amount': 9516.584298751217, 'prob_up': 0.6212867498397827, 'expected_rise': 0.006193660199642181, 'actual_return': -0.0005148578918392488, 'pnl': -4.899688529565547, 'exit_reason': 'scheduled'}, {'date': Timestamp('2017-08-11 00:00:00'), 'exit_date': Timestamp('2017-08-14 00:00:00'), 'ticker': 'PTR', 'sector': 'Basic Matierials', 'allocated_amount': 9464.661122688472, 'prob_up': 0.9934106469154358, 'expected_rise': 0.010980093851685524, 'actual_return': -0.009777621826210336, 'pnl': -92.54187717088324, 'exit_reason': 'early_exit'}, {'date': Timestamp('2017-08-11 00:00:00'), 'exit_date': Timestamp('2017-08-14 00:00:00'), 'ticker': 'V', 'sector': 'Financial', 'allocated_amount': 7308.752922791866, 'prob_up': 0.945334255695343, 'expected_rise': 0.008315907791256905, 'actual_return': 0.017784065052814935, 'pnl': 129.97933743388182, 'exit_reason': 'early_exit'}, {'date': Timestamp('2017-08-11 00:00:00'), 'exit_date': Timestamp('2017-08-14 00:00:00'), 'ticker': 'EXC', 'sector': 'Utilities', 'allocated_amount': 6808.636163720926, 'prob_up': 0.9091247916221619, 'expected_rise': 0.00807095691561699, 'actual_return': 0.0026666133333332898, 'pnl': 18.15599997599344, 'exit_reason': 'early_exit'}, {'date': Timestamp('2017-08-11 00:00:00'), 'exit_date': Timestamp('2017-08-14 00:00:00'), 'ticker': 'INTC', 'sector': 'Technology', 'allocated_amount': 7966.82019976033, 'prob_up': 0.8377805948257446, 'expected_rise': 0.008612506091594696, 'actual_return': 0.013102899724084294, 'pnl': 104.3884461972688, 'exit_reason': 'early_exit'}]","[{'ticker': 'UN', 'sector': 'Consumer Goods', 'prob_up': 0.9782919883728027, 'predicted_prob': 0.9782919883728027, 'expected_rise': 0.005435021128505468, 'bucket_idx': 5, 'investment_fraction': 0.1, 'investment_amount': 7366.322682559556, 'allocated_amount': 7366.322682559556, 'exit_date': Timestamp('2017-08-21 00:00:00')}, {'ticker': 'EXC', 'sector': 'Utilities', 'prob_up': 0.9232919812202454, 'predicted_prob': 0.9232919812202454, 'expected_rise': 0.00835906807333231, 'bucket_idx': 5, 'investment_fraction': 0.1, 'investment_amount': 9475.874352670024, 'allocated_amount': 9475.874352670024, 'exit_date': Timestamp('2017-08-21 00:00:00')}, {'ticker': 'HRG', 'sector': 'Conglomerates', 'prob_up': 0.8198529481887817, 'predicted_prob': 0.8198529481887817, 'expected_rise': 0.005321806762367487, 'bucket_idx': 5, 'investment_fraction': 0.1, 'investment_amount': 6616.202213186165, 'allocated_amount': 6616.202213186165, 'exit_date': Timestamp('2017-08-21 00:00:00')}, {'ticker': 'TSM', 'sector': 'Technology', 'prob_up': 0.6028992533683777, 'predicted_prob': 0.6028992533683777, 'expected_rise': 0.005599148105829954, 'bucket_idx': 5, 'investment_fraction': 0.049089510590519185, 'investment_amount': 8127.848593817693, 'allocated_amount': 8127.848593817693, 'exit_date': Timestamp('2017-08-21 00:00:00')}]",5,100000.0,853,True,True,42,/mnt/primary/simulation/trained_models_multiclass_meta,12,12,0.2,0.3,200,5,60,1.0,0.0001,0.3,True,True,0.3,0.7,0.3,0.5,0.5,0.1,3,100.0,0.5,"[[0.08, 0.6], [0.15, 0.35]]",meta_emotion,nlp,0.1259823649942869,GRU,6,coral,20,128,128,2,0.3,0.3,0.0005466347365856,0.0003650001848317,64,50,10,0.0041366748730481,5,0.8,5,0.1411251559858494,0.7276744145783006,1.793808725179512,21,0.2057532757859396,0.7138661773078487,21,0.0647282490194046,4
2017-08-15,90998.73241127456,59467.21401541769,105105.0613195229,105105.06131952288,-182.43148792193438,-0.0017326985671088924,4,MPT_ONLY,31531.518395856867,31531.518395856863,True,False,"{'PTR': 0.3000000000000001, 'HRG': 0.2999999999999997, 'AAPL': 0.0, 'MA': 1.714550097898481e-17, 'MDT': 9.825016840950419e-17, 'GE': 0.011650554470697374, 'UPS': 3.4487324348511464e-17, 'INTC': 0.3000000000000001, 'PCG': 0.08834944552930274}","[{'date': Timestamp('2017-08-08 00:00:00'), 'exit_date': Timestamp('2017-08-15 00:00:00'), 'ticker': 'AEP', 'sector': 'Utilities', 'allocated_amount': 3173.157140714989, 'prob_up': 0.9678277373313904, 'expected_rise': 0.006193774752318859, 'actual_return': 0.0023826069343408918, 'pnl': 7.56038620722085, 'exit_reason': 'scheduled'}, {'date': Timestamp('2017-08-08 00:00:00'), 'exit_date': Timestamp('2017-08-15 00:00:00'), 'ticker': 'REX', 'sector': 'Conglomerates', 'allocated_amount': 9519.47142214489, 'prob_up': 0.6977986097335815, 'expected_rise': 0.007551162037998438, 'actual_return': -0.030722318492706457, 'pnl': -292.4602329133526, 'exit_reason': 'scheduled'}, {'date': Timestamp('2017-08-14 00:00:00'), 'exit_date': Timestamp('2017-08-15 00:00:00'), 'ticker': 'UN', 'sector': 'Consumer Goods', 'allocated_amount': 7366.322682559556, 'prob_up': 0.9782919883728027, 'expected_rise': 0.005435021128505468, 'actual_return': 0.006163328197226647, 'pnl': 45.401064299289544, 'exit_reason': 'early_exit'}, {'date': Timestamp('2017-08-14 00:00:00'), 'exit_date': Timestamp('2017-08-15 00:00:00'), 'ticker': 'EXC', 'sector': 'Utilities', 'allocated_amount': 9475.874352670024, 'prob_up': 0.9232919812202454, 'expected_rise': 0.00835906807333231, 'actual_return': 0.006383032254416721, 'pnl': 60.484811631892924, 'exit_reason': 'early_exit'}, {'date': Timestamp('2017-08-14 00:00:00'), 'exit_date': Timestamp('2017-08-15 00:00:00'), 'ticker': 'HRG', 'sector': 'Conglomerates', 'allocated_amount': 6616.202213186165, 'prob_up': 0.8198529481887817, 'expected_rise': 0.005321806762367487, 'actual_return': -0.013125000000000053, 'pnl': -86.83765404806877, 'exit_reason': 'early_exit'}, {'date': Timestamp('2017-08-14 00:00:00'), 'exit_date': Timestamp('2017-08-15 00:00:00'), 'ticker': 'TSM', 'sector': 'Technology', 'allocated_amount': 8127.848593817693, 'prob_up': 0.6028992533683777, 'expected_rise': 0.005599148105829954, 'actual_return': 0.01026349543033267, 'pnl': 83.42013690108371, 'exit_reason': 'early_exit'}]","[{'ticker': 'PTR', 'sector': 'Basic Matierials', 'prob_up': 0.9924276471138, 'predicted_prob': 0.9924276471138, 'expected_rise': 0.01092438492923975, 'bucket_idx': 5, 'investment_fraction': 0.1, 'investment_amount': 9459.455518757064, 'allocated_amount': 9459.455518757064, 'exit_date': Timestamp('2017-08-22 00:00:00')}, {'ticker': 'GE', 'sector': 'Industrial Goods', 'prob_up': 0.9473703503608704, 'predicted_prob': 0.9473703503608704, 'expected_rise': 0.0038579723332077265, 'bucket_idx': 5, 'investment_fraction': 0.1, 'investment_amount': 367.3596726147267, 'allocated_amount': 367.3596726147267, 'exit_date': Timestamp('2017-08-22 00:00:00')}, {'ticker': 'INTC', 'sector': 'Technology', 'prob_up': 0.851711094379425, 'predicted_prob': 0.851711094379425, 'expected_rise': 0.008879533968865871, 'bucket_idx': 5, 'investment_fraction': 0.1, 'investment_amount': 9459.455518757064, 'allocated_amount': 9459.455518757064, 'exit_date': Timestamp('2017-08-22 00:00:00')}, {'ticker': 'HRG', 'sector': 'Conglomerates', 'prob_up': 0.8241594433784485, 'predicted_prob': 0.8241594433784485, 'expected_rise': 0.005361868999898434, 'bucket_idx': 5, 'investment_fraction': 0.1, 'investment_amount': 9459.455518757051, 'allocated_amount': 9459.455518757051, 'exit_date': Timestamp('2017-08-22 00:00:00')}, {'ticker': 'PCG', 'sector': 'Utilities', 'prob_up': 0.6463333368301392, 'predicted_prob': 0.6463333368301392, 'expected_rise': 0.004207555204629898, 'bucket_idx': 5, 'investment_fraction': 0.06516251537355208, 'investment_amount': 2785.7921669709635, 'allocated_amount': 2785.7921669709576, 'exit_date': Timestamp('2017-08-22 00:00:00')}]",5,100000.0,853,True,True,42,/mnt/primary/simulation/trained_models_multiclass_meta,12,12,0.2,0.3,200,5,60,1.0,0.0001,0.3,True,True,0.3,0.7,0.3,0.5,0.5,0.1,3,100.0,0.5,"[[0.08, 0.6], [0.15, 0.35]]",meta_emotion,nlp,0.1259823649942869,GRU,6,coral,20,128,128,2,0.3,0.3,0.0005466347365856,0.0003650001848317,64,50,10,0.0041366748730481,5,0.8,5,0.1411251559858494,0.7276744145783006,1.793808725179512,21,0.2057532757859396,0.7138661773078487,21,0.0647282490194046,4
2017-08-16,95374.78059992759,63811.78414112948,105209.98819599373,105209.98819599373,104.92687647084296,0.000998304697733543,5,MPT_ONLY,31562.99645879812,31562.996458798105,True,False,"{'PTR': 0.3, 'HRG': 0.22878135212929127, 'UN': 0.24336823718656775, 'WFC': 0.0, 'JNJ': 0.0, 'GE': 0.0, 'AMZN': 2.3418766925686893e-17, 'TSM': 0.22785041068414064, 'PCG': 2.710306489338955e-16}","[{'date': Timestamp('2017-08-10 00:00:00'), 'exit_date': Timestamp('2017-08-16 00:00:00'), 'ticker': 'MSFT', 'sector': 'Technology', 'allocated_amount': 4638.48098479692, 'prob_up': 0.7575737237930298, 'expected_rise': 0.005039070267230272, 'actual_return': 0.031368125956133586, 'pnl': 145.50045577624033, 'exit_reason': 'early_exit'}, {'date': Timestamp('2017-08-15 00:00:00'), 'exit_date': Timestamp('2017-08-16 00:00:00'), 'ticker': 'PTR', 'sector': 'Basic Matierials', 'allocated_amount': 9459.455518757064, 'prob_up': 0.9924276471138, 'expected_rise': 0.01092438492923975, 'actual_return': -0.0037031073304925055, 'pnl': -35.02937907397707, 'exit_reason': 'early_exit'}, {'date': Timestamp('2017-08-15 00:00:00'), 'exit_date': Timestamp('2017-08-16 00:00:00'), 'ticker': 'INTC', 'sector': 'Technology', 'allocated_amount': 9459.455518757064, 'prob_up': 0.851711094379425, 'expected_rise': 0.008879533968865871, 'actual_return': -0.00527774999999997, 'pnl': -49.92464136411981, 'exit_reason': 'early_exit'}, {'date': Timestamp('2017-08-15 00:00:00'), 'exit_date': Timestamp('2017-08-16 00:00:00'), 'ticker': 'HRG', 'sector': 'Conglomerates', 'allocated_amount': 9459.455518757051, 'prob_up': 0.8241594433784485, 'expected_rise': 0.005361868999898434, 'actual_return': 0.0037998733375554927, 'pnl': 35.944732813517085, 'exit_reason': 'early_exit'}, {'date': Timestamp('2017-08-15 00:00:00'), 'exit_date': Timestamp('2017-08-16 00:00:00'), 'ticker': 'PCG', 'sector': 'Utilities', 'allocated_amount': 2785.7921669709576, 'prob_up': 0.6463333368301392, 'expected_rise': 0.004207555204629898, 'actual_return': 0.003028118328135987, 'pnl': 8.435708319182424, 'exit_reason': 'early_exit'}]","[{'ticker': 'PTR', 'sector': 'Basic Matierials', 'prob_up': 0.9920817613601685, 'predicted_prob': 0.9920817613601685, 'expected_rise': 0.010904880240559578, 'bucket_idx': 5, 'investment_fraction': 0.1, 'investment_amount': 9468.898937639435, 'allocated_amount': 9468.898937639435, 'exit_date': Timestamp('2017-08-23 00:00:00')}, {'ticker': 'UN', 'sector': 'Consumer Goods', 'prob_up': 0.9775753021240234, 'predicted_prob': 0.9775753021240234, 'expected_rise': 0.005426046438515186, 'bucket_idx': 5, 'investment_fraction': 0.1, 'investment_amount': 7681.430808503579, 'allocated_amount': 7681.430808503579, 'exit_date': Timestamp('2017-08-23 00:00:00')}, {'ticker': 'HRG', 'sector': 'Conglomerates', 'prob_up': 0.8279435634613037, 'predicted_prob': 0.8279435634613037, 'expected_rise': 0.005397281143814325, 'bucket_idx': 5, 'investment_fraction': 0.1, 'investment_amount': 7221.0250070958655, 'allocated_amount': 7221.0250070958655, 'exit_date': Timestamp('2017-08-23 00:00:00')}, {'ticker': 'TSM', 'sector': 'Technology', 'prob_up': 0.5566296577453613, 'predicted_prob': 0.5566296577453613, 'expected_rise': 0.005388767458498478, 'bucket_idx': 3, 'investment_fraction': 0.03166469181472024, 'investment_amount': 7191.641705559228, 'allocated_amount': 7191.641705559228, 'exit_date': Timestamp('2017-08-23 00:00:00')}]",5,100000.0,853,True,True,42,/mnt/primary/simulation/trained_models_multiclass_meta,12,12,0.2,0.3,200,5,60,1.0,0.0001,0.3,True,True,0.3,0.7,0.3,0.5,0.5,0.1,3,100.0,0.5,"[[0.08, 0.6], [0.15, 0.35]]",meta_emotion,nlp,0.1259823649942869,GRU,6,coral,20,128,128,2,0.3,0.3,0.0005466347365856,0.0003650001848317,64,50,10,0.0041366748730481,5,0.8,5,0.1411251559858494,0.7276744145783006,1.793808725179512,21,0.2057532757859396,0.7138661773078487,21,0.0647282490194046,4
2017-08-17,103862.40682128251,72593.47687311334,104229.76649389723,104229.76649389723,-980.2217020964881,-0.009316812204849478,4,MPT_ONLY,31268.929948169167,31268.929948169167,True,False,"{'PTR': 0.2999999999999999, 'HRG': 0.042789292044711574, 'PM': 0.0, 'V': 0.2999999999999997, 'JNJ': 0.0, 'CAT': 0.0, 'UPS': 0.0, 'MSFT': 0.05721070795528907, 'EXC': 0.29999999999999977}","[{'date': Timestamp('2017-08-10 00:00:00'), 'exit_date': Timestamp('2017-08-17 00:00:00'), 'ticker': 'REX', 'sector': 'Conglomerates', 'allocated_amount': 9467.847923451414, 'prob_up': 0.6427557468414307, 'expected_rise': 0.006566592492163181, 'actual_return': -0.06287677132740821, 'pnl': -595.3077088455312, 'exit_reason': 'scheduled'}, {'date': Timestamp('2017-08-16 00:00:00'), 'exit_date': Timestamp('2017-08-17 00:00:00'), 'ticker': 'PTR', 'sector': 'Basic Matierials', 'allocated_amount': 9468.898937639435, 'prob_up': 0.9920817613601685, 'expected_rise': 0.010904880240559578, 'actual_return': -0.015190723736413614, 'pnl': -143.83942784970102, 'exit_reason': 'early_exit'}, {'date': Timestamp('2017-08-16 00:00:00'), 'exit_date': Timestamp('2017-08-17 00:00:00'), 'ticker': 'UN', 'sector': 'Consumer Goods', 'allocated_amount': 7681.430808503579, 'prob_up': 0.9775753021240234, 'expected_rise': 0.005426046438515186, 'actual_return': -0.008317806823968765, 'pnl': -63.89265759681498, 'exit_reason': 'early_exit'}, {'date': Timestamp('2017-08-16 00:00:00'), 'exit_date': Timestamp('2017-08-17 00:00:00'), 'ticker': 'HRG', 'sector': 'Conglomerates', 'allocated_amount': 7221.0250070958655, 'prob_up': 0.8279435634613037, 'expected_rise': 0.005397281143814325, 'actual_return': -0.009463722397476393, 'pnl': -68.33777609239027, 'exit_reason': 'early_exit'}, {'date': Timestamp('2017-08-16 00:00:00'), 'exit_date': Timestamp('2017-08-17 00:00:00'), 'ticker': 'TSM', 'sector': 'Technology', 'allocated_amount': 7191.641705559228, 'prob_up': 0.5566296577453613, 'expected_rise': 0.005388767458498478, 'actual_return': -0.015134810126582465, 'pnl': -108.8441317120506, 'exit_reason': 'early_exit'}]","[{'ticker': 'PTR', 'sector': 'Basic Matierials', 'prob_up': 0.9918828010559082, 'predicted_prob': 0.9918828010559082, 'expected_rise': 0.010893689468502998, 'bucket_idx': 5, 'investment_fraction': 0.1, 'investment_amount': 9380.678984450746, 'allocated_amount': 9380.678984450746, 'exit_date': Timestamp('2017-08-24 00:00:00')}, {'ticker': 'V', 'sector': 'Financial', 'prob_up': 0.897214949131012, 'predicted_prob': 0.897214949131012, 'expected_rise': 0.007472531404346228, 'bucket_idx': 5, 'investment_fraction': 0.1, 'investment_amount': 9380.67898445074, 'allocated_amount': 9380.67898445074, 'exit_date': Timestamp('2017-08-24 00:00:00')}, {'ticker': 'EXC', 'sector': 'Utilities', 'prob_up': 0.8809017539024353, 'predicted_prob': 0.8809017539024353, 'expected_rise': 0.007542581297457218, 'bucket_idx': 5, 'investment_fraction': 0.1, 'investment_amount': 9380.678984450742, 'allocated_amount': 9380.678984450742, 'exit_date': Timestamp('2017-08-24 00:00:00')}, {'ticker': 'HRG', 'sector': 'Conglomerates', 'prob_up': 0.8288244605064392, 'predicted_prob': 0.8288244605064392, 'expected_rise': 0.00540555315092206, 'bucket_idx': 5, 'investment_fraction': 0.1, 'investment_amount': 1337.9753754778385, 'allocated_amount': 1337.9753754778385, 'exit_date': Timestamp('2017-08-24 00:00:00')}, {'ticker': 'MSFT', 'sector': 'Technology', 'prob_up': 0.6092091798782349, 'predicted_prob': 0.6092091798782349, 'expected_rise': 0.0055147502571344376, 'bucket_idx': 5, 'investment_fraction': 0.05118243503948664, 'investment_amount': 1788.9176193390983, 'allocated_amount': 1788.9176193390958, 'exit_date': Timestamp('2017-08-24 00:00:00')}]",5,100000.0,853,True,True,42,/mnt/primary/simulation/trained_models_multiclass_meta,12,12,0.2,0.3,200,5,60,1.0,0.0001,0.3,True,True,0.3,0.7,0.3,0.5,0.5,0.1,3,100.0,0.5,"[[0.08, 0.6], [0.15, 0.35]]",meta_emotion,nlp,0.1259823649942869,GRU,6,coral,20,128,128,2,0.3,0.3,0.0005466347365856,0.0003650001848317,64,50,10,0.0041366748730481,5,0.8,5,0.1411251559858494,0.7276744145783006,1.793808725179512,21,0.2057532757859396,0.7138661773078487,21,0.0647282490194046,4
2017-08-18,104028.01488370408,72709.40251680845,104395.3745563188,104395.37455631881,165.60806242157025,0.0015888749250076994,5,MPT_ONLY,31318.61236689564,31318.612366895635,True,False,"{'SNP': 0.0, 'REX': 0.018027079714640105, 'UN': 0.30000000000000004, 'BRK-A': 0.0, 'JNJ': 0.0, 'GE': 0.01767088641320825, 'AMZN': 0.06430203387215143, 'INTC': 0.30000000000000004, 'EXC': 0.30000000000000004}","[{'date': Timestamp('2017-08-17 00:00:00'), 'exit_date': Timestamp('2017-08-18 00:00:00'), 'ticker': 'PTR', 'sector': 'Basic Matierials', 'allocated_amount': 9380.678984450746, 'prob_up': 0.9918828010559082, 'expected_rise': 0.010893689468502998, 'actual_return': 0.006071578701535518, 'pnl': 56.95553072793298, 'exit_reason': 'early_exit'}, {'date': Timestamp('2017-08-17 00:00:00'), 'exit_date': Timestamp('2017-08-18 00:00:00'), 'ticker': 'V', 'sector': 'Financial', 'allocated_amount': 9380.67898445074, 'prob_up': 0.897214949131012, 'expected_rise': 0.007472531404346228, 'actual_return': 0.0034259787225536797, 'pnl': 32.1380066038347, 'exit_reason': 'early_exit'}, {'date': Timestamp('2017-08-17 00:00:00'), 'exit_date': Timestamp('2017-08-18 00:00:00'), 'ticker': 'EXC', 'sector': 'Utilities', 'allocated_amount': 9380.678984450742, 'prob_up': 0.8809017539024353, 'expected_rise': 0.007542581297457218, 'actual_return': 0.010372447360236459, 'pnl': 97.30059896949172, 'exit_reason': 'early_exit'}, {'date': Timestamp('2017-08-17 00:00:00'), 'exit_date': Timestamp('2017-08-18 00:00:00'), 'ticker': 'HRG', 'sector': 'Conglomerates', 'allocated_amount': 1337.9753754778385, 'prob_up': 0.8288244605064392, 'expected_rise': 0.00540555315092206, 'actual_return': -0.01719745222929936, 'pnl': -23.009767603759002, 'exit_reason': 'early_exit'}, {'date': Timestamp('2017-08-17 00:00:00'), 'exit_date': Timestamp('2017-08-18 00:00:00'), 'ticker': 'MSFT', 'sector': 'Technology', 'allocated_amount': 1788.9176193390958, 'prob_up': 0.6092091798782349, 'expected_rise': 0.0055147502571344376, 'actual_return': 0.0012430386396951043, 'pnl': 2.223693724069874, 'exit_reason': 'early_exit'}]","[{'ticker': 'UN', 'sector': 'Consumer Goods', 'prob_up': 0.9776662588119507, 'predicted_prob': 0.9776662588119507, 'expected_rise': 0.0054271831177175045, 'bucket_idx': 5, 'investment_fraction': 0.1, 'investment_amount': 9395.583710068693, 'allocated_amount': 9395.583710068693, 'exit_date': Timestamp('2017-08-25 00:00:00')}, {'ticker': 'GE', 'sector': 'Industrial Goods', 'prob_up': 0.9596723318099976, 'predicted_prob': 0.9596723318099976, 'expected_rise': 0.004008048679679632, 'bucket_idx': 5, 'investment_fraction': 0.1, 'investment_amount': 553.427641754712, 'allocated_amount': 553.427641754712, 'exit_date': Timestamp('2017-08-25 00:00:00')}, {'ticker': 'INTC', 'sector': 'Technology', 'prob_up': 0.8318676948547363, 'predicted_prob': 0.8318676948547363, 'expected_rise': 0.008501472882926464, 'bucket_idx': 5, 'investment_fraction': 0.1, 'investment_amount': 9395.583710068693, 'allocated_amount': 9395.583710068693, 'exit_date': Timestamp('2017-08-25 00:00:00')}, {'ticker': 'EXC', 'sector': 'Utilities', 'prob_up': 0.8294799327850342, 'predicted_prob': 0.8294799327850342, 'expected_rise': 0.0067029912024736404, 'bucket_idx': 5, 'investment_fraction': 0.1, 'investment_amount': 9395.583710068693, 'allocated_amount': 9395.583710068693, 'exit_date': Timestamp('2017-08-25 00:00:00')}, {'ticker': 'AMZN', 'sector': 'Services', 'prob_up': 0.5214736461639404, 'predicted_prob': 0.5214736461639404, 'expected_rise': 0.0042588678188622, 'bucket_idx': 5, 'investment_fraction': 0.015499718097243688, 'investment_amount': 2013.850473244904, 'allocated_amount': 2013.850473244904, 'exit_date': Timestamp('2017-08-25 00:00:00')}, {'ticker': 'REX', 'sector': 'Conglomerates', 'prob_up': 0.4928687810897827, 'predicted_prob': 0.4928687810897827, 'expected_rise': 0.003986735362559557, 'bucket_idx': 0, 'investment_fraction': 0.009905894624681999, 'investment_amount': 564.5831216899411, 'allocated_amount': 564.5831216899411, 'exit_date': Timestamp('2017-08-25 00:00:00')}]",5,100000.0,853,True,True,42,/mnt/primary/simulation/trained_models_multiclass_meta,12,12,0.2,0.3,200,5,60,1.0,0.0001,0.3,True,True,0.3,0.7,0.3,0.5,0.5,0.1,3,100.0,0.5,"[[0.08, 0.6], [0.15, 0.35]]",meta_emotion,nlp,0.1259823649942869,GRU,6,coral,20,128,128,2,0.3,0.3,0.0005466347365856,0.0003650001848317,64,50,10,0.0041366748730481,5,0.8,5,0.1411251559858494,0.7276744145783006,1.793808725179512,21,0.2057532757859396,0.7138661773078487,21,0.0647282490194046,4
2017-08-21,102914.09964024014,71594.25861735032,104399.47007629952,104399.47007629953,4.095519980703781,3.9230856712979545e-05,4,MPT_ONLY,31319.841022889854,31319.841022889825,True,False,"{'PTR': 0.2999999999999994, 'REX': 2.467293067761857e-16, 'UN': 0.05221891361680211, 'V': 0.29999999999999954, 'MRK': 3.5198795804998367e-16, 'GE': 2.123642561275287e-16, 'UPS': 3.062806010975447e-16, 'INTC': 0.29999999999999977, 'EXC': 0.0477810863831981}","[{'date': Timestamp('2017-08-18 00:00:00'), 'exit_date': Timestamp('2017-08-21 00:00:00'), 'ticker': 'UN', 'sector': 'Consumer Goods', 'allocated_amount': 9395.583710068693, 'prob_up': 0.9776662588119507, 'expected_rise': 0.0054271831177175045, 'actual_return': 0.0049547412430333004, 'pnl': 46.552686110649184, 'exit_reason': 'early_exit'}, {'date': Timestamp('2017-08-18 00:00:00'), 'exit_date': Timestamp('2017-08-21 00:00:00'), 'ticker': 'INTC', 'sector': 'Technology', 'allocated_amount': 9395.583710068693, 'prob_up': 0.8318676948547363, 'expected_rise': 0.008501472882926464, 'actual_return': -0.002570694234258597, 'pnl': -24.153172870967587, 'exit_reason': 'early_exit'}, {'date': Timestamp('2017-08-18 00:00:00'), 'exit_date': Timestamp('2017-08-21 00:00:00'), 'ticker': 'EXC', 'sector': 'Utilities', 'allocated_amount': 9395.583710068693, 'prob_up': 0.8294799327850342, 'expected_rise': 0.0067029912024736404, 'actual_return': -0.0007897604217023124, 'pnl': -7.420260153003228, 'exit_reason': 'early_exit'}, {'date': Timestamp('2017-08-18 00:00:00'), 'exit_date': Timestamp('2017-08-21 00:00:00'), 'ticker': 'AMZN', 'sector': 'Services', 'allocated_amount': 2013.850473244904, 'prob_up': 0.5214736461639404, 'expected_rise': 0.0042588678188622, 'actual_return': -0.005404439530427352, 'pnl': -10.883733105974589, 'exit_reason': 'early_exit'}]","[{'ticker': 'PTR', 'sector': 'Basic Matierials', 'prob_up': 0.9930405616760254, 'predicted_prob': 0.9930405616760254, 'expected_rise': 0.010959070175886154, 'bucket_idx': 5, 'investment_fraction': 0.1, 'investment_amount': 9395.952306866937, 'allocated_amount': 9395.952306866937, 'exit_date': Timestamp('2017-08-28 00:00:00')}, {'ticker': 'UN', 'sector': 'Consumer Goods', 'prob_up': 0.9777566194534302, 'predicted_prob': 0.9777566194534302, 'expected_rise': 0.00542831514030695, 'bucket_idx': 5, 'investment_fraction': 0.1, 'investment_amount': 1635.4880728662602, 'allocated_amount': 1635.4880728662602, 'exit_date': Timestamp('2017-08-28 00:00:00')}, {'ticker': 'V', 'sector': 'Financial', 'prob_up': 0.8620818257331848, 'predicted_prob': 0.8620818257331848, 'expected_rise': 0.00692326994612813, 'bucket_idx': 5, 'investment_fraction': 0.1, 'investment_amount': 9395.952306866942, 'allocated_amount': 9395.952306866942, 'exit_date': Timestamp('2017-08-28 00:00:00')}, {'ticker': 'INTC', 'sector': 'Technology', 'prob_up': 0.8184224367141724, 'predicted_prob': 0.8184224367141724, 'expected_rise': 0.008253652602434158, 'bucket_idx': 5, 'investment_fraction': 0.1, 'investment_amount': 9395.95230686695, 'allocated_amount': 9395.95230686695, 'exit_date': Timestamp('2017-08-28 00:00:00')}, {'ticker': 'EXC', 'sector': 'Utilities', 'prob_up': 0.7294821739196777, 'predicted_prob': 0.7294821739196777, 'expected_rise': 0.0053659845143556595, 'bucket_idx': 5, 'investment_fraction': 0.09488888121907374, 'investment_amount': 1496.4960294227317, 'allocated_amount': 1496.4960294227317, 'exit_date': Timestamp('2017-08-28 00:00:00')}]",5,100000.0,853,True,True,42,/mnt/primary/simulation/trained_models_multiclass_meta,12,12,0.2,0.3,200,5,60,1.0,0.0001,0.3,True,True,0.3,0.7,0.3,0.5,0.5,0.1,3,100.0,0.5,"[[0.08, 0.6], [0.15, 0.35]]",meta_emotion,nlp,0.1259823649942869,GRU,6,coral,20,128,128,2,0.3,0.3,0.0005466347365856,0.0003650001848317,64,50,10,0.0041366748730481,5,0.8,5,0.1411251559858494,0.7276744145783006,1.793808725179512,21,0.2057532757859396,0.7138661773078487,21,0.0647282490194046,4
2017-08-22,103355.52820732059,72013.46651609102,104473.53897076524,104473.53897076525,74.06889446572893,0.0007094757704380061,5,MPT_ONLY,31342.06169122957,31342.06169122957,True,False,"{'BBL': 0.09766315409251411, 'HRG': 0.23210200769875883, 'UN': 0.25004966058498734, 'BRK-A': 0.0, 'UNH': 0.0, 'DHR': 0.14546720630745788, 'AMZN': 0.0, 'TSM': 0.27471797131628195, 'EXC': 7.621941272573096e-17}","[{'date': Timestamp('2017-08-15 00:00:00'), 'exit_date': Timestamp('2017-08-22 00:00:00'), 'ticker': 'GE', 'sector': 'Industrial Goods', 'allocated_amount': 367.3596726147267, 'prob_up': 0.9473703503608704, 'expected_rise': 0.0038579723332077265, 'actual_return': -0.02147967468097345, 'pnl': -7.89076625867324, 'exit_reason': 'scheduled'}, {'date': Timestamp('2017-08-21 00:00:00'), 'exit_date': Timestamp('2017-08-22 00:00:00'), 'ticker': 'PTR', 'sector': 'Basic Matierials', 'allocated_amount': 9395.952306866937, 'prob_up': 0.9930405616760254, 'expected_rise': 0.010959070175886154, 'actual_return': 0.0064359933568465255, 'pnl': 60.472286628242394, 'exit_reason': 'early_exit'}, {'date': Timestamp('2017-08-21 00:00:00'), 'exit_date': Timestamp('2017-08-22 00:00:00'), 'ticker': 'UN', 'sector': 'Consumer Goods', 'allocated_amount': 1635.4880728662602, 'prob_up': 0.9777566194534302, 'expected_rise': 0.00542831514030695, 'actual_return': 0.003740241414484702, 'pnl': 6.11712022303016, 'exit_reason': 'early_exit'}, {'date': Timestamp('2017-08-21 00:00:00'), 'exit_date': Timestamp('2017-08-22 00:00:00'), 'ticker': 'V', 'sector': 'Financial', 'allocated_amount': 9395.952306866942, 'prob_up': 0.8620818257331848, 'expected_rise': 0.00692326994612813, 'actual_return': 0.008234828441824993, 'pnl': 77.37405529461905, 'exit_reason': 'early_exit'}, {'date': Timestamp('2017-08-21 00:00:00'), 'exit_date': Timestamp('2017-08-22 00:00:00'), 'ticker': 'INTC', 'sector': 'Technology', 'allocated_amount': 9395.95230686695, 'prob_up': 0.8184224367141724, 'expected_rise': 0.008253652602434158, 'actual_return': -0.0077318446581812195, 'pnl': -72.64804365237472, 'exit_reason': 'early_exit'}, {'date': Timestamp('2017-08-21 00:00:00'), 'exit_date': Timestamp('2017-08-22 00:00:00'), 'ticker': 'EXC', 'sector': 'Utilities', 'allocated_amount': 1496.4960294227317, 'prob_up': 0.7294821739196777, 'expected_rise': 0.0053659845143556595, 'actual_return': 0.0071127767943302, 'pnl': 10.64424223088529, 'exit_reason': 'early_exit'}]","[{'ticker': 'UN', 'sector': 'Consumer Goods', 'prob_up': 0.9775753021240234, 'predicted_prob': 0.9775753021240234, 'expected_rise': 0.005426046438515186, 'bucket_idx': 5, 'investment_fraction': 0.1, 'investment_amount': 7837.071887925688, 'allocated_amount': 7837.071887925688, 'exit_date': Timestamp('2017-08-29 00:00:00')}, {'ticker': 'BBL', 'sector': 'Basic Matierials', 'prob_up': 0.9539520740509033, 'predicted_prob': 0.9539520740509033, 'expected_rise': 0.004615127108991146, 'bucket_idx': 5, 'investment_fraction': 0.1, 'investment_amount': 3060.964600527637, 'allocated_amount': 3060.964600527637, 'exit_date': Timestamp('2017-08-29 00:00:00')}, {'ticker': 'HRG', 'sector': 'Conglomerates', 'prob_up': 0.8232595324516296, 'predicted_prob': 0.8232595324516296, 'expected_rise': 0.005353478714823723, 'bucket_idx': 5, 'investment_fraction': 0.1, 'investment_amount': 7274.55544395274, 'allocated_amount': 7274.55544395274, 'exit_date': Timestamp('2017-08-29 00:00:00')}, {'ticker': 'DHR', 'sector': 'Industrial Goods', 'prob_up': 0.8201475143432617, 'predicted_prob': 0.8201475143432617, 'expected_rise': 0.0048536090180277824, 'bucket_idx': 5, 'investment_fraction': 0.1, 'investment_amount': 4559.242154139164, 'allocated_amount': 4559.242154139164, 'exit_date': Timestamp('2017-08-29 00:00:00')}, {'ticker': 'TSM', 'sector': 'Technology', 'prob_up': 0.6011016368865967, 'predicted_prob': 0.6011016368865967, 'expected_rise': 0.005591423250734806, 'bucket_idx': 5, 'investment_fraction': 0.048909319833040865, 'investment_amount': 8610.227604684344, 'allocated_amount': 8610.227604684344, 'exit_date': Timestamp('2017-08-29 00:00:00')}]",5,100000.0,853,True,True,42,/mnt/primary/simulation/trained_models_multiclass_meta,12,12,0.2,0.3,200,5,60,1.0,0.0001,0.3,True,True,0.3,0.7,0.3,0.5,0.5,0.1,3,100.0,0.5,"[[0.08, 0.6], [0.15, 0.35]]",meta_emotion,nlp,0.1259823649942869,GRU,6,coral,20,128,128,2,0.3,0.3,0.0005466347365856,0.0003650001848317,64,50,10,0.0041366748730481,5,0.8,5,0.1411251559858494,0.7276744145783006,1.793808725179512,21,0.2057532757859396,0.7138661773078487,21,0.0647282490194046,4
2017-08-23,103311.52685025419,71982.66556614454,104429.53761369883,104429.53761369883,-44.00135706638666,-0.0004211722652444072,5,MPT_ONLY,31328.861284109647,31328.861284109644,True,False,"{'PTR': 0.2999999999999998, 'REX': 0.0, 'AAPL': 0.0, 'V': 0.29999999999999966, 'MRK': 4.78007132230876e-17, 'DHR': 0.07404572523715743, 'UPS': 0.0, 'INTC': 0.2999999999999998, 'PPL': 0.025954274762843236}","[{'date': Timestamp('2017-08-22 00:00:00'), 'exit_date': Timestamp('2017-08-23 00:00:00'), 'ticker': 'UN', 'sector': 'Consumer Goods', 'allocated_amount': 7837.071887925688, 'prob_up': 0.9775753021240234, 'expected_rise': 0.005426046438515186, 'actual_return': -0.0006775237012613955, 'pnl': -5.309801952559045, 'exit_reason': 'early_exit'}, {'date': Timestamp('2017-08-22 00:00:00'), 'exit_date': Timestamp('2017-08-23 00:00:00'), 'ticker': 'BBL', 'sector': 'Basic Matierials', 'allocated_amount': 3060.964600527637, 'prob_up': 0.9539520740509033, 'expected_rise': 0.004615127108991146, 'actual_return': 0.010845356252651595, 'pnl': 33.197251569477594, 'exit_reason': 'early_exit'}, {'date': Timestamp('2017-08-22 00:00:00'), 'exit_date': Timestamp('2017-08-23 00:00:00'), 'ticker': 'HRG', 'sector': 'Conglomerates', 'allocated_amount': 7274.55544395274, 'prob_up': 0.8232595324516296, 'expected_rise': 0.005353478714823723, 'actual_return': -0.00651041666666663, 'pnl': -47.36038700490038, 'exit_reason': 'early_exit'}, {'date': Timestamp('2017-08-22 00:00:00'), 'exit_date': Timestamp('2017-08-23 00:00:00'), 'ticker': 'DHR', 'sector': 'Industrial Goods', 'allocated_amount': 4559.242154139164, 'prob_up': 0.8201475143432617, 'expected_rise': 0.0048536090180277824, 'actual_return': -0.008482756003978187, 'pnl': -38.67493875661444, 'exit_reason': 'early_exit'}, {'date': Timestamp('2017-08-22 00:00:00'), 'exit_date': Timestamp('2017-08-23 00:00:00'), 'ticker': 'TSM', 'sector': 'Technology', 'allocated_amount': 8610.227604684344, 'prob_up': 0.6011016368865967, 'expected_rise': 0.005591423250734806, 'actual_return': 0.001642990142387557, 'pnl': 14.146519078209604, 'exit_reason': 'early_exit'}]","[{'ticker': 'PTR', 'sector': 'Basic Matierials', 'prob_up': 0.9947054982185364, 'predicted_prob': 0.9947054982185364, 'expected_rise': 0.01105411071330309, 'bucket_idx': 5, 'investment_fraction': 0.1, 'investment_amount': 9398.65838523289, 'allocated_amount': 9398.65838523289, 'exit_date': Timestamp('2017-08-30 00:00:00')}, {'ticker': 'V', 'sector': 'Financial', 'prob_up': 0.8176770806312561, 'predicted_prob': 0.8176770806312561, 'expected_rise': 0.006291600875556469, 'bucket_idx': 5, 'investment_fraction': 0.1, 'investment_amount': 9398.658385232884, 'allocated_amount': 9398.658385232884, 'exit_date': Timestamp('2017-08-30 00:00:00')}, {'ticker': 'INTC', 'sector': 'Technology', 'prob_up': 0.765175461769104, 'predicted_prob': 0.765175461769104, 'expected_rise': 0.0073238397017121315, 'bucket_idx': 5, 'investment_fraction': 0.1, 'investment_amount': 9398.65838523289, 'allocated_amount': 9398.65838523289, 'exit_date': Timestamp('2017-08-30 00:00:00')}, {'ticker': 'DHR', 'sector': 'Industrial Goods', 'prob_up': 0.7620307803153992, 'predicted_prob': 0.7620307803153992, 'expected_rise': 0.0044397590681910515, 'bucket_idx': 5, 'investment_fraction': 0.1, 'investment_amount': 2319.768254636202, 'allocated_amount': 2319.768254636202, 'exit_date': Timestamp('2017-08-30 00:00:00')}, {'ticker': 'PPL', 'sector': 'Utilities', 'prob_up': 0.7564288973808289, 'predicted_prob': 0.7564288973808289, 'expected_rise': 0.004027893766760826, 'bucket_idx': 5, 'investment_fraction': 0.09858157576029558, 'investment_amount': 813.1178737747836, 'allocated_amount': 813.117873774776, 'exit_date': Timestamp('2017-08-30 00:00:00')}]",5,100000.0,853,True,True,42,/mnt/primary/simulation/trained_models_multiclass_meta,12,12,0.2,0.3,200,5,60,1.0,0.0001,0.3,True,True,0.3,0.7,0.3,0.5,0.5,0.1,3,100.0,0.5,"[[0.08, 0.6], [0.15, 0.35]]",meta_emotion,nlp,0.1259823649942869,GRU,6,coral,20,128,128,2,0.3,0.3,0.0005466347365856,0.0003650001848317,64,50,10,0.0041366748730481,5,0.8,5,0.1411251559858494,0.7276744145783006,1.793808725179512,21,0.2057532757859396,0.7138661773078487,21,0.0647282490194046,4
2017-08-24,103547.92909738769,72148.14713913799,104665.93986083234,104665.93986083232,236.40224713352316,0.0022637488639276615,5,MPT_ONLY,31399.7819582497,31399.781958249692,True,False,"{'PTR': 0.29999999999999993, 'HRG': 0.18312360648373324, 'AAPL': 1.986043254576108e-17, 'BRK-A': 1.496068603357908e-16, 'CELG': 5.5406605805576145e-18, 'BA': 1.5078203954337963e-16, 'PCLN': 0.29821159112594936, 'MSFT': 0.21866480239031721, 'PCG': 0.0}","[{'date': Timestamp('2017-08-23 00:00:00'), 'exit_date': Timestamp('2017-08-24 00:00:00'), 'ticker': 'PTR', 'sector': 'Basic Matierials', 'allocated_amount': 9398.65838523289, 'prob_up': 0.9947054982185364, 'expected_rise': 0.01105411071330309, 'actual_return': 0.023396481827264726, 'pnl': 219.89554011077053, 'exit_reason': 'early_exit'}, {'date': Timestamp('2017-08-23 00:00:00'), 'exit_date': Timestamp('2017-08-24 00:00:00'), 'ticker': 'V', 'sector': 'Financial', 'allocated_amount': 9398.658385232884, 'prob_up': 0.8176770806312561, 'expected_rise': 0.006291600875556469, 'actual_return': 0.0003876817212637995, 'pnl': 3.643688060357527, 'exit_reason': 'early_exit'}, {'date': Timestamp('2017-08-23 00:00:00'), 'exit_date': Timestamp('2017-08-24 00:00:00'), 'ticker': 'INTC', 'sector': 'Technology', 'allocated_amount': 9398.65838523289, 'prob_up': 0.765175461769104, 'expected_rise': 0.0073238397017121315, 'actual_return': 0.0014425562608195719, 'pnl': 13.558093496922073, 'exit_reason': 'early_exit'}, {'date': Timestamp('2017-08-23 00:00:00'), 'exit_date': Timestamp('2017-08-24 00:00:00'), 'ticker': 'DHR', 'sector': 'Industrial Goods', 'allocated_amount': 2319.768254636202, 'prob_up': 0.7620307803153992, 'expected_rise': 0.0044397590681910515, 'actual_return': -0.00012224395013449296, 'pnl': -0.28357763484332765, 'exit_reason': 'early_exit'}, {'date': Timestamp('2017-08-23 00:00:00'), 'exit_date': Timestamp('2017-08-24 00:00:00'), 'ticker': 'PPL', 'sector': 'Utilities', 'allocated_amount': 813.117873774776, 'prob_up': 0.7564288973808289, 'expected_rise': 0.004027893766760826, 'actual_return': -0.0005060728744940013, 'pnl': -0.4114968996836514, 'exit_reason': 'early_exit'}]","[{'ticker': 'PTR', 'sector': 'Basic Matierials', 'prob_up': 0.9955961108207703, 'predicted_prob': 0.9955961108207703, 'expected_rise': 0.011105452664196491, 'bucket_idx': 5, 'investment_fraction': 0.1, 'investment_amount': 9419.934587474907, 'allocated_amount': 9419.934587474907, 'exit_date': Timestamp('2017-08-31 00:00:00')}, {'ticker': 'PCLN', 'sector': 'Services', 'prob_up': 0.8765649199485779, 'predicted_prob': 0.8765649199485779, 'expected_rise': 0.005856144241988659, 'bucket_idx': 5, 'investment_fraction': 0.1, 'investment_amount': 9363.778938777521, 'allocated_amount': 9363.778938777521, 'exit_date': Timestamp('2017-08-31 00:00:00')}, {'ticker': 'HRG', 'sector': 'Conglomerates', 'prob_up': 0.8154646158218384, 'predicted_prob': 0.8154646158218384, 'expected_rise': 0.0052812360227108, 'bucket_idx': 5, 'investment_fraction': 0.1, 'investment_amount': 5750.041314997545, 'allocated_amount': 5750.041314997545, 'exit_date': Timestamp('2017-08-31 00:00:00')}, {'ticker': 'MSFT', 'sector': 'Technology', 'prob_up': 0.6459192633628845, 'predicted_prob': 0.6459192633628845, 'expected_rise': 0.005457162391394377, 'bucket_idx': 5, 'investment_fraction': 0.06549079403522734, 'investment_amount': 6866.027116999719, 'allocated_amount': 6866.027116999719, 'exit_date': Timestamp('2017-08-31 00:00:00')}]",5,100000.0,853,True,True,42,/mnt/primary/simulation/trained_models_multiclass_meta,12,12,0.2,0.3,200,5,60,1.0,0.0001,0.3,True,True,0.3,0.7,0.3,0.5,0.5,0.1,3,100.0,0.5,"[[0.08, 0.6], [0.15, 0.35]]",meta_emotion,nlp,0.1259823649942869,GRU,6,coral,20,128,128,2,0.3,0.3,0.0005466347365856,0.0003650001848317,64,50,10,0.0041366748730481,5,0.8,5,0.1411251559858494,0.7276744145783006,1.793808725179512,21,0.2057532757859396,0.7138661773078487,21,0.0647282490194046,4
2017-08-25,97797.52278645406,97797.52278645406,104663.54990345378,104663.54990345378,-2.3899573785592167,-2.2834146253480903e-05,3,MPT_ONLY,31399.064971036132,31399.781958249692,True,False,"{'PTR': 0.3, 'HRG': 0.3, 'AAPL': 0.0, 'MA': 6.11107881617132e-17, 'CELG': 0.019396353083427728, 'DHR': 0.0, 'CHTR': 0.02461461769013914, 'TSM': 0.3, 'PPL': 0.055989029226433076}","[{'date': Timestamp('2017-08-18 00:00:00'), 'exit_date': Timestamp('2017-08-25 00:00:00'), 'ticker': 'GE', 'sector': 'Industrial Goods', 'allocated_amount': 553.427641754712, 'prob_up': 0.9596723318099976, 'expected_rise': 0.004008048679679632, 'actual_return': -0.00244395121971297, 'pnl': -1.3525501600893008, 'exit_reason': 'scheduled'}, {'date': Timestamp('2017-08-18 00:00:00'), 'exit_date': Timestamp('2017-08-25 00:00:00'), 'ticker': 'REX', 'sector': 'Conglomerates', 'allocated_amount': 564.5831216899411, 'prob_up': 0.4928687810897827, 'expected_rise': 0.003986735362559557, 'actual_return': 0.02320062637748177, 'pnl': 13.098682065360647, 'exit_reason': 'scheduled'}, {'date': Timestamp('2017-08-24 00:00:00'), 'exit_date': Timestamp('2017-08-25 00:00:00'), 'ticker': 'PTR', 'sector': 'Basic Matierials', 'allocated_amount': 9419.934587474907, 'prob_up': 0.9955961108207703, 'expected_rise': 0.011105452664196491, 'actual_return': 0.004665551881855912, 'pnl': 43.94919354155314, 'exit_reason': 'early_exit'}, {'date': Timestamp('2017-08-24 00:00:00'), 'exit_date': Timestamp('2017-08-25 00:00:00'), 'ticker': 'PCLN', 'sector': 'Services', 'allocated_amount': 9363.778938777521, 'prob_up': 0.8765649199485779, 'expected_rise': 0.005856144241988659, 'actual_return': -0.0121343478574375, 'pnl': -113.62335090327339, 'exit_reason': 'early_exit'}, {'date': Timestamp('2017-08-24 00:00:00'), 'exit_date': Timestamp('2017-08-25 00:00:00'), 'ticker': 'HRG', 'sector': 'Conglomerates', 'allocated_amount': 5750.041314997545, 'prob_up': 0.8154646158218384, 'expected_rise': 0.0052812360227108, 'actual_return': 0.00965872504829357, 'pnl': 55.53806807788968, 'exit_reason': 'early_exit'}]",[],5,100000.0,853,True,True,42,/mnt/primary/simulation/trained_models_multiclass_meta,12,12,0.2,0.3,200,5,60,1.0,0.0001,0.3,True,True,0.3,0.7,0.3,0.5,0.5,0.1,3,100.0,0.5,"[[0.08, 0.6], [0.15, 0.35]]",meta_emotion,nlp,0.1259823649942869,GRU,6,coral,20,128,128,2,0.3,0.3,0.0005466347365856,0.0003650001848317,64,50,10,0.0041366748730481,5,0.8,5,0.1411251559858494,0.7276744145783006,1.793808725179512,21,0.2057532757859396,0.7138661773078487,21,0.0647282490194046,4
2017-08-28,97797.52278645406,97797.52278645406,104663.54990345378,104663.54990345378,0.0,0.0,0,MPT_ONLY,31399.064971036132,31399.781958249692,True,False,"{'PTR': 0.3, 'HRG': 0.028080747018894146, 'UN': 0.07979205384102264, 'V': 0.29999999999999993, 'MRK': 0.0, 'HON': 0.0, 'PCLN': 0.1755451271479859, 'TSM': 0.11658207199209743, 'PPL': 3.384517698286188e-17}",[],[],5,100000.0,853,True,True,42,/mnt/primary/simulation/trained_models_multiclass_meta,12,12,0.2,0.3,200,5,60,1.0,0.0001,0.3,True,True,0.3,0.7,0.3,0.5,0.5,0.1,3,100.0,0.5,"[[0.08, 0.6], [0.15, 0.35]]",meta_emotion,nlp,0.1259823649942869,GRU,6,coral,20,128,128,2,0.3,0.3,0.0005466347365856,0.0003650001848317,64,50,10,0.0041366748730481,5,0.8,5,0.1411251559858494,0.7276744145783006,1.793808725179512,21,0.2057532757859396,0.7138661773078487,21,0.0647282490194046,4
2017-08-29,97797.52278645406,97797.52278645406,104663.54990345378,104663.54990345378,0.0,0.0,0,MPT_ONLY,31399.064971036132,31399.781958249692,True,False,"{'PTR': 0.29999999999999977, 'HRG': 0.12028825806271702, 'UN': 0.160722720772893, 'MA': 9.046799783824022e-17, 'MRK': 2.3732457294109813e-16, 'GE': 6.938893903907228e-17, 'PCLN': 0.22981292961562264, 'TSM': 0.18917609154876697, 'PPL': 1.5210734677184086e-16}",[],[],5,100000.0,853,True,True,42,/mnt/primary/simulation/trained_models_multiclass_meta,12,12,0.2,0.3,200,5,60,1.0,0.0001,0.3,True,True,0.3,0.7,0.3,0.5,0.5,0.1,3,100.0,0.5,"[[0.08, 0.6], [0.15, 0.35]]",meta_emotion,nlp,0.1259823649942869,GRU,6,coral,20,128,128,2,0.3,0.3,0.0005466347365856,0.0003650001848317,64,50,10,0.0041366748730481,5,0.8,5,0.1411251559858494,0.7276744145783006,1.793808725179512,21,0.2057532757859396,0.7138661773078487,21,0.0647282490194046,4
2017-08-30,97797.52278645406,97797.52278645406,104663.54990345378,104663.54990345378,0.0,0.0,0,MPT_ONLY,31399.064971036132,31399.781958249692,True,False,"{'PTR': 0.3, 'HRG': 0.0721872685700423, 'PM': 0.0, 'V': 0.29999999999999993, 'MRK': 2.7311113298565254e-18, 'GE': 3.2321824225359014e-17, 'PCLN': 0.1896132898840335, 'TSM': 0.1381994415459241, 'PPL': 2.9165038343283865e-17}",[],[],5,100000.0,853,True,True,42,/mnt/primary/simulation/trained_models_multiclass_meta,12,12,0.2,0.3,200,5,60,1.0,0.0001,0.3,True,True,0.3,0.7,0.3,0.5,0.5,0.1,3,100.0,0.5,"[[0.08, 0.6], [0.15, 0.35]]",meta_emotion,nlp,0.1259823649942869,GRU,6,coral,20,128,128,2,0.3,0.3,0.0005466347365856,0.0003650001848317,64,50,10,0.0041366748730481,5,0.8,5,0.1411251559858494,0.7276744145783006,1.793808725179512,21,0.2057532757859396,0.7138661773078487,21,0.0647282490194046,4
2017-08-31,104860.01849170921,104860.01849170921,104860.01849170921,104860.01849170921,196.46858825542228,0.001877144320411972,0,MPT_ONLY,31458.005547512763,31399.781958249692,True,False,"{'SLB': 5.940705098592788e-16, 'HRG': 0.29999999999999977, 'AAPL': 1.3674255243377065e-16, 'MA': 3.371985526372148e-16, 'CELG': 0.29999999999999954, 'GE': 0.05865838860259817, 'UPS': 2.5589221608171906e-16, 'TSM': 0.29999999999999966, 'PCG': 0.04134161139740148}","[{'date': Timestamp('2017-08-24 00:00:00'), 'exit_date': Timestamp('2017-08-31 00:00:00'), 'ticker': 'MSFT', 'sector': 'Technology', 'allocated_amount': 6866.027116999719, 'prob_up': 0.6459192633628845, 'expected_rise': 0.005457162391394377, 'actual_return': 0.02861459544326328, 'pnl': 196.46858825542228, 'exit_reason': 'scheduled'}]",[],5,100000.0,853,True,True,42,/mnt/primary/simulation/trained_models_multiclass_meta,12,12,0.2,0.3,200,5,60,1.0,0.0001,0.3,True,True,0.3,0.7,0.3,0.5,0.5,0.1,3,100.0,0.5,"[[0.08, 0.6], [0.15, 0.35]]",meta_emotion,nlp,0.1259823649942869,GRU,6,coral,20,128,128,2,0.3,0.3,0.0005466347365856,0.0003650001848317,64,50,10,0.0041366748730481,5,0.8,5,0.1411251559858494,0.7276744145783006,1.793808725179512,21,0.2057532757859396,0.7138661773078487,21,0.0647282490194046,4
