date,capital_start,capital_end,equity_start,equity_end,daily_pnl_realized,daily_return,early_exits_today,allocation_mode,budget_pre_caps,budget_post_caps,mpt_used,mpt_fallback_used,mpt_weights,exits_today,investments_made,H,initial_capital,initial_training_days,allow_overlap,early_exit_enabled,seed,model_save_path,min_sequence_length,max_sequence_length,kelly_fraction,sector_confidence_threshold,retrain_interval,max_day_gap,mpt_window_days,mpt_lambda,mpt_ridge_eps,mpt_max_weight,mpt_long_only,mpt_use_equal_fallback,mpt_only_budget_fraction,max_total_utilization,max_new_daily_utilization,max_ticker_utilization,max_sector_utilization,max_position_size,max_positions_per_ticker,min_trade_dollars,kelly_trade_cap,drawdown_throttle_levels,model_feature_set,model_feature_group,model_mcc_mean,model_type,model_n_classes,model_ordinal_head,model_sequence_length,model_hidden1,model_hidden2,model_num_layers,model_dropout,model_inter_rnn_drop,model_learning_rate,model_weight_decay,model_batch_size,model_max_epochs,model_early_stopping_patience,model_early_stopping_min_delta,model_lr_patience,model_lr_factor,model_horizon_steps,model_huber_delta,model_t_min,model_t_max,model_t_steps,model_tau_min,model_tau_max,model_tau_steps,model_lambda_balance,model_coord_rounds
2017-04-11,100000.0,70000.00000000001,100000.0,100000.0,0.0,0.0,0,MPT_ONLY,30000.0,29999.999999999985,True,False,"{'PTR': 2.0556473186208412e-16, 'HRG': 0.21465865369568163, 'PEP': 1.7489153347239685e-16, 'MA': 2.4118212954022894e-17, 'CELG': 0.29999999999999977, 'DHR': 0.08186660838023176, 'BABA': 0.29999999999999993, 'ORCL': 1.2553091868965308e-16, 'NEE': 0.10347473792408643}",[],"[{'ticker': 'BABA', 'sector': 'Services', 'prob_up': 0.9834480285644531, 'predicted_prob': 0.9834480285644531, 'expected_rise': 0.0069318655878305435, 'bucket_idx': 5, 'investment_fraction': 0.1, 'investment_amount': 8999.999999999998, 'allocated_amount': 8999.999999999998, 'exit_date': Timestamp('2017-04-19 00:00:00')}, {'ticker': 'HRG', 'sector': 'Conglomerates', 'prob_up': 0.9201850891113281, 'predicted_prob': 0.9201850891113281, 'expected_rise': 0.0063306670635938644, 'bucket_idx': 5, 'investment_fraction': 0.1, 'investment_amount': 6439.759610870449, 'allocated_amount': 6439.759610870449, 'exit_date': Timestamp('2017-04-19 00:00:00')}, {'ticker': 'DHR', 'sector': 'Industrial Goods', 'prob_up': 0.8949576616287231, 'predicted_prob': 0.8949576616287231, 'expected_rise': 0.005433194804936647, 'bucket_idx': 5, 'investment_fraction': 0.1, 'investment_amount': 2455.9982514069525, 'allocated_amount': 2455.9982514069525, 'exit_date': Timestamp('2017-04-19 00:00:00')}, {'ticker': 'CELG', 'sector': 'Healthcare', 'prob_up': 0.8580262660980225, 'predicted_prob': 0.8580262660980225, 'expected_rise': 0.007462667301297188, 'bucket_idx': 5, 'investment_fraction': 0.1, 'investment_amount': 8999.999999999993, 'allocated_amount': 8999.999999999993, 'exit_date': Timestamp('2017-04-19 00:00:00')}, {'ticker': 'NEE', 'sector': 'Utilities', 'prob_up': 0.8484712839126587, 'predicted_prob': 0.8484712839126587, 'expected_rise': 0.00554073229432106, 'bucket_idx': 5, 'investment_fraction': 0.1, 'investment_amount': 3104.242137722593, 'allocated_amount': 3104.242137722593, 'exit_date': Timestamp('2017-04-19 00:00:00')}]",5,100000.0,853,True,False,42,/mnt/primary/simulation/trained_models_multiclass_meta,12,12,0.2,0.3,200,5,60,1.0,0.0001,0.3,True,True,0.3,0.7,0.3,0.5,0.5,0.1,3,100.0,0.5,"[[0.08, 0.6], [0.15, 0.35]]",meta_emotion,nlp,0.1259823649942869,GRU,6,coral,20,128,128,2,0.3,0.3,0.0005466347365856,0.0003650001848317,64,50,10,0.0041366748730481,5,0.8,5,0.1411251559858494,0.7276744145783006,1.793808725179512,21,0.2057532757859396,0.7138661773078487,21,0.0647282490194046,4
2017-04-12,70000.00000000001,40000.000000000015,100000.0,100000.0,0.0,0.0,0,MPT_ONLY,30000.0,30000.0,True,False,"{'BBL': 0.0, 'HRG': 0.19586572936975932, 'PEP': 0.0, 'WFC': 0.0, 'CELG': 0.30000000000000004, 'DHR': 0.05365420571086426, 'BABA': 0.30000000000000004, 'CSCO': 0.0814496127515159, 'NEE': 0.06903045216786045}",[],"[{'ticker': 'BABA', 'sector': 'Services', 'prob_up': 0.9793485403060913, 'predicted_prob': 0.9793485403060913, 'expected_rise': 0.007018027827143669, 'bucket_idx': 5, 'investment_fraction': 0.1, 'investment_amount': 9000.000000000002, 'allocated_amount': 9000.000000000002, 'exit_date': Timestamp('2017-04-20 00:00:00')}, {'ticker': 'HRG', 'sector': 'Conglomerates', 'prob_up': 0.9201850891113281, 'predicted_prob': 0.9201850891113281, 'expected_rise': 0.0063306670635938644, 'bucket_idx': 5, 'investment_fraction': 0.1, 'investment_amount': 5875.97188109278, 'allocated_amount': 5875.97188109278, 'exit_date': Timestamp('2017-04-20 00:00:00')}, {'ticker': 'DHR', 'sector': 'Industrial Goods', 'prob_up': 0.8947373032569885, 'predicted_prob': 0.8947373032569885, 'expected_rise': 0.005431360565125942, 'bucket_idx': 5, 'investment_fraction': 0.1, 'investment_amount': 1609.6261713259278, 'allocated_amount': 1609.6261713259278, 'exit_date': Timestamp('2017-04-20 00:00:00')}, {'ticker': 'NEE', 'sector': 'Utilities', 'prob_up': 0.843889057636261, 'predicted_prob': 0.843889057636261, 'expected_rise': 0.005486438050866127, 'bucket_idx': 5, 'investment_fraction': 0.1, 'investment_amount': 2070.9135650358135, 'allocated_amount': 2070.9135650358135, 'exit_date': Timestamp('2017-04-20 00:00:00')}, {'ticker': 'CELG', 'sector': 'Healthcare', 'prob_up': 0.8437574505805969, 'predicted_prob': 0.8437574505805969, 'expected_rise': 0.007353019900619984, 'bucket_idx': 5, 'investment_fraction': 0.1, 'investment_amount': 9000.000000000002, 'allocated_amount': 9000.000000000002, 'exit_date': Timestamp('2017-04-20 00:00:00')}, {'ticker': 'CSCO', 'sector': 'Technology', 'prob_up': 0.7757076025009155, 'predicted_prob': 0.7757076025009155, 'expected_rise': 0.0055909231305122375, 'bucket_idx': 5, 'investment_fraction': 0.1, 'investment_amount': 2443.4883825454767, 'allocated_amount': 2443.4883825454745, 'exit_date': Timestamp('2017-04-20 00:00:00')}]",5,100000.0,853,True,False,42,/mnt/primary/simulation/trained_models_multiclass_meta,12,12,0.2,0.3,200,5,60,1.0,0.0001,0.3,True,True,0.3,0.7,0.3,0.5,0.5,0.1,3,100.0,0.5,"[[0.08, 0.6], [0.15, 0.35]]",meta_emotion,nlp,0.1259823649942869,GRU,6,coral,20,128,128,2,0.3,0.3,0.0005466347365856,0.0003650001848317,64,50,10,0.0041366748730481,5,0.8,5,0.1411251559858494,0.7276744145783006,1.793808725179512,21,0.2057532757859396,0.7138661773078487,21,0.0647282490194046,4
2017-04-13,40000.000000000015,30000.000000000004,100000.0,100000.0,0.0,0.0,0,MPT_ONLY,30000.0,10000.000000000011,True,False,"{'PTR': 1.1651559346977553e-16, 'HRG': 0.2999999999999999, 'PM': 8.289892586818898e-17, 'V': 9.028971814584899e-17, 'CELG': 0.3, 'DHR': 0.15667193503782503, 'PCLN': 7.249936255856115e-18, 'ORCL': 3.588561405934428e-18, 'PCG': 0.24332806496217482}",[],"[{'ticker': 'HRG', 'sector': 'Conglomerates', 'prob_up': 0.9213154911994934, 'predicted_prob': 0.9213154911994934, 'expected_rise': 0.006343073211610317, 'bucket_idx': 5, 'investment_fraction': 0.1, 'investment_amount': 8999.999999999996, 'allocated_amount': 8999.999999999996, 'exit_date': Timestamp('2017-04-21 00:00:00')}, {'ticker': 'DHR', 'sector': 'Industrial Goods', 'prob_up': 0.8877038359642029, 'predicted_prob': 0.8877038359642029, 'expected_rise': 0.005373259540647268, 'bucket_idx': 5, 'investment_fraction': 0.1, 'investment_amount': 4700.158051134751, 'allocated_amount': 1000.0000000000146, 'exit_date': Timestamp('2017-04-21 00:00:00')}]",5,100000.0,853,True,False,42,/mnt/primary/simulation/trained_models_multiclass_meta,12,12,0.2,0.3,200,5,60,1.0,0.0001,0.3,True,True,0.3,0.7,0.3,0.5,0.5,0.1,3,100.0,0.5,"[[0.08, 0.6], [0.15, 0.35]]",meta_emotion,nlp,0.1259823649942869,GRU,6,coral,20,128,128,2,0.3,0.3,0.0005466347365856,0.0003650001848317,64,50,10,0.0041366748730481,5,0.8,5,0.1411251559858494,0.7276744145783006,1.793808725179512,21,0.2057532757859396,0.7138661773078487,21,0.0647282490194046,4
2017-04-17,30000.0,30000.000000000004,100000.0,100000.0,0.0,0.0,0,MPT_ONLY,30000.0,0.0,True,False,"{'PTR': 0.11650256177959059, 'HRG': 0.2999999999999999, 'UN': 0.0, 'MA': 2.482145348634001e-16, 'CELG': 0.2999999999999997, 'DHR': 0.2834974382204097, 'UPS': 0.0, 'ORCL': 1.3417001884508114e-18, 'AEP': 0.0}",[],[],5,100000.0,853,True,False,42,/mnt/primary/simulation/trained_models_multiclass_meta,12,12,0.2,0.3,200,5,60,1.0,0.0001,0.3,True,True,0.3,0.7,0.3,0.5,0.5,0.1,3,100.0,0.5,"[[0.08, 0.6], [0.15, 0.35]]",meta_emotion,nlp,0.1259823649942869,GRU,6,coral,20,128,128,2,0.3,0.3,0.0005466347365856,0.0003650001848317,64,50,10,0.0041366748730481,5,0.8,5,0.1411251559858494,0.7276744145783006,1.793808725179512,21,0.2057532757859396,0.7138661773078487,21,0.0647282490194046,4
2017-04-18,30000.0,30000.000000000004,100000.0,100000.0,0.0,0.0,0,MPT_ONLY,30000.0,0.0,True,False,"{'PTR': 6.938893903907228e-18, 'HRG': 0.241783579324887, 'PM': 1.214306433183765e-17, 'MA': 1.5439038936193583e-16, 'CELG': 0.2887741558345237, 'MMM': 7.068998164605489e-17, 'BABA': 0.2999999999999998, 'ORCL': 2.1206994493816467e-16, 'PCG': 0.1694422648405891}",[],[],5,100000.0,853,True,False,42,/mnt/primary/simulation/trained_models_multiclass_meta,12,12,0.2,0.3,200,5,60,1.0,0.0001,0.3,True,True,0.3,0.7,0.3,0.5,0.5,0.1,3,100.0,0.5,"[[0.08, 0.6], [0.15, 0.35]]",meta_emotion,nlp,0.1259823649942869,GRU,6,coral,20,128,128,2,0.3,0.3,0.0005466347365856,0.0003650001848317,64,50,10,0.0041366748730481,5,0.8,5,0.1411251559858494,0.7276744145783006,1.793808725179512,21,0.2057532757859396,0.7138661773078487,21,0.0647282490194046,4
2017-04-19,59904.76199331407,29971.42859799423,99904.76199331408,99904.76199331408,-95.2380066859217,-0.0009523800668591598,0,MPT_ONLY,29971.42859799422,29933.333395319838,True,False,"{'PTR': 0.0, 'HRG': 0.29999999999999977, 'PM': 0.0, 'MA': 0.0, 'CELG': 0.29999999999999966, 'CAT': 0.0, 'UPS': 0.0, 'INTC': 0.1400122355706603, 'NEE': 0.25998776442934024}","[{'date': Timestamp('2017-04-11 00:00:00'), 'exit_date': Timestamp('2017-04-19 00:00:00'), 'ticker': 'BABA', 'sector': 'Services', 'allocated_amount': 8999.999999999998, 'prob_up': 0.9834480285644531, 'expected_rise': 0.0069318655878305435, 'actual_return': 0.0028975008529970037, 'pnl': 26.077507676973028, 'exit_reason': 'scheduled'}, {'date': Timestamp('2017-04-11 00:00:00'), 'exit_date': Timestamp('2017-04-19 00:00:00'), 'ticker': 'HRG', 'sector': 'Conglomerates', 'allocated_amount': 6439.759610870449, 'prob_up': 0.9201850891113281, 'expected_rise': 0.0063306670635938644, 'actual_return': -0.004067107269954295, 'pnl': -26.19119313012925, 'exit_reason': 'scheduled'}, {'date': Timestamp('2017-04-11 00:00:00'), 'exit_date': Timestamp('2017-04-19 00:00:00'), 'ticker': 'DHR', 'sector': 'Industrial Goods', 'allocated_amount': 2455.9982514069525, 'prob_up': 0.8949576616287231, 'expected_rise': 0.005433194804936647, 'actual_return': 0.0026679387851520353, 'pnl': 6.552452991194188, 'exit_reason': 'scheduled'}, {'date': Timestamp('2017-04-11 00:00:00'), 'exit_date': Timestamp('2017-04-19 00:00:00'), 'ticker': 'CELG', 'sector': 'Healthcare', 'allocated_amount': 8999.999999999993, 'prob_up': 0.8580262660980225, 'expected_rise': 0.007462667301297188, 'actual_return': -0.01711178661621271, 'pnl': -154.00607954591428, 'exit_reason': 'scheduled'}, {'date': Timestamp('2017-04-11 00:00:00'), 'exit_date': Timestamp('2017-04-19 00:00:00'), 'ticker': 'NEE', 'sector': 'Utilities', 'allocated_amount': 3104.242137722593, 'prob_up': 0.8484712839126587, 'expected_rise': 0.00554073229432106, 'actual_return': 0.016857352938435932, 'pnl': 52.32930532195459, 'exit_reason': 'scheduled'}]","[{'ticker': 'HRG', 'sector': 'Conglomerates', 'prob_up': 0.9226526021957397, 'predicted_prob': 0.9226526021957397, 'expected_rise': 0.00635778671130538, 'bucket_idx': 5, 'investment_fraction': 0.1, 'investment_amount': 8991.42857939826, 'allocated_amount': 8991.42857939826, 'exit_date': Timestamp('2017-04-26 00:00:00')}, {'ticker': 'NEE', 'sector': 'Utilities', 'prob_up': 0.7247007489204407, 'predicted_prob': 0.7247007489204407, 'expected_rise': 0.0042665875516831875, 'bucket_idx': 5, 'investment_fraction': 0.09127752031949464, 'investment_amount': 7792.204717946113, 'allocated_amount': 7792.204717946113, 'exit_date': Timestamp('2017-04-26 00:00:00')}, {'ticker': 'CELG', 'sector': 'Healthcare', 'prob_up': 0.6443592309951782, 'predicted_prob': 0.6443592309951782, 'expected_rise': 0.0052999937906861305, 'bucket_idx': 5, 'investment_fraction': 0.06903678931171134, 'investment_amount': 8991.428579398256, 'allocated_amount': 8991.428579398256, 'exit_date': Timestamp('2017-04-26 00:00:00')}, {'ticker': 'INTC', 'sector': 'Technology', 'prob_up': 0.5411806702613831, 'predicted_prob': 0.5411806702613831, 'expected_rise': 0.0037586865946650505, 'bucket_idx': 5, 'investment_fraction': 0.01780322894286032, 'investment_amount': 4196.366721251592, 'allocated_amount': 4158.27151857721, 'exit_date': Timestamp('2017-04-26 00:00:00')}]",5,100000.0,853,True,False,42,/mnt/primary/simulation/trained_models_multiclass_meta,12,12,0.2,0.3,200,5,60,1.0,0.0001,0.3,True,True,0.3,0.7,0.3,0.5,0.5,0.1,3,100.0,0.5,"[[0.08, 0.6], [0.15, 0.35]]",meta_emotion,nlp,0.1259823649942869,GRU,6,coral,20,128,128,2,0.3,0.3,0.0005466347365856,0.0003650001848317,64,50,10,0.0041366748730481,5,0.8,5,0.1411251559858494,0.7276744145783006,1.793808725179512,21,0.2057532757859396,0.7138661773078487,21,0.0647282490194046,4
2017-04-20,60008.536231344515,30025.975343345213,99941.86962666437,99941.86962666437,37.107633350281155,0.0003714300761035183,0,MPT_ONLY,29982.56088799931,29982.56088799931,True,False,"{'SLB': 0.0, 'HRG': 0.3, 'UN': 4.996179316126437e-17, 'V': 7.93895557459748e-17, 'CELG': 0.0, 'DHR': 0.04088732424386195, 'BABA': 0.3, 'CSCO': 0.3, 'NEE': 0.059112675756137996}","[{'date': Timestamp('2017-04-12 00:00:00'), 'exit_date': Timestamp('2017-04-20 00:00:00'), 'ticker': 'BABA', 'sector': 'Services', 'allocated_amount': 9000.000000000002, 'prob_up': 0.9793485403060913, 'expected_rise': 0.007018027827143669, 'actual_return': 0.021061213623642994, 'pnl': 189.550922612787, 'exit_reason': 'scheduled'}, {'date': Timestamp('2017-04-12 00:00:00'), 'exit_date': Timestamp('2017-04-20 00:00:00'), 'ticker': 'HRG', 'sector': 'Conglomerates', 'allocated_amount': 5875.97188109278, 'prob_up': 0.9201850891113281, 'expected_rise': 0.0063306670635938644, 'actual_return': 0.0025522715671260077, 'pnl': 14.997075961345024, 'exit_reason': 'scheduled'}, {'date': Timestamp('2017-04-12 00:00:00'), 'exit_date': Timestamp('2017-04-20 00:00:00'), 'ticker': 'DHR', 'sector': 'Industrial Goods', 'allocated_amount': 1609.6261713259278, 'prob_up': 0.8947373032569885, 'expected_rise': 0.005431360565125942, 'actual_return': -0.03335278134110786, 'pnl': -53.68550973315829, 'exit_reason': 'scheduled'}, {'date': Timestamp('2017-04-12 00:00:00'), 'exit_date': Timestamp('2017-04-20 00:00:00'), 'ticker': 'NEE', 'sector': 'Utilities', 'allocated_amount': 2070.9135650358135, 'prob_up': 0.843889057636261, 'expected_rise': 0.005486438050866127, 'actual_return': 0.002758409422971564, 'pnl': 5.712427491954422, 'exit_reason': 'scheduled'}, {'date': Timestamp('2017-04-12 00:00:00'), 'exit_date': Timestamp('2017-04-20 00:00:00'), 'ticker': 'CELG', 'sector': 'Healthcare', 'allocated_amount': 9000.000000000002, 'prob_up': 0.8437574505805969, 'expected_rise': 0.007353019900619984, 'actual_return': -0.015022013343635399, 'pnl': -135.19812009271863, 'exit_reason': 'scheduled'}, {'date': Timestamp('2017-04-12 00:00:00'), 'exit_date': Timestamp('2017-04-20 00:00:00'), 'ticker': 'CSCO', 'sector': 'Technology', 'allocated_amount': 2443.4883825454745, 'prob_up': 0.7757076025009155, 'expected_rise': 0.0055909231305122375, 'actual_return': 0.006437860405820395, 'pnl': 15.730837110071628, 'exit_reason': 'scheduled'}]","[{'ticker': 'BABA', 'sector': 'Services', 'prob_up': 0.9730204939842224, 'predicted_prob': 0.9730204939842224, 'expected_rise': 0.0071445852518081665, 'bucket_idx': 5, 'investment_fraction': 0.1, 'investment_amount': 8994.768266399793, 'allocated_amount': 8994.768266399793, 'exit_date': Timestamp('2017-04-27 00:00:00')}, {'ticker': 'HRG', 'sector': 'Conglomerates', 'prob_up': 0.9199572205543518, 'predicted_prob': 0.9199572205543518, 'expected_rise': 0.006328169256448746, 'bucket_idx': 5, 'investment_fraction': 0.1, 'investment_amount': 8994.768266399793, 'allocated_amount': 8994.768266399793, 'exit_date': Timestamp('2017-04-27 00:00:00')}, {'ticker': 'CSCO', 'sector': 'Technology', 'prob_up': 0.8461146950721741, 'predicted_prob': 0.8461146950721741, 'expected_rise': 0.006888664327561855, 'bucket_idx': 5, 'investment_fraction': 0.1, 'investment_amount': 8994.768266399793, 'allocated_amount': 8994.768266399793, 'exit_date': Timestamp('2017-04-27 00:00:00')}, {'ticker': 'NEE', 'sector': 'Utilities', 'prob_up': 0.7372480034828186, 'predicted_prob': 0.7372480034828186, 'expected_rise': 0.004381001926958561, 'bucket_idx': 5, 'investment_fraction': 0.09622698086862763, 'investment_amount': 1772.349400110968, 'allocated_amount': 1772.349400110968, 'exit_date': Timestamp('2017-04-27 00:00:00')}, {'ticker': 'DHR', 'sector': 'Industrial Goods', 'prob_up': 0.7360857725143433, 'predicted_prob': 0.7360857725143433, 'expected_rise': 0.004258986562490463, 'bucket_idx': 5, 'investment_fraction': 0.1, 'investment_amount': 1225.9066886889611, 'allocated_amount': 1225.9066886889595, 'exit_date': Timestamp('2017-04-27 00:00:00')}]",5,100000.0,853,True,False,42,/mnt/primary/simulation/trained_models_multiclass_meta,12,12,0.2,0.3,200,5,60,1.0,0.0001,0.3,True,True,0.3,0.7,0.3,0.5,0.5,0.1,3,100.0,0.5,"[[0.08, 0.6], [0.15, 0.35]]",meta_emotion,nlp,0.1259823649942869,GRU,6,coral,20,128,128,2,0.3,0.3,0.0005466347365856,0.0003650001848317,64,50,10,0.0041366748730481,5,0.8,5,0.1411251559858494,0.7276744145783006,1.793808725179512,21,0.2057532757859396,0.7138661773078487,21,0.0647282490194046,4
2017-04-21,39955.42960916234,29961.397167744457,99871.32389248148,99871.32389248148,-70.54573418287659,-0.0007058676653379781,0,MPT_ONLY,29961.397167744442,9994.032441417889,True,False,"{'SLB': 0.0, 'HRG': 0.2999999999999999, 'PM': 4.9676743795794925e-18, 'V': 0.0, 'JNJ': 0.0, 'DHR': 0.06969515040147206, 'AMZN': 0.03030484959852839, 'INTC': 0.2999999999999998, 'PCG': 0.2999999999999998}","[{'date': Timestamp('2017-04-13 00:00:00'), 'exit_date': Timestamp('2017-04-21 00:00:00'), 'ticker': 'HRG', 'sector': 'Conglomerates', 'allocated_amount': 8999.999999999996, 'prob_up': 0.9213154911994934, 'expected_rise': 0.006343073211610317, 'actual_return': -0.002553575076608805, 'pnl': -22.982175689479234, 'exit_reason': 'scheduled'}, {'date': Timestamp('2017-04-13 00:00:00'), 'exit_date': Timestamp('2017-04-21 00:00:00'), 'ticker': 'DHR', 'sector': 'Industrial Goods', 'allocated_amount': 1000.0000000000146, 'prob_up': 0.8877038359642029, 'expected_rise': 0.005373259540647268, 'actual_return': -0.04756355849339666, 'pnl': -47.56355849339735, 'exit_reason': 'scheduled'}]","[{'ticker': 'HRG', 'sector': 'Conglomerates', 'prob_up': 0.9159917831420898, 'predicted_prob': 0.9159917831420898, 'expected_rise': 0.00628487765789032, 'bucket_idx': 5, 'investment_fraction': 0.1, 'investment_amount': 8988.419150323329, 'allocated_amount': 8988.419150323329, 'exit_date': Timestamp('2017-04-28 00:00:00')}, {'ticker': 'PCG', 'sector': 'Utilities', 'prob_up': 0.8162925839424133, 'predicted_prob': 0.8162925839424133, 'expected_rise': 0.005743731278926134, 'bucket_idx': 5, 'investment_fraction': 0.1, 'investment_amount': 8988.419150323327, 'allocated_amount': 1005.6132910945598, 'exit_date': Timestamp('2017-04-28 00:00:00')}]",5,100000.0,853,True,False,42,/mnt/primary/simulation/trained_models_multiclass_meta,12,12,0.2,0.3,200,5,60,1.0,0.0001,0.3,True,True,0.3,0.7,0.3,0.5,0.5,0.1,3,100.0,0.5,"[[0.08, 0.6], [0.15, 0.35]]",meta_emotion,nlp,0.1259823649942869,GRU,6,coral,20,128,128,2,0.3,0.3,0.0005466347365856,0.0003650001848317,64,50,10,0.0041366748730481,5,0.8,5,0.1411251559858494,0.7276744145783006,1.793808725179512,21,0.2057532757859396,0.7138661773078487,21,0.0647282490194046,4
2017-04-24,29961.39716774445,29961.397167744457,99871.32389248148,99871.32389248148,0.0,0.0,0,MPT_ONLY,29961.397167744442,0.0,True,False,"{'PTR': 4.22116045821023e-17, 'SPLP': 0.0, 'AAPL': 6.071532165918825e-18, 'WFC': 4.7364349394746175e-17, 'JNJ': 1.1946215057536118e-16, 'DHR': 0.19883881577661297, 'BABA': 0.2999999999999999, 'CSCO': 0.3, 'NEE': 0.20116118422338702}",[],[],5,100000.0,853,True,False,42,/mnt/primary/simulation/trained_models_multiclass_meta,12,12,0.2,0.3,200,5,60,1.0,0.0001,0.3,True,True,0.3,0.7,0.3,0.5,0.5,0.1,3,100.0,0.5,"[[0.08, 0.6], [0.15, 0.35]]",meta_emotion,nlp,0.1259823649942869,GRU,6,coral,20,128,128,2,0.3,0.3,0.0005466347365856,0.0003650001848317,64,50,10,0.0041366748730481,5,0.8,5,0.1411251559858494,0.7276744145783006,1.793808725179512,21,0.2057532757859396,0.7138661773078487,21,0.0647282490194046,4
2017-04-25,29961.39716774445,29961.397167744457,99871.32389248148,99871.32389248148,0.0,0.0,0,MPT_ONLY,29961.397167744442,0.0,True,False,"{'SLB': 6.12915064979786e-17, 'HRG': 0.3, 'UN': 0.00391214149575867, 'V': 0.0, 'CELG': 0.0, 'CAT': 0.0, 'PCLN': 0.09608785850424124, 'INTC': 0.3, 'AEP': 0.3}",[],[],5,100000.0,853,True,False,42,/mnt/primary/simulation/trained_models_multiclass_meta,12,12,0.2,0.3,200,5,60,1.0,0.0001,0.3,True,True,0.3,0.7,0.3,0.5,0.5,0.1,3,100.0,0.5,"[[0.08, 0.6], [0.15, 0.35]]",meta_emotion,nlp,0.1259823649942869,GRU,6,coral,20,128,128,2,0.3,0.3,0.0005466347365856,0.0003650001848317,64,50,10,0.0041366748730481,5,0.8,5,0.1411251559858494,0.7276744145783006,1.793808725179512,21,0.2057532757859396,0.7138661773078487,21,0.0647282490194046,4
2017-04-26,60386.948343241005,30277.885841443553,100363.5416726582,100363.5416726582,492.21778017669453,0.004928519628984107,0,MPT_ONLY,30109.06250179746,30109.062501797445,True,False,"{'PTR': 0.0804533496849059, 'SPLP': 1.6046192152785466e-16, 'AAPL': 4.597017211338539e-17, 'MA': 1.1449174941446927e-16, 'MRK': 1.6740081543176188e-16, 'CAT': 0.019546650315094474, 'PCLN': 0.29999999999999966, 'MSFT': 0.2999999999999997, 'PCG': 0.2999999999999997}","[{'date': Timestamp('2017-04-19 00:00:00'), 'exit_date': Timestamp('2017-04-26 00:00:00'), 'ticker': 'HRG', 'sector': 'Conglomerates', 'allocated_amount': 8991.42857939826, 'prob_up': 0.9226526021957397, 'expected_rise': 0.00635778671130538, 'actual_return': 0.014293057682490895, 'pnl': 128.51500733333648, 'exit_reason': 'scheduled'}, {'date': Timestamp('2017-04-19 00:00:00'), 'exit_date': Timestamp('2017-04-26 00:00:00'), 'ticker': 'NEE', 'sector': 'Utilities', 'allocated_amount': 7792.204717946113, 'prob_up': 0.7247007489204407, 'expected_rise': 0.0042665875516831875, 'actual_return': 0.010114083650190064, 'pnl': 78.81101033671267, 'exit_reason': 'scheduled'}, {'date': Timestamp('2017-04-19 00:00:00'), 'exit_date': Timestamp('2017-04-26 00:00:00'), 'ticker': 'CELG', 'sector': 'Healthcare', 'allocated_amount': 8991.428579398256, 'prob_up': 0.6443592309951782, 'expected_rise': 0.0052999937906861305, 'actual_return': 0.01854864169457593, 'pnl': 166.7787870416281, 'exit_reason': 'scheduled'}, {'date': Timestamp('2017-04-19 00:00:00'), 'exit_date': Timestamp('2017-04-26 00:00:00'), 'ticker': 'INTC', 'sector': 'Technology', 'allocated_amount': 4158.27151857721, 'prob_up': 0.5411806702613831, 'expected_rise': 0.0037586865946650505, 'actual_return': 0.028404344193817987, 'pnl': 118.11297546501729, 'exit_reason': 'scheduled'}]","[{'ticker': 'PCLN', 'sector': 'Services', 'prob_up': 0.8113166689872742, 'predicted_prob': 0.8113166689872742, 'expected_rise': 0.00453061331063509, 'bucket_idx': 5, 'investment_fraction': 0.1, 'investment_amount': 9032.718750539228, 'allocated_amount': 9032.718750539228, 'exit_date': Timestamp('2017-05-03 00:00:00')}, {'ticker': 'PCG', 'sector': 'Utilities', 'prob_up': 0.8087642788887024, 'predicted_prob': 0.8087642788887024, 'expected_rise': 0.0056814225390553474, 'bucket_idx': 5, 'investment_fraction': 0.1, 'investment_amount': 9032.718750539228, 'allocated_amount': 9032.718750539228, 'exit_date': Timestamp('2017-05-03 00:00:00')}, {'ticker': 'CAT', 'sector': 'Industrial Goods', 'prob_up': 0.7797333598136902, 'predicted_prob': 0.7797333598136902, 'expected_rise': 0.003219999372959137, 'bucket_idx': 5, 'investment_fraction': 0.1, 'investment_amount': 588.5313160379585, 'allocated_amount': 588.5313160379585, 'exit_date': Timestamp('2017-05-03 00:00:00')}, {'ticker': 'PTR', 'sector': 'Basic Matierials', 'prob_up': 0.7701907753944397, 'predicted_prob': 0.7701907753944397, 'expected_rise': 0.003477944526821375, 'bucket_idx': 5, 'investment_fraction': 0.1, 'investment_amount': 2422.374934141799, 'allocated_amount': 2422.374934141799, 'exit_date': Timestamp('2017-05-03 00:00:00')}, {'ticker': 'MSFT', 'sector': 'Technology', 'prob_up': 0.5615705847740173, 'predicted_prob': 0.5615705847740173, 'expected_rise': 0.005530363880097866, 'bucket_idx': 5, 'investment_fraction': 0.03107620724657291, 'investment_amount': 9032.718750539228, 'allocated_amount': 9032.718750539228, 'exit_date': Timestamp('2017-05-03 00:00:00')}]",5,100000.0,853,True,False,42,/mnt/primary/simulation/trained_models_multiclass_meta,12,12,0.2,0.3,200,5,60,1.0,0.0001,0.3,True,True,0.3,0.7,0.3,0.5,0.5,0.1,3,100.0,0.5,"[[0.08, 0.6], [0.15, 0.35]]",meta_emotion,nlp,0.1259823649942869,GRU,6,coral,20,128,128,2,0.3,0.3,0.0005466347365856,0.0003650001848317,64,50,10,0.0041366748730481,5,0.8,5,0.1411251559858494,0.7276744145783006,1.793808725179512,21,0.2057532757859396,0.7138661773078487,21,0.0647282490194046,4
2017-04-27,60942.30615140311,30628.685823017575,101045.40109461844,101045.40109461844,681.859421960251,0.006793895577979603,0,MPT_ONLY,30313.620328385532,30313.620328385532,True,False,"{'PTR': 0.09999999999999996, 'HRG': 0.30000000000000004, 'PM': 1.420304845956011e-17, 'V': 0.0, 'MDT': 0.0, 'MMM': 1.6002824065886048e-16, 'BABA': 0.30000000000000004, 'TSM': 0.29999999999999993, 'SO': 0.0}","[{'date': Timestamp('2017-04-20 00:00:00'), 'exit_date': Timestamp('2017-04-27 00:00:00'), 'ticker': 'BABA', 'sector': 'Services', 'allocated_amount': 8994.768266399793, 'prob_up': 0.9730204939842224, 'expected_rise': 0.0071445852518081665, 'actual_return': 0.021866156355047517, 'pnl': 196.68100929051758, 'exit_reason': 'scheduled'}, {'date': Timestamp('2017-04-20 00:00:00'), 'exit_date': Timestamp('2017-04-27 00:00:00'), 'ticker': 'HRG', 'sector': 'Conglomerates', 'allocated_amount': 8994.768266399793, 'prob_up': 0.9199572205543518, 'expected_rise': 0.006328169256448746, 'actual_return': 0.02189414571762449, 'pnl': 196.9327671208217, 'exit_reason': 'scheduled'}, {'date': Timestamp('2017-04-20 00:00:00'), 'exit_date': Timestamp('2017-04-27 00:00:00'), 'ticker': 'CSCO', 'sector': 'Technology', 'allocated_amount': 8994.768266399793, 'prob_up': 0.8461146950721741, 'expected_rise': 0.006888664327561855, 'actual_return': 0.028023086931276975, 'pnl': 252.06117305601288, 'exit_reason': 'scheduled'}, {'date': Timestamp('2017-04-20 00:00:00'), 'exit_date': Timestamp('2017-04-27 00:00:00'), 'ticker': 'NEE', 'sector': 'Utilities', 'allocated_amount': 1772.349400110968, 'prob_up': 0.7372480034828186, 'expected_rise': 0.004381001926958561, 'actual_return': 0.020249171706623992, 'pnl': 35.88860732697902, 'exit_reason': 'scheduled'}, {'date': Timestamp('2017-04-20 00:00:00'), 'exit_date': Timestamp('2017-04-27 00:00:00'), 'ticker': 'DHR', 'sector': 'Industrial Goods', 'allocated_amount': 1225.9066886889595, 'prob_up': 0.7360857725143433, 'expected_rise': 0.004258986562490463, 'actual_return': 0.0002413439527246819, 'pnl': 0.2958651659198196, 'exit_reason': 'scheduled'}]","[{'ticker': 'BABA', 'sector': 'Services', 'prob_up': 0.9988943934440613, 'predicted_prob': 0.9988943934440613, 'expected_rise': 0.006573485676199198, 'bucket_idx': 5, 'investment_fraction': 0.1, 'investment_amount': 9094.086098515661, 'allocated_amount': 9094.086098515661, 'exit_date': Timestamp('2017-05-04 00:00:00')}, {'ticker': 'HRG', 'sector': 'Conglomerates', 'prob_up': 0.9077818393707275, 'predicted_prob': 0.9077818393707275, 'expected_rise': 0.006196262314915657, 'bucket_idx': 5, 'investment_fraction': 0.1, 'investment_amount': 9094.086098515661, 'allocated_amount': 9094.086098515661, 'exit_date': Timestamp('2017-05-04 00:00:00')}, {'ticker': 'PTR', 'sector': 'Basic Matierials', 'prob_up': 0.8182432055473328, 'predicted_prob': 0.8182432055473328, 'expected_rise': 0.004628942348062992, 'bucket_idx': 5, 'investment_fraction': 0.1, 'investment_amount': 3031.3620328385523, 'allocated_amount': 3031.3620328385523, 'exit_date': Timestamp('2017-05-04 00:00:00')}, {'ticker': 'TSM', 'sector': 'Technology', 'prob_up': 0.6393660306930542, 'predicted_prob': 0.6393660306930542, 'expected_rise': 0.0057485634461045265, 'bucket_idx': 5, 'investment_fraction': 0.06287321854094739, 'investment_amount': 9094.086098515658, 'allocated_amount': 9094.086098515658, 'exit_date': Timestamp('2017-05-04 00:00:00')}]",5,100000.0,853,True,False,42,/mnt/primary/simulation/trained_models_multiclass_meta,12,12,0.2,0.3,200,5,60,1.0,0.0001,0.3,True,True,0.3,0.7,0.3,0.5,0.5,0.1,3,100.0,0.5,"[[0.08, 0.6], [0.15, 0.35]]",meta_emotion,nlp,0.1259823649942869,GRU,6,coral,20,128,128,2,0.3,0.3,0.0005466347365856,0.0003650001848317,64,50,10,0.0041366748730481,5,0.8,5,0.1411251559858494,0.7276744145783006,1.793808725179512,21,0.2057532757859396,0.7138661773078487,21,0.0647282490194046,4
2017-04-28,40839.449370183225,30378.639660109868,101262.1322003662,101262.1322003662,216.73110574775362,0.0021448883709691557,0,MPT_ONLY,30378.63966010986,10460.80971007335,True,False,"{'PTR': 0.2999999999999998, 'HRG': 0.30000000000000004, 'UN': 0.025418556676525025, 'V': 0.02217339912392974, 'JNJ': 2.1684043449710095e-17, 'GE': 0.0, 'AMZN': 0.05240804419954569, 'MSFT': 0.2999999999999997, 'SO': 1.2143064331837653e-17}","[{'date': Timestamp('2017-04-21 00:00:00'), 'exit_date': Timestamp('2017-04-28 00:00:00'), 'ticker': 'HRG', 'sector': 'Conglomerates', 'allocated_amount': 8988.419150323329, 'prob_up': 0.9159917831420898, 'expected_rise': 0.00628487765789032, 'actual_return': 0.024577520502943262, 'pnl': 220.91305595611948, 'exit_reason': 'scheduled'}, {'date': Timestamp('2017-04-21 00:00:00'), 'exit_date': Timestamp('2017-04-28 00:00:00'), 'ticker': 'PCG', 'sector': 'Utilities', 'allocated_amount': 1005.6132910945598, 'prob_up': 0.8162925839424133, 'expected_rise': 0.005743731278926134, 'actual_return': -0.0041586067381965686, 'pnl': -4.181950208365864, 'exit_reason': 'scheduled'}]","[{'ticker': 'HRG', 'sector': 'Conglomerates', 'prob_up': 0.9100897908210754, 'predicted_prob': 0.9100897908210754, 'expected_rise': 0.006221038289368153, 'bucket_idx': 5, 'investment_fraction': 0.1, 'investment_amount': 9113.591898032959, 'allocated_amount': 9113.591898032959, 'exit_date': Timestamp('2017-05-05 00:00:00')}, {'ticker': 'UN', 'sector': 'Consumer Goods', 'prob_up': 0.9007520079612732, 'predicted_prob': 0.9007520079612732, 'expected_rise': 0.004552174359560013, 'bucket_idx': 5, 'investment_fraction': 0.1, 'investment_amount': 772.1811739562335, 'allocated_amount': 772.1811739562335, 'exit_date': Timestamp('2017-05-05 00:00:00')}, {'ticker': 'PTR', 'sector': 'Basic Matierials', 'prob_up': 0.8490368723869324, 'predicted_prob': 0.8490368723869324, 'expected_rise': 0.005441324785351753, 'bucket_idx': 5, 'investment_fraction': 0.1, 'investment_amount': 9113.591898032953, 'allocated_amount': 575.0366380841588, 'exit_date': Timestamp('2017-05-05 00:00:00')}]",5,100000.0,853,True,False,42,/mnt/primary/simulation/trained_models_multiclass_meta,12,12,0.2,0.3,200,5,60,1.0,0.0001,0.3,True,True,0.3,0.7,0.3,0.5,0.5,0.1,3,100.0,0.5,"[[0.08, 0.6], [0.15, 0.35]]",meta_emotion,nlp,0.1259823649942869,GRU,6,coral,20,128,128,2,0.3,0.3,0.0005466347365856,0.0003650001848317,64,50,10,0.0041366748730481,5,0.8,5,0.1411251559858494,0.7276744145783006,1.793808725179512,21,0.2057532757859396,0.7138661773078487,21,0.0647282490194046,4
2017-05-01,30378.639660109868,30378.639660109868,101262.1322003662,101262.1322003662,0.0,0.0,0,MPT_ONLY,30378.63966010986,0.0,True,False,"{'PTR': 0.2999999999999999, 'SPLP': 7.37257477290143e-17, 'PM': 0.0, 'WFC': 0.0, 'JNJ': 1.6132928326584306e-16, 'DHR': 0.005258778732042052, 'BABA': 0.29999999999999977, 'CSCO': 0.29999999999999966, 'AEP': 0.0947412212679585}",[],[],5,100000.0,853,True,False,42,/mnt/primary/simulation/trained_models_multiclass_meta,12,12,0.2,0.3,200,5,60,1.0,0.0001,0.3,True,True,0.3,0.7,0.3,0.5,0.5,0.1,3,100.0,0.5,"[[0.08, 0.6], [0.15, 0.35]]",meta_emotion,nlp,0.1259823649942869,GRU,6,coral,20,128,128,2,0.3,0.3,0.0005466347365856,0.0003650001848317,64,50,10,0.0041366748730481,5,0.8,5,0.1411251559858494,0.7276744145783006,1.793808725179512,21,0.2057532757859396,0.7138661773078487,21,0.0647282490194046,4
2017-05-02,30378.639660109868,30378.639660109868,101262.1322003662,101262.1322003662,0.0,0.0,0,MPT_ONLY,30378.63966010986,0.0,True,False,"{'BBL': 0.0, 'SPLP': 0.0, 'UN': 0.014315224587286533, 'MA': 0.0, 'CELG': 0.29999999999999993, 'DHR': 0.08568477541271367, 'BABA': 0.29999999999999993, 'TSM': 0.29999999999999993, 'D': 0.0}",[],[],5,100000.0,853,True,False,42,/mnt/primary/simulation/trained_models_multiclass_meta,12,12,0.2,0.3,200,5,60,1.0,0.0001,0.3,True,True,0.3,0.7,0.3,0.5,0.5,0.1,3,100.0,0.5,"[[0.08, 0.6], [0.15, 0.35]]",meta_emotion,nlp,0.1259823649942869,GRU,6,coral,20,128,128,2,0.3,0.3,0.0005466347365856,0.0003650001848317,64,50,10,0.0041366748730481,5,0.8,5,0.1411251559858494,0.7276744145783006,1.793808725179512,21,0.2057532757859396,0.7138661773078487,21,0.0647282490194046,4
2017-05-03,60911.186815126675,30505.685056075672,101685.61685358555,101685.61685358555,423.48465321936186,0.0041820633638387505,0,MPT_ONLY,30505.685056075665,30405.501759051,True,False,"{'PTR': 0.0761260028838446, 'HRG': 0.20159859053402285, 'PM': 2.4307812707125014e-16, 'V': 0.2999999999999999, 'JNJ': 7.909254848281756e-17, 'HON': 9.844555726168383e-17, 'BABA': 0.263726161819435, 'MSFT': 4.5102810375396997e-17, 'PCG': 0.15854924476269727}","[{'date': Timestamp('2017-04-26 00:00:00'), 'exit_date': Timestamp('2017-05-03 00:00:00'), 'ticker': 'PCLN', 'sector': 'Services', 'allocated_amount': 9032.718750539228, 'prob_up': 0.8113166689872742, 'expected_rise': 0.00453061331063509, 'actual_return': 0.04028005021916514, 'pnl': 363.83836488731475, 'exit_reason': 'scheduled'}, {'date': Timestamp('2017-04-26 00:00:00'), 'exit_date': Timestamp('2017-05-03 00:00:00'), 'ticker': 'PCG', 'sector': 'Utilities', 'allocated_amount': 9032.718750539228, 'prob_up': 0.8087642788887024, 'expected_rise': 0.0056814225390553474, 'actual_return': -0.0034328805970148535, 'pnl': -31.008244937018368, 'exit_reason': 'scheduled'}, {'date': Timestamp('2017-04-26 00:00:00'), 'exit_date': Timestamp('2017-05-03 00:00:00'), 'ticker': 'CAT', 'sector': 'Industrial Goods', 'allocated_amount': 588.5313160379585, 'prob_up': 0.7797333598136902, 'expected_rise': 0.003219999372959137, 'actual_return': -0.029810843500445494, 'pnl': -17.544614957518807, 'exit_reason': 'scheduled'}, {'date': Timestamp('2017-04-26 00:00:00'), 'exit_date': Timestamp('2017-05-03 00:00:00'), 'ticker': 'PTR', 'sector': 'Basic Matierials', 'allocated_amount': 2422.374934141799, 'prob_up': 0.7701907753944397, 'expected_rise': 0.003477944526821375, 'actual_return': -0.02405061952322407, 'pnl': -58.259617883639365, 'exit_reason': 'scheduled'}, {'date': Timestamp('2017-04-26 00:00:00'), 'exit_date': Timestamp('2017-05-03 00:00:00'), 'ticker': 'MSFT', 'sector': 'Technology', 'allocated_amount': 9032.718750539228, 'prob_up': 0.5615705847740173, 'expected_rise': 0.005530363880097866, 'actual_return': 0.018428423457808485, 'pnl': 166.45876611022368, 'exit_reason': 'scheduled'}]","[{'ticker': 'BABA', 'sector': 'Services', 'prob_up': 0.9997629523277283, 'predicted_prob': 0.9997629523277283, 'expected_rise': 0.006551570259034634, 'bucket_idx': 5, 'investment_fraction': 0.1, 'investment_amount': 8045.14723351133, 'allocated_amount': 8045.14723351133, 'exit_date': Timestamp('2017-05-10 00:00:00')}, {'ticker': 'HRG', 'sector': 'Conglomerates', 'prob_up': 0.9155137538909912, 'predicted_prob': 0.9155137538909912, 'expected_rise': 0.006279679946601391, 'bucket_idx': 5, 'investment_fraction': 0.1, 'investment_amount': 6149.903110579658, 'allocated_amount': 6149.903110579658, 'exit_date': Timestamp('2017-05-10 00:00:00')}, {'ticker': 'V', 'sector': 'Financial', 'prob_up': 0.8720411062240601, 'predicted_prob': 0.8720411062240601, 'expected_rise': 0.007074073888361454, 'bucket_idx': 5, 'investment_fraction': 0.1, 'investment_amount': 9151.705516822696, 'allocated_amount': 9151.705516822696, 'exit_date': Timestamp('2017-05-10 00:00:00')}, {'ticker': 'PTR', 'sector': 'Basic Matierials', 'prob_up': 0.8620120286941528, 'predicted_prob': 0.8620120286941528, 'expected_rise': 0.005806592758744955, 'bucket_idx': 5, 'investment_fraction': 0.1, 'investment_amount': 2322.2758685524714, 'allocated_amount': 2322.2758685524714, 'exit_date': Timestamp('2017-05-10 00:00:00')}, {'ticker': 'PCG', 'sector': 'Utilities', 'prob_up': 0.8596891760826111, 'predicted_prob': 0.8596891760826111, 'expected_rise': 0.0060934945940971375, 'bucket_idx': 5, 'investment_fraction': 0.1, 'investment_amount': 4836.653326609497, 'allocated_amount': 4736.470029584845, 'exit_date': Timestamp('2017-05-10 00:00:00')}]",5,100000.0,853,True,False,42,/mnt/primary/simulation/trained_models_multiclass_meta,12,12,0.2,0.3,200,5,60,1.0,0.0001,0.3,True,True,0.3,0.7,0.3,0.5,0.5,0.1,3,100.0,0.5,"[[0.08, 0.6], [0.15, 0.35]]",meta_emotion,nlp,0.1259823649942869,GRU,6,coral,20,128,128,2,0.3,0.3,0.0005466347365856,0.0003650001848317,64,50,10,0.0041366748730481,5,0.8,5,0.1411251559858494,0.7276744145783006,1.793808725179512,21,0.2057532757859396,0.7138661773078487,21,0.0647282490194046,4
2017-05-04,60182.17764410148,30314.546733967753,101048.48911322583,101048.48911322585,-637.1277403597165,-0.0062656623431522895,0,MPT_ONLY,30314.54673396775,29867.630910133736,True,False,"{'PTR': 0.021839040001467105, 'HRG': 0.3, 'PM': 6.635317295611287e-17, 'MA': 2.7538735181131813e-17, 'CELG': 0.055523416753422226, 'DHR': 0.022637543245110657, 'CHTR': 0.0, 'TSM': 0.29999999999999993, 'PCG': 0.3}","[{'date': Timestamp('2017-04-27 00:00:00'), 'exit_date': Timestamp('2017-05-04 00:00:00'), 'ticker': 'BABA', 'sector': 'Services', 'allocated_amount': 9094.086098515661, 'prob_up': 0.9988943934440613, 'expected_rise': 0.006573485676199198, 'actual_return': 0.003725210084033481, 'pnl': 33.87738123925924, 'exit_reason': 'scheduled'}, {'date': Timestamp('2017-04-27 00:00:00'), 'exit_date': Timestamp('2017-05-04 00:00:00'), 'ticker': 'HRG', 'sector': 'Conglomerates', 'allocated_amount': 9094.086098515661, 'prob_up': 0.9077818393707275, 'expected_rise': 0.006196262314915657, 'actual_return': -0.09516691579471848, 'pnl': -865.4561259673599, 'exit_reason': 'scheduled'}, {'date': Timestamp('2017-04-27 00:00:00'), 'exit_date': Timestamp('2017-05-04 00:00:00'), 'ticker': 'PTR', 'sector': 'Basic Matierials', 'allocated_amount': 3031.3620328385523, 'prob_up': 0.8182432055473328, 'expected_rise': 0.004628942348062992, 'actual_return': -0.03761000621075805, 'pnl': -114.0095448821141, 'exit_reason': 'scheduled'}, {'date': Timestamp('2017-04-27 00:00:00'), 'exit_date': Timestamp('2017-05-04 00:00:00'), 'ticker': 'TSM', 'sector': 'Technology', 'allocated_amount': 9094.086098515658, 'prob_up': 0.6393660306930542, 'expected_rise': 0.0057485634461045265, 'actual_return': 0.03391880678376746, 'pnl': 308.4605492504983, 'exit_reason': 'scheduled'}]","[{'ticker': 'HRG', 'sector': 'Conglomerates', 'prob_up': 0.9135766625404358, 'predicted_prob': 0.9135766625404358, 'expected_rise': 0.006258668377995491, 'bucket_idx': 5, 'investment_fraction': 0.1, 'investment_amount': 9094.364020190324, 'allocated_amount': 9094.364020190324, 'exit_date': Timestamp('2017-05-11 00:00:00')}, {'ticker': 'PCG', 'sector': 'Utilities', 'prob_up': 0.8646808862686157, 'predicted_prob': 0.8646808862686157, 'expected_rise': 0.006132720969617367, 'bucket_idx': 5, 'investment_fraction': 0.1, 'investment_amount': 9094.364020190324, 'allocated_amount': 9094.364020190324, 'exit_date': Timestamp('2017-05-11 00:00:00')}, {'ticker': 'DHR', 'sector': 'Industrial Goods', 'prob_up': 0.8491619825363159, 'predicted_prob': 0.8491619825363159, 'expected_rise': 0.005069641396403313, 'bucket_idx': 5, 'investment_fraction': 0.1, 'investment_amount': 686.246862646123, 'allocated_amount': 686.246862646123, 'exit_date': Timestamp('2017-05-11 00:00:00')}, {'ticker': 'PTR', 'sector': 'Basic Matierials', 'prob_up': 0.8361056447029114, 'predicted_prob': 0.8361056447029114, 'expected_rise': 0.005091579165309668, 'bucket_idx': 5, 'investment_fraction': 0.1, 'investment_amount': 662.0405987494656, 'allocated_amount': 662.0405987494656, 'exit_date': Timestamp('2017-05-11 00:00:00')}, {'ticker': 'TSM', 'sector': 'Technology', 'prob_up': 0.7261650562286377, 'predicted_prob': 0.7261650562286377, 'expected_rise': 0.006051761098206043, 'bucket_idx': 5, 'investment_fraction': 0.09597505412755462, 'investment_amount': 9094.364020190322, 'allocated_amount': 9094.364020190322, 'exit_date': Timestamp('2017-05-11 00:00:00')}, {'ticker': 'CELG', 'sector': 'Healthcare', 'prob_up': 0.634926974773407, 'predicted_prob': 0.634926974773407, 'expected_rise': 0.00518067367374897, 'bucket_idx': 5, 'investment_fraction': 0.06554221764842393, 'investment_amount': 1683.167212001186, 'allocated_amount': 1236.2513881671766, 'exit_date': Timestamp('2017-05-11 00:00:00')}]",5,100000.0,853,True,False,42,/mnt/primary/simulation/trained_models_multiclass_meta,12,12,0.2,0.3,200,5,60,1.0,0.0001,0.3,True,True,0.3,0.7,0.3,0.5,0.5,0.1,3,100.0,0.5,"[[0.08, 0.6], [0.15, 0.35]]",meta_emotion,nlp,0.1259823649942869,GRU,6,coral,20,128,128,2,0.3,0.3,0.0005466347365856,0.0003650001848317,64,50,10,0.0041366748730481,5,0.8,5,0.1411251559858494,0.7276744145783006,1.793808725179512,21,0.2057532757859396,0.7138661773078487,21,0.0647282490194046,4
2017-05-05,39972.94635475369,30073.823707181535,100246.07902393842,100246.07902393842,-802.4100892874278,-0.00794084202870482,0,MPT_ONLY,30073.823707181524,9899.122647572145,True,False,"{'BBL': 5.001786022399793e-17, 'SPLP': 2.22898019966879e-18, 'UN': 0.29323588614070106, 'MA': 6.7841915044552075e-18, 'JNJ': 0.0, 'DHR': 0.2999999999999998, 'PCLN': 3.469446951953614e-18, 'TSM': 0.2999999999999998, 'AEP': 0.10676411385929915}","[{'date': Timestamp('2017-04-28 00:00:00'), 'exit_date': Timestamp('2017-05-05 00:00:00'), 'ticker': 'HRG', 'sector': 'Conglomerates', 'allocated_amount': 9113.591898032959, 'prob_up': 0.9100897908210754, 'expected_rise': 0.006221038289368153, 'actual_return': -0.08695652173913049, 'pnl': -792.4862520028664, 'exit_reason': 'scheduled'}, {'date': Timestamp('2017-04-28 00:00:00'), 'exit_date': Timestamp('2017-05-05 00:00:00'), 'ticker': 'UN', 'sector': 'Consumer Goods', 'allocated_amount': 772.1811739562335, 'prob_up': 0.9007520079612732, 'expected_rise': 0.004552174359560013, 'actual_return': 0.012059666460196627, 'pnl': 9.312247404755245, 'exit_reason': 'scheduled'}, {'date': Timestamp('2017-04-28 00:00:00'), 'exit_date': Timestamp('2017-05-05 00:00:00'), 'ticker': 'PTR', 'sector': 'Basic Matierials', 'allocated_amount': 575.0366380841588, 'prob_up': 0.8490368723869324, 'expected_rise': 0.005441324785351753, 'actual_return': -0.033451928825622756, 'pnl': -19.23608468931667, 'exit_reason': 'scheduled'}]","[{'ticker': 'UN', 'sector': 'Consumer Goods', 'prob_up': 0.9136641025543213, 'predicted_prob': 0.9136641025543213, 'expected_rise': 0.004688556771725416, 'bucket_idx': 5, 'investment_fraction': 0.1, 'investment_amount': 8818.724344414597, 'allocated_amount': 8818.724344414597, 'exit_date': Timestamp('2017-05-12 00:00:00')}, {'ticker': 'DHR', 'sector': 'Industrial Goods', 'prob_up': 0.848861813545227, 'predicted_prob': 0.848861813545227, 'expected_rise': 0.005067360587418079, 'bucket_idx': 5, 'investment_fraction': 0.1, 'investment_amount': 9022.147112154451, 'allocated_amount': 1080.398303157548, 'exit_date': Timestamp('2017-05-12 00:00:00')}]",5,100000.0,853,True,False,42,/mnt/primary/simulation/trained_models_multiclass_meta,12,12,0.2,0.3,200,5,60,1.0,0.0001,0.3,True,True,0.3,0.7,0.3,0.5,0.5,0.1,3,100.0,0.5,"[[0.08, 0.6], [0.15, 0.35]]",meta_emotion,nlp,0.1259823649942869,GRU,6,coral,20,128,128,2,0.3,0.3,0.0005466347365856,0.0003650001848317,64,50,10,0.0041366748730481,5,0.8,5,0.1411251559858494,0.7276744145783006,1.793808725179512,21,0.2057532757859396,0.7138661773078487,21,0.0647282490194046,4
2017-05-08,30073.82370718154,30073.823707181535,100246.07902393842,100246.07902393842,0.0,0.0,0,MPT_ONLY,30073.823707181524,0.0,True,False,"{'BBL': 0.0, 'REX': 0.13424923322568302, 'UN': 0.13901949958196413, 'BCH': 1.4907335935743938e-16, 'UNH': 0.09679018676025554, 'DHR': 0.17090649765360036, 'BABA': 0.3, 'MSFT': 0.15903458277849683, 'AEP': 6.93889390390723e-18}",[],[],5,100000.0,853,True,False,42,/mnt/primary/simulation/trained_models_multiclass_meta,12,12,0.2,0.3,200,5,60,1.0,0.0001,0.3,True,True,0.3,0.7,0.3,0.5,0.5,0.1,3,100.0,0.5,"[[0.08, 0.6], [0.15, 0.35]]",meta_emotion,nlp,0.1259823649942869,GRU,6,coral,20,128,128,2,0.3,0.3,0.0005466347365856,0.0003650001848317,64,50,10,0.0041366748730481,5,0.8,5,0.1411251559858494,0.7276744145783006,1.793808725179512,21,0.2057532757859396,0.7138661773078487,21,0.0647282490194046,4
2017-05-09,30073.82370718154,30073.823707181535,100246.07902393842,100246.07902393842,0.0,0.0,0,MPT_ONLY,30073.823707181524,0.0,True,False,"{'PTR': 0.04251583846989012, 'HRG': 0.2999999999999998, 'UN': 0.05336385774183944, 'MA': 4.7704895589362195e-18, 'UNH': 0.004120303788270881, 'CAT': 1.6479873021779667e-17, 'BABA': 0.2999999999999999, 'CHL': 0.0, 'PCG': 0.2999999999999999}",[],[],5,100000.0,853,True,False,42,/mnt/primary/simulation/trained_models_multiclass_meta,12,12,0.2,0.3,200,5,60,1.0,0.0001,0.3,True,True,0.3,0.7,0.3,0.5,0.5,0.1,3,100.0,0.5,"[[0.08, 0.6], [0.15, 0.35]]",meta_emotion,nlp,0.1259823649942869,GRU,6,coral,20,128,128,2,0.3,0.3,0.0005466347365856,0.0003650001848317,64,50,10,0.0041366748730481,5,0.8,5,0.1411251559858494,0.7276744145783006,1.793808725179512,21,0.2057532757859396,0.7138661773078487,21,0.0647282490194046,4
2017-05-10,60575.91299067891,30473.11302616347,100342.66654838479,100342.66654838478,96.5875244463656,0.0009635042625786294,0,MPT_ONLY,30102.799964515434,30102.79996451543,True,False,"{'PTR': 0.29999999999999954, 'HRG': 0.29999999999999977, 'PEP': 0.0, 'BCH': 5.0569151755731146e-17, 'UNH': 0.1862777964973359, 'CAT': 6.717466877214868e-17, 'PCLN': 9.06354807064365e-17, 'MSFT': 0.2137222035026647, 'AEP': 4.3368086899420184e-17}","[{'date': Timestamp('2017-05-03 00:00:00'), 'exit_date': Timestamp('2017-05-10 00:00:00'), 'ticker': 'BABA', 'sector': 'Services', 'allocated_amount': 8045.14723351133, 'prob_up': 0.9997629523277283, 'expected_rise': 0.006551570259034634, 'actual_return': 0.029252835206313943, 'pnl': 235.34336623243945, 'exit_reason': 'scheduled'}, {'date': Timestamp('2017-05-03 00:00:00'), 'exit_date': Timestamp('2017-05-10 00:00:00'), 'ticker': 'HRG', 'sector': 'Conglomerates', 'allocated_amount': 6149.903110579658, 'prob_up': 0.9155137538909912, 'expected_rise': 0.006279679946601391, 'actual_return': -0.011049723756906271, 'pnl': -67.95473050364382, 'exit_reason': 'scheduled'}, {'date': Timestamp('2017-05-03 00:00:00'), 'exit_date': Timestamp('2017-05-10 00:00:00'), 'ticker': 'V', 'sector': 'Financial', 'allocated_amount': 9151.705516822696, 'prob_up': 0.8720411062240601, 'expected_rise': 0.007074073888361454, 'actual_return': -0.0020554088694200168, 'pnl': -18.810496689597468, 'exit_reason': 'scheduled'}, {'date': Timestamp('2017-05-03 00:00:00'), 'exit_date': Timestamp('2017-05-10 00:00:00'), 'ticker': 'PTR', 'sector': 'Basic Matierials', 'allocated_amount': 2322.2758685524714, 'prob_up': 0.8620120286941528, 'expected_rise': 0.005806592758744955, 'actual_return': -0.013834832307750844, 'pnl': -32.128297213759886, 'exit_reason': 'scheduled'}, {'date': Timestamp('2017-05-03 00:00:00'), 'exit_date': Timestamp('2017-05-10 00:00:00'), 'ticker': 'PCG', 'sector': 'Utilities', 'allocated_amount': 4736.470029584845, 'prob_up': 0.8596891760826111, 'expected_rise': 0.0060934945940971375, 'actual_return': -0.004193485286512755, 'pnl': -19.86231737907268, 'exit_reason': 'scheduled'}]","[{'ticker': 'HRG', 'sector': 'Conglomerates', 'prob_up': 0.915033221244812, 'predicted_prob': 0.915033221244812, 'expected_rise': 0.006274459417909384, 'bucket_idx': 5, 'investment_fraction': 0.1, 'investment_amount': 9030.839989354623, 'allocated_amount': 9030.839989354623, 'exit_date': Timestamp('2017-05-17 00:00:00')}, {'ticker': 'PTR', 'sector': 'Basic Matierials', 'prob_up': 0.8537822961807251, 'predicted_prob': 0.8537822961807251, 'expected_rise': 0.005573156755417585, 'bucket_idx': 5, 'investment_fraction': 0.1, 'investment_amount': 9030.839989354616, 'allocated_amount': 9030.839989354616, 'exit_date': Timestamp('2017-05-17 00:00:00')}, {'ticker': 'MSFT', 'sector': 'Technology', 'prob_up': 0.8211951851844788, 'predicted_prob': 0.8211951851844788, 'expected_rise': 0.004632133059203625, 'bucket_idx': 5, 'investment_fraction': 0.1, 'investment_amount': 6433.636740016175, 'allocated_amount': 6433.636740016175, 'exit_date': Timestamp('2017-05-17 00:00:00')}, {'ticker': 'UNH', 'sector': 'Healthcare', 'prob_up': 0.49705970287323, 'predicted_prob': 0.49705970287323, 'expected_rise': 0.004492347128689289, 'bucket_idx': 0, 'investment_fraction': 0.022914000435770344, 'investment_amount': 5607.483245790016, 'allocated_amount': 5607.483245790016, 'exit_date': Timestamp('2017-05-17 00:00:00')}]",5,100000.0,853,True,False,42,/mnt/primary/simulation/trained_models_multiclass_meta,12,12,0.2,0.3,200,5,60,1.0,0.0001,0.3,True,True,0.3,0.7,0.3,0.5,0.5,0.1,3,100.0,0.5,"[[0.08, 0.6], [0.15, 0.35]]",meta_emotion,nlp,0.1259823649942869,GRU,6,coral,20,128,128,2,0.3,0.3,0.0005466347365856,0.0003650001848317,64,50,10,0.0041366748730481,5,0.8,5,0.1411251559858494,0.7276744145783006,1.793808725179512,21,0.2057532757859396,0.7138661773078487,21,0.0647282490194046,4
2017-05-11,60459.548302284325,30321.107027972776,100461.4709143719,100461.4709143719,118.80436598712213,0.0011839865340814715,0,MPT_ONLY,30138.441274311568,30138.44127431155,True,False,"{'PTR': 0.2999999999999998, 'HRG': 0.29999999999999977, 'PEP': 8.381711516671842e-17, 'BCH': 8.512648597572673e-17, 'UNH': 0.044033424365173206, 'DHR': 0.05596657563482684, 'BABA': 0.29999999999999977, 'INTC': 1.0544119238274264e-16, 'D': 2.32116892733141e-16}","[{'date': Timestamp('2017-05-04 00:00:00'), 'exit_date': Timestamp('2017-05-11 00:00:00'), 'ticker': 'HRG', 'sector': 'Conglomerates', 'allocated_amount': 9094.364020190324, 'prob_up': 0.9135766625404358, 'expected_rise': 0.006258668377995491, 'actual_return': -0.0066078744493391905, 'pnl': -60.09441564200528, 'exit_reason': 'scheduled'}, {'date': Timestamp('2017-05-04 00:00:00'), 'exit_date': Timestamp('2017-05-11 00:00:00'), 'ticker': 'PCG', 'sector': 'Utilities', 'allocated_amount': 9094.364020190324, 'prob_up': 0.8646808862686157, 'expected_rise': 0.006132720969617367, 'actual_return': -0.015531675859194571, 'pnl': -141.25071410711774, 'exit_reason': 'scheduled'}, {'date': Timestamp('2017-05-04 00:00:00'), 'exit_date': Timestamp('2017-05-11 00:00:00'), 'ticker': 'DHR', 'sector': 'Industrial Goods', 'allocated_amount': 686.246862646123, 'prob_up': 0.8491619825363159, 'expected_rise': 0.005069641396403313, 'actual_return': -0.015461500583693999, 'pnl': -10.610406267361206, 'exit_reason': 'scheduled'}, {'date': Timestamp('2017-05-04 00:00:00'), 'exit_date': Timestamp('2017-05-11 00:00:00'), 'ticker': 'PTR', 'sector': 'Basic Matierials', 'allocated_amount': 662.0405987494656, 'prob_up': 0.8361056447029114, 'expected_rise': 0.005091579165309668, 'actual_return': 0.0023595783028926842, 'pnl': 1.5621366324433206, 'exit_reason': 'scheduled'}, {'date': Timestamp('2017-05-04 00:00:00'), 'exit_date': Timestamp('2017-05-11 00:00:00'), 'ticker': 'TSM', 'sector': 'Technology', 'allocated_amount': 9094.364020190322, 'prob_up': 0.7261650562286377, 'expected_rise': 0.006051761098206043, 'actual_return': 0.04159349858211758, 'pnl': 378.26641697904734, 'exit_reason': 'scheduled'}, {'date': Timestamp('2017-05-04 00:00:00'), 'exit_date': Timestamp('2017-05-11 00:00:00'), 'ticker': 'CELG', 'sector': 'Healthcare', 'allocated_amount': 1236.2513881671766, 'prob_up': 0.634926974773407, 'expected_rise': 0.00518067367374897, 'actual_return': -0.039691483526365756, 'pnl': -49.06865160788429, 'exit_reason': 'scheduled'}]","[{'ticker': 'BABA', 'sector': 'Services', 'prob_up': 0.9999352693557739, 'predicted_prob': 0.9999352693557739, 'expected_rise': 0.006547195836901665, 'bucket_idx': 5, 'investment_fraction': 0.1, 'investment_amount': 9041.532382293464, 'allocated_amount': 9041.532382293464, 'exit_date': Timestamp('2017-05-18 00:00:00')}, {'ticker': 'HRG', 'sector': 'Conglomerates', 'prob_up': 0.9185775518417358, 'predicted_prob': 0.9185775518417358, 'expected_rise': 0.006313070189207792, 'bucket_idx': 5, 'investment_fraction': 0.1, 'investment_amount': 9041.532382293464, 'allocated_amount': 9041.532382293464, 'exit_date': Timestamp('2017-05-18 00:00:00')}, {'ticker': 'PTR', 'sector': 'Basic Matierials', 'prob_up': 0.8901419639587402, 'predicted_prob': 0.8901419639587402, 'expected_rise': 0.006657224614173174, 'bucket_idx': 5, 'investment_fraction': 0.1, 'investment_amount': 9041.532382293464, 'allocated_amount': 9041.532382293464, 'exit_date': Timestamp('2017-05-18 00:00:00')}, {'ticker': 'DHR', 'sector': 'Industrial Goods', 'prob_up': 0.7845877408981323, 'predicted_prob': 0.7845877408981323, 'expected_rise': 0.004598324187099934, 'bucket_idx': 5, 'investment_fraction': 0.1, 'investment_amount': 1686.7453530945454, 'allocated_amount': 1686.7453530945454, 'exit_date': Timestamp('2017-05-18 00:00:00')}, {'ticker': 'UNH', 'sector': 'Healthcare', 'prob_up': 0.5037925243377686, 'predicted_prob': 0.5037925243377686, 'expected_rise': 0.004538226407021284, 'bucket_idx': 5, 'investment_fraction': 0.025163065399333075, 'investment_amount': 1327.098774336613, 'allocated_amount': 1327.098774336613, 'exit_date': Timestamp('2017-05-18 00:00:00')}]",5,100000.0,853,True,False,42,/mnt/primary/simulation/trained_models_multiclass_meta,12,12,0.2,0.3,200,5,60,1.0,0.0001,0.3,True,True,0.3,0.7,0.3,0.5,0.5,0.1,3,100.0,0.5,"[[0.08, 0.6], [0.15, 0.35]]",meta_emotion,nlp,0.1259823649942869,GRU,6,coral,20,128,128,2,0.3,0.3,0.0005466347365856,0.0003650001848317,64,50,10,0.0041366748730481,5,0.8,5,0.1411251559858494,0.7276744145783006,1.793808725179512,21,0.2057532757859396,0.7138661773078487,21,0.0647282490194046,4
2017-05-12,40352.20522778201,30178.033939982713,100593.44646660899,100593.44646660899,131.9755522371015,0.001313693210301281,0,MPT_ONLY,30178.033939982695,10174.171287799307,True,False,"{'SLB': 0.0, 'REX': 0.0, 'PM': 0.0, 'V': 0.29999999999999993, 'CELG': 0.18194282088761793, 'UTX': 0.0, 'AMZN': 1.2782738425308714e-16, 'TSM': 0.2431251747451987, 'PCG': 0.2749320043671834}","[{'date': Timestamp('2017-05-05 00:00:00'), 'exit_date': Timestamp('2017-05-12 00:00:00'), 'ticker': 'UN', 'sector': 'Consumer Goods', 'allocated_amount': 8818.724344414597, 'prob_up': 0.9136641025543213, 'expected_rise': 0.004688556771725416, 'actual_return': 0.016455513834982227, 'pnl': 145.11664045640896, 'exit_reason': 'scheduled'}, {'date': Timestamp('2017-05-05 00:00:00'), 'exit_date': Timestamp('2017-05-12 00:00:00'), 'ticker': 'DHR', 'sector': 'Industrial Goods', 'allocated_amount': 1080.398303157548, 'prob_up': 0.848861813545227, 'expected_rise': 0.005067360587418079, 'actual_return': -0.012163188502704592, 'pnl': -13.141088219307438, 'exit_reason': 'scheduled'}]","[{'ticker': 'V', 'sector': 'Financial', 'prob_up': 0.9505643844604492, 'predicted_prob': 0.9505643844604492, 'expected_rise': 0.008415205404162407, 'bucket_idx': 5, 'investment_fraction': 0.1, 'investment_amount': 9053.410181994806, 'allocated_amount': 9053.410181994806, 'exit_date': Timestamp('2017-05-19 00:00:00')}, {'ticker': 'PCG', 'sector': 'Utilities', 'prob_up': 0.8243062496185303, 'predicted_prob': 0.8243062496185303, 'expected_rise': 0.005809518042951822, 'bucket_idx': 5, 'investment_fraction': 0.1, 'investment_amount': 8296.907358980332, 'allocated_amount': 1120.7611058045004, 'exit_date': Timestamp('2017-05-19 00:00:00')}]",5,100000.0,853,True,False,42,/mnt/primary/simulation/trained_models_multiclass_meta,12,12,0.2,0.3,200,5,60,1.0,0.0001,0.3,True,True,0.3,0.7,0.3,0.5,0.5,0.1,3,100.0,0.5,"[[0.08, 0.6], [0.15, 0.35]]",meta_emotion,nlp,0.1259823649942869,GRU,6,coral,20,128,128,2,0.3,0.3,0.0005466347365856,0.0003650001848317,64,50,10,0.0041366748730481,5,0.8,5,0.1411251559858494,0.7276744145783006,1.793808725179512,21,0.2057532757859396,0.7138661773078487,21,0.0647282490194046,4
2017-05-15,30178.033939982706,30178.033939982713,100593.44646660899,100593.44646660899,0.0,0.0,0,MPT_ONLY,30178.033939982695,0.0,True,False,"{'BBL': 1.0003572059160364e-16, 'HRG': 0.2999999999999999, 'UN': 0.08926965057747675, 'MA': 1.2257744358268527e-16, 'UNH': 0.010730349422523405, 'CAT': 1.4284064526762415e-16, 'BABA': 0.29999999999999977, 'INTC': 3.371351254808644e-17, 'PCG': 0.2999999999999998}",[],[],5,100000.0,853,True,False,42,/mnt/primary/simulation/trained_models_multiclass_meta,12,12,0.2,0.3,200,5,60,1.0,0.0001,0.3,True,True,0.3,0.7,0.3,0.5,0.5,0.1,3,100.0,0.5,"[[0.08, 0.6], [0.15, 0.35]]",meta_emotion,nlp,0.1259823649942869,GRU,6,coral,20,128,128,2,0.3,0.3,0.0005466347365856,0.0003650001848317,64,50,10,0.0041366748730481,5,0.8,5,0.1411251559858494,0.7276744145783006,1.793808725179512,21,0.2057532757859396,0.7138661773078487,21,0.0647282490194046,4
2017-05-16,30178.033939982706,30178.033939982713,100593.44646660899,100593.44646660899,0.0,0.0,0,MPT_ONLY,30178.033939982695,0.0,True,False,"{'PTR': 0.2999999999999999, 'REX': 5.781754337093772e-17, 'PM': 0.0, 'BCH': 7.497176706729721e-17, 'UNH': 0.040551715395122444, 'CAT': 0.0, 'BABA': 0.2999999999999999, 'MSFT': 0.05944828460487786, 'PCG': 0.2999999999999998}",[],[],5,100000.0,853,True,False,42,/mnt/primary/simulation/trained_models_multiclass_meta,12,12,0.2,0.3,200,5,60,1.0,0.0001,0.3,True,True,0.3,0.7,0.3,0.5,0.5,0.1,3,100.0,0.5,"[[0.08, 0.6], [0.15, 0.35]]",meta_emotion,nlp,0.1259823649942869,GRU,6,coral,20,128,128,2,0.3,0.3,0.0005466347365856,0.0003650001848317,64,50,10,0.0041366748730481,5,0.8,5,0.1411251559858494,0.7276744145783006,1.793808725179512,21,0.2057532757859396,0.7138661773078487,21,0.0647282490194046,4
2017-05-17,59630.38387621016,29982.89893149632,99942.99643832102,99942.99643832102,-650.4500282879812,-0.006466127279015965,0,MPT_ONLY,29982.898931496304,29647.48494471385,True,False,"{'PTR': 0.2999999999999999, 'REX': 0.0036309860277771375, 'UN': 0.3, 'BCH': 1.6002556649562885e-16, 'UNH': 0.17949715516032197, 'UTX': 0.0, 'CHTR': 0.12566720175725798, 'INTC': 0.09120465705464306, 'AEP': 0.0}","[{'date': Timestamp('2017-05-10 00:00:00'), 'exit_date': Timestamp('2017-05-17 00:00:00'), 'ticker': 'HRG', 'sector': 'Conglomerates', 'allocated_amount': 9030.839989354623, 'prob_up': 0.915033221244812, 'expected_rise': 0.006274459417909384, 'actual_return': -0.027932960893854775, 'pnl': -252.25810026130256, 'exit_reason': 'scheduled'}, {'date': Timestamp('2017-05-10 00:00:00'), 'exit_date': Timestamp('2017-05-17 00:00:00'), 'ticker': 'PTR', 'sector': 'Basic Matierials', 'allocated_amount': 9030.839989354616, 'prob_up': 0.8537822961807251, 'expected_rise': 0.005573156755417585, 'actual_return': -0.009060382873009143, 'pnl': -81.82286796843464, 'exit_reason': 'scheduled'}, {'date': Timestamp('2017-05-10 00:00:00'), 'exit_date': Timestamp('2017-05-17 00:00:00'), 'ticker': 'MSFT', 'sector': 'Technology', 'allocated_amount': 6433.636740016175, 'prob_up': 0.8211951851844788, 'expected_rise': 0.004632133059203625, 'actual_return': -0.0264030450556354, 'pnl': -169.86760071823832, 'exit_reason': 'scheduled'}, {'date': Timestamp('2017-05-10 00:00:00'), 'exit_date': Timestamp('2017-05-17 00:00:00'), 'ticker': 'UNH', 'sector': 'Healthcare', 'allocated_amount': 5607.483245790016, 'prob_up': 0.49705970287323, 'expected_rise': 0.004492347128689289, 'actual_return': -0.02612606278404772, 'pnl': -146.50145934000565, 'exit_reason': 'scheduled'}]","[{'ticker': 'PTR', 'sector': 'Basic Matierials', 'prob_up': 0.9699729084968567, 'predicted_prob': 0.9699729084968567, 'expected_rise': 0.009754353202879429, 'bucket_idx': 5, 'investment_fraction': 0.1, 'investment_amount': 8994.869679448888, 'allocated_amount': 8994.869679448888, 'exit_date': Timestamp('2017-05-24 00:00:00')}, {'ticker': 'UN', 'sector': 'Consumer Goods', 'prob_up': 0.9350168108940125, 'predicted_prob': 0.9350168108940125, 'expected_rise': 0.00492249708622694, 'bucket_idx': 5, 'investment_fraction': 0.1, 'investment_amount': 8994.869679448891, 'allocated_amount': 8994.869679448891, 'exit_date': Timestamp('2017-05-24 00:00:00')}, {'ticker': 'CHTR', 'sector': 'Services', 'prob_up': 0.5789514780044556, 'predicted_prob': 0.5789514780044556, 'expected_rise': 0.0041365553624928, 'bucket_idx': 5, 'investment_fraction': 0.04703494026778086, 'investment_amount': 3767.867009291821, 'allocated_amount': 3767.867009291821, 'exit_date': Timestamp('2017-05-24 00:00:00')}, {'ticker': 'INTC', 'sector': 'Technology', 'prob_up': 0.5550342798233032, 'predicted_prob': 0.5550342798233032, 'expected_rise': 0.003979941830039024, 'bucket_idx': 5, 'investment_fraction': 0.02318658185142396, 'investment_amount': 2734.5800145511444, 'allocated_amount': 2734.5800145511444, 'exit_date': Timestamp('2017-05-24 00:00:00')}, {'ticker': 'REX', 'sector': 'Conglomerates', 'prob_up': 0.47814851999282837, 'predicted_prob': 0.47814851999282837, 'expected_rise': 0.0037278200034052134, 'bucket_idx': 0, 'investment_fraction': 0.006085614103904635, 'investment_amount': 108.86748709251714, 'allocated_amount': 108.86748709251714, 'exit_date': Timestamp('2017-05-24 00:00:00')}, {'ticker': 'UNH', 'sector': 'Healthcare', 'prob_up': 0.46862611174583435, 'predicted_prob': 0.46862611174583435, 'expected_rise': 0.004296109080314636, 'bucket_idx': 0, 'investment_fraction': 0.012858025871652757, 'investment_amount': 5381.845061663043, 'allocated_amount': 5046.431074880587, 'exit_date': Timestamp('2017-05-24 00:00:00')}]",5,100000.0,853,True,False,42,/mnt/primary/simulation/trained_models_multiclass_meta,12,12,0.2,0.3,200,5,60,1.0,0.0001,0.3,True,True,0.3,0.7,0.3,0.5,0.5,0.1,3,100.0,0.5,"[[0.08, 0.6], [0.15, 0.35]]",meta_emotion,nlp,0.1259823649942869,GRU,6,coral,20,128,128,2,0.3,0.3,0.0005466347365856,0.0003650001848317,64,50,10,0.0041366748730481,5,0.8,5,0.1411251559858494,0.7276744145783006,1.793808725179512,21,0.2057532757859396,0.7138661773078487,21,0.0647282490194046,4
2017-05-18,59899.213594290384,29982.95264624932,99720.86982680354,99720.86982680354,-222.12661151749265,-0.002222533038165997,0,MPT_ONLY,29916.26094804106,29916.26094804106,True,False,"{'PTR': 0.3, 'REX': 0.05924368742037237, 'UN': 0.24003303959919958, 'V': 0.3, 'UNH': 0.10072327298042816, 'DHR': 0.0, 'PCLN': 0.0, 'GOOG': 0.0, 'SRE': 0.0}","[{'date': Timestamp('2017-05-11 00:00:00'), 'exit_date': Timestamp('2017-05-18 00:00:00'), 'ticker': 'BABA', 'sector': 'Services', 'allocated_amount': 9041.532382293464, 'prob_up': 0.9999352693557739, 'expected_rise': 0.006547195836901665, 'actual_return': 0.009237624526044375, 'pnl': 83.52228128769853, 'exit_reason': 'scheduled'}, {'date': Timestamp('2017-05-11 00:00:00'), 'exit_date': Timestamp('2017-05-18 00:00:00'), 'ticker': 'HRG', 'sector': 'Conglomerates', 'allocated_amount': 9041.532382293464, 'prob_up': 0.9185775518417358, 'expected_rise': 0.006313070189207792, 'actual_return': -0.029379211231750912, 'pnl': -265.63308971811574, 'exit_reason': 'scheduled'}, {'date': Timestamp('2017-05-11 00:00:00'), 'exit_date': Timestamp('2017-05-18 00:00:00'), 'ticker': 'PTR', 'sector': 'Basic Matierials', 'allocated_amount': 9041.532382293464, 'prob_up': 0.8901419639587402, 'expected_rise': 0.006657224614173174, 'actual_return': -0.0005885096279458768, 'pnl': -5.321028858364124, 'exit_reason': 'scheduled'}, {'date': Timestamp('2017-05-11 00:00:00'), 'exit_date': Timestamp('2017-05-18 00:00:00'), 'ticker': 'DHR', 'sector': 'Industrial Goods', 'allocated_amount': 1686.7453530945454, 'prob_up': 0.7845877408981323, 'expected_rise': 0.004598324187099934, 'actual_return': -0.012080212757673459, 'pnl': -20.37624273339915, 'exit_reason': 'scheduled'}, {'date': Timestamp('2017-05-11 00:00:00'), 'exit_date': Timestamp('2017-05-18 00:00:00'), 'ticker': 'UNH', 'sector': 'Healthcare', 'allocated_amount': 1327.098774336613, 'prob_up': 0.5037925243377686, 'expected_rise': 0.004538226407021284, 'actual_return': -0.010789348744949079, 'pnl': -14.318531495312195, 'exit_reason': 'scheduled'}]","[{'ticker': 'PTR', 'sector': 'Basic Matierials', 'prob_up': 0.965944766998291, 'predicted_prob': 0.965944766998291, 'expected_rise': 0.009562836028635502, 'bucket_idx': 5, 'investment_fraction': 0.1, 'investment_amount': 8974.878284412318, 'allocated_amount': 8974.878284412318, 'exit_date': Timestamp('2017-05-25 00:00:00')}, {'ticker': 'UN', 'sector': 'Consumer Goods', 'prob_up': 0.937005877494812, 'predicted_prob': 0.937005877494812, 'expected_rise': 0.004944866988807917, 'bucket_idx': 5, 'investment_fraction': 0.1, 'investment_amount': 7180.891048801128, 'allocated_amount': 7180.891048801128, 'exit_date': Timestamp('2017-05-25 00:00:00')}, {'ticker': 'V', 'sector': 'Financial', 'prob_up': 0.9062606692314148, 'predicted_prob': 0.9062606692314148, 'expected_rise': 0.0076223029755055904, 'bucket_idx': 5, 'investment_fraction': 0.1, 'investment_amount': 8974.878284412318, 'allocated_amount': 8974.878284412318, 'exit_date': Timestamp('2017-05-25 00:00:00')}, {'ticker': 'REX', 'sector': 'Conglomerates', 'prob_up': 0.4985162019729614, 'predicted_prob': 0.4985162019729614, 'expected_rise': 0.0040853992104530334, 'bucket_idx': 0, 'investment_fraction': 0.013538930972255404, 'investment_amount': 1772.3496123920374, 'allocated_amount': 1772.3496123920374, 'exit_date': Timestamp('2017-05-25 00:00:00')}, {'ticker': 'UNH', 'sector': 'Healthcare', 'prob_up': 0.448429673910141, 'predicted_prob': 0.448429673910141, 'expected_rise': 0.0041541531682014465, 'bucket_idx': 0, 'investment_fraction': 0.005640248448657393, 'investment_amount': 3013.2637180232623, 'allocated_amount': 3013.2637180232596, 'exit_date': Timestamp('2017-05-25 00:00:00')}]",5,100000.0,853,True,False,42,/mnt/primary/simulation/trained_models_multiclass_meta,12,12,0.2,0.3,200,5,60,1.0,0.0001,0.3,True,True,0.3,0.7,0.3,0.5,0.5,0.1,3,100.0,0.5,"[[0.08, 0.6], [0.15, 0.35]]",meta_emotion,nlp,0.1259823649942869,GRU,6,coral,20,128,128,2,0.3,0.3,0.0005466347365856,0.0003650001848317,64,50,10,0.0041366748730481,5,0.8,5,0.1411251559858494,0.7276744145783006,1.793808725179512,21,0.2057532757859396,0.7138661773078487,21,0.0647282490194046,4
2017-05-19,40119.36750363535,29904.934018917083,99683.11339639025,99683.11339639025,-37.75643041327432,-0.00037862115000464325,0,MPT_ONLY,29904.934018917076,10214.43348471827,True,False,"{'PTR': 0.29999999999999977, 'HRG': 0.2620118312101777, 'UL': 7.257130799917079e-17, 'V': 0.29999999999999977, 'MRK': 1.08538911032946e-17, 'CAT': 1.9664697017348287e-16, 'PCLN': 1.10893166453482e-16, 'MSFT': 9.71445146547012e-17, 'PCG': 0.13798816878982242}","[{'date': Timestamp('2017-05-12 00:00:00'), 'exit_date': Timestamp('2017-05-19 00:00:00'), 'ticker': 'V', 'sector': 'Financial', 'allocated_amount': 9053.410181994806, 'prob_up': 0.9505643844604492, 'expected_rise': 0.008415205404162407, 'actual_return': -0.00269599905005935, 'pnl': -24.407985250455646, 'exit_reason': 'scheduled'}, {'date': Timestamp('2017-05-12 00:00:00'), 'exit_date': Timestamp('2017-05-19 00:00:00'), 'ticker': 'PCG', 'sector': 'Utilities', 'allocated_amount': 1120.7611058045004, 'prob_up': 0.8243062496185303, 'expected_rise': 0.005809518042951822, 'actual_return': -0.011910160955520444, 'pnl': -13.348445162818678, 'exit_reason': 'scheduled'}]","[{'ticker': 'PTR', 'sector': 'Basic Matierials', 'prob_up': 0.95346999168396, 'predicted_prob': 0.95346999168396, 'expected_rise': 0.008999635465443134, 'bucket_idx': 5, 'investment_fraction': 0.1, 'investment_amount': 8971.480205675116, 'allocated_amount': 8971.480205675116, 'exit_date': Timestamp('2017-05-26 00:00:00')}, {'ticker': 'HRG', 'sector': 'Conglomerates', 'prob_up': 0.9241862893104553, 'predicted_prob': 0.9241862893104553, 'expected_rise': 0.006374706979840994, 'bucket_idx': 5, 'investment_fraction': 0.1, 'investment_amount': 7835.446524516002, 'allocated_amount': 1242.953279043155, 'exit_date': Timestamp('2017-05-26 00:00:00')}]",5,100000.0,853,True,False,42,/mnt/primary/simulation/trained_models_multiclass_meta,12,12,0.2,0.3,200,5,60,1.0,0.0001,0.3,True,True,0.3,0.7,0.3,0.5,0.5,0.1,3,100.0,0.5,"[[0.08, 0.6], [0.15, 0.35]]",meta_emotion,nlp,0.1259823649942869,GRU,6,coral,20,128,128,2,0.3,0.3,0.0005466347365856,0.0003650001848317,64,50,10,0.0041366748730481,5,0.8,5,0.1411251559858494,0.7276744145783006,1.793808725179512,21,0.2057532757859396,0.7138661773078487,21,0.0647282490194046,4
2017-05-22,29904.934018917076,29904.934018917083,99683.11339639025,99683.11339639025,0.0,0.0,0,MPT_ONLY,29904.934018917076,0.0,True,False,"{'BBL': 0.0, 'HRG': 0.2999999999999997, 'UN': 0.225426919977675, 'MA': 4.819759930357513e-17, 'PFE': 6.261614233606556e-17, 'GD': 7.63278329429795e-17, 'AMZN': 0.1649467506006124, 'MSFT': 0.21173830352704265, 'AEP': 0.09788802589467002}",[],[],5,100000.0,853,True,False,42,/mnt/primary/simulation/trained_models_multiclass_meta,12,12,0.2,0.3,200,5,60,1.0,0.0001,0.3,True,True,0.3,0.7,0.3,0.5,0.5,0.1,3,100.0,0.5,"[[0.08, 0.6], [0.15, 0.35]]",meta_emotion,nlp,0.1259823649942869,GRU,6,coral,20,128,128,2,0.3,0.3,0.0005466347365856,0.0003650001848317,64,50,10,0.0041366748730481,5,0.8,5,0.1411251559858494,0.7276744145783006,1.793808725179512,21,0.2057532757859396,0.7138661773078487,21,0.0647282490194046,4
2017-05-23,29904.934018917076,29904.934018917083,99683.11339639025,99683.11339639025,0.0,0.0,0,MPT_ONLY,29904.934018917076,0.0,True,False,"{'PTR': 0.3, 'HRG': 0.3, 'PM': 0.0, 'C': 0.0, 'PFE': 0.0, 'UTX': 0.0001921626743742813, 'PCLN': 0.0, 'MSFT': 0.18868087821142465, 'PCG': 0.21112695911420104}",[],[],5,100000.0,853,True,False,42,/mnt/primary/simulation/trained_models_multiclass_meta,12,12,0.2,0.3,200,5,60,1.0,0.0001,0.3,True,True,0.3,0.7,0.3,0.5,0.5,0.1,3,100.0,0.5,"[[0.08, 0.6], [0.15, 0.35]]",meta_emotion,nlp,0.1259823649942869,GRU,6,coral,20,128,128,2,0.3,0.3,0.0005466347365856,0.0003650001848317,64,50,10,0.0041366748730481,5,0.8,5,0.1411251559858494,0.7276744145783006,1.793808725179512,21,0.2057532757859396,0.7138661773078487,21,0.0647282490194046,4
2017-05-24,60313.63932033294,30180.339194405264,100444.33375309227,100444.33375309227,761.2203567020038,0.007636402302915846,0,MPT_ONLY,30133.30012592768,30133.30012592768,True,False,"{'PTR': 0.2999999999999999, 'HRG': 0.2999999999999999, 'PM': 0.0, 'C': 0.0, 'MRK': 0.0, 'GD': 0.1228091796079294, 'PCLN': 0.13485786808874628, 'GOOG': 0.0, 'AEP': 0.14233295230332466}","[{'date': Timestamp('2017-05-17 00:00:00'), 'exit_date': Timestamp('2017-05-24 00:00:00'), 'ticker': 'PTR', 'sector': 'Basic Matierials', 'allocated_amount': 8994.869679448888, 'prob_up': 0.9699729084968567, 'expected_rise': 0.009754353202879429, 'actual_return': 0.010028019761923801, 'pnl': 90.20073090144265, 'exit_reason': 'scheduled'}, {'date': Timestamp('2017-05-17 00:00:00'), 'exit_date': Timestamp('2017-05-24 00:00:00'), 'ticker': 'UN', 'sector': 'Consumer Goods', 'allocated_amount': 8994.869679448891, 'prob_up': 0.9350168108940125, 'expected_rise': 0.00492249708622694, 'actual_return': 0.021782884463062757, 'pnl': 195.93420698774153, 'exit_reason': 'scheduled'}, {'date': Timestamp('2017-05-17 00:00:00'), 'exit_date': Timestamp('2017-05-24 00:00:00'), 'ticker': 'CHTR', 'sector': 'Services', 'allocated_amount': 3767.867009291821, 'prob_up': 0.5789514780044556, 'expected_rise': 0.0041365553624928, 'actual_return': 0.05087676779135619, 'pnl': 191.6968949004517, 'exit_reason': 'scheduled'}, {'date': Timestamp('2017-05-17 00:00:00'), 'exit_date': Timestamp('2017-05-24 00:00:00'), 'ticker': 'INTC', 'sector': 'Technology', 'allocated_amount': 2734.5800145511444, 'prob_up': 0.5550342798233032, 'expected_rise': 0.003979941830039024, 'actual_return': 0.03082185985097441, 'pnl': 84.28484195977093, 'exit_reason': 'scheduled'}, {'date': Timestamp('2017-05-17 00:00:00'), 'exit_date': Timestamp('2017-05-24 00:00:00'), 'ticker': 'REX', 'sector': 'Conglomerates', 'allocated_amount': 108.86748709251714, 'prob_up': 0.47814851999282837, 'expected_rise': 0.0037278200034052134, 'actual_return': -0.018593330826529253, 'pnl': -2.0242092037640744, 'exit_reason': 'scheduled'}, {'date': Timestamp('2017-05-17 00:00:00'), 'exit_date': Timestamp('2017-05-24 00:00:00'), 'ticker': 'UNH', 'sector': 'Healthcare', 'allocated_amount': 5046.431074880587, 'prob_up': 0.46862611174583435, 'expected_rise': 0.004296109080314636, 'actual_return': 0.039855471752602956, 'pnl': 201.12789115636102, 'exit_reason': 'scheduled'}]","[{'ticker': 'HRG', 'sector': 'Conglomerates', 'prob_up': 0.911098837852478, 'predicted_prob': 0.911098837852478, 'expected_rise': 0.00623190077021718, 'bucket_idx': 5, 'investment_fraction': 0.1, 'investment_amount': 9039.9900377783, 'allocated_amount': 9039.9900377783, 'exit_date': Timestamp('2017-06-01 00:00:00')}, {'ticker': 'PTR', 'sector': 'Basic Matierials', 'prob_up': 0.8748611807823181, 'predicted_prob': 0.8748611807823181, 'expected_rise': 0.006184312514960766, 'bucket_idx': 5, 'investment_fraction': 0.1, 'investment_amount': 9039.9900377783, 'allocated_amount': 9039.9900377783, 'exit_date': Timestamp('2017-06-01 00:00:00')}, {'ticker': 'PCLN', 'sector': 'Services', 'prob_up': 0.7702875137329102, 'predicted_prob': 0.7702875137329102, 'expected_rise': 0.003798998426645994, 'bucket_idx': 5, 'investment_fraction': 0.1, 'investment_amount': 4063.7126134609566, 'allocated_amount': 4063.7126134609566, 'exit_date': Timestamp('2017-06-01 00:00:00')}, {'ticker': 'AEP', 'sector': 'Utilities', 'prob_up': 0.6883869767189026, 'predicted_prob': 0.6883869767189026, 'expected_rise': 0.0038354950957000256, 'bucket_idx': 5, 'investment_fraction': 0.07802438070112659, 'investment_amount': 4288.961569565431, 'allocated_amount': 4288.961569565431, 'exit_date': Timestamp('2017-06-01 00:00:00')}, {'ticker': 'GD', 'sector': 'Industrial Goods', 'prob_up': 0.5333437323570251, 'predicted_prob': 0.5333437323570251, 'expected_rise': 0.0036821477115154266, 'bucket_idx': 5, 'investment_fraction': 0.027036566743751923, 'investment_amount': 3700.645867344694, 'allocated_amount': 3700.6458673446905, 'exit_date': Timestamp('2017-06-01 00:00:00')}]",5,100000.0,853,True,False,42,/mnt/primary/simulation/trained_models_multiclass_meta,12,12,0.2,0.3,200,5,60,1.0,0.0001,0.3,True,True,0.3,0.7,0.3,0.5,0.5,0.1,3,100.0,0.5,"[[0.08, 0.6], [0.15, 0.35]]",meta_emotion,nlp,0.1259823649942869,GRU,6,coral,20,128,128,2,0.3,0.3,0.0005466347365856,0.0003650001848317,64,50,10,0.0041366748730481,5,0.8,5,0.1411251559858494,0.7276744145783006,1.793808725179512,21,0.2057532757859396,0.7138661773078487,21,0.0647282490194046,4
2017-05-25,60781.17432410354,30442.501943678693,101128.90793474948,101128.90793474948,684.5741816572051,0.0068154584343205205,0,MPT_ONLY,30338.672380424843,30338.672380424843,True,False,"{'SLB': 1.3891380804370293e-17, 'HRG': 0.3, 'UN': 0.12812842614160228, 'V': 0.3, 'CELG': 0.27187157385839766, 'GD': 0.0, 'AMZN': 0.0, 'VZ': 0.0, 'AEP': 0.0}","[{'date': Timestamp('2017-05-18 00:00:00'), 'exit_date': Timestamp('2017-05-25 00:00:00'), 'ticker': 'PTR', 'sector': 'Basic Matierials', 'allocated_amount': 8974.878284412318, 'prob_up': 0.965944766998291, 'expected_rise': 0.009562836028635502, 'actual_return': 0.0029441631090827425, 'pnl': 26.42350555347456, 'exit_reason': 'scheduled'}, {'date': Timestamp('2017-05-18 00:00:00'), 'exit_date': Timestamp('2017-05-25 00:00:00'), 'ticker': 'UN', 'sector': 'Consumer Goods', 'allocated_amount': 7180.891048801128, 'prob_up': 0.937005877494812, 'expected_rise': 0.004944866988807917, 'actual_return': 0.04395804752543775, 'pnl': 315.6579499981905, 'exit_reason': 'scheduled'}, {'date': Timestamp('2017-05-18 00:00:00'), 'exit_date': Timestamp('2017-05-25 00:00:00'), 'ticker': 'V', 'sector': 'Financial', 'allocated_amount': 8974.878284412318, 'prob_up': 0.9062606692314148, 'expected_rise': 0.0076223029755055904, 'actual_return': 0.03631013015276574, 'pnl': 325.8789986122422, 'exit_reason': 'scheduled'}, {'date': Timestamp('2017-05-18 00:00:00'), 'exit_date': Timestamp('2017-05-25 00:00:00'), 'ticker': 'REX', 'sector': 'Conglomerates', 'allocated_amount': 1772.3496123920374, 'prob_up': 0.4985162019729614, 'expected_rise': 0.0040853992104530334, 'actual_return': -0.056073887971794134, 'pnl': -99.38253361212386, 'exit_reason': 'scheduled'}, {'date': Timestamp('2017-05-18 00:00:00'), 'exit_date': Timestamp('2017-05-25 00:00:00'), 'ticker': 'UNH', 'sector': 'Healthcare', 'allocated_amount': 3013.2637180232596, 'prob_up': 0.448429673910141, 'expected_rise': 0.0041541531682014465, 'actual_return': 0.03849522377069503, 'pnl': 115.99626110542187, 'exit_reason': 'scheduled'}]","[{'ticker': 'UN', 'sector': 'Consumer Goods', 'prob_up': 0.9521321654319763, 'predicted_prob': 0.9521321654319763, 'expected_rise': 0.005118492990732193, 'bucket_idx': 5, 'investment_fraction': 0.1, 'investment_amount': 3887.2463433295334, 'allocated_amount': 3887.2463433295334, 'exit_date': Timestamp('2017-06-02 00:00:00')}, {'ticker': 'HRG', 'sector': 'Conglomerates', 'prob_up': 0.9070007801055908, 'predicted_prob': 0.9070007801055908, 'expected_rise': 0.006187903694808483, 'bucket_idx': 5, 'investment_fraction': 0.1, 'investment_amount': 9101.601714127453, 'allocated_amount': 9101.601714127453, 'exit_date': Timestamp('2017-06-02 00:00:00')}, {'ticker': 'V', 'sector': 'Financial', 'prob_up': 0.7734021544456482, 'predicted_prob': 0.7734021544456482, 'expected_rise': 0.005717686377465725, 'bucket_idx': 5, 'investment_fraction': 0.1, 'investment_amount': 9101.601714127453, 'allocated_amount': 9101.601714127453, 'exit_date': Timestamp('2017-06-02 00:00:00')}, {'ticker': 'CELG', 'sector': 'Healthcare', 'prob_up': 0.6733766198158264, 'predicted_prob': 0.6733766198158264, 'expected_rise': 0.005655002314597368, 'bucket_idx': 5, 'investment_fraction': 0.07958688348615468, 'investment_amount': 8248.222608840402, 'allocated_amount': 8248.222608840402, 'exit_date': Timestamp('2017-06-02 00:00:00')}]",5,100000.0,853,True,False,42,/mnt/primary/simulation/trained_models_multiclass_meta,12,12,0.2,0.3,200,5,60,1.0,0.0001,0.3,True,True,0.3,0.7,0.3,0.5,0.5,0.1,3,100.0,0.5,"[[0.08, 0.6], [0.15, 0.35]]",meta_emotion,nlp,0.1259823649942869,GRU,6,coral,20,128,128,2,0.3,0.3,0.0005466347365856,0.0003650001848317,64,50,10,0.0041366748730481,5,0.8,5,0.1411251559858494,0.7276744145783006,1.793808725179512,21,0.2057532757859396,0.7138661773078487,21,0.0647282490194046,4
2017-05-26,40647.15042333449,30335.7368789061,101119.122929687,101119.122929687,-9.785005062472578,-9.675774476669563e-05,0,MPT_ONLY,30335.7368789061,10311.413544428393,True,False,"{'PTR': 0.29999999999999993, 'HRG': 0.29999999999999993, 'UN': 0.12335486789906795, 'V': 0.22280485785890874, 'PFE': 1.7863476092754774e-16, 'GD': 5.0811885237342965e-17, 'AMZN': 0.05384027424202327, 'VZ': 0.0, 'SRE': 0.0}","[{'date': Timestamp('2017-05-19 00:00:00'), 'exit_date': Timestamp('2017-05-26 00:00:00'), 'ticker': 'PTR', 'sector': 'Basic Matierials', 'allocated_amount': 8971.480205675116, 'prob_up': 0.95346999168396, 'expected_rise': 0.008999635465443134, 'actual_return': -0.008049216799378867, 'pnl': -72.2133891868151, 'exit_reason': 'scheduled'}, {'date': Timestamp('2017-05-19 00:00:00'), 'exit_date': Timestamp('2017-05-26 00:00:00'), 'ticker': 'HRG', 'sector': 'Conglomerates', 'allocated_amount': 1242.953279043155, 'prob_up': 0.9241862893104553, 'expected_rise': 0.006374706979840994, 'actual_return': 0.050225849335544526, 'pnl': 62.42838412434253, 'exit_reason': 'scheduled'}]","[{'ticker': 'UN', 'sector': 'Consumer Goods', 'prob_up': 0.9550703167915344, 'predicted_prob': 0.9550703167915344, 'expected_rise': 0.005152972415089607, 'bucket_idx': 5, 'investment_fraction': 0.1, 'investment_amount': 3742.0608153183457, 'allocated_amount': 3742.0608153183457, 'exit_date': Timestamp('2017-06-05 00:00:00')}, {'ticker': 'HRG', 'sector': 'Conglomerates', 'prob_up': 0.9035471081733704, 'predicted_prob': 0.9035471081733704, 'expected_rise': 0.006151079665869474, 'bucket_idx': 5, 'investment_fraction': 0.1, 'investment_amount': 9100.721063671828, 'allocated_amount': 6569.352729110047, 'exit_date': Timestamp('2017-06-05 00:00:00')}]",5,100000.0,853,True,False,42,/mnt/primary/simulation/trained_models_multiclass_meta,12,12,0.2,0.3,200,5,60,1.0,0.0001,0.3,True,True,0.3,0.7,0.3,0.5,0.5,0.1,3,100.0,0.5,"[[0.08, 0.6], [0.15, 0.35]]",meta_emotion,nlp,0.1259823649942869,GRU,6,coral,20,128,128,2,0.3,0.3,0.0005466347365856,0.0003650001848317,64,50,10,0.0041366748730481,5,0.8,5,0.1411251559858494,0.7276744145783006,1.793808725179512,21,0.2057532757859396,0.7138661773078487,21,0.0647282490194046,4
2017-05-30,30335.7368789061,30335.7368789061,101119.122929687,101119.122929687,0.0,0.0,0,MPT_ONLY,30335.7368789061,0.0,True,False,"{'PTR': 0.29999999999999993, 'HRG': 0.29999999999999993, 'UN': 0.14123827235827247, 'V': 0.21082164708910853, 'MRK': 0.0, 'GD': 0.0, 'CHTR': 0.04794008055261921, 'VZ': 0.0, 'SRE': 0.0}",[],[],5,100000.0,853,True,False,42,/mnt/primary/simulation/trained_models_multiclass_meta,12,12,0.2,0.3,200,5,60,1.0,0.0001,0.3,True,True,0.3,0.7,0.3,0.5,0.5,0.1,3,100.0,0.5,"[[0.08, 0.6], [0.15, 0.35]]",meta_emotion,nlp,0.1259823649942869,GRU,6,coral,20,128,128,2,0.3,0.3,0.0005466347365856,0.0003650001848317,64,50,10,0.0041366748730481,5,0.8,5,0.1411251559858494,0.7276744145783006,1.793808725179512,21,0.2057532757859396,0.7138661773078487,21,0.0647282490194046,4
2017-05-31,30335.7368789061,30335.7368789061,101119.122929687,101119.122929687,0.0,0.0,0,MPT_ONLY,30335.7368789061,0.0,True,False,"{'SLB': 0.0, 'HRG': 0.3, 'PM': 6.220205703788373e-17, 'V': 0.2843643133219163, 'MRK': 0.0, 'DHR': 0.18526121072157703, 'AMZN': 0.23037447595650662, 'VZ': 0.0, 'SRE': 2.3884429284312695e-17}",[],[],5,100000.0,853,True,False,42,/mnt/primary/simulation/trained_models_multiclass_meta,12,12,0.2,0.3,200,5,60,1.0,0.0001,0.3,True,True,0.3,0.7,0.3,0.5,0.5,0.1,3,100.0,0.5,"[[0.08, 0.6], [0.15, 0.35]]",meta_emotion,nlp,0.1259823649942869,GRU,6,coral,20,128,128,2,0.3,0.3,0.0005466347365856,0.0003650001848317,64,50,10,0.0041366748730481,5,0.8,5,0.1411251559858494,0.7276744145783006,1.793808725179512,21,0.2057532757859396,0.7138661773078487,21,0.0647282490194046,4
2017-06-01,60954.99670656708,30481.52478942609,101605.08263142032,101605.08263142032,485.95970173330284,0.004805814050337753,0,MPT_ONLY,30481.524789426094,30473.471917140996,True,False,"{'SLB': 1.5455714465601652e-17, 'HRG': 0.18806935959950605, 'UN': 0.10551748661365136, 'V': 0.11656554585186142, 'CELG': 0.13761241129342047, 'UTX': 0.0, 'PCLN': 0.0, 'MSFT': 0.15223519664156077, 'EXC': 0.3}","[{'date': Timestamp('2017-05-24 00:00:00'), 'exit_date': Timestamp('2017-06-01 00:00:00'), 'ticker': 'HRG', 'sector': 'Conglomerates', 'allocated_amount': 9039.9900377783, 'prob_up': 0.911098837852478, 'expected_rise': 0.00623190077021718, 'actual_return': 0.05175207826156769, 'pnl': 467.8382719188948, 'exit_reason': 'scheduled'}, {'date': Timestamp('2017-05-24 00:00:00'), 'exit_date': Timestamp('2017-06-01 00:00:00'), 'ticker': 'PTR', 'sector': 'Basic Matierials', 'allocated_amount': 9039.9900377783, 'prob_up': 0.8748611807823181, 'expected_rise': 0.006184312514960766, 'actual_return': -0.027011228705248302, 'pnl': -244.1812384035959, 'exit_reason': 'scheduled'}, {'date': Timestamp('2017-05-24 00:00:00'), 'exit_date': Timestamp('2017-06-01 00:00:00'), 'ticker': 'PCLN', 'sector': 'Services', 'allocated_amount': 4063.7126134609566, 'prob_up': 0.7702875137329102, 'expected_rise': 0.003798998426645994, 'actual_return': 0.0227614246609118, 'pnl': 92.49588849488856, 'exit_reason': 'scheduled'}, {'date': Timestamp('2017-05-24 00:00:00'), 'exit_date': Timestamp('2017-06-01 00:00:00'), 'ticker': 'AEP', 'sector': 'Utilities', 'allocated_amount': 4288.961569565431, 'prob_up': 0.6883869767189026, 'expected_rise': 0.0038354950957000256, 'actual_return': 0.028632508346118524, 'pnl': 122.8037279367638, 'exit_reason': 'scheduled'}, {'date': Timestamp('2017-05-24 00:00:00'), 'exit_date': Timestamp('2017-06-01 00:00:00'), 'ticker': 'GD', 'sector': 'Industrial Goods', 'allocated_amount': 3700.6458673446905, 'prob_up': 0.5333437323570251, 'expected_rise': 0.0036821477115154266, 'actual_return': 0.012701310385064613, 'pnl': 47.003051786351556, 'exit_reason': 'scheduled'}]","[{'ticker': 'UN', 'sector': 'Consumer Goods', 'prob_up': 0.9602805972099304, 'predicted_prob': 0.9602805972099304, 'expected_rise': 0.005214753560721874, 'bucket_idx': 5, 'investment_fraction': 0.1, 'investment_amount': 3216.33388393195, 'allocated_amount': 3216.33388393195, 'exit_date': Timestamp('2017-06-08 00:00:00')}, {'ticker': 'HRG', 'sector': 'Conglomerates', 'prob_up': 0.8687846064567566, 'predicted_prob': 0.8687846064567566, 'expected_rise': 0.005792772863060236, 'bucket_idx': 5, 'investment_fraction': 0.1, 'investment_amount': 5732.640846763834, 'allocated_amount': 5732.640846763834, 'exit_date': Timestamp('2017-06-08 00:00:00')}, {'ticker': 'EXC', 'sector': 'Utilities', 'prob_up': 0.8540706038475037, 'predicted_prob': 0.8540706038475037, 'expected_rise': 0.007087319158017635, 'bucket_idx': 5, 'investment_fraction': 0.1, 'investment_amount': 9144.457436827828, 'allocated_amount': 9144.457436827828, 'exit_date': Timestamp('2017-06-08 00:00:00')}, {'ticker': 'V', 'sector': 'Financial', 'prob_up': 0.7363809943199158, 'predicted_prob': 0.7363809943199158, 'expected_rise': 0.005272748880088329, 'bucket_idx': 5, 'investment_fraction': 0.1, 'investment_amount': 3553.0955754764977, 'allocated_amount': 3553.0955754764977, 'exit_date': Timestamp('2017-06-08 00:00:00')}, {'ticker': 'CELG', 'sector': 'Healthcare', 'prob_up': 0.654259443283081, 'predicted_prob': 0.654259443283081, 'expected_rise': 0.005423169117420912, 'bucket_idx': 5, 'investment_fraction': 0.07290028928612208, 'investment_amount': 4194.636126173095, 'allocated_amount': 4194.636126173095, 'exit_date': Timestamp('2017-06-08 00:00:00')}, {'ticker': 'MSFT', 'sector': 'Technology', 'prob_up': 0.6026421189308167, 'predicted_prob': 0.6026421189308167, 'expected_rise': 0.005520890466868877, 'bucket_idx': 5, 'investment_fraction': 0.047638550950753644, 'investment_amount': 4640.3609202528905, 'allocated_amount': 4632.308047967788, 'exit_date': Timestamp('2017-06-08 00:00:00')}]",5,100000.0,853,True,False,42,/mnt/primary/simulation/trained_models_multiclass_meta,12,12,0.2,0.3,200,5,60,1.0,0.0001,0.3,True,True,0.3,0.7,0.3,0.5,0.5,0.1,3,100.0,0.5,"[[0.08, 0.6], [0.15, 0.35]]",meta_emotion,nlp,0.1259823649942869,GRU,6,coral,20,128,128,2,0.3,0.3,0.0005466347365856,0.0003650001848317,64,50,10,0.0041366748730481,5,0.8,5,0.1411251559858494,0.7276744145783006,1.793808725179512,21,0.2057532757859396,0.7138661773078487,21,0.0647282490194046,4
2017-06-02,61680.71246419048,30941.033086462532,102465.59792575987,102465.59792575985,860.5152943395492,0.008469215043711342,0,MPT_ONLY,30739.67937772796,30739.679377727953,True,False,"{'BBL': 0.0, 'HRG': 0.3, 'PM': 0.0, 'MA': 0.0, 'MRK': 0.0, 'DHR': 0.11249898977122127, 'CHTR': 0.2875010102287788, 'VZ': 0.0, 'EXC': 0.3}","[{'date': Timestamp('2017-05-25 00:00:00'), 'exit_date': Timestamp('2017-06-02 00:00:00'), 'ticker': 'UN', 'sector': 'Consumer Goods', 'allocated_amount': 3887.2463433295334, 'prob_up': 0.9521321654319763, 'expected_rise': 0.005118492990732193, 'actual_return': 0.016561011859091312, 'pnl': 64.37673279108974, 'exit_reason': 'scheduled'}, {'date': Timestamp('2017-05-25 00:00:00'), 'exit_date': Timestamp('2017-06-02 00:00:00'), 'ticker': 'HRG', 'sector': 'Conglomerates', 'allocated_amount': 9101.601714127453, 'prob_up': 0.9070007801055908, 'expected_rise': 0.006187903694808483, 'actual_return': 0.06034488471685795, 'pnl': 549.2351061777779, 'exit_reason': 'scheduled'}, {'date': Timestamp('2017-05-25 00:00:00'), 'exit_date': Timestamp('2017-06-02 00:00:00'), 'ticker': 'V', 'sector': 'Financial', 'allocated_amount': 9101.601714127453, 'prob_up': 0.7734021544456482, 'expected_rise': 0.005717686377465725, 'actual_return': 0.011679303328290036, 'pnl': 106.30036719257906, 'exit_reason': 'scheduled'}, {'date': Timestamp('2017-05-25 00:00:00'), 'exit_date': Timestamp('2017-06-02 00:00:00'), 'ticker': 'CELG', 'sector': 'Healthcare', 'allocated_amount': 8248.222608840402, 'prob_up': 0.6733766198158264, 'expected_rise': 0.005655002314597368, 'actual_return': 0.017046471081830994, 'pnl': 140.60308817810252, 'exit_reason': 'scheduled'}]","[{'ticker': 'EXC', 'sector': 'Utilities', 'prob_up': 0.8899233341217041, 'predicted_prob': 0.8899233341217041, 'expected_rise': 0.007705442141741514, 'bucket_idx': 5, 'investment_fraction': 0.1, 'investment_amount': 9221.903813318388, 'allocated_amount': 9221.903813318388, 'exit_date': Timestamp('2017-06-09 00:00:00')}, {'ticker': 'HRG', 'sector': 'Conglomerates', 'prob_up': 0.8500936627388, 'predicted_prob': 0.8500936627388, 'expected_rise': 0.005608632694929838, 'bucket_idx': 5, 'investment_fraction': 0.1, 'investment_amount': 9221.903813318388, 'allocated_amount': 9221.903813318388, 'exit_date': Timestamp('2017-06-09 00:00:00')}, {'ticker': 'CHTR', 'sector': 'Services', 'prob_up': 0.6759823560714722, 'predicted_prob': 0.6759823560714722, 'expected_rise': 0.0046431031078100204, 'bucket_idx': 5, 'investment_fraction': 0.08312980785478119, 'investment_amount': 8837.688875205546, 'allocated_amount': 8837.688875205546, 'exit_date': Timestamp('2017-06-09 00:00:00')}, {'ticker': 'DHR', 'sector': 'Industrial Goods', 'prob_up': 0.6540988087654114, 'predicted_prob': 0.6540988087654114, 'expected_rise': 0.0036838678643107414, 'bucket_idx': 5, 'investment_fraction': 0.06889190977717945, 'investment_amount': 3458.1828758856395, 'allocated_amount': 3458.182875885632, 'exit_date': Timestamp('2017-06-09 00:00:00')}]",5,100000.0,853,True,False,42,/mnt/primary/simulation/trained_models_multiclass_meta,12,12,0.2,0.3,200,5,60,1.0,0.0001,0.3,True,True,0.3,0.7,0.3,0.5,0.5,0.1,3,100.0,0.5,"[[0.08, 0.6], [0.15, 0.35]]",meta_emotion,nlp,0.1259823649942869,GRU,6,coral,20,128,128,2,0.3,0.3,0.0005466347365856,0.0003650001848317,64,50,10,0.0041366748730481,5,0.8,5,0.1411251559858494,0.7276744145783006,1.793808725179512,21,0.2057532757859396,0.7138661773078487,21,0.0647282490194046,4
2017-06-05,41709.92103193434,30876.92169804099,102923.07232680329,102923.07232680329,457.4744010434058,0.004464663363160204,0,MPT_ONLY,30876.921698040984,10832.999333893342,True,False,"{'PTR': 0.29999999999999966, 'HRG': 0.11449483847910075, 'UN': 0.10582411205072709, 'WFC': 1.081483080097463e-16, 'MRK': 1.3462918793858322e-16, 'UTX': 1.5392852519141295e-16, 'AMZN': 0.05750068420230507, 'MSFT': 0.12218036526786717, 'EXC': 0.29999999999999977}","[{'date': Timestamp('2017-05-26 00:00:00'), 'exit_date': Timestamp('2017-06-05 00:00:00'), 'ticker': 'UN', 'sector': 'Consumer Goods', 'allocated_amount': 3742.0608153183457, 'prob_up': 0.9550703167915344, 'expected_rise': 0.005152972415089607, 'actual_return': 0.020371957123614504, 'pnl': 76.23310248362327, 'exit_reason': 'scheduled'}, {'date': Timestamp('2017-05-26 00:00:00'), 'exit_date': Timestamp('2017-06-05 00:00:00'), 'ticker': 'HRG', 'sector': 'Conglomerates', 'allocated_amount': 6569.352729110047, 'prob_up': 0.9035471081733704, 'expected_rise': 0.006151079665869474, 'actual_return': 0.058033312303422235, 'pnl': 381.24129855978254, 'exit_reason': 'scheduled'}]","[{'ticker': 'UN', 'sector': 'Consumer Goods', 'prob_up': 0.9625890254974365, 'predicted_prob': 0.9625890254974365, 'expected_rise': 0.005242391489446163, 'bucket_idx': 5, 'investment_fraction': 0.1, 'investment_amount': 3267.5228215550155, 'allocated_amount': 3267.5228215550155, 'exit_date': Timestamp('2017-06-12 00:00:00')}, {'ticker': 'PTR', 'sector': 'Basic Matierials', 'prob_up': 0.9404712915420532, 'predicted_prob': 0.9404712915420532, 'expected_rise': 0.008455418981611729, 'bucket_idx': 5, 'investment_fraction': 0.1, 'investment_amount': 9263.076509412285, 'allocated_amount': 7565.476512338326, 'exit_date': Timestamp('2017-06-12 00:00:00')}]",5,100000.0,853,True,False,42,/mnt/primary/simulation/trained_models_multiclass_meta,12,12,0.2,0.3,200,5,60,1.0,0.0001,0.3,True,True,0.3,0.7,0.3,0.5,0.5,0.1,3,100.0,0.5,"[[0.08, 0.6], [0.15, 0.35]]",meta_emotion,nlp,0.1259823649942869,GRU,6,coral,20,128,128,2,0.3,0.3,0.0005466347365856,0.0003650001848317,64,50,10,0.0041366748730481,5,0.8,5,0.1411251559858494,0.7276744145783006,1.793808725179512,21,0.2057532757859396,0.7138661773078487,21,0.0647282490194046,4
2017-06-06,30876.921698041,30876.92169804099,102923.07232680329,102923.07232680329,0.0,0.0,0,MPT_ONLY,30876.921698040984,0.0,True,False,"{'PTR': 0.2999999999999999, 'HRG': 0.17997904726643843, 'PM': 0.0, 'MA': 0.0, 'MRK': 6.606195130205179e-17, 'UTX': 4.7000799186738336e-17, 'CHTR': 0.0, 'MSFT': 0.22002095273356198, 'EXC': 0.29999999999999966}",[],[],5,100000.0,853,True,False,42,/mnt/primary/simulation/trained_models_multiclass_meta,12,12,0.2,0.3,200,5,60,1.0,0.0001,0.3,True,True,0.3,0.7,0.3,0.5,0.5,0.1,3,100.0,0.5,"[[0.08, 0.6], [0.15, 0.35]]",meta_emotion,nlp,0.1259823649942869,GRU,6,coral,20,128,128,2,0.3,0.3,0.0005466347365856,0.0003650001848317,64,50,10,0.0041366748730481,5,0.8,5,0.1411251559858494,0.7276744145783006,1.793808725179512,21,0.2057532757859396,0.7138661773078487,21,0.0647282490194046,4
2017-06-07,30876.921698041,30876.92169804099,102923.07232680329,102923.07232680329,0.0,0.0,0,MPT_ONLY,30876.921698040984,0.0,True,False,"{'SLB': 0.0, 'HRG': 0.18203033383910938, 'UN': 0.21796966616089042, 'V': 0.29999999999999993, 'MRK': 4.088123100968177e-17, 'CAT': 4.7697493035592895e-17, 'PCLN': 1.4224732503009818e-16, 'VZ': 1.2168752414892194e-16, 'EXC': 0.29999999999999993}",[],[],5,100000.0,853,True,False,42,/mnt/primary/simulation/trained_models_multiclass_meta,12,12,0.2,0.3,200,5,60,1.0,0.0001,0.3,True,True,0.3,0.7,0.3,0.5,0.5,0.1,3,100.0,0.5,"[[0.08, 0.6], [0.15, 0.35]]",meta_emotion,nlp,0.1259823649942869,GRU,6,coral,20,128,128,2,0.3,0.3,0.0005466347365856,0.0003650001848317,64,50,10,0.0041366748730481,5,0.8,5,0.1411251559858494,0.7276744145783006,1.793808725179512,21,0.2057532757859396,0.7138661773078487,21,0.0647282490194046,4
2017-06-08,61355.5747457298,30878.476037205342,102928.2534573511,102928.25345735111,5.181130547827209,5.0339835672152944e-05,0,MPT_ONLY,30878.476037205328,30477.09870852446,True,False,"{'PTR': 0.3000000000000001, 'HRG': 0.3000000000000001, 'PM': 4.733273926909569e-17, 'MA': 0.0, 'MRK': 0.0, 'GE': 0.0, 'UPS': 0.0, 'VZ': 0.09999999999999967, 'EXC': 0.3000000000000001}","[{'date': Timestamp('2017-06-01 00:00:00'), 'exit_date': Timestamp('2017-06-08 00:00:00'), 'ticker': 'UN', 'sector': 'Consumer Goods', 'allocated_amount': 3216.33388393195, 'prob_up': 0.9602805972099304, 'expected_rise': 0.005214753560721874, 'actual_return': -0.008768853034023194, 'pnl': -28.203559136548282, 'exit_reason': 'scheduled'}, {'date': Timestamp('2017-06-01 00:00:00'), 'exit_date': Timestamp('2017-06-08 00:00:00'), 'ticker': 'HRG', 'sector': 'Conglomerates', 'allocated_amount': 5732.640846763834, 'prob_up': 0.8687846064567566, 'expected_rise': 0.005792772863060236, 'actual_return': -0.009738595592004184, 'pnl': -55.82787088083741, 'exit_reason': 'scheduled'}, {'date': Timestamp('2017-06-01 00:00:00'), 'exit_date': Timestamp('2017-06-08 00:00:00'), 'ticker': 'EXC', 'sector': 'Utilities', 'allocated_amount': 9144.457436827828, 'prob_up': 0.8540706038475037, 'expected_rise': 0.007087319158017635, 'actual_return': -0.008984426898992592, 'pnl': -82.15770937212879, 'exit_reason': 'scheduled'}, {'date': Timestamp('2017-06-01 00:00:00'), 'exit_date': Timestamp('2017-06-08 00:00:00'), 'ticker': 'V', 'sector': 'Financial', 'allocated_amount': 3553.0955754764977, 'prob_up': 0.7363809943199158, 'expected_rise': 0.005272748880088329, 'actual_return': 0.007232641357806324, 'pnl': 25.69826600742998, 'exit_reason': 'scheduled'}, {'date': Timestamp('2017-06-01 00:00:00'), 'exit_date': Timestamp('2017-06-08 00:00:00'), 'ticker': 'CELG', 'sector': 'Healthcare', 'allocated_amount': 4194.636126173095, 'prob_up': 0.654259443283081, 'expected_rise': 0.005423169117420912, 'actual_return': 0.005583661005629681, 'pnl': 23.421426170518256, 'exit_reason': 'scheduled'}, {'date': Timestamp('2017-06-01 00:00:00'), 'exit_date': Timestamp('2017-06-08 00:00:00'), 'ticker': 'MSFT', 'sector': 'Technology', 'allocated_amount': 4632.308047967788, 'prob_up': 0.6026421189308167, 'expected_rise': 0.005520890466868877, 'actual_return': 0.026390856673062846, 'pnl': 122.25057775939344, 'exit_reason': 'scheduled'}]","[{'ticker': 'PTR', 'sector': 'Basic Matierials', 'prob_up': 0.9642605781555176, 'predicted_prob': 0.9642605781555176, 'expected_rise': 0.00948422122746706, 'bucket_idx': 5, 'investment_fraction': 0.1, 'investment_amount': 9263.542811161602, 'allocated_amount': 9263.542811161602, 'exit_date': Timestamp('2017-06-15 00:00:00')}, {'ticker': 'EXC', 'sector': 'Utilities', 'prob_up': 0.9008773565292358, 'predicted_prob': 0.9008773565292358, 'expected_rise': 0.007910647429525852, 'bucket_idx': 5, 'investment_fraction': 0.1, 'investment_amount': 9263.542811161602, 'allocated_amount': 9263.542811161602, 'exit_date': Timestamp('2017-06-15 00:00:00')}, {'ticker': 'VZ', 'sector': 'Technology', 'prob_up': 0.8563098907470703, 'predicted_prob': 0.8563098907470703, 'expected_rise': 0.003871222259476781, 'bucket_idx': 5, 'investment_fraction': 0.1, 'investment_amount': 3087.847603720523, 'allocated_amount': 3087.847603720523, 'exit_date': Timestamp('2017-06-15 00:00:00')}, {'ticker': 'HRG', 'sector': 'Conglomerates', 'prob_up': 0.7876567840576172, 'predicted_prob': 0.7876567840576172, 'expected_rise': 0.005029755644500256, 'bucket_idx': 5, 'investment_fraction': 0.1, 'investment_amount': 9263.542811161602, 'allocated_amount': 8862.165482480734, 'exit_date': Timestamp('2017-06-15 00:00:00')}]",5,100000.0,853,True,False,42,/mnt/primary/simulation/trained_models_multiclass_meta,12,12,0.2,0.3,200,5,60,1.0,0.0001,0.3,True,True,0.3,0.7,0.3,0.5,0.5,0.1,3,100.0,0.5,"[[0.08, 0.6], [0.15, 0.35]]",meta_emotion,nlp,0.1259823649942869,GRU,6,coral,20,128,128,2,0.3,0.3,0.0005466347365856,0.0003650001848317,64,50,10,0.0041366748730481,5,0.8,5,0.1411251559858494,0.7276744145783006,1.793808725179512,21,0.2057532757859396,0.7138661773078487,21,0.0647282490194046,4
2017-06-09,60677.42126323817,30596.255791696796,101987.51930565597,101987.51930565597,-940.7341516951317,-0.009139707709943212,0,MPT_ONLY,30596.25579169679,30081.16547154136,True,False,"{'PTR': 0.3, 'HRG': 0.030778134709974328, 'UN': 0.06922186529002561, 'V': 0.3, 'MRK': 0.0, 'CAT': 0.0, 'AMZN': 0.0, 'VZ': 0.0, 'EXC': 0.3}","[{'date': Timestamp('2017-06-02 00:00:00'), 'exit_date': Timestamp('2017-06-09 00:00:00'), 'ticker': 'EXC', 'sector': 'Utilities', 'allocated_amount': 9221.903813318388, 'prob_up': 0.8899233341217041, 'expected_rise': 0.007705442141741514, 'actual_return': 0.000546475439698213, 'pnl': 5.039543941237793, 'exit_reason': 'scheduled'}, {'date': Timestamp('2017-06-02 00:00:00'), 'exit_date': Timestamp('2017-06-09 00:00:00'), 'ticker': 'HRG', 'sector': 'Conglomerates', 'allocated_amount': 9221.903813318388, 'prob_up': 0.8500936627388, 'expected_rise': 0.005608632694929838, 'actual_return': -0.037601575203252136, 'pnl': -346.75810975364897, 'exit_reason': 'scheduled'}, {'date': Timestamp('2017-06-02 00:00:00'), 'exit_date': Timestamp('2017-06-09 00:00:00'), 'ticker': 'CHTR', 'sector': 'Services', 'allocated_amount': 8837.688875205546, 'prob_up': 0.6759823560714722, 'expected_rise': 0.0046431031078100204, 'actual_return': -0.05719061569042461, 'pnl': -505.43286805342126, 'exit_reason': 'scheduled'}, {'date': Timestamp('2017-06-02 00:00:00'), 'exit_date': Timestamp('2017-06-09 00:00:00'), 'ticker': 'DHR', 'sector': 'Industrial Goods', 'allocated_amount': 3458.182875885632, 'prob_up': 0.6540988087654114, 'expected_rise': 0.0036838678643107414, 'actual_return': -0.027061240306828216, 'pnl': -93.58271782929938, 'exit_reason': 'scheduled'}]","[{'ticker': 'PTR', 'sector': 'Basic Matierials', 'prob_up': 0.9708347320556641, 'predicted_prob': 0.9708347320556641, 'expected_rise': 0.00979598704725504, 'bucket_idx': 5, 'investment_fraction': 0.1, 'investment_amount': 9178.876737509036, 'allocated_amount': 9178.876737509036, 'exit_date': Timestamp('2017-06-16 00:00:00')}, {'ticker': 'UN', 'sector': 'Consumer Goods', 'prob_up': 0.9683858752250671, 'predicted_prob': 0.9683858752250671, 'expected_rise': 0.00531254755333066, 'bucket_idx': 5, 'investment_fraction': 0.1, 'investment_amount': 2117.929896792001, 'allocated_amount': 2117.929896792001, 'exit_date': Timestamp('2017-06-16 00:00:00')}, {'ticker': 'V', 'sector': 'Financial', 'prob_up': 0.9161083102226257, 'predicted_prob': 0.9161083102226257, 'expected_rise': 0.007789683062583208, 'bucket_idx': 5, 'investment_fraction': 0.1, 'investment_amount': 9178.876737509036, 'allocated_amount': 9178.876737509036, 'exit_date': Timestamp('2017-06-16 00:00:00')}, {'ticker': 'EXC', 'sector': 'Utilities', 'prob_up': 0.8862001299858093, 'predicted_prob': 0.8862001299858093, 'expected_rise': 0.007637581788003445, 'bucket_idx': 5, 'investment_fraction': 0.1, 'investment_amount': 9178.876737509036, 'allocated_amount': 9178.876737509036, 'exit_date': Timestamp('2017-06-16 00:00:00')}, {'ticker': 'HRG', 'sector': 'Conglomerates', 'prob_up': 0.7811070084571838, 'predicted_prob': 0.7811070084571838, 'expected_rise': 0.004971847869455814, 'bucket_idx': 5, 'investment_fraction': 0.1, 'investment_amount': 941.695682377676, 'allocated_amount': 426.60536222225346, 'exit_date': Timestamp('2017-06-16 00:00:00')}]",5,100000.0,853,True,False,42,/mnt/primary/simulation/trained_models_multiclass_meta,12,12,0.2,0.3,200,5,60,1.0,0.0001,0.3,True,True,0.3,0.7,0.3,0.5,0.5,0.1,3,100.0,0.5,"[[0.08, 0.6], [0.15, 0.35]]",meta_emotion,nlp,0.1259823649942869,GRU,6,coral,20,128,128,2,0.3,0.3,0.0005466347365856,0.0003650001848317,64,50,10,0.0041366748730481,5,0.8,5,0.1411251559858494,0.7276744145783006,1.793808725179512,21,0.2057532757859396,0.7138661773078487,21,0.0647282490194046,4
2017-06-12,41092.83577688645,30495.329987085686,101651.09995695228,101651.09995695228,-336.41934870368243,-0.0032986325287061025,0,MPT_ONLY,30495.329987085683,10597.505789800764,True,False,"{'SLB': 3.298441859155091e-16, 'HRG': 0.2500310207644029, 'UN': 0.29999999999999977, 'MA': 3.1046764111852837e-16, 'MRK': 6.787456947316799e-18, 'UTX': 1.3455850198817638e-16, 'PCLN': 5.117434254131581e-17, 'VZ': 0.14996897923559704, 'EXC': 0.29999999999999943}","[{'date': Timestamp('2017-06-05 00:00:00'), 'exit_date': Timestamp('2017-06-12 00:00:00'), 'ticker': 'UN', 'sector': 'Consumer Goods', 'allocated_amount': 3267.5228215550155, 'prob_up': 0.9625890254974365, 'expected_rise': 0.005242391489446163, 'actual_return': -0.036805522111302946, 'pnl': -120.26288345793012, 'exit_reason': 'scheduled'}, {'date': Timestamp('2017-06-05 00:00:00'), 'exit_date': Timestamp('2017-06-12 00:00:00'), 'ticker': 'PTR', 'sector': 'Basic Matierials', 'allocated_amount': 7565.476512338326, 'prob_up': 0.9404712915420532, 'expected_rise': 0.008455418981611729, 'actual_return': -0.028571427707591024, 'pnl': -216.15646524575234, 'exit_reason': 'scheduled'}]","[{'ticker': 'UN', 'sector': 'Consumer Goods', 'prob_up': 0.9691397547721863, 'predicted_prob': 0.9691397547721863, 'expected_rise': 0.005321750417351723, 'bucket_idx': 5, 'investment_fraction': 0.1, 'investment_amount': 9148.598996125698, 'allocated_amount': 9148.598996125698, 'exit_date': Timestamp('2017-06-19 00:00:00')}, {'ticker': 'VZ', 'sector': 'Technology', 'prob_up': 0.8735153079032898, 'predicted_prob': 0.8735153079032898, 'expected_rise': 0.0041475435718894005, 'bucket_idx': 5, 'investment_fraction': 0.1, 'investment_amount': 4573.353509615933, 'allocated_amount': 1448.9067936750653, 'exit_date': Timestamp('2017-06-19 00:00:00')}]",5,100000.0,853,True,False,42,/mnt/primary/simulation/trained_models_multiclass_meta,12,12,0.2,0.3,200,5,60,1.0,0.0001,0.3,True,True,0.3,0.7,0.3,0.5,0.5,0.1,3,100.0,0.5,"[[0.08, 0.6], [0.15, 0.35]]",meta_emotion,nlp,0.1259823649942869,GRU,6,coral,20,128,128,2,0.3,0.3,0.0005466347365856,0.0003650001848317,64,50,10,0.0041366748730481,5,0.8,5,0.1411251559858494,0.7276744145783006,1.793808725179512,21,0.2057532757859396,0.7138661773078487,21,0.0647282490194046,4
2017-06-13,30495.329987085686,30495.329987085686,101651.09995695228,101651.09995695228,0.0,0.0,0,MPT_ONLY,30495.329987085683,0.0,True,False,"{'PTR': 0.30000000000000004, 'HRG': 0.10000000000000013, 'AAPL': 0.0, 'BCH': 0.0, 'CELG': 0.29999999999999993, 'CAT': 2.2450626077323095e-17, 'PCLN': 8.267775318102162e-17, 'CSCO': 0.2999999999999998, 'PPL': 6.591221750187574e-17}",[],[],5,100000.0,853,True,False,42,/mnt/primary/simulation/trained_models_multiclass_meta,12,12,0.2,0.3,200,5,60,1.0,0.0001,0.3,True,True,0.3,0.7,0.3,0.5,0.5,0.1,3,100.0,0.5,"[[0.08, 0.6], [0.15, 0.35]]",meta_emotion,nlp,0.1259823649942869,GRU,6,coral,20,128,128,2,0.3,0.3,0.0005466347365856,0.0003650001848317,64,50,10,0.0041366748730481,5,0.8,5,0.1411251559858494,0.7276744145783006,1.793808725179512,21,0.2057532757859396,0.7138661773078487,21,0.0647282490194046,4
2017-06-14,30495.329987085686,30495.329987085686,101651.09995695228,101651.09995695228,0.0,0.0,0,MPT_ONLY,30495.329987085683,0.0,True,False,"{'SLB': 0.0, 'HRG': 0.2999999999999998, 'UL': 0.0, 'MA': 0.0, 'CELG': 0.29999999999999993, 'GD': 0.0, 'AMZN': 0.03026107454293301, 'VZ': 0.06973892545706727, 'EXC': 0.29999999999999993}",[],[],5,100000.0,853,True,False,42,/mnt/primary/simulation/trained_models_multiclass_meta,12,12,0.2,0.3,200,5,60,1.0,0.0001,0.3,True,True,0.3,0.7,0.3,0.5,0.5,0.1,3,100.0,0.5,"[[0.08, 0.6], [0.15, 0.35]]",meta_emotion,nlp,0.1259823649942869,GRU,6,coral,20,128,128,2,0.3,0.3,0.0005466347365856,0.0003650001848317,64,50,10,0.0041366748730481,5,0.8,5,0.1411251559858494,0.7276744145783006,1.793808725179512,21,0.2057532757859396,0.7138661773078487,21,0.0647282490194046,4
2017-06-15,60665.31966750609,30403.197278654465,101343.99092884822,101343.99092884822,-307.10902810405594,-0.003021207131394754,0,MPT_ONLY,30403.197278654465,30262.122388851632,True,False,"{'SLB': 1.5781183057723944e-16, 'HRG': 0.16058568444200394, 'UN': 0.23941431555799597, 'BCH': 5.317322586087947e-17, 'CELG': 0.29999999999999993, 'GE': 0.0, 'PCLN': 1.0668156310538403e-17, 'VZ': 0.0, 'EXC': 0.29999999999999993}","[{'date': Timestamp('2017-06-08 00:00:00'), 'exit_date': Timestamp('2017-06-15 00:00:00'), 'ticker': 'PTR', 'sector': 'Basic Matierials', 'allocated_amount': 9263.542811161602, 'prob_up': 0.9642605781555176, 'expected_rise': 0.00948422122746706, 'actual_return': -0.030112077438136597, 'pnl': -278.9445184811917, 'exit_reason': 'scheduled'}, {'date': Timestamp('2017-06-08 00:00:00'), 'exit_date': Timestamp('2017-06-15 00:00:00'), 'ticker': 'EXC', 'sector': 'Utilities', 'allocated_amount': 9263.542811161602, 'prob_up': 0.9008773565292358, 'expected_rise': 0.007910647429525852, 'actual_return': 0.011538405959428344, 'pnl': 106.88651757772662, 'exit_reason': 'scheduled'}, {'date': Timestamp('2017-06-08 00:00:00'), 'exit_date': Timestamp('2017-06-15 00:00:00'), 'ticker': 'VZ', 'sector': 'Technology', 'allocated_amount': 3087.847603720523, 'prob_up': 0.8563098907470703, 'expected_rise': 0.003871222259476781, 'actual_return': 0.009742368688945069, 'pnl': 30.082949810720883, 'exit_reason': 'scheduled'}, {'date': Timestamp('2017-06-08 00:00:00'), 'exit_date': Timestamp('2017-06-15 00:00:00'), 'ticker': 'HRG', 'sector': 'Conglomerates', 'allocated_amount': 8862.165482480734, 'prob_up': 0.7876567840576172, 'expected_rise': 0.005029755644500256, 'actual_return': -0.01863359213250515, 'pnl': -165.1339770113117, 'exit_reason': 'scheduled'}]","[{'ticker': 'UN', 'sector': 'Consumer Goods', 'prob_up': 0.9726547002792358, 'predicted_prob': 0.9726547002792358, 'expected_rise': 0.005364914424717426, 'bucket_idx': 5, 'investment_fraction': 0.1, 'investment_amount': 7278.960667243784, 'allocated_amount': 7278.960667243784, 'exit_date': Timestamp('2017-06-22 00:00:00')}, {'ticker': 'CELG', 'sector': 'Healthcare', 'prob_up': 0.8082009553909302, 'predicted_prob': 0.8082009553909302, 'expected_rise': 0.0070564341731369495, 'bucket_idx': 5, 'investment_fraction': 0.1, 'investment_amount': 9120.959183596337, 'allocated_amount': 9120.959183596337, 'exit_date': Timestamp('2017-06-22 00:00:00')}, {'ticker': 'HRG', 'sector': 'Conglomerates', 'prob_up': 0.7871381044387817, 'predicted_prob': 0.7871381044387817, 'expected_rise': 0.005025152582675219, 'bucket_idx': 5, 'investment_fraction': 0.1, 'investment_amount': 4882.318244217999, 'allocated_amount': 4882.318244217999, 'exit_date': Timestamp('2017-06-22 00:00:00')}, {'ticker': 'EXC', 'sector': 'Utilities', 'prob_up': 0.7597281336784363, 'predicted_prob': 0.7597281336784363, 'expected_rise': 0.005740538239479065, 'bucket_idx': 5, 'investment_fraction': 0.1, 'investment_amount': 9120.959183596337, 'allocated_amount': 8979.884293793511, 'exit_date': Timestamp('2017-06-22 00:00:00')}]",5,100000.0,853,True,False,42,/mnt/primary/simulation/trained_models_multiclass_meta,12,12,0.2,0.3,200,5,60,1.0,0.0001,0.3,True,True,0.3,0.7,0.3,0.5,0.5,0.1,3,100.0,0.5,"[[0.08, 0.6], [0.15, 0.35]]",meta_emotion,nlp,0.1259823649942869,GRU,6,coral,20,128,128,2,0.3,0.3,0.0005466347365856,0.0003650001848317,64,50,10,0.0041366748730481,5,0.8,5,0.1411251559858494,0.7276744145783006,1.793808725179512,21,0.2057532757859396,0.7138661773078487,21,0.0647282490194046,4
2017-06-16,60359.31195400281,30365.682039796564,101218.9401326552,101218.94013265522,-125.05079619300888,-0.0012339241335068696,0,MPT_ONLY,30365.68203979656,29993.62991420626,True,False,"{'BBL': 1.0449158254489873e-16, 'HRG': 0.17010551595483178, 'UN': 0.22989448404516796, 'V': 0.29999999999999993, 'UNH': 0.0, 'CAT': 0.0, 'PCLN': 1.0645467828540077e-16, 'VZ': 4.242196725712582e-17, 'PCG': 0.3}","[{'date': Timestamp('2017-06-09 00:00:00'), 'exit_date': Timestamp('2017-06-16 00:00:00'), 'ticker': 'PTR', 'sector': 'Basic Matierials', 'allocated_amount': 9178.876737509036, 'prob_up': 0.9708347320556641, 'expected_rise': 0.00979598704725504, 'actual_return': -0.020788450237497758, 'pnl': -190.81462229383234, 'exit_reason': 'scheduled'}, {'date': Timestamp('2017-06-09 00:00:00'), 'exit_date': Timestamp('2017-06-16 00:00:00'), 'ticker': 'UN', 'sector': 'Consumer Goods', 'allocated_amount': 2117.929896792001, 'prob_up': 0.9683858752250671, 'expected_rise': 0.00531254755333066, 'actual_return': -0.003919490398726411, 'pnl': -8.301205895651865, 'exit_reason': 'scheduled'}, {'date': Timestamp('2017-06-09 00:00:00'), 'exit_date': Timestamp('2017-06-16 00:00:00'), 'ticker': 'V', 'sector': 'Financial', 'allocated_amount': 9178.876737509036, 'prob_up': 0.9161083102226257, 'expected_rise': 0.007789683062583208, 'actual_return': -0.00412436556946616, 'pnl': -37.85704318255614, 'exit_reason': 'scheduled'}, {'date': Timestamp('2017-06-09 00:00:00'), 'exit_date': Timestamp('2017-06-16 00:00:00'), 'ticker': 'EXC', 'sector': 'Utilities', 'allocated_amount': 9178.876737509036, 'prob_up': 0.8862001299858093, 'expected_rise': 0.007637581788003445, 'actual_return': 0.012561524100533239, 'pnl': 115.30068135404366, 'exit_reason': 'scheduled'}, {'date': Timestamp('2017-06-09 00:00:00'), 'exit_date': Timestamp('2017-06-16 00:00:00'), 'ticker': 'HRG', 'sector': 'Conglomerates', 'allocated_amount': 426.60536222225346, 'prob_up': 0.7811070084571838, 'expected_rise': 0.004971847869455814, 'actual_return': -0.007919746149960494, 'pnl': -3.3786061750121936, 'exit_reason': 'scheduled'}]","[{'ticker': 'UN', 'sector': 'Consumer Goods', 'prob_up': 0.973843514919281, 'predicted_prob': 0.973843514919281, 'expected_rise': 0.005379606503993273, 'bucket_idx': 5, 'investment_fraction': 0.1, 'investment_amount': 6980.902805218654, 'allocated_amount': 6980.902805218654, 'exit_date': Timestamp('2017-06-23 00:00:00')}, {'ticker': 'V', 'sector': 'Financial', 'prob_up': 0.9686836004257202, 'predicted_prob': 0.9686836004257202, 'expected_rise': 0.008772777393460274, 'bucket_idx': 5, 'investment_fraction': 0.1, 'investment_amount': 9109.704611938965, 'allocated_amount': 9109.704611938965, 'exit_date': Timestamp('2017-06-23 00:00:00')}, {'ticker': 'PCG', 'sector': 'Utilities', 'prob_up': 0.9213054776191711, 'predicted_prob': 0.9213054776191711, 'expected_rise': 0.006563771516084671, 'bucket_idx': 5, 'investment_fraction': 0.1, 'investment_amount': 9109.704611938967, 'allocated_amount': 9109.704611938967, 'exit_date': Timestamp('2017-06-23 00:00:00')}, {'ticker': 'HRG', 'sector': 'Conglomerates', 'prob_up': 0.7975864410400391, 'predicted_prob': 0.7975864410400391, 'expected_rise': 0.005118479952216148, 'bucket_idx': 5, 'investment_fraction': 0.1, 'investment_amount': 5165.370010699962, 'allocated_amount': 4793.3178851096745, 'exit_date': Timestamp('2017-06-23 00:00:00')}]",5,100000.0,853,True,False,42,/mnt/primary/simulation/trained_models_multiclass_meta,12,12,0.2,0.3,200,5,60,1.0,0.0001,0.3,True,True,0.3,0.7,0.3,0.5,0.5,0.1,3,100.0,0.5,"[[0.08, 0.6], [0.15, 0.35]]",meta_emotion,nlp,0.1259823649942869,GRU,6,coral,20,128,128,2,0.3,0.3,0.0005466347365856,0.0003650001848317,64,50,10,0.0041366748730481,5,0.8,5,0.1411251559858494,0.7276744145783006,1.793808725179512,21,0.2057532757859396,0.7138661773078487,21,0.0647282490194046,4
2017-06-19,41039.79318731582,30388.663647112116,101295.54549037371,101295.54549037373,76.60535771850533,0.0007568282933816395,0,MPT_ONLY,30388.663647112113,10651.129540203716,True,False,"{'PTR': 0.2999999999999999, 'HRG': 0.1573931030067686, 'MO': 8.172618430063222e-17, 'V': 0.2999999999999998, 'MRK': 1.0576641132455673e-16, 'GD': 1.0061396160665481e-16, 'AMZN': 0.06014382468210924, 'CSCO': 0.18246307231112205, 'PPL': 5.710131438412126e-17}","[{'date': Timestamp('2017-06-12 00:00:00'), 'exit_date': Timestamp('2017-06-19 00:00:00'), 'ticker': 'UN', 'sector': 'Consumer Goods', 'allocated_amount': 9148.598996125698, 'prob_up': 0.9691397547721863, 'expected_rise': 0.005321750417351723, 'actual_return': 0.010454235760634534, 'pnl': 95.64161078500247, 'exit_reason': 'scheduled'}, {'date': Timestamp('2017-06-12 00:00:00'), 'exit_date': Timestamp('2017-06-19 00:00:00'), 'ticker': 'VZ', 'sector': 'Technology', 'allocated_amount': 1448.9067936750653, 'prob_up': 0.8735153079032898, 'expected_rise': 0.0041475435718894005, 'actual_return': -0.013138355862224116, 'pnl': -19.036253066497142, 'exit_reason': 'scheduled'}]","[{'ticker': 'PTR', 'sector': 'Basic Matierials', 'prob_up': 0.985732913017273, 'predicted_prob': 0.985732913017273, 'expected_rise': 0.010555720888078213, 'bucket_idx': 5, 'investment_fraction': 0.1, 'investment_amount': 9116.59909413363, 'allocated_amount': 9116.59909413363, 'exit_date': Timestamp('2017-06-26 00:00:00')}, {'ticker': 'V', 'sector': 'Financial', 'prob_up': 0.9679604768753052, 'predicted_prob': 0.9679604768753052, 'expected_rise': 0.008758081123232841, 'bucket_idx': 5, 'investment_fraction': 0.1, 'investment_amount': 9116.599094133628, 'allocated_amount': 1534.5304460700863, 'exit_date': Timestamp('2017-06-26 00:00:00')}]",5,100000.0,853,True,False,42,/mnt/primary/simulation/trained_models_multiclass_meta,12,12,0.2,0.3,200,5,60,1.0,0.0001,0.3,True,True,0.3,0.7,0.3,0.5,0.5,0.1,3,100.0,0.5,"[[0.08, 0.6], [0.15, 0.35]]",meta_emotion,nlp,0.1259823649942869,GRU,6,coral,20,128,128,2,0.3,0.3,0.0005466347365856,0.0003650001848317,64,50,10,0.0041366748730481,5,0.8,5,0.1411251559858494,0.7276744145783006,1.793808725179512,21,0.2057532757859396,0.7138661773078487,21,0.0647282490194046,4
2017-06-20,30388.663647112116,30388.663647112116,101295.54549037373,101295.54549037373,0.0,0.0,0,MPT_ONLY,30388.663647112116,0.0,True,False,"{'BBL': 0.0, 'HRG': 0.1432136903087441, 'UN': 0.14930130127834051, 'MA': 0.0, 'CELG': 0.3, 'GD': 0.0, 'PCLN': 0.0, 'CSCO': 0.1074850084129155, 'PCG': 0.3}",[],[],5,100000.0,853,True,False,42,/mnt/primary/simulation/trained_models_multiclass_meta,12,12,0.2,0.3,200,5,60,1.0,0.0001,0.3,True,True,0.3,0.7,0.3,0.5,0.5,0.1,3,100.0,0.5,"[[0.08, 0.6], [0.15, 0.35]]",meta_emotion,nlp,0.1259823649942869,GRU,6,coral,20,128,128,2,0.3,0.3,0.0005466347365856,0.0003650001848317,64,50,10,0.0041366748730481,5,0.8,5,0.1411251559858494,0.7276744145783006,1.793808725179512,21,0.2057532757859396,0.7138661773078487,21,0.0647282490194046,4
2017-06-21,30388.663647112116,30388.663647112116,101295.54549037373,101295.54549037373,0.0,0.0,0,MPT_ONLY,30388.663647112116,0.0,True,False,"{'SLB': 7.232791725556352e-18, 'REX': 0.3, 'UN': 0.2569920739099701, 'BCH': 0.0, 'MRK': 0.0, 'GD': 0.0, 'WMT': 0.0, 'MSFT': 0.14300792609002985, 'PCG': 0.3}",[],[],5,100000.0,853,True,False,42,/mnt/primary/simulation/trained_models_multiclass_meta,12,12,0.2,0.3,200,5,60,1.0,0.0001,0.3,True,True,0.3,0.7,0.3,0.5,0.5,0.1,3,100.0,0.5,"[[0.08, 0.6], [0.15, 0.35]]",meta_emotion,nlp,0.1259823649942869,GRU,6,coral,20,128,128,2,0.3,0.3,0.0005466347365856,0.0003650001848317,64,50,10,0.0041366748730481,5,0.8,5,0.1411251559858494,0.7276744145783006,1.793808725179512,21,0.2057532757859396,0.7138661773078487,21,0.0647282490194046,4
2017-06-22,61415.7689536373,30797.61043122313,102060.52840804728,102060.52840804728,764.9829176735514,0.007551989714555063,0,MPT_ONLY,30618.15852241418,30618.158522414167,True,False,"{'BBL': 1.121787847798335e-16, 'HRG': 0.18584210596627362, 'MO': 2.941227492942435e-16, 'BCH': 5.845735556261063e-17, 'CELG': 0.29999999999999993, 'GE': 1.0586604467246768e-16, 'AMZN': 0.10797758114807086, 'TSM': 0.1061803128856553, 'PCG': 0.29999999999999977}","[{'date': Timestamp('2017-06-15 00:00:00'), 'exit_date': Timestamp('2017-06-22 00:00:00'), 'ticker': 'UN', 'sector': 'Consumer Goods', 'allocated_amount': 7278.960667243784, 'prob_up': 0.9726547002792358, 'expected_rise': 0.005364914424717426, 'actual_return': 0.006152732759780344, 'pnl': 44.78549975450342, 'exit_reason': 'scheduled'}, {'date': Timestamp('2017-06-15 00:00:00'), 'exit_date': Timestamp('2017-06-22 00:00:00'), 'ticker': 'CELG', 'sector': 'Healthcare', 'allocated_amount': 9120.959183596337, 'prob_up': 0.8082009553909302, 'expected_rise': 0.0070564341731369495, 'actual_return': 0.10836573991903053, 'pnl': 988.3994907016937, 'exit_reason': 'scheduled'}, {'date': Timestamp('2017-06-15 00:00:00'), 'exit_date': Timestamp('2017-06-22 00:00:00'), 'ticker': 'HRG', 'sector': 'Conglomerates', 'allocated_amount': 4882.318244217999, 'prob_up': 0.7871381044387817, 'expected_rise': 0.005025152582675219, 'actual_return': -0.046940878003210895, 'pnl': -229.18030507468788, 'exit_reason': 'scheduled'}, {'date': Timestamp('2017-06-15 00:00:00'), 'exit_date': Timestamp('2017-06-22 00:00:00'), 'ticker': 'EXC', 'sector': 'Utilities', 'allocated_amount': 8979.884293793511, 'prob_up': 0.7597281336784363, 'expected_rise': 0.005740538239479065, 'actual_return': -0.004345464421510181, 'pnl': -39.021767707957785, 'exit_reason': 'scheduled'}]","[{'ticker': 'PCG', 'sector': 'Utilities', 'prob_up': 0.9086370468139648, 'predicted_prob': 0.9086370468139648, 'expected_rise': 0.006469512823969126, 'bucket_idx': 5, 'investment_fraction': 0.1, 'investment_amount': 9185.447556724248, 'allocated_amount': 9185.447556724248, 'exit_date': Timestamp('2017-06-29 00:00:00')}, {'ticker': 'HRG', 'sector': 'Conglomerates', 'prob_up': 0.8559204339981079, 'predicted_prob': 0.8559204339981079, 'expected_rise': 0.005665442906320095, 'bucket_idx': 5, 'investment_fraction': 0.1, 'investment_amount': 5690.1430606146605, 'allocated_amount': 5690.1430606146605, 'exit_date': Timestamp('2017-06-29 00:00:00')}, {'ticker': 'CELG', 'sector': 'Healthcare', 'prob_up': 0.8558313250541687, 'predicted_prob': 0.8558313250541687, 'expected_rise': 0.007446161471307278, 'bucket_idx': 5, 'investment_fraction': 0.1, 'investment_amount': 9185.447556724252, 'allocated_amount': 9185.447556724252, 'exit_date': Timestamp('2017-06-29 00:00:00')}, {'ticker': 'AMZN', 'sector': 'Services', 'prob_up': 0.5715169310569763, 'predicted_prob': 0.5715169310569763, 'expected_rise': 0.005006332881748676, 'bucket_idx': 5, 'investment_fraction': 0.034711473084160706, 'investment_amount': 3306.074696458475, 'allocated_amount': 3306.074696458475, 'exit_date': Timestamp('2017-06-29 00:00:00')}, {'ticker': 'TSM', 'sector': 'Technology', 'prob_up': 0.4802950322628021, 'predicted_prob': 0.4802950322628021, 'expected_rise': 0.004982053767889738, 'bucket_idx': 2, 'investment_fraction': 0.0025863121996708704, 'investment_amount': 3251.045651892531, 'allocated_amount': 3251.045651892531, 'exit_date': Timestamp('2017-06-29 00:00:00')}]",5,100000.0,853,True,False,42,/mnt/primary/simulation/trained_models_multiclass_meta,12,12,0.2,0.3,200,5,60,1.0,0.0001,0.3,True,True,0.3,0.7,0.3,0.5,0.5,0.1,3,100.0,0.5,"[[0.08, 0.6], [0.15, 0.35]]",meta_emotion,nlp,0.1259823649942869,GRU,6,coral,20,128,128,2,0.3,0.3,0.0005466347365856,0.0003650001848317,64,50,10,0.0041366748730481,5,0.8,5,0.1411251559858494,0.7276744145783006,1.793808725179512,21,0.2057532757859396,0.7138661773078487,21,0.0647282490194046,4
2017-06-23,60574.0596460315,30553.004312594814,101843.34770864938,101843.34770864938,-217.18069939788916,-0.0021279597782365434,0,MPT_ONLY,30553.004312594814,30021.055333436692,True,False,"{'PTR': 0.3, 'REX': 0.3, 'MO': 0.0, 'MA': 0.0, 'ABBV': 0.0, 'CAT': 0.0, 'PCLN': 0.1209220667665639, 'INTC': 0.27907793323343616, 'NEE': 1.9081958235744878e-17}","[{'date': Timestamp('2017-06-16 00:00:00'), 'exit_date': Timestamp('2017-06-23 00:00:00'), 'ticker': 'UN', 'sector': 'Consumer Goods', 'allocated_amount': 6980.902805218654, 'prob_up': 0.973843514919281, 'expected_rise': 0.005379606503993273, 'actual_return': -0.0041137542478983935, 'pnl': -28.71771856913405, 'exit_reason': 'scheduled'}, {'date': Timestamp('2017-06-16 00:00:00'), 'exit_date': Timestamp('2017-06-23 00:00:00'), 'ticker': 'V', 'sector': 'Financial', 'allocated_amount': 9109.704611938965, 'prob_up': 0.9686836004257202, 'expected_rise': 0.008772777393460274, 'actual_return': 0.014972964106890974, 'pnl': 136.3992801789413, 'exit_reason': 'scheduled'}, {'date': Timestamp('2017-06-16 00:00:00'), 'exit_date': Timestamp('2017-06-23 00:00:00'), 'ticker': 'PCG', 'sector': 'Utilities', 'allocated_amount': 9109.704611938967, 'prob_up': 0.9213054776191711, 'expected_rise': 0.006563771516084671, 'actual_return': -0.01633899558478913, 'pnl': -148.84342343320395, 'exit_reason': 'scheduled'}, {'date': Timestamp('2017-06-16 00:00:00'), 'exit_date': Timestamp('2017-06-23 00:00:00'), 'ticker': 'HRG', 'sector': 'Conglomerates', 'allocated_amount': 4793.3178851096745, 'prob_up': 0.7975864410400391, 'expected_rise': 0.005118479952216148, 'actual_return': -0.03672171172316585, 'pnl': -176.01883757449247, 'exit_reason': 'scheduled'}]","[{'ticker': 'PTR', 'sector': 'Basic Matierials', 'prob_up': 0.989548921585083, 'predicted_prob': 0.989548921585083, 'expected_rise': 0.010763605125248432, 'bucket_idx': 5, 'investment_fraction': 0.1, 'investment_amount': 9165.901293778445, 'allocated_amount': 9165.901293778445, 'exit_date': Timestamp('2017-06-30 00:00:00')}, {'ticker': 'PCLN', 'sector': 'Services', 'prob_up': 0.8136633634567261, 'predicted_prob': 0.8136633634567261, 'expected_rise': 0.004574625752866268, 'bucket_idx': 5, 'investment_fraction': 0.1, 'investment_amount': 3694.532427406705, 'allocated_amount': 3694.532427406705, 'exit_date': Timestamp('2017-06-30 00:00:00')}, {'ticker': 'REX', 'sector': 'Conglomerates', 'prob_up': 0.6404971480369568, 'predicted_prob': 0.6404971480369568, 'expected_rise': 0.006527140736579895, 'bucket_idx': 5, 'investment_fraction': 0.06599204920766827, 'investment_amount': 9165.901293778445, 'allocated_amount': 9165.901293778445, 'exit_date': Timestamp('2017-06-30 00:00:00')}, {'ticker': 'INTC', 'sector': 'Technology', 'prob_up': 0.6404132843017578, 'predicted_prob': 0.6404132843017578, 'expected_rise': 0.005321861244738102, 'bucket_idx': 5, 'investment_fraction': 0.05693750350668125, 'investment_amount': 8526.669297631222, 'allocated_amount': 7994.720318473097, 'exit_date': Timestamp('2017-06-30 00:00:00')}]",5,100000.0,853,True,False,42,/mnt/primary/simulation/trained_models_multiclass_meta,12,12,0.2,0.3,200,5,60,1.0,0.0001,0.3,True,True,0.3,0.7,0.3,0.5,0.5,0.1,3,100.0,0.5,"[[0.08, 0.6], [0.15, 0.35]]",meta_emotion,nlp,0.1259823649942869,GRU,6,coral,20,128,128,2,0.3,0.3,0.0005466347365856,0.0003650001848317,64,50,10,0.0041366748730481,5,0.8,5,0.1411251559858494,0.7276744145783006,1.793808725179512,21,0.2057532757859396,0.7138661773078487,21,0.0647282490194046,4
2017-06-26,41016.08740542597,30496.590378383058,101655.30126127682,101655.30126127682,-188.04644737255953,-0.0018464283785183389,0,MPT_ONLY,30496.590378383044,10519.49702704291,True,False,"{'PTR': 0.29999999999999993, 'REX': 0.10586025728253995, 'UN': 0.06393375332762821, 'MA': 7.864438511949904e-17, 'CELG': 0.30000000000000004, 'MMM': 5.812434696822829e-20, 'PCLN': 0.0, 'INTC': 1.2479599134524469e-17, 'PCG': 0.23020598938983178}","[{'date': Timestamp('2017-06-19 00:00:00'), 'exit_date': Timestamp('2017-06-26 00:00:00'), 'ticker': 'PTR', 'sector': 'Basic Matierials', 'allocated_amount': 9116.59909413363, 'prob_up': 0.985732913017273, 'expected_rise': 0.010555720888078213, 'actual_return': -0.021390389386901854, 'pnl': -195.00760450779504, 'exit_reason': 'scheduled'}, {'date': Timestamp('2017-06-19 00:00:00'), 'exit_date': Timestamp('2017-06-26 00:00:00'), 'ticker': 'V', 'sector': 'Financial', 'allocated_amount': 1534.5304460700863, 'prob_up': 0.9679604768753052, 'expected_rise': 0.008758081123232841, 'actual_return': 0.004536343448292568, 'pnl': 6.961157135235508, 'exit_reason': 'scheduled'}]","[{'ticker': 'PTR', 'sector': 'Basic Matierials', 'prob_up': 0.9897537231445312, 'predicted_prob': 0.9897537231445312, 'expected_rise': 0.010774933733046055, 'bucket_idx': 5, 'investment_fraction': 0.1, 'investment_amount': 9148.977113514911, 'allocated_amount': 9148.977113514911, 'exit_date': Timestamp('2017-07-03 00:00:00')}, {'ticker': 'UN', 'sector': 'Consumer Goods', 'prob_up': 0.9613744020462036, 'predicted_prob': 0.9613744020462036, 'expected_rise': 0.005227827932685614, 'bucket_idx': 5, 'investment_fraction': 0.1, 'investment_amount': 1949.7614865852615, 'allocated_amount': 1370.5199135279981, 'exit_date': Timestamp('2017-07-03 00:00:00')}]",5,100000.0,853,True,False,42,/mnt/primary/simulation/trained_models_multiclass_meta,12,12,0.2,0.3,200,5,60,1.0,0.0001,0.3,True,True,0.3,0.7,0.3,0.5,0.5,0.1,3,100.0,0.5,"[[0.08, 0.6], [0.15, 0.35]]",meta_emotion,nlp,0.1259823649942869,GRU,6,coral,20,128,128,2,0.3,0.3,0.0005466347365856,0.0003650001848317,64,50,10,0.0041366748730481,5,0.8,5,0.1411251559858494,0.7276744145783006,1.793808725179512,21,0.2057532757859396,0.7138661773078487,21,0.0647282490194046,4
2017-06-27,30496.590378383058,30496.590378383058,101655.30126127682,101655.30126127682,0.0,0.0,0,MPT_ONLY,30496.590378383044,0.0,True,False,"{'BBL': 0.29999999999999993, 'REX': 0.009768098443309444, 'MO': 2.1076890233118214e-16, 'MA': 8.760353553682878e-17, 'ABBV': 0.06506805082335018, 'GE': 0.025163850733339977, 'AMZN': 0.3000000000000001, 'TSM': 0.3000000000000001, 'PPL': 5.464378949326944e-17}",[],[],5,100000.0,853,True,False,42,/mnt/primary/simulation/trained_models_multiclass_meta,12,12,0.2,0.3,200,5,60,1.0,0.0001,0.3,True,True,0.3,0.7,0.3,0.5,0.5,0.1,3,100.0,0.5,"[[0.08, 0.6], [0.15, 0.35]]",meta_emotion,nlp,0.1259823649942869,GRU,6,coral,20,128,128,2,0.3,0.3,0.0005466347365856,0.0003650001848317,64,50,10,0.0041366748730481,5,0.8,5,0.1411251559858494,0.7276744145783006,1.793808725179512,21,0.2057532757859396,0.7138661773078487,21,0.0647282490194046,4
2017-06-28,30496.590378383058,30496.590378383058,101655.30126127682,101655.30126127682,0.0,0.0,0,MPT_ONLY,30496.590378383044,0.0,True,False,"{'PTR': 0.2999999999999999, 'HRG': 0.2999999999999998, 'AAPL': 0.0, 'MA': 0.0, 'ABBV': 0.0, 'GE': 2.3958559305012755e-16, 'PCLN': 0.16097511750833807, 'MSFT': 0.2050672533908689, 'AEP': 0.0339576291007931}",[],[],5,100000.0,853,True,False,42,/mnt/primary/simulation/trained_models_multiclass_meta,12,12,0.2,0.3,200,5,60,1.0,0.0001,0.3,True,True,0.3,0.7,0.3,0.5,0.5,0.1,3,100.0,0.5,"[[0.08, 0.6], [0.15, 0.35]]",meta_emotion,nlp,0.1259823649942869,GRU,6,coral,20,128,128,2,0.3,0.3,0.0005466347365856,0.0003650001848317,64,50,10,0.0041366748730481,5,0.8,5,0.1411251559858494,0.7276744145783006,1.793808725179512,21,0.2057532757859396,0.7138661773078487,21,0.0647282490194046,4
2017-06-29,60207.46338403202,30224.404723353495,100748.01574451162,100748.01574451162,-907.2855167652064,-0.008925117583718278,0,MPT_ONLY,30224.404723353484,29983.05866067853,True,False,"{'PTR': 0.2999999999999999, 'HRG': 0.30000000000000004, 'UN': 0.1493511153562605, 'MA': 0.0, 'MRK': 1.432908113027658e-16, 'MMM': 8.879759863559408e-17, 'AMZN': 0.04858691433172616, 'MSFT': 0.20206197031201317, 'PPL': 1.0960444379429318e-16}","[{'date': Timestamp('2017-06-22 00:00:00'), 'exit_date': Timestamp('2017-06-29 00:00:00'), 'ticker': 'PCG', 'sector': 'Utilities', 'allocated_amount': 9185.447556724248, 'prob_up': 0.9086370468139648, 'expected_rise': 0.006469512823969126, 'actual_return': -0.0393838116373727, 'pnl': -361.75793637899307, 'exit_reason': 'scheduled'}, {'date': Timestamp('2017-06-22 00:00:00'), 'exit_date': Timestamp('2017-06-29 00:00:00'), 'ticker': 'HRG', 'sector': 'Conglomerates', 'allocated_amount': 5690.1430606146605, 'prob_up': 0.8559204339981079, 'expected_rise': 0.005665442906320095, 'actual_return': -0.027670171555063683, 'pnl': -157.44723466006278, 'exit_reason': 'scheduled'}, {'date': Timestamp('2017-06-22 00:00:00'), 'exit_date': Timestamp('2017-06-29 00:00:00'), 'ticker': 'CELG', 'sector': 'Healthcare', 'allocated_amount': 9185.447556724252, 'prob_up': 0.8558313250541687, 'expected_rise': 0.007446161471307278, 'actual_return': -0.014811460979056168, 'pnl': -136.04989806158807, 'exit_reason': 'scheduled'}, {'date': Timestamp('2017-06-22 00:00:00'), 'exit_date': Timestamp('2017-06-29 00:00:00'), 'ticker': 'AMZN', 'sector': 'Services', 'allocated_amount': 3306.074696458475, 'prob_up': 0.5715169310569763, 'expected_rise': 0.005006332881748676, 'actual_return': -0.025337057129775964, 'pnl': -83.76620345947511, 'exit_reason': 'scheduled'}, {'date': Timestamp('2017-06-22 00:00:00'), 'exit_date': Timestamp('2017-06-29 00:00:00'), 'ticker': 'TSM', 'sector': 'Technology', 'allocated_amount': 3251.045651892531, 'prob_up': 0.4802950322628021, 'expected_rise': 0.004982053767889738, 'actual_return': -0.05175696136630248, 'pnl': -168.26424420508738, 'exit_reason': 'scheduled'}]","[{'ticker': 'PTR', 'sector': 'Basic Matierials', 'prob_up': 0.9907659292221069, 'predicted_prob': 0.9907659292221069, 'expected_rise': 0.010831153020262718, 'bucket_idx': 5, 'investment_fraction': 0.1, 'investment_amount': 9067.321417006042, 'allocated_amount': 9067.321417006042, 'exit_date': Timestamp('2017-07-07 00:00:00')}, {'ticker': 'UN', 'sector': 'Consumer Goods', 'prob_up': 0.9574995040893555, 'predicted_prob': 0.9574995040893555, 'expected_rise': 0.00518167344853282, 'bucket_idx': 5, 'investment_fraction': 0.1, 'investment_amount': 4514.048556411871, 'allocated_amount': 4514.048556411871, 'exit_date': Timestamp('2017-07-07 00:00:00')}, {'ticker': 'HRG', 'sector': 'Conglomerates', 'prob_up': 0.9062137007713318, 'predicted_prob': 0.9062137007713318, 'expected_rise': 0.006179491989314556, 'bucket_idx': 5, 'investment_fraction': 0.1, 'investment_amount': 9067.321417006047, 'allocated_amount': 9067.321417006047, 'exit_date': Timestamp('2017-07-07 00:00:00')}, {'ticker': 'MSFT', 'sector': 'Technology', 'prob_up': 0.6007589101791382, 'predicted_prob': 0.6007589101791382, 'expected_rise': 0.005522417835891247, 'bucket_idx': 5, 'investment_fraction': 0.04728140927244931, 'investment_amount': 6107.202769908522, 'allocated_amount': 6107.202769908522, 'exit_date': Timestamp('2017-07-07 00:00:00')}, {'ticker': 'AMZN', 'sector': 'Services', 'prob_up': 0.5443974733352661, 'predicted_prob': 0.5443974733352661, 'expected_rise': 0.004601793829351664, 'bucket_idx': 5, 'investment_fraction': 0.024665110385417622, 'investment_amount': 1468.5105630209953, 'allocated_amount': 1227.1645003460435, 'exit_date': Timestamp('2017-07-07 00:00:00')}]",5,100000.0,853,True,False,42,/mnt/primary/simulation/trained_models_multiclass_meta,12,12,0.2,0.3,200,5,60,1.0,0.0001,0.3,True,True,0.3,0.7,0.3,0.5,0.5,0.1,3,100.0,0.5,"[[0.08, 0.6], [0.15, 0.35]]",meta_emotion,nlp,0.1259823649942869,GRU,6,coral,20,128,128,2,0.3,0.3,0.0005466347365856,0.0003650001848317,64,50,10,0.0041366748730481,5,0.8,5,0.1411251559858494,0.7276744145783006,1.793808725179512,21,0.2057532757859396,0.7138661773078487,21,0.0647282490194046,4
2017-06-30,60155.85277437444,30197.522538628764,100658.40846209587,100658.40846209587,-89.6072824157448,-0.0008894198238402762,0,MPT_ONLY,30197.52253862876,29958.330235745678,True,False,"{'BBL': 0.25316663773924086, 'HRG': 0.2999999999999998, 'TM': 0.0, 'MA': 4.9439619065338996e-17, 'MRK': 3.594130201789447e-17, 'MMM': 1.968369044147433e-16, 'AMZN': 0.17165088217595978, 'VZ': 0.2751824800847991, 'NEE': 1.3183898417423734e-16}","[{'date': Timestamp('2017-06-23 00:00:00'), 'exit_date': Timestamp('2017-06-30 00:00:00'), 'ticker': 'PTR', 'sector': 'Basic Matierials', 'allocated_amount': 9165.901293778445, 'prob_up': 0.989548921585083, 'expected_rise': 0.010763605125248432, 'actual_return': -0.011134451974593396, 'pnl': -102.05728775943956, 'exit_reason': 'scheduled'}, {'date': Timestamp('2017-06-23 00:00:00'), 'exit_date': Timestamp('2017-06-30 00:00:00'), 'ticker': 'PCLN', 'sector': 'Services', 'allocated_amount': 3694.532427406705, 'prob_up': 0.8136633634567261, 'expected_rise': 0.004574625752866268, 'actual_return': -0.0020061084479495728, 'pnl': -7.411632713844233, 'exit_reason': 'scheduled'}, {'date': Timestamp('2017-06-23 00:00:00'), 'exit_date': Timestamp('2017-06-30 00:00:00'), 'ticker': 'REX', 'sector': 'Conglomerates', 'allocated_amount': 9165.901293778445, 'prob_up': 0.6404971480369568, 'expected_rise': 0.006527140736579895, 'actual_return': 0.013646818945059369, 'pnl': 125.08539542447986, 'exit_reason': 'scheduled'}, {'date': Timestamp('2017-06-23 00:00:00'), 'exit_date': Timestamp('2017-06-30 00:00:00'), 'ticker': 'INTC', 'sector': 'Technology', 'allocated_amount': 7994.720318473097, 'prob_up': 0.6404132843017578, 'expected_rise': 0.005321861244738102, 'actual_return': -0.013161655839767694, 'pnl': -105.22375736694087, 'exit_reason': 'scheduled'}]","[{'ticker': 'BBL', 'sector': 'Basic Matierials', 'prob_up': 0.9706719517707825, 'predicted_prob': 0.9706719517707825, 'expected_rise': 0.005032609216868877, 'bucket_idx': 5, 'investment_fraction': 0.1, 'investment_amount': 7645.005249159589, 'allocated_amount': 7645.005249159589, 'exit_date': Timestamp('2017-07-10 00:00:00')}, {'ticker': 'VZ', 'sector': 'Technology', 'prob_up': 0.9241506457328796, 'predicted_prob': 0.9241506457328796, 'expected_rise': 0.0050727869383990765, 'bucket_idx': 5, 'investment_fraction': 0.1, 'investment_amount': 8309.82914459648, 'allocated_amount': 8309.82914459648, 'exit_date': Timestamp('2017-07-10 00:00:00')}, {'ticker': 'HRG', 'sector': 'Conglomerates', 'prob_up': 0.9098359942436218, 'predicted_prob': 0.9098359942436218, 'expected_rise': 0.006218307185918093, 'bucket_idx': 5, 'investment_fraction': 0.1, 'investment_amount': 9059.256761588622, 'allocated_amount': 9059.256761588622, 'exit_date': Timestamp('2017-07-10 00:00:00')}, {'ticker': 'AMZN', 'sector': 'Services', 'prob_up': 0.5375698208808899, 'predicted_prob': 0.5375698208808899, 'expected_rise': 0.0044997925870120525, 'bucket_idx': 5, 'investment_fraction': 0.0220634905038545, 'investment_amount': 5183.431383284055, 'allocated_amount': 4944.239080400985, 'exit_date': Timestamp('2017-07-10 00:00:00')}]",5,100000.0,853,True,False,42,/mnt/primary/simulation/trained_models_multiclass_meta,12,12,0.2,0.3,200,5,60,1.0,0.0001,0.3,True,True,0.3,0.7,0.3,0.5,0.5,0.1,3,100.0,0.5,"[[0.08, 0.6], [0.15, 0.35]]",meta_emotion,nlp,0.1259823649942869,GRU,6,coral,20,128,128,2,0.3,0.3,0.0005466347365856,0.0003650001848317,64,50,10,0.0041366748730481,5,0.8,5,0.1411251559858494,0.7276744145783006,1.793808725179512,21,0.2057532757859396,0.7138661773078487,21,0.0647282490194046,4
2017-07-03,40559.47804707312,30150.260083049194,100500.86694349733,100500.86694349733,-157.54151859856168,-0.0015651103668887778,0,MPT_ONLY,30150.260083049197,10409.21796402392,True,False,"{'SNP': 0.0, 'HRG': 0.29999999999999966, 'UN': 0.2225776508019804, 'V': 0.0, 'MRK': 0.0, 'MMM': 0.0, 'PCLN': 0.18889004937818293, 'MSFT': 0.2885322998198371, 'NEE': 0.0}","[{'date': Timestamp('2017-06-26 00:00:00'), 'exit_date': Timestamp('2017-07-03 00:00:00'), 'ticker': 'PTR', 'sector': 'Basic Matierials', 'allocated_amount': 9148.977113514911, 'prob_up': 0.9897537231445312, 'expected_rise': 0.010774933733046055, 'actual_return': -0.014464818153892445, 'pnl': -132.338290241117, 'exit_reason': 'scheduled'}, {'date': Timestamp('2017-06-26 00:00:00'), 'exit_date': Timestamp('2017-07-03 00:00:00'), 'ticker': 'UN', 'sector': 'Consumer Goods', 'allocated_amount': 1370.5199135279981, 'prob_up': 0.9613744020462036, 'expected_rise': 0.005227827932685614, 'actual_return': -0.01838953823922662, 'pnl': -25.203228357444683, 'exit_reason': 'scheduled'}]","[{'ticker': 'UN', 'sector': 'Consumer Goods', 'prob_up': 0.9573302268981934, 'predicted_prob': 0.9573302268981934, 'expected_rise': 0.005179667845368385, 'bucket_idx': 5, 'investment_fraction': 0.1, 'investment_amount': 6710.774060353812, 'allocated_amount': 6710.774060353812, 'exit_date': Timestamp('2017-07-11 00:00:00')}, {'ticker': 'HRG', 'sector': 'Conglomerates', 'prob_up': 0.9120975732803345, 'predicted_prob': 0.9120975732803345, 'expected_rise': 0.006242675706744194, 'bucket_idx': 5, 'investment_fraction': 0.1, 'investment_amount': 9045.078024914748, 'allocated_amount': 3698.443903670108, 'exit_date': Timestamp('2017-07-11 00:00:00')}]",5,100000.0,853,True,False,42,/mnt/primary/simulation/trained_models_multiclass_meta,12,12,0.2,0.3,200,5,60,1.0,0.0001,0.3,True,True,0.3,0.7,0.3,0.5,0.5,0.1,3,100.0,0.5,"[[0.08, 0.6], [0.15, 0.35]]",meta_emotion,nlp,0.1259823649942869,GRU,6,coral,20,128,128,2,0.3,0.3,0.0005466347365856,0.0003650001848317,64,50,10,0.0041366748730481,5,0.8,5,0.1411251559858494,0.7276744145783006,1.793808725179512,21,0.2057532757859396,0.7138661773078487,21,0.0647282490194046,4
2017-07-05,30150.2600830492,30150.260083049194,100500.86694349733,100500.86694349733,0.0,0.0,0,MPT_ONLY,30150.260083049197,0.0,True,False,"{'SNP': 0.2203460643534027, 'HRG': 0.2999999999999999, 'TM': 0.0, 'MA': 0.0, 'MRK': 0.0, 'DHR': 0.11482380806616282, 'PCLN': 0.2999999999999999, 'ORCL': 0.0, 'NEE': 0.06483012758043462}",[],[],5,100000.0,853,True,False,42,/mnt/primary/simulation/trained_models_multiclass_meta,12,12,0.2,0.3,200,5,60,1.0,0.0001,0.3,True,True,0.3,0.7,0.3,0.5,0.5,0.1,3,100.0,0.5,"[[0.08, 0.6], [0.15, 0.35]]",meta_emotion,nlp,0.1259823649942869,GRU,6,coral,20,128,128,2,0.3,0.3,0.0005466347365856,0.0003650001848317,64,50,10,0.0041366748730481,5,0.8,5,0.1411251559858494,0.7276744145783006,1.793808725179512,21,0.2057532757859396,0.7138661773078487,21,0.0647282490194046,4
2017-07-06,30150.2600830492,30150.260083049194,100500.86694349733,100500.86694349733,0.0,0.0,0,MPT_ONLY,30150.260083049197,0.0,True,False,"{'BBL': 0.12344644218758521, 'HRG': 0.29999999999999977, 'PM': 0.0, 'BRK-A': 0.0, 'PFE': 0.0, 'MMM': 0.0, 'PCLN': 0.1506344745556801, 'MSFT': 0.22915689110858814, 'PCG': 0.19676219214814678}",[],[],5,100000.0,853,True,False,42,/mnt/primary/simulation/trained_models_multiclass_meta,12,12,0.2,0.3,200,5,60,1.0,0.0001,0.3,True,True,0.3,0.7,0.3,0.5,0.5,0.1,3,100.0,0.5,"[[0.08, 0.6], [0.15, 0.35]]",meta_emotion,nlp,0.1259823649942869,GRU,6,coral,20,128,128,2,0.3,0.3,0.0005466347365856,0.0003650001848317,64,50,10,0.0041366748730481,5,0.8,5,0.1411251559858494,0.7276744145783006,1.793808725179512,21,0.2057532757859396,0.7138661773078487,21,0.0647282490194046,4
2017-07-07,60221.964459842224,30176.853797883545,100589.51265961182,100589.51265961182,88.64571611449487,0.0008820393177735308,0,MPT_ONLY,30176.853797883545,30045.110661958675,True,False,"{'BBL': 1.1611594490966728e-16, 'HRG': 0.29999999999999977, 'UN': 0.254455137174707, 'MA': 1.7248383409019384e-16, 'PFE': 0.0, 'DHR': 0.0, 'CMCSA': 0.14554486282529308, 'MSFT': 0.2999999999999999, 'NEE': 1.5801515962361968e-16}","[{'date': Timestamp('2017-06-29 00:00:00'), 'exit_date': Timestamp('2017-07-07 00:00:00'), 'ticker': 'PTR', 'sector': 'Basic Matierials', 'allocated_amount': 9067.321417006042, 'prob_up': 0.9907659292221069, 'expected_rise': 0.010831153020262718, 'actual_return': -0.0011359948253163443, 'pnl': -10.300430209198927, 'exit_reason': 'scheduled'}, {'date': Timestamp('2017-06-29 00:00:00'), 'exit_date': Timestamp('2017-07-07 00:00:00'), 'ticker': 'UN', 'sector': 'Consumer Goods', 'allocated_amount': 4514.048556411871, 'prob_up': 0.9574995040893555, 'expected_rise': 0.00518167344853282, 'actual_return': -0.0014596058846998439, 'pnl': -6.588731836759601, 'exit_reason': 'scheduled'}, {'date': Timestamp('2017-06-29 00:00:00'), 'exit_date': Timestamp('2017-07-07 00:00:00'), 'ticker': 'HRG', 'sector': 'Conglomerates', 'allocated_amount': 9067.321417006047, 'prob_up': 0.9062137007713318, 'expected_rise': 0.006179491989314556, 'actual_return': 0.0017074558907228532, 'pnl': 15.482051366544464, 'exit_reason': 'scheduled'}, {'date': Timestamp('2017-06-29 00:00:00'), 'exit_date': Timestamp('2017-07-07 00:00:00'), 'ticker': 'MSFT', 'sector': 'Technology', 'allocated_amount': 6107.202769908522, 'prob_up': 0.6007589101791382, 'expected_rise': 0.005522417835891247, 'actual_return': 0.014162666496208676, 'pnl': 86.49427605493625, 'exit_reason': 'scheduled'}, {'date': Timestamp('2017-06-29 00:00:00'), 'exit_date': Timestamp('2017-07-07 00:00:00'), 'ticker': 'AMZN', 'sector': 'Services', 'allocated_amount': 1227.1645003460435, 'prob_up': 0.5443974733352661, 'expected_rise': 0.004601793829351664, 'actual_return': 0.0028998155813415583, 'pnl': 3.558550738972685, 'exit_reason': 'scheduled'}]","[{'ticker': 'UN', 'sector': 'Consumer Goods', 'prob_up': 0.9561272263526917, 'predicted_prob': 0.9561272263526917, 'expected_rise': 0.005165437702089548, 'bucket_idx': 5, 'investment_fraction': 0.1, 'investment_amount': 7678.655472641536, 'allocated_amount': 7678.655472641536, 'exit_date': Timestamp('2017-07-14 00:00:00')}, {'ticker': 'CMCSA', 'sector': 'Services', 'prob_up': 0.9157952070236206, 'predicted_prob': 0.9157952070236206, 'expected_rise': 0.004741974640637636, 'bucket_idx': 5, 'investment_fraction': 0.1, 'investment_amount': 4392.086046511885, 'allocated_amount': 4392.086046511885, 'exit_date': Timestamp('2017-07-14 00:00:00')}, {'ticker': 'HRG', 'sector': 'Conglomerates', 'prob_up': 0.9123457074165344, 'predicted_prob': 0.9123457074165344, 'expected_rise': 0.006245352793484926, 'bucket_idx': 5, 'investment_fraction': 0.1, 'investment_amount': 9053.056139365057, 'allocated_amount': 9053.056139365057, 'exit_date': Timestamp('2017-07-14 00:00:00')}, {'ticker': 'MSFT', 'sector': 'Technology', 'prob_up': 0.5562433004379272, 'predicted_prob': 0.5562433004379272, 'expected_rise': 0.005527904722839594, 'bucket_idx': 5, 'investment_fraction': 0.030183913724933488, 'investment_amount': 9053.05613936506, 'allocated_amount': 8921.313003440198, 'exit_date': Timestamp('2017-07-14 00:00:00')}]",5,100000.0,853,True,False,42,/mnt/primary/simulation/trained_models_multiclass_meta,12,12,0.2,0.3,200,5,60,1.0,0.0001,0.3,True,True,0.3,0.7,0.3,0.5,0.5,0.1,3,100.0,0.5,"[[0.08, 0.6], [0.15, 0.35]]",meta_emotion,nlp,0.1259823649942869,GRU,6,coral,20,128,128,2,0.3,0.3,0.0005466347365856,0.0003650001848317,64,50,10,0.0041366748730481,5,0.8,5,0.1411251559858494,0.7276744145783006,1.793808725179512,21,0.2057532757859396,0.7138661773078487,21,0.0647282490194046,4
2017-07-10,60384.547771221725,30251.662919161306,100838.87639720432,100838.87639720434,249.36373759251526,0.0024790232202072104,0,MPT_ONLY,30251.662919161296,30132.88485206043,True,False,"{'SNP': 0.14840128956556217, 'HRG': 0.29999999999999954, 'PEP': 5.21772295508649e-17, 'V': 0.03186089493176527, 'PFE': 4.6566483308252415e-17, 'BA': 5.979374981257557e-17, 'PCLN': 0.11059267453697699, 'VZ': 0.2999999999999996, 'PCG': 0.10914514096569627}","[{'date': Timestamp('2017-06-30 00:00:00'), 'exit_date': Timestamp('2017-07-10 00:00:00'), 'ticker': 'BBL', 'sector': 'Basic Matierials', 'allocated_amount': 7645.005249159589, 'prob_up': 0.9706719517707825, 'expected_rise': 0.005032609216868877, 'actual_return': 0.05916781534460336, 'pnl': 452.33825889079793, 'exit_reason': 'scheduled'}, {'date': Timestamp('2017-06-30 00:00:00'), 'exit_date': Timestamp('2017-07-10 00:00:00'), 'ticker': 'VZ', 'sector': 'Technology', 'allocated_amount': 8309.82914459648, 'prob_up': 0.9241506457328796, 'expected_rise': 0.0050727869383990765, 'actual_return': -0.03269142409314818, 'pnl': -271.6601487076063, 'exit_reason': 'scheduled'}, {'date': Timestamp('2017-06-30 00:00:00'), 'exit_date': Timestamp('2017-07-10 00:00:00'), 'ticker': 'HRG', 'sector': 'Conglomerates', 'allocated_amount': 9059.256761588622, 'prob_up': 0.9098359942436218, 'expected_rise': 0.006218307185918093, 'actual_return': -0.008469791556735773, 'pnl': -76.73001642960477, 'exit_reason': 'scheduled'}, {'date': Timestamp('2017-06-30 00:00:00'), 'exit_date': Timestamp('2017-07-10 00:00:00'), 'ticker': 'AMZN', 'sector': 'Services', 'allocated_amount': 4944.239080400985, 'prob_up': 0.5375698208808899, 'expected_rise': 0.0044997925870120525, 'actual_return': 0.029411127066115705, 'pnl': 145.41564383892842, 'exit_reason': 'scheduled'}]","[{'ticker': 'VZ', 'sector': 'Technology', 'prob_up': 0.9744184613227844, 'predicted_prob': 0.9744184613227844, 'expected_rise': 0.006213488057255745, 'bucket_idx': 5, 'investment_fraction': 0.1, 'investment_amount': 9075.498875748377, 'allocated_amount': 9075.498875748377, 'exit_date': Timestamp('2017-07-17 00:00:00')}, {'ticker': 'HRG', 'sector': 'Conglomerates', 'prob_up': 0.9098359942436218, 'predicted_prob': 0.9098359942436218, 'expected_rise': 0.006218307185918093, 'bucket_idx': 5, 'investment_fraction': 0.1, 'investment_amount': 9075.498875748375, 'allocated_amount': 9075.498875748375, 'exit_date': Timestamp('2017-07-17 00:00:00')}, {'ticker': 'SNP', 'sector': 'Basic Matierials', 'prob_up': 0.8719303011894226, 'predicted_prob': 0.8719303011894226, 'expected_rise': 0.0048674955032765865, 'bucket_idx': 5, 'investment_fraction': 0.1, 'investment_amount': 4489.385788706235, 'allocated_amount': 4489.385788706235, 'exit_date': Timestamp('2017-07-17 00:00:00')}, {'ticker': 'PCLN', 'sector': 'Services', 'prob_up': 0.8126603960990906, 'predicted_prob': 0.8126603960990906, 'expected_rise': 0.004555786494165659, 'bucket_idx': 5, 'investment_fraction': 0.1, 'investment_amount': 3345.6123114211405, 'allocated_amount': 3345.6123114211405, 'exit_date': Timestamp('2017-07-17 00:00:00')}, {'ticker': 'PCG', 'sector': 'Utilities', 'prob_up': 0.676752507686615, 'predicted_prob': 0.676752507686615, 'expected_rise': 0.004503677133470774, 'bucket_idx': 5, 'investment_fraction': 0.07675467317686017, 'investment_amount': 3301.8220137585863, 'allocated_amount': 3301.8220137585863, 'exit_date': Timestamp('2017-07-17 00:00:00')}, {'ticker': 'V', 'sector': 'Financial', 'prob_up': 0.6035338640213013, 'predicted_prob': 0.6035338640213013, 'expected_rise': 0.003871391760185361, 'bucket_idx': 5, 'investment_fraction': 0.05226018016895678, 'investment_amount': 963.8450537785775, 'allocated_amount': 845.0669866777171, 'exit_date': Timestamp('2017-07-17 00:00:00')}]",5,100000.0,853,True,False,42,/mnt/primary/simulation/trained_models_multiclass_meta,12,12,0.2,0.3,200,5,60,1.0,0.0001,0.3,True,True,0.3,0.7,0.3,0.5,0.5,0.1,3,100.0,0.5,"[[0.08, 0.6], [0.15, 0.35]]",meta_emotion,nlp,0.1259823649942869,GRU,6,coral,20,128,128,2,0.3,0.3,0.0005466347365856,0.0003650001848317,64,50,10,0.0041366748730481,5,0.8,5,0.1411251559858494,0.7276744145783006,1.793808725179512,21,0.2057532757859396,0.7138661773078487,21,0.0647282490194046,4
2017-07-11,40665.04424667297,30252.91192820763,100843.03976069207,100843.03976069207,4.163363487748811,4.1287285583502253e-05,0,MPT_ONLY,30252.91192820762,10412.132318465341,True,False,"{'SNP': 0.17166392823560908, 'HRG': 0.2999999999999998, 'PM': 3.686287386450715e-18, 'V': 0.019619834892666457, 'MRK': 1.8648277366750676e-17, 'DHR': 0.12867200298471587, 'PCLN': 0.08004423388700882, 'TSM': 0.3, 'PCG': 7.047314121155779e-18}","[{'date': Timestamp('2017-07-03 00:00:00'), 'exit_date': Timestamp('2017-07-11 00:00:00'), 'ticker': 'UN', 'sector': 'Consumer Goods', 'allocated_amount': 6710.774060353812, 'prob_up': 0.9573302268981934, 'expected_rise': 0.005179667845368385, 'actual_return': 0.009639832666424208, 'pnl': 64.6907390039909, 'exit_reason': 'scheduled'}, {'date': Timestamp('2017-07-03 00:00:00'), 'exit_date': Timestamp('2017-07-11 00:00:00'), 'ticker': 'HRG', 'sector': 'Conglomerates', 'allocated_amount': 3698.443903670108, 'prob_up': 0.9120975732803345, 'expected_rise': 0.006242675706744194, 'actual_return': -0.016365632977744626, 'pnl': -60.52737551624209, 'exit_reason': 'scheduled'}]","[{'ticker': 'HRG', 'sector': 'Conglomerates', 'prob_up': 0.9059500098228455, 'predicted_prob': 0.9059500098228455, 'expected_rise': 0.006176677066832781, 'bucket_idx': 5, 'investment_fraction': 0.1, 'investment_amount': 9075.87357846228, 'allocated_amount': 9075.87357846228, 'exit_date': Timestamp('2017-07-18 00:00:00')}, {'ticker': 'SNP', 'sector': 'Basic Matierials', 'prob_up': 0.8734906911849976, 'predicted_prob': 0.8734906911849976, 'expected_rise': 0.0049035511910915375, 'bucket_idx': 5, 'investment_fraction': 0.1, 'investment_amount': 5193.333702162035, 'allocated_amount': 1336.2587400030607, 'exit_date': Timestamp('2017-07-18 00:00:00')}]",5,100000.0,853,True,False,42,/mnt/primary/simulation/trained_models_multiclass_meta,12,12,0.2,0.3,200,5,60,1.0,0.0001,0.3,True,True,0.3,0.7,0.3,0.5,0.5,0.1,3,100.0,0.5,"[[0.08, 0.6], [0.15, 0.35]]",meta_emotion,nlp,0.1259823649942869,GRU,6,coral,20,128,128,2,0.3,0.3,0.0005466347365856,0.0003650001848317,64,50,10,0.0041366748730481,5,0.8,5,0.1411251559858494,0.7276744145783006,1.793808725179512,21,0.2057532757859396,0.7138661773078487,21,0.0647282490194046,4
2017-07-12,30252.911928207628,30252.91192820763,100843.03976069207,100843.03976069207,0.0,0.0,0,MPT_ONLY,30252.91192820762,0.0,True,False,"{'PTR': 0.3, 'REX': 0.07462255674399865, 'UN': 0.2999999999999999, 'V': 2.947529560306589e-17, 'PFE': 0.0, 'CAT': 8.461900042727141e-17, 'AMZN': 0.025377443256001702, 'MSFT': 0.29999999999999977, 'PCG': 0.0}",[],[],5,100000.0,853,True,False,42,/mnt/primary/simulation/trained_models_multiclass_meta,12,12,0.2,0.3,200,5,60,1.0,0.0001,0.3,True,True,0.3,0.7,0.3,0.5,0.5,0.1,3,100.0,0.5,"[[0.08, 0.6], [0.15, 0.35]]",meta_emotion,nlp,0.1259823649942869,GRU,6,coral,20,128,128,2,0.3,0.3,0.0005466347365856,0.0003650001848317,64,50,10,0.0041366748730481,5,0.8,5,0.1411251559858494,0.7276744145783006,1.793808725179512,21,0.2057532757859396,0.7138661773078487,21,0.0647282490194046,4
2017-07-13,30252.911928207628,30252.91192820763,100843.03976069207,100843.03976069207,0.0,0.0,0,MPT_ONLY,30252.91192820762,0.0,True,False,"{'PTR': 0.2999999999999999, 'REX': 0.2999999999999999, 'PM': 3.625262451111947e-18, 'V': 0.016916863522601543, 'MRK': 1.169189103310882e-16, 'BA': 1.101560949780625e-16, 'PCLN': 0.08308313647739862, 'VZ': 0.29999999999999977, 'PPL': 1.2669809754513003e-16}",[],[],5,100000.0,853,True,False,42,/mnt/primary/simulation/trained_models_multiclass_meta,12,12,0.2,0.3,200,5,60,1.0,0.0001,0.3,True,True,0.3,0.7,0.3,0.5,0.5,0.1,3,100.0,0.5,"[[0.08, 0.6], [0.15, 0.35]]",meta_emotion,nlp,0.1259823649942869,GRU,6,coral,20,128,128,2,0.3,0.3,0.0005466347365856,0.0003650001848317,64,50,10,0.0041366748730481,5,0.8,5,0.1411251559858494,0.7276744145783006,1.793808725179512,21,0.2057532757859396,0.7138661773078487,21,0.0647282490194046,4
2017-07-14,61077.24831895418,30590.568672110196,101622.26548947995,101622.26548947995,779.2257287878724,0.007727114639116683,0,MPT_ONLY,30486.679646843982,30486.679646843982,True,False,"{'PTR': 0.29999999999999993, 'REX': 0.2845862163195002, 'UN': 2.0816681711721682e-17, 'V': 0.0, 'MRK': 0.0, 'DHR': 0.0, 'PCLN': 0.0, 'VZ': 0.17621739182393067, 'NEE': 0.23919639185656918}","[{'date': Timestamp('2017-07-07 00:00:00'), 'exit_date': Timestamp('2017-07-14 00:00:00'), 'ticker': 'UN', 'sector': 'Consumer Goods', 'allocated_amount': 7678.655472641536, 'prob_up': 0.9561272263526917, 'expected_rise': 0.005165437702089548, 'actual_return': 0.03928377489493884, 'pnl': 301.6465730830403, 'exit_reason': 'scheduled'}, {'date': Timestamp('2017-07-07 00:00:00'), 'exit_date': Timestamp('2017-07-14 00:00:00'), 'ticker': 'CMCSA', 'sector': 'Services', 'allocated_amount': 4392.086046511885, 'prob_up': 0.9157952070236206, 'expected_rise': 0.004741974640637636, 'actual_return': 0.016333964220897057, 'pnl': 71.74017633882633, 'exit_reason': 'scheduled'}, {'date': Timestamp('2017-07-07 00:00:00'), 'exit_date': Timestamp('2017-07-14 00:00:00'), 'ticker': 'HRG', 'sector': 'Conglomerates', 'allocated_amount': 9053.056139365057, 'prob_up': 0.9123457074165344, 'expected_rise': 0.006245352793484926, 'actual_return': -0.0022727840909091412, 'pnl': -20.57564196765623, 'exit_reason': 'scheduled'}, {'date': Timestamp('2017-07-07 00:00:00'), 'exit_date': Timestamp('2017-07-14 00:00:00'), 'ticker': 'MSFT', 'sector': 'Technology', 'allocated_amount': 8921.313003440198, 'prob_up': 0.5562433004379272, 'expected_rise': 0.005527904722839594, 'actual_return': 0.04779729409440403, 'pnl': 426.41462133366207, 'exit_reason': 'scheduled'}]","[{'ticker': 'PTR', 'sector': 'Basic Matierials', 'prob_up': 0.9937301874160767, 'predicted_prob': 0.9937301874160767, 'expected_rise': 0.010998288169503212, 'bucket_idx': 5, 'investment_fraction': 0.1, 'investment_amount': 9146.003894053192, 'allocated_amount': 9146.003894053192, 'exit_date': Timestamp('2017-07-21 00:00:00')}, {'ticker': 'VZ', 'sector': 'Technology', 'prob_up': 0.9695140719413757, 'predicted_prob': 0.9695140719413757, 'expected_rise': 0.0060897343792021275, 'bucket_idx': 5, 'investment_fraction': 0.1, 'investment_amount': 5372.283172738558, 'allocated_amount': 5372.283172738558, 'exit_date': Timestamp('2017-07-21 00:00:00')}, {'ticker': 'NEE', 'sector': 'Utilities', 'prob_up': 0.9132671356201172, 'predicted_prob': 0.9132671356201172, 'expected_rise': 0.006394584197551012, 'bucket_idx': 5, 'investment_fraction': 0.1, 'investment_amount': 7292.303771212186, 'allocated_amount': 7292.303771212186, 'exit_date': Timestamp('2017-07-21 00:00:00')}, {'ticker': 'REX', 'sector': 'Conglomerates', 'prob_up': 0.6543967127799988, 'predicted_prob': 0.6543967127799988, 'expected_rise': 0.0067709069699049, 'bucket_idx': 5, 'investment_fraction': 0.070600286615691, 'investment_amount': 8676.088808840046, 'allocated_amount': 8676.088808840046, 'exit_date': Timestamp('2017-07-21 00:00:00')}]",5,100000.0,853,True,False,42,/mnt/primary/simulation/trained_models_multiclass_meta,12,12,0.2,0.3,200,5,60,1.0,0.0001,0.3,True,True,0.3,0.7,0.3,0.5,0.5,0.1,3,100.0,0.5,"[[0.08, 0.6], [0.15, 0.35]]",meta_emotion,nlp,0.1259823649942869,GRU,6,coral,20,128,128,2,0.3,0.3,0.0005466347365856,0.0003650001848317,64,50,10,0.0041366748730481,5,0.8,5,0.1411251559858494,0.7276744145783006,1.793808725179512,21,0.2057532757859396,0.7138661773078487,21,0.0647282490194046,4
2017-07-17,60895.53547484309,30538.30423204573,101794.34744015241,101794.34744015241,172.0819506724696,0.0016933488920327644,0,MPT_ONLY,30538.304232045724,30357.23124279736,True,False,"{'SNP': 0.0, 'REX': 0.2999999999999999, 'PM': 6.169040809612933e-17, 'V': 2.7373710512983977e-16, 'MRK': 0.0, 'DHR': 0.03909793067273613, 'CMCSA': 0.06090206932726356, 'VZ': 0.30000000000000004, 'NEE': 0.30000000000000004}","[{'date': Timestamp('2017-07-10 00:00:00'), 'exit_date': Timestamp('2017-07-17 00:00:00'), 'ticker': 'VZ', 'sector': 'Technology', 'allocated_amount': 9075.498875748377, 'prob_up': 0.9744184613227844, 'expected_rise': 0.006213488057255745, 'actual_return': 0.010648124753515509, 'pnl': 96.63704422935847, 'exit_reason': 'scheduled'}, {'date': Timestamp('2017-07-10 00:00:00'), 'exit_date': Timestamp('2017-07-17 00:00:00'), 'ticker': 'HRG', 'sector': 'Conglomerates', 'allocated_amount': 9075.498875748375, 'prob_up': 0.9098359942436218, 'expected_rise': 0.006218307185918093, 'actual_return': 0.0, 'pnl': 0.0, 'exit_reason': 'scheduled'}, {'date': Timestamp('2017-07-10 00:00:00'), 'exit_date': Timestamp('2017-07-17 00:00:00'), 'ticker': 'SNP', 'sector': 'Basic Matierials', 'allocated_amount': 4489.385788706235, 'prob_up': 0.8719303011894226, 'expected_rise': 0.0048674955032765865, 'actual_return': -0.011858700390340204, 'pnl': -53.23828100491839, 'exit_reason': 'scheduled'}, {'date': Timestamp('2017-07-10 00:00:00'), 'exit_date': Timestamp('2017-07-17 00:00:00'), 'ticker': 'PCLN', 'sector': 'Services', 'allocated_amount': 3345.6123114211405, 'prob_up': 0.8126603960990906, 'expected_rise': 0.004555786494165659, 'actual_return': 0.012300847979647367, 'pnl': 41.15386844162809, 'exit_reason': 'scheduled'}, {'date': Timestamp('2017-07-10 00:00:00'), 'exit_date': Timestamp('2017-07-17 00:00:00'), 'ticker': 'PCG', 'sector': 'Utilities', 'allocated_amount': 3301.8220137585863, 'prob_up': 0.676752507686615, 'expected_rise': 0.004503677133470774, 'actual_return': 0.02182608428607713, 'pnl': 72.06584556991983, 'exit_reason': 'scheduled'}, {'date': Timestamp('2017-07-10 00:00:00'), 'exit_date': Timestamp('2017-07-17 00:00:00'), 'ticker': 'V', 'sector': 'Financial', 'allocated_amount': 845.0669866777171, 'prob_up': 0.6035338640213013, 'expected_rise': 0.003871391760185361, 'actual_return': 0.01829851796397164, 'pnl': 15.463473436481587, 'exit_reason': 'scheduled'}]","[{'ticker': 'VZ', 'sector': 'Technology', 'prob_up': 0.9709129333496094, 'predicted_prob': 0.9709129333496094, 'expected_rise': 0.006124718114733696, 'bucket_idx': 5, 'investment_fraction': 0.1, 'investment_amount': 9161.491269613718, 'allocated_amount': 9161.491269613718, 'exit_date': Timestamp('2017-07-24 00:00:00')}, {'ticker': 'CMCSA', 'sector': 'Services', 'prob_up': 0.9547611474990845, 'predicted_prob': 0.9547611474990845, 'expected_rise': 0.005105885211378336, 'bucket_idx': 5, 'investment_fraction': 0.1, 'investment_amount': 1859.8459214771149, 'allocated_amount': 1859.8459214771149, 'exit_date': Timestamp('2017-07-24 00:00:00')}, {'ticker': 'NEE', 'sector': 'Utilities', 'prob_up': 0.9018336534500122, 'predicted_prob': 0.9018336534500122, 'expected_rise': 0.006230617873370647, 'bucket_idx': 5, 'investment_fraction': 0.1, 'investment_amount': 9161.491269613718, 'allocated_amount': 9161.491269613718, 'exit_date': Timestamp('2017-07-24 00:00:00')}, {'ticker': 'DHR', 'sector': 'Industrial Goods', 'prob_up': 0.8338733315467834, 'predicted_prob': 0.8338733315467834, 'expected_rise': 0.004954734817147255, 'bucket_idx': 5, 'investment_fraction': 0.1, 'investment_amount': 1193.984501727448, 'allocated_amount': 1193.984501727448, 'exit_date': Timestamp('2017-07-24 00:00:00')}, {'ticker': 'REX', 'sector': 'Conglomerates', 'prob_up': 0.7047942876815796, 'predicted_prob': 0.7047942876815796, 'expected_rise': 0.00768036674708128, 'bucket_idx': 5, 'investment_fraction': 0.08937784521348688, 'investment_amount': 9161.491269613714, 'allocated_amount': 8980.41828036536, 'exit_date': Timestamp('2017-07-24 00:00:00')}]",5,100000.0,853,True,False,42,/mnt/primary/simulation/trained_models_multiclass_meta,12,12,0.2,0.3,200,5,60,1.0,0.0001,0.3,True,True,0.3,0.7,0.3,0.5,0.5,0.1,3,100.0,0.5,"[[0.08, 0.6], [0.15, 0.35]]",meta_emotion,nlp,0.1259823649942869,GRU,6,coral,20,128,128,2,0.3,0.3,0.0005466347365856,0.0003650001848317,64,50,10,0.0041366748730481,5,0.8,5,0.1411251559858494,0.7276744145783006,1.793808725179512,21,0.2057532757859396,0.7138661773078487,21,0.0647282490194046,4
2017-07-18,40867.18280274471,30513.32810771581,101711.09369238606,101711.09369238606,-83.25374776636883,-0.0008178621884216142,0,MPT_ONLY,30513.328107715817,10353.854695028896,True,False,"{'PTR': 0.3, 'REX': 0.3, 'PM': 0.0, 'V': 0.012142704101727388, 'JNJ': 6.041394525936586e-17, 'CAT': 0.011210019522045244, 'CHTR': 0.07664727637622729, 'VZ': 0.3000000000000001, 'SRE': 0.0}","[{'date': Timestamp('2017-07-11 00:00:00'), 'exit_date': Timestamp('2017-07-18 00:00:00'), 'ticker': 'HRG', 'sector': 'Conglomerates', 'allocated_amount': 9075.87357846228, 'prob_up': 0.9059500098228455, 'expected_rise': 0.006176677066832781, 'actual_return': -0.007458462421113032, 'pnl': -67.69206202373358, 'exit_reason': 'scheduled'}, {'date': Timestamp('2017-07-11 00:00:00'), 'exit_date': Timestamp('2017-07-18 00:00:00'), 'ticker': 'SNP', 'sector': 'Basic Matierials', 'allocated_amount': 1336.2587400030607, 'prob_up': 0.8734906911849976, 'expected_rise': 0.0049035511910915375, 'actual_return': -0.011645712972174538, 'pnl': -15.561685742635246, 'exit_reason': 'scheduled'}]","[{'ticker': 'PTR', 'sector': 'Basic Matierials', 'prob_up': 0.9953481554985046, 'predicted_prob': 0.9953481554985046, 'expected_rise': 0.011091122403740883, 'bucket_idx': 5, 'investment_fraction': 0.1, 'investment_amount': 9153.998432314746, 'allocated_amount': 9153.998432314746, 'exit_date': Timestamp('2017-07-25 00:00:00')}, {'ticker': 'VZ', 'sector': 'Technology', 'prob_up': 0.9751752614974976, 'predicted_prob': 0.9751752614974976, 'expected_rise': 0.006232861429452896, 'bucket_idx': 5, 'investment_fraction': 0.1, 'investment_amount': 9153.998432314747, 'allocated_amount': 1199.856262714151, 'exit_date': Timestamp('2017-07-25 00:00:00')}]",5,100000.0,853,True,False,42,/mnt/primary/simulation/trained_models_multiclass_meta,12,12,0.2,0.3,200,5,60,1.0,0.0001,0.3,True,True,0.3,0.7,0.3,0.5,0.5,0.1,3,100.0,0.5,"[[0.08, 0.6], [0.15, 0.35]]",meta_emotion,nlp,0.1259823649942869,GRU,6,coral,20,128,128,2,0.3,0.3,0.0005466347365856,0.0003650001848317,64,50,10,0.0041366748730481,5,0.8,5,0.1411251559858494,0.7276744145783006,1.793808725179512,21,0.2057532757859396,0.7138661773078487,21,0.0647282490194046,4
2017-07-19,30513.328107715817,30513.32810771581,101711.09369238606,101711.09369238606,0.0,0.0,0,MPT_ONLY,30513.328107715817,0.0,True,False,"{'PTR': 0.3, 'REX': 0.3, 'UL': 0.0, 'WFC': 6.108340909492264e-17, 'JNJ': 7.859099292232554e-17, 'DHR': 0.09756240547517228, 'CHTR': 0.0, 'MSFT': 0.14849716604193489, 'NEE': 0.15394042848289274}",[],[],5,100000.0,853,True,False,42,/mnt/primary/simulation/trained_models_multiclass_meta,12,12,0.2,0.3,200,5,60,1.0,0.0001,0.3,True,True,0.3,0.7,0.3,0.5,0.5,0.1,3,100.0,0.5,"[[0.08, 0.6], [0.15, 0.35]]",meta_emotion,nlp,0.1259823649942869,GRU,6,coral,20,128,128,2,0.3,0.3,0.0005466347365856,0.0003650001848317,64,50,10,0.0041366748730481,5,0.8,5,0.1411251559858494,0.7276744145783006,1.793808725179512,21,0.2057532757859396,0.7138661773078487,21,0.0647282490194046,4
2017-07-20,30513.328107715817,30513.32810771581,101711.09369238606,101711.09369238606,0.0,0.0,0,MPT_ONLY,30513.328107715817,0.0,True,False,"{'PTR': 0.2999999999999999, 'REX': 0.29999999999999977, 'PM': 0.0, 'MA': 0.0, 'JNJ': 0.0, 'CAT': 7.716488330792618e-17, 'CHTR': 0.0, 'VZ': 0.29999999999999993, 'NEE': 0.10000000000000038}",[],[],5,100000.0,853,True,False,42,/mnt/primary/simulation/trained_models_multiclass_meta,12,12,0.2,0.3,200,5,60,1.0,0.0001,0.3,True,True,0.3,0.7,0.3,0.5,0.5,0.1,3,100.0,0.5,"[[0.08, 0.6], [0.15, 0.35]]",meta_emotion,nlp,0.1259823649942869,GRU,6,coral,20,128,128,2,0.3,0.3,0.0005466347365856,0.0003650001848317,64,50,10,0.0041366748730481,5,0.8,5,0.1411251559858494,0.7276744145783006,1.793808725179512,21,0.2057532757859396,0.7138661773078487,21,0.0647282490194046,4
2017-07-21,60948.27580318964,30497.80852230477,101659.36174101589,101659.36174101588,-51.73195137015284,-0.0005086166070205067,0,MPT_ONLY,30497.808522304767,30450.46728088486,True,False,"{'SNP': 8.850584349328351e-17, 'HRG': 0.3, 'PM': 0.0, 'MA': 1.6625040686956523e-16, 'JNJ': 0.0, 'CAT': 0.031217930090515468, 'PCLN': 0.06878206990948435, 'VZ': 0.3, 'AEP': 0.29999999999999993}","[{'date': Timestamp('2017-07-14 00:00:00'), 'exit_date': Timestamp('2017-07-21 00:00:00'), 'ticker': 'PTR', 'sector': 'Basic Matierials', 'allocated_amount': 9146.003894053192, 'prob_up': 0.9937301874160767, 'expected_rise': 0.010998288169503212, 'actual_return': -0.005084207262221252, 'pnl': -46.500179418449086, 'exit_reason': 'scheduled'}, {'date': Timestamp('2017-07-14 00:00:00'), 'exit_date': Timestamp('2017-07-21 00:00:00'), 'ticker': 'VZ', 'sector': 'Technology', 'allocated_amount': 5372.283172738558, 'prob_up': 0.9695140719413757, 'expected_rise': 0.0060897343792021275, 'actual_return': 0.015381060252960044, 'pnl': 82.63141117585512, 'exit_reason': 'scheduled'}, {'date': Timestamp('2017-07-14 00:00:00'), 'exit_date': Timestamp('2017-07-21 00:00:00'), 'ticker': 'NEE', 'sector': 'Utilities', 'allocated_amount': 7292.303771212186, 'prob_up': 0.9132671356201172, 'expected_rise': 0.006394584197551012, 'actual_return': 0.019130247942108047, 'pnl': 139.50357921245867, 'exit_reason': 'scheduled'}, {'date': Timestamp('2017-07-14 00:00:00'), 'exit_date': Timestamp('2017-07-21 00:00:00'), 'ticker': 'REX', 'sector': 'Conglomerates', 'allocated_amount': 8676.088808840046, 'prob_up': 0.6543967127799988, 'expected_rise': 0.0067709069699049, 'actual_return': -0.02620613589251808, 'pnl': -227.36676234001754, 'exit_reason': 'scheduled'}]","[{'ticker': 'VZ', 'sector': 'Technology', 'prob_up': 0.9830843806266785, 'predicted_prob': 0.9830843806266785, 'expected_rise': 0.006439939606934786, 'bucket_idx': 5, 'investment_fraction': 0.1, 'investment_amount': 9149.34255669143, 'allocated_amount': 9149.34255669143, 'exit_date': Timestamp('2017-07-28 00:00:00')}, {'ticker': 'AEP', 'sector': 'Utilities', 'prob_up': 0.9234799146652222, 'predicted_prob': 0.9234799146652222, 'expected_rise': 0.005797559395432472, 'bucket_idx': 5, 'investment_fraction': 0.1, 'investment_amount': 9149.342556691428, 'allocated_amount': 9149.342556691428, 'exit_date': Timestamp('2017-07-28 00:00:00')}, {'ticker': 'HRG', 'sector': 'Conglomerates', 'prob_up': 0.8630292415618896, 'predicted_prob': 0.8630292415618896, 'expected_rise': 0.005735474172979593, 'bucket_idx': 5, 'investment_fraction': 0.1, 'investment_amount': 9149.34255669143, 'allocated_amount': 9149.34255669143, 'exit_date': Timestamp('2017-07-28 00:00:00')}, {'ticker': 'PCLN', 'sector': 'Services', 'prob_up': 0.7683348655700684, 'predicted_prob': 0.7683348655700684, 'expected_rise': 0.0037658624351024628, 'bucket_idx': 5, 'investment_fraction': 0.1, 'investment_amount': 2097.702397867234, 'allocated_amount': 2097.702397867234, 'exit_date': Timestamp('2017-07-28 00:00:00')}, {'ticker': 'CAT', 'sector': 'Industrial Goods', 'prob_up': 0.6459732055664062, 'predicted_prob': 0.6459732055664062, 'expected_rise': 0.0034992159344255924, 'bucket_idx': 5, 'investment_fraction': 0.061247947585487565, 'investment_amount': 952.078454363237, 'allocated_amount': 904.7372129433352, 'exit_date': Timestamp('2017-07-28 00:00:00')}]",5,100000.0,853,True,False,42,/mnt/primary/simulation/trained_models_multiclass_meta,12,12,0.2,0.3,200,5,60,1.0,0.0001,0.3,True,True,0.3,0.7,0.3,0.5,0.5,0.1,3,100.0,0.5,"[[0.08, 0.6], [0.15, 0.35]]",meta_emotion,nlp,0.1259823649942869,GRU,6,coral,20,128,128,2,0.3,0.3,0.0005466347365856,0.0003650001848317,64,50,10,0.0041366748730481,5,0.8,5,0.1411251559858494,0.7276744145783006,1.793808725179512,21,0.2057532757859396,0.7138661773078487,21,0.0647282490194046,4
2017-07-24,60855.058357588176,30497.81410005058,101659.38033350193,101659.38033350193,0.018592486041484335,1.828900531020139e-07,0,MPT_ONLY,30497.81410005058,30357.244257537594,True,False,"{'PTR': 0.3, 'REX': 0.3, 'UN': 0.08377501487861022, 'V': 3.626491662520373e-17, 'JNJ': 0.0, 'DHR': 2.0996766961561208e-16, 'CHTR': 0.0, 'TSM': 0.3, 'NEE': 0.01622498512138968}","[{'date': Timestamp('2017-07-17 00:00:00'), 'exit_date': Timestamp('2017-07-24 00:00:00'), 'ticker': 'VZ', 'sector': 'Technology', 'allocated_amount': 9161.491269613718, 'prob_up': 0.9709129333496094, 'expected_rise': 0.006124718114733696, 'actual_return': 0.00114519010535985, 'pnl': 10.49164915230228, 'exit_reason': 'scheduled'}, {'date': Timestamp('2017-07-17 00:00:00'), 'exit_date': Timestamp('2017-07-24 00:00:00'), 'ticker': 'CMCSA', 'sector': 'Services', 'allocated_amount': 1859.8459214771149, 'prob_up': 0.9547611474990845, 'expected_rise': 0.005105885211378336, 'actual_return': 0.0068877549263328675, 'pnl': 12.810162907874089, 'exit_reason': 'scheduled'}, {'date': Timestamp('2017-07-17 00:00:00'), 'exit_date': Timestamp('2017-07-24 00:00:00'), 'ticker': 'NEE', 'sector': 'Utilities', 'allocated_amount': 9161.491269613718, 'prob_up': 0.9018336534500122, 'expected_rise': 0.006230617873370647, 'actual_return': 0.015464233415164674, 'pnl': 141.6754394242999, 'exit_reason': 'scheduled'}, {'date': Timestamp('2017-07-17 00:00:00'), 'exit_date': Timestamp('2017-07-24 00:00:00'), 'ticker': 'DHR', 'sector': 'Industrial Goods', 'allocated_amount': 1193.984501727448, 'prob_up': 0.8338733315467834, 'expected_rise': 0.004954734817147255, 'actual_return': -0.028548051614039283, 'pnl': -34.08593118167816, 'exit_reason': 'scheduled'}, {'date': Timestamp('2017-07-17 00:00:00'), 'exit_date': Timestamp('2017-07-24 00:00:00'), 'ticker': 'REX', 'sector': 'Conglomerates', 'allocated_amount': 8980.41828036536, 'prob_up': 0.7047942876815796, 'expected_rise': 0.00768036674708128, 'actual_return': -0.014573121622062368, 'pnl': -130.8727278167566, 'exit_reason': 'scheduled'}]","[{'ticker': 'PTR', 'sector': 'Basic Matierials', 'prob_up': 0.9965499639511108, 'predicted_prob': 0.9965499639511108, 'expected_rise': 0.011160839349031448, 'bucket_idx': 5, 'investment_fraction': 0.1, 'investment_amount': 9149.344230015173, 'allocated_amount': 9149.344230015173, 'exit_date': Timestamp('2017-07-31 00:00:00')}, {'ticker': 'UN', 'sector': 'Consumer Goods', 'prob_up': 0.950595498085022, 'predicted_prob': 0.950595498085022, 'expected_rise': 0.005100560374557972, 'bucket_idx': 5, 'investment_fraction': 0.1, 'investment_amount': 2554.954829996826, 'allocated_amount': 2554.954829996826, 'exit_date': Timestamp('2017-07-31 00:00:00')}, {'ticker': 'NEE', 'sector': 'Utilities', 'prob_up': 0.7768425345420837, 'predicted_prob': 0.7768425345420837, 'expected_rise': 0.004760828800499439, 'bucket_idx': 5, 'investment_fraction': 0.1, 'investment_amount': 494.82658000822903, 'allocated_amount': 494.82658000822903, 'exit_date': Timestamp('2017-07-31 00:00:00')}, {'ticker': 'TSM', 'sector': 'Technology', 'prob_up': 0.7345373630523682, 'predicted_prob': 0.7345373630523682, 'expected_rise': 0.006077201571315527, 'bucket_idx': 5, 'investment_fraction': 0.09917314110403741, 'investment_amount': 9149.344230015173, 'allocated_amount': 9149.344230015173, 'exit_date': Timestamp('2017-07-31 00:00:00')}, {'ticker': 'REX', 'sector': 'Conglomerates', 'prob_up': 0.6766921877861023, 'predicted_prob': 0.6766921877861023, 'expected_rise': 0.007167575415223837, 'bucket_idx': 5, 'investment_fraction': 0.07871343284413453, 'investment_amount': 9149.344230015173, 'allocated_amount': 9008.774387502192, 'exit_date': Timestamp('2017-07-31 00:00:00')}]",5,100000.0,853,True,False,42,/mnt/primary/simulation/trained_models_multiclass_meta,12,12,0.2,0.3,200,5,60,1.0,0.0001,0.3,True,True,0.3,0.7,0.3,0.5,0.5,0.1,3,100.0,0.5,"[[0.08, 0.6], [0.15, 0.35]]",meta_emotion,nlp,0.1259823649942869,GRU,6,coral,20,128,128,2,0.3,0.3,0.0005466347365856,0.0003650001848317,64,50,10,0.0041366748730481,5,0.8,5,0.1411251559858494,0.7276744145783006,1.793808725179512,21,0.2057532757859396,0.7138661773078487,21,0.0647282490194046,4
2017-07-25,40916.96622459991,30517.403328906716,101724.67776302237,101724.67776302235,65.2974295204366,0.0006423158325992162,0,MPT_ONLY,30517.40332890671,10399.56289569319,True,False,"{'BBL': 6.534125092845972e-17, 'REX': 0.3, 'UN': 0.09999999999999995, 'MA': 0.0, 'MRK': 1.9071139186582917e-17, 'GE': 0.0, 'PCLN': 0.0, 'VZ': 0.3, 'AEP': 0.3}","[{'date': Timestamp('2017-07-18 00:00:00'), 'exit_date': Timestamp('2017-07-25 00:00:00'), 'ticker': 'PTR', 'sector': 'Basic Matierials', 'allocated_amount': 9153.998432314746, 'prob_up': 0.9953481554985046, 'expected_rise': 0.011091122403740883, 'actual_return': 0.005258996015936157, 'pnl': 48.140841285429076, 'exit_reason': 'scheduled'}, {'date': Timestamp('2017-07-18 00:00:00'), 'exit_date': Timestamp('2017-07-25 00:00:00'), 'ticker': 'VZ', 'sector': 'Technology', 'allocated_amount': 1199.856262714151, 'prob_up': 0.9751752614974976, 'expected_rise': 0.006232861429452896, 'actual_return': 0.014298869596428343, 'pnl': 17.15658823500751, 'exit_reason': 'scheduled'}]","[{'ticker': 'AEP', 'sector': 'Utilities', 'prob_up': 0.9869470596313477, 'predicted_prob': 0.9869470596313477, 'expected_rise': 0.006367713678628206, 'bucket_idx': 5, 'investment_fraction': 0.1, 'investment_amount': 9155.220998672012, 'allocated_amount': 9155.220998672012, 'exit_date': Timestamp('2017-08-01 00:00:00')}, {'ticker': 'VZ', 'sector': 'Technology', 'prob_up': 0.9763205647468567, 'predicted_prob': 0.9763205647468567, 'expected_rise': 0.006262324750423431, 'bucket_idx': 5, 'investment_fraction': 0.1, 'investment_amount': 9155.220998672012, 'allocated_amount': 1244.3418970211787, 'exit_date': Timestamp('2017-08-01 00:00:00')}]",5,100000.0,853,True,False,42,/mnt/primary/simulation/trained_models_multiclass_meta,12,12,0.2,0.3,200,5,60,1.0,0.0001,0.3,True,True,0.3,0.7,0.3,0.5,0.5,0.1,3,100.0,0.5,"[[0.08, 0.6], [0.15, 0.35]]",meta_emotion,nlp,0.1259823649942869,GRU,6,coral,20,128,128,2,0.3,0.3,0.0005466347365856,0.0003650001848317,64,50,10,0.0041366748730481,5,0.8,5,0.1411251559858494,0.7276744145783006,1.793808725179512,21,0.2057532757859396,0.7138661773078487,21,0.0647282490194046,4
2017-07-26,30517.403328906716,30517.403328906716,101724.67776302235,101724.67776302235,0.0,0.0,0,MPT_ONLY,30517.403328906705,0.0,True,False,"{'PTR': 0.2999999999999997, 'HRG': 0.0026195506518622426, 'PM': 8.86452371359452e-18, 'V': 0.17859778512631302, 'MRK': 1.65702154039827e-16, 'GE': 0.0, 'CMCSA': 6.103373641921967e-17, 'VZ': 0.218782664221825, 'AEP': 0.2999999999999999}",[],[],5,100000.0,853,True,False,42,/mnt/primary/simulation/trained_models_multiclass_meta,12,12,0.2,0.3,200,5,60,1.0,0.0001,0.3,True,True,0.3,0.7,0.3,0.5,0.5,0.1,3,100.0,0.5,"[[0.08, 0.6], [0.15, 0.35]]",meta_emotion,nlp,0.1259823649942869,GRU,6,coral,20,128,128,2,0.3,0.3,0.0005466347365856,0.0003650001848317,64,50,10,0.0041366748730481,5,0.8,5,0.1411251559858494,0.7276744145783006,1.793808725179512,21,0.2057532757859396,0.7138661773078487,21,0.0647282490194046,4
2017-07-27,30517.403328906716,30517.403328906716,101724.67776302235,101724.67776302235,0.0,0.0,0,MPT_ONLY,30517.403328906705,0.0,True,False,"{'PTR': 0.2999999999999998, 'REX': 0.2621431068806892, 'UN': 0.0, 'V': 0.27852577302587467, 'JNJ': 2.2395777355155132e-17, 'DHR': 0.0, 'PCLN': 0.0, 'VZ': 0.1593311200934364, 'NEE': 0.0}",[],[],5,100000.0,853,True,False,42,/mnt/primary/simulation/trained_models_multiclass_meta,12,12,0.2,0.3,200,5,60,1.0,0.0001,0.3,True,True,0.3,0.7,0.3,0.5,0.5,0.1,3,100.0,0.5,"[[0.08, 0.6], [0.15, 0.35]]",meta_emotion,nlp,0.1259823649942869,GRU,6,coral,20,128,128,2,0.3,0.3,0.0005466347365856,0.0003650001848317,64,50,10,0.0041366748730481,5,0.8,5,0.1411251559858494,0.7276744145783006,1.793808725179512,21,0.2057532757859396,0.7138661773078487,21,0.0647282490194046,4
2017-07-28,61530.388663601814,30927.912707547923,102287.1958168326,102287.19581683258,562.518053810235,0.00552980914936585,0,MPT_ONLY,30686.158745049775,30602.475956053884,True,False,"{'SLB': 0.0, 'REX': 0.2999999999999999, 'UN': 0.2998653688598159, 'WFC': 8.051726224502559e-17, 'JNJ': 1.630578975788808e-17, 'DHR': 0.0027270532519613044, 'PCLN': 0.08157929718432323, 'TSM': 0.29999999999999966, 'NEE': 0.01582828070389996}","[{'date': Timestamp('2017-07-21 00:00:00'), 'exit_date': Timestamp('2017-07-28 00:00:00'), 'ticker': 'VZ', 'sector': 'Technology', 'allocated_amount': 9149.34255669143, 'prob_up': 0.9830843806266785, 'expected_rise': 0.006439939606934786, 'actual_return': 0.08387969703820941, 'pnl': 767.4440817540735, 'exit_reason': 'scheduled'}, {'date': Timestamp('2017-07-21 00:00:00'), 'exit_date': Timestamp('2017-07-28 00:00:00'), 'ticker': 'AEP', 'sector': 'Utilities', 'allocated_amount': 9149.342556691428, 'prob_up': 0.9234799146652222, 'expected_rise': 0.005797559395432472, 'actual_return': 0.006430365543139693, 'pnl': 58.833617118930185, 'exit_reason': 'scheduled'}, {'date': Timestamp('2017-07-21 00:00:00'), 'exit_date': Timestamp('2017-07-28 00:00:00'), 'ticker': 'HRG', 'sector': 'Conglomerates', 'allocated_amount': 9149.34255669143, 'prob_up': 0.8630292415618896, 'expected_rise': 0.005735474172979593, 'actual_return': -0.0391479539926336, 'pnl': -358.1780414722008, 'exit_reason': 'scheduled'}, {'date': Timestamp('2017-07-21 00:00:00'), 'exit_date': Timestamp('2017-07-28 00:00:00'), 'ticker': 'PCLN', 'sector': 'Services', 'allocated_amount': 2097.702397867234, 'prob_up': 0.7683348655700684, 'expected_rise': 0.0037658624351024628, 'actual_return': 0.014622382076537654, 'pnl': 30.673405944483903, 'exit_reason': 'scheduled'}, {'date': Timestamp('2017-07-21 00:00:00'), 'exit_date': Timestamp('2017-07-28 00:00:00'), 'ticker': 'CAT', 'sector': 'Industrial Goods', 'allocated_amount': 904.7372129433352, 'prob_up': 0.6459732055664062, 'expected_rise': 0.0034992159344255924, 'actual_return': 0.07045691229784823, 'pnl': 63.7449904649482, 'exit_reason': 'scheduled'}]","[{'ticker': 'UN', 'sector': 'Consumer Goods', 'prob_up': 0.9650492072105408, 'predicted_prob': 0.9650492072105408, 'expected_rise': 0.005272033624351025, 'bucket_idx': 5, 'investment_fraction': 0.1, 'investment_amount': 9201.716310975216, 'allocated_amount': 9201.716310975216, 'exit_date': Timestamp('2017-08-04 00:00:00')}, {'ticker': 'PCLN', 'sector': 'Services', 'prob_up': 0.7498310208320618, 'predicted_prob': 0.7498310208320618, 'expected_rise': 0.003458870342001319, 'bucket_idx': 5, 'investment_fraction': 0.1, 'investment_amount': 2503.355263707735, 'allocated_amount': 2503.355263707735, 'exit_date': Timestamp('2017-08-04 00:00:00')}, {'ticker': 'TSM', 'sector': 'Technology', 'prob_up': 0.7196529507637024, 'predicted_prob': 0.7196529507637024, 'expected_rise': 0.006031505763530731, 'bucket_idx': 5, 'investment_fraction': 0.0933900877020516, 'investment_amount': 9205.847623514923, 'allocated_amount': 9205.847623514923, 'exit_date': Timestamp('2017-08-04 00:00:00')}, {'ticker': 'REX', 'sector': 'Conglomerates', 'prob_up': 0.5860538482666016, 'predicted_prob': 0.5860538482666016, 'expected_rise': 0.005588795989751816, 'bucket_idx': 5, 'investment_fraction': 0.04460528476202751, 'investment_amount': 9205.847623514928, 'allocated_amount': 9205.847623514928, 'exit_date': Timestamp('2017-08-04 00:00:00')}, {'ticker': 'NEE', 'sector': 'Utilities', 'prob_up': 0.549818217754364, 'predicted_prob': 0.549818217754364, 'expected_rise': 0.002866970142349601, 'bucket_idx': 5, 'investment_fraction': 0.020519599262903733, 'investment_amount': 485.70913434108235, 'allocated_amount': 485.70913434108235, 'exit_date': Timestamp('2017-08-04 00:00:00')}]",5,100000.0,853,True,False,42,/mnt/primary/simulation/trained_models_multiclass_meta,12,12,0.2,0.3,200,5,60,1.0,0.0001,0.3,True,True,0.3,0.7,0.3,0.5,0.5,0.1,3,100.0,0.5,"[[0.08, 0.6], [0.15, 0.35]]",meta_emotion,nlp,0.1259823649942869,GRU,6,coral,20,128,128,2,0.3,0.3,0.0005466347365856,0.0003650001848317,64,50,10,0.0041366748730481,5,0.8,5,0.1411251559858494,0.7276744145783006,1.793808725179512,21,0.2057532757859396,0.7138661773078487,21,0.0647282490194046,4
2017-07-31,61900.215791095834,31081.222232339103,102902.2546428429,102902.2546428429,615.0588260103298,0.0060130578524384415,0,MPT_ONLY,30870.67639285287,30818.993558756727,True,False,"{'SLB': 0.0, 'REX': 0.0474725421523782, 'PM': 0.0, 'V': 0.30000000000000016, 'MRK': 0.0, 'GE': 0.050853285457018685, 'PCLN': 0.0016741723906026275, 'VZ': 0.30000000000000016, 'AEP': 0.30000000000000016}","[{'date': Timestamp('2017-07-24 00:00:00'), 'exit_date': Timestamp('2017-07-31 00:00:00'), 'ticker': 'PTR', 'sector': 'Basic Matierials', 'allocated_amount': 9149.344230015173, 'prob_up': 0.9965499639511108, 'expected_rise': 0.011160839349031448, 'actual_return': 0.029969727403156288, 'pnl': 274.2033524911956, 'exit_reason': 'scheduled'}, {'date': Timestamp('2017-07-24 00:00:00'), 'exit_date': Timestamp('2017-07-31 00:00:00'), 'ticker': 'UN', 'sector': 'Consumer Goods', 'allocated_amount': 2554.954829996826, 'prob_up': 0.950595498085022, 'expected_rise': 0.005100560374557972, 'actual_return': 0.009720482386383011, 'pnl': 24.83539342298835, 'exit_reason': 'scheduled'}, {'date': Timestamp('2017-07-24 00:00:00'), 'exit_date': Timestamp('2017-07-31 00:00:00'), 'ticker': 'NEE', 'sector': 'Utilities', 'allocated_amount': 494.82658000822903, 'prob_up': 0.7768425345420837, 'expected_rise': 0.004760828800499439, 'actual_return': 0.020537912142699843, 'pnl': 10.162704826081642, 'exit_reason': 'scheduled'}, {'date': Timestamp('2017-07-24 00:00:00'), 'exit_date': Timestamp('2017-07-31 00:00:00'), 'ticker': 'TSM', 'sector': 'Technology', 'allocated_amount': 9149.344230015173, 'prob_up': 0.7345373630523682, 'expected_rise': 0.006077201571315527, 'actual_return': -0.007178409520198548, 'pnl': -65.67773972431456, 'exit_reason': 'scheduled'}, {'date': Timestamp('2017-07-24 00:00:00'), 'exit_date': Timestamp('2017-07-31 00:00:00'), 'ticker': 'REX', 'sector': 'Conglomerates', 'allocated_amount': 9008.774387502192, 'prob_up': 0.6766921877861023, 'expected_rise': 0.007167575415223837, 'actual_return': 0.041241471815500974, 'pnl': 371.53511499437866, 'exit_reason': 'scheduled'}]","[{'ticker': 'AEP', 'sector': 'Utilities', 'prob_up': 0.9980204105377197, 'predicted_prob': 0.9980204105377197, 'expected_rise': 0.006469256244599819, 'bucket_idx': 5, 'investment_fraction': 0.1, 'investment_amount': 9261.202917855866, 'allocated_amount': 9261.202917855866, 'exit_date': Timestamp('2017-08-07 00:00:00')}, {'ticker': 'VZ', 'sector': 'Technology', 'prob_up': 0.9626114368438721, 'predicted_prob': 0.9626114368438721, 'expected_rise': 0.005920628551393747, 'bucket_idx': 5, 'investment_fraction': 0.1, 'investment_amount': 9261.202917855866, 'allocated_amount': 9261.202917855866, 'exit_date': Timestamp('2017-08-07 00:00:00')}, {'ticker': 'GE', 'sector': 'Industrial Goods', 'prob_up': 0.9481675624847412, 'predicted_prob': 0.9481675624847412, 'expected_rise': 0.0038675384130328894, 'bucket_idx': 5, 'investment_fraction': 0.1, 'investment_amount': 1569.875318856995, 'allocated_amount': 1569.875318856995, 'exit_date': Timestamp('2017-08-07 00:00:00')}, {'ticker': 'V', 'sector': 'Financial', 'prob_up': 0.9176057577133179, 'predicted_prob': 0.9176057577133179, 'expected_rise': 0.007815548218786716, 'bucket_idx': 5, 'investment_fraction': 0.1, 'investment_amount': 9261.202917855866, 'allocated_amount': 9261.202917855866, 'exit_date': Timestamp('2017-08-07 00:00:00')}, {'ticker': 'REX', 'sector': 'Conglomerates', 'prob_up': 0.48526012897491455, 'predicted_prob': 0.48526012897491455, 'expected_rise': 0.0038532395847141743, 'bucket_idx': 0, 'investment_fraction': 0.006730773716864646, 'investment_amount': 1465.5094863321344, 'allocated_amount': 1465.5094863321344, 'exit_date': Timestamp('2017-08-07 00:00:00')}]",5,100000.0,853,True,False,42,/mnt/primary/simulation/trained_models_multiclass_meta,12,12,0.2,0.3,200,5,60,1.0,0.0001,0.3,True,True,0.3,0.7,0.3,0.5,0.5,0.1,3,100.0,0.5,"[[0.08, 0.6], [0.15, 0.35]]",meta_emotion,nlp,0.1259823649942869,GRU,6,coral,20,128,128,2,0.3,0.3,0.0005466347365856,0.0003650001848317,64,50,10,0.0041366748730481,5,0.8,5,0.1411251559858494,0.7276744145783006,1.793808725179512,21,0.2057532757859396,0.7138661773078487,21,0.0647282490194046,4
2017-08-01,41856.43353087619,30983.37091370605,103277.9030456868,103277.9030456868,375.6484028438856,0.0036505361728731422,0,MPT_ONLY,30983.37091370604,10873.06261717013,True,False,"{'PTR': 0.29999999999999993, 'HRG': 0.0, 'PM': 4.190639274609043e-17, 'V': 0.29999999999999993, 'MRK': 5.810703914071838e-17, 'GE': 0.0, 'CMCSA': 0.0, 'VZ': 0.15849079624047233, 'AEP': 0.24150920375952772}","[{'date': Timestamp('2017-07-25 00:00:00'), 'exit_date': Timestamp('2017-08-01 00:00:00'), 'ticker': 'AEP', 'sector': 'Utilities', 'allocated_amount': 9155.220998672012, 'prob_up': 0.9869470596313477, 'expected_rise': 0.006367713678628206, 'actual_return': 0.0258571630364417, 'pnl': 236.7280419973168, 'exit_reason': 'scheduled'}, {'date': Timestamp('2017-07-25 00:00:00'), 'exit_date': Timestamp('2017-08-01 00:00:00'), 'ticker': 'VZ', 'sector': 'Technology', 'allocated_amount': 1244.3418970211787, 'prob_up': 0.9763205647468567, 'expected_rise': 0.006262324750423431, 'actual_return': 0.11164163256025472, 'pnl': 138.92036084656877, 'exit_reason': 'scheduled'}]","[{'ticker': 'AEP', 'sector': 'Utilities', 'prob_up': 0.9984941482543945, 'predicted_prob': 0.9984941482543945, 'expected_rise': 0.006473612505942583, 'bucket_idx': 5, 'investment_fraction': 0.1, 'investment_amount': 7482.769239155256, 'allocated_amount': 7482.769239155256, 'exit_date': Timestamp('2017-08-08 00:00:00')}, {'ticker': 'PTR', 'sector': 'Basic Matierials', 'prob_up': 0.9969390630722046, 'predicted_prob': 0.9969390630722046, 'expected_rise': 0.011183547787368298, 'bucket_idx': 5, 'investment_fraction': 0.1, 'investment_amount': 9295.01127411181, 'allocated_amount': 3390.293378014874, 'exit_date': Timestamp('2017-08-08 00:00:00')}]",5,100000.0,853,True,False,42,/mnt/primary/simulation/trained_models_multiclass_meta,12,12,0.2,0.3,200,5,60,1.0,0.0001,0.3,True,True,0.3,0.7,0.3,0.5,0.5,0.1,3,100.0,0.5,"[[0.08, 0.6], [0.15, 0.35]]",meta_emotion,nlp,0.1259823649942869,GRU,6,coral,20,128,128,2,0.3,0.3,0.0005466347365856,0.0003650001848317,64,50,10,0.0041366748730481,5,0.8,5,0.1411251559858494,0.7276744145783006,1.793808725179512,21,0.2057532757859396,0.7138661773078487,21,0.0647282490194046,4
2017-08-02,30983.37091370605,30983.37091370605,103277.9030456868,103277.9030456868,0.0,0.0,0,MPT_ONLY,30983.37091370604,0.0,True,False,"{'PTR': 0.2999999999999998, 'HRG': 0.180502057797584, 'UN': 0.22662964510976474, 'WFC': 5.818707336040449e-17, 'MRK': 0.0, 'CAT': 0.0, 'PCLN': 0.0, 'TSM': 0.2928682970926514, 'NGG': 7.385727757724547e-17}",[],[],5,100000.0,853,True,False,42,/mnt/primary/simulation/trained_models_multiclass_meta,12,12,0.2,0.3,200,5,60,1.0,0.0001,0.3,True,True,0.3,0.7,0.3,0.5,0.5,0.1,3,100.0,0.5,"[[0.08, 0.6], [0.15, 0.35]]",meta_emotion,nlp,0.1259823649942869,GRU,6,coral,20,128,128,2,0.3,0.3,0.0005466347365856,0.0003650001848317,64,50,10,0.0041366748730481,5,0.8,5,0.1411251559858494,0.7276744145783006,1.793808725179512,21,0.2057532757859396,0.7138661773078487,21,0.0647282490194046,4
2017-08-03,30983.37091370605,30983.37091370605,103277.9030456868,103277.9030456868,0.0,0.0,0,MPT_ONLY,30983.37091370604,0.0,True,False,"{'SLB': 1.2020188079064538e-16, 'HRG': 0.21369734560881995, 'PM': 0.0, 'V': 0.2999999999999999, 'MRK': 4.8614823844993924e-17, 'CAT': 7.28583859910259e-17, 'DIS': 1.1391061397918808e-17, 'INTC': 0.29999999999999993, 'EXC': 0.18630265439118004}",[],[],5,100000.0,853,True,False,42,/mnt/primary/simulation/trained_models_multiclass_meta,12,12,0.2,0.3,200,5,60,1.0,0.0001,0.3,True,True,0.3,0.7,0.3,0.5,0.5,0.1,3,100.0,0.5,"[[0.08, 0.6], [0.15, 0.35]]",meta_emotion,nlp,0.1259823649942869,GRU,6,coral,20,128,128,2,0.3,0.3,0.0005466347365856,0.0003650001848317,64,50,10,0.0041366748730481,5,0.8,5,0.1411251559858494,0.7276744145783006,1.793808725179512,21,0.2057532757859396,0.7138661773078487,21,0.0647282490194046,4
2017-08-04,61415.6400959498,30932.308881563004,103107.69627187666,103107.69627187664,-170.20677381013752,-0.001648046375756218,0,MPT_ONLY,30932.308881562996,30483.33121438678,True,False,"{'BBL': 0.0, 'HRG': 0.17988388923465173, 'UN': 0.2342854583119928, 'MA': 0.0, 'MRK': 0.0, 'CAT': 0.0, 'PCLN': 0.0, 'TSM': 0.2858306524533556, 'AEP': 0.29999999999999977}","[{'date': Timestamp('2017-07-28 00:00:00'), 'exit_date': Timestamp('2017-08-04 00:00:00'), 'ticker': 'UN', 'sector': 'Consumer Goods', 'allocated_amount': 9201.716310975216, 'prob_up': 0.9650492072105408, 'expected_rise': 0.005272033624351025, 'actual_return': 0.0029289799633187563, 'pnl': 26.95164270298979, 'exit_reason': 'scheduled'}, {'date': Timestamp('2017-07-28 00:00:00'), 'exit_date': Timestamp('2017-08-04 00:00:00'), 'ticker': 'PCLN', 'sector': 'Services', 'allocated_amount': 2503.355263707735, 'prob_up': 0.7498310208320618, 'expected_rise': 0.003458870342001319, 'actual_return': 0.004303212723985705, 'pnl': 10.772470223443717, 'exit_reason': 'scheduled'}, {'date': Timestamp('2017-07-28 00:00:00'), 'exit_date': Timestamp('2017-08-04 00:00:00'), 'ticker': 'TSM', 'sector': 'Technology', 'allocated_amount': 9205.847623514923, 'prob_up': 0.7196529507637024, 'expected_rise': 0.006031505763530731, 'actual_return': 0.004740602210245415, 'pnl': 43.641261591217344, 'exit_reason': 'scheduled'}, {'date': Timestamp('2017-07-28 00:00:00'), 'exit_date': Timestamp('2017-08-04 00:00:00'), 'ticker': 'REX', 'sector': 'Conglomerates', 'allocated_amount': 9205.847623514928, 'prob_up': 0.5860538482666016, 'expected_rise': 0.005588795989751816, 'actual_return': -0.02792004619865407, 'pnl': -257.02769094630656, 'exit_reason': 'scheduled'}, {'date': Timestamp('2017-07-28 00:00:00'), 'exit_date': Timestamp('2017-08-04 00:00:00'), 'ticker': 'NEE', 'sector': 'Utilities', 'allocated_amount': 485.70913434108235, 'prob_up': 0.549818217754364, 'expected_rise': 0.002866970142349601, 'actual_return': 0.01123211863396234, 'pnl': 5.455542618518189, 'exit_reason': 'scheduled'}]","[{'ticker': 'AEP', 'sector': 'Utilities', 'prob_up': 0.9962702989578247, 'predicted_prob': 0.9962702989578247, 'expected_rise': 0.006453170906752348, 'bucket_idx': 5, 'investment_fraction': 0.1, 'investment_amount': 9279.692664468892, 'allocated_amount': 9279.692664468892, 'exit_date': Timestamp('2017-08-11 00:00:00')}, {'ticker': 'UN', 'sector': 'Consumer Goods', 'prob_up': 0.9751836657524109, 'predicted_prob': 0.9751836657524109, 'expected_rise': 0.0053962282836437225, 'bucket_idx': 5, 'investment_fraction': 0.1, 'investment_amount': 7246.990162965112, 'allocated_amount': 7246.990162965112, 'exit_date': Timestamp('2017-08-11 00:00:00')}, {'ticker': 'HRG', 'sector': 'Conglomerates', 'prob_up': 0.7824284434318542, 'predicted_prob': 0.7824284434318542, 'expected_rise': 0.004983493592590094, 'bucket_idx': 5, 'investment_fraction': 0.1, 'investment_amount': 5564.224024623112, 'allocated_amount': 5564.224024623112, 'exit_date': Timestamp('2017-08-11 00:00:00')}, {'ticker': 'TSM', 'sector': 'Technology', 'prob_up': 0.664330244064331, 'predicted_prob': 0.664330244064331, 'expected_rise': 0.00584315275773406, 'bucket_idx': 5, 'investment_fraction': 0.07265125869880301, 'investment_amount': 8841.402029505878, 'allocated_amount': 8392.424362329664, 'exit_date': Timestamp('2017-08-11 00:00:00')}]",5,100000.0,853,True,False,42,/mnt/primary/simulation/trained_models_multiclass_meta,12,12,0.2,0.3,200,5,60,1.0,0.0001,0.3,True,True,0.3,0.7,0.3,0.5,0.5,0.1,3,100.0,0.5,"[[0.08, 0.6], [0.15, 0.35]]",meta_emotion,nlp,0.1259823649942869,GRU,6,coral,20,128,128,2,0.3,0.3,0.0005466347365856,0.0003650001848317,64,50,10,0.0041366748730481,5,0.8,5,0.1411251559858494,0.7276744145783006,1.793808725179512,21,0.2057532757859396,0.7138661773078487,21,0.0647282490194046,4
2017-08-07,62089.7533205551,31055.909174921504,103446.14715211201,103446.14715211201,338.4508802353763,0.003282498712248616,0,MPT_ONLY,31033.8441456336,31033.844145633597,True,False,"{'PTR': 0.29999999999999993, 'REX': 0.30000000000000016, 'AAPL': 8.061733192738919e-17, 'MA': 7.375399657299587e-17, 'MRK': 0.0, 'GE': 0.08987985367905599, 'DIS': 2.9517754181336226e-17, 'TSM': 0.30000000000000016, 'SO': 0.010120146320943659}","[{'date': Timestamp('2017-07-31 00:00:00'), 'exit_date': Timestamp('2017-08-07 00:00:00'), 'ticker': 'AEP', 'sector': 'Utilities', 'allocated_amount': 9261.202917855866, 'prob_up': 0.9980204105377197, 'expected_rise': 0.006469256244599819, 'actual_return': 0.012049872241992166, 'pnl': 111.59631196732825, 'exit_reason': 'scheduled'}, {'date': Timestamp('2017-07-31 00:00:00'), 'exit_date': Timestamp('2017-08-07 00:00:00'), 'ticker': 'VZ', 'sector': 'Technology', 'allocated_amount': 9261.202917855866, 'prob_up': 0.9626114368438721, 'expected_rise': 0.005920628551393747, 'actual_return': 0.00950411117751604, 'pnl': 88.01950216883809, 'exit_reason': 'scheduled'}, {'date': Timestamp('2017-07-31 00:00:00'), 'exit_date': Timestamp('2017-08-07 00:00:00'), 'ticker': 'GE', 'sector': 'Industrial Goods', 'allocated_amount': 1569.875318856995, 'prob_up': 0.9481675624847412, 'expected_rise': 0.0038675384130328894, 'actual_return': 0.0007808668183963974, 'pnl': 1.2258635455148914, 'exit_reason': 'scheduled'}, {'date': Timestamp('2017-07-31 00:00:00'), 'exit_date': Timestamp('2017-08-07 00:00:00'), 'ticker': 'V', 'sector': 'Financial', 'allocated_amount': 9261.202917855866, 'prob_up': 0.9176057577133179, 'expected_rise': 0.007815548218786716, 'actual_return': 0.01938529568873637, 'pnl': 179.531156996024, 'exit_reason': 'scheduled'}, {'date': Timestamp('2017-07-31 00:00:00'), 'exit_date': Timestamp('2017-08-07 00:00:00'), 'ticker': 'REX', 'sector': 'Conglomerates', 'allocated_amount': 1465.5094863321344, 'prob_up': 0.48526012897491455, 'expected_rise': 0.0038532395847141743, 'actual_return': -0.028605720285885594, 'pnl': -41.92195444232892, 'exit_reason': 'scheduled'}]","[{'ticker': 'PTR', 'sector': 'Basic Matierials', 'prob_up': 0.9955518841743469, 'predicted_prob': 0.9955518841743469, 'expected_rise': 0.011102900840342045, 'bucket_idx': 5, 'investment_fraction': 0.1, 'investment_amount': 9310.153243690078, 'allocated_amount': 9310.153243690078, 'exit_date': Timestamp('2017-08-14 00:00:00')}, {'ticker': 'GE', 'sector': 'Industrial Goods', 'prob_up': 0.9668673872947693, 'predicted_prob': 0.9668673872947693, 'expected_rise': 0.004098286386579275, 'bucket_idx': 5, 'investment_fraction': 0.1, 'investment_amount': 2789.317370908176, 'allocated_amount': 2789.317370908176, 'exit_date': Timestamp('2017-08-14 00:00:00')}, {'ticker': 'SO', 'sector': 'Utilities', 'prob_up': 0.747512936592102, 'predicted_prob': 0.747512936592102, 'expected_rise': 0.0033776802010834217, 'bucket_idx': 5, 'investment_fraction': 0.09773782347641671, 'investment_amount': 314.06704365517277, 'allocated_amount': 314.06704365517277, 'exit_date': Timestamp('2017-08-14 00:00:00')}, {'ticker': 'TSM', 'sector': 'Technology', 'prob_up': 0.6576052904129028, 'predicted_prob': 0.6576052904129028, 'expected_rise': 0.005818269681185484, 'bucket_idx': 5, 'investment_fraction': 0.0700032009898128, 'investment_amount': 9310.153243690085, 'allocated_amount': 9310.153243690085, 'exit_date': Timestamp('2017-08-14 00:00:00')}, {'ticker': 'REX', 'sector': 'Conglomerates', 'prob_up': 0.6212867498397827, 'predicted_prob': 0.6212867498397827, 'expected_rise': 0.006193660199642181, 'bucket_idx': 5, 'investment_fraction': 0.057839100906924526, 'investment_amount': 9310.153243690085, 'allocated_amount': 9310.153243690085, 'exit_date': Timestamp('2017-08-14 00:00:00')}]",5,100000.0,853,True,False,42,/mnt/primary/simulation/trained_models_multiclass_meta,12,12,0.2,0.3,200,5,60,1.0,0.0001,0.3,True,True,0.3,0.7,0.3,0.5,0.5,0.1,3,100.0,0.5,"[[0.08, 0.6], [0.15, 0.35]]",meta_emotion,nlp,0.1259823649942869,GRU,6,coral,20,128,128,2,0.3,0.3,0.0005466347365856,0.0003650001848317,64,50,10,0.0041366748730481,5,0.8,5,0.1411251559858494,0.7276744145783006,1.793808725179512,21,0.2057532757859396,0.7138661773078487,21,0.0647282490194046,4
2017-08-08,41978.1117930418,31048.586145918656,103495.28715306218,103495.28715306218,49.140000950155894,0.0004750297841242812,0,MPT_ONLY,31048.586145918653,10929.525647123135,True,False,"{'PTR': 0.29999999999999954, 'REX': 0.2999999999999996, 'AAPL': 1.7213607960174585e-16, 'V': 0.29999999999999993, 'JNJ': 1.6933749616368155e-16, 'GE': 0.0, 'AMZN': 2.764019653580585e-17, 'VZ': 7.27621504499348e-17, 'AEP': 0.10000000000000067}","[{'date': Timestamp('2017-08-01 00:00:00'), 'exit_date': Timestamp('2017-08-08 00:00:00'), 'ticker': 'AEP', 'sector': 'Utilities', 'allocated_amount': 7482.769239155256, 'prob_up': 0.9984941482543945, 'expected_rise': 0.006473612505942583, 'actual_return': 0.010336943769317042, 'pnl': 77.34896486392314, 'exit_reason': 'scheduled'}, {'date': Timestamp('2017-08-01 00:00:00'), 'exit_date': Timestamp('2017-08-08 00:00:00'), 'ticker': 'PTR', 'sector': 'Basic Matierials', 'allocated_amount': 3390.293378014874, 'prob_up': 0.9969390630722046, 'expected_rise': 0.011183547787368298, 'actual_return': -0.008320508218166212, 'pnl': -28.208963913767246, 'exit_reason': 'scheduled'}]","[{'ticker': 'PTR', 'sector': 'Basic Matierials', 'prob_up': 0.9950618147850037, 'predicted_prob': 0.9950618147850037, 'expected_rise': 0.011074608191847801, 'bucket_idx': 5, 'investment_fraction': 0.1, 'investment_amount': 9314.575843775581, 'allocated_amount': 9314.575843775581, 'exit_date': Timestamp('2017-08-15 00:00:00')}, {'ticker': 'V', 'sector': 'Financial', 'prob_up': 0.9679604768753052, 'predicted_prob': 0.9679604768753052, 'expected_rise': 0.008758081123232841, 'bucket_idx': 5, 'investment_fraction': 0.1, 'investment_amount': 9314.575843775594, 'allocated_amount': 1614.9498033475538, 'exit_date': Timestamp('2017-08-15 00:00:00')}]",5,100000.0,853,True,False,42,/mnt/primary/simulation/trained_models_multiclass_meta,12,12,0.2,0.3,200,5,60,1.0,0.0001,0.3,True,True,0.3,0.7,0.3,0.5,0.5,0.1,3,100.0,0.5,"[[0.08, 0.6], [0.15, 0.35]]",meta_emotion,nlp,0.1259823649942869,GRU,6,coral,20,128,128,2,0.3,0.3,0.0005466347365856,0.0003650001848317,64,50,10,0.0041366748730481,5,0.8,5,0.1411251559858494,0.7276744145783006,1.793808725179512,21,0.2057532757859396,0.7138661773078487,21,0.0647282490194046,4
2017-08-09,31048.586145918656,31048.586145918656,103495.28715306218,103495.28715306218,0.0,0.0,0,MPT_ONLY,31048.586145918653,0.0,True,False,"{'PTR': 0.29999999999999993, 'HRG': 0.08114952225369862, 'AAPL': 0.0, 'V': 0.2999999999999998, 'CELG': 0.0, 'GE': 0.0, 'AMZN': 0.018850477746301653, 'INTC': 0.29999999999999993, 'SO': 6.259460542482977e-17}",[],[],5,100000.0,853,True,False,42,/mnt/primary/simulation/trained_models_multiclass_meta,12,12,0.2,0.3,200,5,60,1.0,0.0001,0.3,True,True,0.3,0.7,0.3,0.5,0.5,0.1,3,100.0,0.5,"[[0.08, 0.6], [0.15, 0.35]]",meta_emotion,nlp,0.1259823649942869,GRU,6,coral,20,128,128,2,0.3,0.3,0.0005466347365856,0.0003650001848317,64,50,10,0.0041366748730481,5,0.8,5,0.1411251559858494,0.7276744145783006,1.793808725179512,21,0.2057532757859396,0.7138661773078487,21,0.0647282490194046,4
2017-08-10,31048.586145918656,31048.586145918656,103495.28715306218,103495.28715306218,0.0,0.0,0,MPT_ONLY,31048.586145918653,0.0,True,False,"{'SLB': 3.496845229702316e-17, 'REX': 0.3, 'PM': 4.095981832537745e-17, 'WFC': 5.00552828754991e-17, 'MRK': 0.0, 'DHR': 0.16063569181672632, 'AMZN': 0.09238853220019227, 'MSFT': 0.14697577598308123, 'EXC': 0.3}",[],[],5,100000.0,853,True,False,42,/mnt/primary/simulation/trained_models_multiclass_meta,12,12,0.2,0.3,200,5,60,1.0,0.0001,0.3,True,True,0.3,0.7,0.3,0.5,0.5,0.1,3,100.0,0.5,"[[0.08, 0.6], [0.15, 0.35]]",meta_emotion,nlp,0.1259823649942869,GRU,6,coral,20,128,128,2,0.3,0.3,0.0005466347365856,0.0003650001848317,64,50,10,0.0041366748730481,5,0.8,5,0.1411251559858494,0.7276744145783006,1.793808725179512,21,0.2057532757859396,0.7138661773078487,21,0.0647282490194046,4
2017-08-11,61365.33582156362,30998.611684296106,103328.70561432035,103328.70561432035,-166.58153874181755,-0.0016095567568740199,0,MPT_ONLY,30998.611684296106,30366.724137267516,True,False,"{'PTR': 0.29999999999999977, 'REX': 0.0, 'PM': 1.2759022797678112e-16, 'V': 0.23166448839688983, 'JNJ': 0.0, 'DHR': 0.0, 'UPS': 8.236431793363364e-17, 'INTC': 0.2525231520649728, 'EXC': 0.21581235953813743}","[{'date': Timestamp('2017-08-04 00:00:00'), 'exit_date': Timestamp('2017-08-11 00:00:00'), 'ticker': 'AEP', 'sector': 'Utilities', 'allocated_amount': 9279.692664468892, 'prob_up': 0.9962702989578247, 'expected_rise': 0.006453170906752348, 'actual_return': -0.004514658768961399, 'pnl': -41.894645860911254, 'exit_reason': 'scheduled'}, {'date': Timestamp('2017-08-04 00:00:00'), 'exit_date': Timestamp('2017-08-11 00:00:00'), 'ticker': 'UN', 'sector': 'Consumer Goods', 'allocated_amount': 7246.990162965112, 'prob_up': 0.9751836657524109, 'expected_rise': 0.0053962282836437225, 'actual_return': -0.00429479478259398, 'pnl': -31.124335541412464, 'exit_reason': 'scheduled'}, {'date': Timestamp('2017-08-04 00:00:00'), 'exit_date': Timestamp('2017-08-11 00:00:00'), 'ticker': 'HRG', 'sector': 'Conglomerates', 'allocated_amount': 5564.224024623112, 'prob_up': 0.7824284434318542, 'expected_rise': 0.004983493592590094, 'actual_return': -0.02141982864137082, 'pnl': -119.18472512962575, 'exit_reason': 'scheduled'}, {'date': Timestamp('2017-08-04 00:00:00'), 'exit_date': Timestamp('2017-08-11 00:00:00'), 'ticker': 'TSM', 'sector': 'Technology', 'allocated_amount': 8392.424362329664, 'prob_up': 0.664330244064331, 'expected_rise': 0.00584315275773406, 'actual_return': 0.0030530114641413864, 'pnl': 25.62216779013193, 'exit_reason': 'scheduled'}]","[{'ticker': 'PTR', 'sector': 'Basic Matierials', 'prob_up': 0.9934106469154358, 'predicted_prob': 0.9934106469154358, 'expected_rise': 0.010980093851685524, 'bucket_idx': 5, 'investment_fraction': 0.1, 'investment_amount': 9299.583505288825, 'allocated_amount': 9299.583505288825, 'exit_date': Timestamp('2017-08-18 00:00:00')}, {'ticker': 'V', 'sector': 'Financial', 'prob_up': 0.945334255695343, 'predicted_prob': 0.945334255695343, 'expected_rise': 0.008315907791256905, 'bucket_idx': 5, 'investment_fraction': 0.1, 'investment_amount': 7181.2775168563085, 'allocated_amount': 7181.2775168563085, 'exit_date': Timestamp('2017-08-18 00:00:00')}, {'ticker': 'EXC', 'sector': 'Utilities', 'prob_up': 0.9091247916221619, 'predicted_prob': 0.9091247916221619, 'expected_rise': 0.00807095691561699, 'bucket_idx': 5, 'investment_fraction': 0.1, 'investment_amount': 6689.883529994419, 'allocated_amount': 6689.883529994419, 'exit_date': Timestamp('2017-08-18 00:00:00')}, {'ticker': 'INTC', 'sector': 'Technology', 'prob_up': 0.8377805948257446, 'predicted_prob': 0.8377805948257446, 'expected_rise': 0.008612506091594696, 'bucket_idx': 5, 'investment_fraction': 0.1, 'investment_amount': 7827.867132156547, 'allocated_amount': 7195.979585127963, 'exit_date': Timestamp('2017-08-18 00:00:00')}]",5,100000.0,853,True,False,42,/mnt/primary/simulation/trained_models_multiclass_meta,12,12,0.2,0.3,200,5,60,1.0,0.0001,0.3,True,True,0.3,0.7,0.3,0.5,0.5,0.1,3,100.0,0.5,"[[0.08, 0.6], [0.15, 0.35]]",meta_emotion,nlp,0.1259823649942869,GRU,6,coral,20,128,128,2,0.3,0.3,0.0005466347365856,0.0003650001848317,64,50,10,0.0041366748730481,5,0.8,5,0.1411251559858494,0.7276744145783006,1.793808725179512,21,0.2057532757859396,0.7138661773078487,21,0.0647282490194046,4
2017-08-14,61587.24124058807,30865.047307493616,102883.49102497872,102883.49102497872,-445.21458934163775,-0.004308721247350378,0,MPT_ONLY,30865.047307493616,30722.193933094444,True,False,"{'BBL': 5.120672222533793e-17, 'HRG': 0.20946464569747822, 'UN': 0.23321297038359107, 'MA': 2.030985368952931e-16, 'JNJ': 7.215102401411999e-17, 'GE': 5.551115123125783e-17, 'UPS': 4.5777492322405553e-17, 'TSM': 0.25732238391893075, 'EXC': 0.29999999999999966}","[{'date': Timestamp('2017-08-07 00:00:00'), 'exit_date': Timestamp('2017-08-14 00:00:00'), 'ticker': 'PTR', 'sector': 'Basic Matierials', 'allocated_amount': 9310.153243690078, 'prob_up': 0.9955518841743469, 'expected_rise': 0.011102900840342045, 'actual_return': -0.0237872978855721, 'pnl': -221.4633885679812, 'exit_reason': 'scheduled'}, {'date': Timestamp('2017-08-07 00:00:00'), 'exit_date': Timestamp('2017-08-14 00:00:00'), 'ticker': 'GE', 'sector': 'Industrial Goods', 'allocated_amount': 2789.317370908176, 'prob_up': 0.9668673872947693, 'expected_rise': 0.004098286386579275, 'actual_return': -0.010534452225300583, 'pnl': -29.38393058503321, 'exit_reason': 'scheduled'}, {'date': Timestamp('2017-08-07 00:00:00'), 'exit_date': Timestamp('2017-08-14 00:00:00'), 'ticker': 'SO', 'sector': 'Utilities', 'allocated_amount': 314.06704365517277, 'prob_up': 0.747512936592102, 'expected_rise': 0.0033776802010834217, 'actual_return': -0.007346959183673452, 'pnl': -2.3074377506715424, 'exit_reason': 'scheduled'}, {'date': Timestamp('2017-08-07 00:00:00'), 'exit_date': Timestamp('2017-08-14 00:00:00'), 'ticker': 'TSM', 'sector': 'Technology', 'allocated_amount': 9310.153243690085, 'prob_up': 0.6576052904129028, 'expected_rise': 0.005818269681185484, 'actual_return': -0.020114215272785563, 'pnl': -187.26642656620515, 'exit_reason': 'scheduled'}, {'date': Timestamp('2017-08-07 00:00:00'), 'exit_date': Timestamp('2017-08-14 00:00:00'), 'ticker': 'REX', 'sector': 'Conglomerates', 'allocated_amount': 9310.153243690085, 'prob_up': 0.6212867498397827, 'expected_rise': 0.006193660199642181, 'actual_return': -0.0005148578918392488, 'pnl': -4.7934058717466215, 'exit_reason': 'scheduled'}]","[{'ticker': 'UN', 'sector': 'Consumer Goods', 'prob_up': 0.9782919883728027, 'predicted_prob': 0.9782919883728027, 'expected_rise': 0.005435021128505468, 'bucket_idx': 5, 'investment_fraction': 0.1, 'investment_amount': 7198.129363610646, 'allocated_amount': 7198.129363610646, 'exit_date': Timestamp('2017-08-21 00:00:00')}, {'ticker': 'EXC', 'sector': 'Utilities', 'prob_up': 0.9232919812202454, 'predicted_prob': 0.9232919812202454, 'expected_rise': 0.00835906807333231, 'bucket_idx': 5, 'investment_fraction': 0.1, 'investment_amount': 9259.514192248074, 'allocated_amount': 9259.514192248074, 'exit_date': Timestamp('2017-08-21 00:00:00')}, {'ticker': 'HRG', 'sector': 'Conglomerates', 'prob_up': 0.8198529481887817, 'predicted_prob': 0.8198529481887817, 'expected_rise': 0.005321806762367487, 'bucket_idx': 5, 'investment_fraction': 0.1, 'investment_amount': 6465.136198700055, 'allocated_amount': 6465.136198700055, 'exit_date': Timestamp('2017-08-21 00:00:00')}, {'ticker': 'TSM', 'sector': 'Technology', 'prob_up': 0.6028992533683777, 'predicted_prob': 0.6028992533683777, 'expected_rise': 0.005599148105829954, 'bucket_idx': 5, 'investment_fraction': 0.049089510590519185, 'investment_amount': 7942.267552934833, 'allocated_amount': 7799.41417853567, 'exit_date': Timestamp('2017-08-21 00:00:00')}]",5,100000.0,853,True,False,42,/mnt/primary/simulation/trained_models_multiclass_meta,12,12,0.2,0.3,200,5,60,1.0,0.0001,0.3,True,True,0.3,0.7,0.3,0.5,0.5,0.1,3,100.0,0.5,"[[0.08, 0.6], [0.15, 0.35]]",meta_emotion,nlp,0.1259823649942869,GRU,6,coral,20,128,128,2,0.3,0.3,0.0005466347365856,0.0003650001848317,64,50,10,0.0041366748730481,5,0.8,5,0.1411251559858494,0.7276744145783006,1.793808725179512,21,0.2057532757859396,0.7138661773078487,21,0.0647282490194046,4
2017-08-15,41490.4653473753,30773.815025321182,102579.38341773726,102579.38341773726,-304.10760724145393,-0.002955844559819898,0,MPT_ONLY,30773.81502532118,10716.650322054118,True,False,"{'PTR': 0.3000000000000001, 'HRG': 0.2999999999999997, 'AAPL': 0.0, 'MA': 1.714550097898481e-17, 'MDT': 9.825016840950419e-17, 'GE': 0.011650554470697374, 'UPS': 3.4487324348511464e-17, 'INTC': 0.3000000000000001, 'PCG': 0.08834944552930274}","[{'date': Timestamp('2017-08-08 00:00:00'), 'exit_date': Timestamp('2017-08-15 00:00:00'), 'ticker': 'PTR', 'sector': 'Basic Matierials', 'allocated_amount': 9314.575843775581, 'prob_up': 0.9950618147850037, 'expected_rise': 0.011074608191847801, 'actual_return': -0.03495960169422618, 'pnl': -325.6338614490551, 'exit_reason': 'scheduled'}, {'date': Timestamp('2017-08-08 00:00:00'), 'exit_date': Timestamp('2017-08-15 00:00:00'), 'ticker': 'V', 'sector': 'Financial', 'allocated_amount': 1614.9498033475538, 'prob_up': 0.9679604768753052, 'expected_rise': 0.008758081123232841, 'actual_return': 0.013329364270629585, 'pnl': 21.52625420760116, 'exit_reason': 'scheduled'}]","[{'ticker': 'PTR', 'sector': 'Basic Matierials', 'prob_up': 0.9924276471138, 'predicted_prob': 0.9924276471138, 'expected_rise': 0.01092438492923975, 'bucket_idx': 5, 'investment_fraction': 0.1, 'investment_amount': 9232.144507596357, 'allocated_amount': 9232.144507596357, 'exit_date': Timestamp('2017-08-22 00:00:00')}, {'ticker': 'GE', 'sector': 'Industrial Goods', 'prob_up': 0.9473703503608704, 'predicted_prob': 0.9473703503608704, 'expected_rise': 0.0038579723332077265, 'bucket_idx': 5, 'investment_fraction': 0.1, 'investment_amount': 358.53200822366966, 'allocated_amount': 358.53200822366966, 'exit_date': Timestamp('2017-08-22 00:00:00')}, {'ticker': 'INTC', 'sector': 'Technology', 'prob_up': 0.851711094379425, 'predicted_prob': 0.851711094379425, 'expected_rise': 0.008879533968865871, 'bucket_idx': 5, 'investment_fraction': 0.1, 'investment_amount': 9232.144507596357, 'allocated_amount': 1125.9738062340912, 'exit_date': Timestamp('2017-08-22 00:00:00')}]",5,100000.0,853,True,False,42,/mnt/primary/simulation/trained_models_multiclass_meta,12,12,0.2,0.3,200,5,60,1.0,0.0001,0.3,True,True,0.3,0.7,0.3,0.5,0.5,0.1,3,100.0,0.5,"[[0.08, 0.6], [0.15, 0.35]]",meta_emotion,nlp,0.1259823649942869,GRU,6,coral,20,128,128,2,0.3,0.3,0.0005466347365856,0.0003650001848317,64,50,10,0.0041366748730481,5,0.8,5,0.1411251559858494,0.7276744145783006,1.793808725179512,21,0.2057532757859396,0.7138661773078487,21,0.0647282490194046,4
2017-08-16,30773.81502532118,30773.815025321182,102579.38341773726,102579.38341773726,0.0,0.0,0,MPT_ONLY,30773.81502532118,0.0,True,False,"{'PTR': 0.3, 'HRG': 0.22878135212929127, 'UN': 0.24336823718656775, 'WFC': 0.0, 'JNJ': 0.0, 'GE': 0.0, 'AMZN': 2.3418766925686893e-17, 'TSM': 0.22785041068414064, 'PCG': 2.710306489338955e-16}",[],[],5,100000.0,853,True,False,42,/mnt/primary/simulation/trained_models_multiclass_meta,12,12,0.2,0.3,200,5,60,1.0,0.0001,0.3,True,True,0.3,0.7,0.3,0.5,0.5,0.1,3,100.0,0.5,"[[0.08, 0.6], [0.15, 0.35]]",meta_emotion,nlp,0.1259823649942869,GRU,6,coral,20,128,128,2,0.3,0.3,0.0005466347365856,0.0003650001848317,64,50,10,0.0041366748730481,5,0.8,5,0.1411251559858494,0.7276744145783006,1.793808725179512,21,0.2057532757859396,0.7138661773078487,21,0.0647282490194046,4
2017-08-17,30773.81502532118,30773.815025321182,102579.38341773726,102579.38341773726,0.0,0.0,0,MPT_ONLY,30773.81502532118,0.0,True,False,"{'PTR': 0.2999999999999999, 'HRG': 0.042789292044711574, 'PM': 0.0, 'V': 0.2999999999999997, 'JNJ': 0.0, 'CAT': 0.0, 'UPS': 0.0, 'MSFT': 0.05721070795528907, 'EXC': 0.29999999999999977}",[],[],5,100000.0,853,True,False,42,/mnt/primary/simulation/trained_models_multiclass_meta,12,12,0.2,0.3,200,5,60,1.0,0.0001,0.3,True,True,0.3,0.7,0.3,0.5,0.5,0.1,3,100.0,0.5,"[[0.08, 0.6], [0.15, 0.35]]",meta_emotion,nlp,0.1259823649942869,GRU,6,coral,20,128,128,2,0.3,0.3,0.0005466347365856,0.0003650001848317,64,50,10,0.0041366748730481,5,0.8,5,0.1411251559858494,0.7276744145783006,1.793808725179512,21,0.2057532757859396,0.7138661773078487,21,0.0647282490194046,4
2017-08-18,60921.07626277655,30766.67524142728,102359.92051792511,102359.92051792511,-219.46289981215097,-0.0021394445209172996,0,MPT_ONLY,30707.97615537753,30154.40102134927,True,False,"{'SNP': 0.0, 'REX': 0.018027079714640105, 'UN': 0.30000000000000004, 'BRK-A': 0.0, 'JNJ': 0.0, 'GE': 0.01767088641320825, 'AMZN': 0.06430203387215143, 'INTC': 0.30000000000000004, 'EXC': 0.30000000000000004}","[{'date': Timestamp('2017-08-11 00:00:00'), 'exit_date': Timestamp('2017-08-18 00:00:00'), 'ticker': 'PTR', 'sector': 'Basic Matierials', 'allocated_amount': 9299.583505288825, 'prob_up': 0.9934106469154358, 'expected_rise': 0.010980093851685524, 'actual_return': -0.03311778899227247, 'pnl': -307.98164424417286, 'exit_reason': 'scheduled'}, {'date': Timestamp('2017-08-11 00:00:00'), 'exit_date': Timestamp('2017-08-18 00:00:00'), 'ticker': 'V', 'sector': 'Financial', 'allocated_amount': 7181.2775168563085, 'prob_up': 0.945334255695343, 'expected_rise': 0.008315907791256905, 'actual_return': 0.0241783004966849, 'pnl': 173.631085752639, 'exit_reason': 'scheduled'}, {'date': Timestamp('2017-08-11 00:00:00'), 'exit_date': Timestamp('2017-08-18 00:00:00'), 'ticker': 'EXC', 'sector': 'Utilities', 'allocated_amount': 6689.883529994419, 'prob_up': 0.9091247916221619, 'expected_rise': 0.00807095691561699, 'actual_return': 0.013066719999999865, 'pnl': 87.41483491904778, 'exit_reason': 'scheduled'}, {'date': Timestamp('2017-08-11 00:00:00'), 'exit_date': Timestamp('2017-08-18 00:00:00'), 'ticker': 'INTC', 'sector': 'Technology', 'allocated_amount': 7195.979585127963, 'prob_up': 0.8377805948257446, 'expected_rise': 0.008612506091594696, 'actual_return': -0.02397549551088629, 'pnl': -172.52717623966487, 'exit_reason': 'scheduled'}]","[{'ticker': 'UN', 'sector': 'Consumer Goods', 'prob_up': 0.9776662588119507, 'predicted_prob': 0.9776662588119507, 'expected_rise': 0.0054271831177175045, 'bucket_idx': 5, 'investment_fraction': 0.1, 'investment_amount': 9212.39284661326, 'allocated_amount': 9212.39284661326, 'exit_date': Timestamp('2017-08-25 00:00:00')}, {'ticker': 'GE', 'sector': 'Industrial Goods', 'prob_up': 0.9596723318099976, 'predicted_prob': 0.9596723318099976, 'expected_rise': 0.004008048679679632, 'bucket_idx': 5, 'investment_fraction': 0.1, 'investment_amount': 542.6371586211837, 'allocated_amount': 542.6371586211837, 'exit_date': Timestamp('2017-08-25 00:00:00')}, {'ticker': 'INTC', 'sector': 'Technology', 'prob_up': 0.8318676948547363, 'predicted_prob': 0.8318676948547363, 'expected_rise': 0.008501472882926464, 'bucket_idx': 5, 'investment_fraction': 0.1, 'investment_amount': 9212.39284661326, 'allocated_amount': 9212.39284661326, 'exit_date': Timestamp('2017-08-25 00:00:00')}, {'ticker': 'EXC', 'sector': 'Utilities', 'prob_up': 0.8294799327850342, 'predicted_prob': 0.8294799327850342, 'expected_rise': 0.0067029912024736404, 'bucket_idx': 5, 'investment_fraction': 0.1, 'investment_amount': 9212.39284661326, 'allocated_amount': 9212.39284661326, 'exit_date': Timestamp('2017-08-25 00:00:00')}, {'ticker': 'AMZN', 'sector': 'Services', 'prob_up': 0.5214736461639404, 'predicted_prob': 0.5214736461639404, 'expected_rise': 0.0042588678188622, 'bucket_idx': 5, 'investment_fraction': 0.015499718097243688, 'investment_amount': 1974.5853228883045, 'allocated_amount': 1974.5853228883045, 'exit_date': Timestamp('2017-08-25 00:00:00')}]",5,100000.0,853,True,False,42,/mnt/primary/simulation/trained_models_multiclass_meta,12,12,0.2,0.3,200,5,60,1.0,0.0001,0.3,True,True,0.3,0.7,0.3,0.5,0.5,0.1,3,100.0,0.5,"[[0.08, 0.6], [0.15, 0.35]]",meta_emotion,nlp,0.1259823649942869,GRU,6,coral,20,128,128,2,0.3,0.3,0.0005466347365856,0.0003650001848317,64,50,10,0.0041366748730481,5,0.8,5,0.1411251559858494,0.7276744145783006,1.793808725179512,21,0.2057532757859396,0.7138661773078487,21,0.0647282490194046,4
2017-08-21,61358.341493747015,30689.52364260193,102229.3928371504,102229.3928371504,-130.5276807747113,-0.0012751834909040527,0,MPT_ONLY,30668.81785114512,30668.817851145086,True,False,"{'PTR': 0.2999999999999994, 'REX': 2.467293067761857e-16, 'UN': 0.05221891361680211, 'V': 0.29999999999999954, 'MRK': 3.5198795804998367e-16, 'GE': 2.123642561275287e-16, 'UPS': 3.062806010975447e-16, 'INTC': 0.29999999999999977, 'EXC': 0.0477810863831981}","[{'date': Timestamp('2017-08-14 00:00:00'), 'exit_date': Timestamp('2017-08-21 00:00:00'), 'ticker': 'UN', 'sector': 'Consumer Goods', 'allocated_amount': 7198.129363610646, 'prob_up': 0.9782919883728027, 'expected_rise': 0.005435021128505468, 'actual_return': 0.007019346002396842, 'pnl': 50.52616057319571, 'exit_reason': 'scheduled'}, {'date': Timestamp('2017-08-14 00:00:00'), 'exit_date': Timestamp('2017-08-21 00:00:00'), 'ticker': 'EXC', 'sector': 'Utilities', 'allocated_amount': 9259.514192248074, 'prob_up': 0.9232919812202454, 'expected_rise': 0.00835906807333231, 'actual_return': 0.00957449519013287, 'pnl': 88.65517409664623, 'exit_reason': 'scheduled'}, {'date': Timestamp('2017-08-14 00:00:00'), 'exit_date': Timestamp('2017-08-21 00:00:00'), 'ticker': 'HRG', 'sector': 'Conglomerates', 'allocated_amount': 6465.136198700055, 'prob_up': 0.8198529481887817, 'expected_rise': 0.005321806762367487, 'actual_return': -0.03937500000000005, 'pnl': -254.56473782381497, 'exit_reason': 'scheduled'}, {'date': Timestamp('2017-08-14 00:00:00'), 'exit_date': Timestamp('2017-08-21 00:00:00'), 'ticker': 'TSM', 'sector': 'Technology', 'allocated_amount': 7799.41417853567, 'prob_up': 0.6028992533683777, 'expected_rise': 0.005599148105829954, 'actual_return': -0.0019417198874264185, 'pnl': -15.144277620738293, 'exit_reason': 'scheduled'}]","[{'ticker': 'PTR', 'sector': 'Basic Matierials', 'prob_up': 0.9930405616760254, 'predicted_prob': 0.9930405616760254, 'expected_rise': 0.010959070175886154, 'bucket_idx': 5, 'investment_fraction': 0.1, 'investment_amount': 9200.645355343517, 'allocated_amount': 9200.645355343517, 'exit_date': Timestamp('2017-08-28 00:00:00')}, {'ticker': 'UN', 'sector': 'Consumer Goods', 'prob_up': 0.9777566194534302, 'predicted_prob': 0.9777566194534302, 'expected_rise': 0.00542831514030695, 'bucket_idx': 5, 'investment_fraction': 0.1, 'investment_amount': 1601.4923500983855, 'allocated_amount': 1601.4923500983855, 'exit_date': Timestamp('2017-08-28 00:00:00')}, {'ticker': 'V', 'sector': 'Financial', 'prob_up': 0.8620818257331848, 'predicted_prob': 0.8620818257331848, 'expected_rise': 0.00692326994612813, 'bucket_idx': 5, 'investment_fraction': 0.1, 'investment_amount': 9200.645355343522, 'allocated_amount': 9200.645355343522, 'exit_date': Timestamp('2017-08-28 00:00:00')}, {'ticker': 'INTC', 'sector': 'Technology', 'prob_up': 0.8184224367141724, 'predicted_prob': 0.8184224367141724, 'expected_rise': 0.008253652602434158, 'bucket_idx': 5, 'investment_fraction': 0.1, 'investment_amount': 9200.645355343528, 'allocated_amount': 9200.645355343528, 'exit_date': Timestamp('2017-08-28 00:00:00')}, {'ticker': 'EXC', 'sector': 'Utilities', 'prob_up': 0.7294821739196777, 'predicted_prob': 0.7294821739196777, 'expected_rise': 0.0053659845143556595, 'bucket_idx': 5, 'investment_fraction': 0.09488888121907374, 'investment_amount': 1465.389435016133, 'allocated_amount': 1465.389435016133, 'exit_date': Timestamp('2017-08-28 00:00:00')}]",5,100000.0,853,True,False,42,/mnt/primary/simulation/trained_models_multiclass_meta,12,12,0.2,0.3,200,5,60,1.0,0.0001,0.3,True,True,0.3,0.7,0.3,0.5,0.5,0.1,3,100.0,0.5,"[[0.08, 0.6], [0.15, 0.35]]",meta_emotion,nlp,0.1259823649942869,GRU,6,coral,20,128,128,2,0.3,0.3,0.0005466347365856,0.0003650001848317,64,50,10,0.0041366748730481,5,0.8,5,0.1411251559858494,0.7276744145783006,1.793808725179512,21,0.2057532757859396,0.7138661773078487,21,0.0647282490194046,4
2017-08-22,41421.650968601985,30673.46095232892,102244.86984109634,102244.86984109634,15.477003945937916,0.00015139485344106696,0,MPT_ONLY,30673.4609523289,10748.19001627307,True,False,"{'BBL': 0.10803955445049049, 'HRG': 0.2290293587827267, 'UN': 0.24531814020576476, 'BRK-A': 0.0, 'CELG': 0.0, 'DHR': 0.15080353592384949, 'AMZN': 2.6367796834847453e-16, 'TSM': 0.26680941063716823, 'EXC': 1.1384122811097792e-16}","[{'date': Timestamp('2017-08-15 00:00:00'), 'exit_date': Timestamp('2017-08-22 00:00:00'), 'ticker': 'PTR', 'sector': 'Basic Matierials', 'allocated_amount': 9232.144507596357, 'prob_up': 0.9924276471138, 'expected_rise': 0.01092438492923975, 'actual_return': 0.007084173126965521, 'pnl': 65.40211002497644, 'exit_reason': 'scheduled'}, {'date': Timestamp('2017-08-15 00:00:00'), 'exit_date': Timestamp('2017-08-22 00:00:00'), 'ticker': 'GE', 'sector': 'Industrial Goods', 'allocated_amount': 358.53200822366966, 'prob_up': 0.9473703503608704, 'expected_rise': 0.0038579723332077265, 'actual_return': -0.02147967468097345, 'pnl': -7.701150899360521, 'exit_reason': 'scheduled'}, {'date': Timestamp('2017-08-15 00:00:00'), 'exit_date': Timestamp('2017-08-22 00:00:00'), 'ticker': 'INTC', 'sector': 'Technology', 'allocated_amount': 1125.9738062340912, 'prob_up': 0.851711094379425, 'expected_rise': 0.008879533968865871, 'actual_return': -0.03749994444444438, 'pnl': -42.223955179678, 'exit_reason': 'scheduled'}]","[{'ticker': 'UN', 'sector': 'Consumer Goods', 'prob_up': 0.9775753021240234, 'predicted_prob': 0.9775753021240234, 'expected_rise': 0.005426046438515186, 'bucket_idx': 5, 'investment_fraction': 0.1, 'investment_amount': 7524.756394499472, 'allocated_amount': 7524.756394499472, 'exit_date': Timestamp('2017-08-29 00:00:00')}, {'ticker': 'BBL', 'sector': 'Basic Matierials', 'prob_up': 0.9539520740509033, 'predicted_prob': 0.9539520740509033, 'expected_rise': 0.004615127108991146, 'bucket_idx': 5, 'investment_fraction': 0.1, 'investment_amount': 3313.947054744132, 'allocated_amount': 3223.433621773598, 'exit_date': Timestamp('2017-08-29 00:00:00')}]",5,100000.0,853,True,False,42,/mnt/primary/simulation/trained_models_multiclass_meta,12,12,0.2,0.3,200,5,60,1.0,0.0001,0.3,True,True,0.3,0.7,0.3,0.5,0.5,0.1,3,100.0,0.5,"[[0.08, 0.6], [0.15, 0.35]]",meta_emotion,nlp,0.1259823649942869,GRU,6,coral,20,128,128,2,0.3,0.3,0.0005466347365856,0.0003650001848317,64,50,10,0.0041366748730481,5,0.8,5,0.1411251559858494,0.7276744145783006,1.793808725179512,21,0.2057532757859396,0.7138661773078487,21,0.0647282490194046,4
2017-08-23,30673.46095232891,30673.46095232892,102244.86984109634,102244.86984109634,0.0,0.0,0,MPT_ONLY,30673.4609523289,0.0,True,False,"{'PTR': 0.29999999999999993, 'REX': 3.0918089795979148e-18, 'AAPL': 0.0, 'V': 0.3, 'MRK': 4.381300773871171e-17, 'DHR': 0.07420328603846033, 'DIS': 3.314553221812159e-17, 'INTC': 0.3, 'PPL': 0.025796713961539666}",[],[],5,100000.0,853,True,False,42,/mnt/primary/simulation/trained_models_multiclass_meta,12,12,0.2,0.3,200,5,60,1.0,0.0001,0.3,True,True,0.3,0.7,0.3,0.5,0.5,0.1,3,100.0,0.5,"[[0.08, 0.6], [0.15, 0.35]]",meta_emotion,nlp,0.1259823649942869,GRU,6,coral,20,128,128,2,0.3,0.3,0.0005466347365856,0.0003650001848317,64,50,10,0.0041366748730481,5,0.8,5,0.1411251559858494,0.7276744145783006,1.793808725179512,21,0.2057532757859396,0.7138661773078487,21,0.0647282490194046,4
2017-08-24,30673.46095232891,30673.46095232892,102244.86984109634,102244.86984109634,0.0,0.0,0,MPT_ONLY,30673.4609523289,0.0,True,False,"{'PTR': 0.29999999999999993, 'HRG': 0.18312360648373324, 'AAPL': 1.986043254576108e-17, 'BRK-A': 1.496068603357908e-16, 'CELG': 5.5406605805576145e-18, 'BA': 1.5078203954337963e-16, 'PCLN': 0.29821159112594936, 'MSFT': 0.21866480239031721, 'PCG': 0.0}",[],[],5,100000.0,853,True,False,42,/mnt/primary/simulation/trained_models_multiclass_meta,12,12,0.2,0.3,200,5,60,1.0,0.0001,0.3,True,True,0.3,0.7,0.3,0.5,0.5,0.1,3,100.0,0.5,"[[0.08, 0.6], [0.15, 0.35]]",meta_emotion,nlp,0.1259823649942869,GRU,6,coral,20,128,128,2,0.3,0.3,0.0005466347365856,0.0003650001848317,64,50,10,0.0041366748730481,5,0.8,5,0.1411251559858494,0.7276744145783006,1.793808725179512,21,0.2057532757859396,0.7138661773078487,21,0.0647282490194046,4
2017-08-25,60901.50116938341,60901.50116938341,102318.50903680157,102318.50903680157,73.63919570522712,0.0007202238686367934,0,MPT_ONLY,30695.55271104047,0.0,True,False,"{'PTR': 0.3, 'HRG': 0.3, 'AAPL': 0.0, 'MA': 6.11107881617132e-17, 'CELG': 0.019396353083427728, 'DHR': 0.0, 'CHTR': 0.02461461769013914, 'TSM': 0.3, 'PPL': 0.055989029226433076}","[{'date': Timestamp('2017-08-18 00:00:00'), 'exit_date': Timestamp('2017-08-25 00:00:00'), 'ticker': 'UN', 'sector': 'Consumer Goods', 'allocated_amount': 9212.39284661326, 'prob_up': 0.9776662588119507, 'expected_rise': 0.0054271831177175045, 'actual_return': 0.012643106315447072, 'pnl': 116.47326217939555, 'exit_reason': 'scheduled'}, {'date': Timestamp('2017-08-18 00:00:00'), 'exit_date': Timestamp('2017-08-25 00:00:00'), 'ticker': 'GE', 'sector': 'Industrial Goods', 'allocated_amount': 542.6371586211837, 'prob_up': 0.9596723318099976, 'expected_rise': 0.004008048679679632, 'actual_return': -0.00244395121971297, 'pnl': -1.3261787456738223, 'exit_reason': 'scheduled'}, {'date': Timestamp('2017-08-18 00:00:00'), 'exit_date': Timestamp('2017-08-25 00:00:00'), 'ticker': 'INTC', 'sector': 'Technology', 'allocated_amount': 9212.39284661326, 'prob_up': 0.8318676948547363, 'expected_rise': 0.008501472882926464, 'actual_return': -0.009711511551643182, 'pnl': -89.46625954815968, 'exit_reason': 'scheduled'}, {'date': Timestamp('2017-08-18 00:00:00'), 'exit_date': Timestamp('2017-08-25 00:00:00'), 'ticker': 'EXC', 'sector': 'Utilities', 'allocated_amount': 9212.39284661326, 'prob_up': 0.8294799327850342, 'expected_rise': 0.0067029912024736404, 'actual_return': 0.00815996271861219, 'pnl': 75.17278217757384, 'exit_reason': 'scheduled'}, {'date': Timestamp('2017-08-18 00:00:00'), 'exit_date': Timestamp('2017-08-25 00:00:00'), 'ticker': 'AMZN', 'sector': 'Services', 'allocated_amount': 1974.5853228883045, 'prob_up': 0.5214736461639404, 'expected_rise': 0.0042588678188622, 'actual_return': -0.013782342065675413, 'pnl': -27.214410357908747, 'exit_reason': 'scheduled'}]",[],5,100000.0,853,True,False,42,/mnt/primary/simulation/trained_models_multiclass_meta,12,12,0.2,0.3,200,5,60,1.0,0.0001,0.3,True,True,0.3,0.7,0.3,0.5,0.5,0.1,3,100.0,0.5,"[[0.08, 0.6], [0.15, 0.35]]",meta_emotion,nlp,0.1259823649942869,GRU,6,coral,20,128,128,2,0.3,0.3,0.0005466347365856,0.0003650001848317,64,50,10,0.0041366748730481,5,0.8,5,0.1411251559858494,0.7276744145783006,1.793808725179512,21,0.2057532757859396,0.7138661773078487,21,0.0647282490194046,4
2017-08-28,91868.91885896717,91868.91885896717,102617.10887524024,102617.10887524024,298.5998384386907,0.0029183364891611774,0,MPT_ONLY,30785.132662572072,0.0,True,False,"{'PTR': 0.3, 'HRG': 0.028080747018894146, 'UN': 0.07979205384102264, 'V': 0.29999999999999993, 'MRK': 0.0, 'HON': 0.0, 'PCLN': 0.1755451271479859, 'TSM': 0.11658207199209743, 'PPL': 3.384517698286188e-17}","[{'date': Timestamp('2017-08-21 00:00:00'), 'exit_date': Timestamp('2017-08-28 00:00:00'), 'ticker': 'PTR', 'sector': 'Basic Matierials', 'allocated_amount': 9200.645355343517, 'prob_up': 0.9930405616760254, 'expected_rise': 0.010959070175886154, 'actual_return': 0.031536587882973866, 'pnl': 290.15696082886615, 'exit_reason': 'scheduled'}, {'date': Timestamp('2017-08-21 00:00:00'), 'exit_date': Timestamp('2017-08-28 00:00:00'), 'ticker': 'UN', 'sector': 'Consumer Goods', 'allocated_amount': 1601.4923500983855, 'prob_up': 0.9777566194534302, 'expected_rise': 0.00542831514030695, 'actual_return': 0.011050680040802563, 'pnl': 17.697579548730218, 'exit_reason': 'scheduled'}, {'date': Timestamp('2017-08-21 00:00:00'), 'exit_date': Timestamp('2017-08-28 00:00:00'), 'ticker': 'V', 'sector': 'Financial', 'allocated_amount': 9200.645355343522, 'prob_up': 0.8620818257331848, 'expected_rise': 0.00692326994612813, 'actual_return': 0.005425285744765862, 'pnl': 49.91613008899145, 'exit_reason': 'scheduled'}, {'date': Timestamp('2017-08-21 00:00:00'), 'exit_date': Timestamp('2017-08-28 00:00:00'), 'ticker': 'INTC', 'sector': 'Technology', 'allocated_amount': 9200.645355343528, 'prob_up': 0.8184224367141724, 'expected_rise': 0.008253652602434158, 'actual_return': -0.0077318446581812195, 'pnl': -71.1379606425327, 'exit_reason': 'scheduled'}, {'date': Timestamp('2017-08-21 00:00:00'), 'exit_date': Timestamp('2017-08-28 00:00:00'), 'ticker': 'EXC', 'sector': 'Utilities', 'allocated_amount': 1465.389435016133, 'prob_up': 0.7294821739196777, 'expected_rise': 0.0053659845143556595, 'actual_return': 0.008166517601857715, 'pnl': 11.96712861463558, 'exit_reason': 'scheduled'}]",[],5,100000.0,853,True,False,42,/mnt/primary/simulation/trained_models_multiclass_meta,12,12,0.2,0.3,200,5,60,1.0,0.0001,0.3,True,True,0.3,0.7,0.3,0.5,0.5,0.1,3,100.0,0.5,"[[0.08, 0.6], [0.15, 0.35]]",meta_emotion,nlp,0.1259823649942869,GRU,6,coral,20,128,128,2,0.3,0.3,0.0005466347365856,0.0003650001848317,64,50,10,0.0041366748730481,5,0.8,5,0.1411251559858494,0.7276744145783006,1.793808725179512,21,0.2057532757859396,0.7138661773078487,21,0.0647282490194046,4
2017-08-29,102825.0565613569,102825.0565613569,102825.0565613569,102825.0565613569,207.94768611666166,0.0020264426507035083,0,MPT_ONLY,30847.51696840707,0.0,True,False,"{'PTR': 0.29999999999999977, 'HRG': 0.12028825806271702, 'UN': 0.160722720772893, 'MA': 9.046799783824022e-17, 'MRK': 2.3732457294109813e-16, 'GE': 6.938893903907228e-17, 'PCLN': 0.22981292961562264, 'TSM': 0.18917609154876697, 'PPL': 1.5210734677184086e-16}","[{'date': Timestamp('2017-08-22 00:00:00'), 'exit_date': Timestamp('2017-08-29 00:00:00'), 'ticker': 'UN', 'sector': 'Consumer Goods', 'allocated_amount': 7524.756394499472, 'prob_up': 0.9775753021240234, 'expected_rise': 0.005426046438515186, 'actual_return': 0.007621968028083126, 'pnl': 57.35345265798903, 'exit_reason': 'scheduled'}, {'date': Timestamp('2017-08-22 00:00:00'), 'exit_date': Timestamp('2017-08-29 00:00:00'), 'ticker': 'BBL', 'sector': 'Basic Matierials', 'allocated_amount': 3223.433621773598, 'prob_up': 0.9539520740509033, 'expected_rise': 0.004615127108991146, 'actual_return': 0.04671857749495478, 'pnl': 150.59423345867262, 'exit_reason': 'scheduled'}]",[],5,100000.0,853,True,False,42,/mnt/primary/simulation/trained_models_multiclass_meta,12,12,0.2,0.3,200,5,60,1.0,0.0001,0.3,True,True,0.3,0.7,0.3,0.5,0.5,0.1,3,100.0,0.5,"[[0.08, 0.6], [0.15, 0.35]]",meta_emotion,nlp,0.1259823649942869,GRU,6,coral,20,128,128,2,0.3,0.3,0.0005466347365856,0.0003650001848317,64,50,10,0.0041366748730481,5,0.8,5,0.1411251559858494,0.7276744145783006,1.793808725179512,21,0.2057532757859396,0.7138661773078487,21,0.0647282490194046,4
2017-08-30,102825.0565613569,102825.0565613569,102825.0565613569,102825.0565613569,0.0,0.0,0,MPT_ONLY,30847.51696840707,0.0,True,False,"{'PTR': 0.3, 'HRG': 0.0721872685700423, 'PM': 0.0, 'V': 0.29999999999999993, 'MRK': 2.7311113298565254e-18, 'GE': 3.2321824225359014e-17, 'PCLN': 0.1896132898840335, 'TSM': 0.1381994415459241, 'PPL': 2.9165038343283865e-17}",[],[],5,100000.0,853,True,False,42,/mnt/primary/simulation/trained_models_multiclass_meta,12,12,0.2,0.3,200,5,60,1.0,0.0001,0.3,True,True,0.3,0.7,0.3,0.5,0.5,0.1,3,100.0,0.5,"[[0.08, 0.6], [0.15, 0.35]]",meta_emotion,nlp,0.1259823649942869,GRU,6,coral,20,128,128,2,0.3,0.3,0.0005466347365856,0.0003650001848317,64,50,10,0.0041366748730481,5,0.8,5,0.1411251559858494,0.7276744145783006,1.793808725179512,21,0.2057532757859396,0.7138661773078487,21,0.0647282490194046,4
2017-08-31,102825.0565613569,102825.0565613569,102825.0565613569,102825.0565613569,0.0,0.0,0,MPT_ONLY,30847.51696840707,0.0,True,False,"{'SLB': 5.940705098592788e-16, 'HRG': 0.29999999999999977, 'AAPL': 1.3674255243377065e-16, 'MA': 3.371985526372148e-16, 'CELG': 0.29999999999999954, 'GE': 0.05865838860259817, 'UPS': 2.5589221608171906e-16, 'TSM': 0.29999999999999966, 'PCG': 0.04134161139740148}",[],[],5,100000.0,853,True,False,42,/mnt/primary/simulation/trained_models_multiclass_meta,12,12,0.2,0.3,200,5,60,1.0,0.0001,0.3,True,True,0.3,0.7,0.3,0.5,0.5,0.1,3,100.0,0.5,"[[0.08, 0.6], [0.15, 0.35]]",meta_emotion,nlp,0.1259823649942869,GRU,6,coral,20,128,128,2,0.3,0.3,0.0005466347365856,0.0003650001848317,64,50,10,0.0041366748730481,5,0.8,5,0.1411251559858494,0.7276744145783006,1.793808725179512,21,0.2057532757859396,0.7138661773078487,21,0.0647282490194046,4
