company,sector,model_type,problem_type,sequence_length,horizon_steps,epoch,train_loss,val_loss,train_samples,val_samples,test_samples
AAPL,Consumer Goods,BiLSTM,multiclass,20,1,1,1.5082211916770167,1.7573992950575692,398,42,64
AAPL,Consumer Goods,BiLSTM,multiclass,20,1,2,1.1772564961083571,1.2763634011858986,398,42,64
AAPL,Consumer Goods,BiLSTM,multiclass,20,1,3,1.1276131038689734,1.9096362647556124,398,42,64
AAPL,Consumer Goods,BiLSTM,multiclass,20,1,4,0.947687040321791,1.4201005867549352,398,42,64
AAPL,Consumer Goods,BiLSTM,multiclass,20,1,5,0.935529636977306,2.0272582996459234,398,42,64
AAPL,Consumer Goods,BiLSTM,multiclass,20,1,6,0.8451468182269053,1.8823762394133068,398,42,64
AAPL,Consumer Goods,BiLSTM,multiclass,20,1,7,0.8235018034676211,1.7746474288758778,398,42,64
AAPL,Consumer Goods,BiLSTM,multiclass,20,1,8,0.8528972118344139,3.8479306130182174,398,42,64
AAPL,Consumer Goods,BiLSTM,multiclass,20,1,9,0.7318874456774649,3.259488264719645,398,42,64
AAPL,Consumer Goods,BiLSTM,multiclass,20,1,10,0.7290886279626109,2.485718000502813,398,42,64
AAPL,Consumer Goods,BiLSTM,multiclass,20,1,11,0.7155141438072051,2.683796689623878,398,42,64
AAPL,Consumer Goods,BiLSTM,multiclass,20,1,12,0.6758403072704622,3.788537479582287,398,42,64
AAPL,Consumer Goods,BiLSTM,multiclass,20,1,13,0.6756609772617493,3.0482366425650462,398,42,64
AAPL,Consumer Goods,BiLSTM,multiclass,20,1,14,0.677516994614098,2.8202376933324906,398,42,64
AAPL,Consumer Goods,BiLSTM,multiclass,20,1,15,0.7327945521428957,2.6281963870638894,398,42,64
AAPL,Consumer Goods,BiLSTM,multiclass,20,1,16,0.6174450304040957,3.6781264259701683,398,42,64
AAPL,Consumer Goods,BiLSTM,multiclass,20,1,17,0.602009766215655,3.3210351921263195,398,42,64
ABB,Industrial Goods,BiLSTM,multiclass,20,1,1,1.713737819961567,1.289807072707585,398,42,64
ABB,Industrial Goods,BiLSTM,multiclass,20,1,2,1.1729976139475953,1.5724492300124395,398,42,64
ABB,Industrial Goods,BiLSTM,multiclass,20,1,3,1.0117110307492203,2.4262337684631348,398,42,64
ABB,Industrial Goods,BiLSTM,multiclass,20,1,4,1.011498876252965,2.7687453769502186,398,42,64
ABB,Industrial Goods,BiLSTM,multiclass,20,1,5,1.059007345432013,2.097015176500593,398,42,64
ABB,Industrial Goods,BiLSTM,multiclass,20,1,6,0.8941032667854922,2.766335373833066,398,42,64
ABB,Industrial Goods,BiLSTM,multiclass,20,1,7,0.8726232330403735,1.7361146154857816,398,42,64
ABB,Industrial Goods,BiLSTM,multiclass,20,1,8,0.8614932762917562,2.5293309802100774,398,42,64
ABB,Industrial Goods,BiLSTM,multiclass,20,1,9,0.8399699568448953,2.9402355012439547,398,42,64
ABB,Industrial Goods,BiLSTM,multiclass,20,1,10,0.7470859429944101,2.746721631004697,398,42,64
ABB,Industrial Goods,BiLSTM,multiclass,20,1,11,0.8938075121323666,3.0787874403454007,398,42,64
ABB,Industrial Goods,BiLSTM,multiclass,20,1,12,0.6971980381251579,2.9171926861717585,398,42,64
ABB,Industrial Goods,BiLSTM,multiclass,20,1,13,0.7029032117158325,3.2389796120779857,398,42,64
ABB,Industrial Goods,BiLSTM,multiclass,20,1,14,0.711263592219233,2.49169279280163,398,42,64
ABB,Industrial Goods,BiLSTM,multiclass,20,1,15,0.7422226592523968,3.5061654590425038,398,42,64
ABB,Industrial Goods,BiLSTM,multiclass,20,1,16,0.6858391355929063,3.055086476462228,398,42,64
ABBV,Healthcare,BiLSTM,multiclass,20,1,1,1.7092621272532784,0.998312132699149,398,42,64
ABBV,Healthcare,BiLSTM,multiclass,20,1,2,1.0885223111315587,1.7530848525819325,398,42,64
ABBV,Healthcare,BiLSTM,multiclass,20,1,3,1.2821824972953029,2.6346946443830217,398,42,64
ABBV,Healthcare,BiLSTM,multiclass,20,1,4,0.9836059643994624,2.5437837555294944,398,42,64
ABBV,Healthcare,BiLSTM,multiclass,20,1,5,0.8982897782745074,2.587946165175665,398,42,64
ABBV,Healthcare,BiLSTM,multiclass,20,1,6,0.9162719034070346,1.9542557512010847,398,42,64
ABBV,Healthcare,BiLSTM,multiclass,20,1,7,0.8802563179677455,2.0830002512250627,398,42,64
ABBV,Healthcare,BiLSTM,multiclass,20,1,8,0.8078828569333157,1.6141893296014695,398,42,64
ABBV,Healthcare,BiLSTM,multiclass,20,1,9,0.8630164557665436,2.041688919067383,398,42,64
ABBV,Healthcare,BiLSTM,multiclass,20,1,10,0.7742845455006738,2.530787331717355,398,42,64
ABBV,Healthcare,BiLSTM,multiclass,20,1,11,0.7406176523347596,2.4638547897338867,398,42,64
ABBV,Healthcare,BiLSTM,multiclass,20,1,12,0.7298672816262173,1.9282652309962682,398,42,64
ABBV,Healthcare,BiLSTM,multiclass,20,1,13,0.7477416363193761,1.2962989580063593,398,42,64
ABBV,Healthcare,BiLSTM,multiclass,20,1,14,0.7416716083210317,1.720058180036999,398,42,64
ABBV,Healthcare,BiLSTM,multiclass,20,1,15,0.6509506513724974,1.6442485536847795,398,42,64
ABBV,Healthcare,BiLSTM,multiclass,20,1,16,0.6644486687590728,1.3319516976674397,398,42,64
AEP,Utilities,BiLSTM,multiclass,20,1,1,1.6204977781329322,1.020315014180683,398,42,64
AEP,Utilities,BiLSTM,multiclass,20,1,2,1.2006818583263226,0.8479821114313035,398,42,64
AEP,Utilities,BiLSTM,multiclass,20,1,3,1.0925474604170526,0.9514752995400202,398,42,64
AEP,Utilities,BiLSTM,multiclass,20,1,4,0.8958055991024229,1.0421213649568104,398,42,64
AEP,Utilities,BiLSTM,multiclass,20,1,5,0.9241182810098083,0.9619828718049186,398,42,64
AEP,Utilities,BiLSTM,multiclass,20,1,6,1.0905212864803908,1.0158572509175254,398,42,64
AEP,Utilities,BiLSTM,multiclass,20,1,7,0.7640642167335778,1.011494097255525,398,42,64
AEP,Utilities,BiLSTM,multiclass,20,1,8,0.9973569362606834,1.0531729005631947,398,42,64
AEP,Utilities,BiLSTM,multiclass,20,1,9,0.7259211105916967,0.979027061235337,398,42,64
AEP,Utilities,BiLSTM,multiclass,20,1,10,0.8616904796068393,1.0540510983694167,398,42,64
AEP,Utilities,BiLSTM,multiclass,20,1,11,0.7580605550627013,1.0108254012607394,398,42,64
AEP,Utilities,BiLSTM,multiclass,20,1,12,0.7513504223008851,0.9664612128621056,398,42,64
AEP,Utilities,BiLSTM,multiclass,20,1,13,0.7775489565116077,1.0111172795295715,398,42,64
AEP,Utilities,BiLSTM,multiclass,20,1,14,0.6603659289566117,0.9926472476550511,398,42,64
AEP,Utilities,BiLSTM,multiclass,20,1,15,0.6078756200009255,1.1081049640973408,398,42,64
AEP,Utilities,BiLSTM,multiclass,20,1,16,0.6964020159975368,0.9621073206265768,398,42,64
AEP,Utilities,BiLSTM,multiclass,20,1,17,0.5821690298804086,1.0330686484064375,398,42,64
AGFS,Conglomerates,BiLSTM,multiclass,20,1,1,2.0642829503331868,2.5119248685382662,105,42,64
AGFS,Conglomerates,BiLSTM,multiclass,20,1,2,1.6760416064943586,1.6436840352557955,105,42,64
AGFS,Conglomerates,BiLSTM,multiclass,20,1,3,1.7063976273650214,1.5785702977861678,105,42,64
AGFS,Conglomerates,BiLSTM,multiclass,20,1,4,1.292245002871468,1.5011516071501232,105,42,64
AGFS,Conglomerates,BiLSTM,multiclass,20,1,5,1.311709043525514,1.4012597912833804,105,42,64
AGFS,Conglomerates,BiLSTM,multiclass,20,1,6,1.2002767965907142,1.404392469496954,105,42,64
AGFS,Conglomerates,BiLSTM,multiclass,20,1,7,1.1893970631417774,1.3161535149528867,105,42,64
AGFS,Conglomerates,BiLSTM,multiclass,20,1,8,0.9894609752155485,1.3311059020814442,105,42,64
AGFS,Conglomerates,BiLSTM,multiclass,20,1,9,0.9853026293572925,1.3436609676906042,105,42,64
AGFS,Conglomerates,BiLSTM,multiclass,20,1,10,0.881997777734484,1.321233283905756,105,42,64
AGFS,Conglomerates,BiLSTM,multiclass,20,1,11,0.766422468707675,1.55141019821167,105,42,64
AGFS,Conglomerates,BiLSTM,multiclass,20,1,12,0.8251440967832293,1.4022908040455409,105,42,64
AGFS,Conglomerates,BiLSTM,multiclass,20,1,13,0.949253066948482,1.7374873615446544,105,42,64
AGFS,Conglomerates,BiLSTM,multiclass,20,1,14,0.7331065745580764,2.0284321989331926,105,42,64
AGFS,Conglomerates,BiLSTM,multiclass,20,1,15,0.6010934046336582,1.6520232132502966,105,42,64
AGFS,Conglomerates,BiLSTM,multiclass,20,1,16,0.8440452433767773,1.415360416684832,105,42,64
AGFS,Conglomerates,BiLSTM,multiclass,20,1,17,0.7358794428053357,1.5933565185183571,105,42,64
AGFS,Conglomerates,BiLSTM,multiclass,20,1,18,0.7958498140176137,1.4518665699731736,105,42,64
AGFS,Conglomerates,BiLSTM,multiclass,20,1,19,0.6564943668388185,1.9651668071746826,105,42,64
AGFS,Conglomerates,BiLSTM,multiclass,20,1,20,0.5252906328155881,1.9111793268294561,105,42,64
AGFS,Conglomerates,BiLSTM,multiclass,20,1,21,0.5984571068059831,1.9551268078031994,105,42,64
AGFS,Conglomerates,BiLSTM,multiclass,20,1,22,0.5652689632915315,2.0504378704797652,105,42,64
AMGN,Healthcare,BiLSTM,multiclass,20,1,1,1.7853614121825252,1.1590737700462341,398,42,64
AMGN,Healthcare,BiLSTM,multiclass,20,1,2,1.402397418141964,1.2066394090652466,398,42,64
AMGN,Healthcare,BiLSTM,multiclass,20,1,3,1.2252856007772475,1.550094343367077,398,42,64
AMGN,Healthcare,BiLSTM,multiclass,20,1,4,1.1008502101179343,1.3924469380151658,398,42,64
AMGN,Healthcare,BiLSTM,multiclass,20,1,5,0.9905761126896844,1.272803681237357,398,42,64
AMGN,Healthcare,BiLSTM,multiclass,20,1,6,1.0146944385078085,1.3559872536432176,398,42,64
AMGN,Healthcare,BiLSTM,multiclass,20,1,7,0.9511071311768575,1.5814455577305384,398,42,64
AMGN,Healthcare,BiLSTM,multiclass,20,1,8,0.9252679270116528,1.7815012477693104,398,42,64
AMGN,Healthcare,BiLSTM,multiclass,20,1,9,0.92554903569533,1.428143614814395,398,42,64
AMGN,Healthcare,BiLSTM,multiclass,20,1,10,0.8959807558874389,1.5624055521828788,398,42,64
AMGN,Healthcare,BiLSTM,multiclass,20,1,11,0.855994595055604,1.3779506967181252,398,42,64
AMGN,Healthcare,BiLSTM,multiclass,20,1,12,0.7746275678351896,1.2543722220829554,398,42,64
AMGN,Healthcare,BiLSTM,multiclass,20,1,13,0.8056450357389211,1.604205914906093,398,42,64
AMGN,Healthcare,BiLSTM,multiclass,20,1,14,0.7456223808940331,1.7896228177206857,398,42,64
AMGN,Healthcare,BiLSTM,multiclass,20,1,15,0.7478647297950246,1.6110617206210183,398,42,64
AMGN,Healthcare,BiLSTM,multiclass,20,1,16,0.7341039390420195,1.5784634067898704,398,42,64
AMZN,Services,BiLSTM,multiclass,20,1,1,1.7547021547154567,1.9648442381904239,398,42,64
AMZN,Services,BiLSTM,multiclass,20,1,2,1.3613940740949544,1.5950771683738345,398,42,64
AMZN,Services,BiLSTM,multiclass,20,1,3,1.1291485371901162,1.0983626473517645,398,42,64
AMZN,Services,BiLSTM,multiclass,20,1,4,1.0643905877467974,0.9305782545180548,398,42,64
AMZN,Services,BiLSTM,multiclass,20,1,5,0.9831567843954767,1.0704194761457897,398,42,64
AMZN,Services,BiLSTM,multiclass,20,1,6,0.9276331782940045,0.8930330787386213,398,42,64
AMZN,Services,BiLSTM,multiclass,20,1,7,0.8776095524505155,0.9306231680370513,398,42,64
AMZN,Services,BiLSTM,multiclass,20,1,8,0.9539438216530498,1.202942865235465,398,42,64
AMZN,Services,BiLSTM,multiclass,20,1,9,0.9247431683180919,1.4322714521771385,398,42,64
AMZN,Services,BiLSTM,multiclass,20,1,10,0.8025582196125433,1.2264319374447776,398,42,64
AMZN,Services,BiLSTM,multiclass,20,1,11,0.8389640552314681,1.2487315109797887,398,42,64
AMZN,Services,BiLSTM,multiclass,20,1,12,0.7022177205612911,1.380694519905817,398,42,64
AMZN,Services,BiLSTM,multiclass,20,1,13,0.7744617659841949,1.218908633504595,398,42,64
AMZN,Services,BiLSTM,multiclass,20,1,14,0.7562964519663672,1.1356581591424488,398,42,64
AMZN,Services,BiLSTM,multiclass,20,1,15,0.7538105740619065,1.0980255944388253,398,42,64
AMZN,Services,BiLSTM,multiclass,20,1,16,0.6637506284306397,1.0471866528193157,398,42,64
AMZN,Services,BiLSTM,multiclass,20,1,17,0.7157986382743222,0.9831080436706543,398,42,64
AMZN,Services,BiLSTM,multiclass,20,1,18,0.6447899847773452,0.9898361932663691,398,42,64
AMZN,Services,BiLSTM,multiclass,20,1,19,0.6451613519658994,1.0488751502264113,398,42,64
AMZN,Services,BiLSTM,multiclass,20,1,20,0.6287165227247842,0.9991315262658256,398,42,64
AMZN,Services,BiLSTM,multiclass,20,1,21,0.5753832117996024,1.1184833645820618,398,42,64
BA,Industrial Goods,BiLSTM,multiclass,20,1,1,1.9078748573609932,2.226312965154648,398,42,64
BA,Industrial Goods,BiLSTM,multiclass,20,1,2,1.2346888373245546,1.8294590087164015,398,42,64
BA,Industrial Goods,BiLSTM,multiclass,20,1,3,1.304208673723978,2.255922714869181,398,42,64
BA,Industrial Goods,BiLSTM,multiclass,20,1,4,1.1212291546802424,2.539946669623965,398,42,64
BA,Industrial Goods,BiLSTM,multiclass,20,1,5,0.948295228744871,2.8337892918359664,398,42,64
BA,Industrial Goods,BiLSTM,multiclass,20,1,6,0.8499477796219103,2.7418486050197055,398,42,64
BA,Industrial Goods,BiLSTM,multiclass,20,1,7,0.7721055946757446,3.2450830141703286,398,42,64
BA,Industrial Goods,BiLSTM,multiclass,20,1,8,0.8803154616499665,3.279110488437471,398,42,64
BA,Industrial Goods,BiLSTM,multiclass,20,1,9,0.8414305915784597,3.6950374784923734,398,42,64
BA,Industrial Goods,BiLSTM,multiclass,20,1,10,0.785148402554306,2.604595036733718,398,42,64
BA,Industrial Goods,BiLSTM,multiclass,20,1,11,0.7182732763601907,3.79378266561599,398,42,64
BA,Industrial Goods,BiLSTM,multiclass,20,1,12,0.7938550165550193,2.7951661405109225,398,42,64
BA,Industrial Goods,BiLSTM,multiclass,20,1,13,0.6491571904426843,3.7189143271673295,398,42,64
BA,Industrial Goods,BiLSTM,multiclass,20,1,14,0.7425036798769505,2.983560845965431,398,42,64
BA,Industrial Goods,BiLSTM,multiclass,20,1,15,0.6306131703769742,4.121393271854946,398,42,64
BA,Industrial Goods,BiLSTM,multiclass,20,1,16,0.7004963126613866,3.8295874368576777,398,42,64
BA,Industrial Goods,BiLSTM,multiclass,20,1,17,0.5668179341896096,4.838538601284935,398,42,64
BABA,Services,BiLSTM,multiclass,20,1,1,2.2405571109496507,2.836018062773205,149,42,64
BABA,Services,BiLSTM,multiclass,20,1,2,1.6587530892567346,1.6712420327322823,149,42,64
BABA,Services,BiLSTM,multiclass,20,1,3,1.3175798418537883,1.892909015927996,149,42,64
BABA,Services,BiLSTM,multiclass,20,1,4,1.3047774874123952,2.5499089558919272,149,42,64
BABA,Services,BiLSTM,multiclass,20,1,5,0.8510824573920077,4.195500033242362,149,42,64
BABA,Services,BiLSTM,multiclass,20,1,6,1.005937435682988,5.112928640274775,149,42,64
BABA,Services,BiLSTM,multiclass,20,1,7,1.0529855949766684,7.157858848571777,149,42,64
BABA,Services,BiLSTM,multiclass,20,1,8,0.7887592301672737,6.785001573108492,149,42,64
BABA,Services,BiLSTM,multiclass,20,1,9,0.8932121060038573,6.832952272324335,149,42,64
BABA,Services,BiLSTM,multiclass,20,1,10,0.839875264055777,6.982178370157878,149,42,64
BABA,Services,BiLSTM,multiclass,20,1,11,0.7429731544232209,9.582276707603818,149,42,64
BABA,Services,BiLSTM,multiclass,20,1,12,0.6671454532434477,9.459755988348098,149,42,64
BABA,Services,BiLSTM,multiclass,20,1,13,0.6025192437555966,8.15621026357015,149,42,64
BABA,Services,BiLSTM,multiclass,20,1,14,0.7958411270340017,8.187938962663923,149,42,64
BABA,Services,BiLSTM,multiclass,20,1,15,0.5795756710455722,8.17912160782587,149,42,64
BABA,Services,BiLSTM,multiclass,20,1,16,0.5224757364532292,9.778045154753185,149,42,64
BABA,Services,BiLSTM,multiclass,20,1,17,0.687396744953706,9.008457365490141,149,42,64
BAC,Financial,BiLSTM,multiclass,20,1,1,1.6882455486748087,1.038159898349217,398,42,64
BAC,Financial,BiLSTM,multiclass,20,1,2,1.4042321515442737,1.1882940019880022,398,42,64
BAC,Financial,BiLSTM,multiclass,20,1,3,1.2147583233651205,1.3894701458158947,398,42,64
BAC,Financial,BiLSTM,multiclass,20,1,4,1.1341987129431874,1.220655259631929,398,42,64
BAC,Financial,BiLSTM,multiclass,20,1,5,0.8886760658954256,1.2595170679546537,398,42,64
BAC,Financial,BiLSTM,multiclass,20,1,6,0.9400544190526607,1.0616995096206665,398,42,64
BAC,Financial,BiLSTM,multiclass,20,1,7,0.8983301840834881,1.0427346172786893,398,42,64
BAC,Financial,BiLSTM,multiclass,20,1,8,0.7910972432275514,1.1730301891054427,398,42,64
BAC,Financial,BiLSTM,multiclass,20,1,9,0.7397335144742649,1.115211049715678,398,42,64
BAC,Financial,BiLSTM,multiclass,20,1,10,0.6984734451351453,1.2967202038992018,398,42,64
BAC,Financial,BiLSTM,multiclass,20,1,11,0.647039079785946,1.196552282287961,398,42,64
BAC,Financial,BiLSTM,multiclass,20,1,12,0.6818187751961713,1.139248637926011,398,42,64
BAC,Financial,BiLSTM,multiclass,20,1,13,0.6133925279780249,1.1731865349270048,398,42,64
BAC,Financial,BiLSTM,multiclass,20,1,14,0.6123784251848058,1.1911830618267967,398,42,64
BAC,Financial,BiLSTM,multiclass,20,1,15,0.6053558791702117,1.390738430477324,398,42,64
BAC,Financial,BiLSTM,multiclass,20,1,16,0.5817562886817971,1.4080346198309035,398,42,64
BBL,Basic Matierials,BiLSTM,multiclass,20,1,1,1.652013575910923,2.068992569333031,398,42,64
BBL,Basic Matierials,BiLSTM,multiclass,20,1,2,1.3141916687764115,1.2519745542889549,398,42,64
BBL,Basic Matierials,BiLSTM,multiclass,20,1,3,1.223138810402185,2.0431245962778726,398,42,64
BBL,Basic Matierials,BiLSTM,multiclass,20,1,4,1.2021822270436502,2.086839346658616,398,42,64
BBL,Basic Matierials,BiLSTM,multiclass,20,1,5,1.1081663546849734,1.647489309310913,398,42,64
BBL,Basic Matierials,BiLSTM,multiclass,20,1,6,0.9717843400773092,2.0758765879131498,398,42,64
BBL,Basic Matierials,BiLSTM,multiclass,20,1,7,0.8959785076841038,2.1395108699798584,398,42,64
BBL,Basic Matierials,BiLSTM,multiclass,20,1,8,0.9630678973006244,3.4285912286667597,398,42,64
BBL,Basic Matierials,BiLSTM,multiclass,20,1,9,1.0388663411140442,1.5147172042301722,398,42,64
BBL,Basic Matierials,BiLSTM,multiclass,20,1,10,0.8783004256948155,1.4480585427511306,398,42,64
BBL,Basic Matierials,BiLSTM,multiclass,20,1,11,0.895340982094482,1.379048568861825,398,42,64
BBL,Basic Matierials,BiLSTM,multiclass,20,1,12,0.8672916508799222,1.151848174276806,398,42,64
BBL,Basic Matierials,BiLSTM,multiclass,20,1,13,0.8012488080029512,1.2182706594467163,398,42,64
BBL,Basic Matierials,BiLSTM,multiclass,20,1,14,0.7788028854820597,1.6467654421215965,398,42,64
BBL,Basic Matierials,BiLSTM,multiclass,20,1,15,0.8813014836167571,1.0776035615376063,398,42,64
BBL,Basic Matierials,BiLSTM,multiclass,20,1,16,0.7963534105363204,1.5404887369700841,398,42,64
BBL,Basic Matierials,BiLSTM,multiclass,20,1,17,0.758644060872907,1.1783086856206257,398,42,64
BBL,Basic Matierials,BiLSTM,multiclass,20,1,18,0.787314932849539,1.1953321241197132,398,42,64
BBL,Basic Matierials,BiLSTM,multiclass,20,1,19,0.726231491445896,0.9518809602374122,398,42,64
BBL,Basic Matierials,BiLSTM,multiclass,20,1,20,0.7110432392388732,1.3592049394335066,398,42,64
BBL,Basic Matierials,BiLSTM,multiclass,20,1,21,0.6865942690839719,0.9573697305860973,398,42,64
BBL,Basic Matierials,BiLSTM,multiclass,20,1,22,0.6789515746298747,1.2571402277265276,398,42,64
BBL,Basic Matierials,BiLSTM,multiclass,20,1,23,0.7013827810934441,1.0058741966883342,398,42,64
BBL,Basic Matierials,BiLSTM,multiclass,20,1,24,0.7103707538777261,1.2199132669539678,398,42,64
BBL,Basic Matierials,BiLSTM,multiclass,20,1,25,0.7175195019448822,0.9968362393833342,398,42,64
BBL,Basic Matierials,BiLSTM,multiclass,20,1,26,0.6429878350478321,0.9634875967389062,398,42,64
BBL,Basic Matierials,BiLSTM,multiclass,20,1,27,0.6320220528535507,1.6621261494500297,398,42,64
BBL,Basic Matierials,BiLSTM,multiclass,20,1,28,0.6391684952093728,1.024318882397243,398,42,64
BBL,Basic Matierials,BiLSTM,multiclass,20,1,29,0.6371872631748717,1.4769259350640433,398,42,64
BBL,Basic Matierials,BiLSTM,multiclass,20,1,30,0.6722075199362022,0.9740369575364249,398,42,64
BCH,Financial,BiLSTM,multiclass,20,1,1,1.7277049482168265,2.4122712044488814,398,42,64
BCH,Financial,BiLSTM,multiclass,20,1,2,1.349372505542621,1.1451611462093534,398,42,64
BCH,Financial,BiLSTM,multiclass,20,1,3,1.2253809420008157,1.1198762995856149,398,42,64
BCH,Financial,BiLSTM,multiclass,20,1,4,1.1957615721764876,1.1117921727044242,398,42,64
BCH,Financial,BiLSTM,multiclass,20,1,5,0.8932567834854126,1.1869588295618694,398,42,64
BCH,Financial,BiLSTM,multiclass,20,1,6,1.0370347760430532,1.0484132709957303,398,42,64
BCH,Financial,BiLSTM,multiclass,20,1,7,0.9824353446013964,1.0493803251357305,398,42,64
BCH,Financial,BiLSTM,multiclass,20,1,8,0.78293674869753,1.134992928732009,398,42,64
BCH,Financial,BiLSTM,multiclass,20,1,9,0.8574471078326354,1.1264016003835768,398,42,64
BCH,Financial,BiLSTM,multiclass,20,1,10,0.8567522512608438,1.3063345068976993,398,42,64
BCH,Financial,BiLSTM,multiclass,20,1,11,0.8959836025333884,1.36915541830517,398,42,64
BCH,Financial,BiLSTM,multiclass,20,1,12,0.7898367817078403,1.7670122101193382,398,42,64
BCH,Financial,BiLSTM,multiclass,20,1,13,0.7941654216704057,1.2616923252741497,398,42,64
BCH,Financial,BiLSTM,multiclass,20,1,14,0.7462533571612295,1.0999023573739188,398,42,64
BCH,Financial,BiLSTM,multiclass,20,1,15,0.7837343364205193,1.1184755223137992,398,42,64
BCH,Financial,BiLSTM,multiclass,20,1,16,0.7467047712910715,1.4195513044084822,398,42,64
BCH,Financial,BiLSTM,multiclass,20,1,17,0.729159739598557,1.4736249219803583,398,42,64
BCH,Financial,BiLSTM,multiclass,20,1,18,0.6756748630473363,1.4486355440957206,398,42,64
BCH,Financial,BiLSTM,multiclass,20,1,19,0.6076395962406044,1.2422813915071034,398,42,64
BCH,Financial,BiLSTM,multiclass,20,1,20,0.6792821991982771,1.3507748671940394,398,42,64
BCH,Financial,BiLSTM,multiclass,20,1,21,0.5858138309950804,1.3953621160416376,398,42,64
BHP,Basic Matierials,BiLSTM,multiclass,20,1,1,1.7090032810541853,2.249382177988688,398,42,64
BHP,Basic Matierials,BiLSTM,multiclass,20,1,2,1.253336127379432,1.2940482866196406,398,42,64
BHP,Basic Matierials,BiLSTM,multiclass,20,1,3,1.1566814861105914,1.250388239111219,398,42,64
BHP,Basic Matierials,BiLSTM,multiclass,20,1,4,1.1215120167588468,1.1854906791732425,398,42,64
BHP,Basic Matierials,BiLSTM,multiclass,20,1,5,1.0367187917532035,1.1163737461680459,398,42,64
BHP,Basic Matierials,BiLSTM,multiclass,20,1,6,0.9422522915068583,1.140195715995062,398,42,64
BHP,Basic Matierials,BiLSTM,multiclass,20,1,7,0.9805703061309892,1.1434060079710824,398,42,64
BHP,Basic Matierials,BiLSTM,multiclass,20,1,8,0.8898701820541267,1.104801595211029,398,42,64
BHP,Basic Matierials,BiLSTM,multiclass,20,1,9,0.8460976780958511,1.0561459007717313,398,42,64
BHP,Basic Matierials,BiLSTM,multiclass,20,1,10,0.8376465925020189,1.1412591253008162,398,42,64
BHP,Basic Matierials,BiLSTM,multiclass,20,1,11,0.8069886652069476,1.1547960979597909,398,42,64
BHP,Basic Matierials,BiLSTM,multiclass,20,1,12,0.7458424044014821,1.0831116154080345,398,42,64
BHP,Basic Matierials,BiLSTM,multiclass,20,1,13,0.7974392894524426,1.099556599344526,398,42,64
BHP,Basic Matierials,BiLSTM,multiclass,20,1,14,0.7359791928200267,1.2128746481168837,398,42,64
BHP,Basic Matierials,BiLSTM,multiclass,20,1,15,0.7766413853396124,1.132515978245508,398,42,64
BHP,Basic Matierials,BiLSTM,multiclass,20,1,16,0.733381901254606,1.21196867170788,398,42,64
BHP,Basic Matierials,BiLSTM,multiclass,20,1,17,0.6796745151730638,1.2683147333917164,398,42,64
BHP,Basic Matierials,BiLSTM,multiclass,20,1,18,0.6683823634032628,1.5112789188112532,398,42,64
BHP,Basic Matierials,BiLSTM,multiclass,20,1,19,0.6571358702889639,1.2413246149108523,398,42,64
BHP,Basic Matierials,BiLSTM,multiclass,20,1,20,0.5937469676511371,1.4943898518880208,398,42,64
BHP,Basic Matierials,BiLSTM,multiclass,20,1,21,0.6233534285770589,1.3924099206924438,398,42,64
BHP,Basic Matierials,BiLSTM,multiclass,20,1,22,0.6540903736598528,1.5499743932769412,398,42,64
BHP,Basic Matierials,BiLSTM,multiclass,20,1,23,0.6668550180430388,1.4179266804740542,398,42,64
BHP,Basic Matierials,BiLSTM,multiclass,20,1,24,0.6167097824003229,1.4052613178888957,398,42,64
BP,Basic Matierials,BiLSTM,multiclass,20,1,1,1.8452859757533624,1.9573554197947185,398,42,64
BP,Basic Matierials,BiLSTM,multiclass,20,1,2,1.3575692212761348,1.5206784350531442,398,42,64
BP,Basic Matierials,BiLSTM,multiclass,20,1,3,1.2241140058891258,2.0450044018881663,398,42,64
BP,Basic Matierials,BiLSTM,multiclass,20,1,4,1.1261379221575942,1.7431607586996896,398,42,64
BP,Basic Matierials,BiLSTM,multiclass,20,1,5,1.1388762072103107,1.773559984706697,398,42,64
BP,Basic Matierials,BiLSTM,multiclass,20,1,6,1.038379605091996,1.450646502631051,398,42,64
BP,Basic Matierials,BiLSTM,multiclass,20,1,7,1.0009157975115368,1.852697837920416,398,42,64
BP,Basic Matierials,BiLSTM,multiclass,20,1,8,0.9777825699379695,1.6106286673318773,398,42,64
BP,Basic Matierials,BiLSTM,multiclass,20,1,9,0.8844507423477557,1.4279572168986003,398,42,64
BP,Basic Matierials,BiLSTM,multiclass,20,1,10,0.9641109829272457,1.3909962744939894,398,42,64
BP,Basic Matierials,BiLSTM,multiclass,20,1,11,0.8293850598622806,1.219460135414487,398,42,64
BP,Basic Matierials,BiLSTM,multiclass,20,1,12,0.775380150307363,1.3649618057977586,398,42,64
BP,Basic Matierials,BiLSTM,multiclass,20,1,13,0.8847789526285239,1.5820936929611933,398,42,64
BP,Basic Matierials,BiLSTM,multiclass,20,1,14,0.8447909331201908,1.3152343034744263,398,42,64
BP,Basic Matierials,BiLSTM,multiclass,20,1,15,0.7399715495169462,1.054658299400693,398,42,64
BP,Basic Matierials,BiLSTM,multiclass,20,1,16,0.7765102685995438,1.2709020943868727,398,42,64
BP,Basic Matierials,BiLSTM,multiclass,20,1,17,0.7201328755323612,1.5305200531369163,398,42,64
BP,Basic Matierials,BiLSTM,multiclass,20,1,18,0.7007966132918794,1.9529958338964553,398,42,64
BP,Basic Matierials,BiLSTM,multiclass,20,1,19,0.6679556808579508,1.4760721921920776,398,42,64
BP,Basic Matierials,BiLSTM,multiclass,20,1,20,0.7149066722872269,1.6769175813311623,398,42,64
BP,Basic Matierials,BiLSTM,multiclass,20,1,21,0.6496204959986797,1.6313002109527588,398,42,64
BP,Basic Matierials,BiLSTM,multiclass,20,1,22,0.7007293810496977,1.7657605296089536,398,42,64
BP,Basic Matierials,BiLSTM,multiclass,20,1,23,0.6470763710275966,1.4855681090127855,398,42,64
BP,Basic Matierials,BiLSTM,multiclass,20,1,24,0.6508455884516539,1.8539934782754808,398,42,64
BP,Basic Matierials,BiLSTM,multiclass,20,1,25,0.5752568845473343,1.1644705363682337,398,42,64
BP,Basic Matierials,BiLSTM,multiclass,20,1,26,0.5860760658230614,1.1770106667564029,398,42,64
BP,Basic Matierials,BiLSTM,multiclass,20,1,27,0.6229851412114187,1.2361005317597162,398,42,64
BP,Basic Matierials,BiLSTM,multiclass,20,1,28,0.5313402695871478,1.401967587925139,398,42,64
BP,Basic Matierials,BiLSTM,multiclass,20,1,29,0.593464073823325,1.1259935413088118,398,42,64
BP,Basic Matierials,BiLSTM,multiclass,20,1,30,0.5941271672596284,1.1979152929215204,398,42,64
BRK-A,Financial,BiLSTM,multiclass,20,1,1,1.348757565021515,4.81380634080796,398,42,64
BRK-A,Financial,BiLSTM,multiclass,20,1,2,1.3646499757191644,1.3765412852877663,398,42,64
BRK-A,Financial,BiLSTM,multiclass,20,1,3,1.473892851990072,2.005771966207595,398,42,64
BRK-A,Financial,BiLSTM,multiclass,20,1,4,1.1993855390716437,1.9671560469127836,398,42,64
BRK-A,Financial,BiLSTM,multiclass,20,1,5,1.2226843270824184,1.9916532947903587,398,42,64
BRK-A,Financial,BiLSTM,multiclass,20,1,6,0.9942893005495694,2.2482763131459556,398,42,64
BRK-A,Financial,BiLSTM,multiclass,20,1,7,1.146487097045285,3.1510107063111805,398,42,64
BRK-A,Financial,BiLSTM,multiclass,20,1,8,0.6582795555268101,1.9221565155755906,398,42,64
BRK-A,Financial,BiLSTM,multiclass,20,1,9,0.8177838154773617,1.7043652193886893,398,42,64
BRK-A,Financial,BiLSTM,multiclass,20,1,10,0.8626499733134131,1.6193727992829823,398,42,64
BRK-A,Financial,BiLSTM,multiclass,20,1,11,0.5960957920131971,1.8807719435010637,398,42,64
BRK-A,Financial,BiLSTM,multiclass,20,1,12,0.8266672875413943,2.0512934071677074,398,42,64
BRK-A,Financial,BiLSTM,multiclass,20,1,13,0.8071407100663113,1.748970315569923,398,42,64
BRK-A,Financial,BiLSTM,multiclass,20,1,14,0.6192925782059905,1.9324364435105097,398,42,64
BRK-A,Financial,BiLSTM,multiclass,20,1,15,0.847124946776347,2.2265115692501976,398,42,64
BRK-A,Financial,BiLSTM,multiclass,20,1,16,0.5780627290208136,2.2650980041140603,398,42,64
BRK-A,Financial,BiLSTM,multiclass,20,1,17,0.5883792408147649,1.9688582306816464,398,42,64
BSAC,Financial,BiLSTM,multiclass,20,1,1,1.8240409304748229,1.410464420205071,398,42,64
BSAC,Financial,BiLSTM,multiclass,20,1,2,1.4119521430389366,1.7382343723660423,398,42,64
BSAC,Financial,BiLSTM,multiclass,20,1,3,1.2706569325384782,1.9078502655029297,398,42,64
BSAC,Financial,BiLSTM,multiclass,20,1,4,1.1632421780471227,2.2949428104218983,398,42,64
BSAC,Financial,BiLSTM,multiclass,20,1,5,1.0219108384458264,2.1627302169799805,398,42,64
BSAC,Financial,BiLSTM,multiclass,20,1,6,0.8484072517510035,2.2132659071967717,398,42,64
BSAC,Financial,BiLSTM,multiclass,20,1,7,1.017404516438144,2.552255289895194,398,42,64
BSAC,Financial,BiLSTM,multiclass,20,1,8,1.0329510701361613,2.423304705392747,398,42,64
BSAC,Financial,BiLSTM,multiclass,20,1,9,0.9875373486897454,3.1028119041806175,398,42,64
BSAC,Financial,BiLSTM,multiclass,20,1,10,0.8632069080319237,2.033188853945051,398,42,64
BSAC,Financial,BiLSTM,multiclass,20,1,11,0.8705500825565664,2.91332331157866,398,42,64
BSAC,Financial,BiLSTM,multiclass,20,1,12,0.862738644807183,2.1513802891685847,398,42,64
BSAC,Financial,BiLSTM,multiclass,20,1,13,0.7705131337870306,1.8155608631315685,398,42,64
BSAC,Financial,BiLSTM,multiclass,20,1,14,0.7586276102904699,2.5367250442504883,398,42,64
BSAC,Financial,BiLSTM,multiclass,20,1,15,0.7827763824007619,1.9417115052541096,398,42,64
BSAC,Financial,BiLSTM,multiclass,20,1,16,0.7282224632986826,2.258717956997099,398,42,64
BUD,Consumer Goods,BiLSTM,multiclass,20,1,1,1.8899114416472276,1.3868359611147927,398,42,64
BUD,Consumer Goods,BiLSTM,multiclass,20,1,2,1.4837032826102559,3.0729564485095797,398,42,64
BUD,Consumer Goods,BiLSTM,multiclass,20,1,3,1.2388971756451095,2.4393075080144975,398,42,64
BUD,Consumer Goods,BiLSTM,multiclass,20,1,4,1.217843137194763,2.9931404817672003,398,42,64
BUD,Consumer Goods,BiLSTM,multiclass,20,1,5,1.1481172226781222,1.8096815517970495,398,42,64
BUD,Consumer Goods,BiLSTM,multiclass,20,1,6,1.0054769129609342,2.1399643194107782,398,42,64
BUD,Consumer Goods,BiLSTM,multiclass,20,1,7,1.0768546231427985,2.557645570664179,398,42,64
BUD,Consumer Goods,BiLSTM,multiclass,20,1,8,1.0360379497609546,2.6498221783410933,398,42,64
BUD,Consumer Goods,BiLSTM,multiclass,20,1,9,0.9187499111022183,3.7601538385663713,398,42,64
BUD,Consumer Goods,BiLSTM,multiclass,20,1,10,1.004891877198339,2.6820920762561618,398,42,64
BUD,Consumer Goods,BiLSTM,multiclass,20,1,11,0.8280280301319295,2.710956232888358,398,42,64
BUD,Consumer Goods,BiLSTM,multiclass,20,1,12,0.861553245004098,2.567069961911156,398,42,64
BUD,Consumer Goods,BiLSTM,multiclass,20,1,13,0.8278154604998066,2.211033889225551,398,42,64
BUD,Consumer Goods,BiLSTM,multiclass,20,1,14,0.7744059495290919,3.046033495948428,398,42,64
BUD,Consumer Goods,BiLSTM,multiclass,20,1,15,0.6878579438631259,2.8601271992637995,398,42,64
BUD,Consumer Goods,BiLSTM,multiclass,20,1,16,0.6925188085841174,3.0706384295508977,398,42,64
C,Financial,BiLSTM,multiclass,20,1,1,1.790236468291163,1.8505744593484061,398,42,64
C,Financial,BiLSTM,multiclass,20,1,2,1.2926232455363824,1.5016151609874906,398,42,64
C,Financial,BiLSTM,multiclass,20,1,3,1.194370150566101,1.0309557176771618,398,42,64
C,Financial,BiLSTM,multiclass,20,1,4,1.050286458664803,1.2501301651909238,398,42,64
C,Financial,BiLSTM,multiclass,20,1,5,0.9994295901389577,1.2631725243159704,398,42,64
C,Financial,BiLSTM,multiclass,20,1,6,0.8203866338011009,1.2800729955945696,398,42,64
C,Financial,BiLSTM,multiclass,20,1,7,0.8952105446676513,1.0039877153578258,398,42,64
C,Financial,BiLSTM,multiclass,20,1,8,0.9097018757058148,1.0814803384599232,398,42,64
C,Financial,BiLSTM,multiclass,20,1,9,0.7671866854231562,1.2483808994293213,398,42,64
C,Financial,BiLSTM,multiclass,20,1,10,0.8583635427244943,1.2108614558265323,398,42,64
C,Financial,BiLSTM,multiclass,20,1,11,0.8597740959282496,1.0956660282044184,398,42,64
C,Financial,BiLSTM,multiclass,20,1,12,0.7444858700785805,1.0326351381483532,398,42,64
C,Financial,BiLSTM,multiclass,20,1,13,0.7235212023533768,1.2642124153318859,398,42,64
C,Financial,BiLSTM,multiclass,20,1,14,0.7362200345226269,1.5609082040332614,398,42,64
C,Financial,BiLSTM,multiclass,20,1,15,0.6775458377210339,1.2309059415544783,398,42,64
C,Financial,BiLSTM,multiclass,20,1,16,0.6901584465300018,1.3539442334856306,398,42,64
C,Financial,BiLSTM,multiclass,20,1,17,0.6206969498988971,1.2085246699196952,398,42,64
C,Financial,BiLSTM,multiclass,20,1,18,0.6084765249760307,1.2711385658809118,398,42,64
C,Financial,BiLSTM,multiclass,20,1,19,0.5692837804406132,1.3591022945585705,398,42,64
C,Financial,BiLSTM,multiclass,20,1,20,0.5375436316782506,1.4911537965138753,398,42,64
C,Financial,BiLSTM,multiclass,20,1,21,0.6091135761246609,1.2603110131763278,398,42,64
C,Financial,BiLSTM,multiclass,20,1,22,0.49750750448236514,1.4424027488345192,398,42,64
CAT,Industrial Goods,BiLSTM,multiclass,20,1,1,1.9143054724937707,1.9200906611624218,398,42,64
CAT,Industrial Goods,BiLSTM,multiclass,20,1,2,1.262826460090714,1.4603503658657981,398,42,64
CAT,Industrial Goods,BiLSTM,multiclass,20,1,3,1.069684104104737,1.7862794058663505,398,42,64
CAT,Industrial Goods,BiLSTM,multiclass,20,1,4,1.0967558280906486,1.6904699007670085,398,42,64
CAT,Industrial Goods,BiLSTM,multiclass,20,1,5,1.1457204573118507,2.2617238135564897,398,42,64
CAT,Industrial Goods,BiLSTM,multiclass,20,1,6,1.1573076595613105,2.1246710958934965,398,42,64
CAT,Industrial Goods,BiLSTM,multiclass,20,1,7,1.0635353033267074,1.9926670960017614,398,42,64
CAT,Industrial Goods,BiLSTM,multiclass,20,1,8,1.0071952348977478,2.4982994624546597,398,42,64
CAT,Industrial Goods,BiLSTM,multiclass,20,1,9,0.9779230607813926,2.2586894716535295,398,42,64
CAT,Industrial Goods,BiLSTM,multiclass,20,1,10,0.8905840785659138,2.971959659031459,398,42,64
CAT,Industrial Goods,BiLSTM,multiclass,20,1,11,0.8117472373660485,2.1008273533412387,398,42,64
CAT,Industrial Goods,BiLSTM,multiclass,20,1,12,0.8433220832791161,1.7906285240536643,398,42,64
CAT,Industrial Goods,BiLSTM,multiclass,20,1,13,0.759107164102583,2.141898995354062,398,42,64
CAT,Industrial Goods,BiLSTM,multiclass,20,1,14,0.739941350179701,1.9076642422449022,398,42,64
CAT,Industrial Goods,BiLSTM,multiclass,20,1,15,0.7146901943575796,2.1734344845726374,398,42,64
CAT,Industrial Goods,BiLSTM,multiclass,20,1,16,0.6902878254502263,2.1187754358564104,398,42,64
CAT,Industrial Goods,BiLSTM,multiclass,20,1,17,0.6867530712829762,2.004194112051101,398,42,64
CELG,Healthcare,BiLSTM,multiclass,20,1,1,1.6689251116172752,1.1535140900384813,398,42,64
CELG,Healthcare,BiLSTM,multiclass,20,1,2,1.3743341963494842,1.2352145399366106,398,42,64
CELG,Healthcare,BiLSTM,multiclass,20,1,3,1.109576127337451,1.4899223418462844,398,42,64
CELG,Healthcare,BiLSTM,multiclass,20,1,4,1.0311391832840502,2.066593987601144,398,42,64
CELG,Healthcare,BiLSTM,multiclass,20,1,5,0.9905684479516954,1.2566386404491605,398,42,64
CELG,Healthcare,BiLSTM,multiclass,20,1,6,0.8190522361640356,1.3906911781855993,398,42,64
CELG,Healthcare,BiLSTM,multiclass,20,1,7,0.8766810570529957,1.4866779418218703,398,42,64
CELG,Healthcare,BiLSTM,multiclass,20,1,8,0.8160529576953331,1.2900484970637731,398,42,64
CELG,Healthcare,BiLSTM,multiclass,20,1,9,0.8656098617980229,1.3548706486111595,398,42,64
CELG,Healthcare,BiLSTM,multiclass,20,1,10,0.8387184912834934,1.4759114129202706,398,42,64
CELG,Healthcare,BiLSTM,multiclass,20,1,11,0.7760807749015003,1.1331483693349929,398,42,64
CELG,Healthcare,BiLSTM,multiclass,20,1,12,0.748374673888911,1.4826405388968331,398,42,64
CELG,Healthcare,BiLSTM,multiclass,20,1,13,0.7063513712667341,1.2827458041054862,398,42,64
CELG,Healthcare,BiLSTM,multiclass,20,1,14,0.6641208766093806,1.3551200798579626,398,42,64
CELG,Healthcare,BiLSTM,multiclass,20,1,15,0.6895358250967821,1.4309785479591006,398,42,64
CELG,Healthcare,BiLSTM,multiclass,20,1,16,0.678863474771605,1.2235374450683594,398,42,64
CELG,Healthcare,BiLSTM,multiclass,20,1,17,0.6827837767912515,1.4213812805357433,398,42,64
CELG,Healthcare,BiLSTM,multiclass,20,1,18,0.6251473275560829,1.4785512401944114,398,42,64
CELG,Healthcare,BiLSTM,multiclass,20,1,19,0.5764993676288643,1.5721166360945928,398,42,64
CELG,Healthcare,BiLSTM,multiclass,20,1,20,0.598161480235095,1.5240315369197301,398,42,64
CELG,Healthcare,BiLSTM,multiclass,20,1,21,0.60797518491745,1.5549648943401517,398,42,64
CELG,Healthcare,BiLSTM,multiclass,20,1,22,0.6686181333196822,1.4295406909216017,398,42,64
CELG,Healthcare,BiLSTM,multiclass,20,1,23,0.6270592323499709,1.7922899268922352,398,42,64
CELG,Healthcare,BiLSTM,multiclass,20,1,24,0.5328644129199598,1.9921651567731584,398,42,64
CELG,Healthcare,BiLSTM,multiclass,20,1,25,0.5186107196100992,1.7443943137214297,398,42,64
CELG,Healthcare,BiLSTM,multiclass,20,1,26,0.5257239978217599,2.2336666016351607,398,42,64
CHL,Technology,BiLSTM,multiclass,20,1,1,1.7161495008660321,1.5677998179481143,398,42,64
CHL,Technology,BiLSTM,multiclass,20,1,2,1.3977366020931072,0.9018328274999347,398,42,64
CHL,Technology,BiLSTM,multiclass,20,1,3,1.1533467038791982,0.9540816375187465,398,42,64
CHL,Technology,BiLSTM,multiclass,20,1,4,0.9674694657924786,0.947805486974262,398,42,64
CHL,Technology,BiLSTM,multiclass,20,1,5,1.0129095932946133,0.9628208762123471,398,42,64
CHL,Technology,BiLSTM,multiclass,20,1,6,0.9186179425249148,0.9105052692549569,398,42,64
CHL,Technology,BiLSTM,multiclass,20,1,7,0.8544967057716907,0.9246678352355957,398,42,64
CHL,Technology,BiLSTM,multiclass,20,1,8,0.8807439663302359,0.953735215323312,398,42,64
CHL,Technology,BiLSTM,multiclass,20,1,9,0.8255488420251625,0.9104555192447844,398,42,64
CHL,Technology,BiLSTM,multiclass,20,1,10,0.8113300493314638,0.9312689474650792,398,42,64
CHL,Technology,BiLSTM,multiclass,20,1,11,0.765430854792571,0.9531665586289906,398,42,64
CHL,Technology,BiLSTM,multiclass,20,1,12,0.8183685382406916,0.9025157718431382,398,42,64
CHL,Technology,BiLSTM,multiclass,20,1,13,0.7497258219287624,0.9198679015749976,398,42,64
CHL,Technology,BiLSTM,multiclass,20,1,14,0.7276085243752254,0.9766454072225661,398,42,64
CHL,Technology,BiLSTM,multiclass,20,1,15,0.6968357898482126,1.0530425707499187,398,42,64
CHL,Technology,BiLSTM,multiclass,20,1,16,0.7109095139719134,1.0233580044337682,398,42,64
CHL,Technology,BiLSTM,multiclass,20,1,17,0.6218518306262529,1.0730012343043374,398,42,64
CHTR,Services,BiLSTM,multiclass,20,1,1,1.7490789411055983,2.391948098228091,398,42,64
CHTR,Services,BiLSTM,multiclass,20,1,2,1.487998157290358,1.4235146726880754,398,42,64
CHTR,Services,BiLSTM,multiclass,20,1,3,1.1496803478978985,1.4268218676249187,398,42,64
CHTR,Services,BiLSTM,multiclass,20,1,4,1.0819734990896293,1.4808026722499303,398,42,64
CHTR,Services,BiLSTM,multiclass,20,1,5,0.9613372072502596,1.3142839130901156,398,42,64
CHTR,Services,BiLSTM,multiclass,20,1,6,0.8988481008227746,0.9460227234022958,398,42,64
CHTR,Services,BiLSTM,multiclass,20,1,7,0.9409020411309286,1.0049173945472354,398,42,64
CHTR,Services,BiLSTM,multiclass,20,1,8,0.8098800451911274,1.0258273141724723,398,42,64
CHTR,Services,BiLSTM,multiclass,20,1,9,0.8252666370952548,1.1574378467741466,398,42,64
CHTR,Services,BiLSTM,multiclass,20,1,10,0.8720063063966569,1.3730928273428054,398,42,64
CHTR,Services,BiLSTM,multiclass,20,1,11,0.6961343923405786,1.582147093046279,398,42,64
CHTR,Services,BiLSTM,multiclass,20,1,12,0.7196482467890983,1.3572537104288738,398,42,64
CHTR,Services,BiLSTM,multiclass,20,1,13,0.7037245927743576,1.4435381889343262,398,42,64
CHTR,Services,BiLSTM,multiclass,20,1,14,0.7468887339884313,1.198090448265984,398,42,64
CHTR,Services,BiLSTM,multiclass,20,1,15,0.66545166202526,1.4749844585146223,398,42,64
CHTR,Services,BiLSTM,multiclass,20,1,16,0.5872970082652029,1.5060190530050368,398,42,64
CHTR,Services,BiLSTM,multiclass,20,1,17,0.6137146737108279,1.1683976990836007,398,42,64
CHTR,Services,BiLSTM,multiclass,20,1,18,0.6312150188426876,1.7751975911004203,398,42,64
CHTR,Services,BiLSTM,multiclass,20,1,19,0.6379646548074693,1.7804603633426486,398,42,64
CHTR,Services,BiLSTM,multiclass,20,1,20,0.6581166373125872,2.1732248692285445,398,42,64
CHTR,Services,BiLSTM,multiclass,20,1,21,0.5959131490046056,1.8950715405600411,398,42,64
CMCSA,Services,BiLSTM,multiclass,20,1,1,1.8268196942219184,3.138859022231329,398,42,64
CMCSA,Services,BiLSTM,multiclass,20,1,2,1.211648918276456,1.3225948867343722,398,42,64
CMCSA,Services,BiLSTM,multiclass,20,1,3,1.2154813459770164,1.3397234564735776,398,42,64
CMCSA,Services,BiLSTM,multiclass,20,1,4,0.8842838282261661,1.3152888332094466,398,42,64
CMCSA,Services,BiLSTM,multiclass,20,1,5,0.9532449209510382,0.9939234909557161,398,42,64
CMCSA,Services,BiLSTM,multiclass,20,1,6,0.9904153495278191,1.2288708261081152,398,42,64
CMCSA,Services,BiLSTM,multiclass,20,1,7,0.8827119652350345,1.732720000403268,398,42,64
CMCSA,Services,BiLSTM,multiclass,20,1,8,0.8405544703929269,1.2069673424675351,398,42,64
CMCSA,Services,BiLSTM,multiclass,20,1,9,0.8774146147109755,1.8897690716243924,398,42,64
CMCSA,Services,BiLSTM,multiclass,20,1,10,0.7346421105777798,1.3744895855585735,398,42,64
CMCSA,Services,BiLSTM,multiclass,20,1,11,0.8554290829591416,1.6286774249303908,398,42,64
CMCSA,Services,BiLSTM,multiclass,20,1,12,0.6742324820115938,1.389855112348284,398,42,64
CMCSA,Services,BiLSTM,multiclass,20,1,13,0.8200189117810235,2.470603182202294,398,42,64
CMCSA,Services,BiLSTM,multiclass,20,1,14,0.6478944402843264,2.306474106652396,398,42,64
CMCSA,Services,BiLSTM,multiclass,20,1,15,0.6812080502809592,1.862230664207822,398,42,64
CMCSA,Services,BiLSTM,multiclass,20,1,16,0.6049642308273507,2.0204052925109863,398,42,64
CMCSA,Services,BiLSTM,multiclass,20,1,17,0.5506591769918125,3.0371499061584473,398,42,64
CMCSA,Services,BiLSTM,multiclass,20,1,18,0.6067017412664902,2.4608170759110224,398,42,64
CMCSA,Services,BiLSTM,multiclass,20,1,19,0.5171096970388038,2.320367483865647,398,42,64
CMCSA,Services,BiLSTM,multiclass,20,1,20,0.4943355073281868,1.8880008515857516,398,42,64
CODI,Conglomerates,BiLSTM,multiclass,20,1,1,1.4869489454144809,1.0171262054216295,398,42,64
CODI,Conglomerates,BiLSTM,multiclass,20,1,2,1.3387402080411288,1.015403912180946,398,42,64
CODI,Conglomerates,BiLSTM,multiclass,20,1,3,1.193375454775652,1.1963381824039279,398,42,64
CODI,Conglomerates,BiLSTM,multiclass,20,1,4,0.8325602160626321,0.9001497597921462,398,42,64
CODI,Conglomerates,BiLSTM,multiclass,20,1,5,0.9523812223918474,0.8553920501754397,398,42,64
CODI,Conglomerates,BiLSTM,multiclass,20,1,6,0.9621507657233195,0.811584594703856,398,42,64
CODI,Conglomerates,BiLSTM,multiclass,20,1,7,0.8387696175419506,0.8522599765232631,398,42,64
CODI,Conglomerates,BiLSTM,multiclass,20,1,8,0.8155388791656973,0.8045214442979722,398,42,64
CODI,Conglomerates,BiLSTM,multiclass,20,1,9,0.9845986782605923,0.8362857954842704,398,42,64
CODI,Conglomerates,BiLSTM,multiclass,20,1,10,0.900131007984056,0.8522742589314779,398,42,64
CODI,Conglomerates,BiLSTM,multiclass,20,1,11,0.7465006220879866,0.8165304376965478,398,42,64
CODI,Conglomerates,BiLSTM,multiclass,20,1,12,0.7603029195387759,0.7751827098074413,398,42,64
CODI,Conglomerates,BiLSTM,multiclass,20,1,13,0.7059201490339921,0.942261190641494,398,42,64
CODI,Conglomerates,BiLSTM,multiclass,20,1,14,0.7110001649988357,0.8134877114068895,398,42,64
CODI,Conglomerates,BiLSTM,multiclass,20,1,15,0.7031782229042532,0.7897763678005764,398,42,64
CODI,Conglomerates,BiLSTM,multiclass,20,1,16,0.6869022474816097,0.9481602339517503,398,42,64
CODI,Conglomerates,BiLSTM,multiclass,20,1,17,0.693737428691519,1.0769384304682414,398,42,64
CODI,Conglomerates,BiLSTM,multiclass,20,1,18,0.653201289811925,1.242396695273263,398,42,64
CODI,Conglomerates,BiLSTM,multiclass,20,1,19,0.5980336658619158,0.956683011282058,398,42,64
CODI,Conglomerates,BiLSTM,multiclass,20,1,20,0.6020779113973206,1.167857323374067,398,42,64
CODI,Conglomerates,BiLSTM,multiclass,20,1,21,0.6396941036435227,1.0032298905508858,398,42,64
CODI,Conglomerates,BiLSTM,multiclass,20,1,22,0.6558882929571909,1.0815840051287697,398,42,64
CODI,Conglomerates,BiLSTM,multiclass,20,1,23,0.5942048945618634,0.9905286459695726,398,42,64
CODI,Conglomerates,BiLSTM,multiclass,20,1,24,0.6706135334381506,1.274351642245338,398,42,64
CODI,Conglomerates,BiLSTM,multiclass,20,1,25,0.5522705312050766,0.9793491987955003,398,42,64
CODI,Conglomerates,BiLSTM,multiclass,20,1,26,0.5187174862054125,1.0743709859393893,398,42,64
CODI,Conglomerates,BiLSTM,multiclass,20,1,27,0.582380042453507,1.3181732438859486,398,42,64
CSCO,Technology,BiLSTM,multiclass,20,1,1,1.8739700766664054,4.002847898574102,398,42,64
CSCO,Technology,BiLSTM,multiclass,20,1,2,1.557581222985857,1.8755365212758381,398,42,64
CSCO,Technology,BiLSTM,multiclass,20,1,3,1.3016063070776474,1.6447493235270183,398,42,64
CSCO,Technology,BiLSTM,multiclass,20,1,4,0.8990539881452244,2.0307835851396834,398,42,64
CSCO,Technology,BiLSTM,multiclass,20,1,5,1.0820101818547176,2.3706190018426803,398,42,64
CSCO,Technology,BiLSTM,multiclass,20,1,6,0.9718347510800289,2.2054231620970226,398,42,64
CSCO,Technology,BiLSTM,multiclass,20,1,7,0.9142931960335928,2.177143993831816,398,42,64
CSCO,Technology,BiLSTM,multiclass,20,1,8,0.8667928666325669,2.6435099783397855,398,42,64
CSCO,Technology,BiLSTM,multiclass,20,1,9,0.8430388141517065,2.0313642024993896,398,42,64
CSCO,Technology,BiLSTM,multiclass,20,1,10,0.7343332313712517,1.9809522401718866,398,42,64
CSCO,Technology,BiLSTM,multiclass,20,1,11,0.7486319652753859,1.9914806343260265,398,42,64
CSCO,Technology,BiLSTM,multiclass,20,1,12,0.7501426129484895,2.3171065875462125,398,42,64
CSCO,Technology,BiLSTM,multiclass,20,1,13,0.8013183013278635,2.120490562348139,398,42,64
CSCO,Technology,BiLSTM,multiclass,20,1,14,0.6323354966077374,2.781348262514387,398,42,64
CSCO,Technology,BiLSTM,multiclass,20,1,15,0.6440710519725953,2.6934657096862793,398,42,64
CSCO,Technology,BiLSTM,multiclass,20,1,16,0.6252703382142225,2.6706431933811734,398,42,64
CSCO,Technology,BiLSTM,multiclass,20,1,17,0.5754854406543712,2.4099388122558594,398,42,64
CSCO,Technology,BiLSTM,multiclass,20,1,18,0.5937944072574827,2.7914464814322337,398,42,64
CVX,Basic Matierials,BiLSTM,multiclass,20,1,1,1.6575030729399254,2.5095704964229038,398,42,64
CVX,Basic Matierials,BiLSTM,multiclass,20,1,2,1.1883531413485657,2.607584839775449,398,42,64
CVX,Basic Matierials,BiLSTM,multiclass,20,1,3,1.2652180775925144,3.31353337424142,398,42,64
CVX,Basic Matierials,BiLSTM,multiclass,20,1,4,1.0225071415829299,2.3201664856501987,398,42,64
CVX,Basic Matierials,BiLSTM,multiclass,20,1,5,1.075810502222435,2.252601521355765,398,42,64
CVX,Basic Matierials,BiLSTM,multiclass,20,1,6,0.8925790067893177,2.479947703225272,398,42,64
CVX,Basic Matierials,BiLSTM,multiclass,20,1,7,0.9606868729519484,1.9662945554369973,398,42,64
CVX,Basic Matierials,BiLSTM,multiclass,20,1,8,0.9358936895677192,2.210036107472011,398,42,64
CVX,Basic Matierials,BiLSTM,multiclass,20,1,9,0.7637907608070565,2.4348366146995906,398,42,64
CVX,Basic Matierials,BiLSTM,multiclass,20,1,10,0.7722253715572645,2.5092597348349437,398,42,64
CVX,Basic Matierials,BiLSTM,multiclass,20,1,11,0.7061083822993178,2.3128734372911,398,42,64
CVX,Basic Matierials,BiLSTM,multiclass,20,1,12,0.7804668454369109,2.6210104056767056,398,42,64
CVX,Basic Matierials,BiLSTM,multiclass,20,1,13,0.6941777996381923,2.1163901487986245,398,42,64
CVX,Basic Matierials,BiLSTM,multiclass,20,1,14,0.6952055508467421,2.4655201264790128,398,42,64
CVX,Basic Matierials,BiLSTM,multiclass,20,1,15,0.6842161180385992,1.6285275220870972,398,42,64
CVX,Basic Matierials,BiLSTM,multiclass,20,1,16,0.7083297943949101,2.184173192296709,398,42,64
CVX,Basic Matierials,BiLSTM,multiclass,20,1,17,0.6953330552158643,1.8698659227007912,398,42,64
CVX,Basic Matierials,BiLSTM,multiclass,20,1,18,0.5865318065312639,1.8686674322400774,398,42,64
CVX,Basic Matierials,BiLSTM,multiclass,20,1,19,0.615613992489762,3.385112682978312,398,42,64
CVX,Basic Matierials,BiLSTM,multiclass,20,1,20,0.56200403918573,2.0914231027875627,398,42,64
CVX,Basic Matierials,BiLSTM,multiclass,20,1,21,0.5402405315907157,2.427151918411255,398,42,64
CVX,Basic Matierials,BiLSTM,multiclass,20,1,22,0.5966390161658052,2.5723927872521535,398,42,64
CVX,Basic Matierials,BiLSTM,multiclass,20,1,23,0.6554105931790031,1.4756814809072585,398,42,64
CVX,Basic Matierials,BiLSTM,multiclass,20,1,24,0.5238804615023148,1.9691167275110881,398,42,64
CVX,Basic Matierials,BiLSTM,multiclass,20,1,25,0.5395532904857367,1.7910658234641665,398,42,64
CVX,Basic Matierials,BiLSTM,multiclass,20,1,26,0.4883636203243505,1.7522041286740984,398,42,64
CVX,Basic Matierials,BiLSTM,multiclass,20,1,27,0.5221787261303945,2.5406998168854487,398,42,64
CVX,Basic Matierials,BiLSTM,multiclass,20,1,28,0.5855045595660282,2.182833228792463,398,42,64
CVX,Basic Matierials,BiLSTM,multiclass,20,1,29,0.5230506616621161,1.8579512721016294,398,42,64
CVX,Basic Matierials,BiLSTM,multiclass,20,1,30,0.47451473136044026,1.80746214730399,398,42,64
D,Utilities,BiLSTM,multiclass,20,1,1,1.5093416625530875,1.538724524634225,398,42,64
D,Utilities,BiLSTM,multiclass,20,1,2,1.2669531412460098,1.7524709871837072,398,42,64
D,Utilities,BiLSTM,multiclass,20,1,3,1.129021533470058,1.7716255982716878,398,42,64
D,Utilities,BiLSTM,multiclass,20,1,4,0.8995195291749197,1.3982295535859608,398,42,64
D,Utilities,BiLSTM,multiclass,20,1,5,1.0187832452544017,1.5845759142012823,398,42,64
D,Utilities,BiLSTM,multiclass,20,1,6,0.9705460272242675,1.4115098317464192,398,42,64
D,Utilities,BiLSTM,multiclass,20,1,7,0.9766425595211623,1.5221772420974005,398,42,64
D,Utilities,BiLSTM,multiclass,20,1,8,0.84454960649337,1.6009607031231834,398,42,64
D,Utilities,BiLSTM,multiclass,20,1,9,0.8200736459176144,1.1915486738795327,398,42,64
D,Utilities,BiLSTM,multiclass,20,1,10,0.8495812335206037,1.6494848841712588,398,42,64
D,Utilities,BiLSTM,multiclass,20,1,11,0.7322591953541167,1.550911857968285,398,42,64
D,Utilities,BiLSTM,multiclass,20,1,12,0.7169381532836799,1.7427243959336054,398,42,64
D,Utilities,BiLSTM,multiclass,20,1,13,0.6387495063058096,1.613326839038304,398,42,64
D,Utilities,BiLSTM,multiclass,20,1,14,0.6141540453062585,1.6120789902550834,398,42,64
D,Utilities,BiLSTM,multiclass,20,1,15,0.7268762762223057,1.5829897778374808,398,42,64
D,Utilities,BiLSTM,multiclass,20,1,16,0.5689439006786251,1.7150014638900757,398,42,64
D,Utilities,BiLSTM,multiclass,20,1,17,0.7011307675634796,1.7333908932549613,398,42,64
D,Utilities,BiLSTM,multiclass,20,1,18,0.7039486361508394,1.4918434903735207,398,42,64
D,Utilities,BiLSTM,multiclass,20,1,19,0.5801538625853745,1.4855688980647497,398,42,64
D,Utilities,BiLSTM,multiclass,20,1,20,0.5788534743402471,1.706481382960365,398,42,64
D,Utilities,BiLSTM,multiclass,20,1,21,0.534107610807946,1.7409263849258423,398,42,64
D,Utilities,BiLSTM,multiclass,20,1,22,0.5676439007622512,2.019917357535589,398,42,64
D,Utilities,BiLSTM,multiclass,20,1,23,0.6121255740448458,1.7042190290632702,398,42,64
D,Utilities,BiLSTM,multiclass,20,1,24,0.5999789556965756,1.5828122922352381,398,42,64
DHR,Industrial Goods,BiLSTM,multiclass,20,1,1,1.612974611359026,2.3971624942052934,398,42,64
DHR,Industrial Goods,BiLSTM,multiclass,20,1,2,1.5282486233878974,1.4330198963483174,398,42,64
DHR,Industrial Goods,BiLSTM,multiclass,20,1,3,1.2502446498104076,1.2815693020820618,398,42,64
DHR,Industrial Goods,BiLSTM,multiclass,20,1,4,1.2058821383433127,1.152784302121117,398,42,64
DHR,Industrial Goods,BiLSTM,multiclass,20,1,5,1.0592886871428946,1.3460650216965449,398,42,64
DHR,Industrial Goods,BiLSTM,multiclass,20,1,6,1.0197911526090535,1.192424782684871,398,42,64
DHR,Industrial Goods,BiLSTM,multiclass,20,1,7,0.9705375621666261,1.3869562915393285,398,42,64
DHR,Industrial Goods,BiLSTM,multiclass,20,1,8,0.9404572907404684,1.1658714016278584,398,42,64
DHR,Industrial Goods,BiLSTM,multiclass,20,1,9,0.8537314153795865,1.220829086644309,398,42,64
DHR,Industrial Goods,BiLSTM,multiclass,20,1,10,0.808431384102184,0.9846349954605103,398,42,64
DHR,Industrial Goods,BiLSTM,multiclass,20,1,11,0.8452990833838382,1.2480002329463051,398,42,64
DHR,Industrial Goods,BiLSTM,multiclass,20,1,12,0.6710263745269583,1.0696136213484264,398,42,64
DHR,Industrial Goods,BiLSTM,multiclass,20,1,13,0.7495973703250214,1.0613081001100086,398,42,64
DHR,Industrial Goods,BiLSTM,multiclass,20,1,14,0.8128566852766066,0.9491848150889078,398,42,64
DHR,Industrial Goods,BiLSTM,multiclass,20,1,15,0.6715524133725382,1.1864753507432484,398,42,64
DHR,Industrial Goods,BiLSTM,multiclass,20,1,16,0.6304022328338431,1.2104332730883645,398,42,64
DHR,Industrial Goods,BiLSTM,multiclass,20,1,17,0.7332283372256025,1.1206006492887224,398,42,64
DHR,Industrial Goods,BiLSTM,multiclass,20,1,18,0.6844751211866063,1.223556447596777,398,42,64
DHR,Industrial Goods,BiLSTM,multiclass,20,1,19,0.5960119185435712,1.3582145827157157,398,42,64
DHR,Industrial Goods,BiLSTM,multiclass,20,1,20,0.7351062486519166,1.0608553971563066,398,42,64
DHR,Industrial Goods,BiLSTM,multiclass,20,1,21,0.7015572919617945,1.2710835082190377,398,42,64
DHR,Industrial Goods,BiLSTM,multiclass,20,1,22,0.6449397460899161,1.344842240923927,398,42,64
DHR,Industrial Goods,BiLSTM,multiclass,20,1,23,0.7333131219873477,1.121514394169762,398,42,64
DHR,Industrial Goods,BiLSTM,multiclass,20,1,24,0.6445440413364812,1.036026948974246,398,42,64
DHR,Industrial Goods,BiLSTM,multiclass,20,1,25,0.6987577088214644,0.8591808619953337,398,42,64
DHR,Industrial Goods,BiLSTM,multiclass,20,1,26,0.6005253270642841,0.9786955629076276,398,42,64
DHR,Industrial Goods,BiLSTM,multiclass,20,1,27,0.5684078678713372,0.9096446434656779,398,42,64
DHR,Industrial Goods,BiLSTM,multiclass,20,1,28,0.682279026388523,1.0056233462833224,398,42,64
DHR,Industrial Goods,BiLSTM,multiclass,20,1,29,0.56192617620056,1.1616125163577853,398,42,64
DHR,Industrial Goods,BiLSTM,multiclass,20,1,30,0.5189211790885159,1.3866535538718814,398,42,64
DIS,Services,BiLSTM,multiclass,20,1,1,1.5392189744728892,3.4836258320581344,398,42,64
DIS,Services,BiLSTM,multiclass,20,1,2,1.1229560247917272,1.0093522128604708,398,42,64
DIS,Services,BiLSTM,multiclass,20,1,3,1.1873916156926947,1.0226388374964397,398,42,64
DIS,Services,BiLSTM,multiclass,20,1,4,0.8930983076143504,1.2932743316604978,398,42,64
DIS,Services,BiLSTM,multiclass,20,1,5,1.058857528708089,1.4519805312156677,398,42,64
DIS,Services,BiLSTM,multiclass,20,1,6,0.726829437754262,1.4835792439324516,398,42,64
DIS,Services,BiLSTM,multiclass,20,1,7,0.6818005924847856,1.6868285962513514,398,42,64
DIS,Services,BiLSTM,multiclass,20,1,8,0.8272504542940226,1.273270450887226,398,42,64
DIS,Services,BiLSTM,multiclass,20,1,9,0.784391360816045,1.351061151141212,398,42,64
DIS,Services,BiLSTM,multiclass,20,1,10,0.611075369706705,1.2914015281768072,398,42,64
DIS,Services,BiLSTM,multiclass,20,1,11,0.6934812179761916,1.1485544272831507,398,42,64
DIS,Services,BiLSTM,multiclass,20,1,12,0.7610705697057235,1.257675187928336,398,42,64
DIS,Services,BiLSTM,multiclass,20,1,13,0.6803910747245329,0.984642573765346,398,42,64
DIS,Services,BiLSTM,multiclass,20,1,14,0.6597489543895626,0.9174963888667879,398,42,64
DIS,Services,BiLSTM,multiclass,20,1,15,0.57802257900262,0.8897850456691924,398,42,64
DIS,Services,BiLSTM,multiclass,20,1,16,0.6162729411568474,0.9818840736434573,398,42,64
DIS,Services,BiLSTM,multiclass,20,1,17,0.584297190958531,1.0876572472708566,398,42,64
DIS,Services,BiLSTM,multiclass,20,1,18,0.4949711540236545,1.4283745061783564,398,42,64
DIS,Services,BiLSTM,multiclass,20,1,19,0.593196874886901,1.054683648404621,398,42,64
DIS,Services,BiLSTM,multiclass,20,1,20,0.525497097765381,1.2513756468182518,398,42,64
DIS,Services,BiLSTM,multiclass,20,1,21,0.6154517121051424,1.0817341861270724,398,42,64
DIS,Services,BiLSTM,multiclass,20,1,22,0.5599609279452856,1.1822878235862369,398,42,64
DIS,Services,BiLSTM,multiclass,20,1,23,0.5216967532383138,1.28712378797077,398,42,64
DIS,Services,BiLSTM,multiclass,20,1,24,0.5102915298100092,1.6435717287517728,398,42,64
DIS,Services,BiLSTM,multiclass,20,1,25,0.5593551067850697,1.3495820420128959,398,42,64
DIS,Services,BiLSTM,multiclass,20,1,26,0.5059585643174062,1.7374918801443917,398,42,64
DIS,Services,BiLSTM,multiclass,20,1,27,0.48034786534069773,1.1624409414473034,398,42,64
DIS,Services,BiLSTM,multiclass,20,1,28,0.5356984110034291,1.1101753144037156,398,42,64
DIS,Services,BiLSTM,multiclass,20,1,29,0.4577212598755132,1.351998664083935,398,42,64
DIS,Services,BiLSTM,multiclass,20,1,30,0.5499978144863742,1.3314185028984433,398,42,64
DUK,Utilities,BiLSTM,multiclass,20,1,1,1.8053978139431632,1.8195086008026486,398,42,64
DUK,Utilities,BiLSTM,multiclass,20,1,2,1.2802205001888562,1.417461639358884,398,42,64
DUK,Utilities,BiLSTM,multiclass,20,1,3,1.058514823865651,2.204731884456816,398,42,64
DUK,Utilities,BiLSTM,multiclass,20,1,4,0.9663653369225449,1.6451010476975214,398,42,64
DUK,Utilities,BiLSTM,multiclass,20,1,5,0.900419908702074,1.745270740418207,398,42,64
DUK,Utilities,BiLSTM,multiclass,20,1,6,0.833960764372169,1.7566697483971006,398,42,64
DUK,Utilities,BiLSTM,multiclass,20,1,7,0.914212205601697,2.0619224253154935,398,42,64
DUK,Utilities,BiLSTM,multiclass,20,1,8,0.9499163399988683,1.2668746482758295,398,42,64
DUK,Utilities,BiLSTM,multiclass,20,1,9,0.7341196222520953,1.8875476405734108,398,42,64
DUK,Utilities,BiLSTM,multiclass,20,1,10,0.775837330512665,1.3168727386565435,398,42,64
DUK,Utilities,BiLSTM,multiclass,20,1,11,0.7159321008615158,1.48414527234577,398,42,64
DUK,Utilities,BiLSTM,multiclass,20,1,12,0.6863064289692059,1.314266011828468,398,42,64
DUK,Utilities,BiLSTM,multiclass,20,1,13,0.6939968862126221,1.647598527726673,398,42,64
DUK,Utilities,BiLSTM,multiclass,20,1,14,0.6664470001381246,1.361541509628296,398,42,64
DUK,Utilities,BiLSTM,multiclass,20,1,15,0.6710007091862472,1.8739400931767054,398,42,64
DUK,Utilities,BiLSTM,multiclass,20,1,16,0.6998920150138624,0.9420123809859866,398,42,64
DUK,Utilities,BiLSTM,multiclass,20,1,17,0.6116322663860705,1.261851327759879,398,42,64
DUK,Utilities,BiLSTM,multiclass,20,1,18,0.7302630587139322,1.0243234237035115,398,42,64
DUK,Utilities,BiLSTM,multiclass,20,1,19,0.7754054677546324,1.6950861045292445,398,42,64
DUK,Utilities,BiLSTM,multiclass,20,1,20,0.6136319226955049,1.1791599478040422,398,42,64
DUK,Utilities,BiLSTM,multiclass,20,1,21,0.5561509852732845,1.2027249733606975,398,42,64
DUK,Utilities,BiLSTM,multiclass,20,1,22,0.5552200743900472,1.4237590630849202,398,42,64
DUK,Utilities,BiLSTM,multiclass,20,1,23,0.7023209269022822,1.2223934218997048,398,42,64
DUK,Utilities,BiLSTM,multiclass,20,1,24,0.5456345022922784,1.6274927854537964,398,42,64
DUK,Utilities,BiLSTM,multiclass,20,1,25,0.5291738845595163,1.551834605989002,398,42,64
DUK,Utilities,BiLSTM,multiclass,20,1,26,0.48831482269057075,1.2783650216602145,398,42,64
DUK,Utilities,BiLSTM,multiclass,20,1,27,0.4898329308284587,1.6548778102511452,398,42,64
DUK,Utilities,BiLSTM,multiclass,20,1,28,0.6937862035617157,1.4649263223012288,398,42,64
DUK,Utilities,BiLSTM,multiclass,20,1,29,0.45060153792251895,1.6060478006090437,398,42,64
DUK,Utilities,BiLSTM,multiclass,20,1,30,0.44119202566506277,1.3969164689381917,398,42,64
EXC,Utilities,BiLSTM,multiclass,20,1,1,1.6926242790030475,0.9463909154846555,398,42,64
EXC,Utilities,BiLSTM,multiclass,20,1,2,1.4905577547586144,2.075873931248983,398,42,64
EXC,Utilities,BiLSTM,multiclass,20,1,3,1.1883088062756026,2.9262310436793735,398,42,64
EXC,Utilities,BiLSTM,multiclass,20,1,4,1.213313597231055,2.004295519420079,398,42,64
EXC,Utilities,BiLSTM,multiclass,20,1,5,1.0569474927744074,1.7639119852156866,398,42,64
EXC,Utilities,BiLSTM,multiclass,20,1,6,0.8674984394605435,1.7646093936193556,398,42,64
EXC,Utilities,BiLSTM,multiclass,20,1,7,0.8984842623897533,1.662303822381156,398,42,64
EXC,Utilities,BiLSTM,multiclass,20,1,8,0.855556556627379,2.4987255732218423,398,42,64
EXC,Utilities,BiLSTM,multiclass,20,1,9,0.8448278224048902,2.3831935155959356,398,42,64
EXC,Utilities,BiLSTM,multiclass,20,1,10,0.7975838414987727,2.539380277906145,398,42,64
EXC,Utilities,BiLSTM,multiclass,20,1,11,0.7970321807430019,2.1586652369726274,398,42,64
EXC,Utilities,BiLSTM,multiclass,20,1,12,0.7795369894660298,2.122759807677496,398,42,64
EXC,Utilities,BiLSTM,multiclass,20,1,13,0.7193895611331691,2.4368558043525335,398,42,64
EXC,Utilities,BiLSTM,multiclass,20,1,14,0.8059335467803418,1.8821179866790771,398,42,64
EXC,Utilities,BiLSTM,multiclass,20,1,15,0.6808734939026473,2.1869460060482933,398,42,64
EXC,Utilities,BiLSTM,multiclass,20,1,16,0.694679788309126,1.7788210823422386,398,42,64
FB,Technology,BiLSTM,multiclass,20,1,1,1.5619017544703269,1.6157333850860596,398,42,64
FB,Technology,BiLSTM,multiclass,20,1,2,1.2539836988976254,1.2310535113016765,398,42,64
FB,Technology,BiLSTM,multiclass,20,1,3,1.1303286246917954,1.274004788625808,398,42,64
FB,Technology,BiLSTM,multiclass,20,1,4,1.0739467865857646,1.1617058856146676,398,42,64
FB,Technology,BiLSTM,multiclass,20,1,5,0.9889320677249276,1.1793321541377477,398,42,64
FB,Technology,BiLSTM,multiclass,20,1,6,0.8803112944166864,1.1969305220104398,398,42,64
FB,Technology,BiLSTM,multiclass,20,1,7,0.7615706782844198,1.2217949117933,398,42,64
FB,Technology,BiLSTM,multiclass,20,1,8,0.7492231136590393,1.0248851038160778,398,42,64
FB,Technology,BiLSTM,multiclass,20,1,9,0.8128036835684849,1.0613831451960973,398,42,64
FB,Technology,BiLSTM,multiclass,20,1,10,0.7421326146053908,1.205303010486421,398,42,64
FB,Technology,BiLSTM,multiclass,20,1,11,0.7365969721995407,1.1481805074782598,398,42,64
FB,Technology,BiLSTM,multiclass,20,1,12,0.6266242304639001,1.2292579582759313,398,42,64
FB,Technology,BiLSTM,multiclass,20,1,13,0.7335990433716894,1.1605392353875297,398,42,64
FB,Technology,BiLSTM,multiclass,20,1,14,0.6305485957830994,1.2008383330844699,398,42,64
FB,Technology,BiLSTM,multiclass,20,1,15,0.6763728686313534,1.0891524382999964,398,42,64
FB,Technology,BiLSTM,multiclass,20,1,16,0.650988963081609,0.9248198214031401,398,42,64
FB,Technology,BiLSTM,multiclass,20,1,17,0.6665023355627778,1.0252398138954526,398,42,64
FB,Technology,BiLSTM,multiclass,20,1,18,0.5947511807158964,1.2428569964000158,398,42,64
FB,Technology,BiLSTM,multiclass,20,1,19,0.6198174659930282,1.1424238738559542,398,42,64
FB,Technology,BiLSTM,multiclass,20,1,20,0.5825070776232523,1.2090323709306263,398,42,64
FB,Technology,BiLSTM,multiclass,20,1,21,0.586589008419957,1.1177598578589303,398,42,64
FB,Technology,BiLSTM,multiclass,20,1,22,0.5222660376498448,1.1981967914672125,398,42,64
FB,Technology,BiLSTM,multiclass,20,1,23,0.5862450551747078,1.2077741566158475,398,42,64
FB,Technology,BiLSTM,multiclass,20,1,24,0.5891364438449918,1.2805314234324865,398,42,64
FB,Technology,BiLSTM,multiclass,20,1,25,0.5618916781403911,1.2299763758977253,398,42,64
FB,Technology,BiLSTM,multiclass,20,1,26,0.5411555109611109,1.142744325456165,398,42,64
FB,Technology,BiLSTM,multiclass,20,1,27,0.539792473292231,1.1955718085879372,398,42,64
FB,Technology,BiLSTM,multiclass,20,1,28,0.49982703196343464,1.1635776133764357,398,42,64
FB,Technology,BiLSTM,multiclass,20,1,29,0.4976874419193172,1.1778560763313657,398,42,64
FB,Technology,BiLSTM,multiclass,20,1,30,0.4553008707024943,1.1876160076686315,398,42,64
GD,Industrial Goods,BiLSTM,multiclass,20,1,1,1.7036969056680573,1.6220939868972415,398,42,64
GD,Industrial Goods,BiLSTM,multiclass,20,1,2,1.2737553521017333,1.274237417039417,398,42,64
GD,Industrial Goods,BiLSTM,multiclass,20,1,3,1.277855152460798,1.1880239248275757,398,42,64
GD,Industrial Goods,BiLSTM,multiclass,20,1,4,1.0999767482280731,1.4007192112150646,398,42,64
GD,Industrial Goods,BiLSTM,multiclass,20,1,5,0.9976748928951857,1.2780748889559792,398,42,64
GD,Industrial Goods,BiLSTM,multiclass,20,1,6,0.9468756114418183,1.8805546987624395,398,42,64
GD,Industrial Goods,BiLSTM,multiclass,20,1,7,0.914146799987285,1.4632774080548967,398,42,64
GD,Industrial Goods,BiLSTM,multiclass,20,1,8,0.845997096455876,1.240509651956104,398,42,64
GD,Industrial Goods,BiLSTM,multiclass,20,1,9,0.8163365925376739,1.110479479744321,398,42,64
GD,Industrial Goods,BiLSTM,multiclass,20,1,10,0.8040231156289278,1.1265502316611153,398,42,64
GD,Industrial Goods,BiLSTM,multiclass,20,1,11,0.7490090757758174,1.2401967502775646,398,42,64
GD,Industrial Goods,BiLSTM,multiclass,20,1,12,0.857099521998784,1.1877777973810832,398,42,64
GD,Industrial Goods,BiLSTM,multiclass,20,1,13,0.7311072506796774,1.2475621473221552,398,42,64
GD,Industrial Goods,BiLSTM,multiclass,20,1,14,0.8096260966068536,1.4164073921385265,398,42,64
GD,Industrial Goods,BiLSTM,multiclass,20,1,15,0.7254770799497863,1.2095598833901542,398,42,64
GD,Industrial Goods,BiLSTM,multiclass,20,1,16,0.7010955554456567,1.2280404567718506,398,42,64
GD,Industrial Goods,BiLSTM,multiclass,20,1,17,0.7522074758407459,1.3967900389716739,398,42,64
GD,Industrial Goods,BiLSTM,multiclass,20,1,18,0.6749850011351121,1.2149374541782199,398,42,64
GD,Industrial Goods,BiLSTM,multiclass,20,1,19,0.730610308635175,1.330399331592378,398,42,64
GD,Industrial Goods,BiLSTM,multiclass,20,1,20,0.6895724301362157,1.2255559648786272,398,42,64
GD,Industrial Goods,BiLSTM,multiclass,20,1,21,0.6356714114771417,1.2514190276463826,398,42,64
GD,Industrial Goods,BiLSTM,multiclass,20,1,22,0.6006059953615294,1.205585655711946,398,42,64
GD,Industrial Goods,BiLSTM,multiclass,20,1,23,0.6418036357242258,1.1734432549703688,398,42,64
GD,Industrial Goods,BiLSTM,multiclass,20,1,24,0.6087417722347394,1.188145018759228,398,42,64
GE,Industrial Goods,BiLSTM,multiclass,20,1,1,1.7800200914018718,8.711290223257881,398,42,64
GE,Industrial Goods,BiLSTM,multiclass,20,1,2,1.4797195974905886,3.554197703089033,398,42,64
GE,Industrial Goods,BiLSTM,multiclass,20,1,3,1.2359246985996188,1.7530133326848347,398,42,64
GE,Industrial Goods,BiLSTM,multiclass,20,1,4,0.9564342861199499,1.6177620887756348,398,42,64
GE,Industrial Goods,BiLSTM,multiclass,20,1,5,1.0837358389068488,1.5165336756479173,398,42,64
GE,Industrial Goods,BiLSTM,multiclass,20,1,6,0.8321761833363442,1.7295507419677008,398,42,64
GE,Industrial Goods,BiLSTM,multiclass,20,1,7,1.136696117457433,1.5069413355418615,398,42,64
GE,Industrial Goods,BiLSTM,multiclass,20,1,8,1.0738980245949634,1.710051144872393,398,42,64
GE,Industrial Goods,BiLSTM,multiclass,20,1,9,0.8669030690312984,1.8415315945943196,398,42,64
GE,Industrial Goods,BiLSTM,multiclass,20,1,10,0.8300774494307724,2.6531695468085155,398,42,64
GE,Industrial Goods,BiLSTM,multiclass,20,1,11,0.8091471958999059,1.9350500731241136,398,42,64
GE,Industrial Goods,BiLSTM,multiclass,20,1,12,0.7813380883267177,1.7097660643713815,398,42,64
GE,Industrial Goods,BiLSTM,multiclass,20,1,13,0.7074716082170381,2.562955413545881,398,42,64
GE,Industrial Goods,BiLSTM,multiclass,20,1,14,0.806360322326871,3.0336891355968656,398,42,64
GE,Industrial Goods,BiLSTM,multiclass,20,1,15,0.7608404140077044,2.6396452529089793,398,42,64
GE,Industrial Goods,BiLSTM,multiclass,20,1,16,0.6743712852049113,1.788520057996114,398,42,64
GE,Industrial Goods,BiLSTM,multiclass,20,1,17,0.6608347548312278,1.973240540141151,398,42,64
GE,Industrial Goods,BiLSTM,multiclass,20,1,18,0.504972848460902,1.9955755528949557,398,42,64
GE,Industrial Goods,BiLSTM,multiclass,20,1,19,0.6757930807731859,1.8312197980426608,398,42,64
GE,Industrial Goods,BiLSTM,multiclass,20,1,20,0.525418781904719,2.003190279006958,398,42,64
GE,Industrial Goods,BiLSTM,multiclass,20,1,21,0.7141447296394176,1.8591075851803733,398,42,64
GE,Industrial Goods,BiLSTM,multiclass,20,1,22,0.4881378834571072,2.0437210344132923,398,42,64
GOOG,Technology,BiLSTM,multiclass,20,1,1,1.4811989865710389,2.984852734066191,398,42,64
GOOG,Technology,BiLSTM,multiclass,20,1,2,1.2187786216112837,1.560953004019601,398,42,64
GOOG,Technology,BiLSTM,multiclass,20,1,3,1.1033926429460996,1.4563306740352087,398,42,64
GOOG,Technology,BiLSTM,multiclass,20,1,4,1.0581027041727573,1.5021874961398898,398,42,64
GOOG,Technology,BiLSTM,multiclass,20,1,5,0.906390294058239,1.7107669909795125,398,42,64
GOOG,Technology,BiLSTM,multiclass,20,1,6,0.7644058753497637,1.1789557536443074,398,42,64
GOOG,Technology,BiLSTM,multiclass,20,1,7,0.8178404566630646,1.3243693510691326,398,42,64
GOOG,Technology,BiLSTM,multiclass,20,1,8,0.8037603326778316,1.1416145676658267,398,42,64
GOOG,Technology,BiLSTM,multiclass,20,1,9,0.7845541112986042,1.1576133909679593,398,42,64
GOOG,Technology,BiLSTM,multiclass,20,1,10,0.7050914545754092,1.2151375781922114,398,42,64
GOOG,Technology,BiLSTM,multiclass,20,1,11,0.6551641429488982,1.1746276333218528,398,42,64
GOOG,Technology,BiLSTM,multiclass,20,1,12,0.7112643533016569,1.229596699987139,398,42,64
GOOG,Technology,BiLSTM,multiclass,20,1,13,0.7024563712690344,1.257919362613133,398,42,64
GOOG,Technology,BiLSTM,multiclass,20,1,14,0.7634614083036106,1.3916984796524048,398,42,64
GOOG,Technology,BiLSTM,multiclass,20,1,15,0.7009380588579417,1.264418783641997,398,42,64
GOOG,Technology,BiLSTM,multiclass,20,1,16,0.6469366346771394,1.316065027600243,398,42,64
GOOG,Technology,BiLSTM,multiclass,20,1,17,0.6541702828215594,1.2858422313417708,398,42,64
GOOG,Technology,BiLSTM,multiclass,20,1,18,0.567283062180083,1.4259269805181594,398,42,64
GOOG,Technology,BiLSTM,multiclass,20,1,19,0.65087106749041,1.3598900579270863,398,42,64
GOOG,Technology,BiLSTM,multiclass,20,1,20,0.6119943809269661,1.2972945769627888,398,42,64
GOOG,Technology,BiLSTM,multiclass,20,1,21,0.5711092200111504,1.3678652161643619,398,42,64
GOOG,Technology,BiLSTM,multiclass,20,1,22,0.6031519426173301,1.1979610749653407,398,42,64
GOOG,Technology,BiLSTM,multiclass,20,1,23,0.5795656238968049,1.3432017280941917,398,42,64
HD,Services,BiLSTM,multiclass,20,1,1,1.6089179908210909,2.4629536242712113,398,42,64
HD,Services,BiLSTM,multiclass,20,1,2,1.2262580959341634,1.8149094865435647,398,42,64
HD,Services,BiLSTM,multiclass,20,1,3,1.0540108156563648,1.8189665873845418,398,42,64
HD,Services,BiLSTM,multiclass,20,1,4,0.8768418359397044,1.4213903177352178,398,42,64
HD,Services,BiLSTM,multiclass,20,1,5,0.8771910724328391,1.6399009908948625,398,42,64
HD,Services,BiLSTM,multiclass,20,1,6,0.9259619676887091,1.3779386338733493,398,42,64
HD,Services,BiLSTM,multiclass,20,1,7,0.9189810269142515,1.749726584979466,398,42,64
HD,Services,BiLSTM,multiclass,20,1,8,0.781374066319298,1.7857955750964938,398,42,64
HD,Services,BiLSTM,multiclass,20,1,9,0.8014196497411584,2.0429694652557373,398,42,64
HD,Services,BiLSTM,multiclass,20,1,10,0.7435553566594819,2.1652064550490606,398,42,64
HD,Services,BiLSTM,multiclass,20,1,11,0.6915091987530789,2.568843126296997,398,42,64
HD,Services,BiLSTM,multiclass,20,1,12,0.7153202501972716,2.183579092934018,398,42,64
HD,Services,BiLSTM,multiclass,20,1,13,0.6563695472988051,2.473960217975435,398,42,64
HD,Services,BiLSTM,multiclass,20,1,14,0.7065114957004336,2.4631722541082475,398,42,64
HD,Services,BiLSTM,multiclass,20,1,15,0.7002752917495805,2.057619026729039,398,42,64
HD,Services,BiLSTM,multiclass,20,1,16,0.6581643294149907,2.2416888078053794,398,42,64
HD,Services,BiLSTM,multiclass,20,1,17,0.6219049244370293,2.6279315721421015,398,42,64
HD,Services,BiLSTM,multiclass,20,1,18,0.6271268027511674,2.400842008136568,398,42,64
HD,Services,BiLSTM,multiclass,20,1,19,0.6934301442836397,2.9088872160230363,398,42,64
HD,Services,BiLSTM,multiclass,20,1,20,0.6587399218849201,2.357707897822062,398,42,64
HD,Services,BiLSTM,multiclass,20,1,21,0.5890805141710157,2.4282405376434326,398,42,64
HON,Industrial Goods,BiLSTM,multiclass,20,1,1,1.8834902425507205,2.8561607201894126,398,42,64
HON,Industrial Goods,BiLSTM,multiclass,20,1,2,1.3416382703349818,1.5951248237064906,398,42,64
HON,Industrial Goods,BiLSTM,multiclass,20,1,3,1.4230721305363143,1.3574844485237485,398,42,64
HON,Industrial Goods,BiLSTM,multiclass,20,1,4,1.2216947219479624,1.1649850947516305,398,42,64
HON,Industrial Goods,BiLSTM,multiclass,20,1,5,0.999511323382507,1.4513001952852522,398,42,64
HON,Industrial Goods,BiLSTM,multiclass,20,1,6,1.05036930882152,1.4059156690325056,398,42,64
HON,Industrial Goods,BiLSTM,multiclass,20,1,7,0.9569899981944405,1.8367850723720731,398,42,64
HON,Industrial Goods,BiLSTM,multiclass,20,1,8,0.8305778916756711,1.5603653306052798,398,42,64
HON,Industrial Goods,BiLSTM,multiclass,20,1,9,0.8004157645019454,1.3795919702166604,398,42,64
HON,Industrial Goods,BiLSTM,multiclass,20,1,10,0.8280487605674782,1.36641145887829,398,42,64
HON,Industrial Goods,BiLSTM,multiclass,20,1,11,0.8910716481544264,1.6728572845458984,398,42,64
HON,Industrial Goods,BiLSTM,multiclass,20,1,12,0.7377811427691474,1.5397052481060935,398,42,64
HON,Industrial Goods,BiLSTM,multiclass,20,1,13,0.733520105556028,1.2939794460932414,398,42,64
HON,Industrial Goods,BiLSTM,multiclass,20,1,14,0.7234182486582041,1.204040331499917,398,42,64
HON,Industrial Goods,BiLSTM,multiclass,20,1,15,0.8559524997993929,1.1764236120950609,398,42,64
HON,Industrial Goods,BiLSTM,multiclass,20,1,16,0.6372271281989974,1.4983113322939192,398,42,64
HON,Industrial Goods,BiLSTM,multiclass,20,1,17,0.7798966515303856,1.1654187951769148,398,42,64
HON,Industrial Goods,BiLSTM,multiclass,20,1,18,0.6732643905596517,1.1717414117994762,398,42,64
HON,Industrial Goods,BiLSTM,multiclass,20,1,19,0.5727686609455089,1.4680917773927962,398,42,64
HRG,Conglomerates,BiLSTM,multiclass,20,1,1,1.635656021348196,1.153548626672654,398,42,64
HRG,Conglomerates,BiLSTM,multiclass,20,1,2,1.344240740315998,0.8610761775856927,398,42,64
HRG,Conglomerates,BiLSTM,multiclass,20,1,3,1.2733890033846524,0.8875902720860073,398,42,64
HRG,Conglomerates,BiLSTM,multiclass,20,1,4,1.0765982752469316,1.0015101177351815,398,42,64
HRG,Conglomerates,BiLSTM,multiclass,20,1,5,0.973722453093409,0.8860143706912086,398,42,64
HRG,Conglomerates,BiLSTM,multiclass,20,1,6,0.8670264853903996,0.8129875290961492,398,42,64
HRG,Conglomerates,BiLSTM,multiclass,20,1,7,0.857685618664152,0.9547839931079319,398,42,64
HRG,Conglomerates,BiLSTM,multiclass,20,1,8,0.8122733675654809,1.1544736822446187,398,42,64
HRG,Conglomerates,BiLSTM,multiclass,20,1,9,0.8879259671997185,1.2523627820469083,398,42,64
HRG,Conglomerates,BiLSTM,multiclass,20,1,10,0.808129256993682,1.0809855120522636,398,42,64
HRG,Conglomerates,BiLSTM,multiclass,20,1,11,0.8206383139643837,0.9463760710897899,398,42,64
HRG,Conglomerates,BiLSTM,multiclass,20,1,12,0.8098632294928009,1.064038341953641,398,42,64
HRG,Conglomerates,BiLSTM,multiclass,20,1,13,0.8203372694739145,1.1039722192855108,398,42,64
HRG,Conglomerates,BiLSTM,multiclass,20,1,14,0.7028453005618186,1.0949808529445104,398,42,64
HRG,Conglomerates,BiLSTM,multiclass,20,1,15,0.8374393582344055,0.9716689969812121,398,42,64
HRG,Conglomerates,BiLSTM,multiclass,20,1,16,0.7087317453556924,0.8246465041523888,398,42,64
HRG,Conglomerates,BiLSTM,multiclass,20,1,17,0.6908913263723478,0.902465705360685,398,42,64
HRG,Conglomerates,BiLSTM,multiclass,20,1,18,0.6468169814977215,1.0399437220323653,398,42,64
HRG,Conglomerates,BiLSTM,multiclass,20,1,19,0.5907625430193378,1.0322116925602867,398,42,64
HRG,Conglomerates,BiLSTM,multiclass,20,1,20,0.6482860544818131,1.0193372780368442,398,42,64
HRG,Conglomerates,BiLSTM,multiclass,20,1,21,0.6705414122672536,1.0146184875851585,398,42,64
HSBC,Financial,BiLSTM,multiclass,20,1,1,1.7399372467443572,3.5041192372639975,398,42,64
HSBC,Financial,BiLSTM,multiclass,20,1,2,1.3020444191879963,1.3111838613237654,398,42,64
HSBC,Financial,BiLSTM,multiclass,20,1,3,1.4165468084153219,1.3031000977470761,398,42,64
HSBC,Financial,BiLSTM,multiclass,20,1,4,1.410304027586127,1.510231960387457,398,42,64
HSBC,Financial,BiLSTM,multiclass,20,1,5,1.093887986250259,1.7246498720986503,398,42,64
HSBC,Financial,BiLSTM,multiclass,20,1,6,1.1289779594795188,2.788669086637951,398,42,64
HSBC,Financial,BiLSTM,multiclass,20,1,7,0.8919932572685894,1.8677805945986794,398,42,64
HSBC,Financial,BiLSTM,multiclass,20,1,8,0.9957817505352461,1.6604680447351365,398,42,64
HSBC,Financial,BiLSTM,multiclass,20,1,9,0.7885011281799431,2.0776742639995756,398,42,64
HSBC,Financial,BiLSTM,multiclass,20,1,10,0.6568903228146347,1.5061074552081881,398,42,64
HSBC,Financial,BiLSTM,multiclass,20,1,11,0.8014659917534296,2.2175051257723855,398,42,64
HSBC,Financial,BiLSTM,multiclass,20,1,12,0.8460823261558111,1.868031831014724,398,42,64
HSBC,Financial,BiLSTM,multiclass,20,1,13,0.879443248312677,1.6383486872627622,398,42,64
HSBC,Financial,BiLSTM,multiclass,20,1,14,0.7945667649034279,1.6840434585298811,398,42,64
HSBC,Financial,BiLSTM,multiclass,20,1,15,0.7392686776180363,1.8890094189416795,398,42,64
HSBC,Financial,BiLSTM,multiclass,20,1,16,0.7319569599688353,1.8278667472657704,398,42,64
HSBC,Financial,BiLSTM,multiclass,20,1,17,0.7911502913614015,2.2049963360741023,398,42,64
HSBC,Financial,BiLSTM,multiclass,20,1,18,0.6455242205504796,1.6065745978128343,398,42,64
IEP,Conglomerates,BiLSTM,multiclass,20,1,1,1.5305355014513486,1.1406837474732172,398,42,64
IEP,Conglomerates,BiLSTM,multiclass,20,1,2,1.3214313190187041,1.3916684275581723,398,42,64
IEP,Conglomerates,BiLSTM,multiclass,20,1,3,1.157560764844693,2.030260988644191,398,42,64
IEP,Conglomerates,BiLSTM,multiclass,20,1,4,1.1604845967125055,1.3832553114209856,398,42,64
IEP,Conglomerates,BiLSTM,multiclass,20,1,5,1.095661389767824,1.4665180047353108,398,42,64
IEP,Conglomerates,BiLSTM,multiclass,20,1,6,0.9878432936404817,1.146572856676011,398,42,64
IEP,Conglomerates,BiLSTM,multiclass,20,1,7,1.0132494853369554,1.9568143345060802,398,42,64
IEP,Conglomerates,BiLSTM,multiclass,20,1,8,1.015570962249334,1.7143165611085438,398,42,64
IEP,Conglomerates,BiLSTM,multiclass,20,1,9,0.823512843505821,2.1987778005145846,398,42,64
IEP,Conglomerates,BiLSTM,multiclass,20,1,10,0.8302342580191454,1.6844674121765864,398,42,64
IEP,Conglomerates,BiLSTM,multiclass,20,1,11,0.8037901038500532,1.2886553775696528,398,42,64
IEP,Conglomerates,BiLSTM,multiclass,20,1,12,0.9718692844836556,1.826645851135254,398,42,64
IEP,Conglomerates,BiLSTM,multiclass,20,1,13,0.7679131654039699,1.2831910848617554,398,42,64
IEP,Conglomerates,BiLSTM,multiclass,20,1,14,0.8278012509322047,1.7705518858773368,398,42,64
IEP,Conglomerates,BiLSTM,multiclass,20,1,15,0.8544030518987071,1.6519449324834914,398,42,64
IEP,Conglomerates,BiLSTM,multiclass,20,1,16,0.7018135001311949,1.8888557865506126,398,42,64
INTC,Technology,BiLSTM,multiclass,20,1,1,1.9523672278802,3.2996516000656855,398,42,64
INTC,Technology,BiLSTM,multiclass,20,1,2,1.404530888226763,1.949082618667966,398,42,64
INTC,Technology,BiLSTM,multiclass,20,1,3,1.286832243952919,1.7338549409593855,398,42,64
INTC,Technology,BiLSTM,multiclass,20,1,4,1.1109992861747742,1.7328149477640789,398,42,64
INTC,Technology,BiLSTM,multiclass,20,1,5,1.0124189775792798,1.917277801604498,398,42,64
INTC,Technology,BiLSTM,multiclass,20,1,6,0.8432574991005749,2.0087001891363236,398,42,64
INTC,Technology,BiLSTM,multiclass,20,1,7,0.8081474910728895,1.9219305969419933,398,42,64
INTC,Technology,BiLSTM,multiclass,20,1,8,0.8280671812481617,1.6972019842692785,398,42,64
INTC,Technology,BiLSTM,multiclass,20,1,9,0.7975438842222319,1.88138066586994,398,42,64
INTC,Technology,BiLSTM,multiclass,20,1,10,0.7167776745168408,1.9445927143096924,398,42,64
INTC,Technology,BiLSTM,multiclass,20,1,11,0.8049084681961405,1.5613721779414587,398,42,64
INTC,Technology,BiLSTM,multiclass,20,1,12,0.7669582799750956,1.7489575544993083,398,42,64
INTC,Technology,BiLSTM,multiclass,20,1,13,0.7792697635727313,1.8162370636349632,398,42,64
INTC,Technology,BiLSTM,multiclass,20,1,14,0.7063084045546738,1.9118607611883254,398,42,64
INTC,Technology,BiLSTM,multiclass,20,1,15,0.691428321839577,1.600609540939331,398,42,64
INTC,Technology,BiLSTM,multiclass,20,1,16,0.599548323220344,1.6647075045676458,398,42,64
INTC,Technology,BiLSTM,multiclass,20,1,17,0.6519478923411824,1.6230952512650263,398,42,64
INTC,Technology,BiLSTM,multiclass,20,1,18,0.6607090339588759,1.6244256354513622,398,42,64
INTC,Technology,BiLSTM,multiclass,20,1,19,0.6317289892453045,1.7681552001408167,398,42,64
INTC,Technology,BiLSTM,multiclass,20,1,20,0.5499768955024642,1.7666257336026145,398,42,64
INTC,Technology,BiLSTM,multiclass,20,1,21,0.5855942009082392,2.00943930943807,398,42,64
INTC,Technology,BiLSTM,multiclass,20,1,22,0.5685947532929367,2.0574555567332675,398,42,64
INTC,Technology,BiLSTM,multiclass,20,1,23,0.5298288326766623,1.8527032874879383,398,42,64
INTC,Technology,BiLSTM,multiclass,20,1,24,0.5004541144598669,2.057448313349769,398,42,64
INTC,Technology,BiLSTM,multiclass,20,1,25,0.5301909268501416,1.8901320468811762,398,42,64
INTC,Technology,BiLSTM,multiclass,20,1,26,0.5573545436763284,1.8494699796040852,398,42,64
JNJ,Healthcare,BiLSTM,multiclass,20,1,1,1.6729295906709067,1.8952178486755915,398,42,64
JNJ,Healthcare,BiLSTM,multiclass,20,1,2,1.3735983632317739,1.7072258109138125,398,42,64
JNJ,Healthcare,BiLSTM,multiclass,20,1,3,1.1068623269622648,2.368200211297898,398,42,64
JNJ,Healthcare,BiLSTM,multiclass,20,1,4,1.1665917949460858,1.758728685833159,398,42,64
JNJ,Healthcare,BiLSTM,multiclass,20,1,5,0.8903369726847165,1.7158319495973133,398,42,64
JNJ,Healthcare,BiLSTM,multiclass,20,1,6,0.8297180665198283,1.628607988357544,398,42,64
JNJ,Healthcare,BiLSTM,multiclass,20,1,7,0.8875414198966481,2.359784784771147,398,42,64
JNJ,Healthcare,BiLSTM,multiclass,20,1,8,0.937498278504041,2.301648344312395,398,42,64
JNJ,Healthcare,BiLSTM,multiclass,20,1,9,0.7434620023073264,2.115869238263085,398,42,64
JNJ,Healthcare,BiLSTM,multiclass,20,1,10,0.7146535339067929,2.373563607533773,398,42,64
JNJ,Healthcare,BiLSTM,multiclass,20,1,11,0.5852340000059137,2.5785052208673385,398,42,64
JNJ,Healthcare,BiLSTM,multiclass,20,1,12,0.790847374116955,2.9142532348632812,398,42,64
JNJ,Healthcare,BiLSTM,multiclass,20,1,13,0.7039608026868734,3.5742985634576705,398,42,64
JNJ,Healthcare,BiLSTM,multiclass,20,1,14,0.5698146304892535,2.516992205665225,398,42,64
JNJ,Healthcare,BiLSTM,multiclass,20,1,15,0.684594842656773,3.302849360874721,398,42,64
JNJ,Healthcare,BiLSTM,multiclass,20,1,16,0.6535703917244571,2.9281187738691057,398,42,64
JNJ,Healthcare,BiLSTM,multiclass,20,1,17,0.7520170352566782,2.99072535832723,398,42,64
JNJ,Healthcare,BiLSTM,multiclass,20,1,18,0.6354556296338987,3.155537310100737,398,42,64
JNJ,Healthcare,BiLSTM,multiclass,20,1,19,0.8602106087471373,3.1398540905543735,398,42,64
JNJ,Healthcare,BiLSTM,multiclass,20,1,20,0.6229476510879383,2.89084445862543,398,42,64
JNJ,Healthcare,BiLSTM,multiclass,20,1,21,0.5979270100893088,2.818861030396961,398,42,64
JPM,Financial,BiLSTM,multiclass,20,1,1,1.4623758987565736,1.2194787888299852,398,42,64
JPM,Financial,BiLSTM,multiclass,20,1,2,1.2546083831307877,1.0611604452133179,398,42,64
JPM,Financial,BiLSTM,multiclass,20,1,3,1.148458473945982,0.9669142337072463,398,42,64
JPM,Financial,BiLSTM,multiclass,20,1,4,0.8921105262622162,1.1450866404033841,398,42,64
JPM,Financial,BiLSTM,multiclass,20,1,5,0.9056218116726708,0.9266993034453619,398,42,64
JPM,Financial,BiLSTM,multiclass,20,1,6,1.0068683080637275,1.00588892187391,398,42,64
JPM,Financial,BiLSTM,multiclass,20,1,7,0.9082111243027539,1.1963019200733729,398,42,64
JPM,Financial,BiLSTM,multiclass,20,1,8,0.8720277919242131,0.9635349398567563,398,42,64
JPM,Financial,BiLSTM,multiclass,20,1,9,0.7363170993387999,1.177525315965925,398,42,64
JPM,Financial,BiLSTM,multiclass,20,1,10,0.6587638240962771,1.3715726420992898,398,42,64
JPM,Financial,BiLSTM,multiclass,20,1,11,0.6775539172953696,1.0636473156156994,398,42,64
JPM,Financial,BiLSTM,multiclass,20,1,12,0.7867450055165507,1.152784097762335,398,42,64
JPM,Financial,BiLSTM,multiclass,20,1,13,0.8489744037239995,1.3593270438058036,398,42,64
JPM,Financial,BiLSTM,multiclass,20,1,14,0.6631540182846875,1.4555160091036843,398,42,64
JPM,Financial,BiLSTM,multiclass,20,1,15,0.6351605147572618,1.1393356096176874,398,42,64
JPM,Financial,BiLSTM,multiclass,20,1,16,0.6497039835357187,1.4584765547797793,398,42,64
JPM,Financial,BiLSTM,multiclass,20,1,17,0.7848569368896772,1.025293571608407,398,42,64
JPM,Financial,BiLSTM,multiclass,20,1,18,0.6193687953242105,1.378447725659325,398,42,64
JPM,Financial,BiLSTM,multiclass,20,1,19,0.5474811016614712,1.427246059690203,398,42,64
JPM,Financial,BiLSTM,multiclass,20,1,20,0.579860730536619,1.3913904485248385,398,42,64
KO,Consumer Goods,BiLSTM,multiclass,20,1,1,1.7809524074870737,0.8686251697086153,398,42,64
KO,Consumer Goods,BiLSTM,multiclass,20,1,2,1.4106405730822578,1.180185848758334,398,42,64
KO,Consumer Goods,BiLSTM,multiclass,20,1,3,1.2290104142385512,1.4729164441426594,398,42,64
KO,Consumer Goods,BiLSTM,multiclass,20,1,4,1.1516514812881624,0.9056715794972011,398,42,64
KO,Consumer Goods,BiLSTM,multiclass,20,1,5,0.785827901495162,1.4518427508217948,398,42,64
KO,Consumer Goods,BiLSTM,multiclass,20,1,6,1.062158078704048,1.3554734275454567,398,42,64
KO,Consumer Goods,BiLSTM,multiclass,20,1,7,0.9569423782765566,2.1316890830085393,398,42,64
KO,Consumer Goods,BiLSTM,multiclass,20,1,8,0.7928048432172843,2.0908359459468295,398,42,64
KO,Consumer Goods,BiLSTM,multiclass,20,1,9,0.6237904571708123,2.8210824444180442,398,42,64
KO,Consumer Goods,BiLSTM,multiclass,20,1,10,0.6892371258543963,1.9880814098176502,398,42,64
KO,Consumer Goods,BiLSTM,multiclass,20,1,11,0.6638123566780857,1.6103785037994385,398,42,64
KO,Consumer Goods,BiLSTM,multiclass,20,1,12,0.614846100160225,2.0746308848971413,398,42,64
KO,Consumer Goods,BiLSTM,multiclass,20,1,13,0.7709562026675622,2.1654156616755893,398,42,64
KO,Consumer Goods,BiLSTM,multiclass,20,1,14,0.6672789520354726,1.977865185056414,398,42,64
KO,Consumer Goods,BiLSTM,multiclass,20,1,15,0.5965333471645662,1.454743260429019,398,42,64
KO,Consumer Goods,BiLSTM,multiclass,20,1,16,0.8186524134484967,1.8752268212182182,398,42,64
LMT,Industrial Goods,BiLSTM,multiclass,20,1,1,1.590957663167062,3.0588043530782065,398,42,64
LMT,Industrial Goods,BiLSTM,multiclass,20,1,2,1.484651431366427,2.26966084752764,398,42,64
LMT,Industrial Goods,BiLSTM,multiclass,20,1,3,1.279131749766556,1.650631586710612,398,42,64
LMT,Industrial Goods,BiLSTM,multiclass,20,1,4,1.0223322549657008,1.7809476341520036,398,42,64
LMT,Industrial Goods,BiLSTM,multiclass,20,1,5,1.0511800835480043,1.2780201037724812,398,42,64
LMT,Industrial Goods,BiLSTM,multiclass,20,1,6,1.0288670275678586,1.0989399978092738,398,42,64
LMT,Industrial Goods,BiLSTM,multiclass,20,1,7,1.043465160844314,1.5718632312048049,398,42,64
LMT,Industrial Goods,BiLSTM,multiclass,20,1,8,0.8556366011725,2.254721993491763,398,42,64
LMT,Industrial Goods,BiLSTM,multiclass,20,1,9,0.8742566282425693,1.552001328695388,398,42,64
LMT,Industrial Goods,BiLSTM,multiclass,20,1,10,0.7608115487362272,1.6954882371993292,398,42,64
LMT,Industrial Goods,BiLSTM,multiclass,20,1,11,0.7842715559293277,1.0809063627606346,398,42,64
LMT,Industrial Goods,BiLSTM,multiclass,20,1,12,0.6903474357858974,1.0763768298285348,398,42,64
LMT,Industrial Goods,BiLSTM,multiclass,20,1,13,0.7164477103918641,1.0360709315254575,398,42,64
LMT,Industrial Goods,BiLSTM,multiclass,20,1,14,0.7954360185256556,1.0119647355306716,398,42,64
LMT,Industrial Goods,BiLSTM,multiclass,20,1,15,0.7131043578212585,1.0609106506620134,398,42,64
LMT,Industrial Goods,BiLSTM,multiclass,20,1,16,0.7486306309100971,1.0969211430776686,398,42,64
LMT,Industrial Goods,BiLSTM,multiclass,20,1,17,0.6579952584439187,1.0446466292653764,398,42,64
LMT,Industrial Goods,BiLSTM,multiclass,20,1,18,0.6443416247116261,1.076606449626741,398,42,64
LMT,Industrial Goods,BiLSTM,multiclass,20,1,19,0.6873863042898514,1.1880899156842912,398,42,64
LMT,Industrial Goods,BiLSTM,multiclass,20,1,20,0.6406234129888928,1.183281421661377,398,42,64
LMT,Industrial Goods,BiLSTM,multiclass,20,1,21,0.5120762002528013,1.1320123275121052,398,42,64
LMT,Industrial Goods,BiLSTM,multiclass,20,1,22,0.5672691137946431,1.1802681911559332,398,42,64
LMT,Industrial Goods,BiLSTM,multiclass,20,1,23,0.5732892411737586,1.2805349429448445,398,42,64
LMT,Industrial Goods,BiLSTM,multiclass,20,1,24,0.6778589523018305,1.130944427989778,398,42,64
LMT,Industrial Goods,BiLSTM,multiclass,20,1,25,0.6528887947899612,1.1057709512256442,398,42,64
LMT,Industrial Goods,BiLSTM,multiclass,20,1,26,0.6257421494129315,1.1845613377434867,398,42,64
LMT,Industrial Goods,BiLSTM,multiclass,20,1,27,0.5572901443021381,1.1657191855566842,398,42,64
LMT,Industrial Goods,BiLSTM,multiclass,20,1,28,0.5592611102602589,1.1623105435144334,398,42,64
LMT,Industrial Goods,BiLSTM,multiclass,20,1,29,0.5127533298341473,1.1812006859552293,398,42,64
MA,Financial,BiLSTM,multiclass,20,1,1,1.6552816365831462,1.2987748554774694,398,42,64
MA,Financial,BiLSTM,multiclass,20,1,2,1.268820555665385,1.0066310053779965,398,42,64
MA,Financial,BiLSTM,multiclass,20,1,3,1.0901009506316641,0.8120332218351818,398,42,64
MA,Financial,BiLSTM,multiclass,20,1,4,0.9858491076296897,0.7297654010000683,398,42,64
MA,Financial,BiLSTM,multiclass,20,1,5,0.9957118375816537,0.7492260904539199,398,42,64
MA,Financial,BiLSTM,multiclass,20,1,6,0.9478926158430588,0.7314043981688363,398,42,64
MA,Financial,BiLSTM,multiclass,20,1,7,0.8907240970649911,0.7601462347166879,398,42,64
MA,Financial,BiLSTM,multiclass,20,1,8,0.8936544974245618,0.7146285346576146,398,42,64
MA,Financial,BiLSTM,multiclass,20,1,9,0.8251266437559271,0.692374552999224,398,42,64
MA,Financial,BiLSTM,multiclass,20,1,10,0.7953044870990006,0.7297588728723072,398,42,64
MA,Financial,BiLSTM,multiclass,20,1,11,0.7546294207249454,0.7304386979057675,398,42,64
MA,Financial,BiLSTM,multiclass,20,1,12,0.7342277756288423,0.7382086118062338,398,42,64
MA,Financial,BiLSTM,multiclass,20,1,13,0.7057924627059668,0.7252848318644932,398,42,64
MA,Financial,BiLSTM,multiclass,20,1,14,0.7473708355247076,1.06490140018009,398,42,64
MA,Financial,BiLSTM,multiclass,20,1,15,0.6881291129481253,0.878516171659742,398,42,64
MA,Financial,BiLSTM,multiclass,20,1,16,0.6299854112629915,1.0970610947836013,398,42,64
MA,Financial,BiLSTM,multiclass,20,1,17,0.6078954431878861,1.2184163275219144,398,42,64
MA,Financial,BiLSTM,multiclass,20,1,18,0.6789403279223035,1.1932809069043113,398,42,64
MA,Financial,BiLSTM,multiclass,20,1,19,0.6537245438626064,1.268900794642312,398,42,64
MA,Financial,BiLSTM,multiclass,20,1,20,0.5877655307252203,1.1637188621929713,398,42,64
MA,Financial,BiLSTM,multiclass,20,1,21,0.6416139686526965,1.192574489684332,398,42,64
MA,Financial,BiLSTM,multiclass,20,1,22,0.6130603095095362,1.0934126802853175,398,42,64
MA,Financial,BiLSTM,multiclass,20,1,23,0.5177773554720472,1.3266539800734747,398,42,64
MA,Financial,BiLSTM,multiclass,20,1,24,0.5943613775710964,1.4069012772469294,398,42,64
MCD,Services,BiLSTM,multiclass,20,1,1,1.7192524378024154,5.507456007457915,398,42,64
MCD,Services,BiLSTM,multiclass,20,1,2,1.4090082468698972,3.677424680619013,398,42,64
MCD,Services,BiLSTM,multiclass,20,1,3,1.1393199479160596,3.2779060829253424,398,42,64
MCD,Services,BiLSTM,multiclass,20,1,4,1.0171813353821262,4.164209805783772,398,42,64
MCD,Services,BiLSTM,multiclass,20,1,5,1.032682988811378,3.1713229559716725,398,42,64
MCD,Services,BiLSTM,multiclass,20,1,6,0.7416977451075262,4.9648489980470565,398,42,64
MCD,Services,BiLSTM,multiclass,20,1,7,0.943058567879787,3.549421270688375,398,42,64
MCD,Services,BiLSTM,multiclass,20,1,8,0.7563801377861943,4.400566382067544,398,42,64
MCD,Services,BiLSTM,multiclass,20,1,9,0.7397540490231921,4.760729389531272,398,42,64
MCD,Services,BiLSTM,multiclass,20,1,10,0.6894372587826982,3.7212656310626437,398,42,64
MCD,Services,BiLSTM,multiclass,20,1,11,0.6268828617567992,4.948815626757486,398,42,64
MCD,Services,BiLSTM,multiclass,20,1,12,0.6337632607275517,4.449958344300588,398,42,64
MCD,Services,BiLSTM,multiclass,20,1,13,0.7297146276912497,4.264684850261325,398,42,64
MCD,Services,BiLSTM,multiclass,20,1,14,0.6873536593650453,4.743664406594776,398,42,64
MCD,Services,BiLSTM,multiclass,20,1,15,0.6560011290425631,3.6773537198702493,398,42,64
MCD,Services,BiLSTM,multiclass,20,1,16,0.6871060445979612,3.3217431732586453,398,42,64
MCD,Services,BiLSTM,multiclass,20,1,17,0.6085318310476427,4.501522481441498,398,42,64
MCD,Services,BiLSTM,multiclass,20,1,18,0.6311692021899487,4.437074215639205,398,42,64
MCD,Services,BiLSTM,multiclass,20,1,19,0.5066682191649873,4.753242467130933,398,42,64
MCD,Services,BiLSTM,multiclass,20,1,20,0.4762087301093729,4.627046866076333,398,42,64
MDT,Healthcare,BiLSTM,multiclass,20,1,1,1.5054079282223878,1.6014731895355951,398,42,64
MDT,Healthcare,BiLSTM,multiclass,20,1,2,1.1780533828028483,1.137318764414106,398,42,64
MDT,Healthcare,BiLSTM,multiclass,20,1,3,1.160332885519344,1.1045374927066622,398,42,64
MDT,Healthcare,BiLSTM,multiclass,20,1,4,0.9814356189576825,1.2615181718553816,398,42,64
MDT,Healthcare,BiLSTM,multiclass,20,1,5,0.9581755429656063,2.140854154314314,398,42,64
MDT,Healthcare,BiLSTM,multiclass,20,1,6,0.9396731721695943,1.547962018421718,398,42,64
MDT,Healthcare,BiLSTM,multiclass,20,1,7,0.9123326542988495,1.9329612028031122,398,42,64
MDT,Healthcare,BiLSTM,multiclass,20,1,8,0.8619649757691963,1.4102620170229958,398,42,64
MDT,Healthcare,BiLSTM,multiclass,20,1,9,0.8288467367689814,1.2112379868825276,398,42,64
MDT,Healthcare,BiLSTM,multiclass,20,1,10,0.9053624874383361,1.2929968663624354,398,42,64
MDT,Healthcare,BiLSTM,multiclass,20,1,11,0.7947681698966865,1.3181682598023188,398,42,64
MDT,Healthcare,BiLSTM,multiclass,20,1,12,0.6968948770707576,1.1914197092964536,398,42,64
MDT,Healthcare,BiLSTM,multiclass,20,1,13,0.7975952149036541,1.1872202498572213,398,42,64
MDT,Healthcare,BiLSTM,multiclass,20,1,14,0.7559985770053,1.4235133330027263,398,42,64
MDT,Healthcare,BiLSTM,multiclass,20,1,15,0.6664467274244107,1.3678821268535795,398,42,64
MDT,Healthcare,BiLSTM,multiclass,20,1,16,0.7387908190938096,1.5334627628326416,398,42,64
MDT,Healthcare,BiLSTM,multiclass,20,1,17,0.5989723433202235,1.49241608665103,398,42,64
MDT,Healthcare,BiLSTM,multiclass,20,1,18,0.6669306554386963,1.8149005344935827,398,42,64
MMM,Industrial Goods,BiLSTM,multiclass,20,1,1,1.9634270913636864,1.7748747553144182,398,42,64
MMM,Industrial Goods,BiLSTM,multiclass,20,1,2,1.487540931857411,1.5362023285457067,398,42,64
MMM,Industrial Goods,BiLSTM,multiclass,20,1,3,1.199482049474764,2.294846920740037,398,42,64
MMM,Industrial Goods,BiLSTM,multiclass,20,1,4,1.0724202395983078,2.134191081637428,398,42,64
MMM,Industrial Goods,BiLSTM,multiclass,20,1,5,1.1358089605767523,1.579822642462594,398,42,64
MMM,Industrial Goods,BiLSTM,multiclass,20,1,6,1.1626668904893962,1.3376704851786296,398,42,64
MMM,Industrial Goods,BiLSTM,multiclass,20,1,7,0.9515197459776797,1.8705174468812489,398,42,64
MMM,Industrial Goods,BiLSTM,multiclass,20,1,8,0.9269937534428122,1.4804277306511289,398,42,64
MMM,Industrial Goods,BiLSTM,multiclass,20,1,9,0.8737171669701236,1.4767028604234969,398,42,64
MMM,Industrial Goods,BiLSTM,multiclass,20,1,10,0.7270706423263454,1.8968851679847354,398,42,64
MMM,Industrial Goods,BiLSTM,multiclass,20,1,11,0.758608602399203,1.5073207332974388,398,42,64
MMM,Industrial Goods,BiLSTM,multiclass,20,1,12,0.8228496106425721,2.196993736993699,398,42,64
MMM,Industrial Goods,BiLSTM,multiclass,20,1,13,1.041319438860045,1.745572873524257,398,42,64
MMM,Industrial Goods,BiLSTM,multiclass,20,1,14,0.8034344609059281,2.034519218263172,398,42,64
MMM,Industrial Goods,BiLSTM,multiclass,20,1,15,0.6307155939202812,2.474415211450486,398,42,64
MMM,Industrial Goods,BiLSTM,multiclass,20,1,16,0.843262068889848,1.5574462300255185,398,42,64
MMM,Industrial Goods,BiLSTM,multiclass,20,1,17,0.7815846078958942,1.8027311393192835,398,42,64
MMM,Industrial Goods,BiLSTM,multiclass,20,1,18,0.8162263414668078,1.4160851864587694,398,42,64
MMM,Industrial Goods,BiLSTM,multiclass,20,1,19,0.7702042520345755,1.7950773352668399,398,42,64
MMM,Industrial Goods,BiLSTM,multiclass,20,1,20,0.5973612604728297,1.630523681640625,398,42,64
MMM,Industrial Goods,BiLSTM,multiclass,20,1,21,0.7372275303356611,1.7564270269303095,398,42,64
MO,Consumer Goods,BiLSTM,multiclass,20,1,1,1.978777806363513,4.886141446374712,398,42,64
MO,Consumer Goods,BiLSTM,multiclass,20,1,2,1.4389778633213521,1.973366616737275,398,42,64
MO,Consumer Goods,BiLSTM,multiclass,20,1,3,1.1950287567311195,1.730420884631929,398,42,64
MO,Consumer Goods,BiLSTM,multiclass,20,1,4,0.9657956667281874,1.0853784765516008,398,42,64
MO,Consumer Goods,BiLSTM,multiclass,20,1,5,1.2499279951929447,1.1327296239989144,398,42,64
MO,Consumer Goods,BiLSTM,multiclass,20,1,6,0.8639631115611474,1.126980083329337,398,42,64
MO,Consumer Goods,BiLSTM,multiclass,20,1,7,0.8584909930301072,1.068161203747704,398,42,64
MO,Consumer Goods,BiLSTM,multiclass,20,1,8,0.9473790541366117,1.2333404166357858,398,42,64
MO,Consumer Goods,BiLSTM,multiclass,20,1,9,0.7497670839180299,1.3458664701098488,398,42,64
MO,Consumer Goods,BiLSTM,multiclass,20,1,10,0.8777220368984356,1.320649612517584,398,42,64
MO,Consumer Goods,BiLSTM,multiclass,20,1,11,0.7114498902804888,1.1855644952683222,398,42,64
MO,Consumer Goods,BiLSTM,multiclass,20,1,12,0.6505750076255606,1.5828335739317394,398,42,64
MO,Consumer Goods,BiLSTM,multiclass,20,1,13,0.6393459870587641,1.4857277756645566,398,42,64
MO,Consumer Goods,BiLSTM,multiclass,20,1,14,0.6814658402198523,1.4779593376886278,398,42,64
MO,Consumer Goods,BiLSTM,multiclass,20,1,15,0.7184295678258541,1.1622786351612635,398,42,64
MO,Consumer Goods,BiLSTM,multiclass,20,1,16,0.5988322250807105,1.2183517387935094,398,42,64
MO,Consumer Goods,BiLSTM,multiclass,20,1,17,0.6323761361927244,1.3792615192277091,398,42,64
MO,Consumer Goods,BiLSTM,multiclass,20,1,18,0.4976686266199428,1.2023239192508517,398,42,64
MO,Consumer Goods,BiLSTM,multiclass,20,1,19,0.6096569452453499,1.1510412011827742,398,42,64
MO,Consumer Goods,BiLSTM,multiclass,20,1,20,0.5350303290477351,1.1837307952699208,398,42,64
MO,Consumer Goods,BiLSTM,multiclass,20,1,21,0.5201227712870842,1.2132655609221685,398,42,64
MO,Consumer Goods,BiLSTM,multiclass,20,1,22,0.5414560589958076,1.149531018166315,398,42,64
MRK,Healthcare,BiLSTM,multiclass,20,1,1,1.7601073138677894,1.6623996609733218,398,42,64
MRK,Healthcare,BiLSTM,multiclass,20,1,2,1.4309715209294802,2.1605307942345027,398,42,64
MRK,Healthcare,BiLSTM,multiclass,20,1,3,1.262655576569351,2.6312945002601262,398,42,64
MRK,Healthcare,BiLSTM,multiclass,20,1,4,1.0530346199196188,3.046626091003418,398,42,64
MRK,Healthcare,BiLSTM,multiclass,20,1,5,1.000883571167088,3.2155500593639554,398,42,64
MRK,Healthcare,BiLSTM,multiclass,20,1,6,0.887214190995873,2.622887929280599,398,42,64
MRK,Healthcare,BiLSTM,multiclass,20,1,7,0.829405606392041,3.0002379644484747,398,42,64
MRK,Healthcare,BiLSTM,multiclass,20,1,8,0.8373306462513143,2.756614844004313,398,42,64
MRK,Healthcare,BiLSTM,multiclass,20,1,9,0.808441510452098,2.970416227976481,398,42,64
MRK,Healthcare,BiLSTM,multiclass,20,1,10,0.8285139878491061,3.234785238901774,398,42,64
MRK,Healthcare,BiLSTM,multiclass,20,1,11,0.829928299290451,2.720457599276588,398,42,64
MRK,Healthcare,BiLSTM,multiclass,20,1,12,0.7879633756738212,3.8056401298159646,398,42,64
MRK,Healthcare,BiLSTM,multiclass,20,1,13,0.6539050743507979,3.2209631374904086,398,42,64
MRK,Healthcare,BiLSTM,multiclass,20,1,14,0.6950217412045253,3.373087724049886,398,42,64
MRK,Healthcare,BiLSTM,multiclass,20,1,15,0.6473295466983737,3.0511755716233027,398,42,64
MRK,Healthcare,BiLSTM,multiclass,20,1,16,0.7062754830223831,3.5819351105462935,398,42,64
MSFT,Technology,BiLSTM,multiclass,20,1,1,1.6847590238005672,2.387520188377017,398,42,64
MSFT,Technology,BiLSTM,multiclass,20,1,2,1.1630931397778306,1.95034544808524,398,42,64
MSFT,Technology,BiLSTM,multiclass,20,1,3,1.2502101396196452,2.1923565013068065,398,42,64
MSFT,Technology,BiLSTM,multiclass,20,1,4,0.9715614708224732,2.024330891314007,398,42,64
MSFT,Technology,BiLSTM,multiclass,20,1,5,0.9426604713027801,1.4547138242494493,398,42,64
MSFT,Technology,BiLSTM,multiclass,20,1,6,1.0983603198324616,1.4127497275670369,398,42,64
MSFT,Technology,BiLSTM,multiclass,20,1,7,0.8393896374870186,1.7922042040597825,398,42,64
MSFT,Technology,BiLSTM,multiclass,20,1,8,0.8157804731148571,1.54858098143623,398,42,64
MSFT,Technology,BiLSTM,multiclass,20,1,9,0.8619873490764867,1.2341302264304388,398,42,64
MSFT,Technology,BiLSTM,multiclass,20,1,10,0.7624458218339699,1.3809948024295626,398,42,64
MSFT,Technology,BiLSTM,multiclass,20,1,11,0.6676457155889003,1.5048794547716777,398,42,64
MSFT,Technology,BiLSTM,multiclass,20,1,12,0.6504520612146387,1.583288780280522,398,42,64
MSFT,Technology,BiLSTM,multiclass,20,1,13,0.6924480295660508,1.5043525667417617,398,42,64
MSFT,Technology,BiLSTM,multiclass,20,1,14,0.6741813711784593,1.1788603635061354,398,42,64
MSFT,Technology,BiLSTM,multiclass,20,1,15,0.650996242935334,1.1807728920664107,398,42,64
MSFT,Technology,BiLSTM,multiclass,20,1,16,0.7054952712514293,1.3751079440116882,398,42,64
MSFT,Technology,BiLSTM,multiclass,20,1,17,0.6218488159491189,1.3175965973309107,398,42,64
MSFT,Technology,BiLSTM,multiclass,20,1,18,0.6094027224497579,1.2905256634666806,398,42,64
MSFT,Technology,BiLSTM,multiclass,20,1,19,0.6070736035629732,1.5652600271361214,398,42,64
MSFT,Technology,BiLSTM,multiclass,20,1,20,0.5555240185416523,1.3694543100538707,398,42,64
MSFT,Technology,BiLSTM,multiclass,20,1,21,0.5669085871634172,1.4552707643735976,398,42,64
MSFT,Technology,BiLSTM,multiclass,20,1,22,0.5496085181308152,1.3534139834699177,398,42,64
MSFT,Technology,BiLSTM,multiclass,20,1,23,0.5511732730434169,2.144312492438725,398,42,64
MSFT,Technology,BiLSTM,multiclass,20,1,24,0.5459399765460335,1.8570584030378432,398,42,64
MSFT,Technology,BiLSTM,multiclass,20,1,25,0.5685683210291456,1.832063995656513,398,42,64
MSFT,Technology,BiLSTM,multiclass,20,1,26,0.525087877883384,1.6886996030807495,398,42,64
MSFT,Technology,BiLSTM,multiclass,20,1,27,0.49866134617196856,1.8038374668075925,398,42,64
MSFT,Technology,BiLSTM,multiclass,20,1,28,0.44055997681378123,1.3983994268235707,398,42,64
MSFT,Technology,BiLSTM,multiclass,20,1,29,0.4601194499126032,1.5124216732524691,398,42,64
NEE,Utilities,BiLSTM,multiclass,20,1,1,1.4012683192689215,0.7799172344661894,398,42,64
NEE,Utilities,BiLSTM,multiclass,20,1,2,1.3596372185040957,1.0869806777863276,398,42,64
NEE,Utilities,BiLSTM,multiclass,20,1,3,1.2311236882329586,1.1837858642850603,398,42,64
NEE,Utilities,BiLSTM,multiclass,20,1,4,1.0897558011002277,1.595740170705886,398,42,64
NEE,Utilities,BiLSTM,multiclass,20,1,5,0.9540617445006443,1.2026442232586088,398,42,64
NEE,Utilities,BiLSTM,multiclass,20,1,6,0.9121032306297341,1.5550864878154935,398,42,64
NEE,Utilities,BiLSTM,multiclass,20,1,7,0.7432899097701413,1.507178749356951,398,42,64
NEE,Utilities,BiLSTM,multiclass,20,1,8,0.8258899959487531,1.4089267253875732,398,42,64
NEE,Utilities,BiLSTM,multiclass,20,1,9,0.6983570567327528,1.509264173961821,398,42,64
NEE,Utilities,BiLSTM,multiclass,20,1,10,0.7075227816500257,1.5723138082595098,398,42,64
NEE,Utilities,BiLSTM,multiclass,20,1,11,0.7196070572838711,1.5155457314990817,398,42,64
NEE,Utilities,BiLSTM,multiclass,20,1,12,0.7419205346898218,1.692055758975801,398,42,64
NEE,Utilities,BiLSTM,multiclass,20,1,13,0.6550388881309548,1.499717848641532,398,42,64
NEE,Utilities,BiLSTM,multiclass,20,1,14,0.5535966357094558,1.4797453312646776,398,42,64
NEE,Utilities,BiLSTM,multiclass,20,1,15,0.6069312628789164,1.7892058009193057,398,42,64
NEE,Utilities,BiLSTM,multiclass,20,1,16,0.5761120301395205,1.757306768780663,398,42,64
NGG,Utilities,BiLSTM,multiclass,20,1,1,1.6024411838857373,1.9310209893044972,398,42,64
NGG,Utilities,BiLSTM,multiclass,20,1,2,1.4680249924635767,1.1967307925224304,398,42,64
NGG,Utilities,BiLSTM,multiclass,20,1,3,1.0752088475466972,1.0614294182686579,398,42,64
NGG,Utilities,BiLSTM,multiclass,20,1,4,0.9047970996430171,0.9212095709074111,398,42,64
NGG,Utilities,BiLSTM,multiclass,20,1,5,0.8507009118645634,1.0354068619864327,398,42,64
NGG,Utilities,BiLSTM,multiclass,20,1,6,0.837387340152683,1.1735548689251853,398,42,64
NGG,Utilities,BiLSTM,multiclass,20,1,7,0.9704926900528185,1.0680344984644936,398,42,64
NGG,Utilities,BiLSTM,multiclass,20,1,8,0.7765867376147803,1.1034563240550814,398,42,64
NGG,Utilities,BiLSTM,multiclass,20,1,9,0.8590819922523882,1.522167526540302,398,42,64
NGG,Utilities,BiLSTM,multiclass,20,1,10,0.7226751904990805,1.116851928688231,398,42,64
NGG,Utilities,BiLSTM,multiclass,20,1,11,0.8976620341365661,1.1074494123458862,398,42,64
NGG,Utilities,BiLSTM,multiclass,20,1,12,0.6971472232186016,1.147852014927637,398,42,64
NGG,Utilities,BiLSTM,multiclass,20,1,13,0.7943281372587885,1.2963084692046756,398,42,64
NGG,Utilities,BiLSTM,multiclass,20,1,14,0.8631014711593263,1.3880019670441037,398,42,64
NGG,Utilities,BiLSTM,multiclass,20,1,15,0.6583513332970777,1.1294640018826438,398,42,64
NGG,Utilities,BiLSTM,multiclass,20,1,16,0.5876571952398099,1.2022323324566795,398,42,64
NGG,Utilities,BiLSTM,multiclass,20,1,17,0.7470638996093117,1.2377167003495353,398,42,64
NGG,Utilities,BiLSTM,multiclass,20,1,18,0.6249158156277547,1.080850987207322,398,42,64
NGG,Utilities,BiLSTM,multiclass,20,1,19,0.5468539872660709,1.320999366896493,398,42,64
NVS,Healthcare,BiLSTM,multiclass,20,1,1,1.433882313158045,1.3187927915936424,398,42,64
NVS,Healthcare,BiLSTM,multiclass,20,1,2,1.5016806395209614,1.6112606184823173,398,42,64
NVS,Healthcare,BiLSTM,multiclass,20,1,3,1.240496366467308,1.9193618524642218,398,42,64
NVS,Healthcare,BiLSTM,multiclass,20,1,4,1.165932599024557,1.8071717421213787,398,42,64
NVS,Healthcare,BiLSTM,multiclass,20,1,5,1.0506584269916592,1.9827605315617152,398,42,64
NVS,Healthcare,BiLSTM,multiclass,20,1,6,0.8870737076404706,0.9892415546235585,398,42,64
NVS,Healthcare,BiLSTM,multiclass,20,1,7,0.9533303829293754,1.4167944930848622,398,42,64
NVS,Healthcare,BiLSTM,multiclass,20,1,8,0.8461292053586874,1.543294838496617,398,42,64
NVS,Healthcare,BiLSTM,multiclass,20,1,9,0.9155219487808458,2.615855954942249,398,42,64
NVS,Healthcare,BiLSTM,multiclass,20,1,10,0.8001799817061305,2.0606798785073415,398,42,64
NVS,Healthcare,BiLSTM,multiclass,20,1,11,0.7242350036175407,2.951356955936977,398,42,64
NVS,Healthcare,BiLSTM,multiclass,20,1,12,0.7947847191712365,2.330477487473261,398,42,64
NVS,Healthcare,BiLSTM,multiclass,20,1,13,0.7350497530333361,2.726842074167161,398,42,64
NVS,Healthcare,BiLSTM,multiclass,20,1,14,0.6718287075584258,2.583007801146734,398,42,64
NVS,Healthcare,BiLSTM,multiclass,20,1,15,0.6808138365422062,2.5819789114452543,398,42,64
NVS,Healthcare,BiLSTM,multiclass,20,1,16,0.6771540935315079,2.4051233927408853,398,42,64
NVS,Healthcare,BiLSTM,multiclass,20,1,17,0.6920478032461962,2.486358199800764,398,42,64
NVS,Healthcare,BiLSTM,multiclass,20,1,18,0.6634824436214102,3.308576470329648,398,42,64
NVS,Healthcare,BiLSTM,multiclass,20,1,19,0.6287403669788609,3.2909126849401567,398,42,64
NVS,Healthcare,BiLSTM,multiclass,20,1,20,0.5678512590314875,3.5824654669988725,398,42,64
NVS,Healthcare,BiLSTM,multiclass,20,1,21,0.5665669125228671,3.2769574778420583,398,42,64
ORCL,Technology,BiLSTM,multiclass,20,1,1,1.9946575694946787,2.4525005590348017,398,42,64
ORCL,Technology,BiLSTM,multiclass,20,1,2,1.49028072015724,1.141830997807639,398,42,64
ORCL,Technology,BiLSTM,multiclass,20,1,3,1.1790999686298658,1.3160306470734733,398,42,64
ORCL,Technology,BiLSTM,multiclass,20,1,4,1.156240123300696,1.9262904553186326,398,42,64
ORCL,Technology,BiLSTM,multiclass,20,1,5,0.8909784708190803,1.2712811856042772,398,42,64
ORCL,Technology,BiLSTM,multiclass,20,1,6,0.9727013117104919,1.6231540214447748,398,42,64
ORCL,Technology,BiLSTM,multiclass,20,1,7,0.7807959348113094,1.4690161659604026,398,42,64
ORCL,Technology,BiLSTM,multiclass,20,1,8,0.9922107205019525,1.1615761348179408,398,42,64
ORCL,Technology,BiLSTM,multiclass,20,1,9,0.7465131907307323,1.5586329812095279,398,42,64
ORCL,Technology,BiLSTM,multiclass,20,1,10,0.7599243072409126,1.426692457426162,398,42,64
ORCL,Technology,BiLSTM,multiclass,20,1,11,0.7651224013549,2.0486800273259482,398,42,64
ORCL,Technology,BiLSTM,multiclass,20,1,12,0.7412316906991316,1.1825776071775527,398,42,64
ORCL,Technology,BiLSTM,multiclass,20,1,13,0.7524111616851097,1.453901129109519,398,42,64
ORCL,Technology,BiLSTM,multiclass,20,1,14,0.7736636168094136,1.0871861520267667,398,42,64
ORCL,Technology,BiLSTM,multiclass,20,1,15,0.7829752720181068,1.1016729332151867,398,42,64
ORCL,Technology,BiLSTM,multiclass,20,1,16,0.6350717887507012,1.2919600435665675,398,42,64
ORCL,Technology,BiLSTM,multiclass,20,1,17,0.6257710365494292,1.2121020952860515,398,42,64
ORCL,Technology,BiLSTM,multiclass,20,1,18,0.5831959846630768,1.4423361335481917,398,42,64
ORCL,Technology,BiLSTM,multiclass,20,1,19,0.5730200429358075,1.1906146889641172,398,42,64
ORCL,Technology,BiLSTM,multiclass,20,1,20,0.5965465353661447,1.3053987934475852,398,42,64
ORCL,Technology,BiLSTM,multiclass,20,1,21,0.506626576035466,1.3933375307491846,398,42,64
ORCL,Technology,BiLSTM,multiclass,20,1,22,0.5647536074396354,1.786818538393293,398,42,64
ORCL,Technology,BiLSTM,multiclass,20,1,23,0.5808014949062961,1.4681350815863836,398,42,64
ORCL,Technology,BiLSTM,multiclass,20,1,24,0.49359957027674917,1.3848388478869484,398,42,64
ORCL,Technology,BiLSTM,multiclass,20,1,25,0.48558450329243835,1.7668146178835915,398,42,64
ORCL,Technology,BiLSTM,multiclass,20,1,26,0.5065146519910151,1.3797430083865212,398,42,64
ORCL,Technology,BiLSTM,multiclass,20,1,27,0.4333746584516075,1.505200743675232,398,42,64
ORCL,Technology,BiLSTM,multiclass,20,1,28,0.45439980706976885,1.5229454040527344,398,42,64
ORCL,Technology,BiLSTM,multiclass,20,1,29,0.47682650439703284,1.3415441740126837,398,42,64
PCG,Utilities,BiLSTM,multiclass,20,1,1,1.4606295886950278,0.9851187864939371,398,42,64
PCG,Utilities,BiLSTM,multiclass,20,1,2,1.1932676173933787,0.7587382665702275,398,42,64
PCG,Utilities,BiLSTM,multiclass,20,1,3,1.284973505154327,1.1400395603406996,398,42,64
PCG,Utilities,BiLSTM,multiclass,20,1,4,1.0567106975981937,1.1106474286033994,398,42,64
PCG,Utilities,BiLSTM,multiclass,20,1,5,0.9278598845604077,0.8528381671224322,398,42,64
PCG,Utilities,BiLSTM,multiclass,20,1,6,0.8628636053459129,0.7258982871259961,398,42,64
PCG,Utilities,BiLSTM,multiclass,20,1,7,0.7960922939693509,0.7396200356029329,398,42,64
PCG,Utilities,BiLSTM,multiclass,20,1,8,0.8084136559136549,0.875511422043755,398,42,64
PCG,Utilities,BiLSTM,multiclass,20,1,9,0.7074726051721142,0.9902983080773127,398,42,64
PCG,Utilities,BiLSTM,multiclass,20,1,10,0.668004428022471,0.8609687884648641,398,42,64
PCG,Utilities,BiLSTM,multiclass,20,1,11,0.7929290356348507,0.8601262682960147,398,42,64
PCG,Utilities,BiLSTM,multiclass,20,1,12,0.8025914301824331,1.0758238349642073,398,42,64
PCG,Utilities,BiLSTM,multiclass,20,1,13,0.6650125748248555,1.3393260893367587,398,42,64
PCG,Utilities,BiLSTM,multiclass,20,1,14,0.7352105918242104,0.9060363939830235,398,42,64
PCG,Utilities,BiLSTM,multiclass,20,1,15,0.6909604378082045,1.0771696283703758,398,42,64
PCG,Utilities,BiLSTM,multiclass,20,1,16,0.6424688338933877,0.9157277884937468,398,42,64
PCG,Utilities,BiLSTM,multiclass,20,1,17,0.6434157496720703,1.3949648624374753,398,42,64
PCG,Utilities,BiLSTM,multiclass,20,1,18,0.550366578090131,1.2657195443198794,398,42,64
PCG,Utilities,BiLSTM,multiclass,20,1,19,0.5517481685283795,1.162773120970953,398,42,64
PCG,Utilities,BiLSTM,multiclass,20,1,20,0.6177209765467812,1.2164953180721827,398,42,64
PCG,Utilities,BiLSTM,multiclass,20,1,21,0.484404510888622,1.3013769473348344,398,42,64
PCLN,Services,BiLSTM,multiclass,20,1,1,1.8352834878854416,1.9753002950123377,398,42,64
PCLN,Services,BiLSTM,multiclass,20,1,2,1.2733637040583932,1.6317654223669142,398,42,64
PCLN,Services,BiLSTM,multiclass,20,1,3,1.0924115603293605,1.4504924444925218,398,42,64
PCLN,Services,BiLSTM,multiclass,20,1,4,1.1582524470947495,1.255267327740079,398,42,64
PCLN,Services,BiLSTM,multiclass,20,1,5,1.0199469211113512,1.1523518817765372,398,42,64
PCLN,Services,BiLSTM,multiclass,20,1,6,0.9914609676030413,1.1321832537651062,398,42,64
PCLN,Services,BiLSTM,multiclass,20,1,7,0.9488494734668252,1.4508839079311915,398,42,64
PCLN,Services,BiLSTM,multiclass,20,1,8,0.9279031109570259,1.2219382524490356,398,42,64
PCLN,Services,BiLSTM,multiclass,20,1,9,0.8450790230353274,1.308509389559428,398,42,64
PCLN,Services,BiLSTM,multiclass,20,1,10,0.8111967378525279,1.3453973191125053,398,42,64
PCLN,Services,BiLSTM,multiclass,20,1,11,0.8368870541078961,1.1928353792145139,398,42,64
PCLN,Services,BiLSTM,multiclass,20,1,12,0.840898033662058,1.2341840721312023,398,42,64
PCLN,Services,BiLSTM,multiclass,20,1,13,0.7399540139203096,1.20682768594651,398,42,64
PCLN,Services,BiLSTM,multiclass,20,1,14,0.7353650463286356,1.3407368205842518,398,42,64
PCLN,Services,BiLSTM,multiclass,20,1,15,0.7668845509763939,1.4553697620119368,398,42,64
PCLN,Services,BiLSTM,multiclass,20,1,16,0.670919964960472,1.1319394395464943,398,42,64
PCLN,Services,BiLSTM,multiclass,20,1,17,0.6591257739007174,1.234509025301252,398,42,64
PCLN,Services,BiLSTM,multiclass,20,1,18,0.6643385500764128,1.3955454599289667,398,42,64
PCLN,Services,BiLSTM,multiclass,20,1,19,0.642593301870116,1.5166622797648113,398,42,64
PCLN,Services,BiLSTM,multiclass,20,1,20,0.6653989840991533,1.3195892572402954,398,42,64
PCLN,Services,BiLSTM,multiclass,20,1,21,0.6155329620718357,1.2520802673839388,398,42,64
PEP,Consumer Goods,BiLSTM,multiclass,20,1,1,1.6907287602448584,1.6737290422121684,398,42,64
PEP,Consumer Goods,BiLSTM,multiclass,20,1,2,1.1068541191930148,1.9429143723987399,398,42,64
PEP,Consumer Goods,BiLSTM,multiclass,20,1,3,0.9931069283030141,2.6811394350869313,398,42,64
PEP,Consumer Goods,BiLSTM,multiclass,20,1,4,1.1066485363334866,2.471875576745896,398,42,64
PEP,Consumer Goods,BiLSTM,multiclass,20,1,5,0.8578754822213446,2.8186987468174527,398,42,64
PEP,Consumer Goods,BiLSTM,multiclass,20,1,6,1.035943606391025,3.1436795053027926,398,42,64
PEP,Consumer Goods,BiLSTM,multiclass,20,1,7,0.8039333104488239,3.1417541730971563,398,42,64
PEP,Consumer Goods,BiLSTM,multiclass,20,1,8,0.7383337637886929,3.5620140575227284,398,42,64
PEP,Consumer Goods,BiLSTM,multiclass,20,1,9,0.9839220562172895,2.835204623994373,398,42,64
PEP,Consumer Goods,BiLSTM,multiclass,20,1,10,0.6541212979872623,3.8098871140252974,398,42,64
PEP,Consumer Goods,BiLSTM,multiclass,20,1,11,0.7119595796319108,3.5320113272894,398,42,64
PEP,Consumer Goods,BiLSTM,multiclass,20,1,12,0.6880739212934696,2.5481347924187068,398,42,64
PEP,Consumer Goods,BiLSTM,multiclass,20,1,13,0.7010745683207584,3.404150644938151,398,42,64
PEP,Consumer Goods,BiLSTM,multiclass,20,1,14,0.5153855768280413,3.103848684401739,398,42,64
PEP,Consumer Goods,BiLSTM,multiclass,20,1,15,0.5715289271656593,3.8592554955255416,398,42,64
PEP,Consumer Goods,BiLSTM,multiclass,20,1,16,0.7373217932842485,3.5251235280718123,398,42,64
PFE,Healthcare,BiLSTM,multiclass,20,1,1,1.9395124906271546,2.7371932693890164,398,42,64
PFE,Healthcare,BiLSTM,multiclass,20,1,2,1.3596990914201017,1.7468983814829873,398,42,64
PFE,Healthcare,BiLSTM,multiclass,20,1,3,1.2060373374565163,1.9938359203792753,398,42,64
PFE,Healthcare,BiLSTM,multiclass,20,1,4,1.0106116283179527,1.4910287232626052,398,42,64
PFE,Healthcare,BiLSTM,multiclass,20,1,5,0.8469114183780536,1.6768764598029,398,42,64
PFE,Healthcare,BiLSTM,multiclass,20,1,6,0.8752507474554244,2.010847347123282,398,42,64
PFE,Healthcare,BiLSTM,multiclass,20,1,7,0.8702911312256626,1.8790835312434606,398,42,64
PFE,Healthcare,BiLSTM,multiclass,20,1,8,0.806692119818836,1.6434765316191173,398,42,64
PFE,Healthcare,BiLSTM,multiclass,20,1,9,0.8504931055121685,1.9346917470296223,398,42,64
PFE,Healthcare,BiLSTM,multiclass,20,1,10,0.771532668839747,2.1836940220424106,398,42,64
PFE,Healthcare,BiLSTM,multiclass,20,1,11,0.7496420118077916,1.9022704306102933,398,42,64
PFE,Healthcare,BiLSTM,multiclass,20,1,12,0.8137026839519865,1.7526688802809942,398,42,64
PFE,Healthcare,BiLSTM,multiclass,20,1,13,0.8361499558142083,1.9394383373714628,398,42,64
PFE,Healthcare,BiLSTM,multiclass,20,1,14,0.7257461350167816,2.255621013187227,398,42,64
PFE,Healthcare,BiLSTM,multiclass,20,1,15,0.7167107331093832,2.568280197325207,398,42,64
PFE,Healthcare,BiLSTM,multiclass,20,1,16,0.5950762428830018,2.2982012998490107,398,42,64
PFE,Healthcare,BiLSTM,multiclass,20,1,17,0.5965073634332149,2.0931963466462635,398,42,64
PFE,Healthcare,BiLSTM,multiclass,20,1,18,0.605357727363481,2.152931054433187,398,42,64
PFE,Healthcare,BiLSTM,multiclass,20,1,19,0.5919007250112505,1.8321644748960222,398,42,64
PG,Consumer Goods,BiLSTM,multiclass,20,1,1,1.865532114577653,3.3534390528996787,398,42,64
PG,Consumer Goods,BiLSTM,multiclass,20,1,2,1.5502462202879652,1.2823586776143028,398,42,64
PG,Consumer Goods,BiLSTM,multiclass,20,1,3,1.5399199250954478,1.7759500656809126,398,42,64
PG,Consumer Goods,BiLSTM,multiclass,20,1,4,1.197942446374414,1.6710036567279272,398,42,64
PG,Consumer Goods,BiLSTM,multiclass,20,1,5,1.0579350978585345,2.1497546434402466,398,42,64
PG,Consumer Goods,BiLSTM,multiclass,20,1,6,0.8634153978908481,2.583443363507589,398,42,64
PG,Consumer Goods,BiLSTM,multiclass,20,1,7,0.7681963568057247,2.9107883941559565,398,42,64
PG,Consumer Goods,BiLSTM,multiclass,20,1,8,0.8305756234044406,4.048206965128581,398,42,64
PG,Consumer Goods,BiLSTM,multiclass,20,1,9,0.9061213920463869,4.002881935664585,398,42,64
PG,Consumer Goods,BiLSTM,multiclass,20,1,10,0.89316033014101,3.438149304617019,398,42,64
PG,Consumer Goods,BiLSTM,multiclass,20,1,11,0.7963781934886721,4.511170750572568,398,42,64
PG,Consumer Goods,BiLSTM,multiclass,20,1,12,0.8229962144065742,3.9572390828813826,398,42,64
PG,Consumer Goods,BiLSTM,multiclass,20,1,13,0.6220512966714312,3.622312307357788,398,42,64
PG,Consumer Goods,BiLSTM,multiclass,20,1,14,0.9892909167399958,3.8570036320459273,398,42,64
PG,Consumer Goods,BiLSTM,multiclass,20,1,15,0.5394641616236624,3.98292807170323,398,42,64
PG,Consumer Goods,BiLSTM,multiclass,20,1,16,0.7849019542710864,3.9115768727802096,398,42,64
PG,Consumer Goods,BiLSTM,multiclass,20,1,17,0.6569659416400009,4.45613355863662,398,42,64
PICO,Conglomerates,BiLSTM,multiclass,20,1,1,1.9756893644380809,1.1229887803395588,398,42,64
PICO,Conglomerates,BiLSTM,multiclass,20,1,2,1.5696391759805344,1.0059570528212047,398,42,64
PICO,Conglomerates,BiLSTM,multiclass,20,1,3,1.1881377020073896,1.3881204582396007,398,42,64
PICO,Conglomerates,BiLSTM,multiclass,20,1,4,1.1686231628734263,1.0356846480142503,398,42,64
PICO,Conglomerates,BiLSTM,multiclass,20,1,5,1.0796263790010807,2.0886096840813044,398,42,64
PICO,Conglomerates,BiLSTM,multiclass,20,1,6,0.9644334259344705,2.6407762936183383,398,42,64
PICO,Conglomerates,BiLSTM,multiclass,20,1,7,1.0019104429824868,1.7526424385252453,398,42,64
PICO,Conglomerates,BiLSTM,multiclass,20,1,8,0.8770984345345042,1.7015593278975714,398,42,64
PICO,Conglomerates,BiLSTM,multiclass,20,1,9,0.943512767403569,1.7570009118034726,398,42,64
PICO,Conglomerates,BiLSTM,multiclass,20,1,10,0.8299251423409236,1.1644088143394107,398,42,64
PICO,Conglomerates,BiLSTM,multiclass,20,1,11,0.8252184001644652,1.3797643071129209,398,42,64
PICO,Conglomerates,BiLSTM,multiclass,20,1,12,0.8541382036017413,0.9799994797933669,398,42,64
PICO,Conglomerates,BiLSTM,multiclass,20,1,13,0.8459480821187771,1.1764953590574718,398,42,64
PICO,Conglomerates,BiLSTM,multiclass,20,1,14,0.7328510643848821,0.9933440344674247,398,42,64
PICO,Conglomerates,BiLSTM,multiclass,20,1,15,0.7739129204246866,1.117860442116147,398,42,64
PICO,Conglomerates,BiLSTM,multiclass,20,1,16,0.7646868884862967,1.0407078805423917,398,42,64
PICO,Conglomerates,BiLSTM,multiclass,20,1,17,0.7523186907696364,1.1064245133172899,398,42,64
PICO,Conglomerates,BiLSTM,multiclass,20,1,18,0.7292668765513741,1.6881276879991804,398,42,64
PICO,Conglomerates,BiLSTM,multiclass,20,1,19,0.8380589856574284,1.1902720133463542,398,42,64
PICO,Conglomerates,BiLSTM,multiclass,20,1,20,0.6970724819892615,0.9734567063195365,398,42,64
PICO,Conglomerates,BiLSTM,multiclass,20,1,21,0.6315532416554551,1.0224661770321073,398,42,64
PICO,Conglomerates,BiLSTM,multiclass,20,1,22,0.6824334021189704,1.0385172963142395,398,42,64
PICO,Conglomerates,BiLSTM,multiclass,20,1,23,0.7361652725305988,0.9220793672970363,398,42,64
PICO,Conglomerates,BiLSTM,multiclass,20,1,24,0.7042461627691834,0.9727611399832226,398,42,64
PICO,Conglomerates,BiLSTM,multiclass,20,1,25,0.6207445075164488,0.962351972148532,398,42,64
PICO,Conglomerates,BiLSTM,multiclass,20,1,26,0.7211784819262711,1.0546380678812664,398,42,64
PICO,Conglomerates,BiLSTM,multiclass,20,1,27,0.6156864582593716,1.2666083574295044,398,42,64
PICO,Conglomerates,BiLSTM,multiclass,20,1,28,0.6087761841826702,1.1405890811057318,398,42,64
PICO,Conglomerates,BiLSTM,multiclass,20,1,29,0.6258614365778976,0.9392629634766352,398,42,64
PICO,Conglomerates,BiLSTM,multiclass,20,1,30,0.6185926555389136,0.999802637667883,398,42,64
PM,Consumer Goods,BiLSTM,multiclass,20,1,1,1.3630139264629115,1.7916860097930545,398,42,64
PM,Consumer Goods,BiLSTM,multiclass,20,1,2,1.3159367043768342,1.06359840290887,398,42,64
PM,Consumer Goods,BiLSTM,multiclass,20,1,3,1.0658356532379611,1.1548535256158738,398,42,64
PM,Consumer Goods,BiLSTM,multiclass,20,1,4,0.8965756150346306,1.3440584455217635,398,42,64
PM,Consumer Goods,BiLSTM,multiclass,20,1,5,0.9174279321977241,1.51790642170679,398,42,64
PM,Consumer Goods,BiLSTM,multiclass,20,1,6,0.8999320066454423,1.5878352607999529,398,42,64
PM,Consumer Goods,BiLSTM,multiclass,20,1,7,1.038491072367184,0.9525278153873625,398,42,64
PM,Consumer Goods,BiLSTM,multiclass,20,1,8,0.822921899994414,1.059967080752055,398,42,64
PM,Consumer Goods,BiLSTM,multiclass,20,1,9,0.7375781046385741,1.3672330379486084,398,42,64
PM,Consumer Goods,BiLSTM,multiclass,20,1,10,0.6877303917204315,1.1239163932346163,398,42,64
PM,Consumer Goods,BiLSTM,multiclass,20,1,11,0.6934584058708881,1.524979591369629,398,42,64
PM,Consumer Goods,BiLSTM,multiclass,20,1,12,0.7478418080650981,0.9969540209997267,398,42,64
PM,Consumer Goods,BiLSTM,multiclass,20,1,13,0.5572599484093824,0.9448807920728411,398,42,64
PM,Consumer Goods,BiLSTM,multiclass,20,1,14,0.6274914232330706,1.0424477997280301,398,42,64
PM,Consumer Goods,BiLSTM,multiclass,20,1,15,0.5631747432989092,1.1249384369168962,398,42,64
PM,Consumer Goods,BiLSTM,multiclass,20,1,16,0.6777452044750578,0.9567664464314779,398,42,64
PM,Consumer Goods,BiLSTM,multiclass,20,1,17,0.5402213101410985,1.0542004789624895,398,42,64
PM,Consumer Goods,BiLSTM,multiclass,20,1,18,0.629002957787346,1.092555977049328,398,42,64
PM,Consumer Goods,BiLSTM,multiclass,20,1,19,0.5517902825046425,1.0953888098398845,398,42,64
PM,Consumer Goods,BiLSTM,multiclass,20,1,20,0.63161978050692,1.0260260502497356,398,42,64
PM,Consumer Goods,BiLSTM,multiclass,20,1,21,0.5679494495966926,1.2467697574978782,398,42,64
PM,Consumer Goods,BiLSTM,multiclass,20,1,22,0.5632429006111682,1.3224219708215623,398,42,64
PM,Consumer Goods,BiLSTM,multiclass,20,1,23,0.6043226146817806,1.2927308025814237,398,42,64
PM,Consumer Goods,BiLSTM,multiclass,20,1,24,0.49559174380709775,1.2475651899973552,398,42,64
PM,Consumer Goods,BiLSTM,multiclass,20,1,25,0.5136481480083274,1.192540963490804,398,42,64
PM,Consumer Goods,BiLSTM,multiclass,20,1,26,0.5549580922078847,1.1962858949388777,398,42,64
PM,Consumer Goods,BiLSTM,multiclass,20,1,27,0.48868964065858467,1.1492074160348802,398,42,64
PM,Consumer Goods,BiLSTM,multiclass,20,1,28,0.5590149021927436,1.2469888641720726,398,42,64
PPL,Utilities,BiLSTM,multiclass,20,1,1,1.885545106089894,2.834675357455299,398,42,64
PPL,Utilities,BiLSTM,multiclass,20,1,2,1.4495871213812326,1.8862192914599465,398,42,64
PPL,Utilities,BiLSTM,multiclass,20,1,3,1.2362395581887595,0.938066874231611,398,42,64
PPL,Utilities,BiLSTM,multiclass,20,1,4,0.9734016456196656,1.0542123828615462,398,42,64
PPL,Utilities,BiLSTM,multiclass,20,1,5,0.8698030734182003,1.3301150912330264,398,42,64
PPL,Utilities,BiLSTM,multiclass,20,1,6,1.135532484881243,1.1123501062393188,398,42,64
PPL,Utilities,BiLSTM,multiclass,20,1,7,1.0055106420013773,1.0785403308414279,398,42,64
PPL,Utilities,BiLSTM,multiclass,20,1,8,0.7783537117680114,0.9358661912736439,398,42,64
PPL,Utilities,BiLSTM,multiclass,20,1,9,0.8042372569965957,1.1195120754696073,398,42,64
PPL,Utilities,BiLSTM,multiclass,20,1,10,0.8331820207025538,1.2202161266690208,398,42,64
PPL,Utilities,BiLSTM,multiclass,20,1,11,0.7102338824439888,1.1658494699568975,398,42,64
PPL,Utilities,BiLSTM,multiclass,20,1,12,0.7498236331508388,1.5070140702383858,398,42,64
PPL,Utilities,BiLSTM,multiclass,20,1,13,0.8066301923900393,1.4214800539470853,398,42,64
PPL,Utilities,BiLSTM,multiclass,20,1,14,0.6844584573453395,1.0146828038351876,398,42,64
PPL,Utilities,BiLSTM,multiclass,20,1,15,0.6601892808573929,1.4157799993242537,398,42,64
PPL,Utilities,BiLSTM,multiclass,20,1,16,0.5916147750226697,1.0025801318032401,398,42,64
PPL,Utilities,BiLSTM,multiclass,20,1,17,0.616951623903447,1.094387519927252,398,42,64
PPL,Utilities,BiLSTM,multiclass,20,1,18,0.6334141659077688,1.2224742571512859,398,42,64
PTR,Basic Matierials,BiLSTM,multiclass,20,1,1,1.715674468021297,1.5754948627381098,398,42,64
PTR,Basic Matierials,BiLSTM,multiclass,20,1,2,1.2572328619022466,2.2971080257779075,398,42,64
PTR,Basic Matierials,BiLSTM,multiclass,20,1,3,1.0993636517069447,1.8367320469447546,398,42,64
PTR,Basic Matierials,BiLSTM,multiclass,20,1,4,1.103658647992503,2.307345685504732,398,42,64
PTR,Basic Matierials,BiLSTM,multiclass,20,1,5,0.985242846623138,2.2135910874321345,398,42,64
PTR,Basic Matierials,BiLSTM,multiclass,20,1,6,0.9238547904407559,1.6479161693936302,398,42,64
PTR,Basic Matierials,BiLSTM,multiclass,20,1,7,0.9164687754520818,2.0017355396634056,398,42,64
PTR,Basic Matierials,BiLSTM,multiclass,20,1,8,0.8507715212040811,1.4883276167370023,398,42,64
PTR,Basic Matierials,BiLSTM,multiclass,20,1,9,0.8888187552217263,1.3584433907554263,398,42,64
PTR,Basic Matierials,BiLSTM,multiclass,20,1,10,0.8253613884125522,1.652027033624195,398,42,64
PTR,Basic Matierials,BiLSTM,multiclass,20,1,11,0.8302532985581824,1.362982153892517,398,42,64
PTR,Basic Matierials,BiLSTM,multiclass,20,1,12,0.8148396639668163,1.3332291273843675,398,42,64
PTR,Basic Matierials,BiLSTM,multiclass,20,1,13,0.8674786812696026,1.7952834140686762,398,42,64
PTR,Basic Matierials,BiLSTM,multiclass,20,1,14,0.8174217767152355,1.1080058983394079,398,42,64
PTR,Basic Matierials,BiLSTM,multiclass,20,1,15,0.775068517605863,2.2770100775219144,398,42,64
PTR,Basic Matierials,BiLSTM,multiclass,20,1,16,0.7487335852043113,1.3248191561017717,398,42,64
PTR,Basic Matierials,BiLSTM,multiclass,20,1,17,0.6952977944259069,2.11008197920663,398,42,64
PTR,Basic Matierials,BiLSTM,multiclass,20,1,18,0.6802338918848853,1.4732525859560286,398,42,64
PTR,Basic Matierials,BiLSTM,multiclass,20,1,19,0.6246397451839255,1.360033705120995,398,42,64
PTR,Basic Matierials,BiLSTM,multiclass,20,1,20,0.6435078628099145,1.168081624167306,398,42,64
PTR,Basic Matierials,BiLSTM,multiclass,20,1,21,0.7149617972984985,1.022784119560605,398,42,64
PTR,Basic Matierials,BiLSTM,multiclass,20,1,22,0.6243905411593279,1.4833853074482508,398,42,64
PTR,Basic Matierials,BiLSTM,multiclass,20,1,23,0.6862046815941681,1.5278799022947038,398,42,64
PTR,Basic Matierials,BiLSTM,multiclass,20,1,24,0.6384223130480129,1.832161131359282,398,42,64
PTR,Basic Matierials,BiLSTM,multiclass,20,1,25,0.6312325499465118,1.4594055811564128,398,42,64
PTR,Basic Matierials,BiLSTM,multiclass,20,1,26,0.6062574880806046,1.5056528420675368,398,42,64
PTR,Basic Matierials,BiLSTM,multiclass,20,1,27,0.6063731308258957,1.6265807435626076,398,42,64
PTR,Basic Matierials,BiLSTM,multiclass,20,1,28,0.5593213596236166,1.4155077366601854,398,42,64
PTR,Basic Matierials,BiLSTM,multiclass,20,1,29,0.5604855379267554,1.7481754280271984,398,42,64
PTR,Basic Matierials,BiLSTM,multiclass,20,1,30,0.5621834955922324,1.4078154336838495,398,42,64
RDS-B,Basic Matierials,BiLSTM,multiclass,20,1,1,1.6564325375772602,1.3946360917318434,398,42,64
RDS-B,Basic Matierials,BiLSTM,multiclass,20,1,2,1.3423549976181146,1.2280595416114444,398,42,64
RDS-B,Basic Matierials,BiLSTM,multiclass,20,1,3,1.1724791119446107,1.977617661158244,398,42,64
RDS-B,Basic Matierials,BiLSTM,multiclass,20,1,4,1.2202602804605684,2.3762522652035667,398,42,64
RDS-B,Basic Matierials,BiLSTM,multiclass,20,1,5,1.1396815929580573,1.4838365089325678,398,42,64
RDS-B,Basic Matierials,BiLSTM,multiclass,20,1,6,1.045830003130975,2.0131912231445312,398,42,64
RDS-B,Basic Matierials,BiLSTM,multiclass,20,1,7,0.8065218107784213,2.217543431690761,398,42,64
RDS-B,Basic Matierials,BiLSTM,multiclass,20,1,8,0.8441332094932921,1.284010410308838,398,42,64
RDS-B,Basic Matierials,BiLSTM,multiclass,20,1,9,0.8380904083874956,1.3867197945004417,398,42,64
RDS-B,Basic Matierials,BiLSTM,multiclass,20,1,10,0.7321411538962743,1.6407411836442494,398,42,64
RDS-B,Basic Matierials,BiLSTM,multiclass,20,1,11,0.7392099468252766,1.1941054207938058,398,42,64
RDS-B,Basic Matierials,BiLSTM,multiclass,20,1,12,0.7203360402104843,1.6644514628819056,398,42,64
RDS-B,Basic Matierials,BiLSTM,multiclass,20,1,13,0.7863805644476234,1.5351958956037248,398,42,64
RDS-B,Basic Matierials,BiLSTM,multiclass,20,1,14,0.7631797726130366,0.969689320950281,398,42,64
RDS-B,Basic Matierials,BiLSTM,multiclass,20,1,15,0.7655412381018826,1.154303408804394,398,42,64
RDS-B,Basic Matierials,BiLSTM,multiclass,20,1,16,0.6269104423834451,1.2364915552593412,398,42,64
RDS-B,Basic Matierials,BiLSTM,multiclass,20,1,17,0.7099866402808146,1.1507467542375838,398,42,64
RDS-B,Basic Matierials,BiLSTM,multiclass,20,1,18,0.7233955484239301,1.1180280049641926,398,42,64
RDS-B,Basic Matierials,BiLSTM,multiclass,20,1,19,0.7198380899788747,1.022116638365246,398,42,64
RDS-B,Basic Matierials,BiLSTM,multiclass,20,1,20,0.6701748067110627,0.9992375799587795,398,42,64
RDS-B,Basic Matierials,BiLSTM,multiclass,20,1,21,0.6641480533321898,1.9097578866141183,398,42,64
RDS-B,Basic Matierials,BiLSTM,multiclass,20,1,22,0.651584811695856,1.1006873846054077,398,42,64
RDS-B,Basic Matierials,BiLSTM,multiclass,20,1,23,0.6444366099546902,1.270327125276838,398,42,64
RDS-B,Basic Matierials,BiLSTM,multiclass,20,1,24,0.5773255694751165,1.094338405699957,398,42,64
RDS-B,Basic Matierials,BiLSTM,multiclass,20,1,25,0.5642181121224734,1.5138105721700759,398,42,64
RDS-B,Basic Matierials,BiLSTM,multiclass,20,1,26,0.6920183832621455,1.1150139854067849,398,42,64
RDS-B,Basic Matierials,BiLSTM,multiclass,20,1,27,0.5958593574600604,1.3150007128715515,398,42,64
RDS-B,Basic Matierials,BiLSTM,multiclass,20,1,28,0.5851072318589867,1.073222049645015,398,42,64
RDS-B,Basic Matierials,BiLSTM,multiclass,20,1,29,0.5541012423421869,1.2598245967002142,398,42,64
REX,Conglomerates,BiLSTM,multiclass,20,1,1,1.4940529007408487,0.9169961412747701,398,42,64
REX,Conglomerates,BiLSTM,multiclass,20,1,2,1.1540372665203995,1.7976587840488978,398,42,64
REX,Conglomerates,BiLSTM,multiclass,20,1,3,1.1706441691772422,1.8736614840371268,398,42,64
REX,Conglomerates,BiLSTM,multiclass,20,1,4,0.9531242781548045,1.9545779001145136,398,42,64
REX,Conglomerates,BiLSTM,multiclass,20,1,5,1.007918495329181,1.2112738234656197,398,42,64
REX,Conglomerates,BiLSTM,multiclass,20,1,6,0.9016097394665282,1.7083328678494407,398,42,64
REX,Conglomerates,BiLSTM,multiclass,20,1,7,0.920384041328526,1.7527972970690047,398,42,64
REX,Conglomerates,BiLSTM,multiclass,20,1,8,0.875656827310821,2.4838625135875882,398,42,64
REX,Conglomerates,BiLSTM,multiclass,20,1,9,0.8311518020366304,1.215810015088036,398,42,64
REX,Conglomerates,BiLSTM,multiclass,20,1,10,0.7748811882943963,1.3734687226159232,398,42,64
REX,Conglomerates,BiLSTM,multiclass,20,1,11,0.7543784913106181,1.7698434534527006,398,42,64
REX,Conglomerates,BiLSTM,multiclass,20,1,12,0.764315523693909,1.3843095813478743,398,42,64
REX,Conglomerates,BiLSTM,multiclass,20,1,13,0.7125143482157933,1.4058083579653786,398,42,64
REX,Conglomerates,BiLSTM,multiclass,20,1,14,0.7100982510264794,1.370740260396685,398,42,64
REX,Conglomerates,BiLSTM,multiclass,20,1,15,0.6544809751774199,1.0877475852058047,398,42,64
REX,Conglomerates,BiLSTM,multiclass,20,1,16,0.6529342064905406,1.1506349756604148,398,42,64
SLB,Basic Matierials,BiLSTM,multiclass,20,1,1,1.9139675279358523,1.5648699019636427,398,42,64
SLB,Basic Matierials,BiLSTM,multiclass,20,1,2,1.4151387493215015,1.0657130877176921,398,42,64
SLB,Basic Matierials,BiLSTM,multiclass,20,1,3,1.1954619519075556,2.66769730477106,398,42,64
SLB,Basic Matierials,BiLSTM,multiclass,20,1,4,1.1452417825933676,1.3004556780769712,398,42,64
SLB,Basic Matierials,BiLSTM,multiclass,20,1,5,1.1090317085460202,1.1548771687916346,398,42,64
SLB,Basic Matierials,BiLSTM,multiclass,20,1,6,0.875239710112912,1.2533311560040428,398,42,64
SLB,Basic Matierials,BiLSTM,multiclass,20,1,7,0.8936461926105633,1.699715568905785,398,42,64
SLB,Basic Matierials,BiLSTM,multiclass,20,1,8,0.9261847785369834,1.2087712060837519,398,42,64
SLB,Basic Matierials,BiLSTM,multiclass,20,1,9,0.9379993443513036,1.6187848477136522,398,42,64
SLB,Basic Matierials,BiLSTM,multiclass,20,1,10,0.8270532734430016,1.6640844685690743,398,42,64
SLB,Basic Matierials,BiLSTM,multiclass,20,1,11,0.784894490062292,2.203528154463995,398,42,64
SLB,Basic Matierials,BiLSTM,multiclass,20,1,12,0.7779297211661411,1.1340484846205938,398,42,64
SLB,Basic Matierials,BiLSTM,multiclass,20,1,13,0.7968598803383621,2.0377432051159086,398,42,64
SLB,Basic Matierials,BiLSTM,multiclass,20,1,14,0.7943831767568637,1.2016398793175107,398,42,64
SLB,Basic Matierials,BiLSTM,multiclass,20,1,15,0.7219566500666154,1.4497924475442796,398,42,64
SLB,Basic Matierials,BiLSTM,multiclass,20,1,16,0.6625012270170241,1.2776447137196858,398,42,64
SLB,Basic Matierials,BiLSTM,multiclass,20,1,17,0.6580936880267445,1.338196799868629,398,42,64
SNP,Basic Matierials,BiLSTM,multiclass,20,1,1,1.97139648336861,1.4514479410080683,398,42,64
SNP,Basic Matierials,BiLSTM,multiclass,20,1,2,1.385438575816514,1.1696851423808508,398,42,64
SNP,Basic Matierials,BiLSTM,multiclass,20,1,3,1.3115230225138927,1.1221585756256467,398,42,64
SNP,Basic Matierials,BiLSTM,multiclass,20,1,4,1.0457821946647299,1.342106370698838,398,42,64
SNP,Basic Matierials,BiLSTM,multiclass,20,1,5,1.025722455738777,1.2860561325436546,398,42,64
SNP,Basic Matierials,BiLSTM,multiclass,20,1,6,0.9988594061166198,1.772563724290757,398,42,64
SNP,Basic Matierials,BiLSTM,multiclass,20,1,7,0.8706041089254408,1.2519049758002871,398,42,64
SNP,Basic Matierials,BiLSTM,multiclass,20,1,8,0.8804527071852181,1.1630703778493972,398,42,64
SNP,Basic Matierials,BiLSTM,multiclass,20,1,9,0.8256363021069436,2.175169729051136,398,42,64
SNP,Basic Matierials,BiLSTM,multiclass,20,1,10,0.8260542000058907,1.3292058535984583,398,42,64
SNP,Basic Matierials,BiLSTM,multiclass,20,1,11,0.8136649826663224,1.859840676898048,398,42,64
SNP,Basic Matierials,BiLSTM,multiclass,20,1,12,0.8319254134168577,1.3458496105103266,398,42,64
SNP,Basic Matierials,BiLSTM,multiclass,20,1,13,0.7787538325067741,1.219466663542248,398,42,64
SNP,Basic Matierials,BiLSTM,multiclass,20,1,14,0.7478985184401123,1.9386167639777774,398,42,64
SNP,Basic Matierials,BiLSTM,multiclass,20,1,15,0.6621990265259191,1.219951760201227,398,42,64
SNP,Basic Matierials,BiLSTM,multiclass,20,1,16,0.6802069811365712,1.2808925708134968,398,42,64
SNP,Basic Matierials,BiLSTM,multiclass,20,1,17,0.6746173060719093,1.4461883817400252,398,42,64
SNP,Basic Matierials,BiLSTM,multiclass,20,1,18,0.6479098353553657,1.605135684921628,398,42,64
SNY,Healthcare,BiLSTM,multiclass,20,1,1,1.7282364772791838,2.1803013994580223,398,42,64
SNY,Healthcare,BiLSTM,multiclass,20,1,2,1.4171598946029818,2.0950488930656794,398,42,64
SNY,Healthcare,BiLSTM,multiclass,20,1,3,1.1551618965426882,1.923025355452583,398,42,64
SNY,Healthcare,BiLSTM,multiclass,20,1,4,1.132762571076053,1.749716355687096,398,42,64
SNY,Healthcare,BiLSTM,multiclass,20,1,5,1.0845133117095909,1.3587079928034829,398,42,64
SNY,Healthcare,BiLSTM,multiclass,20,1,6,0.9665860153322843,1.3798115253448486,398,42,64
SNY,Healthcare,BiLSTM,multiclass,20,1,7,0.9000357383459656,1.5148580301375616,398,42,64
SNY,Healthcare,BiLSTM,multiclass,20,1,8,0.8923074336507213,1.5512695738247462,398,42,64
SNY,Healthcare,BiLSTM,multiclass,20,1,9,0.8641066305601417,1.6909785440989904,398,42,64
SNY,Healthcare,BiLSTM,multiclass,20,1,10,0.8401242087234804,1.7299906810124714,398,42,64
SNY,Healthcare,BiLSTM,multiclass,20,1,11,0.7656573832933627,1.8903385315622603,398,42,64
SNY,Healthcare,BiLSTM,multiclass,20,1,12,0.7165710123340089,1.7834768579119729,398,42,64
SNY,Healthcare,BiLSTM,multiclass,20,1,13,0.657411191930723,1.9287280667395819,398,42,64
SNY,Healthcare,BiLSTM,multiclass,20,1,14,0.6735494851167477,1.9195567568143208,398,42,64
SNY,Healthcare,BiLSTM,multiclass,20,1,15,0.728744253441317,1.7575362551779974,398,42,64
SNY,Healthcare,BiLSTM,multiclass,20,1,16,0.7086614870545852,1.8876941970416479,398,42,64
SNY,Healthcare,BiLSTM,multiclass,20,1,17,0.5996638130602525,2.0518146753311157,398,42,64
SNY,Healthcare,BiLSTM,multiclass,20,1,18,0.605017013885268,2.2449173075812205,398,42,64
SNY,Healthcare,BiLSTM,multiclass,20,1,19,0.690651766768652,2.1241324884550914,398,42,64
SNY,Healthcare,BiLSTM,multiclass,20,1,20,0.6398085562428039,2.2284633829480125,398,42,64
SO,Utilities,BiLSTM,multiclass,20,1,1,1.5313436281141923,1.7894387727692014,398,42,64
SO,Utilities,BiLSTM,multiclass,20,1,2,1.2888812018399263,1.5193722815740676,398,42,64
SO,Utilities,BiLSTM,multiclass,20,1,3,1.1840268670015,1.0542298356691997,398,42,64
SO,Utilities,BiLSTM,multiclass,20,1,4,1.1013342606362386,1.612806138538179,398,42,64
SO,Utilities,BiLSTM,multiclass,20,1,5,0.9032750132694916,1.394568179334913,398,42,64
SO,Utilities,BiLSTM,multiclass,20,1,6,0.9030888511906916,1.0019741569246565,398,42,64
SO,Utilities,BiLSTM,multiclass,20,1,7,0.7841884949099478,1.2579734751156397,398,42,64
SO,Utilities,BiLSTM,multiclass,20,1,8,0.8952193385991619,0.9825178583463033,398,42,64
SO,Utilities,BiLSTM,multiclass,20,1,9,0.7369463958931928,1.237962929975419,398,42,64
SO,Utilities,BiLSTM,multiclass,20,1,10,0.8194109587813142,1.5313493382363093,398,42,64
SO,Utilities,BiLSTM,multiclass,20,1,11,0.6636857243638542,0.9132809440294901,398,42,64
SO,Utilities,BiLSTM,multiclass,20,1,12,0.7029580246264012,1.2578099114554269,398,42,64
SO,Utilities,BiLSTM,multiclass,20,1,13,0.6616839649689258,1.1945870774132865,398,42,64
SO,Utilities,BiLSTM,multiclass,20,1,14,0.6352643622225852,1.0441944003105164,398,42,64
SO,Utilities,BiLSTM,multiclass,20,1,15,0.5477950381274199,0.8174772915386018,398,42,64
SO,Utilities,BiLSTM,multiclass,20,1,16,0.6679731999809418,1.0920509610857283,398,42,64
SO,Utilities,BiLSTM,multiclass,20,1,17,0.7651558230869734,1.021728637672606,398,42,64
SO,Utilities,BiLSTM,multiclass,20,1,18,0.5579521452362214,1.9143562685875666,398,42,64
SO,Utilities,BiLSTM,multiclass,20,1,19,0.5571128484891288,1.211670580364409,398,42,64
SO,Utilities,BiLSTM,multiclass,20,1,20,0.6672195399825896,1.1142379187402272,398,42,64
SO,Utilities,BiLSTM,multiclass,20,1,21,0.5488368841870945,1.2046448701903933,398,42,64
SO,Utilities,BiLSTM,multiclass,20,1,22,0.5261861888607543,1.2396733647301084,398,42,64
SO,Utilities,BiLSTM,multiclass,20,1,23,0.6082902333544726,1.295250239826384,398,42,64
SO,Utilities,BiLSTM,multiclass,20,1,24,0.6159362646203544,1.4594251598630632,398,42,64
SO,Utilities,BiLSTM,multiclass,20,1,25,0.6061740680855123,0.9140586654345194,398,42,64
SO,Utilities,BiLSTM,multiclass,20,1,26,0.5125047552525698,1.2077583585466658,398,42,64
SO,Utilities,BiLSTM,multiclass,20,1,27,0.621350843552968,1.1897562543551128,398,42,64
SO,Utilities,BiLSTM,multiclass,20,1,28,0.4705757983964891,1.3098211827732267,398,42,64
SO,Utilities,BiLSTM,multiclass,20,1,29,0.6301274564697514,1.5483533626510984,398,42,64
SO,Utilities,BiLSTM,multiclass,20,1,30,0.5016541862907122,1.5503547759283156,398,42,64
SPLP,Conglomerates,BiLSTM,multiclass,20,1,1,1.7909532309177534,1.5768769355047316,398,42,64
SPLP,Conglomerates,BiLSTM,multiclass,20,1,2,1.6060713191128255,0.8256998800096058,398,42,64
SPLP,Conglomerates,BiLSTM,multiclass,20,1,3,1.3570169769040303,1.1094845561754136,398,42,64
SPLP,Conglomerates,BiLSTM,multiclass,20,1,4,1.112544034144387,0.9865944896425519,398,42,64
SPLP,Conglomerates,BiLSTM,multiclass,20,1,5,1.0759098176381097,1.0862044805572146,398,42,64
SPLP,Conglomerates,BiLSTM,multiclass,20,1,6,1.016026520100071,1.0076345659437633,398,42,64
SPLP,Conglomerates,BiLSTM,multiclass,20,1,7,1.1215978109057825,1.3109909551484245,398,42,64
SPLP,Conglomerates,BiLSTM,multiclass,20,1,8,0.9953288370041392,0.8629225066729954,398,42,64
SPLP,Conglomerates,BiLSTM,multiclass,20,1,9,1.0235655818452787,1.3436127702395122,398,42,64
SPLP,Conglomerates,BiLSTM,multiclass,20,1,10,1.02916015452476,1.0058080894606454,398,42,64
SPLP,Conglomerates,BiLSTM,multiclass,20,1,11,0.9016812881033625,1.0032006076404028,398,42,64
SPLP,Conglomerates,BiLSTM,multiclass,20,1,12,0.8400130722690468,1.0119119116238184,398,42,64
SPLP,Conglomerates,BiLSTM,multiclass,20,1,13,0.8917796184968709,1.0552343527475994,398,42,64
SPLP,Conglomerates,BiLSTM,multiclass,20,1,14,0.8201519667203702,1.1314719801857358,398,42,64
SPLP,Conglomerates,BiLSTM,multiclass,20,1,15,0.663101423625371,1.1669952046303522,398,42,64
SPLP,Conglomerates,BiLSTM,multiclass,20,1,16,0.7765128711360184,0.9688519835472107,398,42,64
SPLP,Conglomerates,BiLSTM,multiclass,20,1,17,0.8359459557724958,0.8869730035463969,398,42,64
SRE,Utilities,BiLSTM,multiclass,20,1,1,1.4732819541015816,1.829543079648699,398,42,64
SRE,Utilities,BiLSTM,multiclass,20,1,2,1.3959106284769336,1.8879733312697637,398,42,64
SRE,Utilities,BiLSTM,multiclass,20,1,3,1.112190003071598,2.401666448229835,398,42,64
SRE,Utilities,BiLSTM,multiclass,20,1,4,0.941305287519292,2.659614914939517,398,42,64
SRE,Utilities,BiLSTM,multiclass,20,1,5,0.9345172865306912,3.095012698854719,398,42,64
SRE,Utilities,BiLSTM,multiclass,20,1,6,0.861240865297653,2.353499162764776,398,42,64
SRE,Utilities,BiLSTM,multiclass,20,1,7,0.9886408599477318,2.274390947251093,398,42,64
SRE,Utilities,BiLSTM,multiclass,20,1,8,0.9138811392400732,2.5820868696485246,398,42,64
SRE,Utilities,BiLSTM,multiclass,20,1,9,0.8081262939838908,2.4220214798336936,398,42,64
SRE,Utilities,BiLSTM,multiclass,20,1,10,0.8462778087237373,1.6755056324459257,398,42,64
SRE,Utilities,BiLSTM,multiclass,20,1,11,0.724725353358379,2.8813172919409618,398,42,64
SRE,Utilities,BiLSTM,multiclass,20,1,12,0.8774448953681255,1.761239460536412,398,42,64
SRE,Utilities,BiLSTM,multiclass,20,1,13,0.7183357125251137,3.18999077024914,398,42,64
SRE,Utilities,BiLSTM,multiclass,20,1,14,0.7928011294585376,1.8191937321708316,398,42,64
SRE,Utilities,BiLSTM,multiclass,20,1,15,0.690807345824026,2.426289887655349,398,42,64
SRE,Utilities,BiLSTM,multiclass,20,1,16,0.8230145109358744,2.2126526946113225,398,42,64
SRE,Utilities,BiLSTM,multiclass,20,1,17,0.7037738253123796,1.9875495774405343,398,42,64
SRE,Utilities,BiLSTM,multiclass,20,1,18,0.6876458919527543,3.346750020980835,398,42,64
SRE,Utilities,BiLSTM,multiclass,20,1,19,0.7175039947032928,2.0705361650103615,398,42,64
SRE,Utilities,BiLSTM,multiclass,20,1,20,0.751720473694442,2.4837851637885686,398,42,64
SRE,Utilities,BiLSTM,multiclass,20,1,21,0.6028853909454154,2.001098314921061,398,42,64
SRE,Utilities,BiLSTM,multiclass,20,1,22,0.624443043416469,2.0980944747016546,398,42,64
SRE,Utilities,BiLSTM,multiclass,20,1,23,0.6731747638939614,2.814192499433245,398,42,64
SRE,Utilities,BiLSTM,multiclass,20,1,24,0.4863775050520298,2.280300356092907,398,42,64
SRE,Utilities,BiLSTM,multiclass,20,1,25,0.6032436880933579,1.9429001467568534,398,42,64
T,Technology,BiLSTM,multiclass,20,1,1,1.6844581877765943,2.2354291819390797,398,42,64
T,Technology,BiLSTM,multiclass,20,1,2,1.4492403301761378,0.9100016838028318,398,42,64
T,Technology,BiLSTM,multiclass,20,1,3,1.1727635492032498,0.9316610438483102,398,42,64
T,Technology,BiLSTM,multiclass,20,1,4,0.8961575456600094,0.9758675978297279,398,42,64
T,Technology,BiLSTM,multiclass,20,1,5,1.096785918252552,1.3655242806389218,398,42,64
T,Technology,BiLSTM,multiclass,20,1,6,0.8893717861355249,1.5378283432551794,398,42,64
T,Technology,BiLSTM,multiclass,20,1,7,0.7413038689287463,1.510460825193496,398,42,64
T,Technology,BiLSTM,multiclass,20,1,8,0.6805949010441651,0.925197788647243,398,42,64
T,Technology,BiLSTM,multiclass,20,1,9,0.6833733785991094,0.9878216641289848,398,42,64
T,Technology,BiLSTM,multiclass,20,1,10,0.6187619848466998,1.4331687688827515,398,42,64
T,Technology,BiLSTM,multiclass,20,1,11,0.7396444199073254,1.433846848351615,398,42,64
T,Technology,BiLSTM,multiclass,20,1,12,0.548081235969486,1.30218471799578,398,42,64
T,Technology,BiLSTM,multiclass,20,1,13,0.5749156738645468,1.7264189947219122,398,42,64
T,Technology,BiLSTM,multiclass,20,1,14,0.597289899785315,1.2381368761970883,398,42,64
T,Technology,BiLSTM,multiclass,20,1,15,0.6310092955078911,1.2663408290772211,398,42,64
T,Technology,BiLSTM,multiclass,20,1,16,0.6333825037107995,1.1367100931349254,398,42,64
T,Technology,BiLSTM,multiclass,20,1,17,0.6444099016824559,1.5411218802134197,398,42,64
TM,Consumer Goods,BiLSTM,multiclass,20,1,1,1.6589267751080308,2.62471790540786,398,42,64
TM,Consumer Goods,BiLSTM,multiclass,20,1,2,1.3314674631435068,2.1186702081135342,398,42,64
TM,Consumer Goods,BiLSTM,multiclass,20,1,3,1.2453491013852795,2.264988036382766,398,42,64
TM,Consumer Goods,BiLSTM,multiclass,20,1,4,0.8100959511857536,2.530025448117937,398,42,64
TM,Consumer Goods,BiLSTM,multiclass,20,1,5,0.9668375906632773,2.0713730255762735,398,42,64
TM,Consumer Goods,BiLSTM,multiclass,20,1,6,0.7752219279806818,1.6436630487442017,398,42,64
TM,Consumer Goods,BiLSTM,multiclass,20,1,7,0.8847045805586043,2.2493431000482467,398,42,64
TM,Consumer Goods,BiLSTM,multiclass,20,1,8,0.8466364831181626,1.7720446529842557,398,42,64
TM,Consumer Goods,BiLSTM,multiclass,20,1,9,0.620179131701963,2.351363261540731,398,42,64
TM,Consumer Goods,BiLSTM,multiclass,20,1,10,0.7266253156578122,2.136219683147612,398,42,64
TM,Consumer Goods,BiLSTM,multiclass,20,1,11,0.8728709246345501,1.7538047007152013,398,42,64
TM,Consumer Goods,BiLSTM,multiclass,20,1,12,0.7508086514233345,1.6389736504781813,398,42,64
TM,Consumer Goods,BiLSTM,multiclass,20,1,13,0.8079104347145138,1.6723934071404594,398,42,64
TM,Consumer Goods,BiLSTM,multiclass,20,1,14,0.6487672558082408,1.7422144469760714,398,42,64
TM,Consumer Goods,BiLSTM,multiclass,20,1,15,0.7387431220493125,1.9932156630924769,398,42,64
TM,Consumer Goods,BiLSTM,multiclass,20,1,16,0.668622733061038,1.6679771003269015,398,42,64
TM,Consumer Goods,BiLSTM,multiclass,20,1,17,0.7612781141271543,1.672608772913615,398,42,64
TM,Consumer Goods,BiLSTM,multiclass,20,1,18,0.6354889914618066,1.7837335552488054,398,42,64
TM,Consumer Goods,BiLSTM,multiclass,20,1,19,0.6042774914197586,1.9134749571482341,398,42,64
TM,Consumer Goods,BiLSTM,multiclass,20,1,20,0.5482642867756848,1.660356601079305,398,42,64
TM,Consumer Goods,BiLSTM,multiclass,20,1,21,0.5994906620164613,1.8344664971033733,398,42,64
TOT,Basic Matierials,BiLSTM,multiclass,20,1,1,1.897183059148453,1.816742840267363,398,42,64
TOT,Basic Matierials,BiLSTM,multiclass,20,1,2,1.4231987960973578,1.0033293508348011,398,42,64
TOT,Basic Matierials,BiLSTM,multiclass,20,1,3,1.2842790433509865,1.5134474890572684,398,42,64
TOT,Basic Matierials,BiLSTM,multiclass,20,1,4,1.2223738339079084,1.15349547068278,398,42,64
TOT,Basic Matierials,BiLSTM,multiclass,20,1,5,1.1142122952183287,1.1565908704485213,398,42,64
TOT,Basic Matierials,BiLSTM,multiclass,20,1,6,1.0353014687796933,1.275999563080924,398,42,64
TOT,Basic Matierials,BiLSTM,multiclass,20,1,7,0.9025808870792389,1.3656443868364607,398,42,64
TOT,Basic Matierials,BiLSTM,multiclass,20,1,8,0.9388603792717708,1.2794671058654785,398,42,64
TOT,Basic Matierials,BiLSTM,multiclass,20,1,9,0.8467884662762359,1.2370088838395619,398,42,64
TOT,Basic Matierials,BiLSTM,multiclass,20,1,10,0.8945622890438866,1.5366800001689367,398,42,64
TOT,Basic Matierials,BiLSTM,multiclass,20,1,11,0.8798179124767457,1.2210095212573098,398,42,64
TOT,Basic Matierials,BiLSTM,multiclass,20,1,12,0.7885504817243797,1.138967133703686,398,42,64
TOT,Basic Matierials,BiLSTM,multiclass,20,1,13,0.7463303705555709,1.2101648932411557,398,42,64
TOT,Basic Matierials,BiLSTM,multiclass,20,1,14,0.7565232164895714,1.1018313084329878,398,42,64
TOT,Basic Matierials,BiLSTM,multiclass,20,1,15,0.761797265191773,1.2179615469205947,398,42,64
TOT,Basic Matierials,BiLSTM,multiclass,20,1,16,0.6940992603349925,1.1207225975536166,398,42,64
TOT,Basic Matierials,BiLSTM,multiclass,20,1,17,0.62123323774817,1.3513016871043615,398,42,64
TSM,Technology,BiLSTM,multiclass,20,1,1,1.6835657310246224,1.7488332986831665,398,42,64
TSM,Technology,BiLSTM,multiclass,20,1,2,1.3761378011511798,1.2729771704900832,398,42,64
TSM,Technology,BiLSTM,multiclass,20,1,3,1.1500012491216611,1.587145535718827,398,42,64
TSM,Technology,BiLSTM,multiclass,20,1,4,0.9265336334405831,1.665559797059922,398,42,64
TSM,Technology,BiLSTM,multiclass,20,1,5,0.9371378954930522,1.5986354861940657,398,42,64
TSM,Technology,BiLSTM,multiclass,20,1,6,0.9022767789399804,1.0069676240285237,398,42,64
TSM,Technology,BiLSTM,multiclass,20,1,7,0.8194859746712536,1.275687581016904,398,42,64
TSM,Technology,BiLSTM,multiclass,20,1,8,0.8517857029210383,1.2031217274211703,398,42,64
TSM,Technology,BiLSTM,multiclass,20,1,9,0.845551817261394,2.4460630871000744,398,42,64
TSM,Technology,BiLSTM,multiclass,20,1,10,0.7269144201997536,1.0529702050345284,398,42,64
TSM,Technology,BiLSTM,multiclass,20,1,11,0.8621270473877988,1.3427261114120483,398,42,64
TSM,Technology,BiLSTM,multiclass,20,1,12,0.7636591166108098,0.9204147486459642,398,42,64
TSM,Technology,BiLSTM,multiclass,20,1,13,0.6891818064541074,1.027484118938446,398,42,64
TSM,Technology,BiLSTM,multiclass,20,1,14,0.6432944581137231,1.0795433010373796,398,42,64
TSM,Technology,BiLSTM,multiclass,20,1,15,0.7728767053565787,1.1372145953632535,398,42,64
TSM,Technology,BiLSTM,multiclass,20,1,16,0.7088494297847077,0.9226978974682944,398,42,64
TSM,Technology,BiLSTM,multiclass,20,1,17,0.6371689435824677,0.9093810972713289,398,42,64
TSM,Technology,BiLSTM,multiclass,20,1,18,0.5699293586476963,0.8840015246754601,398,42,64
TSM,Technology,BiLSTM,multiclass,20,1,19,0.5699902039077414,0.9598899540447053,398,42,64
TSM,Technology,BiLSTM,multiclass,20,1,20,0.5953442109889121,0.9165725793157306,398,42,64
TSM,Technology,BiLSTM,multiclass,20,1,21,0.5902339792131779,1.0153383555866422,398,42,64
TSM,Technology,BiLSTM,multiclass,20,1,22,0.5352542834665308,1.0263343056042988,398,42,64
TSM,Technology,BiLSTM,multiclass,20,1,23,0.5363193870189801,1.0469957348846255,398,42,64
TSM,Technology,BiLSTM,multiclass,20,1,24,0.6040613955289276,1.1522510945796967,398,42,64
TSM,Technology,BiLSTM,multiclass,20,1,25,0.5555653059901904,1.0712288930302574,398,42,64
TSM,Technology,BiLSTM,multiclass,20,1,26,0.5479914510070379,1.0339035136359078,398,42,64
TSM,Technology,BiLSTM,multiclass,20,1,27,0.5671981276579239,1.4232048931575956,398,42,64
TSM,Technology,BiLSTM,multiclass,20,1,28,0.552245049770154,1.060606334890638,398,42,64
TSM,Technology,BiLSTM,multiclass,20,1,29,0.5190645155295655,0.987326211872555,398,42,64
TSM,Technology,BiLSTM,multiclass,20,1,30,0.5832619475359893,1.0523777788593656,398,42,64
UL,Consumer Goods,BiLSTM,multiclass,20,1,1,1.7798443011303045,2.178372383117676,398,42,64
UL,Consumer Goods,BiLSTM,multiclass,20,1,2,1.2760856954296629,1.415768827710833,398,42,64
UL,Consumer Goods,BiLSTM,multiclass,20,1,3,0.9817118545872482,1.5816273235139393,398,42,64
UL,Consumer Goods,BiLSTM,multiclass,20,1,4,1.1038319282795317,1.4104867095039004,398,42,64
UL,Consumer Goods,BiLSTM,multiclass,20,1,5,0.9371581086561308,1.6532828013102214,398,42,64
UL,Consumer Goods,BiLSTM,multiclass,20,1,6,0.9727059015676603,1.32746798651559,398,42,64
UL,Consumer Goods,BiLSTM,multiclass,20,1,7,1.0269821621664805,1.4798866794222878,398,42,64
UL,Consumer Goods,BiLSTM,multiclass,20,1,8,0.9371577558205955,1.343590083576384,398,42,64
UL,Consumer Goods,BiLSTM,multiclass,20,1,9,0.9699908539877465,1.4672086238861084,398,42,64
UL,Consumer Goods,BiLSTM,multiclass,20,1,10,0.8945365083876566,1.2962661300386702,398,42,64
UL,Consumer Goods,BiLSTM,multiclass,20,1,11,0.7429227733132827,1.336419979731242,398,42,64
UL,Consumer Goods,BiLSTM,multiclass,20,1,12,0.8004647193841599,1.6565002827417283,398,42,64
UL,Consumer Goods,BiLSTM,multiclass,20,1,13,0.6742173235620087,1.2247876269476754,398,42,64
UL,Consumer Goods,BiLSTM,multiclass,20,1,14,0.7135456175959889,1.7499186992645264,398,42,64
UL,Consumer Goods,BiLSTM,multiclass,20,1,15,0.677345886002833,1.2073135035378593,398,42,64
UL,Consumer Goods,BiLSTM,multiclass,20,1,16,0.5874993229032162,1.7308393092382521,398,42,64
UL,Consumer Goods,BiLSTM,multiclass,20,1,17,0.7858444922533466,1.439860707237607,398,42,64
UL,Consumer Goods,BiLSTM,multiclass,20,1,18,0.6644994426312758,1.5749790782020205,398,42,64
UL,Consumer Goods,BiLSTM,multiclass,20,1,19,0.6144411113094445,2.3997321469443187,398,42,64
UL,Consumer Goods,BiLSTM,multiclass,20,1,20,0.690022615631621,1.339312683968317,398,42,64
UL,Consumer Goods,BiLSTM,multiclass,20,1,21,0.6511232282348614,1.4566736334846133,398,42,64
UL,Consumer Goods,BiLSTM,multiclass,20,1,22,0.694644593863032,1.7014007454826718,398,42,64
UL,Consumer Goods,BiLSTM,multiclass,20,1,23,0.5712737647732299,1.267890214920044,398,42,64
UL,Consumer Goods,BiLSTM,multiclass,20,1,24,0.6488654910020493,1.3453270026615687,398,42,64
UL,Consumer Goods,BiLSTM,multiclass,20,1,25,0.5996104649562931,1.186418164344061,398,42,64
UL,Consumer Goods,BiLSTM,multiclass,20,1,26,0.5461292850911318,1.5861658368791853,398,42,64
UL,Consumer Goods,BiLSTM,multiclass,20,1,27,0.6225110192095215,1.2170969191051664,398,42,64
UL,Consumer Goods,BiLSTM,multiclass,20,1,28,0.5458247838307865,1.2165350346338182,398,42,64
UL,Consumer Goods,BiLSTM,multiclass,20,1,29,0.52680081817972,1.331951828229995,398,42,64
UL,Consumer Goods,BiLSTM,multiclass,20,1,30,0.5074516314657489,1.3045817500069028,398,42,64
UN,Consumer Goods,BiLSTM,multiclass,20,1,1,1.8021528894577794,1.9786146254766555,398,42,64
UN,Consumer Goods,BiLSTM,multiclass,20,1,2,1.3934369584423814,1.2753146659760248,398,42,64
UN,Consumer Goods,BiLSTM,multiclass,20,1,3,1.313600919654022,2.0872615973154702,398,42,64
UN,Consumer Goods,BiLSTM,multiclass,20,1,4,0.9233627636828016,1.8624169599442255,398,42,64
UN,Consumer Goods,BiLSTM,multiclass,20,1,5,1.0371244022594623,1.369060374441601,398,42,64
UN,Consumer Goods,BiLSTM,multiclass,20,1,6,0.8951180906751048,1.5824598528089977,398,42,64
UN,Consumer Goods,BiLSTM,multiclass,20,1,7,0.926094375213786,1.2178169034776234,398,42,64
UN,Consumer Goods,BiLSTM,multiclass,20,1,8,0.8842852457084848,1.4174353792553855,398,42,64
UN,Consumer Goods,BiLSTM,multiclass,20,1,9,0.889604528944696,1.6910367522920882,398,42,64
UN,Consumer Goods,BiLSTM,multiclass,20,1,10,0.7691091689931687,1.7903271402631487,398,42,64
UN,Consumer Goods,BiLSTM,multiclass,20,1,11,0.7870766915867676,1.520183801651001,398,42,64
UN,Consumer Goods,BiLSTM,multiclass,20,1,12,0.7560710568523886,1.8955150842666626,398,42,64
UN,Consumer Goods,BiLSTM,multiclass,20,1,13,0.8226397028520479,1.6853486413047427,398,42,64
UN,Consumer Goods,BiLSTM,multiclass,20,1,14,0.7209858232407115,1.909471216655913,398,42,64
UN,Consumer Goods,BiLSTM,multiclass,20,1,15,0.6879440815604512,1.5713489736829485,398,42,64
UN,Consumer Goods,BiLSTM,multiclass,20,1,16,0.7104526326883978,1.819275628952753,398,42,64
UN,Consumer Goods,BiLSTM,multiclass,20,1,17,0.6478876100113643,1.909307604744321,398,42,64
UN,Consumer Goods,BiLSTM,multiclass,20,1,18,0.5896813986289441,1.8130251453036355,398,42,64
UN,Consumer Goods,BiLSTM,multiclass,20,1,19,0.7422806536732007,1.6066740978331793,398,42,64
UN,Consumer Goods,BiLSTM,multiclass,20,1,20,0.6672064606568322,2.053361495335897,398,42,64
UN,Consumer Goods,BiLSTM,multiclass,20,1,21,0.5707028322483427,1.4736321142741613,398,42,64
UN,Consumer Goods,BiLSTM,multiclass,20,1,22,0.5919763450347,2.0577036823545183,398,42,64
UNH,Healthcare,BiLSTM,multiclass,20,1,1,1.7190710057565315,1.866976334935143,398,42,64
UNH,Healthcare,BiLSTM,multiclass,20,1,2,1.3728076623911833,1.5545439890452795,398,42,64
UNH,Healthcare,BiLSTM,multiclass,20,1,3,1.0661033023541897,1.532975196838379,398,42,64
UNH,Healthcare,BiLSTM,multiclass,20,1,4,1.0904262946478684,1.3270510718936013,398,42,64
UNH,Healthcare,BiLSTM,multiclass,20,1,5,0.997016635372411,1.3773288414591836,398,42,64
UNH,Healthcare,BiLSTM,multiclass,20,1,6,0.8901070461201308,1.622214294615246,398,42,64
UNH,Healthcare,BiLSTM,multiclass,20,1,7,0.8988829884097804,2.0273720139548894,398,42,64
UNH,Healthcare,BiLSTM,multiclass,20,1,8,1.0054377041869427,2.122350397564116,398,42,64
UNH,Healthcare,BiLSTM,multiclass,20,1,9,0.7813638433739168,1.9842235701424735,398,42,64
UNH,Healthcare,BiLSTM,multiclass,20,1,10,0.74112084073637,1.9066571678434099,398,42,64
UNH,Healthcare,BiLSTM,multiclass,20,1,11,0.7954819090102785,1.523476623353504,398,42,64
UNH,Healthcare,BiLSTM,multiclass,20,1,12,0.8000128019095665,1.5111514216377622,398,42,64
UNH,Healthcare,BiLSTM,multiclass,20,1,13,0.7685265824123843,1.6732035080591838,398,42,64
UNH,Healthcare,BiLSTM,multiclass,20,1,14,0.6985321850632903,1.2662918170293171,398,42,64
UNH,Healthcare,BiLSTM,multiclass,20,1,15,0.766572214400948,1.3296916144234794,398,42,64
UNH,Healthcare,BiLSTM,multiclass,20,1,16,0.6875285756348366,2.033624921526228,398,42,64
UNH,Healthcare,BiLSTM,multiclass,20,1,17,0.6916342543896719,1.8822184857868014,398,42,64
UNH,Healthcare,BiLSTM,multiclass,20,1,18,0.7108727277223789,1.6762555894397555,398,42,64
UNH,Healthcare,BiLSTM,multiclass,20,1,19,0.7017778135723804,1.5784083434513636,398,42,64
UNH,Healthcare,BiLSTM,multiclass,20,1,20,0.6798391315206211,1.6837876808075678,398,42,64
UNH,Healthcare,BiLSTM,multiclass,20,1,21,0.6313382102616468,1.6127537488937378,398,42,64
UNH,Healthcare,BiLSTM,multiclass,20,1,22,0.5644762475586417,1.5979420400801159,398,42,64
UNH,Healthcare,BiLSTM,multiclass,20,1,23,0.6301433234358552,1.4093317701703025,398,42,64
UNH,Healthcare,BiLSTM,multiclass,20,1,24,0.5575090938776581,1.6989446991965884,398,42,64
UNH,Healthcare,BiLSTM,multiclass,20,1,25,0.6139626967248006,1.5137695698511033,398,42,64
UNH,Healthcare,BiLSTM,multiclass,20,1,26,0.6098821673860502,1.5298401514689128,398,42,64
UNH,Healthcare,BiLSTM,multiclass,20,1,27,0.6353198692726729,1.617536016872951,398,42,64
UNH,Healthcare,BiLSTM,multiclass,20,1,28,0.5741879540172654,2.0524891104016985,398,42,64
UNH,Healthcare,BiLSTM,multiclass,20,1,29,0.5017227079700585,1.6429133642287481,398,42,64
UPS,Services,BiLSTM,multiclass,20,1,1,1.9185117141685295,4.496454851967948,398,42,64
UPS,Services,BiLSTM,multiclass,20,1,2,1.530719729524162,4.468042123885382,398,42,64
UPS,Services,BiLSTM,multiclass,20,1,3,1.0538850501554096,5.002116458756583,398,42,64
UPS,Services,BiLSTM,multiclass,20,1,4,1.0323039610781262,5.056322571777162,398,42,64
UPS,Services,BiLSTM,multiclass,20,1,5,0.8158626217937949,3.7086935298783437,398,42,64
UPS,Services,BiLSTM,multiclass,20,1,6,1.0287093523159698,2.8341721267927262,398,42,64
UPS,Services,BiLSTM,multiclass,20,1,7,0.9468946684545009,3.5858761952036904,398,42,64
UPS,Services,BiLSTM,multiclass,20,1,8,0.965173692559477,4.1344161714826315,398,42,64
UPS,Services,BiLSTM,multiclass,20,1,9,0.7348570326464859,4.36364274649393,398,42,64
UPS,Services,BiLSTM,multiclass,20,1,10,0.9969607744384651,4.163717579273951,398,42,64
UPS,Services,BiLSTM,multiclass,20,1,11,0.6909379887221446,4.812348800046103,398,42,64
UPS,Services,BiLSTM,multiclass,20,1,12,0.6607700349697515,3.978642994449252,398,42,64
UPS,Services,BiLSTM,multiclass,20,1,13,0.6868920559859156,4.295116515386672,398,42,64
UPS,Services,BiLSTM,multiclass,20,1,14,0.7036054248186812,5.080858758517674,398,42,64
UPS,Services,BiLSTM,multiclass,20,1,15,0.7347292295053377,4.965635262784504,398,42,64
UPS,Services,BiLSTM,multiclass,20,1,16,0.6386745694893688,4.715074476741609,398,42,64
UPS,Services,BiLSTM,multiclass,20,1,17,0.6088922553925059,5.309594469411032,398,42,64
UPS,Services,BiLSTM,multiclass,20,1,18,0.480973172127901,5.2193847468921115,398,42,64
UPS,Services,BiLSTM,multiclass,20,1,19,0.5210526696401625,4.513475676377614,398,42,64
UPS,Services,BiLSTM,multiclass,20,1,20,0.5795902894369921,4.381496097360339,398,42,64
UPS,Services,BiLSTM,multiclass,20,1,21,0.46058051879681533,4.74708492415292,398,42,64
UTX,Industrial Goods,BiLSTM,multiclass,20,1,1,2.0530114386548948,2.2014939274106706,398,42,64
UTX,Industrial Goods,BiLSTM,multiclass,20,1,2,1.4543777310369004,2.3342681044623967,398,42,64
UTX,Industrial Goods,BiLSTM,multiclass,20,1,3,1.367392430203644,1.338474915141151,398,42,64
UTX,Industrial Goods,BiLSTM,multiclass,20,1,4,0.9134404936328007,4.618329593113491,398,42,64
UTX,Industrial Goods,BiLSTM,multiclass,20,1,5,1.1556532291611235,3.00793373017084,398,42,64
UTX,Industrial Goods,BiLSTM,multiclass,20,1,6,0.9545285941368371,3.7642067046392533,398,42,64
UTX,Industrial Goods,BiLSTM,multiclass,20,1,7,0.8612005319727126,2.8265277317592075,398,42,64
UTX,Industrial Goods,BiLSTM,multiclass,20,1,8,0.9332365052184867,4.870295433771043,398,42,64
UTX,Industrial Goods,BiLSTM,multiclass,20,1,9,0.8386020886538615,2.892230578831264,398,42,64
UTX,Industrial Goods,BiLSTM,multiclass,20,1,10,0.816823498537792,3.70625893274943,398,42,64
UTX,Industrial Goods,BiLSTM,multiclass,20,1,11,0.7179388278093769,3.80438993090675,398,42,64
UTX,Industrial Goods,BiLSTM,multiclass,20,1,12,0.6486742572868289,4.615484828040714,398,42,64
UTX,Industrial Goods,BiLSTM,multiclass,20,1,13,0.7638259580985984,3.1753720555986678,398,42,64
UTX,Industrial Goods,BiLSTM,multiclass,20,1,14,0.6364339351953574,4.280063606443859,398,42,64
UTX,Industrial Goods,BiLSTM,multiclass,20,1,15,0.7316139430256944,3.682142984299433,398,42,64
UTX,Industrial Goods,BiLSTM,multiclass,20,1,16,0.577326653440993,4.4281050364176435,398,42,64
UTX,Industrial Goods,BiLSTM,multiclass,20,1,17,0.5411457717418671,4.123310997372582,398,42,64
UTX,Industrial Goods,BiLSTM,multiclass,20,1,18,0.6255919540946807,4.496746403830392,398,42,64
V,Financial,BiLSTM,multiclass,20,1,1,1.7217341895079492,1.3889475549970354,398,42,64
V,Financial,BiLSTM,multiclass,20,1,2,1.4045151633832922,0.8380217779250372,398,42,64
V,Financial,BiLSTM,multiclass,20,1,3,1.2373543324782021,0.8478831563677106,398,42,64
V,Financial,BiLSTM,multiclass,20,1,4,1.0378488200393754,0.7285270293553671,398,42,64
V,Financial,BiLSTM,multiclass,20,1,5,0.9392327807057443,0.6636122039386204,398,42,64
V,Financial,BiLSTM,multiclass,20,1,6,0.9745321561343706,0.7675087792532784,398,42,64
V,Financial,BiLSTM,multiclass,20,1,7,0.8324377752428678,0.7292526137261164,398,42,64
V,Financial,BiLSTM,multiclass,20,1,8,0.8704704297846885,0.7627398400079637,398,42,64
V,Financial,BiLSTM,multiclass,20,1,9,0.8623732993351155,0.6905663183757237,398,42,64
V,Financial,BiLSTM,multiclass,20,1,10,0.8346586005771579,0.7336401542027792,398,42,64
V,Financial,BiLSTM,multiclass,20,1,11,0.7714938416552903,0.697649339834849,398,42,64
V,Financial,BiLSTM,multiclass,20,1,12,0.7265439291096213,0.7577194486345563,398,42,64
V,Financial,BiLSTM,multiclass,20,1,13,0.8206090663545694,0.6936947334380377,398,42,64
V,Financial,BiLSTM,multiclass,20,1,14,0.6642631352247306,0.6809754456792559,398,42,64
V,Financial,BiLSTM,multiclass,20,1,15,0.675274920822987,0.7301712036132812,398,42,64
V,Financial,BiLSTM,multiclass,20,1,16,0.6852524550116841,0.7248500443640209,398,42,64
V,Financial,BiLSTM,multiclass,20,1,17,0.6365532252057713,0.7660729544503349,398,42,64
V,Financial,BiLSTM,multiclass,20,1,18,0.6194906944605574,0.7670211337861561,398,42,64
V,Financial,BiLSTM,multiclass,20,1,19,0.6037003976016787,0.7140199343363444,398,42,64
V,Financial,BiLSTM,multiclass,20,1,20,0.6418542478551816,0.6864519431477502,398,42,64
VZ,Technology,BiLSTM,multiclass,20,1,1,1.717503643814643,2.9425797277972814,398,42,64
VZ,Technology,BiLSTM,multiclass,20,1,2,1.2213571173461837,1.47848694948923,398,42,64
VZ,Technology,BiLSTM,multiclass,20,1,3,0.9361899129709407,1.488886935370309,398,42,64
VZ,Technology,BiLSTM,multiclass,20,1,4,1.0753503196203529,1.3000495717639016,398,42,64
VZ,Technology,BiLSTM,multiclass,20,1,5,1.100920829940681,1.3887925573757716,398,42,64
VZ,Technology,BiLSTM,multiclass,20,1,6,0.7227891446957037,1.5312863815398443,398,42,64
VZ,Technology,BiLSTM,multiclass,20,1,7,0.899846143159435,1.216767980938866,398,42,64
VZ,Technology,BiLSTM,multiclass,20,1,8,0.6965076084712043,1.1824232566924322,398,42,64
VZ,Technology,BiLSTM,multiclass,20,1,9,0.91355989776065,1.2573423101788475,398,42,64
VZ,Technology,BiLSTM,multiclass,20,1,10,0.6881370077181101,1.3991109359832037,398,42,64
VZ,Technology,BiLSTM,multiclass,20,1,11,0.7088352229127932,1.2041770730699812,398,42,64
VZ,Technology,BiLSTM,multiclass,20,1,12,0.746102266275703,1.3453038022631691,398,42,64
VZ,Technology,BiLSTM,multiclass,20,1,13,0.5765953102902551,1.4819518725077312,398,42,64
VZ,Technology,BiLSTM,multiclass,20,1,14,0.7477989050012138,1.5845908267157418,398,42,64
VZ,Technology,BiLSTM,multiclass,20,1,15,0.7612774307703852,1.1990457886741275,398,42,64
VZ,Technology,BiLSTM,multiclass,20,1,16,0.7287230695312347,1.47081481558936,398,42,64
VZ,Technology,BiLSTM,multiclass,20,1,17,0.646592766046524,1.4460062696820213,398,42,64
VZ,Technology,BiLSTM,multiclass,20,1,18,0.655728101131305,1.3798910861923581,398,42,64
VZ,Technology,BiLSTM,multiclass,20,1,19,0.4932066864104726,1.4072112611361913,398,42,64
VZ,Technology,BiLSTM,multiclass,20,1,20,0.5556518441468628,1.3993382312002636,398,42,64
VZ,Technology,BiLSTM,multiclass,20,1,21,0.47230305533912315,1.7060180760565258,398,42,64
VZ,Technology,BiLSTM,multiclass,20,1,22,0.4469478437349425,1.3172177587236678,398,42,64
VZ,Technology,BiLSTM,multiclass,20,1,23,0.44071568346502793,1.31751526253564,398,42,64
WFC,Financial,BiLSTM,multiclass,20,1,1,1.686666669558041,2.6356409589449563,398,42,64
WFC,Financial,BiLSTM,multiclass,20,1,2,1.3003336841137565,1.7555944919586182,398,42,64
WFC,Financial,BiLSTM,multiclass,20,1,3,1.0602927531429271,1.8394692852383567,398,42,64
WFC,Financial,BiLSTM,multiclass,20,1,4,0.9408462742465226,1.889154627209618,398,42,64
WFC,Financial,BiLSTM,multiclass,20,1,5,0.9752833187280587,1.7185442674727667,398,42,64
WFC,Financial,BiLSTM,multiclass,20,1,6,0.9727917750876154,1.6255675156911213,398,42,64
WFC,Financial,BiLSTM,multiclass,20,1,7,0.9112145333134349,1.4762545653751917,398,42,64
WFC,Financial,BiLSTM,multiclass,20,1,8,0.7847313630820518,1.1138996226446969,398,42,64
WFC,Financial,BiLSTM,multiclass,20,1,9,0.8386180625489009,1.3276661464146204,398,42,64
WFC,Financial,BiLSTM,multiclass,20,1,10,0.6494710258203535,1.19132699852898,398,42,64
WFC,Financial,BiLSTM,multiclass,20,1,11,0.933204051387969,1.6861623582385836,398,42,64
WFC,Financial,BiLSTM,multiclass,20,1,12,0.7174420392692987,1.3322896446500505,398,42,64
WFC,Financial,BiLSTM,multiclass,20,1,13,0.5937412352717701,1.731476726986113,398,42,64
WFC,Financial,BiLSTM,multiclass,20,1,14,0.6002434990813384,1.7513299215407598,398,42,64
WFC,Financial,BiLSTM,multiclass,20,1,15,0.8219643639559722,1.6917691911969865,398,42,64
WFC,Financial,BiLSTM,multiclass,20,1,16,0.6335549994030191,1.3415450141543435,398,42,64
WFC,Financial,BiLSTM,multiclass,20,1,17,0.6936560105438807,1.631848346619379,398,42,64
WFC,Financial,BiLSTM,multiclass,20,1,18,0.748567358782543,1.8312063557761056,398,42,64
WFC,Financial,BiLSTM,multiclass,20,1,19,0.5836832700063236,1.4059075060344877,398,42,64
WFC,Financial,BiLSTM,multiclass,20,1,20,0.6024774810177597,1.2227260896137782,398,42,64
WFC,Financial,BiLSTM,multiclass,20,1,21,0.5518913330444738,1.6133040132976713,398,42,64
WFC,Financial,BiLSTM,multiclass,20,1,22,0.5150680428174272,1.233610641388666,398,42,64
WFC,Financial,BiLSTM,multiclass,20,1,23,0.6738422855959466,1.623839332943871,398,42,64
WMT,Services,BiLSTM,multiclass,20,1,1,2.100324711607928,3.4306687258538746,398,42,64
WMT,Services,BiLSTM,multiclass,20,1,2,1.6473005464927635,2.066879383155278,398,42,64
WMT,Services,BiLSTM,multiclass,20,1,3,1.2520851018141264,1.5324190031914484,398,42,64
WMT,Services,BiLSTM,multiclass,20,1,4,1.2089550516114163,1.3355681555611747,398,42,64
WMT,Services,BiLSTM,multiclass,20,1,5,1.123662091080268,2.261116164071219,398,42,64
WMT,Services,BiLSTM,multiclass,20,1,6,1.1929682849639625,2.143231289727347,398,42,64
WMT,Services,BiLSTM,multiclass,20,1,7,0.8851114505499451,2.6330484549204507,398,42,64
WMT,Services,BiLSTM,multiclass,20,1,8,0.7746173251214339,2.48344357808431,398,42,64
WMT,Services,BiLSTM,multiclass,20,1,9,0.863081469757473,2.9228570461273193,398,42,64
WMT,Services,BiLSTM,multiclass,20,1,10,0.8624705989756177,2.4508581388564337,398,42,64
WMT,Services,BiLSTM,multiclass,20,1,11,0.6113778247905137,2.4297192210242864,398,42,64
WMT,Services,BiLSTM,multiclass,20,1,12,0.6753062036768276,1.819939170564924,398,42,64
WMT,Services,BiLSTM,multiclass,20,1,13,0.7005474347265521,1.6554401885895502,398,42,64
WMT,Services,BiLSTM,multiclass,20,1,14,0.7973997392247071,1.3936217228571575,398,42,64
WMT,Services,BiLSTM,multiclass,20,1,15,0.7194919702994763,2.5912304378691173,398,42,64
WMT,Services,BiLSTM,multiclass,20,1,16,0.6298090501047259,1.708444283122108,398,42,64
WMT,Services,BiLSTM,multiclass,20,1,17,0.5440725580831269,2.3923938274383545,398,42,64
WMT,Services,BiLSTM,multiclass,20,1,18,0.5397569081891123,2.751530397505987,398,42,64
WMT,Services,BiLSTM,multiclass,20,1,19,0.6793098515601613,2.3758832273029147,398,42,64
XOM,Basic Matierials,BiLSTM,multiclass,20,1,1,1.9564903740906836,1.5363273819287617,398,42,64
XOM,Basic Matierials,BiLSTM,multiclass,20,1,2,1.2444059651101653,3.0437922931852794,398,42,64
XOM,Basic Matierials,BiLSTM,multiclass,20,1,3,1.0766718079097306,4.738660948617118,398,42,64
XOM,Basic Matierials,BiLSTM,multiclass,20,1,4,0.9682705360441352,3.9677012193770635,398,42,64
XOM,Basic Matierials,BiLSTM,multiclass,20,1,5,1.0070826653859124,4.161744753519694,398,42,64
XOM,Basic Matierials,BiLSTM,multiclass,20,1,6,0.9025801255475336,5.030616828373501,398,42,64
XOM,Basic Matierials,BiLSTM,multiclass,20,1,7,0.8125456808200434,3.7078033628917875,398,42,64
XOM,Basic Matierials,BiLSTM,multiclass,20,1,8,0.976907977506743,2.711360284260341,398,42,64
XOM,Basic Matierials,BiLSTM,multiclass,20,1,9,0.7834420452764885,3.7494672480083646,398,42,64
XOM,Basic Matierials,BiLSTM,multiclass,20,1,10,0.790690140808048,2.674304133369809,398,42,64
XOM,Basic Matierials,BiLSTM,multiclass,20,1,11,0.759487803108129,2.3351177942185175,398,42,64
XOM,Basic Matierials,BiLSTM,multiclass,20,1,12,0.6561546464960779,3.0116893450419107,398,42,64
XOM,Basic Matierials,BiLSTM,multiclass,20,1,13,0.771769886639849,2.7813397362118675,398,42,64
XOM,Basic Matierials,BiLSTM,multiclass,20,1,14,0.5586962580081806,1.718624540737697,398,42,64
XOM,Basic Matierials,BiLSTM,multiclass,20,1,15,0.7390105658440135,2.780711469196138,398,42,64
XOM,Basic Matierials,BiLSTM,multiclass,20,1,16,0.5867848525095225,2.480303798403059,398,42,64
