company,sector,model_type,problem_type,sequence_length,horizon_steps,epoch,train_loss,val_loss,train_samples,val_samples,test_samples
AAPL,Consumer Goods,GRU,multiclass,15,5,1,0.6911019080847352,0.9231902616364616,398,42,64
AAPL,Consumer Goods,GRU,multiclass,15,5,2,0.5610382637785907,1.4938458942231678,398,42,64
AAPL,Consumer Goods,GRU,multiclass,15,5,3,0.4698996463013654,2.0570422808329263,398,42,64
AAPL,Consumer Goods,GRU,multiclass,15,5,4,0.4080466469328607,1.7455101013183594,398,42,64
AAPL,Consumer Goods,GRU,multiclass,15,5,5,0.3694523411180506,2.760339759645008,398,42,64
AAPL,Consumer Goods,GRU,multiclass,15,5,6,0.3785425691149343,1.7872753483908517,398,42,64
AAPL,Consumer Goods,GRU,multiclass,15,5,7,0.38112776962356953,2.2023579393114363,398,42,64
AAPL,Consumer Goods,GRU,multiclass,15,5,8,0.2833047017979263,2.220109292439052,398,42,64
AAPL,Consumer Goods,GRU,multiclass,15,5,9,0.2484069396952289,2.6665491263071694,398,42,64
AAPL,Consumer Goods,GRU,multiclass,15,5,10,0.20960365247037543,2.4192285537719727,398,42,64
AAPL,Consumer Goods,GRU,multiclass,15,5,11,0.1498566324537124,2.859633684158325,398,42,64
AAPL,Consumer Goods,GRU,multiclass,15,5,12,0.12120116775359341,2.9021630060105097,398,42,64
AAPL,Consumer Goods,GRU,multiclass,15,5,13,0.11359560575766779,3.2491340069543746,398,42,64
AAPL,Consumer Goods,GRU,multiclass,15,5,14,0.10041590941012205,3.2045325551714217,398,42,64
AAPL,Consumer Goods,GRU,multiclass,15,5,15,0.09174474626405155,3.567651010694958,398,42,64
AAPL,Consumer Goods,GRU,multiclass,15,5,16,0.08564772715221099,3.657482147216797,398,42,64
AAPL,Consumer Goods,GRU,multiclass,15,5,17,0.08363171913965263,3.759311312720889,398,42,64
AAPL,Consumer Goods,GRU,multiclass,15,5,18,0.07020743634907445,3.8964313098362515,398,42,64
AAPL,Consumer Goods,GRU,multiclass,15,5,19,0.06512403005181845,3.934502329145159,398,42,64
AAPL,Consumer Goods,GRU,multiclass,15,5,20,0.05902257181666604,4.019360020047142,398,42,64
AAPL,Consumer Goods,GRU,multiclass,15,5,21,0.0557970019740675,4.101933751787458,398,42,64
ABB,Industrial Goods,GRU,multiclass,15,5,1,0.814068672944553,1.2599239349365234,398,42,64
ABB,Industrial Goods,GRU,multiclass,15,5,2,0.6753653253442679,2.0767894529161,398,42,64
ABB,Industrial Goods,GRU,multiclass,15,5,3,0.5922651879451982,2.3096719071978615,398,42,64
ABB,Industrial Goods,GRU,multiclass,15,5,4,0.5069202088830459,3.415091946011498,398,42,64
ABB,Industrial Goods,GRU,multiclass,15,5,5,0.4596092833496218,1.8214777821586245,398,42,64
ABB,Industrial Goods,GRU,multiclass,15,5,6,0.4591080350192947,2.960861807777768,398,42,64
ABB,Industrial Goods,GRU,multiclass,15,5,7,0.4356987028565239,3.4605268296741305,398,42,64
ABB,Industrial Goods,GRU,multiclass,15,5,8,0.4221974797734064,1.5926962807064964,398,42,64
ABB,Industrial Goods,GRU,multiclass,15,5,9,0.42045020600359645,4.912798949650356,398,42,64
ABB,Industrial Goods,GRU,multiclass,15,5,10,0.32495964389650067,3.4475805645897273,398,42,64
ABB,Industrial Goods,GRU,multiclass,15,5,11,0.23440817043409876,3.6103245871407643,398,42,64
ABB,Industrial Goods,GRU,multiclass,15,5,12,0.19919695177269942,4.124605258305867,398,42,64
ABB,Industrial Goods,GRU,multiclass,15,5,13,0.17487592317500905,4.406413044248309,398,42,64
ABB,Industrial Goods,GRU,multiclass,15,5,14,0.15322768680713883,4.203363509405227,398,42,64
ABB,Industrial Goods,GRU,multiclass,15,5,15,0.15309708591681628,4.504854497455415,398,42,64
ABB,Industrial Goods,GRU,multiclass,15,5,16,0.13633190057984548,5.029215948922293,398,42,64
ABB,Industrial Goods,GRU,multiclass,15,5,17,0.1356641959080744,4.828596035639445,398,42,64
ABB,Industrial Goods,GRU,multiclass,15,5,18,0.1262664631121422,4.796613420758929,398,42,64
ABB,Industrial Goods,GRU,multiclass,15,5,19,0.10056297801172913,5.115934485480899,398,42,64
ABB,Industrial Goods,GRU,multiclass,15,5,20,0.09108277382188706,5.338886351812453,398,42,64
ABB,Industrial Goods,GRU,multiclass,15,5,21,0.08518884439564231,5.516475064413888,398,42,64
ABBV,Healthcare,GRU,multiclass,15,5,1,0.6912627684411092,0.799600518885113,398,42,64
ABBV,Healthcare,GRU,multiclass,15,5,2,0.6177323610339333,1.1152679920196533,398,42,64
ABBV,Healthcare,GRU,multiclass,15,5,3,0.5217805537746181,1.5675743307386125,398,42,64
ABBV,Healthcare,GRU,multiclass,15,5,4,0.4393093451183645,1.580124469030471,398,42,64
ABBV,Healthcare,GRU,multiclass,15,5,5,0.4189978134092973,0.7329907814661661,398,42,64
ABBV,Healthcare,GRU,multiclass,15,5,6,0.4041245831317039,1.0009234178633917,398,42,64
ABBV,Healthcare,GRU,multiclass,15,5,7,0.34841668306283613,2.5429897535414923,398,42,64
ABBV,Healthcare,GRU,multiclass,15,5,8,0.3066372778547469,1.3811180478050595,398,42,64
ABBV,Healthcare,GRU,multiclass,15,5,9,0.2785530015451824,1.553922516959054,398,42,64
ABBV,Healthcare,GRU,multiclass,15,5,10,0.22736806373799864,2.1447074640364874,398,42,64
ABBV,Healthcare,GRU,multiclass,15,5,11,0.300150177287097,1.2096730981554304,398,42,64
ABBV,Healthcare,GRU,multiclass,15,5,12,0.23722047092926563,1.4463091975166684,398,42,64
ABBV,Healthcare,GRU,multiclass,15,5,13,0.20899830526442983,0.9147869462058658,398,42,64
ABBV,Healthcare,GRU,multiclass,15,5,14,0.17940216889633007,1.3716314066024053,398,42,64
ABBV,Healthcare,GRU,multiclass,15,5,15,0.10711478423233607,1.5328176475706554,398,42,64
ABBV,Healthcare,GRU,multiclass,15,5,16,0.08991909266716272,1.7068751539502824,398,42,64
ABBV,Healthcare,GRU,multiclass,15,5,17,0.07934928730354836,1.7993715490613664,398,42,64
ABBV,Healthcare,GRU,multiclass,15,5,18,0.06997643862312762,1.9909462134043376,398,42,64
ABBV,Healthcare,GRU,multiclass,15,5,19,0.0642002534177435,1.9451432568686349,398,42,64
ABBV,Healthcare,GRU,multiclass,15,5,20,0.057975866873959205,2.202446494783674,398,42,64
ABBV,Healthcare,GRU,multiclass,15,5,21,0.05577893946413419,2.484519640604655,398,42,64
ABBV,Healthcare,GRU,multiclass,15,5,22,0.05338441597382028,2.5953021617162797,398,42,64
ABBV,Healthcare,GRU,multiclass,15,5,23,0.04891415183717881,2.5128130799248103,398,42,64
ABBV,Healthcare,GRU,multiclass,15,5,24,0.04709318164155711,2.529975857053484,398,42,64
ABBV,Healthcare,GRU,multiclass,15,5,25,0.041913661076195874,2.526663030896868,398,42,64
AEP,Utilities,GRU,multiclass,15,5,1,0.6973012011853894,0.7739962821915036,398,42,64
AEP,Utilities,GRU,multiclass,15,5,2,0.6203560135771881,0.8675218536740258,398,42,64
AEP,Utilities,GRU,multiclass,15,5,3,0.547775979916654,1.1454333464304607,398,42,64
AEP,Utilities,GRU,multiclass,15,5,4,0.47547484178039895,1.0658664504686992,398,42,64
AEP,Utilities,GRU,multiclass,15,5,5,0.41110614496259834,1.5303693953014554,398,42,64
AEP,Utilities,GRU,multiclass,15,5,6,0.3924232942974148,1.3431628318060012,398,42,64
AEP,Utilities,GRU,multiclass,15,5,7,0.3990722860223684,1.5403515838441395,398,42,64
AEP,Utilities,GRU,multiclass,15,5,8,0.34507757732317074,1.6842546122414725,398,42,64
AEP,Utilities,GRU,multiclass,15,5,9,0.2817402336765174,2.327017891974676,398,42,64
AEP,Utilities,GRU,multiclass,15,5,10,0.27437002911939096,1.7801150991803123,398,42,64
AEP,Utilities,GRU,multiclass,15,5,11,0.17751219906100077,1.662272992588225,398,42,64
AEP,Utilities,GRU,multiclass,15,5,12,0.1434058586332067,1.9040272179104032,398,42,64
AEP,Utilities,GRU,multiclass,15,5,13,0.12993078308189335,1.7876553989592052,398,42,64
AEP,Utilities,GRU,multiclass,15,5,14,0.1061596654767367,1.9886888265609741,398,42,64
AEP,Utilities,GRU,multiclass,15,5,15,0.10534532046198246,1.9860994134630476,398,42,64
AEP,Utilities,GRU,multiclass,15,5,16,0.09795964453088578,1.9995738381431216,398,42,64
AEP,Utilities,GRU,multiclass,15,5,17,0.09204080523033838,2.1066544964199974,398,42,64
AEP,Utilities,GRU,multiclass,15,5,18,0.0754335085538464,2.2043438922791254,398,42,64
AEP,Utilities,GRU,multiclass,15,5,19,0.06978824229246408,2.246330817540487,398,42,64
AEP,Utilities,GRU,multiclass,15,5,20,0.06173963526535274,2.2223488830384754,398,42,64
AEP,Utilities,GRU,multiclass,15,5,21,0.061075533342421356,2.223864646185012,398,42,64
AGFS,Conglomerates,GRU,multiclass,15,5,1,0.7046478455716914,0.8707264122508821,110,42,64
AGFS,Conglomerates,GRU,multiclass,15,5,2,0.5455539324066856,1.1151135932831537,110,42,64
AGFS,Conglomerates,GRU,multiclass,15,5,3,0.44065033197402953,1.3118473745527721,110,42,64
AGFS,Conglomerates,GRU,multiclass,15,5,4,0.3517184284600345,1.5463791688283284,110,42,64
AGFS,Conglomerates,GRU,multiclass,15,5,5,0.2995730806480755,1.6427244345347087,110,42,64
AGFS,Conglomerates,GRU,multiclass,15,5,6,0.26466999758373605,2.002483856110346,110,42,64
AGFS,Conglomerates,GRU,multiclass,15,5,7,0.26045581806789747,2.0518238885062083,110,42,64
AGFS,Conglomerates,GRU,multiclass,15,5,8,0.2329563167962161,2.4537185033162436,110,42,64
AGFS,Conglomerates,GRU,multiclass,15,5,9,0.1905730277299881,1.8663595403943742,110,42,64
AGFS,Conglomerates,GRU,multiclass,15,5,10,0.16387208564714953,2.243103651773362,110,42,64
AGFS,Conglomerates,GRU,multiclass,15,5,11,0.13929375247521833,2.5865919362931025,110,42,64
AGFS,Conglomerates,GRU,multiclass,15,5,12,0.1335163568908518,2.704349699474516,110,42,64
AGFS,Conglomerates,GRU,multiclass,15,5,13,0.11619642133062535,2.746663275219145,110,42,64
AGFS,Conglomerates,GRU,multiclass,15,5,14,0.11401746327226812,3.0514938490731374,110,42,64
AGFS,Conglomerates,GRU,multiclass,15,5,15,0.10053017193620856,3.123726095472063,110,42,64
AGFS,Conglomerates,GRU,multiclass,15,5,16,0.08856418390165675,3.222387745266869,110,42,64
AGFS,Conglomerates,GRU,multiclass,15,5,17,0.08486928113482216,3.316042287009103,110,42,64
AGFS,Conglomerates,GRU,multiclass,15,5,18,0.08349850096485832,3.3783668336414157,110,42,64
AGFS,Conglomerates,GRU,multiclass,15,5,19,0.0818604436787692,3.486112662724086,110,42,64
AGFS,Conglomerates,GRU,multiclass,15,5,20,0.08290659595619548,3.597847416287377,110,42,64
AGFS,Conglomerates,GRU,multiclass,15,5,21,0.07733731947161934,3.603718121846517,110,42,64
AMGN,Healthcare,GRU,multiclass,15,5,1,0.6948378388606125,0.9219920691989717,398,42,64
AMGN,Healthcare,GRU,multiclass,15,5,2,0.6186629440916244,1.2032140209561302,398,42,64
AMGN,Healthcare,GRU,multiclass,15,5,3,0.5308376379947567,1.2988974083037603,398,42,64
AMGN,Healthcare,GRU,multiclass,15,5,4,0.4370605256689254,1.5059377806527274,398,42,64
AMGN,Healthcare,GRU,multiclass,15,5,5,0.3829329292378833,1.3236250820614042,398,42,64
AMGN,Healthcare,GRU,multiclass,15,5,6,0.4204976305590203,2.4366025016421364,398,42,64
AMGN,Healthcare,GRU,multiclass,15,5,7,0.3665341282609719,0.904651749701727,398,42,64
AMGN,Healthcare,GRU,multiclass,15,5,8,0.3080199932932255,2.031507435299101,398,42,64
AMGN,Healthcare,GRU,multiclass,15,5,9,0.30167422716941067,2.146814743677775,398,42,64
AMGN,Healthcare,GRU,multiclass,15,5,10,0.28288481530532167,2.732200849623907,398,42,64
AMGN,Healthcare,GRU,multiclass,15,5,11,0.28429297990535374,2.887699604034424,398,42,64
AMGN,Healthcare,GRU,multiclass,15,5,12,0.2687598122424217,1.730453366325015,398,42,64
AMGN,Healthcare,GRU,multiclass,15,5,13,0.18602157560125668,2.323427540915353,398,42,64
AMGN,Healthcare,GRU,multiclass,15,5,14,0.18076861428855054,2.0730643612997874,398,42,64
AMGN,Healthcare,GRU,multiclass,15,5,15,0.17766460379463944,2.816112768082392,398,42,64
AMGN,Healthcare,GRU,multiclass,15,5,16,0.14865497301271813,2.5653318904695057,398,42,64
AMGN,Healthcare,GRU,multiclass,15,5,17,0.0921222631393665,2.6097852275485085,398,42,64
AMGN,Healthcare,GRU,multiclass,15,5,18,0.07506625352418003,2.6198055290040516,398,42,64
AMGN,Healthcare,GRU,multiclass,15,5,19,0.06428568033342386,2.6347647167387462,398,42,64
AMGN,Healthcare,GRU,multiclass,15,5,20,0.05828310529603131,2.8765648773738315,398,42,64
AMGN,Healthcare,GRU,multiclass,15,5,21,0.05179986010431944,2.909005051567441,398,42,64
AMGN,Healthcare,GRU,multiclass,15,5,22,0.04995082081974152,3.002611682528541,398,42,64
AMGN,Healthcare,GRU,multiclass,15,5,23,0.04604164229228568,3.084251494634719,398,42,64
AMGN,Healthcare,GRU,multiclass,15,5,24,0.041486346672977036,3.110573995681036,398,42,64
AMGN,Healthcare,GRU,multiclass,15,5,25,0.039346455797627945,3.1229594321477983,398,42,64
AMGN,Healthcare,GRU,multiclass,15,5,26,0.03573202554267555,3.1657420112973167,398,42,64
AMGN,Healthcare,GRU,multiclass,15,5,27,0.035931591997531494,3.2007824806939986,398,42,64
AMZN,Services,GRU,multiclass,15,5,1,0.7550289576976144,0.9408824245134989,398,42,64
AMZN,Services,GRU,multiclass,15,5,2,0.6731109023094177,1.4305424917311895,398,42,64
AMZN,Services,GRU,multiclass,15,5,3,0.5758481699617664,2.1867023706436157,398,42,64
AMZN,Services,GRU,multiclass,15,5,4,0.49466733327463047,2.687931145940508,398,42,64
AMZN,Services,GRU,multiclass,15,5,5,0.47231651670369673,2.282005537123907,398,42,64
AMZN,Services,GRU,multiclass,15,5,6,0.43512954005044907,3.7029129550570534,398,42,64
AMZN,Services,GRU,multiclass,15,5,7,0.4100102935005073,4.485885631470453,398,42,64
AMZN,Services,GRU,multiclass,15,5,8,0.35267070265271555,1.5629450877507527,398,42,64
AMZN,Services,GRU,multiclass,15,5,9,0.30086781923195827,2.9205443064371743,398,42,64
AMZN,Services,GRU,multiclass,15,5,10,0.23261391408928675,3.024630682809012,398,42,64
AMZN,Services,GRU,multiclass,15,5,11,0.15895305001106694,3.3214029471079507,398,42,64
AMZN,Services,GRU,multiclass,15,5,12,0.130869198571797,4.006314992904663,398,42,64
AMZN,Services,GRU,multiclass,15,5,13,0.10722625165728468,4.383129233405704,398,42,64
AMZN,Services,GRU,multiclass,15,5,14,0.10009043345499279,5.225307055882046,398,42,64
AMZN,Services,GRU,multiclass,15,5,15,0.086031664443675,5.096751780737014,398,42,64
AMZN,Services,GRU,multiclass,15,5,16,0.08453690835354316,5.393446059454055,398,42,64
AMZN,Services,GRU,multiclass,15,5,17,0.07338213787680894,6.111301671890986,398,42,64
AMZN,Services,GRU,multiclass,15,5,18,0.06729548036977274,5.837202707926433,398,42,64
AMZN,Services,GRU,multiclass,15,5,19,0.05642144999761677,5.881659893762498,398,42,64
AMZN,Services,GRU,multiclass,15,5,20,0.05903359442649774,6.0465194384257,398,42,64
AMZN,Services,GRU,multiclass,15,5,21,0.05146065183994758,6.1429975146339055,398,42,64
BA,Industrial Goods,GRU,multiclass,15,5,1,0.7893049516270508,0.7264677059082758,398,42,64
BA,Industrial Goods,GRU,multiclass,15,5,2,0.6785427421780686,0.8907104162942796,398,42,64
BA,Industrial Goods,GRU,multiclass,15,5,3,0.5486995835400107,0.8900977770487467,398,42,64
BA,Industrial Goods,GRU,multiclass,15,5,4,0.4779076553768848,1.0059268644877843,398,42,64
BA,Industrial Goods,GRU,multiclass,15,5,5,0.48268754188738877,1.2165052606945945,398,42,64
BA,Industrial Goods,GRU,multiclass,15,5,6,0.4224271109355754,1.1860142605645316,398,42,64
BA,Industrial Goods,GRU,multiclass,15,5,7,0.34368070241194876,1.7169198478971208,398,42,64
BA,Industrial Goods,GRU,multiclass,15,5,8,0.2980804003063758,1.6018649169376917,398,42,64
BA,Industrial Goods,GRU,multiclass,15,5,9,0.2905954437789006,1.4087038721357072,398,42,64
BA,Industrial Goods,GRU,multiclass,15,5,10,0.3238047985126026,1.5691238528206235,398,42,64
BA,Industrial Goods,GRU,multiclass,15,5,11,0.17056116794970766,1.3514531056086223,398,42,64
BA,Industrial Goods,GRU,multiclass,15,5,12,0.13115062680675757,1.3700348536173503,398,42,64
BA,Industrial Goods,GRU,multiclass,15,5,13,0.10758795544280479,1.50527899038224,398,42,64
BA,Industrial Goods,GRU,multiclass,15,5,14,0.09350719875726268,1.6122944355010986,398,42,64
BA,Industrial Goods,GRU,multiclass,15,5,15,0.08657751234257641,1.7080624671209426,398,42,64
BA,Industrial Goods,GRU,multiclass,15,5,16,0.07733333526394474,1.7387590805689495,398,42,64
BA,Industrial Goods,GRU,multiclass,15,5,17,0.06959919455512684,1.9079604602995373,398,42,64
BA,Industrial Goods,GRU,multiclass,15,5,18,0.0665946478707407,1.900687569663638,398,42,64
BA,Industrial Goods,GRU,multiclass,15,5,19,0.05681798994616048,1.9417681239900135,398,42,64
BA,Industrial Goods,GRU,multiclass,15,5,20,0.054831958127830496,1.9781827813103086,398,42,64
BA,Industrial Goods,GRU,multiclass,15,5,21,0.049701494263045154,2.030521653947376,398,42,64
BABA,Services,GRU,multiclass,15,5,1,1.0380887304033553,0.9777382214864095,154,42,64
BABA,Services,GRU,multiclass,15,5,2,0.7921789242075635,1.1981904620216006,154,42,64
BABA,Services,GRU,multiclass,15,5,3,0.6072601211535467,1.345132583663577,154,42,64
BABA,Services,GRU,multiclass,15,5,4,0.4557801976606443,2.38748600369408,154,42,64
BABA,Services,GRU,multiclass,15,5,5,0.38604304581493526,1.7375568662370955,154,42,64
BABA,Services,GRU,multiclass,15,5,6,0.36418238069329945,3.0854283400944302,154,42,64
BABA,Services,GRU,multiclass,15,5,7,0.28840010293892454,2.051227087066287,154,42,64
BABA,Services,GRU,multiclass,15,5,8,0.2327173450937519,2.129814102536156,154,42,64
BABA,Services,GRU,multiclass,15,5,9,0.1958410908262451,2.7110298020499095,154,42,64
BABA,Services,GRU,multiclass,15,5,10,0.12291740122940634,2.5166031406039284,154,42,64
BABA,Services,GRU,multiclass,15,5,11,0.10564047436822545,2.477686950138637,154,42,64
BABA,Services,GRU,multiclass,15,5,12,0.10242757839815957,2.5302049886612665,154,42,64
BABA,Services,GRU,multiclass,15,5,13,0.07909368225312852,2.6549366996401833,154,42,64
BABA,Services,GRU,multiclass,15,5,14,0.06781679154797034,2.7291457539512995,154,42,64
BABA,Services,GRU,multiclass,15,5,15,0.0629124025536048,2.8477306479499456,154,42,64
BABA,Services,GRU,multiclass,15,5,16,0.04969898335538901,2.918026231584095,154,42,64
BABA,Services,GRU,multiclass,15,5,17,0.045418376441706314,2.9769585927327475,154,42,64
BABA,Services,GRU,multiclass,15,5,18,0.0439843927304466,3.0206715038844516,154,42,64
BABA,Services,GRU,multiclass,15,5,19,0.04238058379911757,3.050802480606806,154,42,64
BABA,Services,GRU,multiclass,15,5,20,0.03890238090285233,3.08624537785848,154,42,64
BABA,Services,GRU,multiclass,15,5,21,0.03778950899065315,3.1007206780569896,154,42,64
BAC,Financial,GRU,multiclass,15,5,1,0.7415617054431283,0.9577837387720743,398,42,64
BAC,Financial,GRU,multiclass,15,5,2,0.6177958569035458,0.9138916730880737,398,42,64
BAC,Financial,GRU,multiclass,15,5,3,0.5008262515667096,1.747692278453282,398,42,64
BAC,Financial,GRU,multiclass,15,5,4,0.40142817308555295,1.7514878341129847,398,42,64
BAC,Financial,GRU,multiclass,15,5,5,0.34630454410260647,2.320150477545602,398,42,64
BAC,Financial,GRU,multiclass,15,5,6,0.37672973308131924,1.8919715200151717,398,42,64
BAC,Financial,GRU,multiclass,15,5,7,0.3214846131340343,2.5039149466015043,398,42,64
BAC,Financial,GRU,multiclass,15,5,8,0.22728545289842328,2.2538208847954158,398,42,64
BAC,Financial,GRU,multiclass,15,5,9,0.22964017924351907,3.720347518012637,398,42,64
BAC,Financial,GRU,multiclass,15,5,10,0.2556900326630578,2.3002395856948126,398,42,64
BAC,Financial,GRU,multiclass,15,5,11,0.19543850201008908,2.4585403941926502,398,42,64
BAC,Financial,GRU,multiclass,15,5,12,0.11861779533289185,2.6286763690766835,398,42,64
BAC,Financial,GRU,multiclass,15,5,13,0.09358505361793029,2.733468532562256,398,42,64
BAC,Financial,GRU,multiclass,15,5,14,0.07929033430377443,2.963811828976586,398,42,64
BAC,Financial,GRU,multiclass,15,5,15,0.07467884465527894,3.2143087160019648,398,42,64
BAC,Financial,GRU,multiclass,15,5,16,0.06680678153157833,3.4900120326450894,398,42,64
BAC,Financial,GRU,multiclass,15,5,17,0.06195423671573251,3.5999215216863725,398,42,64
BAC,Financial,GRU,multiclass,15,5,18,0.05440157633181193,3.610951855069115,398,42,64
BAC,Financial,GRU,multiclass,15,5,19,0.058012725120812805,3.6755599975585938,398,42,64
BAC,Financial,GRU,multiclass,15,5,20,0.049928822353407364,3.800572168259394,398,42,64
BAC,Financial,GRU,multiclass,15,5,21,0.04682548147574741,3.887899648575556,398,42,64
BAC,Financial,GRU,multiclass,15,5,22,0.043976920577299655,4.03869983128139,398,42,64
BBL,Basic Matierials,GRU,multiclass,15,5,1,0.8820341774566689,0.8839807254927499,398,42,64
BBL,Basic Matierials,GRU,multiclass,15,5,2,0.8074859596377042,0.9431044941856748,398,42,64
BBL,Basic Matierials,GRU,multiclass,15,5,3,0.7264845302356547,0.8757587869962057,398,42,64
BBL,Basic Matierials,GRU,multiclass,15,5,4,0.6324954885034705,0.991978957539513,398,42,64
BBL,Basic Matierials,GRU,multiclass,15,5,5,0.5541688277194249,1.3258543809254963,398,42,64
BBL,Basic Matierials,GRU,multiclass,15,5,6,0.5394419328351716,1.0040870166960216,398,42,64
BBL,Basic Matierials,GRU,multiclass,15,5,7,0.6351047006983254,2.191806373142061,398,42,64
BBL,Basic Matierials,GRU,multiclass,15,5,8,0.5236556577922111,2.167794318426223,398,42,64
BBL,Basic Matierials,GRU,multiclass,15,5,9,0.5887044683173673,0.8725798073269072,398,42,64
BBL,Basic Matierials,GRU,multiclass,15,5,10,0.5151549156886249,1.8935129245122273,398,42,64
BBL,Basic Matierials,GRU,multiclass,15,5,11,0.49080938624976267,1.0363195339838664,398,42,64
BBL,Basic Matierials,GRU,multiclass,15,5,12,0.367400181802673,2.025343026433672,398,42,64
BBL,Basic Matierials,GRU,multiclass,15,5,13,0.3420219783058119,1.6733047848656064,398,42,64
BBL,Basic Matierials,GRU,multiclass,15,5,14,0.3539242712247312,3.391095933460054,398,42,64
BBL,Basic Matierials,GRU,multiclass,15,5,15,0.31187179332702003,3.7309875942411876,398,42,64
BBL,Basic Matierials,GRU,multiclass,15,5,16,0.33150058265906485,3.117187250228155,398,42,64
BBL,Basic Matierials,GRU,multiclass,15,5,17,0.3110771767757646,4.117718333289737,398,42,64
BBL,Basic Matierials,GRU,multiclass,15,5,18,0.2495391647420337,4.067680949256534,398,42,64
BBL,Basic Matierials,GRU,multiclass,15,5,19,0.16461637683549718,4.588220460074289,398,42,64
BBL,Basic Matierials,GRU,multiclass,15,5,20,0.1441145020738319,4.328967389606294,398,42,64
BBL,Basic Matierials,GRU,multiclass,15,5,21,0.1233159409246253,4.52665562856765,398,42,64
BBL,Basic Matierials,GRU,multiclass,15,5,22,0.10744886227588557,4.6797651790437245,398,42,64
BBL,Basic Matierials,GRU,multiclass,15,5,23,0.10401690811218328,4.61778990427653,398,42,64
BCH,Financial,GRU,multiclass,15,5,1,0.8423409746519884,0.8933148412477403,398,42,64
BCH,Financial,GRU,multiclass,15,5,2,0.7095171243102107,2.039013011114938,398,42,64
BCH,Financial,GRU,multiclass,15,5,3,0.6008259138869281,2.0439901578994024,398,42,64
BCH,Financial,GRU,multiclass,15,5,4,0.5524737604299382,3.3135819208054316,398,42,64
BCH,Financial,GRU,multiclass,15,5,5,0.5626603659972473,3.141170683361235,398,42,64
BCH,Financial,GRU,multiclass,15,5,6,0.5029548755542717,2.0999345438820973,398,42,64
BCH,Financial,GRU,multiclass,15,5,7,0.471329027084849,3.574398154304141,398,42,64
BCH,Financial,GRU,multiclass,15,5,8,0.43687712472287854,3.89511657896496,398,42,64
BCH,Financial,GRU,multiclass,15,5,9,0.4391764504226608,3.743507521493094,398,42,64
BCH,Financial,GRU,multiclass,15,5,10,0.39403359329880183,3.224308819997878,398,42,64
BCH,Financial,GRU,multiclass,15,5,11,0.2778018802853685,3.429989144915626,398,42,64
BCH,Financial,GRU,multiclass,15,5,12,0.2458431168866517,4.298457486288888,398,42,64
BCH,Financial,GRU,multiclass,15,5,13,0.2346147841694367,4.776646273476737,398,42,64
BCH,Financial,GRU,multiclass,15,5,14,0.21074310806228888,4.853651693889073,398,42,64
BCH,Financial,GRU,multiclass,15,5,15,0.2004976605051127,5.488830134982154,398,42,64
BCH,Financial,GRU,multiclass,15,5,16,0.19543398059342973,5.494139285314651,398,42,64
BCH,Financial,GRU,multiclass,15,5,17,0.17896497391875665,6.274294853210449,398,42,64
BCH,Financial,GRU,multiclass,15,5,18,0.14980828473765648,5.977432455335345,398,42,64
BCH,Financial,GRU,multiclass,15,5,19,0.13293637762117624,5.953163964407785,398,42,64
BCH,Financial,GRU,multiclass,15,5,20,0.14104878498082185,6.128460498083205,398,42,64
BCH,Financial,GRU,multiclass,15,5,21,0.13895645172302448,6.2826784905933195,398,42,64
BHP,Basic Matierials,GRU,multiclass,15,5,1,0.9100479648340887,0.947309638772692,398,42,64
BHP,Basic Matierials,GRU,multiclass,15,5,2,0.8097566953256502,1.108330590384347,398,42,64
BHP,Basic Matierials,GRU,multiclass,15,5,3,0.6928831849565458,1.3756496281850905,398,42,64
BHP,Basic Matierials,GRU,multiclass,15,5,4,0.571950210398765,1.6475916022346133,398,42,64
BHP,Basic Matierials,GRU,multiclass,15,5,5,0.5256670997969469,1.8002382005964006,398,42,64
BHP,Basic Matierials,GRU,multiclass,15,5,6,0.4651770182141107,2.0504621210552396,398,42,64
BHP,Basic Matierials,GRU,multiclass,15,5,7,0.4058043094885409,2.381534315290905,398,42,64
BHP,Basic Matierials,GRU,multiclass,15,5,8,0.42115273270475206,2.8117577802567255,398,42,64
BHP,Basic Matierials,GRU,multiclass,15,5,9,0.3952356175561646,1.7302556605566115,398,42,64
BHP,Basic Matierials,GRU,multiclass,15,5,10,0.28000119920052474,1.864395300547282,398,42,64
BHP,Basic Matierials,GRU,multiclass,15,5,11,0.2031454543522255,2.1629265319733393,398,42,64
BHP,Basic Matierials,GRU,multiclass,15,5,12,0.16816597765115038,2.4108549810591198,398,42,64
BHP,Basic Matierials,GRU,multiclass,15,5,13,0.15309053457262528,2.3591150556291853,398,42,64
BHP,Basic Matierials,GRU,multiclass,15,5,14,0.1357266081862114,2.4608606781278337,398,42,64
BHP,Basic Matierials,GRU,multiclass,15,5,15,0.11930415758760131,2.785693021047683,398,42,64
BHP,Basic Matierials,GRU,multiclass,15,5,16,0.1202924455043359,2.8268271798179265,398,42,64
BHP,Basic Matierials,GRU,multiclass,15,5,17,0.11201733260897535,3.194980473745437,398,42,64
BHP,Basic Matierials,GRU,multiclass,15,5,18,0.11506119452828738,3.385294335229056,398,42,64
BHP,Basic Matierials,GRU,multiclass,15,5,19,0.08404005395632293,3.4787286803835915,398,42,64
BHP,Basic Matierials,GRU,multiclass,15,5,20,0.08188818110593,3.4293919063749767,398,42,64
BHP,Basic Matierials,GRU,multiclass,15,5,21,0.07715982956877306,3.4440466108776273,398,42,64
BP,Basic Matierials,GRU,multiclass,15,5,1,0.8891501285921988,1.14797538235074,398,42,64
BP,Basic Matierials,GRU,multiclass,15,5,2,0.7775348937092115,1.7907948721022833,398,42,64
BP,Basic Matierials,GRU,multiclass,15,5,3,0.6750854286716212,2.0886711109252203,398,42,64
BP,Basic Matierials,GRU,multiclass,15,5,4,0.5886905561739476,2.5934507733299617,398,42,64
BP,Basic Matierials,GRU,multiclass,15,5,5,0.4998687343980799,1.49302039259956,398,42,64
BP,Basic Matierials,GRU,multiclass,15,5,6,0.5415219107464929,2.0316826474098932,398,42,64
BP,Basic Matierials,GRU,multiclass,15,5,7,0.45655657463337307,1.8843342236110143,398,42,64
BP,Basic Matierials,GRU,multiclass,15,5,8,0.4597331333400017,1.815851716768174,398,42,64
BP,Basic Matierials,GRU,multiclass,15,5,9,0.4275886197785037,1.6265758304368882,398,42,64
BP,Basic Matierials,GRU,multiclass,15,5,10,0.35460584472172224,1.754716197649638,398,42,64
BP,Basic Matierials,GRU,multiclass,15,5,11,0.2469444800561397,1.898185060137794,398,42,64
BP,Basic Matierials,GRU,multiclass,15,5,12,0.19494600534139567,1.799715479214986,398,42,64
BP,Basic Matierials,GRU,multiclass,15,5,13,0.1764822082603397,1.7240073737644015,398,42,64
BP,Basic Matierials,GRU,multiclass,15,5,14,0.16353352442758168,1.9175628026326497,398,42,64
BP,Basic Matierials,GRU,multiclass,15,5,15,0.14743241607843333,1.987895199230739,398,42,64
BP,Basic Matierials,GRU,multiclass,15,5,16,0.13166889525837636,2.1139238505136397,398,42,64
BP,Basic Matierials,GRU,multiclass,15,5,17,0.12547139782252623,2.203612310545785,398,42,64
BP,Basic Matierials,GRU,multiclass,15,5,18,0.1054017120345154,2.1185448453539895,398,42,64
BP,Basic Matierials,GRU,multiclass,15,5,19,0.0905676536149715,2.079900418009077,398,42,64
BP,Basic Matierials,GRU,multiclass,15,5,20,0.0883883289131687,2.223274651027861,398,42,64
BP,Basic Matierials,GRU,multiclass,15,5,21,0.08479307880203928,2.2560496670859203,398,42,64
BRK-A,Financial,GRU,multiclass,15,5,1,0.7502356740697544,1.0995661644708543,398,42,64
BRK-A,Financial,GRU,multiclass,15,5,2,0.6339658016535505,1.723908923921131,398,42,64
BRK-A,Financial,GRU,multiclass,15,5,3,0.5695463592682651,2.4773267337254117,398,42,64
BRK-A,Financial,GRU,multiclass,15,5,4,0.5316723929577737,3.263268924894787,398,42,64
BRK-A,Financial,GRU,multiclass,15,5,5,0.4703709610443019,3.8013445082164945,398,42,64
BRK-A,Financial,GRU,multiclass,15,5,6,0.43605884759869407,3.1832725434076217,398,42,64
BRK-A,Financial,GRU,multiclass,15,5,7,0.4177365324006009,2.400675353549776,398,42,64
BRK-A,Financial,GRU,multiclass,15,5,8,0.41652616663793823,4.850559575217111,398,42,64
BRK-A,Financial,GRU,multiclass,15,5,9,0.36746837131342097,3.935826437813895,398,42,64
BRK-A,Financial,GRU,multiclass,15,5,10,0.3288435004464346,4.633317129952567,398,42,64
BRK-A,Financial,GRU,multiclass,15,5,11,0.2545521232350987,5.016357830592564,398,42,64
BRK-A,Financial,GRU,multiclass,15,5,12,0.21797788487606912,5.245465596516927,398,42,64
BRK-A,Financial,GRU,multiclass,15,5,13,0.18903390247019092,5.892736979893276,398,42,64
BRK-A,Financial,GRU,multiclass,15,5,14,0.17678608045206598,5.913054239182245,398,42,64
BRK-A,Financial,GRU,multiclass,15,5,15,0.15909687096449598,6.2830684298560735,398,42,64
BRK-A,Financial,GRU,multiclass,15,5,16,0.1603881862370213,7.13658687046596,398,42,64
BRK-A,Financial,GRU,multiclass,15,5,17,0.16095934209212587,5.898869423639207,398,42,64
BRK-A,Financial,GRU,multiclass,15,5,18,0.14738410861048867,6.636244138081868,398,42,64
BRK-A,Financial,GRU,multiclass,15,5,19,0.1193090906769187,6.97127982548305,398,42,64
BRK-A,Financial,GRU,multiclass,15,5,20,0.11396459070731647,7.114135923839751,398,42,64
BRK-A,Financial,GRU,multiclass,15,5,21,0.10813435694979663,7.359052658081055,398,42,64
BSAC,Financial,GRU,multiclass,15,5,1,0.8318566652997654,0.8364412898109073,398,42,64
BSAC,Financial,GRU,multiclass,15,5,2,0.7189772539402373,1.5103264536176408,398,42,64
BSAC,Financial,GRU,multiclass,15,5,3,0.6475353154105756,2.068736269360497,398,42,64
BSAC,Financial,GRU,multiclass,15,5,4,0.5717255272457947,3.0156975927807035,398,42,64
BSAC,Financial,GRU,multiclass,15,5,5,0.5932405594006256,1.6276510783604212,398,42,64
BSAC,Financial,GRU,multiclass,15,5,6,0.5864817723257458,2.2649500256492976,398,42,64
BSAC,Financial,GRU,multiclass,15,5,7,0.5204001810382958,3.235370704105922,398,42,64
BSAC,Financial,GRU,multiclass,15,5,8,0.4376164885921095,2.6042199588957287,398,42,64
BSAC,Financial,GRU,multiclass,15,5,9,0.4155902338387379,2.260376078741891,398,42,64
BSAC,Financial,GRU,multiclass,15,5,10,0.332242707361528,2.4793122836521695,398,42,64
BSAC,Financial,GRU,multiclass,15,5,11,0.2501665111163154,2.7057180177597773,398,42,64
BSAC,Financial,GRU,multiclass,15,5,12,0.2083340445954596,2.6478397051493325,398,42,64
BSAC,Financial,GRU,multiclass,15,5,13,0.1827979034664643,2.7660957291012718,398,42,64
BSAC,Financial,GRU,multiclass,15,5,14,0.16788423300987512,2.979215281350272,398,42,64
BSAC,Financial,GRU,multiclass,15,5,15,0.16213893193994935,3.216978981381371,398,42,64
BSAC,Financial,GRU,multiclass,15,5,16,0.13708801912003427,3.13313322975522,398,42,64
BSAC,Financial,GRU,multiclass,15,5,17,0.13458797927178331,3.535420690264021,398,42,64
BSAC,Financial,GRU,multiclass,15,5,18,0.12778263584003977,3.522394747961135,398,42,64
BSAC,Financial,GRU,multiclass,15,5,19,0.10315381072873446,3.5589048748924617,398,42,64
BSAC,Financial,GRU,multiclass,15,5,20,0.09659832671060035,3.6533326421465193,398,42,64
BSAC,Financial,GRU,multiclass,15,5,21,0.09692136988268425,3.6958912440708707,398,42,64
BUD,Consumer Goods,GRU,multiclass,15,5,1,0.7412419783410116,1.097646142755236,398,42,64
BUD,Consumer Goods,GRU,multiclass,15,5,2,0.6598174047829518,1.6411019223076957,398,42,64
BUD,Consumer Goods,GRU,multiclass,15,5,3,0.5459592499625143,1.8707033679598855,398,42,64
BUD,Consumer Goods,GRU,multiclass,15,5,4,0.46575132925905777,1.7683312892913818,398,42,64
BUD,Consumer Goods,GRU,multiclass,15,5,5,0.42830118896374153,2.6500274680909657,398,42,64
BUD,Consumer Goods,GRU,multiclass,15,5,6,0.4375292649820222,1.6977548826308477,398,42,64
BUD,Consumer Goods,GRU,multiclass,15,5,7,0.4397865581752068,2.4751583394550143,398,42,64
BUD,Consumer Goods,GRU,multiclass,15,5,8,0.3917116945113369,2.479836032504127,398,42,64
BUD,Consumer Goods,GRU,multiclass,15,5,9,0.3359381050320726,2.949290979476202,398,42,64
BUD,Consumer Goods,GRU,multiclass,15,5,10,0.3070543549168649,2.552383786156064,398,42,64
BUD,Consumer Goods,GRU,multiclass,15,5,11,0.22131622990771155,2.7891811416262673,398,42,64
BUD,Consumer Goods,GRU,multiclass,15,5,12,0.18252413528947975,3.128386622383481,398,42,64
BUD,Consumer Goods,GRU,multiclass,15,5,13,0.15927140130170026,3.068671453566778,398,42,64
BUD,Consumer Goods,GRU,multiclass,15,5,14,0.14472462925779161,3.698103904724121,398,42,64
BUD,Consumer Goods,GRU,multiclass,15,5,15,0.1344668581033472,3.3757982594626292,398,42,64
BUD,Consumer Goods,GRU,multiclass,15,5,16,0.11753888274706788,3.949939795902797,398,42,64
BUD,Consumer Goods,GRU,multiclass,15,5,17,0.11725377321393046,4.0943317867460705,398,42,64
BUD,Consumer Goods,GRU,multiclass,15,5,18,0.10567369746353159,4.164037613641648,398,42,64
BUD,Consumer Goods,GRU,multiclass,15,5,19,0.08807425947869243,4.349711440858387,398,42,64
BUD,Consumer Goods,GRU,multiclass,15,5,20,0.0827917471790134,4.383575780051095,398,42,64
BUD,Consumer Goods,GRU,multiclass,15,5,21,0.07677555922886833,4.5022889091855,398,42,64
C,Financial,GRU,multiclass,15,5,1,0.6913817137030501,1.1234831526165916,398,42,64
C,Financial,GRU,multiclass,15,5,2,0.562659258968267,0.7580159505208334,398,42,64
C,Financial,GRU,multiclass,15,5,3,0.4514809237353167,1.0774075303758894,398,42,64
C,Financial,GRU,multiclass,15,5,4,0.37838030145994983,1.7705490589141846,398,42,64
C,Financial,GRU,multiclass,15,5,5,0.36949250131995237,1.4323080607822962,398,42,64
C,Financial,GRU,multiclass,15,5,6,0.35718596677983827,1.596643436522711,398,42,64
C,Financial,GRU,multiclass,15,5,7,0.28686611481647395,2.4553080740429105,398,42,64
C,Financial,GRU,multiclass,15,5,8,0.2713063335298893,1.5635791165488107,398,42,64
C,Financial,GRU,multiclass,15,5,9,0.3173982843232514,3.0087871097383045,398,42,64
C,Financial,GRU,multiclass,15,5,10,0.23129457392584737,2.445633365994408,398,42,64
C,Financial,GRU,multiclass,15,5,11,0.17783258926479062,2.096952824365525,398,42,64
C,Financial,GRU,multiclass,15,5,12,0.12184085094149988,2.654992171696254,398,42,64
C,Financial,GRU,multiclass,15,5,13,0.10253254571302452,2.765625317891439,398,42,64
C,Financial,GRU,multiclass,15,5,14,0.08747443721522039,2.948079858507429,398,42,64
C,Financial,GRU,multiclass,15,5,15,0.07804817994635309,3.023865268343971,398,42,64
C,Financial,GRU,multiclass,15,5,16,0.06411781791017283,3.196251392364502,398,42,64
C,Financial,GRU,multiclass,15,5,17,0.061255822753786444,3.1125808216276623,398,42,64
C,Financial,GRU,multiclass,15,5,18,0.06081986695003869,3.32426947639102,398,42,64
C,Financial,GRU,multiclass,15,5,19,0.0572569847256694,3.579004787263416,398,42,64
C,Financial,GRU,multiclass,15,5,20,0.05351285540952754,3.5846567153930664,398,42,64
C,Financial,GRU,multiclass,15,5,21,0.04705569217327851,3.661838758559454,398,42,64
C,Financial,GRU,multiclass,15,5,22,0.046015469310571204,3.695418130783808,398,42,64
CAT,Industrial Goods,GRU,multiclass,15,5,1,0.7661947952443032,1.0729637770425706,398,42,64
CAT,Industrial Goods,GRU,multiclass,15,5,2,0.6494191606440137,1.283624461718968,398,42,64
CAT,Industrial Goods,GRU,multiclass,15,5,3,0.5423888562612198,1.2144940864472162,398,42,64
CAT,Industrial Goods,GRU,multiclass,15,5,4,0.4651233696158807,1.6064996605827695,398,42,64
CAT,Industrial Goods,GRU,multiclass,15,5,5,0.4275647846598122,1.336331498055231,398,42,64
CAT,Industrial Goods,GRU,multiclass,15,5,6,0.42875216115060166,1.5943414313452584,398,42,64
CAT,Industrial Goods,GRU,multiclass,15,5,7,0.38311944310389573,1.5666308062417167,398,42,64
CAT,Industrial Goods,GRU,multiclass,15,5,8,0.3386353286516726,1.2471399364017306,398,42,64
CAT,Industrial Goods,GRU,multiclass,15,5,9,0.29721227730039373,1.8584882191249303,398,42,64
CAT,Industrial Goods,GRU,multiclass,15,5,10,0.2609528347700085,2.2104817969458446,398,42,64
CAT,Industrial Goods,GRU,multiclass,15,5,11,0.17008737377335678,1.9926752533231462,398,42,64
CAT,Industrial Goods,GRU,multiclass,15,5,12,0.14931536368538986,2.15692138671875,398,42,64
CAT,Industrial Goods,GRU,multiclass,15,5,13,0.11451170872428909,2.347287439164661,398,42,64
CAT,Industrial Goods,GRU,multiclass,15,5,14,0.11187403233506572,2.6802934862318493,398,42,64
CAT,Industrial Goods,GRU,multiclass,15,5,15,0.10182364693089346,2.6913400831676664,398,42,64
CAT,Industrial Goods,GRU,multiclass,15,5,16,0.08967825478345305,3.019664412453061,398,42,64
CAT,Industrial Goods,GRU,multiclass,15,5,17,0.08351993804151689,2.969889663514637,398,42,64
CAT,Industrial Goods,GRU,multiclass,15,5,18,0.08025509749899558,3.016563500676836,398,42,64
CAT,Industrial Goods,GRU,multiclass,15,5,19,0.07145583124166757,3.1496063584373113,398,42,64
CAT,Industrial Goods,GRU,multiclass,15,5,20,0.07094237332854739,3.269962032636007,398,42,64
CAT,Industrial Goods,GRU,multiclass,15,5,21,0.06652893171875021,3.408236509277707,398,42,64
CELG,Healthcare,GRU,multiclass,15,5,1,0.7511401994144498,0.7936878743625823,398,42,64
CELG,Healthcare,GRU,multiclass,15,5,2,0.6481543226757241,0.9097395567666917,398,42,64
CELG,Healthcare,GRU,multiclass,15,5,3,0.544074811378316,2.2162635099320185,398,42,64
CELG,Healthcare,GRU,multiclass,15,5,4,0.4593596471913496,1.4105923629942394,398,42,64
CELG,Healthcare,GRU,multiclass,15,5,5,0.469013937903409,2.9718233744303384,398,42,64
CELG,Healthcare,GRU,multiclass,15,5,6,0.40166164522794023,1.9349697885059176,398,42,64
CELG,Healthcare,GRU,multiclass,15,5,7,0.3820447238845442,2.5215116909572055,398,42,64
CELG,Healthcare,GRU,multiclass,15,5,8,0.33279134295693596,3.0968001910618375,398,42,64
CELG,Healthcare,GRU,multiclass,15,5,9,0.3098959256356685,2.783295154571533,398,42,64
CELG,Healthcare,GRU,multiclass,15,5,10,0.3003593612855403,2.9441250392368863,398,42,64
CELG,Healthcare,GRU,multiclass,15,5,11,0.17379519388304285,2.9023779233296714,398,42,64
CELG,Healthcare,GRU,multiclass,15,5,12,0.14266903391435518,3.2023974373227073,398,42,64
CELG,Healthcare,GRU,multiclass,15,5,13,0.12154821463715491,3.453895409901937,398,42,64
CELG,Healthcare,GRU,multiclass,15,5,14,0.10773991426481075,3.7256631624130976,398,42,64
CELG,Healthcare,GRU,multiclass,15,5,15,0.0989030030878944,3.838031609853109,398,42,64
CELG,Healthcare,GRU,multiclass,15,5,16,0.08816183508191276,4.26060540335519,398,42,64
CELG,Healthcare,GRU,multiclass,15,5,17,0.08311315756946352,4.449972039177304,398,42,64
CELG,Healthcare,GRU,multiclass,15,5,18,0.0800356402918322,4.626674175262451,398,42,64
CELG,Healthcare,GRU,multiclass,15,5,19,0.06800030261727434,4.736083053407215,398,42,64
CELG,Healthcare,GRU,multiclass,15,5,20,0.06257622361407807,4.734331244514102,398,42,64
CELG,Healthcare,GRU,multiclass,15,5,21,0.06136963684954236,4.828366642906552,398,42,64
CHL,Technology,GRU,multiclass,15,5,1,0.8111518106268878,0.8075647808256603,398,42,64
CHL,Technology,GRU,multiclass,15,5,2,0.6924188092126319,0.7970350640160697,398,42,64
CHL,Technology,GRU,multiclass,15,5,3,0.5938269389634157,0.8525442026910328,398,42,64
CHL,Technology,GRU,multiclass,15,5,4,0.5018325728088168,0.929452915986379,398,42,64
CHL,Technology,GRU,multiclass,15,5,5,0.4600143708176349,1.1231179180599393,398,42,64
CHL,Technology,GRU,multiclass,15,5,6,0.414239473378838,1.2018476100195021,398,42,64
CHL,Technology,GRU,multiclass,15,5,7,0.38285938144928244,1.509175629842849,398,42,64
CHL,Technology,GRU,multiclass,15,5,8,0.3533491370965488,1.6564255271639143,398,42,64
CHL,Technology,GRU,multiclass,15,5,9,0.3288483061083597,1.1727241731825329,398,42,64
CHL,Technology,GRU,multiclass,15,5,10,0.3412841347294237,2.1796138173057917,398,42,64
CHL,Technology,GRU,multiclass,15,5,11,0.3162711300891847,1.76260473046984,398,42,64
CHL,Technology,GRU,multiclass,15,5,12,0.19816519260106974,1.7392633926300776,398,42,64
CHL,Technology,GRU,multiclass,15,5,13,0.1533979674305149,1.8256040981837682,398,42,64
CHL,Technology,GRU,multiclass,15,5,14,0.13682353957064786,2.0324367795671736,398,42,64
CHL,Technology,GRU,multiclass,15,5,15,0.11727485408884795,2.2102411531266712,398,42,64
CHL,Technology,GRU,multiclass,15,5,16,0.11189462955872617,2.4127904914674305,398,42,64
CHL,Technology,GRU,multiclass,15,5,17,0.09400487369179127,2.4687596389225552,398,42,64
CHL,Technology,GRU,multiclass,15,5,18,0.09066414668332393,2.6442135061536516,398,42,64
CHL,Technology,GRU,multiclass,15,5,19,0.08386304364282282,2.6054579416910806,398,42,64
CHL,Technology,GRU,multiclass,15,5,20,0.06704833921999788,2.638366926284063,398,42,64
CHL,Technology,GRU,multiclass,15,5,21,0.072072775538393,2.732522419520787,398,42,64
CHL,Technology,GRU,multiclass,15,5,22,0.06821204961544305,2.8265421447299777,398,42,64
CHTR,Services,GRU,multiclass,15,5,1,0.7539859641736476,0.7422759476162138,398,42,64
CHTR,Services,GRU,multiclass,15,5,2,0.6628605265114176,0.8053612056232634,398,42,64
CHTR,Services,GRU,multiclass,15,5,3,0.567090367552024,1.4287187471276237,398,42,64
CHTR,Services,GRU,multiclass,15,5,4,0.5174926465480172,2.04496731644585,398,42,64
CHTR,Services,GRU,multiclass,15,5,5,0.47167906659332354,1.8494046543325697,398,42,64
CHTR,Services,GRU,multiclass,15,5,6,0.43119961966821296,2.449298455601647,398,42,64
CHTR,Services,GRU,multiclass,15,5,7,0.39957605774079136,2.2301037850834073,398,42,64
CHTR,Services,GRU,multiclass,15,5,8,0.3744677592761553,1.8733858891895838,398,42,64
CHTR,Services,GRU,multiclass,15,5,9,0.3054314967076383,3.611958611579168,398,42,64
CHTR,Services,GRU,multiclass,15,5,10,0.25046838640268126,2.6548532531374978,398,42,64
CHTR,Services,GRU,multiclass,15,5,11,0.17950614231016168,2.7736931840578714,398,42,64
CHTR,Services,GRU,multiclass,15,5,12,0.15106409398754636,3.0236118946756636,398,42,64
CHTR,Services,GRU,multiclass,15,5,13,0.13435312656301948,3.296434606824602,398,42,64
CHTR,Services,GRU,multiclass,15,5,14,0.12334266409802078,3.6240075202215287,398,42,64
CHTR,Services,GRU,multiclass,15,5,15,0.11554411551610909,3.9051657290685746,398,42,64
CHTR,Services,GRU,multiclass,15,5,16,0.11889643435502172,3.8350717340196883,398,42,64
CHTR,Services,GRU,multiclass,15,5,17,0.10462496905171093,4.468114949408031,398,42,64
CHTR,Services,GRU,multiclass,15,5,18,0.08801809690855256,4.189718433788845,398,42,64
CHTR,Services,GRU,multiclass,15,5,19,0.08145016510432689,4.191671831267221,398,42,64
CHTR,Services,GRU,multiclass,15,5,20,0.06889338398249305,4.234397541908991,398,42,64
CHTR,Services,GRU,multiclass,15,5,21,0.06955795884881187,4.252976383481707,398,42,64
CMCSA,Services,GRU,multiclass,15,5,1,0.7038841181664012,0.7651666913713727,398,42,64
CMCSA,Services,GRU,multiclass,15,5,2,0.5810395011949778,1.0868006206694103,398,42,64
CMCSA,Services,GRU,multiclass,15,5,3,0.47694762028641435,2.0535583269028437,398,42,64
CMCSA,Services,GRU,multiclass,15,5,4,0.39888870656190806,2.876110213143485,398,42,64
CMCSA,Services,GRU,multiclass,15,5,5,0.3669036511500277,3.5342589787074496,398,42,64
CMCSA,Services,GRU,multiclass,15,5,6,0.41622849475199253,2.3046458335149858,398,42,64
CMCSA,Services,GRU,multiclass,15,5,7,0.34696279728232915,3.1553122656685963,398,42,64
CMCSA,Services,GRU,multiclass,15,5,8,0.29084401072269706,3.9958407311212447,398,42,64
CMCSA,Services,GRU,multiclass,15,5,9,0.2855625461094343,3.2640905607314337,398,42,64
CMCSA,Services,GRU,multiclass,15,5,10,0.24696604184918666,3.560663563864572,398,42,64
CMCSA,Services,GRU,multiclass,15,5,11,0.16970348856107673,3.7188948903765,398,42,64
CMCSA,Services,GRU,multiclass,15,5,12,0.12699556440564255,3.8631758235749745,398,42,64
CMCSA,Services,GRU,multiclass,15,5,13,0.11088738766447384,4.130835555848622,398,42,64
CMCSA,Services,GRU,multiclass,15,5,14,0.09764661033399141,4.573794864472889,398,42,64
CMCSA,Services,GRU,multiclass,15,5,15,0.09316246016840239,4.892746879940941,398,42,64
CMCSA,Services,GRU,multiclass,15,5,16,0.08763501149176353,5.020820663088844,398,42,64
CMCSA,Services,GRU,multiclass,15,5,17,0.08111851366620566,5.47620982215518,398,42,64
CMCSA,Services,GRU,multiclass,15,5,18,0.07618911300397399,5.5307039079212,398,42,64
CMCSA,Services,GRU,multiclass,15,5,19,0.06505080950844228,5.578216734386626,398,42,64
CMCSA,Services,GRU,multiclass,15,5,20,0.059220131112253244,5.65903731754848,398,42,64
CMCSA,Services,GRU,multiclass,15,5,21,0.057461252333081546,5.669505437215169,398,42,64
CODI,Conglomerates,GRU,multiclass,15,5,1,0.8132076143619403,0.7874486190932137,398,42,64
CODI,Conglomerates,GRU,multiclass,15,5,2,0.6973491745378504,1.2467373779841833,398,42,64
CODI,Conglomerates,GRU,multiclass,15,5,3,0.601444181185871,1.8469227722712926,398,42,64
CODI,Conglomerates,GRU,multiclass,15,5,4,0.5086580959696266,2.0013314542316256,398,42,64
CODI,Conglomerates,GRU,multiclass,15,5,5,0.4456166334487685,3.321491899944487,398,42,64
CODI,Conglomerates,GRU,multiclass,15,5,6,0.5259947896602765,2.238506555557251,398,42,64
CODI,Conglomerates,GRU,multiclass,15,5,7,0.45232281133757163,2.1558871155693415,398,42,64
CODI,Conglomerates,GRU,multiclass,15,5,8,0.39534903441242236,2.5237647011166526,398,42,64
CODI,Conglomerates,GRU,multiclass,15,5,9,0.3738353319803075,2.3662527856372653,398,42,64
CODI,Conglomerates,GRU,multiclass,15,5,10,0.3417070680227711,2.8319770949227467,398,42,64
CODI,Conglomerates,GRU,multiclass,15,5,11,0.21395534411746653,3.1388395173209056,398,42,64
CODI,Conglomerates,GRU,multiclass,15,5,12,0.18643774855975528,3.4281545593625022,398,42,64
CODI,Conglomerates,GRU,multiclass,15,5,13,0.1565205925074055,3.8174011366707936,398,42,64
CODI,Conglomerates,GRU,multiclass,15,5,14,0.14510823000016523,4.31381436756679,398,42,64
CODI,Conglomerates,GRU,multiclass,15,5,15,0.14308296458505507,4.8699910300118585,398,42,64
CODI,Conglomerates,GRU,multiclass,15,5,16,0.12667619350867057,4.8026777903238935,398,42,64
CODI,Conglomerates,GRU,multiclass,15,5,17,0.1125932426458627,5.098666100274949,398,42,64
CODI,Conglomerates,GRU,multiclass,15,5,18,0.1011891049805598,5.126607168288458,398,42,64
CODI,Conglomerates,GRU,multiclass,15,5,19,0.09411393109727745,5.32446457090832,398,42,64
CODI,Conglomerates,GRU,multiclass,15,5,20,0.09042300036804161,5.424414089747837,398,42,64
CODI,Conglomerates,GRU,multiclass,15,5,21,0.08560926796653164,5.668211573646182,398,42,64
CSCO,Technology,GRU,multiclass,15,5,1,0.721612072769721,0.7529761904761905,398,42,64
CSCO,Technology,GRU,multiclass,15,5,2,0.6062393212438228,1.0898115578151883,398,42,64
CSCO,Technology,GRU,multiclass,15,5,3,0.5055061854309773,1.5964292685190837,398,42,64
CSCO,Technology,GRU,multiclass,15,5,4,0.4163462392349339,1.8522384053184873,398,42,64
CSCO,Technology,GRU,multiclass,15,5,5,0.3833299824340859,1.796369268780663,398,42,64
CSCO,Technology,GRU,multiclass,15,5,6,0.35591939226466807,2.2598739010947093,398,42,64
CSCO,Technology,GRU,multiclass,15,5,7,0.3901024243639941,1.3620087986900693,398,42,64
CSCO,Technology,GRU,multiclass,15,5,8,0.3082924761514568,1.35269752570561,398,42,64
CSCO,Technology,GRU,multiclass,15,5,9,0.2832669287021436,2.134135121390933,398,42,64
CSCO,Technology,GRU,multiclass,15,5,10,0.20498995947178883,1.5822328272319974,398,42,64
CSCO,Technology,GRU,multiclass,15,5,11,0.14448223603730226,1.7755159536997478,398,42,64
CSCO,Technology,GRU,multiclass,15,5,12,0.11821599300932045,1.8552649248213995,398,42,64
CSCO,Technology,GRU,multiclass,15,5,13,0.10626352189024489,1.9374721050262451,398,42,64
CSCO,Technology,GRU,multiclass,15,5,14,0.0945890890668385,1.9824261211213612,398,42,64
CSCO,Technology,GRU,multiclass,15,5,15,0.08144735687192362,2.3093766144343784,398,42,64
CSCO,Technology,GRU,multiclass,15,5,16,0.07380814064088179,2.245229880015055,398,42,64
CSCO,Technology,GRU,multiclass,15,5,17,0.07265976885679978,2.4412617569877986,398,42,64
CSCO,Technology,GRU,multiclass,15,5,18,0.06077936868272235,2.480831986381894,398,42,64
CSCO,Technology,GRU,multiclass,15,5,19,0.06250481227010339,2.584123906635103,398,42,64
CSCO,Technology,GRU,multiclass,15,5,20,0.05801120664381502,2.6428716636839367,398,42,64
CSCO,Technology,GRU,multiclass,15,5,21,0.054154918833294104,2.717850912184942,398,42,64
CVX,Basic Matierials,GRU,multiclass,15,5,1,0.8892229304241774,1.0698554913202922,398,42,64
CVX,Basic Matierials,GRU,multiclass,15,5,2,0.7466389225355944,1.2079310644240606,398,42,64
CVX,Basic Matierials,GRU,multiclass,15,5,3,0.6753997832686458,1.357196719873519,398,42,64
CVX,Basic Matierials,GRU,multiclass,15,5,4,0.5970333296449939,1.0930267118272328,398,42,64
CVX,Basic Matierials,GRU,multiclass,15,5,5,0.5626497586168836,1.2188808236803328,398,42,64
CVX,Basic Matierials,GRU,multiclass,15,5,6,0.5670174764628386,1.2869605791001093,398,42,64
CVX,Basic Matierials,GRU,multiclass,15,5,7,0.49039975782135625,1.488775752839588,398,42,64
CVX,Basic Matierials,GRU,multiclass,15,5,8,0.46677468185448767,1.7136561586743309,398,42,64
CVX,Basic Matierials,GRU,multiclass,15,5,9,0.4834790686566626,2.27167018254598,398,42,64
CVX,Basic Matierials,GRU,multiclass,15,5,10,0.3427147347124378,1.8313667320069813,398,42,64
CVX,Basic Matierials,GRU,multiclass,15,5,11,0.25940061012404647,1.9979890301114036,398,42,64
CVX,Basic Matierials,GRU,multiclass,15,5,12,0.2080692506615241,2.4156283878144764,398,42,64
CVX,Basic Matierials,GRU,multiclass,15,5,13,0.1865891666717865,2.3435469581967308,398,42,64
CVX,Basic Matierials,GRU,multiclass,15,5,14,0.16666969971441145,2.640839304242815,398,42,64
CVX,Basic Matierials,GRU,multiclass,15,5,15,0.1551222789976465,2.834179605756487,398,42,64
CVX,Basic Matierials,GRU,multiclass,15,5,16,0.15096268207583596,3.1946615264529274,398,42,64
CVX,Basic Matierials,GRU,multiclass,15,5,17,0.14005204458632062,3.570110003153483,398,42,64
CVX,Basic Matierials,GRU,multiclass,15,5,18,0.1299575553018244,3.6192854245503745,398,42,64
CVX,Basic Matierials,GRU,multiclass,15,5,19,0.1050492129733215,3.5445905867077054,398,42,64
CVX,Basic Matierials,GRU,multiclass,15,5,20,0.09842368256506609,3.6951295080639066,398,42,64
CVX,Basic Matierials,GRU,multiclass,15,5,21,0.09460787969318467,3.912242230914888,398,42,64
D,Utilities,GRU,multiclass,15,5,1,0.7358810724924557,1.08790119489034,398,42,64
D,Utilities,GRU,multiclass,15,5,2,0.6183723229259702,1.3130446672439575,398,42,64
D,Utilities,GRU,multiclass,15,5,3,0.5194813979031453,1.7175743977228801,398,42,64
D,Utilities,GRU,multiclass,15,5,4,0.43663306242257505,1.0845626990000408,398,42,64
D,Utilities,GRU,multiclass,15,5,5,0.38419137969987477,1.7096327543258667,398,42,64
D,Utilities,GRU,multiclass,15,5,6,0.3604239619257462,1.496177764165969,398,42,64
D,Utilities,GRU,multiclass,15,5,7,0.34652382554720396,1.3003506773994082,398,42,64
D,Utilities,GRU,multiclass,15,5,8,0.3187445937538866,1.6899699597131639,398,42,64
D,Utilities,GRU,multiclass,15,5,9,0.29063156748836366,1.5819329647790819,398,42,64
D,Utilities,GRU,multiclass,15,5,10,0.22890775684435763,1.5312631414050148,398,42,64
D,Utilities,GRU,multiclass,15,5,11,0.19242154421219274,2.0988665251504806,398,42,64
D,Utilities,GRU,multiclass,15,5,12,0.20273669790382962,1.8625894274030412,398,42,64
D,Utilities,GRU,multiclass,15,5,13,0.15578014691870415,1.728848831994193,398,42,64
D,Utilities,GRU,multiclass,15,5,14,0.10214282381324911,1.7218395755404519,398,42,64
D,Utilities,GRU,multiclass,15,5,15,0.08587764780126025,1.93172516141619,398,42,64
D,Utilities,GRU,multiclass,15,5,16,0.07537164505402646,2.005283548718407,398,42,64
D,Utilities,GRU,multiclass,15,5,17,0.06584737919757713,2.147851058415004,398,42,64
D,Utilities,GRU,multiclass,15,5,18,0.05575687451353624,2.225406351543608,398,42,64
D,Utilities,GRU,multiclass,15,5,19,0.05743207825563062,2.287347464334397,398,42,64
D,Utilities,GRU,multiclass,15,5,20,0.06125192535133218,2.4155499935150146,398,42,64
D,Utilities,GRU,multiclass,15,5,21,0.054725060847835925,2.5319465682620095,398,42,64
DHR,Industrial Goods,GRU,multiclass,15,5,1,0.7549034243253008,0.7142068970771063,398,42,64
DHR,Industrial Goods,GRU,multiclass,15,5,2,0.6836433455572656,0.6436001857121786,398,42,64
DHR,Industrial Goods,GRU,multiclass,15,5,3,0.5987829736728764,0.6063699835822696,398,42,64
DHR,Industrial Goods,GRU,multiclass,15,5,4,0.5081125894683091,0.6963015312240237,398,42,64
DHR,Industrial Goods,GRU,multiclass,15,5,5,0.46513767428134556,1.6064484176181613,398,42,64
DHR,Industrial Goods,GRU,multiclass,15,5,6,0.4451017930879066,1.0399077506292433,398,42,64
DHR,Industrial Goods,GRU,multiclass,15,5,7,0.38577973588028147,1.7127695424216134,398,42,64
DHR,Industrial Goods,GRU,multiclass,15,5,8,0.41191727477102424,0.9779257376988729,398,42,64
DHR,Industrial Goods,GRU,multiclass,15,5,9,0.3677634261361319,1.8070652030763172,398,42,64
DHR,Industrial Goods,GRU,multiclass,15,5,10,0.32973403105484184,1.315105404172625,398,42,64
DHR,Industrial Goods,GRU,multiclass,15,5,11,0.29499577682221956,1.6633624008723669,398,42,64
DHR,Industrial Goods,GRU,multiclass,15,5,12,0.25853044573386114,1.5091237000056676,398,42,64
DHR,Industrial Goods,GRU,multiclass,15,5,13,0.18157780709578164,1.768101794379098,398,42,64
DHR,Industrial Goods,GRU,multiclass,15,5,14,0.1550621611239323,1.7364209720066615,398,42,64
DHR,Industrial Goods,GRU,multiclass,15,5,15,0.13716166241833913,1.7805321443648565,398,42,64
DHR,Industrial Goods,GRU,multiclass,15,5,16,0.1249156494685753,1.970355681010655,398,42,64
DHR,Industrial Goods,GRU,multiclass,15,5,17,0.1148847816652389,2.451940411613101,398,42,64
DHR,Industrial Goods,GRU,multiclass,15,5,18,0.1171040902634961,2.2273335343315486,398,42,64
DHR,Industrial Goods,GRU,multiclass,15,5,19,0.118542650124835,2.5127584707169306,398,42,64
DHR,Industrial Goods,GRU,multiclass,15,5,20,0.10999469766065703,2.4117661317189536,398,42,64
DHR,Industrial Goods,GRU,multiclass,15,5,21,0.08716235358511383,2.348950283867972,398,42,64
DHR,Industrial Goods,GRU,multiclass,15,5,22,0.08253953970931283,2.355789127803984,398,42,64
DHR,Industrial Goods,GRU,multiclass,15,5,23,0.07488933136340362,2.39990124248323,398,42,64
DIS,Services,GRU,multiclass,15,5,1,0.6457249881634161,0.743880686305818,398,42,64
DIS,Services,GRU,multiclass,15,5,2,0.5551044860077863,0.848071833451589,398,42,64
DIS,Services,GRU,multiclass,15,5,3,0.4636456922969626,0.960821407181876,398,42,64
DIS,Services,GRU,multiclass,15,5,4,0.3779329543736712,0.9365699972425189,398,42,64
DIS,Services,GRU,multiclass,15,5,5,0.34372018419917505,1.3957527223087491,398,42,64
DIS,Services,GRU,multiclass,15,5,6,0.3764720031963521,1.4023263170605613,398,42,64
DIS,Services,GRU,multiclass,15,5,7,0.3652252800500573,1.3671266663642156,398,42,64
DIS,Services,GRU,multiclass,15,5,8,0.26668553271485335,1.5637843835921514,398,42,64
DIS,Services,GRU,multiclass,15,5,9,0.23951808494239596,1.9771999291011266,398,42,64
DIS,Services,GRU,multiclass,15,5,10,0.1853545991769388,1.903915666398548,398,42,64
DIS,Services,GRU,multiclass,15,5,11,0.12372334181663379,2.087459303083874,398,42,64
DIS,Services,GRU,multiclass,15,5,12,0.10687723460059669,2.1501812707810175,398,42,64
DIS,Services,GRU,multiclass,15,5,13,0.09171468161757867,2.4374095371791293,398,42,64
DIS,Services,GRU,multiclass,15,5,14,0.0804935847245269,2.6489877587273005,398,42,64
DIS,Services,GRU,multiclass,15,5,15,0.07205719873309135,2.8505537736983526,398,42,64
DIS,Services,GRU,multiclass,15,5,16,0.06558056177580776,3.0935432683853876,398,42,64
DIS,Services,GRU,multiclass,15,5,17,0.06163198059078437,3.391967319306873,398,42,64
DIS,Services,GRU,multiclass,15,5,18,0.05647009725322077,3.3724363644917807,398,42,64
DIS,Services,GRU,multiclass,15,5,19,0.05002720916091497,3.3497788338434127,398,42,64
DIS,Services,GRU,multiclass,15,5,20,0.05095934600162147,3.458889825003488,398,42,64
DIS,Services,GRU,multiclass,15,5,21,0.04429218691572472,3.494361922854469,398,42,64
DUK,Utilities,GRU,multiclass,15,5,1,0.7428723028556785,0.9376780731337411,398,42,64
DUK,Utilities,GRU,multiclass,15,5,2,0.6581853336125763,1.2300411604699635,398,42,64
DUK,Utilities,GRU,multiclass,15,5,3,0.5839126387133671,1.6685173568271456,398,42,64
DUK,Utilities,GRU,multiclass,15,5,4,0.5179859524096676,1.4369531784738814,398,42,64
DUK,Utilities,GRU,multiclass,15,5,5,0.4636810445156529,2.114364445209503,398,42,64
DUK,Utilities,GRU,multiclass,15,5,6,0.4719950697529855,1.5707322728066218,398,42,64
DUK,Utilities,GRU,multiclass,15,5,7,0.4888452412794583,1.7621039066995894,398,42,64
DUK,Utilities,GRU,multiclass,15,5,8,0.4767702507912813,2.0121854089555287,398,42,64
DUK,Utilities,GRU,multiclass,15,5,9,0.3495748785123154,2.6027711856932867,398,42,64
DUK,Utilities,GRU,multiclass,15,5,10,0.3093938696099885,2.6225898322604952,398,42,64
DUK,Utilities,GRU,multiclass,15,5,11,0.2252595237077181,2.6893898873102096,398,42,64
DUK,Utilities,GRU,multiclass,15,5,12,0.18883308846896618,2.781327497391474,398,42,64
DUK,Utilities,GRU,multiclass,15,5,13,0.16259825102348424,3.2639869110924855,398,42,64
DUK,Utilities,GRU,multiclass,15,5,14,0.16422060446523543,3.042944385891869,398,42,64
DUK,Utilities,GRU,multiclass,15,5,15,0.15112122062163139,3.809886404446193,398,42,64
DUK,Utilities,GRU,multiclass,15,5,16,0.13971200151060095,3.1517755474363054,398,42,64
DUK,Utilities,GRU,multiclass,15,5,17,0.1340189948116415,3.530872072492327,398,42,64
DUK,Utilities,GRU,multiclass,15,5,18,0.11392207104881205,3.6217397451400757,398,42,64
DUK,Utilities,GRU,multiclass,15,5,19,0.09742794889750792,3.698027485892886,398,42,64
DUK,Utilities,GRU,multiclass,15,5,20,0.08984465228777434,3.716894473348345,398,42,64
DUK,Utilities,GRU,multiclass,15,5,21,0.08630501535070602,3.887741418111892,398,42,64
EXC,Utilities,GRU,multiclass,15,5,1,0.7089789030539929,1.0196241282281422,398,42,64
EXC,Utilities,GRU,multiclass,15,5,2,0.5991054852703708,1.5058544249761672,398,42,64
EXC,Utilities,GRU,multiclass,15,5,3,0.504410152309504,1.6495572158268519,398,42,64
EXC,Utilities,GRU,multiclass,15,5,4,0.4395116603554194,1.727609293801444,398,42,64
EXC,Utilities,GRU,multiclass,15,5,5,0.44940296234796995,2.4910307952335904,398,42,64
EXC,Utilities,GRU,multiclass,15,5,6,0.41534427302566607,2.5135520866939,398,42,64
EXC,Utilities,GRU,multiclass,15,5,7,0.3710845472974394,2.8663798173268638,398,42,64
EXC,Utilities,GRU,multiclass,15,5,8,0.33165939953458967,2.938267015275501,398,42,64
EXC,Utilities,GRU,multiclass,15,5,9,0.3395326698395475,2.634993394215902,398,42,64
EXC,Utilities,GRU,multiclass,15,5,10,0.2609061480092643,3.1622506096249534,398,42,64
EXC,Utilities,GRU,multiclass,15,5,11,0.18365719356578797,3.1098173005240306,398,42,64
EXC,Utilities,GRU,multiclass,15,5,12,0.146307163240023,3.4423177128746394,398,42,64
EXC,Utilities,GRU,multiclass,15,5,13,0.13294837738026927,3.5808323678516207,398,42,64
EXC,Utilities,GRU,multiclass,15,5,14,0.11444370296956906,3.9076457023620605,398,42,64
EXC,Utilities,GRU,multiclass,15,5,15,0.10382443224664908,4.049355529603504,398,42,64
EXC,Utilities,GRU,multiclass,15,5,16,0.09360289762741957,4.1267764908926825,398,42,64
EXC,Utilities,GRU,multiclass,15,5,17,0.0809899095689232,4.2867998622712635,398,42,64
EXC,Utilities,GRU,multiclass,15,5,18,0.0806790575123013,4.417492707570394,398,42,64
EXC,Utilities,GRU,multiclass,15,5,19,0.06975170906314898,4.430721441904704,398,42,64
EXC,Utilities,GRU,multiclass,15,5,20,0.06689081142595665,4.526300135112944,398,42,64
EXC,Utilities,GRU,multiclass,15,5,21,0.06640752846721429,4.725480056944347,398,42,64
FB,Technology,GRU,multiclass,15,5,1,0.7065554204298623,0.7060927209399995,398,42,64
FB,Technology,GRU,multiclass,15,5,2,0.6173898399475232,0.9170921132678077,398,42,64
FB,Technology,GRU,multiclass,15,5,3,0.5247409716622913,1.3348180254300435,398,42,64
FB,Technology,GRU,multiclass,15,5,4,0.4357824041765539,1.807857558840797,398,42,64
FB,Technology,GRU,multiclass,15,5,5,0.392654413703698,1.2275547243299938,398,42,64
FB,Technology,GRU,multiclass,15,5,6,0.39247678115439777,2.0990700608208064,398,42,64
FB,Technology,GRU,multiclass,15,5,7,0.4045540167758213,1.344071388244629,398,42,64
FB,Technology,GRU,multiclass,15,5,8,0.29919961866122396,1.29460574899401,398,42,64
FB,Technology,GRU,multiclass,15,5,9,0.24778216912518794,2.1002478031885055,398,42,64
FB,Technology,GRU,multiclass,15,5,10,0.2132094944242257,1.7608515875680106,398,42,64
FB,Technology,GRU,multiclass,15,5,11,0.14404365109588632,1.8822778463363647,398,42,64
FB,Technology,GRU,multiclass,15,5,12,0.12521571475057747,1.6826361417770386,398,42,64
FB,Technology,GRU,multiclass,15,5,13,0.12878955780860768,1.88386036668505,398,42,64
FB,Technology,GRU,multiclass,15,5,14,0.10274686903959543,1.8331066767374675,398,42,64
FB,Technology,GRU,multiclass,15,5,15,0.09438141596377195,1.9664119084676106,398,42,64
FB,Technology,GRU,multiclass,15,5,16,0.08856013720508796,1.919570383571443,398,42,64
FB,Technology,GRU,multiclass,15,5,17,0.07693813164629529,2.0615146727789018,398,42,64
FB,Technology,GRU,multiclass,15,5,18,0.07170668734827233,2.027162268048241,398,42,64
FB,Technology,GRU,multiclass,15,5,19,0.06262865675678804,2.18953267733256,398,42,64
FB,Technology,GRU,multiclass,15,5,20,0.062076714882000006,2.2060064928872243,398,42,64
FB,Technology,GRU,multiclass,15,5,21,0.05801196089342012,2.184987579073225,398,42,64
GD,Industrial Goods,GRU,multiclass,15,5,1,0.6896270339812466,0.7406288725989205,398,42,64
GD,Industrial Goods,GRU,multiclass,15,5,2,0.6017782402098478,0.7856096965926034,398,42,64
GD,Industrial Goods,GRU,multiclass,15,5,3,0.5138111774945379,0.9775555644716535,398,42,64
GD,Industrial Goods,GRU,multiclass,15,5,4,0.42095417143711494,0.8860659088407244,398,42,64
GD,Industrial Goods,GRU,multiclass,15,5,5,0.3919827738898483,1.4415300403322493,398,42,64
GD,Industrial Goods,GRU,multiclass,15,5,6,0.374451068478014,0.6116857557069688,398,42,64
GD,Industrial Goods,GRU,multiclass,15,5,7,0.35206423812176113,0.6734948413712638,398,42,64
GD,Industrial Goods,GRU,multiclass,15,5,8,0.376866451310153,1.0687376941953386,398,42,64
GD,Industrial Goods,GRU,multiclass,15,5,9,0.3282198999545083,0.648578751654852,398,42,64
GD,Industrial Goods,GRU,multiclass,15,5,10,0.2801943915573197,0.7773411103657314,398,42,64
GD,Industrial Goods,GRU,multiclass,15,5,11,0.25103441554697314,0.8890334310985747,398,42,64
GD,Industrial Goods,GRU,multiclass,15,5,12,0.24980861345427718,0.7696392138799032,398,42,64
GD,Industrial Goods,GRU,multiclass,15,5,13,0.237980243548676,0.7501825661886306,398,42,64
GD,Industrial Goods,GRU,multiclass,15,5,14,0.181986451935229,0.9159387293316069,398,42,64
GD,Industrial Goods,GRU,multiclass,15,5,15,0.14190790970720837,0.9522577297119867,398,42,64
GD,Industrial Goods,GRU,multiclass,15,5,16,0.09981582553392679,0.9646533103216262,398,42,64
GD,Industrial Goods,GRU,multiclass,15,5,17,0.0875039756597586,1.029327977271307,398,42,64
GD,Industrial Goods,GRU,multiclass,15,5,18,0.07869287086042327,1.099406015305292,398,42,64
GD,Industrial Goods,GRU,multiclass,15,5,19,0.07618749177261214,1.161558122861953,398,42,64
GD,Industrial Goods,GRU,multiclass,15,5,20,0.06922448709157843,1.2633419320696877,398,42,64
GD,Industrial Goods,GRU,multiclass,15,5,21,0.06856947781602342,1.260026210830325,398,42,64
GD,Industrial Goods,GRU,multiclass,15,5,22,0.06186646691069531,1.3487735305513655,398,42,64
GD,Industrial Goods,GRU,multiclass,15,5,23,0.058254300911522394,1.3203645320165724,398,42,64
GD,Industrial Goods,GRU,multiclass,15,5,24,0.05033017088420427,1.3365997076034546,398,42,64
GD,Industrial Goods,GRU,multiclass,15,5,25,0.055138477765435547,1.3416606869016374,398,42,64
GD,Industrial Goods,GRU,multiclass,15,5,26,0.048215290503435995,1.3458484411239624,398,42,64
GE,Industrial Goods,GRU,multiclass,15,5,1,0.8067424605839216,0.7783047670409793,398,42,64
GE,Industrial Goods,GRU,multiclass,15,5,2,0.6690136721385783,0.7430520284743536,398,42,64
GE,Industrial Goods,GRU,multiclass,15,5,3,0.5455269064735527,1.09347284975506,398,42,64
GE,Industrial Goods,GRU,multiclass,15,5,4,0.47644532460663186,1.8503722349802654,398,42,64
GE,Industrial Goods,GRU,multiclass,15,5,5,0.4354131121431763,1.3337186802001226,398,42,64
GE,Industrial Goods,GRU,multiclass,15,5,6,0.40189461297725315,1.0900230350948514,398,42,64
GE,Industrial Goods,GRU,multiclass,15,5,7,0.3902304831461691,1.2206318889345442,398,42,64
GE,Industrial Goods,GRU,multiclass,15,5,8,0.33695445767599136,2.0451509328115556,398,42,64
GE,Industrial Goods,GRU,multiclass,15,5,9,0.2849651450787357,1.7625913733527774,398,42,64
GE,Industrial Goods,GRU,multiclass,15,5,10,0.29046441929124706,1.9275736922309512,398,42,64
GE,Industrial Goods,GRU,multiclass,15,5,11,0.21979364273536145,1.8492952755519323,398,42,64
GE,Industrial Goods,GRU,multiclass,15,5,12,0.1644585133347679,1.85569167137146,398,42,64
GE,Industrial Goods,GRU,multiclass,15,5,13,0.13831156563369473,1.955075286683582,398,42,64
GE,Industrial Goods,GRU,multiclass,15,5,14,0.12876580494582354,2.0873030026753745,398,42,64
GE,Industrial Goods,GRU,multiclass,15,5,15,0.10449373194170956,2.265802746727353,398,42,64
GE,Industrial Goods,GRU,multiclass,15,5,16,0.08921826091693275,2.4520218599410284,398,42,64
GE,Industrial Goods,GRU,multiclass,15,5,17,0.09981925160291806,2.484354393822806,398,42,64
GE,Industrial Goods,GRU,multiclass,15,5,18,0.08428650467314912,2.427074682144892,398,42,64
GE,Industrial Goods,GRU,multiclass,15,5,19,0.07438649139811646,2.512366839817592,398,42,64
GE,Industrial Goods,GRU,multiclass,15,5,20,0.07029448891404885,2.6210038321358815,398,42,64
GE,Industrial Goods,GRU,multiclass,15,5,21,0.06549708919609012,2.696361257916405,398,42,64
GE,Industrial Goods,GRU,multiclass,15,5,22,0.05656194151496168,2.7014703977675665,398,42,64
GOOG,Technology,GRU,multiclass,15,5,1,0.7642429902325922,1.7095623413721721,398,42,64
GOOG,Technology,GRU,multiclass,15,5,2,0.6387584133064328,3.6647989522843134,398,42,64
GOOG,Technology,GRU,multiclass,15,5,3,0.5344690658039783,6.249095053899856,398,42,64
GOOG,Technology,GRU,multiclass,15,5,4,0.4761280270677116,6.142800331115723,398,42,64
GOOG,Technology,GRU,multiclass,15,5,5,0.4508223190679023,4.2502811182112925,398,42,64
GOOG,Technology,GRU,multiclass,15,5,6,0.3826466355491523,7.4693062873113725,398,42,64
GOOG,Technology,GRU,multiclass,15,5,7,0.3715141683667149,6.963430926913307,398,42,64
GOOG,Technology,GRU,multiclass,15,5,8,0.3939070402827095,6.768418153127034,398,42,64
GOOG,Technology,GRU,multiclass,15,5,9,0.33761109681285206,6.9339374133518765,398,42,64
GOOG,Technology,GRU,multiclass,15,5,10,0.2752754246095317,8.221267518543062,398,42,64
GOOG,Technology,GRU,multiclass,15,5,11,0.19332191142155297,7.629776318868001,398,42,64
GOOG,Technology,GRU,multiclass,15,5,12,0.15356644576218859,8.128338541303362,398,42,64
GOOG,Technology,GRU,multiclass,15,5,13,0.13749048068894812,8.337036178225564,398,42,64
GOOG,Technology,GRU,multiclass,15,5,14,0.11205991986558665,8.830160640534901,398,42,64
GOOG,Technology,GRU,multiclass,15,5,15,0.0981525129933453,9.522117024376278,398,42,64
GOOG,Technology,GRU,multiclass,15,5,16,0.09099847259907866,9.973896980285645,398,42,64
GOOG,Technology,GRU,multiclass,15,5,17,0.08738155123875968,10.48531405131022,398,42,64
GOOG,Technology,GRU,multiclass,15,5,18,0.08587892323582616,10.84325377146403,398,42,64
GOOG,Technology,GRU,multiclass,15,5,19,0.0688887618145152,10.692821366446358,398,42,64
GOOG,Technology,GRU,multiclass,15,5,20,0.06557974526331053,10.816516240437826,398,42,64
GOOG,Technology,GRU,multiclass,15,5,21,0.06493317438804325,11.366149448213124,398,42,64
HD,Services,GRU,multiclass,15,5,1,0.697456889715626,0.7451326478095281,398,42,64
HD,Services,GRU,multiclass,15,5,2,0.5790407175394758,0.989813072340829,398,42,64
HD,Services,GRU,multiclass,15,5,3,0.4853647161069228,1.1065375691368466,398,42,64
HD,Services,GRU,multiclass,15,5,4,0.41768406743380293,1.365860070501055,398,42,64
HD,Services,GRU,multiclass,15,5,5,0.4020464929504011,2.0072438149225142,398,42,64
HD,Services,GRU,multiclass,15,5,6,0.3933122456073761,1.1002751475288755,398,42,64
HD,Services,GRU,multiclass,15,5,7,0.33430419734974004,2.3384188470386325,398,42,64
HD,Services,GRU,multiclass,15,5,8,0.33054869019206445,1.746481804620652,398,42,64
HD,Services,GRU,multiclass,15,5,9,0.2910167923449871,1.7834948017483665,398,42,64
HD,Services,GRU,multiclass,15,5,10,0.2343171977592473,1.55369618393126,398,42,64
HD,Services,GRU,multiclass,15,5,11,0.1535631721118587,2.061386460349673,398,42,64
HD,Services,GRU,multiclass,15,5,12,0.12831395662310136,2.195914699917748,398,42,64
HD,Services,GRU,multiclass,15,5,13,0.10665808060211153,2.364587499981835,398,42,64
HD,Services,GRU,multiclass,15,5,14,0.09403925510731774,2.6766977196648005,398,42,64
HD,Services,GRU,multiclass,15,5,15,0.08594579448052986,2.9009996822902133,398,42,64
HD,Services,GRU,multiclass,15,5,16,0.0749831567495013,3.031516597384498,398,42,64
HD,Services,GRU,multiclass,15,5,17,0.06682147744612478,3.3288208643595376,398,42,64
HD,Services,GRU,multiclass,15,5,18,0.05844442701744075,3.2898542767479304,398,42,64
HD,Services,GRU,multiclass,15,5,19,0.054659974354146115,3.3264817056201754,398,42,64
HD,Services,GRU,multiclass,15,5,20,0.0539556367126242,3.3505616869245256,398,42,64
HD,Services,GRU,multiclass,15,5,21,0.051715317832764666,3.4843829018729076,398,42,64
HON,Industrial Goods,GRU,multiclass,15,5,1,0.7415212066329304,0.6932893111592248,398,42,64
HON,Industrial Goods,GRU,multiclass,15,5,2,0.6257928295351153,0.9486418508348011,398,42,64
HON,Industrial Goods,GRU,multiclass,15,5,3,0.5354925639665307,1.1357659215018863,398,42,64
HON,Industrial Goods,GRU,multiclass,15,5,4,0.47246983512562124,1.3319022598720731,398,42,64
HON,Industrial Goods,GRU,multiclass,15,5,5,0.4154172322558398,1.1296546515964327,398,42,64
HON,Industrial Goods,GRU,multiclass,15,5,6,0.4069764310091584,1.6662895055044264,398,42,64
HON,Industrial Goods,GRU,multiclass,15,5,7,0.4178170208355889,1.6427996385665167,398,42,64
HON,Industrial Goods,GRU,multiclass,15,5,8,0.3701400228181676,1.3619804609389532,398,42,64
HON,Industrial Goods,GRU,multiclass,15,5,9,0.3401382516077415,1.9595822379702614,398,42,64
HON,Industrial Goods,GRU,multiclass,15,5,10,0.289232896350736,1.5856879098074776,398,42,64
HON,Industrial Goods,GRU,multiclass,15,5,11,0.20571758339752505,1.5414341858455114,398,42,64
HON,Industrial Goods,GRU,multiclass,15,5,12,0.17372634100854098,1.8670567671457927,398,42,64
HON,Industrial Goods,GRU,multiclass,15,5,13,0.1464814564316117,1.9756690944944109,398,42,64
HON,Industrial Goods,GRU,multiclass,15,5,14,0.13066421291935984,2.2512707029070174,398,42,64
HON,Industrial Goods,GRU,multiclass,15,5,15,0.11976018864380654,2.147074784551348,398,42,64
HON,Industrial Goods,GRU,multiclass,15,5,16,0.10942176068622862,2.470692066919236,398,42,64
HON,Industrial Goods,GRU,multiclass,15,5,17,0.1067091891513997,2.582318896339053,398,42,64
HON,Industrial Goods,GRU,multiclass,15,5,18,0.09716892676736841,2.565097275234404,398,42,64
HON,Industrial Goods,GRU,multiclass,15,5,19,0.07959692937382801,2.679305984860375,398,42,64
HON,Industrial Goods,GRU,multiclass,15,5,20,0.07056187995564399,2.7136335713522777,398,42,64
HON,Industrial Goods,GRU,multiclass,15,5,21,0.06925929886237461,2.7888474350883845,398,42,64
HRG,Conglomerates,GRU,multiclass,15,5,1,0.7345478909099521,0.5556551587013971,398,42,64
HRG,Conglomerates,GRU,multiclass,15,5,2,0.6302677974030001,0.5401502535456703,398,42,64
HRG,Conglomerates,GRU,multiclass,15,5,3,0.5578004818166321,0.6319588451158433,398,42,64
HRG,Conglomerates,GRU,multiclass,15,5,4,0.47514232124515515,0.9587870438893636,398,42,64
HRG,Conglomerates,GRU,multiclass,15,5,5,0.431934609485032,0.6283493155524844,398,42,64
HRG,Conglomerates,GRU,multiclass,15,5,6,0.4621409096909528,1.1798944246201288,398,42,64
HRG,Conglomerates,GRU,multiclass,15,5,7,0.39823010159497285,0.9935808465594337,398,42,64
HRG,Conglomerates,GRU,multiclass,15,5,8,0.3634037659994921,1.9886793068477087,398,42,64
HRG,Conglomerates,GRU,multiclass,15,5,9,0.33912925774128594,0.8117696046829224,398,42,64
HRG,Conglomerates,GRU,multiclass,15,5,10,0.3573145023242912,1.863303434281122,398,42,64
HRG,Conglomerates,GRU,multiclass,15,5,11,0.2929684414935471,1.6701444784800212,398,42,64
HRG,Conglomerates,GRU,multiclass,15,5,12,0.21382160537206946,1.6789056346530007,398,42,64
HRG,Conglomerates,GRU,multiclass,15,5,13,0.17293723391827626,1.7713121686662947,398,42,64
HRG,Conglomerates,GRU,multiclass,15,5,14,0.1534896131286669,1.7709227289472307,398,42,64
HRG,Conglomerates,GRU,multiclass,15,5,15,0.13801021634334296,2.0025399980090914,398,42,64
HRG,Conglomerates,GRU,multiclass,15,5,16,0.1254957615954792,1.8514334701356434,398,42,64
HRG,Conglomerates,GRU,multiclass,15,5,17,0.11770441645204123,2.0995481581914994,398,42,64
HRG,Conglomerates,GRU,multiclass,15,5,18,0.11626571480503034,2.0797802607218423,398,42,64
HRG,Conglomerates,GRU,multiclass,15,5,19,0.10020955957135363,2.1461590017591203,398,42,64
HRG,Conglomerates,GRU,multiclass,15,5,20,0.08716098022595722,2.136279049373808,398,42,64
HRG,Conglomerates,GRU,multiclass,15,5,21,0.08171236466373032,2.127048889795939,398,42,64
HRG,Conglomerates,GRU,multiclass,15,5,22,0.07809400333831058,2.224001237324306,398,42,64
HSBC,Financial,GRU,multiclass,15,5,1,0.8717179648840248,1.1362683205377488,398,42,64
HSBC,Financial,GRU,multiclass,15,5,2,0.7152807511875977,2.0667792672202703,398,42,64
HSBC,Financial,GRU,multiclass,15,5,3,0.588374961560695,2.2997030587423417,398,42,64
HSBC,Financial,GRU,multiclass,15,5,4,0.5272121411472109,2.819997889654977,398,42,64
HSBC,Financial,GRU,multiclass,15,5,5,0.4625795672287294,3.375371422086443,398,42,64
HSBC,Financial,GRU,multiclass,15,5,6,0.4682723075600725,2.7388607206798734,398,42,64
HSBC,Financial,GRU,multiclass,15,5,7,0.44699050553479985,3.9470936230250766,398,42,64
HSBC,Financial,GRU,multiclass,15,5,8,0.3933445908615937,3.810624849228632,398,42,64
HSBC,Financial,GRU,multiclass,15,5,9,0.36657038151319304,3.4532392762956166,398,42,64
HSBC,Financial,GRU,multiclass,15,5,10,0.3631093460860564,4.643584285463605,398,42,64
HSBC,Financial,GRU,multiclass,15,5,11,0.249357869127887,4.540245771408081,398,42,64
HSBC,Financial,GRU,multiclass,15,5,12,0.21226691128920072,5.097025632858276,398,42,64
HSBC,Financial,GRU,multiclass,15,5,13,0.18683583514025462,5.212364764440627,398,42,64
HSBC,Financial,GRU,multiclass,15,5,14,0.1643954009641355,5.844157990955171,398,42,64
HSBC,Financial,GRU,multiclass,15,5,15,0.1521479492286342,6.232678549630301,398,42,64
HSBC,Financial,GRU,multiclass,15,5,16,0.13965662924488584,6.596992901393345,398,42,64
HSBC,Financial,GRU,multiclass,15,5,17,0.13761684287283288,7.125962779635475,398,42,64
HSBC,Financial,GRU,multiclass,15,5,18,0.12126030462171564,6.805252415793283,398,42,64
HSBC,Financial,GRU,multiclass,15,5,19,0.10118586276119677,6.912716615767706,398,42,64
HSBC,Financial,GRU,multiclass,15,5,20,0.08922765194321397,7.0715866315932505,398,42,64
HSBC,Financial,GRU,multiclass,15,5,21,0.08498550934632819,7.321173372722807,398,42,64
IEP,Conglomerates,GRU,multiclass,15,5,1,0.8931611770361512,1.2007701964605422,398,42,64
IEP,Conglomerates,GRU,multiclass,15,5,2,0.7761129617091999,1.8770325978597004,398,42,64
IEP,Conglomerates,GRU,multiclass,15,5,3,0.6965262254877905,2.4862020923977806,398,42,64
IEP,Conglomerates,GRU,multiclass,15,5,4,0.6114739152654332,3.58394125529698,398,42,64
IEP,Conglomerates,GRU,multiclass,15,5,5,0.617163535937592,1.7251058987208776,398,42,64
IEP,Conglomerates,GRU,multiclass,15,5,6,0.5515866674969544,2.887770244053432,398,42,64
IEP,Conglomerates,GRU,multiclass,15,5,7,0.492597478418494,1.9339757079169864,398,42,64
IEP,Conglomerates,GRU,multiclass,15,5,8,0.4990483240865583,2.272062369755336,398,42,64
IEP,Conglomerates,GRU,multiclass,15,5,9,0.4301575718812607,2.491061176572527,398,42,64
IEP,Conglomerates,GRU,multiclass,15,5,10,0.43586007149974304,2.019983030500866,398,42,64
IEP,Conglomerates,GRU,multiclass,15,5,11,0.29649544975266384,2.0225907337097895,398,42,64
IEP,Conglomerates,GRU,multiclass,15,5,12,0.2497463106510028,2.1602071466900052,398,42,64
IEP,Conglomerates,GRU,multiclass,15,5,13,0.22045217701538125,2.3698237169356573,398,42,64
IEP,Conglomerates,GRU,multiclass,15,5,14,0.22311989161836443,2.6488332861945745,398,42,64
IEP,Conglomerates,GRU,multiclass,15,5,15,0.2070567503047349,2.8310718422844294,398,42,64
IEP,Conglomerates,GRU,multiclass,15,5,16,0.20858378356425605,3.1972004572550454,398,42,64
IEP,Conglomerates,GRU,multiclass,15,5,17,0.16315987990729175,3.0847784791673933,398,42,64
IEP,Conglomerates,GRU,multiclass,15,5,18,0.1610011752676125,3.171380008969988,398,42,64
IEP,Conglomerates,GRU,multiclass,15,5,19,0.1361186914707548,3.2963560081663585,398,42,64
IEP,Conglomerates,GRU,multiclass,15,5,20,0.11918918975633593,3.352983826682681,398,42,64
IEP,Conglomerates,GRU,multiclass,15,5,21,0.11102597325590986,3.4136003312610446,398,42,64
INTC,Technology,GRU,multiclass,15,5,1,0.7489040724596187,0.8848351694288707,398,42,64
INTC,Technology,GRU,multiclass,15,5,2,0.6465463084192132,0.8091059185209728,398,42,64
INTC,Technology,GRU,multiclass,15,5,3,0.5443065179951826,0.9705037559781756,398,42,64
INTC,Technology,GRU,multiclass,15,5,4,0.4841363606740482,1.234571513675508,398,42,64
INTC,Technology,GRU,multiclass,15,5,5,0.45609417213267417,1.104529851958865,398,42,64
INTC,Technology,GRU,multiclass,15,5,6,0.40423659216518976,1.0453142892746699,398,42,64
INTC,Technology,GRU,multiclass,15,5,7,0.3716395611888799,1.5228972775595528,398,42,64
INTC,Technology,GRU,multiclass,15,5,8,0.31505932340669873,1.4181161608014787,398,42,64
INTC,Technology,GRU,multiclass,15,5,9,0.26511532240477037,1.6025557631538028,398,42,64
INTC,Technology,GRU,multiclass,15,5,10,0.24051570813709766,2.3510694730849493,398,42,64
INTC,Technology,GRU,multiclass,15,5,11,0.18819236126377356,2.336164292835054,398,42,64
INTC,Technology,GRU,multiclass,15,5,12,0.12417608334790523,2.389114777247111,398,42,64
INTC,Technology,GRU,multiclass,15,5,13,0.09909080468754672,2.6134451230367026,398,42,64
INTC,Technology,GRU,multiclass,15,5,14,0.08477149096940031,2.634829498472668,398,42,64
INTC,Technology,GRU,multiclass,15,5,15,0.07839767472004172,2.749643462044852,398,42,64
INTC,Technology,GRU,multiclass,15,5,16,0.07432092662582446,2.952249390738351,398,42,64
INTC,Technology,GRU,multiclass,15,5,17,0.06677461175912588,2.7816598301842097,398,42,64
INTC,Technology,GRU,multiclass,15,5,18,0.061698699538507054,3.0118521508716403,398,42,64
INTC,Technology,GRU,multiclass,15,5,19,0.06049258787016473,3.138167449406215,398,42,64
INTC,Technology,GRU,multiclass,15,5,20,0.04836418247552373,3.254623140607561,398,42,64
INTC,Technology,GRU,multiclass,15,5,21,0.045107354452112815,3.3399225643702914,398,42,64
INTC,Technology,GRU,multiclass,15,5,22,0.04501148459300324,3.411355631692069,398,42,64
JNJ,Healthcare,GRU,multiclass,15,5,1,0.7480878689181265,0.957805213474092,398,42,64
JNJ,Healthcare,GRU,multiclass,15,5,2,0.6161567980620131,1.5670863503501529,398,42,64
JNJ,Healthcare,GRU,multiclass,15,5,3,0.5131790287530602,2.1375992071060907,398,42,64
JNJ,Healthcare,GRU,multiclass,15,5,4,0.43285622384080935,2.6760722001393638,398,42,64
JNJ,Healthcare,GRU,multiclass,15,5,5,0.3842755039433139,2.303916647320702,398,42,64
JNJ,Healthcare,GRU,multiclass,15,5,6,0.4792338699551683,3.0000733534495034,398,42,64
JNJ,Healthcare,GRU,multiclass,15,5,7,0.4486392818054362,1.511150939123971,398,42,64
JNJ,Healthcare,GRU,multiclass,15,5,8,0.40286881495360755,2.858433575857253,398,42,64
JNJ,Healthcare,GRU,multiclass,15,5,9,0.318899638688744,3.2718619392031716,398,42,64
JNJ,Healthcare,GRU,multiclass,15,5,10,0.26733666591009303,3.432704221634638,398,42,64
JNJ,Healthcare,GRU,multiclass,15,5,11,0.18198977642921946,3.118531170345488,398,42,64
JNJ,Healthcare,GRU,multiclass,15,5,12,0.14158515474904124,3.5309299514407204,398,42,64
JNJ,Healthcare,GRU,multiclass,15,5,13,0.12230611135761942,3.9467026619684127,398,42,64
JNJ,Healthcare,GRU,multiclass,15,5,14,0.11074586160218895,4.365234738304501,398,42,64
JNJ,Healthcare,GRU,multiclass,15,5,15,0.10128499794021324,4.1344371523175925,398,42,64
JNJ,Healthcare,GRU,multiclass,15,5,16,0.0926708129220572,4.936246281578427,398,42,64
JNJ,Healthcare,GRU,multiclass,15,5,17,0.08925351597855438,4.388555231548491,398,42,64
JNJ,Healthcare,GRU,multiclass,15,5,18,0.06962185695617643,4.744360219864618,398,42,64
JNJ,Healthcare,GRU,multiclass,15,5,19,0.06011461386054605,4.9303534144446965,398,42,64
JNJ,Healthcare,GRU,multiclass,15,5,20,0.06242238000110166,5.071516377585275,398,42,64
JNJ,Healthcare,GRU,multiclass,15,5,21,0.05526376079449702,5.259369032723563,398,42,64
JPM,Financial,GRU,multiclass,15,5,1,0.7109723363689442,0.7096775003841945,398,42,64
JPM,Financial,GRU,multiclass,15,5,2,0.5856406823474558,0.6542341794286456,398,42,64
JPM,Financial,GRU,multiclass,15,5,3,0.48609209899327266,0.7995540499687195,398,42,64
JPM,Financial,GRU,multiclass,15,5,4,0.3936113574397025,1.0316904726482572,398,42,64
JPM,Financial,GRU,multiclass,15,5,5,0.38172921538352966,1.236496022769383,398,42,64
JPM,Financial,GRU,multiclass,15,5,6,0.34312105867730913,0.9356358391898019,398,42,64
JPM,Financial,GRU,multiclass,15,5,7,0.3861647192856774,1.7153175331297374,398,42,64
JPM,Financial,GRU,multiclass,15,5,8,0.33359903666242285,0.9632067793891543,398,42,64
JPM,Financial,GRU,multiclass,15,5,9,0.26288895645932336,1.805392895426069,398,42,64
JPM,Financial,GRU,multiclass,15,5,10,0.1962194695095321,1.8679502123878116,398,42,64
JPM,Financial,GRU,multiclass,15,5,11,0.16594857164663285,1.7962939455395652,398,42,64
JPM,Financial,GRU,multiclass,15,5,12,0.11309597405356978,1.9011585371834892,398,42,64
JPM,Financial,GRU,multiclass,15,5,13,0.09865729746656801,2.1488972504933677,398,42,64
JPM,Financial,GRU,multiclass,15,5,14,0.08465993733861339,2.205143008913313,398,42,64
JPM,Financial,GRU,multiclass,15,5,15,0.07547601776656195,2.453099091847738,398,42,64
JPM,Financial,GRU,multiclass,15,5,16,0.06655064423629387,2.5148626395634244,398,42,64
JPM,Financial,GRU,multiclass,15,5,17,0.06414684200256913,2.8016520795368014,398,42,64
JPM,Financial,GRU,multiclass,15,5,18,0.06073307253457793,2.689775762103853,398,42,64
JPM,Financial,GRU,multiclass,15,5,19,0.05060776753641253,2.8507561797187444,398,42,64
JPM,Financial,GRU,multiclass,15,5,20,0.04835259100075942,2.891703719184512,398,42,64
JPM,Financial,GRU,multiclass,15,5,21,0.04802676383873925,2.921411571048555,398,42,64
JPM,Financial,GRU,multiclass,15,5,22,0.04695102396472615,2.9559296539851596,398,42,64
KO,Consumer Goods,GRU,multiclass,15,5,1,0.761451676263282,0.923648925054641,398,42,64
KO,Consumer Goods,GRU,multiclass,15,5,2,0.6466873315111477,1.2218896547953289,398,42,64
KO,Consumer Goods,GRU,multiclass,15,5,3,0.5319900413853439,1.1829357998711723,398,42,64
KO,Consumer Goods,GRU,multiclass,15,5,4,0.45509343755305115,2.085182553245908,398,42,64
KO,Consumer Goods,GRU,multiclass,15,5,5,0.4202404097845806,2.0816274143400646,398,42,64
KO,Consumer Goods,GRU,multiclass,15,5,6,0.3746114048226994,2.881898743765695,398,42,64
KO,Consumer Goods,GRU,multiclass,15,5,7,0.3329715551293675,3.384305261430286,398,42,64
KO,Consumer Goods,GRU,multiclass,15,5,8,0.33189064148233166,2.431146916889009,398,42,64
KO,Consumer Goods,GRU,multiclass,15,5,9,0.2885985517471879,2.863918247677031,398,42,64
KO,Consumer Goods,GRU,multiclass,15,5,10,0.22334936504537736,2.809885649454026,398,42,64
KO,Consumer Goods,GRU,multiclass,15,5,11,0.1577409053567666,3.025318633942377,398,42,64
KO,Consumer Goods,GRU,multiclass,15,5,12,0.13834877748360586,3.40815730321975,398,42,64
KO,Consumer Goods,GRU,multiclass,15,5,13,0.1198191802443272,3.6612171559106734,398,42,64
KO,Consumer Goods,GRU,multiclass,15,5,14,0.10634346310068016,3.740386996950422,398,42,64
KO,Consumer Goods,GRU,multiclass,15,5,15,0.09676633251072773,3.940029359999157,398,42,64
KO,Consumer Goods,GRU,multiclass,15,5,16,0.092036571016713,4.274492899576823,398,42,64
KO,Consumer Goods,GRU,multiclass,15,5,17,0.08870937956038431,4.45426310811724,398,42,64
KO,Consumer Goods,GRU,multiclass,15,5,18,0.07786296296808588,4.43454046476455,398,42,64
KO,Consumer Goods,GRU,multiclass,15,5,19,0.07221246421823849,4.555238621575492,398,42,64
KO,Consumer Goods,GRU,multiclass,15,5,20,0.0712776219088528,4.566101585115705,398,42,64
KO,Consumer Goods,GRU,multiclass,15,5,21,0.06811424260537828,4.692015000752041,398,42,64
LMT,Industrial Goods,GRU,multiclass,15,5,1,0.6917951289732852,0.6297604214577448,398,42,64
LMT,Industrial Goods,GRU,multiclass,15,5,2,0.5993964983590284,0.6572865077427456,398,42,64
LMT,Industrial Goods,GRU,multiclass,15,5,3,0.500369481704942,0.8780381764684405,398,42,64
LMT,Industrial Goods,GRU,multiclass,15,5,4,0.4144492251190109,0.8614847432999384,398,42,64
LMT,Industrial Goods,GRU,multiclass,15,5,5,0.3757192768044208,1.139373140675681,398,42,64
LMT,Industrial Goods,GRU,multiclass,15,5,6,0.3883726689683732,0.8880173223359245,398,42,64
LMT,Industrial Goods,GRU,multiclass,15,5,7,0.3936768100788845,1.045710978053865,398,42,64
LMT,Industrial Goods,GRU,multiclass,15,5,8,0.34580376115276584,1.0644066560836065,398,42,64
LMT,Industrial Goods,GRU,multiclass,15,5,9,0.27659009883751223,1.1964600824174427,398,42,64
LMT,Industrial Goods,GRU,multiclass,15,5,10,0.21935944566175566,1.262099822362264,398,42,64
LMT,Industrial Goods,GRU,multiclass,15,5,11,0.15984234895238925,1.397587605885097,398,42,64
LMT,Industrial Goods,GRU,multiclass,15,5,12,0.12731928966153208,1.4404320262727284,398,42,64
LMT,Industrial Goods,GRU,multiclass,15,5,13,0.11583570746620696,1.5207878180912562,398,42,64
LMT,Industrial Goods,GRU,multiclass,15,5,14,0.10173195911262503,1.616080533890497,398,42,64
LMT,Industrial Goods,GRU,multiclass,15,5,15,0.09124445896502116,1.7633740334283738,398,42,64
LMT,Industrial Goods,GRU,multiclass,15,5,16,0.078137300721365,1.8692688601357597,398,42,64
LMT,Industrial Goods,GRU,multiclass,15,5,17,0.08168022712720699,1.883618025552659,398,42,64
LMT,Industrial Goods,GRU,multiclass,15,5,18,0.0712698225175316,1.8695561431703114,398,42,64
LMT,Industrial Goods,GRU,multiclass,15,5,19,0.06554672290482114,1.9174126670474099,398,42,64
LMT,Industrial Goods,GRU,multiclass,15,5,20,0.06285111669769239,1.939010495231265,398,42,64
LMT,Industrial Goods,GRU,multiclass,15,5,21,0.05666364291355239,1.980325698852539,398,42,64
MA,Financial,GRU,multiclass,15,5,1,0.7641675190709943,0.7363421150616237,398,42,64
MA,Financial,GRU,multiclass,15,5,2,0.6362937913468135,0.9206885383242652,398,42,64
MA,Financial,GRU,multiclass,15,5,3,0.5390703288754027,1.049720633597601,398,42,64
MA,Financial,GRU,multiclass,15,5,4,0.45491030677479116,0.9068779377710252,398,42,64
MA,Financial,GRU,multiclass,15,5,5,0.43456173991438135,1.0365978394235884,398,42,64
MA,Financial,GRU,multiclass,15,5,6,0.40829396397624185,1.0665984494345528,398,42,64
MA,Financial,GRU,multiclass,15,5,7,0.346390958257656,1.1659247080485027,398,42,64
MA,Financial,GRU,multiclass,15,5,8,0.29485720336137705,0.8440983068375361,398,42,64
MA,Financial,GRU,multiclass,15,5,9,0.2794878448373708,1.31855689343952,398,42,64
MA,Financial,GRU,multiclass,15,5,10,0.22668551889496233,1.395089478719802,398,42,64
MA,Financial,GRU,multiclass,15,5,11,0.14200539478854318,1.3409325054713659,398,42,64
MA,Financial,GRU,multiclass,15,5,12,0.10915119732594371,1.4620854627518427,398,42,64
MA,Financial,GRU,multiclass,15,5,13,0.09090275388566693,1.5266980897812616,398,42,64
MA,Financial,GRU,multiclass,15,5,14,0.08088020452452664,1.6250113646189372,398,42,64
MA,Financial,GRU,multiclass,15,5,15,0.07002912727582394,1.7071513675508045,398,42,64
MA,Financial,GRU,multiclass,15,5,16,0.06804682632636784,1.6444647425696963,398,42,64
MA,Financial,GRU,multiclass,15,5,17,0.06214147963416037,1.8028448876880465,398,42,64
MA,Financial,GRU,multiclass,15,5,18,0.0603116439964304,1.8195858682904924,398,42,64
MA,Financial,GRU,multiclass,15,5,19,0.05304701609452765,1.8672966389429002,398,42,64
MA,Financial,GRU,multiclass,15,5,20,0.04729676967365059,1.9062023276374453,398,42,64
MA,Financial,GRU,multiclass,15,5,21,0.047809049206313174,1.9267867860339938,398,42,64
MCD,Services,GRU,multiclass,15,5,1,0.7781306463270331,0.8264061354455494,398,42,64
MCD,Services,GRU,multiclass,15,5,2,0.6240700625594536,0.9507947365442911,398,42,64
MCD,Services,GRU,multiclass,15,5,3,0.5391581534740314,1.8956650211697532,398,42,64
MCD,Services,GRU,multiclass,15,5,4,0.44979785614876294,2.09460559345427,398,42,64
MCD,Services,GRU,multiclass,15,5,5,0.35406191407436105,4.8475118818737215,398,42,64
MCD,Services,GRU,multiclass,15,5,6,0.3479330473808787,3.8260047549293157,398,42,64
MCD,Services,GRU,multiclass,15,5,7,0.33430608889864916,4.538326240721203,398,42,64
MCD,Services,GRU,multiclass,15,5,8,0.31857426756590457,7.372962452116466,398,42,64
MCD,Services,GRU,multiclass,15,5,9,0.31415063419833256,3.345665386744908,398,42,64
MCD,Services,GRU,multiclass,15,5,10,0.2404274151627742,3.964998313358852,398,42,64
MCD,Services,GRU,multiclass,15,5,11,0.16023611670462928,4.635137467157273,398,42,64
MCD,Services,GRU,multiclass,15,5,12,0.12687587258803784,4.750075544629778,398,42,64
MCD,Services,GRU,multiclass,15,5,13,0.11303854655081304,5.67675899323963,398,42,64
MCD,Services,GRU,multiclass,15,5,14,0.09759521409494792,5.834974743071056,398,42,64
MCD,Services,GRU,multiclass,15,5,15,0.0856113175313976,5.80282719930013,398,42,64
MCD,Services,GRU,multiclass,15,5,16,0.07993197465437142,6.698967434111095,398,42,64
MCD,Services,GRU,multiclass,15,5,17,0.07383764681205078,6.74209603809175,398,42,64
MCD,Services,GRU,multiclass,15,5,18,0.0656563541547737,6.920174417041597,398,42,64
MCD,Services,GRU,multiclass,15,5,19,0.06169750498392474,7.047538893563407,398,42,64
MCD,Services,GRU,multiclass,15,5,20,0.057498852418145945,6.97479788462321,398,42,64
MCD,Services,GRU,multiclass,15,5,21,0.05331339522372538,7.222360111418224,398,42,64
MDT,Healthcare,GRU,multiclass,15,5,1,0.7059626282759048,1.1107803185780842,398,42,64
MDT,Healthcare,GRU,multiclass,15,5,2,0.5716039825923479,1.9469004585629417,398,42,64
MDT,Healthcare,GRU,multiclass,15,5,3,0.4823533826736949,1.953605640502203,398,42,64
MDT,Healthcare,GRU,multiclass,15,5,4,0.42512924737067675,2.2690532434554327,398,42,64
MDT,Healthcare,GRU,multiclass,15,5,5,0.3963345720540339,2.350801354362851,398,42,64
MDT,Healthcare,GRU,multiclass,15,5,6,0.47919365643855916,1.2161647478739421,398,42,64
MDT,Healthcare,GRU,multiclass,15,5,7,0.3748159086584446,1.9791778950464158,398,42,64
MDT,Healthcare,GRU,multiclass,15,5,8,0.3257172843020166,2.54333005632673,398,42,64
MDT,Healthcare,GRU,multiclass,15,5,9,0.3456426122080741,2.29474671681722,398,42,64
MDT,Healthcare,GRU,multiclass,15,5,10,0.3127887961852491,2.745291233062744,398,42,64
MDT,Healthcare,GRU,multiclass,15,5,11,0.22775150228984392,2.5480512437366305,398,42,64
MDT,Healthcare,GRU,multiclass,15,5,12,0.17996241137310487,2.6583024660746255,398,42,64
MDT,Healthcare,GRU,multiclass,15,5,13,0.15256502168561945,2.8621859550476074,398,42,64
MDT,Healthcare,GRU,multiclass,15,5,14,0.12876834858901537,2.799978778475807,398,42,64
MDT,Healthcare,GRU,multiclass,15,5,15,0.12115552040500258,3.1629775592259,398,42,64
MDT,Healthcare,GRU,multiclass,15,5,16,0.11368201088965238,2.8490133739653087,398,42,64
MDT,Healthcare,GRU,multiclass,15,5,17,0.11160966454438828,3.8481639680408297,398,42,64
MDT,Healthcare,GRU,multiclass,15,5,18,0.09719727087260491,3.4236929530189153,398,42,64
MDT,Healthcare,GRU,multiclass,15,5,19,0.08914150076745143,3.301761967795236,398,42,64
MDT,Healthcare,GRU,multiclass,15,5,20,0.08212828984362396,3.3044196310497465,398,42,64
MDT,Healthcare,GRU,multiclass,15,5,21,0.07365845334739542,3.3723610242207847,398,42,64
MMM,Industrial Goods,GRU,multiclass,15,5,1,0.7666061598451892,0.9050655450139727,398,42,64
MMM,Industrial Goods,GRU,multiclass,15,5,2,0.6736277245995986,1.0659514296622503,398,42,64
MMM,Industrial Goods,GRU,multiclass,15,5,3,0.580423102606481,1.372337642170134,398,42,64
MMM,Industrial Goods,GRU,multiclass,15,5,4,0.4752923349040237,1.7758225145794095,398,42,64
MMM,Industrial Goods,GRU,multiclass,15,5,5,0.40283610847727136,2.6039928311393377,398,42,64
MMM,Industrial Goods,GRU,multiclass,15,5,6,0.40623998237614656,2.1851914269583568,398,42,64
MMM,Industrial Goods,GRU,multiclass,15,5,7,0.4416646133715184,1.3902634666079567,398,42,64
MMM,Industrial Goods,GRU,multiclass,15,5,8,0.39850178900076516,1.9709752003351848,398,42,64
MMM,Industrial Goods,GRU,multiclass,15,5,9,0.3306834907387968,2.191943441118513,398,42,64
MMM,Industrial Goods,GRU,multiclass,15,5,10,0.25972479132551646,2.0720273483367193,398,42,64
MMM,Industrial Goods,GRU,multiclass,15,5,11,0.17468171959845863,2.507471481959025,398,42,64
MMM,Industrial Goods,GRU,multiclass,15,5,12,0.14254409063551293,2.752640167872111,398,42,64
MMM,Industrial Goods,GRU,multiclass,15,5,13,0.12071016468294901,3.00778899874006,398,42,64
MMM,Industrial Goods,GRU,multiclass,15,5,14,0.10614820288952871,3.2715514387403215,398,42,64
MMM,Industrial Goods,GRU,multiclass,15,5,15,0.10310577938155313,3.286991845993769,398,42,64
MMM,Industrial Goods,GRU,multiclass,15,5,16,0.09179193133385337,3.836913846787952,398,42,64
MMM,Industrial Goods,GRU,multiclass,15,5,17,0.08624428181192982,3.836092233657837,398,42,64
MMM,Industrial Goods,GRU,multiclass,15,5,18,0.08256944991535876,3.835170473371233,398,42,64
MMM,Industrial Goods,GRU,multiclass,15,5,19,0.06547515479913309,3.9305657886323475,398,42,64
MMM,Industrial Goods,GRU,multiclass,15,5,20,0.06261530342563312,4.016176950363886,398,42,64
MMM,Industrial Goods,GRU,multiclass,15,5,21,0.06092607566908975,4.119201648802984,398,42,64
MO,Consumer Goods,GRU,multiclass,15,5,1,0.6418708955223237,0.6932721989495414,398,42,64
MO,Consumer Goods,GRU,multiclass,15,5,2,0.54993698764686,0.7954439974966503,398,42,64
MO,Consumer Goods,GRU,multiclass,15,5,3,0.46593782949687246,0.9350638559886387,398,42,64
MO,Consumer Goods,GRU,multiclass,15,5,4,0.40799978240650503,0.9892722708838326,398,42,64
MO,Consumer Goods,GRU,multiclass,15,5,5,0.3467689095130518,1.0060698361623854,398,42,64
MO,Consumer Goods,GRU,multiclass,15,5,6,0.30803482526510806,1.3850707213083904,398,42,64
MO,Consumer Goods,GRU,multiclass,15,5,7,0.27044565429040535,0.942124088605245,398,42,64
MO,Consumer Goods,GRU,multiclass,15,5,8,0.2633884258605727,1.4527191321055095,398,42,64
MO,Consumer Goods,GRU,multiclass,15,5,9,0.24977807723098064,1.0923363821847099,398,42,64
MO,Consumer Goods,GRU,multiclass,15,5,10,0.24097526425392785,1.123414851370312,398,42,64
MO,Consumer Goods,GRU,multiclass,15,5,11,0.1480445592996463,1.1670316855112712,398,42,64
MO,Consumer Goods,GRU,multiclass,15,5,12,0.1160944316854429,1.3470092387426467,398,42,64
MO,Consumer Goods,GRU,multiclass,15,5,13,0.09967462905687303,1.4318046456291562,398,42,64
MO,Consumer Goods,GRU,multiclass,15,5,14,0.08507218623730406,1.5464623314993722,398,42,64
MO,Consumer Goods,GRU,multiclass,15,5,15,0.07212825239303723,1.5651686645689464,398,42,64
MO,Consumer Goods,GRU,multiclass,15,5,16,0.06501676477304655,1.595867429460798,398,42,64
MO,Consumer Goods,GRU,multiclass,15,5,17,0.06390399790963336,1.779748110544114,398,42,64
MO,Consumer Goods,GRU,multiclass,15,5,18,0.059392518246892706,1.77145596912929,398,42,64
MO,Consumer Goods,GRU,multiclass,15,5,19,0.05188115835938621,1.7902020499819802,398,42,64
MO,Consumer Goods,GRU,multiclass,15,5,20,0.05171330293743455,1.7981627668653215,398,42,64
MO,Consumer Goods,GRU,multiclass,15,5,21,0.0490883954299904,1.8369292985825312,398,42,64
MRK,Healthcare,GRU,multiclass,15,5,1,0.7524746413805976,1.3621810731433688,398,42,64
MRK,Healthcare,GRU,multiclass,15,5,2,0.6409005426881301,2.2584063098544167,398,42,64
MRK,Healthcare,GRU,multiclass,15,5,3,0.5339995137411147,3.8259994643075124,398,42,64
MRK,Healthcare,GRU,multiclass,15,5,4,0.43325978083227146,4.44224670955113,398,42,64
MRK,Healthcare,GRU,multiclass,15,5,5,0.3747791852334037,4.154483250209263,398,42,64
MRK,Healthcare,GRU,multiclass,15,5,6,0.3297182984238294,4.475483031499953,398,42,64
MRK,Healthcare,GRU,multiclass,15,5,7,0.3169136937688943,3.6943100747608004,398,42,64
MRK,Healthcare,GRU,multiclass,15,5,8,0.29834499075334875,6.951892171587263,398,42,64
MRK,Healthcare,GRU,multiclass,15,5,9,0.3382845001304569,2.7076827685038247,398,42,64
MRK,Healthcare,GRU,multiclass,15,5,10,0.2688195870524675,3.759758631388346,398,42,64
MRK,Healthcare,GRU,multiclass,15,5,11,0.17305721874213098,4.34403707867577,398,42,64
MRK,Healthcare,GRU,multiclass,15,5,12,0.1335683920275626,4.673524992806571,398,42,64
MRK,Healthcare,GRU,multiclass,15,5,13,0.11764369886274913,4.882309482211158,398,42,64
MRK,Healthcare,GRU,multiclass,15,5,14,0.09511471073606506,5.233943439665294,398,42,64
MRK,Healthcare,GRU,multiclass,15,5,15,0.08356943833243907,5.440438860938663,398,42,64
MRK,Healthcare,GRU,multiclass,15,5,16,0.07932620396341511,6.10308887844994,398,42,64
MRK,Healthcare,GRU,multiclass,15,5,17,0.07501855292287304,6.0921419234502885,398,42,64
MRK,Healthcare,GRU,multiclass,15,5,18,0.06681378268117281,6.373350779215495,398,42,64
MRK,Healthcare,GRU,multiclass,15,5,19,0.06060715556968397,6.603308496021089,398,42,64
MRK,Healthcare,GRU,multiclass,15,5,20,0.0534907247328279,6.808772087097168,398,42,64
MRK,Healthcare,GRU,multiclass,15,5,21,0.05931115127987598,6.8409523736862905,398,42,64
MSFT,Technology,GRU,multiclass,15,5,1,0.7062927223929208,0.7603489955266317,398,42,64
MSFT,Technology,GRU,multiclass,15,5,2,0.5720388272299839,0.7074436318306696,398,42,64
MSFT,Technology,GRU,multiclass,15,5,3,0.4488983465798536,1.1522096395492554,398,42,64
MSFT,Technology,GRU,multiclass,15,5,4,0.3518099253201604,1.692572412036714,398,42,64
MSFT,Technology,GRU,multiclass,15,5,5,0.36194071203619993,1.334719527335394,398,42,64
MSFT,Technology,GRU,multiclass,15,5,6,0.29342641512952256,1.383018964812869,398,42,64
MSFT,Technology,GRU,multiclass,15,5,7,0.2649902577825527,1.6344257252556937,398,42,64
MSFT,Technology,GRU,multiclass,15,5,8,0.24786429107189178,1.9938956158501762,398,42,64
MSFT,Technology,GRU,multiclass,15,5,9,0.2151301735310099,2.3109728552046276,398,42,64
MSFT,Technology,GRU,multiclass,15,5,10,0.184492014011546,1.96297896476019,398,42,64
MSFT,Technology,GRU,multiclass,15,5,11,0.15599847641123,2.0768875110717047,398,42,64
MSFT,Technology,GRU,multiclass,15,5,12,0.09985318980249927,2.161522382781619,398,42,64
MSFT,Technology,GRU,multiclass,15,5,13,0.07770734763325159,2.275738034929548,398,42,64
MSFT,Technology,GRU,multiclass,15,5,14,0.07028382325816394,2.413662762868972,398,42,64
MSFT,Technology,GRU,multiclass,15,5,15,0.06116270322596008,2.4954073883238292,398,42,64
MSFT,Technology,GRU,multiclass,15,5,16,0.05580174089900812,2.645817444438026,398,42,64
MSFT,Technology,GRU,multiclass,15,5,17,0.05090248679283576,2.7004438979285106,398,42,64
MSFT,Technology,GRU,multiclass,15,5,18,0.0459511879288671,2.7283801521573747,398,42,64
MSFT,Technology,GRU,multiclass,15,5,19,0.049438634756297326,2.690898407073248,398,42,64
MSFT,Technology,GRU,multiclass,15,5,20,0.04301386897045015,2.748874618893578,398,42,64
MSFT,Technology,GRU,multiclass,15,5,21,0.034397171042747234,2.7894011111486527,398,42,64
MSFT,Technology,GRU,multiclass,15,5,22,0.03358071030646413,2.8327273527781167,398,42,64
NEE,Utilities,GRU,multiclass,15,5,1,0.711170139324725,1.0030479260853358,398,42,64
NEE,Utilities,GRU,multiclass,15,5,2,0.6415129935921137,1.3731693880898612,398,42,64
NEE,Utilities,GRU,multiclass,15,5,3,0.5543874214642012,1.8464052563621884,398,42,64
NEE,Utilities,GRU,multiclass,15,5,4,0.4857286801889314,1.708929567109971,398,42,64
NEE,Utilities,GRU,multiclass,15,5,5,0.455075533545796,1.9984538214547294,398,42,64
NEE,Utilities,GRU,multiclass,15,5,6,0.4487354840765047,1.9118208374295915,398,42,64
NEE,Utilities,GRU,multiclass,15,5,7,0.4426002509929427,2.347898767108009,398,42,64
NEE,Utilities,GRU,multiclass,15,5,8,0.3503056141599339,2.2458483434858776,398,42,64
NEE,Utilities,GRU,multiclass,15,5,9,0.3100813010230136,2.7010868163335893,398,42,64
NEE,Utilities,GRU,multiclass,15,5,10,0.28771092873721865,2.573332213220142,398,42,64
NEE,Utilities,GRU,multiclass,15,5,11,0.20282150715140243,2.9344053892862227,398,42,64
NEE,Utilities,GRU,multiclass,15,5,12,0.18007081357677976,3.2197188422793435,398,42,64
NEE,Utilities,GRU,multiclass,15,5,13,0.1736413620824191,3.3576621271315075,398,42,64
NEE,Utilities,GRU,multiclass,15,5,14,0.13806178087565169,3.681865158535185,398,42,64
NEE,Utilities,GRU,multiclass,15,5,15,0.13586836656433854,3.691025597708566,398,42,64
NEE,Utilities,GRU,multiclass,15,5,16,0.14213176019227686,3.679672297977266,398,42,64
NEE,Utilities,GRU,multiclass,15,5,17,0.12882378285554186,4.329165311086745,398,42,64
NEE,Utilities,GRU,multiclass,15,5,18,0.12134329405561764,4.275467645554316,398,42,64
NEE,Utilities,GRU,multiclass,15,5,19,0.0991378096330106,4.204632532028925,398,42,64
NEE,Utilities,GRU,multiclass,15,5,20,0.08532177694329066,4.332388798395793,398,42,64
NEE,Utilities,GRU,multiclass,15,5,21,0.08656587777425297,4.4427542459397085,398,42,64
NGG,Utilities,GRU,multiclass,15,5,1,0.7155956029891968,0.9056576518785386,398,42,64
NGG,Utilities,GRU,multiclass,15,5,2,0.5867671887179715,1.0982466709046137,398,42,64
NGG,Utilities,GRU,multiclass,15,5,3,0.4842649506564116,1.5193244786489577,398,42,64
NGG,Utilities,GRU,multiclass,15,5,4,0.42303497872160906,1.3980501946948825,398,42,64
NGG,Utilities,GRU,multiclass,15,5,5,0.402249094679128,1.9585787455240886,398,42,64
NGG,Utilities,GRU,multiclass,15,5,6,0.36806318830305607,2.250954786936442,398,42,64
NGG,Utilities,GRU,multiclass,15,5,7,0.3245068455311521,2.1418383916219077,398,42,64
NGG,Utilities,GRU,multiclass,15,5,8,0.29884680345579606,2.6415159815833684,398,42,64
NGG,Utilities,GRU,multiclass,15,5,9,0.3094470819561326,3.433894293648856,398,42,64
NGG,Utilities,GRU,multiclass,15,5,10,0.2755211900601435,3.0783544722057523,398,42,64
NGG,Utilities,GRU,multiclass,15,5,11,0.1829012030333131,3.2952783221290227,398,42,64
NGG,Utilities,GRU,multiclass,15,5,12,0.14895460767736987,3.6919212568373907,398,42,64
NGG,Utilities,GRU,multiclass,15,5,13,0.13485025401091455,4.137863931201753,398,42,64
NGG,Utilities,GRU,multiclass,15,5,14,0.127945497744347,3.9985726447332475,398,42,64
NGG,Utilities,GRU,multiclass,15,5,15,0.11328034501653819,4.4204715092976885,398,42,64
NGG,Utilities,GRU,multiclass,15,5,16,0.10672638018676384,4.404580297924223,398,42,64
NGG,Utilities,GRU,multiclass,15,5,17,0.09785078009169305,4.88972164335705,398,42,64
NGG,Utilities,GRU,multiclass,15,5,18,0.09353725614035549,5.095548629760742,398,42,64
NGG,Utilities,GRU,multiclass,15,5,19,0.07919295265072554,5.166605404445103,398,42,64
NGG,Utilities,GRU,multiclass,15,5,20,0.07423758445934735,5.251718657357352,398,42,64
NGG,Utilities,GRU,multiclass,15,5,21,0.06530252777639046,5.222448303585961,398,42,64
NVS,Healthcare,GRU,multiclass,15,5,1,0.7183752700911096,1.135885545185634,398,42,64
NVS,Healthcare,GRU,multiclass,15,5,2,0.6228293737574438,1.6113616171337308,398,42,64
NVS,Healthcare,GRU,multiclass,15,5,3,0.5393003330158828,1.0318442356018793,398,42,64
NVS,Healthcare,GRU,multiclass,15,5,4,0.46481141537877185,1.7337030910310292,398,42,64
NVS,Healthcare,GRU,multiclass,15,5,5,0.4360046340293022,1.3083103213991438,398,42,64
NVS,Healthcare,GRU,multiclass,15,5,6,0.4058699624322767,2.923166275024414,398,42,64
NVS,Healthcare,GRU,multiclass,15,5,7,0.3776541505027656,2.892317544846308,398,42,64
NVS,Healthcare,GRU,multiclass,15,5,8,0.33164634581786306,2.5406429199945357,398,42,64
NVS,Healthcare,GRU,multiclass,15,5,9,0.3272917380734305,3.260595367068336,398,42,64
NVS,Healthcare,GRU,multiclass,15,5,10,0.32938383474721383,2.3043585391271684,398,42,64
NVS,Healthcare,GRU,multiclass,15,5,11,0.28483984638099097,3.543279284522647,398,42,64
NVS,Healthcare,GRU,multiclass,15,5,12,0.2308203788408682,3.572473094576881,398,42,64
NVS,Healthcare,GRU,multiclass,15,5,13,0.16512623399346318,3.5693986075265065,398,42,64
NVS,Healthcare,GRU,multiclass,15,5,14,0.13270127177987268,3.604118210928781,398,42,64
NVS,Healthcare,GRU,multiclass,15,5,15,0.122000676790374,3.408279532477969,398,42,64
NVS,Healthcare,GRU,multiclass,15,5,16,0.10584754968558124,4.044959499722435,398,42,64
NVS,Healthcare,GRU,multiclass,15,5,17,0.09113688100522487,3.5960190409705755,398,42,64
NVS,Healthcare,GRU,multiclass,15,5,18,0.09423427905269603,4.1349740255446665,398,42,64
NVS,Healthcare,GRU,multiclass,15,5,19,0.10073774268654123,3.69081905909947,398,42,64
NVS,Healthcare,GRU,multiclass,15,5,20,0.07857505458608345,4.0086359069460915,398,42,64
NVS,Healthcare,GRU,multiclass,15,5,21,0.06636087912785348,4.0733504976545065,398,42,64
NVS,Healthcare,GRU,multiclass,15,5,22,0.06406482522511601,4.188906170073009,398,42,64
NVS,Healthcare,GRU,multiclass,15,5,23,0.05983759124000468,4.361120382944743,398,42,64
ORCL,Technology,GRU,multiclass,15,5,1,0.7463247341726293,1.403540089016869,398,42,64
ORCL,Technology,GRU,multiclass,15,5,2,0.6020183727968877,2.092933734258016,398,42,64
ORCL,Technology,GRU,multiclass,15,5,3,0.503562259913689,1.4894893623533703,398,42,64
ORCL,Technology,GRU,multiclass,15,5,4,0.4189853113350557,3.743689287276495,398,42,64
ORCL,Technology,GRU,multiclass,15,5,5,0.3452040201904786,2.651754413332258,398,42,64
ORCL,Technology,GRU,multiclass,15,5,6,0.35729478793827135,3.993436881474086,398,42,64
ORCL,Technology,GRU,multiclass,15,5,7,0.32451684450983403,2.4347742966243198,398,42,64
ORCL,Technology,GRU,multiclass,15,5,8,0.33835176404696615,4.747799441927955,398,42,64
ORCL,Technology,GRU,multiclass,15,5,9,0.2597537070662532,2.789957659585135,398,42,64
ORCL,Technology,GRU,multiclass,15,5,10,0.20229691899751298,2.7441992192041305,398,42,64
ORCL,Technology,GRU,multiclass,15,5,11,0.14576068924899077,2.603791520709083,398,42,64
ORCL,Technology,GRU,multiclass,15,5,12,0.12395598230200197,3.301828043801444,398,42,64
ORCL,Technology,GRU,multiclass,15,5,13,0.10843278570615467,3.3846080416724798,398,42,64
ORCL,Technology,GRU,multiclass,15,5,14,0.09928219905825117,3.8320377667744956,398,42,64
ORCL,Technology,GRU,multiclass,15,5,15,0.08959687197927255,3.4662620226542153,398,42,64
ORCL,Technology,GRU,multiclass,15,5,16,0.08499309117320794,3.780825206211635,398,42,64
ORCL,Technology,GRU,multiclass,15,5,17,0.07670579751457401,4.03919285819644,398,42,64
ORCL,Technology,GRU,multiclass,15,5,18,0.07029132052656993,4.209297974904378,398,42,64
ORCL,Technology,GRU,multiclass,15,5,19,0.06217115853524687,4.205089387439546,398,42,64
ORCL,Technology,GRU,multiclass,15,5,20,0.05596556078324366,4.348932879311698,398,42,64
ORCL,Technology,GRU,multiclass,15,5,21,0.05686451522773834,4.469812938145229,398,42,64
PCG,Utilities,GRU,multiclass,15,5,1,0.6983237005957407,0.7895838306063697,398,42,64
PCG,Utilities,GRU,multiclass,15,5,2,0.601282780793444,1.264429123628707,398,42,64
PCG,Utilities,GRU,multiclass,15,5,3,0.5176963304454957,1.742755217211587,398,42,64
PCG,Utilities,GRU,multiclass,15,5,4,0.41893877560768894,2.114008750234331,398,42,64
PCG,Utilities,GRU,multiclass,15,5,5,0.37148476275966397,2.4848128982952664,398,42,64
PCG,Utilities,GRU,multiclass,15,5,6,0.3652536815135323,3.281192279997326,398,42,64
PCG,Utilities,GRU,multiclass,15,5,7,0.34549334166037976,3.4332122689201716,398,42,64
PCG,Utilities,GRU,multiclass,15,5,8,0.40567301805294936,2.5502990172022866,398,42,64
PCG,Utilities,GRU,multiclass,15,5,9,0.37778416845067664,3.1813576562064037,398,42,64
PCG,Utilities,GRU,multiclass,15,5,10,0.2676995955969221,2.828105858394078,398,42,64
PCG,Utilities,GRU,multiclass,15,5,11,0.1842741606822565,3.18585771606082,398,42,64
PCG,Utilities,GRU,multiclass,15,5,12,0.16071158527728902,3.6635587442488897,398,42,64
PCG,Utilities,GRU,multiclass,15,5,13,0.14570703248881814,3.8108218056815013,398,42,64
PCG,Utilities,GRU,multiclass,15,5,14,0.1260098521433883,4.056776943660918,398,42,64
PCG,Utilities,GRU,multiclass,15,5,15,0.11331406864688624,4.46821269534883,398,42,64
PCG,Utilities,GRU,multiclass,15,5,16,0.10055778111944247,4.394186508087885,398,42,64
PCG,Utilities,GRU,multiclass,15,5,17,0.09734993933433264,5.0728103546869185,398,42,64
PCG,Utilities,GRU,multiclass,15,5,18,0.08238409691719553,4.7584236122313,398,42,64
PCG,Utilities,GRU,multiclass,15,5,19,0.07480319286111611,4.923174846739996,398,42,64
PCG,Utilities,GRU,multiclass,15,5,20,0.07065564030828188,5.042783635003226,398,42,64
PCG,Utilities,GRU,multiclass,15,5,21,0.06700981902566987,5.164612202417283,398,42,64
PCLN,Services,GRU,multiclass,15,5,1,0.8128379131082314,0.9173547937756493,398,42,64
PCLN,Services,GRU,multiclass,15,5,2,0.705932112195384,1.20468255735579,398,42,64
PCLN,Services,GRU,multiclass,15,5,3,0.5955193599863867,1.5663274640128726,398,42,64
PCLN,Services,GRU,multiclass,15,5,4,0.46502821978612163,2.0511938957940963,398,42,64
PCLN,Services,GRU,multiclass,15,5,5,0.44112735342739817,4.355536449523199,398,42,64
PCLN,Services,GRU,multiclass,15,5,6,0.4912534125486211,2.319815062341236,398,42,64
PCLN,Services,GRU,multiclass,15,5,7,0.3854549248613904,2.6993912231354487,398,42,64
PCLN,Services,GRU,multiclass,15,5,8,0.2899666071387392,4.375539155233474,398,42,64
PCLN,Services,GRU,multiclass,15,5,9,0.26575882815236423,4.426700399035499,398,42,64
PCLN,Services,GRU,multiclass,15,5,10,0.20894302304216367,3.0537493172146024,398,42,64
PCLN,Services,GRU,multiclass,15,5,11,0.14924305377893113,3.6260853097552346,398,42,64
PCLN,Services,GRU,multiclass,15,5,12,0.110787252516453,4.281618311291649,398,42,64
PCLN,Services,GRU,multiclass,15,5,13,0.09990454890096008,4.260899555115473,398,42,64
PCLN,Services,GRU,multiclass,15,5,14,0.09993512303236142,4.466700866108849,398,42,64
PCLN,Services,GRU,multiclass,15,5,15,0.09034208685683845,4.843136503582909,398,42,64
PCLN,Services,GRU,multiclass,15,5,16,0.0755625089078243,4.793925921122233,398,42,64
PCLN,Services,GRU,multiclass,15,5,17,0.06650093145406426,5.254908822831654,398,42,64
PCLN,Services,GRU,multiclass,15,5,18,0.0639429037183074,5.442131121953328,398,42,64
PCLN,Services,GRU,multiclass,15,5,19,0.0522511472654103,5.699415263675508,398,42,64
PCLN,Services,GRU,multiclass,15,5,20,0.05348218077016835,5.75200495265779,398,42,64
PCLN,Services,GRU,multiclass,15,5,21,0.053079576507660015,5.788841463270641,398,42,64
PEP,Consumer Goods,GRU,multiclass,15,5,1,0.6806974953143441,1.1605238772573925,398,42,64
PEP,Consumer Goods,GRU,multiclass,15,5,2,0.5765948866180439,1.5651753119059972,398,42,64
PEP,Consumer Goods,GRU,multiclass,15,5,3,0.47713767119388484,1.8324574005036127,398,42,64
PEP,Consumer Goods,GRU,multiclass,15,5,4,0.4214006457197007,2.2965699491046725,398,42,64
PEP,Consumer Goods,GRU,multiclass,15,5,5,0.3808660770780477,2.0571868873777843,398,42,64
PEP,Consumer Goods,GRU,multiclass,15,5,6,0.478197163148741,2.1149682998657227,398,42,64
PEP,Consumer Goods,GRU,multiclass,15,5,7,0.38567595505834223,2.354154518672398,398,42,64
PEP,Consumer Goods,GRU,multiclass,15,5,8,0.30713535321118246,3.4348181315830777,398,42,64
PEP,Consumer Goods,GRU,multiclass,15,5,9,0.2949853059484731,2.505572591509138,398,42,64
PEP,Consumer Goods,GRU,multiclass,15,5,10,0.227113307832773,3.076188291822161,398,42,64
PEP,Consumer Goods,GRU,multiclass,15,5,11,0.15808348638478237,3.575827780224028,398,42,64
PEP,Consumer Goods,GRU,multiclass,15,5,12,0.13312009680810286,4.040836266108921,398,42,64
PEP,Consumer Goods,GRU,multiclass,15,5,13,0.11549742063086237,4.5149909655253095,398,42,64
PEP,Consumer Goods,GRU,multiclass,15,5,14,0.10093561870668402,4.751685528528123,398,42,64
PEP,Consumer Goods,GRU,multiclass,15,5,15,0.09254621869729991,5.294844672793434,398,42,64
PEP,Consumer Goods,GRU,multiclass,15,5,16,0.0919131563236965,5.3061001641409735,398,42,64
PEP,Consumer Goods,GRU,multiclass,15,5,17,0.08337636584013551,5.73963873726981,398,42,64
PEP,Consumer Goods,GRU,multiclass,15,5,18,0.07795622602254901,5.808892795017788,398,42,64
PEP,Consumer Goods,GRU,multiclass,15,5,19,0.05915329582876896,5.9708906809488935,398,42,64
PEP,Consumer Goods,GRU,multiclass,15,5,20,0.056733456463670014,6.013424964178176,398,42,64
PEP,Consumer Goods,GRU,multiclass,15,5,21,0.05149115155914321,6.167390369233631,398,42,64
PFE,Healthcare,GRU,multiclass,15,5,1,0.7147626882821472,0.640422835236504,398,42,64
PFE,Healthcare,GRU,multiclass,15,5,2,0.5783093941571126,0.8712877943402245,398,42,64
PFE,Healthcare,GRU,multiclass,15,5,3,0.47296259481104175,1.6281599657876151,398,42,64
PFE,Healthcare,GRU,multiclass,15,5,4,0.41363399487044944,1.9545852683839344,398,42,64
PFE,Healthcare,GRU,multiclass,15,5,5,0.4067186385243382,2.2198755627586726,398,42,64
PFE,Healthcare,GRU,multiclass,15,5,6,0.346434262379929,2.9796511786324635,398,42,64
PFE,Healthcare,GRU,multiclass,15,5,7,0.34323795521678635,2.319505805060977,398,42,64
PFE,Healthcare,GRU,multiclass,15,5,8,0.30110542438737115,2.1623399144127253,398,42,64
PFE,Healthcare,GRU,multiclass,15,5,9,0.2899723056722526,2.838926315307617,398,42,64
PFE,Healthcare,GRU,multiclass,15,5,10,0.21954145525867616,3.3564912251063754,398,42,64
PFE,Healthcare,GRU,multiclass,15,5,11,0.15377631907037753,3.5263290405273438,398,42,64
PFE,Healthcare,GRU,multiclass,15,5,12,0.1290096310739541,4.0639675458272295,398,42,64
PFE,Healthcare,GRU,multiclass,15,5,13,0.11195698683735114,4.150915986015683,398,42,64
PFE,Healthcare,GRU,multiclass,15,5,14,0.09834565669672574,4.349210398537772,398,42,64
PFE,Healthcare,GRU,multiclass,15,5,15,0.09270810828211919,4.659463155837286,398,42,64
PFE,Healthcare,GRU,multiclass,15,5,16,0.0966231477395374,4.540088789803641,398,42,64
PFE,Healthcare,GRU,multiclass,15,5,17,0.09885037576208762,4.930970895858038,398,42,64
PFE,Healthcare,GRU,multiclass,15,5,18,0.0735920903708168,4.795574029286702,398,42,64
PFE,Healthcare,GRU,multiclass,15,5,19,0.05951258047816142,4.794636749085926,398,42,64
PFE,Healthcare,GRU,multiclass,15,5,20,0.060557338647806463,4.866903055281866,398,42,64
PFE,Healthcare,GRU,multiclass,15,5,21,0.05673731850394652,5.006907735552106,398,42,64
PG,Consumer Goods,GRU,multiclass,15,5,1,0.8127398793421798,1.2796510259310405,398,42,64
PG,Consumer Goods,GRU,multiclass,15,5,2,0.6967834800332036,1.8689072046961104,398,42,64
PG,Consumer Goods,GRU,multiclass,15,5,3,0.582524712361283,2.7116968234380088,398,42,64
PG,Consumer Goods,GRU,multiclass,15,5,4,0.4821832054224446,2.850511985165732,398,42,64
PG,Consumer Goods,GRU,multiclass,15,5,5,0.405422918461076,3.3643691057250615,398,42,64
PG,Consumer Goods,GRU,multiclass,15,5,6,0.4661114644165614,3.464147210121155,398,42,64
PG,Consumer Goods,GRU,multiclass,15,5,7,0.48025438024770073,3.339644681839716,398,42,64
PG,Consumer Goods,GRU,multiclass,15,5,8,0.3696321189104013,3.9799063120569502,398,42,64
PG,Consumer Goods,GRU,multiclass,15,5,9,0.3308251239546579,3.6885468590827215,398,42,64
PG,Consumer Goods,GRU,multiclass,15,5,10,0.2927176878979458,4.0667320518266585,398,42,64
PG,Consumer Goods,GRU,multiclass,15,5,11,0.1800985550461103,4.143194070884159,398,42,64
PG,Consumer Goods,GRU,multiclass,15,5,12,0.14269990897058843,4.237555120672498,398,42,64
PG,Consumer Goods,GRU,multiclass,15,5,13,0.12307875921678303,4.474209995496841,398,42,64
PG,Consumer Goods,GRU,multiclass,15,5,14,0.10595991039395931,5.0027362278529575,398,42,64
PG,Consumer Goods,GRU,multiclass,15,5,15,0.09617735138490571,4.9242890902927945,398,42,64
PG,Consumer Goods,GRU,multiclass,15,5,16,0.0855229683407587,5.007203334853763,398,42,64
PG,Consumer Goods,GRU,multiclass,15,5,17,0.07729638334195219,5.3916512216840475,398,42,64
PG,Consumer Goods,GRU,multiclass,15,5,18,0.07245251828402131,5.719720792202723,398,42,64
PG,Consumer Goods,GRU,multiclass,15,5,19,0.0623681701757201,5.843274116516113,398,42,64
PG,Consumer Goods,GRU,multiclass,15,5,20,0.05701136192185196,5.874691719100589,398,42,64
PG,Consumer Goods,GRU,multiclass,15,5,21,0.05807197367276379,5.9116286635398865,398,42,64
PICO,Conglomerates,GRU,multiclass,15,5,1,0.9332183872036,1.1402284588132585,398,42,64
PICO,Conglomerates,GRU,multiclass,15,5,2,0.8024965548635128,1.6565562316349574,398,42,64
PICO,Conglomerates,GRU,multiclass,15,5,3,0.6982714291193977,2.7146188531603133,398,42,64
PICO,Conglomerates,GRU,multiclass,15,5,4,0.6047555345985758,2.1762037844884965,398,42,64
PICO,Conglomerates,GRU,multiclass,15,5,5,0.5423355921728528,2.9228768462226506,398,42,64
PICO,Conglomerates,GRU,multiclass,15,5,6,0.5580196173945863,3.5202388990493048,398,42,64
PICO,Conglomerates,GRU,multiclass,15,5,7,0.5647221881540576,3.0360373088291714,398,42,64
PICO,Conglomerates,GRU,multiclass,15,5,8,0.508263986164601,2.668021769750686,398,42,64
PICO,Conglomerates,GRU,multiclass,15,5,9,0.5121081848839419,2.54940212340582,398,42,64
PICO,Conglomerates,GRU,multiclass,15,5,10,0.5070973062635067,3.1226697649274553,398,42,64
PICO,Conglomerates,GRU,multiclass,15,5,11,0.3248541099042749,3.0677035649617515,398,42,64
PICO,Conglomerates,GRU,multiclass,15,5,12,0.2657683819682155,3.331198283604213,398,42,64
PICO,Conglomerates,GRU,multiclass,15,5,13,0.24272148356066278,3.4604661010560536,398,42,64
PICO,Conglomerates,GRU,multiclass,15,5,14,0.22967703632972947,3.4260603813897994,398,42,64
PICO,Conglomerates,GRU,multiclass,15,5,15,0.2104091618827839,3.1506337892441523,398,42,64
PICO,Conglomerates,GRU,multiclass,15,5,16,0.19776128614368152,3.2974570024581182,398,42,64
PICO,Conglomerates,GRU,multiclass,15,5,17,0.18769822595407015,4.1159239042372935,398,42,64
PICO,Conglomerates,GRU,multiclass,15,5,18,0.16704970291211976,3.8890520618075417,398,42,64
PICO,Conglomerates,GRU,multiclass,15,5,19,0.1393626394433592,4.068865719295683,398,42,64
PICO,Conglomerates,GRU,multiclass,15,5,20,0.13085718303170035,4.142681507837205,398,42,64
PICO,Conglomerates,GRU,multiclass,15,5,21,0.12760020163490546,4.229906331925165,398,42,64
PM,Consumer Goods,GRU,multiclass,15,5,1,0.7671392089757488,0.8411826235907418,398,42,64
PM,Consumer Goods,GRU,multiclass,15,5,2,0.6424879136696533,0.9427644582021804,398,42,64
PM,Consumer Goods,GRU,multiclass,15,5,3,0.5463846412735369,1.253819363457816,398,42,64
PM,Consumer Goods,GRU,multiclass,15,5,4,0.4613616288307324,1.3166792279198056,398,42,64
PM,Consumer Goods,GRU,multiclass,15,5,5,0.4147085134108462,1.326349451428368,398,42,64
PM,Consumer Goods,GRU,multiclass,15,5,6,0.46001176798163945,1.145151694615682,398,42,64
PM,Consumer Goods,GRU,multiclass,15,5,7,0.3814412598034844,1.0658447118032546,398,42,64
PM,Consumer Goods,GRU,multiclass,15,5,8,0.32698841595170486,1.3109436829884846,398,42,64
PM,Consumer Goods,GRU,multiclass,15,5,9,0.30388014235688215,1.197295762243725,398,42,64
PM,Consumer Goods,GRU,multiclass,15,5,10,0.31234503391400054,1.5048096861158098,398,42,64
PM,Consumer Goods,GRU,multiclass,15,5,11,0.20152206569161246,1.6199438117799305,398,42,64
PM,Consumer Goods,GRU,multiclass,15,5,12,0.1585988368670545,1.6115975379943848,398,42,64
PM,Consumer Goods,GRU,multiclass,15,5,13,0.13902894194102167,1.7937284197126115,398,42,64
PM,Consumer Goods,GRU,multiclass,15,5,14,0.12176562538698091,1.8598734310695104,398,42,64
PM,Consumer Goods,GRU,multiclass,15,5,15,0.11151439438213655,1.9562341145106725,398,42,64
PM,Consumer Goods,GRU,multiclass,15,5,16,0.1099876682063443,2.17713957741147,398,42,64
PM,Consumer Goods,GRU,multiclass,15,5,17,0.11770173982160176,2.02885407493228,398,42,64
PM,Consumer Goods,GRU,multiclass,15,5,18,0.09644110343564095,2.197184267498198,398,42,64
PM,Consumer Goods,GRU,multiclass,15,5,19,0.08091496552654247,2.2724303063892184,398,42,64
PM,Consumer Goods,GRU,multiclass,15,5,20,0.08089954611943595,2.2690212840125676,398,42,64
PM,Consumer Goods,GRU,multiclass,15,5,21,0.07533860865549825,2.3260504404703775,398,42,64
PPL,Utilities,GRU,multiclass,15,5,1,0.7343026366665135,0.9775648627962384,398,42,64
PPL,Utilities,GRU,multiclass,15,5,2,0.6306906899615149,1.2659596119608199,398,42,64
PPL,Utilities,GRU,multiclass,15,5,3,0.5307242064619783,1.6135342944236029,398,42,64
PPL,Utilities,GRU,multiclass,15,5,4,0.47323031087017536,1.712640413216182,398,42,64
PPL,Utilities,GRU,multiclass,15,5,5,0.42192308522349026,1.2100429279463631,398,42,64
PPL,Utilities,GRU,multiclass,15,5,6,0.45672581827820247,1.7804130769911266,398,42,64
PPL,Utilities,GRU,multiclass,15,5,7,0.4006710055485443,1.136538374991644,398,42,64
PPL,Utilities,GRU,multiclass,15,5,8,0.32483833129681533,0.8423887633142018,398,42,64
PPL,Utilities,GRU,multiclass,15,5,9,0.32351024164326825,2.5477178550901867,398,42,64
PPL,Utilities,GRU,multiclass,15,5,10,0.3163585045828891,2.7322713761102584,398,42,64
PPL,Utilities,GRU,multiclass,15,5,11,0.2907156908332403,2.4194837922141668,398,42,64
PPL,Utilities,GRU,multiclass,15,5,12,0.26342496399454135,2.732010387239002,398,42,64
PPL,Utilities,GRU,multiclass,15,5,13,0.22992033874569226,2.4417141392117454,398,42,64
PPL,Utilities,GRU,multiclass,15,5,14,0.20722938572342073,2.6483148960840133,398,42,64
PPL,Utilities,GRU,multiclass,15,5,15,0.1628935301124151,2.8529807953607467,398,42,64
PPL,Utilities,GRU,multiclass,15,5,16,0.14675675325058213,2.3634726887657527,398,42,64
PPL,Utilities,GRU,multiclass,15,5,17,0.12423660156864617,2.8867204302833196,398,42,64
PPL,Utilities,GRU,multiclass,15,5,18,0.09458677178651244,2.9843174048832486,398,42,64
PPL,Utilities,GRU,multiclass,15,5,19,0.07646297654090216,2.9454333895728704,398,42,64
PPL,Utilities,GRU,multiclass,15,5,20,0.06826405169152135,3.076129447846186,398,42,64
PPL,Utilities,GRU,multiclass,15,5,21,0.05958058685064316,3.091471399579729,398,42,64
PPL,Utilities,GRU,multiclass,15,5,22,0.05910937467487014,3.1827316738310314,398,42,64
PPL,Utilities,GRU,multiclass,15,5,23,0.05554642936392645,3.293061892191569,398,42,64
PPL,Utilities,GRU,multiclass,15,5,24,0.05137672973562725,3.296222198577154,398,42,64
PPL,Utilities,GRU,multiclass,15,5,25,0.046276314455510385,3.3994365760258267,398,42,64
PPL,Utilities,GRU,multiclass,15,5,26,0.04164210241755948,3.509905633472261,398,42,64
PPL,Utilities,GRU,multiclass,15,5,27,0.03856117094880972,3.518600895291283,398,42,64
PPL,Utilities,GRU,multiclass,15,5,28,0.03607784601012666,3.527524300983974,398,42,64
PTR,Basic Matierials,GRU,multiclass,15,5,1,0.8257551256136678,1.5913635889689128,398,42,64
PTR,Basic Matierials,GRU,multiclass,15,5,2,0.7262478659500429,2.3974505946749733,398,42,64
PTR,Basic Matierials,GRU,multiclass,15,5,3,0.6280746379090314,3.137099402291434,398,42,64
PTR,Basic Matierials,GRU,multiclass,15,5,4,0.5909123241002835,4.262239013399396,398,42,64
PTR,Basic Matierials,GRU,multiclass,15,5,5,0.5272655543969504,2.5267478624979653,398,42,64
PTR,Basic Matierials,GRU,multiclass,15,5,6,0.5144031014873753,3.5760764394487654,398,42,64
PTR,Basic Matierials,GRU,multiclass,15,5,7,0.4697402231956846,3.2242314361390614,398,42,64
PTR,Basic Matierials,GRU,multiclass,15,5,8,0.4496592832869621,4.637824331011091,398,42,64
PTR,Basic Matierials,GRU,multiclass,15,5,9,0.396051798783355,2.6410180159977505,398,42,64
PTR,Basic Matierials,GRU,multiclass,15,5,10,0.3436916631520094,2.534792048590524,398,42,64
PTR,Basic Matierials,GRU,multiclass,15,5,11,0.23997985021253326,2.9999382268814814,398,42,64
PTR,Basic Matierials,GRU,multiclass,15,5,12,0.20094641818473089,3.698973689760481,398,42,64
PTR,Basic Matierials,GRU,multiclass,15,5,13,0.17501319270936688,3.058007308415004,398,42,64
PTR,Basic Matierials,GRU,multiclass,15,5,14,0.1603114261998603,4.236407847631545,398,42,64
PTR,Basic Matierials,GRU,multiclass,15,5,15,0.15092970760323893,3.302409705661592,398,42,64
PTR,Basic Matierials,GRU,multiclass,15,5,16,0.14177470777801532,4.538702487945557,398,42,64
PTR,Basic Matierials,GRU,multiclass,15,5,17,0.12811755901904562,3.957602069491432,398,42,64
PTR,Basic Matierials,GRU,multiclass,15,5,18,0.11984729085435819,4.746435415177118,398,42,64
PTR,Basic Matierials,GRU,multiclass,15,5,19,0.09634817354193884,4.432138488406227,398,42,64
PTR,Basic Matierials,GRU,multiclass,15,5,20,0.09596948389282178,4.548661141168504,398,42,64
PTR,Basic Matierials,GRU,multiclass,15,5,21,0.0896638123009672,4.492027237301781,398,42,64
RDS-B,Basic Matierials,GRU,multiclass,15,5,1,0.8392295244351105,1.0945227117765517,398,42,64
RDS-B,Basic Matierials,GRU,multiclass,15,5,2,0.7807843457514317,2.239785603114537,398,42,64
RDS-B,Basic Matierials,GRU,multiclass,15,5,3,0.6714369978137951,3.11681037857419,398,42,64
RDS-B,Basic Matierials,GRU,multiclass,15,5,4,0.6103118879711209,5.522652035667782,398,42,64
RDS-B,Basic Matierials,GRU,multiclass,15,5,5,0.5667097613440087,3.488150199254354,398,42,64
RDS-B,Basic Matierials,GRU,multiclass,15,5,6,0.5424266436591221,2.735158398037865,398,42,64
RDS-B,Basic Matierials,GRU,multiclass,15,5,7,0.5133030492456714,5.116088208698091,398,42,64
RDS-B,Basic Matierials,GRU,multiclass,15,5,8,0.5660952654615719,4.949306033906483,398,42,64
RDS-B,Basic Matierials,GRU,multiclass,15,5,9,0.4604837165106481,3.5115947155725387,398,42,64
RDS-B,Basic Matierials,GRU,multiclass,15,5,10,0.4257273324320664,5.233605475652785,398,42,64
RDS-B,Basic Matierials,GRU,multiclass,15,5,11,0.3043184945331746,4.841412544250488,398,42,64
RDS-B,Basic Matierials,GRU,multiclass,15,5,12,0.24742037454741683,5.509197394053142,398,42,64
RDS-B,Basic Matierials,GRU,multiclass,15,5,13,0.2164544315269245,6.644895803360712,398,42,64
RDS-B,Basic Matierials,GRU,multiclass,15,5,14,0.1975624097426932,6.660265059698196,398,42,64
RDS-B,Basic Matierials,GRU,multiclass,15,5,15,0.20119209381653436,7.500237464904785,398,42,64
RDS-B,Basic Matierials,GRU,multiclass,15,5,16,0.20591493168068892,7.911042917342413,398,42,64
RDS-B,Basic Matierials,GRU,multiclass,15,5,17,0.19976411012923298,6.767247404370989,398,42,64
RDS-B,Basic Matierials,GRU,multiclass,15,5,18,0.16387481336018547,7.279364154452369,398,42,64
RDS-B,Basic Matierials,GRU,multiclass,15,5,19,0.13149269994104926,7.6391569546290805,398,42,64
RDS-B,Basic Matierials,GRU,multiclass,15,5,20,0.12367335862325664,7.739609695616222,398,42,64
RDS-B,Basic Matierials,GRU,multiclass,15,5,21,0.12045926686806895,8.058959938230968,398,42,64
REX,Conglomerates,GRU,multiclass,15,5,1,0.7484126708016323,0.9275331979706174,398,42,64
REX,Conglomerates,GRU,multiclass,15,5,2,0.6502167711305857,1.2084984268460954,398,42,64
REX,Conglomerates,GRU,multiclass,15,5,3,0.5961634531692045,1.544886793409075,398,42,64
REX,Conglomerates,GRU,multiclass,15,5,4,0.5237753331361703,2.194533654621669,398,42,64
REX,Conglomerates,GRU,multiclass,15,5,5,0.4816654950530086,1.4633689437593733,398,42,64
REX,Conglomerates,GRU,multiclass,15,5,6,0.4748732657288786,3.3889208180563792,398,42,64
REX,Conglomerates,GRU,multiclass,15,5,7,0.4800939943323183,2.1014068240211126,398,42,64
REX,Conglomerates,GRU,multiclass,15,5,8,0.4511137811382811,3.002605529058547,398,42,64
REX,Conglomerates,GRU,multiclass,15,5,9,0.4086699810758907,2.2719266414642334,398,42,64
REX,Conglomerates,GRU,multiclass,15,5,10,0.3315952003900729,2.068466538474673,398,42,64
REX,Conglomerates,GRU,multiclass,15,5,11,0.2671072743645865,1.980995393934704,398,42,64
REX,Conglomerates,GRU,multiclass,15,5,12,0.23410868824426853,2.3751887593950545,398,42,64
REX,Conglomerates,GRU,multiclass,15,5,13,0.2089055986260649,2.312059936069307,398,42,64
REX,Conglomerates,GRU,multiclass,15,5,14,0.18525276868487123,2.764032034646897,398,42,64
REX,Conglomerates,GRU,multiclass,15,5,15,0.1670766801540576,2.5530162198202953,398,42,64
REX,Conglomerates,GRU,multiclass,15,5,16,0.16489447353772782,3.1369152182624456,398,42,64
REX,Conglomerates,GRU,multiclass,15,5,17,0.16121790943732814,2.057429075241089,398,42,64
REX,Conglomerates,GRU,multiclass,15,5,18,0.1501684674815317,2.3136663891020275,398,42,64
REX,Conglomerates,GRU,multiclass,15,5,19,0.11900455242575113,2.6095074131375267,398,42,64
REX,Conglomerates,GRU,multiclass,15,5,20,0.11330087613969592,2.608618520555042,398,42,64
REX,Conglomerates,GRU,multiclass,15,5,21,0.10853988868207788,2.6661342552730014,398,42,64
SLB,Basic Matierials,GRU,multiclass,15,5,1,0.8273312760956922,0.9621848435628981,398,42,64
SLB,Basic Matierials,GRU,multiclass,15,5,2,0.7374983028550843,1.0753079425720942,398,42,64
SLB,Basic Matierials,GRU,multiclass,15,5,3,0.619580027146555,1.5259570223944527,398,42,64
SLB,Basic Matierials,GRU,multiclass,15,5,4,0.5460023915947382,1.3350835527692522,398,42,64
SLB,Basic Matierials,GRU,multiclass,15,5,5,0.5231883322174226,1.0660467829023088,398,42,64
SLB,Basic Matierials,GRU,multiclass,15,5,6,0.4882396646779985,1.3979863552820115,398,42,64
SLB,Basic Matierials,GRU,multiclass,15,5,7,0.4430446063154307,1.057674561228071,398,42,64
SLB,Basic Matierials,GRU,multiclass,15,5,8,0.39362542308754656,1.443392935253325,398,42,64
SLB,Basic Matierials,GRU,multiclass,15,5,9,0.3360900814509272,1.181279874983288,398,42,64
SLB,Basic Matierials,GRU,multiclass,15,5,10,0.2871040968439687,1.1530140751884097,398,42,64
SLB,Basic Matierials,GRU,multiclass,15,5,11,0.19868084863202656,1.436863592692784,398,42,64
SLB,Basic Matierials,GRU,multiclass,15,5,12,0.1717348569751385,1.736885422752017,398,42,64
SLB,Basic Matierials,GRU,multiclass,15,5,13,0.13696084617070817,1.7544104144686745,398,42,64
SLB,Basic Matierials,GRU,multiclass,15,5,14,0.12434711415863517,1.8609401498522078,398,42,64
SLB,Basic Matierials,GRU,multiclass,15,5,15,0.11403633272228529,1.9194084122067405,398,42,64
SLB,Basic Matierials,GRU,multiclass,15,5,16,0.1075460728838216,2.278208460126604,398,42,64
SLB,Basic Matierials,GRU,multiclass,15,5,17,0.10029840533008527,2.281756662187122,398,42,64
SLB,Basic Matierials,GRU,multiclass,15,5,18,0.07984945616081132,2.239544539224534,398,42,64
SLB,Basic Matierials,GRU,multiclass,15,5,19,0.07875315725204333,2.2457415149325417,398,42,64
SLB,Basic Matierials,GRU,multiclass,15,5,20,0.0656110792228924,2.316847313018072,398,42,64
SLB,Basic Matierials,GRU,multiclass,15,5,21,0.06040093156710342,2.319803453627087,398,42,64
SNP,Basic Matierials,GRU,multiclass,15,5,1,0.8062850635255402,1.1136234998703003,398,42,64
SNP,Basic Matierials,GRU,multiclass,15,5,2,0.688142840586715,1.4165620349702381,398,42,64
SNP,Basic Matierials,GRU,multiclass,15,5,3,0.5866873360159409,1.7014700287864322,398,42,64
SNP,Basic Matierials,GRU,multiclass,15,5,4,0.4966238731115907,1.5244239171346028,398,42,64
SNP,Basic Matierials,GRU,multiclass,15,5,5,0.5119282537369273,2.3957301321483793,398,42,64
SNP,Basic Matierials,GRU,multiclass,15,5,6,0.5256548947724865,2.5503560588473366,398,42,64
SNP,Basic Matierials,GRU,multiclass,15,5,7,0.4889339172660406,3.4722217605227517,398,42,64
SNP,Basic Matierials,GRU,multiclass,15,5,8,0.40380046175951934,3.957188447316488,398,42,64
SNP,Basic Matierials,GRU,multiclass,15,5,9,0.3885132493685238,3.1974570410592213,398,42,64
SNP,Basic Matierials,GRU,multiclass,15,5,10,0.3367360047060042,3.0023790087018694,398,42,64
SNP,Basic Matierials,GRU,multiclass,15,5,11,0.24029361482840686,3.1515511104038785,398,42,64
SNP,Basic Matierials,GRU,multiclass,15,5,12,0.21125818399628202,3.1880629176185247,398,42,64
SNP,Basic Matierials,GRU,multiclass,15,5,13,0.19481526944205987,4.06889804204305,398,42,64
SNP,Basic Matierials,GRU,multiclass,15,5,14,0.17178350642098852,3.9889200301397416,398,42,64
SNP,Basic Matierials,GRU,multiclass,15,5,15,0.16769305245960178,4.287793931506929,398,42,64
SNP,Basic Matierials,GRU,multiclass,15,5,16,0.165417804939663,4.262342884427025,398,42,64
SNP,Basic Matierials,GRU,multiclass,15,5,17,0.15103751716751548,4.91040259315854,398,42,64
SNP,Basic Matierials,GRU,multiclass,15,5,18,0.13576122410782618,4.757101535797119,398,42,64
SNP,Basic Matierials,GRU,multiclass,15,5,19,0.11215000506022468,4.747288295200893,398,42,64
SNP,Basic Matierials,GRU,multiclass,15,5,20,0.1068977436902535,5.010217757452102,398,42,64
SNP,Basic Matierials,GRU,multiclass,15,5,21,0.10341331246659984,4.970670223236084,398,42,64
SNY,Healthcare,GRU,multiclass,15,5,1,0.7522747100298129,1.0045094319752284,398,42,64
SNY,Healthcare,GRU,multiclass,15,5,2,0.6364156903334,1.2477149736313593,398,42,64
SNY,Healthcare,GRU,multiclass,15,5,3,0.5418064684125047,1.4436518918900263,398,42,64
SNY,Healthcare,GRU,multiclass,15,5,4,0.47480908410633027,1.7903953847431002,398,42,64
SNY,Healthcare,GRU,multiclass,15,5,5,0.4178298708781525,1.6468520845685686,398,42,64
SNY,Healthcare,GRU,multiclass,15,5,6,0.37814887684194287,2.021014451980591,398,42,64
SNY,Healthcare,GRU,multiclass,15,5,7,0.3536573582558177,1.715189706711542,398,42,64
SNY,Healthcare,GRU,multiclass,15,5,8,0.3238500305755654,1.9671187627883184,398,42,64
SNY,Healthcare,GRU,multiclass,15,5,9,0.34517585452477534,2.2405428999946233,398,42,64
SNY,Healthcare,GRU,multiclass,15,5,10,0.25740491340507815,2.121630691346668,398,42,64
SNY,Healthcare,GRU,multiclass,15,5,11,0.18177411761415663,2.1574729624248685,398,42,64
SNY,Healthcare,GRU,multiclass,15,5,12,0.14633213013560328,2.378937664486113,398,42,64
SNY,Healthcare,GRU,multiclass,15,5,13,0.13158618565180794,2.7221080916268483,398,42,64
SNY,Healthcare,GRU,multiclass,15,5,14,0.11098951677880695,2.7603795414879206,398,42,64
SNY,Healthcare,GRU,multiclass,15,5,15,0.10276017199509108,3.1494821593874978,398,42,64
SNY,Healthcare,GRU,multiclass,15,5,16,0.09596864392409972,3.0229895001366023,398,42,64
SNY,Healthcare,GRU,multiclass,15,5,17,0.09221608090640313,3.3387047903878346,398,42,64
SNY,Healthcare,GRU,multiclass,15,5,18,0.08948827239137198,3.132507187979562,398,42,64
SNY,Healthcare,GRU,multiclass,15,5,19,0.07220265127007086,3.1962894712175642,398,42,64
SNY,Healthcare,GRU,multiclass,15,5,20,0.06645888932535995,3.330821014585949,398,42,64
SNY,Healthcare,GRU,multiclass,15,5,21,0.06592979918622491,3.3907522701081776,398,42,64
SO,Utilities,GRU,multiclass,15,5,1,0.7387982439156153,0.803275446097056,398,42,64
SO,Utilities,GRU,multiclass,15,5,2,0.6176050928369838,1.0393862355323065,398,42,64
SO,Utilities,GRU,multiclass,15,5,3,0.524810197065823,1.3965012260845728,398,42,64
SO,Utilities,GRU,multiclass,15,5,4,0.4540375328842719,1.4043875251497542,398,42,64
SO,Utilities,GRU,multiclass,15,5,5,0.42128770989389275,1.727198186374846,398,42,64
SO,Utilities,GRU,multiclass,15,5,6,0.4287192376714256,1.7259610834575834,398,42,64
SO,Utilities,GRU,multiclass,15,5,7,0.3556709076890993,2.4711174170176187,398,42,64
SO,Utilities,GRU,multiclass,15,5,8,0.3070553277605143,2.9692954335893904,398,42,64
SO,Utilities,GRU,multiclass,15,5,9,0.2836815807687577,3.136800448099772,398,42,64
SO,Utilities,GRU,multiclass,15,5,10,0.24769673065923567,3.2469186328706288,398,42,64
SO,Utilities,GRU,multiclass,15,5,11,0.1760648221301673,3.416017237163725,398,42,64
SO,Utilities,GRU,multiclass,15,5,12,0.14659784816617344,3.5156528382074264,398,42,64
SO,Utilities,GRU,multiclass,15,5,13,0.1327134231526648,3.769775322505406,398,42,64
SO,Utilities,GRU,multiclass,15,5,14,0.1222483089296662,4.338232744307745,398,42,64
SO,Utilities,GRU,multiclass,15,5,15,0.1135682260346173,4.258031549907866,398,42,64
SO,Utilities,GRU,multiclass,15,5,16,0.1086593607824352,4.666311967940557,398,42,64
SO,Utilities,GRU,multiclass,15,5,17,0.09208996262607264,4.313650290171306,398,42,64
SO,Utilities,GRU,multiclass,15,5,18,0.0806273259035307,4.543223426455543,398,42,64
SO,Utilities,GRU,multiclass,15,5,19,0.07228413175548142,4.655437991732643,398,42,64
SO,Utilities,GRU,multiclass,15,5,20,0.07092519579970058,4.738467443557012,398,42,64
SO,Utilities,GRU,multiclass,15,5,21,0.0649102247465196,4.783814634595599,398,42,64
SPLP,Conglomerates,GRU,multiclass,15,5,1,0.891114758187203,0.9024482426189241,398,42,64
SPLP,Conglomerates,GRU,multiclass,15,5,2,0.7822980721991266,0.9947438325200763,398,42,64
SPLP,Conglomerates,GRU,multiclass,15,5,3,0.7078025122383731,1.0720712684449696,398,42,64
SPLP,Conglomerates,GRU,multiclass,15,5,4,0.6384190160724985,1.0153494278589885,398,42,64
SPLP,Conglomerates,GRU,multiclass,15,5,5,0.5882263731716866,1.65449135076432,398,42,64
SPLP,Conglomerates,GRU,multiclass,15,5,6,0.6042682079214546,1.2884681565420968,398,42,64
SPLP,Conglomerates,GRU,multiclass,15,5,7,0.543611760265264,2.531920171919323,398,42,64
SPLP,Conglomerates,GRU,multiclass,15,5,8,0.5204122932112996,3.2734003294081915,398,42,64
SPLP,Conglomerates,GRU,multiclass,15,5,9,0.4549480432541526,3.5878237315586636,398,42,64
SPLP,Conglomerates,GRU,multiclass,15,5,10,0.4151377510934619,2.8739550908406577,398,42,64
SPLP,Conglomerates,GRU,multiclass,15,5,11,0.3054882714796306,3.641157172975086,398,42,64
SPLP,Conglomerates,GRU,multiclass,15,5,12,0.26478844618977015,3.344062169392904,398,42,64
SPLP,Conglomerates,GRU,multiclass,15,5,13,0.23744514135260078,4.694622107914516,398,42,64
SPLP,Conglomerates,GRU,multiclass,15,5,14,0.20445941680639831,4.305698735373361,398,42,64
SPLP,Conglomerates,GRU,multiclass,15,5,15,0.19841798608327033,4.527513049897694,398,42,64
SPLP,Conglomerates,GRU,multiclass,15,5,16,0.18047306563087445,5.898707026527042,398,42,64
SPLP,Conglomerates,GRU,multiclass,15,5,17,0.18914347789694916,4.96517124630156,398,42,64
SPLP,Conglomerates,GRU,multiclass,15,5,18,0.16732294168604078,5.786887123471215,398,42,64
SPLP,Conglomerates,GRU,multiclass,15,5,19,0.13817861137078635,6.015970003037226,398,42,64
SPLP,Conglomerates,GRU,multiclass,15,5,20,0.1220331912364193,5.961473237900507,398,42,64
SPLP,Conglomerates,GRU,multiclass,15,5,21,0.1107805983430177,6.103409676324754,398,42,64
SRE,Utilities,GRU,multiclass,15,5,1,0.6903950853563433,1.182132397379194,398,42,64
SRE,Utilities,GRU,multiclass,15,5,2,0.5918191070832199,1.5159914521943956,398,42,64
SRE,Utilities,GRU,multiclass,15,5,3,0.50957655457396,1.7575510286149525,398,42,64
SRE,Utilities,GRU,multiclass,15,5,4,0.4496790953916521,1.8318653929801214,398,42,64
SRE,Utilities,GRU,multiclass,15,5,5,0.4042480581220071,2.32856547832489,398,42,64
SRE,Utilities,GRU,multiclass,15,5,6,0.4023905077471805,2.1780542873200917,398,42,64
SRE,Utilities,GRU,multiclass,15,5,7,0.39256806259778276,2.027796512558347,398,42,64
SRE,Utilities,GRU,multiclass,15,5,8,0.36535810900093924,1.9287396782920474,398,42,64
SRE,Utilities,GRU,multiclass,15,5,9,0.30426409436230684,2.112839014757247,398,42,64
SRE,Utilities,GRU,multiclass,15,5,10,0.27573351981352323,2.360252241293589,398,42,64
SRE,Utilities,GRU,multiclass,15,5,11,0.196064669582712,2.458756971926916,398,42,64
SRE,Utilities,GRU,multiclass,15,5,12,0.17200595095529028,2.74898567370006,398,42,64
SRE,Utilities,GRU,multiclass,15,5,13,0.15702901136635536,2.863777200380961,398,42,64
SRE,Utilities,GRU,multiclass,15,5,14,0.13699670540328002,3.107437252998352,398,42,64
SRE,Utilities,GRU,multiclass,15,5,15,0.13242125084352255,3.2410115968613398,398,42,64
SRE,Utilities,GRU,multiclass,15,5,16,0.12306559385366775,3.656316796938578,398,42,64
SRE,Utilities,GRU,multiclass,15,5,17,0.12347159800517499,3.5998510179065524,398,42,64
SRE,Utilities,GRU,multiclass,15,5,18,0.10649488757752892,3.8155493906566074,398,42,64
SRE,Utilities,GRU,multiclass,15,5,19,0.09265176648620385,3.916062054179964,398,42,64
SRE,Utilities,GRU,multiclass,15,5,20,0.09043265557169315,3.97725024109795,398,42,64
SRE,Utilities,GRU,multiclass,15,5,21,0.08281659121489406,4.003017096292405,398,42,64
T,Technology,GRU,multiclass,15,5,1,0.7505683758150992,1.1203050357954842,398,42,64
T,Technology,GRU,multiclass,15,5,2,0.6075214321289829,0.8756494777543204,398,42,64
T,Technology,GRU,multiclass,15,5,3,0.4908991459027008,0.9039760487420219,398,42,64
T,Technology,GRU,multiclass,15,5,4,0.38680312022491914,1.2357982851210094,398,42,64
T,Technology,GRU,multiclass,15,5,5,0.3502385560142335,1.0868675197873796,398,42,64
T,Technology,GRU,multiclass,15,5,6,0.32443111026706406,1.004429470925104,398,42,64
T,Technology,GRU,multiclass,15,5,7,0.29304200193690294,1.4595857092312403,398,42,64
T,Technology,GRU,multiclass,15,5,8,0.28896504730435474,1.471006501288641,398,42,64
T,Technology,GRU,multiclass,15,5,9,0.21511407132873583,1.4606518802188693,398,42,64
T,Technology,GRU,multiclass,15,5,10,0.16824963295729317,2.1005041826338995,398,42,64
T,Technology,GRU,multiclass,15,5,11,0.1549269021792927,1.8551046223867507,398,42,64
T,Technology,GRU,multiclass,15,5,12,0.10445938124578802,1.943504668417431,398,42,64
T,Technology,GRU,multiclass,15,5,13,0.0857561853288406,1.9322485810234433,398,42,64
T,Technology,GRU,multiclass,15,5,14,0.07149289978958255,2.0679130043302263,398,42,64
T,Technology,GRU,multiclass,15,5,15,0.06482398931180412,2.148198956534976,398,42,64
T,Technology,GRU,multiclass,15,5,16,0.05704537086450874,2.140010600998288,398,42,64
T,Technology,GRU,multiclass,15,5,17,0.05217229664774995,2.3384801887330555,398,42,64
T,Technology,GRU,multiclass,15,5,18,0.048186547146295784,2.6403955845605758,398,42,64
T,Technology,GRU,multiclass,15,5,19,0.04756289795415485,2.5660490081423806,398,42,64
T,Technology,GRU,multiclass,15,5,20,0.04204714335688395,2.615805841627575,398,42,64
T,Technology,GRU,multiclass,15,5,21,0.0355790431269599,2.641793898173741,398,42,64
T,Technology,GRU,multiclass,15,5,22,0.03649633155957838,2.7232103801908947,398,42,64
TM,Consumer Goods,GRU,multiclass,15,5,1,0.7830158301334286,1.163428735165369,398,42,64
TM,Consumer Goods,GRU,multiclass,15,5,2,0.6731899925811806,1.7231144167128063,398,42,64
TM,Consumer Goods,GRU,multiclass,15,5,3,0.5646766684762198,2.4662107626597085,398,42,64
TM,Consumer Goods,GRU,multiclass,15,5,4,0.5019215495143104,1.7308451334635417,398,42,64
TM,Consumer Goods,GRU,multiclass,15,5,5,0.4467499371449552,2.0192302068074546,398,42,64
TM,Consumer Goods,GRU,multiclass,15,5,6,0.41171253880663733,2.2077576092311313,398,42,64
TM,Consumer Goods,GRU,multiclass,15,5,7,0.4177693976229759,2.2042522998083207,398,42,64
TM,Consumer Goods,GRU,multiclass,15,5,8,0.3587923648968414,1.8668160097939628,398,42,64
TM,Consumer Goods,GRU,multiclass,15,5,9,0.3710358485804131,2.1113769099825905,398,42,64
TM,Consumer Goods,GRU,multiclass,15,5,10,0.3224966003367649,1.7280484040578206,398,42,64
TM,Consumer Goods,GRU,multiclass,15,5,11,0.21993536101513772,1.8134910719735282,398,42,64
TM,Consumer Goods,GRU,multiclass,15,5,12,0.18248270863863691,1.9664570149921237,398,42,64
TM,Consumer Goods,GRU,multiclass,15,5,13,0.15316637818837286,1.9258444082169306,398,42,64
TM,Consumer Goods,GRU,multiclass,15,5,14,0.1374520528406354,2.1638827664511546,398,42,64
TM,Consumer Goods,GRU,multiclass,15,5,15,0.1436960214945539,2.2830782050178167,398,42,64
TM,Consumer Goods,GRU,multiclass,15,5,16,0.12099246620832377,2.459512301853725,398,42,64
TM,Consumer Goods,GRU,multiclass,15,5,17,0.11422533373437335,2.4367568152291432,398,42,64
TM,Consumer Goods,GRU,multiclass,15,5,18,0.10656470726782354,2.5674137615022206,398,42,64
TM,Consumer Goods,GRU,multiclass,15,5,19,0.09244500557381903,2.495401518685477,398,42,64
TM,Consumer Goods,GRU,multiclass,15,5,20,0.08687631467628719,2.51672431400844,398,42,64
TM,Consumer Goods,GRU,multiclass,15,5,21,0.08020034458619266,2.415804136367071,398,42,64
TOT,Basic Matierials,GRU,multiclass,15,5,1,0.8093206561989521,0.8620359642165047,398,42,64
TOT,Basic Matierials,GRU,multiclass,15,5,2,0.7005212309971527,1.2615693041256495,398,42,64
TOT,Basic Matierials,GRU,multiclass,15,5,3,0.5786349891717709,1.6981345755713326,398,42,64
TOT,Basic Matierials,GRU,multiclass,15,5,4,0.5400735430382005,2.0384724537531533,398,42,64
TOT,Basic Matierials,GRU,multiclass,15,5,5,0.4868141664332481,1.511529729479835,398,42,64
TOT,Basic Matierials,GRU,multiclass,15,5,6,0.46865194436892793,3.235067747888111,398,42,64
TOT,Basic Matierials,GRU,multiclass,15,5,7,0.5270876864991595,1.8543725524629866,398,42,64
TOT,Basic Matierials,GRU,multiclass,15,5,8,0.41175438036870715,2.0598772764205933,398,42,64
TOT,Basic Matierials,GRU,multiclass,15,5,9,0.3565919944389382,3.70353018669855,398,42,64
TOT,Basic Matierials,GRU,multiclass,15,5,10,0.30134551886038563,3.620098874682472,398,42,64
TOT,Basic Matierials,GRU,multiclass,15,5,11,0.2162268143802432,4.250792140052432,398,42,64
TOT,Basic Matierials,GRU,multiclass,15,5,12,0.19742022312466223,4.020774659656343,398,42,64
TOT,Basic Matierials,GRU,multiclass,15,5,13,0.1680854537978244,4.682832138878958,398,42,64
TOT,Basic Matierials,GRU,multiclass,15,5,14,0.14599885375954996,4.740790673664638,398,42,64
TOT,Basic Matierials,GRU,multiclass,15,5,15,0.1323723290209195,5.013748952320644,398,42,64
TOT,Basic Matierials,GRU,multiclass,15,5,16,0.12844632229014258,5.476866665340605,398,42,64
TOT,Basic Matierials,GRU,multiclass,15,5,17,0.11943903520478676,5.23774208341326,398,42,64
TOT,Basic Matierials,GRU,multiclass,15,5,18,0.10814583275336118,5.224595739727929,398,42,64
TOT,Basic Matierials,GRU,multiclass,15,5,19,0.08330474423253956,5.572821299235026,398,42,64
TOT,Basic Matierials,GRU,multiclass,15,5,20,0.07221940328278134,5.797207798276629,398,42,64
TOT,Basic Matierials,GRU,multiclass,15,5,21,0.07274214107187549,5.968924647285824,398,42,64
TSM,Technology,GRU,multiclass,15,5,1,0.694708860399735,0.9379059502056667,398,42,64
TSM,Technology,GRU,multiclass,15,5,2,0.5803763653764773,1.42381561370123,398,42,64
TSM,Technology,GRU,multiclass,15,5,3,0.48138543319462535,1.5245388178598314,398,42,64
TSM,Technology,GRU,multiclass,15,5,4,0.42035902534897,1.7339725437618436,398,42,64
TSM,Technology,GRU,multiclass,15,5,5,0.4325042001566096,1.5580348003478277,398,42,64
TSM,Technology,GRU,multiclass,15,5,6,0.39387681271562625,1.486251291774568,398,42,64
TSM,Technology,GRU,multiclass,15,5,7,0.35056268165458987,1.7525955438613892,398,42,64
TSM,Technology,GRU,multiclass,15,5,8,0.31449621271847483,1.445674254780724,398,42,64
TSM,Technology,GRU,multiclass,15,5,9,0.28968168503075986,1.3982401177996682,398,42,64
TSM,Technology,GRU,multiclass,15,5,10,0.2215834428467343,1.278060686020624,398,42,64
TSM,Technology,GRU,multiclass,15,5,11,0.16982357810490095,1.1622837100710188,398,42,64
TSM,Technology,GRU,multiclass,15,5,12,0.13898220411197623,1.7556937478837513,398,42,64
TSM,Technology,GRU,multiclass,15,5,13,0.12467958695774702,1.273653160958063,398,42,64
TSM,Technology,GRU,multiclass,15,5,14,0.11396411656584572,1.6468045030321394,398,42,64
TSM,Technology,GRU,multiclass,15,5,15,0.09818553501487377,1.5600573221842449,398,42,64
TSM,Technology,GRU,multiclass,15,5,16,0.08796494611393867,2.165087870189122,398,42,64
TSM,Technology,GRU,multiclass,15,5,17,0.0842683938654823,1.9149412768227714,398,42,64
TSM,Technology,GRU,multiclass,15,5,18,0.07863174008214893,1.9598398776281447,398,42,64
TSM,Technology,GRU,multiclass,15,5,19,0.06908812327076443,1.9102419444492884,398,42,64
TSM,Technology,GRU,multiclass,15,5,20,0.06169695753473133,2.024848393031529,398,42,64
TSM,Technology,GRU,multiclass,15,5,21,0.05729908951038691,2.0800208931877497,398,42,64
UL,Consumer Goods,GRU,multiclass,15,5,1,0.7610778539025005,0.9210820879255023,398,42,64
UL,Consumer Goods,GRU,multiclass,15,5,2,0.6297028481061734,1.129680111294701,398,42,64
UL,Consumer Goods,GRU,multiclass,15,5,3,0.5285543537319605,1.1680869204657418,398,42,64
UL,Consumer Goods,GRU,multiclass,15,5,4,0.42915926192274045,1.5281657491411482,398,42,64
UL,Consumer Goods,GRU,multiclass,15,5,5,0.4012190000196198,2.323788109279814,398,42,64
UL,Consumer Goods,GRU,multiclass,15,5,6,0.46704155700889666,1.7868537051337106,398,42,64
UL,Consumer Goods,GRU,multiclass,15,5,7,0.37811074289844265,1.883186896642049,398,42,64
UL,Consumer Goods,GRU,multiclass,15,5,8,0.40486140683967264,1.9515434900919597,398,42,64
UL,Consumer Goods,GRU,multiclass,15,5,9,0.3921898913443388,1.8035975637890043,398,42,64
UL,Consumer Goods,GRU,multiclass,15,5,10,0.3313824573353906,2.5356282620202926,398,42,64
UL,Consumer Goods,GRU,multiclass,15,5,11,0.218559644330087,2.444136926106044,398,42,64
UL,Consumer Goods,GRU,multiclass,15,5,12,0.18549287289231267,2.6337176731654575,398,42,64
UL,Consumer Goods,GRU,multiclass,15,5,13,0.16042455630236535,2.7037132921673,398,42,64
UL,Consumer Goods,GRU,multiclass,15,5,14,0.15783920666979784,3.0911608991168795,398,42,64
UL,Consumer Goods,GRU,multiclass,15,5,15,0.13797637973748259,3.0053866023109075,398,42,64
UL,Consumer Goods,GRU,multiclass,15,5,16,0.1265013313959891,3.57644982565017,398,42,64
UL,Consumer Goods,GRU,multiclass,15,5,17,0.11375449700795826,3.83315676734561,398,42,64
UL,Consumer Goods,GRU,multiclass,15,5,18,0.10820895796594908,3.9207588831583657,398,42,64
UL,Consumer Goods,GRU,multiclass,15,5,19,0.09408797097191139,4.192693119957333,398,42,64
UL,Consumer Goods,GRU,multiclass,15,5,20,0.09275331804950034,4.0862163589114235,398,42,64
UL,Consumer Goods,GRU,multiclass,15,5,21,0.0838846363613953,4.122916039966402,398,42,64
UN,Consumer Goods,GRU,multiclass,15,5,1,0.7648369948468615,0.9439829502786908,398,42,64
UN,Consumer Goods,GRU,multiclass,15,5,2,0.6447787644276067,0.9008849206424895,398,42,64
UN,Consumer Goods,GRU,multiclass,15,5,3,0.5310580066999598,1.1586826301756359,398,42,64
UN,Consumer Goods,GRU,multiclass,15,5,4,0.45027801094941755,1.647339559736706,398,42,64
UN,Consumer Goods,GRU,multiclass,15,5,5,0.40736232121386123,2.2463383901686895,398,42,64
UN,Consumer Goods,GRU,multiclass,15,5,6,0.43118586806795706,1.806321768533616,398,42,64
UN,Consumer Goods,GRU,multiclass,15,5,7,0.46583266413990576,1.2178700197310675,398,42,64
UN,Consumer Goods,GRU,multiclass,15,5,8,0.4012668375393853,2.1311283452170238,398,42,64
UN,Consumer Goods,GRU,multiclass,15,5,9,0.3915987553907998,1.4480568681444441,398,42,64
UN,Consumer Goods,GRU,multiclass,15,5,10,0.2999281916935839,2.554731527964274,398,42,64
UN,Consumer Goods,GRU,multiclass,15,5,11,0.2142650836226928,1.8356710842677526,398,42,64
UN,Consumer Goods,GRU,multiclass,15,5,12,0.16888805392699027,2.1903782912663052,398,42,64
UN,Consumer Goods,GRU,multiclass,15,5,13,0.1376249391080147,2.20777390116737,398,42,64
UN,Consumer Goods,GRU,multiclass,15,5,14,0.12017658555028427,2.307436227798462,398,42,64
UN,Consumer Goods,GRU,multiclass,15,5,15,0.11679768599756998,2.517428398132324,398,42,64
UN,Consumer Goods,GRU,multiclass,15,5,16,0.10468369819710602,2.6587818463643393,398,42,64
UN,Consumer Goods,GRU,multiclass,15,5,17,0.10338631010235254,2.495530117125738,398,42,64
UN,Consumer Goods,GRU,multiclass,15,5,18,0.08723843191287026,2.7075942811511813,398,42,64
UN,Consumer Goods,GRU,multiclass,15,5,19,0.07658309695409171,2.702550865354992,398,42,64
UN,Consumer Goods,GRU,multiclass,15,5,20,0.06937542606388504,2.7397902125403997,398,42,64
UN,Consumer Goods,GRU,multiclass,15,5,21,0.06651059768382628,2.8026290848141624,398,42,64
UN,Consumer Goods,GRU,multiclass,15,5,22,0.0601002221655606,2.838899884905134,398,42,64
UNH,Healthcare,GRU,multiclass,15,5,1,0.665664123530364,0.5477700063160488,398,42,64
UNH,Healthcare,GRU,multiclass,15,5,2,0.5576215524170267,0.5299065510431925,398,42,64
UNH,Healthcare,GRU,multiclass,15,5,3,0.49894851251463196,0.7673724492390951,398,42,64
UNH,Healthcare,GRU,multiclass,15,5,4,0.4416124909067873,0.7969374997275216,398,42,64
UNH,Healthcare,GRU,multiclass,15,5,5,0.37693731913614514,0.870404181026277,398,42,64
UNH,Healthcare,GRU,multiclass,15,5,6,0.34785419373056997,0.9421231179010301,398,42,64
UNH,Healthcare,GRU,multiclass,15,5,7,0.4102939759666596,0.8766902571632749,398,42,64
UNH,Healthcare,GRU,multiclass,15,5,8,0.39345860810735117,0.836808409009661,398,42,64
UNH,Healthcare,GRU,multiclass,15,5,9,0.34349163168638797,0.9976291826793126,398,42,64
UNH,Healthcare,GRU,multiclass,15,5,10,0.2843129180334321,0.8624607892263503,398,42,64
UNH,Healthcare,GRU,multiclass,15,5,11,0.2250774220455831,0.9646685407275245,398,42,64
UNH,Healthcare,GRU,multiclass,15,5,12,0.17012153745596134,1.0935940856025332,398,42,64
UNH,Healthcare,GRU,multiclass,15,5,13,0.1359208860813673,1.2135353883107503,398,42,64
UNH,Healthcare,GRU,multiclass,15,5,14,0.1224663526044419,1.3483481861296154,398,42,64
UNH,Healthcare,GRU,multiclass,15,5,15,0.10972561159325604,1.4936786719730921,398,42,64
UNH,Healthcare,GRU,multiclass,15,5,16,0.09856965656780717,1.542917773837135,398,42,64
UNH,Healthcare,GRU,multiclass,15,5,17,0.08911505124377246,1.67817261105492,398,42,64
UNH,Healthcare,GRU,multiclass,15,5,18,0.0905798644800881,1.82753172374907,398,42,64
UNH,Healthcare,GRU,multiclass,15,5,19,0.08458718636901534,1.8352909882863362,398,42,64
UNH,Healthcare,GRU,multiclass,15,5,20,0.06795407120306887,1.8635259242284865,398,42,64
UNH,Healthcare,GRU,multiclass,15,5,21,0.058639541418109106,1.9204656510126024,398,42,64
UNH,Healthcare,GRU,multiclass,15,5,22,0.05617888700497809,1.9923449697948636,398,42,64
UPS,Services,GRU,multiclass,15,5,1,0.7982637355076009,0.7242171934672764,398,42,64
UPS,Services,GRU,multiclass,15,5,2,0.6821650308580255,0.7497948237827846,398,42,64
UPS,Services,GRU,multiclass,15,5,3,0.6080349306365354,0.9322517343929836,398,42,64
UPS,Services,GRU,multiclass,15,5,4,0.4979376688075425,1.0147042473157246,398,42,64
UPS,Services,GRU,multiclass,15,5,5,0.410650231430878,1.7442257688159035,398,42,64
UPS,Services,GRU,multiclass,15,5,6,0.3917141706500221,1.4457428881100245,398,42,64
UPS,Services,GRU,multiclass,15,5,7,0.3611345723945292,1.8632635843186152,398,42,64
UPS,Services,GRU,multiclass,15,5,8,0.2986247245989852,2.041952757608323,398,42,64
UPS,Services,GRU,multiclass,15,5,9,0.2643662457490087,3.5261959575471424,398,42,64
UPS,Services,GRU,multiclass,15,5,10,0.2102215524444628,2.731874942779541,398,42,64
UPS,Services,GRU,multiclass,15,5,11,0.15033277738184186,3.3807679812113443,398,42,64
UPS,Services,GRU,multiclass,15,5,12,0.1216680185129894,3.4872573216756186,398,42,64
UPS,Services,GRU,multiclass,15,5,13,0.10211454717507913,3.808673245566232,398,42,64
UPS,Services,GRU,multiclass,15,5,14,0.10021584862889955,3.6325447218758717,398,42,64
UPS,Services,GRU,multiclass,15,5,15,0.08668102812602292,4.2918169384910945,398,42,64
UPS,Services,GRU,multiclass,15,5,16,0.07758816243640741,4.384990782964797,398,42,64
UPS,Services,GRU,multiclass,15,5,17,0.07432596978904614,4.137130510239374,398,42,64
UPS,Services,GRU,multiclass,15,5,18,0.07044843254826176,4.135849861871629,398,42,64
UPS,Services,GRU,multiclass,15,5,19,0.06189060389022132,4.543568429492769,398,42,64
UPS,Services,GRU,multiclass,15,5,20,0.055828399656705524,4.620916275751023,398,42,64
UPS,Services,GRU,multiclass,15,5,21,0.05053259844156965,4.7895220801943825,398,42,64
UTX,Industrial Goods,GRU,multiclass,15,5,1,0.8044611569026008,1.345965652238755,398,42,64
UTX,Industrial Goods,GRU,multiclass,15,5,2,0.6831818869964561,1.8174855822608584,398,42,64
UTX,Industrial Goods,GRU,multiclass,15,5,3,0.59970649298112,1.9399121148245675,398,42,64
UTX,Industrial Goods,GRU,multiclass,15,5,4,0.5062458119799743,3.767655849456787,398,42,64
UTX,Industrial Goods,GRU,multiclass,15,5,5,0.4872371567853132,3.0454806827363514,398,42,64
UTX,Industrial Goods,GRU,multiclass,15,5,6,0.42575027692557577,1.6652290366944813,398,42,64
UTX,Industrial Goods,GRU,multiclass,15,5,7,0.3811577205082879,2.911785114379156,398,42,64
UTX,Industrial Goods,GRU,multiclass,15,5,8,0.367190003544841,2.5500340121132985,398,42,64
UTX,Industrial Goods,GRU,multiclass,15,5,9,0.35689463994311327,2.148560047149658,398,42,64
UTX,Industrial Goods,GRU,multiclass,15,5,10,0.30593311809115675,2.3088217235746837,398,42,64
UTX,Industrial Goods,GRU,multiclass,15,5,11,0.2025064626455906,2.8597941171555292,398,42,64
UTX,Industrial Goods,GRU,multiclass,15,5,12,0.1675722190558012,3.3046631813049316,398,42,64
UTX,Industrial Goods,GRU,multiclass,15,5,13,0.13710674913085286,3.8829126812162853,398,42,64
UTX,Industrial Goods,GRU,multiclass,15,5,14,0.1292347389474586,4.247803211212158,398,42,64
UTX,Industrial Goods,GRU,multiclass,15,5,15,0.11883568812405045,4.44460916519165,398,42,64
UTX,Industrial Goods,GRU,multiclass,15,5,16,0.1131627171033591,4.506530375707717,398,42,64
UTX,Industrial Goods,GRU,multiclass,15,5,17,0.10756985008267302,5.048281374431792,398,42,64
UTX,Industrial Goods,GRU,multiclass,15,5,18,0.10296543238300775,5.017945062546503,398,42,64
UTX,Industrial Goods,GRU,multiclass,15,5,19,0.09131555830189331,5.047213463556199,398,42,64
UTX,Industrial Goods,GRU,multiclass,15,5,20,0.08109509338386095,5.065650803702218,398,42,64
UTX,Industrial Goods,GRU,multiclass,15,5,21,0.07849265897094305,5.06609735034761,398,42,64
V,Financial,GRU,multiclass,15,5,1,0.7539931445864577,0.7012365630694798,398,42,64
V,Financial,GRU,multiclass,15,5,2,0.6513301987743857,0.9713559320994786,398,42,64
V,Financial,GRU,multiclass,15,5,3,0.5476189055035462,2.1066282590230307,398,42,64
V,Financial,GRU,multiclass,15,5,4,0.4596377871743399,2.131614844004313,398,42,64
V,Financial,GRU,multiclass,15,5,5,0.413508268007681,3.2408724966503324,398,42,64
V,Financial,GRU,multiclass,15,5,6,0.4148988265488016,3.1546407654171897,398,42,64
V,Financial,GRU,multiclass,15,5,7,0.37827226399776326,1.7988087563287645,398,42,64
V,Financial,GRU,multiclass,15,5,8,0.3589099185850153,2.5358149097079323,398,42,64
V,Financial,GRU,multiclass,15,5,9,0.319484905531658,2.483091797147478,398,42,64
V,Financial,GRU,multiclass,15,5,10,0.24861195825751703,3.1049588521321616,398,42,64
V,Financial,GRU,multiclass,15,5,11,0.17368979220414282,3.008170627412342,398,42,64
V,Financial,GRU,multiclass,15,5,12,0.1347178997256648,3.310460226876395,398,42,64
V,Financial,GRU,multiclass,15,5,13,0.12132333368811775,3.0901479834601995,398,42,64
V,Financial,GRU,multiclass,15,5,14,0.10987582817748563,3.3398628461928594,398,42,64
V,Financial,GRU,multiclass,15,5,15,0.09874815606142408,3.6209048203059604,398,42,64
V,Financial,GRU,multiclass,15,5,16,0.09337009334159856,3.8772994677225747,398,42,64
V,Financial,GRU,multiclass,15,5,17,0.08914888826147396,3.952403817858015,398,42,64
V,Financial,GRU,multiclass,15,5,18,0.07827552129051193,4.0937484786624,398,42,64
V,Financial,GRU,multiclass,15,5,19,0.07053269445896149,4.239599364144461,398,42,64
V,Financial,GRU,multiclass,15,5,20,0.06688633690302695,4.353593326750255,398,42,64
V,Financial,GRU,multiclass,15,5,21,0.06162361875550831,4.378796509334019,398,42,64
VZ,Technology,GRU,multiclass,15,5,1,0.7948542237281799,1.1321912890388852,398,42,64
VZ,Technology,GRU,multiclass,15,5,2,0.6514794977765587,1.6779277665274483,398,42,64
VZ,Technology,GRU,multiclass,15,5,3,0.5410021482101038,1.9889178048996699,398,42,64
VZ,Technology,GRU,multiclass,15,5,4,0.42007654590822346,3.1390894254048667,398,42,64
VZ,Technology,GRU,multiclass,15,5,5,0.3908528348608832,3.5648241497221447,398,42,64
VZ,Technology,GRU,multiclass,15,5,6,0.36936837554577007,4.261708055223737,398,42,64
VZ,Technology,GRU,multiclass,15,5,7,0.2967978656741243,3.874562218075707,398,42,64
VZ,Technology,GRU,multiclass,15,5,8,0.24082199038572646,4.0315699350266225,398,42,64
VZ,Technology,GRU,multiclass,15,5,9,0.23414075337163168,4.556457065400624,398,42,64
VZ,Technology,GRU,multiclass,15,5,10,0.18050262717595653,4.953641391935802,398,42,64
VZ,Technology,GRU,multiclass,15,5,11,0.12727169340579353,5.261742682684035,398,42,64
VZ,Technology,GRU,multiclass,15,5,12,0.10658031492377046,5.458012921469552,398,42,64
VZ,Technology,GRU,multiclass,15,5,13,0.08809999376535416,5.729320844014485,398,42,64
VZ,Technology,GRU,multiclass,15,5,14,0.08479912807444233,6.147154126848493,398,42,64
VZ,Technology,GRU,multiclass,15,5,15,0.08141546243399232,6.335543700626919,398,42,64
VZ,Technology,GRU,multiclass,15,5,16,0.07570308905525423,6.626688434964135,398,42,64
VZ,Technology,GRU,multiclass,15,5,17,0.07488600050459555,7.414951392582485,398,42,64
VZ,Technology,GRU,multiclass,15,5,18,0.06157118735376315,7.442375523703439,398,42,64
VZ,Technology,GRU,multiclass,15,5,19,0.05217957792419884,7.543934640430269,398,42,64
VZ,Technology,GRU,multiclass,15,5,20,0.048991032730993915,7.573907784053257,398,42,64
VZ,Technology,GRU,multiclass,15,5,21,0.044631663073397165,7.650291056860061,398,42,64
WFC,Financial,GRU,multiclass,15,5,1,0.7030542046580482,1.0214862851869493,398,42,64
WFC,Financial,GRU,multiclass,15,5,2,0.5837898086662867,1.1121286778222947,398,42,64
WFC,Financial,GRU,multiclass,15,5,3,0.4754588156189751,1.2453716539201283,398,42,64
WFC,Financial,GRU,multiclass,15,5,4,0.379872962158529,1.3100836333774386,398,42,64
WFC,Financial,GRU,multiclass,15,5,5,0.3258531918777293,1.294935322943188,398,42,64
WFC,Financial,GRU,multiclass,15,5,6,0.33477089138486277,2.097785098212106,398,42,64
WFC,Financial,GRU,multiclass,15,5,7,0.33181882249051003,2.021415506090437,398,42,64
WFC,Financial,GRU,multiclass,15,5,8,0.2655621612790841,2.787723246074858,398,42,64
WFC,Financial,GRU,multiclass,15,5,9,0.2999479333359992,1.9881480989002047,398,42,64
WFC,Financial,GRU,multiclass,15,5,10,0.24724343194434392,2.1634195191519603,398,42,64
WFC,Financial,GRU,multiclass,15,5,11,0.15464542409283433,2.405853509902954,398,42,64
WFC,Financial,GRU,multiclass,15,5,12,0.1148478924928598,2.3307833898635137,398,42,64
WFC,Financial,GRU,multiclass,15,5,13,0.09957932695821302,2.7459113824935186,398,42,64
WFC,Financial,GRU,multiclass,15,5,14,0.08959004676072442,2.7239218779972623,398,42,64
WFC,Financial,GRU,multiclass,15,5,15,0.08495068486461688,3.2880029564812068,398,42,64
WFC,Financial,GRU,multiclass,15,5,16,0.07146868952105392,3.200501407895769,398,42,64
WFC,Financial,GRU,multiclass,15,5,17,0.06455253880826672,3.318834509168352,398,42,64
WFC,Financial,GRU,multiclass,15,5,18,0.059941207306768426,3.401229767572312,398,42,64
WFC,Financial,GRU,multiclass,15,5,19,0.0525339763218434,3.5111496789114818,398,42,64
WFC,Financial,GRU,multiclass,15,5,20,0.05188394515733024,3.594008127848307,398,42,64
WFC,Financial,GRU,multiclass,15,5,21,0.04833177381649089,3.6180717604500905,398,42,64
WMT,Services,GRU,multiclass,15,5,1,0.8935114909057043,0.8641822905767531,398,42,64
WMT,Services,GRU,multiclass,15,5,2,0.7753510562019732,1.2504238486289978,398,42,64
WMT,Services,GRU,multiclass,15,5,3,0.6324064240383742,2.027127430552528,398,42,64
WMT,Services,GRU,multiclass,15,5,4,0.5601457375377866,2.8051866122654507,398,42,64
WMT,Services,GRU,multiclass,15,5,5,0.4654401064518109,3.499177887326195,398,42,64
WMT,Services,GRU,multiclass,15,5,6,0.49318561751638823,3.5686128707159135,398,42,64
WMT,Services,GRU,multiclass,15,5,7,0.43219142044009873,3.566443511417934,398,42,64
WMT,Services,GRU,multiclass,15,5,8,0.43322774947588166,4.280828952789307,398,42,64
WMT,Services,GRU,multiclass,15,5,9,0.3774809918960734,3.7121138118562245,398,42,64
WMT,Services,GRU,multiclass,15,5,10,0.29863876516196,3.9855345090230307,398,42,64
WMT,Services,GRU,multiclass,15,5,11,0.1910776689873269,4.1587237403506325,398,42,64
WMT,Services,GRU,multiclass,15,5,12,0.1555583351595917,4.501193114689419,398,42,64
WMT,Services,GRU,multiclass,15,5,13,0.13312732488216467,4.928804034278507,398,42,64
WMT,Services,GRU,multiclass,15,5,14,0.10926260245056009,5.111703100658598,398,42,64
WMT,Services,GRU,multiclass,15,5,15,0.10137310103705181,5.631222089131673,398,42,64
WMT,Services,GRU,multiclass,15,5,16,0.09354417722428864,5.713741756620861,398,42,64
WMT,Services,GRU,multiclass,15,5,17,0.08203378271068161,6.769153186253139,398,42,64
WMT,Services,GRU,multiclass,15,5,18,0.07129488458585499,6.797677902948289,398,42,64
WMT,Services,GRU,multiclass,15,5,19,0.0652874908480213,6.673809142339797,398,42,64
WMT,Services,GRU,multiclass,15,5,20,0.057951681222298636,6.736766542707171,398,42,64
WMT,Services,GRU,multiclass,15,5,21,0.05939001090188122,6.79446960630871,398,42,64
XOM,Basic Matierials,GRU,multiclass,15,5,1,0.8940759792399766,1.02131906577519,398,42,64
XOM,Basic Matierials,GRU,multiclass,15,5,2,0.7660050047701926,1.5115247964859009,398,42,64
XOM,Basic Matierials,GRU,multiclass,15,5,3,0.6497447200156935,1.8003147386369251,398,42,64
XOM,Basic Matierials,GRU,multiclass,15,5,4,0.5247974302900497,2.148443136896406,398,42,64
XOM,Basic Matierials,GRU,multiclass,15,5,5,0.465526676357691,2.8306895891825357,398,42,64
XOM,Basic Matierials,GRU,multiclass,15,5,6,0.42289461981711074,1.9878698246819633,398,42,64
XOM,Basic Matierials,GRU,multiclass,15,5,7,0.43513469016132644,1.622425187201727,398,42,64
XOM,Basic Matierials,GRU,multiclass,15,5,8,0.367473789345679,2.551927441642398,398,42,64
XOM,Basic Matierials,GRU,multiclass,15,5,9,0.3303389773895992,1.7407628070740473,398,42,64
XOM,Basic Matierials,GRU,multiclass,15,5,10,0.25911932277619537,2.4903679291407266,398,42,64
XOM,Basic Matierials,GRU,multiclass,15,5,11,0.1920635838754213,2.7387856585638866,398,42,64
XOM,Basic Matierials,GRU,multiclass,15,5,12,0.15350462301592133,2.705151523862566,398,42,64
XOM,Basic Matierials,GRU,multiclass,15,5,13,0.13641246943617585,3.118732895169939,398,42,64
XOM,Basic Matierials,GRU,multiclass,15,5,14,0.12125324442907794,3.6303798811776296,398,42,64
XOM,Basic Matierials,GRU,multiclass,15,5,15,0.10531901291117596,3.6525906381152926,398,42,64
XOM,Basic Matierials,GRU,multiclass,15,5,16,0.10438316959382302,4.132249480202084,398,42,64
XOM,Basic Matierials,GRU,multiclass,15,5,17,0.09112381394110133,4.006415673664638,398,42,64
XOM,Basic Matierials,GRU,multiclass,15,5,18,0.08749911054294912,4.2756448700314476,398,42,64
XOM,Basic Matierials,GRU,multiclass,15,5,19,0.07463518610626609,4.367865596498762,398,42,64
XOM,Basic Matierials,GRU,multiclass,15,5,20,0.06910063979688601,4.53282220023019,398,42,64
XOM,Basic Matierials,GRU,multiclass,15,5,21,0.07074069046420069,4.642936513537452,398,42,64
