date,capital_start,capital_end,equity_start,equity_end,daily_pnl_realized,daily_return,early_exits_today,allocation_mode,budget_pre_caps,budget_post_caps,mpt_used,mpt_fallback_used,mpt_weights,exits_today,investments_made,H,initial_capital,initial_training_days,allow_overlap,early_exit_enabled,seed,model_save_path,min_sequence_length,max_sequence_length,kelly_fraction,sector_confidence_threshold,retrain_interval,max_day_gap,mpt_window_days,mpt_lambda,mpt_ridge_eps,mpt_max_weight,mpt_long_only,mpt_use_equal_fallback,mpt_only_budget_fraction,max_total_utilization,max_new_daily_utilization,max_ticker_utilization,max_sector_utilization,max_position_size,max_positions_per_ticker,min_trade_dollars,kelly_trade_cap,drawdown_throttle_levels,model_feature_set,model_feature_group,model_mcc_mean,model_sequence_length,model_hidden1,model_hidden2,model_num_layers,model_dropout,model_inter_rnn_drop,model_learning_rate,model_weight_decay,model_batch_size,model_max_epochs,model_early_patience,model_early_min_delta,model_lr_patience,model_lr_factor
2017-04-11,100000.0,70000.0,100000.0,100000.0,0.0,0.0,0,HYBRID_KELLY_MPT,61142.33432724611,30000.0,True,False,"{'XOM': 0.277257783404073, 'AGFS': 0.3000000000000001, 'PM': 0.0, 'BSAC': 0.12274221659592677, 'AMGN': 0.0, 'HON': 0.0, 'CHTR': 0.3000000000000001, 'VZ': 0.0, 'SRE': 5.898059818321147e-17}",[],"[{'ticker': 'XOM', 'sector': 'Basic Matierials', 'expected_rise': 0.01150132879304298, 'prob_up': 0.836962890625, 'investment_fraction': 0.1315399071973495, 'investment_amount': 16952.188087723018, 'predicted_prob': 0.836962890625, 'allocated_amount': 10000.0, 'exit_date': Timestamp('2017-04-19 00:00:00')}, {'ticker': 'BSAC', 'sector': 'Financial', 'expected_rise': 0.010570274563866867, 'prob_up': 0.6956521739130435, 'investment_fraction': 0.08161581874197259, 'investment_amount': 7504.745643175411, 'predicted_prob': 0.6956521739130435, 'allocated_amount': 7504.745643175411, 'exit_date': Timestamp('2017-04-19 00:00:00')}, {'ticker': 'CHTR', 'sector': 'Services', 'expected_rise': 0.013230157726963692, 'prob_up': 0.6923076923076923, 'investment_fraction': 0.08921689801929417, 'investment_amount': 18342.70029817384, 'predicted_prob': 0.6923076923076923, 'allocated_amount': 10000.0, 'exit_date': Timestamp('2017-04-19 00:00:00')}, {'ticker': 'AGFS', 'sector': 'Conglomerates', 'expected_rise': 0.030266921064626355, 'prob_up': 0.6666666666666666, 'investment_fraction': 0.07988911313640408, 'investment_amount': 18342.70029817384, 'predicted_prob': 0.6666666666666666, 'allocated_amount': 2495.254356824589, 'exit_date': Timestamp('2017-04-19 00:00:00')}]",5,100000.0,853,True,False,42,/mnt/primary/simulation/trained_models_meta,12,12,0.2,0.3,200,5,60,1.0,0.0001,0.3,True,True,0.3,0.7,0.3,0.5,0.5,0.1,3,100.0,0.5,"[[0.08, 0.6], [0.15, 0.35]]",meta,base,0.1451768429443134,15,128,32,1,0.6000000000000001,0.0,0.001415745628709,2.5137050405220336e-07,32.0,50,10,0.0046437191828983,10,0.8
2017-04-12,70000.0,40000.0,100000.0,100000.0,0.0,0.0,0,HYBRID_KELLY_MPT,42833.01284822411,30000.0,True,False,"{'XOM': 0.2765470995076949, 'AGFS': 0.29999999999999954, 'PM': 0.0, 'BSAC': 0.12345290049230562, 'AMGN': 4.553649124439116e-18, 'HON': 0.0, 'CHTR': 0.2999999999999999, 'VZ': 0.0, 'SRE': 0.0}",[],"[{'ticker': 'XOM', 'sector': 'Basic Matierials', 'expected_rise': 0.011478503473172457, 'prob_up': 0.836962890625, 'investment_fraction': 0.13148390700488022, 'investment_amount': 11845.345466352208, 'predicted_prob': 0.836962890625, 'allocated_amount': 10000.0, 'exit_date': Timestamp('2017-04-20 00:00:00')}, {'ticker': 'BSAC', 'sector': 'Financial', 'expected_rise': 0.010582094259800143, 'prob_up': 0.6956521739130435, 'investment_fraction': 0.08170708166565982, 'investment_amount': 5287.859672937459, 'predicted_prob': 0.6956521739130435, 'allocated_amount': 5287.859672937459, 'exit_date': Timestamp('2017-04-20 00:00:00')}, {'ticker': 'CHTR', 'sector': 'Services', 'expected_rise': 0.013190360068004071, 'prob_up': 0.6923076923076923, 'investment_fraction': 0.08912126408317093, 'investment_amount': 12849.90385446723, 'predicted_prob': 0.6923076923076923, 'allocated_amount': 10000.0, 'exit_date': Timestamp('2017-04-20 00:00:00')}, {'ticker': 'AGFS', 'sector': 'Conglomerates', 'expected_rise': 0.030765797906482796, 'prob_up': 0.6666666666666666, 'investment_fraction': 0.08041175804807205, 'investment_amount': 12849.903854467215, 'predicted_prob': 0.6666666666666666, 'allocated_amount': 4712.1403270625415, 'exit_date': Timestamp('2017-04-20 00:00:00')}]",5,100000.0,853,True,False,42,/mnt/primary/simulation/trained_models_meta,12,12,0.2,0.3,200,5,60,1.0,0.0001,0.3,True,True,0.3,0.7,0.3,0.5,0.5,0.1,3,100.0,0.5,"[[0.08, 0.6], [0.15, 0.35]]",meta,base,0.1451768429443134,15,128,32,1,0.6000000000000001,0.0,0.001415745628709,2.5137050405220336e-07,32.0,50,10,0.0046437191828983,10,0.8
2017-04-13,40000.0,29999.999999999993,100000.0,100000.0,0.0,0.0,0,HYBRID_KELLY_MPT,24633.084674655955,10000.000000000007,True,False,"{'XOM': 0.27289850515173286, 'AGFS': 0.29999999999999993, 'PM': 0.0, 'BSAC': 0.1271014948482667, 'NVS': 1.561251128379126e-16, 'HON': 3.885780586188047e-16, 'CHTR': 0.29999999999999993, 'VZ': 1.7260498585969226e-16, 'SRE': 2.081668171172168e-17}",[],"[{'ticker': 'XOM', 'sector': 'Basic Matierials', 'expected_rise': 0.011455059779663756, 'prob_up': 0.836962890625, 'investment_fraction': 0.13142620727430185, 'investment_amount': 6722.33198498967, 'predicted_prob': 0.836962890625, 'allocated_amount': 6722.33198498967, 'exit_date': Timestamp('2017-04-21 00:00:00')}, {'ticker': 'BSAC', 'sector': 'Financial', 'expected_rise': 0.010594713366159431, 'prob_up': 0.6956521739130435, 'investment_fraction': 0.08180451704362303, 'investment_amount': 3130.901884872701, 'predicted_prob': 0.6956521739130435, 'allocated_amount': 3130.901884872701, 'exit_date': Timestamp('2017-04-21 00:00:00')}, {'ticker': 'CHTR', 'sector': 'Services', 'expected_rise': 0.013158610550804419, 'prob_up': 0.6923076923076923, 'investment_fraction': 0.08904470308453066, 'investment_amount': 7389.925402396785, 'predicted_prob': 0.6923076923076923, 'allocated_amount': 146.76613013763563, 'exit_date': Timestamp('2017-04-21 00:00:00')}]",5,100000.0,853,True,False,42,/mnt/primary/simulation/trained_models_meta,12,12,0.2,0.3,200,5,60,1.0,0.0001,0.3,True,True,0.3,0.7,0.3,0.5,0.5,0.1,3,100.0,0.5,"[[0.08, 0.6], [0.15, 0.35]]",meta,base,0.1451768429443134,15,128,32,1,0.6000000000000001,0.0,0.001415745628709,2.5137050405220336e-07,32.0,50,10,0.0046437191828983,10,0.8
2017-04-17,30000.0,29999.999999999993,100000.0,100000.0,0.0,0.0,0,HYBRID_KELLY_MPT,18463.68584741119,0.0,True,False,"{'XOM': 0.2718329516041703, 'AGFS': 0.2999999999999998, 'PM': 4.2327252813834093e-16, 'BSAC': 0.12816704839582935, 'NVS': 9.71445146547012e-17, 'HON': 1.1275702593849246e-16, 'CHTR': 0.2999999999999997, 'VZ': 5.551115123125783e-17, 'SRE': 8.023096076392733e-18}",[],[],5,100000.0,853,True,False,42,/mnt/primary/simulation/trained_models_meta,12,12,0.2,0.3,200,5,60,1.0,0.0001,0.3,True,True,0.3,0.7,0.3,0.5,0.5,0.1,3,100.0,0.5,"[[0.08, 0.6], [0.15, 0.35]]",meta,base,0.1451768429443134,15,128,32,1,0.6000000000000001,0.0,0.001415745628709,2.5137050405220336e-07,32.0,50,10,0.0046437191828983,10,0.8
2017-04-18,30000.0,29999.999999999993,100000.0,100000.0,0.0,0.0,0,HYBRID_KELLY_MPT,18479.38014530722,0.0,True,False,"{'XOM': 0.27334134054422843, 'AGFS': 0.29999999999999977, 'PM': 0.0, 'BSAC': 0.12665865945577157, 'NVS': 0.0, 'HON': 1.163891032163189e-16, 'CHTR': 0.3, 'VZ': 0.0, 'SRE': 2.0816681711721685e-16}",[],[],5,100000.0,853,True,False,42,/mnt/primary/simulation/trained_models_meta,12,12,0.2,0.3,200,5,60,1.0,0.0001,0.3,True,True,0.3,0.7,0.3,0.5,0.5,0.1,3,100.0,0.5,"[[0.08, 0.6], [0.15, 0.35]]",meta,base,0.1451768429443134,15,128,32,1,0.6000000000000001,0.0,0.001415745628709,2.5137050405220336e-07,32.0,50,10,0.0046437191828983,10,0.8
2017-04-19,59798.964714760245,29939.68941442808,99798.96471476025,99798.96471476025,-201.0352852397407,-0.002010352852397479,0,HYBRID_KELLY_MPT,38017.82965125914,29859.275300332163,True,False,"{'XOM': 0.27713430917066645, 'AGFS': 0.2999999999999999, 'PM': 0.0, 'BSAC': 0.12286569082933387, 'NVS': 0.0, 'DHR': 0.0, 'CHTR': 0.29999999999999993, 'VZ': 2.363560736018399e-17, 'PCG': 0.0}","[{'date': Timestamp('2017-04-11 00:00:00'), 'exit_date': Timestamp('2017-04-19 00:00:00'), 'ticker': 'XOM', 'sector': 'Basic Matierials', 'allocated_amount': 10000.0, 'prob_up': 0.836962890625, 'expected_rise': 0.01150132879304298, 'actual_return': -0.02836791542095196, 'pnl': -283.6791542095196, 'exit_reason': 'scheduled'}, {'date': Timestamp('2017-04-11 00:00:00'), 'exit_date': Timestamp('2017-04-19 00:00:00'), 'ticker': 'BSAC', 'sector': 'Financial', 'allocated_amount': 7504.745643175411, 'prob_up': 0.6956521739130435, 'expected_rise': 0.010570274563866867, 'actual_return': -0.04677419543444339, 'pnl': -351.0284393996742, 'exit_reason': 'scheduled'}, {'date': Timestamp('2017-04-11 00:00:00'), 'exit_date': Timestamp('2017-04-19 00:00:00'), 'ticker': 'CHTR', 'sector': 'Services', 'allocated_amount': 10000.0, 'prob_up': 0.6923076923076923, 'expected_rise': 0.013230157726963692, 'actual_return': 0.003942211999116818, 'pnl': 39.42211999116818, 'exit_reason': 'scheduled'}, {'date': Timestamp('2017-04-11 00:00:00'), 'exit_date': Timestamp('2017-04-19 00:00:00'), 'ticker': 'AGFS', 'sector': 'Conglomerates', 'allocated_amount': 2495.254356824589, 'prob_up': 0.6666666666666666, 'expected_rise': 0.030266921064626355, 'actual_return': 0.15799999999999992, 'pnl': 394.25018837828486, 'exit_reason': 'scheduled'}]","[{'ticker': 'XOM', 'sector': 'Basic Matierials', 'expected_rise': 0.011456038036370493, 'prob_up': 0.836962890625, 'investment_fraction': 0.13143743101046562, 'investment_amount': 10536.04495656978, 'predicted_prob': 0.836962890625, 'allocated_amount': 9979.896471476026, 'exit_date': Timestamp('2017-04-26 00:00:00')}, {'ticker': 'AGFS', 'sector': 'Conglomerates', 'expected_rise': 0.041112856298235856, 'prob_up': 0.7419354838709677, 'investment_fraction': 0.10759785892187829, 'investment_amount': 11405.348895377738, 'predicted_prob': 0.7419354838709677, 'allocated_amount': 9979.896471476026, 'exit_date': Timestamp('2017-04-26 00:00:00')}, {'ticker': 'BSAC', 'sector': 'Financial', 'expected_rise': 0.010540961122584083, 'prob_up': 0.6956521739130435, 'investment_fraction': 0.08163299852876482, 'investment_amount': 4671.086903933888, 'predicted_prob': 0.6956521739130435, 'allocated_amount': 4671.086903933888, 'exit_date': Timestamp('2017-04-26 00:00:00')}, {'ticker': 'CHTR', 'sector': 'Services', 'expected_rise': 0.01319184662162107, 'prob_up': 0.6923076923076923, 'investment_fraction': 0.08926961254941213, 'investment_amount': 11405.34889537774, 'predicted_prob': 0.6923076923076923, 'allocated_amount': 5228.395453446225, 'exit_date': Timestamp('2017-04-26 00:00:00')}]",5,100000.0,853,True,False,42,/mnt/primary/simulation/trained_models_meta,12,12,0.2,0.3,200,5,60,1.0,0.0001,0.3,True,True,0.3,0.7,0.3,0.5,0.5,0.1,3,100.0,0.5,"[[0.08, 0.6], [0.15, 0.35]]",meta,base,0.1451768429443134,15,128,32,1,0.6000000000000001,0.0,0.001415745628709,2.5137050405220336e-07,32.0,50,10,0.0046437191828983,10,0.8
2017-04-20,60120.17365956311,30126.338971594527,99979.44895989528,99979.44895989528,180.48424513502243,0.0018084781305185427,0,HYBRID_KELLY_MPT,38485.36790708899,29993.83468796858,True,False,"{'XOM': 0.10000000000000088, 'AGFS': 0.2999999999999999, 'PM': 1.0333530905959339e-15, 'BSAC': 0.29999999999999905, 'NVS': 0.0, 'HON': 0.0, 'CHTR': 0.2999999999999991, 'VZ': 0.0, 'PCG': 0.0}","[{'date': Timestamp('2017-04-12 00:00:00'), 'exit_date': Timestamp('2017-04-20 00:00:00'), 'ticker': 'XOM', 'sector': 'Basic Matierials', 'allocated_amount': 10000.0, 'prob_up': 0.836962890625, 'expected_rise': 0.011478503473172457, 'actual_return': -0.023622983926443464, 'pnl': -236.22983926443464, 'exit_reason': 'scheduled'}, {'date': Timestamp('2017-04-12 00:00:00'), 'exit_date': Timestamp('2017-04-20 00:00:00'), 'ticker': 'BSAC', 'sector': 'Financial', 'allocated_amount': 5287.859672937459, 'prob_up': 0.6956521739130435, 'expected_rise': 0.010582094259800143, 'actual_return': -0.04247568942053759, 'pnl': -224.605485167077, 'exit_reason': 'scheduled'}, {'date': Timestamp('2017-04-12 00:00:00'), 'exit_date': Timestamp('2017-04-20 00:00:00'), 'ticker': 'CHTR', 'sector': 'Services', 'allocated_amount': 10000.0, 'prob_up': 0.6923076923076923, 'expected_rise': 0.013190360068004071, 'actual_return': 0.0030486564206575473, 'pnl': 30.486564206575473, 'exit_reason': 'scheduled'}, {'date': Timestamp('2017-04-12 00:00:00'), 'exit_date': Timestamp('2017-04-20 00:00:00'), 'ticker': 'AGFS', 'sector': 'Conglomerates', 'allocated_amount': 4712.1403270625415, 'prob_up': 0.6666666666666666, 'expected_rise': 0.030765797906482796, 'actual_return': 0.12962962962962954, 'pnl': 610.8330053599586, 'exit_reason': 'scheduled'}]","[{'ticker': 'XOM', 'sector': 'Basic Matierials', 'expected_rise': 0.011452470606799872, 'prob_up': 0.836962890625, 'investment_fraction': 0.13139650117271678, 'investment_amount': 3848.536790708933, 'predicted_prob': 0.836962890625, 'allocated_amount': 3848.536790708933, 'exit_date': Timestamp('2017-04-27 00:00:00')}, {'ticker': 'BSAC', 'sector': 'Financial', 'expected_rise': 0.01325684830254044, 'prob_up': 0.75, 'investment_fraction': 0.10266580678859816, 'investment_amount': 11545.61037212666, 'predicted_prob': 0.75, 'allocated_amount': 9997.944895989529, 'exit_date': Timestamp('2017-04-27 00:00:00')}, {'ticker': 'CHTR', 'sector': 'Services', 'expected_rise': 0.013154672667517107, 'prob_up': 0.6923076923076923, 'investment_fraction': 0.08918007788029231, 'investment_amount': 11545.610372126663, 'predicted_prob': 0.6923076923076923, 'allocated_amount': 9997.944895989529, 'exit_date': Timestamp('2017-04-27 00:00:00')}, {'ticker': 'AGFS', 'sector': 'Conglomerates', 'expected_rise': 0.031187608058279897, 'prob_up': 0.6666666666666666, 'investment_fraction': 0.08102967305614514, 'investment_amount': 11545.610372126694, 'predicted_prob': 0.6666666666666666, 'allocated_amount': 6149.408105280589, 'exit_date': Timestamp('2017-04-27 00:00:00')}]",5,100000.0,853,True,False,42,/mnt/primary/simulation/trained_models_meta,12,12,0.2,0.3,200,5,60,1.0,0.0001,0.3,True,True,0.3,0.7,0.3,0.5,0.5,0.1,3,100.0,0.5,"[[0.08, 0.6], [0.15, 0.35]]",meta,base,0.1451768429443134,15,128,32,1,0.6000000000000001,0.0,0.001415745628709,2.5137050405220336e-07,32.0,50,10,0.0046437191828983,10,0.8
2017-04-21,39909.562130443665,29928.80163562332,99762.6721187444,99762.6721187444,-216.7768411508829,-0.002168214002037816,0,HYBRID_KELLY_MPT,25555.848501461052,9980.760494820339,True,False,"{'XOM': 0.09999999999999759, 'AGFS': 0.3000000000000001, 'PM': 1.8624424918956003e-15, 'BSAC': 0.3000000000000001, 'NVS': 0.0, 'HON': 1.6891869847324164e-16, 'CHTR': 0.3, 'VZ': 0.0, 'PCG': 1.1579279202145192e-16}","[{'date': Timestamp('2017-04-13 00:00:00'), 'exit_date': Timestamp('2017-04-21 00:00:00'), 'ticker': 'XOM', 'sector': 'Basic Matierials', 'allocated_amount': 6722.33198498967, 'prob_up': 0.836962890625, 'expected_rise': 0.011455059779663756, 'actual_return': -0.012241400116503875, 'pnl': -82.29075554423027, 'exit_reason': 'scheduled'}, {'date': Timestamp('2017-04-13 00:00:00'), 'exit_date': Timestamp('2017-04-21 00:00:00'), 'ticker': 'BSAC', 'sector': 'Financial', 'allocated_amount': 3130.901884872701, 'prob_up': 0.6956521739130435, 'expected_rise': 0.010594713366159431, 'actual_return': -0.04415901244480125, 'pnl': -138.2575352975453, 'exit_reason': 'scheduled'}, {'date': Timestamp('2017-04-13 00:00:00'), 'exit_date': Timestamp('2017-04-21 00:00:00'), 'ticker': 'CHTR', 'sector': 'Services', 'allocated_amount': 146.76613013763563, 'prob_up': 0.6923076923076923, 'expected_rise': 0.013158610550804419, 'actual_return': 0.02569700303030298, 'pnl': 3.771449690892664, 'exit_reason': 'scheduled'}]","[{'ticker': 'XOM', 'sector': 'Basic Matierials', 'expected_rise': 0.011450766506045928, 'prob_up': 0.836962890625, 'investment_fraction': 0.13137694968165414, 'investment_amount': 2555.5848501460437, 'predicted_prob': 0.836962890625, 'allocated_amount': 2555.5848501460437, 'exit_date': Timestamp('2017-04-28 00:00:00')}, {'ticker': 'BSAC', 'sector': 'Financial', 'expected_rise': 0.013246040540996514, 'prob_up': 0.75, 'investment_fraction': 0.10258210759153688, 'investment_amount': 7666.754550438318, 'predicted_prob': 0.75, 'allocated_amount': 7425.175644674295, 'exit_date': Timestamp('2017-04-28 00:00:00')}]",5,100000.0,853,True,False,42,/mnt/primary/simulation/trained_models_meta,12,12,0.2,0.3,200,5,60,1.0,0.0001,0.3,True,True,0.3,0.7,0.3,0.5,0.5,0.1,3,100.0,0.5,"[[0.08, 0.6], [0.15, 0.35]]",meta,base,0.1451768429443134,15,128,32,1,0.6000000000000001,0.0,0.001415745628709,2.5137050405220336e-07,32.0,50,10,0.0046437191828983,10,0.8
2017-04-24,29928.801635623327,29928.80163562332,99762.6721187444,99762.6721187444,0.0,0.0,0,HYBRID_KELLY_MPT,17092.16263721277,0.0,True,False,"{'XOM': 0.2999999999999997, 'AGFS': 0.2999999999999997, 'PM': 0.10000000000000026, 'BSAC': 0.2999999999999995, 'NVS': 1.231653667943533e-16, 'HON': 1.0408340855860841e-16, 'CHTR': 2.1684043449710086e-16, 'VZ': 6.591949208711867e-17, 'PCG': 2.393918396847994e-16}",[],[],5,100000.0,853,True,False,42,/mnt/primary/simulation/trained_models_meta,12,12,0.2,0.3,200,5,60,1.0,0.0001,0.3,True,True,0.3,0.7,0.3,0.5,0.5,0.1,3,100.0,0.5,"[[0.08, 0.6], [0.15, 0.35]]",meta,base,0.1451768429443134,15,128,32,1,0.6000000000000001,0.0,0.001415745628709,2.5137050405220336e-07,32.0,50,10,0.0046437191828983,10,0.8
2017-04-25,29928.801635623327,29928.80163562332,99762.6721187444,99762.6721187444,0.0,0.0,0,HYBRID_KELLY_MPT,18274.353117861167,0.0,True,False,"{'XOM': 0.2999999999999996, 'AGFS': 0.29999999999999993, 'PM': 0.09999999999999988, 'BSAC': 0.2999999999999999, 'UNH': 1.3444106938820255e-16, 'HON': 9.00972005335454e-17, 'CHTR': 8.510987054011209e-17, 'VZ': 9.931291899967219e-17, 'PCG': 1.5048726154098802e-16}",[],[],5,100000.0,853,True,False,42,/mnt/primary/simulation/trained_models_meta,12,12,0.2,0.3,200,5,60,1.0,0.0001,0.3,True,True,0.3,0.7,0.3,0.5,0.5,0.1,3,100.0,0.5,"[[0.08, 0.6], [0.15, 0.35]]",meta,base,0.1451768429443134,15,128,32,1,0.6000000000000001,0.0,0.001415745628709,2.5137050405220336e-07,32.0,50,10,0.0046437191828983,10,0.8
2017-04-26,59991.80895620921,30001.887714509776,99966.40413899813,99966.40413899814,203.7320202537288,0.0020421668338155285,0,HYBRID_KELLY_MPT,36806.90141430357,29989.921241699438,True,False,"{'XOM': 0.29999999999999966, 'AGFS': 0.2999999999999997, 'PM': 0.058720693104079597, 'BSAC': 0.30000000000000004, 'UNH': 0.041279306895920694, 'HON': 1.2056328158038812e-16, 'DIS': 5.551115123125784e-17, 'VZ': 1.0061396160665484e-16, 'PCG': 0.0}","[{'date': Timestamp('2017-04-19 00:00:00'), 'exit_date': Timestamp('2017-04-26 00:00:00'), 'ticker': 'XOM', 'sector': 'Basic Matierials', 'allocated_amount': 9979.896471476026, 'prob_up': 0.836962890625, 'expected_rise': 0.011456038036370493, 'actual_return': 0.011305802243901208, 'pnl': 112.8307359211154, 'exit_reason': 'scheduled'}, {'date': Timestamp('2017-04-19 00:00:00'), 'exit_date': Timestamp('2017-04-26 00:00:00'), 'ticker': 'AGFS', 'sector': 'Conglomerates', 'allocated_amount': 9979.896471476026, 'prob_up': 0.7419354838709677, 'expected_rise': 0.041112856298235856, 'actual_return': -0.015544041450777146, 'pnl': -155.12792442708792, 'exit_reason': 'scheduled'}, {'date': Timestamp('2017-04-19 00:00:00'), 'exit_date': Timestamp('2017-04-26 00:00:00'), 'ticker': 'BSAC', 'sector': 'Financial', 'allocated_amount': 4671.086903933888, 'prob_up': 0.6956521739130435, 'expected_rise': 0.010540961122584083, 'actual_return': 0.013113452331364295, 'pnl': 61.25407545039707, 'exit_reason': 'scheduled'}, {'date': Timestamp('2017-04-19 00:00:00'), 'exit_date': Timestamp('2017-04-26 00:00:00'), 'ticker': 'CHTR', 'sector': 'Services', 'allocated_amount': 5228.395453446225, 'prob_up': 0.6923076923076923, 'expected_rise': 0.01319184662162107, 'actual_return': 0.03534069581280663, 'pnl': 184.77513330930424, 'exit_reason': 'scheduled'}]","[{'ticker': 'XOM', 'sector': 'Basic Matierials', 'expected_rise': 0.01144126995764278, 'prob_up': 0.836962890625, 'investment_fraction': 0.13142506982615842, 'investment_amount': 11042.070424291058, 'predicted_prob': 0.836962890625, 'allocated_amount': 9996.640413899813, 'exit_date': Timestamp('2017-05-03 00:00:00')}, {'ticker': 'PM', 'sector': 'Consumer Goods', 'expected_rise': 0.009716147043654134, 'prob_up': 0.80408935546875, 'investment_fraction': 0.11647725525959701, 'investment_amount': 2161.326762061433, 'predicted_prob': 0.80408935546875, 'allocated_amount': 2161.326762061433, 'exit_date': Timestamp('2017-05-03 00:00:00')}, {'ticker': 'BSAC', 'sector': 'Financial', 'expected_rise': 0.013211586720649211, 'prob_up': 0.75, 'investment_fraction': 0.1023152848006155, 'investment_amount': 11042.070424291072, 'predicted_prob': 0.75, 'allocated_amount': 9996.640413899813, 'exit_date': Timestamp('2017-05-03 00:00:00')}, {'ticker': 'AGFS', 'sector': 'Conglomerates', 'expected_rise': 0.032419573283452865, 'prob_up': 0.6666666666666666, 'investment_fraction': 0.0822558446964108, 'investment_amount': 11042.07042429106, 'predicted_prob': 0.6666666666666666, 'allocated_amount': 7835.31365183838, 'exit_date': Timestamp('2017-05-03 00:00:00')}]",5,100000.0,853,True,False,42,/mnt/primary/simulation/trained_models_meta,12,12,0.2,0.3,200,5,60,1.0,0.0001,0.3,True,True,0.3,0.7,0.3,0.5,0.5,0.1,3,100.0,0.5,"[[0.08, 0.6], [0.15, 0.35]]",meta,base,0.1451768429443134,15,128,32,1,0.6000000000000001,0.0,0.001415745628709,2.5137050405220336e-07,32.0,50,10,0.0046437191828983,10,0.8
2017-04-27,60736.998538596075,30524.694456061326,100707.68027511585,100707.68027511585,741.2761361177293,0.007415252579126452,0,HYBRID_KELLY_MPT,42775.306111453516,30212.304082534756,True,False,"{'XOM': 0.3, 'AGFS': 0.3, 'PM': 0.05823800625618514, 'BSAC': 0.3, 'UNH': 0.04176199374381494, 'HON': 0.0, 'DIS': 0.0, 'VZ': 0.0, 'PCG': 0.0}","[{'date': Timestamp('2017-04-20 00:00:00'), 'exit_date': Timestamp('2017-04-27 00:00:00'), 'ticker': 'XOM', 'sector': 'Basic Matierials', 'allocated_amount': 3848.536790708933, 'prob_up': 0.836962890625, 'expected_rise': 0.011452470606799872, 'actual_return': 0.0030860386844577814, 'pnl': 11.876733414686768, 'exit_reason': 'scheduled'}, {'date': Timestamp('2017-04-20 00:00:00'), 'exit_date': Timestamp('2017-04-27 00:00:00'), 'ticker': 'BSAC', 'sector': 'Financial', 'allocated_amount': 9997.944895989529, 'prob_up': 0.75, 'expected_rise': 0.01325684830254044, 'actual_return': -0.003379805661174573, 'pnl': -33.79111075957684, 'exit_reason': 'scheduled'}, {'date': Timestamp('2017-04-20 00:00:00'), 'exit_date': Timestamp('2017-04-27 00:00:00'), 'ticker': 'CHTR', 'sector': 'Services', 'allocated_amount': 9997.944895989529, 'prob_up': 0.6923076923076923, 'expected_rise': 0.013154672667517107, 'actual_return': 0.039363485674346554, 'pnl': 393.55396068619007, 'exit_reason': 'scheduled'}, {'date': Timestamp('2017-04-20 00:00:00'), 'exit_date': Timestamp('2017-04-27 00:00:00'), 'ticker': 'AGFS', 'sector': 'Conglomerates', 'allocated_amount': 6149.408105280589, 'prob_up': 0.6666666666666666, 'expected_rise': 0.031187608058279897, 'actual_return': 0.060109289617486406, 'pnl': 369.63655277642926, 'exit_reason': 'scheduled'}]","[{'ticker': 'BSAC', 'sector': 'Financial', 'expected_rise': 0.024829149167827098, 'prob_up': 0.9808349609375, 'investment_fraction': 0.19250726558290143, 'investment_amount': 12832.591833436054, 'predicted_prob': 0.9808349609375, 'allocated_amount': 10070.768027511585, 'exit_date': Timestamp('2017-05-04 00:00:00')}, {'ticker': 'XOM', 'sector': 'Basic Matierials', 'expected_rise': 0.01142952305873702, 'prob_up': 0.836962890625, 'investment_fraction': 0.13139605288717043, 'investment_amount': 12832.591833436054, 'predicted_prob': 0.836962890625, 'allocated_amount': 10070.768027511585, 'exit_date': Timestamp('2017-05-04 00:00:00')}, {'ticker': 'PM', 'sector': 'Consumer Goods', 'expected_rise': 0.009713251730911579, 'prob_up': 0.80408935546875, 'investment_fraction': 0.11644254622525906, 'investment_amount': 2491.148544929064, 'predicted_prob': 0.80408935546875, 'allocated_amount': 2491.148544929064, 'exit_date': Timestamp('2017-05-04 00:00:00')}, {'ticker': 'AGFS', 'sector': 'Conglomerates', 'expected_rise': 0.032522675844780184, 'prob_up': 0.6666666666666666, 'investment_fraction': 0.08251743938793225, 'investment_amount': 12832.591833436054, 'predicted_prob': 0.6666666666666666, 'allocated_amount': 7579.619482582522, 'exit_date': Timestamp('2017-05-04 00:00:00')}]",5,100000.0,853,True,False,42,/mnt/primary/simulation/trained_models_meta,12,12,0.2,0.3,200,5,60,1.0,0.0001,0.3,True,True,0.3,0.7,0.3,0.5,0.5,0.1,3,100.0,0.5,"[[0.08, 0.6], [0.15, 0.35]]",meta,base,0.1451768429443134,15,128,32,1,0.6000000000000001,0.0,0.001415745628709,2.5137050405220336e-07,32.0,50,10,0.0046437191828983,10,0.8
2017-04-28,40479.726519560994,30204.58555313856,100681.95184379519,100681.95184379518,-25.72843132067407,-0.00025547635741762775,0,HYBRID_KELLY_MPT,28491.980251211506,10275.140966422425,True,False,"{'XOM': 0.3000000000000001, 'AGFS': 0.30000000000000004, 'PM': 0.05454186054834945, 'BSAC': 0.3000000000000001, 'UNH': 0.045458139451650045, 'HON': 2.1163626406917056e-16, 'DIS': 0.0, 'VZ': 2.25514051876985e-17, 'PCG': 0.0}","[{'date': Timestamp('2017-04-21 00:00:00'), 'exit_date': Timestamp('2017-04-28 00:00:00'), 'ticker': 'XOM', 'sector': 'Basic Matierials', 'allocated_amount': 2555.5848501460437, 'prob_up': 0.836962890625, 'expected_rise': 0.011450766506045928, 'actual_return': 0.011897384759018692, 'pnl': 30.404776246506607, 'exit_reason': 'scheduled'}, {'date': Timestamp('2017-04-21 00:00:00'), 'exit_date': Timestamp('2017-04-28 00:00:00'), 'ticker': 'BSAC', 'sector': 'Financial', 'allocated_amount': 7425.175644674295, 'prob_up': 0.75, 'expected_rise': 0.013246040540996514, 'actual_return': -0.0075598491205312035, 'pnl': -56.133207567180676, 'exit_reason': 'scheduled'}]","[{'ticker': 'BSAC', 'sector': 'Financial', 'expected_rise': 0.024830116505366755, 'prob_up': 0.9808349609375, 'investment_fraction': 0.19251476561858114, 'investment_amount': 8547.594075363455, 'predicted_prob': 0.9808349609375, 'allocated_amount': 8547.594075363455, 'exit_date': Timestamp('2017-05-05 00:00:00')}, {'ticker': 'XOM', 'sector': 'Basic Matierials', 'expected_rise': 0.011402051060585493, 'prob_up': 0.836962890625, 'investment_fraction': 0.13132800901670158, 'investment_amount': 8547.594075363455, 'predicted_prob': 0.836962890625, 'allocated_amount': 1727.5468910589698, 'exit_date': Timestamp('2017-05-05 00:00:00')}]",5,100000.0,853,True,False,42,/mnt/primary/simulation/trained_models_meta,12,12,0.2,0.3,200,5,60,1.0,0.0001,0.3,True,True,0.3,0.7,0.3,0.5,0.5,0.1,3,100.0,0.5,"[[0.08, 0.6], [0.15, 0.35]]",meta,base,0.1451768429443134,15,128,32,1,0.6000000000000001,0.0,0.001415745628709,2.5137050405220336e-07,32.0,50,10,0.0046437191828983,10,0.8
2017-05-01,30204.58555313856,30204.58555313856,100681.95184379518,100681.95184379518,0.0,0.0,0,HYBRID_KELLY_MPT,21266.439626107607,0.0,True,False,"{'XOM': 0.29999999999999954, 'AGFS': 0.29999999999999993, 'PM': 0.054662002471308785, 'BSAC': 0.29999999999999977, 'UNH': 0.045337997528692005, 'HON': 0.0, 'DIS': 2.4069288229178192e-17, 'VZ': 0.0, 'PCG': 2.466559942404522e-17}",[],[],5,100000.0,853,True,False,42,/mnt/primary/simulation/trained_models_meta,12,12,0.2,0.3,200,5,60,1.0,0.0001,0.3,True,True,0.3,0.7,0.3,0.5,0.5,0.1,3,100.0,0.5,"[[0.08, 0.6], [0.15, 0.35]]",meta,base,0.1451768429443134,15,128,32,1,0.6000000000000001,0.0,0.001415745628709,2.5137050405220336e-07,32.0,50,10,0.0046437191828983,10,0.8
2017-05-02,30204.58555313856,30204.58555313856,100681.95184379518,100681.95184379518,0.0,0.0,0,HYBRID_KELLY_MPT,22733.456599643683,0.0,True,False,"{'XOM': 0.09999999999999959, 'AGFS': 0.29999999999999954, 'PM': 4.640385298237959e-16, 'BSAC': 0.29999999999999977, 'UNH': 6.062858548538941e-16, 'HON': 1.0755285551056203e-16, 'CHTR': 0.2999999999999993, 'VZ': 1.752070710736575e-16, 'PPL': 3.831570477563772e-16}",[],[],5,100000.0,853,True,False,42,/mnt/primary/simulation/trained_models_meta,12,12,0.2,0.3,200,5,60,1.0,0.0001,0.3,True,True,0.3,0.7,0.3,0.5,0.5,0.1,3,100.0,0.5,"[[0.08, 0.6], [0.15, 0.35]]",meta,base,0.1451768429443134,15,128,32,1,0.6000000000000001,0.0,0.001415745628709,2.5137050405220336e-07,32.0,50,10,0.0046437191828983,10,0.8
2017-05-03,60053.54071345495,30162.295728723642,100540.98576241214,100540.98576241214,-140.96608138305885,-0.001400112719325719,0,HYBRID_KELLY_MPT,46708.28917018878,29891.244984731304,True,False,"{'XOM': 0.10000000000000006, 'AGFS': 0.3, 'PM': 0.0, 'BSAC': 0.3, 'UNH': 1.2576745200831851e-16, 'LMT': 0.0, 'CHTR': 0.3, 'VZ': 0.0, 'PCG': 0.0}","[{'date': Timestamp('2017-04-26 00:00:00'), 'exit_date': Timestamp('2017-05-03 00:00:00'), 'ticker': 'XOM', 'sector': 'Basic Matierials', 'allocated_amount': 9996.640413899813, 'prob_up': 0.836962890625, 'expected_rise': 0.01144126995764278, 'actual_return': 0.015970454153060087, 'pnl': 159.65088741481458, 'exit_reason': 'scheduled'}, {'date': Timestamp('2017-04-26 00:00:00'), 'exit_date': Timestamp('2017-05-03 00:00:00'), 'ticker': 'PM', 'sector': 'Consumer Goods', 'allocated_amount': 2161.326762061433, 'prob_up': 0.80408935546875, 'expected_rise': 0.009716147043654134, 'actual_return': -0.004858308504573916, 'pnl': -10.500392189286265, 'exit_reason': 'scheduled'}, {'date': Timestamp('2017-04-26 00:00:00'), 'exit_date': Timestamp('2017-05-03 00:00:00'), 'ticker': 'BSAC', 'sector': 'Financial', 'allocated_amount': 9996.640413899813, 'prob_up': 0.75, 'expected_rise': 0.013211586720649211, 'actual_return': 0.010855865935036846, 'pnl': 108.52218813406762, 'exit_reason': 'scheduled'}, {'date': Timestamp('2017-04-26 00:00:00'), 'exit_date': Timestamp('2017-05-03 00:00:00'), 'ticker': 'AGFS', 'sector': 'Conglomerates', 'allocated_amount': 7835.31365183838, 'prob_up': 0.6666666666666666, 'expected_rise': 0.032419573283452865, 'actual_return': -0.05087719298245619, 'pnl': -398.63876474265476, 'exit_reason': 'scheduled'}]","[{'ticker': 'BSAC', 'sector': 'Financial', 'expected_rise': 0.024742603006568296, 'prob_up': 0.9808349609375, 'investment_fraction': 0.19250799046612183, 'investment_amount': 14012.486751056633, 'predicted_prob': 0.9808349609375, 'allocated_amount': 10054.098576241215, 'exit_date': Timestamp('2017-05-10 00:00:00')}, {'ticker': 'XOM', 'sector': 'Basic Matierials', 'expected_rise': 0.01135521253377811, 'prob_up': 0.836962890625, 'investment_fraction': 0.1312114021607776, 'investment_amount': 4670.828917018881, 'predicted_prob': 0.836962890625, 'allocated_amount': 4670.828917018881, 'exit_date': Timestamp('2017-05-10 00:00:00')}, {'ticker': 'CHTR', 'sector': 'Services', 'expected_rise': 0.013126824026398046, 'prob_up': 0.6923076923076923, 'investment_fraction': 0.08912658423638219, 'investment_amount': 14012.486751056633, 'predicted_prob': 0.6923076923076923, 'allocated_amount': 10054.098576241215, 'exit_date': Timestamp('2017-05-10 00:00:00')}, {'ticker': 'AGFS', 'sector': 'Conglomerates', 'expected_rise': 0.032752094029144696, 'prob_up': 0.6666666666666666, 'investment_fraction': 0.083230404128189, 'investment_amount': 14012.486751056633, 'predicted_prob': 0.6666666666666666, 'allocated_amount': 5112.218915229991, 'exit_date': Timestamp('2017-05-10 00:00:00')}]",5,100000.0,853,True,False,42,/mnt/primary/simulation/trained_models_meta,12,12,0.2,0.3,200,5,60,1.0,0.0001,0.3,True,True,0.3,0.7,0.3,0.5,0.5,0.1,3,100.0,0.5,"[[0.08, 0.6], [0.15, 0.35]]",meta,base,0.1451768429443134,15,128,32,1,0.6000000000000001,0.0,0.001415745628709,2.5137050405220336e-07,32.0,50,10,0.0046437191828983,10,0.8
2017-05-04,59850.96360024045,30005.204865418258,100017.34955139417,100017.34955139419,-523.6362110179451,-0.005208186562397188,0,HYBRID_KELLY_MPT,46453.88687156646,29845.7587348222,True,False,"{'XOM': 0.09999999999999991, 'AGFS': 0.3, 'PM': 0.0, 'BSAC': 0.3, 'UNH': 1.6859343782149594e-17, 'HON': 0.0, 'CHTR': 0.3, 'VZ': 0.0, 'PCG': 0.0}","[{'date': Timestamp('2017-04-27 00:00:00'), 'exit_date': Timestamp('2017-05-04 00:00:00'), 'ticker': 'BSAC', 'sector': 'Financial', 'allocated_amount': 10070.768027511585, 'prob_up': 0.9808349609375, 'expected_rise': 0.024829149167827098, 'actual_return': 0.018652013565069847, 'pnl': 187.8401018598178, 'exit_reason': 'scheduled'}, {'date': Timestamp('2017-04-27 00:00:00'), 'exit_date': Timestamp('2017-05-04 00:00:00'), 'ticker': 'XOM', 'sector': 'Basic Matierials', 'allocated_amount': 10070.768027511585, 'prob_up': 0.836962890625, 'expected_rise': 0.01142952305873702, 'actual_return': 0.004676310492830238, 'pnl': 47.09403819791171, 'exit_reason': 'scheduled'}, {'date': Timestamp('2017-04-27 00:00:00'), 'exit_date': Timestamp('2017-05-04 00:00:00'), 'ticker': 'PM', 'sector': 'Consumer Goods', 'allocated_amount': 2491.148544929064, 'prob_up': 0.80408935546875, 'expected_rise': 0.009713251730911579, 'actual_return': 0.009165940481605572, 'pnl': 22.833719293658124, 'exit_reason': 'scheduled'}, {'date': Timestamp('2017-04-27 00:00:00'), 'exit_date': Timestamp('2017-05-04 00:00:00'), 'ticker': 'AGFS', 'sector': 'Conglomerates', 'allocated_amount': 7579.619482582522, 'prob_up': 0.6666666666666666, 'expected_rise': 0.032522675844780184, 'actual_return': -0.10309278350515472, 'pnl': -781.4040703693328, 'exit_reason': 'scheduled'}]","[{'ticker': 'BSAC', 'sector': 'Financial', 'expected_rise': 0.024708809333428665, 'prob_up': 0.9808349609375, 'investment_fraction': 0.19250307960171242, 'investment_amount': 13936.166061469938, 'predicted_prob': 0.9808349609375, 'allocated_amount': 10001.734955139418, 'exit_date': Timestamp('2017-05-11 00:00:00')}, {'ticker': 'XOM', 'sector': 'Basic Matierials', 'expected_rise': 0.011352667754108805, 'prob_up': 0.836962890625, 'investment_fraction': 0.13120504520378004, 'investment_amount': 4645.388687156642, 'predicted_prob': 0.836962890625, 'allocated_amount': 4645.388687156642, 'exit_date': Timestamp('2017-05-11 00:00:00')}, {'ticker': 'CHTR', 'sector': 'Services', 'expected_rise': 0.013096688641355124, 'prob_up': 0.6923076923076923, 'investment_fraction': 0.0889219754194953, 'investment_amount': 13936.166061469938, 'predicted_prob': 0.6923076923076923, 'allocated_amount': 10001.73495513942, 'exit_date': Timestamp('2017-05-11 00:00:00')}, {'ticker': 'AGFS', 'sector': 'Conglomerates', 'expected_rise': 0.03277059737248527, 'prob_up': 0.6666666666666666, 'investment_fraction': 0.0832774252665195, 'investment_amount': 13936.166061469938, 'predicted_prob': 0.6666666666666666, 'allocated_amount': 5196.900137386721, 'exit_date': Timestamp('2017-05-11 00:00:00')}]",5,100000.0,853,True,False,42,/mnt/primary/simulation/trained_models_meta,12,12,0.2,0.3,200,5,60,1.0,0.0001,0.3,True,True,0.3,0.7,0.3,0.5,0.5,0.1,3,100.0,0.5,"[[0.08, 0.6], [0.15, 0.35]]",meta,base,0.1451768429443134,15,128,32,1,0.6000000000000001,0.0,0.001415745628709,2.5137050405220336e-07,32.0,50,10,0.0046437191828983,10,0.8
2017-05-05,40454.56866663757,30057.47171585732,100191.57238619108,100191.57238619107,174.2228347968759,0.0017419261315994028,0,HYBRID_KELLY_MPT,31381.23714528272,10397.096950780242,True,False,"{'XOM': 0.10000000000000006, 'AGFS': 0.29999999999999993, 'PM': 0.0, 'BSAC': 0.29999999999999993, 'UNH': 2.7430314963883262e-17, 'HON': 0.0, 'CHTR': 0.3, 'VZ': 0.0, 'PCG': 7.060866648311848e-17}","[{'date': Timestamp('2017-04-28 00:00:00'), 'exit_date': Timestamp('2017-05-05 00:00:00'), 'ticker': 'BSAC', 'sector': 'Financial', 'allocated_amount': 8547.594075363455, 'prob_up': 0.9808349609375, 'expected_rise': 0.024830116505366755, 'actual_return': 0.0194668226604664, 'pnl': 166.39449803875362, 'exit_reason': 'scheduled'}, {'date': Timestamp('2017-04-28 00:00:00'), 'exit_date': Timestamp('2017-05-05 00:00:00'), 'ticker': 'XOM', 'sector': 'Basic Matierials', 'allocated_amount': 1727.5468910589698, 'prob_up': 0.836962890625, 'expected_rise': 0.011402051060585493, 'actual_return': 0.004531475700392473, 'pnl': 7.828336758122285, 'exit_reason': 'scheduled'}]","[{'ticker': 'BSAC', 'sector': 'Financial', 'expected_rise': 0.02469287288598914, 'prob_up': 0.9808349609375, 'investment_fraction': 0.19250075915547304, 'investment_amount': 9414.371143584814, 'predicted_prob': 0.9808349609375, 'allocated_amount': 9414.371143584814, 'exit_date': Timestamp('2017-05-12 00:00:00')}, {'ticker': 'XOM', 'sector': 'Basic Matierials', 'expected_rise': 0.011328699642091067, 'prob_up': 0.836962890625, 'investment_fraction': 0.1311450621621247, 'investment_amount': 3138.123714528274, 'predicted_prob': 0.836962890625, 'allocated_amount': 982.7258071954275, 'exit_date': Timestamp('2017-05-12 00:00:00')}]",5,100000.0,853,True,False,42,/mnt/primary/simulation/trained_models_meta,12,12,0.2,0.3,200,5,60,1.0,0.0001,0.3,True,True,0.3,0.7,0.3,0.5,0.5,0.1,3,100.0,0.5,"[[0.08, 0.6], [0.15, 0.35]]",meta,base,0.1451768429443134,15,128,32,1,0.6000000000000001,0.0,0.001415745628709,2.5137050405220336e-07,32.0,50,10,0.0046437191828983,10,0.8
2017-05-08,30057.47171585732,30057.47171585732,100191.57238619107,100191.57238619107,0.0,0.0,0,HYBRID_KELLY_MPT,23315.721776506103,0.0,True,False,"{'XOM': 0.1000000000000001, 'AGFS': 0.2999999999999999, 'PM': 5.07406616723216e-17, 'BSAC': 0.2999999999999995, 'UNH': 0.0, 'HON': 5.589062199162775e-17, 'CHTR': 0.3, 'VZ': 3.5128150388530344e-17, 'PCG': 3.3138639402019443e-16}",[],[],5,100000.0,853,True,False,42,/mnt/primary/simulation/trained_models_meta,12,12,0.2,0.3,200,5,60,1.0,0.0001,0.3,True,True,0.3,0.7,0.3,0.5,0.5,0.1,3,100.0,0.5,"[[0.08, 0.6], [0.15, 0.35]]",meta,base,0.1451768429443134,15,128,32,1,0.6000000000000001,0.0,0.001415745628709,2.5137050405220336e-07,32.0,50,10,0.0046437191828983,10,0.8
2017-05-09,30057.47171585732,30057.47171585732,100191.57238619107,100191.57238619107,0.0,0.0,0,HYBRID_KELLY_MPT,23339.879085247936,0.0,True,False,"{'XOM': 0.09999999999999969, 'AGFS': 0.2999999999999999, 'PM': 4.310787837802366e-16, 'BSAC': 0.2999999999999995, 'UNH': 5.434021288497349e-16, 'LMT': 3.422826258536738e-16, 'CHTR': 0.2999999999999996, 'VZ': 7.199102425303751e-17, 'SRE': 1.0451708942760264e-16}",[],[],5,100000.0,853,True,False,42,/mnt/primary/simulation/trained_models_meta,12,12,0.2,0.3,200,5,60,1.0,0.0001,0.3,True,True,0.3,0.7,0.3,0.5,0.5,0.1,3,100.0,0.5,"[[0.08, 0.6], [0.15, 0.35]]",meta,base,0.1451768429443134,15,128,32,1,0.6000000000000001,0.0,0.001415745628709,2.5137050405220336e-07,32.0,50,10,0.0046437191828983,10,0.8
2017-05-10,60804.470508499035,30490.27265026859,101047.32619410148,101047.32619410148,855.7538079104199,0.008541175545303314,0,HYBRID_KELLY_MPT,47261.11379170754,30314.197858230444,True,False,"{'XOM': 0.09999999999999984, 'AGFS': 0.3, 'PM': 0.0, 'BSAC': 0.3, 'UNH': 0.0, 'LMT': 0.0, 'CHTR': 0.3, 'VZ': 0.0, 'SRE': 1.6154612370034016e-16}","[{'date': Timestamp('2017-05-03 00:00:00'), 'exit_date': Timestamp('2017-05-10 00:00:00'), 'ticker': 'BSAC', 'sector': 'Financial', 'allocated_amount': 10054.098576241215, 'prob_up': 0.9808349609375, 'expected_rise': 0.024742603006568296, 'actual_return': -0.02189173985509041, 'pnl': -220.10171050850752, 'exit_reason': 'scheduled'}, {'date': Timestamp('2017-05-03 00:00:00'), 'exit_date': Timestamp('2017-05-10 00:00:00'), 'ticker': 'XOM', 'sector': 'Basic Matierials', 'allocated_amount': 4670.828917018881, 'prob_up': 0.836962890625, 'expected_rise': 0.01135521253377811, 'actual_return': -0.009552515461397126, 'pnl': -44.61816544736366, 'exit_reason': 'scheduled'}, {'date': Timestamp('2017-05-03 00:00:00'), 'exit_date': Timestamp('2017-05-10 00:00:00'), 'ticker': 'CHTR', 'sector': 'Services', 'allocated_amount': 10054.098576241215, 'prob_up': 0.6923076923076923, 'expected_rise': 0.013126824026398046, 'actual_return': 0.003359108242445341, 'pnl': 33.77280539780983, 'exit_reason': 'scheduled'}, {'date': Timestamp('2017-05-03 00:00:00'), 'exit_date': Timestamp('2017-05-10 00:00:00'), 'ticker': 'AGFS', 'sector': 'Conglomerates', 'allocated_amount': 5112.218915229991, 'prob_up': 0.6666666666666666, 'expected_rise': 0.032752094029144696, 'actual_return': 0.21256931608133067, 'pnl': 1086.7008784684813, 'exit_reason': 'scheduled'}]","[{'ticker': 'BSAC', 'sector': 'Financial', 'expected_rise': 0.024679528091331837, 'prob_up': 0.9808349609375, 'investment_fraction': 0.1925039600279208, 'investment_amount': 14178.334137512262, 'predicted_prob': 0.9808349609375, 'allocated_amount': 10104.732619410148, 'exit_date': Timestamp('2017-05-17 00:00:00')}, {'ticker': 'XOM', 'sector': 'Basic Matierials', 'expected_rise': 0.011264579606688, 'prob_up': 0.836962890625, 'investment_fraction': 0.1309836122623764, 'investment_amount': 4726.111379170747, 'predicted_prob': 0.836962890625, 'allocated_amount': 4726.111379170747, 'exit_date': Timestamp('2017-05-17 00:00:00')}, {'ticker': 'CHTR', 'sector': 'Services', 'expected_rise': 0.013011528785286712, 'prob_up': 0.6923076923076923, 'investment_fraction': 0.08834376952062928, 'investment_amount': 14178.334137512262, 'predicted_prob': 0.6923076923076923, 'allocated_amount': 10104.732619410148, 'exit_date': Timestamp('2017-05-17 00:00:00')}, {'ticker': 'AGFS', 'sector': 'Conglomerates', 'expected_rise': 0.03294522296239778, 'prob_up': 0.6666666666666666, 'investment_fraction': 0.08360977606334069, 'investment_amount': 14178.334137512262, 'predicted_prob': 0.6666666666666666, 'allocated_amount': 5378.621240239401, 'exit_date': Timestamp('2017-05-17 00:00:00')}]",5,100000.0,853,True,False,42,/mnt/primary/simulation/trained_models_meta,12,12,0.2,0.3,200,5,60,1.0,0.0001,0.3,True,True,0.3,0.7,0.3,0.5,0.5,0.1,3,100.0,0.5,"[[0.08, 0.6], [0.15, 0.35]]",meta,base,0.1451768429443134,15,128,32,1,0.6000000000000001,0.0,0.001415745628709,2.5137050405220336e-07,32.0,50,10,0.0046437191828983,10,0.8
2017-05-11,61978.0670850197,31171.258516810587,102689.36189403039,102689.36189403037,1642.035699928897,0.016250164767098507,0,HYBRID_KELLY_MPT,45411.52647362945,30806.80856820911,True,False,"{'XOM': 0.3, 'AGFS': 0.3, 'PM': 0.025363810928461114, 'BSAC': 0.3, 'UNH': 0.07463618907153902, 'DHR': 0.0, 'HD': 0.0, 'VZ': 0.0, 'PCG': 0.0}","[{'date': Timestamp('2017-05-04 00:00:00'), 'exit_date': Timestamp('2017-05-11 00:00:00'), 'ticker': 'BSAC', 'sector': 'Financial', 'allocated_amount': 10001.734955139418, 'prob_up': 0.9808349609375, 'expected_rise': 0.024708809333428665, 'actual_return': -0.010819849737001674, 'pnl': -108.21726932392569, 'exit_reason': 'scheduled'}, {'date': Timestamp('2017-05-04 00:00:00'), 'exit_date': Timestamp('2017-05-11 00:00:00'), 'ticker': 'XOM', 'sector': 'Basic Matierials', 'allocated_amount': 4645.388687156642, 'prob_up': 0.836962890625, 'expected_rise': 0.011352667754108805, 'actual_return': 0.011881455314569411, 'pnl': 55.193978105257905, 'exit_reason': 'scheduled'}, {'date': Timestamp('2017-05-04 00:00:00'), 'exit_date': Timestamp('2017-05-11 00:00:00'), 'ticker': 'CHTR', 'sector': 'Services', 'allocated_amount': 10001.73495513942, 'prob_up': 0.6923076923076923, 'expected_rise': 0.013096688641355124, 'actual_return': 0.006230560950454489, 'pnl': 62.31641924828735, 'exit_reason': 'scheduled'}, {'date': Timestamp('2017-05-04 00:00:00'), 'exit_date': Timestamp('2017-05-11 00:00:00'), 'ticker': 'AGFS', 'sector': 'Conglomerates', 'allocated_amount': 5196.900137386721, 'prob_up': 0.6666666666666666, 'expected_rise': 0.03277059737248527, 'actual_return': 0.3141762452107282, 'pnl': 1632.7425718992774, 'exit_reason': 'scheduled'}]","[{'ticker': 'BSAC', 'sector': 'Financial', 'expected_rise': 0.024679645866804874, 'prob_up': 0.9808349609375, 'investment_fraction': 0.19250487869398564, 'investment_amount': 13623.457942088835, 'predicted_prob': 0.9808349609375, 'allocated_amount': 10268.936189403039, 'exit_date': Timestamp('2017-05-18 00:00:00')}, {'ticker': 'XOM', 'sector': 'Basic Matierials', 'expected_rise': 0.011268308880349534, 'prob_up': 0.836962890625, 'investment_fraction': 0.13102697595213297, 'investment_amount': 13623.457942088835, 'predicted_prob': 0.836962890625, 'allocated_amount': 10268.936189403039, 'exit_date': Timestamp('2017-05-18 00:00:00')}, {'ticker': 'PM', 'sector': 'Consumer Goods', 'expected_rise': 0.00964306878552982, 'prob_up': 0.80408935546875, 'investment_fraction': 0.11626662236120243, 'investment_amount': 1151.809371449944, 'predicted_prob': 0.80408935546875, 'allocated_amount': 1151.809371449944, 'exit_date': Timestamp('2017-05-18 00:00:00')}, {'ticker': 'UNH', 'sector': 'Healthcare', 'expected_rise': 0.009917152896025183, 'prob_up': 0.675, 'investment_fraction': 0.08548740893235657, 'investment_amount': 3389.343275913007, 'predicted_prob': 0.675, 'allocated_amount': 3389.343275913007, 'exit_date': Timestamp('2017-05-18 00:00:00')}, {'ticker': 'AGFS', 'sector': 'Conglomerates', 'expected_rise': 0.03352806483078195, 'prob_up': 0.6666666666666666, 'investment_fraction': 0.08415534219108126, 'investment_amount': 13623.457942088835, 'predicted_prob': 0.6666666666666666, 'allocated_amount': 5727.783542040081, 'exit_date': Timestamp('2017-05-18 00:00:00')}]",5,100000.0,853,True,False,42,/mnt/primary/simulation/trained_models_meta,12,12,0.2,0.3,200,5,60,1.0,0.0001,0.3,True,True,0.3,0.7,0.3,0.5,0.5,0.1,3,100.0,0.5,"[[0.08, 0.6], [0.15, 0.35]]",meta,base,0.1451768429443134,15,128,32,1,0.6000000000000001,0.0,0.001415745628709,2.5137050405220336e-07,32.0,50,10,0.0046437191828983,10,0.8
2017-05-12,41449.64976661907,30771.196857917585,102570.65619305862,102570.65619305862,-118.7057009717642,-0.0011559688246407518,0,HYBRID_KELLY_MPT,29931.059048191713,10678.452908701478,True,False,"{'XOM': 0.2999999999999999, 'AGFS': 0.3, 'PM': 0.024379839235123976, 'BSAC': 0.29999999999999993, 'UNH': 0.07562016076487564, 'HON': 2.2898349882893854e-16, 'HD': 2.2979665045830266e-16, 'VZ': 2.1510571102112408e-16, 'SRE': 0.0}","[{'date': Timestamp('2017-05-05 00:00:00'), 'exit_date': Timestamp('2017-05-12 00:00:00'), 'ticker': 'BSAC', 'sector': 'Financial', 'allocated_amount': 9414.371143584814, 'prob_up': 0.9808349609375, 'expected_rise': 0.02469287288598914, 'actual_return': -0.01328352013283518, 'pnl': -125.05598862379145, 'exit_reason': 'scheduled'}, {'date': Timestamp('2017-05-05 00:00:00'), 'exit_date': Timestamp('2017-05-12 00:00:00'), 'ticker': 'XOM', 'sector': 'Basic Matierials', 'allocated_amount': 982.7258071954275, 'prob_up': 0.836962890625, 'expected_rise': 0.011328699642091067, 'actual_return': 0.006461911965200295, 'pnl': 6.3502876520272515, 'exit_reason': 'scheduled'}]","[{'ticker': 'BSAC', 'sector': 'Financial', 'expected_rise': 0.024680261195460216, 'prob_up': 0.9808349609375, 'investment_fraction': 0.19250967834827537, 'investment_amount': 8979.317714457513, 'predicted_prob': 0.9808349609375, 'allocated_amount': 8979.317714457513, 'exit_date': Timestamp('2017-05-19 00:00:00')}, {'ticker': 'XOM', 'sector': 'Basic Matierials', 'expected_rise': 0.011258305710877561, 'prob_up': 0.836962890625, 'investment_fraction': 0.13100168902428272, 'investment_amount': 8979.317714457511, 'predicted_prob': 0.836962890625, 'allocated_amount': 1699.135194243965, 'exit_date': Timestamp('2017-05-19 00:00:00')}]",5,100000.0,853,True,False,42,/mnt/primary/simulation/trained_models_meta,12,12,0.2,0.3,200,5,60,1.0,0.0001,0.3,True,True,0.3,0.7,0.3,0.5,0.5,0.1,3,100.0,0.5,"[[0.08, 0.6], [0.15, 0.35]]",meta,base,0.1451768429443134,15,128,32,1,0.6000000000000001,0.0,0.001415745628709,2.5137050405220336e-07,32.0,50,10,0.0046437191828983,10,0.8
2017-05-15,30771.19685791759,30771.196857917585,102570.65619305862,102570.65619305862,0.0,0.0,0,HYBRID_KELLY_MPT,22634.332927122807,0.0,True,False,"{'XOM': 0.30000000000000004, 'AGFS': 0.30000000000000004, 'PM': 0.023776861219345097, 'BSAC': 0.30000000000000004, 'UNH': 0.07622313878065477, 'LMT': 0.0, 'HD': 0.0, 'VZ': 0.0, 'SRE': 0.0}",[],[],5,100000.0,853,True,False,42,/mnt/primary/simulation/trained_models_meta,12,12,0.2,0.3,200,5,60,1.0,0.0001,0.3,True,True,0.3,0.7,0.3,0.5,0.5,0.1,3,100.0,0.5,"[[0.08, 0.6], [0.15, 0.35]]",meta,base,0.1451768429443134,15,128,32,1,0.6000000000000001,0.0,0.001415745628709,2.5137050405220336e-07,32.0,50,10,0.0046437191828983,10,0.8
2017-05-16,30771.19685791759,30771.196857917585,102570.65619305862,102570.65619305862,0.0,0.0,0,HYBRID_KELLY_MPT,22492.126184638117,0.0,True,False,"{'XOM': 0.2999999999999998, 'AGFS': 0.2999999999999999, 'PM': 0.02451979517544588, 'BSAC': 0.2999999999999999, 'UNH': 0.07548020482455467, 'DHR': 0.0, 'HD': 0.0, 'VZ': 0.0, 'SRE': 0.0}",[],[],5,100000.0,853,True,False,42,/mnt/primary/simulation/trained_models_meta,12,12,0.2,0.3,200,5,60,1.0,0.0001,0.3,True,True,0.3,0.7,0.3,0.5,0.5,0.1,3,100.0,0.5,"[[0.08, 0.6], [0.15, 0.35]]",meta,base,0.1451768429443134,15,128,32,1,0.6000000000000001,0.0,0.001415745628709,2.5137050405220336e-07,32.0,50,10,0.0046437191828983,10,0.8
2017-05-17,61095.38957807049,30774.195316494326,102580.65105498108,102580.65105498106,9.994861922457545,9.74436772993581e-05,0,HYBRID_KELLY_MPT,44979.76991449136,30321.194261576158,True,False,"{'XOM': 0.3000000000000002, 'AGFS': 0.3000000000000002, 'PM': 0.02477929609909151, 'BSAC': 0.3000000000000002, 'UNH': 0.07522070390090789, 'LMT': 0.0, 'HD': 1.2576745200831861e-16, 'VZ': 0.0, 'SRE': 1.4745149545802873e-17}","[{'date': Timestamp('2017-05-10 00:00:00'), 'exit_date': Timestamp('2017-05-17 00:00:00'), 'ticker': 'BSAC', 'sector': 'Financial', 'allocated_amount': 10104.732619410148, 'prob_up': 0.9808349609375, 'expected_rise': 0.024679528091331837, 'actual_return': 0.017736486486486625, 'pnl': 179.22245355372868, 'exit_reason': 'scheduled'}, {'date': Timestamp('2017-05-10 00:00:00'), 'exit_date': Timestamp('2017-05-17 00:00:00'), 'ticker': 'XOM', 'sector': 'Basic Matierials', 'allocated_amount': 4726.111379170747, 'prob_up': 0.836962890625, 'expected_rise': 0.011264579606688, 'actual_return': 0.0009766084250222296, 'pnl': 4.61556019049158, 'exit_reason': 'scheduled'}, {'date': Timestamp('2017-05-10 00:00:00'), 'exit_date': Timestamp('2017-05-17 00:00:00'), 'ticker': 'CHTR', 'sector': 'Services', 'allocated_amount': 10104.732619410148, 'prob_up': 0.6923076923076923, 'expected_rise': 0.013011528785286712, 'actual_return': -0.038300886104525866, 'pnl': -387.0202131727154, 'exit_reason': 'scheduled'}, {'date': Timestamp('2017-05-10 00:00:00'), 'exit_date': Timestamp('2017-05-17 00:00:00'), 'ticker': 'AGFS', 'sector': 'Conglomerates', 'allocated_amount': 5378.621240239401, 'prob_up': 0.6666666666666666, 'expected_rise': 0.03294522296239778, 'actual_return': 0.03963414634146356, 'pnl': 213.17706135095267, 'exit_reason': 'scheduled'}]","[{'ticker': 'BSAC', 'sector': 'Financial', 'expected_rise': 0.02464875341345254, 'prob_up': 0.9808349609375, 'investment_fraction': 0.19250893705802402, 'investment_amount': 13493.930974347417, 'predicted_prob': 0.9808349609375, 'allocated_amount': 10258.065105498108, 'exit_date': Timestamp('2017-05-24 00:00:00')}, {'ticker': 'XOM', 'sector': 'Basic Matierials', 'expected_rise': 0.011218473918473843, 'prob_up': 0.836962890625, 'investment_fraction': 0.13096432379892384, 'investment_amount': 13493.930974347417, 'predicted_prob': 0.836962890625, 'allocated_amount': 10258.065105498108, 'exit_date': Timestamp('2017-05-24 00:00:00')}, {'ticker': 'PM', 'sector': 'Consumer Goods', 'expected_rise': 0.009665490033135674, 'prob_up': 0.80408935546875, 'investment_fraction': 0.11657030909665385, 'investment_amount': 1114.5670371801893, 'predicted_prob': 0.80408935546875, 'allocated_amount': 1114.5670371801893, 'exit_date': Timestamp('2017-05-24 00:00:00')}, {'ticker': 'UNH', 'sector': 'Healthcare', 'expected_rise': 0.009923234987435761, 'prob_up': 0.675, 'investment_fraction': 0.0855398375115094, 'investment_amount': 3383.409954268919, 'predicted_prob': 0.675, 'allocated_amount': 3383.409954268919, 'exit_date': Timestamp('2017-05-24 00:00:00')}, {'ticker': 'AGFS', 'sector': 'Conglomerates', 'expected_rise': 0.03620387291986561, 'prob_up': 0.6666666666666666, 'investment_fraction': 0.08651374001460206, 'investment_amount': 13493.930974347417, 'predicted_prob': 0.6666666666666666, 'allocated_amount': 5307.087059130834, 'exit_date': Timestamp('2017-05-24 00:00:00')}]",5,100000.0,853,True,False,42,/mnt/primary/simulation/trained_models_meta,12,12,0.2,0.3,200,5,60,1.0,0.0001,0.3,True,True,0.3,0.7,0.3,0.5,0.5,0.1,3,100.0,0.5,"[[0.08, 0.6], [0.15, 0.35]]",meta,base,0.1451768429443134,15,128,32,1,0.6000000000000001,0.0,0.001415745628709,2.5137050405220336e-07,32.0,50,10,0.0046437191828983,10,0.8
2017-05-18,61507.77585066873,30755.548944384816,102507.42302094637,102507.42302094637,-73.22803403469737,-0.0007138581524057663,0,HYBRID_KELLY_MPT,45191.98352576722,30752.22690628391,True,False,"{'XOM': 0.30000000000000004, 'AGFS': 0.29999999999999993, 'PM': 0.0268046797258502, 'BSAC': 0.2999999999999999, 'UNH': 0.07319532027414975, 'DHR': 0.0, 'HD': 0.0, 'VZ': 4.8572257327350605e-17, 'PCG': 1.7347234759768073e-16}","[{'date': Timestamp('2017-05-11 00:00:00'), 'exit_date': Timestamp('2017-05-18 00:00:00'), 'ticker': 'BSAC', 'sector': 'Financial', 'allocated_amount': 10268.936189403039, 'prob_up': 0.9808349609375, 'expected_rise': 0.024679645866804874, 'actual_return': -0.0012620950778292617, 'pnl': -12.96037381918835, 'exit_reason': 'scheduled'}, {'date': Timestamp('2017-05-11 00:00:00'), 'exit_date': Timestamp('2017-05-18 00:00:00'), 'ticker': 'XOM', 'sector': 'Basic Matierials', 'allocated_amount': 10268.936189403039, 'prob_up': 0.836962890625, 'expected_rise': 0.011268308880349534, 'actual_return': -0.010410373920707205, 'pnl': -106.90346549956783, 'exit_reason': 'scheduled'}, {'date': Timestamp('2017-05-11 00:00:00'), 'exit_date': Timestamp('2017-05-18 00:00:00'), 'ticker': 'PM', 'sector': 'Consumer Goods', 'allocated_amount': 1151.809371449944, 'prob_up': 0.80408935546875, 'expected_rise': 0.00964306878552982, 'actual_return': 0.021494738348866838, 'pnl': 24.757841067089316, 'exit_reason': 'scheduled'}, {'date': Timestamp('2017-05-11 00:00:00'), 'exit_date': Timestamp('2017-05-18 00:00:00'), 'ticker': 'UNH', 'sector': 'Healthcare', 'allocated_amount': 3389.343275913007, 'prob_up': 0.675, 'expected_rise': 0.009917152896025183, 'actual_return': -0.010789348744949079, 'pnl': -36.5688066201736, 'exit_reason': 'scheduled'}, {'date': Timestamp('2017-05-11 00:00:00'), 'exit_date': Timestamp('2017-05-18 00:00:00'), 'ticker': 'AGFS', 'sector': 'Conglomerates', 'allocated_amount': 5727.783542040081, 'prob_up': 0.6666666666666666, 'expected_rise': 0.03352806483078195, 'actual_return': 0.010204081632652962, 'pnl': 58.446770837143106, 'exit_reason': 'scheduled'}]","[{'ticker': 'BSAC', 'sector': 'Financial', 'expected_rise': 0.024631045700069406, 'prob_up': 0.9808349609375, 'investment_fraction': 0.19250635628969218, 'investment_amount': 13557.59505773016, 'predicted_prob': 0.9808349609375, 'allocated_amount': 10250.742302094637, 'exit_date': Timestamp('2017-05-25 00:00:00')}, {'ticker': 'XOM', 'sector': 'Basic Matierials', 'expected_rise': 0.011188291881357237, 'prob_up': 0.836962890625, 'investment_fraction': 0.13088748420820187, 'investment_amount': 13557.595057730166, 'predicted_prob': 0.836962890625, 'allocated_amount': 10250.742302094637, 'exit_date': Timestamp('2017-05-25 00:00:00')}, {'ticker': 'PM', 'sector': 'Consumer Goods', 'expected_rise': 0.009681097888191357, 'prob_up': 0.80408935546875, 'investment_fraction': 0.1166220405030535, 'investment_amount': 1211.3566445840888, 'predicted_prob': 0.80408935546875, 'allocated_amount': 1211.3566445840888, 'exit_date': Timestamp('2017-05-25 00:00:00')}, {'ticker': 'UNH', 'sector': 'Healthcare', 'expected_rise': 0.00991606510038176, 'prob_up': 0.675, 'investment_fraction': 0.08547803196378714, 'investment_amount': 3307.8417079926307, 'predicted_prob': 0.675, 'allocated_amount': 3307.8417079926307, 'exit_date': Timestamp('2017-05-25 00:00:00')}, {'ticker': 'AGFS', 'sector': 'Conglomerates', 'expected_rise': 0.036017961798001034, 'prob_up': 0.6666666666666666, 'investment_fraction': 0.08635721859254902, 'investment_amount': 13557.595057730163, 'predicted_prob': 0.6666666666666666, 'allocated_amount': 5731.54394951792, 'exit_date': Timestamp('2017-05-25 00:00:00')}]",5,100000.0,853,True,False,42,/mnt/primary/simulation/trained_models_meta,12,12,0.2,0.3,200,5,60,1.0,0.0001,0.3,True,True,0.3,0.7,0.3,0.5,0.5,0.1,3,100.0,0.5,"[[0.08, 0.6], [0.15, 0.35]]",meta,base,0.1451768429443134,15,128,32,1,0.6000000000000001,0.0,0.001415745628709,2.5137050405220336e-07,32.0,50,10,0.0046437191828983,10,0.8
2017-05-19,41568.56605259422,30792.596166136293,102641.98722045429,102641.98722045429,134.5641995079276,0.0013127263913406129,0,HYBRID_KELLY_MPT,30035.54394001203,10775.96988645793,True,False,"{'XOM': 0.2999999999999997, 'AGFS': 0.29999999999999993, 'PM': 0.026776040468814627, 'BSAC': 0.29999999999999977, 'UNH': 0.0732239595311857, 'HON': 7.979727989493313e-17, 'HD': 0.0, 'VZ': 9.020562075079397e-17, 'SRE': 1.1015494072452725e-16}","[{'date': Timestamp('2017-05-12 00:00:00'), 'exit_date': Timestamp('2017-05-19 00:00:00'), 'ticker': 'BSAC', 'sector': 'Financial', 'allocated_amount': 8979.317714457513, 'prob_up': 0.9808349609375, 'expected_rise': 0.024680261195460216, 'actual_return': 0.016407236011779514, 'pnl': 147.32578496585703, 'exit_reason': 'scheduled'}, {'date': Timestamp('2017-05-12 00:00:00'), 'exit_date': Timestamp('2017-05-19 00:00:00'), 'ticker': 'XOM', 'sector': 'Basic Matierials', 'allocated_amount': 1699.135194243965, 'prob_up': 0.836962890625, 'expected_rise': 0.011258305710877561, 'actual_return': -0.007510635705246349, 'pnl': -12.761585457929415, 'exit_reason': 'scheduled'}]","[{'ticker': 'BSAC', 'sector': 'Financial', 'expected_rise': 0.024632083521448536, 'prob_up': 0.9808349609375, 'investment_fraction': 0.1925144674845886, 'investment_amount': 9010.663182003602, 'predicted_prob': 0.9808349609375, 'allocated_amount': 9010.663182003602, 'exit_date': Timestamp('2017-05-26 00:00:00')}, {'ticker': 'XOM', 'sector': 'Basic Matierials', 'expected_rise': 0.011191648453170057, 'prob_up': 0.836962890625, 'investment_fraction': 0.13092675143905383, 'investment_amount': 9010.6631820036, 'predicted_prob': 0.836962890625, 'allocated_amount': 1765.3067044543277, 'exit_date': Timestamp('2017-05-26 00:00:00')}]",5,100000.0,853,True,False,42,/mnt/primary/simulation/trained_models_meta,12,12,0.2,0.3,200,5,60,1.0,0.0001,0.3,True,True,0.3,0.7,0.3,0.5,0.5,0.1,3,100.0,0.5,"[[0.08, 0.6], [0.15, 0.35]]",meta,base,0.1451768429443134,15,128,32,1,0.6000000000000001,0.0,0.001415745628709,2.5137050405220336e-07,32.0,50,10,0.0046437191828983,10,0.8
2017-05-22,30792.596166136296,30792.596166136293,102641.98722045429,102641.98722045429,0.0,0.0,0,HYBRID_KELLY_MPT,22514.274226425525,0.0,True,False,"{'XOM': 0.30000000000000004, 'AGFS': 0.30000000000000004, 'PM': 0.03071285353161367, 'BSAC': 0.30000000000000004, 'UNH': 0.06928714646838609, 'DHR': 0.0, 'HD': 0.0, 'VZ': 0.0, 'SRE': 0.0}",[],[],5,100000.0,853,True,False,42,/mnt/primary/simulation/trained_models_meta,12,12,0.2,0.3,200,5,60,1.0,0.0001,0.3,True,True,0.3,0.7,0.3,0.5,0.5,0.1,3,100.0,0.5,"[[0.08, 0.6], [0.15, 0.35]]",meta,base,0.1451768429443134,15,128,32,1,0.6000000000000001,0.0,0.001415745628709,2.5137050405220336e-07,32.0,50,10,0.0046437191828983,10,0.8
2017-05-23,30792.596166136296,30792.596166136293,102641.98722045429,102641.98722045429,0.0,0.0,0,HYBRID_KELLY_MPT,22514.026992472493,0.0,True,False,"{'XOM': 0.3, 'AGFS': 0.29999999999999993, 'PM': 0.03131980148304618, 'BSAC': 0.3, 'UNH': 0.06868019851695382, 'DHR': 0.0, 'HD': 4.0766001685454967e-17, 'VZ': 0.0, 'SRE': 6.938893903907228e-18}",[],[],5,100000.0,853,True,False,42,/mnt/primary/simulation/trained_models_meta,12,12,0.2,0.3,200,5,60,1.0,0.0001,0.3,True,True,0.3,0.7,0.3,0.5,0.5,0.1,3,100.0,0.5,"[[0.08, 0.6], [0.15, 0.35]]",meta,base,0.1451768429443134,15,128,32,1,0.6000000000000001,0.0,0.001415745628709,2.5137050405220336e-07,32.0,50,10,0.0046437191828983,10,0.8
2017-05-24,61868.59478793782,31019.037474203906,103396.79158067967,103396.79158067968,754.8043602253724,0.007353758249089681,0,HYBRID_KELLY_MPT,45348.97659509047,30849.557313733905,True,False,"{'XOM': 0.29999999999999977, 'AGFS': 0.3000000000000001, 'PM': 0.029614972437232847, 'BSAC': 0.3, 'UNH': 0.07038502756276703, 'HON': 4.42354486374086e-17, 'HD': 1.6566609195578513e-16, 'VZ': 1.587271980518779e-16, 'SRE': 1.110223024625157e-16}","[{'date': Timestamp('2017-05-17 00:00:00'), 'exit_date': Timestamp('2017-05-24 00:00:00'), 'ticker': 'BSAC', 'sector': 'Financial', 'allocated_amount': 10258.065105498108, 'prob_up': 0.9808349609375, 'expected_rise': 0.02464875341345254, 'actual_return': 0.03278004149377578, 'pnl': 336.2597998040814, 'exit_reason': 'scheduled'}, {'date': Timestamp('2017-05-17 00:00:00'), 'exit_date': Timestamp('2017-05-24 00:00:00'), 'ticker': 'XOM', 'sector': 'Basic Matierials', 'allocated_amount': 10258.065105498108, 'prob_up': 0.836962890625, 'expected_rise': 0.011218473918473843, 'actual_return': 0.003659019481864201, 'pnl': 37.53446006724892, 'exit_reason': 'scheduled'}, {'date': Timestamp('2017-05-17 00:00:00'), 'exit_date': Timestamp('2017-05-24 00:00:00'), 'ticker': 'PM', 'sector': 'Consumer Goods', 'allocated_amount': 1114.5670371801893, 'prob_up': 0.80408935546875, 'expected_rise': 0.009665490033135674, 'actual_return': 0.03235164835164839, 'pnl': 36.0580808511921, 'exit_reason': 'scheduled'}, {'date': Timestamp('2017-05-17 00:00:00'), 'exit_date': Timestamp('2017-05-24 00:00:00'), 'ticker': 'UNH', 'sector': 'Healthcare', 'allocated_amount': 3383.409954268919, 'prob_up': 0.675, 'expected_rise': 0.009923234987435761, 'actual_return': 0.039855471752602956, 'pnl': 134.84739985984058, 'exit_reason': 'scheduled'}, {'date': Timestamp('2017-05-17 00:00:00'), 'exit_date': Timestamp('2017-05-24 00:00:00'), 'ticker': 'AGFS', 'sector': 'Conglomerates', 'allocated_amount': 5307.087059130834, 'prob_up': 0.6666666666666666, 'expected_rise': 0.03620387291986561, 'actual_return': 0.03958944281524923, 'pnl': 210.10461964300936, 'exit_reason': 'scheduled'}]","[{'ticker': 'BSAC', 'sector': 'Financial', 'expected_rise': 0.024583599953865626, 'prob_up': 0.9808349609375, 'investment_fraction': 0.19251321961160314, 'investment_amount': 13604.69297852714, 'predicted_prob': 0.9808349609375, 'allocated_amount': 10339.679158067967, 'exit_date': Timestamp('2017-06-01 00:00:00')}, {'ticker': 'XOM', 'sector': 'Basic Matierials', 'expected_rise': 0.011169860351951907, 'prob_up': 0.836962890625, 'investment_fraction': 0.13095732552450973, 'investment_amount': 13604.69297852713, 'predicted_prob': 0.836962890625, 'allocated_amount': 10339.679158067967, 'exit_date': Timestamp('2017-06-01 00:00:00')}, {'ticker': 'PM', 'sector': 'Consumer Goods', 'expected_rise': 0.00974843975200844, 'prob_up': 0.80408935546875, 'investment_fraction': 0.1168438616331389, 'investment_amount': 1343.0086919203218, 'predicted_prob': 0.80408935546875, 'allocated_amount': 1343.0086919203218, 'exit_date': Timestamp('2017-06-01 00:00:00')}, {'ticker': 'UNH', 'sector': 'Healthcare', 'expected_rise': 0.009915920522908853, 'prob_up': 0.675, 'investment_fraction': 0.08550931932992563, 'investment_amount': 3191.8889675887194, 'predicted_prob': 0.675, 'allocated_amount': 3191.8889675887194, 'exit_date': Timestamp('2017-06-01 00:00:00')}, {'ticker': 'AGFS', 'sector': 'Conglomerates', 'expected_rise': 0.03501287805226696, 'prob_up': 0.6666666666666666, 'investment_fraction': 0.0854925669838103, 'investment_amount': 13604.692978527146, 'predicted_prob': 0.6666666666666666, 'allocated_amount': 5635.3013380889315, 'exit_date': Timestamp('2017-06-01 00:00:00')}]",5,100000.0,853,True,False,42,/mnt/primary/simulation/trained_models_meta,12,12,0.2,0.3,200,5,60,1.0,0.0001,0.3,True,True,0.3,0.7,0.3,0.5,0.5,0.1,3,100.0,0.5,"[[0.08, 0.6], [0.15, 0.35]]",meta,base,0.1451768429443134,15,128,32,1,0.6000000000000001,0.0,0.001415745628709,2.5137050405220336e-07,32.0,50,10,0.0046437191828983,10,0.8
2017-05-25,62502.66156431257,31264.20493496125,104128.1887645044,104128.18876450439,731.3971838247534,0.007073693222424904,0,HYBRID_KELLY_MPT,45585.90659940698,31238.456629351316,True,False,"{'XOM': 0.30000000000000027, 'AGFS': 0.3000000000000002, 'PM': 0.028665955297729764, 'BSAC': 0.30000000000000027, 'UNH': 0.07133404470226924, 'BA': 0.0, 'HD': 1.0440866921035418e-16, 'VZ': 0.0, 'SRE': 1.37259995036665e-16}","[{'date': Timestamp('2017-05-18 00:00:00'), 'exit_date': Timestamp('2017-05-25 00:00:00'), 'ticker': 'BSAC', 'sector': 'Financial', 'allocated_amount': 10250.742302094637, 'prob_up': 0.9808349609375, 'expected_rise': 0.024631045700069406, 'actual_return': 0.046335299073294145, 'pnl': 474.97121029082274, 'exit_reason': 'scheduled'}, {'date': Timestamp('2017-05-18 00:00:00'), 'exit_date': Timestamp('2017-05-25 00:00:00'), 'ticker': 'XOM', 'sector': 'Basic Matierials', 'allocated_amount': 10250.742302094637, 'prob_up': 0.836962890625, 'expected_rise': 0.011188291881357237, 'actual_return': 0.0, 'pnl': 0.0, 'exit_reason': 'scheduled'}, {'date': Timestamp('2017-05-18 00:00:00'), 'exit_date': Timestamp('2017-05-25 00:00:00'), 'ticker': 'PM', 'sector': 'Consumer Goods', 'allocated_amount': 1211.3566445840888, 'prob_up': 0.80408935546875, 'expected_rise': 0.009681097888191357, 'actual_return': 0.051945772989157035, 'pnl': 62.92485726847206, 'exit_reason': 'scheduled'}, {'date': Timestamp('2017-05-18 00:00:00'), 'exit_date': Timestamp('2017-05-25 00:00:00'), 'ticker': 'UNH', 'sector': 'Healthcare', 'allocated_amount': 3307.8417079926307, 'prob_up': 0.675, 'expected_rise': 0.00991606510038176, 'actual_return': 0.03849522377069503, 'pnl': 127.33610674721437, 'exit_reason': 'scheduled'}, {'date': Timestamp('2017-05-18 00:00:00'), 'exit_date': Timestamp('2017-05-25 00:00:00'), 'ticker': 'AGFS', 'sector': 'Conglomerates', 'allocated_amount': 5731.54394951792, 'prob_up': 0.6666666666666666, 'expected_rise': 0.036017961798001034, 'actual_return': 0.011544011544011523, 'pnl': 66.16500951824426, 'exit_reason': 'scheduled'}]","[{'ticker': 'BSAC', 'sector': 'Financial', 'expected_rise': 0.024599776788546496, 'prob_up': 0.9808349609375, 'investment_fraction': 0.1925155776117952, 'investment_amount': 13675.771979822106, 'predicted_prob': 0.9808349609375, 'allocated_amount': 10412.818876450441, 'exit_date': Timestamp('2017-06-02 00:00:00')}, {'ticker': 'XOM', 'sector': 'Basic Matierials', 'expected_rise': 0.011144937904322192, 'prob_up': 0.836962890625, 'investment_fraction': 0.13089361413384706, 'investment_amount': 13675.771979822106, 'predicted_prob': 0.836962890625, 'allocated_amount': 10412.818876450441, 'exit_date': Timestamp('2017-06-02 00:00:00')}, {'ticker': 'PM', 'sector': 'Consumer Goods', 'expected_rise': 0.009773235747792436, 'prob_up': 0.80408935546875, 'investment_fraction': 0.11692497869941301, 'investment_amount': 1306.7635607850848, 'predicted_prob': 0.80408935546875, 'allocated_amount': 1306.7635607850848, 'exit_date': Timestamp('2017-06-02 00:00:00')}, {'ticker': 'UNH', 'sector': 'Healthcare', 'expected_rise': 0.009938688606274972, 'prob_up': 0.675, 'investment_fraction': 0.08558119226494053, 'investment_amount': 3251.8270991555682, 'predicted_prob': 0.675, 'allocated_amount': 3251.8270991555682, 'exit_date': Timestamp('2017-06-02 00:00:00')}, {'ticker': 'AGFS', 'sector': 'Conglomerates', 'expected_rise': 0.034839793606022705, 'prob_up': 0.6666666666666666, 'investment_fraction': 0.08534044332745921, 'investment_amount': 13675.771979822104, 'predicted_prob': 0.6666666666666666, 'allocated_amount': 5854.228216509779, 'exit_date': Timestamp('2017-06-02 00:00:00')}]",5,100000.0,853,True,False,42,/mnt/primary/simulation/trained_models_meta,12,12,0.2,0.3,200,5,60,1.0,0.0001,0.3,True,True,0.3,0.7,0.3,0.5,0.5,0.1,3,100.0,0.5,"[[0.08, 0.6], [0.15, 0.35]]",meta,base,0.1451768429443134,15,128,32,1,0.6000000000000001,0.0,0.001415745628709,2.5137050405220336e-07,32.0,50,10,0.0046437191828983,10,0.8
2017-05-26,42278.13942965778,31309.846011822898,104366.15337274299,104366.15337274299,237.96460823860096,0.002285304402795063,0,HYBRID_KELLY_MPT,30900.703091987474,10968.293417834882,True,False,"{'XOM': 0.2999999999999999, 'AGFS': 0.3000000000000001, 'PM': 0.03131735264251861, 'BSAC': 0.3000000000000001, 'UNH': 0.06868264735748114, 'BA': 0.0, 'HD': 4.46691295064028e-17, 'VZ': 8.716985466783459e-17, 'SRE': 0.0}","[{'date': Timestamp('2017-05-19 00:00:00'), 'exit_date': Timestamp('2017-05-26 00:00:00'), 'ticker': 'BSAC', 'sector': 'Financial', 'allocated_amount': 9010.663182003602, 'prob_up': 0.9808349609375, 'expected_rise': 0.024632083521448536, 'actual_return': 0.0273178807947021, 'pnl': 246.15222268718549, 'exit_reason': 'scheduled'}, {'date': Timestamp('2017-05-19 00:00:00'), 'exit_date': Timestamp('2017-05-26 00:00:00'), 'ticker': 'XOM', 'sector': 'Basic Matierials', 'allocated_amount': 1765.3067044543277, 'prob_up': 0.836962890625, 'expected_rise': 0.011191648453170057, 'actual_return': -0.004638069083363838, 'pnl': -8.187614448584522, 'exit_reason': 'scheduled'}]","[{'ticker': 'BSAC', 'sector': 'Financial', 'expected_rise': 0.02464609707065723, 'prob_up': 0.9808349609375, 'investment_fraction': 0.19252231263851055, 'investment_amount': 9270.210927596245, 'predicted_prob': 0.9808349609375, 'allocated_amount': 9270.210927596245, 'exit_date': Timestamp('2017-06-05 00:00:00')}, {'ticker': 'XOM', 'sector': 'Basic Matierials', 'expected_rise': 0.011144937904322192, 'prob_up': 0.836962890625, 'investment_fraction': 0.13089361413384706, 'investment_amount': 9270.21092759624, 'predicted_prob': 0.836962890625, 'allocated_amount': 1698.0824902386375, 'exit_date': Timestamp('2017-06-05 00:00:00')}]",5,100000.0,853,True,False,42,/mnt/primary/simulation/trained_models_meta,12,12,0.2,0.3,200,5,60,1.0,0.0001,0.3,True,True,0.3,0.7,0.3,0.5,0.5,0.1,3,100.0,0.5,"[[0.08, 0.6], [0.15, 0.35]]",meta,base,0.1451768429443134,15,128,32,1,0.6000000000000001,0.0,0.001415745628709,2.5137050405220336e-07,32.0,50,10,0.0046437191828983,10,0.8
2017-05-30,31309.846011822898,31309.846011822898,104366.15337274299,104366.15337274299,0.0,0.0,0,HYBRID_KELLY_MPT,22918.36724820017,0.0,True,False,"{'XOM': 0.3000000000000001, 'AGFS': 0.3000000000000001, 'PM': 0.0674778491802468, 'BSAC': 0.30000000000000004, 'UNH': 0.032522150819752856, 'BA': 5.898059818321147e-17, 'HD': 3.827233668873832e-17, 'VZ': 4.857225732735062e-17, 'PCG': 0.0}",[],[],5,100000.0,853,True,False,42,/mnt/primary/simulation/trained_models_meta,12,12,0.2,0.3,200,5,60,1.0,0.0001,0.3,True,True,0.3,0.7,0.3,0.5,0.5,0.1,3,100.0,0.5,"[[0.08, 0.6], [0.15, 0.35]]",meta,base,0.1451768429443134,15,128,32,1,0.6000000000000001,0.0,0.001415745628709,2.5137050405220336e-07,32.0,50,10,0.0046437191828983,10,0.8
2017-05-31,31309.846011822898,31309.846011822898,104366.15337274299,104366.15337274299,0.0,0.0,0,HYBRID_KELLY_MPT,22985.995378332973,0.0,True,False,"{'XOM': 0.29999999999999927, 'AGFS': 0.2999999999999998, 'PM': 0.07120445054391869, 'BSAC': 0.29999999999999966, 'UNH': 0.028795549456081544, 'HON': 2.8357307821358364e-16, 'HD': 2.862293735361731e-16, 'VZ': 2.560885531410761e-16, 'PCG': 1.7851388769973826e-16}",[],[],5,100000.0,853,True,False,42,/mnt/primary/simulation/trained_models_meta,12,12,0.2,0.3,200,5,60,1.0,0.0001,0.3,True,True,0.3,0.7,0.3,0.5,0.5,0.1,3,100.0,0.5,"[[0.08, 0.6], [0.15, 0.35]]",meta,base,0.1451768429443134,15,128,32,1,0.6000000000000001,0.0,0.001415745628709,2.5137050405220336e-07,32.0,50,10,0.0046437191828983,10,0.8
2017-06-01,62048.90528470978,31276.696599568793,104255.65533189598,104255.65533189598,-110.49804084703477,-0.0010587536023519695,0,HYBRID_KELLY_MPT,44786.70282412319,30772.208685140977,True,False,"{'XOM': 0.30000000000000016, 'AGFS': 0.2999999999999997, 'PM': 0.0714226204074725, 'BSAC': 0.2999999999999998, 'UNH': 0.028577379592527773, 'HON': 6.591949208711871e-17, 'HD': 0.0, 'TSM': 0.0, 'PCG': 2.4286128663675312e-17}","[{'date': Timestamp('2017-05-24 00:00:00'), 'exit_date': Timestamp('2017-06-01 00:00:00'), 'ticker': 'BSAC', 'sector': 'Financial', 'allocated_amount': 10339.679158067967, 'prob_up': 0.9808349609375, 'expected_rise': 0.024583599953865626, 'actual_return': -0.006830052504220641, 'pnl': -70.62055152640009, 'exit_reason': 'scheduled'}, {'date': Timestamp('2017-05-24 00:00:00'), 'exit_date': Timestamp('2017-06-01 00:00:00'), 'ticker': 'XOM', 'sector': 'Basic Matierials', 'allocated_amount': 10339.679158067967, 'prob_up': 0.836962890625, 'expected_rise': 0.011169860351951907, 'actual_return': -0.019321958690947216, 'pnl': -199.78285356983716, 'exit_reason': 'scheduled'}, {'date': Timestamp('2017-05-24 00:00:00'), 'exit_date': Timestamp('2017-06-01 00:00:00'), 'ticker': 'PM', 'sector': 'Consumer Goods', 'allocated_amount': 1343.0086919203218, 'prob_up': 0.80408935546875, 'expected_rise': 0.00974843975200844, 'actual_return': 0.02954953589372389, 'pnl': 39.68528354748272, 'exit_reason': 'scheduled'}, {'date': Timestamp('2017-05-24 00:00:00'), 'exit_date': Timestamp('2017-06-01 00:00:00'), 'ticker': 'UNH', 'sector': 'Healthcare', 'allocated_amount': 3191.8889675887194, 'prob_up': 0.675, 'expected_rise': 0.009915920522908853, 'actual_return': 0.02272342440283448, 'pnl': 72.53064765724366, 'exit_reason': 'scheduled'}, {'date': Timestamp('2017-05-24 00:00:00'), 'exit_date': Timestamp('2017-06-01 00:00:00'), 'ticker': 'AGFS', 'sector': 'Conglomerates', 'allocated_amount': 5635.3013380889315, 'prob_up': 0.6666666666666666, 'expected_rise': 0.03501287805226696, 'actual_return': 0.008462623413258097, 'pnl': 47.689433044476075, 'exit_reason': 'scheduled'}]","[{'ticker': 'BSAC', 'sector': 'Financial', 'expected_rise': 0.024627390944460138, 'prob_up': 0.9808349609375, 'investment_fraction': 0.19251959573751387, 'investment_amount': 13436.010847236948, 'predicted_prob': 0.9808349609375, 'allocated_amount': 10425.565533189598, 'exit_date': Timestamp('2017-06-08 00:00:00')}, {'ticker': 'XOM', 'sector': 'Basic Matierials', 'expected_rise': 0.011149839324411404, 'prob_up': 0.836962890625, 'investment_fraction': 0.1309511796936889, 'investment_amount': 13436.010847236963, 'predicted_prob': 0.836962890625, 'allocated_amount': 10425.565533189598, 'exit_date': Timestamp('2017-06-08 00:00:00')}, {'ticker': 'PM', 'sector': 'Consumer Goods', 'expected_rise': 0.009914912886740112, 'prob_up': 0.80408935546875, 'investment_fraction': 0.11738277802698345, 'investment_amount': 3198.7836751096274, 'predicted_prob': 0.80408935546875, 'allocated_amount': 3198.7836751096274, 'exit_date': Timestamp('2017-06-08 00:00:00')}, {'ticker': 'AGFS', 'sector': 'Conglomerates', 'expected_rise': 0.034327894672172635, 'prob_up': 0.6666666666666666, 'investment_fraction': 0.08500799098005984, 'investment_amount': 13436.010847236943, 'predicted_prob': 0.6666666666666666, 'allocated_amount': 6722.293943652156, 'exit_date': Timestamp('2017-06-08 00:00:00')}]",5,100000.0,853,True,False,42,/mnt/primary/simulation/trained_models_meta,12,12,0.2,0.3,200,5,60,1.0,0.0001,0.3,True,True,0.3,0.7,0.3,0.5,0.5,0.1,3,100.0,0.5,"[[0.08, 0.6], [0.15, 0.35]]",meta,base,0.1451768429443134,15,128,32,1,0.6000000000000001,0.0,0.001415745628709,2.5137050405220336e-07,32.0,50,10,0.0046437191828983,10,0.8
2017-06-02,62574.65480567692,31294.547072595844,104315.15690865277,104315.15690865277,59.50157675680265,0.0005707275693329628,0,HYBRID_KELLY_MPT,42701.02564375449,31280.10773308107,True,False,"{'XOM': 0.2270778053845141, 'AGFS': 0.2999999999999999, 'PM': 0.17292219461548564, 'BSAC': 0.29999999999999977, 'AMGN': 1.682681771697503e-16, 'HON': 1.4224732503009818e-16, 'HD': 7.37257477290143e-17, 'TSM': 2.2985086056692694e-17, 'PCG': 2.3462135012586316e-16}","[{'date': Timestamp('2017-05-25 00:00:00'), 'exit_date': Timestamp('2017-06-02 00:00:00'), 'ticker': 'BSAC', 'sector': 'Financial', 'allocated_amount': 10412.818876450441, 'prob_up': 0.9808349609375, 'expected_rise': 0.024599776788546496, 'actual_return': -0.0028180354267310914, 'pnl': -29.343692485971584, 'exit_reason': 'scheduled'}, {'date': Timestamp('2017-05-25 00:00:00'), 'exit_date': Timestamp('2017-06-02 00:00:00'), 'ticker': 'XOM', 'sector': 'Basic Matierials', 'allocated_amount': 10412.818876450441, 'prob_up': 0.836962890625, 'expected_rise': 0.011144937904322192, 'actual_return': -0.02752293577981646, 'pnl': -286.59134522340605, 'exit_reason': 'scheduled'}, {'date': Timestamp('2017-05-25 00:00:00'), 'exit_date': Timestamp('2017-06-02 00:00:00'), 'ticker': 'PM', 'sector': 'Consumer Goods', 'allocated_amount': 1306.7635607850848, 'prob_up': 0.80408935546875, 'expected_rise': 0.009773235747792436, 'actual_return': 0.01933376248743479, 'pnl': 25.264656311453386, 'exit_reason': 'scheduled'}, {'date': Timestamp('2017-05-25 00:00:00'), 'exit_date': Timestamp('2017-06-02 00:00:00'), 'ticker': 'UNH', 'sector': 'Healthcare', 'allocated_amount': 3251.8270991555682, 'prob_up': 0.675, 'expected_rise': 0.009938688606274972, 'actual_return': 0.0075259532570746135, 'pnl': 24.473098748333342, 'exit_reason': 'scheduled'}, {'date': Timestamp('2017-05-25 00:00:00'), 'exit_date': Timestamp('2017-06-02 00:00:00'), 'ticker': 'AGFS', 'sector': 'Conglomerates', 'allocated_amount': 5854.228216509779, 'prob_up': 0.6666666666666666, 'expected_rise': 0.034839793606022705, 'actual_return': 0.05563480741797444, 'pnl': 325.6988594063935, 'exit_reason': 'scheduled'}]","[{'ticker': 'BSAC', 'sector': 'Financial', 'expected_rise': 0.024628171600544483, 'prob_up': 0.9808349609375, 'investment_fraction': 0.19252569835691466, 'investment_amount': 12810.307693126337, 'predicted_prob': 0.9808349609375, 'allocated_amount': 10431.515690865279, 'exit_date': Timestamp('2017-06-09 00:00:00')}, {'ticker': 'XOM', 'sector': 'Basic Matierials', 'expected_rise': 0.011149729107879517, 'prob_up': 0.836962890625, 'investment_fraction': 0.13094988523693016, 'investment_amount': 9696.455190851628, 'predicted_prob': 0.836962890625, 'allocated_amount': 9696.455190851628, 'exit_date': Timestamp('2017-06-09 00:00:00')}, {'ticker': 'PM', 'sector': 'Consumer Goods', 'expected_rise': 0.009934750594192923, 'prob_up': 0.80408935546875, 'investment_fraction': 0.1174461182557617, 'investment_amount': 7383.955066650156, 'predicted_prob': 0.80408935546875, 'allocated_amount': 7383.955066650156, 'exit_date': Timestamp('2017-06-09 00:00:00')}, {'ticker': 'AGFS', 'sector': 'Conglomerates', 'expected_rise': 0.03403752800260494, 'prob_up': 0.6666666666666666, 'investment_fraction': 0.0847459652226623, 'investment_amount': 12810.307693126342, 'predicted_prob': 0.6666666666666666, 'allocated_amount': 3768.1817847140046, 'exit_date': Timestamp('2017-06-09 00:00:00')}]",5,100000.0,853,True,False,42,/mnt/primary/simulation/trained_models_meta,12,12,0.2,0.3,200,5,60,1.0,0.0001,0.3,True,True,0.3,0.7,0.3,0.5,0.5,0.1,3,100.0,0.5,"[[0.08, 0.6], [0.15, 0.35]]",meta,base,0.1451768429443134,15,128,32,1,0.6000000000000001,0.0,0.001415745628709,2.5137050405220336e-07,32.0,50,10,0.0046437191828983,10,0.8
2017-06-05,42203.18437339355,31276.65023748469,104255.5007916156,104255.50079161562,-59.6561170371694,-0.0005718835000114719,0,HYBRID_KELLY_MPT,29843.396983155715,10926.53413590887,True,False,"{'XOM': 0.3, 'AGFS': 0.3, 'PM': 0.07567905377442442, 'BSAC': 0.3, 'UNH': 0.024320946225575707, 'HON': 0.0, 'HD': 0.0, 'TSM': 0.0, 'PCG': 0.0}","[{'date': Timestamp('2017-05-26 00:00:00'), 'exit_date': Timestamp('2017-06-05 00:00:00'), 'ticker': 'BSAC', 'sector': 'Financial', 'allocated_amount': 9270.210927596245, 'prob_up': 0.9808349609375, 'expected_rise': 0.02464609707065723, 'actual_return': -0.0032232070910557242, 'pnl': -29.87980959741048, 'exit_reason': 'scheduled'}, {'date': Timestamp('2017-05-26 00:00:00'), 'exit_date': Timestamp('2017-06-05 00:00:00'), 'ticker': 'XOM', 'sector': 'Basic Matierials', 'allocated_amount': 1698.0824902386375, 'prob_up': 0.836962890625, 'expected_rise': 0.011144937904322192, 'actual_return': -0.017535253800052053, 'pnl': -29.776307439758924, 'exit_reason': 'scheduled'}]","[{'ticker': 'BSAC', 'sector': 'Financial', 'expected_rise': 0.02462912703424331, 'prob_up': 0.9808349609375, 'investment_fraction': 0.19253316726459824, 'investment_amount': 8953.019094946714, 'predicted_prob': 0.9808349609375, 'allocated_amount': 8953.019094946714, 'exit_date': Timestamp('2017-06-12 00:00:00')}, {'ticker': 'XOM', 'sector': 'Basic Matierials', 'expected_rise': 0.011146517167065596, 'prob_up': 0.836962890625, 'investment_fraction': 0.13091216205308406, 'investment_amount': 8953.019094946714, 'predicted_prob': 0.836962890625, 'allocated_amount': 1973.5150409621565, 'exit_date': Timestamp('2017-06-12 00:00:00')}]",5,100000.0,853,True,False,42,/mnt/primary/simulation/trained_models_meta,12,12,0.2,0.3,200,5,60,1.0,0.0001,0.3,True,True,0.3,0.7,0.3,0.5,0.5,0.1,3,100.0,0.5,"[[0.08, 0.6], [0.15, 0.35]]",meta,base,0.1451768429443134,15,128,32,1,0.6000000000000001,0.0,0.001415745628709,2.5137050405220336e-07,32.0,50,10,0.0046437191828983,10,0.8
2017-06-06,31276.65023748469,31276.65023748469,104255.50079161562,104255.50079161562,0.0,0.0,0,HYBRID_KELLY_MPT,22708.05429675456,0.0,True,False,"{'XOM': 0.10000000000000094, 'AGFS': 0.29999999999999977, 'PM': 0.0, 'BSAC': 0.2999999999999999, 'AMGN': 1.288032180912779e-16, 'HON': 0.0, 'CHTR': 0.2999999999999993, 'TSM': 3.361026734705063e-18, 'PCG': 0.0}",[],[],5,100000.0,853,True,False,42,/mnt/primary/simulation/trained_models_meta,12,12,0.2,0.3,200,5,60,1.0,0.0001,0.3,True,True,0.3,0.7,0.3,0.5,0.5,0.1,3,100.0,0.5,"[[0.08, 0.6], [0.15, 0.35]]",meta,base,0.1451768429443134,15,128,32,1,0.6000000000000001,0.0,0.001415745628709,2.5137050405220336e-07,32.0,50,10,0.0046437191828983,10,0.8
2017-06-07,31276.65023748469,31276.65023748469,104255.50079161562,104255.50079161562,0.0,0.0,0,HYBRID_KELLY_MPT,22708.72887714018,0.0,True,False,"{'XOM': 0.10000000000000106, 'AGFS': 0.2999999999999997, 'PM': 1.717376241217038e-16, 'BSAC': 0.2999999999999997, 'AMGN': 0.0, 'HON': 1.4745149545802854e-17, 'CHTR': 0.2999999999999991, 'TSM': 2.0599841277224578e-17, 'PCG': 1.1557595158695472e-16}",[],[],5,100000.0,853,True,False,42,/mnt/primary/simulation/trained_models_meta,12,12,0.2,0.3,200,5,60,1.0,0.0001,0.3,True,True,0.3,0.7,0.3,0.5,0.5,0.1,3,100.0,0.5,"[[0.08, 0.6], [0.15, 0.35]]",meta,base,0.1451768429443134,15,128,32,1,0.6000000000000001,0.0,0.001415745628709,2.5137050405220336e-07,32.0,50,10,0.0046437191828983,10,0.8
2017-06-08,61875.38268115101,31224.60736504229,104082.02455014095,104082.02455014095,-173.47624147466473,-0.0016639528864900166,0,HYBRID_KELLY_MPT,44806.76967755565,30650.775316108724,True,False,"{'XOM': 0.09999999999999983, 'AGFS': 0.30000000000000004, 'PM': 0.0, 'BSAC': 0.30000000000000004, 'UNH': 0.0, 'HON': 0.0, 'CHTR': 0.30000000000000004, 'TSM': 0.0, 'PCG': 0.0}","[{'date': Timestamp('2017-06-01 00:00:00'), 'exit_date': Timestamp('2017-06-08 00:00:00'), 'ticker': 'BSAC', 'sector': 'Financial', 'allocated_amount': 10425.565533189598, 'prob_up': 0.9808349609375, 'expected_rise': 0.024627390944460138, 'actual_return': -0.016181189974967314, 'pnl': -168.6980564890123, 'exit_reason': 'scheduled'}, {'date': Timestamp('2017-06-01 00:00:00'), 'exit_date': Timestamp('2017-06-08 00:00:00'), 'ticker': 'XOM', 'sector': 'Basic Matierials', 'allocated_amount': 10425.565533189598, 'prob_up': 0.836962890625, 'expected_rise': 0.011149839324411404, 'actual_return': -0.0009912515857961601, 'pnl': -10.334358367595978, 'exit_reason': 'scheduled'}, {'date': Timestamp('2017-06-01 00:00:00'), 'exit_date': Timestamp('2017-06-08 00:00:00'), 'ticker': 'PM', 'sector': 'Consumer Goods', 'allocated_amount': 3198.7836751096274, 'prob_up': 0.80408935546875, 'expected_rise': 0.009914912886740112, 'actual_return': 0.0017369644046820731, 'pnl': 5.556173381943528, 'exit_reason': 'scheduled'}, {'date': Timestamp('2017-06-01 00:00:00'), 'exit_date': Timestamp('2017-06-08 00:00:00'), 'ticker': 'AGFS', 'sector': 'Conglomerates', 'allocated_amount': 6722.293943652156, 'prob_up': 0.6666666666666666, 'expected_rise': 0.034327894672172635, 'actual_return': 0.0, 'pnl': 0.0, 'exit_reason': 'scheduled'}]","[{'ticker': 'BSAC', 'sector': 'Financial', 'expected_rise': 0.02463059475837892, 'prob_up': 0.9808349609375, 'investment_fraction': 0.19254464089807732, 'investment_amount': 13442.030903266696, 'predicted_prob': 0.9808349609375, 'allocated_amount': 10408.202455014096, 'exit_date': Timestamp('2017-06-15 00:00:00')}, {'ticker': 'XOM', 'sector': 'Basic Matierials', 'expected_rise': 0.011095967273382867, 'prob_up': 0.836962890625, 'investment_fraction': 0.130787586535511, 'investment_amount': 4480.676967755557, 'predicted_prob': 0.836962890625, 'allocated_amount': 4480.676967755557, 'exit_date': Timestamp('2017-06-15 00:00:00')}, {'ticker': 'CHTR', 'sector': 'Services', 'expected_rise': 0.013214085453927115, 'prob_up': 0.6923076923076923, 'investment_fraction': 0.08892393131238846, 'investment_amount': 13442.030903266696, 'predicted_prob': 0.6923076923076923, 'allocated_amount': 10408.202455014096, 'exit_date': Timestamp('2017-06-15 00:00:00')}, {'ticker': 'AGFS', 'sector': 'Conglomerates', 'expected_rise': 0.03379645159122112, 'prob_up': 0.6666666666666666, 'investment_fraction': 0.0845262501482889, 'investment_amount': 13442.030903266696, 'predicted_prob': 0.6666666666666666, 'allocated_amount': 5353.693438324975, 'exit_date': Timestamp('2017-06-15 00:00:00')}]",5,100000.0,853,True,False,42,/mnt/primary/simulation/trained_models_meta,12,12,0.2,0.3,200,5,60,1.0,0.0001,0.3,True,True,0.3,0.7,0.3,0.5,0.5,0.1,3,100.0,0.5,"[[0.08, 0.6], [0.15, 0.35]]",meta,base,0.1451768429443134,15,128,32,1,0.6000000000000001,0.0,0.001415745628709,2.5137050405220336e-07,32.0,50,10,0.0046437191828983,10,0.8
2017-06-09,62417.22624360456,31218.865534917913,103994.53569562215,103994.53569562215,-87.48885451880103,-0.0008405760254658334,0,HYBRID_KELLY_MPT,45453.35784521923,31198.360708686643,True,False,"{'XOM': 0.09999999999999988, 'AGFS': 0.2999999999999999, 'PM': 0.0, 'BSAC': 0.2999999999999999, 'UNH': 5.828670879282069e-16, 'HON': 0.0, 'CHTR': 0.2999999999999999, 'TSM': 0.0, 'PPL': 0.0}","[{'date': Timestamp('2017-06-02 00:00:00'), 'exit_date': Timestamp('2017-06-09 00:00:00'), 'ticker': 'BSAC', 'sector': 'Financial', 'allocated_amount': 10431.515690865279, 'prob_up': 0.9808349609375, 'expected_rise': 0.024628171600544483, 'actual_return': -0.013322527250706484, 'pnl': -138.97415205772495, 'exit_reason': 'scheduled'}, {'date': Timestamp('2017-06-02 00:00:00'), 'exit_date': Timestamp('2017-06-09 00:00:00'), 'ticker': 'XOM', 'sector': 'Basic Matierials', 'allocated_amount': 9696.455190851628, 'prob_up': 0.836962890625, 'expected_rise': 0.011149729107879517, 'actual_return': 0.033081723270440344, 'pnl': 320.7754473279784, 'exit_reason': 'scheduled'}, {'date': Timestamp('2017-06-02 00:00:00'), 'exit_date': Timestamp('2017-06-09 00:00:00'), 'ticker': 'PM', 'sector': 'Consumer Goods', 'allocated_amount': 7383.955066650156, 'prob_up': 0.80408935546875, 'expected_rise': 0.009934750594192923, 'actual_return': -0.01371211089816815, 'pnl': -101.24961074099754, 'exit_reason': 'scheduled'}, {'date': Timestamp('2017-06-02 00:00:00'), 'exit_date': Timestamp('2017-06-09 00:00:00'), 'ticker': 'AGFS', 'sector': 'Conglomerates', 'allocated_amount': 3768.1817847140046, 'prob_up': 0.6666666666666666, 'expected_rise': 0.03403752800260494, 'actual_return': -0.04459459459459458, 'pnl': -168.04053904805693, 'exit_reason': 'scheduled'}]","[{'ticker': 'BSAC', 'sector': 'Financial', 'expected_rise': 0.02463094708800523, 'prob_up': 0.9808349609375, 'investment_fraction': 0.1925473951629272, 'investment_amount': 13636.007353565763, 'predicted_prob': 0.9808349609375, 'allocated_amount': 10399.453569562216, 'exit_date': Timestamp('2017-06-16 00:00:00')}, {'ticker': 'XOM', 'sector': 'Basic Matierials', 'expected_rise': 0.011102766216247171, 'prob_up': 0.836962890625, 'investment_fraction': 0.13086772531983748, 'investment_amount': 4545.335784521918, 'predicted_prob': 0.836962890625, 'allocated_amount': 4545.335784521918, 'exit_date': Timestamp('2017-06-16 00:00:00')}, {'ticker': 'CHTR', 'sector': 'Services', 'expected_rise': 0.013212598354308491, 'prob_up': 0.6923076923076923, 'investment_fraction': 0.0889139239043993, 'investment_amount': 13636.007353565763, 'predicted_prob': 0.6923076923076923, 'allocated_amount': 10399.453569562216, 'exit_date': Timestamp('2017-06-16 00:00:00')}, {'ticker': 'AGFS', 'sector': 'Conglomerates', 'expected_rise': 0.03379645159122112, 'prob_up': 0.6666666666666666, 'investment_fraction': 0.0845262501482889, 'investment_amount': 13636.007353565763, 'predicted_prob': 0.6666666666666666, 'allocated_amount': 5854.117785040293, 'exit_date': Timestamp('2017-06-16 00:00:00')}]",5,100000.0,853,True,False,42,/mnt/primary/simulation/trained_models_meta,12,12,0.2,0.3,200,5,60,1.0,0.0001,0.3,True,True,0.3,0.7,0.3,0.5,0.5,0.1,3,100.0,0.5,"[[0.08, 0.6], [0.15, 0.35]]",meta,base,0.1451768429443134,15,128,32,1,0.6000000000000001,0.0,0.001415745628709,2.5137050405220336e-07,32.0,50,10,0.0046437191828983,10,0.8
2017-06-12,42218.234329926476,31220.211106416573,104067.37035472185,104067.37035472185,72.83465909969549,0.0007003700589891526,0,HYBRID_KELLY_MPT,30900.305894732614,10998.023223509905,True,False,"{'XOM': 0.10000000000000028, 'AGFS': 0.29999999999999966, 'PM': 0.0, 'BSAC': 0.2999999999999996, 'UNH': 2.3955447001067216e-16, 'LMT': 1.2948084444908134e-16, 'CHTR': 0.29999999999999943, 'TSM': 3.2141173403332774e-16, 'PPL': 2.862293735361731e-16}","[{'date': Timestamp('2017-06-05 00:00:00'), 'exit_date': Timestamp('2017-06-12 00:00:00'), 'ticker': 'BSAC', 'sector': 'Financial', 'allocated_amount': 8953.019094946714, 'prob_up': 0.9808349609375, 'expected_rise': 0.02462912703424331, 'actual_return': 0.0004042037186742231, 'pnl': 3.6188436115387894, 'exit_reason': 'scheduled'}, {'date': Timestamp('2017-06-05 00:00:00'), 'exit_date': Timestamp('2017-06-12 00:00:00'), 'ticker': 'XOM', 'sector': 'Basic Matierials', 'allocated_amount': 1973.5150409621565, 'prob_up': 0.836962890625, 'expected_rise': 0.011146517167065596, 'actual_return': 0.03507235265580322, 'pnl': 69.2158154881567, 'exit_reason': 'scheduled'}]","[{'ticker': 'BSAC', 'sector': 'Financial', 'expected_rise': 0.02463142345828182, 'prob_up': 0.9808349609375, 'investment_fraction': 0.1925511190902112, 'investment_amount': 9270.091768419772, 'predicted_prob': 0.9808349609375, 'allocated_amount': 9270.091768419772, 'exit_date': Timestamp('2017-06-19 00:00:00')}, {'ticker': 'XOM', 'sector': 'Basic Matierials', 'expected_rise': 0.011132538080283475, 'prob_up': 0.836962890625, 'investment_fraction': 0.1309441353138898, 'investment_amount': 3090.03058947327, 'predicted_prob': 0.836962890625, 'allocated_amount': 1727.9314550901327, 'exit_date': Timestamp('2017-06-19 00:00:00')}]",5,100000.0,853,True,False,42,/mnt/primary/simulation/trained_models_meta,12,12,0.2,0.3,200,5,60,1.0,0.0001,0.3,True,True,0.3,0.7,0.3,0.5,0.5,0.1,3,100.0,0.5,"[[0.08, 0.6], [0.15, 0.35]]",meta,base,0.1451768429443134,15,128,32,1,0.6000000000000001,0.0,0.001415745628709,2.5137050405220336e-07,32.0,50,10,0.0046437191828983,10,0.8
2017-06-13,31220.211106416566,31220.211106416573,104067.37035472185,104067.37035472185,0.0,0.0,0,HYBRID_KELLY_MPT,20771.28885182273,0.0,True,False,"{'XOM': 0.29999999999999993, 'AGFS': 0.29999999999999977, 'PM': 0.07436167967412889, 'BSAC': 0.3, 'UNH': 0.02563832032587117, 'HON': 4.85722573273506e-17, 'CHTR': 5.551115123125783e-17, 'MSFT': 1.6306400674181987e-16, 'PCG': 7.28583859910259e-17}",[],[],5,100000.0,853,True,False,42,/mnt/primary/simulation/trained_models_meta,12,12,0.2,0.3,200,5,60,1.0,0.0001,0.3,True,True,0.3,0.7,0.3,0.5,0.5,0.1,3,100.0,0.5,"[[0.08, 0.6], [0.15, 0.35]]",meta,base,0.1451768429443134,15,128,32,1,0.6000000000000001,0.0,0.001415745628709,2.5137050405220336e-07,32.0,50,10,0.0046437191828983,10,0.8
2017-06-14,31220.211106416566,31220.211106416573,104067.37035472185,104067.37035472185,0.0,0.0,0,HYBRID_KELLY_MPT,20508.052305376103,0.0,True,False,"{'XOM': 0.2999999999999995, 'AGFS': 0.3000000000000001, 'PM': 0.06096717257128445, 'BSAC': 0.3000000000000001, 'UNH': 0.039032827428715944, 'LMT': 3.0357660829594136e-17, 'DIS': 1.1275702593849252e-17, 'TSM': 0.0, 'PCG': 0.0}",[],[],5,100000.0,853,True,False,42,/mnt/primary/simulation/trained_models_meta,12,12,0.2,0.3,200,5,60,1.0,0.0001,0.3,True,True,0.3,0.7,0.3,0.5,0.5,0.1,3,100.0,0.5,"[[0.08, 0.6], [0.15, 0.35]]",meta,base,0.1451768429443134,15,128,32,1,0.6000000000000001,0.0,0.001415745628709,2.5137050405220336e-07,32.0,50,10,0.0046437191828983,10,0.8
2017-06-15,62337.32530128445,31360.112770044303,104533.709233481,104533.70923348101,466.3388787591568,0.004481124844123663,0,HYBRID_KELLY_MPT,40992.848901816295,30977.212531240162,True,False,"{'XOM': 0.30000000000000027, 'AGFS': 0.30000000000000027, 'PM': 0.04397265817934532, 'BSAC': 0.3000000000000002, 'UNH': 0.05602734182065396, 'HON': 0.0, 'BABA': 5.98479599211999e-17, 'TSM': 0.0, 'PPL': 0.0}","[{'date': Timestamp('2017-06-08 00:00:00'), 'exit_date': Timestamp('2017-06-15 00:00:00'), 'ticker': 'BSAC', 'sector': 'Financial', 'allocated_amount': 10408.202455014096, 'prob_up': 0.9808349609375, 'expected_rise': 0.02463059475837892, 'actual_return': 0.03988490953947377, 'pnl': 415.130213386766, 'exit_reason': 'scheduled'}, {'date': Timestamp('2017-06-08 00:00:00'), 'exit_date': Timestamp('2017-06-15 00:00:00'), 'ticker': 'XOM', 'sector': 'Basic Matierials', 'allocated_amount': 4480.676967755557, 'prob_up': 0.836962890625, 'expected_rise': 0.011095967273382867, 'actual_return': 0.020342333651364397, 'pnl': 91.14742586206725, 'exit_reason': 'scheduled'}, {'date': Timestamp('2017-06-08 00:00:00'), 'exit_date': Timestamp('2017-06-15 00:00:00'), 'ticker': 'CHTR', 'sector': 'Services', 'allocated_amount': 10408.202455014096, 'prob_up': 0.6923076923076923, 'expected_rise': 0.013214085453927115, 'actual_return': 0.0026373802588572914, 'pnl': 27.450387685044173, 'exit_reason': 'scheduled'}, {'date': Timestamp('2017-06-08 00:00:00'), 'exit_date': Timestamp('2017-06-15 00:00:00'), 'ticker': 'AGFS', 'sector': 'Conglomerates', 'allocated_amount': 5353.693438324975, 'prob_up': 0.6666666666666666, 'expected_rise': 0.03379645159122112, 'actual_return': -0.012587412587412694, 'pnl': -67.38914817472055, 'exit_reason': 'scheduled'}]","[{'ticker': 'BSAC', 'sector': 'Financial', 'expected_rise': 0.024658783257573005, 'prob_up': 0.9808349609375, 'investment_fraction': 0.19255505716028706, 'investment_amount': 12297.854670544897, 'predicted_prob': 0.9808349609375, 'allocated_amount': 10453.3709233481, 'exit_date': Timestamp('2017-06-22 00:00:00')}, {'ticker': 'XOM', 'sector': 'Basic Matierials', 'expected_rise': 0.011169151193184266, 'prob_up': 0.836962890625, 'investment_fraction': 0.13103766627889754, 'investment_amount': 12297.854670544899, 'predicted_prob': 0.836962890625, 'allocated_amount': 10453.3709233481, 'exit_date': Timestamp('2017-06-22 00:00:00')}, {'ticker': 'PM', 'sector': 'Consumer Goods', 'expected_rise': 0.009917664247506813, 'prob_up': 0.80408935546875, 'investment_fraction': 0.11734725981241244, 'investment_amount': 1802.564532557119, 'predicted_prob': 0.80408935546875, 'allocated_amount': 1802.564532557119, 'exit_date': Timestamp('2017-06-22 00:00:00')}, {'ticker': 'UNH', 'sector': 'Healthcare', 'expected_rise': 0.009921499050686048, 'prob_up': 0.675, 'investment_fraction': 0.08574451358005193, 'investment_amount': 2296.720357624481, 'predicted_prob': 0.675, 'allocated_amount': 2296.720357624481, 'exit_date': Timestamp('2017-06-22 00:00:00')}, {'ticker': 'AGFS', 'sector': 'Conglomerates', 'expected_rise': 0.03390467641434776, 'prob_up': 0.6666666666666666, 'investment_fraction': 0.08479692467301425, 'investment_amount': 12297.854670544899, 'predicted_prob': 0.6666666666666666, 'allocated_amount': 5971.185794362362, 'exit_date': Timestamp('2017-06-22 00:00:00')}]",5,100000.0,853,True,False,42,/mnt/primary/simulation/trained_models_meta,12,12,0.2,0.3,200,5,60,1.0,0.0001,0.3,True,True,0.3,0.7,0.3,0.5,0.5,0.1,3,100.0,0.5,"[[0.08, 0.6], [0.15, 0.35]]",meta,base,0.1451768429443134,15,128,32,1,0.6000000000000001,0.0,0.001415745628709,2.5137050405220336e-07,32.0,50,10,0.0046437191828983,10,0.8
2017-06-16,63293.39947648491,31712.808907114424,105268.63523123498,105268.63523123498,734.9259977539714,0.007030516788727681,0,HYBRID_KELLY_MPT,42465.52360330475,31580.59056937049,True,False,"{'XOM': 0.29999999999999993, 'AGFS': 0.2999999999999994, 'PM': 0.043690589550641985, 'BSAC': 0.29999999999999977, 'UNH': 0.05630941044935823, 'DHR': 9.389190813724468e-17, 'CHTR': 3.937822290467352e-16, 'TSM': 5.095750210681871e-17, 'PPL': 1.7650811368064012e-16}","[{'date': Timestamp('2017-06-09 00:00:00'), 'exit_date': Timestamp('2017-06-16 00:00:00'), 'ticker': 'BSAC', 'sector': 'Financial', 'allocated_amount': 10399.453569562216, 'prob_up': 0.9808349609375, 'expected_rise': 0.02463094708800523, 'actual_return': 0.03887062034080935, 'pnl': 404.23321145432743, 'exit_reason': 'scheduled'}, {'date': Timestamp('2017-06-09 00:00:00'), 'exit_date': Timestamp('2017-06-16 00:00:00'), 'ticker': 'XOM', 'sector': 'Basic Matierials', 'allocated_amount': 4545.335784521918, 'prob_up': 0.836962890625, 'expected_rise': 0.011102766216247171, 'actual_return': 0.016559126381071154, 'pnl': 75.26678970030365, 'exit_reason': 'scheduled'}, {'date': Timestamp('2017-06-09 00:00:00'), 'exit_date': Timestamp('2017-06-16 00:00:00'), 'ticker': 'CHTR', 'sector': 'Services', 'allocated_amount': 10399.453569562216, 'prob_up': 0.6923076923076923, 'expected_rise': 0.013212598354308491, 'actual_return': 0.022172831056036957, 'pnl': 230.5853270730035, 'exit_reason': 'scheduled'}, {'date': Timestamp('2017-06-09 00:00:00'), 'exit_date': Timestamp('2017-06-16 00:00:00'), 'ticker': 'AGFS', 'sector': 'Conglomerates', 'allocated_amount': 5854.117785040293, 'prob_up': 0.6666666666666666, 'expected_rise': 0.03379645159122112, 'actual_return': 0.004243281471004057, 'pnl': 24.840669526336782, 'exit_reason': 'scheduled'}]","[{'ticker': 'BSAC', 'sector': 'Financial', 'expected_rise': 0.024690101339468046, 'prob_up': 0.9808349609375, 'investment_fraction': 0.1925595544550348, 'investment_amount': 12739.657080991414, 'predicted_prob': 0.9808349609375, 'allocated_amount': 10526.863523123498, 'exit_date': Timestamp('2017-06-23 00:00:00')}, {'ticker': 'XOM', 'sector': 'Basic Matierials', 'expected_rise': 0.011175185926381486, 'prob_up': 0.836962890625, 'investment_fraction': 0.1310530364004499, 'investment_amount': 12739.657080991421, 'predicted_prob': 0.836962890625, 'allocated_amount': 10526.863523123498, 'exit_date': Timestamp('2017-06-23 00:00:00')}, {'ticker': 'PM', 'sector': 'Consumer Goods', 'expected_rise': 0.009924911881236141, 'prob_up': 0.80408935546875, 'investment_fraction': 0.11743301487903253, 'investment_amount': 1855.343761805087, 'predicted_prob': 0.80408935546875, 'allocated_amount': 1855.343761805087, 'exit_date': Timestamp('2017-06-23 00:00:00')}, {'ticker': 'UNH', 'sector': 'Healthcare', 'expected_rise': 0.009930126509582355, 'prob_up': 0.675, 'investment_fraction': 0.085819074617927, 'investment_amount': 2391.208598525397, 'predicted_prob': 0.675, 'allocated_amount': 2391.208598525397, 'exit_date': Timestamp('2017-06-23 00:00:00')}, {'ticker': 'AGFS', 'sector': 'Conglomerates', 'expected_rise': 0.034000341146418867, 'prob_up': 0.6666666666666666, 'investment_fraction': 0.08503618591769213, 'investment_amount': 12739.657080991397, 'predicted_prob': 0.6666666666666666, 'allocated_amount': 6280.311162793008, 'exit_date': Timestamp('2017-06-23 00:00:00')}]",5,100000.0,853,True,False,42,/mnt/primary/simulation/trained_models_meta,12,12,0.2,0.3,200,5,60,1.0,0.0001,0.3,True,True,0.3,0.7,0.3,0.5,0.5,0.1,3,100.0,0.5,"[[0.08, 0.6], [0.15, 0.35]]",meta,base,0.1451768429443134,15,128,32,1,0.6000000000000001,0.0,0.001415745628709,2.5137050405220336e-07,32.0,50,10,0.0046437191828983,10,0.8
2017-06-19,42995.692903265095,31666.04880116273,105553.49600387574,105553.49600387574,284.86077264077136,0.0027060365322970625,0,HYBRID_KELLY_MPT,29842.32798328377,11329.64410210236,True,False,"{'XOM': 0.30000000000000004, 'AGFS': 0.30000000000000004, 'PM': 0.04637848305050495, 'BSAC': 0.29999999999999977, 'UNH': 0.053621516949494755, 'HON': 6.288372600415927e-17, 'DIS': 5.811323644522305e-17, 'FB': 0.0, 'SRE': 3.1615335349677314e-16}","[{'date': Timestamp('2017-06-12 00:00:00'), 'exit_date': Timestamp('2017-06-19 00:00:00'), 'ticker': 'BSAC', 'sector': 'Financial', 'allocated_amount': 9270.091768419772, 'prob_up': 0.9808349609375, 'expected_rise': 0.02463142345828182, 'actual_return': 0.03111111111111109, 'pnl': 288.40285501750384, 'exit_reason': 'scheduled'}, {'date': Timestamp('2017-06-12 00:00:00'), 'exit_date': Timestamp('2017-06-19 00:00:00'), 'ticker': 'XOM', 'sector': 'Basic Matierials', 'allocated_amount': 1727.9314550901327, 'prob_up': 0.836962890625, 'expected_rise': 0.011132538080283475, 'actual_return': -0.0020498975039190404, 'pnl': -3.5420823767324583, 'exit_reason': 'scheduled'}]","[{'ticker': 'BSAC', 'sector': 'Financial', 'expected_rise': 0.02471905896049179, 'prob_up': 0.9808349609375, 'investment_fraction': 0.19256370283268248, 'investment_amount': 8952.698394985124, 'predicted_prob': 0.9808349609375, 'allocated_amount': 8952.698394985124, 'exit_date': Timestamp('2017-06-26 00:00:00')}, {'ticker': 'XOM', 'sector': 'Basic Matierials', 'expected_rise': 0.01117428076097789, 'prob_up': 0.836962890625, 'investment_fraction': 0.131050731824286, 'investment_amount': 8952.698394985133, 'predicted_prob': 0.836962890625, 'allocated_amount': 2376.9457071172365, 'exit_date': Timestamp('2017-06-26 00:00:00')}]",5,100000.0,853,True,False,42,/mnt/primary/simulation/trained_models_meta,12,12,0.2,0.3,200,5,60,1.0,0.0001,0.3,True,True,0.3,0.7,0.3,0.5,0.5,0.1,3,100.0,0.5,"[[0.08, 0.6], [0.15, 0.35]]",meta,base,0.1451768429443134,15,128,32,1,0.6000000000000001,0.0,0.001415745628709,2.5137050405220336e-07,32.0,50,10,0.0046437191828983,10,0.8
2017-06-20,31666.04880116273,31666.04880116273,105553.49600387574,105553.49600387574,0.0,0.0,0,HYBRID_KELLY_MPT,24225.16161271699,0.0,True,False,"{'XOM': 0.10000000000000028, 'AGFS': 0.29999999999999954, 'PM': 0.0, 'BSAC': 0.2999999999999996, 'UNH': 0.0, 'DHR': 3.410900034639397e-16, 'CHTR': 0.2999999999999999, 'MSFT': 2.3109769306528527e-16, 'PCG': 2.727852665973529e-16}",[],[],5,100000.0,853,True,False,42,/mnt/primary/simulation/trained_models_meta,12,12,0.2,0.3,200,5,60,1.0,0.0001,0.3,True,True,0.3,0.7,0.3,0.5,0.5,0.1,3,100.0,0.5,"[[0.08, 0.6], [0.15, 0.35]]",meta,base,0.1451768429443134,15,128,32,1,0.6000000000000001,0.0,0.001415745628709,2.5137050405220336e-07,32.0,50,10,0.0046437191828983,10,0.8
2017-06-21,31666.04880116273,31666.04880116273,105553.49600387574,105553.49600387574,0.0,0.0,0,HYBRID_KELLY_MPT,24026.62944151333,0.0,True,False,"{'XOM': 0.09999999999999963, 'AGFS': 0.3000000000000001, 'PM': 0.0, 'BSAC': 0.3000000000000001, 'UNH': 0.0, 'GE': 0.0, 'CHTR': 0.3000000000000001, 'MSFT': 0.0, 'PCG': 0.0}",[],[],5,100000.0,853,True,False,42,/mnt/primary/simulation/trained_models_meta,12,12,0.2,0.3,200,5,60,1.0,0.0001,0.3,True,True,0.3,0.7,0.3,0.5,0.5,0.1,3,100.0,0.5,"[[0.08, 0.6], [0.15, 0.35]]",meta,base,0.1451768429443134,15,128,32,1,0.6000000000000001,0.0,0.001415745628709,2.5137050405220336e-07,32.0,50,10,0.0046437191828983,10,0.8
2017-06-22,62505.15172138934,31624.615917858668,105415.38639286219,105415.38639286219,-138.10961101355008,-0.0013084323707145407,0,HYBRID_KELLY_MPT,42249.81113520344,30880.53580353068,True,False,"{'XOM': 0.09999999999999933, 'AGFS': 0.30000000000000016, 'PM': 2.76119188277746e-16, 'BSAC': 0.2999999999999997, 'UNH': 3.380542373809805e-16, 'DHR': 0.0, 'CHTR': 0.3000000000000001, 'MSFT': 0.0, 'PCG': 8.220962972871342e-17}","[{'date': Timestamp('2017-06-15 00:00:00'), 'exit_date': Timestamp('2017-06-22 00:00:00'), 'ticker': 'BSAC', 'sector': 'Financial', 'allocated_amount': 10453.3709233481, 'prob_up': 0.9808349609375, 'expected_rise': 0.024658783257573005, 'actual_return': -0.0035587187204935145, 'pnl': -37.20060679718146, 'exit_reason': 'scheduled'}, {'date': Timestamp('2017-06-15 00:00:00'), 'exit_date': Timestamp('2017-06-22 00:00:00'), 'ticker': 'XOM', 'sector': 'Basic Matierials', 'allocated_amount': 10453.3709233481, 'prob_up': 0.836962890625, 'expected_rise': 0.011169151193184266, 'actual_return': -0.014344760166672632, 'pnl': -149.95109882869775, 'exit_reason': 'scheduled'}, {'date': Timestamp('2017-06-15 00:00:00'), 'exit_date': Timestamp('2017-06-22 00:00:00'), 'ticker': 'PM', 'sector': 'Consumer Goods', 'allocated_amount': 1802.564532557119, 'prob_up': 0.80408935546875, 'expected_rise': 0.009917664247506813, 'actual_return': -0.006638478024421635, 'pnl': -11.96628503698229, 'exit_reason': 'scheduled'}, {'date': Timestamp('2017-06-15 00:00:00'), 'exit_date': Timestamp('2017-06-22 00:00:00'), 'ticker': 'UNH', 'sector': 'Healthcare', 'allocated_amount': 2296.720357624481, 'prob_up': 0.675, 'expected_rise': 0.009921499050686048, 'actual_return': 0.03392834477413387, 'pnl': 77.92392014325543, 'exit_reason': 'scheduled'}, {'date': Timestamp('2017-06-15 00:00:00'), 'exit_date': Timestamp('2017-06-22 00:00:00'), 'ticker': 'AGFS', 'sector': 'Conglomerates', 'allocated_amount': 5971.185794362362, 'prob_up': 0.6666666666666666, 'expected_rise': 0.03390467641434776, 'actual_return': -0.0028328611898016387, 'pnl': -16.915540493944004, 'exit_reason': 'scheduled'}]","[{'ticker': 'XOM', 'sector': 'Basic Matierials', 'expected_rise': 0.011189035597907643, 'prob_up': 0.836962890625, 'investment_fraction': 0.13122377492378864, 'investment_amount': 4224.981113520315, 'predicted_prob': 0.836962890625, 'allocated_amount': 4224.981113520315, 'exit_date': Timestamp('2017-06-29 00:00:00')}, {'ticker': 'BSAC', 'sector': 'Financial', 'expected_rise': 0.013247579449807015, 'prob_up': 0.75, 'investment_fraction': 0.10315118484348354, 'investment_amount': 12674.94334056102, 'predicted_prob': 0.75, 'allocated_amount': 10541.53863928622, 'exit_date': Timestamp('2017-06-29 00:00:00')}, {'ticker': 'CHTR', 'sector': 'Services', 'expected_rise': 0.013136029955920055, 'prob_up': 0.6923076923076923, 'investment_fraction': 0.08875460581310347, 'investment_amount': 12674.943340561036, 'predicted_prob': 0.6923076923076923, 'allocated_amount': 10541.53863928622, 'exit_date': Timestamp('2017-06-29 00:00:00')}, {'ticker': 'AGFS', 'sector': 'Conglomerates', 'expected_rise': 0.03355996378644152, 'prob_up': 0.6666666666666666, 'investment_fraction': 0.08478981493477944, 'investment_amount': 12674.943340561038, 'predicted_prob': 0.6666666666666666, 'allocated_amount': 5572.477411437925, 'exit_date': Timestamp('2017-06-29 00:00:00')}]",5,100000.0,853,True,False,42,/mnt/primary/simulation/trained_models_meta,12,12,0.2,0.3,200,5,60,1.0,0.0001,0.3,True,True,0.3,0.7,0.3,0.5,0.5,0.1,3,100.0,0.5,"[[0.08, 0.6], [0.15, 0.35]]",meta,base,0.1451768429443134,15,128,32,1,0.6000000000000001,0.0,0.001415745628709,2.5137050405220336e-07,32.0,50,10,0.0046437191828983,10,0.8
2017-06-23,62820.78894728213,31509.290655874553,105030.96885291518,105030.96885291519,-384.41753994702265,-0.003646692888971237,0,HYBRID_KELLY_MPT,40373.6818614425,31311.49829140758,True,False,"{'XOM': 0.09999999999999994, 'AGFS': 0.29999999999999977, 'PM': 0.0, 'BSAC': 0.30000000000000016, 'UNH': 0.0, 'GE': 0.0, 'CHTR': 0.30000000000000016, 'MSFT': 0.0, 'PPL': 0.0}","[{'date': Timestamp('2017-06-16 00:00:00'), 'exit_date': Timestamp('2017-06-23 00:00:00'), 'ticker': 'BSAC', 'sector': 'Financial', 'allocated_amount': 10526.863523123498, 'prob_up': 0.9808349609375, 'expected_rise': 0.024690101339468046, 'actual_return': -0.011027885428431805, 'pnl': -116.08904485374393, 'exit_reason': 'scheduled'}, {'date': Timestamp('2017-06-16 00:00:00'), 'exit_date': Timestamp('2017-06-23 00:00:00'), 'ticker': 'XOM', 'sector': 'Basic Matierials', 'allocated_amount': 10526.863523123498, 'prob_up': 0.836962890625, 'expected_rise': 0.011175185926381486, 'actual_return': -0.02251763139340357, 'pnl': -237.0400325423606, 'exit_reason': 'scheduled'}, {'date': Timestamp('2017-06-16 00:00:00'), 'exit_date': Timestamp('2017-06-23 00:00:00'), 'ticker': 'PM', 'sector': 'Consumer Goods', 'allocated_amount': 1855.343761805087, 'prob_up': 0.80408935546875, 'expected_rise': 0.009924911881236141, 'actual_return': -0.018713050515858587, 'pnl': -34.7191415389417, 'exit_reason': 'scheduled'}, {'date': Timestamp('2017-06-16 00:00:00'), 'exit_date': Timestamp('2017-06-23 00:00:00'), 'ticker': 'UNH', 'sector': 'Healthcare', 'allocated_amount': 2391.208598525397, 'prob_up': 0.675, 'expected_rise': 0.009930126509582355, 'actual_return': 0.019930600123035713, 'pnl': 47.658222387974334, 'exit_reason': 'scheduled'}, {'date': Timestamp('2017-06-16 00:00:00'), 'exit_date': Timestamp('2017-06-23 00:00:00'), 'ticker': 'AGFS', 'sector': 'Conglomerates', 'allocated_amount': 6280.311162793008, 'prob_up': 0.6666666666666666, 'expected_rise': 0.034000341146418867, 'actual_return': -0.007042253521126751, 'pnl': -44.227543399950704, 'exit_reason': 'scheduled'}]","[{'ticker': 'XOM', 'sector': 'Basic Matierials', 'expected_rise': 0.011190741023631694, 'prob_up': 0.836962890625, 'investment_fraction': 0.13124377596850814, 'investment_amount': 4037.3681861442474, 'predicted_prob': 0.836962890625, 'allocated_amount': 4037.3681861442474, 'exit_date': Timestamp('2017-06-30 00:00:00')}, {'ticker': 'BSAC', 'sector': 'Financial', 'expected_rise': 0.013259258392563946, 'prob_up': 0.75, 'investment_fraction': 0.10324212196808512, 'investment_amount': 12112.104558432757, 'predicted_prob': 0.75, 'allocated_amount': 10503.096885291518, 'exit_date': Timestamp('2017-06-30 00:00:00')}, {'ticker': 'CHTR', 'sector': 'Services', 'expected_rise': 0.013144917063411907, 'prob_up': 0.6923076923076923, 'investment_fraction': 0.08881465224455232, 'investment_amount': 12112.104558432757, 'predicted_prob': 0.6923076923076923, 'allocated_amount': 10503.096885291518, 'exit_date': Timestamp('2017-06-30 00:00:00')}, {'ticker': 'AGFS', 'sector': 'Conglomerates', 'expected_rise': 0.033673437862708794, 'prob_up': 0.6666666666666666, 'investment_fraction': 0.08507650910369523, 'investment_amount': 12112.10455843274, 'predicted_prob': 0.6666666666666666, 'allocated_amount': 6267.9363346803, 'exit_date': Timestamp('2017-06-30 00:00:00')}]",5,100000.0,853,True,False,42,/mnt/primary/simulation/trained_models_meta,12,12,0.2,0.3,200,5,60,1.0,0.0001,0.3,True,True,0.3,0.7,0.3,0.5,0.5,0.1,3,100.0,0.5,"[[0.08, 0.6], [0.15, 0.35]]",meta,base,0.1451768429443134,15,128,32,1,0.6000000000000001,0.0,0.001415745628709,2.5137050405220336e-07,32.0,50,10,0.0046437191828983,10,0.8
2017-06-26,42711.08449731696,31470.93557767657,104903.11859225522,104903.11859225522,-127.8502606599612,-0.001217262508917738,0,HYBRID_KELLY_MPT,27513.756118670175,11240.148919640385,True,False,"{'XOM': 0.09999999999999996, 'AGFS': 0.29999999999999993, 'PM': 1.2182095610047126e-15, 'BSAC': 0.29999999999999943, 'UNH': 3.3393426912553527e-16, 'GE': 0.0, 'CHTR': 0.29999999999999916, 'TSM': 0.0, 'PPL': 0.0}","[{'date': Timestamp('2017-06-19 00:00:00'), 'exit_date': Timestamp('2017-06-26 00:00:00'), 'ticker': 'BSAC', 'sector': 'Financial', 'allocated_amount': 8952.698394985124, 'prob_up': 0.9808349609375, 'expected_rise': 0.02471905896049179, 'actual_return': -0.009404349529780642, 'pnl': -84.19430494114626, 'exit_reason': 'scheduled'}, {'date': Timestamp('2017-06-19 00:00:00'), 'exit_date': Timestamp('2017-06-26 00:00:00'), 'ticker': 'XOM', 'sector': 'Basic Matierials', 'allocated_amount': 2376.9457071172365, 'prob_up': 0.836962890625, 'expected_rise': 0.01117428076097789, 'actual_return': -0.01836640844933768, 'pnl': -43.65595571881494, 'exit_reason': 'scheduled'}]","[{'ticker': 'XOM', 'sector': 'Basic Matierials', 'expected_rise': 0.011189396467274583, 'prob_up': 0.836962890625, 'investment_fraction': 0.1312280071599067, 'investment_amount': 2751.3756118670167, 'predicted_prob': 0.836962890625, 'allocated_amount': 2751.3756118670167, 'exit_date': Timestamp('2017-07-03 00:00:00')}, {'ticker': 'BSAC', 'sector': 'Financial', 'expected_rise': 0.013266640404497015, 'prob_up': 0.75, 'investment_fraction': 0.10329960139519932, 'investment_amount': 8254.126835601037, 'predicted_prob': 0.75, 'allocated_amount': 8254.126835601037, 'exit_date': Timestamp('2017-07-03 00:00:00')}, {'ticker': 'CHTR', 'sector': 'Services', 'expected_rise': 0.013141973716461, 'prob_up': 0.6923076923076923, 'investment_fraction': 0.08879476529246133, 'investment_amount': 8254.12683560103, 'predicted_prob': 0.6923076923076923, 'allocated_amount': 234.6464721723314, 'exit_date': Timestamp('2017-07-03 00:00:00')}]",5,100000.0,853,True,False,42,/mnt/primary/simulation/trained_models_meta,12,12,0.2,0.3,200,5,60,1.0,0.0001,0.3,True,True,0.3,0.7,0.3,0.5,0.5,0.1,3,100.0,0.5,"[[0.08, 0.6], [0.15, 0.35]]",meta,base,0.1451768429443134,15,128,32,1,0.6000000000000001,0.0,0.001415745628709,2.5137050405220336e-07,32.0,50,10,0.0046437191828983,10,0.8
2017-06-27,31470.935577676573,31470.93557767657,104903.11859225522,104903.11859225522,0.0,0.0,0,HYBRID_KELLY_MPT,20266.086655555046,0.0,True,False,"{'XOM': 0.2578780656877206, 'AGFS': 0.2999999999999998, 'PM': 2.168404344971008e-16, 'BSAC': 0.1421219343122794, 'UNH': 0.0, 'DHR': 0.0, 'CHTR': 0.2999999999999999, 'VZ': 0.0, 'PPL': 6.234162491791648e-17}",[],[],5,100000.0,853,True,False,42,/mnt/primary/simulation/trained_models_meta,12,12,0.2,0.3,200,5,60,1.0,0.0001,0.3,True,True,0.3,0.7,0.3,0.5,0.5,0.1,3,100.0,0.5,"[[0.08, 0.6], [0.15, 0.35]]",meta,base,0.1451768429443134,15,128,32,1,0.6000000000000001,0.0,0.001415745628709,2.5137050405220336e-07,32.0,50,10,0.0046437191828983,10,0.8
2017-06-28,31470.935577676573,31470.93557767657,104903.11859225522,104903.11859225522,0.0,0.0,0,HYBRID_KELLY_MPT,20343.263810214063,0.0,True,False,"{'XOM': 0.2567350542783631, 'AGFS': 0.29999999999999977, 'PM': 2.0816681711721676e-17, 'BSAC': 0.14326494572163737, 'UNH': 0.0, 'LMT': 0.0, 'CHTR': 0.2999999999999998, 'VZ': 0.0, 'PPL': 0.0}",[],[],5,100000.0,853,True,False,42,/mnt/primary/simulation/trained_models_meta,12,12,0.2,0.3,200,5,60,1.0,0.0001,0.3,True,True,0.3,0.7,0.3,0.5,0.5,0.1,3,100.0,0.5,"[[0.08, 0.6], [0.15, 0.35]]",meta,base,0.1451768429443134,15,128,32,1,0.6000000000000001,0.0,0.001415745628709,2.5137050405220336e-07,32.0,50,10,0.0046437191828983,10,0.8
2017-06-29,62608.7297437915,31548.11308645184,105160.37695483946,105160.37695483948,257.2583625842425,0.0024523423710993697,0,HYBRID_KELLY_MPT,40454.96775845066,31060.61665733966,True,False,"{'XOM': 0.25732499373273104, 'AGFS': 0.29999999999999993, 'PM': 0.0, 'BSAC': 0.14267500626726917, 'UNH': 0.0, 'LMT': 0.0, 'CHTR': 0.3, 'VZ': 0.0, 'PPL': 0.0}","[{'date': Timestamp('2017-06-22 00:00:00'), 'exit_date': Timestamp('2017-06-29 00:00:00'), 'ticker': 'XOM', 'sector': 'Basic Matierials', 'allocated_amount': 4224.981113520315, 'prob_up': 0.836962890625, 'expected_rise': 0.011189035597907643, 'actual_return': -0.004686790708268607, 'pnl': -19.801602225457366, 'exit_reason': 'scheduled'}, {'date': Timestamp('2017-06-22 00:00:00'), 'exit_date': Timestamp('2017-06-29 00:00:00'), 'ticker': 'BSAC', 'sector': 'Financial', 'allocated_amount': 10541.53863928622, 'prob_up': 0.75, 'expected_rise': 0.013247579449807015, 'actual_return': 0.001190436460696942, 'pnl': 12.549031948051946, 'exit_reason': 'scheduled'}, {'date': Timestamp('2017-06-22 00:00:00'), 'exit_date': Timestamp('2017-06-29 00:00:00'), 'ticker': 'CHTR', 'sector': 'Services', 'allocated_amount': 10541.53863928622, 'prob_up': 0.6923076923076923, 'expected_rise': 0.013136029955920055, 'actual_return': 0.004818438858850804, 'pnl': 50.793759411613955, 'exit_reason': 'scheduled'}, {'date': Timestamp('2017-06-22 00:00:00'), 'exit_date': Timestamp('2017-06-29 00:00:00'), 'ticker': 'AGFS', 'sector': 'Conglomerates', 'allocated_amount': 5572.477411437925, 'prob_up': 0.6666666666666666, 'expected_rise': 0.03355996378644152, 'actual_return': 0.03835227272727271, 'pnl': 213.71717345003395, 'exit_reason': 'scheduled'}]","[{'ticker': 'XOM', 'sector': 'Basic Matierials', 'expected_rise': 0.011162124556575958, 'prob_up': 0.836962890625, 'investment_fraction': 0.13117543135078405, 'investment_amount': 10410.074324901152, 'predicted_prob': 0.836962890625, 'allocated_amount': 10410.074324901152, 'exit_date': Timestamp('2017-07-07 00:00:00')}, {'ticker': 'BSAC', 'sector': 'Financial', 'expected_rise': 0.010564106531499213, 'prob_up': 0.6956521739130435, 'investment_fraction': 0.08238280213716902, 'investment_amount': 5771.91277847912, 'predicted_prob': 0.6956521739130435, 'allocated_amount': 5771.91277847912, 'exit_date': Timestamp('2017-07-07 00:00:00')}, {'ticker': 'CHTR', 'sector': 'Services', 'expected_rise': 0.01313856736201835, 'prob_up': 0.6923076923076923, 'investment_fraction': 0.08883388204965496, 'investment_amount': 12136.490327535197, 'predicted_prob': 0.6923076923076923, 'allocated_amount': 10516.037695483947, 'exit_date': Timestamp('2017-07-07 00:00:00')}, {'ticker': 'AGFS', 'sector': 'Conglomerates', 'expected_rise': 0.03355466782396614, 'prob_up': 0.6666666666666666, 'investment_fraction': 0.08519557672179832, 'investment_amount': 12136.490327535195, 'predicted_prob': 0.6666666666666666, 'allocated_amount': 4362.59185847544, 'exit_date': Timestamp('2017-07-07 00:00:00')}]",5,100000.0,853,True,False,42,/mnt/primary/simulation/trained_models_meta,12,12,0.2,0.3,200,5,60,1.0,0.0001,0.3,True,True,0.3,0.7,0.3,0.5,0.5,0.1,3,100.0,0.5,"[[0.08, 0.6], [0.15, 0.35]]",meta,base,0.1451768429443134,15,128,32,1,0.6000000000000001,0.0,0.001415745628709,2.5137050405220336e-07,32.0,50,10,0.0046437191828983,10,0.8
2017-06-30,63249.23181975587,31664.999219020778,105549.99739673591,105549.99739673591,389.6204418964476,0.0037050118417105704,0,HYBRID_KELLY_MPT,40862.12697049875,31584.232600735097,True,False,"{'XOM': 0.2626529873181123, 'AGFS': 0.2999999999999998, 'PM': 0.0, 'BSAC': 0.13734701268188798, 'UNH': 0.0, 'LMT': 0.0, 'CHTR': 0.2999999999999998, 'VZ': 4.412702842016001e-17, 'PPL': 0.0}","[{'date': Timestamp('2017-06-23 00:00:00'), 'exit_date': Timestamp('2017-06-30 00:00:00'), 'ticker': 'XOM', 'sector': 'Basic Matierials', 'allocated_amount': 4037.3681861442474, 'prob_up': 0.836962890625, 'expected_rise': 0.011190741023631694, 'actual_return': -0.010782967641429164, 'pnl': -43.53481050772898, 'exit_reason': 'scheduled'}, {'date': Timestamp('2017-06-23 00:00:00'), 'exit_date': Timestamp('2017-06-30 00:00:00'), 'ticker': 'BSAC', 'sector': 'Financial', 'allocated_amount': 10503.096885291518, 'prob_up': 0.75, 'expected_rise': 0.013259258392563946, 'actual_return': 0.01194739100169695, 'pnl': 125.48460521728313, 'exit_reason': 'scheduled'}, {'date': Timestamp('2017-06-23 00:00:00'), 'exit_date': Timestamp('2017-06-30 00:00:00'), 'ticker': 'CHTR', 'sector': 'Services', 'allocated_amount': 10503.096885291518, 'prob_up': 0.6923076923076923, 'expected_rise': 0.013144917063411907, 'actual_return': 0.01828905144942161, 'pnl': 192.09167931335645, 'exit_reason': 'scheduled'}, {'date': Timestamp('2017-06-23 00:00:00'), 'exit_date': Timestamp('2017-06-30 00:00:00'), 'ticker': 'AGFS', 'sector': 'Conglomerates', 'allocated_amount': 6267.9363346803, 'prob_up': 0.6666666666666666, 'expected_rise': 0.033673437862708794, 'actual_return': 0.018439716312056653, 'pnl': 115.57896787353693, 'exit_reason': 'scheduled'}]","[{'ticker': 'XOM', 'sector': 'Basic Matierials', 'expected_rise': 0.011167380131654433, 'prob_up': 0.836962890625, 'investment_fraction': 0.13123719399502093, 'investment_amount': 10732.559716973503, 'predicted_prob': 0.836962890625, 'allocated_amount': 10554.999739673593, 'exit_date': Timestamp('2017-07-10 00:00:00')}, {'ticker': 'BSAC', 'sector': 'Financial', 'expected_rise': 0.010526384057357497, 'prob_up': 0.6956521739130435, 'investment_fraction': 0.08226256218448255, 'investment_amount': 5612.291071226009, 'predicted_prob': 0.6956521739130435, 'allocated_amount': 5612.291071226009, 'exit_date': Timestamp('2017-07-10 00:00:00')}, {'ticker': 'CHTR', 'sector': 'Services', 'expected_rise': 0.013104418605672418, 'prob_up': 0.6923076923076923, 'investment_fraction': 0.08875098769723418, 'investment_amount': 12258.638091149618, 'predicted_prob': 0.6923076923076923, 'allocated_amount': 10554.999739673593, 'exit_date': Timestamp('2017-07-10 00:00:00')}, {'ticker': 'AGFS', 'sector': 'Conglomerates', 'expected_rise': 0.03340069204242791, 'prob_up': 0.6666666666666666, 'investment_fraction': 0.08505401726318207, 'investment_amount': 12258.638091149618, 'predicted_prob': 0.6666666666666666, 'allocated_amount': 4861.942050161902, 'exit_date': Timestamp('2017-07-10 00:00:00')}]",5,100000.0,853,True,False,42,/mnt/primary/simulation/trained_models_meta,12,12,0.2,0.3,200,5,60,1.0,0.0001,0.3,True,True,0.3,0.7,0.3,0.5,0.5,0.1,3,100.0,0.5,"[[0.08, 0.6], [0.15, 0.35]]",meta,base,0.1451768429443134,15,128,32,1,0.6000000000000001,0.0,0.001415745628709,2.5137050405220336e-07,32.0,50,10,0.0046437191828983,10,0.8
2017-07-03,43055.53933362419,31710.116577509696,105700.38859169894,105700.38859169892,150.3911949630285,0.0014248337155116086,0,HYBRID_KELLY_MPT,23816.752794124957,11345.422756114496,True,False,"{'XOM': 0.2580930582223558, 'AGFS': 0.2999999999999998, 'PM': 0.20892331341365172, 'BSAC': 0.2329836283639926, 'NVS': 1.7564075194265172e-17, 'LMT': 0.0, 'HD': 1.3010426069826053e-16, 'VZ': 0.0, 'SRE': 1.6263032587282567e-17}","[{'date': Timestamp('2017-06-26 00:00:00'), 'exit_date': Timestamp('2017-07-03 00:00:00'), 'ticker': 'XOM', 'sector': 'Basic Matierials', 'allocated_amount': 2751.3756118670167, 'prob_up': 0.836962890625, 'expected_rise': 0.011189396467274583, 'actual_return': 0.010585918527472149, 'pnl': 29.125838065698073, 'exit_reason': 'scheduled'}, {'date': Timestamp('2017-06-26 00:00:00'), 'exit_date': Timestamp('2017-07-03 00:00:00'), 'ticker': 'BSAC', 'sector': 'Financial', 'allocated_amount': 8254.126835601037, 'prob_up': 0.75, 'expected_rise': 0.013266640404497015, 'actual_return': 0.015031605418053706, 'pnl': 124.07277766332304, 'exit_reason': 'scheduled'}, {'date': Timestamp('2017-06-26 00:00:00'), 'exit_date': Timestamp('2017-07-03 00:00:00'), 'ticker': 'CHTR', 'sector': 'Services', 'allocated_amount': 234.6464721723314, 'prob_up': 0.6923076923076923, 'expected_rise': 0.013141973716461, 'actual_return': -0.01196447037963877, 'pnl': -2.807420765992592, 'exit_reason': 'scheduled'}]","[{'ticker': 'XOM', 'sector': 'Basic Matierials', 'expected_rise': 0.011170363276380922, 'prob_up': 0.836962890625, 'investment_fraction': 0.1312722514157024, 'investment_amount': 6146.938565561548, 'predicted_prob': 0.836962890625, 'allocated_amount': 6146.938565561548, 'exit_date': Timestamp('2017-07-11 00:00:00')}, {'ticker': 'PM', 'sector': 'Consumer Goods', 'expected_rise': 0.00993874092447361, 'prob_up': 0.80408935546875, 'investment_fraction': 0.11745692938447419, 'investment_amount': 4975.874908502434, 'predicted_prob': 0.80408935546875, 'allocated_amount': 4975.874908502434, 'exit_date': Timestamp('2017-07-11 00:00:00')}, {'ticker': 'BSAC', 'sector': 'Financial', 'expected_rise': 0.010505384025161386, 'prob_up': 0.6956521739130435, 'investment_fraction': 0.08219540377524404, 'investment_amount': 5548.913481823492, 'predicted_prob': 0.6956521739130435, 'allocated_amount': 222.6092820505146, 'exit_date': Timestamp('2017-07-11 00:00:00')}]",5,100000.0,853,True,False,42,/mnt/primary/simulation/trained_models_meta,12,12,0.2,0.3,200,5,60,1.0,0.0001,0.3,True,True,0.3,0.7,0.3,0.5,0.5,0.1,3,100.0,0.5,"[[0.08, 0.6], [0.15, 0.35]]",meta,base,0.1451768429443134,15,128,32,1,0.6000000000000001,0.0,0.001415745628709,2.5137050405220336e-07,32.0,50,10,0.0046437191828983,10,0.8
2017-07-05,31710.11657750969,31710.116577509696,105700.38859169892,105700.38859169892,0.0,0.0,0,HYBRID_KELLY_MPT,17142.81189478667,0.0,True,False,"{'XOM': 0.25818038634514456, 'AGFS': 0.29999999999999954, 'PM': 0.2091700811799822, 'BSAC': 0.23264953247487327, 'AMGN': 0.0, 'HON': 1.341158087364569e-16, 'HD': 8.500145032286355e-17, 'VZ': 1.7293024651143796e-16, 'PPL': 0.0}",[],[],5,100000.0,853,True,False,42,/mnt/primary/simulation/trained_models_meta,12,12,0.2,0.3,200,5,60,1.0,0.0001,0.3,True,True,0.3,0.7,0.3,0.5,0.5,0.1,3,100.0,0.5,"[[0.08, 0.6], [0.15, 0.35]]",meta,base,0.1451768429443134,15,128,32,1,0.6000000000000001,0.0,0.001415745628709,2.5137050405220336e-07,32.0,50,10,0.0046437191828983,10,0.8
2017-07-06,31710.11657750969,31710.116577509696,105700.38859169892,105700.38859169892,0.0,0.0,0,HYBRID_KELLY_MPT,18651.492765347903,0.0,True,False,"{'XOM': 0.26995766034734214, 'AGFS': 0.30000000000000004, 'PM': 7.355227538141664e-16, 'BSAC': 0.1300423396526572, 'ABBV': 1.422473250300982e-16, 'DHR': 1.1102230246251568e-16, 'CHTR': 0.2999999999999993, 'VZ': 2.775557561562892e-17, 'PCG': 1.864827736675068e-16}",[],[],5,100000.0,853,True,False,42,/mnt/primary/simulation/trained_models_meta,12,12,0.2,0.3,200,5,60,1.0,0.0001,0.3,True,True,0.3,0.7,0.3,0.5,0.5,0.1,3,100.0,0.5,"[[0.08, 0.6], [0.15, 0.35]]",meta,base,0.1451768429443134,15,128,32,1,0.6000000000000001,0.0,0.001415745628709,2.5137050405220336e-07,32.0,50,10,0.0046437191828983,10,0.8
2017-07-07,63037.81789102002,31790.241974360884,105967.47324786961,105967.47324786961,267.08465617067276,0.0025268086497050035,0,HYBRID_KELLY_MPT,38463.65897940119,31247.575916659138,True,False,"{'XOM': 0.27353090444222805, 'AGFS': 0.3, 'PM': 0.0, 'BSAC': 0.1264690955577718, 'AMGN': 9.367506770274758e-17, 'HON': 0.0, 'CHTR': 0.3, 'VZ': 0.0, 'PCG': 0.0}","[{'date': Timestamp('2017-06-29 00:00:00'), 'exit_date': Timestamp('2017-07-07 00:00:00'), 'ticker': 'XOM', 'sector': 'Basic Matierials', 'allocated_amount': 10410.074324901152, 'prob_up': 0.836962890625, 'expected_rise': 0.011162124556575958, 'actual_return': -0.0059479060451513854, 'pnl': -61.91814400755479, 'exit_reason': 'scheduled'}, {'date': Timestamp('2017-06-29 00:00:00'), 'exit_date': Timestamp('2017-07-07 00:00:00'), 'ticker': 'BSAC', 'sector': 'Financial', 'allocated_amount': 5771.91277847912, 'prob_up': 0.6956521739130435, 'expected_rise': 0.010564106531499213, 'actual_return': 0.011890646056282206, 'pnl': 68.63177191662761, 'exit_reason': 'scheduled'}, {'date': Timestamp('2017-06-29 00:00:00'), 'exit_date': Timestamp('2017-07-07 00:00:00'), 'ticker': 'CHTR', 'sector': 'Services', 'allocated_amount': 10516.037695483947, 'prob_up': 0.6923076923076923, 'expected_rise': 0.01313856736201835, 'actual_return': -0.0098588106826355, 'pnl': -103.67562477123474, 'exit_reason': 'scheduled'}, {'date': Timestamp('2017-06-29 00:00:00'), 'exit_date': Timestamp('2017-07-07 00:00:00'), 'ticker': 'AGFS', 'sector': 'Conglomerates', 'allocated_amount': 4362.59185847544, 'prob_up': 0.6666666666666666, 'expected_rise': 0.03355466782396614, 'actual_return': 0.08344733242134073, 'pnl': 364.0466530328347, 'exit_reason': 'scheduled'}]","[{'ticker': 'XOM', 'sector': 'Basic Matierials', 'expected_rise': 0.011164976551565215, 'prob_up': 0.836962890625, 'investment_fraction': 0.1313168500720871, 'investment_amount': 10520.999428793033, 'predicted_prob': 0.836962890625, 'allocated_amount': 10520.999428793033, 'exit_date': Timestamp('2017-07-14 00:00:00')}, {'ticker': 'BSAC', 'sector': 'Financial', 'expected_rise': 0.01044381487417952, 'prob_up': 0.6956521739130435, 'investment_fraction': 0.08199758728465582, 'investment_amount': 4864.464162967436, 'predicted_prob': 0.6956521739130435, 'allocated_amount': 4864.464162967436, 'exit_date': Timestamp('2017-07-14 00:00:00')}, {'ticker': 'CHTR', 'sector': 'Services', 'expected_rise': 0.013079328555809427, 'prob_up': 0.6923076923076923, 'investment_fraction': 0.08872943172991124, 'investment_amount': 11539.097693820357, 'predicted_prob': 0.6923076923076923, 'allocated_amount': 10596.747324786962, 'exit_date': Timestamp('2017-07-14 00:00:00')}, {'ticker': 'AGFS', 'sector': 'Conglomerates', 'expected_rise': 0.03316328893307249, 'prob_up': 0.6666666666666666, 'investment_fraction': 0.08483411903255295, 'investment_amount': 11539.097693820357, 'predicted_prob': 0.6666666666666666, 'allocated_amount': 5265.365000111706, 'exit_date': Timestamp('2017-07-14 00:00:00')}]",5,100000.0,853,True,False,42,/mnt/primary/simulation/trained_models_meta,12,12,0.2,0.3,200,5,60,1.0,0.0001,0.3,True,True,0.3,0.7,0.3,0.5,0.5,0.1,3,100.0,0.5,"[[0.08, 0.6], [0.15, 0.35]]",meta,base,0.1451768429443134,15,128,32,1,0.6000000000000001,0.0,0.001415745628709,2.5137050405220336e-07,32.0,50,10,0.0046437191828983,10,0.8
2017-07-10,63906.724224645375,31956.807355419674,106499.72289741901,106499.72289741901,532.2496495493988,0.005022764375105959,0,HYBRID_KELLY_MPT,40248.77298268468,31949.9168692257,True,False,"{'XOM': 0.27565691941951515, 'AGFS': 0.2999999999999996, 'PM': 0.0, 'BSAC': 0.12434308058048557, 'AMGN': 0.0, 'LMT': 1.0408340855860832e-17, 'CHTR': 0.29999999999999966, 'VZ': 3.989863994746652e-17, 'NGG': 0.0}","[{'date': Timestamp('2017-06-30 00:00:00'), 'exit_date': Timestamp('2017-07-10 00:00:00'), 'ticker': 'XOM', 'sector': 'Basic Matierials', 'allocated_amount': 10554.999739673593, 'prob_up': 0.836962890625, 'expected_rise': 0.011167380131654433, 'actual_return': -0.007060559628617846, 'pnl': -74.52420504201125, 'exit_reason': 'scheduled'}, {'date': Timestamp('2017-06-30 00:00:00'), 'exit_date': Timestamp('2017-07-10 00:00:00'), 'ticker': 'BSAC', 'sector': 'Financial', 'allocated_amount': 5612.291071226009, 'prob_up': 0.6956521739130435, 'expected_rise': 0.010526384057357497, 'actual_return': 0.01298701298701288, 'pnl': 72.8868970289086, 'exit_reason': 'scheduled'}, {'date': Timestamp('2017-06-30 00:00:00'), 'exit_date': Timestamp('2017-07-10 00:00:00'), 'ticker': 'CHTR', 'sector': 'Services', 'allocated_amount': 10554.999739673593, 'prob_up': 0.6923076923076923, 'expected_rise': 0.013104418605672418, 'actual_return': -0.0007421700921685925, 'pnl': -7.83360512963302, 'exit_reason': 'scheduled'}, {'date': Timestamp('2017-06-30 00:00:00'), 'exit_date': Timestamp('2017-07-10 00:00:00'), 'ticker': 'AGFS', 'sector': 'Conglomerates', 'allocated_amount': 4861.942050161902, 'prob_up': 0.6666666666666666, 'expected_rise': 0.03340069204242791, 'actual_return': 0.11142061281337057, 'pnl': 541.7205626921344, 'exit_reason': 'scheduled'}]","[{'ticker': 'XOM', 'sector': 'Basic Matierials', 'expected_rise': 0.011169690133168183, 'prob_up': 0.836962890625, 'investment_fraction': 0.1313722888529749, 'investment_amount': 11094.852770822268, 'predicted_prob': 0.836962890625, 'allocated_amount': 10649.972289741901, 'exit_date': Timestamp('2017-07-17 00:00:00')}, {'ticker': 'BSAC', 'sector': 'Financial', 'expected_rise': 0.010423093558139824, 'prob_up': 0.6956521739130435, 'investment_fraction': 0.08193070191961618, 'investment_amount': 5004.656422251632, 'predicted_prob': 0.6956521739130435, 'allocated_amount': 5004.656422251632, 'exit_date': Timestamp('2017-07-17 00:00:00')}, {'ticker': 'CHTR', 'sector': 'Services', 'expected_rise': 0.013089992015861068, 'prob_up': 0.6923076923076923, 'investment_fraction': 0.08880177204513608, 'investment_amount': 12074.631894805389, 'predicted_prob': 0.6923076923076923, 'allocated_amount': 10649.972289741901, 'exit_date': Timestamp('2017-07-17 00:00:00')}, {'ticker': 'AGFS', 'sector': 'Conglomerates', 'expected_rise': 0.03318278332335628, 'prob_up': 0.6666666666666666, 'investment_fraction': 0.08485225146975615, 'investment_amount': 12074.631894805387, 'predicted_prob': 0.6666666666666666, 'allocated_amount': 5645.315867490266, 'exit_date': Timestamp('2017-07-17 00:00:00')}]",5,100000.0,853,True,False,42,/mnt/primary/simulation/trained_models_meta,12,12,0.2,0.3,200,5,60,1.0,0.0001,0.3,True,True,0.3,0.7,0.3,0.5,0.5,0.1,3,100.0,0.5,"[[0.08, 0.6], [0.15, 0.35]]",meta,base,0.1451768429443134,15,128,32,1,0.6000000000000001,0.0,0.001415745628709,2.5137050405220336e-07,32.0,50,10,0.0046437191828983,10,0.8
2017-07-11,43202.94464704006,31920.131229877465,106400.4374329249,106400.4374329249,-99.28546449411574,-0.0009322603082239089,0,HYBRID_KELLY_MPT,27067.802902429772,11282.813417162588,True,False,"{'XOM': 0.27713825052836905, 'AGFS': 0.2999999999999997, 'PM': 0.0, 'BSAC': 0.12286174947163134, 'AMGN': 2.5912431922403553e-17, 'HON': 9.063930161978816e-17, 'CHTR': 0.29999999999999954, 'VZ': 4.4452289071905676e-17, 'NGG': 1.2804427657053807e-16}","[{'date': Timestamp('2017-07-03 00:00:00'), 'exit_date': Timestamp('2017-07-11 00:00:00'), 'ticker': 'XOM', 'sector': 'Basic Matierials', 'allocated_amount': 6146.938565561548, 'prob_up': 0.836962890625, 'expected_rise': 0.011170363276380922, 'actual_return': -0.018270402393919638, 'pnl': -112.30704108351264, 'exit_reason': 'scheduled'}, {'date': Timestamp('2017-07-03 00:00:00'), 'exit_date': Timestamp('2017-07-11 00:00:00'), 'ticker': 'PM', 'sector': 'Consumer Goods', 'allocated_amount': 4975.874908502434, 'prob_up': 0.80408935546875, 'expected_rise': 0.00993874092447361, 'actual_return': 0.00265181347045651, 'pnl': 13.195092109673308, 'exit_reason': 'scheduled'}, {'date': Timestamp('2017-07-03 00:00:00'), 'exit_date': Timestamp('2017-07-11 00:00:00'), 'ticker': 'BSAC', 'sector': 'Financial', 'allocated_amount': 222.6092820505146, 'prob_up': 0.6956521739130435, 'expected_rise': 0.010505384025161386, 'actual_return': -0.000779462197973535, 'pnl': -0.17351552027640468, 'exit_reason': 'scheduled'}]","[{'ticker': 'XOM', 'sector': 'Basic Matierials', 'expected_rise': 0.01117397584260256, 'prob_up': 0.836962890625, 'investment_fraction': 0.13142269521618108, 'investment_amount': 7501.523542026097, 'predicted_prob': 0.836962890625, 'allocated_amount': 7501.523542026097, 'exit_date': Timestamp('2017-07-18 00:00:00')}, {'ticker': 'BSAC', 'sector': 'Financial', 'expected_rise': 0.01040413183218952, 'prob_up': 0.6956521739130435, 'investment_fraction': 0.08186935888357505, 'investment_amount': 3325.5976189458224, 'predicted_prob': 0.6956521739130435, 'allocated_amount': 3325.5976189458224, 'exit_date': Timestamp('2017-07-18 00:00:00')}, {'ticker': 'CHTR', 'sector': 'Services', 'expected_rise': 0.013107546053292852, 'prob_up': 0.6923076923076923, 'investment_fraction': 0.08892085765104021, 'investment_amount': 8120.340870728919, 'predicted_prob': 0.6923076923076923, 'allocated_amount': 455.69225619066856, 'exit_date': Timestamp('2017-07-18 00:00:00')}]",5,100000.0,853,True,False,42,/mnt/primary/simulation/trained_models_meta,12,12,0.2,0.3,200,5,60,1.0,0.0001,0.3,True,True,0.3,0.7,0.3,0.5,0.5,0.1,3,100.0,0.5,"[[0.08, 0.6], [0.15, 0.35]]",meta,base,0.1451768429443134,15,128,32,1,0.6000000000000001,0.0,0.001415745628709,2.5137050405220336e-07,32.0,50,10,0.0046437191828983,10,0.8
2017-07-12,31920.131229877472,31920.131229877465,106400.4374329249,106400.4374329249,0.0,0.0,0,HYBRID_KELLY_MPT,19523.48991914149,0.0,True,False,"{'XOM': 0.27319866555188227, 'AGFS': 0.2999999999999999, 'PM': 0.0, 'BSAC': 0.12680133444811773, 'NVS': 1.7347234759768066e-16, 'HON': 1.561251128379126e-16, 'CHTR': 0.2999999999999998, 'VZ': 0.0, 'NGG': 1.3530843112619093e-16}",[],[],5,100000.0,853,True,False,42,/mnt/primary/simulation/trained_models_meta,12,12,0.2,0.3,200,5,60,1.0,0.0001,0.3,True,True,0.3,0.7,0.3,0.5,0.5,0.1,3,100.0,0.5,"[[0.08, 0.6], [0.15, 0.35]]",meta,base,0.1451768429443134,15,128,32,1,0.6000000000000001,0.0,0.001415745628709,2.5137050405220336e-07,32.0,50,10,0.0046437191828983,10,0.8
2017-07-13,31920.131229877472,31920.131229877465,106400.4374329249,106400.4374329249,0.0,0.0,0,HYBRID_KELLY_MPT,20094.038369783033,0.0,True,False,"{'XOM': 0.27135241040975205, 'AGFS': 0.3000000000000001, 'PM': 2.70616862252382e-16, 'BSAC': 0.1286475895902477, 'AMGN': 3.0357660829594136e-17, 'LMT': 4.163336342344339e-17, 'CHTR': 0.2999999999999998, 'VZ': 0.0, 'NGG': 5.507747036226365e-17}",[],[],5,100000.0,853,True,False,42,/mnt/primary/simulation/trained_models_meta,12,12,0.2,0.3,200,5,60,1.0,0.0001,0.3,True,True,0.3,0.7,0.3,0.5,0.5,0.1,3,100.0,0.5,"[[0.08, 0.6], [0.15, 0.35]]",meta,base,0.1451768429443134,15,128,32,1,0.6000000000000001,0.0,0.001415745628709,2.5137050405220336e-07,32.0,50,10,0.0046437191828983,10,0.8
2017-07-14,63932.04467438949,32149.43248823333,107164.77496077778,107164.77496077777,764.3375278528879,0.007183593848800962,0,HYBRID_KELLY_MPT,40032.64454846847,31782.612186156155,True,False,"{'XOM': 0.26700338489044795, 'AGFS': 0.2999999999999996, 'PM': 0.0, 'BSAC': 0.13299661510955177, 'AMGN': 3.2439329000766293e-16, 'HON': 3.2439329000766293e-16, 'CHTR': 0.3, 'VZ': 1.8735013540549517e-16, 'NGG': 0.0}","[{'date': Timestamp('2017-07-07 00:00:00'), 'exit_date': Timestamp('2017-07-14 00:00:00'), 'ticker': 'XOM', 'sector': 'Basic Matierials', 'allocated_amount': 10520.999428793033, 'prob_up': 0.836962890625, 'expected_rise': 0.011164976551565215, 'actual_return': 0.013213637332166073, 'pnl': 139.02067082399756, 'exit_reason': 'scheduled'}, {'date': Timestamp('2017-07-07 00:00:00'), 'exit_date': Timestamp('2017-07-14 00:00:00'), 'ticker': 'BSAC', 'sector': 'Financial', 'allocated_amount': 4864.464162967436, 'prob_up': 0.6956521739130435, 'expected_rise': 0.01044381487417952, 'actual_return': 0.022326634456457883, 'pnl': 108.60711319311332, 'exit_reason': 'scheduled'}, {'date': Timestamp('2017-07-07 00:00:00'), 'exit_date': Timestamp('2017-07-14 00:00:00'), 'ticker': 'CHTR', 'sector': 'Services', 'allocated_amount': 10596.747324786962, 'prob_up': 0.6923076923076923, 'expected_rise': 0.013079328555809427, 'actual_return': 0.031194522811905046, 'pnl': 330.56047615506066, 'exit_reason': 'scheduled'}, {'date': Timestamp('2017-07-07 00:00:00'), 'exit_date': Timestamp('2017-07-14 00:00:00'), 'ticker': 'AGFS', 'sector': 'Conglomerates', 'allocated_amount': 5265.365000111706, 'prob_up': 0.6666666666666666, 'expected_rise': 0.03316328893307249, 'actual_return': 0.03535353535353525, 'pnl': 186.14926768071632, 'exit_reason': 'scheduled'}]","[{'ticker': 'XOM', 'sector': 'Basic Matierials', 'expected_rise': 0.01113422652448591, 'prob_up': 0.836962890625, 'investment_fraction': 0.13132359949042907, 'investment_amount': 10688.851600557218, 'predicted_prob': 0.836962890625, 'allocated_amount': 10688.851600557218, 'exit_date': Timestamp('2017-07-21 00:00:00')}, {'ticker': 'BSAC', 'sector': 'Financial', 'expected_rise': 0.010456402600128534, 'prob_up': 0.6956521739130435, 'investment_fraction': 0.08211172279628892, 'investment_amount': 5324.206218830156, 'predicted_prob': 0.6956521739130435, 'allocated_amount': 5324.206218830156, 'exit_date': Timestamp('2017-07-21 00:00:00')}, {'ticker': 'CHTR', 'sector': 'Services', 'expected_rise': 0.013083838552405717, 'prob_up': 0.6923076923076923, 'investment_fraction': 0.08886324662726547, 'investment_amount': 12009.79336454054, 'predicted_prob': 0.6923076923076923, 'allocated_amount': 10716.47749607778, 'exit_date': Timestamp('2017-07-21 00:00:00')}, {'ticker': 'AGFS', 'sector': 'Conglomerates', 'expected_rise': 0.03330292343728822, 'prob_up': 0.6666666666666666, 'investment_fraction': 0.08496369956776417, 'investment_amount': 12009.793364540525, 'predicted_prob': 0.6666666666666666, 'allocated_amount': 5053.076870691002, 'exit_date': Timestamp('2017-07-21 00:00:00')}]",5,100000.0,853,True,False,42,/mnt/primary/simulation/trained_models_meta,12,12,0.2,0.3,200,5,60,1.0,0.0001,0.3,True,True,0.3,0.7,0.3,0.5,0.5,0.1,3,100.0,0.5,"[[0.08, 0.6], [0.15, 0.35]]",meta,base,0.1451768429443134,15,128,32,1,0.6000000000000001,0.0,0.001415745628709,2.5137050405220336e-07,32.0,50,10,0.0046437191828983,10,0.8
2017-07-17,64800.07553528319,32440.425193702606,107865.50113860193,107865.50113860192,700.7261778241541,0.006538773380344809,0,HYBRID_KELLY_MPT,40545.85912853918,32359.65034158058,True,False,"{'XOM': 0.2662721682176784, 'AGFS': 0.29999999999999993, 'PM': 3.608224830031759e-16, 'BSAC': 0.13372783178232125, 'AMGN': 2.4015078120553923e-17, 'HON': 1.3530843112619095e-16, 'CHTR': 0.2999999999999999, 'VZ': 1.0061396160665481e-16, 'NGG': 0.0}","[{'date': Timestamp('2017-07-10 00:00:00'), 'exit_date': Timestamp('2017-07-17 00:00:00'), 'ticker': 'XOM', 'sector': 'Basic Matierials', 'allocated_amount': 10649.972289741901, 'prob_up': 0.836962890625, 'expected_rise': 0.011169690133168183, 'actual_return': 0.008732497069236622, 'pnl': 93.0008518076224, 'exit_reason': 'scheduled'}, {'date': Timestamp('2017-07-10 00:00:00'), 'exit_date': Timestamp('2017-07-17 00:00:00'), 'ticker': 'BSAC', 'sector': 'Financial', 'allocated_amount': 5004.656422251632, 'prob_up': 0.6956521739130435, 'expected_rise': 0.010423093558139824, 'actual_return': 0.017482556332556243, 'pnl': 87.49418782710353, 'exit_reason': 'scheduled'}, {'date': Timestamp('2017-07-10 00:00:00'), 'exit_date': Timestamp('2017-07-17 00:00:00'), 'ticker': 'CHTR', 'sector': 'Services', 'allocated_amount': 10649.972289741901, 'prob_up': 0.6923076923076923, 'expected_rise': 0.013089992015861068, 'actual_return': 0.016963731129582937, 'pnl': 180.66326646069038, 'exit_reason': 'scheduled'}, {'date': Timestamp('2017-07-10 00:00:00'), 'exit_date': Timestamp('2017-07-17 00:00:00'), 'ticker': 'AGFS', 'sector': 'Conglomerates', 'allocated_amount': 5645.315867490266, 'prob_up': 0.6666666666666666, 'expected_rise': 0.03318278332335628, 'actual_return': 0.06015037593984962, 'pnl': 339.56787172873777, 'exit_reason': 'scheduled'}]","[{'ticker': 'XOM', 'sector': 'Basic Matierials', 'expected_rise': 0.011127459789150796, 'prob_up': 0.836962890625, 'investment_fraction': 0.13130639401499405, 'investment_amount': 10796.233822404676, 'predicted_prob': 0.836962890625, 'allocated_amount': 10786.550113860194, 'exit_date': Timestamp('2017-07-24 00:00:00')}, {'ticker': 'BSAC', 'sector': 'Financial', 'expected_rise': 0.010451650863157334, 'prob_up': 0.6956521739130435, 'investment_fraction': 0.08209642647445235, 'investment_amount': 5422.109829010982, 'predicted_prob': 0.6956521739130435, 'allocated_amount': 5422.109829010982, 'exit_date': Timestamp('2017-07-24 00:00:00')}, {'ticker': 'CHTR', 'sector': 'Services', 'expected_rise': 0.013086219915466298, 'prob_up': 0.6923076923076923, 'investment_fraction': 0.08886903957288646, 'investment_amount': 12163.75773856175, 'predicted_prob': 0.6923076923076923, 'allocated_amount': 10786.550113860194, 'exit_date': Timestamp('2017-07-24 00:00:00')}, {'ticker': 'AGFS', 'sector': 'Conglomerates', 'expected_rise': 0.03314782519063054, 'prob_up': 0.6666666666666666, 'investment_fraction': 0.08481972599696178, 'investment_amount': 12163.757738561751, 'predicted_prob': 0.6666666666666666, 'allocated_amount': 5364.44028484921, 'exit_date': Timestamp('2017-07-24 00:00:00')}]",5,100000.0,853,True,False,42,/mnt/primary/simulation/trained_models_meta,12,12,0.2,0.3,200,5,60,1.0,0.0001,0.3,True,True,0.3,0.7,0.3,0.5,0.5,0.1,3,100.0,0.5,"[[0.08, 0.6], [0.15, 0.35]]",meta,base,0.1451768429443134,15,128,32,1,0.6000000000000001,0.0,0.001415745628709,2.5137050405220336e-07,32.0,50,10,0.0046437191828983,10,0.8
2017-07-18,43789.45314674172,32379.51470234355,107931.71567447846,107931.71567447844,66.21453587652894,0.0006138620335287559,0,HYBRID_KELLY_MPT,27315.527821261036,11409.938444398167,True,False,"{'XOM': 0.2666700202472296, 'AGFS': 0.29999999999999966, 'PM': 0.0, 'BSAC': 0.13332997975277122, 'AMGN': 0.0, 'DHR': 0.0, 'CHTR': 0.29999999999999966, 'VZ': 0.0, 'NGG': 0.0}","[{'date': Timestamp('2017-07-11 00:00:00'), 'exit_date': Timestamp('2017-07-18 00:00:00'), 'ticker': 'XOM', 'sector': 'Basic Matierials', 'allocated_amount': 7501.523542026097, 'prob_up': 0.836962890625, 'expected_rise': 0.01117397584260256, 'actual_return': 0.0, 'pnl': 0.0, 'exit_reason': 'scheduled'}, {'date': Timestamp('2017-07-11 00:00:00'), 'exit_date': Timestamp('2017-07-18 00:00:00'), 'ticker': 'BSAC', 'sector': 'Financial', 'allocated_amount': 3325.5976189458224, 'prob_up': 0.6956521739130435, 'expected_rise': 0.01040413183218952, 'actual_return': 0.017160726098312207, 'pnl': 57.06966985192851, 'exit_reason': 'scheduled'}, {'date': Timestamp('2017-07-11 00:00:00'), 'exit_date': Timestamp('2017-07-18 00:00:00'), 'ticker': 'CHTR', 'sector': 'Services', 'allocated_amount': 455.69225619066856, 'prob_up': 0.6923076923076923, 'expected_rise': 0.013107546053292852, 'actual_return': 0.020068074232918454, 'pnl': 9.14486602460043, 'exit_reason': 'scheduled'}]","[{'ticker': 'XOM', 'sector': 'Basic Matierials', 'expected_rise': 0.011112639142959891, 'prob_up': 0.836962890625, 'investment_fraction': 0.13126865281381866, 'investment_amount': 7284.232357159443, 'predicted_prob': 0.836962890625, 'allocated_amount': 7284.232357159443, 'exit_date': Timestamp('2017-07-25 00:00:00')}, {'ticker': 'BSAC', 'sector': 'Financial', 'expected_rise': 0.010439609993857384, 'prob_up': 0.6956521739130435, 'investment_fraction': 0.08205762892602902, 'investment_amount': 3641.9787713449928, 'predicted_prob': 0.6956521739130435, 'allocated_amount': 3641.9787713449928, 'exit_date': Timestamp('2017-07-25 00:00:00')}, {'ticker': 'CHTR', 'sector': 'Services', 'expected_rise': 0.013069236152249036, 'prob_up': 0.6923076923076923, 'investment_fraction': 0.08882769495781373, 'investment_amount': 8194.6583463783, 'predicted_prob': 0.6923076923076923, 'allocated_amount': 483.72731589373143, 'exit_date': Timestamp('2017-07-25 00:00:00')}]",5,100000.0,853,True,False,42,/mnt/primary/simulation/trained_models_meta,12,12,0.2,0.3,200,5,60,1.0,0.0001,0.3,True,True,0.3,0.7,0.3,0.5,0.5,0.1,3,100.0,0.5,"[[0.08, 0.6], [0.15, 0.35]]",meta,base,0.1451768429443134,15,128,32,1,0.6000000000000001,0.0,0.001415745628709,2.5137050405220336e-07,32.0,50,10,0.0046437191828983,10,0.8
2017-07-19,32379.514702343542,32379.51470234355,107931.71567447844,107931.71567447844,0.0,0.0,0,HYBRID_KELLY_MPT,19718.764117362447,0.0,True,False,"{'XOM': 0.26869757678473805, 'AGFS': 0.29999999999999954, 'PM': 5.134781488891346e-16, 'BSAC': 0.1313024232152624, 'NVS': 0.0, 'DHR': 0.0, 'CHTR': 0.29999999999999954, 'VZ': 0.0, 'NGG': 0.0}",[],[],5,100000.0,853,True,False,42,/mnt/primary/simulation/trained_models_meta,12,12,0.2,0.3,200,5,60,1.0,0.0001,0.3,True,True,0.3,0.7,0.3,0.5,0.5,0.1,3,100.0,0.5,"[[0.08, 0.6], [0.15, 0.35]]",meta,base,0.1451768429443134,15,128,32,1,0.6000000000000001,0.0,0.001415745628709,2.5137050405220336e-07,32.0,50,10,0.0046437191828983,10,0.8
2017-07-20,32379.514702343542,32379.51470234355,107931.71567447844,107931.71567447844,0.0,0.0,0,HYBRID_KELLY_MPT,19718.217618353992,0.0,True,False,"{'XOM': 0.1799228843182129, 'AGFS': 0.2999999999999998, 'PM': 0.08868905700716172, 'BSAC': 0.13138805867462572, 'NVS': 0.0, 'DHR': 0.0, 'CHTR': 0.2999999999999999, 'VZ': 0.0, 'NGG': 0.0}",[],[],5,100000.0,853,True,False,42,/mnt/primary/simulation/trained_models_meta,12,12,0.2,0.3,200,5,60,1.0,0.0001,0.3,True,True,0.3,0.7,0.3,0.5,0.5,0.1,3,100.0,0.5,"[[0.08, 0.6], [0.15, 0.35]]",meta,base,0.1451768429443134,15,128,32,1,0.6000000000000001,0.0,0.001415745628709,2.5137050405220336e-07,32.0,50,10,0.0046437191828983,10,0.8
2017-07-21,64508.205753450646,32483.33836182882,108277.7945394294,108277.7945394294,346.07886495094806,0.003206461259216198,0,HYBRID_KELLY_MPT,39292.62653775658,32024.867391621832,True,False,"{'XOM': 0.277644172845325, 'AGFS': 0.29999999999999954, 'PM': 0.0, 'BSAC': 0.12235582715467523, 'NVS': 8.001412032943018e-17, 'DHR': 1.8041124150158781e-16, 'CHTR': 0.29999999999999966, 'VZ': 2.3939183968479923e-16, 'NGG': 7.546047120499106e-17}","[{'date': Timestamp('2017-07-14 00:00:00'), 'exit_date': Timestamp('2017-07-21 00:00:00'), 'ticker': 'XOM', 'sector': 'Basic Matierials', 'allocated_amount': 10688.851600557218, 'prob_up': 0.836962890625, 'expected_rise': 0.01113422652448591, 'actual_return': -0.014271604506294389, 'pnl': -152.54706266962438, 'exit_reason': 'scheduled'}, {'date': Timestamp('2017-07-14 00:00:00'), 'exit_date': Timestamp('2017-07-21 00:00:00'), 'ticker': 'BSAC', 'sector': 'Financial', 'allocated_amount': 5324.206218830156, 'prob_up': 0.6956521739130435, 'expected_rise': 0.010456402600128534, 'actual_return': -0.005747088122605382, 'pnl': -30.598682322540498, 'exit_reason': 'scheduled'}, {'date': Timestamp('2017-07-14 00:00:00'), 'exit_date': Timestamp('2017-07-21 00:00:00'), 'ticker': 'CHTR', 'sector': 'Services', 'allocated_amount': 10716.47749607778, 'prob_up': 0.6923076923076923, 'expected_rise': 0.013083838552405717, 'actual_return': 0.021207757451846776, 'pnl': 227.2724554749918, 'exit_reason': 'scheduled'}, {'date': Timestamp('2017-07-14 00:00:00'), 'exit_date': Timestamp('2017-07-21 00:00:00'), 'ticker': 'AGFS', 'sector': 'Conglomerates', 'allocated_amount': 5053.076870691002, 'prob_up': 0.6666666666666666, 'expected_rise': 0.03330292343728822, 'actual_return': 0.05975609756097566, 'pnl': 301.95215446812114, 'exit_reason': 'scheduled'}]","[{'ticker': 'XOM', 'sector': 'Basic Matierials', 'expected_rise': 0.011125274291705223, 'prob_up': 0.836962890625, 'investment_fraction': 0.1314179061939172, 'investment_amount': 10909.368793995693, 'predicted_prob': 0.836962890625, 'allocated_amount': 10827.77945394294, 'exit_date': Timestamp('2017-07-28 00:00:00')}, {'ticker': 'BSAC', 'sector': 'Financial', 'expected_rise': 0.010435015981770858, 'prob_up': 0.6956521739130435, 'investment_fraction': 0.08207935909884108, 'investment_amount': 4807.681821106949, 'predicted_prob': 0.6956521739130435, 'allocated_amount': 4807.681821106949, 'exit_date': Timestamp('2017-07-28 00:00:00')}, {'ticker': 'CHTR', 'sector': 'Services', 'expected_rise': 0.01301759804196895, 'prob_up': 0.6923076923076923, 'investment_fraction': 0.08870156463181716, 'investment_amount': 11787.78796132696, 'predicted_prob': 0.6923076923076923, 'allocated_amount': 10827.77945394294, 'exit_date': Timestamp('2017-07-28 00:00:00')}, {'ticker': 'AGFS', 'sector': 'Conglomerates', 'expected_rise': 0.032420158538506834, 'prob_up': 0.6666666666666666, 'investment_fraction': 0.08413264692120817, 'investment_amount': 11787.787961326956, 'predicted_prob': 0.6666666666666666, 'allocated_amount': 5561.626662629002, 'exit_date': Timestamp('2017-07-28 00:00:00')}]",5,100000.0,853,True,False,42,/mnt/primary/simulation/trained_models_meta,12,12,0.2,0.3,200,5,60,1.0,0.0001,0.3,True,True,0.3,0.7,0.3,0.5,0.5,0.1,3,100.0,0.5,"[[0.08, 0.6], [0.15, 0.35]]",meta,base,0.1451768429443134,15,128,32,1,0.6000000000000001,0.0,0.001415745628709,2.5137050405220336e-07,32.0,50,10,0.0046437191828983,10,0.8
2017-07-24,65098.62374018518,32560.028872861556,108533.42957620518,108533.42957620516,255.6350367757696,0.0023609183938697598,0,HYBRID_KELLY_MPT,39647.44542735418,32538.594867323616,True,False,"{'XOM': 0.18056753350083712, 'AGFS': 0.2999999999999995, 'PM': 0.08940269708254767, 'BSAC': 0.13002976941661476, 'NVS': 1.9084668741176092e-16, 'DHR': 1.4661123877435234e-16, 'CHTR': 0.3, 'VZ': 3.2612801348363973e-16, 'NGG': 2.461138931542095e-16}","[{'date': Timestamp('2017-07-17 00:00:00'), 'exit_date': Timestamp('2017-07-24 00:00:00'), 'ticker': 'XOM', 'sector': 'Basic Matierials', 'allocated_amount': 10786.550113860194, 'prob_up': 0.836962890625, 'expected_rise': 0.011127459789150796, 'actual_return': -0.012243358740497645, 'pnl': -132.0636026163461, 'exit_reason': 'scheduled'}, {'date': Timestamp('2017-07-17 00:00:00'), 'exit_date': Timestamp('2017-07-24 00:00:00'), 'ticker': 'BSAC', 'sector': 'Financial', 'allocated_amount': 5422.109829010982, 'prob_up': 0.6956521739130435, 'expected_rise': 0.010451650863157334, 'actual_return': 0.011072889993398727, 'pnl': 60.03842566876459, 'exit_reason': 'scheduled'}, {'date': Timestamp('2017-07-17 00:00:00'), 'exit_date': Timestamp('2017-07-24 00:00:00'), 'ticker': 'CHTR', 'sector': 'Services', 'allocated_amount': 10786.550113860194, 'prob_up': 0.6923076923076923, 'expected_rise': 0.013086219915466298, 'actual_return': 0.016856034102749273, 'pnl': 181.8184565702415, 'exit_reason': 'scheduled'}, {'date': Timestamp('2017-07-17 00:00:00'), 'exit_date': Timestamp('2017-07-24 00:00:00'), 'ticker': 'AGFS', 'sector': 'Conglomerates', 'allocated_amount': 5364.44028484921, 'prob_up': 0.6666666666666666, 'expected_rise': 0.03314782519063054, 'actual_return': 0.027186761229314182, 'pnl': 145.84175715310963, 'exit_reason': 'scheduled'}]","[{'ticker': 'XOM', 'sector': 'Basic Matierials', 'expected_rise': 0.011126871313348063, 'prob_up': 0.836962890625, 'investment_fraction': 0.1314367710987227, 'investment_amount': 7159.041430426387, 'predicted_prob': 0.836962890625, 'allocated_amount': 7159.041430426387, 'exit_date': Timestamp('2017-07-31 00:00:00')}, {'ticker': 'PM', 'sector': 'Consumer Goods', 'expected_rise': 0.009868559475292442, 'prob_up': 0.80408935546875, 'investment_fraction': 0.11740240818072221, 'investment_amount': 3544.5885536385854, 'predicted_prob': 0.80408935546875, 'allocated_amount': 3544.5885536385854, 'exit_date': Timestamp('2017-07-31 00:00:00')}, {'ticker': 'BSAC', 'sector': 'Financial', 'expected_rise': 0.010447356733118113, 'prob_up': 0.6956521739130435, 'investment_fraction': 0.0821764285200236, 'investment_amount': 5155.348186876681, 'predicted_prob': 0.6956521739130435, 'allocated_amount': 5155.348186876681, 'exit_date': Timestamp('2017-07-31 00:00:00')}, {'ticker': 'CHTR', 'sector': 'Services', 'expected_rise': 0.013006607902524838, 'prob_up': 0.6923076923076923, 'investment_fraction': 0.08867463753281885, 'investment_amount': 11894.233628206253, 'predicted_prob': 0.6923076923076923, 'allocated_amount': 10853.342957620516, 'exit_date': Timestamp('2017-07-31 00:00:00')}, {'ticker': 'AGFS', 'sector': 'Conglomerates', 'expected_rise': 0.03235941098099142, 'prob_up': 0.6666666666666666, 'investment_fraction': 0.08407440650787677, 'investment_amount': 11894.233628206233, 'predicted_prob': 0.6666666666666666, 'allocated_amount': 5826.273738761447, 'exit_date': Timestamp('2017-07-31 00:00:00')}]",5,100000.0,853,True,False,42,/mnt/primary/simulation/trained_models_meta,12,12,0.2,0.3,200,5,60,1.0,0.0001,0.3,True,True,0.3,0.7,0.3,0.5,0.5,0.1,3,100.0,0.5,"[[0.08, 0.6], [0.15, 0.35]]",meta,base,0.1451768429443134,15,128,32,1,0.6000000000000001,0.0,0.001415745628709,2.5137050405220336e-07,32.0,50,10,0.0046437191828983,10,0.8
2017-07-25,44035.643792818504,32579.731815529187,108599.10605176396,108599.10605176396,65.67647555877329,0.0006051266952058487,0,HYBRID_KELLY_MPT,26382.36626595749,11455.911977289312,True,False,"{'XOM': 0.28083740787958544, 'AGFS': 0.2999999999999999, 'PM': 3.816391647148974e-16, 'BSAC': 0.11916259212041447, 'NVS': 0.0, 'GE': 0.0, 'CHTR': 0.2999999999999999, 'VZ': 0.0, 'NGG': 0.0}","[{'date': Timestamp('2017-07-18 00:00:00'), 'exit_date': Timestamp('2017-07-25 00:00:00'), 'ticker': 'XOM', 'sector': 'Basic Matierials', 'allocated_amount': 7284.232357159443, 'prob_up': 0.836962890625, 'expected_rise': 0.011112639142959891, 'actual_return': -0.004094305312513757, 'pnl': -29.82387123750252, 'exit_reason': 'scheduled'}, {'date': Timestamp('2017-07-18 00:00:00'), 'exit_date': Timestamp('2017-07-25 00:00:00'), 'ticker': 'BSAC', 'sector': 'Financial', 'allocated_amount': 3641.9787713449928, 'prob_up': 0.6956521739130435, 'expected_rise': 0.010439609993857384, 'actual_return': 0.024923312883435633, 'pnl': 90.77017643306174, 'exit_reason': 'scheduled'}, {'date': Timestamp('2017-07-18 00:00:00'), 'exit_date': Timestamp('2017-07-25 00:00:00'), 'ticker': 'CHTR', 'sector': 'Services', 'allocated_amount': 483.72731589373143, 'prob_up': 0.6923076923076923, 'expected_rise': 0.013069236152249036, 'actual_return': 0.009778588489415041, 'pnl': 4.730170363214076, 'exit_reason': 'scheduled'}]","[{'ticker': 'XOM', 'sector': 'Basic Matierials', 'expected_rise': 0.01112919446643984, 'prob_up': 0.836962890625, 'investment_fraction': 0.13146421347066647, 'investment_amount': 7409.15535586132, 'predicted_prob': 0.836962890625, 'allocated_amount': 7409.15535586132, 'exit_date': Timestamp('2017-08-01 00:00:00')}, {'ticker': 'BSAC', 'sector': 'Financial', 'expected_rise': 0.010425790372721386, 'prob_up': 0.6956521739130435, 'investment_fraction': 0.08210690213118477, 'investment_amount': 3143.791150521675, 'predicted_prob': 0.6956521739130435, 'allocated_amount': 3143.791150521675, 'exit_date': Timestamp('2017-08-01 00:00:00')}, {'ticker': 'CHTR', 'sector': 'Services', 'expected_rise': 0.01298979918084243, 'prob_up': 0.6923076923076923, 'investment_fraction': 0.08863339782414081, 'investment_amount': 7914.709879787244, 'predicted_prob': 0.6923076923076923, 'allocated_amount': 902.9654709063179, 'exit_date': Timestamp('2017-08-01 00:00:00')}]",5,100000.0,853,True,False,42,/mnt/primary/simulation/trained_models_meta,12,12,0.2,0.3,200,5,60,1.0,0.0001,0.3,True,True,0.3,0.7,0.3,0.5,0.5,0.1,3,100.0,0.5,"[[0.08, 0.6], [0.15, 0.35]]",meta,base,0.1451768429443134,15,128,32,1,0.6000000000000001,0.0,0.001415745628709,2.5137050405220336e-07,32.0,50,10,0.0046437191828983,10,0.8
2017-07-26,32579.731815529187,32579.731815529187,108599.10605176396,108599.10605176396,0.0,0.0,0,HYBRID_KELLY_MPT,19789.27540969983,0.0,True,False,"{'XOM': 0.28193427510776126, 'AGFS': 0.29999999999999993, 'PM': 0.0, 'BSAC': 0.1180657248922386, 'ABBV': 7.632783294297951e-17, 'LMT': 2.6020852139652106e-17, 'CHTR': 0.3, 'VZ': 2.0990154059319366e-16, 'NGG': 3.9898639947466563e-17}",[],[],5,100000.0,853,True,False,42,/mnt/primary/simulation/trained_models_meta,12,12,0.2,0.3,200,5,60,1.0,0.0001,0.3,True,True,0.3,0.7,0.3,0.5,0.5,0.1,3,100.0,0.5,"[[0.08, 0.6], [0.15, 0.35]]",meta,base,0.1451768429443134,15,128,32,1,0.6000000000000001,0.0,0.001415745628709,2.5137050405220336e-07,32.0,50,10,0.0046437191828983,10,0.8
2017-07-27,32579.731815529187,32579.731815529187,108599.10605176396,108599.10605176396,0.0,0.0,0,HYBRID_KELLY_MPT,19510.956718449852,0.0,True,False,"{'XOM': 0.2791721836118856, 'AGFS': 0.2999999999999993, 'PM': 2.7061686225238186e-16, 'BSAC': 0.12082781638811499, 'NVS': 1.1622647289044605e-16, 'GE': 1.3183898417423731e-16, 'CHTR': 0.2999999999999996, 'VZ': 5.030698080332739e-17, 'NGG': 0.0}",[],[],5,100000.0,853,True,False,42,/mnt/primary/simulation/trained_models_meta,12,12,0.2,0.3,200,5,60,1.0,0.0001,0.3,True,True,0.3,0.7,0.3,0.5,0.5,0.1,3,100.0,0.5,"[[0.08, 0.6], [0.15, 0.35]]",meta,base,0.1451768429443134,15,128,32,1,0.6000000000000001,0.0,0.001415745628709,2.5137050405220336e-07,32.0,50,10,0.0046437191828983,10,0.8
2017-07-28,64979.77919839525,32692.285812902453,108974.28604300818,108974.28604300818,375.17999124423494,0.0034547244897706886,0,HYBRID_KELLY_MPT,39577.6612682885,32287.493385492795,True,False,"{'XOM': 0.27821101303560325, 'AGFS': 0.2999999999999993, 'PM': 0.0, 'BSAC': 0.12178898696439705, 'ABBV': 2.064320936412399e-16, 'LMT': 1.0234868508263154e-16, 'CHTR': 0.29999999999999977, 'VZ': 3.174543961037555e-16, 'NGG': 2.439454888092383e-17}","[{'date': Timestamp('2017-07-21 00:00:00'), 'exit_date': Timestamp('2017-07-28 00:00:00'), 'ticker': 'XOM', 'sector': 'Basic Matierials', 'allocated_amount': 10827.77945394294, 'prob_up': 0.836962890625, 'expected_rise': 0.011125274291705223, 'actual_return': -0.006490326766462995, 'pnl': -70.27582681128393, 'exit_reason': 'scheduled'}, {'date': Timestamp('2017-07-21 00:00:00'), 'exit_date': Timestamp('2017-07-28 00:00:00'), 'ticker': 'BSAC', 'sector': 'Financial', 'allocated_amount': 4807.681821106949, 'prob_up': 0.6956521739130435, 'expected_rise': 0.010435015981770858, 'actual_return': 0.06127167393943456, 'pnl': 294.57471294741197, 'exit_reason': 'scheduled'}, {'date': Timestamp('2017-07-21 00:00:00'), 'exit_date': Timestamp('2017-07-28 00:00:00'), 'ticker': 'CHTR', 'sector': 'Services', 'allocated_amount': 10827.77945394294, 'prob_up': 0.6923076923076923, 'expected_rise': 0.01301759804196895, 'actual_return': 0.057674186866286004, 'pnl': 624.4833755736373, 'exit_reason': 'scheduled'}, {'date': Timestamp('2017-07-21 00:00:00'), 'exit_date': Timestamp('2017-07-28 00:00:00'), 'ticker': 'AGFS', 'sector': 'Conglomerates', 'allocated_amount': 5561.626662629002, 'prob_up': 0.6666666666666666, 'expected_rise': 0.032420158538506834, 'actual_return': -0.08515535097813576, 'pnl': -473.60227046553047, 'exit_reason': 'scheduled'}]","[{'ticker': 'XOM', 'sector': 'Basic Matierials', 'expected_rise': 0.011145557205484623, 'prob_up': 0.836962890625, 'investment_fraction': 0.13165749921342482, 'investment_amount': 11010.941235030503, 'predicted_prob': 0.836962890625, 'allocated_amount': 10897.428604300818, 'exit_date': Timestamp('2017-08-04 00:00:00')}, {'ticker': 'BSAC', 'sector': 'Financial', 'expected_rise': 0.010449723566233467, 'prob_up': 0.6956521739130435, 'investment_fraction': 0.08218404847671099, 'investment_amount': 4820.123272284911, 'predicted_prob': 0.6956521739130435, 'allocated_amount': 4820.123272284911, 'exit_date': Timestamp('2017-08-04 00:00:00')}, {'ticker': 'CHTR', 'sector': 'Services', 'expected_rise': 0.012977253035870091, 'prob_up': 0.6923076923076923, 'investment_fraction': 0.08860257166721697, 'investment_amount': 11873.298380486542, 'predicted_prob': 0.6923076923076923, 'allocated_amount': 10897.428604300818, 'exit_date': Timestamp('2017-08-04 00:00:00')}, {'ticker': 'AGFS', 'sector': 'Conglomerates', 'expected_rise': 0.03211600274888223, 'prob_up': 0.6666666666666666, 'investment_fraction': 0.0838648535024892, 'investment_amount': 11873.298380486523, 'predicted_prob': 0.6666666666666666, 'allocated_amount': 5672.51290460625, 'exit_date': Timestamp('2017-08-04 00:00:00')}]",5,100000.0,853,True,False,42,/mnt/primary/simulation/trained_models_meta,12,12,0.2,0.3,200,5,60,1.0,0.0001,0.3,True,True,0.3,0.7,0.3,0.5,0.5,0.1,3,100.0,0.5,"[[0.08, 0.6], [0.15, 0.35]]",meta,base,0.1451768429443134,15,128,32,1,0.6000000000000001,0.0,0.001415745628709,2.5137050405220336e-07,32.0,50,10,0.0046437191828983,10,0.8
2017-07-31,66301.4258665106,33287.976497722775,110044.8312292927,110044.83122929269,1070.5451862845148,0.009823832989940495,0,HYBRID_KELLY_MPT,38405.62216931455,33013.449368787806,True,False,"{'XOM': 0.2412819807813499, 'AGFS': 0.2999999999999997, 'PM': 0.15871801921865022, 'BSAC': 0.0, 'ABBV': 2.168404344971009e-17, 'DHR': 0.0, 'CHTR': 0.3, 'VZ': 1.8518173106052416e-16, 'NGG': 0.0}","[{'date': Timestamp('2017-07-24 00:00:00'), 'exit_date': Timestamp('2017-07-31 00:00:00'), 'ticker': 'XOM', 'sector': 'Basic Matierials', 'allocated_amount': 7159.041430426387, 'prob_up': 0.836962890625, 'expected_rise': 0.011126871313348063, 'actual_return': 0.0021284336248241775, 'pnl': 15.2375445020289, 'exit_reason': 'scheduled'}, {'date': Timestamp('2017-07-24 00:00:00'), 'exit_date': Timestamp('2017-07-31 00:00:00'), 'ticker': 'PM', 'sector': 'Consumer Goods', 'allocated_amount': 3544.5885536385854, 'prob_up': 0.80408935546875, 'expected_rise': 0.009868559475292442, 'actual_return': -0.018336277385282873, 'pnl': -64.99455893621572, 'exit_reason': 'scheduled'}, {'date': Timestamp('2017-07-24 00:00:00'), 'exit_date': Timestamp('2017-07-31 00:00:00'), 'ticker': 'BSAC', 'sector': 'Financial', 'allocated_amount': 5155.348186876681, 'prob_up': 0.6956521739130435, 'expected_rise': 0.010447356733118113, 'actual_return': 0.06759818731117817, 'pnl': 348.49219239083266, 'exit_reason': 'scheduled'}, {'date': Timestamp('2017-07-24 00:00:00'), 'exit_date': Timestamp('2017-07-31 00:00:00'), 'ticker': 'CHTR', 'sector': 'Services', 'allocated_amount': 10853.342957620516, 'prob_up': 0.6923076923076923, 'expected_rise': 0.013006607902524838, 'actual_return': 0.1260917479866488, 'pnl': 1368.5169850249556, 'exit_reason': 'scheduled'}, {'date': Timestamp('2017-07-24 00:00:00'), 'exit_date': Timestamp('2017-07-31 00:00:00'), 'ticker': 'AGFS', 'sector': 'Conglomerates', 'allocated_amount': 5826.273738761447, 'prob_up': 0.6666666666666666, 'expected_rise': 0.03235941098099142, 'actual_return': -0.10241657077100108, 'pnl': -596.7069766970868, 'exit_reason': 'scheduled'}]","[{'ticker': 'XOM', 'sector': 'Basic Matierials', 'expected_rise': 0.011149880312859224, 'prob_up': 0.836962890625, 'investment_fraction': 0.13170856615384582, 'investment_amount': 9266.584590152339, 'predicted_prob': 0.836962890625, 'allocated_amount': 9266.584590152339, 'exit_date': Timestamp('2017-08-07 00:00:00')}, {'ticker': 'PM', 'sector': 'Consumer Goods', 'expected_rise': 0.009879376918568042, 'prob_up': 0.80408935546875, 'investment_fraction': 0.11753109908987601, 'investment_amount': 6095.664277573485, 'predicted_prob': 0.80408935546875, 'allocated_amount': 6095.664277573485, 'exit_date': Timestamp('2017-08-07 00:00:00')}, {'ticker': 'CHTR', 'sector': 'Services', 'expected_rise': 0.013015184296615039, 'prob_up': 0.6923076923076923, 'investment_fraction': 0.08869565317589781, 'investment_amount': 11521.686650794365, 'predicted_prob': 0.6923076923076923, 'allocated_amount': 11004.483122929269, 'exit_date': Timestamp('2017-08-07 00:00:00')}, {'ticker': 'AGFS', 'sector': 'Conglomerates', 'expected_rise': 0.03205946868932294, 'prob_up': 0.6666666666666666, 'investment_fraction': 0.08371722552213584, 'investment_amount': 11521.686650794354, 'predicted_prob': 0.6666666666666666, 'allocated_amount': 6646.717378132715, 'exit_date': Timestamp('2017-08-07 00:00:00')}]",5,100000.0,853,True,False,42,/mnt/primary/simulation/trained_models_meta,12,12,0.2,0.3,200,5,60,1.0,0.0001,0.3,True,True,0.3,0.7,0.3,0.5,0.5,0.1,3,100.0,0.5,"[[0.08, 0.6], [0.15, 0.35]]",meta,base,0.1451768429443134,15,128,32,1,0.6000000000000001,0.0,0.001415745628709,2.5137050405220336e-07,32.0,50,10,0.0046437191828983,10,0.8
2017-08-01,45053.3501221629,33106.287862933066,110354.2928764435,110354.29287644352,309.4616471508223,0.0028121415944200034,0,HYBRID_KELLY_MPT,26435.663482549462,11947.062259229844,True,False,"{'XOM': 0.24140278795814343, 'AGFS': 0.30000000000000004, 'PM': 0.15859721204185648, 'BSAC': 0.0, 'NVS': 0.0, 'DHR': 3.1875543871073837e-17, 'CHTR': 0.30000000000000004, 'VZ': 1.9298798670241982e-17, 'NGG': 0.0}","[{'date': Timestamp('2017-07-25 00:00:00'), 'exit_date': Timestamp('2017-08-01 00:00:00'), 'ticker': 'XOM', 'sector': 'Basic Matierials', 'allocated_amount': 7409.15535586132, 'prob_up': 0.836962890625, 'expected_rise': 0.01112919446643984, 'actual_return': -0.0012457830289939187, 'pnl': -9.230200001511431, 'exit_reason': 'scheduled'}, {'date': Timestamp('2017-07-25 00:00:00'), 'exit_date': Timestamp('2017-08-01 00:00:00'), 'ticker': 'BSAC', 'sector': 'Financial', 'allocated_amount': 3143.791150521675, 'prob_up': 0.6956521739130435, 'expected_rise': 0.010425790372721386, 'actual_return': 0.06883651328095763, 'pnl': 216.40762128544236, 'exit_reason': 'scheduled'}, {'date': Timestamp('2017-07-25 00:00:00'), 'exit_date': Timestamp('2017-08-01 00:00:00'), 'ticker': 'CHTR', 'sector': 'Services', 'allocated_amount': 902.9654709063179, 'prob_up': 0.6923076923076923, 'expected_rise': 0.01298979918084243, 'actual_return': 0.11327589942528737, 'pnl': 102.28422586689132, 'exit_reason': 'scheduled'}]","[{'ticker': 'XOM', 'sector': 'Basic Matierials', 'expected_rise': 0.011123236624221168, 'prob_up': 0.836962890625, 'investment_fraction': 0.13164134701112626, 'investment_amount': 6381.642866210724, 'predicted_prob': 0.836962890625, 'allocated_amount': 6381.642866210724, 'exit_date': Timestamp('2017-08-08 00:00:00')}, {'ticker': 'PM', 'sector': 'Consumer Goods', 'expected_rise': 0.0098794956578802, 'prob_up': 0.80408935546875, 'investment_fraction': 0.1175325116852227, 'investment_amount': 4192.622526809059, 'predicted_prob': 0.80408935546875, 'allocated_amount': 4192.622526809059, 'exit_date': Timestamp('2017-08-08 00:00:00')}, {'ticker': 'CHTR', 'sector': 'Services', 'expected_rise': 0.013144233363392871, 'prob_up': 0.6923076923076923, 'investment_fraction': 0.08900974725991834, 'investment_amount': 7930.6990447648395, 'predicted_prob': 0.6923076923076923, 'allocated_amount': 1372.7968662100611, 'exit_date': Timestamp('2017-08-08 00:00:00')}]",5,100000.0,853,True,False,42,/mnt/primary/simulation/trained_models_meta,12,12,0.2,0.3,200,5,60,1.0,0.0001,0.3,True,True,0.3,0.7,0.3,0.5,0.5,0.1,3,100.0,0.5,"[[0.08, 0.6], [0.15, 0.35]]",meta,base,0.1451768429443134,15,128,32,1,0.6000000000000001,0.0,0.001415745628709,2.5137050405220336e-07,32.0,50,10,0.0046437191828983,10,0.8
2017-08-02,33106.287862933066,33106.287862933066,110354.29287644352,110354.29287644352,0.0,0.0,0,HYBRID_KELLY_MPT,19661.80466942862,0.0,True,False,"{'XOM': 0.24252474054961048, 'AGFS': 0.2999999999999998, 'PM': 0.15747525945038962, 'BSAC': 2.567390744445674e-16, 'NVS': 0.0, 'LMT': 0.0, 'CHTR': 0.2999999999999999, 'VZ': 0.0, 'NGG': 0.0}",[],[],5,100000.0,853,True,False,42,/mnt/primary/simulation/trained_models_meta,12,12,0.2,0.3,200,5,60,1.0,0.0001,0.3,True,True,0.3,0.7,0.3,0.5,0.5,0.1,3,100.0,0.5,"[[0.08, 0.6], [0.15, 0.35]]",meta,base,0.1451768429443134,15,128,32,1,0.6000000000000001,0.0,0.001415745628709,2.5137050405220336e-07,32.0,50,10,0.0046437191828983,10,0.8
2017-08-03,33106.287862933066,33106.287862933066,110354.29287644352,110354.29287644352,0.0,0.0,0,HYBRID_KELLY_MPT,19486.889049779937,0.0,True,False,"{'XOM': 0.24292428004247316, 'AGFS': 0.2999999999999998, 'PM': 0.15707571995752692, 'BSAC': 0.0, 'ABBV': 5.990217002982411e-17, 'LMT': 9.475926987523306e-17, 'CHTR': 0.29999999999999993, 'VZ': 0.0, 'NGG': 0.0}",[],[],5,100000.0,853,True,False,42,/mnt/primary/simulation/trained_models_meta,12,12,0.2,0.3,200,5,60,1.0,0.0001,0.3,True,True,0.3,0.7,0.3,0.5,0.5,0.1,3,100.0,0.5,"[[0.08, 0.6], [0.15, 0.35]]",meta,base,0.1451768429443134,15,128,32,1,0.6000000000000001,0.0,0.001415745628709,2.5137050405220336e-07,32.0,50,10,0.0046437191828983,10,0.8
2017-08-04,65871.69750192274,33249.662738982115,110832.20912994038,110832.2091299404,477.9162534968753,0.004330744559542854,0,HYBRID_KELLY_MPT,38148.32768028199,32622.034762940624,True,False,"{'XOM': 0.2444842999602523, 'AGFS': 0.30000000000000004, 'PM': 0.15551570003974755, 'BSAC': 0.0, 'NVS': 6.179952383167377e-17, 'LMT': 3.295974604355934e-17, 'CHTR': 0.30000000000000004, 'TSM': 0.0, 'NGG': 3.230922474006804e-17}","[{'date': Timestamp('2017-07-28 00:00:00'), 'exit_date': Timestamp('2017-08-04 00:00:00'), 'ticker': 'XOM', 'sector': 'Basic Matierials', 'allocated_amount': 10897.428604300818, 'prob_up': 0.836962890625, 'expected_rise': 0.011145557205484623, 'actual_return': 0.007663329338274627, 'pnl': 83.51058433509158, 'exit_reason': 'scheduled'}, {'date': Timestamp('2017-07-28 00:00:00'), 'exit_date': Timestamp('2017-08-04 00:00:00'), 'ticker': 'BSAC', 'sector': 'Financial', 'allocated_amount': 4820.123272284911, 'prob_up': 0.6956521739130435, 'expected_rise': 0.010449723566233467, 'actual_return': 0.05773413007501338, 'pnl': 278.2856239796962, 'exit_reason': 'scheduled'}, {'date': Timestamp('2017-07-28 00:00:00'), 'exit_date': Timestamp('2017-08-04 00:00:00'), 'ticker': 'CHTR', 'sector': 'Services', 'allocated_amount': 10897.428604300818, 'prob_up': 0.6923076923076923, 'expected_rise': 0.012977253035870091, 'actual_return': 0.03881055099631192, 'pnl': 422.93520857588516, 'exit_reason': 'scheduled'}, {'date': Timestamp('2017-07-28 00:00:00'), 'exit_date': Timestamp('2017-08-04 00:00:00'), 'ticker': 'AGFS', 'sector': 'Conglomerates', 'allocated_amount': 5672.51290460625, 'prob_up': 0.6666666666666666, 'expected_rise': 0.03211600274888223, 'actual_return': -0.05408805031446551, 'pnl': -306.8151633937977, 'exit_reason': 'scheduled'}]","[{'ticker': 'XOM', 'sector': 'Basic Matierials', 'expected_rise': 0.011109299552479048, 'prob_up': 0.836962890625, 'investment_fraction': 0.1317111843379909, 'investment_amount': 9326.667187568059, 'predicted_prob': 0.836962890625, 'allocated_amount': 9326.667187568059, 'exit_date': Timestamp('2017-08-11 00:00:00')}, {'ticker': 'PM', 'sector': 'Consumer Goods', 'expected_rise': 0.009869939611177839, 'prob_up': 0.80408935546875, 'investment_fraction': 0.11741882711977487, 'investment_amount': 5932.663884544732, 'predicted_prob': 0.80408935546875, 'allocated_amount': 5932.663884544732, 'exit_date': Timestamp('2017-08-11 00:00:00')}, {'ticker': 'CHTR', 'sector': 'Services', 'expected_rise': 0.01337967746307001, 'prob_up': 0.6923076923076923, 'investment_fraction': 0.08957269839451479, 'investment_amount': 11444.498304084598, 'predicted_prob': 0.6923076923076923, 'allocated_amount': 11083.220912994038, 'exit_date': Timestamp('2017-08-11 00:00:00')}, {'ticker': 'AGFS', 'sector': 'Conglomerates', 'expected_rise': 0.032006086613235105, 'prob_up': 0.6666666666666666, 'investment_fraction': 0.08357782834915106, 'investment_amount': 11444.498304084598, 'predicted_prob': 0.6666666666666666, 'allocated_amount': 6279.482777833793, 'exit_date': Timestamp('2017-08-11 00:00:00')}]",5,100000.0,853,True,False,42,/mnt/primary/simulation/trained_models_meta,12,12,0.2,0.3,200,5,60,1.0,0.0001,0.3,True,True,0.3,0.7,0.3,0.5,0.5,0.1,3,100.0,0.5,"[[0.08, 0.6], [0.15, 0.35]]",meta,base,0.1451768429443134,15,128,32,1,0.6000000000000001,0.0,0.001415745628709,2.5137050405220336e-07,32.0,50,10,0.0046437191828983,10,0.8
2017-08-07,65737.71969345964,33092.04501468903,110306.8167156301,110306.81671563012,-525.3924143102771,-0.004740430768589321,0,HYBRID_KELLY_MPT,37338.34407716834,32645.67467877061,True,False,"{'XOM': 0.24572292276634214, 'AGFS': 0.29999999999999977, 'PM': 0.15427707723365788, 'BSAC': 1.5265566588595902e-16, 'NVS': 0.0, 'DHR': 0.0, 'CHTR': 0.3, 'VZ': 1.3010426069826053e-18, 'NGG': 1.476683358925257e-16}","[{'date': Timestamp('2017-07-31 00:00:00'), 'exit_date': Timestamp('2017-08-07 00:00:00'), 'ticker': 'XOM', 'sector': 'Basic Matierials', 'allocated_amount': 9266.584590152339, 'prob_up': 0.836962890625, 'expected_rise': 0.011149880312859224, 'actual_return': 0.001499287837340102, 'pnl': 13.893277569698615, 'exit_reason': 'scheduled'}, {'date': Timestamp('2017-07-31 00:00:00'), 'exit_date': Timestamp('2017-08-07 00:00:00'), 'ticker': 'PM', 'sector': 'Consumer Goods', 'allocated_amount': 6095.664277573485, 'prob_up': 0.80408935546875, 'expected_rise': 0.009879376918568042, 'actual_return': -0.007282992093933571, 'pnl': -44.39467474084099, 'exit_reason': 'scheduled'}, {'date': Timestamp('2017-07-31 00:00:00'), 'exit_date': Timestamp('2017-08-07 00:00:00'), 'ticker': 'CHTR', 'sector': 'Services', 'allocated_amount': 11004.483122929269, 'prob_up': 0.6923076923076923, 'expected_rise': 0.013015184296615039, 'actual_return': -0.027935841957456353, 'pnl': -307.4195013456478, 'exit_reason': 'scheduled'}, {'date': Timestamp('2017-07-31 00:00:00'), 'exit_date': Timestamp('2017-08-07 00:00:00'), 'ticker': 'AGFS', 'sector': 'Conglomerates', 'allocated_amount': 6646.717378132715, 'prob_up': 0.6666666666666666, 'expected_rise': 0.03205946868932294, 'actual_return': -0.028205128205128216, 'pnl': -187.4715157934869, 'exit_reason': 'scheduled'}]","[{'ticker': 'XOM', 'sector': 'Basic Matierials', 'expected_rise': 0.011092800715505322, 'prob_up': 0.836962890625, 'investment_fraction': 0.13166943950581542, 'investment_amount': 9174.887037897144, 'predicted_prob': 0.836962890625, 'allocated_amount': 9174.887037897144, 'exit_date': Timestamp('2017-08-14 00:00:00')}, {'ticker': 'PM', 'sector': 'Consumer Goods', 'expected_rise': 0.009863464577831046, 'prob_up': 0.80408935546875, 'investment_fraction': 0.11734179617013452, 'investment_amount': 5760.450592970192, 'predicted_prob': 0.80408935546875, 'allocated_amount': 5760.450592970192, 'exit_date': Timestamp('2017-08-14 00:00:00')}, {'ticker': 'CHTR', 'sector': 'Services', 'expected_rise': 0.013391506389305205, 'prob_up': 0.6923076923076923, 'investment_fraction': 0.08960064361886305, 'investment_amount': 11201.503223150501, 'predicted_prob': 0.6923076923076923, 'allocated_amount': 11030.681671563012, 'exit_date': Timestamp('2017-08-14 00:00:00')}, {'ticker': 'AGFS', 'sector': 'Conglomerates', 'expected_rise': 0.032012042979962636, 'prob_up': 0.6666666666666666, 'investment_fraction': 0.0835933822718144, 'investment_amount': 11201.503223150492, 'predicted_prob': 0.6666666666666666, 'allocated_amount': 6679.655376340263, 'exit_date': Timestamp('2017-08-14 00:00:00')}]",5,100000.0,853,True,False,42,/mnt/primary/simulation/trained_models_meta,12,12,0.2,0.3,200,5,60,1.0,0.0001,0.3,True,True,0.3,0.7,0.3,0.5,0.5,0.1,3,100.0,0.5,"[[0.08, 0.6], [0.15, 0.35]]",meta,base,0.1451768429443134,15,128,32,1,0.6000000000000001,0.0,0.001415745628709,2.5137050405220336e-07,32.0,50,10,0.0046437191828983,10,0.8
2017-08-08,44986.86857217471,33076.37340416579,110254.57801388594,110254.57801388594,-52.238701744167656,-0.00047357636907296996,0,HYBRID_KELLY_MPT,25513.94691028351,11910.495168008923,True,False,"{'XOM': 0.2447175237479915, 'AGFS': 0.3, 'PM': 0.15528247625200786, 'BSAC': 5.551115123125782e-17, 'ABBV': 1.2750217548429532e-16, 'DHR': 1.3617579286417936e-16, 'CHTR': 0.3, 'MSFT': 0.0, 'NGG': 3.3783739694648313e-16}","[{'date': Timestamp('2017-08-01 00:00:00'), 'exit_date': Timestamp('2017-08-08 00:00:00'), 'ticker': 'XOM', 'sector': 'Basic Matierials', 'allocated_amount': 6381.642866210724, 'prob_up': 0.836962890625, 'expected_rise': 0.011123236624221168, 'actual_return': -0.002619421295233293, 'pnl': -16.716211222326, 'exit_reason': 'scheduled'}, {'date': Timestamp('2017-08-01 00:00:00'), 'exit_date': Timestamp('2017-08-08 00:00:00'), 'ticker': 'PM', 'sector': 'Consumer Goods', 'allocated_amount': 4192.622526809059, 'prob_up': 0.80408935546875, 'expected_rise': 0.0098794956578802, 'actual_return': -0.010441828023174615, 'pnl': -43.778643391028, 'exit_reason': 'scheduled'}, {'date': Timestamp('2017-08-01 00:00:00'), 'exit_date': Timestamp('2017-08-08 00:00:00'), 'ticker': 'CHTR', 'sector': 'Services', 'allocated_amount': 1372.7968662100611, 'prob_up': 0.6923076923076923, 'expected_rise': 0.013144233363392871, 'actual_return': 0.006014111098592068, 'pnl': 8.256152869186339, 'exit_reason': 'scheduled'}]","[{'ticker': 'XOM', 'sector': 'Basic Matierials', 'expected_rise': 0.011065348724004661, 'prob_up': 0.836962890625, 'investment_fraction': 0.1315997644583878, 'investment_amount': 6243.709908922299, 'predicted_prob': 0.836962890625, 'allocated_amount': 6243.709908922299, 'exit_date': Timestamp('2017-08-15 00:00:00')}, {'ticker': 'PM', 'sector': 'Consumer Goods', 'expected_rise': 0.009869104266231287, 'prob_up': 0.80408935546875, 'investment_fraction': 0.11740888934632046, 'investment_amount': 3961.8688551910886, 'predicted_prob': 0.80408935546875, 'allocated_amount': 3961.8688551910886, 'exit_date': Timestamp('2017-08-15 00:00:00')}, {'ticker': 'CHTR', 'sector': 'Services', 'expected_rise': 0.013388313780500642, 'prob_up': 0.6923076923076923, 'investment_fraction': 0.08957928233243297, 'investment_amount': 7654.184073085053, 'predicted_prob': 0.6923076923076923, 'allocated_amount': 1704.916403895535, 'exit_date': Timestamp('2017-08-15 00:00:00')}]",5,100000.0,853,True,False,42,/mnt/primary/simulation/trained_models_meta,12,12,0.2,0.3,200,5,60,1.0,0.0001,0.3,True,True,0.3,0.7,0.3,0.5,0.5,0.1,3,100.0,0.5,"[[0.08, 0.6], [0.15, 0.35]]",meta,base,0.1451768429443134,15,128,32,1,0.6000000000000001,0.0,0.001415745628709,2.5137050405220336e-07,32.0,50,10,0.0046437191828983,10,0.8
2017-08-09,33076.37340416579,33076.37340416579,110254.57801388594,110254.57801388594,0.0,0.0,0,HYBRID_KELLY_MPT,20826.134646555744,0.0,True,False,"{'XOM': 0.29999999999999993, 'AGFS': 0.3000000000000001, 'PM': 0.09302449369893642, 'BAC': 1.055470814914639e-16, 'UNH': 0.006975506301063233, 'LMT': 1.8735013540549524e-16, 'CHTR': 0.29999999999999977, 'VZ': 1.4013313079375152e-16, 'NGG': 3.165870343657674e-17}",[],[],5,100000.0,853,True,False,42,/mnt/primary/simulation/trained_models_meta,12,12,0.2,0.3,200,5,60,1.0,0.0001,0.3,True,True,0.3,0.7,0.3,0.5,0.5,0.1,3,100.0,0.5,"[[0.08, 0.6], [0.15, 0.35]]",meta,base,0.1451768429443134,15,128,32,1,0.6000000000000001,0.0,0.001415745628709,2.5137050405220336e-07,32.0,50,10,0.0046437191828983,10,0.8
2017-08-10,33076.37340416579,33076.37340416579,110254.57801388594,110254.57801388594,0.0,0.0,0,HYBRID_KELLY_MPT,20645.828400399318,0.0,True,False,"{'XOM': 0.3, 'AGFS': 0.2999999999999997, 'PM': 0.09288928526241767, 'BAC': 3.71881345162528e-16, 'UNH': 0.007110714737582208, 'DHR': 3.469446951953614e-17, 'CHTR': 0.3, 'VZ': 2.7755575615628914e-17, 'NGG': 4.85722573273506e-17}",[],[],5,100000.0,853,True,False,42,/mnt/primary/simulation/trained_models_meta,12,12,0.2,0.3,200,5,60,1.0,0.0001,0.3,True,True,0.3,0.7,0.3,0.5,0.5,0.1,3,100.0,0.5,"[[0.08, 0.6], [0.15, 0.35]]",meta,base,0.1451768429443134,15,128,32,1,0.6000000000000001,0.0,0.001415745628709,2.5137050405220336e-07,32.0,50,10,0.0046437191828983,10,0.8
2017-08-11,65572.46518447973,33038.59050937779,110128.63503125927,110128.63503125927,-125.94298262667223,-0.001142292545991186,0,HYBRID_KELLY_MPT,40967.95540265141,32533.874675101943,True,False,"{'XOM': 0.29999999999999993, 'AGFS': 0.3000000000000001, 'PM': 0.092546785711357, 'BAC': 0.0, 'UNH': 0.00745321428864282, 'DHR': 0.0, 'CHTR': 0.3000000000000001, 'VZ': 0.0, 'NGG': 4.5102810375396997e-17}","[{'date': Timestamp('2017-08-04 00:00:00'), 'exit_date': Timestamp('2017-08-11 00:00:00'), 'ticker': 'XOM', 'sector': 'Basic Matierials', 'allocated_amount': 9326.667187568059, 'prob_up': 0.836962890625, 'expected_rise': 0.011109299552479048, 'actual_return': -0.02493454712547749, 'pnl': -232.55622251206037, 'exit_reason': 'scheduled'}, {'date': Timestamp('2017-08-04 00:00:00'), 'exit_date': Timestamp('2017-08-11 00:00:00'), 'ticker': 'PM', 'sector': 'Consumer Goods', 'allocated_amount': 5932.663884544732, 'prob_up': 0.80408935546875, 'expected_rise': 0.009869939611177839, 'actual_return': 0.0010456169214776434, 'pnl': 6.20329374711926, 'exit_reason': 'scheduled'}, {'date': Timestamp('2017-08-04 00:00:00'), 'exit_date': Timestamp('2017-08-11 00:00:00'), 'ticker': 'CHTR', 'sector': 'Services', 'allocated_amount': 11083.220912994038, 'prob_up': 0.6923076923076923, 'expected_rise': 0.01337967746307001, 'actual_return': 0.02563498653725671, 'pnl': 284.1182188940442, 'exit_reason': 'scheduled'}, {'date': Timestamp('2017-08-04 00:00:00'), 'exit_date': Timestamp('2017-08-11 00:00:00'), 'ticker': 'AGFS', 'sector': 'Conglomerates', 'allocated_amount': 6279.482777833793, 'prob_up': 0.6666666666666666, 'expected_rise': 0.032006086613235105, 'actual_return': -0.029255319148936088, 'pnl': -183.70827275577534, 'exit_reason': 'scheduled'}]","[{'ticker': 'XOM', 'sector': 'Basic Matierials', 'expected_rise': 0.011075639914256709, 'prob_up': 0.836962890625, 'investment_fraction': 0.13172215718607724, 'investment_amount': 12290.38662079542, 'predicted_prob': 0.836962890625, 'allocated_amount': 11012.863503125927, 'exit_date': Timestamp('2017-08-18 00:00:00')}, {'ticker': 'PM', 'sector': 'Consumer Goods', 'expected_rise': 0.009868329113919312, 'prob_up': 0.80408935546875, 'investment_fraction': 0.11751129179517675, 'investment_amount': 3791.45258968161, 'predicted_prob': 0.80408935546875, 'allocated_amount': 3791.45258968161, 'exit_date': Timestamp('2017-08-18 00:00:00')}, {'ticker': 'CHTR', 'sector': 'Services', 'expected_rise': 0.013379888120828323, 'prob_up': 0.6923076923076923, 'investment_fraction': 0.08955937172274153, 'investment_amount': 12290.386620795427, 'predicted_prob': 0.6923076923076923, 'allocated_amount': 11012.863503125927, 'exit_date': Timestamp('2017-08-18 00:00:00')}, {'ticker': 'AGFS', 'sector': 'Conglomerates', 'expected_rise': 0.032153481799163185, 'prob_up': 0.6666666666666666, 'investment_fraction': 0.08396272293804136, 'investment_amount': 12290.386620795427, 'predicted_prob': 0.6666666666666666, 'allocated_amount': 6716.695079168479, 'exit_date': Timestamp('2017-08-18 00:00:00')}]",5,100000.0,853,True,False,42,/mnt/primary/simulation/trained_models_meta,12,12,0.2,0.3,200,5,60,1.0,0.0001,0.3,True,True,0.3,0.7,0.3,0.5,0.5,0.1,3,100.0,0.5,"[[0.08, 0.6], [0.15, 0.35]]",meta,base,0.1451768429443134,15,128,32,1,0.6000000000000001,0.0,0.001415745628709,2.5137050405220336e-07,32.0,50,10,0.0046437191828983,10,0.8
2017-08-14,65751.48714069276,33058.75709514109,110195.85698380362,110195.85698380362,67.22195254435249,0.0006103948580247209,0,HYBRID_KELLY_MPT,41085.11335705861,32692.730045551674,True,False,"{'XOM': 0.3, 'AGFS': 0.2999999999999999, 'PM': 0.08998232775853748, 'BAC': 0.0, 'UNH': 0.01001767224146273, 'DHR': 0.0, 'CHTR': 0.3, 'VZ': 0.0, 'NGG': 0.0}","[{'date': Timestamp('2017-08-07 00:00:00'), 'exit_date': Timestamp('2017-08-14 00:00:00'), 'ticker': 'XOM', 'sector': 'Basic Matierials', 'allocated_amount': 9174.887037897144, 'prob_up': 0.836962890625, 'expected_rise': 0.011092800715505322, 'actual_return': -0.024076857580995203, 'pnl': -220.9024485331685, 'exit_reason': 'scheduled'}, {'date': Timestamp('2017-08-07 00:00:00'), 'exit_date': Timestamp('2017-08-14 00:00:00'), 'ticker': 'PM', 'sector': 'Consumer Goods', 'allocated_amount': 5760.450592970192, 'prob_up': 0.80408935546875, 'expected_rise': 0.009863464577831046, 'actual_return': -0.009494208445587682, 'pnl': -54.690918670168166, 'exit_reason': 'scheduled'}, {'date': Timestamp('2017-08-07 00:00:00'), 'exit_date': Timestamp('2017-08-14 00:00:00'), 'ticker': 'CHTR', 'sector': 'Services', 'allocated_amount': 11030.681671563012, 'prob_up': 0.6923076923076923, 'expected_rise': 0.013391506389305205, 'actual_return': 0.052648151223373185, 'pnl': 580.7449967413404, 'exit_reason': 'scheduled'}, {'date': Timestamp('2017-08-07 00:00:00'), 'exit_date': Timestamp('2017-08-14 00:00:00'), 'ticker': 'AGFS', 'sector': 'Conglomerates', 'allocated_amount': 6679.655376340263, 'prob_up': 0.6666666666666666, 'expected_rise': 0.032012042979962636, 'actual_return': -0.03562005277044866, 'pnl': -237.92967699365127, 'exit_reason': 'scheduled'}]","[{'ticker': 'XOM', 'sector': 'Basic Matierials', 'expected_rise': 0.01107332761905467, 'prob_up': 0.836962890625, 'investment_fraction': 0.13169465714865988, 'investment_amount': 12325.534007117583, 'predicted_prob': 0.836962890625, 'allocated_amount': 11019.585698380362, 'exit_date': Timestamp('2017-08-21 00:00:00')}, {'ticker': 'PM', 'sector': 'Consumer Goods', 'expected_rise': 0.009844613108284436, 'prob_up': 0.80408935546875, 'investment_fraction': 0.11743510838357535, 'investment_amount': 3696.934136091514, 'predicted_prob': 0.80408935546875, 'allocated_amount': 3696.934136091514, 'exit_date': Timestamp('2017-08-21 00:00:00')}, {'ticker': 'CHTR', 'sector': 'Services', 'expected_rise': 0.013374312372306397, 'prob_up': 0.6923076923076923, 'investment_fraction': 0.08954618679477214, 'investment_amount': 12325.534007117583, 'predicted_prob': 0.6923076923076923, 'allocated_amount': 11019.585698380362, 'exit_date': Timestamp('2017-08-21 00:00:00')}, {'ticker': 'AGFS', 'sector': 'Conglomerates', 'expected_rise': 0.03220520313784332, 'prob_up': 0.6666666666666666, 'investment_fraction': 0.08409778341008325, 'investment_amount': 12325.534007117578, 'predicted_prob': 0.6666666666666666, 'allocated_amount': 6956.624512699433, 'exit_date': Timestamp('2017-08-21 00:00:00')}]",5,100000.0,853,True,False,42,/mnt/primary/simulation/trained_models_meta,12,12,0.2,0.3,200,5,60,1.0,0.0001,0.3,True,True,0.3,0.7,0.3,0.5,0.5,0.1,3,100.0,0.5,"[[0.08, 0.6], [0.15, 0.35]]",meta,base,0.1451768429443134,15,128,32,1,0.6000000000000001,0.0,0.001415745628709,2.5137050405220336e-07,32.0,50,10,0.0046437191828983,10,0.8
2017-08-15,44928.519007026516,33046.53711830405,110155.12372768013,110155.12372768013,-40.733256123495,-0.0003696441702838449,0,HYBRID_KELLY_MPT,28092.95530311005,11881.981888722476,True,False,"{'XOM': 0.3, 'AGFS': 0.3, 'PM': 0.08981761371977515, 'BAC': 0.0, 'UNH': 0.010182386280224824, 'DHR': 0.0, 'CHTR': 0.3, 'VZ': 0.0, 'NGG': 0.0}","[{'date': Timestamp('2017-08-08 00:00:00'), 'exit_date': Timestamp('2017-08-15 00:00:00'), 'ticker': 'XOM', 'sector': 'Basic Matierials', 'allocated_amount': 6243.709908922299, 'prob_up': 0.836962890625, 'expected_rise': 0.011065348724004661, 'actual_return': -0.02401198129079507, 'pnl': -149.92384551819404, 'exit_reason': 'scheduled'}, {'date': Timestamp('2017-08-08 00:00:00'), 'exit_date': Timestamp('2017-08-15 00:00:00'), 'ticker': 'PM', 'sector': 'Consumer Goods', 'allocated_amount': 3961.8688551910886, 'prob_up': 0.80408935546875, 'expected_rise': 0.009869104266231287, 'actual_return': 0.01874947272607419, 'pnl': 74.28295204468809, 'exit_reason': 'scheduled'}, {'date': Timestamp('2017-08-08 00:00:00'), 'exit_date': Timestamp('2017-08-15 00:00:00'), 'ticker': 'CHTR', 'sector': 'Services', 'allocated_amount': 1704.916403895535, 'prob_up': 0.6923076923076923, 'expected_rise': 0.013388313780500642, 'actual_return': 0.02047469146889025, 'pnl': 34.90763735001095, 'exit_reason': 'scheduled'}]","[{'ticker': 'XOM', 'sector': 'Basic Matierials', 'expected_rise': 0.01107132800743375, 'prob_up': 0.836962890625, 'investment_fraction': 0.13167087584498072, 'investment_amount': 8427.886590933014, 'predicted_prob': 0.836962890625, 'allocated_amount': 8427.886590933014, 'exit_date': Timestamp('2017-08-22 00:00:00')}, {'ticker': 'PM', 'sector': 'Consumer Goods', 'expected_rise': 0.009849077356615277, 'prob_up': 0.80408935546875, 'investment_fraction': 0.11748836182084271, 'investment_amount': 2523.242207661647, 'predicted_prob': 0.80408935546875, 'allocated_amount': 2523.242207661647, 'exit_date': Timestamp('2017-08-22 00:00:00')}, {'ticker': 'CHTR', 'sector': 'Services', 'expected_rise': 0.01340417710333526, 'prob_up': 0.6923076923076923, 'investment_fraction': 0.08961672486040478, 'investment_amount': 8427.886590933014, 'predicted_prob': 0.6923076923076923, 'allocated_amount': 930.8530901278136, 'exit_date': Timestamp('2017-08-22 00:00:00')}]",5,100000.0,853,True,False,42,/mnt/primary/simulation/trained_models_meta,12,12,0.2,0.3,200,5,60,1.0,0.0001,0.3,True,True,0.3,0.7,0.3,0.5,0.5,0.1,3,100.0,0.5,"[[0.08, 0.6], [0.15, 0.35]]",meta,base,0.1451768429443134,15,128,32,1,0.6000000000000001,0.0,0.001415745628709,2.5137050405220336e-07,32.0,50,10,0.0046437191828983,10,0.8
2017-08-16,33046.53711830404,33046.53711830405,110155.12372768013,110155.12372768013,0.0,0.0,0,HYBRID_KELLY_MPT,20358.75760594272,0.0,True,False,"{'XOM': 0.25886338433526285, 'AGFS': 0.29999999999999977, 'PM': 0.1411366156647372, 'BAC': 1.8214596497756478e-17, 'UNH': 0.0, 'DHR': 1.3205582460873446e-16, 'CHTR': 0.30000000000000004, 'VZ': 0.0, 'NGG': 0.0}",[],[],5,100000.0,853,True,False,42,/mnt/primary/simulation/trained_models_meta,12,12,0.2,0.3,200,5,60,1.0,0.0001,0.3,True,True,0.3,0.7,0.3,0.5,0.5,0.1,3,100.0,0.5,"[[0.08, 0.6], [0.15, 0.35]]",meta,base,0.1451768429443134,15,128,32,1,0.6000000000000001,0.0,0.001415745628709,2.5137050405220336e-07,32.0,50,10,0.0046437191828983,10,0.8
2017-08-17,33046.53711830404,33046.53711830405,110155.12372768013,110155.12372768013,0.0,0.0,0,HYBRID_KELLY_MPT,20105.9294158203,0.0,True,False,"{'XOM': 0.2586426804733575, 'AGFS': 0.30000000000000004, 'PM': 0.1413573195266425, 'BAC': 3.989863994746657e-17, 'UNH': 8.326672684688675e-17, 'HON': 9.714451465470121e-17, 'CHTR': 0.2999999999999997, 'VZ': 5.551115123125784e-17, 'NGG': 9.085614205428528e-17}",[],[],5,100000.0,853,True,False,42,/mnt/primary/simulation/trained_models_meta,12,12,0.2,0.3,200,5,60,1.0,0.0001,0.3,True,True,0.3,0.7,0.3,0.5,0.5,0.1,3,100.0,0.5,"[[0.08, 0.6], [0.15, 0.35]]",meta,base,0.1451768429443134,15,128,32,1,0.6000000000000001,0.0,0.001415745628709,2.5137050405220336e-07,32.0,50,10,0.0046437191828983,10,0.8
2017-08-18,65064.928887538204,32891.8922465437,109639.64082181235,109639.64082181235,-515.4829058677851,-0.004679608977083305,0,HYBRID_KELLY_MPT,35688.68347594434,32173.0366409945,True,False,"{'XOM': 0.3, 'AGFS': 0.3, 'PM': 0.10000000000000003, 'BAC': 0.0, 'ABBV': 3.9898639947466563e-17, 'DHR': 0.0, 'CHTR': 0.3, 'VZ': 5.0306980803327406e-17, 'NGG': 0.0}","[{'date': Timestamp('2017-08-11 00:00:00'), 'exit_date': Timestamp('2017-08-18 00:00:00'), 'ticker': 'XOM', 'sector': 'Basic Matierials', 'allocated_amount': 11012.863503125927, 'prob_up': 0.836962890625, 'expected_rise': 0.011075639914256709, 'actual_return': -0.020074159571335515, 'pnl': -221.0739792990869, 'exit_reason': 'scheduled'}, {'date': Timestamp('2017-08-11 00:00:00'), 'exit_date': Timestamp('2017-08-18 00:00:00'), 'ticker': 'PM', 'sector': 'Consumer Goods', 'allocated_amount': 3791.45258968161, 'prob_up': 0.80408935546875, 'expected_rise': 0.009868329113919312, 'actual_return': 0.003917174545190694, 'pnl': 14.851781573598137, 'exit_reason': 'scheduled'}, {'date': Timestamp('2017-08-11 00:00:00'), 'exit_date': Timestamp('2017-08-18 00:00:00'), 'ticker': 'CHTR', 'sector': 'Services', 'allocated_amount': 11012.863503125927, 'prob_up': 0.6923076923076923, 'expected_rise': 0.013379888120828323, 'actual_return': -0.003853048337170595, 'pnl': -42.433095408206086, 'exit_reason': 'scheduled'}, {'date': Timestamp('2017-08-11 00:00:00'), 'exit_date': Timestamp('2017-08-18 00:00:00'), 'ticker': 'AGFS', 'sector': 'Conglomerates', 'allocated_amount': 6716.695079168479, 'prob_up': 0.6666666666666666, 'expected_rise': 0.032153481799163185, 'actual_return': -0.03972602739726028, 'pnl': -266.8276127340903, 'exit_reason': 'scheduled'}]","[{'ticker': 'XOM', 'sector': 'Basic Matierials', 'expected_rise': 0.011058277781796409, 'prob_up': 0.836962890625, 'investment_fraction': 0.13151567001615067, 'investment_amount': 10706.605042783302, 'predicted_prob': 0.836962890625, 'allocated_amount': 10706.605042783302, 'exit_date': Timestamp('2017-08-25 00:00:00')}, {'ticker': 'PM', 'sector': 'Consumer Goods', 'expected_rise': 0.009854355093862512, 'prob_up': 0.80408935546875, 'investment_fraction': 0.11750531794317254, 'investment_amount': 3568.868347594435, 'predicted_prob': 0.80408935546875, 'allocated_amount': 3568.868347594435, 'exit_date': Timestamp('2017-08-25 00:00:00')}, {'ticker': 'CHTR', 'sector': 'Services', 'expected_rise': 0.01341740967486488, 'prob_up': 0.6923076923076923, 'investment_fraction': 0.08975873707417265, 'investment_amount': 10706.605042783302, 'predicted_prob': 0.6923076923076923, 'allocated_amount': 10706.605042783302, 'exit_date': Timestamp('2017-08-25 00:00:00')}, {'ticker': 'AGFS', 'sector': 'Conglomerates', 'expected_rise': 0.03230895379323723, 'prob_up': 0.6666666666666666, 'investment_fraction': 0.08436870858042377, 'investment_amount': 10706.605042783302, 'predicted_prob': 0.6666666666666666, 'allocated_amount': 7190.958207833464, 'exit_date': Timestamp('2017-08-25 00:00:00')}]",5,100000.0,853,True,False,42,/mnt/primary/simulation/trained_models_meta,12,12,0.2,0.3,200,5,60,1.0,0.0001,0.3,True,True,0.3,0.7,0.3,0.5,0.5,0.1,3,100.0,0.5,"[[0.08, 0.6], [0.15, 0.35]]",meta,base,0.1451768429443134,15,128,32,1,0.6000000000000001,0.0,0.001415745628709,2.5137050405220336e-07,32.0,50,10,0.0046437191828983,10,0.8
2017-08-21,65044.97155091807,32729.997024190525,109099.99008063505,109099.99008063505,-539.6507411773098,-0.004922040396450722,0,HYBRID_KELLY_MPT,36104.7460682836,32314.974526727543,True,False,"{'XOM': 0.30000000000000016, 'AGFS': 0.30000000000000016, 'PM': 0.09999999999999945, 'BAC': 0.0, 'NVS': 0.0, 'DHR': 4.1633363423443395e-17, 'CHTR': 0.30000000000000004, 'VZ': 6.41847686111419e-17, 'NGG': 7.025630077706072e-17}","[{'date': Timestamp('2017-08-14 00:00:00'), 'exit_date': Timestamp('2017-08-21 00:00:00'), 'ticker': 'XOM', 'sector': 'Basic Matierials', 'allocated_amount': 11019.585698380362, 'prob_up': 0.836962890625, 'expected_rise': 0.01107332761905467, 'actual_return': -0.023648292586669006, 'pnl': -260.5943867791721, 'exit_reason': 'scheduled'}, {'date': Timestamp('2017-08-14 00:00:00'), 'exit_date': Timestamp('2017-08-21 00:00:00'), 'ticker': 'PM', 'sector': 'Consumer Goods', 'allocated_amount': 3696.934136091514, 'prob_up': 0.80408935546875, 'expected_rise': 0.009844613108284436, 'actual_return': 0.01298360033141166, 'pnl': 47.999515274564864, 'exit_reason': 'scheduled'}, {'date': Timestamp('2017-08-14 00:00:00'), 'exit_date': Timestamp('2017-08-21 00:00:00'), 'ticker': 'CHTR', 'sector': 'Services', 'allocated_amount': 11019.585698380362, 'prob_up': 0.6923076923076923, 'expected_rise': 0.013374312372306397, 'actual_return': -0.011543769696990669, 'pnl': -127.20755945835498, 'exit_reason': 'scheduled'}, {'date': Timestamp('2017-08-14 00:00:00'), 'exit_date': Timestamp('2017-08-21 00:00:00'), 'ticker': 'AGFS', 'sector': 'Conglomerates', 'allocated_amount': 6956.624512699433, 'prob_up': 0.6666666666666666, 'expected_rise': 0.03220520313784332, 'actual_return': -0.028727770177838563, 'pnl': -199.8483102143475, 'exit_reason': 'scheduled'}]","[{'ticker': 'XOM', 'sector': 'Basic Matierials', 'expected_rise': 0.011057728034117417, 'prob_up': 0.836962890625, 'investment_fraction': 0.1315091318882641, 'investment_amount': 10831.423820485086, 'predicted_prob': 0.836962890625, 'allocated_amount': 10831.423820485086, 'exit_date': Timestamp('2017-08-28 00:00:00')}, {'ticker': 'PM', 'sector': 'Consumer Goods', 'expected_rise': 0.009835141488245795, 'prob_up': 0.80408935546875, 'investment_fraction': 0.11744352529392728, 'investment_amount': 3610.4746068283403, 'predicted_prob': 0.80408935546875, 'allocated_amount': 3610.4746068283403, 'exit_date': Timestamp('2017-08-28 00:00:00')}, {'ticker': 'CHTR', 'sector': 'Services', 'expected_rise': 0.013432347640311655, 'prob_up': 0.6923076923076923, 'investment_fraction': 0.08985866790623719, 'investment_amount': 10831.423820485083, 'predicted_prob': 0.6923076923076923, 'allocated_amount': 10831.423820485083, 'exit_date': Timestamp('2017-08-28 00:00:00')}, {'ticker': 'AGFS', 'sector': 'Conglomerates', 'expected_rise': 0.03233922285295995, 'prob_up': 0.6666666666666666, 'investment_fraction': 0.08444775049230656, 'investment_amount': 10831.423820485086, 'predicted_prob': 0.6666666666666666, 'allocated_amount': 7041.652278929032, 'exit_date': Timestamp('2017-08-28 00:00:00')}]",5,100000.0,853,True,False,42,/mnt/primary/simulation/trained_models_meta,12,12,0.2,0.3,200,5,60,1.0,0.0001,0.3,True,True,0.3,0.7,0.3,0.5,0.5,0.1,3,100.0,0.5,"[[0.08, 0.6], [0.15, 0.35]]",meta,base,0.1451768429443134,15,128,32,1,0.6000000000000001,0.0,0.001415745628709,2.5137050405220336e-07,32.0,50,10,0.0046437191828983,10,0.8
2017-08-22,44457.25069209681,32683.57855794567,108945.26185981886,108945.26185981887,-154.7282208161799,-0.0014182239677733577,0,HYBRID_KELLY_MPT,25875.387063999588,11773.672134151144,True,False,"{'XOM': 0.22257546190873068, 'AGFS': 0.2999999999999994, 'PM': 0.17742453809126985, 'BAC': 3.968179951296947e-17, 'UNH': 2.0816681711721688e-17, 'DHR': 3.0357660829594128e-18, 'CHTR': 0.2999999999999998, 'VZ': 2.4264444620225594e-16, 'NGG': 9.020562075079398e-17}","[{'date': Timestamp('2017-08-15 00:00:00'), 'exit_date': Timestamp('2017-08-22 00:00:00'), 'ticker': 'XOM', 'sector': 'Basic Matierials', 'allocated_amount': 8427.886590933014, 'prob_up': 0.836962890625, 'expected_rise': 0.01107132800743375, 'actual_return': -0.01665816226732242, 'pnl': -140.3931024023529, 'exit_reason': 'scheduled'}, {'date': Timestamp('2017-08-15 00:00:00'), 'exit_date': Timestamp('2017-08-22 00:00:00'), 'ticker': 'PM', 'sector': 'Consumer Goods', 'allocated_amount': 2523.242207661647, 'prob_up': 0.80408935546875, 'expected_rise': 0.009849077356615277, 'actual_return': -0.005050479369970828, 'pnl': -12.743582715234798, 'exit_reason': 'scheduled'}, {'date': Timestamp('2017-08-15 00:00:00'), 'exit_date': Timestamp('2017-08-22 00:00:00'), 'ticker': 'CHTR', 'sector': 'Services', 'allocated_amount': 930.8530901278136, 'prob_up': 0.6923076923076923, 'expected_rise': 0.01340417710333526, 'actual_return': -0.0017097603429276909, 'pnl': -1.5915356985922313, 'exit_reason': 'scheduled'}]","[{'ticker': 'XOM', 'sector': 'Basic Matierials', 'expected_rise': 0.011055932854275719, 'prob_up': 0.836962890625, 'investment_fraction': 0.13148778188382948, 'investment_amount': 5759.226227836903, 'predicted_prob': 0.836962890625, 'allocated_amount': 5759.226227836903, 'exit_date': Timestamp('2017-08-29 00:00:00')}, {'ticker': 'PM', 'sector': 'Consumer Goods', 'expected_rise': 0.009829524624146853, 'prob_up': 0.80408935546875, 'investment_fraction': 0.11742542764410731, 'investment_amount': 4590.928597762946, 'predicted_prob': 0.80408935546875, 'allocated_amount': 4590.928597762946, 'exit_date': Timestamp('2017-08-29 00:00:00')}, {'ticker': 'CHTR', 'sector': 'Services', 'expected_rise': 0.01344142679956304, 'prob_up': 0.6923076923076923, 'investment_fraction': 0.08991940495517936, 'investment_amount': 7762.616119199872, 'predicted_prob': 0.6923076923076923, 'allocated_amount': 1423.5173085512943, 'exit_date': Timestamp('2017-08-29 00:00:00')}]",5,100000.0,853,True,False,42,/mnt/primary/simulation/trained_models_meta,12,12,0.2,0.3,200,5,60,1.0,0.0001,0.3,True,True,0.3,0.7,0.3,0.5,0.5,0.1,3,100.0,0.5,"[[0.08, 0.6], [0.15, 0.35]]",meta,base,0.1451768429443134,15,128,32,1,0.6000000000000001,0.0,0.001415745628709,2.5137050405220336e-07,32.0,50,10,0.0046437191828983,10,0.8
2017-08-23,32683.57855794567,32683.57855794567,108945.26185981887,108945.26185981887,0.0,0.0,0,HYBRID_KELLY_MPT,20182.755387660985,0.0,True,False,"{'XOM': 0.25818336360666616, 'AGFS': 0.2999999999999996, 'PM': 0.1418166363933337, 'BAC': 0.0, 'UNH': 3.677613769070831e-16, 'DHR': 5.377642775528102e-17, 'CHTR': 0.3, 'VZ': 6.591949208711867e-17, 'NGG': 1.0755285551056204e-16}",[],[],5,100000.0,853,True,False,42,/mnt/primary/simulation/trained_models_meta,12,12,0.2,0.3,200,5,60,1.0,0.0001,0.3,True,True,0.3,0.7,0.3,0.5,0.5,0.1,3,100.0,0.5,"[[0.08, 0.6], [0.15, 0.35]]",meta,base,0.1451768429443134,15,128,32,1,0.6000000000000001,0.0,0.001415745628709,2.5137050405220336e-07,32.0,50,10,0.0046437191828983,10,0.8
2017-08-24,32683.57855794567,32683.57855794567,108945.26185981887,108945.26185981887,0.0,0.0,0,HYBRID_KELLY_MPT,17843.92651579514,0.0,True,False,"{'XOM': 0.299637154008842, 'AGFS': 0.29999999999999993, 'PM': 0.10036284599115836, 'BAC': 0.0, 'NVS': 0.0, 'GE': 0.0, 'CHTR': 0.29999999999999977, 'VZ': 0.0, 'NGG': 0.0}",[],[],5,100000.0,853,True,False,42,/mnt/primary/simulation/trained_models_meta,12,12,0.2,0.3,200,5,60,1.0,0.0001,0.3,True,True,0.3,0.7,0.3,0.5,0.5,0.1,3,100.0,0.5,"[[0.08, 0.6], [0.15, 0.35]]",meta,base,0.1451768429443134,15,128,32,1,0.6000000000000001,0.0,0.001415745628709,2.5137050405220336e-07,32.0,50,10,0.0046437191828983,10,0.8
2017-08-25,64870.86125681734,64870.861256817334,108959.50791769603,108959.50791769603,14.246057877162016,0.00013076344610096768,0,HYBRID_KELLY_MPT,36059.25768369863,0.0,True,False,"{'XOM': 0.3, 'AGFS': 0.2999999999999994, 'PM': 0.10000000000000006, 'BAC': 1.0023449084628488e-16, 'NVS': 2.1120258320017626e-16, 'DHR': 1.74908915476224e-16, 'CHTR': 0.3, 'VZ': 0.0, 'NGG': 0.0}","[{'date': Timestamp('2017-08-18 00:00:00'), 'exit_date': Timestamp('2017-08-25 00:00:00'), 'ticker': 'XOM', 'sector': 'Basic Matierials', 'allocated_amount': 10706.605042783302, 'prob_up': 0.836962890625, 'expected_rise': 0.011058277781796409, 'actual_return': 0.0010438674457706743, 'pnl': 11.176276458885626, 'exit_reason': 'scheduled'}, {'date': Timestamp('2017-08-18 00:00:00'), 'exit_date': Timestamp('2017-08-25 00:00:00'), 'ticker': 'PM', 'sector': 'Consumer Goods', 'allocated_amount': 3568.868347594435, 'prob_up': 0.80408935546875, 'expected_rise': 0.009854355093862512, 'actual_return': -0.0045954997902453165, 'pnl': -16.400733742783373, 'exit_reason': 'scheduled'}, {'date': Timestamp('2017-08-18 00:00:00'), 'exit_date': Timestamp('2017-08-25 00:00:00'), 'ticker': 'CHTR', 'sector': 'Services', 'allocated_amount': 10706.605042783302, 'prob_up': 0.6923076923076923, 'expected_rise': 0.01341740967486488, 'actual_return': -0.010636923911146123, 'pnl': -113.88534318677937, 'exit_reason': 'scheduled'}, {'date': Timestamp('2017-08-18 00:00:00'), 'exit_date': Timestamp('2017-08-25 00:00:00'), 'ticker': 'AGFS', 'sector': 'Conglomerates', 'allocated_amount': 7190.958207833464, 'prob_up': 0.6666666666666666, 'expected_rise': 0.03230895379323723, 'actual_return': 0.01854493580599148, 'pnl': 133.35585834783913, 'exit_reason': 'scheduled'}]",[],5,100000.0,853,True,False,42,/mnt/primary/simulation/trained_models_meta,12,12,0.2,0.3,200,5,60,1.0,0.0001,0.3,True,True,0.3,0.7,0.3,0.5,0.5,0.1,3,100.0,0.5,"[[0.08, 0.6], [0.15, 0.35]]",meta,base,0.1451768429443134,15,128,32,1,0.6000000000000001,0.0,0.001415745628709,2.5137050405220336e-07,32.0,50,10,0.0046437191828983,10,0.8
2017-08-28,96929.70119796584,96929.70119796584,108703.37333211699,108703.37333211699,-256.1345855790362,-0.0023507318496015506,0,HYBRID_KELLY_MPT,54431.24688649895,0.0,True,False,"{'XOM': 0.22103679617458308, 'AGFS': 0.30000000000000004, 'PM': 0.1789632038254169, 'BAC': 6.765421556309549e-17, 'NVS': 0.0, 'LMT': 4.119968255444918e-18, 'CHTR': 0.29999999999999993, 'VZ': 0.0, 'NGG': 0.0}","[{'date': Timestamp('2017-08-21 00:00:00'), 'exit_date': Timestamp('2017-08-28 00:00:00'), 'ticker': 'XOM', 'sector': 'Basic Matierials', 'allocated_amount': 10831.423820485086, 'prob_up': 0.836962890625, 'expected_rise': 0.011057728034117417, 'actual_return': 0.001178371347670959, 'pnl': 12.763439484540338, 'exit_reason': 'scheduled'}, {'date': Timestamp('2017-08-21 00:00:00'), 'exit_date': Timestamp('2017-08-28 00:00:00'), 'ticker': 'PM', 'sector': 'Consumer Goods', 'allocated_amount': 3610.4746068283403, 'prob_up': 0.80408935546875, 'expected_rise': 0.009835141488245795, 'actual_return': -0.006107518279569901, 'pnl': -22.05103965912704, 'exit_reason': 'scheduled'}, {'date': Timestamp('2017-08-21 00:00:00'), 'exit_date': Timestamp('2017-08-28 00:00:00'), 'ticker': 'CHTR', 'sector': 'Services', 'allocated_amount': 10831.423820485083, 'prob_up': 0.6923076923076923, 'expected_rise': 0.013432347640311655, 'actual_return': -0.018211630171422577, 'pnl': -197.25788484861133, 'exit_reason': 'scheduled'}, {'date': Timestamp('2017-08-21 00:00:00'), 'exit_date': Timestamp('2017-08-28 00:00:00'), 'ticker': 'AGFS', 'sector': 'Conglomerates', 'allocated_amount': 7041.652278929032, 'prob_up': 0.6666666666666666, 'expected_rise': 0.03233922285295995, 'actual_return': -0.007042253521126751, 'pnl': -49.589100555838186, 'exit_reason': 'scheduled'}]",[],5,100000.0,853,True,False,42,/mnt/primary/simulation/trained_models_meta,12,12,0.2,0.3,200,5,60,1.0,0.0001,0.3,True,True,0.3,0.7,0.3,0.5,0.5,0.1,3,100.0,0.5,"[[0.08, 0.6], [0.15, 0.35]]",meta,base,0.1451768429443134,15,128,32,1,0.6000000000000001,0.0,0.001415745628709,2.5137050405220336e-07,32.0,50,10,0.0046437191828983,10,0.8
2017-08-29,108664.74233250394,108664.74233250394,108664.74233250394,108664.74233250394,-38.630999613028294,-0.0003553799521475165,0,HYBRID_KELLY_MPT,62111.51285912991,0.0,True,False,"{'XOM': 0.22048478156996226, 'AGFS': 0.29999999999999993, 'PM': 0.17951521843003793, 'BAC': 5.290906601729263e-17, 'AMGN': 3.209238430557094e-17, 'HON': 1.0104764247564904e-16, 'CHTR': 0.2999999999999998, 'VZ': 0.0, 'NGG': 0.0}","[{'date': Timestamp('2017-08-22 00:00:00'), 'exit_date': Timestamp('2017-08-29 00:00:00'), 'ticker': 'XOM', 'sector': 'Basic Matierials', 'allocated_amount': 5759.226227836903, 'prob_up': 0.836962890625, 'expected_rise': 0.011055932854275719, 'actual_return': -0.0037790071352360455, 'pnl': -21.76415700843423, 'exit_reason': 'scheduled'}, {'date': Timestamp('2017-08-22 00:00:00'), 'exit_date': Timestamp('2017-08-29 00:00:00'), 'ticker': 'PM', 'sector': 'Consumer Goods', 'allocated_amount': 4590.928597762946, 'prob_up': 0.80408935546875, 'expected_rise': 0.009829524624146853, 'actual_return': 0.002753161763232592, 'pnl': 12.639569073091964, 'exit_reason': 'scheduled'}, {'date': Timestamp('2017-08-22 00:00:00'), 'exit_date': Timestamp('2017-08-29 00:00:00'), 'ticker': 'CHTR', 'sector': 'Services', 'allocated_amount': 1423.5173085512943, 'prob_up': 0.6923076923076923, 'expected_rise': 0.01344142679956304, 'actual_return': -0.020727820800236385, 'pnl': -29.50641167768603, 'exit_reason': 'scheduled'}]",[],5,100000.0,853,True,False,42,/mnt/primary/simulation/trained_models_meta,12,12,0.2,0.3,200,5,60,1.0,0.0001,0.3,True,True,0.3,0.7,0.3,0.5,0.5,0.1,3,100.0,0.5,"[[0.08, 0.6], [0.15, 0.35]]",meta,base,0.1451768429443134,15,128,32,1,0.6000000000000001,0.0,0.001415745628709,2.5137050405220336e-07,32.0,50,10,0.0046437191828983,10,0.8
2017-08-30,108664.74233250394,108664.74233250394,108664.74233250394,108664.74233250394,0.0,0.0,0,HYBRID_KELLY_MPT,66544.96625073628,0.0,True,False,"{'XOM': 0.24026554911553394, 'AGFS': 0.2999999999999999, 'PM': 0.15973445088446622, 'BAC': 0.0, 'UNH': 0.0, 'HON': 0.0, 'CHTR': 0.2999999999999999, 'VZ': 0.0, 'NGG': 0.0}",[],[],5,100000.0,853,True,False,42,/mnt/primary/simulation/trained_models_meta,12,12,0.2,0.3,200,5,60,1.0,0.0001,0.3,True,True,0.3,0.7,0.3,0.5,0.5,0.1,3,100.0,0.5,"[[0.08, 0.6], [0.15, 0.35]]",meta,base,0.1451768429443134,15,128,32,1,0.6000000000000001,0.0,0.001415745628709,2.5137050405220336e-07,32.0,50,10,0.0046437191828983,10,0.8
2017-08-31,108664.74233250394,108664.74233250394,108664.74233250394,108664.74233250394,0.0,0.0,0,HYBRID_KELLY_MPT,62109.053660191115,0.0,True,False,"{'XOM': 0.22133820383158412, 'AGFS': 0.2999999999999997, 'PM': 0.17866179616841615, 'BAC': 0.0, 'AMGN': 0.0, 'HON': 5.681219383824043e-17, 'CHTR': 0.3, 'VZ': 2.949029909160572e-17, 'NGG': 0.0}",[],[],5,100000.0,853,True,False,42,/mnt/primary/simulation/trained_models_meta,12,12,0.2,0.3,200,5,60,1.0,0.0001,0.3,True,True,0.3,0.7,0.3,0.5,0.5,0.1,3,100.0,0.5,"[[0.08, 0.6], [0.15, 0.35]]",meta,base,0.1451768429443134,15,128,32,1,0.6000000000000001,0.0,0.001415745628709,2.5137050405220336e-07,32.0,50,10,0.0046437191828983,10,0.8
