date,capital_start,capital_end,equity_start,equity_end,daily_pnl_realized,daily_return,early_exits_today,allocation_mode,budget_pre_caps,budget_post_caps,mpt_used,mpt_fallback_used,mpt_weights,exits_today,investments_made,H,initial_capital,initial_training_days,allow_overlap,early_exit_enabled,seed,model_save_path,min_sequence_length,max_sequence_length,kelly_fraction,sector_confidence_threshold,retrain_interval,max_day_gap,mpt_window_days,mpt_lambda,mpt_ridge_eps,mpt_max_weight,mpt_long_only,mpt_use_equal_fallback,mpt_only_budget_fraction,max_total_utilization,max_new_daily_utilization,max_ticker_utilization,max_sector_utilization,max_position_size,max_positions_per_ticker,min_trade_dollars,kelly_trade_cap,drawdown_throttle_levels,model_feature_set,model_feature_group,model_mcc_mean,model_sequence_length,model_hidden1,model_hidden2,model_num_layers,model_dropout,model_inter_rnn_drop,model_learning_rate,model_weight_decay,model_batch_size,model_max_epochs,model_early_patience,model_early_min_delta,model_lr_patience,model_lr_factor
2017-04-11,100000.0,70000.0,100000.0,100000.0,0.0,0.0,0,MPT_ONLY,30000.0,30000.0,True,False,"{'XOM': 0.277257783404073, 'AGFS': 0.3000000000000001, 'PM': 0.0, 'BSAC': 0.12274221659592677, 'AMGN': 0.0, 'HON': 0.0, 'CHTR': 0.3000000000000001, 'VZ': 0.0, 'SRE': 5.898059818321147e-17}",[],"[{'ticker': 'XOM', 'sector': 'Basic Matierials', 'expected_rise': 0.01150132879304298, 'prob_up': 0.836962890625, 'investment_fraction': 0.1315399071973495, 'investment_amount': 8317.73350212219, 'predicted_prob': 0.836962890625, 'allocated_amount': 8317.73350212219, 'exit_date': Timestamp('2017-04-19 00:00:00')}, {'ticker': 'BSAC', 'sector': 'Financial', 'expected_rise': 0.010570274563866867, 'prob_up': 0.6956521739130435, 'investment_fraction': 0.08161581874197259, 'investment_amount': 3682.266497877803, 'predicted_prob': 0.6956521739130435, 'allocated_amount': 3682.266497877803, 'exit_date': Timestamp('2017-04-19 00:00:00')}, {'ticker': 'CHTR', 'sector': 'Services', 'expected_rise': 0.013230157726963692, 'prob_up': 0.6923076923076923, 'investment_fraction': 0.08921689801929417, 'investment_amount': 9000.000000000004, 'predicted_prob': 0.6923076923076923, 'allocated_amount': 9000.000000000004, 'exit_date': Timestamp('2017-04-19 00:00:00')}, {'ticker': 'AGFS', 'sector': 'Conglomerates', 'expected_rise': 0.030266921064626355, 'prob_up': 0.6666666666666666, 'investment_fraction': 0.07988911313640408, 'investment_amount': 9000.000000000004, 'predicted_prob': 0.6666666666666666, 'allocated_amount': 9000.000000000004, 'exit_date': Timestamp('2017-04-19 00:00:00')}]",5,100000.0,853,True,True,42,/mnt/primary/simulation/trained_models_meta,12,12,0.2,0.3,200,5,60,1.0,0.0001,0.3,True,True,0.3,0.7,0.3,0.5,0.5,0.1,3,100.0,0.5,"[[0.08, 0.6], [0.15, 0.35]]",meta,base,0.1451768429443134,15,128,32,1,0.6000000000000001,0.0,0.001415745628709,2.5137050405220336e-07,32.0,50,10,0.0046437191828983,10,0.8
2017-04-12,70000.0,40000.0,100000.0,100000.0,0.0,0.0,0,MPT_ONLY,30000.0,29999.999999999996,True,False,"{'XOM': 0.2765470995076949, 'AGFS': 0.29999999999999954, 'PM': 0.0, 'BSAC': 0.12345290049230562, 'AMGN': 4.553649124439116e-18, 'HON': 0.0, 'CHTR': 0.2999999999999999, 'VZ': 0.0, 'SRE': 0.0}",[],"[{'ticker': 'XOM', 'sector': 'Basic Matierials', 'expected_rise': 0.011478503473172457, 'prob_up': 0.836962890625, 'investment_fraction': 0.13148390700488022, 'investment_amount': 8296.412985230847, 'predicted_prob': 0.836962890625, 'allocated_amount': 8296.412985230847, 'exit_date': Timestamp('2017-04-20 00:00:00')}, {'ticker': 'BSAC', 'sector': 'Financial', 'expected_rise': 0.010582094259800143, 'prob_up': 0.6956521739130435, 'investment_fraction': 0.08170708166565982, 'investment_amount': 3703.5870147691685, 'predicted_prob': 0.6956521739130435, 'allocated_amount': 3703.5870147691685, 'exit_date': Timestamp('2017-04-20 00:00:00')}, {'ticker': 'CHTR', 'sector': 'Services', 'expected_rise': 0.013190360068004071, 'prob_up': 0.6923076923076923, 'investment_fraction': 0.08912126408317093, 'investment_amount': 8999.999999999996, 'predicted_prob': 0.6923076923076923, 'allocated_amount': 8999.999999999996, 'exit_date': Timestamp('2017-04-20 00:00:00')}, {'ticker': 'AGFS', 'sector': 'Conglomerates', 'expected_rise': 0.030765797906482796, 'prob_up': 0.6666666666666666, 'investment_fraction': 0.08041175804807205, 'investment_amount': 8999.999999999985, 'predicted_prob': 0.6666666666666666, 'allocated_amount': 8999.999999999985, 'exit_date': Timestamp('2017-04-20 00:00:00')}]",5,100000.0,853,True,True,42,/mnt/primary/simulation/trained_models_meta,12,12,0.2,0.3,200,5,60,1.0,0.0001,0.3,True,True,0.3,0.7,0.3,0.5,0.5,0.1,3,100.0,0.5,"[[0.08, 0.6], [0.15, 0.35]]",meta,base,0.1451768429443134,15,128,32,1,0.6000000000000001,0.0,0.001415745628709,2.5137050405220336e-07,32.0,50,10,0.0046437191828983,10,0.8
2017-04-13,40000.0,29999.999999999993,100000.0,100000.0,0.0,0.0,0,MPT_ONLY,30000.0,10000.000000000007,True,False,"{'XOM': 0.27289850515173286, 'AGFS': 0.29999999999999993, 'PM': 0.0, 'BSAC': 0.1271014948482667, 'NVS': 1.561251128379126e-16, 'HON': 3.885780586188047e-16, 'CHTR': 0.29999999999999993, 'VZ': 1.7260498585969226e-16, 'SRE': 2.081668171172168e-17}",[],"[{'ticker': 'XOM', 'sector': 'Basic Matierials', 'expected_rise': 0.011455059779663756, 'prob_up': 0.836962890625, 'investment_fraction': 0.13142620727430185, 'investment_amount': 8186.955154551986, 'predicted_prob': 0.836962890625, 'allocated_amount': 8186.955154551986, 'exit_date': Timestamp('2017-04-21 00:00:00')}, {'ticker': 'BSAC', 'sector': 'Financial', 'expected_rise': 0.010594713366159431, 'prob_up': 0.6956521739130435, 'investment_fraction': 0.08180451704362303, 'investment_amount': 3813.0448454480006, 'predicted_prob': 0.6956521739130435, 'allocated_amount': 1813.044845448021, 'exit_date': Timestamp('2017-04-21 00:00:00')}]",5,100000.0,853,True,True,42,/mnt/primary/simulation/trained_models_meta,12,12,0.2,0.3,200,5,60,1.0,0.0001,0.3,True,True,0.3,0.7,0.3,0.5,0.5,0.1,3,100.0,0.5,"[[0.08, 0.6], [0.15, 0.35]]",meta,base,0.1451768429443134,15,128,32,1,0.6000000000000001,0.0,0.001415745628709,2.5137050405220336e-07,32.0,50,10,0.0046437191828983,10,0.8
2017-04-17,30000.0,29999.999999999993,100000.0,100000.0,0.0,0.0,0,MPT_ONLY,30000.0,0.0,True,False,"{'XOM': 0.2718329516041703, 'AGFS': 0.2999999999999998, 'PM': 4.2327252813834093e-16, 'BSAC': 0.12816704839582935, 'NVS': 9.71445146547012e-17, 'HON': 1.1275702593849246e-16, 'CHTR': 0.2999999999999997, 'VZ': 5.551115123125783e-17, 'SRE': 8.023096076392733e-18}",[],[],5,100000.0,853,True,True,42,/mnt/primary/simulation/trained_models_meta,12,12,0.2,0.3,200,5,60,1.0,0.0001,0.3,True,True,0.3,0.7,0.3,0.5,0.5,0.1,3,100.0,0.5,"[[0.08, 0.6], [0.15, 0.35]]",meta,base,0.1451768429443134,15,128,32,1,0.6000000000000001,0.0,0.001415745628709,2.5137050405220336e-07,32.0,50,10,0.0046437191828983,10,0.8
2017-04-18,30000.0,29999.999999999993,100000.0,100000.0,0.0,0.0,0,MPT_ONLY,30000.0,0.0,True,False,"{'XOM': 0.27334134054422843, 'AGFS': 0.29999999999999977, 'PM': 0.0, 'BSAC': 0.12665865945577157, 'NVS': 0.0, 'HON': 1.163891032163189e-16, 'CHTR': 0.3, 'VZ': 0.0, 'SRE': 2.0816681711721685e-16}",[],[],5,100000.0,853,True,True,42,/mnt/primary/simulation/trained_models_meta,12,12,0.2,0.3,200,5,60,1.0,0.0001,0.3,True,True,0.3,0.7,0.3,0.5,0.5,0.1,3,100.0,0.5,"[[0.08, 0.6], [0.15, 0.35]]",meta,base,0.1451768429443134,15,128,32,1,0.6000000000000001,0.0,0.001415745628709,2.5137050405220336e-07,32.0,50,10,0.0046437191828983,10,0.8
2017-04-19,61049.288094696385,30734.50166628747,101049.28809469639,101049.28809469639,1049.2880946963905,0.010492880946963767,0,MPT_ONLY,30314.786428408916,30314.786428408916,True,False,"{'XOM': 0.27713430917066645, 'AGFS': 0.2999999999999999, 'PM': 0.0, 'BSAC': 0.12286569082933387, 'NVS': 0.0, 'DHR': 0.0, 'CHTR': 0.29999999999999993, 'VZ': 2.363560736018399e-17, 'PCG': 0.0}","[{'date': Timestamp('2017-04-11 00:00:00'), 'exit_date': Timestamp('2017-04-19 00:00:00'), 'ticker': 'XOM', 'sector': 'Basic Matierials', 'allocated_amount': 8317.73350212219, 'prob_up': 0.836962890625, 'expected_rise': 0.01150132879304298, 'actual_return': -0.02836791542095196, 'pnl': -235.95676048222083, 'exit_reason': 'scheduled'}, {'date': Timestamp('2017-04-11 00:00:00'), 'exit_date': Timestamp('2017-04-19 00:00:00'), 'ticker': 'BSAC', 'sector': 'Financial', 'allocated_amount': 3682.266497877803, 'prob_up': 0.6956521739130435, 'expected_rise': 0.010570274563866867, 'actual_return': -0.04677419543444339, 'pnl': -172.23505281343978, 'exit_reason': 'scheduled'}, {'date': Timestamp('2017-04-11 00:00:00'), 'exit_date': Timestamp('2017-04-19 00:00:00'), 'ticker': 'CHTR', 'sector': 'Services', 'allocated_amount': 9000.000000000004, 'prob_up': 0.6923076923076923, 'expected_rise': 0.013230157726963692, 'actual_return': 0.003942211999116818, 'pnl': 35.47990799205138, 'exit_reason': 'scheduled'}, {'date': Timestamp('2017-04-11 00:00:00'), 'exit_date': Timestamp('2017-04-19 00:00:00'), 'ticker': 'AGFS', 'sector': 'Conglomerates', 'allocated_amount': 9000.000000000004, 'prob_up': 0.6666666666666666, 'expected_rise': 0.030266921064626355, 'actual_return': 0.15799999999999992, 'pnl': 1421.9999999999998, 'exit_reason': 'scheduled'}]","[{'ticker': 'XOM', 'sector': 'Basic Matierials', 'expected_rise': 0.011456038036370493, 'prob_up': 0.836962890625, 'investment_fraction': 0.13143743101046562, 'investment_amount': 8401.2673944934, 'predicted_prob': 0.836962890625, 'allocated_amount': 8401.2673944934, 'exit_date': Timestamp('2017-04-26 00:00:00')}, {'ticker': 'AGFS', 'sector': 'Conglomerates', 'expected_rise': 0.041112856298235856, 'prob_up': 0.7419354838709677, 'investment_fraction': 0.10759785892187829, 'investment_amount': 9094.435928522671, 'predicted_prob': 0.7419354838709677, 'allocated_amount': 9094.435928522671, 'exit_date': Timestamp('2017-04-26 00:00:00')}, {'ticker': 'BSAC', 'sector': 'Financial', 'expected_rise': 0.010540961122584083, 'prob_up': 0.6956521739130435, 'investment_fraction': 0.08163299852876482, 'investment_amount': 3724.647176870176, 'predicted_prob': 0.6956521739130435, 'allocated_amount': 3724.647176870176, 'exit_date': Timestamp('2017-04-26 00:00:00')}, {'ticker': 'CHTR', 'sector': 'Services', 'expected_rise': 0.01319184662162107, 'prob_up': 0.6923076923076923, 'investment_fraction': 0.08926961254941213, 'investment_amount': 9094.435928522673, 'predicted_prob': 0.6923076923076923, 'allocated_amount': 9094.435928522667, 'exit_date': Timestamp('2017-04-26 00:00:00')}]",5,100000.0,853,True,True,42,/mnt/primary/simulation/trained_models_meta,12,12,0.2,0.3,200,5,60,1.0,0.0001,0.3,True,True,0.3,0.7,0.3,0.5,0.5,0.1,3,100.0,0.5,"[[0.08, 0.6], [0.15, 0.35]]",meta,base,0.1451768429443134,15,128,32,1,0.6000000000000001,0.0,0.001415745628709,2.5137050405220336e-07,32.0,50,10,0.0046437191828983,10,0.8
2017-04-20,61575.30779836153,31008.279530330426,101890.09422677045,101890.09422677045,840.8061320740657,0.008320752653755648,0,MPT_ONLY,30567.028268031136,30567.028268031103,True,False,"{'XOM': 0.10000000000000088, 'AGFS': 0.2999999999999999, 'PM': 1.0333530905959339e-15, 'BSAC': 0.29999999999999905, 'NVS': 0.0, 'HON': 0.0, 'CHTR': 0.2999999999999991, 'VZ': 0.0, 'PCG': 0.0}","[{'date': Timestamp('2017-04-12 00:00:00'), 'exit_date': Timestamp('2017-04-20 00:00:00'), 'ticker': 'XOM', 'sector': 'Basic Matierials', 'allocated_amount': 8296.412985230847, 'prob_up': 0.836962890625, 'expected_rise': 0.011478503473172457, 'actual_return': -0.023622983926443464, 'pnl': -195.98603059724513, 'exit_reason': 'scheduled'}, {'date': Timestamp('2017-04-12 00:00:00'), 'exit_date': Timestamp('2017-04-20 00:00:00'), 'ticker': 'BSAC', 'sector': 'Financial', 'allocated_amount': 3703.5870147691685, 'prob_up': 0.6956521739130435, 'expected_rise': 0.010582094259800143, 'actual_return': -0.04247568942053759, 'pnl': -157.31241178127115, 'exit_reason': 'scheduled'}, {'date': Timestamp('2017-04-12 00:00:00'), 'exit_date': Timestamp('2017-04-20 00:00:00'), 'ticker': 'CHTR', 'sector': 'Services', 'allocated_amount': 8999.999999999996, 'prob_up': 0.6923076923076923, 'expected_rise': 0.013190360068004071, 'actual_return': 0.0030486564206575473, 'pnl': 27.437907785917915, 'exit_reason': 'scheduled'}, {'date': Timestamp('2017-04-12 00:00:00'), 'exit_date': Timestamp('2017-04-20 00:00:00'), 'ticker': 'AGFS', 'sector': 'Conglomerates', 'allocated_amount': 8999.999999999985, 'prob_up': 0.6666666666666666, 'expected_rise': 0.030765797906482796, 'actual_return': 0.12962962962962954, 'pnl': 1166.666666666664, 'exit_reason': 'scheduled'}]","[{'ticker': 'XOM', 'sector': 'Basic Matierials', 'expected_rise': 0.011452470606799872, 'prob_up': 0.836962890625, 'investment_fraction': 0.13139650117271678, 'investment_amount': 3056.7028268031404, 'predicted_prob': 0.836962890625, 'allocated_amount': 3056.7028268031404, 'exit_date': Timestamp('2017-04-27 00:00:00')}, {'ticker': 'BSAC', 'sector': 'Financial', 'expected_rise': 0.01325684830254044, 'prob_up': 0.75, 'investment_fraction': 0.10266580678859816, 'investment_amount': 9170.108480409312, 'predicted_prob': 0.75, 'allocated_amount': 9170.108480409312, 'exit_date': Timestamp('2017-04-27 00:00:00')}, {'ticker': 'CHTR', 'sector': 'Services', 'expected_rise': 0.013154672667517107, 'prob_up': 0.6923076923076923, 'investment_fraction': 0.08918007788029231, 'investment_amount': 9170.108480409313, 'predicted_prob': 0.6923076923076923, 'allocated_amount': 9170.108480409313, 'exit_date': Timestamp('2017-04-27 00:00:00')}, {'ticker': 'AGFS', 'sector': 'Conglomerates', 'expected_rise': 0.031187608058279897, 'prob_up': 0.6666666666666666, 'investment_fraction': 0.08102967305614514, 'investment_amount': 9170.108480409337, 'predicted_prob': 0.6666666666666666, 'allocated_amount': 9170.108480409337, 'exit_date': Timestamp('2017-04-27 00:00:00')}]",5,100000.0,853,True,True,42,/mnt/primary/simulation/trained_models_meta,12,12,0.2,0.3,200,5,60,1.0,0.0001,0.3,True,True,0.3,0.7,0.3,0.5,0.5,0.1,3,100.0,0.5,"[[0.08, 0.6], [0.15, 0.35]]",meta,base,0.1451768429443134,15,128,32,1,0.6000000000000001,0.0,0.001415745628709,2.5137050405220336e-07,32.0,50,10,0.0046437191828983,10,0.8
2017-04-21,40827.99746665456,30512.943648928383,101709.81216309458,101709.81216309458,-180.2820636758666,-0.0017693777304261804,0,MPT_ONLY,30512.943648928373,10315.05381772618,True,False,"{'XOM': 0.09999999999999759, 'AGFS': 0.3000000000000001, 'PM': 1.8624424918956003e-15, 'BSAC': 0.3000000000000001, 'NVS': 0.0, 'HON': 1.6891869847324164e-16, 'CHTR': 0.3, 'VZ': 0.0, 'PCG': 1.1579279202145192e-16}","[{'date': Timestamp('2017-04-13 00:00:00'), 'exit_date': Timestamp('2017-04-21 00:00:00'), 'ticker': 'XOM', 'sector': 'Basic Matierials', 'allocated_amount': 8186.955154551986, 'prob_up': 0.836962890625, 'expected_rise': 0.011455059779663756, 'actual_return': -0.012241400116503875, 'pnl': -100.21979378274469, 'exit_reason': 'scheduled'}, {'date': Timestamp('2017-04-13 00:00:00'), 'exit_date': Timestamp('2017-04-21 00:00:00'), 'ticker': 'BSAC', 'sector': 'Financial', 'allocated_amount': 1813.044845448021, 'prob_up': 0.6956521739130435, 'expected_rise': 0.010594713366159431, 'actual_return': -0.04415901244480125, 'pnl': -80.06226989312192, 'exit_reason': 'scheduled'}]","[{'ticker': 'XOM', 'sector': 'Basic Matierials', 'expected_rise': 0.011450766506045928, 'prob_up': 0.836962890625, 'investment_fraction': 0.13137694968165414, 'investment_amount': 3051.294364892764, 'predicted_prob': 0.836962890625, 'allocated_amount': 3051.294364892764, 'exit_date': Timestamp('2017-04-28 00:00:00')}, {'ticker': 'BSAC', 'sector': 'Financial', 'expected_rise': 0.013246040540996514, 'prob_up': 0.75, 'investment_fraction': 0.10258210759153688, 'investment_amount': 9153.883094678515, 'predicted_prob': 0.75, 'allocated_amount': 7263.759452833416, 'exit_date': Timestamp('2017-04-28 00:00:00')}]",5,100000.0,853,True,True,42,/mnt/primary/simulation/trained_models_meta,12,12,0.2,0.3,200,5,60,1.0,0.0001,0.3,True,True,0.3,0.7,0.3,0.5,0.5,0.1,3,100.0,0.5,"[[0.08, 0.6], [0.15, 0.35]]",meta,base,0.1451768429443134,15,128,32,1,0.6000000000000001,0.0,0.001415745628709,2.5137050405220336e-07,32.0,50,10,0.0046437191828983,10,0.8
2017-04-24,30512.943648928383,30512.943648928383,101709.81216309458,101709.81216309458,0.0,0.0,0,MPT_ONLY,30512.943648928373,0.0,True,False,"{'XOM': 0.2999999999999997, 'AGFS': 0.2999999999999997, 'PM': 0.10000000000000026, 'BSAC': 0.2999999999999995, 'NVS': 1.231653667943533e-16, 'HON': 1.0408340855860841e-16, 'CHTR': 2.1684043449710086e-16, 'VZ': 6.591949208711867e-17, 'PCG': 2.393918396847994e-16}",[],[],5,100000.0,853,True,True,42,/mnt/primary/simulation/trained_models_meta,12,12,0.2,0.3,200,5,60,1.0,0.0001,0.3,True,True,0.3,0.7,0.3,0.5,0.5,0.1,3,100.0,0.5,"[[0.08, 0.6], [0.15, 0.35]]",meta,base,0.1451768429443134,15,128,32,1,0.6000000000000001,0.0,0.001415745628709,2.5137050405220336e-07,32.0,50,10,0.0046437191828983,10,0.8
2017-04-25,30512.943648928383,30512.943648928383,101709.81216309458,101709.81216309458,0.0,0.0,0,MPT_ONLY,30512.943648928373,0.0,True,False,"{'XOM': 0.2999999999999996, 'AGFS': 0.29999999999999993, 'PM': 0.09999999999999988, 'BSAC': 0.2999999999999999, 'UNH': 1.3444106938820255e-16, 'HON': 9.00972005335454e-17, 'CHTR': 8.510987054011209e-17, 'VZ': 9.931291899967219e-17, 'PCG': 1.5048726154098802e-16}",[],[],5,100000.0,853,True,True,42,/mnt/primary/simulation/trained_models_meta,12,12,0.2,0.3,200,5,60,1.0,0.0001,0.3,True,True,0.3,0.7,0.3,0.5,0.5,0.1,3,100.0,0.5,"[[0.08, 0.6], [0.15, 0.35]]",meta,base,0.1451768429443134,15,128,32,1,0.6000000000000001,0.0,0.001415745628709,2.5137050405220336e-07,32.0,50,10,0.0046437191828983,10,0.8
2017-04-26,61151.595532997206,30610.10328562635,102033.67761875449,102033.67761875449,323.8654556599011,0.00318421053752993,0,MPT_ONLY,30610.103285626345,30541.492247370865,True,False,"{'XOM': 0.29999999999999966, 'AGFS': 0.2999999999999997, 'PM': 0.058720693104079597, 'BSAC': 0.30000000000000004, 'UNH': 0.041279306895920694, 'HON': 1.2056328158038812e-16, 'DIS': 5.551115123125784e-17, 'VZ': 1.0061396160665484e-16, 'PCG': 0.0}","[{'date': Timestamp('2017-04-19 00:00:00'), 'exit_date': Timestamp('2017-04-26 00:00:00'), 'ticker': 'XOM', 'sector': 'Basic Matierials', 'allocated_amount': 8401.2673944934, 'prob_up': 0.836962890625, 'expected_rise': 0.011456038036370493, 'actual_return': 0.011305802243901208, 'pnl': 94.98306776027754, 'exit_reason': 'scheduled'}, {'date': Timestamp('2017-04-19 00:00:00'), 'exit_date': Timestamp('2017-04-26 00:00:00'), 'ticker': 'AGFS', 'sector': 'Conglomerates', 'allocated_amount': 9094.435928522671, 'prob_up': 0.7419354838709677, 'expected_rise': 0.041112856298235856, 'actual_return': -0.015544041450777146, 'pnl': -141.36428904439333, 'exit_reason': 'scheduled'}, {'date': Timestamp('2017-04-19 00:00:00'), 'exit_date': Timestamp('2017-04-26 00:00:00'), 'ticker': 'BSAC', 'sector': 'Financial', 'allocated_amount': 3724.647176870176, 'prob_up': 0.6956521739130435, 'expected_rise': 0.010540961122584083, 'actual_return': 0.013113452331364295, 'pnl': 48.84298320503765, 'exit_reason': 'scheduled'}, {'date': Timestamp('2017-04-19 00:00:00'), 'exit_date': Timestamp('2017-04-26 00:00:00'), 'ticker': 'CHTR', 'sector': 'Services', 'allocated_amount': 9094.435928522667, 'prob_up': 0.6923076923076923, 'expected_rise': 0.01319184662162107, 'actual_return': 0.03534069581280663, 'pnl': 321.40369373897926, 'exit_reason': 'scheduled'}]","[{'ticker': 'XOM', 'sector': 'Basic Matierials', 'expected_rise': 0.01144126995764278, 'prob_up': 0.836962890625, 'investment_fraction': 0.13142506982615842, 'investment_amount': 9183.030985687892, 'predicted_prob': 0.836962890625, 'allocated_amount': 9183.030985687892, 'exit_date': Timestamp('2017-05-03 00:00:00')}, {'ticker': 'PM', 'sector': 'Consumer Goods', 'expected_rise': 0.009716147043654134, 'prob_up': 0.80408935546875, 'investment_fraction': 0.11647725525959701, 'investment_amount': 1797.446480919443, 'predicted_prob': 0.80408935546875, 'allocated_amount': 1797.446480919443, 'exit_date': Timestamp('2017-05-03 00:00:00')}, {'ticker': 'BSAC', 'sector': 'Financial', 'expected_rise': 0.013211586720649211, 'prob_up': 0.75, 'investment_fraction': 0.1023152848006155, 'investment_amount': 9183.030985687905, 'predicted_prob': 0.75, 'allocated_amount': 9183.030985687905, 'exit_date': Timestamp('2017-05-03 00:00:00')}, {'ticker': 'AGFS', 'sector': 'Conglomerates', 'expected_rise': 0.032419573283452865, 'prob_up': 0.6666666666666666, 'investment_fraction': 0.0822558446964108, 'investment_amount': 9183.030985687894, 'predicted_prob': 0.6666666666666666, 'allocated_amount': 9183.030985687894, 'exit_date': Timestamp('2017-05-03 00:00:00')}, {'ticker': 'UNH', 'sector': 'Healthcare', 'expected_rise': 0.00958914358654133, 'prob_up': 0.6666666666666666, 'investment_fraction': 0.08228959323047927, 'investment_amount': 1263.5638476432002, 'predicted_prob': 0.6666666666666666, 'allocated_amount': 1194.9528093877307, 'exit_date': Timestamp('2017-05-03 00:00:00')}]",5,100000.0,853,True,True,42,/mnt/primary/simulation/trained_models_meta,12,12,0.2,0.3,200,5,60,1.0,0.0001,0.3,True,True,0.3,0.7,0.3,0.5,0.5,0.1,3,100.0,0.5,"[[0.08, 0.6], [0.15, 0.35]]",meta,base,0.1451768429443134,15,128,32,1,0.6000000000000001,0.0,0.001415745628709,2.5137050405220336e-07,32.0,50,10,0.0046437191828983,10,0.8
2017-04-27,62067.747612545674,31190.459509252854,102924.29367764272,102924.29367764271,890.6160588882225,0.008728648027526598,0,MPT_ONLY,30877.288103292816,30877.288103292816,True,False,"{'XOM': 0.3, 'AGFS': 0.3, 'PM': 0.05823800625618514, 'BSAC': 0.3, 'UNH': 0.04176199374381494, 'HON': 0.0, 'DIS': 0.0, 'VZ': 0.0, 'PCG': 0.0}","[{'date': Timestamp('2017-04-20 00:00:00'), 'exit_date': Timestamp('2017-04-27 00:00:00'), 'ticker': 'XOM', 'sector': 'Basic Matierials', 'allocated_amount': 3056.7028268031404, 'prob_up': 0.836962890625, 'expected_rise': 0.011452470606799872, 'actual_return': 0.0030860386844577814, 'pnl': 9.433103170405944, 'exit_reason': 'scheduled'}, {'date': Timestamp('2017-04-20 00:00:00'), 'exit_date': Timestamp('2017-04-27 00:00:00'), 'ticker': 'BSAC', 'sector': 'Financial', 'allocated_amount': 9170.108480409312, 'prob_up': 0.75, 'expected_rise': 0.01325684830254044, 'actual_return': -0.003379805661174573, 'pnl': -30.993184555672354, 'exit_reason': 'scheduled'}, {'date': Timestamp('2017-04-20 00:00:00'), 'exit_date': Timestamp('2017-04-27 00:00:00'), 'ticker': 'CHTR', 'sector': 'Services', 'allocated_amount': 9170.108480409313, 'prob_up': 0.6923076923076923, 'expected_rise': 0.013154672667517107, 'actual_return': 0.039363485674346554, 'pnl': 360.96743380079585, 'exit_reason': 'scheduled'}, {'date': Timestamp('2017-04-20 00:00:00'), 'exit_date': Timestamp('2017-04-27 00:00:00'), 'ticker': 'AGFS', 'sector': 'Conglomerates', 'allocated_amount': 9170.108480409337, 'prob_up': 0.6666666666666666, 'expected_rise': 0.031187608058279897, 'actual_return': 0.060109289617486406, 'pnl': 551.208706472693, 'exit_reason': 'scheduled'}]","[{'ticker': 'BSAC', 'sector': 'Financial', 'expected_rise': 0.024829149167827098, 'prob_up': 0.9808349609375, 'investment_fraction': 0.19250726558290143, 'investment_amount': 9263.186430987844, 'predicted_prob': 0.9808349609375, 'allocated_amount': 9263.186430987844, 'exit_date': Timestamp('2017-05-04 00:00:00')}, {'ticker': 'XOM', 'sector': 'Basic Matierials', 'expected_rise': 0.01142952305873702, 'prob_up': 0.836962890625, 'investment_fraction': 0.13139605288717043, 'investment_amount': 9263.186430987844, 'predicted_prob': 0.836962890625, 'allocated_amount': 9263.186430987844, 'exit_date': Timestamp('2017-05-04 00:00:00')}, {'ticker': 'PM', 'sector': 'Consumer Goods', 'expected_rise': 0.009713251730911579, 'prob_up': 0.80408935546875, 'investment_fraction': 0.11644254622525906, 'investment_amount': 1798.231697733598, 'predicted_prob': 0.80408935546875, 'allocated_amount': 1798.231697733598, 'exit_date': Timestamp('2017-05-04 00:00:00')}, {'ticker': 'AGFS', 'sector': 'Conglomerates', 'expected_rise': 0.032522675844780184, 'prob_up': 0.6666666666666666, 'investment_fraction': 0.08251743938793225, 'investment_amount': 9263.186430987844, 'predicted_prob': 0.6666666666666666, 'allocated_amount': 9263.186430987844, 'exit_date': Timestamp('2017-05-04 00:00:00')}, {'ticker': 'UNH', 'sector': 'Healthcare', 'expected_rise': 0.009598771592019023, 'prob_up': 0.6666666666666666, 'investment_fraction': 0.08232120407781275, 'investment_amount': 1289.497112595686, 'predicted_prob': 0.6666666666666666, 'allocated_amount': 1289.497112595686, 'exit_date': Timestamp('2017-05-04 00:00:00')}]",5,100000.0,853,True,True,42,/mnt/primary/simulation/trained_models_meta,12,12,0.2,0.3,200,5,60,1.0,0.0001,0.3,True,True,0.3,0.7,0.3,0.5,0.5,0.1,3,100.0,0.5,"[[0.08, 0.6], [0.15, 0.35]]",meta,base,0.1451768429443134,15,128,32,1,0.6000000000000001,0.0,0.001415745628709,2.5137050405220336e-07,32.0,50,10,0.0046437191828983,10,0.8
2017-04-28,41486.90282453994,30871.704952561086,102905.68317520362,102905.68317520362,-18.610502439098127,-0.000180817392804955,0,MPT_ONLY,30871.704952561086,10615.197871978853,True,False,"{'XOM': 0.3000000000000001, 'AGFS': 0.30000000000000004, 'PM': 0.05454186054834945, 'BSAC': 0.3000000000000001, 'UNH': 0.045458139451650045, 'HON': 2.1163626406917056e-16, 'DIS': 0.0, 'VZ': 2.25514051876985e-17, 'PCG': 0.0}","[{'date': Timestamp('2017-04-21 00:00:00'), 'exit_date': Timestamp('2017-04-28 00:00:00'), 'ticker': 'XOM', 'sector': 'Basic Matierials', 'allocated_amount': 3051.294364892764, 'prob_up': 0.836962890625, 'expected_rise': 0.011450766506045928, 'actual_return': 0.011897384759018692, 'pnl': 36.30242307215479, 'exit_reason': 'scheduled'}, {'date': Timestamp('2017-04-21 00:00:00'), 'exit_date': Timestamp('2017-04-28 00:00:00'), 'ticker': 'BSAC', 'sector': 'Financial', 'allocated_amount': 7263.759452833416, 'prob_up': 0.75, 'expected_rise': 0.013246040540996514, 'actual_return': -0.0075598491205312035, 'pnl': -54.912925511252915, 'exit_reason': 'scheduled'}]","[{'ticker': 'BSAC', 'sector': 'Financial', 'expected_rise': 0.024830116505366755, 'prob_up': 0.9808349609375, 'investment_fraction': 0.19251476561858114, 'investment_amount': 9261.51148576833, 'predicted_prob': 0.9808349609375, 'allocated_amount': 9261.51148576833, 'exit_date': Timestamp('2017-05-05 00:00:00')}, {'ticker': 'XOM', 'sector': 'Basic Matierials', 'expected_rise': 0.011402051060585493, 'prob_up': 0.836962890625, 'investment_fraction': 0.13132800901670158, 'investment_amount': 9261.51148576833, 'predicted_prob': 0.836962890625, 'allocated_amount': 1353.6863862105238, 'exit_date': Timestamp('2017-05-05 00:00:00')}]",5,100000.0,853,True,True,42,/mnt/primary/simulation/trained_models_meta,12,12,0.2,0.3,200,5,60,1.0,0.0001,0.3,True,True,0.3,0.7,0.3,0.5,0.5,0.1,3,100.0,0.5,"[[0.08, 0.6], [0.15, 0.35]]",meta,base,0.1451768429443134,15,128,32,1,0.6000000000000001,0.0,0.001415745628709,2.5137050405220336e-07,32.0,50,10,0.0046437191828983,10,0.8
2017-05-01,30871.704952561093,30871.704952561086,102905.68317520362,102905.68317520362,0.0,0.0,0,MPT_ONLY,30871.704952561086,0.0,True,False,"{'XOM': 0.29999999999999954, 'AGFS': 0.29999999999999993, 'PM': 0.054662002471308785, 'BSAC': 0.29999999999999977, 'UNH': 0.045337997528692005, 'HON': 0.0, 'DIS': 2.4069288229178192e-17, 'VZ': 0.0, 'PCG': 2.466559942404522e-17}",[],[],5,100000.0,853,True,True,42,/mnt/primary/simulation/trained_models_meta,12,12,0.2,0.3,200,5,60,1.0,0.0001,0.3,True,True,0.3,0.7,0.3,0.5,0.5,0.1,3,100.0,0.5,"[[0.08, 0.6], [0.15, 0.35]]",meta,base,0.1451768429443134,15,128,32,1,0.6000000000000001,0.0,0.001415745628709,2.5137050405220336e-07,32.0,50,10,0.0046437191828983,10,0.8
2017-05-02,30871.704952561093,30871.704952561086,102905.68317520362,102905.68317520362,0.0,0.0,0,MPT_ONLY,30871.704952561086,0.0,True,False,"{'XOM': 0.09999999999999959, 'AGFS': 0.29999999999999954, 'PM': 4.640385298237959e-16, 'BSAC': 0.29999999999999977, 'UNH': 6.062858548538941e-16, 'HON': 1.0755285551056203e-16, 'CHTR': 0.2999999999999993, 'VZ': 1.752070710736575e-16, 'PPL': 3.831570477563772e-16}",[],[],5,100000.0,853,True,True,42,/mnt/primary/simulation/trained_models_meta,12,12,0.2,0.3,200,5,60,1.0,0.0001,0.3,True,True,0.3,0.7,0.3,0.5,0.5,0.1,3,100.0,0.5,"[[0.08, 0.6], [0.15, 0.35]]",meta,base,0.1451768429443134,15,128,32,1,0.6000000000000001,0.0,0.001415745628709,2.5137050405220336e-07,32.0,50,10,0.0046437191828983,10,0.8
2017-05-03,61170.995911276346,30799.044565964417,102663.48188654802,102663.48188654802,-242.20128865559874,-0.0023536240291339716,0,MPT_ONLY,30799.044565964403,30371.95134531192,True,False,"{'XOM': 0.10000000000000006, 'AGFS': 0.3, 'PM': 0.0, 'BSAC': 0.3, 'UNH': 1.2576745200831851e-16, 'LMT': 0.0, 'CHTR': 0.3, 'VZ': 0.0, 'PCG': 0.0}","[{'date': Timestamp('2017-04-26 00:00:00'), 'exit_date': Timestamp('2017-05-03 00:00:00'), 'ticker': 'XOM', 'sector': 'Basic Matierials', 'allocated_amount': 9183.030985687892, 'prob_up': 0.836962890625, 'expected_rise': 0.01144126995764278, 'actual_return': 0.015970454153060087, 'pnl': 146.65717534305867, 'exit_reason': 'scheduled'}, {'date': Timestamp('2017-04-26 00:00:00'), 'exit_date': Timestamp('2017-05-03 00:00:00'), 'ticker': 'PM', 'sector': 'Consumer Goods', 'allocated_amount': 1797.446480919443, 'prob_up': 0.80408935546875, 'expected_rise': 0.009716147043654134, 'actual_return': -0.004858308504573916, 'pnl': -8.732549524767387, 'exit_reason': 'scheduled'}, {'date': Timestamp('2017-04-26 00:00:00'), 'exit_date': Timestamp('2017-05-03 00:00:00'), 'ticker': 'BSAC', 'sector': 'Financial', 'allocated_amount': 9183.030985687905, 'prob_up': 0.75, 'expected_rise': 0.013211586720649211, 'actual_return': 0.010855865935036846, 'pnl': 99.68975325791716, 'exit_reason': 'scheduled'}, {'date': Timestamp('2017-04-26 00:00:00'), 'exit_date': Timestamp('2017-05-03 00:00:00'), 'ticker': 'AGFS', 'sector': 'Conglomerates', 'allocated_amount': 9183.030985687894, 'prob_up': 0.6666666666666666, 'expected_rise': 0.032419573283452865, 'actual_return': -0.05087719298245619, 'pnl': -467.20683962271784, 'exit_reason': 'scheduled'}, {'date': Timestamp('2017-04-26 00:00:00'), 'exit_date': Timestamp('2017-05-03 00:00:00'), 'ticker': 'UNH', 'sector': 'Healthcare', 'allocated_amount': 1194.9528093877307, 'prob_up': 0.6666666666666666, 'expected_rise': 0.00958914358654133, 'actual_return': -0.01055173728203529, 'pnl': -12.608828109089327, 'exit_reason': 'scheduled'}]","[{'ticker': 'BSAC', 'sector': 'Financial', 'expected_rise': 0.024742603006568296, 'prob_up': 0.9808349609375, 'investment_fraction': 0.19250799046612183, 'investment_amount': 9239.71336978932, 'predicted_prob': 0.9808349609375, 'allocated_amount': 9239.71336978932, 'exit_date': Timestamp('2017-05-10 00:00:00')}, {'ticker': 'XOM', 'sector': 'Basic Matierials', 'expected_rise': 0.01135521253377811, 'prob_up': 0.836962890625, 'investment_fraction': 0.1312114021607776, 'investment_amount': 3079.9044565964423, 'predicted_prob': 0.836962890625, 'allocated_amount': 3079.9044565964423, 'exit_date': Timestamp('2017-05-10 00:00:00')}, {'ticker': 'CHTR', 'sector': 'Services', 'expected_rise': 0.013126824026398046, 'prob_up': 0.6923076923076923, 'investment_fraction': 0.08912658423638219, 'investment_amount': 9239.71336978932, 'predicted_prob': 0.6923076923076923, 'allocated_amount': 9239.71336978932, 'exit_date': Timestamp('2017-05-10 00:00:00')}, {'ticker': 'AGFS', 'sector': 'Conglomerates', 'expected_rise': 0.032752094029144696, 'prob_up': 0.6666666666666666, 'investment_fraction': 0.083230404128189, 'investment_amount': 9239.71336978932, 'predicted_prob': 0.6666666666666666, 'allocated_amount': 8812.620149136841, 'exit_date': Timestamp('2017-05-10 00:00:00')}]",5,100000.0,853,True,True,42,/mnt/primary/simulation/trained_models_meta,12,12,0.2,0.3,200,5,60,1.0,0.0001,0.3,True,True,0.3,0.7,0.3,0.5,0.5,0.1,3,100.0,0.5,"[[0.08, 0.6], [0.15, 0.35]]",meta,base,0.1451768429443134,15,128,32,1,0.6000000000000001,0.0,0.001415745628709,2.5137050405220336e-07,32.0,50,10,0.0046437191828983,10,0.8
2017-05-04,60949.437746316056,30580.97608908206,101936.58696360684,101936.58696360684,-726.8949229411726,-0.007080364990391219,0,MPT_ONLY,30580.97608908205,30368.461657233987,True,False,"{'XOM': 0.09999999999999991, 'AGFS': 0.3, 'PM': 0.0, 'BSAC': 0.3, 'UNH': 1.6859343782149594e-17, 'HON': 0.0, 'CHTR': 0.3, 'VZ': 0.0, 'PCG': 0.0}","[{'date': Timestamp('2017-04-27 00:00:00'), 'exit_date': Timestamp('2017-05-04 00:00:00'), 'ticker': 'BSAC', 'sector': 'Financial', 'allocated_amount': 9263.186430987844, 'prob_up': 0.9808349609375, 'expected_rise': 0.024829149167827098, 'actual_return': 0.018652013565069847, 'pnl': 172.77707896655622, 'exit_reason': 'scheduled'}, {'date': Timestamp('2017-04-27 00:00:00'), 'exit_date': Timestamp('2017-05-04 00:00:00'), 'ticker': 'XOM', 'sector': 'Basic Matierials', 'allocated_amount': 9263.186430987844, 'prob_up': 0.836962890625, 'expected_rise': 0.01142952305873702, 'actual_return': 0.004676310492830238, 'pnl': 43.31753590427114, 'exit_reason': 'scheduled'}, {'date': Timestamp('2017-04-27 00:00:00'), 'exit_date': Timestamp('2017-05-04 00:00:00'), 'ticker': 'PM', 'sector': 'Consumer Goods', 'allocated_amount': 1798.231697733598, 'prob_up': 0.80408935546875, 'expected_rise': 0.009713251730911579, 'actual_return': 0.009165940481605572, 'pnl': 16.4824847135627, 'exit_reason': 'scheduled'}, {'date': Timestamp('2017-04-27 00:00:00'), 'exit_date': Timestamp('2017-05-04 00:00:00'), 'ticker': 'AGFS', 'sector': 'Conglomerates', 'allocated_amount': 9263.186430987844, 'prob_up': 0.6666666666666666, 'expected_rise': 0.032522675844780184, 'actual_return': -0.10309278350515472, 'pnl': -954.9676732977166, 'exit_reason': 'scheduled'}, {'date': Timestamp('2017-04-27 00:00:00'), 'exit_date': Timestamp('2017-05-04 00:00:00'), 'ticker': 'UNH', 'sector': 'Healthcare', 'allocated_amount': 1289.497112595686, 'prob_up': 0.6666666666666666, 'expected_rise': 0.009598771592019023, 'actual_return': -0.0034931053228797193, 'pnl': -4.50434922784602, 'exit_reason': 'scheduled'}]","[{'ticker': 'BSAC', 'sector': 'Financial', 'expected_rise': 0.024708809333428665, 'prob_up': 0.9808349609375, 'investment_fraction': 0.19250307960171242, 'investment_amount': 9174.292826724615, 'predicted_prob': 0.9808349609375, 'allocated_amount': 9174.292826724615, 'exit_date': Timestamp('2017-05-11 00:00:00')}, {'ticker': 'XOM', 'sector': 'Basic Matierials', 'expected_rise': 0.011352667754108805, 'prob_up': 0.836962890625, 'investment_fraction': 0.13120504520378004, 'investment_amount': 3058.0976089082023, 'predicted_prob': 0.836962890625, 'allocated_amount': 3058.0976089082023, 'exit_date': Timestamp('2017-05-11 00:00:00')}, {'ticker': 'CHTR', 'sector': 'Services', 'expected_rise': 0.013096688641355124, 'prob_up': 0.6923076923076923, 'investment_fraction': 0.0889219754194953, 'investment_amount': 9174.292826724615, 'predicted_prob': 0.6923076923076923, 'allocated_amount': 9174.292826724615, 'exit_date': Timestamp('2017-05-11 00:00:00')}, {'ticker': 'AGFS', 'sector': 'Conglomerates', 'expected_rise': 0.03277059737248527, 'prob_up': 0.6666666666666666, 'investment_fraction': 0.0832774252665195, 'investment_amount': 9174.292826724615, 'predicted_prob': 0.6666666666666666, 'allocated_amount': 8961.778394876557, 'exit_date': Timestamp('2017-05-11 00:00:00')}]",5,100000.0,853,True,True,42,/mnt/primary/simulation/trained_models_meta,12,12,0.2,0.3,200,5,60,1.0,0.0001,0.3,True,True,0.3,0.7,0.3,0.5,0.5,0.1,3,100.0,0.5,"[[0.08, 0.6], [0.15, 0.35]]",meta,base,0.1451768429443134,15,128,32,1,0.6000000000000001,0.0,0.001415745628709,2.5137050405220336e-07,32.0,50,10,0.0046437191828983,10,0.8
2017-05-05,41382.600359687305,30636.904008669968,102123.01336223322,102123.01336223322,186.4263986263898,0.0018288467779772333,0,MPT_ONLY,30636.904008669964,10745.69635101734,True,False,"{'XOM': 0.10000000000000006, 'AGFS': 0.29999999999999993, 'PM': 0.0, 'BSAC': 0.29999999999999993, 'UNH': 2.7430314963883262e-17, 'HON': 0.0, 'CHTR': 0.3, 'VZ': 0.0, 'PCG': 7.060866648311848e-17}","[{'date': Timestamp('2017-04-28 00:00:00'), 'exit_date': Timestamp('2017-05-05 00:00:00'), 'ticker': 'BSAC', 'sector': 'Financial', 'allocated_amount': 9261.51148576833, 'prob_up': 0.9808349609375, 'expected_rise': 0.024830116505366755, 'actual_return': 0.0194668226604664, 'pnl': 180.29220166132473, 'exit_reason': 'scheduled'}, {'date': Timestamp('2017-04-28 00:00:00'), 'exit_date': Timestamp('2017-05-05 00:00:00'), 'ticker': 'XOM', 'sector': 'Basic Matierials', 'allocated_amount': 1353.6863862105238, 'prob_up': 0.836962890625, 'expected_rise': 0.011402051060585493, 'actual_return': 0.004531475700392473, 'pnl': 6.134196965065089, 'exit_reason': 'scheduled'}]","[{'ticker': 'BSAC', 'sector': 'Financial', 'expected_rise': 0.02469287288598914, 'prob_up': 0.9808349609375, 'investment_fraction': 0.19250075915547304, 'investment_amount': 9191.071202600988, 'predicted_prob': 0.9808349609375, 'allocated_amount': 9191.071202600988, 'exit_date': Timestamp('2017-05-12 00:00:00')}, {'ticker': 'XOM', 'sector': 'Basic Matierials', 'expected_rise': 0.011328699642091067, 'prob_up': 0.836962890625, 'investment_fraction': 0.1311450621621247, 'investment_amount': 3063.6904008669985, 'predicted_prob': 0.836962890625, 'allocated_amount': 1554.6251484163513, 'exit_date': Timestamp('2017-05-12 00:00:00')}]",5,100000.0,853,True,True,42,/mnt/primary/simulation/trained_models_meta,12,12,0.2,0.3,200,5,60,1.0,0.0001,0.3,True,True,0.3,0.7,0.3,0.5,0.5,0.1,3,100.0,0.5,"[[0.08, 0.6], [0.15, 0.35]]",meta,base,0.1451768429443134,15,128,32,1,0.6000000000000001,0.0,0.001415745628709,2.5137050405220336e-07,32.0,50,10,0.0046437191828983,10,0.8
2017-05-08,30636.904008669968,30636.904008669968,102123.01336223322,102123.01336223322,0.0,0.0,0,MPT_ONLY,30636.904008669964,0.0,True,False,"{'XOM': 0.1000000000000001, 'AGFS': 0.2999999999999999, 'PM': 5.07406616723216e-17, 'BSAC': 0.2999999999999995, 'UNH': 0.0, 'HON': 5.589062199162775e-17, 'CHTR': 0.3, 'VZ': 3.5128150388530344e-17, 'PCG': 3.3138639402019443e-16}",[],[],5,100000.0,853,True,True,42,/mnt/primary/simulation/trained_models_meta,12,12,0.2,0.3,200,5,60,1.0,0.0001,0.3,True,True,0.3,0.7,0.3,0.5,0.5,0.1,3,100.0,0.5,"[[0.08, 0.6], [0.15, 0.35]]",meta,base,0.1451768429443134,15,128,32,1,0.6000000000000001,0.0,0.001415745628709,2.5137050405220336e-07,32.0,50,10,0.0046437191828983,10,0.8
2017-05-09,30636.904008669968,30636.904008669968,102123.01336223322,102123.01336223322,0.0,0.0,0,MPT_ONLY,30636.904008669964,0.0,True,False,"{'XOM': 0.09999999999999969, 'AGFS': 0.2999999999999999, 'PM': 4.310787837802366e-16, 'BSAC': 0.2999999999999995, 'UNH': 5.434021288497349e-16, 'LMT': 3.422826258536738e-16, 'CHTR': 0.2999999999999996, 'VZ': 7.199102425303751e-17, 'SRE': 1.0451708942760264e-16}",[],[],5,100000.0,853,True,True,42,/mnt/primary/simulation/trained_models_meta,12,12,0.2,0.3,200,5,60,1.0,0.0001,0.3,True,True,0.3,0.7,0.3,0.5,0.5,0.1,3,100.0,0.5,"[[0.08, 0.6], [0.15, 0.35]]",meta,base,0.1451768429443134,15,128,32,1,0.6000000000000001,0.0,0.001415745628709,2.5137050405220336e-07,32.0,50,10,0.0046437191828983,10,0.8
2017-05-10,62681.49095293846,31542.79626458154,103795.64896118979,103795.64896118979,1672.6355989565723,0.016378635372065187,0,MPT_ONLY,31138.694688356933,31138.694688356925,True,False,"{'XOM': 0.09999999999999984, 'AGFS': 0.3, 'PM': 0.0, 'BSAC': 0.3, 'UNH': 0.0, 'LMT': 0.0, 'CHTR': 0.3, 'VZ': 0.0, 'SRE': 1.6154612370034016e-16}","[{'date': Timestamp('2017-05-03 00:00:00'), 'exit_date': Timestamp('2017-05-10 00:00:00'), 'ticker': 'BSAC', 'sector': 'Financial', 'allocated_amount': 9239.71336978932, 'prob_up': 0.9808349609375, 'expected_rise': 0.024742603006568296, 'actual_return': -0.02189173985509041, 'pnl': -202.27340142702857, 'exit_reason': 'scheduled'}, {'date': Timestamp('2017-05-03 00:00:00'), 'exit_date': Timestamp('2017-05-10 00:00:00'), 'ticker': 'XOM', 'sector': 'Basic Matierials', 'allocated_amount': 3079.9044565964423, 'prob_up': 0.836962890625, 'expected_rise': 0.01135521253377811, 'actual_return': -0.009552515461397126, 'pnl': -29.42083494126343, 'exit_reason': 'scheduled'}, {'date': Timestamp('2017-05-03 00:00:00'), 'exit_date': Timestamp('2017-05-10 00:00:00'), 'ticker': 'CHTR', 'sector': 'Services', 'allocated_amount': 9239.71336978932, 'prob_up': 0.6923076923076923, 'expected_rise': 0.013126824026398046, 'actual_return': 0.003359108242445341, 'pnl': 31.037197338291726, 'exit_reason': 'scheduled'}, {'date': Timestamp('2017-05-03 00:00:00'), 'exit_date': Timestamp('2017-05-10 00:00:00'), 'ticker': 'AGFS', 'sector': 'Conglomerates', 'allocated_amount': 8812.620149136841, 'prob_up': 0.6666666666666666, 'expected_rise': 0.032752094029144696, 'actual_return': 0.21256931608133067, 'pnl': 1873.2926379865726, 'exit_reason': 'scheduled'}]","[{'ticker': 'BSAC', 'sector': 'Financial', 'expected_rise': 0.024679528091331837, 'prob_up': 0.9808349609375, 'investment_fraction': 0.1925039600279208, 'investment_amount': 9341.608406507079, 'predicted_prob': 0.9808349609375, 'allocated_amount': 9341.608406507079, 'exit_date': Timestamp('2017-05-17 00:00:00')}, {'ticker': 'XOM', 'sector': 'Basic Matierials', 'expected_rise': 0.011264579606688, 'prob_up': 0.836962890625, 'investment_fraction': 0.1309836122623764, 'investment_amount': 3113.869468835688, 'predicted_prob': 0.836962890625, 'allocated_amount': 3113.869468835688, 'exit_date': Timestamp('2017-05-17 00:00:00')}, {'ticker': 'CHTR', 'sector': 'Services', 'expected_rise': 0.013011528785286712, 'prob_up': 0.6923076923076923, 'investment_fraction': 0.08834376952062928, 'investment_amount': 9341.608406507079, 'predicted_prob': 0.6923076923076923, 'allocated_amount': 9341.608406507079, 'exit_date': Timestamp('2017-05-17 00:00:00')}, {'ticker': 'AGFS', 'sector': 'Conglomerates', 'expected_rise': 0.03294522296239778, 'prob_up': 0.6666666666666666, 'investment_fraction': 0.08360977606334069, 'investment_amount': 9341.608406507079, 'predicted_prob': 0.6666666666666666, 'allocated_amount': 9341.608406507079, 'exit_date': Timestamp('2017-05-17 00:00:00')}]",5,100000.0,853,True,True,42,/mnt/primary/simulation/trained_models_meta,12,12,0.2,0.3,200,5,60,1.0,0.0001,0.3,True,True,0.3,0.7,0.3,0.5,0.5,0.1,3,100.0,0.5,"[[0.08, 0.6], [0.15, 0.35]]",meta,base,0.1451768429443134,15,128,32,1,0.6000000000000001,0.0,0.001415745628709,2.5137050405220336e-07,32.0,50,10,0.0046437191828983,10,0.8
2017-05-11,64721.066979222116,32739.42957364321,106605.45801859639,106605.45801859639,2809.80905740659,0.027070586151999754,0,MPT_ONLY,31981.637405578913,31981.637405578913,True,False,"{'XOM': 0.3, 'AGFS': 0.3, 'PM': 0.025363810928461114, 'BSAC': 0.3, 'UNH': 0.07463618907153902, 'DHR': 0.0, 'HD': 0.0, 'VZ': 0.0, 'PCG': 0.0}","[{'date': Timestamp('2017-05-04 00:00:00'), 'exit_date': Timestamp('2017-05-11 00:00:00'), 'ticker': 'BSAC', 'sector': 'Financial', 'allocated_amount': 9174.292826724615, 'prob_up': 0.9808349609375, 'expected_rise': 0.024708809333428665, 'actual_return': -0.010819849737001674, 'pnl': -99.26446982841267, 'exit_reason': 'scheduled'}, {'date': Timestamp('2017-05-04 00:00:00'), 'exit_date': Timestamp('2017-05-11 00:00:00'), 'ticker': 'XOM', 'sector': 'Basic Matierials', 'allocated_amount': 3058.0976089082023, 'prob_up': 0.836962890625, 'expected_rise': 0.011352667754108805, 'actual_return': 0.011881455314569411, 'pnl': 36.33465008783437, 'exit_reason': 'scheduled'}, {'date': Timestamp('2017-05-04 00:00:00'), 'exit_date': Timestamp('2017-05-11 00:00:00'), 'ticker': 'CHTR', 'sector': 'Services', 'allocated_amount': 9174.292826724615, 'prob_up': 0.6923076923076923, 'expected_rise': 0.013096688641355124, 'actual_return': 0.006230560950454489, 'pnl': 57.16099063422512, 'exit_reason': 'scheduled'}, {'date': Timestamp('2017-05-04 00:00:00'), 'exit_date': Timestamp('2017-05-11 00:00:00'), 'ticker': 'AGFS', 'sector': 'Conglomerates', 'allocated_amount': 8961.778394876557, 'prob_up': 0.6666666666666666, 'expected_rise': 0.03277059737248527, 'actual_return': 0.3141762452107282, 'pnl': 2815.577886512943, 'exit_reason': 'scheduled'}]","[{'ticker': 'BSAC', 'sector': 'Financial', 'expected_rise': 0.024679645866804874, 'prob_up': 0.9808349609375, 'investment_fraction': 0.19250487869398564, 'investment_amount': 9594.491221673674, 'predicted_prob': 0.9808349609375, 'allocated_amount': 9594.491221673674, 'exit_date': Timestamp('2017-05-18 00:00:00')}, {'ticker': 'XOM', 'sector': 'Basic Matierials', 'expected_rise': 0.011268308880349534, 'prob_up': 0.836962890625, 'investment_fraction': 0.13102697595213297, 'investment_amount': 9594.491221673674, 'predicted_prob': 0.836962890625, 'allocated_amount': 9594.491221673674, 'exit_date': Timestamp('2017-05-18 00:00:00')}, {'ticker': 'PM', 'sector': 'Consumer Goods', 'expected_rise': 0.00964306878552982, 'prob_up': 0.80408935546875, 'investment_fraction': 0.11626662236120243, 'investment_amount': 811.1762043377032, 'predicted_prob': 0.80408935546875, 'allocated_amount': 811.1762043377032, 'exit_date': Timestamp('2017-05-18 00:00:00')}, {'ticker': 'UNH', 'sector': 'Healthcare', 'expected_rise': 0.009917152896025183, 'prob_up': 0.675, 'investment_fraction': 0.08548740893235657, 'investment_amount': 2386.9875362201924, 'predicted_prob': 0.675, 'allocated_amount': 2386.9875362201924, 'exit_date': Timestamp('2017-05-18 00:00:00')}, {'ticker': 'AGFS', 'sector': 'Conglomerates', 'expected_rise': 0.03352806483078195, 'prob_up': 0.6666666666666666, 'investment_fraction': 0.08415534219108126, 'investment_amount': 9594.491221673674, 'predicted_prob': 0.6666666666666666, 'allocated_amount': 9594.49122167367, 'exit_date': Timestamp('2017-05-18 00:00:00')}]",5,100000.0,853,True,True,42,/mnt/primary/simulation/trained_models_meta,12,12,0.2,0.3,200,5,60,1.0,0.0001,0.3,True,True,0.3,0.7,0.3,0.5,0.5,0.1,3,100.0,0.5,"[[0.08, 0.6], [0.15, 0.35]]",meta,base,0.1451768429443134,15,128,32,1,0.6000000000000001,0.0,0.001415745628709,2.5137050405220336e-07,32.0,50,10,0.0046437191828983,10,0.8
2017-05-12,43373.08199614643,31948.02422702468,106493.41409008227,106493.41409008227,-112.04392851411897,-0.0010510149348504916,0,MPT_ONLY,31948.024227024678,11425.057769121746,True,False,"{'XOM': 0.2999999999999999, 'AGFS': 0.3, 'PM': 0.024379839235123976, 'BSAC': 0.29999999999999993, 'UNH': 0.07562016076487564, 'HON': 2.2898349882893854e-16, 'HD': 2.2979665045830266e-16, 'VZ': 2.1510571102112408e-16, 'SRE': 0.0}","[{'date': Timestamp('2017-05-05 00:00:00'), 'exit_date': Timestamp('2017-05-12 00:00:00'), 'ticker': 'BSAC', 'sector': 'Financial', 'allocated_amount': 9191.071202600988, 'prob_up': 0.9808349609375, 'expected_rise': 0.02469287288598914, 'actual_return': -0.01328352013283518, 'pnl': -122.08977936207188, 'exit_reason': 'scheduled'}, {'date': Timestamp('2017-05-05 00:00:00'), 'exit_date': Timestamp('2017-05-12 00:00:00'), 'ticker': 'XOM', 'sector': 'Basic Matierials', 'allocated_amount': 1554.6251484163513, 'prob_up': 0.836962890625, 'expected_rise': 0.011328699642091067, 'actual_return': 0.006461911965200295, 'pnl': 10.045850847952906, 'exit_reason': 'scheduled'}]","[{'ticker': 'BSAC', 'sector': 'Financial', 'expected_rise': 0.024680261195460216, 'prob_up': 0.9808349609375, 'investment_fraction': 0.19250967834827537, 'investment_amount': 9584.407268107401, 'predicted_prob': 0.9808349609375, 'allocated_amount': 9584.407268107401, 'exit_date': Timestamp('2017-05-19 00:00:00')}, {'ticker': 'XOM', 'sector': 'Basic Matierials', 'expected_rise': 0.011258305710877561, 'prob_up': 0.836962890625, 'investment_fraction': 0.13100168902428272, 'investment_amount': 9584.4072681074, 'predicted_prob': 0.836962890625, 'allocated_amount': 1840.6505010143446, 'exit_date': Timestamp('2017-05-19 00:00:00')}]",5,100000.0,853,True,True,42,/mnt/primary/simulation/trained_models_meta,12,12,0.2,0.3,200,5,60,1.0,0.0001,0.3,True,True,0.3,0.7,0.3,0.5,0.5,0.1,3,100.0,0.5,"[[0.08, 0.6], [0.15, 0.35]]",meta,base,0.1451768429443134,15,128,32,1,0.6000000000000001,0.0,0.001415745628709,2.5137050405220336e-07,32.0,50,10,0.0046437191828983,10,0.8
2017-05-15,31948.02422702468,31948.02422702468,106493.41409008227,106493.41409008227,0.0,0.0,0,MPT_ONLY,31948.024227024678,0.0,True,False,"{'XOM': 0.30000000000000004, 'AGFS': 0.30000000000000004, 'PM': 0.023776861219345097, 'BSAC': 0.30000000000000004, 'UNH': 0.07622313878065477, 'LMT': 0.0, 'HD': 0.0, 'VZ': 0.0, 'SRE': 0.0}",[],[],5,100000.0,853,True,True,42,/mnt/primary/simulation/trained_models_meta,12,12,0.2,0.3,200,5,60,1.0,0.0001,0.3,True,True,0.3,0.7,0.3,0.5,0.5,0.1,3,100.0,0.5,"[[0.08, 0.6], [0.15, 0.35]]",meta,base,0.1451768429443134,15,128,32,1,0.6000000000000001,0.0,0.001415745628709,2.5137050405220336e-07,32.0,50,10,0.0046437191828983,10,0.8
2017-05-16,31948.02422702468,31948.02422702468,106493.41409008227,106493.41409008227,0.0,0.0,0,MPT_ONLY,31948.024227024678,0.0,True,False,"{'XOM': 0.2999999999999998, 'AGFS': 0.2999999999999999, 'PM': 0.02451979517544588, 'BSAC': 0.2999999999999999, 'UNH': 0.07548020482455467, 'DHR': 0.0, 'HD': 0.0, 'VZ': 0.0, 'SRE': 0.0}",[],[],5,100000.0,853,True,True,42,/mnt/primary/simulation/trained_models_meta,12,12,0.2,0.3,200,5,60,1.0,0.0001,0.3,True,True,0.3,0.7,0.3,0.5,0.5,0.1,3,100.0,0.5,"[[0.08, 0.6], [0.15, 0.35]]",meta,base,0.1451768429443134,15,128,32,1,0.6000000000000001,0.0,0.001415745628709,2.5137050405220336e-07,32.0,50,10,0.0046437191828983,10,0.8
2017-05-17,63267.90205284079,32002.379168262443,106674.59722754145,106674.59722754145,181.18313745918584,0.0017013553280009752,0,MPT_ONLY,32002.379168262436,31265.52288457835,True,False,"{'XOM': 0.3000000000000002, 'AGFS': 0.3000000000000002, 'PM': 0.02477929609909151, 'BSAC': 0.3000000000000002, 'UNH': 0.07522070390090789, 'LMT': 0.0, 'HD': 1.2576745200831861e-16, 'VZ': 0.0, 'SRE': 1.4745149545802873e-17}","[{'date': Timestamp('2017-05-10 00:00:00'), 'exit_date': Timestamp('2017-05-17 00:00:00'), 'ticker': 'BSAC', 'sector': 'Financial', 'allocated_amount': 9341.608406507079, 'prob_up': 0.9808349609375, 'expected_rise': 0.024679528091331837, 'actual_return': 0.017736486486486625, 'pnl': 165.68731126406266, 'exit_reason': 'scheduled'}, {'date': Timestamp('2017-05-10 00:00:00'), 'exit_date': Timestamp('2017-05-17 00:00:00'), 'ticker': 'XOM', 'sector': 'Basic Matierials', 'allocated_amount': 3113.869468835688, 'prob_up': 0.836962890625, 'expected_rise': 0.011264579606688, 'actual_return': 0.0009766084250222296, 'pnl': 3.041031157684428, 'exit_reason': 'scheduled'}, {'date': Timestamp('2017-05-10 00:00:00'), 'exit_date': Timestamp('2017-05-17 00:00:00'), 'ticker': 'CHTR', 'sector': 'Services', 'allocated_amount': 9341.608406507079, 'prob_up': 0.6923076923076923, 'expected_rise': 0.013011528785286712, 'actual_return': -0.038300886104525866, 'pnl': -357.79187961070903, 'exit_reason': 'scheduled'}, {'date': Timestamp('2017-05-10 00:00:00'), 'exit_date': Timestamp('2017-05-17 00:00:00'), 'ticker': 'AGFS', 'sector': 'Conglomerates', 'allocated_amount': 9341.608406507079, 'prob_up': 0.6666666666666666, 'expected_rise': 0.03294522296239778, 'actual_return': 0.03963414634146356, 'pnl': 370.2466746481478, 'exit_reason': 'scheduled'}]","[{'ticker': 'BSAC', 'sector': 'Financial', 'expected_rise': 0.02464875341345254, 'prob_up': 0.9808349609375, 'investment_fraction': 0.19250893705802402, 'investment_amount': 9600.713750478737, 'predicted_prob': 0.9808349609375, 'allocated_amount': 9600.713750478737, 'exit_date': Timestamp('2017-05-24 00:00:00')}, {'ticker': 'XOM', 'sector': 'Basic Matierials', 'expected_rise': 0.011218473918473843, 'prob_up': 0.836962890625, 'investment_fraction': 0.13096432379892384, 'investment_amount': 9600.713750478737, 'predicted_prob': 0.836962890625, 'allocated_amount': 9600.713750478737, 'exit_date': Timestamp('2017-05-24 00:00:00')}, {'ticker': 'PM', 'sector': 'Consumer Goods', 'expected_rise': 0.009665490033135674, 'prob_up': 0.80408935546875, 'investment_fraction': 0.11657030909665385, 'investment_amount': 792.9964292857727, 'predicted_prob': 0.80408935546875, 'allocated_amount': 792.9964292857727, 'exit_date': Timestamp('2017-05-24 00:00:00')}, {'ticker': 'UNH', 'sector': 'Healthcare', 'expected_rise': 0.009923234987435761, 'prob_up': 0.675, 'investment_fraction': 0.0855398375115094, 'investment_amount': 2407.2414875404515, 'predicted_prob': 0.675, 'allocated_amount': 2407.2414875404515, 'exit_date': Timestamp('2017-05-24 00:00:00')}, {'ticker': 'AGFS', 'sector': 'Conglomerates', 'expected_rise': 0.03620387291986561, 'prob_up': 0.6666666666666666, 'investment_fraction': 0.08651374001460206, 'investment_amount': 9600.713750478737, 'predicted_prob': 0.6666666666666666, 'allocated_amount': 8863.857466794652, 'exit_date': Timestamp('2017-05-24 00:00:00')}]",5,100000.0,853,True,True,42,/mnt/primary/simulation/trained_models_meta,12,12,0.2,0.3,200,5,60,1.0,0.0001,0.3,True,True,0.3,0.7,0.3,0.5,0.5,0.1,3,100.0,0.5,"[[0.08, 0.6], [0.15, 0.35]]",meta,base,0.1451768429443134,15,128,32,1,0.6000000000000001,0.0,0.001415745628709,2.5137050405220336e-07,32.0,50,10,0.0046437191828983,10,0.8
2017-05-18,63961.6101234383,31995.657233141523,106652.1907771384,106652.1907771384,-22.406450403046406,-0.00021004485590192523,0,MPT_ONLY,31995.65723314152,31965.952890296776,True,False,"{'XOM': 0.30000000000000004, 'AGFS': 0.29999999999999993, 'PM': 0.0268046797258502, 'BSAC': 0.2999999999999999, 'UNH': 0.07319532027414975, 'DHR': 0.0, 'HD': 0.0, 'VZ': 4.8572257327350605e-17, 'PCG': 1.7347234759768073e-16}","[{'date': Timestamp('2017-05-11 00:00:00'), 'exit_date': Timestamp('2017-05-18 00:00:00'), 'ticker': 'BSAC', 'sector': 'Financial', 'allocated_amount': 9594.491221673674, 'prob_up': 0.9808349609375, 'expected_rise': 0.024679645866804874, 'actual_return': -0.0012620950778292617, 'pnl': -12.109160145150403, 'exit_reason': 'scheduled'}, {'date': Timestamp('2017-05-11 00:00:00'), 'exit_date': Timestamp('2017-05-18 00:00:00'), 'ticker': 'XOM', 'sector': 'Basic Matierials', 'allocated_amount': 9594.491221673674, 'prob_up': 0.836962890625, 'expected_rise': 0.011268308880349534, 'actual_return': -0.010410373920707205, 'pnl': -99.88224119656583, 'exit_reason': 'scheduled'}, {'date': Timestamp('2017-05-11 00:00:00'), 'exit_date': Timestamp('2017-05-18 00:00:00'), 'ticker': 'PM', 'sector': 'Consumer Goods', 'allocated_amount': 811.1762043377032, 'prob_up': 0.80408935546875, 'expected_rise': 0.00964306878552982, 'actual_return': 0.021494738348866838, 'pnl': 17.43602026706587, 'exit_reason': 'scheduled'}, {'date': Timestamp('2017-05-11 00:00:00'), 'exit_date': Timestamp('2017-05-18 00:00:00'), 'ticker': 'UNH', 'sector': 'Healthcare', 'allocated_amount': 2386.9875362201924, 'prob_up': 0.675, 'expected_rise': 0.009917152896025183, 'actual_return': -0.010789348744949079, 'pnl': -25.754040978126426, 'exit_reason': 'scheduled'}, {'date': Timestamp('2017-05-11 00:00:00'), 'exit_date': Timestamp('2017-05-18 00:00:00'), 'ticker': 'AGFS', 'sector': 'Conglomerates', 'allocated_amount': 9594.49122167367, 'prob_up': 0.6666666666666666, 'expected_rise': 0.03352806483078195, 'actual_return': 0.010204081632652962, 'pnl': 97.90297164973038, 'exit_reason': 'scheduled'}]","[{'ticker': 'BSAC', 'sector': 'Financial', 'expected_rise': 0.024631045700069406, 'prob_up': 0.9808349609375, 'investment_fraction': 0.19250635628969218, 'investment_amount': 9598.697169942452, 'predicted_prob': 0.9808349609375, 'allocated_amount': 9598.697169942452, 'exit_date': Timestamp('2017-05-25 00:00:00')}, {'ticker': 'XOM', 'sector': 'Basic Matierials', 'expected_rise': 0.011188291881357237, 'prob_up': 0.836962890625, 'investment_fraction': 0.13088748420820187, 'investment_amount': 9598.697169942458, 'predicted_prob': 0.836962890625, 'allocated_amount': 9598.697169942458, 'exit_date': Timestamp('2017-05-25 00:00:00')}, {'ticker': 'PM', 'sector': 'Consumer Goods', 'expected_rise': 0.009681097888191357, 'prob_up': 0.80408935546875, 'investment_fraction': 0.1166220405030535, 'investment_amount': 857.6333447524408, 'predicted_prob': 0.80408935546875, 'allocated_amount': 857.6333447524408, 'exit_date': Timestamp('2017-05-25 00:00:00')}, {'ticker': 'UNH', 'sector': 'Healthcare', 'expected_rise': 0.00991606510038176, 'prob_up': 0.675, 'investment_fraction': 0.08547803196378714, 'investment_amount': 2341.93237856171, 'predicted_prob': 0.675, 'allocated_amount': 2341.93237856171, 'exit_date': Timestamp('2017-05-25 00:00:00')}, {'ticker': 'AGFS', 'sector': 'Conglomerates', 'expected_rise': 0.036017961798001034, 'prob_up': 0.6666666666666666, 'investment_fraction': 0.08635721859254902, 'investment_amount': 9598.697169942454, 'predicted_prob': 0.6666666666666666, 'allocated_amount': 9568.992827097718, 'exit_date': Timestamp('2017-05-25 00:00:00')}]",5,100000.0,853,True,True,42,/mnt/primary/simulation/trained_models_meta,12,12,0.2,0.3,200,5,60,1.0,0.0001,0.3,True,True,0.3,0.7,0.3,0.5,0.5,0.1,3,100.0,0.5,"[[0.08, 0.6], [0.15, 0.35]]",meta,base,0.1451768429443134,15,128,32,1,0.6000000000000001,0.0,0.001415745628709,2.5137050405220336e-07,32.0,50,10,0.0046437191828983,10,0.8
2017-05-19,43564.144178970324,32038.685986153643,106795.61995384545,106795.61995384545,143.42917670705515,0.0013448310406183328,0,MPT_ONLY,32038.685986153636,11525.458192816683,True,False,"{'XOM': 0.2999999999999997, 'AGFS': 0.29999999999999993, 'PM': 0.026776040468814627, 'BSAC': 0.29999999999999977, 'UNH': 0.0732239595311857, 'HON': 7.979727989493313e-17, 'HD': 0.0, 'VZ': 9.020562075079397e-17, 'SRE': 1.1015494072452725e-16}","[{'date': Timestamp('2017-05-12 00:00:00'), 'exit_date': Timestamp('2017-05-19 00:00:00'), 'ticker': 'BSAC', 'sector': 'Financial', 'allocated_amount': 9584.407268107401, 'prob_up': 0.9808349609375, 'expected_rise': 0.024680261195460216, 'actual_return': 0.016407236011779514, 'pnl': 157.25363208085307, 'exit_reason': 'scheduled'}, {'date': Timestamp('2017-05-12 00:00:00'), 'exit_date': Timestamp('2017-05-19 00:00:00'), 'ticker': 'XOM', 'sector': 'Basic Matierials', 'allocated_amount': 1840.6505010143446, 'prob_up': 0.836962890625, 'expected_rise': 0.011258305710877561, 'actual_return': -0.007510635705246349, 'pnl': -13.824455373797917, 'exit_reason': 'scheduled'}]","[{'ticker': 'BSAC', 'sector': 'Financial', 'expected_rise': 0.024632083521448536, 'prob_up': 0.9808349609375, 'investment_fraction': 0.1925144674845886, 'investment_amount': 9611.605795846082, 'predicted_prob': 0.9808349609375, 'allocated_amount': 9611.605795846082, 'exit_date': Timestamp('2017-05-26 00:00:00')}, {'ticker': 'XOM', 'sector': 'Basic Matierials', 'expected_rise': 0.011191648453170057, 'prob_up': 0.836962890625, 'investment_fraction': 0.13092675143905383, 'investment_amount': 9611.605795846082, 'predicted_prob': 0.836962890625, 'allocated_amount': 1913.8523969706002, 'exit_date': Timestamp('2017-05-26 00:00:00')}]",5,100000.0,853,True,True,42,/mnt/primary/simulation/trained_models_meta,12,12,0.2,0.3,200,5,60,1.0,0.0001,0.3,True,True,0.3,0.7,0.3,0.5,0.5,0.1,3,100.0,0.5,"[[0.08, 0.6], [0.15, 0.35]]",meta,base,0.1451768429443134,15,128,32,1,0.6000000000000001,0.0,0.001415745628709,2.5137050405220336e-07,32.0,50,10,0.0046437191828983,10,0.8
2017-05-22,32038.685986153636,32038.685986153643,106795.61995384545,106795.61995384545,0.0,0.0,0,MPT_ONLY,32038.685986153636,0.0,True,False,"{'XOM': 0.30000000000000004, 'AGFS': 0.30000000000000004, 'PM': 0.03071285353161367, 'BSAC': 0.30000000000000004, 'UNH': 0.06928714646838609, 'DHR': 0.0, 'HD': 0.0, 'VZ': 0.0, 'SRE': 0.0}",[],[],5,100000.0,853,True,True,42,/mnt/primary/simulation/trained_models_meta,12,12,0.2,0.3,200,5,60,1.0,0.0001,0.3,True,True,0.3,0.7,0.3,0.5,0.5,0.1,3,100.0,0.5,"[[0.08, 0.6], [0.15, 0.35]]",meta,base,0.1451768429443134,15,128,32,1,0.6000000000000001,0.0,0.001415745628709,2.5137050405220336e-07,32.0,50,10,0.0046437191828983,10,0.8
2017-05-23,32038.685986153636,32038.685986153643,106795.61995384545,106795.61995384545,0.0,0.0,0,MPT_ONLY,32038.685986153636,0.0,True,False,"{'XOM': 0.3, 'AGFS': 0.29999999999999993, 'PM': 0.03131980148304618, 'BSAC': 0.3, 'UNH': 0.06868019851695382, 'DHR': 0.0, 'HD': 4.0766001685454967e-17, 'VZ': 0.0, 'SRE': 6.938893903907228e-18}",[],[],5,100000.0,853,True,True,42,/mnt/primary/simulation/trained_models_meta,12,12,0.2,0.3,200,5,60,1.0,0.0001,0.3,True,True,0.3,0.7,0.3,0.5,0.5,0.1,3,100.0,0.5,"[[0.08, 0.6], [0.15, 0.35]]",meta,base,0.1451768429443134,15,128,32,1,0.6000000000000001,0.0,0.001415745628709,2.5137050405220336e-07,32.0,50,10,0.0046437191828983,10,0.8
2017-05-24,64126.56152953228,32285.391783793726,107617.97261264574,107617.97261264574,822.3526588002752,0.007700247062151888,0,MPT_ONLY,32285.39178379372,31841.16974573854,True,False,"{'XOM': 0.29999999999999977, 'AGFS': 0.3000000000000001, 'PM': 0.029614972437232847, 'BSAC': 0.3, 'UNH': 0.07038502756276703, 'HON': 4.42354486374086e-17, 'HD': 1.6566609195578513e-16, 'VZ': 1.587271980518779e-16, 'SRE': 1.110223024625157e-16}","[{'date': Timestamp('2017-05-17 00:00:00'), 'exit_date': Timestamp('2017-05-24 00:00:00'), 'ticker': 'BSAC', 'sector': 'Financial', 'allocated_amount': 9600.713750478737, 'prob_up': 0.9808349609375, 'expected_rise': 0.02464875341345254, 'actual_return': 0.03278004149377578, 'pnl': 314.7117951105567, 'exit_reason': 'scheduled'}, {'date': Timestamp('2017-05-17 00:00:00'), 'exit_date': Timestamp('2017-05-24 00:00:00'), 'ticker': 'XOM', 'sector': 'Basic Matierials', 'allocated_amount': 9600.713750478737, 'prob_up': 0.836962890625, 'expected_rise': 0.011218473918473843, 'actual_return': 0.003659019481864201, 'pnl': 35.12919865280322, 'exit_reason': 'scheduled'}, {'date': Timestamp('2017-05-17 00:00:00'), 'exit_date': Timestamp('2017-05-24 00:00:00'), 'ticker': 'PM', 'sector': 'Consumer Goods', 'allocated_amount': 792.9964292857727, 'prob_up': 0.80408935546875, 'expected_rise': 0.009665490033135674, 'actual_return': 0.03235164835164839, 'pnl': 25.654741624366125, 'exit_reason': 'scheduled'}, {'date': Timestamp('2017-05-17 00:00:00'), 'exit_date': Timestamp('2017-05-24 00:00:00'), 'ticker': 'UNH', 'sector': 'Healthcare', 'allocated_amount': 2407.2414875404515, 'prob_up': 0.675, 'expected_rise': 0.009923234987435761, 'actual_return': 0.039855471752602956, 'pnl': 95.94174510836238, 'exit_reason': 'scheduled'}, {'date': Timestamp('2017-05-17 00:00:00'), 'exit_date': Timestamp('2017-05-24 00:00:00'), 'ticker': 'AGFS', 'sector': 'Conglomerates', 'allocated_amount': 8863.857466794652, 'prob_up': 0.6666666666666666, 'expected_rise': 0.03620387291986561, 'actual_return': 0.03958944281524923, 'pnl': 350.9151783041868, 'exit_reason': 'scheduled'}]","[{'ticker': 'BSAC', 'sector': 'Financial', 'expected_rise': 0.024583599953865626, 'prob_up': 0.9808349609375, 'investment_fraction': 0.19251321961160314, 'investment_amount': 9685.617535138115, 'predicted_prob': 0.9808349609375, 'allocated_amount': 9685.617535138115, 'exit_date': Timestamp('2017-06-01 00:00:00')}, {'ticker': 'XOM', 'sector': 'Basic Matierials', 'expected_rise': 0.011169860351951907, 'prob_up': 0.836962890625, 'investment_fraction': 0.13095732552450973, 'investment_amount': 9685.617535138108, 'predicted_prob': 0.836962890625, 'allocated_amount': 9685.617535138108, 'exit_date': Timestamp('2017-06-01 00:00:00')}, {'ticker': 'PM', 'sector': 'Consumer Goods', 'expected_rise': 0.00974843975200844, 'prob_up': 0.80408935546875, 'investment_fraction': 0.1168438616331389, 'investment_amount': 956.1309878023148, 'predicted_prob': 0.80408935546875, 'allocated_amount': 956.1309878023148, 'exit_date': Timestamp('2017-06-01 00:00:00')}, {'ticker': 'UNH', 'sector': 'Healthcare', 'expected_rise': 0.009915920522908853, 'prob_up': 0.675, 'investment_fraction': 0.08550931932992563, 'investment_amount': 2272.408190577053, 'predicted_prob': 0.675, 'allocated_amount': 2272.408190577053, 'exit_date': Timestamp('2017-06-01 00:00:00')}, {'ticker': 'AGFS', 'sector': 'Conglomerates', 'expected_rise': 0.03501287805226696, 'prob_up': 0.6666666666666666, 'investment_fraction': 0.0854925669838103, 'investment_amount': 9685.617535138119, 'predicted_prob': 0.6666666666666666, 'allocated_amount': 9241.39549708295, 'exit_date': Timestamp('2017-06-01 00:00:00')}]",5,100000.0,853,True,True,42,/mnt/primary/simulation/trained_models_meta,12,12,0.2,0.3,200,5,60,1.0,0.0001,0.3,True,True,0.3,0.7,0.3,0.5,0.5,0.1,3,100.0,0.5,"[[0.08, 0.6], [0.15, 0.35]]",meta,base,0.1451768429443134,15,128,32,1,0.6000000000000001,0.0,0.001415745628709,2.5137050405220336e-07,32.0,50,10,0.0046437191828983,10,0.8
2017-05-25,64941.271379837366,32492.369795517785,108307.89931839259,108307.89931839259,689.926705746856,0.0064108874103225855,0,MPT_ONLY,32492.369795517778,32448.901584319585,True,False,"{'XOM': 0.30000000000000027, 'AGFS': 0.3000000000000002, 'PM': 0.028665955297729764, 'BSAC': 0.30000000000000027, 'UNH': 0.07133404470226924, 'BA': 0.0, 'HD': 1.0440866921035418e-16, 'VZ': 0.0, 'SRE': 1.37259995036665e-16}","[{'date': Timestamp('2017-05-18 00:00:00'), 'exit_date': Timestamp('2017-05-25 00:00:00'), 'ticker': 'BSAC', 'sector': 'Financial', 'allocated_amount': 9598.697169942452, 'prob_up': 0.9808349609375, 'expected_rise': 0.024631045700069406, 'actual_return': 0.046335299073294145, 'pnl': 444.7585040832656, 'exit_reason': 'scheduled'}, {'date': Timestamp('2017-05-18 00:00:00'), 'exit_date': Timestamp('2017-05-25 00:00:00'), 'ticker': 'XOM', 'sector': 'Basic Matierials', 'allocated_amount': 9598.697169942458, 'prob_up': 0.836962890625, 'expected_rise': 0.011188291881357237, 'actual_return': 0.0, 'pnl': 0.0, 'exit_reason': 'scheduled'}, {'date': Timestamp('2017-05-18 00:00:00'), 'exit_date': Timestamp('2017-05-25 00:00:00'), 'ticker': 'PM', 'sector': 'Consumer Goods', 'allocated_amount': 857.6333447524408, 'prob_up': 0.80408935546875, 'expected_rise': 0.009681097888191357, 'actual_return': 0.051945772989157035, 'pnl': 44.550427034441746, 'exit_reason': 'scheduled'}, {'date': Timestamp('2017-05-18 00:00:00'), 'exit_date': Timestamp('2017-05-25 00:00:00'), 'ticker': 'UNH', 'sector': 'Healthcare', 'allocated_amount': 2341.93237856171, 'prob_up': 0.675, 'expected_rise': 0.00991606510038176, 'actual_return': 0.03849522377069503, 'pnl': 90.15321096856908, 'exit_reason': 'scheduled'}, {'date': Timestamp('2017-05-18 00:00:00'), 'exit_date': Timestamp('2017-05-25 00:00:00'), 'ticker': 'AGFS', 'sector': 'Conglomerates', 'allocated_amount': 9568.992827097718, 'prob_up': 0.6666666666666666, 'expected_rise': 0.036017961798001034, 'actual_return': 0.011544011544011523, 'pnl': 110.46456366057951, 'exit_reason': 'scheduled'}]","[{'ticker': 'BSAC', 'sector': 'Financial', 'expected_rise': 0.024599776788546496, 'prob_up': 0.9808349609375, 'investment_fraction': 0.1925155776117952, 'investment_amount': 9747.710938655342, 'predicted_prob': 0.9808349609375, 'allocated_amount': 9747.710938655342, 'exit_date': Timestamp('2017-06-02 00:00:00')}, {'ticker': 'XOM', 'sector': 'Basic Matierials', 'expected_rise': 0.011144937904322192, 'prob_up': 0.836962890625, 'investment_fraction': 0.13089361413384706, 'investment_amount': 9747.710938655342, 'predicted_prob': 0.836962890625, 'allocated_amount': 9747.710938655342, 'exit_date': Timestamp('2017-06-02 00:00:00')}, {'ticker': 'PM', 'sector': 'Consumer Goods', 'expected_rise': 0.009773235747792436, 'prob_up': 0.80408935546875, 'investment_fraction': 0.11692497869941301, 'investment_amount': 931.4248200756174, 'predicted_prob': 0.80408935546875, 'allocated_amount': 931.4248200756174, 'exit_date': Timestamp('2017-06-02 00:00:00')}, {'ticker': 'UNH', 'sector': 'Healthcare', 'expected_rise': 0.009938688606274972, 'prob_up': 0.675, 'investment_fraction': 0.08558119226494053, 'investment_amount': 2317.8121594761283, 'predicted_prob': 0.675, 'allocated_amount': 2317.8121594761283, 'exit_date': Timestamp('2017-06-02 00:00:00')}, {'ticker': 'AGFS', 'sector': 'Conglomerates', 'expected_rise': 0.034839793606022705, 'prob_up': 0.6666666666666666, 'investment_fraction': 0.08534044332745921, 'investment_amount': 9747.71093865534, 'predicted_prob': 0.6666666666666666, 'allocated_amount': 9704.242727457153, 'exit_date': Timestamp('2017-06-02 00:00:00')}]",5,100000.0,853,True,True,42,/mnt/primary/simulation/trained_models_meta,12,12,0.2,0.3,200,5,60,1.0,0.0001,0.3,True,True,0.3,0.7,0.3,0.5,0.5,0.1,3,100.0,0.5,"[[0.08, 0.6], [0.15, 0.35]]",meta,base,0.1451768429443134,15,128,32,1,0.6000000000000001,0.0,0.001415745628709,2.5137050405220336e-07,32.0,50,10,0.0046437191828983,10,0.8
2017-05-26,44271.52011007854,32568.477432041007,108561.59144013666,108561.59144013666,253.69212174407997,0.002342323351672615,0,MPT_ONLY,32568.477432040996,11703.04267803754,True,False,"{'XOM': 0.2999999999999999, 'AGFS': 0.3000000000000001, 'PM': 0.03131735264251861, 'BSAC': 0.3000000000000001, 'UNH': 0.06868264735748114, 'BA': 0.0, 'HD': 4.46691295064028e-17, 'VZ': 8.716985466783459e-17, 'SRE': 0.0}","[{'date': Timestamp('2017-05-19 00:00:00'), 'exit_date': Timestamp('2017-05-26 00:00:00'), 'ticker': 'BSAC', 'sector': 'Financial', 'allocated_amount': 9611.605795846082, 'prob_up': 0.9808349609375, 'expected_rise': 0.024632083521448536, 'actual_return': 0.0273178807947021, 'pnl': 262.5687013765911, 'exit_reason': 'scheduled'}, {'date': Timestamp('2017-05-19 00:00:00'), 'exit_date': Timestamp('2017-05-26 00:00:00'), 'ticker': 'XOM', 'sector': 'Basic Matierials', 'allocated_amount': 1913.8523969706002, 'prob_up': 0.836962890625, 'expected_rise': 0.011191648453170057, 'actual_return': -0.004638069083363838, 'pnl': -8.876579632511117, 'exit_reason': 'scheduled'}]","[{'ticker': 'BSAC', 'sector': 'Financial', 'expected_rise': 0.02464609707065723, 'prob_up': 0.9808349609375, 'investment_fraction': 0.19252231263851055, 'investment_amount': 9770.543229612302, 'predicted_prob': 0.9808349609375, 'allocated_amount': 9770.543229612302, 'exit_date': Timestamp('2017-06-05 00:00:00')}, {'ticker': 'XOM', 'sector': 'Basic Matierials', 'expected_rise': 0.011144937904322192, 'prob_up': 0.836962890625, 'investment_fraction': 0.13089361413384706, 'investment_amount': 9770.543229612294, 'predicted_prob': 0.836962890625, 'allocated_amount': 1932.4994484252384, 'exit_date': Timestamp('2017-06-05 00:00:00')}]",5,100000.0,853,True,True,42,/mnt/primary/simulation/trained_models_meta,12,12,0.2,0.3,200,5,60,1.0,0.0001,0.3,True,True,0.3,0.7,0.3,0.5,0.5,0.1,3,100.0,0.5,"[[0.08, 0.6], [0.15, 0.35]]",meta,base,0.1451768429443134,15,128,32,1,0.6000000000000001,0.0,0.001415745628709,2.5137050405220336e-07,32.0,50,10,0.0046437191828983,10,0.8
2017-05-30,32568.477432041007,32568.477432041007,108561.59144013666,108561.59144013666,0.0,0.0,0,MPT_ONLY,32568.477432040996,0.0,True,False,"{'XOM': 0.3000000000000001, 'AGFS': 0.3000000000000001, 'PM': 0.0674778491802468, 'BSAC': 0.30000000000000004, 'UNH': 0.032522150819752856, 'BA': 5.898059818321147e-17, 'HD': 3.827233668873832e-17, 'VZ': 4.857225732735062e-17, 'PCG': 0.0}",[],[],5,100000.0,853,True,True,42,/mnt/primary/simulation/trained_models_meta,12,12,0.2,0.3,200,5,60,1.0,0.0001,0.3,True,True,0.3,0.7,0.3,0.5,0.5,0.1,3,100.0,0.5,"[[0.08, 0.6], [0.15, 0.35]]",meta,base,0.1451768429443134,15,128,32,1,0.6000000000000001,0.0,0.001415745628709,2.5137050405220336e-07,32.0,50,10,0.0046437191828983,10,0.8
2017-05-31,32568.477432041007,32568.477432041007,108561.59144013666,108561.59144013666,0.0,0.0,0,MPT_ONLY,32568.477432040996,0.0,True,False,"{'XOM': 0.29999999999999927, 'AGFS': 0.2999999999999998, 'PM': 0.07120445054391869, 'BSAC': 0.29999999999999966, 'UNH': 0.028795549456081544, 'HON': 2.8357307821358364e-16, 'HD': 2.862293735361731e-16, 'VZ': 2.560885531410761e-16, 'PCG': 1.7851388769973826e-16}",[],[],5,100000.0,853,True,True,42,/mnt/primary/simulation/trained_models_meta,12,12,0.2,0.3,200,5,60,1.0,0.0001,0.3,True,True,0.3,0.7,0.3,0.5,0.5,0.1,3,100.0,0.5,"[[0.08, 0.6], [0.15, 0.35]]",meta,base,0.1451768429443134,15,128,32,1,0.6000000000000001,0.0,0.001415745628709,2.5137050405220336e-07,32.0,50,10,0.0046437191828983,10,0.8
2017-06-01,64314.44537214741,32539.91689035137,108466.38963450454,108466.38963450457,-95.20180563212813,-0.0008769381912074881,0,MPT_ONLY,32539.91689035136,31774.528481796053,True,False,"{'XOM': 0.30000000000000016, 'AGFS': 0.2999999999999997, 'PM': 0.0714226204074725, 'BSAC': 0.2999999999999998, 'UNH': 0.028577379592527773, 'HON': 6.591949208711871e-17, 'HD': 0.0, 'TSM': 0.0, 'PCG': 2.4286128663675312e-17}","[{'date': Timestamp('2017-05-24 00:00:00'), 'exit_date': Timestamp('2017-06-01 00:00:00'), 'ticker': 'BSAC', 'sector': 'Financial', 'allocated_amount': 9685.617535138115, 'prob_up': 0.9808349609375, 'expected_rise': 0.024583599953865626, 'actual_return': -0.006830052504220641, 'pnl': -66.15327630079344, 'exit_reason': 'scheduled'}, {'date': Timestamp('2017-05-24 00:00:00'), 'exit_date': Timestamp('2017-06-01 00:00:00'), 'ticker': 'XOM', 'sector': 'Basic Matierials', 'allocated_amount': 9685.617535138108, 'prob_up': 0.836962890625, 'expected_rise': 0.011169860351951907, 'actual_return': -0.019321958690947216, 'pnl': -187.14510191025252, 'exit_reason': 'scheduled'}, {'date': Timestamp('2017-05-24 00:00:00'), 'exit_date': Timestamp('2017-06-01 00:00:00'), 'ticker': 'PM', 'sector': 'Consumer Goods', 'allocated_amount': 956.1309878023148, 'prob_up': 0.80408935546875, 'expected_rise': 0.00974843975200844, 'actual_return': 0.02954953589372389, 'pnl': 28.25322694316618, 'exit_reason': 'scheduled'}, {'date': Timestamp('2017-05-24 00:00:00'), 'exit_date': Timestamp('2017-06-01 00:00:00'), 'ticker': 'UNH', 'sector': 'Healthcare', 'allocated_amount': 2272.408190577053, 'prob_up': 0.675, 'expected_rise': 0.009915920522908853, 'actual_return': 0.02272342440283448, 'pnl': 51.63689573095955, 'exit_reason': 'scheduled'}, {'date': Timestamp('2017-05-24 00:00:00'), 'exit_date': Timestamp('2017-06-01 00:00:00'), 'ticker': 'AGFS', 'sector': 'Conglomerates', 'allocated_amount': 9241.39549708295, 'prob_up': 0.6666666666666666, 'expected_rise': 0.03501287805226696, 'actual_return': 0.008462623413258097, 'pnl': 78.20644990479212, 'exit_reason': 'scheduled'}]","[{'ticker': 'BSAC', 'sector': 'Financial', 'expected_rise': 0.024627390944460138, 'prob_up': 0.9808349609375, 'investment_fraction': 0.19251959573751387, 'investment_amount': 9761.975067105403, 'predicted_prob': 0.9808349609375, 'allocated_amount': 9761.975067105403, 'exit_date': Timestamp('2017-06-08 00:00:00')}, {'ticker': 'XOM', 'sector': 'Basic Matierials', 'expected_rise': 0.011149839324411404, 'prob_up': 0.836962890625, 'investment_fraction': 0.1309511796936889, 'investment_amount': 9761.975067105413, 'predicted_prob': 0.836962890625, 'allocated_amount': 9761.975067105413, 'exit_date': Timestamp('2017-06-08 00:00:00')}, {'ticker': 'PM', 'sector': 'Consumer Goods', 'expected_rise': 0.009914912886740112, 'prob_up': 0.80408935546875, 'investment_fraction': 0.11738277802698345, 'investment_amount': 2324.0861321502684, 'predicted_prob': 0.80408935546875, 'allocated_amount': 2324.0861321502684, 'exit_date': Timestamp('2017-06-08 00:00:00')}, {'ticker': 'AGFS', 'sector': 'Conglomerates', 'expected_rise': 0.034327894672172635, 'prob_up': 0.6666666666666666, 'investment_fraction': 0.08500799098005984, 'investment_amount': 9761.975067105399, 'predicted_prob': 0.6666666666666666, 'allocated_amount': 9761.975067105399, 'exit_date': Timestamp('2017-06-08 00:00:00')}, {'ticker': 'UNH', 'sector': 'Healthcare', 'expected_rise': 0.009623875130537328, 'prob_up': 0.6666666666666666, 'investment_fraction': 0.08281236850587652, 'investment_amount': 929.9055568848768, 'predicted_prob': 0.6666666666666666, 'allocated_amount': 164.51714832957077, 'exit_date': Timestamp('2017-06-08 00:00:00')}]",5,100000.0,853,True,True,42,/mnt/primary/simulation/trained_models_meta,12,12,0.2,0.3,200,5,60,1.0,0.0001,0.3,True,True,0.3,0.7,0.3,0.5,0.5,0.1,3,100.0,0.5,"[[0.08, 0.6], [0.15, 0.35]]",meta,base,0.1451768429443134,15,128,32,1,0.6000000000000001,0.0,0.001415745628709,2.5137050405220336e-07,32.0,50,10,0.0046437191828983,10,0.8
2017-06-02,65268.40882524797,32644.614829723523,108745.97998508156,108745.97998508156,279.5903505770075,0.002577668082427431,0,MPT_ONLY,32623.793995524466,32623.793995524447,True,False,"{'XOM': 0.2270778053845141, 'AGFS': 0.2999999999999999, 'PM': 0.17292219461548564, 'BSAC': 0.29999999999999977, 'AMGN': 1.682681771697503e-16, 'HON': 1.4224732503009818e-16, 'HD': 7.37257477290143e-17, 'TSM': 2.2985086056692694e-17, 'PCG': 2.3462135012586316e-16}","[{'date': Timestamp('2017-05-25 00:00:00'), 'exit_date': Timestamp('2017-06-02 00:00:00'), 'ticker': 'BSAC', 'sector': 'Financial', 'allocated_amount': 9747.710938655342, 'prob_up': 0.9808349609375, 'expected_rise': 0.024599776788546496, 'actual_return': -0.0028180354267310914, 'pnl': -27.469394754664936, 'exit_reason': 'scheduled'}, {'date': Timestamp('2017-05-25 00:00:00'), 'exit_date': Timestamp('2017-06-02 00:00:00'), 'ticker': 'XOM', 'sector': 'Basic Matierials', 'allocated_amount': 9747.710938655342, 'prob_up': 0.836962890625, 'expected_rise': 0.011144937904322192, 'actual_return': -0.02752293577981646, 'pnl': -268.2856221648254, 'exit_reason': 'scheduled'}, {'date': Timestamp('2017-05-25 00:00:00'), 'exit_date': Timestamp('2017-06-02 00:00:00'), 'ticker': 'PM', 'sector': 'Consumer Goods', 'allocated_amount': 931.4248200756174, 'prob_up': 0.80408935546875, 'expected_rise': 0.009773235747792436, 'actual_return': 0.01933376248743479, 'pnl': 18.007946246243673, 'exit_reason': 'scheduled'}, {'date': Timestamp('2017-05-25 00:00:00'), 'exit_date': Timestamp('2017-06-02 00:00:00'), 'ticker': 'UNH', 'sector': 'Healthcare', 'allocated_amount': 2317.8121594761283, 'prob_up': 0.675, 'expected_rise': 0.009938688606274972, 'actual_return': 0.0075259532570746135, 'pnl': 17.44374597089651, 'exit_reason': 'scheduled'}, {'date': Timestamp('2017-05-25 00:00:00'), 'exit_date': Timestamp('2017-06-02 00:00:00'), 'ticker': 'AGFS', 'sector': 'Conglomerates', 'allocated_amount': 9704.242727457153, 'prob_up': 0.6666666666666666, 'expected_rise': 0.034839793606022705, 'actual_return': 0.05563480741797444, 'pnl': 539.8936752793577, 'exit_reason': 'scheduled'}]","[{'ticker': 'BSAC', 'sector': 'Financial', 'expected_rise': 0.024628171600544483, 'prob_up': 0.9808349609375, 'investment_fraction': 0.19252569835691466, 'investment_amount': 9787.138198657332, 'predicted_prob': 0.9808349609375, 'allocated_amount': 9787.138198657332, 'exit_date': Timestamp('2017-06-09 00:00:00')}, {'ticker': 'XOM', 'sector': 'Basic Matierials', 'expected_rise': 0.011149729107879517, 'prob_up': 0.836962890625, 'investment_fraction': 0.13094988523693016, 'investment_amount': 7408.139543820184, 'predicted_prob': 0.836962890625, 'allocated_amount': 7408.139543820184, 'exit_date': Timestamp('2017-06-09 00:00:00')}, {'ticker': 'PM', 'sector': 'Consumer Goods', 'expected_rise': 0.009934750594192923, 'prob_up': 0.80408935546875, 'investment_fraction': 0.1174461182557617, 'investment_amount': 5641.378054389594, 'predicted_prob': 0.80408935546875, 'allocated_amount': 5641.378054389594, 'exit_date': Timestamp('2017-06-09 00:00:00')}, {'ticker': 'AGFS', 'sector': 'Conglomerates', 'expected_rise': 0.03403752800260494, 'prob_up': 0.6666666666666666, 'investment_fraction': 0.0847459652226623, 'investment_amount': 9787.138198657336, 'predicted_prob': 0.6666666666666666, 'allocated_amount': 9787.138198657336, 'exit_date': Timestamp('2017-06-09 00:00:00')}]",5,100000.0,853,True,True,42,/mnt/primary/simulation/trained_models_meta,12,12,0.2,0.3,200,5,60,1.0,0.0001,0.3,True,True,0.3,0.7,0.3,0.5,0.5,0.1,3,100.0,0.5,"[[0.08, 0.6], [0.15, 0.35]]",meta,base,0.1451768429443134,15,128,32,1,0.6000000000000001,0.0,0.001415745628709,2.5137050405220336e-07,32.0,50,10,0.0046437191828983,10,0.8
2017-06-05,44282.278155243315,32604.180189769148,108680.60063256382,108680.60063256382,-65.37935251775002,-0.0006012116726219485,0,MPT_ONLY,32604.180189769144,11678.097965474164,True,False,"{'XOM': 0.3, 'AGFS': 0.3, 'PM': 0.07567905377442442, 'BSAC': 0.3, 'UNH': 0.024320946225575707, 'HON': 0.0, 'HD': 0.0, 'TSM': 0.0, 'PCG': 0.0}","[{'date': Timestamp('2017-05-26 00:00:00'), 'exit_date': Timestamp('2017-06-05 00:00:00'), 'ticker': 'BSAC', 'sector': 'Financial', 'allocated_amount': 9770.543229612302, 'prob_up': 0.9808349609375, 'expected_rise': 0.02464609707065723, 'actual_return': -0.0032232070910557242, 'pnl': -31.492484221152868, 'exit_reason': 'scheduled'}, {'date': Timestamp('2017-05-26 00:00:00'), 'exit_date': Timestamp('2017-06-05 00:00:00'), 'ticker': 'XOM', 'sector': 'Basic Matierials', 'allocated_amount': 1932.4994484252384, 'prob_up': 0.836962890625, 'expected_rise': 0.011144937904322192, 'actual_return': -0.017535253800052053, 'pnl': -33.88686829659716, 'exit_reason': 'scheduled'}]","[{'ticker': 'BSAC', 'sector': 'Financial', 'expected_rise': 0.02462912703424331, 'prob_up': 0.9808349609375, 'investment_fraction': 0.19253316726459824, 'investment_amount': 9781.254056930742, 'predicted_prob': 0.9808349609375, 'allocated_amount': 9781.254056930742, 'exit_date': Timestamp('2017-06-12 00:00:00')}, {'ticker': 'XOM', 'sector': 'Basic Matierials', 'expected_rise': 0.011146517167065596, 'prob_up': 0.836962890625, 'investment_fraction': 0.13091216205308406, 'investment_amount': 9781.254056930742, 'predicted_prob': 0.836962890625, 'allocated_amount': 1896.843908543422, 'exit_date': Timestamp('2017-06-12 00:00:00')}]",5,100000.0,853,True,True,42,/mnt/primary/simulation/trained_models_meta,12,12,0.2,0.3,200,5,60,1.0,0.0001,0.3,True,True,0.3,0.7,0.3,0.5,0.5,0.1,3,100.0,0.5,"[[0.08, 0.6], [0.15, 0.35]]",meta,base,0.1451768429443134,15,128,32,1,0.6000000000000001,0.0,0.001415745628709,2.5137050405220336e-07,32.0,50,10,0.0046437191828983,10,0.8
2017-06-06,32604.180189769148,32604.180189769148,108680.60063256382,108680.60063256382,0.0,0.0,0,MPT_ONLY,32604.180189769144,0.0,True,False,"{'XOM': 0.10000000000000094, 'AGFS': 0.29999999999999977, 'PM': 0.0, 'BSAC': 0.2999999999999999, 'AMGN': 1.288032180912779e-16, 'HON': 0.0, 'CHTR': 0.2999999999999993, 'TSM': 3.361026734705063e-18, 'PCG': 0.0}",[],[],5,100000.0,853,True,True,42,/mnt/primary/simulation/trained_models_meta,12,12,0.2,0.3,200,5,60,1.0,0.0001,0.3,True,True,0.3,0.7,0.3,0.5,0.5,0.1,3,100.0,0.5,"[[0.08, 0.6], [0.15, 0.35]]",meta,base,0.1451768429443134,15,128,32,1,0.6000000000000001,0.0,0.001415745628709,2.5137050405220336e-07,32.0,50,10,0.0046437191828983,10,0.8
2017-06-07,32604.180189769148,32604.180189769148,108680.60063256382,108680.60063256382,0.0,0.0,0,MPT_ONLY,32604.180189769144,0.0,True,False,"{'XOM': 0.10000000000000106, 'AGFS': 0.2999999999999997, 'PM': 1.717376241217038e-16, 'BSAC': 0.2999999999999997, 'AMGN': 0.0, 'HON': 1.4745149545802854e-17, 'CHTR': 0.2999999999999991, 'TSM': 2.0599841277224578e-17, 'PCG': 1.1557595158695472e-16}",[],[],5,100000.0,853,True,True,42,/mnt/primary/simulation/trained_models_meta,12,12,0.2,0.3,200,5,60,1.0,0.0001,0.3,True,True,0.3,0.7,0.3,0.5,0.5,0.1,3,100.0,0.5,"[[0.08, 0.6], [0.15, 0.35]]",meta,base,0.1451768429443134,15,128,32,1,0.6000000000000001,0.0,0.001415745628709,2.5137050405220336e-07,32.0,50,10,0.0046437191828983,10,0.8
2017-06-08,64217.04159701609,32555.680067404413,108518.9335580147,108518.93355801469,-161.6670745491085,-0.0014875430721595917,0,MPT_ONLY,32555.68006740441,31661.36152961168,True,False,"{'XOM': 0.09999999999999983, 'AGFS': 0.30000000000000004, 'PM': 0.0, 'BSAC': 0.30000000000000004, 'UNH': 0.0, 'HON': 0.0, 'CHTR': 0.30000000000000004, 'TSM': 0.0, 'PCG': 0.0}","[{'date': Timestamp('2017-06-01 00:00:00'), 'exit_date': Timestamp('2017-06-08 00:00:00'), 'ticker': 'BSAC', 'sector': 'Financial', 'allocated_amount': 9761.975067105403, 'prob_up': 0.9808349609375, 'expected_rise': 0.024627390944460138, 'actual_return': -0.016181189974967314, 'pnl': -157.9603730917268, 'exit_reason': 'scheduled'}, {'date': Timestamp('2017-06-01 00:00:00'), 'exit_date': Timestamp('2017-06-08 00:00:00'), 'ticker': 'XOM', 'sector': 'Basic Matierials', 'allocated_amount': 9761.975067105413, 'prob_up': 0.836962890625, 'expected_rise': 0.011149839324411404, 'actual_return': -0.0009912515857961601, 'pnl': -9.676573265770818, 'exit_reason': 'scheduled'}, {'date': Timestamp('2017-06-01 00:00:00'), 'exit_date': Timestamp('2017-06-08 00:00:00'), 'ticker': 'PM', 'sector': 'Consumer Goods', 'allocated_amount': 2324.0861321502684, 'prob_up': 0.80408935546875, 'expected_rise': 0.009914912886740112, 'actual_return': 0.0017369644046820731, 'pnl': 4.036854884960253, 'exit_reason': 'scheduled'}, {'date': Timestamp('2017-06-01 00:00:00'), 'exit_date': Timestamp('2017-06-08 00:00:00'), 'ticker': 'AGFS', 'sector': 'Conglomerates', 'allocated_amount': 9761.975067105399, 'prob_up': 0.6666666666666666, 'expected_rise': 0.034327894672172635, 'actual_return': 0.0, 'pnl': 0.0, 'exit_reason': 'scheduled'}, {'date': Timestamp('2017-06-01 00:00:00'), 'exit_date': Timestamp('2017-06-08 00:00:00'), 'ticker': 'UNH', 'sector': 'Healthcare', 'allocated_amount': 164.51714832957077, 'prob_up': 0.6666666666666666, 'expected_rise': 0.009623875130537328, 'actual_return': 0.011749637913468725, 'pnl': 1.9330169234288825, 'exit_reason': 'scheduled'}]","[{'ticker': 'BSAC', 'sector': 'Financial', 'expected_rise': 0.02463059475837892, 'prob_up': 0.9808349609375, 'investment_fraction': 0.19254464089807732, 'investment_amount': 9766.704020221325, 'predicted_prob': 0.9808349609375, 'allocated_amount': 9766.704020221325, 'exit_date': Timestamp('2017-06-15 00:00:00')}, {'ticker': 'XOM', 'sector': 'Basic Matierials', 'expected_rise': 0.011095967273382867, 'prob_up': 0.836962890625, 'investment_fraction': 0.130787586535511, 'investment_amount': 3255.568006740435, 'predicted_prob': 0.836962890625, 'allocated_amount': 3255.568006740435, 'exit_date': Timestamp('2017-06-15 00:00:00')}, {'ticker': 'CHTR', 'sector': 'Services', 'expected_rise': 0.013214085453927115, 'prob_up': 0.6923076923076923, 'investment_fraction': 0.08892393131238846, 'investment_amount': 9766.704020221325, 'predicted_prob': 0.6923076923076923, 'allocated_amount': 9766.704020221325, 'exit_date': Timestamp('2017-06-15 00:00:00')}, {'ticker': 'AGFS', 'sector': 'Conglomerates', 'expected_rise': 0.03379645159122112, 'prob_up': 0.6666666666666666, 'investment_fraction': 0.0845262501482889, 'investment_amount': 9766.704020221325, 'predicted_prob': 0.6666666666666666, 'allocated_amount': 8872.385482428595, 'exit_date': Timestamp('2017-06-15 00:00:00')}]",5,100000.0,853,True,True,42,/mnt/primary/simulation/trained_models_meta,12,12,0.2,0.3,200,5,60,1.0,0.0001,0.3,True,True,0.3,0.7,0.3,0.5,0.5,0.1,3,100.0,0.5,"[[0.08, 0.6], [0.15, 0.35]]",meta,base,0.1451768429443134,15,128,32,1,0.6000000000000001,0.0,0.001415745628709,2.5137050405220336e-07,32.0,50,10,0.0046437191828983,10,0.8
2017-06-09,64780.35000819762,32435.942850985033,108119.80950328347,108119.80950328347,-399.124054731254,-0.003677920908777166,0,MPT_ONLY,32435.94285098504,32344.407157212576,True,False,"{'XOM': 0.09999999999999988, 'AGFS': 0.2999999999999999, 'PM': 0.0, 'BSAC': 0.2999999999999999, 'UNH': 5.828670879282069e-16, 'HON': 0.0, 'CHTR': 0.2999999999999999, 'TSM': 0.0, 'PPL': 0.0}","[{'date': Timestamp('2017-06-02 00:00:00'), 'exit_date': Timestamp('2017-06-09 00:00:00'), 'ticker': 'BSAC', 'sector': 'Financial', 'allocated_amount': 9787.138198657332, 'prob_up': 0.9808349609375, 'expected_rise': 0.024628171600544483, 'actual_return': -0.013322527250706484, 'pnl': -130.38941535804267, 'exit_reason': 'scheduled'}, {'date': Timestamp('2017-06-02 00:00:00'), 'exit_date': Timestamp('2017-06-09 00:00:00'), 'ticker': 'XOM', 'sector': 'Basic Matierials', 'allocated_amount': 7408.139543820184, 'prob_up': 0.836962890625, 'expected_rise': 0.011149729107879517, 'actual_return': 0.033081723270440344, 'pnl': 245.07402233746552, 'exit_reason': 'scheduled'}, {'date': Timestamp('2017-06-02 00:00:00'), 'exit_date': Timestamp('2017-06-09 00:00:00'), 'ticker': 'PM', 'sector': 'Consumer Goods', 'allocated_amount': 5641.378054389594, 'prob_up': 0.80408935546875, 'expected_rise': 0.009934750594192923, 'actual_return': -0.01371211089816815, 'pnl': -77.35520150028219, 'exit_reason': 'scheduled'}, {'date': Timestamp('2017-06-02 00:00:00'), 'exit_date': Timestamp('2017-06-09 00:00:00'), 'ticker': 'AGFS', 'sector': 'Conglomerates', 'allocated_amount': 9787.138198657336, 'prob_up': 0.6666666666666666, 'expected_rise': 0.03403752800260494, 'actual_return': -0.04459459459459458, 'pnl': -436.4534602103946, 'exit_reason': 'scheduled'}]","[{'ticker': 'BSAC', 'sector': 'Financial', 'expected_rise': 0.02463094708800523, 'prob_up': 0.9808349609375, 'investment_fraction': 0.1925473951629272, 'investment_amount': 9730.782855295509, 'predicted_prob': 0.9808349609375, 'allocated_amount': 9730.782855295509, 'exit_date': Timestamp('2017-06-16 00:00:00')}, {'ticker': 'XOM', 'sector': 'Basic Matierials', 'expected_rise': 0.011102766216247171, 'prob_up': 0.836962890625, 'investment_fraction': 0.13086772531983748, 'investment_amount': 3243.5942850985, 'predicted_prob': 0.836962890625, 'allocated_amount': 3243.5942850985, 'exit_date': Timestamp('2017-06-16 00:00:00')}, {'ticker': 'CHTR', 'sector': 'Services', 'expected_rise': 0.013212598354308491, 'prob_up': 0.6923076923076923, 'investment_fraction': 0.0889139239043993, 'investment_amount': 9730.782855295509, 'predicted_prob': 0.6923076923076923, 'allocated_amount': 9730.782855295509, 'exit_date': Timestamp('2017-06-16 00:00:00')}, {'ticker': 'AGFS', 'sector': 'Conglomerates', 'expected_rise': 0.03379645159122112, 'prob_up': 0.6666666666666666, 'investment_fraction': 0.0845262501482889, 'investment_amount': 9730.782855295509, 'predicted_prob': 0.6666666666666666, 'allocated_amount': 9639.24716152306, 'exit_date': Timestamp('2017-06-16 00:00:00')}]",5,100000.0,853,True,True,42,/mnt/primary/simulation/trained_models_meta,12,12,0.2,0.3,200,5,60,1.0,0.0001,0.3,True,True,0.3,0.7,0.3,0.5,0.5,0.1,3,100.0,0.5,"[[0.08, 0.6], [0.15, 0.35]]",meta,base,0.1451768429443134,15,128,32,1,0.6000000000000001,0.0,0.001415745628709,2.5137050405220336e-07,32.0,50,10,0.0046437191828983,10,0.8
2017-06-12,44184.521214215754,32457.086970312004,108190.28990104001,108190.28990104003,70.48039775655577,0.0006518731218667639,0,MPT_ONLY,32457.086970312004,11727.43424390375,True,False,"{'XOM': 0.10000000000000028, 'AGFS': 0.29999999999999966, 'PM': 0.0, 'BSAC': 0.2999999999999996, 'UNH': 2.3955447001067216e-16, 'LMT': 1.2948084444908134e-16, 'CHTR': 0.29999999999999943, 'TSM': 3.2141173403332774e-16, 'PPL': 2.862293735361731e-16}","[{'date': Timestamp('2017-06-05 00:00:00'), 'exit_date': Timestamp('2017-06-12 00:00:00'), 'ticker': 'BSAC', 'sector': 'Financial', 'allocated_amount': 9781.254056930742, 'prob_up': 0.9808349609375, 'expected_rise': 0.02462912703424331, 'actual_return': 0.0004042037186742231, 'pnl': 3.9536192631087372, 'exit_reason': 'scheduled'}, {'date': Timestamp('2017-06-05 00:00:00'), 'exit_date': Timestamp('2017-06-12 00:00:00'), 'ticker': 'XOM', 'sector': 'Basic Matierials', 'allocated_amount': 1896.843908543422, 'prob_up': 0.836962890625, 'expected_rise': 0.011146517167065596, 'actual_return': 0.03507235265580322, 'pnl': 66.52677849344704, 'exit_reason': 'scheduled'}]","[{'ticker': 'BSAC', 'sector': 'Financial', 'expected_rise': 0.02463142345828182, 'prob_up': 0.9808349609375, 'investment_fraction': 0.1925511190902112, 'investment_amount': 9737.126091093589, 'predicted_prob': 0.9808349609375, 'allocated_amount': 9737.126091093589, 'exit_date': Timestamp('2017-06-19 00:00:00')}, {'ticker': 'XOM', 'sector': 'Basic Matierials', 'expected_rise': 0.011132538080283475, 'prob_up': 0.836962890625, 'investment_fraction': 0.1309441353138898, 'investment_amount': 3245.70869703121, 'predicted_prob': 0.836962890625, 'allocated_amount': 1990.3081528101611, 'exit_date': Timestamp('2017-06-19 00:00:00')}]",5,100000.0,853,True,True,42,/mnt/primary/simulation/trained_models_meta,12,12,0.2,0.3,200,5,60,1.0,0.0001,0.3,True,True,0.3,0.7,0.3,0.5,0.5,0.1,3,100.0,0.5,"[[0.08, 0.6], [0.15, 0.35]]",meta,base,0.1451768429443134,15,128,32,1,0.6000000000000001,0.0,0.001415745628709,2.5137050405220336e-07,32.0,50,10,0.0046437191828983,10,0.8
2017-06-13,32457.08697031201,32457.086970312004,108190.28990104003,108190.28990104003,0.0,0.0,0,MPT_ONLY,32457.086970312008,0.0,True,False,"{'XOM': 0.29999999999999993, 'AGFS': 0.29999999999999977, 'PM': 0.07436167967412889, 'BSAC': 0.3, 'UNH': 0.02563832032587117, 'HON': 4.85722573273506e-17, 'CHTR': 5.551115123125783e-17, 'MSFT': 1.6306400674181987e-16, 'PCG': 7.28583859910259e-17}",[],[],5,100000.0,853,True,True,42,/mnt/primary/simulation/trained_models_meta,12,12,0.2,0.3,200,5,60,1.0,0.0001,0.3,True,True,0.3,0.7,0.3,0.5,0.5,0.1,3,100.0,0.5,"[[0.08, 0.6], [0.15, 0.35]]",meta,base,0.1451768429443134,15,128,32,1,0.6000000000000001,0.0,0.001415745628709,2.5137050405220336e-07,32.0,50,10,0.0046437191828983,10,0.8
2017-06-14,32457.08697031201,32457.086970312004,108190.28990104003,108190.28990104003,0.0,0.0,0,MPT_ONLY,32457.086970312008,0.0,True,False,"{'XOM': 0.2999999999999995, 'AGFS': 0.3000000000000001, 'PM': 0.06096717257128445, 'BSAC': 0.3000000000000001, 'UNH': 0.039032827428715944, 'LMT': 3.0357660829594136e-17, 'DIS': 1.1275702593849252e-17, 'TSM': 0.0, 'PCG': 0.0}",[],[],5,100000.0,853,True,True,42,/mnt/primary/simulation/trained_models_meta,12,12,0.2,0.3,200,5,60,1.0,0.0001,0.3,True,True,0.3,0.7,0.3,0.5,0.5,0.1,3,100.0,0.5,"[[0.08, 0.6], [0.15, 0.35]]",meta,base,0.1451768429443134,15,128,32,1,0.6000000000000001,0.0,0.001415745628709,2.5137050405220336e-07,32.0,50,10,0.0046437191828983,10,0.8
2017-06-15,64488.29659256198,32568.041398103494,108560.1379936783,108560.1379936783,369.8480926382981,0.0034184961790615365,0,MPT_ONLY,32568.04139810349,31920.25519445848,True,False,"{'XOM': 0.30000000000000027, 'AGFS': 0.30000000000000027, 'PM': 0.04397265817934532, 'BSAC': 0.3000000000000002, 'UNH': 0.05602734182065396, 'HON': 0.0, 'BABA': 5.98479599211999e-17, 'TSM': 0.0, 'PPL': 0.0}","[{'date': Timestamp('2017-06-08 00:00:00'), 'exit_date': Timestamp('2017-06-15 00:00:00'), 'ticker': 'BSAC', 'sector': 'Financial', 'allocated_amount': 9766.704020221325, 'prob_up': 0.9808349609375, 'expected_rise': 0.02463059475837892, 'actual_return': 0.03988490953947377, 'pnl': 389.5441063453423, 'exit_reason': 'scheduled'}, {'date': Timestamp('2017-06-08 00:00:00'), 'exit_date': Timestamp('2017-06-15 00:00:00'), 'ticker': 'XOM', 'sector': 'Basic Matierials', 'allocated_amount': 3255.568006740435, 'prob_up': 0.836962890625, 'expected_rise': 0.011095967273382867, 'actual_return': 0.020342333651364397, 'pnl': 66.22585061782127, 'exit_reason': 'scheduled'}, {'date': Timestamp('2017-06-08 00:00:00'), 'exit_date': Timestamp('2017-06-15 00:00:00'), 'ticker': 'CHTR', 'sector': 'Services', 'allocated_amount': 9766.704020221325, 'prob_up': 0.6923076923076923, 'expected_rise': 0.013214085453927115, 'actual_return': 0.0026373802588572914, 'pnl': 25.758512377033867, 'exit_reason': 'scheduled'}, {'date': Timestamp('2017-06-08 00:00:00'), 'exit_date': Timestamp('2017-06-15 00:00:00'), 'ticker': 'AGFS', 'sector': 'Conglomerates', 'allocated_amount': 8872.385482428595, 'prob_up': 0.6666666666666666, 'expected_rise': 0.03379645159122112, 'actual_return': -0.012587412587412694, 'pnl': -111.68037670189935, 'exit_reason': 'scheduled'}]","[{'ticker': 'BSAC', 'sector': 'Financial', 'expected_rise': 0.024658783257573005, 'prob_up': 0.9808349609375, 'investment_fraction': 0.19255505716028706, 'investment_amount': 9770.412419431053, 'predicted_prob': 0.9808349609375, 'allocated_amount': 9770.412419431053, 'exit_date': Timestamp('2017-06-22 00:00:00')}, {'ticker': 'XOM', 'sector': 'Basic Matierials', 'expected_rise': 0.011169151193184266, 'prob_up': 0.836962890625, 'investment_fraction': 0.13103766627889754, 'investment_amount': 9770.412419431055, 'predicted_prob': 0.836962890625, 'allocated_amount': 9770.412419431055, 'exit_date': Timestamp('2017-06-22 00:00:00')}, {'ticker': 'PM', 'sector': 'Consumer Goods', 'expected_rise': 0.009917664247506813, 'prob_up': 0.80408935546875, 'investment_fraction': 0.11734725981241244, 'investment_amount': 1432.1033519695725, 'predicted_prob': 0.80408935546875, 'allocated_amount': 1432.1033519695725, 'exit_date': Timestamp('2017-06-22 00:00:00')}, {'ticker': 'UNH', 'sector': 'Healthcare', 'expected_rise': 0.009921499050686048, 'prob_up': 0.675, 'investment_fraction': 0.08574451358005193, 'investment_amount': 1824.7007878407533, 'predicted_prob': 0.675, 'allocated_amount': 1824.7007878407533, 'exit_date': Timestamp('2017-06-22 00:00:00')}, {'ticker': 'AGFS', 'sector': 'Conglomerates', 'expected_rise': 0.03390467641434776, 'prob_up': 0.6666666666666666, 'investment_fraction': 0.08479692467301425, 'investment_amount': 9770.412419431055, 'predicted_prob': 0.6666666666666666, 'allocated_amount': 9122.626215786047, 'exit_date': Timestamp('2017-06-22 00:00:00')}]",5,100000.0,853,True,True,42,/mnt/primary/simulation/trained_models_meta,12,12,0.2,0.3,200,5,60,1.0,0.0001,0.3,True,True,0.3,0.7,0.3,0.5,0.5,0.1,3,100.0,0.5,"[[0.08, 0.6], [0.15, 0.35]]",meta,base,0.1451768429443134,15,128,32,1,0.6000000000000001,0.0,0.001415745628709,2.5137050405220336e-07,32.0,50,10,0.0046437191828983,10,0.8
2017-06-16,65601.06225216735,32826.436745008505,109248.75169052958,109248.7516905296,688.6136968512822,0.006343154214591751,0,MPT_ONLY,32774.625507158875,32774.625507158846,True,False,"{'XOM': 0.29999999999999993, 'AGFS': 0.2999999999999994, 'PM': 0.043690589550641985, 'BSAC': 0.29999999999999977, 'UNH': 0.05630941044935823, 'DHR': 9.389190813724468e-17, 'CHTR': 3.937822290467352e-16, 'TSM': 5.095750210681871e-17, 'PPL': 1.7650811368064012e-16}","[{'date': Timestamp('2017-06-09 00:00:00'), 'exit_date': Timestamp('2017-06-16 00:00:00'), 'ticker': 'BSAC', 'sector': 'Financial', 'allocated_amount': 9730.782855295509, 'prob_up': 0.9808349609375, 'expected_rise': 0.02463094708800523, 'actual_return': 0.03887062034080935, 'pnl': 378.2415659870485, 'exit_reason': 'scheduled'}, {'date': Timestamp('2017-06-09 00:00:00'), 'exit_date': Timestamp('2017-06-16 00:00:00'), 'ticker': 'XOM', 'sector': 'Basic Matierials', 'allocated_amount': 3243.5942850985, 'prob_up': 0.836962890625, 'expected_rise': 0.011102766216247171, 'actual_return': 0.016559126381071154, 'pnl': 53.711087695866205, 'exit_reason': 'scheduled'}, {'date': Timestamp('2017-06-09 00:00:00'), 'exit_date': Timestamp('2017-06-16 00:00:00'), 'ticker': 'CHTR', 'sector': 'Services', 'allocated_amount': 9730.782855295509, 'prob_up': 0.6923076923076923, 'expected_rise': 0.013212598354308491, 'actual_return': 0.022172831056036957, 'pnl': 215.75900429344824, 'exit_reason': 'scheduled'}, {'date': Timestamp('2017-06-09 00:00:00'), 'exit_date': Timestamp('2017-06-16 00:00:00'), 'ticker': 'AGFS', 'sector': 'Conglomerates', 'allocated_amount': 9639.24716152306, 'prob_up': 0.6666666666666666, 'expected_rise': 0.03379645159122112, 'actual_return': 0.004243281471004057, 'pnl': 40.90203887491925, 'exit_reason': 'scheduled'}]","[{'ticker': 'BSAC', 'sector': 'Financial', 'expected_rise': 0.024690101339468046, 'prob_up': 0.9808349609375, 'investment_fraction': 0.1925595544550348, 'investment_amount': 9832.387652147654, 'predicted_prob': 0.9808349609375, 'allocated_amount': 9832.387652147654, 'exit_date': Timestamp('2017-06-23 00:00:00')}, {'ticker': 'XOM', 'sector': 'Basic Matierials', 'expected_rise': 0.011175185926381486, 'prob_up': 0.836962890625, 'investment_fraction': 0.1310530364004499, 'investment_amount': 9832.38765214766, 'predicted_prob': 0.836962890625, 'allocated_amount': 9832.38765214766, 'exit_date': Timestamp('2017-06-23 00:00:00')}, {'ticker': 'PM', 'sector': 'Consumer Goods', 'expected_rise': 0.009924911881236141, 'prob_up': 0.80408935546875, 'investment_fraction': 0.11743301487903253, 'investment_amount': 1431.9427107092797, 'predicted_prob': 0.80408935546875, 'allocated_amount': 1431.9427107092797, 'exit_date': Timestamp('2017-06-23 00:00:00')}, {'ticker': 'UNH', 'sector': 'Healthcare', 'expected_rise': 0.009930126509582355, 'prob_up': 0.675, 'investment_fraction': 0.085819074617927, 'investment_amount': 1845.5198400066147, 'predicted_prob': 0.675, 'allocated_amount': 1845.5198400066147, 'exit_date': Timestamp('2017-06-23 00:00:00')}, {'ticker': 'AGFS', 'sector': 'Conglomerates', 'expected_rise': 0.034000341146418867, 'prob_up': 0.6666666666666666, 'investment_fraction': 0.08503618591769213, 'investment_amount': 9832.387652147641, 'predicted_prob': 0.6666666666666666, 'allocated_amount': 9832.387652147641, 'exit_date': Timestamp('2017-06-23 00:00:00')}]",5,100000.0,853,True,True,42,/mnt/primary/simulation/trained_models_meta,12,12,0.2,0.3,200,5,60,1.0,0.0001,0.3,True,True,0.3,0.7,0.3,0.5,0.5,0.1,3,100.0,0.5,"[[0.08, 0.6], [0.15, 0.35]]",meta,base,0.1451768429443134,15,128,32,1,0.6000000000000001,0.0,0.001415745628709,2.5137050405220336e-07,32.0,50,10,0.0046437191828983,10,0.8
2017-06-19,44852.72387292068,32864.28137236141,109547.60457453801,109547.60457453801,298.85288400843615,0.00273552676240163,0,MPT_ONLY,32864.2813723614,11988.442500559275,True,False,"{'XOM': 0.30000000000000004, 'AGFS': 0.30000000000000004, 'PM': 0.04637848305050495, 'BSAC': 0.29999999999999977, 'UNH': 0.053621516949494755, 'HON': 6.288372600415927e-17, 'DIS': 5.811323644522305e-17, 'FB': 0.0, 'SRE': 3.1615335349677314e-16}","[{'date': Timestamp('2017-06-12 00:00:00'), 'exit_date': Timestamp('2017-06-19 00:00:00'), 'ticker': 'BSAC', 'sector': 'Financial', 'allocated_amount': 9737.126091093589, 'prob_up': 0.9808349609375, 'expected_rise': 0.02463142345828182, 'actual_return': 0.03111111111111109, 'pnl': 302.9328117229114, 'exit_reason': 'scheduled'}, {'date': Timestamp('2017-06-12 00:00:00'), 'exit_date': Timestamp('2017-06-19 00:00:00'), 'ticker': 'XOM', 'sector': 'Basic Matierials', 'allocated_amount': 1990.3081528101611, 'prob_up': 0.836962890625, 'expected_rise': 0.011132538080283475, 'actual_return': -0.0020498975039190404, 'pnl': -4.079927714475265, 'exit_reason': 'scheduled'}]","[{'ticker': 'BSAC', 'sector': 'Financial', 'expected_rise': 0.02471905896049179, 'prob_up': 0.9808349609375, 'investment_fraction': 0.19256370283268248, 'investment_amount': 9859.284411708413, 'predicted_prob': 0.9808349609375, 'allocated_amount': 9859.284411708413, 'exit_date': Timestamp('2017-06-26 00:00:00')}, {'ticker': 'XOM', 'sector': 'Basic Matierials', 'expected_rise': 0.01117428076097789, 'prob_up': 0.836962890625, 'investment_fraction': 0.131050731824286, 'investment_amount': 9859.284411708422, 'predicted_prob': 0.836962890625, 'allocated_amount': 2129.1580888508615, 'exit_date': Timestamp('2017-06-26 00:00:00')}]",5,100000.0,853,True,True,42,/mnt/primary/simulation/trained_models_meta,12,12,0.2,0.3,200,5,60,1.0,0.0001,0.3,True,True,0.3,0.7,0.3,0.5,0.5,0.1,3,100.0,0.5,"[[0.08, 0.6], [0.15, 0.35]]",meta,base,0.1451768429443134,15,128,32,1,0.6000000000000001,0.0,0.001415745628709,2.5137050405220336e-07,32.0,50,10,0.0046437191828983,10,0.8
2017-06-20,32864.28137236141,32864.28137236141,109547.60457453801,109547.60457453801,0.0,0.0,0,MPT_ONLY,32864.2813723614,0.0,True,False,"{'XOM': 0.10000000000000028, 'AGFS': 0.29999999999999954, 'PM': 0.0, 'BSAC': 0.2999999999999996, 'UNH': 0.0, 'DHR': 3.410900034639397e-16, 'CHTR': 0.2999999999999999, 'MSFT': 2.3109769306528527e-16, 'PCG': 2.727852665973529e-16}",[],[],5,100000.0,853,True,True,42,/mnt/primary/simulation/trained_models_meta,12,12,0.2,0.3,200,5,60,1.0,0.0001,0.3,True,True,0.3,0.7,0.3,0.5,0.5,0.1,3,100.0,0.5,"[[0.08, 0.6], [0.15, 0.35]]",meta,base,0.1451768429443134,15,128,32,1,0.6000000000000001,0.0,0.001415745628709,2.5137050405220336e-07,32.0,50,10,0.0046437191828983,10,0.8
2017-06-21,32864.28137236141,32864.28137236141,109547.60457453801,109547.60457453801,0.0,0.0,0,MPT_ONLY,32864.2813723614,0.0,True,False,"{'XOM': 0.09999999999999963, 'AGFS': 0.3000000000000001, 'PM': 0.0, 'BSAC': 0.3000000000000001, 'UNH': 0.0, 'GE': 0.0, 'CHTR': 0.3000000000000001, 'MSFT': 0.0, 'PCG': 0.0}",[],[],5,100000.0,853,True,True,42,/mnt/primary/simulation/trained_models_meta,12,12,0.2,0.3,200,5,60,1.0,0.0001,0.3,True,True,0.3,0.7,0.3,0.5,0.5,0.1,3,100.0,0.5,"[[0.08, 0.6], [0.15, 0.35]]",meta,base,0.1451768429443134,15,128,32,1,0.6000000000000001,0.0,0.001415745628709,2.5137050405220336e-07,32.0,50,10,0.0046437191828983,10,0.8
2017-06-22,64636.17115140268,32819.77174773624,109399.2391591208,109399.2391591208,-148.3654154172129,-0.0013543465052789916,0,MPT_ONLY,32819.77174773624,31816.399403666444,True,False,"{'XOM': 0.09999999999999933, 'AGFS': 0.30000000000000016, 'PM': 2.76119188277746e-16, 'BSAC': 0.2999999999999997, 'UNH': 3.380542373809805e-16, 'DHR': 0.0, 'CHTR': 0.3000000000000001, 'MSFT': 0.0, 'PCG': 8.220962972871342e-17}","[{'date': Timestamp('2017-06-15 00:00:00'), 'exit_date': Timestamp('2017-06-22 00:00:00'), 'ticker': 'BSAC', 'sector': 'Financial', 'allocated_amount': 9770.412419431053, 'prob_up': 0.9808349609375, 'expected_rise': 0.024658783257573005, 'actual_return': -0.0035587187204935145, 'pnl': -34.77014958397162, 'exit_reason': 'scheduled'}, {'date': Timestamp('2017-06-15 00:00:00'), 'exit_date': Timestamp('2017-06-22 00:00:00'), 'ticker': 'XOM', 'sector': 'Basic Matierials', 'allocated_amount': 9770.412419431055, 'prob_up': 0.836962890625, 'expected_rise': 0.011169151193184266, 'actual_return': -0.014344760166672632, 'pnl': -140.15422288621818, 'exit_reason': 'scheduled'}, {'date': Timestamp('2017-06-15 00:00:00'), 'exit_date': Timestamp('2017-06-22 00:00:00'), 'ticker': 'PM', 'sector': 'Consumer Goods', 'allocated_amount': 1432.1033519695725, 'prob_up': 0.80408935546875, 'expected_rise': 0.009917664247506813, 'actual_return': -0.006638478024421635, 'pnl': -9.506986630750568, 'exit_reason': 'scheduled'}, {'date': Timestamp('2017-06-15 00:00:00'), 'exit_date': Timestamp('2017-06-22 00:00:00'), 'ticker': 'UNH', 'sector': 'Healthcare', 'allocated_amount': 1824.7007878407533, 'prob_up': 0.675, 'expected_rise': 0.009921499050686048, 'actual_return': 0.03392834477413387, 'pnl': 61.90907743949477, 'exit_reason': 'scheduled'}, {'date': Timestamp('2017-06-15 00:00:00'), 'exit_date': Timestamp('2017-06-22 00:00:00'), 'ticker': 'AGFS', 'sector': 'Conglomerates', 'allocated_amount': 9122.626215786047, 'prob_up': 0.6666666666666666, 'expected_rise': 0.03390467641434776, 'actual_return': -0.0028328611898016387, 'pnl': -25.843133755767283, 'exit_reason': 'scheduled'}]","[{'ticker': 'XOM', 'sector': 'Basic Matierials', 'expected_rise': 0.011189035597907643, 'prob_up': 0.836962890625, 'investment_fraction': 0.13122377492378864, 'investment_amount': 3281.9771747736017, 'predicted_prob': 0.836962890625, 'allocated_amount': 3281.9771747736017, 'exit_date': Timestamp('2017-06-29 00:00:00')}, {'ticker': 'BSAC', 'sector': 'Financial', 'expected_rise': 0.013247579449807015, 'prob_up': 0.75, 'investment_fraction': 0.10315118484348354, 'investment_amount': 9845.931524320862, 'predicted_prob': 0.75, 'allocated_amount': 9845.931524320862, 'exit_date': Timestamp('2017-06-29 00:00:00')}, {'ticker': 'CHTR', 'sector': 'Services', 'expected_rise': 0.013136029955920055, 'prob_up': 0.6923076923076923, 'investment_fraction': 0.08875460581310347, 'investment_amount': 9845.931524320875, 'predicted_prob': 0.6923076923076923, 'allocated_amount': 9845.931524320875, 'exit_date': Timestamp('2017-06-29 00:00:00')}, {'ticker': 'AGFS', 'sector': 'Conglomerates', 'expected_rise': 0.03355996378644152, 'prob_up': 0.6666666666666666, 'investment_fraction': 0.08478981493477944, 'investment_amount': 9845.931524320877, 'predicted_prob': 0.6666666666666666, 'allocated_amount': 8842.559180251104, 'exit_date': Timestamp('2017-06-29 00:00:00')}]",5,100000.0,853,True,True,42,/mnt/primary/simulation/trained_models_meta,12,12,0.2,0.3,200,5,60,1.0,0.0001,0.3,True,True,0.3,0.7,0.3,0.5,0.5,0.1,3,100.0,0.5,"[[0.08, 0.6], [0.15, 0.35]]",meta,base,0.1451768429443134,15,128,32,1,0.6000000000000001,0.0,0.001415745628709,2.5137050405220336e-07,32.0,50,10,0.0046437191828983,10,0.8
2017-06-23,65205.30886461573,32703.04523065243,109010.15076884144,109010.15076884144,-389.0883902793631,-0.003556591373669704,0,MPT_ONLY,32703.04523065243,32502.263633963295,True,False,"{'XOM': 0.09999999999999994, 'AGFS': 0.29999999999999977, 'PM': 0.0, 'BSAC': 0.30000000000000016, 'UNH': 0.0, 'GE': 0.0, 'CHTR': 0.30000000000000016, 'MSFT': 0.0, 'PPL': 0.0}","[{'date': Timestamp('2017-06-16 00:00:00'), 'exit_date': Timestamp('2017-06-23 00:00:00'), 'ticker': 'BSAC', 'sector': 'Financial', 'allocated_amount': 9832.387652147654, 'prob_up': 0.9808349609375, 'expected_rise': 0.024690101339468046, 'actual_return': -0.011027885428431805, 'pnl': -108.43044451581193, 'exit_reason': 'scheduled'}, {'date': Timestamp('2017-06-16 00:00:00'), 'exit_date': Timestamp('2017-06-23 00:00:00'), 'ticker': 'XOM', 'sector': 'Basic Matierials', 'allocated_amount': 9832.38765214766, 'prob_up': 0.836962890625, 'expected_rise': 0.011175185926381486, 'actual_return': -0.02251763139340357, 'pnl': -221.40208086811376, 'exit_reason': 'scheduled'}, {'date': Timestamp('2017-06-16 00:00:00'), 'exit_date': Timestamp('2017-06-23 00:00:00'), 'ticker': 'PM', 'sector': 'Consumer Goods', 'allocated_amount': 1431.9427107092797, 'prob_up': 0.80408935546875, 'expected_rise': 0.009924911881236141, 'actual_return': -0.018713050515858587, 'pnl': -26.79601628131823, 'exit_reason': 'scheduled'}, {'date': Timestamp('2017-06-16 00:00:00'), 'exit_date': Timestamp('2017-06-23 00:00:00'), 'ticker': 'UNH', 'sector': 'Healthcare', 'allocated_amount': 1845.5198400066147, 'prob_up': 0.675, 'expected_rise': 0.009930126509582355, 'actual_return': 0.019930600123035713, 'pnl': 36.78231795030069, 'exit_reason': 'scheduled'}, {'date': Timestamp('2017-06-16 00:00:00'), 'exit_date': Timestamp('2017-06-23 00:00:00'), 'ticker': 'AGFS', 'sector': 'Conglomerates', 'allocated_amount': 9832.387652147641, 'prob_up': 0.6666666666666666, 'expected_rise': 0.034000341146418867, 'actual_return': -0.007042253521126751, 'pnl': -69.24216656441992, 'exit_reason': 'scheduled'}]","[{'ticker': 'XOM', 'sector': 'Basic Matierials', 'expected_rise': 0.011190741023631694, 'prob_up': 0.836962890625, 'investment_fraction': 0.13124377596850814, 'investment_amount': 3270.304523065241, 'predicted_prob': 0.836962890625, 'allocated_amount': 3270.304523065241, 'exit_date': Timestamp('2017-06-30 00:00:00')}, {'ticker': 'BSAC', 'sector': 'Financial', 'expected_rise': 0.013259258392563946, 'prob_up': 0.75, 'investment_fraction': 0.10324212196808512, 'investment_amount': 9810.913569195734, 'predicted_prob': 0.75, 'allocated_amount': 9810.913569195734, 'exit_date': Timestamp('2017-06-30 00:00:00')}, {'ticker': 'CHTR', 'sector': 'Services', 'expected_rise': 0.013144917063411907, 'prob_up': 0.6923076923076923, 'investment_fraction': 0.08881465224455232, 'investment_amount': 9810.913569195734, 'predicted_prob': 0.6923076923076923, 'allocated_amount': 9810.913569195734, 'exit_date': Timestamp('2017-06-30 00:00:00')}, {'ticker': 'AGFS', 'sector': 'Conglomerates', 'expected_rise': 0.033673437862708794, 'prob_up': 0.6666666666666666, 'investment_fraction': 0.08507650910369523, 'investment_amount': 9810.913569195722, 'predicted_prob': 0.6666666666666666, 'allocated_amount': 9610.131972506584, 'exit_date': Timestamp('2017-06-30 00:00:00')}]",5,100000.0,853,True,True,42,/mnt/primary/simulation/trained_models_meta,12,12,0.2,0.3,200,5,60,1.0,0.0001,0.3,True,True,0.3,0.7,0.3,0.5,0.5,0.1,3,100.0,0.5,"[[0.08, 0.6], [0.15, 0.35]]",meta,base,0.1451768429443134,15,128,32,1,0.6000000000000001,0.0,0.001415745628709,2.5137050405220336e-07,32.0,50,10,0.0046437191828983,10,0.8
2017-06-26,44559.66258737745,32663.497687502153,108878.32562500719,108878.32562500717,-131.82514383426977,-0.001209292372357118,0,MPT_ONLY,32663.497687502153,11896.164899875283,True,False,"{'XOM': 0.09999999999999996, 'AGFS': 0.29999999999999993, 'PM': 1.2182095610047126e-15, 'BSAC': 0.29999999999999943, 'UNH': 3.3393426912553527e-16, 'GE': 0.0, 'CHTR': 0.29999999999999916, 'TSM': 0.0, 'PPL': 0.0}","[{'date': Timestamp('2017-06-19 00:00:00'), 'exit_date': Timestamp('2017-06-26 00:00:00'), 'ticker': 'BSAC', 'sector': 'Financial', 'allocated_amount': 9859.284411708413, 'prob_up': 0.9808349609375, 'expected_rise': 0.02471905896049179, 'actual_return': -0.009404349529780642, 'pnl': -92.72015672122363, 'exit_reason': 'scheduled'}, {'date': Timestamp('2017-06-19 00:00:00'), 'exit_date': Timestamp('2017-06-26 00:00:00'), 'ticker': 'XOM', 'sector': 'Basic Matierials', 'allocated_amount': 2129.1580888508615, 'prob_up': 0.836962890625, 'expected_rise': 0.01117428076097789, 'actual_return': -0.01836640844933768, 'pnl': -39.10498711304613, 'exit_reason': 'scheduled'}]","[{'ticker': 'XOM', 'sector': 'Basic Matierials', 'expected_rise': 0.011189396467274583, 'prob_up': 0.836962890625, 'investment_fraction': 0.1312280071599067, 'investment_amount': 3266.349768750214, 'predicted_prob': 0.836962890625, 'allocated_amount': 3266.349768750214, 'exit_date': Timestamp('2017-07-03 00:00:00')}, {'ticker': 'BSAC', 'sector': 'Financial', 'expected_rise': 0.013266640404497015, 'prob_up': 0.75, 'investment_fraction': 0.10329960139519932, 'investment_amount': 9799.049306250627, 'predicted_prob': 0.75, 'allocated_amount': 8629.81513112507, 'exit_date': Timestamp('2017-07-03 00:00:00')}]",5,100000.0,853,True,True,42,/mnt/primary/simulation/trained_models_meta,12,12,0.2,0.3,200,5,60,1.0,0.0001,0.3,True,True,0.3,0.7,0.3,0.5,0.5,0.1,3,100.0,0.5,"[[0.08, 0.6], [0.15, 0.35]]",meta,base,0.1451768429443134,15,128,32,1,0.6000000000000001,0.0,0.001415745628709,2.5137050405220336e-07,32.0,50,10,0.0046437191828983,10,0.8
2017-06-27,32663.497687502153,32663.497687502153,108878.32562500717,108878.32562500717,0.0,0.0,0,MPT_ONLY,32663.49768750215,0.0,True,False,"{'XOM': 0.2578780656877206, 'AGFS': 0.2999999999999998, 'PM': 2.168404344971008e-16, 'BSAC': 0.1421219343122794, 'UNH': 0.0, 'DHR': 0.0, 'CHTR': 0.2999999999999999, 'VZ': 0.0, 'PPL': 6.234162491791648e-17}",[],[],5,100000.0,853,True,True,42,/mnt/primary/simulation/trained_models_meta,12,12,0.2,0.3,200,5,60,1.0,0.0001,0.3,True,True,0.3,0.7,0.3,0.5,0.5,0.1,3,100.0,0.5,"[[0.08, 0.6], [0.15, 0.35]]",meta,base,0.1451768429443134,15,128,32,1,0.6000000000000001,0.0,0.001415745628709,2.5137050405220336e-07,32.0,50,10,0.0046437191828983,10,0.8
2017-06-28,32663.497687502153,32663.497687502153,108878.32562500717,108878.32562500717,0.0,0.0,0,MPT_ONLY,32663.49768750215,0.0,True,False,"{'XOM': 0.2567350542783631, 'AGFS': 0.29999999999999977, 'PM': 2.0816681711721676e-17, 'BSAC': 0.14326494572163737, 'UNH': 0.0, 'LMT': 0.0, 'CHTR': 0.2999999999999998, 'VZ': 0.0, 'PPL': 0.0}",[],[],5,100000.0,853,True,True,42,/mnt/primary/simulation/trained_models_meta,12,12,0.2,0.3,200,5,60,1.0,0.0001,0.3,True,True,0.3,0.7,0.3,0.5,0.5,0.1,3,100.0,0.5,"[[0.08, 0.6], [0.15, 0.35]]",meta,base,0.1451768429443134,15,128,32,1,0.6000000000000001,0.0,0.001415745628709,2.5137050405220336e-07,32.0,50,10,0.0046437191828983,10,0.8
2017-06-29,64862.810367263606,32778.37167033066,109261.23890110219,109261.23890110219,382.91327609500956,0.003516891666885291,0,MPT_ONLY,32778.371670330656,32084.438696932946,True,False,"{'XOM': 0.25732499373273104, 'AGFS': 0.29999999999999993, 'PM': 0.0, 'BSAC': 0.14267500626726917, 'UNH': 0.0, 'LMT': 0.0, 'CHTR': 0.3, 'VZ': 0.0, 'PPL': 0.0}","[{'date': Timestamp('2017-06-22 00:00:00'), 'exit_date': Timestamp('2017-06-29 00:00:00'), 'ticker': 'XOM', 'sector': 'Basic Matierials', 'allocated_amount': 3281.9771747736017, 'prob_up': 0.836962890625, 'expected_rise': 0.011189035597907643, 'actual_return': -0.004686790708268607, 'pnl': -15.38194012747857, 'exit_reason': 'scheduled'}, {'date': Timestamp('2017-06-22 00:00:00'), 'exit_date': Timestamp('2017-06-29 00:00:00'), 'ticker': 'BSAC', 'sector': 'Financial', 'allocated_amount': 9845.931524320862, 'prob_up': 0.75, 'expected_rise': 0.013247579449807015, 'actual_return': 0.001190436460696942, 'pnl': 11.720955876076975, 'exit_reason': 'scheduled'}, {'date': Timestamp('2017-06-22 00:00:00'), 'exit_date': Timestamp('2017-06-29 00:00:00'), 'ticker': 'CHTR', 'sector': 'Services', 'allocated_amount': 9845.931524320875, 'prob_up': 0.6923076923076923, 'expected_rise': 0.013136029955920055, 'actual_return': 0.004818438858850804, 'pnl': 47.442019058371834, 'exit_reason': 'scheduled'}, {'date': Timestamp('2017-06-22 00:00:00'), 'exit_date': Timestamp('2017-06-29 00:00:00'), 'ticker': 'AGFS', 'sector': 'Conglomerates', 'allocated_amount': 8842.559180251104, 'prob_up': 0.6666666666666666, 'expected_rise': 0.03355996378644152, 'actual_return': 0.03835227272727271, 'pnl': 339.1322412880393, 'exit_reason': 'scheduled'}]","[{'ticker': 'XOM', 'sector': 'Basic Matierials', 'expected_rise': 0.011162124556575958, 'prob_up': 0.836962890625, 'investment_fraction': 0.13117543135078405, 'investment_amount': 8434.694284636966, 'predicted_prob': 0.836962890625, 'allocated_amount': 8434.694284636966, 'exit_date': Timestamp('2017-07-07 00:00:00')}, {'ticker': 'BSAC', 'sector': 'Financial', 'expected_rise': 0.010564106531499213, 'prob_up': 0.6956521739130435, 'investment_fraction': 0.08238280213716902, 'investment_amount': 4676.6543834953045, 'predicted_prob': 0.6956521739130435, 'allocated_amount': 4676.6543834953045, 'exit_date': Timestamp('2017-07-07 00:00:00')}, {'ticker': 'CHTR', 'sector': 'Services', 'expected_rise': 0.01313856736201835, 'prob_up': 0.6923076923076923, 'investment_fraction': 0.08883388204965496, 'investment_amount': 9833.511501099196, 'predicted_prob': 0.6923076923076923, 'allocated_amount': 9833.511501099196, 'exit_date': Timestamp('2017-07-07 00:00:00')}, {'ticker': 'AGFS', 'sector': 'Conglomerates', 'expected_rise': 0.03355466782396614, 'prob_up': 0.6666666666666666, 'investment_fraction': 0.08519557672179832, 'investment_amount': 9833.511501099194, 'predicted_prob': 0.6666666666666666, 'allocated_amount': 9139.57852770148, 'exit_date': Timestamp('2017-07-07 00:00:00')}]",5,100000.0,853,True,True,42,/mnt/primary/simulation/trained_models_meta,12,12,0.2,0.3,200,5,60,1.0,0.0001,0.3,True,True,0.3,0.7,0.3,0.5,0.5,0.1,3,100.0,0.5,"[[0.08, 0.6], [0.15, 0.35]]",meta,base,0.1451768429443134,15,128,32,1,0.6000000000000001,0.0,0.001415745628709,2.5137050405220336e-07,32.0,50,10,0.0046437191828983,10,0.8
2017-06-30,65719.22694726645,32909.9491632224,109699.83054407468,109699.83054407468,438.5916429725,0.004014155865187385,0,MPT_ONLY,32909.9491632224,32809.27778404405,True,False,"{'XOM': 0.2626529873181123, 'AGFS': 0.2999999999999998, 'PM': 0.0, 'BSAC': 0.13734701268188798, 'UNH': 0.0, 'LMT': 0.0, 'CHTR': 0.2999999999999998, 'VZ': 4.412702842016001e-17, 'PPL': 0.0}","[{'date': Timestamp('2017-06-23 00:00:00'), 'exit_date': Timestamp('2017-06-30 00:00:00'), 'ticker': 'XOM', 'sector': 'Basic Matierials', 'allocated_amount': 3270.304523065241, 'prob_up': 0.836962890625, 'expected_rise': 0.011190741023631694, 'actual_return': -0.010782967641429164, 'pnl': -35.26358784983193, 'exit_reason': 'scheduled'}, {'date': Timestamp('2017-06-23 00:00:00'), 'exit_date': Timestamp('2017-06-30 00:00:00'), 'ticker': 'BSAC', 'sector': 'Financial', 'allocated_amount': 9810.913569195734, 'prob_up': 0.75, 'expected_rise': 0.013259258392563946, 'actual_return': 0.01194739100169695, 'pnl': 117.21482049503562, 'exit_reason': 'scheduled'}, {'date': Timestamp('2017-06-23 00:00:00'), 'exit_date': Timestamp('2017-06-30 00:00:00'), 'ticker': 'CHTR', 'sector': 'Services', 'allocated_amount': 9810.913569195734, 'prob_up': 0.6923076923076923, 'expected_rise': 0.013144917063411907, 'actual_return': 0.01828905144942161, 'pnl': 179.4323030328494, 'exit_reason': 'scheduled'}, {'date': Timestamp('2017-06-23 00:00:00'), 'exit_date': Timestamp('2017-06-30 00:00:00'), 'ticker': 'AGFS', 'sector': 'Conglomerates', 'allocated_amount': 9610.131972506584, 'prob_up': 0.6666666666666666, 'expected_rise': 0.033673437862708794, 'actual_return': 0.018439716312056653, 'pnl': 177.20810729444685, 'exit_reason': 'scheduled'}]","[{'ticker': 'XOM', 'sector': 'Basic Matierials', 'expected_rise': 0.011167380131654433, 'prob_up': 0.836962890625, 'investment_fraction': 0.13123719399502093, 'investment_amount': 8643.896460207574, 'predicted_prob': 0.836962890625, 'allocated_amount': 8643.896460207574, 'exit_date': Timestamp('2017-07-10 00:00:00')}, {'ticker': 'BSAC', 'sector': 'Financial', 'expected_rise': 0.010526384057357497, 'prob_up': 0.6956521739130435, 'investment_fraction': 0.08226256218448255, 'investment_amount': 4520.083205081396, 'predicted_prob': 0.6956521739130435, 'allocated_amount': 4520.083205081396, 'exit_date': Timestamp('2017-07-10 00:00:00')}, {'ticker': 'CHTR', 'sector': 'Services', 'expected_rise': 0.013104418605672418, 'prob_up': 0.6923076923076923, 'investment_fraction': 0.08875098769723418, 'investment_amount': 9872.984748966715, 'predicted_prob': 0.6923076923076923, 'allocated_amount': 9872.984748966715, 'exit_date': Timestamp('2017-07-10 00:00:00')}, {'ticker': 'AGFS', 'sector': 'Conglomerates', 'expected_rise': 0.03340069204242791, 'prob_up': 0.6666666666666666, 'investment_fraction': 0.08505401726318207, 'investment_amount': 9872.984748966715, 'predicted_prob': 0.6666666666666666, 'allocated_amount': 9772.31336978836, 'exit_date': Timestamp('2017-07-10 00:00:00')}]",5,100000.0,853,True,True,42,/mnt/primary/simulation/trained_models_meta,12,12,0.2,0.3,200,5,60,1.0,0.0001,0.3,True,True,0.3,0.7,0.3,0.5,0.5,0.1,3,100.0,0.5,"[[0.08, 0.6], [0.15, 0.35]]",meta,base,0.1451768429443134,15,128,32,1,0.6000000000000001,0.0,0.001415745628709,2.5137050405220336e-07,32.0,50,10,0.0046437191828983,10,0.8
2017-07-03,44970.41135151372,32959.238349747226,109864.12783249072,109864.12783249072,164.29728841603873,0.001497698652779933,0,MPT_ONLY,32959.23834974721,12011.173001766503,True,False,"{'XOM': 0.2580930582223558, 'AGFS': 0.2999999999999998, 'PM': 0.20892331341365172, 'BSAC': 0.2329836283639926, 'NVS': 1.7564075194265172e-17, 'LMT': 0.0, 'HD': 1.3010426069826053e-16, 'VZ': 0.0, 'SRE': 1.6263032587282567e-17}","[{'date': Timestamp('2017-06-26 00:00:00'), 'exit_date': Timestamp('2017-07-03 00:00:00'), 'ticker': 'XOM', 'sector': 'Basic Matierials', 'allocated_amount': 3266.349768750214, 'prob_up': 0.836962890625, 'expected_rise': 0.011189396467274583, 'actual_return': 0.010585918527472149, 'pnl': 34.57731253421726, 'exit_reason': 'scheduled'}, {'date': Timestamp('2017-06-26 00:00:00'), 'exit_date': Timestamp('2017-07-03 00:00:00'), 'ticker': 'BSAC', 'sector': 'Financial', 'allocated_amount': 8629.81513112507, 'prob_up': 0.75, 'expected_rise': 0.013266640404497015, 'actual_return': 0.015031605418053706, 'pnl': 129.71997588182145, 'exit_reason': 'scheduled'}]","[{'ticker': 'XOM', 'sector': 'Basic Matierials', 'expected_rise': 0.011170363276380922, 'prob_up': 0.836962890625, 'investment_fraction': 0.1312722514157024, 'investment_amount': 8506.550622365809, 'predicted_prob': 0.836962890625, 'allocated_amount': 8506.550622365809, 'exit_date': Timestamp('2017-07-11 00:00:00')}, {'ticker': 'PM', 'sector': 'Consumer Goods', 'expected_rise': 0.00993874092447361, 'prob_up': 0.80408935546875, 'investment_fraction': 0.11745692938447419, 'investment_amount': 6885.953283619486, 'predicted_prob': 0.80408935546875, 'allocated_amount': 3504.6223794006946, 'exit_date': Timestamp('2017-07-11 00:00:00')}]",5,100000.0,853,True,True,42,/mnt/primary/simulation/trained_models_meta,12,12,0.2,0.3,200,5,60,1.0,0.0001,0.3,True,True,0.3,0.7,0.3,0.5,0.5,0.1,3,100.0,0.5,"[[0.08, 0.6], [0.15, 0.35]]",meta,base,0.1451768429443134,15,128,32,1,0.6000000000000001,0.0,0.001415745628709,2.5137050405220336e-07,32.0,50,10,0.0046437191828983,10,0.8
2017-07-05,32959.23834974722,32959.238349747226,109864.12783249072,109864.12783249072,0.0,0.0,0,MPT_ONLY,32959.23834974721,0.0,True,False,"{'XOM': 0.25818038634514456, 'AGFS': 0.29999999999999954, 'PM': 0.2091700811799822, 'BSAC': 0.23264953247487327, 'AMGN': 0.0, 'HON': 1.341158087364569e-16, 'HD': 8.500145032286355e-17, 'VZ': 1.7293024651143796e-16, 'PPL': 0.0}",[],[],5,100000.0,853,True,True,42,/mnt/primary/simulation/trained_models_meta,12,12,0.2,0.3,200,5,60,1.0,0.0001,0.3,True,True,0.3,0.7,0.3,0.5,0.5,0.1,3,100.0,0.5,"[[0.08, 0.6], [0.15, 0.35]]",meta,base,0.1451768429443134,15,128,32,1,0.6000000000000001,0.0,0.001415745628709,2.5137050405220336e-07,32.0,50,10,0.0046437191828983,10,0.8
2017-07-06,32959.23834974722,32959.238349747226,109864.12783249072,109864.12783249072,0.0,0.0,0,MPT_ONLY,32959.23834974721,0.0,True,False,"{'XOM': 0.26995766034734214, 'AGFS': 0.30000000000000004, 'PM': 7.355227538141664e-16, 'BSAC': 0.1300423396526572, 'ABBV': 1.422473250300982e-16, 'DHR': 1.1102230246251568e-16, 'CHTR': 0.2999999999999993, 'VZ': 2.775557561562892e-17, 'PCG': 1.864827736675068e-16}",[],[],5,100000.0,853,True,True,42,/mnt/primary/simulation/trained_models_meta,12,12,0.2,0.3,200,5,60,1.0,0.0001,0.3,True,True,0.3,0.7,0.3,0.5,0.5,0.1,3,100.0,0.5,"[[0.08, 0.6], [0.15, 0.35]]",meta,base,0.1451768429443134,15,128,32,1,0.6000000000000001,0.0,0.001415745628709,2.5137050405220336e-07,32.0,50,10,0.0046437191828983,10,0.8
2017-07-07,76494.33116714898,43031.59059219762,111542.46858317117,111542.46858317117,1678.3407506804588,0.01527651275982822,1,MPT_ONLY,33462.74057495135,33462.74057495134,True,False,"{'XOM': 0.27353090444222805, 'AGFS': 0.3, 'PM': 0.0, 'BSAC': 0.1264690955577718, 'AMGN': 9.367506770274758e-17, 'HON': 0.0, 'CHTR': 0.3, 'VZ': 0.0, 'PCG': 0.0}","[{'date': Timestamp('2017-06-29 00:00:00'), 'exit_date': Timestamp('2017-07-07 00:00:00'), 'ticker': 'XOM', 'sector': 'Basic Matierials', 'allocated_amount': 8434.694284636966, 'prob_up': 0.836962890625, 'expected_rise': 0.011162124556575958, 'actual_return': -0.0059479060451513854, 'pnl': -50.16876912459605, 'exit_reason': 'scheduled'}, {'date': Timestamp('2017-06-29 00:00:00'), 'exit_date': Timestamp('2017-07-07 00:00:00'), 'ticker': 'BSAC', 'sector': 'Financial', 'allocated_amount': 4676.6543834953045, 'prob_up': 0.6956521739130435, 'expected_rise': 0.010564106531499213, 'actual_return': 0.011890646056282206, 'pnl': 55.60844200170333, 'exit_reason': 'scheduled'}, {'date': Timestamp('2017-06-29 00:00:00'), 'exit_date': Timestamp('2017-07-07 00:00:00'), 'ticker': 'CHTR', 'sector': 'Services', 'allocated_amount': 9833.511501099196, 'prob_up': 0.6923076923076923, 'expected_rise': 0.01313856736201835, 'actual_return': -0.0098588106826355, 'pnl': -96.9467282348558, 'exit_reason': 'scheduled'}, {'date': Timestamp('2017-06-29 00:00:00'), 'exit_date': Timestamp('2017-07-07 00:00:00'), 'ticker': 'AGFS', 'sector': 'Conglomerates', 'allocated_amount': 9139.57852770148, 'prob_up': 0.6666666666666666, 'expected_rise': 0.03355466782396614, 'actual_return': 0.08344733242134073, 'pnl': 762.6734475920532, 'exit_reason': 'scheduled'}, {'date': Timestamp('2017-06-30 00:00:00'), 'exit_date': Timestamp('2017-07-07 00:00:00'), 'ticker': 'AGFS', 'sector': 'Conglomerates', 'allocated_amount': 9772.31336978836, 'prob_up': 0.6666666666666666, 'expected_rise': 0.03340069204242791, 'actual_return': 0.10306406685236769, 'pnl': 1007.1743584461541, 'exit_reason': 'early_exit'}]","[{'ticker': 'XOM', 'sector': 'Basic Matierials', 'expected_rise': 0.011164976551565215, 'prob_up': 0.836962890625, 'investment_fraction': 0.1313168500720871, 'investment_amount': 9153.093694582085, 'predicted_prob': 0.836962890625, 'allocated_amount': 9153.093694582085, 'exit_date': Timestamp('2017-07-14 00:00:00')}, {'ticker': 'BSAC', 'sector': 'Financial', 'expected_rise': 0.01044381487417952, 'prob_up': 0.6956521739130435, 'investment_fraction': 0.08199758728465582, 'investment_amount': 4232.00253539845, 'predicted_prob': 0.6956521739130435, 'allocated_amount': 4232.00253539845, 'exit_date': Timestamp('2017-07-14 00:00:00')}, {'ticker': 'CHTR', 'sector': 'Services', 'expected_rise': 0.013079328555809427, 'prob_up': 0.6923076923076923, 'investment_fraction': 0.08872943172991124, 'investment_amount': 10038.822172485405, 'predicted_prob': 0.6923076923076923, 'allocated_amount': 10038.822172485405, 'exit_date': Timestamp('2017-07-14 00:00:00')}, {'ticker': 'AGFS', 'sector': 'Conglomerates', 'expected_rise': 0.03316328893307249, 'prob_up': 0.6666666666666666, 'investment_fraction': 0.08483411903255295, 'investment_amount': 10038.822172485405, 'predicted_prob': 0.6666666666666666, 'allocated_amount': 10038.822172485405, 'exit_date': Timestamp('2017-07-14 00:00:00')}]",5,100000.0,853,True,True,42,/mnt/primary/simulation/trained_models_meta,12,12,0.2,0.3,200,5,60,1.0,0.0001,0.3,True,True,0.3,0.7,0.3,0.5,0.5,0.1,3,100.0,0.5,"[[0.08, 0.6], [0.15, 0.35]]",meta,base,0.1451768429443134,15,128,32,1,0.6000000000000001,0.0,0.001415745628709,2.5137050405220336e-07,32.0,50,10,0.0046437191828983,10,0.8
2017-07-10,76173.77306096835,42691.11372140812,111608.8644652008,111608.86446520081,66.39588202964622,0.0005952520405276829,1,MPT_ONLY,33482.65933956024,33482.65933956024,True,False,"{'XOM': 0.27565691941951515, 'AGFS': 0.2999999999999996, 'PM': 0.0, 'BSAC': 0.12434308058048557, 'AMGN': 0.0, 'LMT': 1.0408340855860832e-17, 'CHTR': 0.29999999999999966, 'VZ': 3.989863994746652e-17, 'NGG': 0.0}","[{'date': Timestamp('2017-06-30 00:00:00'), 'exit_date': Timestamp('2017-07-10 00:00:00'), 'ticker': 'XOM', 'sector': 'Basic Matierials', 'allocated_amount': 8643.896460207574, 'prob_up': 0.836962890625, 'expected_rise': 0.011167380131654433, 'actual_return': -0.007060559628617846, 'pnl': -61.03074638089431, 'exit_reason': 'scheduled'}, {'date': Timestamp('2017-06-30 00:00:00'), 'exit_date': Timestamp('2017-07-10 00:00:00'), 'ticker': 'BSAC', 'sector': 'Financial', 'allocated_amount': 4520.083205081396, 'prob_up': 0.6956521739130435, 'expected_rise': 0.010526384057357497, 'actual_return': 0.01298701298701288, 'pnl': 58.70237928677089, 'exit_reason': 'scheduled'}, {'date': Timestamp('2017-06-30 00:00:00'), 'exit_date': Timestamp('2017-07-10 00:00:00'), 'ticker': 'CHTR', 'sector': 'Services', 'allocated_amount': 9872.984748966715, 'prob_up': 0.6923076923076923, 'expected_rise': 0.013104418605672418, 'actual_return': -0.0007421700921685925, 'pnl': -7.327434001119736, 'exit_reason': 'scheduled'}, {'date': Timestamp('2017-07-07 00:00:00'), 'exit_date': Timestamp('2017-07-10 00:00:00'), 'ticker': 'AGFS', 'sector': 'Conglomerates', 'allocated_amount': 10038.822172485405, 'prob_up': 0.6666666666666666, 'expected_rise': 0.03316328893307249, 'actual_return': 0.007575757575757569, 'pnl': 76.05168312488937, 'exit_reason': 'early_exit'}]","[{'ticker': 'XOM', 'sector': 'Basic Matierials', 'expected_rise': 0.011169690133168183, 'prob_up': 0.836962890625, 'investment_fraction': 0.1313722888529749, 'investment_amount': 9229.726727516234, 'predicted_prob': 0.836962890625, 'allocated_amount': 9229.726727516234, 'exit_date': Timestamp('2017-07-17 00:00:00')}, {'ticker': 'BSAC', 'sector': 'Financial', 'expected_rise': 0.010423093558139824, 'prob_up': 0.6956521739130435, 'investment_fraction': 0.08193070191961618, 'investment_amount': 4163.337008307886, 'predicted_prob': 0.6956521739130435, 'allocated_amount': 4163.337008307886, 'exit_date': Timestamp('2017-07-17 00:00:00')}, {'ticker': 'CHTR', 'sector': 'Services', 'expected_rise': 0.013089992015861068, 'prob_up': 0.6923076923076923, 'investment_fraction': 0.08880177204513608, 'investment_amount': 10044.79780186806, 'predicted_prob': 0.6923076923076923, 'allocated_amount': 10044.79780186806, 'exit_date': Timestamp('2017-07-17 00:00:00')}, {'ticker': 'AGFS', 'sector': 'Conglomerates', 'expected_rise': 0.03318278332335628, 'prob_up': 0.6666666666666666, 'investment_fraction': 0.08485225146975615, 'investment_amount': 10044.797801868059, 'predicted_prob': 0.6666666666666666, 'allocated_amount': 10044.797801868059, 'exit_date': Timestamp('2017-07-17 00:00:00')}]",5,100000.0,853,True,True,42,/mnt/primary/simulation/trained_models_meta,12,12,0.2,0.3,200,5,60,1.0,0.0001,0.3,True,True,0.3,0.7,0.3,0.5,0.5,0.1,3,100.0,0.5,"[[0.08, 0.6], [0.15, 0.35]]",meta,base,0.1451768429443134,15,128,32,1,0.6000000000000001,0.0,0.001415745628709,2.5137050405220336e-07,32.0,50,10,0.0046437191828983,10,0.8
2017-07-11,64777.18454986215,33491.6893470061,111638.96449002027,111638.96449002027,30.10002481947606,0.00026969206221827413,1,MPT_ONLY,33491.68934700608,31285.495202856055,True,False,"{'XOM': 0.27713825052836905, 'AGFS': 0.2999999999999997, 'PM': 0.0, 'BSAC': 0.12286174947163134, 'AMGN': 2.5912431922403553e-17, 'HON': 9.063930161978816e-17, 'CHTR': 0.29999999999999954, 'VZ': 4.4452289071905676e-17, 'NGG': 1.2804427657053807e-16}","[{'date': Timestamp('2017-07-03 00:00:00'), 'exit_date': Timestamp('2017-07-11 00:00:00'), 'ticker': 'XOM', 'sector': 'Basic Matierials', 'allocated_amount': 8506.550622365809, 'prob_up': 0.836962890625, 'expected_rise': 0.011170363276380922, 'actual_return': -0.018270402393919638, 'pnl': -155.41810285487085, 'exit_reason': 'scheduled'}, {'date': Timestamp('2017-07-03 00:00:00'), 'exit_date': Timestamp('2017-07-11 00:00:00'), 'ticker': 'PM', 'sector': 'Consumer Goods', 'allocated_amount': 3504.6223794006946, 'prob_up': 0.80408935546875, 'expected_rise': 0.00993874092447361, 'actual_return': 0.00265181347045651, 'pnl': 9.293604834558108, 'exit_reason': 'scheduled'}, {'date': Timestamp('2017-07-10 00:00:00'), 'exit_date': Timestamp('2017-07-11 00:00:00'), 'ticker': 'AGFS', 'sector': 'Conglomerates', 'allocated_amount': 10044.797801868059, 'prob_up': 0.6666666666666666, 'expected_rise': 0.03318278332335628, 'actual_return': 0.01754385964912264, 'pnl': 176.22452283978882, 'exit_reason': 'early_exit'}]","[{'ticker': 'XOM', 'sector': 'Basic Matierials', 'expected_rise': 0.01117397584260256, 'prob_up': 0.836962890625, 'investment_fraction': 0.13142269521618108, 'investment_amount': 9281.828192868881, 'predicted_prob': 0.836962890625, 'allocated_amount': 9281.828192868881, 'exit_date': Timestamp('2017-07-18 00:00:00')}, {'ticker': 'BSAC', 'sector': 'Financial', 'expected_rise': 0.01040413183218952, 'prob_up': 0.6956521739130435, 'investment_fraction': 0.08186935888357505, 'investment_amount': 4114.847545933565, 'predicted_prob': 0.6956521739130435, 'allocated_amount': 4114.847545933565, 'exit_date': Timestamp('2017-07-18 00:00:00')}, {'ticker': 'CHTR', 'sector': 'Services', 'expected_rise': 0.013107546053292852, 'prob_up': 0.6923076923076923, 'investment_fraction': 0.08892085765104021, 'investment_amount': 10047.50680410181, 'predicted_prob': 0.6923076923076923, 'allocated_amount': 10047.50680410181, 'exit_date': Timestamp('2017-07-18 00:00:00')}, {'ticker': 'AGFS', 'sector': 'Conglomerates', 'expected_rise': 0.033305094646314766, 'prob_up': 0.6666666666666666, 'investment_fraction': 0.08496570897847017, 'investment_amount': 10047.506804101815, 'predicted_prob': 0.6666666666666666, 'allocated_amount': 7841.3126599518, 'exit_date': Timestamp('2017-07-18 00:00:00')}]",5,100000.0,853,True,True,42,/mnt/primary/simulation/trained_models_meta,12,12,0.2,0.3,200,5,60,1.0,0.0001,0.3,True,True,0.3,0.7,0.3,0.5,0.5,0.1,3,100.0,0.5,"[[0.08, 0.6], [0.15, 0.35]]",meta,base,0.1451768429443134,15,128,32,1,0.6000000000000001,0.0,0.001415745628709,2.5137050405220336e-07,32.0,50,10,0.0046437191828983,10,0.8
2017-07-12,41400.59952988851,33511.968603885274,111706.56201295089,111706.56201295089,67.59752293061867,0.0006055011638581576,1,MPT_ONLY,33511.96860388527,7888.630926003243,True,False,"{'XOM': 0.27319866555188227, 'AGFS': 0.2999999999999999, 'PM': 0.0, 'BSAC': 0.12680133444811773, 'NVS': 1.7347234759768066e-16, 'HON': 1.561251128379126e-16, 'CHTR': 0.2999999999999998, 'VZ': 0.0, 'NGG': 1.3530843112619093e-16}","[{'date': Timestamp('2017-07-11 00:00:00'), 'exit_date': Timestamp('2017-07-12 00:00:00'), 'ticker': 'AGFS', 'sector': 'Conglomerates', 'allocated_amount': 7841.3126599518, 'prob_up': 0.6666666666666666, 'expected_rise': 0.033305094646314766, 'actual_return': 0.008620689655172376, 'pnl': 67.59752293061867, 'exit_reason': 'early_exit'}]","[{'ticker': 'AGFS', 'sector': 'Conglomerates', 'expected_rise': 0.03337432813233203, 'prob_up': 0.6666666666666666, 'investment_fraction': 0.0850296957669805, 'investment_amount': 10053.590581165576, 'predicted_prob': 0.6666666666666666, 'allocated_amount': 7888.630926003243, 'exit_date': Timestamp('2017-07-19 00:00:00')}]",5,100000.0,853,True,True,42,/mnt/primary/simulation/trained_models_meta,12,12,0.2,0.3,200,5,60,1.0,0.0001,0.3,True,True,0.3,0.7,0.3,0.5,0.5,0.1,3,100.0,0.5,"[[0.08, 0.6], [0.15, 0.35]]",meta,base,0.1451768429443134,15,128,32,1,0.6000000000000001,0.0,0.001415745628709,2.5137050405220336e-07,32.0,50,10,0.0046437191828983,10,0.8
2017-07-13,41573.97603375671,33563.981555045735,111879.9385168191,111879.9385168191,173.37650386820252,0.0015520708966774155,1,MPT_ONLY,33563.98155504573,8009.994478710985,True,False,"{'XOM': 0.27135241040975205, 'AGFS': 0.3000000000000001, 'PM': 2.70616862252382e-16, 'BSAC': 0.1286475895902477, 'AMGN': 3.0357660829594136e-17, 'LMT': 4.163336342344339e-17, 'CHTR': 0.2999999999999998, 'VZ': 0.0, 'NGG': 5.507747036226365e-17}","[{'date': Timestamp('2017-07-12 00:00:00'), 'exit_date': Timestamp('2017-07-13 00:00:00'), 'ticker': 'AGFS', 'sector': 'Conglomerates', 'allocated_amount': 7888.630926003243, 'prob_up': 0.6666666666666666, 'expected_rise': 0.03337432813233203, 'actual_return': 0.0219780219780219, 'pnl': 173.37650386820252, 'exit_reason': 'early_exit'}]","[{'ticker': 'AGFS', 'sector': 'Conglomerates', 'expected_rise': 0.03338152131336421, 'prob_up': 0.6666666666666666, 'investment_fraction': 0.0850363341223158, 'investment_amount': 10069.194466513722, 'predicted_prob': 0.6666666666666666, 'allocated_amount': 8009.994478710985, 'exit_date': Timestamp('2017-07-20 00:00:00')}]",5,100000.0,853,True,True,42,/mnt/primary/simulation/trained_models_meta,12,12,0.2,0.3,200,5,60,1.0,0.0001,0.3,True,True,0.3,0.7,0.3,0.5,0.5,0.1,3,100.0,0.5,"[[0.08, 0.6], [0.15, 0.35]]",meta,base,0.1451768429443134,15,128,32,1,0.6000000000000001,0.0,0.001415745628709,2.5137050405220336e-07,32.0,50,10,0.0046437191828983,10,0.8
2017-07-14,65363.794677758975,33673.75162750662,112245.83875835541,112245.83875835541,365.9002415363069,0.0032704723151175674,1,MPT_ONLY,33673.75162750662,31690.04305025235,True,False,"{'XOM': 0.26700338489044795, 'AGFS': 0.2999999999999996, 'PM': 0.0, 'BSAC': 0.13299661510955177, 'AMGN': 3.2439329000766293e-16, 'HON': 3.2439329000766293e-16, 'CHTR': 0.3, 'VZ': 1.8735013540549517e-16, 'NGG': 0.0}","[{'date': Timestamp('2017-07-07 00:00:00'), 'exit_date': Timestamp('2017-07-14 00:00:00'), 'ticker': 'XOM', 'sector': 'Basic Matierials', 'allocated_amount': 9153.093694582085, 'prob_up': 0.836962890625, 'expected_rise': 0.011164976551565215, 'actual_return': 0.013213637332166073, 'pnl': 120.94566054754372, 'exit_reason': 'scheduled'}, {'date': Timestamp('2017-07-07 00:00:00'), 'exit_date': Timestamp('2017-07-14 00:00:00'), 'ticker': 'BSAC', 'sector': 'Financial', 'allocated_amount': 4232.00253539845, 'prob_up': 0.6956521739130435, 'expected_rise': 0.01044381487417952, 'actual_return': 0.022326634456457883, 'pnl': 94.48637362664417, 'exit_reason': 'scheduled'}, {'date': Timestamp('2017-07-07 00:00:00'), 'exit_date': Timestamp('2017-07-14 00:00:00'), 'ticker': 'CHTR', 'sector': 'Services', 'allocated_amount': 10038.822172485405, 'prob_up': 0.6923076923076923, 'expected_rise': 0.013079328555809427, 'actual_return': 0.031194522811905046, 'pnl': 313.1562672642541, 'exit_reason': 'scheduled'}, {'date': Timestamp('2017-07-13 00:00:00'), 'exit_date': Timestamp('2017-07-14 00:00:00'), 'ticker': 'AGFS', 'sector': 'Conglomerates', 'allocated_amount': 8009.994478710985, 'prob_up': 0.6666666666666666, 'expected_rise': 0.03338152131336421, 'actual_return': -0.020310633213859064, 'pnl': -162.68805990213505, 'exit_reason': 'early_exit'}]","[{'ticker': 'XOM', 'sector': 'Basic Matierials', 'expected_rise': 0.01113422652448591, 'prob_up': 0.836962890625, 'investment_fraction': 0.13132359949042907, 'investment_amount': 8991.0056665045, 'predicted_prob': 0.836962890625, 'allocated_amount': 8991.0056665045, 'exit_date': Timestamp('2017-07-21 00:00:00')}, {'ticker': 'BSAC', 'sector': 'Financial', 'expected_rise': 0.010456402600128534, 'prob_up': 0.6956521739130435, 'investment_fraction': 0.08211172279628892, 'investment_amount': 4478.494984498141, 'predicted_prob': 0.6956521739130435, 'allocated_amount': 4478.494984498141, 'exit_date': Timestamp('2017-07-21 00:00:00')}, {'ticker': 'CHTR', 'sector': 'Services', 'expected_rise': 0.013083838552405717, 'prob_up': 0.6923076923076923, 'investment_fraction': 0.08886324662726547, 'investment_amount': 10102.125488251986, 'predicted_prob': 0.6923076923076923, 'allocated_amount': 10102.125488251986, 'exit_date': Timestamp('2017-07-21 00:00:00')}, {'ticker': 'AGFS', 'sector': 'Conglomerates', 'expected_rise': 0.03330292343728822, 'prob_up': 0.6666666666666666, 'investment_fraction': 0.08496369956776417, 'investment_amount': 10102.125488251973, 'predicted_prob': 0.6666666666666666, 'allocated_amount': 8118.416910997723, 'exit_date': Timestamp('2017-07-21 00:00:00')}]",5,100000.0,853,True,True,42,/mnt/primary/simulation/trained_models_meta,12,12,0.2,0.3,200,5,60,1.0,0.0001,0.3,True,True,0.3,0.7,0.3,0.5,0.5,0.1,3,100.0,0.5,"[[0.08, 0.6], [0.15, 0.35]]",meta,base,0.1451768429443134,15,128,32,1,0.6000000000000001,0.0,0.001415745628709,2.5137050405220336e-07,32.0,50,10,0.0046437191828983,10,0.8
2017-07-17,65811.22487986469,33848.110068607064,112827.03356202357,112827.03356202357,581.1948036681629,0.005177873942564304,1,MPT_ONLY,33848.11006860707,31963.114811257627,True,False,"{'XOM': 0.2662721682176784, 'AGFS': 0.29999999999999993, 'PM': 3.608224830031759e-16, 'BSAC': 0.13372783178232125, 'AMGN': 2.4015078120553923e-17, 'HON': 1.3530843112619095e-16, 'CHTR': 0.2999999999999999, 'VZ': 1.0061396160665481e-16, 'NGG': 0.0}","[{'date': Timestamp('2017-07-10 00:00:00'), 'exit_date': Timestamp('2017-07-17 00:00:00'), 'ticker': 'XOM', 'sector': 'Basic Matierials', 'allocated_amount': 9229.726727516234, 'prob_up': 0.836962890625, 'expected_rise': 0.011169690133168183, 'actual_return': 0.008732497069236622, 'pnl': 80.59856159789044, 'exit_reason': 'scheduled'}, {'date': Timestamp('2017-07-10 00:00:00'), 'exit_date': Timestamp('2017-07-17 00:00:00'), 'ticker': 'BSAC', 'sector': 'Financial', 'allocated_amount': 4163.337008307886, 'prob_up': 0.6956521739130435, 'expected_rise': 0.010423093558139824, 'actual_return': 0.017482556332556243, 'pnl': 72.7857737791588, 'exit_reason': 'scheduled'}, {'date': Timestamp('2017-07-10 00:00:00'), 'exit_date': Timestamp('2017-07-17 00:00:00'), 'ticker': 'CHTR', 'sector': 'Services', 'allocated_amount': 10044.79780186806, 'prob_up': 0.6923076923076923, 'expected_rise': 0.013089992015861068, 'actual_return': 0.016963731129582937, 'pnl': 170.39724916191548, 'exit_reason': 'scheduled'}, {'date': Timestamp('2017-07-14 00:00:00'), 'exit_date': Timestamp('2017-07-17 00:00:00'), 'ticker': 'AGFS', 'sector': 'Conglomerates', 'allocated_amount': 8118.416910997723, 'prob_up': 0.6666666666666666, 'expected_rise': 0.03330292343728822, 'actual_return': 0.03170731707317098, 'pnl': 257.4132191291981, 'exit_reason': 'early_exit'}]","[{'ticker': 'XOM', 'sector': 'Basic Matierials', 'expected_rise': 0.011127459789150796, 'prob_up': 0.836962890625, 'investment_fraction': 0.13130639401499405, 'investment_amount': 9012.809658038635, 'predicted_prob': 0.836962890625, 'allocated_amount': 9012.809658038635, 'exit_date': Timestamp('2017-07-24 00:00:00')}, {'ticker': 'BSAC', 'sector': 'Financial', 'expected_rise': 0.010451650863157334, 'prob_up': 0.6956521739130435, 'investment_fraction': 0.08209642647445235, 'investment_amount': 4526.434369404181, 'predicted_prob': 0.6956521739130435, 'allocated_amount': 4526.434369404181, 'exit_date': Timestamp('2017-07-24 00:00:00')}, {'ticker': 'CHTR', 'sector': 'Services', 'expected_rise': 0.013086219915466298, 'prob_up': 0.6923076923076923, 'investment_fraction': 0.08886903957288646, 'investment_amount': 10154.433020582117, 'predicted_prob': 0.6923076923076923, 'allocated_amount': 10154.433020582117, 'exit_date': Timestamp('2017-07-24 00:00:00')}, {'ticker': 'AGFS', 'sector': 'Conglomerates', 'expected_rise': 0.03314782519063054, 'prob_up': 0.6666666666666666, 'investment_fraction': 0.08481972599696178, 'investment_amount': 10154.433020582119, 'predicted_prob': 0.6666666666666666, 'allocated_amount': 8269.437763232694, 'exit_date': Timestamp('2017-07-24 00:00:00')}]",5,100000.0,853,True,True,42,/mnt/primary/simulation/trained_models_meta,12,12,0.2,0.3,200,5,60,1.0,0.0001,0.3,True,True,0.3,0.7,0.3,0.5,0.5,0.1,3,100.0,0.5,"[[0.08, 0.6], [0.15, 0.35]]",meta,base,0.1451768429443134,15,128,32,1,0.6000000000000001,0.0,0.001415745628709,2.5137050405220336e-07,32.0,50,10,0.0046437191828983,10,0.8
2017-07-18,65609.15902884689,33862.33866483794,112874.46221612644,112874.46221612643,47.42865410286245,0.00042036604708561853,1,MPT_ONLY,33862.33866483793,31746.820364008927,True,False,"{'XOM': 0.2666700202472296, 'AGFS': 0.29999999999999966, 'PM': 0.0, 'BSAC': 0.13332997975277122, 'AMGN': 0.0, 'DHR': 0.0, 'CHTR': 0.29999999999999966, 'VZ': 0.0, 'NGG': 0.0}","[{'date': Timestamp('2017-07-11 00:00:00'), 'exit_date': Timestamp('2017-07-18 00:00:00'), 'ticker': 'XOM', 'sector': 'Basic Matierials', 'allocated_amount': 9281.828192868881, 'prob_up': 0.836962890625, 'expected_rise': 0.01117397584260256, 'actual_return': 0.0, 'pnl': 0.0, 'exit_reason': 'scheduled'}, {'date': Timestamp('2017-07-11 00:00:00'), 'exit_date': Timestamp('2017-07-18 00:00:00'), 'ticker': 'BSAC', 'sector': 'Financial', 'allocated_amount': 4114.847545933565, 'prob_up': 0.6956521739130435, 'expected_rise': 0.01040413183218952, 'actual_return': 0.017160726098312207, 'pnl': 70.61377167207807, 'exit_reason': 'scheduled'}, {'date': Timestamp('2017-07-11 00:00:00'), 'exit_date': Timestamp('2017-07-18 00:00:00'), 'ticker': 'CHTR', 'sector': 'Services', 'allocated_amount': 10047.50680410181, 'prob_up': 0.6923076923076923, 'expected_rise': 0.013107546053292852, 'actual_return': 0.020068074232918454, 'pnl': 201.63411240046835, 'exit_reason': 'scheduled'}, {'date': Timestamp('2017-07-17 00:00:00'), 'exit_date': Timestamp('2017-07-18 00:00:00'), 'ticker': 'AGFS', 'sector': 'Conglomerates', 'allocated_amount': 8269.437763232694, 'prob_up': 0.6666666666666666, 'expected_rise': 0.03314782519063054, 'actual_return': -0.027186761229314516, 'pnl': -224.81922996968396, 'exit_reason': 'early_exit'}]","[{'ticker': 'XOM', 'sector': 'Basic Matierials', 'expected_rise': 0.011112639142959891, 'prob_up': 0.836962890625, 'investment_fraction': 0.13126865281381866, 'investment_amount': 9030.070537370875, 'predicted_prob': 0.836962890625, 'allocated_amount': 9030.070537370875, 'exit_date': Timestamp('2017-07-25 00:00:00')}, {'ticker': 'BSAC', 'sector': 'Financial', 'expected_rise': 0.010439609993857384, 'prob_up': 0.6956521739130435, 'investment_fraction': 0.08205762892602902, 'investment_amount': 4514.864928564323, 'predicted_prob': 0.6956521739130435, 'allocated_amount': 4514.864928564323, 'exit_date': Timestamp('2017-07-25 00:00:00')}, {'ticker': 'CHTR', 'sector': 'Services', 'expected_rise': 0.013069236152249036, 'prob_up': 0.6923076923076923, 'investment_fraction': 0.08882769495781373, 'investment_amount': 10158.701599451368, 'predicted_prob': 0.6923076923076923, 'allocated_amount': 10158.701599451368, 'exit_date': Timestamp('2017-07-25 00:00:00')}, {'ticker': 'AGFS', 'sector': 'Conglomerates', 'expected_rise': 0.03308327223188069, 'prob_up': 0.6666666666666666, 'investment_fraction': 0.08475955029431413, 'investment_amount': 10158.701599451368, 'predicted_prob': 0.6666666666666666, 'allocated_amount': 8043.18329862236, 'exit_date': Timestamp('2017-07-25 00:00:00')}]",5,100000.0,853,True,True,42,/mnt/primary/simulation/trained_models_meta,12,12,0.2,0.3,200,5,60,1.0,0.0001,0.3,True,True,0.3,0.7,0.3,0.5,0.5,0.1,3,100.0,0.5,"[[0.08, 0.6], [0.15, 0.35]]",meta,base,0.1451768429443134,15,128,32,1,0.6000000000000001,0.0,0.001415745628709,2.5137050405220336e-07,32.0,50,10,0.0046437191828983,10,0.8
2017-07-19,42013.025020914545,33894.5895820742,112981.96527358067,112981.96527358067,107.50305745424716,0.0009524125771549485,1,MPT_ONLY,33894.5895820742,8118.435438840344,True,False,"{'XOM': 0.26869757678473805, 'AGFS': 0.29999999999999954, 'PM': 5.134781488891346e-16, 'BSAC': 0.1313024232152624, 'NVS': 0.0, 'DHR': 0.0, 'CHTR': 0.29999999999999954, 'VZ': 0.0, 'NGG': 0.0}","[{'date': Timestamp('2017-07-18 00:00:00'), 'exit_date': Timestamp('2017-07-19 00:00:00'), 'ticker': 'AGFS', 'sector': 'Conglomerates', 'allocated_amount': 8043.18329862236, 'prob_up': 0.6666666666666666, 'expected_rise': 0.03308327223188069, 'actual_return': 0.013365735115431265, 'pnl': 107.50305745424716, 'exit_reason': 'early_exit'}]","[{'ticker': 'AGFS', 'sector': 'Conglomerates', 'expected_rise': 0.032853265016324996, 'prob_up': 0.6666666666666666, 'investment_fraction': 0.0845439206336629, 'investment_amount': 10168.376874622245, 'predicted_prob': 0.6666666666666666, 'allocated_amount': 8118.435438840344, 'exit_date': Timestamp('2017-07-26 00:00:00')}]",5,100000.0,853,True,True,42,/mnt/primary/simulation/trained_models_meta,12,12,0.2,0.3,200,5,60,1.0,0.0001,0.3,True,True,0.3,0.7,0.3,0.5,0.5,0.1,3,100.0,0.5,"[[0.08, 0.6], [0.15, 0.35]]",meta,base,0.1451768429443134,15,128,32,1,0.6000000000000001,0.0,0.001415745628709,2.5137050405220336e-07,32.0,50,10,0.0046437191828983,10,0.8
2017-07-20,42159.04004679297,33938.39408983773,113127.9802994591,113127.9802994591,146.01502587842435,0.0012923746327553332,1,MPT_ONLY,33938.394089837726,8220.645956955235,True,False,"{'XOM': 0.1799228843182129, 'AGFS': 0.2999999999999998, 'PM': 0.08868905700716172, 'BSAC': 0.13138805867462572, 'NVS': 0.0, 'DHR': 0.0, 'CHTR': 0.2999999999999999, 'VZ': 0.0, 'NGG': 0.0}","[{'date': Timestamp('2017-07-19 00:00:00'), 'exit_date': Timestamp('2017-07-20 00:00:00'), 'ticker': 'AGFS', 'sector': 'Conglomerates', 'allocated_amount': 8118.435438840344, 'prob_up': 0.6666666666666666, 'expected_rise': 0.032853265016324996, 'actual_return': 0.017985611510791477, 'pnl': 146.01502587842435, 'exit_reason': 'early_exit'}]","[{'ticker': 'PM', 'sector': 'Consumer Goods', 'expected_rise': 0.00988349931143841, 'prob_up': 0.80408935546875, 'investment_fraction': 0.11745033730497192, 'investment_amount': 3009.9641681651383, 'predicted_prob': 0.80408935546875, 'allocated_amount': 3009.9641681651383, 'exit_date': Timestamp('2017-07-27 00:00:00')}, {'ticker': 'AGFS', 'sector': 'Conglomerates', 'expected_rise': 0.03264261326861373, 'prob_up': 0.6666666666666666, 'investment_fraction': 0.0843447501139826, 'investment_amount': 10181.518226951312, 'predicted_prob': 0.6666666666666666, 'allocated_amount': 5210.681788790098, 'exit_date': Timestamp('2017-07-27 00:00:00')}]",5,100000.0,853,True,True,42,/mnt/primary/simulation/trained_models_meta,12,12,0.2,0.3,200,5,60,1.0,0.0001,0.3,True,True,0.3,0.7,0.3,0.5,0.5,0.1,3,100.0,0.5,"[[0.08, 0.6], [0.15, 0.35]]",meta,base,0.1451768429443134,15,128,32,1,0.6000000000000001,0.0,0.001415745628709,2.5137050405220336e-07,32.0,50,10,0.0046437191828983,10,0.8
2017-07-21,62903.63975027067,33993.275409554204,113310.91803184731,113310.91803184731,182.937732388213,0.0016170865236342369,1,MPT_ONLY,33993.27540955419,28910.36434071646,True,False,"{'XOM': 0.277644172845325, 'AGFS': 0.29999999999999954, 'PM': 0.0, 'BSAC': 0.12235582715467523, 'NVS': 8.001412032943018e-17, 'DHR': 1.8041124150158781e-16, 'CHTR': 0.29999999999999966, 'VZ': 2.3939183968479923e-16, 'NGG': 7.546047120499106e-17}","[{'date': Timestamp('2017-07-14 00:00:00'), 'exit_date': Timestamp('2017-07-21 00:00:00'), 'ticker': 'XOM', 'sector': 'Basic Matierials', 'allocated_amount': 8991.0056665045, 'prob_up': 0.836962890625, 'expected_rise': 0.01113422652448591, 'actual_return': -0.014271604506294389, 'pnl': -128.316076986204, 'exit_reason': 'scheduled'}, {'date': Timestamp('2017-07-14 00:00:00'), 'exit_date': Timestamp('2017-07-21 00:00:00'), 'ticker': 'BSAC', 'sector': 'Financial', 'allocated_amount': 4478.494984498141, 'prob_up': 0.6956521739130435, 'expected_rise': 0.010456402600128534, 'actual_return': -0.005747088122605382, 'pnl': -25.73830533255704, 'exit_reason': 'scheduled'}, {'date': Timestamp('2017-07-14 00:00:00'), 'exit_date': Timestamp('2017-07-21 00:00:00'), 'ticker': 'CHTR', 'sector': 'Services', 'allocated_amount': 10102.125488251986, 'prob_up': 0.6923076923076923, 'expected_rise': 0.013083838552405717, 'actual_return': 0.021207757451846776, 'pnl': 214.2434271029673, 'exit_reason': 'scheduled'}, {'date': Timestamp('2017-07-20 00:00:00'), 'exit_date': Timestamp('2017-07-21 00:00:00'), 'ticker': 'AGFS', 'sector': 'Conglomerates', 'allocated_amount': 5210.681788790098, 'prob_up': 0.6666666666666666, 'expected_rise': 0.03264261326861373, 'actual_return': 0.02355712603062421, 'pnl': 122.74868760400673, 'exit_reason': 'early_exit'}]","[{'ticker': 'XOM', 'sector': 'Basic Matierials', 'expected_rise': 0.011125274291705223, 'prob_up': 0.836962890625, 'investment_fraction': 0.1314179061939172, 'investment_amount': 9438.034833389, 'predicted_prob': 0.836962890625, 'allocated_amount': 9438.034833389, 'exit_date': Timestamp('2017-07-28 00:00:00')}, {'ticker': 'BSAC', 'sector': 'Financial', 'expected_rise': 0.010435015981770858, 'prob_up': 0.6956521739130435, 'investment_fraction': 0.08207935909884108, 'investment_amount': 4159.275330432684, 'predicted_prob': 0.6956521739130435, 'allocated_amount': 4159.275330432684, 'exit_date': Timestamp('2017-07-28 00:00:00')}, {'ticker': 'CHTR', 'sector': 'Services', 'expected_rise': 0.01301759804196895, 'prob_up': 0.6923076923076923, 'investment_fraction': 0.08870156463181716, 'investment_amount': 10197.982622866246, 'predicted_prob': 0.6923076923076923, 'allocated_amount': 10197.982622866246, 'exit_date': Timestamp('2017-07-28 00:00:00')}, {'ticker': 'AGFS', 'sector': 'Conglomerates', 'expected_rise': 0.032420158538506834, 'prob_up': 0.6666666666666666, 'investment_fraction': 0.08413264692120817, 'investment_amount': 10197.98262286624, 'predicted_prob': 0.6666666666666666, 'allocated_amount': 5115.071554028531, 'exit_date': Timestamp('2017-07-28 00:00:00')}]",5,100000.0,853,True,True,42,/mnt/primary/simulation/trained_models_meta,12,12,0.2,0.3,200,5,60,1.0,0.0001,0.3,True,True,0.3,0.7,0.3,0.5,0.5,0.1,3,100.0,0.5,"[[0.08, 0.6], [0.15, 0.35]]",meta,base,0.1451768429443134,15,128,32,1,0.6000000000000001,0.0,0.001415745628709,2.5137050405220336e-07,32.0,50,10,0.0046437191828983,10,0.8
2017-07-24,62912.96112882825,34026.55654472036,113421.85514906788,113421.85514906788,110.93711722057819,0.0009790505552995654,1,MPT_ONLY,34026.55654472036,28886.404584107884,True,False,"{'XOM': 0.18056753350083712, 'AGFS': 0.2999999999999995, 'PM': 0.08940269708254767, 'BSAC': 0.13002976941661476, 'NVS': 1.9084668741176092e-16, 'DHR': 1.4661123877435234e-16, 'CHTR': 0.3, 'VZ': 3.2612801348363973e-16, 'NGG': 2.461138931542095e-16}","[{'date': Timestamp('2017-07-17 00:00:00'), 'exit_date': Timestamp('2017-07-24 00:00:00'), 'ticker': 'XOM', 'sector': 'Basic Matierials', 'allocated_amount': 9012.809658038635, 'prob_up': 0.836962890625, 'expected_rise': 0.011127459789150796, 'actual_return': -0.012243358740497645, 'pnl': -110.34706190318892, 'exit_reason': 'scheduled'}, {'date': Timestamp('2017-07-17 00:00:00'), 'exit_date': Timestamp('2017-07-24 00:00:00'), 'ticker': 'BSAC', 'sector': 'Financial', 'allocated_amount': 4526.434369404181, 'prob_up': 0.6956521739130435, 'expected_rise': 0.010451650863157334, 'actual_return': 0.011072889993398727, 'pnl': 50.12070983475163, 'exit_reason': 'scheduled'}, {'date': Timestamp('2017-07-17 00:00:00'), 'exit_date': Timestamp('2017-07-24 00:00:00'), 'ticker': 'CHTR', 'sector': 'Services', 'allocated_amount': 10154.433020582117, 'prob_up': 0.6923076923076923, 'expected_rise': 0.013086219915466298, 'actual_return': 0.016856034102749273, 'pnl': 171.16346928901547, 'exit_reason': 'scheduled'}, {'date': Timestamp('2017-07-21 00:00:00'), 'exit_date': Timestamp('2017-07-24 00:00:00'), 'ticker': 'AGFS', 'sector': 'Conglomerates', 'allocated_amount': 5115.071554028531, 'prob_up': 0.6666666666666666, 'expected_rise': 0.032420158538506834, 'actual_return': 0.0, 'pnl': 0.0, 'exit_reason': 'early_exit'}]","[{'ticker': 'XOM', 'sector': 'Basic Matierials', 'expected_rise': 0.011126871313348063, 'prob_up': 0.836962890625, 'investment_fraction': 0.1314367710987227, 'investment_amount': 6144.091388806923, 'predicted_prob': 0.836962890625, 'allocated_amount': 6144.091388806923, 'exit_date': Timestamp('2017-07-31 00:00:00')}, {'ticker': 'PM', 'sector': 'Consumer Goods', 'expected_rise': 0.009868559475292442, 'prob_up': 0.80408935546875, 'investment_fraction': 0.11740240818072221, 'investment_amount': 3042.0659275298144, 'predicted_prob': 0.80408935546875, 'allocated_amount': 3042.0659275298144, 'exit_date': Timestamp('2017-07-31 00:00:00')}, {'ticker': 'BSAC', 'sector': 'Financial', 'expected_rise': 0.010447356733118113, 'prob_up': 0.6956521739130435, 'investment_fraction': 0.0821764285200236, 'investment_amount': 4424.465301551392, 'predicted_prob': 0.6956521739130435, 'allocated_amount': 4424.465301551392, 'exit_date': Timestamp('2017-07-31 00:00:00')}, {'ticker': 'CHTR', 'sector': 'Services', 'expected_rise': 0.013006607902524838, 'prob_up': 0.6923076923076923, 'investment_fraction': 0.08867463753281885, 'investment_amount': 10207.96696341611, 'predicted_prob': 0.6923076923076923, 'allocated_amount': 10207.96696341611, 'exit_date': Timestamp('2017-07-31 00:00:00')}, {'ticker': 'AGFS', 'sector': 'Conglomerates', 'expected_rise': 0.03235941098099142, 'prob_up': 0.6666666666666666, 'investment_fraction': 0.08407440650787677, 'investment_amount': 10207.966963416091, 'predicted_prob': 0.6666666666666666, 'allocated_amount': 5067.815002803647, 'exit_date': Timestamp('2017-07-31 00:00:00')}]",5,100000.0,853,True,True,42,/mnt/primary/simulation/trained_models_meta,12,12,0.2,0.3,200,5,60,1.0,0.0001,0.3,True,True,0.3,0.7,0.3,0.5,0.5,0.1,3,100.0,0.5,"[[0.08, 0.6], [0.15, 0.35]]",meta,base,0.1451768429443134,15,128,32,1,0.6000000000000001,0.0,0.001415745628709,2.5137050405220336e-07,32.0,50,10,0.0046437191828983,10,0.8
2017-07-25,62955.40456717929,34073.77533100098,113579.2511033366,113579.2511033366,157.39595426873007,0.001387703931150286,1,MPT_ONLY,34073.77533100098,28881.629236178316,True,False,"{'XOM': 0.28083740787958544, 'AGFS': 0.2999999999999999, 'PM': 3.816391647148974e-16, 'BSAC': 0.11916259212041447, 'NVS': 0.0, 'GE': 0.0, 'CHTR': 0.2999999999999999, 'VZ': 0.0, 'NGG': 0.0}","[{'date': Timestamp('2017-07-18 00:00:00'), 'exit_date': Timestamp('2017-07-25 00:00:00'), 'ticker': 'XOM', 'sector': 'Basic Matierials', 'allocated_amount': 9030.070537370875, 'prob_up': 0.836962890625, 'expected_rise': 0.011112639142959891, 'actual_return': -0.004094305312513757, 'pnl': -36.97186577353153, 'exit_reason': 'scheduled'}, {'date': Timestamp('2017-07-18 00:00:00'), 'exit_date': Timestamp('2017-07-25 00:00:00'), 'ticker': 'BSAC', 'sector': 'Financial', 'allocated_amount': 4514.864928564323, 'prob_up': 0.6956521739130435, 'expected_rise': 0.010439609993857384, 'actual_return': 0.024923312883435633, 'pnl': 112.5253912410589, 'exit_reason': 'scheduled'}, {'date': Timestamp('2017-07-18 00:00:00'), 'exit_date': Timestamp('2017-07-25 00:00:00'), 'ticker': 'CHTR', 'sector': 'Services', 'allocated_amount': 10158.701599451368, 'prob_up': 0.6923076923076923, 'expected_rise': 0.013069236152249036, 'actual_return': 0.009778588489415041, 'pnl': 99.33776252779731, 'exit_reason': 'scheduled'}, {'date': Timestamp('2017-07-24 00:00:00'), 'exit_date': Timestamp('2017-07-25 00:00:00'), 'ticker': 'AGFS', 'sector': 'Conglomerates', 'allocated_amount': 5067.815002803647, 'prob_up': 0.6666666666666666, 'expected_rise': 0.03235941098099142, 'actual_return': -0.0034522439585730202, 'pnl': -17.495333726594605, 'exit_reason': 'early_exit'}]","[{'ticker': 'XOM', 'sector': 'Basic Matierials', 'expected_rise': 0.01112919446643984, 'prob_up': 0.836962890625, 'investment_fraction': 0.13146421347066647, 'investment_amount': 9569.190740629678, 'predicted_prob': 0.836962890625, 'allocated_amount': 9569.190740629678, 'exit_date': Timestamp('2017-08-01 00:00:00')}, {'ticker': 'BSAC', 'sector': 'Financial', 'expected_rise': 0.010425790372721386, 'prob_up': 0.6956521739130435, 'investment_fraction': 0.08210690213118477, 'investment_amount': 4060.3193917707104, 'predicted_prob': 0.6956521739130435, 'allocated_amount': 4060.3193917707104, 'exit_date': Timestamp('2017-08-01 00:00:00')}, {'ticker': 'CHTR', 'sector': 'Services', 'expected_rise': 0.01298979918084243, 'prob_up': 0.6923076923076923, 'investment_fraction': 0.08863339782414081, 'investment_amount': 10222.13259930029, 'predicted_prob': 0.6923076923076923, 'allocated_amount': 10222.13259930029, 'exit_date': Timestamp('2017-08-01 00:00:00')}, {'ticker': 'AGFS', 'sector': 'Conglomerates', 'expected_rise': 0.03218561946655064, 'prob_up': 0.6666666666666666, 'investment_fraction': 0.08390702355686606, 'investment_amount': 10222.13259930029, 'predicted_prob': 0.6666666666666666, 'allocated_amount': 5029.986504477638, 'exit_date': Timestamp('2017-08-01 00:00:00')}]",5,100000.0,853,True,True,42,/mnt/primary/simulation/trained_models_meta,12,12,0.2,0.3,200,5,60,1.0,0.0001,0.3,True,True,0.3,0.7,0.3,0.5,0.5,0.1,3,100.0,0.5,"[[0.08, 0.6], [0.15, 0.35]]",meta,base,0.1451768429443134,15,128,32,1,0.6000000000000001,0.0,0.001415745628709,2.5137050405220336e-07,32.0,50,10,0.0046437191828983,10,0.8
2017-07-26,38888.854790830024,34009.30321760641,113364.344058688,113364.344058688,-214.90704464858328,-0.0018921329605622317,1,MPT_ONLY,34009.3032176064,4879.551573223624,True,False,"{'XOM': 0.28193427510776126, 'AGFS': 0.29999999999999993, 'PM': 0.0, 'BSAC': 0.1180657248922386, 'ABBV': 7.632783294297951e-17, 'LMT': 2.6020852139652106e-17, 'CHTR': 0.3, 'VZ': 2.0990154059319366e-16, 'NGG': 3.9898639947466563e-17}","[{'date': Timestamp('2017-07-25 00:00:00'), 'exit_date': Timestamp('2017-07-26 00:00:00'), 'ticker': 'AGFS', 'sector': 'Conglomerates', 'allocated_amount': 5029.986504477638, 'prob_up': 0.6666666666666666, 'expected_rise': 0.03218561946655064, 'actual_return': -0.04272517321016178, 'pnl': -214.90704464858328, 'exit_reason': 'early_exit'}]","[{'ticker': 'AGFS', 'sector': 'Conglomerates', 'expected_rise': 0.03210065603178715, 'prob_up': 0.6666666666666666, 'investment_fraction': 0.08382477845980763, 'investment_amount': 10202.790965281918, 'predicted_prob': 0.6666666666666666, 'allocated_amount': 4879.551573223624, 'exit_date': Timestamp('2017-08-02 00:00:00')}]",5,100000.0,853,True,True,42,/mnt/primary/simulation/trained_models_meta,12,12,0.2,0.3,200,5,60,1.0,0.0001,0.3,True,True,0.3,0.7,0.3,0.5,0.5,0.1,3,100.0,0.5,"[[0.08, 0.6], [0.15, 0.35]]",meta,base,0.1451768429443134,15,128,32,1,0.6000000000000001,0.0,0.001415745628709,2.5137050405220336e-07,32.0,50,10,0.0046437191828983,10,0.8
2017-07-27,41474.286875070815,33881.9435924291,112939.81197476365,112939.81197476365,-424.53208392435107,-0.003744846648647937,1,MPT_ONLY,33881.943592429096,7592.343282641712,True,False,"{'XOM': 0.2791721836118856, 'AGFS': 0.2999999999999993, 'PM': 2.7061686225238186e-16, 'BSAC': 0.12082781638811499, 'NVS': 1.1622647289044605e-16, 'GE': 1.3183898417423731e-16, 'CHTR': 0.2999999999999996, 'VZ': 5.030698080332739e-17, 'NGG': 0.0}","[{'date': Timestamp('2017-07-20 00:00:00'), 'exit_date': Timestamp('2017-07-27 00:00:00'), 'ticker': 'PM', 'sector': 'Consumer Goods', 'allocated_amount': 3009.9641681651383, 'prob_up': 0.80408935546875, 'expected_rise': 0.00988349931143841, 'actual_return': -0.01393291328272217, 'pnl': -41.93756973914584, 'exit_reason': 'scheduled'}, {'date': Timestamp('2017-07-26 00:00:00'), 'exit_date': Timestamp('2017-07-27 00:00:00'), 'ticker': 'AGFS', 'sector': 'Conglomerates', 'allocated_amount': 4879.551573223624, 'prob_up': 0.6666666666666666, 'expected_rise': 0.03210065603178715, 'actual_return': -0.07840772014475261, 'pnl': -382.59451418520524, 'exit_reason': 'early_exit'}]","[{'ticker': 'AGFS', 'sector': 'Conglomerates', 'expected_rise': 0.032203449210480656, 'prob_up': 0.6666666666666666, 'investment_fraction': 0.08409320336123738, 'investment_amount': 10164.583077728706, 'predicted_prob': 0.6666666666666666, 'allocated_amount': 7592.343282641712, 'exit_date': Timestamp('2017-08-03 00:00:00')}]",5,100000.0,853,True,True,42,/mnt/primary/simulation/trained_models_meta,12,12,0.2,0.3,200,5,60,1.0,0.0001,0.3,True,True,0.3,0.7,0.3,0.5,0.5,0.1,3,100.0,0.5,"[[0.08, 0.6], [0.15, 0.35]]",meta,base,0.1451768429443134,15,128,32,1,0.6000000000000001,0.0,0.001415745628709,2.5137050405220336e-07,32.0,50,10,0.0046437191828983,10,0.8
2017-07-28,66359.39613400638,34208.88853410339,114029.62844701129,114029.6284470113,1089.8164722476317,0.00964953326193907,1,MPT_ONLY,34208.88853410338,32150.507599902998,True,False,"{'XOM': 0.27821101303560325, 'AGFS': 0.2999999999999993, 'PM': 0.0, 'BSAC': 0.12178898696439705, 'ABBV': 2.064320936412399e-16, 'LMT': 1.0234868508263154e-16, 'CHTR': 0.29999999999999977, 'VZ': 3.174543961037555e-16, 'NGG': 2.439454888092383e-17}","[{'date': Timestamp('2017-07-21 00:00:00'), 'exit_date': Timestamp('2017-07-28 00:00:00'), 'ticker': 'XOM', 'sector': 'Basic Matierials', 'allocated_amount': 9438.034833389, 'prob_up': 0.836962890625, 'expected_rise': 0.011125274291705223, 'actual_return': -0.006490326766462995, 'pnl': -61.25593010195474, 'exit_reason': 'scheduled'}, {'date': Timestamp('2017-07-21 00:00:00'), 'exit_date': Timestamp('2017-07-28 00:00:00'), 'ticker': 'BSAC', 'sector': 'Financial', 'allocated_amount': 4159.275330432684, 'prob_up': 0.6956521739130435, 'expected_rise': 0.010435015981770858, 'actual_return': 0.06127167393943456, 'pnl': 254.84576187060534, 'exit_reason': 'scheduled'}, {'date': Timestamp('2017-07-21 00:00:00'), 'exit_date': Timestamp('2017-07-28 00:00:00'), 'ticker': 'CHTR', 'sector': 'Services', 'allocated_amount': 10197.982622866246, 'prob_up': 0.6923076923076923, 'expected_rise': 0.01301759804196895, 'actual_return': 0.057674186866286004, 'pnl': 588.1603554503254, 'exit_reason': 'scheduled'}, {'date': Timestamp('2017-07-27 00:00:00'), 'exit_date': Timestamp('2017-07-28 00:00:00'), 'ticker': 'AGFS', 'sector': 'Conglomerates', 'allocated_amount': 7592.343282641712, 'prob_up': 0.6666666666666666, 'expected_rise': 0.032203449210480656, 'actual_return': 0.04057591623036649, 'pnl': 308.06628502865584, 'exit_reason': 'early_exit'}]","[{'ticker': 'XOM', 'sector': 'Basic Matierials', 'expected_rise': 0.011145557205484623, 'prob_up': 0.836962890625, 'investment_fraction': 0.13165749921342482, 'investment_amount': 9517.289533894935, 'predicted_prob': 0.836962890625, 'allocated_amount': 9517.289533894935, 'exit_date': Timestamp('2017-08-04 00:00:00')}, {'ticker': 'BSAC', 'sector': 'Financial', 'expected_rise': 0.010449723566233467, 'prob_up': 0.6956521739130435, 'investment_fraction': 0.08218404847671099, 'investment_amount': 4166.265879746428, 'predicted_prob': 0.6956521739130435, 'allocated_amount': 4166.265879746428, 'exit_date': Timestamp('2017-08-04 00:00:00')}, {'ticker': 'CHTR', 'sector': 'Services', 'expected_rise': 0.012977253035870091, 'prob_up': 0.6923076923076923, 'investment_fraction': 0.08860257166721697, 'investment_amount': 10262.666560231006, 'predicted_prob': 0.6923076923076923, 'allocated_amount': 10262.666560231006, 'exit_date': Timestamp('2017-08-04 00:00:00')}, {'ticker': 'AGFS', 'sector': 'Conglomerates', 'expected_rise': 0.03211600274888223, 'prob_up': 0.6666666666666666, 'investment_fraction': 0.0838648535024892, 'investment_amount': 10262.666560230991, 'predicted_prob': 0.6666666666666666, 'allocated_amount': 8204.285626030629, 'exit_date': Timestamp('2017-08-04 00:00:00')}]",5,100000.0,853,True,True,42,/mnt/primary/simulation/trained_models_meta,12,12,0.2,0.3,200,5,60,1.0,0.0001,0.3,True,True,0.3,0.7,0.3,0.5,0.5,0.1,3,100.0,0.5,"[[0.08, 0.6], [0.15, 0.35]]",meta,base,0.1451768429443134,15,128,32,1,0.6000000000000001,0.0,0.001415745628709,2.5137050405220336e-07,32.0,50,10,0.0046437191828983,10,0.8
2017-07-31,67620.48925748527,34625.5061889175,115418.35396305833,115418.35396305833,1388.7255160470268,0.012178637560783967,1,MPT_ONLY,34625.5061889175,32994.98306856777,True,False,"{'XOM': 0.2412819807813499, 'AGFS': 0.2999999999999997, 'PM': 0.15871801921865022, 'BSAC': 0.0, 'ABBV': 2.168404344971009e-17, 'DHR': 0.0, 'CHTR': 0.3, 'VZ': 1.8518173106052416e-16, 'NGG': 0.0}","[{'date': Timestamp('2017-07-24 00:00:00'), 'exit_date': Timestamp('2017-07-31 00:00:00'), 'ticker': 'XOM', 'sector': 'Basic Matierials', 'allocated_amount': 6144.091388806923, 'prob_up': 0.836962890625, 'expected_rise': 0.011126871313348063, 'actual_return': 0.0021284336248241775, 'pnl': 13.077290705929334, 'exit_reason': 'scheduled'}, {'date': Timestamp('2017-07-24 00:00:00'), 'exit_date': Timestamp('2017-07-31 00:00:00'), 'ticker': 'PM', 'sector': 'Consumer Goods', 'allocated_amount': 3042.0659275298144, 'prob_up': 0.80408935546875, 'expected_rise': 0.009868559475292442, 'actual_return': -0.018336277385282873, 'pnl': -55.7801646715045, 'exit_reason': 'scheduled'}, {'date': Timestamp('2017-07-24 00:00:00'), 'exit_date': Timestamp('2017-07-31 00:00:00'), 'ticker': 'BSAC', 'sector': 'Financial', 'allocated_amount': 4424.465301551392, 'prob_up': 0.6956521739130435, 'expected_rise': 0.010447356733118113, 'actual_return': 0.06759818731117817, 'pnl': 299.0858342060794, 'exit_reason': 'scheduled'}, {'date': Timestamp('2017-07-24 00:00:00'), 'exit_date': Timestamp('2017-07-31 00:00:00'), 'ticker': 'CHTR', 'sector': 'Services', 'allocated_amount': 10207.96696341611, 'prob_up': 0.6923076923076923, 'expected_rise': 0.013006607902524838, 'actual_return': 0.1260917479866488, 'pnl': 1287.1403978071005, 'exit_reason': 'scheduled'}, {'date': Timestamp('2017-07-28 00:00:00'), 'exit_date': Timestamp('2017-07-31 00:00:00'), 'ticker': 'AGFS', 'sector': 'Conglomerates', 'allocated_amount': 8204.285626030629, 'prob_up': 0.6666666666666666, 'expected_rise': 0.03211600274888223, 'actual_return': -0.018867924528301883, 'pnl': -154.79784200057787, 'exit_reason': 'early_exit'}]","[{'ticker': 'XOM', 'sector': 'Basic Matierials', 'expected_rise': 0.011149880312859224, 'prob_up': 0.836962890625, 'investment_fraction': 0.13170856615384582, 'investment_amount': 8354.510718818903, 'predicted_prob': 0.836962890625, 'allocated_amount': 8354.510718818903, 'exit_date': Timestamp('2017-08-07 00:00:00')}, {'ticker': 'PM', 'sector': 'Consumer Goods', 'expected_rise': 0.009879376918568042, 'prob_up': 0.80408935546875, 'investment_fraction': 0.11753109908987601, 'investment_amount': 5495.6917567481, 'predicted_prob': 0.80408935546875, 'allocated_amount': 5495.6917567481, 'exit_date': Timestamp('2017-08-07 00:00:00')}, {'ticker': 'CHTR', 'sector': 'Services', 'expected_rise': 0.013015184296615039, 'prob_up': 0.6923076923076923, 'investment_fraction': 0.08869565317589781, 'investment_amount': 10387.65185667525, 'predicted_prob': 0.6923076923076923, 'allocated_amount': 10387.65185667525, 'exit_date': Timestamp('2017-08-07 00:00:00')}, {'ticker': 'AGFS', 'sector': 'Conglomerates', 'expected_rise': 0.03205946868932294, 'prob_up': 0.6666666666666666, 'investment_fraction': 0.08371722552213584, 'investment_amount': 10387.65185667524, 'predicted_prob': 0.6666666666666666, 'allocated_amount': 8757.128736325525, 'exit_date': Timestamp('2017-08-07 00:00:00')}]",5,100000.0,853,True,True,42,/mnt/primary/simulation/trained_models_meta,12,12,0.2,0.3,200,5,60,1.0,0.0001,0.3,True,True,0.3,0.7,0.3,0.5,0.5,0.1,3,100.0,0.5,"[[0.08, 0.6], [0.15, 0.35]]",meta,base,0.1451768429443134,15,128,32,1,0.6000000000000001,0.0,0.001415745628709,2.5137050405220336e-07,32.0,50,10,0.0046437191828983,10,0.8
2017-08-01,68715.91145610213,35069.99632866503,116899.98776221674,116899.98776221676,1481.6337991584344,0.012837072686313178,1,MPT_ONLY,35069.99632866502,33645.915127437096,True,False,"{'XOM': 0.24140278795814343, 'AGFS': 0.30000000000000004, 'PM': 0.15859721204185648, 'BSAC': 0.0, 'NVS': 0.0, 'DHR': 3.1875543871073837e-17, 'CHTR': 0.30000000000000004, 'VZ': 1.9298798670241982e-17, 'NGG': 0.0}","[{'date': Timestamp('2017-07-25 00:00:00'), 'exit_date': Timestamp('2017-08-01 00:00:00'), 'ticker': 'XOM', 'sector': 'Basic Matierials', 'allocated_amount': 9569.190740629678, 'prob_up': 0.836962890625, 'expected_rise': 0.01112919446643984, 'actual_return': -0.0012457830289939187, 'pnl': -11.9211354258822, 'exit_reason': 'scheduled'}, {'date': Timestamp('2017-07-25 00:00:00'), 'exit_date': Timestamp('2017-08-01 00:00:00'), 'ticker': 'BSAC', 'sector': 'Financial', 'allocated_amount': 4060.3193917707104, 'prob_up': 0.6956521739130435, 'expected_rise': 0.010425790372721386, 'actual_return': 0.06883651328095763, 'pnl': 279.4982297365543, 'exit_reason': 'scheduled'}, {'date': Timestamp('2017-07-25 00:00:00'), 'exit_date': Timestamp('2017-08-01 00:00:00'), 'ticker': 'CHTR', 'sector': 'Services', 'allocated_amount': 10222.13259930029, 'prob_up': 0.6923076923076923, 'expected_rise': 0.01298979918084243, 'actual_return': 0.11327589942528737, 'pnl': 1157.9212642302912, 'exit_reason': 'scheduled'}, {'date': Timestamp('2017-07-31 00:00:00'), 'exit_date': Timestamp('2017-08-01 00:00:00'), 'ticker': 'AGFS', 'sector': 'Conglomerates', 'allocated_amount': 8757.128736325525, 'prob_up': 0.6666666666666666, 'expected_rise': 0.03205946868932294, 'actual_return': 0.0064102564102563875, 'pnl': 56.13544061747112, 'exit_reason': 'early_exit'}]","[{'ticker': 'XOM', 'sector': 'Basic Matierials', 'expected_rise': 0.011123236624221168, 'prob_up': 0.836962890625, 'investment_fraction': 0.13164134701112626, 'investment_amount': 8465.994887421592, 'predicted_prob': 0.836962890625, 'allocated_amount': 8465.994887421592, 'exit_date': Timestamp('2017-08-08 00:00:00')}, {'ticker': 'PM', 'sector': 'Consumer Goods', 'expected_rise': 0.0098794956578802, 'prob_up': 0.80408935546875, 'investment_fraction': 0.1175325116852227, 'investment_amount': 5562.003644044415, 'predicted_prob': 0.80408935546875, 'allocated_amount': 5562.003644044415, 'exit_date': Timestamp('2017-08-08 00:00:00')}, {'ticker': 'CHTR', 'sector': 'Services', 'expected_rise': 0.013144233363392871, 'prob_up': 0.6923076923076923, 'investment_fraction': 0.08900974725991834, 'investment_amount': 10520.998898599508, 'predicted_prob': 0.6923076923076923, 'allocated_amount': 10520.998898599508, 'exit_date': Timestamp('2017-08-08 00:00:00')}, {'ticker': 'AGFS', 'sector': 'Conglomerates', 'expected_rise': 0.03196935920231225, 'prob_up': 0.6666666666666666, 'investment_fraction': 0.08348192167730728, 'investment_amount': 10520.998898599508, 'predicted_prob': 0.6666666666666666, 'allocated_amount': 9096.91769737158, 'exit_date': Timestamp('2017-08-08 00:00:00')}]",5,100000.0,853,True,True,42,/mnt/primary/simulation/trained_models_meta,12,12,0.2,0.3,200,5,60,1.0,0.0001,0.3,True,True,0.3,0.7,0.3,0.5,0.5,0.1,3,100.0,0.5,"[[0.08, 0.6], [0.15, 0.35]]",meta,base,0.1451768429443134,15,128,32,1,0.6000000000000001,0.0,0.001415745628709,2.5137050405220336e-07,32.0,50,10,0.0046437191828983,10,0.8
2017-08-02,44294.3867581017,35108.238148284545,117027.46049428184,117027.46049428184,127.47273206507944,0.00109044264678948,1,MPT_ONLY,35108.23814828455,9186.148609817146,True,False,"{'XOM': 0.24252474054961048, 'AGFS': 0.2999999999999998, 'PM': 0.15747525945038962, 'BSAC': 2.567390744445674e-16, 'NVS': 0.0, 'LMT': 0.0, 'CHTR': 0.2999999999999999, 'VZ': 0.0, 'NGG': 0.0}","[{'date': Timestamp('2017-08-01 00:00:00'), 'exit_date': Timestamp('2017-08-02 00:00:00'), 'ticker': 'AGFS', 'sector': 'Conglomerates', 'allocated_amount': 9096.91769737158, 'prob_up': 0.6666666666666666, 'expected_rise': 0.03196935920231225, 'actual_return': 0.014012738853503182, 'pnl': 127.47273206507944, 'exit_reason': 'early_exit'}]","[{'ticker': 'PM', 'sector': 'Consumer Goods', 'expected_rise': 0.009880550982582727, 'prob_up': 0.80408935546875, 'investment_fraction': 0.11754506647214975, 'investment_amount': 5528.678911247176, 'predicted_prob': 0.80408935546875, 'allocated_amount': 5528.678911247176, 'exit_date': Timestamp('2017-08-09 00:00:00')}, {'ticker': 'AGFS', 'sector': 'Conglomerates', 'expected_rise': 0.03189783697446358, 'prob_up': 0.6666666666666666, 'investment_fraction': 0.08329515493651451, 'investment_amount': 10532.47144448536, 'predicted_prob': 0.6666666666666666, 'allocated_amount': 3657.46969856997, 'exit_date': Timestamp('2017-08-09 00:00:00')}]",5,100000.0,853,True,True,42,/mnt/primary/simulation/trained_models_meta,12,12,0.2,0.3,200,5,60,1.0,0.0001,0.3,True,True,0.3,0.7,0.3,0.5,0.5,0.1,3,100.0,0.5,"[[0.08, 0.6], [0.15, 0.35]]",meta,base,0.1451768429443134,15,128,32,1,0.6000000000000001,0.0,0.001415745628709,2.5137050405220336e-07,32.0,50,10,0.0046437191828983,10,0.8
2017-08-03,38549.75172143645,35043.451310659126,116811.50436886377,116811.50436886377,-215.95612541807594,-0.0018453457377093363,1,MPT_ONLY,35043.451310659126,3506.300410777316,True,False,"{'XOM': 0.24292428004247316, 'AGFS': 0.2999999999999998, 'PM': 0.15707571995752692, 'BSAC': 0.0, 'ABBV': 5.990217002982411e-17, 'LMT': 9.475926987523306e-17, 'CHTR': 0.29999999999999993, 'VZ': 0.0, 'NGG': 0.0}","[{'date': Timestamp('2017-08-02 00:00:00'), 'exit_date': Timestamp('2017-08-03 00:00:00'), 'ticker': 'AGFS', 'sector': 'Conglomerates', 'allocated_amount': 3657.46969856997, 'prob_up': 0.6666666666666666, 'expected_rise': 0.03189783697446358, 'actual_return': -0.05904522613065322, 'pnl': -215.95612541807594, 'exit_reason': 'early_exit'}]","[{'ticker': 'AGFS', 'sector': 'Conglomerates', 'expected_rise': 0.031932502245210645, 'prob_up': 0.6666666666666666, 'investment_fraction': 0.08338567672017355, 'investment_amount': 10513.035393197732, 'predicted_prob': 0.6666666666666666, 'allocated_amount': 3506.300410777316, 'exit_date': Timestamp('2017-08-10 00:00:00')}]",5,100000.0,853,True,True,42,/mnt/primary/simulation/trained_models_meta,12,12,0.2,0.3,200,5,60,1.0,0.0001,0.3,True,True,0.3,0.7,0.3,0.5,0.5,0.1,3,100.0,0.5,"[[0.08, 0.6], [0.15, 0.35]]",meta,base,0.1451768429443134,15,128,32,1,0.6000000000000001,0.0,0.001415745628709,2.5137050405220336e-07,32.0,50,10,0.0046437191828983,10,0.8
2017-08-04,63221.78722641607,35261.19536999131,117537.317899971,117537.317899971,725.8135311072591,0.006213544933171056,1,MPT_ONLY,35261.1953699913,27960.591856424762,True,False,"{'XOM': 0.2444842999602523, 'AGFS': 0.30000000000000004, 'PM': 0.15551570003974755, 'BSAC': 0.0, 'NVS': 6.179952383167377e-17, 'LMT': 3.295974604355934e-17, 'CHTR': 0.30000000000000004, 'TSM': 0.0, 'NGG': 3.230922474006804e-17}","[{'date': Timestamp('2017-07-28 00:00:00'), 'exit_date': Timestamp('2017-08-04 00:00:00'), 'ticker': 'XOM', 'sector': 'Basic Matierials', 'allocated_amount': 9517.289533894935, 'prob_up': 0.836962890625, 'expected_rise': 0.011145557205484623, 'actual_return': 0.007663329338274627, 'pnl': 72.9341241059511, 'exit_reason': 'scheduled'}, {'date': Timestamp('2017-07-28 00:00:00'), 'exit_date': Timestamp('2017-08-04 00:00:00'), 'ticker': 'BSAC', 'sector': 'Financial', 'allocated_amount': 4166.265879746428, 'prob_up': 0.6956521739130435, 'expected_rise': 0.010449723566233467, 'actual_return': 0.05773413007501338, 'pnl': 240.53573622837033, 'exit_reason': 'scheduled'}, {'date': Timestamp('2017-07-28 00:00:00'), 'exit_date': Timestamp('2017-08-04 00:00:00'), 'ticker': 'CHTR', 'sector': 'Services', 'allocated_amount': 10262.666560231006, 'prob_up': 0.6923076923076923, 'expected_rise': 0.012977253035870091, 'actual_return': 0.03881055099631192, 'pnl': 398.2997438939905, 'exit_reason': 'scheduled'}, {'date': Timestamp('2017-08-03 00:00:00'), 'exit_date': Timestamp('2017-08-04 00:00:00'), 'ticker': 'AGFS', 'sector': 'Conglomerates', 'allocated_amount': 3506.300410777316, 'prob_up': 0.6666666666666666, 'expected_rise': 0.031932502245210645, 'actual_return': 0.004005340453938411, 'pnl': 14.04392687894725, 'exit_reason': 'early_exit'}]","[{'ticker': 'XOM', 'sector': 'Basic Matierials', 'expected_rise': 0.011109299552479048, 'prob_up': 0.836962890625, 'investment_fraction': 0.1317111843379909, 'investment_amount': 8620.808665794013, 'predicted_prob': 0.836962890625, 'allocated_amount': 8620.808665794013, 'exit_date': Timestamp('2017-08-11 00:00:00')}, {'ticker': 'CHTR', 'sector': 'Services', 'expected_rise': 0.01337967746307001, 'prob_up': 0.6923076923076923, 'investment_fraction': 0.08957269839451479, 'investment_amount': 10578.358610997391, 'predicted_prob': 0.6923076923076923, 'allocated_amount': 10578.358610997391, 'exit_date': Timestamp('2017-08-11 00:00:00')}, {'ticker': 'AGFS', 'sector': 'Conglomerates', 'expected_rise': 0.032006086613235105, 'prob_up': 0.6666666666666666, 'investment_fraction': 0.08357782834915106, 'investment_amount': 10578.358610997391, 'predicted_prob': 0.6666666666666666, 'allocated_amount': 8761.424579633356, 'exit_date': Timestamp('2017-08-11 00:00:00')}]",5,100000.0,853,True,True,42,/mnt/primary/simulation/trained_models_meta,12,12,0.2,0.3,200,5,60,1.0,0.0001,0.3,True,True,0.3,0.7,0.3,0.5,0.5,0.1,3,100.0,0.5,"[[0.08, 0.6], [0.15, 0.35]]",meta,base,0.1451768429443134,15,128,32,1,0.6000000000000001,0.0,0.001415745628709,2.5137050405220336e-07,32.0,50,10,0.0046437191828983,10,0.8
2017-08-07,68012.69220133047,35186.860745830374,117289.53581943456,117289.53581943455,-247.78208053645798,-0.0021081141288873395,1,MPT_ONLY,35186.86074583037,32825.83145550008,True,False,"{'XOM': 0.24572292276634214, 'AGFS': 0.29999999999999977, 'PM': 0.15427707723365788, 'BSAC': 1.5265566588595902e-16, 'NVS': 0.0, 'DHR': 0.0, 'CHTR': 0.3, 'VZ': 1.3010426069826053e-18, 'NGG': 1.476683358925257e-16}","[{'date': Timestamp('2017-07-31 00:00:00'), 'exit_date': Timestamp('2017-08-07 00:00:00'), 'ticker': 'XOM', 'sector': 'Basic Matierials', 'allocated_amount': 8354.510718818903, 'prob_up': 0.836962890625, 'expected_rise': 0.011149880312859224, 'actual_return': 0.001499287837340102, 'pnl': 12.525816307652693, 'exit_reason': 'scheduled'}, {'date': Timestamp('2017-07-31 00:00:00'), 'exit_date': Timestamp('2017-08-07 00:00:00'), 'ticker': 'PM', 'sector': 'Consumer Goods', 'allocated_amount': 5495.6917567481, 'prob_up': 0.80408935546875, 'expected_rise': 0.009879376918568042, 'actual_return': -0.007282992093933571, 'pnl': -40.02507961509231, 'exit_reason': 'scheduled'}, {'date': Timestamp('2017-07-31 00:00:00'), 'exit_date': Timestamp('2017-08-07 00:00:00'), 'ticker': 'CHTR', 'sector': 'Services', 'allocated_amount': 10387.65185667525, 'prob_up': 0.6923076923076923, 'expected_rise': 0.013015184296615039, 'actual_return': -0.027935841957456353, 'pnl': -290.1878005771578, 'exit_reason': 'scheduled'}, {'date': Timestamp('2017-08-04 00:00:00'), 'exit_date': Timestamp('2017-08-07 00:00:00'), 'ticker': 'AGFS', 'sector': 'Conglomerates', 'allocated_amount': 8761.424579633356, 'prob_up': 0.6666666666666666, 'expected_rise': 0.032006086613235105, 'actual_return': 0.007978723404255428, 'pnl': 69.90498334813944, 'exit_reason': 'early_exit'}]","[{'ticker': 'XOM', 'sector': 'Basic Matierials', 'expected_rise': 0.011092800715505322, 'prob_up': 0.836962890625, 'investment_fraction': 0.13166943950581542, 'investment_amount': 8646.218265437712, 'predicted_prob': 0.836962890625, 'allocated_amount': 8646.218265437712, 'exit_date': Timestamp('2017-08-14 00:00:00')}, {'ticker': 'PM', 'sector': 'Consumer Goods', 'expected_rise': 0.009863464577831046, 'prob_up': 0.80408935546875, 'investment_fraction': 0.11734179617013452, 'investment_amount': 5428.526032894436, 'predicted_prob': 0.80408935546875, 'allocated_amount': 5428.526032894436, 'exit_date': Timestamp('2017-08-14 00:00:00')}, {'ticker': 'CHTR', 'sector': 'Services', 'expected_rise': 0.013391506389305205, 'prob_up': 0.6923076923076923, 'investment_fraction': 0.08960064361886305, 'investment_amount': 10556.058223749109, 'predicted_prob': 0.6923076923076923, 'allocated_amount': 10556.058223749109, 'exit_date': Timestamp('2017-08-14 00:00:00')}, {'ticker': 'AGFS', 'sector': 'Conglomerates', 'expected_rise': 0.032012042979962636, 'prob_up': 0.6666666666666666, 'investment_fraction': 0.0835933822718144, 'investment_amount': 10556.058223749102, 'predicted_prob': 0.6666666666666666, 'allocated_amount': 8195.028933418827, 'exit_date': Timestamp('2017-08-14 00:00:00')}]",5,100000.0,853,True,True,42,/mnt/primary/simulation/trained_models_meta,12,12,0.2,0.3,200,5,60,1.0,0.0001,0.3,True,True,0.3,0.7,0.3,0.5,0.5,0.1,3,100.0,0.5,"[[0.08, 0.6], [0.15, 0.35]]",meta,base,0.1451768429443134,15,128,32,1,0.6000000000000001,0.0,0.001415745628709,2.5137050405220336e-07,32.0,50,10,0.0046437191828983,10,0.8
2017-08-08,67686.86901258954,35113.65531681282,117045.51772270937,117045.51772270937,-244.0180967251683,-0.002080476276254073,1,MPT_ONLY,35113.65531681281,32573.213695776718,True,False,"{'XOM': 0.2447175237479915, 'AGFS': 0.3, 'PM': 0.15528247625200786, 'BSAC': 5.551115123125782e-17, 'ABBV': 1.2750217548429532e-16, 'DHR': 1.3617579286417936e-16, 'CHTR': 0.3, 'MSFT': 0.0, 'NGG': 3.3783739694648313e-16}","[{'date': Timestamp('2017-08-01 00:00:00'), 'exit_date': Timestamp('2017-08-08 00:00:00'), 'ticker': 'XOM', 'sector': 'Basic Matierials', 'allocated_amount': 8465.994887421592, 'prob_up': 0.836962890625, 'expected_rise': 0.011123236624221168, 'actual_return': -0.002619421295233293, 'pnl': -22.1760072934483, 'exit_reason': 'scheduled'}, {'date': Timestamp('2017-08-01 00:00:00'), 'exit_date': Timestamp('2017-08-08 00:00:00'), 'ticker': 'PM', 'sector': 'Consumer Goods', 'allocated_amount': 5562.003644044415, 'prob_up': 0.80408935546875, 'expected_rise': 0.0098794956578802, 'actual_return': -0.010441828023174615, 'pnl': -58.07748551538229, 'exit_reason': 'scheduled'}, {'date': Timestamp('2017-08-01 00:00:00'), 'exit_date': Timestamp('2017-08-08 00:00:00'), 'ticker': 'CHTR', 'sector': 'Services', 'allocated_amount': 10520.998898599508, 'prob_up': 0.6923076923076923, 'expected_rise': 0.013144233363392871, 'actual_return': 0.006014111098592068, 'pnl': 63.27445624434222, 'exit_reason': 'scheduled'}, {'date': Timestamp('2017-08-07 00:00:00'), 'exit_date': Timestamp('2017-08-08 00:00:00'), 'ticker': 'AGFS', 'sector': 'Conglomerates', 'allocated_amount': 8195.028933418827, 'prob_up': 0.6666666666666666, 'expected_rise': 0.032012042979962636, 'actual_return': -0.02770448548812665, 'pnl': -227.03906016067992, 'exit_reason': 'early_exit'}]","[{'ticker': 'XOM', 'sector': 'Basic Matierials', 'expected_rise': 0.011065348724004661, 'prob_up': 0.836962890625, 'investment_fraction': 0.1315997644583878, 'investment_amount': 8592.926778870926, 'predicted_prob': 0.836962890625, 'allocated_amount': 8592.926778870926, 'exit_date': Timestamp('2017-08-15 00:00:00')}, {'ticker': 'PM', 'sector': 'Consumer Goods', 'expected_rise': 0.009869104266231287, 'prob_up': 0.80408935546875, 'investment_fraction': 0.11740888934632046, 'investment_amount': 5452.535347854175, 'predicted_prob': 0.80408935546875, 'allocated_amount': 5452.535347854175, 'exit_date': Timestamp('2017-08-15 00:00:00')}, {'ticker': 'CHTR', 'sector': 'Services', 'expected_rise': 0.013388313780500642, 'prob_up': 0.6923076923076923, 'investment_fraction': 0.08957928233243297, 'investment_amount': 10534.096595043842, 'predicted_prob': 0.6923076923076923, 'allocated_amount': 10534.096595043842, 'exit_date': Timestamp('2017-08-15 00:00:00')}, {'ticker': 'AGFS', 'sector': 'Conglomerates', 'expected_rise': 0.03206780124246854, 'prob_up': 0.6666666666666666, 'investment_fraction': 0.0837389844052173, 'investment_amount': 10534.096595043842, 'predicted_prob': 0.6666666666666666, 'allocated_amount': 7993.654974007775, 'exit_date': Timestamp('2017-08-15 00:00:00')}]",5,100000.0,853,True,True,42,/mnt/primary/simulation/trained_models_meta,12,12,0.2,0.3,200,5,60,1.0,0.0001,0.3,True,True,0.3,0.7,0.3,0.5,0.5,0.1,3,100.0,0.5,"[[0.08, 0.6], [0.15, 0.35]]",meta,base,0.1451768429443134,15,128,32,1,0.6000000000000001,0.0,0.001415745628709,2.5137050405220336e-07,32.0,50,10,0.0046437191828983,10,0.8
2017-08-09,48833.723515385864,35172.975610808244,117243.25203602746,117243.25203602746,197.73431331807907,0.001689379629099097,1,MPT_ONLY,35172.97561080824,13660.747904577616,True,False,"{'XOM': 0.29999999999999993, 'AGFS': 0.3000000000000001, 'PM': 0.09302449369893642, 'BAC': 1.055470814914639e-16, 'UNH': 0.006975506301063233, 'LMT': 1.8735013540549524e-16, 'CHTR': 0.29999999999999977, 'VZ': 1.4013313079375152e-16, 'NGG': 3.165870343657674e-17}","[{'date': Timestamp('2017-08-02 00:00:00'), 'exit_date': Timestamp('2017-08-09 00:00:00'), 'ticker': 'PM', 'sector': 'Consumer Goods', 'allocated_amount': 5528.678911247176, 'prob_up': 0.80408935546875, 'expected_rise': 0.009880550982582727, 'actual_return': 0.008299886495718, 'pnl': 45.88740743462134, 'exit_reason': 'scheduled'}, {'date': Timestamp('2017-08-08 00:00:00'), 'exit_date': Timestamp('2017-08-09 00:00:00'), 'ticker': 'AGFS', 'sector': 'Conglomerates', 'allocated_amount': 7993.654974007775, 'prob_up': 0.6666666666666666, 'expected_rise': 0.03206780124246854, 'actual_return': 0.01899592944369055, 'pnl': 151.84690588345774, 'exit_reason': 'early_exit'}]","[{'ticker': 'PM', 'sector': 'Consumer Goods', 'expected_rise': 0.009873152719884894, 'prob_up': 0.80408935546875, 'investment_fraction': 0.11745705222252661, 'investment_amount': 3271.9482480804754, 'predicted_prob': 0.80408935546875, 'allocated_amount': 3271.9482480804754, 'exit_date': Timestamp('2017-08-16 00:00:00')}, {'ticker': 'AGFS', 'sector': 'Conglomerates', 'expected_rise': 0.032059812535271, 'prob_up': 0.6666666666666666, 'investment_fraction': 0.08371812341065227, 'investment_amount': 10551.892683242475, 'predicted_prob': 0.6666666666666666, 'allocated_amount': 10388.79965649714, 'exit_date': Timestamp('2017-08-16 00:00:00')}]",5,100000.0,853,True,True,42,/mnt/primary/simulation/trained_models_meta,12,12,0.2,0.3,200,5,60,1.0,0.0001,0.3,True,True,0.3,0.7,0.3,0.5,0.5,0.1,3,100.0,0.5,"[[0.08, 0.6], [0.15, 0.35]]",meta,base,0.1451768429443134,15,128,32,1,0.6000000000000001,0.0,0.001415745628709,2.5137050405220336e-07,32.0,50,10,0.0046437191828983,10,0.8
2017-08-10,45451.108959379984,35139.775718430625,117132.58572810206,117132.58572810206,-110.66630792540188,-0.0009439034315714689,1,MPT_ONLY,35139.77571843062,10311.33324094936,True,False,"{'XOM': 0.3, 'AGFS': 0.2999999999999997, 'PM': 0.09288928526241767, 'BAC': 3.71881345162528e-16, 'UNH': 0.007110714737582208, 'DHR': 3.469446951953614e-17, 'CHTR': 0.3, 'VZ': 2.7755575615628914e-17, 'NGG': 4.85722573273506e-17}","[{'date': Timestamp('2017-08-09 00:00:00'), 'exit_date': Timestamp('2017-08-10 00:00:00'), 'ticker': 'AGFS', 'sector': 'Conglomerates', 'allocated_amount': 10388.79965649714, 'prob_up': 0.6666666666666666, 'expected_rise': 0.032059812535271, 'actual_return': -0.010652463382157085, 'pnl': -110.66630792540188, 'exit_reason': 'early_exit'}]","[{'ticker': 'AGFS', 'sector': 'Conglomerates', 'expected_rise': 0.03206070338186755, 'prob_up': 0.6666666666666666, 'investment_fraction': 0.08372044968767672, 'investment_amount': 10541.932715529176, 'predicted_prob': 0.6666666666666666, 'allocated_amount': 10311.33324094936, 'exit_date': Timestamp('2017-08-17 00:00:00')}]",5,100000.0,853,True,True,42,/mnt/primary/simulation/trained_models_meta,12,12,0.2,0.3,200,5,60,1.0,0.0001,0.3,True,True,0.3,0.7,0.3,0.5,0.5,0.1,3,100.0,0.5,"[[0.08, 0.6], [0.15, 0.35]]",meta,base,0.1451768429443134,15,128,32,1,0.6000000000000001,0.0,0.001415745628709,2.5137050405220336e-07,32.0,50,10,0.0046437191828983,10,0.8
2017-08-11,64526.08272002715,35102.51766358735,117008.39221195782,117008.39221195782,-124.19351614423599,-0.0010602815209127536,1,MPT_ONLY,35102.51766358734,29423.56505643981,True,False,"{'XOM': 0.29999999999999993, 'AGFS': 0.3000000000000001, 'PM': 0.092546785711357, 'BAC': 0.0, 'UNH': 0.00745321428864282, 'DHR': 0.0, 'CHTR': 0.3000000000000001, 'VZ': 0.0, 'NGG': 4.5102810375396997e-17}","[{'date': Timestamp('2017-08-04 00:00:00'), 'exit_date': Timestamp('2017-08-11 00:00:00'), 'ticker': 'XOM', 'sector': 'Basic Matierials', 'allocated_amount': 8620.808665794013, 'prob_up': 0.836962890625, 'expected_rise': 0.011109299552479048, 'actual_return': -0.02493454712547749, 'pnl': -214.95595993696554, 'exit_reason': 'scheduled'}, {'date': Timestamp('2017-08-04 00:00:00'), 'exit_date': Timestamp('2017-08-11 00:00:00'), 'ticker': 'CHTR', 'sector': 'Services', 'allocated_amount': 10578.358610997391, 'prob_up': 0.6923076923076923, 'expected_rise': 0.01337967746307001, 'actual_return': 0.02563498653725671, 'pnl': 271.1760805791917, 'exit_reason': 'scheduled'}, {'date': Timestamp('2017-08-10 00:00:00'), 'exit_date': Timestamp('2017-08-11 00:00:00'), 'ticker': 'AGFS', 'sector': 'Conglomerates', 'allocated_amount': 10311.33324094936, 'prob_up': 0.6666666666666666, 'expected_rise': 0.03206070338186755, 'actual_return': -0.01749663526244949, 'pnl': -180.41363678646215, 'exit_reason': 'early_exit'}]","[{'ticker': 'XOM', 'sector': 'Basic Matierials', 'expected_rise': 0.011075639914256709, 'prob_up': 0.836962890625, 'investment_fraction': 0.13172215718607724, 'investment_amount': 10530.755299076201, 'predicted_prob': 0.836962890625, 'allocated_amount': 10530.755299076201, 'exit_date': Timestamp('2017-08-18 00:00:00')}, {'ticker': 'CHTR', 'sector': 'Services', 'expected_rise': 0.013379888120828323, 'prob_up': 0.6923076923076923, 'investment_fraction': 0.08955937172274153, 'investment_amount': 10530.755299076207, 'predicted_prob': 0.6923076923076923, 'allocated_amount': 10530.755299076207, 'exit_date': Timestamp('2017-08-18 00:00:00')}, {'ticker': 'AGFS', 'sector': 'Conglomerates', 'expected_rise': 0.032153481799163185, 'prob_up': 0.6666666666666666, 'investment_fraction': 0.08396272293804136, 'investment_amount': 10530.755299076207, 'predicted_prob': 0.6666666666666666, 'allocated_amount': 8362.054458287399, 'exit_date': Timestamp('2017-08-18 00:00:00')}]",5,100000.0,853,True,True,42,/mnt/primary/simulation/trained_models_meta,12,12,0.2,0.3,200,5,60,1.0,0.0001,0.3,True,True,0.3,0.7,0.3,0.5,0.5,0.1,3,100.0,0.5,"[[0.08, 0.6], [0.15, 0.35]]",meta,base,0.1451768429443134,15,128,32,1,0.6000000000000001,0.0,0.001415745628709,2.5137050405220336e-07,32.0,50,10,0.0046437191828983,10,0.8
2017-08-14,68402.87313926389,35194.76721217973,117315.89070726572,117315.8907072657,307.4984953078751,0.002628003765327014,1,MPT_ONLY,35194.767212179715,33208.10592708415,True,False,"{'XOM': 0.3, 'AGFS': 0.2999999999999999, 'PM': 0.08998232775853748, 'BAC': 0.0, 'UNH': 0.01001767224146273, 'DHR': 0.0, 'CHTR': 0.3, 'VZ': 0.0, 'NGG': 0.0}","[{'date': Timestamp('2017-08-07 00:00:00'), 'exit_date': Timestamp('2017-08-14 00:00:00'), 'ticker': 'XOM', 'sector': 'Basic Matierials', 'allocated_amount': 8646.218265437712, 'prob_up': 0.836962890625, 'expected_rise': 0.011092800715505322, 'actual_return': -0.024076857580995203, 'pnl': -208.17376579114318, 'exit_reason': 'scheduled'}, {'date': Timestamp('2017-08-07 00:00:00'), 'exit_date': Timestamp('2017-08-14 00:00:00'), 'ticker': 'PM', 'sector': 'Consumer Goods', 'allocated_amount': 5428.526032894436, 'prob_up': 0.80408935546875, 'expected_rise': 0.009863464577831046, 'actual_return': -0.009494208445587682, 'pnl': -51.53955770859895, 'exit_reason': 'scheduled'}, {'date': Timestamp('2017-08-07 00:00:00'), 'exit_date': Timestamp('2017-08-14 00:00:00'), 'ticker': 'CHTR', 'sector': 'Services', 'allocated_amount': 10556.058223749109, 'prob_up': 0.6923076923076923, 'expected_rise': 0.013391506389305205, 'actual_return': 0.052648151223373185, 'pnl': 555.7569496866752, 'exit_reason': 'scheduled'}, {'date': Timestamp('2017-08-11 00:00:00'), 'exit_date': Timestamp('2017-08-14 00:00:00'), 'ticker': 'AGFS', 'sector': 'Conglomerates', 'allocated_amount': 8362.054458287399, 'prob_up': 0.6666666666666666, 'expected_rise': 0.032153481799163185, 'actual_return': 0.00136986301369868, 'pnl': 11.45486912094206, 'exit_reason': 'early_exit'}]","[{'ticker': 'XOM', 'sector': 'Basic Matierials', 'expected_rise': 0.01107332761905467, 'prob_up': 0.836962890625, 'investment_fraction': 0.13169465714865988, 'investment_amount': 10558.430163653915, 'predicted_prob': 0.836962890625, 'allocated_amount': 10558.430163653915, 'exit_date': Timestamp('2017-08-21 00:00:00')}, {'ticker': 'PM', 'sector': 'Consumer Goods', 'expected_rise': 0.009844613108284436, 'prob_up': 0.80408935546875, 'investment_fraction': 0.11743510838357535, 'investment_amount': 3166.9070786717834, 'predicted_prob': 0.80408935546875, 'allocated_amount': 3166.9070786717834, 'exit_date': Timestamp('2017-08-21 00:00:00')}, {'ticker': 'CHTR', 'sector': 'Services', 'expected_rise': 0.013374312372306397, 'prob_up': 0.6923076923076923, 'investment_fraction': 0.08954618679477214, 'investment_amount': 10558.430163653915, 'predicted_prob': 0.6923076923076923, 'allocated_amount': 10558.430163653915, 'exit_date': Timestamp('2017-08-21 00:00:00')}, {'ticker': 'AGFS', 'sector': 'Conglomerates', 'expected_rise': 0.03220520313784332, 'prob_up': 0.6666666666666666, 'investment_fraction': 0.08409778341008325, 'investment_amount': 10558.43016365391, 'predicted_prob': 0.6666666666666666, 'allocated_amount': 8924.338521104539, 'exit_date': Timestamp('2017-08-21 00:00:00')}]",5,100000.0,853,True,True,42,/mnt/primary/simulation/trained_models_meta,12,12,0.2,0.3,200,5,60,1.0,0.0001,0.3,True,True,0.3,0.7,0.3,0.5,0.5,0.1,3,100.0,0.5,"[[0.08, 0.6], [0.15, 0.35]]",meta,base,0.1451768429443134,15,128,32,1,0.6000000000000001,0.0,0.001415745628709,2.5137050405220336e-07,32.0,50,10,0.0046437191828983,10,0.8
2017-08-15,68614.9114396103,35169.641307546844,117232.1376918228,117232.13769182279,-83.75301544292746,-0.0007139102378882489,1,MPT_ONLY,35169.64130754684,33445.27013206345,True,False,"{'XOM': 0.3, 'AGFS': 0.3, 'PM': 0.08981761371977515, 'BAC': 0.0, 'UNH': 0.010182386280224824, 'DHR': 0.0, 'CHTR': 0.3, 'VZ': 0.0, 'NGG': 0.0}","[{'date': Timestamp('2017-08-08 00:00:00'), 'exit_date': Timestamp('2017-08-15 00:00:00'), 'ticker': 'XOM', 'sector': 'Basic Matierials', 'allocated_amount': 8592.926778870926, 'prob_up': 0.836962890625, 'expected_rise': 0.011065348724004661, 'actual_return': -0.02401198129079507, 'pnl': -206.3331970474206, 'exit_reason': 'scheduled'}, {'date': Timestamp('2017-08-08 00:00:00'), 'exit_date': Timestamp('2017-08-15 00:00:00'), 'ticker': 'PM', 'sector': 'Consumer Goods', 'allocated_amount': 5452.535347854175, 'prob_up': 0.80408935546875, 'expected_rise': 0.009869104266231287, 'actual_return': 0.01874947272607419, 'pnl': 102.2321627925473, 'exit_reason': 'scheduled'}, {'date': Timestamp('2017-08-08 00:00:00'), 'exit_date': Timestamp('2017-08-15 00:00:00'), 'ticker': 'CHTR', 'sector': 'Services', 'allocated_amount': 10534.096595043842, 'prob_up': 0.6923076923076923, 'expected_rise': 0.013388313780500642, 'actual_return': 0.02047469146889025, 'pnl': 215.68237768701, 'exit_reason': 'scheduled'}, {'date': Timestamp('2017-08-14 00:00:00'), 'exit_date': Timestamp('2017-08-15 00:00:00'), 'ticker': 'AGFS', 'sector': 'Conglomerates', 'allocated_amount': 8924.338521104539, 'prob_up': 0.6666666666666666, 'expected_rise': 0.03220520313784332, 'actual_return': -0.02188782489740071, 'pnl': -195.33435887506414, 'exit_reason': 'early_exit'}]","[{'ticker': 'XOM', 'sector': 'Basic Matierials', 'expected_rise': 0.01107132800743375, 'prob_up': 0.836962890625, 'investment_fraction': 0.13167087584498072, 'investment_amount': 10550.892392264052, 'predicted_prob': 0.836962890625, 'allocated_amount': 10550.892392264052, 'exit_date': Timestamp('2017-08-22 00:00:00')}, {'ticker': 'PM', 'sector': 'Consumer Goods', 'expected_rise': 0.009849077356615277, 'prob_up': 0.80408935546875, 'investment_fraction': 0.11748836182084271, 'investment_amount': 3158.8532576242897, 'predicted_prob': 0.80408935546875, 'allocated_amount': 3158.8532576242897, 'exit_date': Timestamp('2017-08-22 00:00:00')}, {'ticker': 'CHTR', 'sector': 'Services', 'expected_rise': 0.01340417710333526, 'prob_up': 0.6923076923076923, 'investment_fraction': 0.08961672486040478, 'investment_amount': 10550.892392264052, 'predicted_prob': 0.6923076923076923, 'allocated_amount': 10550.892392264052, 'exit_date': Timestamp('2017-08-22 00:00:00')}, {'ticker': 'AGFS', 'sector': 'Conglomerates', 'expected_rise': 0.032244424361067295, 'prob_up': 0.6666666666666666, 'investment_fraction': 0.08420020220004244, 'investment_amount': 10550.892392264052, 'predicted_prob': 0.6666666666666666, 'allocated_amount': 9184.632089911058, 'exit_date': Timestamp('2017-08-22 00:00:00')}]",5,100000.0,853,True,True,42,/mnt/primary/simulation/trained_models_meta,12,12,0.2,0.3,200,5,60,1.0,0.0001,0.3,True,True,0.3,0.7,0.3,0.5,0.5,0.1,3,100.0,0.5,"[[0.08, 0.6], [0.15, 0.35]]",meta,base,0.1451768429443134,15,128,32,1,0.6000000000000001,0.0,0.001415745628709,2.5137050405220336e-07,32.0,50,10,0.0046437191828983,10,0.8
2017-08-16,47679.14947822566,35185.51965735302,117285.06552451008,117285.06552451008,52.927832687281956,0.00045147886688234884,1,MPT_ONLY,35185.51965735302,12493.629820872637,True,False,"{'XOM': 0.25886338433526285, 'AGFS': 0.29999999999999977, 'PM': 0.1411366156647372, 'BAC': 1.8214596497756478e-17, 'UNH': 0.0, 'DHR': 1.3205582460873446e-16, 'CHTR': 0.30000000000000004, 'VZ': 0.0, 'NGG': 0.0}","[{'date': Timestamp('2017-08-09 00:00:00'), 'exit_date': Timestamp('2017-08-16 00:00:00'), 'ticker': 'PM', 'sector': 'Consumer Goods', 'allocated_amount': 3271.9482480804754, 'prob_up': 0.80408935546875, 'expected_rise': 0.009873152719884894, 'actual_return': 0.020102234811463893, 'pnl': 65.77347197387164, 'exit_reason': 'scheduled'}, {'date': Timestamp('2017-08-15 00:00:00'), 'exit_date': Timestamp('2017-08-16 00:00:00'), 'ticker': 'AGFS', 'sector': 'Conglomerates', 'allocated_amount': 9184.632089911058, 'prob_up': 0.6666666666666666, 'expected_rise': 0.032244424361067295, 'actual_return': -0.0013986013986014845, 'pnl': -12.84563928658968, 'exit_reason': 'early_exit'}]","[{'ticker': 'PM', 'sector': 'Consumer Goods', 'expected_rise': 0.00985205838652152, 'prob_up': 0.80408935546875, 'investment_fraction': 0.11749794079658255, 'investment_amount': 4965.9651648438885, 'predicted_prob': 0.80408935546875, 'allocated_amount': 4965.9651648438885, 'exit_date': Timestamp('2017-08-23 00:00:00')}, {'ticker': 'AGFS', 'sector': 'Conglomerates', 'expected_rise': 0.03229395094586007, 'prob_up': 0.6666666666666666, 'investment_fraction': 0.0843295314883291, 'investment_amount': 10555.655897205897, 'predicted_prob': 0.6666666666666666, 'allocated_amount': 7527.664656028748, 'exit_date': Timestamp('2017-08-23 00:00:00')}]",5,100000.0,853,True,True,42,/mnt/primary/simulation/trained_models_meta,12,12,0.2,0.3,200,5,60,1.0,0.0001,0.3,True,True,0.3,0.7,0.3,0.5,0.5,0.1,3,100.0,0.5,"[[0.08, 0.6], [0.15, 0.35]]",meta,base,0.1451768429443134,15,128,32,1,0.6000000000000001,0.0,0.001415745628709,2.5137050405220336e-07,32.0,50,10,0.0046437191828983,10,0.8
2017-08-17,42586.668941011536,35147.56504564195,117158.55015213984,117158.55015213984,-126.51537237023145,-0.001078699762876445,1,MPT_ONLY,35147.56504564195,7439.1038953695825,True,False,"{'XOM': 0.2586426804733575, 'AGFS': 0.30000000000000004, 'PM': 0.1413573195266425, 'BAC': 3.989863994746657e-17, 'UNH': 8.326672684688675e-17, 'HON': 9.714451465470121e-17, 'CHTR': 0.2999999999999997, 'VZ': 5.551115123125784e-17, 'NGG': 9.085614205428528e-17}","[{'date': Timestamp('2017-08-16 00:00:00'), 'exit_date': Timestamp('2017-08-17 00:00:00'), 'ticker': 'AGFS', 'sector': 'Conglomerates', 'allocated_amount': 7527.664656028748, 'prob_up': 0.6666666666666666, 'expected_rise': 0.03229395094586007, 'actual_return': -0.01680672268907568, 'pnl': -126.51537237023145, 'exit_reason': 'early_exit'}]","[{'ticker': 'AGFS', 'sector': 'Conglomerates', 'expected_rise': 0.032306970018833266, 'prob_up': 0.6666666666666666, 'investment_fraction': 0.08436352832959768, 'investment_amount': 10544.269513692587, 'predicted_prob': 0.6666666666666666, 'allocated_amount': 7439.1038953695825, 'exit_date': Timestamp('2017-08-24 00:00:00')}]",5,100000.0,853,True,True,42,/mnt/primary/simulation/trained_models_meta,12,12,0.2,0.3,200,5,60,1.0,0.0001,0.3,True,True,0.3,0.7,0.3,0.5,0.5,0.1,3,100.0,0.5,"[[0.08, 0.6], [0.15, 0.35]]",meta,base,0.1451768429443134,15,128,32,1,0.6000000000000001,0.0,0.001415745628709,2.5137050405220336e-07,32.0,50,10,0.0046437191828983,10,0.8
2017-08-18,63385.61095359338,35068.79446997079,116895.98156656927,116895.98156656927,-262.5685855705662,-0.0022411389115826186,1,MPT_ONLY,35068.79446997078,28316.816483622584,True,False,"{'XOM': 0.3, 'AGFS': 0.3, 'PM': 0.10000000000000003, 'BAC': 0.0, 'ABBV': 3.9898639947466563e-17, 'DHR': 0.0, 'CHTR': 0.3, 'VZ': 5.0306980803327406e-17, 'NGG': 0.0}","[{'date': Timestamp('2017-08-11 00:00:00'), 'exit_date': Timestamp('2017-08-18 00:00:00'), 'ticker': 'XOM', 'sector': 'Basic Matierials', 'allocated_amount': 10530.755299076201, 'prob_up': 0.836962890625, 'expected_rise': 0.011075639914256709, 'actual_return': -0.020074159571335515, 'pnl': -211.39606228034273, 'exit_reason': 'scheduled'}, {'date': Timestamp('2017-08-11 00:00:00'), 'exit_date': Timestamp('2017-08-18 00:00:00'), 'ticker': 'CHTR', 'sector': 'Services', 'allocated_amount': 10530.755299076207, 'prob_up': 0.6923076923076923, 'expected_rise': 0.013379888120828323, 'actual_return': -0.003853048337170595, 'pnl': -40.57550919425601, 'exit_reason': 'scheduled'}, {'date': Timestamp('2017-08-17 00:00:00'), 'exit_date': Timestamp('2017-08-18 00:00:00'), 'ticker': 'AGFS', 'sector': 'Conglomerates', 'allocated_amount': 7439.1038953695825, 'prob_up': 0.6666666666666666, 'expected_rise': 0.032306970018833266, 'actual_return': -0.0014245014245013454, 'pnl': -10.597014095967477, 'exit_reason': 'early_exit'}]","[{'ticker': 'XOM', 'sector': 'Basic Matierials', 'expected_rise': 0.011058277781796409, 'prob_up': 0.836962890625, 'investment_fraction': 0.13151567001615067, 'investment_amount': 10520.638340991234, 'predicted_prob': 0.836962890625, 'allocated_amount': 10520.638340991234, 'exit_date': Timestamp('2017-08-25 00:00:00')}, {'ticker': 'CHTR', 'sector': 'Services', 'expected_rise': 0.01341740967486488, 'prob_up': 0.6923076923076923, 'investment_fraction': 0.08975873707417265, 'investment_amount': 10520.638340991234, 'predicted_prob': 0.6923076923076923, 'allocated_amount': 10520.638340991234, 'exit_date': Timestamp('2017-08-25 00:00:00')}, {'ticker': 'AGFS', 'sector': 'Conglomerates', 'expected_rise': 0.03230895379323723, 'prob_up': 0.6666666666666666, 'investment_fraction': 0.08436870858042377, 'investment_amount': 10520.638340991234, 'predicted_prob': 0.6666666666666666, 'allocated_amount': 7275.539801640116, 'exit_date': Timestamp('2017-08-25 00:00:00')}]",5,100000.0,853,True,True,42,/mnt/primary/simulation/trained_models_meta,12,12,0.2,0.3,200,5,60,1.0,0.0001,0.3,True,True,0.3,0.7,0.3,0.5,0.5,0.1,3,100.0,0.5,"[[0.08, 0.6], [0.15, 0.35]]",meta,base,0.1451768429443134,15,128,32,1,0.6000000000000001,0.0,0.001415745628709,2.5137050405220336e-07,32.0,50,10,0.0046437191828983,10,0.8
2017-08-21,66391.05581430958,34997.680710986504,116658.93570328834,116658.93570328834,-237.04586328092844,-0.0020278358597463075,1,MPT_ONLY,34997.680710986504,31393.375103323084,True,False,"{'XOM': 0.30000000000000016, 'AGFS': 0.30000000000000016, 'PM': 0.09999999999999945, 'BAC': 0.0, 'NVS': 0.0, 'DHR': 4.1633363423443395e-17, 'CHTR': 0.30000000000000004, 'VZ': 6.41847686111419e-17, 'NGG': 7.025630077706072e-17}","[{'date': Timestamp('2017-08-14 00:00:00'), 'exit_date': Timestamp('2017-08-21 00:00:00'), 'ticker': 'XOM', 'sector': 'Basic Matierials', 'allocated_amount': 10558.430163653915, 'prob_up': 0.836962890625, 'expected_rise': 0.01107332761905467, 'actual_return': -0.023648292586669006, 'pnl': -249.6888457659993, 'exit_reason': 'scheduled'}, {'date': Timestamp('2017-08-14 00:00:00'), 'exit_date': Timestamp('2017-08-21 00:00:00'), 'ticker': 'PM', 'sector': 'Consumer Goods', 'allocated_amount': 3166.9070786717834, 'prob_up': 0.80408935546875, 'expected_rise': 0.009844613108284436, 'actual_return': 0.01298360033141166, 'pnl': 41.1178557961929, 'exit_reason': 'scheduled'}, {'date': Timestamp('2017-08-14 00:00:00'), 'exit_date': Timestamp('2017-08-21 00:00:00'), 'ticker': 'CHTR', 'sector': 'Services', 'allocated_amount': 10558.430163653915, 'prob_up': 0.6923076923076923, 'expected_rise': 0.013374312372306397, 'actual_return': -0.011543769696990669, 'pnl': -121.8840861709803, 'exit_reason': 'scheduled'}, {'date': Timestamp('2017-08-18 00:00:00'), 'exit_date': Timestamp('2017-08-21 00:00:00'), 'ticker': 'AGFS', 'sector': 'Conglomerates', 'allocated_amount': 7275.539801640116, 'prob_up': 0.6666666666666666, 'expected_rise': 0.03230895379323723, 'actual_return': 0.012838801711840153, 'pnl': 93.40921285985829, 'exit_reason': 'early_exit'}]","[{'ticker': 'XOM', 'sector': 'Basic Matierials', 'expected_rise': 0.011057728034117417, 'prob_up': 0.836962890625, 'investment_fraction': 0.1315091318882641, 'investment_amount': 10499.304213295956, 'predicted_prob': 0.836962890625, 'allocated_amount': 10499.304213295956, 'exit_date': Timestamp('2017-08-28 00:00:00')}, {'ticker': 'PM', 'sector': 'Consumer Goods', 'expected_rise': 0.009835141488245795, 'prob_up': 0.80408935546875, 'investment_fraction': 0.11744352529392728, 'investment_amount': 3499.768071098631, 'predicted_prob': 0.80408935546875, 'allocated_amount': 3499.768071098631, 'exit_date': Timestamp('2017-08-28 00:00:00')}, {'ticker': 'CHTR', 'sector': 'Services', 'expected_rise': 0.013432347640311655, 'prob_up': 0.6923076923076923, 'investment_fraction': 0.08985866790623719, 'investment_amount': 10499.304213295953, 'predicted_prob': 0.6923076923076923, 'allocated_amount': 10499.304213295953, 'exit_date': Timestamp('2017-08-28 00:00:00')}, {'ticker': 'AGFS', 'sector': 'Conglomerates', 'expected_rise': 0.03233922285295995, 'prob_up': 0.6666666666666666, 'investment_fraction': 0.08444775049230656, 'investment_amount': 10499.304213295956, 'predicted_prob': 0.6666666666666666, 'allocated_amount': 6894.998605632543, 'exit_date': Timestamp('2017-08-28 00:00:00')}]",5,100000.0,853,True,True,42,/mnt/primary/simulation/trained_models_meta,12,12,0.2,0.3,200,5,60,1.0,0.0001,0.3,True,True,0.3,0.7,0.3,0.5,0.5,0.1,3,100.0,0.5,"[[0.08, 0.6], [0.15, 0.35]]",meta,base,0.1451768429443134,15,128,32,1,0.6000000000000001,0.0,0.001415745628709,2.5137050405220336e-07,32.0,50,10,0.0046437191828983,10,0.8
2017-08-22,65827.03047293004,34899.79464523409,116332.64881744694,116332.64881744693,-326.28688584141014,-0.0027969300754747684,1,MPT_ONLY,34899.794645234084,30927.23582769595,True,False,"{'XOM': 0.22257546190873068, 'AGFS': 0.2999999999999994, 'PM': 0.17742453809126985, 'BAC': 3.968179951296947e-17, 'UNH': 2.0816681711721688e-17, 'DHR': 3.0357660829594128e-18, 'CHTR': 0.2999999999999998, 'VZ': 2.4264444620225594e-16, 'NGG': 9.020562075079398e-17}","[{'date': Timestamp('2017-08-15 00:00:00'), 'exit_date': Timestamp('2017-08-22 00:00:00'), 'ticker': 'XOM', 'sector': 'Basic Matierials', 'allocated_amount': 10550.892392264052, 'prob_up': 0.836962890625, 'expected_rise': 0.01107132800743375, 'actual_return': -0.01665816226732242, 'pnl': -175.7584775353922, 'exit_reason': 'scheduled'}, {'date': Timestamp('2017-08-15 00:00:00'), 'exit_date': Timestamp('2017-08-22 00:00:00'), 'ticker': 'PM', 'sector': 'Consumer Goods', 'allocated_amount': 3158.8532576242897, 'prob_up': 0.80408935546875, 'expected_rise': 0.009849077356615277, 'actual_return': -0.005050479369970828, 'pnl': -15.953723210396621, 'exit_reason': 'scheduled'}, {'date': Timestamp('2017-08-15 00:00:00'), 'exit_date': Timestamp('2017-08-22 00:00:00'), 'ticker': 'CHTR', 'sector': 'Services', 'allocated_amount': 10550.892392264052, 'prob_up': 0.6923076923076923, 'expected_rise': 0.01340417710333526, 'actual_return': -0.0017097603429276909, 'pnl': -18.039497394790548, 'exit_reason': 'scheduled'}, {'date': Timestamp('2017-08-21 00:00:00'), 'exit_date': Timestamp('2017-08-22 00:00:00'), 'ticker': 'AGFS', 'sector': 'Conglomerates', 'allocated_amount': 6894.998605632543, 'prob_up': 0.6666666666666666, 'expected_rise': 0.03233922285295995, 'actual_return': -0.016901408450704092, 'pnl': -116.5351877008308, 'exit_reason': 'early_exit'}]","[{'ticker': 'XOM', 'sector': 'Basic Matierials', 'expected_rise': 0.011055932854275719, 'prob_up': 0.836962890625, 'investment_fraction': 0.13148778188382948, 'investment_amount': 7767.837913682822, 'predicted_prob': 0.836962890625, 'allocated_amount': 7767.837913682822, 'exit_date': Timestamp('2017-08-29 00:00:00')}, {'ticker': 'PM', 'sector': 'Consumer Goods', 'expected_rise': 0.009829524624146853, 'prob_up': 0.80408935546875, 'investment_fraction': 0.11742542764410731, 'investment_amount': 6192.07994441083, 'predicted_prob': 0.80408935546875, 'allocated_amount': 6192.07994441083, 'exit_date': Timestamp('2017-08-29 00:00:00')}, {'ticker': 'CHTR', 'sector': 'Services', 'expected_rise': 0.01344142679956304, 'prob_up': 0.6923076923076923, 'investment_fraction': 0.08991940495517936, 'investment_amount': 10469.938393570219, 'predicted_prob': 0.6923076923076923, 'allocated_amount': 10469.938393570219, 'exit_date': Timestamp('2017-08-29 00:00:00')}, {'ticker': 'AGFS', 'sector': 'Conglomerates', 'expected_rise': 0.03238919435869558, 'prob_up': 0.6666666666666666, 'investment_fraction': 0.08457824160729946, 'investment_amount': 10469.938393570203, 'predicted_prob': 0.6666666666666666, 'allocated_amount': 6497.379576032079, 'exit_date': Timestamp('2017-08-29 00:00:00')}]",5,100000.0,853,True,True,42,/mnt/primary/simulation/trained_models_meta,12,12,0.2,0.3,200,5,60,1.0,0.0001,0.3,True,True,0.3,0.7,0.3,0.5,0.5,0.1,3,100.0,0.5,"[[0.08, 0.6], [0.15, 0.35]]",meta,base,0.1451768429443134,15,128,32,1,0.6000000000000001,0.0,0.001415745628709,2.5137050405220336e-07,32.0,50,10,0.0046437191828983,10,0.8
2017-08-23,46397.70836046967,34910.16533754197,116367.21779180654,116367.21779180654,34.5689743596063,0.0002971562558835572,1,MPT_ONLY,34910.16533754196,11487.543022927699,True,False,"{'XOM': 0.25818336360666616, 'AGFS': 0.2999999999999996, 'PM': 0.1418166363933337, 'BAC': 0.0, 'UNH': 3.677613769070831e-16, 'DHR': 5.377642775528102e-17, 'CHTR': 0.3, 'VZ': 6.591949208711867e-17, 'NGG': 1.0755285551056204e-16}","[{'date': Timestamp('2017-08-16 00:00:00'), 'exit_date': Timestamp('2017-08-23 00:00:00'), 'ticker': 'PM', 'sector': 'Consumer Goods', 'allocated_amount': 4965.9651648438885, 'prob_up': 0.80408935546875, 'expected_rise': 0.00985205838652152, 'actual_return': -0.019281440093057656, 'pnl': -95.75095983014862, 'exit_reason': 'scheduled'}, {'date': Timestamp('2017-08-22 00:00:00'), 'exit_date': Timestamp('2017-08-23 00:00:00'), 'ticker': 'AGFS', 'sector': 'Conglomerates', 'allocated_amount': 6497.379576032079, 'prob_up': 0.6666666666666666, 'expected_rise': 0.03238919435869558, 'actual_return': 0.02005730659025784, 'pnl': 130.31993418975492, 'exit_reason': 'early_exit'}]","[{'ticker': 'PM', 'sector': 'Consumer Goods', 'expected_rise': 0.009836148384584622, 'prob_up': 0.80408935546875, 'investment_fraction': 0.11750455638448468, 'investment_amount': 4950.84222410535, 'predicted_prob': 0.80408935546875, 'allocated_amount': 4950.84222410535, 'exit_date': Timestamp('2017-08-30 00:00:00')}, {'ticker': 'AGFS', 'sector': 'Conglomerates', 'expected_rise': 0.03244759288864715, 'prob_up': 0.6666666666666666, 'investment_fraction': 0.08473073829866681, 'investment_amount': 10473.049601262575, 'predicted_prob': 0.6666666666666666, 'allocated_amount': 6536.700798822349, 'exit_date': Timestamp('2017-08-30 00:00:00')}]",5,100000.0,853,True,True,42,/mnt/primary/simulation/trained_models_meta,12,12,0.2,0.3,200,5,60,1.0,0.0001,0.3,True,True,0.3,0.7,0.3,0.5,0.5,0.1,3,100.0,0.5,"[[0.08, 0.6], [0.15, 0.35]]",meta,base,0.1451768429443134,15,128,32,1,0.6000000000000001,0.0,0.001415745628709,2.5137050405220336e-07,32.0,50,10,0.0046437191828983,10,0.8
2017-08-24,41336.69702177742,34877.1146031659,116257.04867721965,116257.04867721965,-110.16911458689378,-0.0009467366899155172,1,MPT_ONLY,34877.114603165894,6459.582418611521,True,False,"{'XOM': 0.299637154008842, 'AGFS': 0.29999999999999993, 'PM': 0.10036284599115836, 'BAC': 0.0, 'NVS': 0.0, 'GE': 0.0, 'CHTR': 0.29999999999999977, 'VZ': 0.0, 'NGG': 0.0}","[{'date': Timestamp('2017-08-23 00:00:00'), 'exit_date': Timestamp('2017-08-24 00:00:00'), 'ticker': 'AGFS', 'sector': 'Conglomerates', 'allocated_amount': 6536.700798822349, 'prob_up': 0.6666666666666666, 'expected_rise': 0.03244759288864715, 'actual_return': -0.016853932584269704, 'pnl': -110.16911458689378, 'exit_reason': 'early_exit'}]","[{'ticker': 'AGFS', 'sector': 'Conglomerates', 'expected_rise': 0.03254315306210924, 'prob_up': 0.6666666666666666, 'investment_fraction': 0.08498027557797064, 'investment_amount': 10463.134380949767, 'predicted_prob': 0.6666666666666666, 'allocated_amount': 6459.582418611521, 'exit_date': Timestamp('2017-08-31 00:00:00')}]",5,100000.0,853,True,True,42,/mnt/primary/simulation/trained_models_meta,12,12,0.2,0.3,200,5,60,1.0,0.0001,0.3,True,True,0.3,0.7,0.3,0.5,0.5,0.1,3,100.0,0.5,"[[0.08, 0.6], [0.15, 0.35]]",meta,base,0.1451768429443134,15,128,32,1,0.6000000000000001,0.0,0.001415745628709,2.5137050405220336e-07,32.0,50,10,0.0046437191828983,10,0.8
2017-08-25,62406.2402744752,62406.2402744752,116285.31524793497,116285.31524793497,28.266570715307736,0.00024313855406576934,1,MPT_ONLY,34885.59457438049,6459.582418611521,True,False,"{'XOM': 0.3, 'AGFS': 0.2999999999999994, 'PM': 0.10000000000000006, 'BAC': 1.0023449084628488e-16, 'NVS': 2.1120258320017626e-16, 'DHR': 1.74908915476224e-16, 'CHTR': 0.3, 'VZ': 0.0, 'NGG': 0.0}","[{'date': Timestamp('2017-08-18 00:00:00'), 'exit_date': Timestamp('2017-08-25 00:00:00'), 'ticker': 'XOM', 'sector': 'Basic Matierials', 'allocated_amount': 10520.638340991234, 'prob_up': 0.836962890625, 'expected_rise': 0.011058277781796409, 'actual_return': 0.0010438674457706743, 'pnl': 10.982151872887544, 'exit_reason': 'scheduled'}, {'date': Timestamp('2017-08-18 00:00:00'), 'exit_date': Timestamp('2017-08-25 00:00:00'), 'ticker': 'CHTR', 'sector': 'Services', 'allocated_amount': 10520.638340991234, 'prob_up': 0.6923076923076923, 'expected_rise': 0.01341740967486488, 'actual_return': -0.010636923911146123, 'pnl': -111.90722952981034, 'exit_reason': 'scheduled'}, {'date': Timestamp('2017-08-24 00:00:00'), 'exit_date': Timestamp('2017-08-25 00:00:00'), 'ticker': 'AGFS', 'sector': 'Conglomerates', 'allocated_amount': 6459.582418611521, 'prob_up': 0.6666666666666666, 'expected_rise': 0.03254315306210924, 'actual_return': 0.020000000000000018, 'pnl': 129.19164837223053, 'exit_reason': 'early_exit'}]",[],5,100000.0,853,True,True,42,/mnt/primary/simulation/trained_models_meta,12,12,0.2,0.3,200,5,60,1.0,0.0001,0.3,True,True,0.3,0.7,0.3,0.5,0.5,0.1,3,100.0,0.5,"[[0.08, 0.6], [0.15, 0.35]]",meta,base,0.1451768429443134,15,128,32,1,0.6000000000000001,0.0,0.001415745628709,2.5137050405220336e-07,32.0,50,10,0.0046437191828983,10,0.8
2017-08-28,86704.40450856287,86704.40450856289,116085.1029843321,116085.1029843321,-200.21226360286582,-0.0017217329907562862,0,MPT_ONLY,34825.53089529963,6459.582418611521,True,False,"{'XOM': 0.22103679617458308, 'AGFS': 0.30000000000000004, 'PM': 0.1789632038254169, 'BAC': 6.765421556309549e-17, 'NVS': 0.0, 'LMT': 4.119968255444918e-18, 'CHTR': 0.29999999999999993, 'VZ': 0.0, 'NGG': 0.0}","[{'date': Timestamp('2017-08-21 00:00:00'), 'exit_date': Timestamp('2017-08-28 00:00:00'), 'ticker': 'XOM', 'sector': 'Basic Matierials', 'allocated_amount': 10499.304213295956, 'prob_up': 0.836962890625, 'expected_rise': 0.011057728034117417, 'actual_return': 0.001178371347670959, 'pnl': 12.372079255428934, 'exit_reason': 'scheduled'}, {'date': Timestamp('2017-08-21 00:00:00'), 'exit_date': Timestamp('2017-08-28 00:00:00'), 'ticker': 'PM', 'sector': 'Consumer Goods', 'allocated_amount': 3499.768071098631, 'prob_up': 0.80408935546875, 'expected_rise': 0.009835141488245795, 'actual_return': -0.006107518279569901, 'pnl': -21.374897468489984, 'exit_reason': 'scheduled'}, {'date': Timestamp('2017-08-21 00:00:00'), 'exit_date': Timestamp('2017-08-28 00:00:00'), 'ticker': 'CHTR', 'sector': 'Services', 'allocated_amount': 10499.304213295953, 'prob_up': 0.6923076923076923, 'expected_rise': 0.013432347640311655, 'actual_return': -0.018211630171422577, 'pnl': -191.20944538980476, 'exit_reason': 'scheduled'}]",[],5,100000.0,853,True,True,42,/mnt/primary/simulation/trained_models_meta,12,12,0.2,0.3,200,5,60,1.0,0.0001,0.3,True,True,0.3,0.7,0.3,0.5,0.5,0.1,3,100.0,0.5,"[[0.08, 0.6], [0.15, 0.35]]",meta,base,0.1451768429443134,15,128,32,1,0.6000000000000001,0.0,0.001415745628709,2.5137050405220336e-07,32.0,50,10,0.0046437191828983,10,0.8
2017-08-29,110904.93483625198,110904.93483625198,115855.77706035733,115855.77706035733,-229.32592397477148,-0.0019754983032208573,0,MPT_ONLY,34756.7331181072,6459.582418611521,True,False,"{'XOM': 0.22048478156996226, 'AGFS': 0.29999999999999993, 'PM': 0.17951521843003793, 'BAC': 5.290906601729263e-17, 'AMGN': 3.209238430557094e-17, 'HON': 1.0104764247564904e-16, 'CHTR': 0.2999999999999998, 'VZ': 0.0, 'NGG': 0.0}","[{'date': Timestamp('2017-08-22 00:00:00'), 'exit_date': Timestamp('2017-08-29 00:00:00'), 'ticker': 'XOM', 'sector': 'Basic Matierials', 'allocated_amount': 7767.837913682822, 'prob_up': 0.836962890625, 'expected_rise': 0.011055932854275719, 'actual_return': -0.0037790071352360455, 'pnl': -29.35471490116446, 'exit_reason': 'scheduled'}, {'date': Timestamp('2017-08-22 00:00:00'), 'exit_date': Timestamp('2017-08-29 00:00:00'), 'ticker': 'PM', 'sector': 'Consumer Goods', 'allocated_amount': 6192.07994441083, 'prob_up': 0.80408935546875, 'expected_rise': 0.009829524624146853, 'actual_return': 0.002753161763232592, 'pnl': 17.047797737831292, 'exit_reason': 'scheduled'}, {'date': Timestamp('2017-08-22 00:00:00'), 'exit_date': Timestamp('2017-08-29 00:00:00'), 'ticker': 'CHTR', 'sector': 'Services', 'allocated_amount': 10469.938393570219, 'prob_up': 0.6923076923076923, 'expected_rise': 0.01344142679956304, 'actual_return': -0.020727820800236385, 'pnl': -217.01900681143832, 'exit_reason': 'scheduled'}]",[],5,100000.0,853,True,True,42,/mnt/primary/simulation/trained_models_meta,12,12,0.2,0.3,200,5,60,1.0,0.0001,0.3,True,True,0.3,0.7,0.3,0.5,0.5,0.1,3,100.0,0.5,"[[0.08, 0.6], [0.15, 0.35]]",meta,base,0.1451768429443134,15,128,32,1,0.6000000000000001,0.0,0.001415745628709,2.5137050405220336e-07,32.0,50,10,0.0046437191828983,10,0.8
2017-08-30,115897.37000986208,115897.37000986208,115897.37000986208,115897.37000986208,41.59294950474111,0.0003590062624418966,0,MPT_ONLY,34769.21100295862,6459.582418611521,True,False,"{'XOM': 0.24026554911553394, 'AGFS': 0.2999999999999999, 'PM': 0.15973445088446622, 'BAC': 0.0, 'UNH': 0.0, 'HON': 0.0, 'CHTR': 0.2999999999999999, 'VZ': 0.0, 'NGG': 0.0}","[{'date': Timestamp('2017-08-23 00:00:00'), 'exit_date': Timestamp('2017-08-30 00:00:00'), 'ticker': 'PM', 'sector': 'Consumer Goods', 'allocated_amount': 4950.84222410535, 'prob_up': 0.80408935546875, 'expected_rise': 0.009836148384584622, 'actual_return': 0.008401186630878188, 'pnl': 41.59294950474111, 'exit_reason': 'scheduled'}]",[],5,100000.0,853,True,True,42,/mnt/primary/simulation/trained_models_meta,12,12,0.2,0.3,200,5,60,1.0,0.0001,0.3,True,True,0.3,0.7,0.3,0.5,0.5,0.1,3,100.0,0.5,"[[0.08, 0.6], [0.15, 0.35]]",meta,base,0.1451768429443134,15,128,32,1,0.6000000000000001,0.0,0.001415745628709,2.5137050405220336e-07,32.0,50,10,0.0046437191828983,10,0.8
2017-08-31,115897.37000986208,115897.37000986208,115897.37000986208,115897.37000986208,0.0,0.0,0,MPT_ONLY,34769.21100295862,6459.582418611521,True,False,"{'XOM': 0.22133820383158412, 'AGFS': 0.2999999999999997, 'PM': 0.17866179616841615, 'BAC': 0.0, 'AMGN': 0.0, 'HON': 5.681219383824043e-17, 'CHTR': 0.3, 'VZ': 2.949029909160572e-17, 'NGG': 0.0}",[],[],5,100000.0,853,True,True,42,/mnt/primary/simulation/trained_models_meta,12,12,0.2,0.3,200,5,60,1.0,0.0001,0.3,True,True,0.3,0.7,0.3,0.5,0.5,0.1,3,100.0,0.5,"[[0.08, 0.6], [0.15, 0.35]]",meta,base,0.1451768429443134,15,128,32,1,0.6000000000000001,0.0,0.001415745628709,2.5137050405220336e-07,32.0,50,10,0.0046437191828983,10,0.8
