company,sector,model_type,problem_type,sequence_length,horizon_steps,epoch,train_loss,val_loss,train_samples,val_samples,test_samples
AAPL,Consumer Goods,BiGRU,multiclass,20,5,1,1.5293874827461627,1.113564372062683,398,42,64
AAPL,Consumer Goods,BiGRU,multiclass,20,5,2,1.2280321759195183,0.8712455034255981,398,42,64
AAPL,Consumer Goods,BiGRU,multiclass,20,5,3,1.0638879522606357,0.8037673830986023,398,42,64
AAPL,Consumer Goods,BiGRU,multiclass,20,5,4,0.8750144792861075,0.8408952951431274,398,42,64
AAPL,Consumer Goods,BiGRU,multiclass,20,5,5,0.9262629208253257,1.0453567504882812,398,42,64
AAPL,Consumer Goods,BiGRU,multiclass,20,5,6,0.9024784106705057,1.3328684568405151,398,42,64
AAPL,Consumer Goods,BiGRU,multiclass,20,5,7,0.8202845201120904,1.9495460987091064,398,42,64
AAPL,Consumer Goods,BiGRU,multiclass,20,5,8,0.7157561719118051,2.2451274394989014,398,42,64
AAPL,Consumer Goods,BiGRU,multiclass,20,5,9,0.6919169815341432,2.9353842735290527,398,42,64
AAPL,Consumer Goods,BiGRU,multiclass,20,5,10,0.7388541671498936,4.451848030090332,398,42,64
AAPL,Consumer Goods,BiGRU,multiclass,20,5,11,0.6548541619550043,3.8135335445404053,398,42,64
AAPL,Consumer Goods,BiGRU,multiclass,20,5,12,0.5827241125118793,3.8056037425994873,398,42,64
AAPL,Consumer Goods,BiGRU,multiclass,20,5,13,0.5446015969293201,4.69974422454834,398,42,64
AAPL,Consumer Goods,BiGRU,multiclass,20,5,14,0.6078937748568741,5.564192771911621,398,42,64
AAPL,Consumer Goods,BiGRU,multiclass,20,5,15,0.5708694615256247,3.9384572505950928,398,42,64
AAPL,Consumer Goods,BiGRU,multiclass,20,5,16,0.561974921493075,3.5809898376464844,398,42,64
AAPL,Consumer Goods,BiGRU,multiclass,20,5,17,0.517406419893006,4.109504699707031,398,42,64
AAPL,Consumer Goods,BiGRU,multiclass,20,5,18,0.5119913883844213,4.4621357917785645,398,42,64
ABB,Industrial Goods,BiGRU,multiclass,20,5,1,1.7891561206261717,1.2312065362930298,398,42,64
ABB,Industrial Goods,BiGRU,multiclass,20,5,2,1.4488008028298767,0.9641329646110535,398,42,64
ABB,Industrial Goods,BiGRU,multiclass,20,5,3,1.1713446001311643,1.0943161249160767,398,42,64
ABB,Industrial Goods,BiGRU,multiclass,20,5,4,1.24852187339984,1.709368109703064,398,42,64
ABB,Industrial Goods,BiGRU,multiclass,20,5,5,1.1332110603850092,2.2314178943634033,398,42,64
ABB,Industrial Goods,BiGRU,multiclass,20,5,6,0.9681394408695662,2.403217077255249,398,42,64
ABB,Industrial Goods,BiGRU,multiclass,20,5,7,1.0141222638700476,3.2674026489257812,398,42,64
ABB,Industrial Goods,BiGRU,multiclass,20,5,8,1.0337557864548572,4.065230846405029,398,42,64
ABB,Industrial Goods,BiGRU,multiclass,20,5,9,0.8535274066517701,4.314068794250488,398,42,64
ABB,Industrial Goods,BiGRU,multiclass,20,5,10,0.8365756068097886,3.9245765209198,398,42,64
ABB,Industrial Goods,BiGRU,multiclass,20,5,11,0.8280138660914934,4.775566101074219,398,42,64
ABB,Industrial Goods,BiGRU,multiclass,20,5,12,0.7693395683513814,3.5708584785461426,398,42,64
ABB,Industrial Goods,BiGRU,multiclass,20,5,13,0.7025145695137618,4.693220138549805,398,42,64
ABB,Industrial Goods,BiGRU,multiclass,20,5,14,0.7169280013247351,5.703387260437012,398,42,64
ABB,Industrial Goods,BiGRU,multiclass,20,5,15,0.6976804375348977,4.867711544036865,398,42,64
ABB,Industrial Goods,BiGRU,multiclass,20,5,16,0.6633934895297391,3.903280258178711,398,42,64
ABB,Industrial Goods,BiGRU,multiclass,20,5,17,0.664836565603563,4.341850280761719,398,42,64
ABBV,Healthcare,BiGRU,multiclass,20,5,1,1.3897002752573213,0.5161075592041016,326,42,64
ABBV,Healthcare,BiGRU,multiclass,20,5,2,1.0967140493948766,0.5559329390525818,326,42,64
ABBV,Healthcare,BiGRU,multiclass,20,5,3,0.9704466100119374,1.047119379043579,326,42,64
ABBV,Healthcare,BiGRU,multiclass,20,5,4,0.9082500451912909,1.7024048566818237,326,42,64
ABBV,Healthcare,BiGRU,multiclass,20,5,5,0.8628713291115556,2.366973876953125,326,42,64
ABBV,Healthcare,BiGRU,multiclass,20,5,6,0.6897129314077413,3.126716375350952,326,42,64
ABBV,Healthcare,BiGRU,multiclass,20,5,7,0.7133117724050042,3.816298246383667,326,42,64
ABBV,Healthcare,BiGRU,multiclass,20,5,8,0.6337310861956122,4.047727584838867,326,42,64
ABBV,Healthcare,BiGRU,multiclass,20,5,9,0.6173226304946502,3.2523865699768066,326,42,64
ABBV,Healthcare,BiGRU,multiclass,20,5,10,0.5239471376307903,3.059518575668335,326,42,64
ABBV,Healthcare,BiGRU,multiclass,20,5,11,0.531179622638445,3.8654115200042725,326,42,64
ABBV,Healthcare,BiGRU,multiclass,20,5,12,0.5757807665075992,4.104529857635498,326,42,64
ABBV,Healthcare,BiGRU,multiclass,20,5,13,0.5558532065957602,3.876537799835205,326,42,64
ABBV,Healthcare,BiGRU,multiclass,20,5,14,0.49100103617811497,3.1139354705810547,326,42,64
ABBV,Healthcare,BiGRU,multiclass,20,5,15,0.5363014537863936,4.079431056976318,326,42,64
ABBV,Healthcare,BiGRU,multiclass,20,5,16,0.491954676944054,4.8348822593688965,326,42,64
AEP,Utilities,BiGRU,multiclass,20,5,1,1.4033964800475232,1.6751784086227417,398,42,64
AEP,Utilities,BiGRU,multiclass,20,5,2,1.090068587106676,1.378266453742981,398,42,64
AEP,Utilities,BiGRU,multiclass,20,5,3,1.0648651257831248,1.1771831512451172,398,42,64
AEP,Utilities,BiGRU,multiclass,20,5,4,1.0040853652522792,1.1008729934692383,398,42,64
AEP,Utilities,BiGRU,multiclass,20,5,5,0.8649951977346411,1.0431462526321411,398,42,64
AEP,Utilities,BiGRU,multiclass,20,5,6,0.9151530939729968,1.1055614948272705,398,42,64
AEP,Utilities,BiGRU,multiclass,20,5,7,0.8798475957396042,1.2472071647644043,398,42,64
AEP,Utilities,BiGRU,multiclass,20,5,8,0.8213011397788273,1.2273342609405518,398,42,64
AEP,Utilities,BiGRU,multiclass,20,5,9,0.7434207430137462,1.1436312198638916,398,42,64
AEP,Utilities,BiGRU,multiclass,20,5,10,0.6795313994788644,1.2690943479537964,398,42,64
AEP,Utilities,BiGRU,multiclass,20,5,11,0.7354335545295447,1.2274779081344604,398,42,64
AEP,Utilities,BiGRU,multiclass,20,5,12,0.7690648656694135,1.2324848175048828,398,42,64
AEP,Utilities,BiGRU,multiclass,20,5,13,0.6189028550332515,1.2887887954711914,398,42,64
AEP,Utilities,BiGRU,multiclass,20,5,14,0.6822691690083125,1.3220514059066772,398,42,64
AEP,Utilities,BiGRU,multiclass,20,5,15,0.6194437122225163,1.3337534666061401,398,42,64
AEP,Utilities,BiGRU,multiclass,20,5,16,0.6321511265620514,1.3924953937530518,398,42,64
AEP,Utilities,BiGRU,multiclass,20,5,17,0.591448840783469,1.503973126411438,398,42,64
AEP,Utilities,BiGRU,multiclass,20,5,18,0.6072301714863609,1.4848335981369019,398,42,64
AEP,Utilities,BiGRU,multiclass,20,5,19,0.6074351160670045,1.531716227531433,398,42,64
AEP,Utilities,BiGRU,multiclass,20,5,20,0.5206641883556568,1.5240912437438965,398,42,64
AMGN,Healthcare,BiGRU,multiclass,20,5,1,1.5081021522157756,0.9589212536811829,398,42,64
AMGN,Healthcare,BiGRU,multiclass,20,5,2,1.1954248257018814,0.8181684613227844,398,42,64
AMGN,Healthcare,BiGRU,multiclass,20,5,3,1.1160006654921488,0.68647301197052,398,42,64
AMGN,Healthcare,BiGRU,multiclass,20,5,4,1.0632474476368583,0.6556736826896667,398,42,64
AMGN,Healthcare,BiGRU,multiclass,20,5,5,1.0558370938852204,0.6264241337776184,398,42,64
AMGN,Healthcare,BiGRU,multiclass,20,5,6,0.8477433560481623,0.703857421875,398,42,64
AMGN,Healthcare,BiGRU,multiclass,20,5,7,0.8561279504143413,0.5772706270217896,398,42,64
AMGN,Healthcare,BiGRU,multiclass,20,5,8,0.8421880240416407,0.5777494311332703,398,42,64
AMGN,Healthcare,BiGRU,multiclass,20,5,9,0.7748870999369789,0.7275403738021851,398,42,64
AMGN,Healthcare,BiGRU,multiclass,20,5,10,0.704957726612762,0.6663760542869568,398,42,64
AMGN,Healthcare,BiGRU,multiclass,20,5,11,0.6734362753791425,0.4815140664577484,398,42,64
AMGN,Healthcare,BiGRU,multiclass,20,5,12,0.6969917410582154,0.6121218800544739,398,42,64
AMGN,Healthcare,BiGRU,multiclass,20,5,13,0.6333602852557771,0.5992714762687683,398,42,64
AMGN,Healthcare,BiGRU,multiclass,20,5,14,0.6666245658194,0.8501114249229431,398,42,64
AMGN,Healthcare,BiGRU,multiclass,20,5,15,0.5843630648737577,0.8559897541999817,398,42,64
AMGN,Healthcare,BiGRU,multiclass,20,5,16,0.5705704329600886,0.5532200336456299,398,42,64
AMGN,Healthcare,BiGRU,multiclass,20,5,17,0.5967519358174884,0.5783808827400208,398,42,64
AMGN,Healthcare,BiGRU,multiclass,20,5,18,0.49532710277854497,0.5877645015716553,398,42,64
AMGN,Healthcare,BiGRU,multiclass,20,5,19,0.5521511992617468,0.6507236361503601,398,42,64
AMGN,Healthcare,BiGRU,multiclass,20,5,20,0.5449647007875107,0.532484233379364,398,42,64
AMGN,Healthcare,BiGRU,multiclass,20,5,21,0.48835390746293955,0.5860629081726074,398,42,64
AMGN,Healthcare,BiGRU,multiclass,20,5,22,0.4693624242466299,0.5193756222724915,398,42,64
AMGN,Healthcare,BiGRU,multiclass,20,5,23,0.42926095283810217,0.4848134219646454,398,42,64
AMGN,Healthcare,BiGRU,multiclass,20,5,24,0.4389130278448364,0.5009015202522278,398,42,64
AMGN,Healthcare,BiGRU,multiclass,20,5,25,0.48926430551250977,0.6188589930534363,398,42,64
AMGN,Healthcare,BiGRU,multiclass,20,5,26,0.4122157481747057,0.4704383909702301,398,42,64
AMGN,Healthcare,BiGRU,multiclass,20,5,27,0.4427492983976201,0.42597970366477966,398,42,64
AMGN,Healthcare,BiGRU,multiclass,20,5,28,0.4286830533089949,0.4750101566314697,398,42,64
AMGN,Healthcare,BiGRU,multiclass,20,5,29,0.41547245640850544,0.5260414481163025,398,42,64
AMGN,Healthcare,BiGRU,multiclass,20,5,30,0.3859893224347177,0.6084983348846436,398,42,64
AMZN,Services,BiGRU,multiclass,20,5,1,1.536329481469926,2.1614415645599365,398,42,64
AMZN,Services,BiGRU,multiclass,20,5,2,1.2302497918881363,1.8702598810195923,398,42,64
AMZN,Services,BiGRU,multiclass,20,5,3,1.178781432722082,1.2995630502700806,398,42,64
AMZN,Services,BiGRU,multiclass,20,5,4,1.0589572299065901,1.0684279203414917,398,42,64
AMZN,Services,BiGRU,multiclass,20,5,5,0.9691367592643853,0.9035704731941223,398,42,64
AMZN,Services,BiGRU,multiclass,20,5,6,0.8625958735619358,0.8452086448669434,398,42,64
AMZN,Services,BiGRU,multiclass,20,5,7,0.8337395580569703,0.9735056161880493,398,42,64
AMZN,Services,BiGRU,multiclass,20,5,8,0.826606985911652,1.2312859296798706,398,42,64
AMZN,Services,BiGRU,multiclass,20,5,9,0.7817027943218173,1.6146434545516968,398,42,64
AMZN,Services,BiGRU,multiclass,20,5,10,0.8233941422035945,1.684993028640747,398,42,64
AMZN,Services,BiGRU,multiclass,20,5,11,0.7013332906679891,1.436629056930542,398,42,64
AMZN,Services,BiGRU,multiclass,20,5,12,0.6845161377185554,1.6214433908462524,398,42,64
AMZN,Services,BiGRU,multiclass,20,5,13,0.6508743939687259,1.4518755674362183,398,42,64
AMZN,Services,BiGRU,multiclass,20,5,14,0.6409685709069123,1.6125749349594116,398,42,64
AMZN,Services,BiGRU,multiclass,20,5,15,0.6437829368977092,1.3593568801879883,398,42,64
AMZN,Services,BiGRU,multiclass,20,5,16,0.5857228906310383,1.7913564443588257,398,42,64
AMZN,Services,BiGRU,multiclass,20,5,17,0.5878603594686518,2.046051263809204,398,42,64
AMZN,Services,BiGRU,multiclass,20,5,18,0.6447960553157269,1.792121171951294,398,42,64
AMZN,Services,BiGRU,multiclass,20,5,19,0.519160002320256,1.7088453769683838,398,42,64
AMZN,Services,BiGRU,multiclass,20,5,20,0.5260288460769845,1.447482943534851,398,42,64
AMZN,Services,BiGRU,multiclass,20,5,21,0.5181667279058965,1.5105516910552979,398,42,64
BA,Industrial Goods,BiGRU,multiclass,20,5,1,1.5048501416666424,1.4383140802383423,398,42,64
BA,Industrial Goods,BiGRU,multiclass,20,5,2,1.2304586786121579,0.8775449991226196,398,42,64
BA,Industrial Goods,BiGRU,multiclass,20,5,3,1.0707752351185784,0.723073422908783,398,42,64
BA,Industrial Goods,BiGRU,multiclass,20,5,4,1.090817661740672,0.7671231627464294,398,42,64
BA,Industrial Goods,BiGRU,multiclass,20,5,5,1.0658542196355274,0.8253032565116882,398,42,64
BA,Industrial Goods,BiGRU,multiclass,20,5,6,0.9602847872067936,0.9853342175483704,398,42,64
BA,Industrial Goods,BiGRU,multiclass,20,5,7,0.8882859079682048,0.9812342524528503,398,42,64
BA,Industrial Goods,BiGRU,multiclass,20,5,8,0.7542334878864001,1.4302655458450317,398,42,64
BA,Industrial Goods,BiGRU,multiclass,20,5,9,0.768789824229389,1.1723657846450806,398,42,64
BA,Industrial Goods,BiGRU,multiclass,20,5,10,0.7654183956246879,1.0087096691131592,398,42,64
BA,Industrial Goods,BiGRU,multiclass,20,5,11,0.7970618929096203,1.4075685739517212,398,42,64
BA,Industrial Goods,BiGRU,multiclass,20,5,12,0.7576683597948084,1.50747811794281,398,42,64
BA,Industrial Goods,BiGRU,multiclass,20,5,13,0.6400169948836667,1.6342480182647705,398,42,64
BA,Industrial Goods,BiGRU,multiclass,20,5,14,0.629808612055515,1.7927509546279907,398,42,64
BA,Industrial Goods,BiGRU,multiclass,20,5,15,0.6191383562794882,1.368241548538208,398,42,64
BA,Industrial Goods,BiGRU,multiclass,20,5,16,0.6726667813619777,1.5195307731628418,398,42,64
BA,Industrial Goods,BiGRU,multiclass,20,5,17,0.6037937970317189,1.7797507047653198,398,42,64
BA,Industrial Goods,BiGRU,multiclass,20,5,18,0.5791945071076628,1.7250778675079346,398,42,64
BAC,Financial,BiGRU,multiclass,20,5,1,1.6294095914567535,1.0154443979263306,398,42,64
BAC,Financial,BiGRU,multiclass,20,5,2,1.28552278651664,0.7811443209648132,398,42,64
BAC,Financial,BiGRU,multiclass,20,5,3,1.208666461945778,0.8008716702461243,398,42,64
BAC,Financial,BiGRU,multiclass,20,5,4,1.089845071785414,0.8008421063423157,398,42,64
BAC,Financial,BiGRU,multiclass,20,5,5,1.0541788848800275,0.9825735092163086,398,42,64
BAC,Financial,BiGRU,multiclass,20,5,6,0.9562474336456414,1.2220100164413452,398,42,64
BAC,Financial,BiGRU,multiclass,20,5,7,0.9575826249380207,1.3530205488204956,398,42,64
BAC,Financial,BiGRU,multiclass,20,5,8,0.8233761715529552,1.254377007484436,398,42,64
BAC,Financial,BiGRU,multiclass,20,5,9,0.7999564652616654,1.3145959377288818,398,42,64
BAC,Financial,BiGRU,multiclass,20,5,10,0.7730916990107627,1.8307090997695923,398,42,64
BAC,Financial,BiGRU,multiclass,20,5,11,0.6969370251175148,2.2172658443450928,398,42,64
BAC,Financial,BiGRU,multiclass,20,5,12,0.7120335078868435,1.7386906147003174,398,42,64
BAC,Financial,BiGRU,multiclass,20,5,13,0.6515752727062858,1.94914710521698,398,42,64
BAC,Financial,BiGRU,multiclass,20,5,14,0.6463181507497576,2.4645161628723145,398,42,64
BAC,Financial,BiGRU,multiclass,20,5,15,0.6529651025132318,2.172795057296753,398,42,64
BAC,Financial,BiGRU,multiclass,20,5,16,0.5634134200649645,1.8842915296554565,398,42,64
BAC,Financial,BiGRU,multiclass,20,5,17,0.571958816380956,2.445671558380127,398,42,64
BBL,Basic Matierials,BiGRU,multiclass,20,5,1,1.921869670925428,1.7044483423233032,398,42,64
BBL,Basic Matierials,BiGRU,multiclass,20,5,2,1.6152782056798887,1.4189571142196655,398,42,64
BBL,Basic Matierials,BiGRU,multiclass,20,5,3,1.505850675717071,1.2151917219161987,398,42,64
BBL,Basic Matierials,BiGRU,multiclass,20,5,4,1.2987809621508997,1.0641376972198486,398,42,64
BBL,Basic Matierials,BiGRU,multiclass,20,5,5,1.214531855068015,0.9128047227859497,398,42,64
BBL,Basic Matierials,BiGRU,multiclass,20,5,6,1.0871811958413626,1.1618307828903198,398,42,64
BBL,Basic Matierials,BiGRU,multiclass,20,5,7,0.8962586656886729,1.2221674919128418,398,42,64
BBL,Basic Matierials,BiGRU,multiclass,20,5,8,0.9315018704788169,1.0419403314590454,398,42,64
BBL,Basic Matierials,BiGRU,multiclass,20,5,9,0.9574597235301032,1.030281662940979,398,42,64
BBL,Basic Matierials,BiGRU,multiclass,20,5,10,0.8850505380474742,1.0696958303451538,398,42,64
BBL,Basic Matierials,BiGRU,multiclass,20,5,11,0.8192250144541563,1.0730721950531006,398,42,64
BBL,Basic Matierials,BiGRU,multiclass,20,5,12,0.8551547066051157,1.0953569412231445,398,42,64
BBL,Basic Matierials,BiGRU,multiclass,20,5,13,0.80813847684381,0.9904692769050598,398,42,64
BBL,Basic Matierials,BiGRU,multiclass,20,5,14,0.7099091236914822,0.9430316090583801,398,42,64
BBL,Basic Matierials,BiGRU,multiclass,20,5,15,0.7212846548713032,1.1567939519882202,398,42,64
BBL,Basic Matierials,BiGRU,multiclass,20,5,16,0.7171880842453271,1.0472946166992188,398,42,64
BBL,Basic Matierials,BiGRU,multiclass,20,5,17,0.6721292284864876,1.229016661643982,398,42,64
BBL,Basic Matierials,BiGRU,multiclass,20,5,18,0.6330370871565449,1.2186802625656128,398,42,64
BBL,Basic Matierials,BiGRU,multiclass,20,5,19,0.6145543093657374,1.5074645280838013,398,42,64
BBL,Basic Matierials,BiGRU,multiclass,20,5,20,0.6379734894738125,1.4570046663284302,398,42,64
BCH,Financial,BiGRU,multiclass,20,5,1,1.7461063508412347,2.274472713470459,398,42,64
BCH,Financial,BiGRU,multiclass,20,5,2,1.4444118866968394,1.2769044637680054,398,42,64
BCH,Financial,BiGRU,multiclass,20,5,3,1.2278914966774945,1.2327351570129395,398,42,64
BCH,Financial,BiGRU,multiclass,20,5,4,1.1243290567218358,1.3626796007156372,398,42,64
BCH,Financial,BiGRU,multiclass,20,5,5,1.0777615605287216,1.7048816680908203,398,42,64
BCH,Financial,BiGRU,multiclass,20,5,6,0.9813361961637909,1.8950542211532593,398,42,64
BCH,Financial,BiGRU,multiclass,20,5,7,0.9822253692689253,2.149770975112915,398,42,64
BCH,Financial,BiGRU,multiclass,20,5,8,0.9542954910041099,2.8908865451812744,398,42,64
BCH,Financial,BiGRU,multiclass,20,5,9,0.9341822882093976,3.1318812370300293,398,42,64
BCH,Financial,BiGRU,multiclass,20,5,10,0.8780015933154216,3.101569414138794,398,42,64
BCH,Financial,BiGRU,multiclass,20,5,11,0.8983605796068757,2.894078016281128,398,42,64
BCH,Financial,BiGRU,multiclass,20,5,12,0.8607135545368769,3.4441115856170654,398,42,64
BCH,Financial,BiGRU,multiclass,20,5,13,0.8053382449413664,4.023890018463135,398,42,64
BCH,Financial,BiGRU,multiclass,20,5,14,0.8083200851577012,3.213793992996216,398,42,64
BCH,Financial,BiGRU,multiclass,20,5,15,0.7497320543581517,2.9426064491271973,398,42,64
BCH,Financial,BiGRU,multiclass,20,5,16,0.7301219729472644,3.511223554611206,398,42,64
BCH,Financial,BiGRU,multiclass,20,5,17,0.7066803943721494,3.9201271533966064,398,42,64
BCH,Financial,BiGRU,multiclass,20,5,18,0.7141081826321444,4.257948398590088,398,42,64
BHP,Basic Matierials,BiGRU,multiclass,20,5,1,2.0034903030299662,1.8036203384399414,398,42,64
BHP,Basic Matierials,BiGRU,multiclass,20,5,2,1.593808482040712,1.5049222707748413,398,42,64
BHP,Basic Matierials,BiGRU,multiclass,20,5,3,1.4003337304196766,1.1924262046813965,398,42,64
BHP,Basic Matierials,BiGRU,multiclass,20,5,4,1.3767905528820938,1.0737627744674683,398,42,64
BHP,Basic Matierials,BiGRU,multiclass,20,5,5,1.2560626579888503,1.0580471754074097,398,42,64
BHP,Basic Matierials,BiGRU,multiclass,20,5,6,1.1898031624118288,0.9951390624046326,398,42,64
BHP,Basic Matierials,BiGRU,multiclass,20,5,7,1.0998056444091413,0.9927374720573425,398,42,64
BHP,Basic Matierials,BiGRU,multiclass,20,5,8,1.048452528876875,1.0263488292694092,398,42,64
BHP,Basic Matierials,BiGRU,multiclass,20,5,9,1.0141071907838983,0.9280573129653931,398,42,64
BHP,Basic Matierials,BiGRU,multiclass,20,5,10,0.971572366491634,0.9109007120132446,398,42,64
BHP,Basic Matierials,BiGRU,multiclass,20,5,11,0.948907012016929,1.0034066438674927,398,42,64
BHP,Basic Matierials,BiGRU,multiclass,20,5,12,0.8656795364827966,0.9683521389961243,398,42,64
BHP,Basic Matierials,BiGRU,multiclass,20,5,13,0.806545719728997,0.9632777571678162,398,42,64
BHP,Basic Matierials,BiGRU,multiclass,20,5,14,0.7642812842699751,1.0112384557724,398,42,64
BHP,Basic Matierials,BiGRU,multiclass,20,5,15,0.7848786996237597,1.1881312131881714,398,42,64
BHP,Basic Matierials,BiGRU,multiclass,20,5,16,0.6980726307061449,1.3383351564407349,398,42,64
BHP,Basic Matierials,BiGRU,multiclass,20,5,17,0.6172743948859785,1.2713021039962769,398,42,64
BHP,Basic Matierials,BiGRU,multiclass,20,5,18,0.7222929900914581,1.2420920133590698,398,42,64
BHP,Basic Matierials,BiGRU,multiclass,20,5,19,0.5963512043557574,1.300434947013855,398,42,64
BHP,Basic Matierials,BiGRU,multiclass,20,5,20,0.4763059535967046,1.5001814365386963,398,42,64
BHP,Basic Matierials,BiGRU,multiclass,20,5,21,0.5757373980241804,1.8691456317901611,398,42,64
BHP,Basic Matierials,BiGRU,multiclass,20,5,22,0.5786973414708622,1.9936459064483643,398,42,64
BHP,Basic Matierials,BiGRU,multiclass,20,5,23,0.5754496240286372,1.4647101163864136,398,42,64
BHP,Basic Matierials,BiGRU,multiclass,20,5,24,0.5865292773773921,1.498826265335083,398,42,64
BHP,Basic Matierials,BiGRU,multiclass,20,5,25,0.5708404649142644,1.564191222190857,398,42,64
BP,Basic Matierials,BiGRU,multiclass,20,5,1,1.8939095768497218,1.773219108581543,398,42,64
BP,Basic Matierials,BiGRU,multiclass,20,5,2,1.5403469162969734,1.3466230630874634,398,42,64
BP,Basic Matierials,BiGRU,multiclass,20,5,3,1.4149067875128896,1.0557230710983276,398,42,64
BP,Basic Matierials,BiGRU,multiclass,20,5,4,1.3273726447143745,1.169485092163086,398,42,64
BP,Basic Matierials,BiGRU,multiclass,20,5,5,1.1156834646984561,1.4029390811920166,398,42,64
BP,Basic Matierials,BiGRU,multiclass,20,5,6,0.9983176753748602,1.5544570684432983,398,42,64
BP,Basic Matierials,BiGRU,multiclass,20,5,7,0.9890046161622857,1.8437753915786743,398,42,64
BP,Basic Matierials,BiGRU,multiclass,20,5,8,0.9381379026863443,1.9687811136245728,398,42,64
BP,Basic Matierials,BiGRU,multiclass,20,5,9,0.939150284582646,2.174635648727417,398,42,64
BP,Basic Matierials,BiGRU,multiclass,20,5,10,0.8497140620222043,1.962938666343689,398,42,64
BP,Basic Matierials,BiGRU,multiclass,20,5,11,0.7786777879125509,1.1779485940933228,398,42,64
BP,Basic Matierials,BiGRU,multiclass,20,5,12,0.9293421150451928,1.7738195657730103,398,42,64
BP,Basic Matierials,BiGRU,multiclass,20,5,13,0.7429659851831407,1.1850754022598267,398,42,64
BP,Basic Matierials,BiGRU,multiclass,20,5,14,0.7424006971282575,0.9661365747451782,398,42,64
BP,Basic Matierials,BiGRU,multiclass,20,5,15,0.7334275176776713,1.6877285242080688,398,42,64
BP,Basic Matierials,BiGRU,multiclass,20,5,16,0.7276186396428688,1.103054404258728,398,42,64
BP,Basic Matierials,BiGRU,multiclass,20,5,17,0.743267695658171,1.0847606658935547,398,42,64
BP,Basic Matierials,BiGRU,multiclass,20,5,18,0.6439711658199828,1.0062297582626343,398,42,64
BP,Basic Matierials,BiGRU,multiclass,20,5,19,0.6407676253786039,0.9917866587638855,398,42,64
BP,Basic Matierials,BiGRU,multiclass,20,5,20,0.632553377492943,2.295074462890625,398,42,64
BP,Basic Matierials,BiGRU,multiclass,20,5,21,0.5569990922757728,1.2161519527435303,398,42,64
BP,Basic Matierials,BiGRU,multiclass,20,5,22,0.6236761947672571,1.0079511404037476,398,42,64
BP,Basic Matierials,BiGRU,multiclass,20,5,23,0.608685192750327,1.1526215076446533,398,42,64
BP,Basic Matierials,BiGRU,multiclass,20,5,24,0.5316479646380822,1.5731239318847656,398,42,64
BP,Basic Matierials,BiGRU,multiclass,20,5,25,0.5485761689780345,2.222581148147583,398,42,64
BP,Basic Matierials,BiGRU,multiclass,20,5,26,0.5576384942136218,2.1988093852996826,398,42,64
BP,Basic Matierials,BiGRU,multiclass,20,5,27,0.5267755889413345,1.0404282808303833,398,42,64
BP,Basic Matierials,BiGRU,multiclass,20,5,28,0.5093706554204376,1.0934370756149292,398,42,64
BP,Basic Matierials,BiGRU,multiclass,20,5,29,0.5022596523689864,1.396404504776001,398,42,64
BRK-A,Financial,BiGRU,multiclass,20,5,1,1.765120718946409,1.0226534605026245,398,42,64
BRK-A,Financial,BiGRU,multiclass,20,5,2,1.4297675658110998,0.797671377658844,398,42,64
BRK-A,Financial,BiGRU,multiclass,20,5,3,1.0372605362729213,1.0450379848480225,398,42,64
BRK-A,Financial,BiGRU,multiclass,20,5,4,1.0201749079790547,1.7044061422348022,398,42,64
BRK-A,Financial,BiGRU,multiclass,20,5,5,1.0179533720316,2.139334201812744,398,42,64
BRK-A,Financial,BiGRU,multiclass,20,5,6,0.9957877172896611,2.405498504638672,398,42,64
BRK-A,Financial,BiGRU,multiclass,20,5,7,0.9355476073284245,2.7623746395111084,398,42,64
BRK-A,Financial,BiGRU,multiclass,20,5,8,0.8804728930919015,3.2226741313934326,398,42,64
BRK-A,Financial,BiGRU,multiclass,20,5,9,0.8474694568308154,3.7026638984680176,398,42,64
BRK-A,Financial,BiGRU,multiclass,20,5,10,0.8237759437992345,3.647536039352417,398,42,64
BRK-A,Financial,BiGRU,multiclass,20,5,11,0.8241385422160278,3.0738584995269775,398,42,64
BRK-A,Financial,BiGRU,multiclass,20,5,12,0.7455774875142467,2.772984027862549,398,42,64
BRK-A,Financial,BiGRU,multiclass,20,5,13,0.7559530031141923,2.663210153579712,398,42,64
BRK-A,Financial,BiGRU,multiclass,20,5,14,0.6679871974877976,2.937986373901367,398,42,64
BRK-A,Financial,BiGRU,multiclass,20,5,15,0.7241912819632333,2.777745485305786,398,42,64
BRK-A,Financial,BiGRU,multiclass,20,5,16,0.7191982643688144,2.7262840270996094,398,42,64
BRK-A,Financial,BiGRU,multiclass,20,5,17,0.6719802471261528,2.9844157695770264,398,42,64
BSAC,Financial,BiGRU,multiclass,20,5,1,1.8467837527169655,1.562753438949585,398,42,64
BSAC,Financial,BiGRU,multiclass,20,5,2,1.5449598173999308,1.2401630878448486,398,42,64
BSAC,Financial,BiGRU,multiclass,20,5,3,1.4052945134328239,0.89509117603302,398,42,64
BSAC,Financial,BiGRU,multiclass,20,5,4,1.3367868995846217,0.8493612408638,398,42,64
BSAC,Financial,BiGRU,multiclass,20,5,5,1.1898958155857258,1.044450044631958,398,42,64
BSAC,Financial,BiGRU,multiclass,20,5,6,1.1411258769993806,1.590688943862915,398,42,64
BSAC,Financial,BiGRU,multiclass,20,5,7,1.0286999287916787,1.6654319763183594,398,42,64
BSAC,Financial,BiGRU,multiclass,20,5,8,0.9708913798308253,1.3366425037384033,398,42,64
BSAC,Financial,BiGRU,multiclass,20,5,9,0.9437258135733293,1.962899088859558,398,42,64
BSAC,Financial,BiGRU,multiclass,20,5,10,0.9387911327520208,2.406203031539917,398,42,64
BSAC,Financial,BiGRU,multiclass,20,5,11,0.8950109778337143,2.4344630241394043,398,42,64
BSAC,Financial,BiGRU,multiclass,20,5,12,0.8091329210367634,2.5674893856048584,398,42,64
BSAC,Financial,BiGRU,multiclass,20,5,13,0.8040887219222945,2.943788528442383,398,42,64
BSAC,Financial,BiGRU,multiclass,20,5,14,0.7279595130652039,3.0440659523010254,398,42,64
BSAC,Financial,BiGRU,multiclass,20,5,15,0.6652129909501003,2.9154434204101562,398,42,64
BSAC,Financial,BiGRU,multiclass,20,5,16,0.7227831399021436,2.963951587677002,398,42,64
BSAC,Financial,BiGRU,multiclass,20,5,17,0.6655351296441638,4.012803554534912,398,42,64
BSAC,Financial,BiGRU,multiclass,20,5,18,0.679331201255022,3.3884663581848145,398,42,64
BSAC,Financial,BiGRU,multiclass,20,5,19,0.6634293501101547,2.984675645828247,398,42,64
BUD,Consumer Goods,BiGRU,multiclass,20,5,1,1.609185071147267,0.9644617438316345,398,42,64
BUD,Consumer Goods,BiGRU,multiclass,20,5,2,1.308180813364048,0.7711496949195862,398,42,64
BUD,Consumer Goods,BiGRU,multiclass,20,5,3,1.062548293090945,1.312508463859558,398,42,64
BUD,Consumer Goods,BiGRU,multiclass,20,5,4,1.0075342801947091,2.0338833332061768,398,42,64
BUD,Consumer Goods,BiGRU,multiclass,20,5,5,0.9250088789355215,2.5311126708984375,398,42,64
BUD,Consumer Goods,BiGRU,multiclass,20,5,6,0.8575589048802553,2.7208993434906006,398,42,64
BUD,Consumer Goods,BiGRU,multiclass,20,5,7,0.8903886253510288,2.769078016281128,398,42,64
BUD,Consumer Goods,BiGRU,multiclass,20,5,8,0.807468604352606,3.319937229156494,398,42,64
BUD,Consumer Goods,BiGRU,multiclass,20,5,9,0.6978856247274121,3.5978028774261475,398,42,64
BUD,Consumer Goods,BiGRU,multiclass,20,5,10,0.7333496644269282,4.172451019287109,398,42,64
BUD,Consumer Goods,BiGRU,multiclass,20,5,11,0.7462690063756914,4.407835483551025,398,42,64
BUD,Consumer Goods,BiGRU,multiclass,20,5,12,0.6657222590254779,4.464430332183838,398,42,64
BUD,Consumer Goods,BiGRU,multiclass,20,5,13,0.6633603193951612,4.202064037322998,398,42,64
BUD,Consumer Goods,BiGRU,multiclass,20,5,14,0.5816040030076876,3.7391438484191895,398,42,64
BUD,Consumer Goods,BiGRU,multiclass,20,5,15,0.6069274655538588,4.086112976074219,398,42,64
BUD,Consumer Goods,BiGRU,multiclass,20,5,16,0.5823696308100044,4.3428802490234375,398,42,64
BUD,Consumer Goods,BiGRU,multiclass,20,5,17,0.5801743258483446,4.7381272315979,398,42,64
C,Financial,BiGRU,multiclass,20,5,1,1.3590002769800886,0.8699840903282166,398,42,64
C,Financial,BiGRU,multiclass,20,5,2,1.0341126521927628,0.6924527287483215,398,42,64
C,Financial,BiGRU,multiclass,20,5,3,1.0182133176218924,0.7045559287071228,398,42,64
C,Financial,BiGRU,multiclass,20,5,4,0.9102447736802413,0.7239289879798889,398,42,64
C,Financial,BiGRU,multiclass,20,5,5,0.9184779917175446,0.7378532290458679,398,42,64
C,Financial,BiGRU,multiclass,20,5,6,0.8750695536783593,0.8193376660346985,398,42,64
C,Financial,BiGRU,multiclass,20,5,7,0.79228799441951,0.9843258261680603,398,42,64
C,Financial,BiGRU,multiclass,20,5,8,0.7497009037427567,1.000339150428772,398,42,64
C,Financial,BiGRU,multiclass,20,5,9,0.7183524052701403,0.9724192023277283,398,42,64
C,Financial,BiGRU,multiclass,20,5,10,0.6779115363281576,1.0485727787017822,398,42,64
C,Financial,BiGRU,multiclass,20,5,11,0.6640627097394598,0.9742621779441833,398,42,64
C,Financial,BiGRU,multiclass,20,5,12,0.6429233053820816,1.2155135869979858,398,42,64
C,Financial,BiGRU,multiclass,20,5,13,0.5869182271873532,1.0879580974578857,398,42,64
C,Financial,BiGRU,multiclass,20,5,14,0.5849181648774363,1.2368358373641968,398,42,64
C,Financial,BiGRU,multiclass,20,5,15,0.5682616129742196,1.285353660583496,398,42,64
C,Financial,BiGRU,multiclass,20,5,16,0.5885648956550426,1.5585483312606812,398,42,64
C,Financial,BiGRU,multiclass,20,5,17,0.53304145578763,1.1210635900497437,398,42,64
CAT,Industrial Goods,BiGRU,multiclass,20,5,1,1.7242068729208941,1.4955567121505737,398,42,64
CAT,Industrial Goods,BiGRU,multiclass,20,5,2,1.414689102364545,1.2484750747680664,398,42,64
CAT,Industrial Goods,BiGRU,multiclass,20,5,3,1.1368181289140902,1.1708751916885376,398,42,64
CAT,Industrial Goods,BiGRU,multiclass,20,5,4,1.0428636493395322,1.3827368021011353,398,42,64
CAT,Industrial Goods,BiGRU,multiclass,20,5,5,1.0434081728134923,1.6095012426376343,398,42,64
CAT,Industrial Goods,BiGRU,multiclass,20,5,6,0.9855614259614417,1.8962839841842651,398,42,64
CAT,Industrial Goods,BiGRU,multiclass,20,5,7,0.9019844543993772,1.8612842559814453,398,42,64
CAT,Industrial Goods,BiGRU,multiclass,20,5,8,0.9839828289932941,1.9182709455490112,398,42,64
CAT,Industrial Goods,BiGRU,multiclass,20,5,9,0.8207245954317064,2.1476151943206787,398,42,64
CAT,Industrial Goods,BiGRU,multiclass,20,5,10,0.8370910201539945,2.1358182430267334,398,42,64
CAT,Industrial Goods,BiGRU,multiclass,20,5,11,0.7581066391875396,2.6637635231018066,398,42,64
CAT,Industrial Goods,BiGRU,multiclass,20,5,12,0.7306877609772898,2.952899217605591,398,42,64
CAT,Industrial Goods,BiGRU,multiclass,20,5,13,0.7149013060720721,2.493820905685425,398,42,64
CAT,Industrial Goods,BiGRU,multiclass,20,5,14,0.694095880092688,2.521921396255493,398,42,64
CAT,Industrial Goods,BiGRU,multiclass,20,5,15,0.6591725640710274,2.2529220581054688,398,42,64
CAT,Industrial Goods,BiGRU,multiclass,20,5,16,0.6761720433606574,2.4012703895568848,398,42,64
CAT,Industrial Goods,BiGRU,multiclass,20,5,17,0.6302974366362969,2.8918216228485107,398,42,64
CAT,Industrial Goods,BiGRU,multiclass,20,5,18,0.6558129204877058,2.625274419784546,398,42,64
CELG,Healthcare,BiGRU,multiclass,20,5,1,1.6759533669481326,1.414421796798706,398,42,64
CELG,Healthcare,BiGRU,multiclass,20,5,2,1.3935058057008676,0.9716336131095886,398,42,64
CELG,Healthcare,BiGRU,multiclass,20,5,3,1.2306945550082318,0.6676241755485535,398,42,64
CELG,Healthcare,BiGRU,multiclass,20,5,4,1.0146089016492643,0.5940183997154236,398,42,64
CELG,Healthcare,BiGRU,multiclass,20,5,5,1.08699191462754,0.6665107607841492,398,42,64
CELG,Healthcare,BiGRU,multiclass,20,5,6,0.9543492826984157,0.6232392191886902,398,42,64
CELG,Healthcare,BiGRU,multiclass,20,5,7,0.8683087904399364,0.8507869839668274,398,42,64
CELG,Healthcare,BiGRU,multiclass,20,5,8,0.8484540189330901,0.6156215667724609,398,42,64
CELG,Healthcare,BiGRU,multiclass,20,5,9,0.729939040601553,0.6891090869903564,398,42,64
CELG,Healthcare,BiGRU,multiclass,20,5,10,0.8061007747997591,0.8388195037841797,398,42,64
CELG,Healthcare,BiGRU,multiclass,20,5,11,0.7630882965559935,0.6371762156486511,398,42,64
CELG,Healthcare,BiGRU,multiclass,20,5,12,0.671081740128335,0.6794044375419617,398,42,64
CELG,Healthcare,BiGRU,multiclass,20,5,13,0.619069119868566,0.8080992698669434,398,42,64
CELG,Healthcare,BiGRU,multiclass,20,5,14,0.623411856778902,0.6832830905914307,398,42,64
CELG,Healthcare,BiGRU,multiclass,20,5,15,0.5566010665354417,0.6726657152175903,398,42,64
CELG,Healthcare,BiGRU,multiclass,20,5,16,0.643430442816049,0.6348439455032349,398,42,64
CELG,Healthcare,BiGRU,multiclass,20,5,17,0.6331792262630846,0.6704040765762329,398,42,64
CELG,Healthcare,BiGRU,multiclass,20,5,18,0.5801140546948467,0.6873869299888611,398,42,64
CELG,Healthcare,BiGRU,multiclass,20,5,19,0.6074470360225169,0.5471652746200562,398,42,64
CELG,Healthcare,BiGRU,multiclass,20,5,20,0.5793737071243363,0.6243773698806763,398,42,64
CELG,Healthcare,BiGRU,multiclass,20,5,21,0.5305991580138854,0.7879809737205505,398,42,64
CELG,Healthcare,BiGRU,multiclass,20,5,22,0.5345850877426378,0.4743528366088867,398,42,64
CELG,Healthcare,BiGRU,multiclass,20,5,23,0.549845306118529,0.6032130122184753,398,42,64
CELG,Healthcare,BiGRU,multiclass,20,5,24,0.49343915321120063,0.6198367476463318,398,42,64
CELG,Healthcare,BiGRU,multiclass,20,5,25,0.481769601154567,0.6467809677124023,398,42,64
CELG,Healthcare,BiGRU,multiclass,20,5,26,0.47946964975577505,0.575222373008728,398,42,64
CELG,Healthcare,BiGRU,multiclass,20,5,27,0.4183520199216191,0.665626049041748,398,42,64
CELG,Healthcare,BiGRU,multiclass,20,5,28,0.48700843601670096,0.5910390615463257,398,42,64
CELG,Healthcare,BiGRU,multiclass,20,5,29,0.46902091142220714,0.6510611772537231,398,42,64
CELG,Healthcare,BiGRU,multiclass,20,5,30,0.4349680601352423,0.5250599980354309,398,42,64
CHL,Technology,BiGRU,multiclass,20,5,1,1.6913273837698164,1.4714864492416382,398,42,64
CHL,Technology,BiGRU,multiclass,20,5,2,1.364300339665245,1.2769136428833008,398,42,64
CHL,Technology,BiGRU,multiclass,20,5,3,1.2280131680282516,1.0932962894439697,398,42,64
CHL,Technology,BiGRU,multiclass,20,5,4,1.2152224946860692,1.0050163269042969,398,42,64
CHL,Technology,BiGRU,multiclass,20,5,5,1.0238490515018828,1.0228347778320312,398,42,64
CHL,Technology,BiGRU,multiclass,20,5,6,0.905476748643808,1.0648682117462158,398,42,64
CHL,Technology,BiGRU,multiclass,20,5,7,0.8723241402276197,1.343672275543213,398,42,64
CHL,Technology,BiGRU,multiclass,20,5,8,0.9173918899579264,1.2871865034103394,398,42,64
CHL,Technology,BiGRU,multiclass,20,5,9,0.8101844500057661,1.7692968845367432,398,42,64
CHL,Technology,BiGRU,multiclass,20,5,10,0.6992473164994513,1.7740534543991089,398,42,64
CHL,Technology,BiGRU,multiclass,20,5,11,0.7592747046719843,1.6421772241592407,398,42,64
CHL,Technology,BiGRU,multiclass,20,5,12,0.6992206603438411,1.9310311079025269,398,42,64
CHL,Technology,BiGRU,multiclass,20,5,13,0.7020738592099904,1.757804274559021,398,42,64
CHL,Technology,BiGRU,multiclass,20,5,14,0.6439451790934232,1.5207921266555786,398,42,64
CHL,Technology,BiGRU,multiclass,20,5,15,0.6224583725833414,1.962732195854187,398,42,64
CHL,Technology,BiGRU,multiclass,20,5,16,0.5532191851031241,1.872412085533142,398,42,64
CHL,Technology,BiGRU,multiclass,20,5,17,0.6284358489453493,1.8512903451919556,398,42,64
CHL,Technology,BiGRU,multiclass,20,5,18,0.6147873805994963,1.7728575468063354,398,42,64
CHL,Technology,BiGRU,multiclass,20,5,19,0.587919218905607,1.7113786935806274,398,42,64
CHTR,Services,BiGRU,multiclass,20,5,1,1.5906637535622372,1.9103161096572876,398,42,64
CHTR,Services,BiGRU,multiclass,20,5,2,1.3332604247720996,1.8055905103683472,398,42,64
CHTR,Services,BiGRU,multiclass,20,5,3,1.296905165940673,1.543431043624878,398,42,64
CHTR,Services,BiGRU,multiclass,20,5,4,1.1677018949134865,1.18191397190094,398,42,64
CHTR,Services,BiGRU,multiclass,20,5,5,1.0396065118923858,1.0550435781478882,398,42,64
CHTR,Services,BiGRU,multiclass,20,5,6,1.0510859890798827,1.0937927961349487,398,42,64
CHTR,Services,BiGRU,multiclass,20,5,7,1.0944412707084388,1.1110715866088867,398,42,64
CHTR,Services,BiGRU,multiclass,20,5,8,0.9572032315647183,1.1028012037277222,398,42,64
CHTR,Services,BiGRU,multiclass,20,5,9,0.9474941863486516,1.067088007926941,398,42,64
CHTR,Services,BiGRU,multiclass,20,5,10,0.8304340231358706,1.0778067111968994,398,42,64
CHTR,Services,BiGRU,multiclass,20,5,11,0.8048274217538498,1.119868278503418,398,42,64
CHTR,Services,BiGRU,multiclass,20,5,12,0.8184872503256678,0.9901506304740906,398,42,64
CHTR,Services,BiGRU,multiclass,20,5,13,0.7964033463492466,0.9688283801078796,398,42,64
CHTR,Services,BiGRU,multiclass,20,5,14,0.7276675506452819,1.0195168256759644,398,42,64
CHTR,Services,BiGRU,multiclass,20,5,15,0.705646118776283,1.058266520500183,398,42,64
CHTR,Services,BiGRU,multiclass,20,5,16,0.5833256927566912,1.0042909383773804,398,42,64
CHTR,Services,BiGRU,multiclass,20,5,17,0.6175088195045989,1.1967859268188477,398,42,64
CHTR,Services,BiGRU,multiclass,20,5,18,0.6926398648688542,1.2587779760360718,398,42,64
CHTR,Services,BiGRU,multiclass,20,5,19,0.6430252729049281,1.0688278675079346,398,42,64
CHTR,Services,BiGRU,multiclass,20,5,20,0.552557004456544,1.2949535846710205,398,42,64
CHTR,Services,BiGRU,multiclass,20,5,21,0.6010388324608156,1.3476146459579468,398,42,64
CHTR,Services,BiGRU,multiclass,20,5,22,0.5966358557717883,1.3941634893417358,398,42,64
CHTR,Services,BiGRU,multiclass,20,5,23,0.5450824768698994,1.2404229640960693,398,42,64
CHTR,Services,BiGRU,multiclass,20,5,24,0.5161063220333214,1.253583312034607,398,42,64
CHTR,Services,BiGRU,multiclass,20,5,25,0.4894529534644218,1.3629863262176514,398,42,64
CHTR,Services,BiGRU,multiclass,20,5,26,0.508036788384519,1.4254060983657837,398,42,64
CHTR,Services,BiGRU,multiclass,20,5,27,0.46654348502207044,1.3349807262420654,398,42,64
CHTR,Services,BiGRU,multiclass,20,5,28,0.4854460944182909,1.2110576629638672,398,42,64
CMCSA,Services,BiGRU,multiclass,20,5,1,1.5884753408743508,1.474682092666626,398,42,64
CMCSA,Services,BiGRU,multiclass,20,5,2,1.200145677405985,1.2385424375534058,398,42,64
CMCSA,Services,BiGRU,multiclass,20,5,3,1.1082970739609033,1.1396387815475464,398,42,64
CMCSA,Services,BiGRU,multiclass,20,5,4,0.964830268567531,1.0981550216674805,398,42,64
CMCSA,Services,BiGRU,multiclass,20,5,5,0.9819038384523823,1.1451796293258667,398,42,64
CMCSA,Services,BiGRU,multiclass,20,5,6,0.9239581604698794,1.2349872589111328,398,42,64
CMCSA,Services,BiGRU,multiclass,20,5,7,0.8162516250682237,1.2834120988845825,398,42,64
CMCSA,Services,BiGRU,multiclass,20,5,8,0.7378215102394622,1.2986764907836914,398,42,64
CMCSA,Services,BiGRU,multiclass,20,5,9,0.7386565788007861,1.2561125755310059,398,42,64
CMCSA,Services,BiGRU,multiclass,20,5,10,0.6724730673147805,1.5377075672149658,398,42,64
CMCSA,Services,BiGRU,multiclass,20,5,11,0.6387947378446109,1.3333438634872437,398,42,64
CMCSA,Services,BiGRU,multiclass,20,5,12,0.7519755671970808,1.4709614515304565,398,42,64
CMCSA,Services,BiGRU,multiclass,20,5,13,0.6729485930210382,1.1073740720748901,398,42,64
CMCSA,Services,BiGRU,multiclass,20,5,14,0.6006399756250669,1.2177011966705322,398,42,64
CMCSA,Services,BiGRU,multiclass,20,5,15,0.5804020200841989,1.5725773572921753,398,42,64
CMCSA,Services,BiGRU,multiclass,20,5,16,0.5871216440620135,1.716834306716919,398,42,64
CMCSA,Services,BiGRU,multiclass,20,5,17,0.5551158979010942,1.4895015954971313,398,42,64
CMCSA,Services,BiGRU,multiclass,20,5,18,0.5240024885340552,1.544349193572998,398,42,64
CMCSA,Services,BiGRU,multiclass,20,5,19,0.5788605815202148,1.6078838109970093,398,42,64
CODI,Conglomerates,BiGRU,multiclass,20,5,1,1.6847755303933991,0.9587101340293884,398,42,64
CODI,Conglomerates,BiGRU,multiclass,20,5,2,1.3554173845741617,0.7604233026504517,398,42,64
CODI,Conglomerates,BiGRU,multiclass,20,5,3,1.1216630186866876,0.8621699213981628,398,42,64
CODI,Conglomerates,BiGRU,multiclass,20,5,4,1.1024286911715215,1.2471517324447632,398,42,64
CODI,Conglomerates,BiGRU,multiclass,20,5,5,1.054882559644517,2.1776490211486816,398,42,64
CODI,Conglomerates,BiGRU,multiclass,20,5,6,0.957778301071282,2.990206480026245,398,42,64
CODI,Conglomerates,BiGRU,multiclass,20,5,7,0.9422819907940811,3.199258804321289,398,42,64
CODI,Conglomerates,BiGRU,multiclass,20,5,8,0.8405399282074454,3.413698196411133,398,42,64
CODI,Conglomerates,BiGRU,multiclass,20,5,9,0.8188756287996494,4.455958843231201,398,42,64
CODI,Conglomerates,BiGRU,multiclass,20,5,10,0.8082177564127362,5.132564544677734,398,42,64
CODI,Conglomerates,BiGRU,multiclass,20,5,11,0.7336107140509927,4.669824600219727,398,42,64
CODI,Conglomerates,BiGRU,multiclass,20,5,12,0.776255563275898,5.167423725128174,398,42,64
CODI,Conglomerates,BiGRU,multiclass,20,5,13,0.7304958256345299,5.546889781951904,398,42,64
CODI,Conglomerates,BiGRU,multiclass,20,5,14,0.6873369744075603,5.221043586730957,398,42,64
CODI,Conglomerates,BiGRU,multiclass,20,5,15,0.718398555738842,5.518575668334961,398,42,64
CODI,Conglomerates,BiGRU,multiclass,20,5,16,0.6236396986036444,5.852586269378662,398,42,64
CODI,Conglomerates,BiGRU,multiclass,20,5,17,0.7101023993899475,5.730377674102783,398,42,64
CSCO,Technology,BiGRU,multiclass,20,5,1,1.5970733621012625,1.3816211223602295,398,42,64
CSCO,Technology,BiGRU,multiclass,20,5,2,1.1919726636541548,1.1344785690307617,398,42,64
CSCO,Technology,BiGRU,multiclass,20,5,3,1.103431123584958,0.9893168807029724,398,42,64
CSCO,Technology,BiGRU,multiclass,20,5,4,0.9986250038123011,0.988835334777832,398,42,64
CSCO,Technology,BiGRU,multiclass,20,5,5,0.9566032994332625,1.0585576295852661,398,42,64
CSCO,Technology,BiGRU,multiclass,20,5,6,0.8262100192769688,1.0757358074188232,398,42,64
CSCO,Technology,BiGRU,multiclass,20,5,7,0.7809223513207842,1.2248530387878418,398,42,64
CSCO,Technology,BiGRU,multiclass,20,5,8,0.7228407915213599,1.4577229022979736,398,42,64
CSCO,Technology,BiGRU,multiclass,20,5,9,0.7155160992289308,1.2620314359664917,398,42,64
CSCO,Technology,BiGRU,multiclass,20,5,10,0.7231980740424976,1.4256311655044556,398,42,64
CSCO,Technology,BiGRU,multiclass,20,5,11,0.6931300372933623,1.5154935121536255,398,42,64
CSCO,Technology,BiGRU,multiclass,20,5,12,0.5848367786287663,1.402099609375,398,42,64
CSCO,Technology,BiGRU,multiclass,20,5,13,0.5689046104349683,1.4022806882858276,398,42,64
CSCO,Technology,BiGRU,multiclass,20,5,14,0.6158963855187497,1.4425491094589233,398,42,64
CSCO,Technology,BiGRU,multiclass,20,5,15,0.6024260458035685,1.303974986076355,398,42,64
CSCO,Technology,BiGRU,multiclass,20,5,16,0.5401471926638829,1.2036877870559692,398,42,64
CSCO,Technology,BiGRU,multiclass,20,5,17,0.5790247602678423,1.298963189125061,398,42,64
CSCO,Technology,BiGRU,multiclass,20,5,18,0.5257093488571033,1.609558343887329,398,42,64
CVX,Basic Matierials,BiGRU,multiclass,20,5,1,1.910871773209404,2.403533935546875,398,42,64
CVX,Basic Matierials,BiGRU,multiclass,20,5,2,1.6144058521668516,1.7560447454452515,398,42,64
CVX,Basic Matierials,BiGRU,multiclass,20,5,3,1.3784240454285588,1.58976411819458,398,42,64
CVX,Basic Matierials,BiGRU,multiclass,20,5,4,1.2458468075074143,1.7937358617782593,398,42,64
CVX,Basic Matierials,BiGRU,multiclass,20,5,5,1.1458949148654938,2.1552090644836426,398,42,64
CVX,Basic Matierials,BiGRU,multiclass,20,5,6,1.2099889248759303,2.1043810844421387,398,42,64
CVX,Basic Matierials,BiGRU,multiclass,20,5,7,0.9690702893027109,2.0483803749084473,398,42,64
CVX,Basic Matierials,BiGRU,multiclass,20,5,8,0.933602140027674,2.6778571605682373,398,42,64
CVX,Basic Matierials,BiGRU,multiclass,20,5,9,0.9321840806822081,2.918147325515747,398,42,64
CVX,Basic Matierials,BiGRU,multiclass,20,5,10,0.9899054726763586,2.1696712970733643,398,42,64
CVX,Basic Matierials,BiGRU,multiclass,20,5,11,0.8775343927905788,2.227874517440796,398,42,64
CVX,Basic Matierials,BiGRU,multiclass,20,5,12,0.84390944092717,2.484830617904663,398,42,64
CVX,Basic Matierials,BiGRU,multiclass,20,5,13,0.7490390434337022,2.312805652618408,398,42,64
CVX,Basic Matierials,BiGRU,multiclass,20,5,14,0.7208887332647889,2.2838480472564697,398,42,64
CVX,Basic Matierials,BiGRU,multiclass,20,5,15,0.717402971869138,2.448387861251831,398,42,64
CVX,Basic Matierials,BiGRU,multiclass,20,5,16,0.7111371643279665,2.495347499847412,398,42,64
CVX,Basic Matierials,BiGRU,multiclass,20,5,17,0.7258437204001537,2.095355749130249,398,42,64
CVX,Basic Matierials,BiGRU,multiclass,20,5,18,0.7140919703185259,2.622464418411255,398,42,64
D,Utilities,BiGRU,multiclass,20,5,1,1.6942425606837823,1.730862021446228,398,42,64
D,Utilities,BiGRU,multiclass,20,5,2,1.342023584111851,1.556106686592102,398,42,64
D,Utilities,BiGRU,multiclass,20,5,3,1.1235256776138767,1.4504129886627197,398,42,64
D,Utilities,BiGRU,multiclass,20,5,4,1.0569668427184598,1.4269558191299438,398,42,64
D,Utilities,BiGRU,multiclass,20,5,5,0.877764920792987,1.4019285440444946,398,42,64
D,Utilities,BiGRU,multiclass,20,5,6,0.9931797391206176,1.3692680597305298,398,42,64
D,Utilities,BiGRU,multiclass,20,5,7,0.7643985877084971,1.3871510028839111,398,42,64
D,Utilities,BiGRU,multiclass,20,5,8,0.7994997339632044,1.4102674722671509,398,42,64
D,Utilities,BiGRU,multiclass,20,5,9,0.7275813268357186,1.4725958108901978,398,42,64
D,Utilities,BiGRU,multiclass,20,5,10,0.715704722620135,1.4678062200546265,398,42,64
D,Utilities,BiGRU,multiclass,20,5,11,0.716805649911938,1.4382305145263672,398,42,64
D,Utilities,BiGRU,multiclass,20,5,12,0.651901293789322,1.3998180627822876,398,42,64
D,Utilities,BiGRU,multiclass,20,5,13,0.6182369774010912,1.5476443767547607,398,42,64
D,Utilities,BiGRU,multiclass,20,5,14,0.6193380165639235,1.5180286169052124,398,42,64
D,Utilities,BiGRU,multiclass,20,5,15,0.6499849565364607,1.553776741027832,398,42,64
D,Utilities,BiGRU,multiclass,20,5,16,0.582250942536934,1.524617075920105,398,42,64
D,Utilities,BiGRU,multiclass,20,5,17,0.6056221654666728,1.5796823501586914,398,42,64
D,Utilities,BiGRU,multiclass,20,5,18,0.5917827400130842,1.6036560535430908,398,42,64
D,Utilities,BiGRU,multiclass,20,5,19,0.5839017785374244,1.7676489353179932,398,42,64
D,Utilities,BiGRU,multiclass,20,5,20,0.5375277048079812,1.7430700063705444,398,42,64
D,Utilities,BiGRU,multiclass,20,5,21,0.49116854766505447,1.5779030323028564,398,42,64
DHR,Industrial Goods,BiGRU,multiclass,20,5,1,1.6536913361381647,1.398200273513794,398,42,64
DHR,Industrial Goods,BiGRU,multiclass,20,5,2,1.225003515655671,1.3572942018508911,398,42,64
DHR,Industrial Goods,BiGRU,multiclass,20,5,3,1.3520706658387305,1.2995423078536987,398,42,64
DHR,Industrial Goods,BiGRU,multiclass,20,5,4,1.1166794791293504,1.2188751697540283,398,42,64
DHR,Industrial Goods,BiGRU,multiclass,20,5,5,1.0910095671313491,1.2321183681488037,398,42,64
DHR,Industrial Goods,BiGRU,multiclass,20,5,6,0.977087570195222,1.234354019165039,398,42,64
DHR,Industrial Goods,BiGRU,multiclass,20,5,7,0.9902561417776137,1.20421302318573,398,42,64
DHR,Industrial Goods,BiGRU,multiclass,20,5,8,0.7794039947303695,1.1144437789916992,398,42,64
DHR,Industrial Goods,BiGRU,multiclass,20,5,9,0.8834310692159375,1.184464454650879,398,42,64
DHR,Industrial Goods,BiGRU,multiclass,20,5,10,0.7427443595387828,1.022621989250183,398,42,64
DHR,Industrial Goods,BiGRU,multiclass,20,5,11,0.7680947274418931,1.0956776142120361,398,42,64
DHR,Industrial Goods,BiGRU,multiclass,20,5,12,0.774208900017954,1.3847845792770386,398,42,64
DHR,Industrial Goods,BiGRU,multiclass,20,5,13,0.7379227822749459,1.416678786277771,398,42,64
DHR,Industrial Goods,BiGRU,multiclass,20,5,14,0.6508342432017302,1.3642399311065674,398,42,64
DHR,Industrial Goods,BiGRU,multiclass,20,5,15,0.6359566770606304,1.3112587928771973,398,42,64
DHR,Industrial Goods,BiGRU,multiclass,20,5,16,0.6303971333419858,1.3524227142333984,398,42,64
DHR,Industrial Goods,BiGRU,multiclass,20,5,17,0.585523345362601,1.3214640617370605,398,42,64
DHR,Industrial Goods,BiGRU,multiclass,20,5,18,0.5856449081370579,1.2730728387832642,398,42,64
DHR,Industrial Goods,BiGRU,multiclass,20,5,19,0.6192570192430487,1.3468748331069946,398,42,64
DHR,Industrial Goods,BiGRU,multiclass,20,5,20,0.5536623880192263,1.369101881980896,398,42,64
DHR,Industrial Goods,BiGRU,multiclass,20,5,21,0.4950054710983631,1.286239504814148,398,42,64
DHR,Industrial Goods,BiGRU,multiclass,20,5,22,0.5641756189528422,1.2924834489822388,398,42,64
DHR,Industrial Goods,BiGRU,multiclass,20,5,23,0.5199659380631231,1.3723963499069214,398,42,64
DHR,Industrial Goods,BiGRU,multiclass,20,5,24,0.500232507685321,1.3614132404327393,398,42,64
DHR,Industrial Goods,BiGRU,multiclass,20,5,25,0.46174518906291406,1.3871122598648071,398,42,64
DIS,Services,BiGRU,multiclass,20,5,1,1.4738322843858345,1.1678091287612915,398,42,64
DIS,Services,BiGRU,multiclass,20,5,2,1.1684496911925886,0.8264612555503845,398,42,64
DIS,Services,BiGRU,multiclass,20,5,3,1.1550646678886223,1.4829047918319702,398,42,64
DIS,Services,BiGRU,multiclass,20,5,4,1.0962048804939692,1.9515808820724487,398,42,64
DIS,Services,BiGRU,multiclass,20,5,5,0.934226787270014,2.2782235145568848,398,42,64
DIS,Services,BiGRU,multiclass,20,5,6,0.8499218324321,2.9533746242523193,398,42,64
DIS,Services,BiGRU,multiclass,20,5,7,0.8436744952920693,2.863281726837158,398,42,64
DIS,Services,BiGRU,multiclass,20,5,8,0.791658030083431,2.5768585205078125,398,42,64
DIS,Services,BiGRU,multiclass,20,5,9,0.8205111440102658,2.5932326316833496,398,42,64
DIS,Services,BiGRU,multiclass,20,5,10,0.7641061053204177,2.463900089263916,398,42,64
DIS,Services,BiGRU,multiclass,20,5,11,0.7153459110451703,2.6731503009796143,398,42,64
DIS,Services,BiGRU,multiclass,20,5,12,0.6732870822575823,2.906071186065674,398,42,64
DIS,Services,BiGRU,multiclass,20,5,13,0.6165680901788587,2.9444420337677,398,42,64
DIS,Services,BiGRU,multiclass,20,5,14,0.645906969680259,2.9870259761810303,398,42,64
DIS,Services,BiGRU,multiclass,20,5,15,0.6165872436372479,2.6100926399230957,398,42,64
DIS,Services,BiGRU,multiclass,20,5,16,0.5613059220302045,2.7373857498168945,398,42,64
DIS,Services,BiGRU,multiclass,20,5,17,0.6562830578142674,3.1879842281341553,398,42,64
DUK,Utilities,BiGRU,multiclass,20,5,1,1.4998636910663776,1.6340137720108032,398,42,64
DUK,Utilities,BiGRU,multiclass,20,5,2,1.256744868791283,1.0256401300430298,398,42,64
DUK,Utilities,BiGRU,multiclass,20,5,3,1.0832733550862452,0.9028482437133789,398,42,64
DUK,Utilities,BiGRU,multiclass,20,5,4,1.0408897295070054,1.007804274559021,398,42,64
DUK,Utilities,BiGRU,multiclass,20,5,5,0.9726621998314882,1.2436827421188354,398,42,64
DUK,Utilities,BiGRU,multiclass,20,5,6,0.9356670918776162,1.516446590423584,398,42,64
DUK,Utilities,BiGRU,multiclass,20,5,7,0.8136011144923205,1.6897308826446533,398,42,64
DUK,Utilities,BiGRU,multiclass,20,5,8,0.8027502060236045,1.7542775869369507,398,42,64
DUK,Utilities,BiGRU,multiclass,20,5,9,0.7768532889871741,2.172257661819458,398,42,64
DUK,Utilities,BiGRU,multiclass,20,5,10,0.7730684689241438,1.8526337146759033,398,42,64
DUK,Utilities,BiGRU,multiclass,20,5,11,0.7164712488351754,1.8067913055419922,398,42,64
DUK,Utilities,BiGRU,multiclass,20,5,12,0.6510314547536361,1.9071155786514282,398,42,64
DUK,Utilities,BiGRU,multiclass,20,5,13,0.6135609741486496,1.5382200479507446,398,42,64
DUK,Utilities,BiGRU,multiclass,20,5,14,0.6422615003346199,1.5845884084701538,398,42,64
DUK,Utilities,BiGRU,multiclass,20,5,15,0.652990736404256,1.719247817993164,398,42,64
DUK,Utilities,BiGRU,multiclass,20,5,16,0.6424924404776875,1.4455163478851318,398,42,64
DUK,Utilities,BiGRU,multiclass,20,5,17,0.5397318883157854,1.7176523208618164,398,42,64
DUK,Utilities,BiGRU,multiclass,20,5,18,0.6245377650812044,1.7192000150680542,398,42,64
EXC,Utilities,BiGRU,multiclass,20,5,1,1.5516769149195608,1.3739135265350342,398,42,64
EXC,Utilities,BiGRU,multiclass,20,5,2,1.2326232431521966,0.965312123298645,398,42,64
EXC,Utilities,BiGRU,multiclass,20,5,3,1.1205224447214424,0.8260784149169922,398,42,64
EXC,Utilities,BiGRU,multiclass,20,5,4,1.0477252782289705,1.0273220539093018,398,42,64
EXC,Utilities,BiGRU,multiclass,20,5,5,0.9651306885570737,1.4917793273925781,398,42,64
EXC,Utilities,BiGRU,multiclass,20,5,6,0.9059560566990819,1.9684776067733765,398,42,64
EXC,Utilities,BiGRU,multiclass,20,5,7,0.8463300828957677,2.181234121322632,398,42,64
EXC,Utilities,BiGRU,multiclass,20,5,8,0.7643445456147793,2.4769344329833984,398,42,64
EXC,Utilities,BiGRU,multiclass,20,5,9,0.7679899638921173,2.7364614009857178,398,42,64
EXC,Utilities,BiGRU,multiclass,20,5,10,0.6766542587148484,2.7332518100738525,398,42,64
EXC,Utilities,BiGRU,multiclass,20,5,11,0.7747139136994904,2.8530330657958984,398,42,64
EXC,Utilities,BiGRU,multiclass,20,5,12,0.643300080868467,2.536165237426758,398,42,64
EXC,Utilities,BiGRU,multiclass,20,5,13,0.6026865603336736,2.4941930770874023,398,42,64
EXC,Utilities,BiGRU,multiclass,20,5,14,0.6398009228047414,2.562761068344116,398,42,64
EXC,Utilities,BiGRU,multiclass,20,5,15,0.6363215114004049,2.020850658416748,398,42,64
EXC,Utilities,BiGRU,multiclass,20,5,16,0.6090395586874018,2.0471084117889404,398,42,64
EXC,Utilities,BiGRU,multiclass,20,5,17,0.6526456756807452,1.9782787561416626,398,42,64
EXC,Utilities,BiGRU,multiclass,20,5,18,0.560763257682024,2.3447105884552,398,42,64
FB,Technology,BiGRU,multiclass,20,5,1,1.6208147478463062,1.9912986755371094,398,42,64
FB,Technology,BiGRU,multiclass,20,5,2,1.3885063087221365,1.9806054830551147,398,42,64
FB,Technology,BiGRU,multiclass,20,5,3,1.2080223561830856,1.9862730503082275,398,42,64
FB,Technology,BiGRU,multiclass,20,5,4,1.1262237994215596,2.054962635040283,398,42,64
FB,Technology,BiGRU,multiclass,20,5,5,0.9971469883343682,2.1011359691619873,398,42,64
FB,Technology,BiGRU,multiclass,20,5,6,0.9815951690601943,2.1075150966644287,398,42,64
FB,Technology,BiGRU,multiclass,20,5,7,0.8593344990931564,2.1925899982452393,398,42,64
FB,Technology,BiGRU,multiclass,20,5,8,0.8545379827369997,2.2162177562713623,398,42,64
FB,Technology,BiGRU,multiclass,20,5,9,0.8051220260972354,2.075111150741577,398,42,64
FB,Technology,BiGRU,multiclass,20,5,10,0.8100928569109596,2.2231643199920654,398,42,64
FB,Technology,BiGRU,multiclass,20,5,11,0.7427333843468422,2.2172322273254395,398,42,64
FB,Technology,BiGRU,multiclass,20,5,12,0.7495185926032426,2.1965548992156982,398,42,64
FB,Technology,BiGRU,multiclass,20,5,13,0.6397183294871345,2.2074971199035645,398,42,64
FB,Technology,BiGRU,multiclass,20,5,14,0.6509033091853013,2.2184722423553467,398,42,64
FB,Technology,BiGRU,multiclass,20,5,15,0.6779160021837033,2.1861610412597656,398,42,64
FB,Technology,BiGRU,multiclass,20,5,16,0.5958727870005459,2.2805707454681396,398,42,64
FB,Technology,BiGRU,multiclass,20,5,17,0.5562704251189927,2.1987884044647217,398,42,64
GD,Industrial Goods,BiGRU,multiclass,20,5,1,1.4212697229193683,0.8970980048179626,398,42,64
GD,Industrial Goods,BiGRU,multiclass,20,5,2,1.2487715320970545,0.8362733721733093,398,42,64
GD,Industrial Goods,BiGRU,multiclass,20,5,3,1.0415622451197561,0.7902193069458008,398,42,64
GD,Industrial Goods,BiGRU,multiclass,20,5,4,0.9616096849417567,0.786045253276825,398,42,64
GD,Industrial Goods,BiGRU,multiclass,20,5,5,0.947345477851791,0.7422497868537903,398,42,64
GD,Industrial Goods,BiGRU,multiclass,20,5,6,0.8931355946627094,0.7555052638053894,398,42,64
GD,Industrial Goods,BiGRU,multiclass,20,5,7,0.8388229048431818,0.9136180877685547,398,42,64
GD,Industrial Goods,BiGRU,multiclass,20,5,8,0.7822923535977176,1.062022089958191,398,42,64
GD,Industrial Goods,BiGRU,multiclass,20,5,9,0.7292064335478011,1.4140149354934692,398,42,64
GD,Industrial Goods,BiGRU,multiclass,20,5,10,0.674376853596625,1.7154957056045532,398,42,64
GD,Industrial Goods,BiGRU,multiclass,20,5,11,0.6656868956496368,1.4261095523834229,398,42,64
GD,Industrial Goods,BiGRU,multiclass,20,5,12,0.6289834872112802,1.692736029624939,398,42,64
GD,Industrial Goods,BiGRU,multiclass,20,5,13,0.5714612138930277,2.0791196823120117,398,42,64
GD,Industrial Goods,BiGRU,multiclass,20,5,14,0.5460088449207383,1.8059126138687134,398,42,64
GD,Industrial Goods,BiGRU,multiclass,20,5,15,0.6128643601383995,1.9905122518539429,398,42,64
GD,Industrial Goods,BiGRU,multiclass,20,5,16,0.5532373658676243,2.177398920059204,398,42,64
GD,Industrial Goods,BiGRU,multiclass,20,5,17,0.5121758874487038,1.9639004468917847,398,42,64
GD,Industrial Goods,BiGRU,multiclass,20,5,18,0.47535760243933406,2.2861599922180176,398,42,64
GD,Industrial Goods,BiGRU,multiclass,20,5,19,0.4601497317678365,1.6867153644561768,398,42,64
GD,Industrial Goods,BiGRU,multiclass,20,5,20,0.5410748326299178,1.3921096324920654,398,42,64
GE,Industrial Goods,BiGRU,multiclass,20,5,1,1.784689189800665,1.951822280883789,398,42,64
GE,Industrial Goods,BiGRU,multiclass,20,5,2,1.4210686542879996,1.2271965742111206,398,42,64
GE,Industrial Goods,BiGRU,multiclass,20,5,3,1.2376629201012042,1.0299657583236694,398,42,64
GE,Industrial Goods,BiGRU,multiclass,20,5,4,1.2066489865432433,1.0859168767929077,398,42,64
GE,Industrial Goods,BiGRU,multiclass,20,5,5,1.0426659173701875,1.0217045545578003,398,42,64
GE,Industrial Goods,BiGRU,multiclass,20,5,6,0.988296133489465,1.0676860809326172,398,42,64
GE,Industrial Goods,BiGRU,multiclass,20,5,7,0.8715545777699456,1.2379897832870483,398,42,64
GE,Industrial Goods,BiGRU,multiclass,20,5,8,0.826866689339355,0.9826375246047974,398,42,64
GE,Industrial Goods,BiGRU,multiclass,20,5,9,0.7744046138159594,1.183028221130371,398,42,64
GE,Industrial Goods,BiGRU,multiclass,20,5,10,0.82121776860563,1.1559237241744995,398,42,64
GE,Industrial Goods,BiGRU,multiclass,20,5,11,0.7832374584734739,1.4074766635894775,398,42,64
GE,Industrial Goods,BiGRU,multiclass,20,5,12,0.696576861730173,1.012978434562683,398,42,64
GE,Industrial Goods,BiGRU,multiclass,20,5,13,0.6381089682854599,1.1787880659103394,398,42,64
GE,Industrial Goods,BiGRU,multiclass,20,5,14,0.6641108821983912,1.301528811454773,398,42,64
GE,Industrial Goods,BiGRU,multiclass,20,5,15,0.6646142823612271,1.262447714805603,398,42,64
GE,Industrial Goods,BiGRU,multiclass,20,5,16,0.5650269251372946,1.6272817850112915,398,42,64
GE,Industrial Goods,BiGRU,multiclass,20,5,17,0.6588647967606933,1.241445541381836,398,42,64
GE,Industrial Goods,BiGRU,multiclass,20,5,18,0.5410702565507074,1.0897799730300903,398,42,64
GE,Industrial Goods,BiGRU,multiclass,20,5,19,0.548005175201138,1.2869768142700195,398,42,64
GE,Industrial Goods,BiGRU,multiclass,20,5,20,0.518311870457539,1.5105394124984741,398,42,64
GE,Industrial Goods,BiGRU,multiclass,20,5,21,0.5454870424977499,1.3307713270187378,398,42,64
GE,Industrial Goods,BiGRU,multiclass,20,5,22,0.54386594472219,1.086797833442688,398,42,64
GE,Industrial Goods,BiGRU,multiclass,20,5,23,0.4974151268676298,1.3984766006469727,398,42,64
GOOG,Technology,BiGRU,multiclass,20,5,1,1.6209484584367455,2.6595945358276367,398,42,64
GOOG,Technology,BiGRU,multiclass,20,5,2,1.1589066544968878,2.5302131175994873,398,42,64
GOOG,Technology,BiGRU,multiclass,20,5,3,0.947152280028741,2.3997249603271484,398,42,64
GOOG,Technology,BiGRU,multiclass,20,5,4,0.9525061366546094,2.500678062438965,398,42,64
GOOG,Technology,BiGRU,multiclass,20,5,5,0.7973568044116149,2.607978105545044,398,42,64
GOOG,Technology,BiGRU,multiclass,20,5,6,0.802223101632679,1.6091941595077515,398,42,64
GOOG,Technology,BiGRU,multiclass,20,5,7,0.7058480873179795,1.523823618888855,398,42,64
GOOG,Technology,BiGRU,multiclass,20,5,8,0.6701483112483767,1.5714359283447266,398,42,64
GOOG,Technology,BiGRU,multiclass,20,5,9,0.7192968663258769,1.4778484106063843,398,42,64
GOOG,Technology,BiGRU,multiclass,20,5,10,0.6574216231928399,2.6860499382019043,398,42,64
GOOG,Technology,BiGRU,multiclass,20,5,11,0.7425604317355995,1.578102946281433,398,42,64
GOOG,Technology,BiGRU,multiclass,20,5,12,0.6155499058153162,2.2380526065826416,398,42,64
GOOG,Technology,BiGRU,multiclass,20,5,13,0.6430559195765299,2.072971820831299,398,42,64
GOOG,Technology,BiGRU,multiclass,20,5,14,0.6068177320549836,1.5552030801773071,398,42,64
GOOG,Technology,BiGRU,multiclass,20,5,15,0.5706530894765902,2.114828109741211,398,42,64
GOOG,Technology,BiGRU,multiclass,20,5,16,0.6103992689794032,2.1302382946014404,398,42,64
GOOG,Technology,BiGRU,multiclass,20,5,17,0.5475064939889477,2.9440250396728516,398,42,64
GOOG,Technology,BiGRU,multiclass,20,5,18,0.5322638374177655,2.727214813232422,398,42,64
GOOG,Technology,BiGRU,multiclass,20,5,19,0.5083853085735934,2.143707036972046,398,42,64
GOOG,Technology,BiGRU,multiclass,20,5,20,0.5390716749220038,2.065999984741211,398,42,64
GOOG,Technology,BiGRU,multiclass,20,5,21,0.4756752150741654,2.4096009731292725,398,42,64
GOOG,Technology,BiGRU,multiclass,20,5,22,0.5004404886583587,2.610470771789551,398,42,64
GOOG,Technology,BiGRU,multiclass,20,5,23,0.4910068495489245,2.8067851066589355,398,42,64
GOOG,Technology,BiGRU,multiclass,20,5,24,0.47810696836692007,2.4163358211517334,398,42,64
HD,Services,BiGRU,multiclass,20,5,1,1.511926506032896,1.6758350133895874,398,42,64
HD,Services,BiGRU,multiclass,20,5,2,1.1616068566264819,1.543028712272644,398,42,64
HD,Services,BiGRU,multiclass,20,5,3,1.0156792733237971,1.393388032913208,398,42,64
HD,Services,BiGRU,multiclass,20,5,4,0.8835221105184986,1.3276729583740234,398,42,64
HD,Services,BiGRU,multiclass,20,5,5,0.9508134286906851,1.3437631130218506,398,42,64
HD,Services,BiGRU,multiclass,20,5,6,0.7808205686022888,1.2898005247116089,398,42,64
HD,Services,BiGRU,multiclass,20,5,7,0.7712419308609699,1.4252302646636963,398,42,64
HD,Services,BiGRU,multiclass,20,5,8,0.7228889985000668,1.709525465965271,398,42,64
HD,Services,BiGRU,multiclass,20,5,9,0.631118031602409,2.0222742557525635,398,42,64
HD,Services,BiGRU,multiclass,20,5,10,0.6874735073827619,1.9037601947784424,398,42,64
HD,Services,BiGRU,multiclass,20,5,11,0.6021980054713972,1.9889280796051025,398,42,64
HD,Services,BiGRU,multiclass,20,5,12,0.6653599566850231,1.6756298542022705,398,42,64
HD,Services,BiGRU,multiclass,20,5,13,0.5452232347361406,1.6992267370224,398,42,64
HD,Services,BiGRU,multiclass,20,5,14,0.5916176650991392,1.7280209064483643,398,42,64
HD,Services,BiGRU,multiclass,20,5,15,0.5220027476099868,1.7834904193878174,398,42,64
HD,Services,BiGRU,multiclass,20,5,16,0.5317751970422927,1.8650997877120972,398,42,64
HD,Services,BiGRU,multiclass,20,5,17,0.45311559160151077,2.1149847507476807,398,42,64
HD,Services,BiGRU,multiclass,20,5,18,0.4954319323726635,2.3632447719573975,398,42,64
HD,Services,BiGRU,multiclass,20,5,19,0.4723057294610757,1.974005937576294,398,42,64
HD,Services,BiGRU,multiclass,20,5,20,0.4727276944784663,1.7699588537216187,398,42,64
HD,Services,BiGRU,multiclass,20,5,21,0.4527370570293024,1.958346962928772,398,42,64
HON,Industrial Goods,BiGRU,multiclass,20,5,1,1.7502044253612883,1.9886330366134644,398,42,64
HON,Industrial Goods,BiGRU,multiclass,20,5,2,1.4569867885292476,1.3918761014938354,398,42,64
HON,Industrial Goods,BiGRU,multiclass,20,5,3,1.2117375482865913,1.0157955884933472,398,42,64
HON,Industrial Goods,BiGRU,multiclass,20,5,4,1.122250964294127,1.0081828832626343,398,42,64
HON,Industrial Goods,BiGRU,multiclass,20,5,5,1.0508513908889425,1.0565404891967773,398,42,64
HON,Industrial Goods,BiGRU,multiclass,20,5,6,0.9467296342753885,1.4710944890975952,398,42,64
HON,Industrial Goods,BiGRU,multiclass,20,5,7,0.8379696077437856,1.7044610977172852,398,42,64
HON,Industrial Goods,BiGRU,multiclass,20,5,8,0.8983805551001774,1.9746448993682861,398,42,64
HON,Industrial Goods,BiGRU,multiclass,20,5,9,0.8783757243324165,1.9246208667755127,398,42,64
HON,Industrial Goods,BiGRU,multiclass,20,5,10,0.7934788159988634,2.2358059883117676,398,42,64
HON,Industrial Goods,BiGRU,multiclass,20,5,11,0.7947236646958931,1.961771011352539,398,42,64
HON,Industrial Goods,BiGRU,multiclass,20,5,12,0.7707933409130154,1.986216425895691,398,42,64
HON,Industrial Goods,BiGRU,multiclass,20,5,13,0.7122403083734177,1.9606002569198608,398,42,64
HON,Industrial Goods,BiGRU,multiclass,20,5,14,0.6713514488246572,2.1827504634857178,398,42,64
HON,Industrial Goods,BiGRU,multiclass,20,5,15,0.6838884392575403,2.1048033237457275,398,42,64
HON,Industrial Goods,BiGRU,multiclass,20,5,16,0.6350236969377527,1.891618013381958,398,42,64
HON,Industrial Goods,BiGRU,multiclass,20,5,17,0.6913126063107247,2.0497868061065674,398,42,64
HON,Industrial Goods,BiGRU,multiclass,20,5,18,0.635672105766421,1.8836555480957031,398,42,64
HON,Industrial Goods,BiGRU,multiclass,20,5,19,0.6416433209450401,1.798373818397522,398,42,64
HRG,Conglomerates,BiGRU,multiclass,20,5,1,1.5632723551898746,0.9450985193252563,398,42,64
HRG,Conglomerates,BiGRU,multiclass,20,5,2,1.2647444255387963,0.6767569780349731,398,42,64
HRG,Conglomerates,BiGRU,multiclass,20,5,3,1.1710084556934222,0.5771430134773254,398,42,64
HRG,Conglomerates,BiGRU,multiclass,20,5,4,1.07091242644056,0.6031466722488403,398,42,64
HRG,Conglomerates,BiGRU,multiclass,20,5,5,1.0031387871833304,0.6867521405220032,398,42,64
HRG,Conglomerates,BiGRU,multiclass,20,5,6,0.9147415119199896,0.7344159483909607,398,42,64
HRG,Conglomerates,BiGRU,multiclass,20,5,7,0.9012362519700323,0.730563759803772,398,42,64
HRG,Conglomerates,BiGRU,multiclass,20,5,8,0.8218099795394207,0.9122890830039978,398,42,64
HRG,Conglomerates,BiGRU,multiclass,20,5,9,0.7513039204942521,1.0729120969772339,398,42,64
HRG,Conglomerates,BiGRU,multiclass,20,5,10,0.8456312477888175,0.9239031076431274,398,42,64
HRG,Conglomerates,BiGRU,multiclass,20,5,11,0.8372585129498238,1.2153456211090088,398,42,64
HRG,Conglomerates,BiGRU,multiclass,20,5,12,0.7237682977513452,1.541530728340149,398,42,64
HRG,Conglomerates,BiGRU,multiclass,20,5,13,0.7151262421703818,1.2540454864501953,398,42,64
HRG,Conglomerates,BiGRU,multiclass,20,5,14,0.659285131111816,1.2300660610198975,398,42,64
HRG,Conglomerates,BiGRU,multiclass,20,5,15,0.6549141083530445,1.3545732498168945,398,42,64
HRG,Conglomerates,BiGRU,multiclass,20,5,16,0.6635279263084258,1.5084036588668823,398,42,64
HRG,Conglomerates,BiGRU,multiclass,20,5,17,0.6123504306203756,1.0493974685668945,398,42,64
HRG,Conglomerates,BiGRU,multiclass,20,5,18,0.5675512016119071,1.0399540662765503,398,42,64
HSBC,Financial,BiGRU,multiclass,20,5,1,1.903557753443119,1.4957512617111206,398,42,64
HSBC,Financial,BiGRU,multiclass,20,5,2,1.4971645171917862,1.0419502258300781,398,42,64
HSBC,Financial,BiGRU,multiclass,20,5,3,1.4225170833980618,1.420656442642212,398,42,64
HSBC,Financial,BiGRU,multiclass,20,5,4,1.1991229350842423,1.8541927337646484,398,42,64
HSBC,Financial,BiGRU,multiclass,20,5,5,1.2089762250382696,2.234863042831421,398,42,64
HSBC,Financial,BiGRU,multiclass,20,5,6,1.185457098424135,2.348355531692505,398,42,64
HSBC,Financial,BiGRU,multiclass,20,5,7,1.0737419835287123,2.7669737339019775,398,42,64
HSBC,Financial,BiGRU,multiclass,20,5,8,1.1214164165995228,2.6239407062530518,398,42,64
HSBC,Financial,BiGRU,multiclass,20,5,9,0.872877979098852,2.934999465942383,398,42,64
HSBC,Financial,BiGRU,multiclass,20,5,10,0.9836081338288197,3.8719146251678467,398,42,64
HSBC,Financial,BiGRU,multiclass,20,5,11,0.8377519510499197,4.825656414031982,398,42,64
HSBC,Financial,BiGRU,multiclass,20,5,12,0.8027385796733837,4.268544673919678,398,42,64
HSBC,Financial,BiGRU,multiclass,20,5,13,0.7721271739533199,5.441043376922607,398,42,64
HSBC,Financial,BiGRU,multiclass,20,5,14,0.8369205904066862,5.095722198486328,398,42,64
HSBC,Financial,BiGRU,multiclass,20,5,15,0.6555906408396198,4.4356465339660645,398,42,64
HSBC,Financial,BiGRU,multiclass,20,5,16,0.6496753551852164,5.303273677825928,398,42,64
HSBC,Financial,BiGRU,multiclass,20,5,17,0.6374932296911077,5.5568132400512695,398,42,64
IEP,Conglomerates,BiGRU,multiclass,20,5,1,2.1302964956916157,2.1147212982177734,398,42,64
IEP,Conglomerates,BiGRU,multiclass,20,5,2,1.746301362562419,1.5227597951889038,398,42,64
IEP,Conglomerates,BiGRU,multiclass,20,5,3,1.5769948144653934,1.246573567390442,398,42,64
IEP,Conglomerates,BiGRU,multiclass,20,5,4,1.4041262301967372,1.2309170961380005,398,42,64
IEP,Conglomerates,BiGRU,multiclass,20,5,5,1.2020701810942223,1.417380690574646,398,42,64
IEP,Conglomerates,BiGRU,multiclass,20,5,6,1.0959129731858794,2.8064887523651123,398,42,64
IEP,Conglomerates,BiGRU,multiclass,20,5,7,1.1054309603556915,1.8673076629638672,398,42,64
IEP,Conglomerates,BiGRU,multiclass,20,5,8,1.080826127798713,1.607216238975525,398,42,64
IEP,Conglomerates,BiGRU,multiclass,20,5,9,1.0438811469018159,1.7694530487060547,398,42,64
IEP,Conglomerates,BiGRU,multiclass,20,5,10,0.9181794426848541,1.5277622938156128,398,42,64
IEP,Conglomerates,BiGRU,multiclass,20,5,11,0.9801665930891755,1.4163645505905151,398,42,64
IEP,Conglomerates,BiGRU,multiclass,20,5,12,0.8845852978864507,1.9774192571640015,398,42,64
IEP,Conglomerates,BiGRU,multiclass,20,5,13,0.8538173366731135,2.0294671058654785,398,42,64
IEP,Conglomerates,BiGRU,multiclass,20,5,14,0.8030073440554154,2.303478956222534,398,42,64
IEP,Conglomerates,BiGRU,multiclass,20,5,15,0.832276756889257,1.8837549686431885,398,42,64
IEP,Conglomerates,BiGRU,multiclass,20,5,16,0.7972979201144309,1.6623165607452393,398,42,64
IEP,Conglomerates,BiGRU,multiclass,20,5,17,0.7155013403401302,1.4692062139511108,398,42,64
IEP,Conglomerates,BiGRU,multiclass,20,5,18,0.7445092909599669,1.4934784173965454,398,42,64
IEP,Conglomerates,BiGRU,multiclass,20,5,19,0.7041569283260173,1.6555445194244385,398,42,64
INTC,Technology,BiGRU,multiclass,20,5,1,1.46390658377403,1.6676405668258667,398,42,64
INTC,Technology,BiGRU,multiclass,20,5,2,1.1904911150285347,1.1108510494232178,398,42,64
INTC,Technology,BiGRU,multiclass,20,5,3,1.1042574871724575,0.7718366980552673,398,42,64
INTC,Technology,BiGRU,multiclass,20,5,4,0.9600988043912092,0.8005618453025818,398,42,64
INTC,Technology,BiGRU,multiclass,20,5,5,0.9041036130794927,0.7638871073722839,398,42,64
INTC,Technology,BiGRU,multiclass,20,5,6,0.867305242536056,0.7759315371513367,398,42,64
INTC,Technology,BiGRU,multiclass,20,5,7,0.7444878388289831,0.7237081527709961,398,42,64
INTC,Technology,BiGRU,multiclass,20,5,8,0.7563576666853535,1.049322485923767,398,42,64
INTC,Technology,BiGRU,multiclass,20,5,9,0.7006288835750752,1.4769670963287354,398,42,64
INTC,Technology,BiGRU,multiclass,20,5,10,0.7598212798636164,1.479575514793396,398,42,64
INTC,Technology,BiGRU,multiclass,20,5,11,0.6786407426973085,2.1415932178497314,398,42,64
INTC,Technology,BiGRU,multiclass,20,5,12,0.6043382057892018,1.4343323707580566,398,42,64
INTC,Technology,BiGRU,multiclass,20,5,13,0.5543151372042133,1.0623056888580322,398,42,64
INTC,Technology,BiGRU,multiclass,20,5,14,0.5808856249155112,1.3660608530044556,398,42,64
INTC,Technology,BiGRU,multiclass,20,5,15,0.557680148874695,1.1657869815826416,398,42,64
INTC,Technology,BiGRU,multiclass,20,5,16,0.516645116572404,1.6849327087402344,398,42,64
INTC,Technology,BiGRU,multiclass,20,5,17,0.5359194208329646,2.0628602504730225,398,42,64
INTC,Technology,BiGRU,multiclass,20,5,18,0.49522640791969685,1.4240678548812866,398,42,64
INTC,Technology,BiGRU,multiclass,20,5,19,0.5059312373849015,1.1876585483551025,398,42,64
INTC,Technology,BiGRU,multiclass,20,5,20,0.5383369840269712,1.1856019496917725,398,42,64
INTC,Technology,BiGRU,multiclass,20,5,21,0.47131792998793137,1.1966429948806763,398,42,64
INTC,Technology,BiGRU,multiclass,20,5,22,0.45086790898337437,1.2888349294662476,398,42,64
JNJ,Healthcare,BiGRU,multiclass,20,5,1,1.6959389373285687,0.9687216877937317,398,42,64
JNJ,Healthcare,BiGRU,multiclass,20,5,2,1.337346775447903,0.6985365748405457,398,42,64
JNJ,Healthcare,BiGRU,multiclass,20,5,3,1.0693651021425448,1.1227978467941284,398,42,64
JNJ,Healthcare,BiGRU,multiclass,20,5,4,0.9822758323882692,1.731378197669983,398,42,64
JNJ,Healthcare,BiGRU,multiclass,20,5,5,0.9110717974116455,2.0470333099365234,398,42,64
JNJ,Healthcare,BiGRU,multiclass,20,5,6,0.9028616072844021,1.9579004049301147,398,42,64
JNJ,Healthcare,BiGRU,multiclass,20,5,7,0.8072512392422662,1.8064402341842651,398,42,64
JNJ,Healthcare,BiGRU,multiclass,20,5,8,0.7243853470488409,2.184058427810669,398,42,64
JNJ,Healthcare,BiGRU,multiclass,20,5,9,0.7964680203840361,2.2598190307617188,398,42,64
JNJ,Healthcare,BiGRU,multiclass,20,5,10,0.7444128278811374,2.0719916820526123,398,42,64
JNJ,Healthcare,BiGRU,multiclass,20,5,11,0.7571903619933967,2.240598201751709,398,42,64
JNJ,Healthcare,BiGRU,multiclass,20,5,12,0.6679419662485171,2.178511381149292,398,42,64
JNJ,Healthcare,BiGRU,multiclass,20,5,13,0.7190620330110866,1.8067020177841187,398,42,64
JNJ,Healthcare,BiGRU,multiclass,20,5,14,0.6141385385139504,1.8002489805221558,398,42,64
JNJ,Healthcare,BiGRU,multiclass,20,5,15,0.6509344736535345,1.8774181604385376,398,42,64
JNJ,Healthcare,BiGRU,multiclass,20,5,16,0.5819081009632379,2.006986618041992,398,42,64
JNJ,Healthcare,BiGRU,multiclass,20,5,17,0.5736347311106159,1.8993042707443237,398,42,64
JPM,Financial,BiGRU,multiclass,20,5,1,1.556764650883986,1.0211254358291626,398,42,64
JPM,Financial,BiGRU,multiclass,20,5,2,1.2578522883467937,0.8783751726150513,398,42,64
JPM,Financial,BiGRU,multiclass,20,5,3,1.1215423147882049,0.8161492347717285,398,42,64
JPM,Financial,BiGRU,multiclass,20,5,4,0.9330397785908013,0.8141742944717407,398,42,64
JPM,Financial,BiGRU,multiclass,20,5,5,0.8772398877383476,0.7510326504707336,398,42,64
JPM,Financial,BiGRU,multiclass,20,5,6,0.8572879820013765,0.7050778269767761,398,42,64
JPM,Financial,BiGRU,multiclass,20,5,7,0.7896084183424561,0.7434725761413574,398,42,64
JPM,Financial,BiGRU,multiclass,20,5,8,0.7201499675386515,0.7738181948661804,398,42,64
JPM,Financial,BiGRU,multiclass,20,5,9,0.6476516251887509,0.852756142616272,398,42,64
JPM,Financial,BiGRU,multiclass,20,5,10,0.6953075484714316,0.9232228398323059,398,42,64
JPM,Financial,BiGRU,multiclass,20,5,11,0.7379148439246805,0.7521054744720459,398,42,64
JPM,Financial,BiGRU,multiclass,20,5,12,0.7060638821903785,0.8031401634216309,398,42,64
JPM,Financial,BiGRU,multiclass,20,5,13,0.5969872224570518,0.8163571357727051,398,42,64
JPM,Financial,BiGRU,multiclass,20,5,14,0.5542559655167949,0.8428003191947937,398,42,64
JPM,Financial,BiGRU,multiclass,20,5,15,0.5496750461995302,0.7719953656196594,398,42,64
JPM,Financial,BiGRU,multiclass,20,5,16,0.5371318122549872,0.7936090230941772,398,42,64
JPM,Financial,BiGRU,multiclass,20,5,17,0.5712438956576975,0.754086971282959,398,42,64
JPM,Financial,BiGRU,multiclass,20,5,18,0.5504835893460853,0.7323746085166931,398,42,64
JPM,Financial,BiGRU,multiclass,20,5,19,0.52571284561301,0.6947440505027771,398,42,64
JPM,Financial,BiGRU,multiclass,20,5,20,0.47815726031011074,0.7156667709350586,398,42,64
JPM,Financial,BiGRU,multiclass,20,5,21,0.5125014850841695,0.7272970080375671,398,42,64
JPM,Financial,BiGRU,multiclass,20,5,22,0.44966517381332627,0.7694467902183533,398,42,64
JPM,Financial,BiGRU,multiclass,20,5,23,0.4250128347070972,0.7611027359962463,398,42,64
JPM,Financial,BiGRU,multiclass,20,5,24,0.4594186623791354,0.8124821782112122,398,42,64
JPM,Financial,BiGRU,multiclass,20,5,25,0.39891083156643203,0.8619353175163269,398,42,64
JPM,Financial,BiGRU,multiclass,20,5,26,0.4398079303341295,0.7985186576843262,398,42,64
JPM,Financial,BiGRU,multiclass,20,5,27,0.4408655558998261,0.8791593909263611,398,42,64
JPM,Financial,BiGRU,multiclass,20,5,28,0.4273010224253688,0.844305157661438,398,42,64
JPM,Financial,BiGRU,multiclass,20,5,29,0.4295611967093981,0.8404380083084106,398,42,64
JPM,Financial,BiGRU,multiclass,20,5,30,0.42928939803161814,0.9036942720413208,398,42,64
KO,Consumer Goods,BiGRU,multiclass,20,5,1,1.6340788650752311,1.439162254333496,398,42,64
KO,Consumer Goods,BiGRU,multiclass,20,5,2,1.2675445984356368,0.8269980549812317,398,42,64
KO,Consumer Goods,BiGRU,multiclass,20,5,3,1.0066263259355746,1.012555480003357,398,42,64
KO,Consumer Goods,BiGRU,multiclass,20,5,4,1.0353501064693509,1.1963167190551758,398,42,64
KO,Consumer Goods,BiGRU,multiclass,20,5,5,0.8824305429530503,1.3057963848114014,398,42,64
KO,Consumer Goods,BiGRU,multiclass,20,5,6,0.8122834349097918,1.530302882194519,398,42,64
KO,Consumer Goods,BiGRU,multiclass,20,5,7,0.8126941811499284,1.6473274230957031,398,42,64
KO,Consumer Goods,BiGRU,multiclass,20,5,8,0.7381612125353597,1.844321608543396,398,42,64
KO,Consumer Goods,BiGRU,multiclass,20,5,9,0.7038467282326377,2.412813186645508,398,42,64
KO,Consumer Goods,BiGRU,multiclass,20,5,10,0.6905399971271879,2.3491485118865967,398,42,64
KO,Consumer Goods,BiGRU,multiclass,20,5,11,0.5757892271831407,2.3110005855560303,398,42,64
KO,Consumer Goods,BiGRU,multiclass,20,5,12,0.6538847680367417,2.1865789890289307,398,42,64
KO,Consumer Goods,BiGRU,multiclass,20,5,13,0.5795020207238557,2.0836050510406494,398,42,64
KO,Consumer Goods,BiGRU,multiclass,20,5,14,0.5426675874234443,2.0496928691864014,398,42,64
KO,Consumer Goods,BiGRU,multiclass,20,5,15,0.5886833872178092,2.052334785461426,398,42,64
KO,Consumer Goods,BiGRU,multiclass,20,5,16,0.5398934876649224,2.0208051204681396,398,42,64
KO,Consumer Goods,BiGRU,multiclass,20,5,17,0.5858267048495499,1.913060188293457,398,42,64
LMT,Industrial Goods,BiGRU,multiclass,20,5,1,1.5343313648473078,1.3381949663162231,398,42,64
LMT,Industrial Goods,BiGRU,multiclass,20,5,2,1.1157215162737286,1.3664441108703613,398,42,64
LMT,Industrial Goods,BiGRU,multiclass,20,5,3,0.8883798943093074,1.3901495933532715,398,42,64
LMT,Industrial Goods,BiGRU,multiclass,20,5,4,0.8719820011800258,1.3488320112228394,398,42,64
LMT,Industrial Goods,BiGRU,multiclass,20,5,5,0.8250220648607417,1.2258020639419556,398,42,64
LMT,Industrial Goods,BiGRU,multiclass,20,5,6,0.7050183244686031,1.1003786325454712,398,42,64
LMT,Industrial Goods,BiGRU,multiclass,20,5,7,0.708190336299302,0.9751477241516113,398,42,64
LMT,Industrial Goods,BiGRU,multiclass,20,5,8,0.6635939302156918,0.8066822290420532,398,42,64
LMT,Industrial Goods,BiGRU,multiclass,20,5,9,0.6310354021925423,1.1411751508712769,398,42,64
LMT,Industrial Goods,BiGRU,multiclass,20,5,10,0.6185643735842489,1.262125849723816,398,42,64
LMT,Industrial Goods,BiGRU,multiclass,20,5,11,0.6512778410360441,1.1457856893539429,398,42,64
LMT,Industrial Goods,BiGRU,multiclass,20,5,12,0.6392512555098414,0.9787628054618835,398,42,64
LMT,Industrial Goods,BiGRU,multiclass,20,5,13,0.5999363894438624,1.0705312490463257,398,42,64
LMT,Industrial Goods,BiGRU,multiclass,20,5,14,0.4749205990053301,1.0371168851852417,398,42,64
LMT,Industrial Goods,BiGRU,multiclass,20,5,15,0.5494731050639895,0.9172382354736328,398,42,64
LMT,Industrial Goods,BiGRU,multiclass,20,5,16,0.5222279887702597,0.9257808923721313,398,42,64
LMT,Industrial Goods,BiGRU,multiclass,20,5,17,0.4791625294853095,1.0130596160888672,398,42,64
LMT,Industrial Goods,BiGRU,multiclass,20,5,18,0.5043437459960056,1.0636622905731201,398,42,64
LMT,Industrial Goods,BiGRU,multiclass,20,5,19,0.4771110418453888,1.2002708911895752,398,42,64
LMT,Industrial Goods,BiGRU,multiclass,20,5,20,0.4949599854910194,1.1783193349838257,398,42,64
LMT,Industrial Goods,BiGRU,multiclass,20,5,21,0.4741223172925825,1.1278778314590454,398,42,64
LMT,Industrial Goods,BiGRU,multiclass,20,5,22,0.46435443150937256,1.1038076877593994,398,42,64
LMT,Industrial Goods,BiGRU,multiclass,20,5,23,0.42737958119742236,1.1492832899093628,398,42,64
MA,Financial,BiGRU,multiclass,20,5,1,1.5317856630488256,1.3814750909805298,398,42,64
MA,Financial,BiGRU,multiclass,20,5,2,1.2278911797844585,1.118242621421814,398,42,64
MA,Financial,BiGRU,multiclass,20,5,3,1.023531654971329,0.9734002947807312,398,42,64
MA,Financial,BiGRU,multiclass,20,5,4,0.9458451250090671,0.9015684127807617,398,42,64
MA,Financial,BiGRU,multiclass,20,5,5,1.0013674860024573,0.9087938666343689,398,42,64
MA,Financial,BiGRU,multiclass,20,5,6,1.0266107212958024,0.9253074526786804,398,42,64
MA,Financial,BiGRU,multiclass,20,5,7,0.875467758681906,0.9992313385009766,398,42,64
MA,Financial,BiGRU,multiclass,20,5,8,0.8171367537436174,0.9969898462295532,398,42,64
MA,Financial,BiGRU,multiclass,20,5,9,0.8214665525522663,0.9178400039672852,398,42,64
MA,Financial,BiGRU,multiclass,20,5,10,0.7238681475121771,0.901168167591095,398,42,64
MA,Financial,BiGRU,multiclass,20,5,11,0.7211774012551235,1.032061219215393,398,42,64
MA,Financial,BiGRU,multiclass,20,5,12,0.7085566176241965,0.9326260685920715,398,42,64
MA,Financial,BiGRU,multiclass,20,5,13,0.6477569774467142,0.9980470538139343,398,42,64
MA,Financial,BiGRU,multiclass,20,5,14,0.6108878404650856,1.0045181512832642,398,42,64
MA,Financial,BiGRU,multiclass,20,5,15,0.6253773737792394,0.9194082617759705,398,42,64
MA,Financial,BiGRU,multiclass,20,5,16,0.5265567811889265,1.0297287702560425,398,42,64
MA,Financial,BiGRU,multiclass,20,5,17,0.5857343242396063,0.9204034209251404,398,42,64
MA,Financial,BiGRU,multiclass,20,5,18,0.608882202874476,1.0431936979293823,398,42,64
MA,Financial,BiGRU,multiclass,20,5,19,0.5542739030703827,0.9947482943534851,398,42,64
MCD,Services,BiGRU,multiclass,20,5,1,1.7276979822609293,3.0410470962524414,398,42,64
MCD,Services,BiGRU,multiclass,20,5,2,1.3746229044756098,2.815026044845581,398,42,64
MCD,Services,BiGRU,multiclass,20,5,3,1.1061886009858481,2.525324583053589,398,42,64
MCD,Services,BiGRU,multiclass,20,5,4,1.0467292073384002,2.371352434158325,398,42,64
MCD,Services,BiGRU,multiclass,20,5,5,1.0234952616931206,2.210576057434082,398,42,64
MCD,Services,BiGRU,multiclass,20,5,6,0.8761556993177788,2.049826145172119,398,42,64
MCD,Services,BiGRU,multiclass,20,5,7,0.9421086455110329,1.9784170389175415,398,42,64
MCD,Services,BiGRU,multiclass,20,5,8,0.7903749444077363,2.146260976791382,398,42,64
MCD,Services,BiGRU,multiclass,20,5,9,0.8349354788286603,2.1584930419921875,398,42,64
MCD,Services,BiGRU,multiclass,20,5,10,0.7305406550666196,2.0369088649749756,398,42,64
MCD,Services,BiGRU,multiclass,20,5,11,0.7137987044588405,1.9741722345352173,398,42,64
MCD,Services,BiGRU,multiclass,20,5,12,0.6717833846657719,2.163775682449341,398,42,64
MCD,Services,BiGRU,multiclass,20,5,13,0.675298897165749,2.234020709991455,398,42,64
MCD,Services,BiGRU,multiclass,20,5,14,0.6392279023201621,2.1475956439971924,398,42,64
MCD,Services,BiGRU,multiclass,20,5,15,0.6442343397955199,2.3274319171905518,398,42,64
MCD,Services,BiGRU,multiclass,20,5,16,0.5554500776319647,2.102933645248413,398,42,64
MCD,Services,BiGRU,multiclass,20,5,17,0.5916144066120512,1.8540047407150269,398,42,64
MCD,Services,BiGRU,multiclass,20,5,18,0.6126814487591461,1.853990912437439,398,42,64
MCD,Services,BiGRU,multiclass,20,5,19,0.6296123073029158,1.7928276062011719,398,42,64
MCD,Services,BiGRU,multiclass,20,5,20,0.5641487463934338,1.87547767162323,398,42,64
MCD,Services,BiGRU,multiclass,20,5,21,0.5757788936396939,1.8931792974472046,398,42,64
MCD,Services,BiGRU,multiclass,20,5,22,0.5272957973893563,1.9362179040908813,398,42,64
MCD,Services,BiGRU,multiclass,20,5,23,0.5608774213934663,1.9234771728515625,398,42,64
MCD,Services,BiGRU,multiclass,20,5,24,0.5018469376779681,1.8012436628341675,398,42,64
MCD,Services,BiGRU,multiclass,20,5,25,0.5322531352390596,2.036271095275879,398,42,64
MCD,Services,BiGRU,multiclass,20,5,26,0.5070370191605247,1.8373135328292847,398,42,64
MCD,Services,BiGRU,multiclass,20,5,27,0.5126759438358959,1.7594594955444336,398,42,64
MCD,Services,BiGRU,multiclass,20,5,28,0.472203902563258,1.9243099689483643,398,42,64
MCD,Services,BiGRU,multiclass,20,5,29,0.48283722831975273,1.923934817314148,398,42,64
MCD,Services,BiGRU,multiclass,20,5,30,0.4974686480946277,1.9293524026870728,398,42,64
MDT,Healthcare,BiGRU,multiclass,20,5,1,1.5114050534502346,0.8324801325798035,398,42,64
MDT,Healthcare,BiGRU,multiclass,20,5,2,1.2413688802239884,0.6570870280265808,398,42,64
MDT,Healthcare,BiGRU,multiclass,20,5,3,1.0062573863633315,0.8141142129898071,398,42,64
MDT,Healthcare,BiGRU,multiclass,20,5,4,1.0689490045135344,0.9766867756843567,398,42,64
MDT,Healthcare,BiGRU,multiclass,20,5,5,0.8271636357858553,0.8842722177505493,398,42,64
MDT,Healthcare,BiGRU,multiclass,20,5,6,0.8154814330177691,1.1378191709518433,398,42,64
MDT,Healthcare,BiGRU,multiclass,20,5,7,0.7326658799420649,1.6712455749511719,398,42,64
MDT,Healthcare,BiGRU,multiclass,20,5,8,0.6792684251339591,2.4010772705078125,398,42,64
MDT,Healthcare,BiGRU,multiclass,20,5,9,0.7173872284553758,2.499628782272339,398,42,64
MDT,Healthcare,BiGRU,multiclass,20,5,10,0.682715894588873,2.7452549934387207,398,42,64
MDT,Healthcare,BiGRU,multiclass,20,5,11,0.6815613607066361,3.042958974838257,398,42,64
MDT,Healthcare,BiGRU,multiclass,20,5,12,0.5849094011975293,2.848388195037842,398,42,64
MDT,Healthcare,BiGRU,multiclass,20,5,13,0.600010995589309,2.9356133937835693,398,42,64
MDT,Healthcare,BiGRU,multiclass,20,5,14,0.5908701036443662,3.181522846221924,398,42,64
MDT,Healthcare,BiGRU,multiclass,20,5,15,0.5615962188148019,2.392662763595581,398,42,64
MDT,Healthcare,BiGRU,multiclass,20,5,16,0.5293722056863296,2.7613980770111084,398,42,64
MDT,Healthcare,BiGRU,multiclass,20,5,17,0.4931551367793251,3.084012746810913,398,42,64
MMM,Industrial Goods,BiGRU,multiclass,20,5,1,1.5993303758415145,1.7228342294692993,398,42,64
MMM,Industrial Goods,BiGRU,multiclass,20,5,2,1.19349434837025,1.029514193534851,398,42,64
MMM,Industrial Goods,BiGRU,multiclass,20,5,3,1.15172063285981,1.0187170505523682,398,42,64
MMM,Industrial Goods,BiGRU,multiclass,20,5,4,1.0725736902586778,1.5078171491622925,398,42,64
MMM,Industrial Goods,BiGRU,multiclass,20,5,5,1.0134684739999436,1.6168590784072876,398,42,64
MMM,Industrial Goods,BiGRU,multiclass,20,5,6,0.9135381101663388,1.5534170866012573,398,42,64
MMM,Industrial Goods,BiGRU,multiclass,20,5,7,0.8841479185538076,1.6937131881713867,398,42,64
MMM,Industrial Goods,BiGRU,multiclass,20,5,8,0.8668776885348948,2.2169175148010254,398,42,64
MMM,Industrial Goods,BiGRU,multiclass,20,5,9,0.7709221324728961,3.014556884765625,398,42,64
MMM,Industrial Goods,BiGRU,multiclass,20,5,10,0.8123060944092334,2.8374993801116943,398,42,64
MMM,Industrial Goods,BiGRU,multiclass,20,5,11,0.770989548920387,2.4817285537719727,398,42,64
MMM,Industrial Goods,BiGRU,multiclass,20,5,12,0.6896949909140716,2.307084321975708,398,42,64
MMM,Industrial Goods,BiGRU,multiclass,20,5,13,0.7470994732487741,2.7512919902801514,398,42,64
MMM,Industrial Goods,BiGRU,multiclass,20,5,14,0.6972005803081858,3.04654860496521,398,42,64
MMM,Industrial Goods,BiGRU,multiclass,20,5,15,0.6558949879964991,2.749009370803833,398,42,64
MMM,Industrial Goods,BiGRU,multiclass,20,5,16,0.5664069354534149,2.0816757678985596,398,42,64
MMM,Industrial Goods,BiGRU,multiclass,20,5,17,0.6717653210139155,2.617751359939575,398,42,64
MMM,Industrial Goods,BiGRU,multiclass,20,5,18,0.6234468915055146,2.7215964794158936,398,42,64
MO,Consumer Goods,BiGRU,multiclass,20,5,1,1.4249450124088843,1.1496002674102783,398,42,64
MO,Consumer Goods,BiGRU,multiclass,20,5,2,1.1860650478295944,1.0530890226364136,398,42,64
MO,Consumer Goods,BiGRU,multiclass,20,5,3,1.0560137368925853,0.9727571606636047,398,42,64
MO,Consumer Goods,BiGRU,multiclass,20,5,4,0.9384887643794918,1.00299870967865,398,42,64
MO,Consumer Goods,BiGRU,multiclass,20,5,5,0.8083049334473347,1.099733591079712,398,42,64
MO,Consumer Goods,BiGRU,multiclass,20,5,6,0.7329042862408125,1.2264683246612549,398,42,64
MO,Consumer Goods,BiGRU,multiclass,20,5,7,0.743691935012089,1.1414750814437866,398,42,64
MO,Consumer Goods,BiGRU,multiclass,20,5,8,0.7377644861163806,1.2250840663909912,398,42,64
MO,Consumer Goods,BiGRU,multiclass,20,5,9,0.6060724833502842,1.0956988334655762,398,42,64
MO,Consumer Goods,BiGRU,multiclass,20,5,10,0.6397248602392686,1.0281323194503784,398,42,64
MO,Consumer Goods,BiGRU,multiclass,20,5,11,0.553665546915639,1.090029001235962,398,42,64
MO,Consumer Goods,BiGRU,multiclass,20,5,12,0.5789769163083791,1.3133959770202637,398,42,64
MO,Consumer Goods,BiGRU,multiclass,20,5,13,0.5548893273176261,1.4158334732055664,398,42,64
MO,Consumer Goods,BiGRU,multiclass,20,5,14,0.5012340211688574,1.339976191520691,398,42,64
MO,Consumer Goods,BiGRU,multiclass,20,5,15,0.5495285489151825,1.3269258737564087,398,42,64
MO,Consumer Goods,BiGRU,multiclass,20,5,16,0.49677913901793896,1.084027886390686,398,42,64
MO,Consumer Goods,BiGRU,multiclass,20,5,17,0.47322249442488706,1.147857904434204,398,42,64
MO,Consumer Goods,BiGRU,multiclass,20,5,18,0.4414993081260566,1.3870304822921753,398,42,64
MRK,Healthcare,BiGRU,multiclass,20,5,1,1.6807685287753542,1.501264214515686,398,42,64
MRK,Healthcare,BiGRU,multiclass,20,5,2,1.3955408208933309,1.3666380643844604,398,42,64
MRK,Healthcare,BiGRU,multiclass,20,5,3,1.1581180257413854,2.1473515033721924,398,42,64
MRK,Healthcare,BiGRU,multiclass,20,5,4,1.023909969245968,3.0959653854370117,398,42,64
MRK,Healthcare,BiGRU,multiclass,20,5,5,0.8767617702783652,3.7641761302948,398,42,64
MRK,Healthcare,BiGRU,multiclass,20,5,6,0.8786885729387178,4.558579921722412,398,42,64
MRK,Healthcare,BiGRU,multiclass,20,5,7,0.990976223993541,5.211988925933838,398,42,64
MRK,Healthcare,BiGRU,multiclass,20,5,8,0.8903716550999551,5.052811622619629,398,42,64
MRK,Healthcare,BiGRU,multiclass,20,5,9,0.7780569228694667,5.4759135246276855,398,42,64
MRK,Healthcare,BiGRU,multiclass,20,5,10,0.8016857277208836,5.0991010665893555,398,42,64
MRK,Healthcare,BiGRU,multiclass,20,5,11,0.6971486902716172,4.58866024017334,398,42,64
MRK,Healthcare,BiGRU,multiclass,20,5,12,0.7247942438976249,4.553523540496826,398,42,64
MRK,Healthcare,BiGRU,multiclass,20,5,13,0.6781550125410808,4.539501190185547,398,42,64
MRK,Healthcare,BiGRU,multiclass,20,5,14,0.6795984441461276,4.2637739181518555,398,42,64
MRK,Healthcare,BiGRU,multiclass,20,5,15,0.617378674260336,4.265102863311768,398,42,64
MRK,Healthcare,BiGRU,multiclass,20,5,16,0.6460588808035731,4.002767086029053,398,42,64
MRK,Healthcare,BiGRU,multiclass,20,5,17,0.6491700601038621,4.334384918212891,398,42,64
MSFT,Technology,BiGRU,multiclass,20,5,1,1.550297176418592,1.4073238372802734,398,42,64
MSFT,Technology,BiGRU,multiclass,20,5,2,1.1345781740830772,1.0772600173950195,398,42,64
MSFT,Technology,BiGRU,multiclass,20,5,3,0.9606850976920008,0.8440740704536438,398,42,64
MSFT,Technology,BiGRU,multiclass,20,5,4,0.9316617079715633,0.942046582698822,398,42,64
MSFT,Technology,BiGRU,multiclass,20,5,5,0.8385439287478001,1.2990461587905884,398,42,64
MSFT,Technology,BiGRU,multiclass,20,5,6,0.7590181584933295,1.410670518875122,398,42,64
MSFT,Technology,BiGRU,multiclass,20,5,7,0.7033158091444466,1.4175326824188232,398,42,64
MSFT,Technology,BiGRU,multiclass,20,5,8,0.6402270566278966,1.6964216232299805,398,42,64
MSFT,Technology,BiGRU,multiclass,20,5,9,0.5793122950211242,1.9034775495529175,398,42,64
MSFT,Technology,BiGRU,multiclass,20,5,10,0.5885014628345643,1.8892567157745361,398,42,64
MSFT,Technology,BiGRU,multiclass,20,5,11,0.5849822422667365,2.0507218837738037,398,42,64
MSFT,Technology,BiGRU,multiclass,20,5,12,0.5858632439944014,2.1980032920837402,398,42,64
MSFT,Technology,BiGRU,multiclass,20,5,13,0.6038577355931153,2.0429821014404297,398,42,64
MSFT,Technology,BiGRU,multiclass,20,5,14,0.5756683382556667,1.9523721933364868,398,42,64
MSFT,Technology,BiGRU,multiclass,20,5,15,0.577853400952852,2.115502119064331,398,42,64
MSFT,Technology,BiGRU,multiclass,20,5,16,0.5431584369896645,2.1464781761169434,398,42,64
MSFT,Technology,BiGRU,multiclass,20,5,17,0.5137799835983833,1.9851175546646118,398,42,64
MSFT,Technology,BiGRU,multiclass,20,5,18,0.49388410997151133,2.2426979541778564,398,42,64
NEE,Utilities,BiGRU,multiclass,20,5,1,1.5724244848567637,1.457820177078247,398,42,64
NEE,Utilities,BiGRU,multiclass,20,5,2,1.2239612436773788,1.2250369787216187,398,42,64
NEE,Utilities,BiGRU,multiclass,20,5,3,1.0797693142339813,1.1534552574157715,398,42,64
NEE,Utilities,BiGRU,multiclass,20,5,4,1.040830281811144,1.1795361042022705,398,42,64
NEE,Utilities,BiGRU,multiclass,20,5,5,0.952539378674186,1.246794581413269,398,42,64
NEE,Utilities,BiGRU,multiclass,20,5,6,0.8858182867567743,1.402305006980896,398,42,64
NEE,Utilities,BiGRU,multiclass,20,5,7,0.807602006286832,1.755243182182312,398,42,64
NEE,Utilities,BiGRU,multiclass,20,5,8,0.7878511994328331,1.9231865406036377,398,42,64
NEE,Utilities,BiGRU,multiclass,20,5,9,0.7379768820264232,1.7824827432632446,398,42,64
NEE,Utilities,BiGRU,multiclass,20,5,10,0.6613045891924719,2.0311272144317627,398,42,64
NEE,Utilities,BiGRU,multiclass,20,5,11,0.6790705717089188,1.822670340538025,398,42,64
NEE,Utilities,BiGRU,multiclass,20,5,12,0.6635034003449445,1.947776436805725,398,42,64
NEE,Utilities,BiGRU,multiclass,20,5,13,0.6661783799753717,2.2118473052978516,398,42,64
NEE,Utilities,BiGRU,multiclass,20,5,14,0.6888129154042383,1.6549800634384155,398,42,64
NEE,Utilities,BiGRU,multiclass,20,5,15,0.6056271405076262,1.998042345046997,398,42,64
NEE,Utilities,BiGRU,multiclass,20,5,16,0.598024289512155,2.1244943141937256,398,42,64
NEE,Utilities,BiGRU,multiclass,20,5,17,0.6050294800918905,2.1315784454345703,398,42,64
NEE,Utilities,BiGRU,multiclass,20,5,18,0.4918691819936187,1.9886366128921509,398,42,64
NGG,Utilities,BiGRU,multiclass,20,5,1,1.4302064443952474,2.2201766967773438,398,42,64
NGG,Utilities,BiGRU,multiclass,20,5,2,1.0966259849131408,1.603312373161316,398,42,64
NGG,Utilities,BiGRU,multiclass,20,5,3,0.9600797304555998,1.3703969717025757,398,42,64
NGG,Utilities,BiGRU,multiclass,20,5,4,1.0091166298593108,1.3693161010742188,398,42,64
NGG,Utilities,BiGRU,multiclass,20,5,5,0.8312375873477016,1.7127374410629272,398,42,64
NGG,Utilities,BiGRU,multiclass,20,5,6,0.9182648284351407,1.5908693075180054,398,42,64
NGG,Utilities,BiGRU,multiclass,20,5,7,0.7960763346010716,1.441622257232666,398,42,64
NGG,Utilities,BiGRU,multiclass,20,5,8,0.8018166055930919,1.7187775373458862,398,42,64
NGG,Utilities,BiGRU,multiclass,20,5,9,0.7102037190492428,2.165398359298706,398,42,64
NGG,Utilities,BiGRU,multiclass,20,5,10,0.714842704223029,1.5476926565170288,398,42,64
NGG,Utilities,BiGRU,multiclass,20,5,11,0.6162274008120724,1.8563255071640015,398,42,64
NGG,Utilities,BiGRU,multiclass,20,5,12,0.6529435993139469,1.9780644178390503,398,42,64
NGG,Utilities,BiGRU,multiclass,20,5,13,0.5967824674730924,1.8497263193130493,398,42,64
NGG,Utilities,BiGRU,multiclass,20,5,14,0.6163981619791769,2.2300972938537598,398,42,64
NGG,Utilities,BiGRU,multiclass,20,5,15,0.5216588247661016,1.753896713256836,398,42,64
NGG,Utilities,BiGRU,multiclass,20,5,16,0.5306485319257381,2.033599853515625,398,42,64
NGG,Utilities,BiGRU,multiclass,20,5,17,0.5532581156222665,2.3023834228515625,398,42,64
NGG,Utilities,BiGRU,multiclass,20,5,18,0.5221201789439024,2.031169891357422,398,42,64
NVS,Healthcare,BiGRU,multiclass,20,5,1,1.499841908713681,0.9590287208557129,398,42,64
NVS,Healthcare,BiGRU,multiclass,20,5,2,1.1257455888105996,0.7082394957542419,398,42,64
NVS,Healthcare,BiGRU,multiclass,20,5,3,0.8795344592937872,0.8857854008674622,398,42,64
NVS,Healthcare,BiGRU,multiclass,20,5,4,0.9237268755783388,1.3870147466659546,398,42,64
NVS,Healthcare,BiGRU,multiclass,20,5,5,0.8694633568950634,1.5202172994613647,398,42,64
NVS,Healthcare,BiGRU,multiclass,20,5,6,0.8227169624525099,1.5868349075317383,398,42,64
NVS,Healthcare,BiGRU,multiclass,20,5,7,0.8017683232848968,1.9242298603057861,398,42,64
NVS,Healthcare,BiGRU,multiclass,20,5,8,0.7829150743220918,2.1990253925323486,398,42,64
NVS,Healthcare,BiGRU,multiclass,20,5,9,0.6281086661707815,1.7739204168319702,398,42,64
NVS,Healthcare,BiGRU,multiclass,20,5,10,0.6311964001787368,1.930432915687561,398,42,64
NVS,Healthcare,BiGRU,multiclass,20,5,11,0.6228928703758585,2.2647485733032227,398,42,64
NVS,Healthcare,BiGRU,multiclass,20,5,12,0.5741854121337584,2.052050828933716,398,42,64
NVS,Healthcare,BiGRU,multiclass,20,5,13,0.5428654464645002,2.042391538619995,398,42,64
NVS,Healthcare,BiGRU,multiclass,20,5,14,0.529709746565052,2.0287718772888184,398,42,64
NVS,Healthcare,BiGRU,multiclass,20,5,15,0.5126120569418423,2.2242534160614014,398,42,64
NVS,Healthcare,BiGRU,multiclass,20,5,16,0.4952564235009141,2.109774589538574,398,42,64
NVS,Healthcare,BiGRU,multiclass,20,5,17,0.4788527641464118,2.121091842651367,398,42,64
ORCL,Technology,BiGRU,multiclass,20,5,1,1.711151856273862,1.2456817626953125,398,42,64
ORCL,Technology,BiGRU,multiclass,20,5,2,1.3175060599293542,0.8556157946586609,398,42,64
ORCL,Technology,BiGRU,multiclass,20,5,3,1.2140802516410099,0.9227916598320007,398,42,64
ORCL,Technology,BiGRU,multiclass,20,5,4,0.9165790479386872,1.006639838218689,398,42,64
ORCL,Technology,BiGRU,multiclass,20,5,5,0.9333097802933736,1.2853964567184448,398,42,64
ORCL,Technology,BiGRU,multiclass,20,5,6,0.9005615246954874,1.5429447889328003,398,42,64
ORCL,Technology,BiGRU,multiclass,20,5,7,0.8868891613267774,1.587916612625122,398,42,64
ORCL,Technology,BiGRU,multiclass,20,5,8,0.7923479259912692,2.163548707962036,398,42,64
ORCL,Technology,BiGRU,multiclass,20,5,9,0.8234298813283144,3.9603657722473145,398,42,64
ORCL,Technology,BiGRU,multiclass,20,5,10,0.7832220524699245,2.1497602462768555,398,42,64
ORCL,Technology,BiGRU,multiclass,20,5,11,0.7542213826023754,1.8050365447998047,398,42,64
ORCL,Technology,BiGRU,multiclass,20,5,12,0.6695385278768875,2.328930616378784,398,42,64
ORCL,Technology,BiGRU,multiclass,20,5,13,0.6405321015185447,2.0751984119415283,398,42,64
ORCL,Technology,BiGRU,multiclass,20,5,14,0.6397166831709032,1.409366488456726,398,42,64
ORCL,Technology,BiGRU,multiclass,20,5,15,0.6073427288676027,1.7435423135757446,398,42,64
ORCL,Technology,BiGRU,multiclass,20,5,16,0.6611799406046843,1.5170105695724487,398,42,64
ORCL,Technology,BiGRU,multiclass,20,5,17,0.6429507417894488,1.8144187927246094,398,42,64
PCG,Utilities,BiGRU,multiclass,20,5,1,1.569479451706661,2.007890462875366,398,42,64
PCG,Utilities,BiGRU,multiclass,20,5,2,1.3169924997205111,1.7610104084014893,398,42,64
PCG,Utilities,BiGRU,multiclass,20,5,3,1.2205873356392636,1.5130306482315063,398,42,64
PCG,Utilities,BiGRU,multiclass,20,5,4,1.0890332358566361,1.468333125114441,398,42,64
PCG,Utilities,BiGRU,multiclass,20,5,5,0.9553901214695456,1.4815380573272705,398,42,64
PCG,Utilities,BiGRU,multiclass,20,5,6,0.942678461721794,1.505789041519165,398,42,64
PCG,Utilities,BiGRU,multiclass,20,5,7,0.8787779496542772,1.552207589149475,398,42,64
PCG,Utilities,BiGRU,multiclass,20,5,8,0.8681493359594489,1.5610755681991577,398,42,64
PCG,Utilities,BiGRU,multiclass,20,5,9,0.7875204230073708,1.589520812034607,398,42,64
PCG,Utilities,BiGRU,multiclass,20,5,10,0.8415976298514323,1.5991926193237305,398,42,64
PCG,Utilities,BiGRU,multiclass,20,5,11,0.8239719942586505,1.4673151969909668,398,42,64
PCG,Utilities,BiGRU,multiclass,20,5,12,0.7375323652622089,1.359452247619629,398,42,64
PCG,Utilities,BiGRU,multiclass,20,5,13,0.638657071782117,1.473958969116211,398,42,64
PCG,Utilities,BiGRU,multiclass,20,5,14,0.6548636781809917,1.5055934190750122,398,42,64
PCG,Utilities,BiGRU,multiclass,20,5,15,0.6528991782785061,1.3079075813293457,398,42,64
PCG,Utilities,BiGRU,multiclass,20,5,16,0.630928327390297,1.5015140771865845,398,42,64
PCG,Utilities,BiGRU,multiclass,20,5,17,0.593279808310408,1.7457062005996704,398,42,64
PCG,Utilities,BiGRU,multiclass,20,5,18,0.5741824344474467,1.580684781074524,398,42,64
PCG,Utilities,BiGRU,multiclass,20,5,19,0.5011074234492815,1.6051067113876343,398,42,64
PCG,Utilities,BiGRU,multiclass,20,5,20,0.5235511169361708,1.6038318872451782,398,42,64
PCG,Utilities,BiGRU,multiclass,20,5,21,0.5703090480224571,1.4525009393692017,398,42,64
PCG,Utilities,BiGRU,multiclass,20,5,22,0.5580251745542689,1.5580977201461792,398,42,64
PCG,Utilities,BiGRU,multiclass,20,5,23,0.5330979168115548,1.684362769126892,398,42,64
PCG,Utilities,BiGRU,multiclass,20,5,24,0.4514808985755671,1.7108659744262695,398,42,64
PCG,Utilities,BiGRU,multiclass,20,5,25,0.534871511423408,1.746334433555603,398,42,64
PCG,Utilities,BiGRU,multiclass,20,5,26,0.47729355381361804,1.6887388229370117,398,42,64
PCG,Utilities,BiGRU,multiclass,20,5,27,0.4510386229759485,1.7661265134811401,398,42,64
PCG,Utilities,BiGRU,multiclass,20,5,28,0.49383483415272966,1.8354206085205078,398,42,64
PCG,Utilities,BiGRU,multiclass,20,5,29,0.4387124910126978,1.7838464975357056,398,42,64
PCG,Utilities,BiGRU,multiclass,20,5,30,0.45897423127787795,1.8112205266952515,398,42,64
PCLN,Services,BiGRU,multiclass,20,5,1,1.6824967621558875,2.068457841873169,398,42,64
PCLN,Services,BiGRU,multiclass,20,5,2,1.3356640794169363,1.9772869348526,398,42,64
PCLN,Services,BiGRU,multiclass,20,5,3,1.1848004115885826,1.7285593748092651,398,42,64
PCLN,Services,BiGRU,multiclass,20,5,4,1.1149245081235415,1.555416464805603,398,42,64
PCLN,Services,BiGRU,multiclass,20,5,5,1.009590731194271,1.458974003791809,398,42,64
PCLN,Services,BiGRU,multiclass,20,5,6,0.9931670888584463,1.5835262537002563,398,42,64
PCLN,Services,BiGRU,multiclass,20,5,7,0.9092622420296597,1.661952018737793,398,42,64
PCLN,Services,BiGRU,multiclass,20,5,8,0.9297070305551117,0.894502580165863,398,42,64
PCLN,Services,BiGRU,multiclass,20,5,9,0.9172613249352229,1.3531635999679565,398,42,64
PCLN,Services,BiGRU,multiclass,20,5,10,0.863727266764521,1.7423107624053955,398,42,64
PCLN,Services,BiGRU,multiclass,20,5,11,0.7771846619083653,1.304895043373108,398,42,64
PCLN,Services,BiGRU,multiclass,20,5,12,0.7313988843754907,1.4306567907333374,398,42,64
PCLN,Services,BiGRU,multiclass,20,5,13,0.7580723777488249,1.7891120910644531,398,42,64
PCLN,Services,BiGRU,multiclass,20,5,14,0.6481171157491866,1.569385290145874,398,42,64
PCLN,Services,BiGRU,multiclass,20,5,15,0.6251384235506681,1.7340812683105469,398,42,64
PCLN,Services,BiGRU,multiclass,20,5,16,0.6622576938202632,1.9362201690673828,398,42,64
PCLN,Services,BiGRU,multiclass,20,5,17,0.7182834058550734,1.9781745672225952,398,42,64
PCLN,Services,BiGRU,multiclass,20,5,18,0.5999992332566324,2.2863545417785645,398,42,64
PCLN,Services,BiGRU,multiclass,20,5,19,0.5964119964508555,2.0879690647125244,398,42,64
PCLN,Services,BiGRU,multiclass,20,5,20,0.5559530872196409,1.9234317541122437,398,42,64
PCLN,Services,BiGRU,multiclass,20,5,21,0.5306150125498748,2.113750457763672,398,42,64
PCLN,Services,BiGRU,multiclass,20,5,22,0.5224588290231311,2.3207194805145264,398,42,64
PCLN,Services,BiGRU,multiclass,20,5,23,0.5261669638168872,2.2109642028808594,398,42,64
PEP,Consumer Goods,BiGRU,multiclass,20,5,1,1.4300699186085457,1.4960168600082397,398,42,64
PEP,Consumer Goods,BiGRU,multiclass,20,5,2,1.1223899737075345,1.0546125173568726,398,42,64
PEP,Consumer Goods,BiGRU,multiclass,20,5,3,0.9109253098617247,1.0791352987289429,398,42,64
PEP,Consumer Goods,BiGRU,multiclass,20,5,4,0.8902507577110176,1.4690154790878296,398,42,64
PEP,Consumer Goods,BiGRU,multiclass,20,5,5,0.8730135200610712,2.1310276985168457,398,42,64
PEP,Consumer Goods,BiGRU,multiclass,20,5,6,0.8513610198270136,2.280059576034546,398,42,64
PEP,Consumer Goods,BiGRU,multiclass,20,5,7,0.7213786442076141,2.0257887840270996,398,42,64
PEP,Consumer Goods,BiGRU,multiclass,20,5,8,0.7496610397669539,2.2185006141662598,398,42,64
PEP,Consumer Goods,BiGRU,multiclass,20,5,9,0.7251142808540383,2.3137123584747314,398,42,64
PEP,Consumer Goods,BiGRU,multiclass,20,5,10,0.714477404877169,2.6853854656219482,398,42,64
PEP,Consumer Goods,BiGRU,multiclass,20,5,11,0.7504294093829303,2.75758957862854,398,42,64
PEP,Consumer Goods,BiGRU,multiclass,20,5,12,0.614716547068639,2.2792890071868896,398,42,64
PEP,Consumer Goods,BiGRU,multiclass,20,5,13,0.6200477614175135,2.1389753818511963,398,42,64
PEP,Consumer Goods,BiGRU,multiclass,20,5,14,0.6883086267128662,2.453695297241211,398,42,64
PEP,Consumer Goods,BiGRU,multiclass,20,5,15,0.632887503459825,2.588543653488159,398,42,64
PEP,Consumer Goods,BiGRU,multiclass,20,5,16,0.5617677096146435,2.9395837783813477,398,42,64
PEP,Consumer Goods,BiGRU,multiclass,20,5,17,0.5698755088463501,2.274857759475708,398,42,64
PFE,Healthcare,BiGRU,multiclass,20,5,1,1.6896973207368324,1.397863745689392,398,42,64
PFE,Healthcare,BiGRU,multiclass,20,5,2,1.2544812916511268,0.9590808749198914,398,42,64
PFE,Healthcare,BiGRU,multiclass,20,5,3,1.2272194042876736,0.6667013168334961,398,42,64
PFE,Healthcare,BiGRU,multiclass,20,5,4,1.0416144384211632,0.8456778526306152,398,42,64
PFE,Healthcare,BiGRU,multiclass,20,5,5,1.0491176556103194,1.217446208000183,398,42,64
PFE,Healthcare,BiGRU,multiclass,20,5,6,0.9399590701913115,1.5319350957870483,398,42,64
PFE,Healthcare,BiGRU,multiclass,20,5,7,0.9154908028080235,1.508135199546814,398,42,64
PFE,Healthcare,BiGRU,multiclass,20,5,8,0.8909079252774991,1.7837990522384644,398,42,64
PFE,Healthcare,BiGRU,multiclass,20,5,9,0.8671825351427548,2.338373899459839,398,42,64
PFE,Healthcare,BiGRU,multiclass,20,5,10,0.7789926163515254,2.6721277236938477,398,42,64
PFE,Healthcare,BiGRU,multiclass,20,5,11,0.7565948931715596,2.8289437294006348,398,42,64
PFE,Healthcare,BiGRU,multiclass,20,5,12,0.6838437189259122,3.0582199096679688,398,42,64
PFE,Healthcare,BiGRU,multiclass,20,5,13,0.6269024108822022,3.2679481506347656,398,42,64
PFE,Healthcare,BiGRU,multiclass,20,5,14,0.6805376058547341,3.1246447563171387,398,42,64
PFE,Healthcare,BiGRU,multiclass,20,5,15,0.6133540194837293,3.3678176403045654,398,42,64
PFE,Healthcare,BiGRU,multiclass,20,5,16,0.5935391958185177,3.61443829536438,398,42,64
PFE,Healthcare,BiGRU,multiclass,20,5,17,0.604209511873111,4.2966156005859375,398,42,64
PFE,Healthcare,BiGRU,multiclass,20,5,18,0.6036041194020804,3.6121985912323,398,42,64
PG,Consumer Goods,BiGRU,multiclass,20,5,1,1.6680950413097688,1.4679104089736938,398,42,64
PG,Consumer Goods,BiGRU,multiclass,20,5,2,1.2272169227576135,1.6342262029647827,398,42,64
PG,Consumer Goods,BiGRU,multiclass,20,5,3,1.1527652255254774,3.1913487911224365,398,42,64
PG,Consumer Goods,BiGRU,multiclass,20,5,4,1.0087887700179115,4.034368991851807,398,42,64
PG,Consumer Goods,BiGRU,multiclass,20,5,5,1.0111927580294298,4.439126014709473,398,42,64
PG,Consumer Goods,BiGRU,multiclass,20,5,6,0.844893324165488,5.438093662261963,398,42,64
PG,Consumer Goods,BiGRU,multiclass,20,5,7,0.9460683331717199,6.3868560791015625,398,42,64
PG,Consumer Goods,BiGRU,multiclass,20,5,8,0.8628689080626522,6.286530494689941,398,42,64
PG,Consumer Goods,BiGRU,multiclass,20,5,9,0.807314863606314,7.121023654937744,398,42,64
PG,Consumer Goods,BiGRU,multiclass,20,5,10,0.7237478496141769,7.396103858947754,398,42,64
PG,Consumer Goods,BiGRU,multiclass,20,5,11,0.743800302546228,7.512330532073975,398,42,64
PG,Consumer Goods,BiGRU,multiclass,20,5,12,0.6169887363311634,7.158435344696045,398,42,64
PG,Consumer Goods,BiGRU,multiclass,20,5,13,0.6173592790886385,6.703670024871826,398,42,64
PG,Consumer Goods,BiGRU,multiclass,20,5,14,0.6257523555851462,6.6181230545043945,398,42,64
PG,Consumer Goods,BiGRU,multiclass,20,5,15,0.6665741170770559,7.545459747314453,398,42,64
PG,Consumer Goods,BiGRU,multiclass,20,5,16,0.6299855870817175,7.13374662399292,398,42,64
PICO,Conglomerates,BiGRU,multiclass,20,5,1,2.1768702214686715,1.799150824546814,398,42,64
PICO,Conglomerates,BiGRU,multiclass,20,5,2,1.7984373764177064,1.4089524745941162,398,42,64
PICO,Conglomerates,BiGRU,multiclass,20,5,3,1.5117635349532468,1.130305528640747,398,42,64
PICO,Conglomerates,BiGRU,multiclass,20,5,4,1.4629162969301694,2.199561595916748,398,42,64
PICO,Conglomerates,BiGRU,multiclass,20,5,5,1.3308844853885209,2.962430715560913,398,42,64
PICO,Conglomerates,BiGRU,multiclass,20,5,6,1.1819035093388965,3.1447606086730957,398,42,64
PICO,Conglomerates,BiGRU,multiclass,20,5,7,1.0424404914055638,3.8105080127716064,398,42,64
PICO,Conglomerates,BiGRU,multiclass,20,5,8,1.0095019268630139,5.150642395019531,398,42,64
PICO,Conglomerates,BiGRU,multiclass,20,5,9,0.8974073535233886,5.217172145843506,398,42,64
PICO,Conglomerates,BiGRU,multiclass,20,5,10,0.9525729977904852,5.6596784591674805,398,42,64
PICO,Conglomerates,BiGRU,multiclass,20,5,11,0.8681388820835094,6.35556173324585,398,42,64
PICO,Conglomerates,BiGRU,multiclass,20,5,12,0.8750305017035211,5.8404765129089355,398,42,64
PICO,Conglomerates,BiGRU,multiclass,20,5,13,0.8095546936869022,6.330972194671631,398,42,64
PICO,Conglomerates,BiGRU,multiclass,20,5,14,0.7658331554439199,5.1848039627075195,398,42,64
PICO,Conglomerates,BiGRU,multiclass,20,5,15,0.719850790560545,4.203526973724365,398,42,64
PICO,Conglomerates,BiGRU,multiclass,20,5,16,0.7652989059836421,5.783874988555908,398,42,64
PICO,Conglomerates,BiGRU,multiclass,20,5,17,0.753129506829995,6.311460494995117,398,42,64
PICO,Conglomerates,BiGRU,multiclass,20,5,18,0.7666580164851855,4.442856788635254,398,42,64
PM,Consumer Goods,BiGRU,multiclass,20,5,1,1.5578153840261488,1.3002679347991943,398,42,64
PM,Consumer Goods,BiGRU,multiclass,20,5,2,1.0828524986703192,0.8005853891372681,398,42,64
PM,Consumer Goods,BiGRU,multiclass,20,5,3,1.0630800127983093,0.8144838213920593,398,42,64
PM,Consumer Goods,BiGRU,multiclass,20,5,4,0.9544723892032202,0.9615065455436707,398,42,64
PM,Consumer Goods,BiGRU,multiclass,20,5,5,0.8912821019714202,1.1168134212493896,398,42,64
PM,Consumer Goods,BiGRU,multiclass,20,5,6,0.8470444607375255,1.1062476634979248,398,42,64
PM,Consumer Goods,BiGRU,multiclass,20,5,7,0.8219244644869512,1.2025470733642578,398,42,64
PM,Consumer Goods,BiGRU,multiclass,20,5,8,0.8161232498422939,1.238676905632019,398,42,64
PM,Consumer Goods,BiGRU,multiclass,20,5,9,0.8181400498253616,1.220967411994934,398,42,64
PM,Consumer Goods,BiGRU,multiclass,20,5,10,0.7775679563158121,1.4063228368759155,398,42,64
PM,Consumer Goods,BiGRU,multiclass,20,5,11,0.7065391324872348,1.4201802015304565,398,42,64
PM,Consumer Goods,BiGRU,multiclass,20,5,12,0.6653941788865094,1.258567452430725,398,42,64
PM,Consumer Goods,BiGRU,multiclass,20,5,13,0.6960203834814043,1.0779361724853516,398,42,64
PM,Consumer Goods,BiGRU,multiclass,20,5,14,0.7395391549596835,1.2236400842666626,398,42,64
PM,Consumer Goods,BiGRU,multiclass,20,5,15,0.6344975155202588,1.006260871887207,398,42,64
PM,Consumer Goods,BiGRU,multiclass,20,5,16,0.6770017898861488,0.9324970245361328,398,42,64
PM,Consumer Goods,BiGRU,multiclass,20,5,17,0.6804718758592654,1.1041464805603027,398,42,64
PPL,Utilities,BiGRU,multiclass,20,5,1,1.4865175851026373,2.7177085876464844,398,42,64
PPL,Utilities,BiGRU,multiclass,20,5,2,1.178757669039108,2.208448886871338,398,42,64
PPL,Utilities,BiGRU,multiclass,20,5,3,1.0817814082955595,2.037224531173706,398,42,64
PPL,Utilities,BiGRU,multiclass,20,5,4,0.9532375635214188,1.9128223657608032,398,42,64
PPL,Utilities,BiGRU,multiclass,20,5,5,0.9512272351351215,1.8163807392120361,398,42,64
PPL,Utilities,BiGRU,multiclass,20,5,6,0.849022773342516,1.8313308954238892,398,42,64
PPL,Utilities,BiGRU,multiclass,20,5,7,0.7692104880534225,1.7478655576705933,398,42,64
PPL,Utilities,BiGRU,multiclass,20,5,8,0.7926980614961692,1.8365267515182495,398,42,64
PPL,Utilities,BiGRU,multiclass,20,5,9,0.7450179616410528,1.9222866296768188,398,42,64
PPL,Utilities,BiGRU,multiclass,20,5,10,0.7081292088906369,1.7297130823135376,398,42,64
PPL,Utilities,BiGRU,multiclass,20,5,11,0.70857010789253,1.511572003364563,398,42,64
PPL,Utilities,BiGRU,multiclass,20,5,12,0.6388998774427864,2.0526673793792725,398,42,64
PPL,Utilities,BiGRU,multiclass,20,5,13,0.7280035637431408,1.9617222547531128,398,42,64
PPL,Utilities,BiGRU,multiclass,20,5,14,0.6289243212896376,1.6757503747940063,398,42,64
PPL,Utilities,BiGRU,multiclass,20,5,15,0.6076046354207562,1.5448966026306152,398,42,64
PPL,Utilities,BiGRU,multiclass,20,5,16,0.595107108204808,1.568257212638855,398,42,64
PPL,Utilities,BiGRU,multiclass,20,5,17,0.5760964908492026,1.472741961479187,398,42,64
PPL,Utilities,BiGRU,multiclass,20,5,18,0.5755572342992428,1.7902926206588745,398,42,64
PPL,Utilities,BiGRU,multiclass,20,5,19,0.5503723676779761,1.4267715215682983,398,42,64
PPL,Utilities,BiGRU,multiclass,20,5,20,0.5528839345852933,1.711712121963501,398,42,64
PPL,Utilities,BiGRU,multiclass,20,5,21,0.5230227578524969,1.5635623931884766,398,42,64
PPL,Utilities,BiGRU,multiclass,20,5,22,0.5333948482820137,1.304674744606018,398,42,64
PPL,Utilities,BiGRU,multiclass,20,5,23,0.4854169794962035,1.662313461303711,398,42,64
PPL,Utilities,BiGRU,multiclass,20,5,24,0.5094527955630317,1.3321583271026611,398,42,64
PPL,Utilities,BiGRU,multiclass,20,5,25,0.4531203602726136,1.5516128540039062,398,42,64
PPL,Utilities,BiGRU,multiclass,20,5,26,0.5059911234294949,1.3370615243911743,398,42,64
PPL,Utilities,BiGRU,multiclass,20,5,27,0.5769433675698898,1.5000306367874146,398,42,64
PPL,Utilities,BiGRU,multiclass,20,5,28,0.46044609729369085,1.543868899345398,398,42,64
PPL,Utilities,BiGRU,multiclass,20,5,29,0.4325697580773627,1.6486462354660034,398,42,64
PPL,Utilities,BiGRU,multiclass,20,5,30,0.42299679505765136,1.7936973571777344,398,42,64
PTR,Basic Matierials,BiGRU,multiclass,20,5,1,1.9019242233067901,0.858754575252533,398,42,64
PTR,Basic Matierials,BiGRU,multiclass,20,5,2,1.6239510346297643,0.7706138491630554,398,42,64
PTR,Basic Matierials,BiGRU,multiclass,20,5,3,1.426060365073046,0.7534908652305603,398,42,64
PTR,Basic Matierials,BiGRU,multiclass,20,5,4,1.2734010522090011,1.1606849431991577,398,42,64
PTR,Basic Matierials,BiGRU,multiclass,20,5,5,1.1759105263343408,1.349918246269226,398,42,64
PTR,Basic Matierials,BiGRU,multiclass,20,5,6,1.1442972695707676,2.3605751991271973,398,42,64
PTR,Basic Matierials,BiGRU,multiclass,20,5,7,1.0549581257542173,2.0755207538604736,398,42,64
PTR,Basic Matierials,BiGRU,multiclass,20,5,8,0.9677534283106052,4.563279151916504,398,42,64
PTR,Basic Matierials,BiGRU,multiclass,20,5,9,0.9482578136513581,4.73577356338501,398,42,64
PTR,Basic Matierials,BiGRU,multiclass,20,5,10,0.9328170847054102,2.3764142990112305,398,42,64
PTR,Basic Matierials,BiGRU,multiclass,20,5,11,0.8653875541447396,4.491077899932861,398,42,64
PTR,Basic Matierials,BiGRU,multiclass,20,5,12,0.8136490628347924,5.855016231536865,398,42,64
PTR,Basic Matierials,BiGRU,multiclass,20,5,13,0.8385918754429075,3.9731521606445312,398,42,64
PTR,Basic Matierials,BiGRU,multiclass,20,5,14,0.8083504573184641,6.540279388427734,398,42,64
PTR,Basic Matierials,BiGRU,multiclass,20,5,15,0.8558109848942589,5.790389537811279,398,42,64
PTR,Basic Matierials,BiGRU,multiclass,20,5,16,0.7302674767959058,6.630407810211182,398,42,64
PTR,Basic Matierials,BiGRU,multiclass,20,5,17,0.7229883859505006,5.672395706176758,398,42,64
PTR,Basic Matierials,BiGRU,multiclass,20,5,18,0.6962605597984851,8.504281044006348,398,42,64
RDS-B,Basic Matierials,BiGRU,multiclass,20,5,1,1.878698588615686,1.6213550567626953,398,42,64
RDS-B,Basic Matierials,BiGRU,multiclass,20,5,2,1.4278755475528275,1.264926791191101,398,42,64
RDS-B,Basic Matierials,BiGRU,multiclass,20,5,3,1.2555524823653639,1.0564138889312744,398,42,64
RDS-B,Basic Matierials,BiGRU,multiclass,20,5,4,1.1613020591400376,1.7136238813400269,398,42,64
RDS-B,Basic Matierials,BiGRU,multiclass,20,5,5,1.1437456592842563,2.5725276470184326,398,42,64
RDS-B,Basic Matierials,BiGRU,multiclass,20,5,6,1.0775252089428542,2.7169082164764404,398,42,64
RDS-B,Basic Matierials,BiGRU,multiclass,20,5,7,1.0275344516164693,2.8762006759643555,398,42,64
RDS-B,Basic Matierials,BiGRU,multiclass,20,5,8,0.9155716395857346,3.34196400642395,398,42,64
RDS-B,Basic Matierials,BiGRU,multiclass,20,5,9,0.8684289378287205,3.3767662048339844,398,42,64
RDS-B,Basic Matierials,BiGRU,multiclass,20,5,10,0.825088483080193,3.728437900543213,398,42,64
RDS-B,Basic Matierials,BiGRU,multiclass,20,5,11,0.7092774923722348,4.723592758178711,398,42,64
RDS-B,Basic Matierials,BiGRU,multiclass,20,5,12,0.8053348802741448,4.9104132652282715,398,42,64
RDS-B,Basic Matierials,BiGRU,multiclass,20,5,13,0.7398029267787933,5.336219787597656,398,42,64
RDS-B,Basic Matierials,BiGRU,multiclass,20,5,14,0.6947863057779906,5.210134029388428,398,42,64
RDS-B,Basic Matierials,BiGRU,multiclass,20,5,15,0.6738082748561648,4.16558313369751,398,42,64
RDS-B,Basic Matierials,BiGRU,multiclass,20,5,16,0.7410306403385335,4.195842266082764,398,42,64
RDS-B,Basic Matierials,BiGRU,multiclass,20,5,17,0.7217626762599801,5.280681133270264,398,42,64
RDS-B,Basic Matierials,BiGRU,multiclass,20,5,18,0.7753509357946002,4.409588813781738,398,42,64
REX,Conglomerates,BiGRU,multiclass,20,5,1,1.6179759722558698,1.4289610385894775,398,42,64
REX,Conglomerates,BiGRU,multiclass,20,5,2,1.3097903647614484,1.107502818107605,398,42,64
REX,Conglomerates,BiGRU,multiclass,20,5,3,1.2867284770586982,0.9277101755142212,398,42,64
REX,Conglomerates,BiGRU,multiclass,20,5,4,1.1695350372611577,1.158727765083313,398,42,64
REX,Conglomerates,BiGRU,multiclass,20,5,5,1.0277347822285177,1.601304292678833,398,42,64
REX,Conglomerates,BiGRU,multiclass,20,5,6,1.0680936802571743,1.7086622714996338,398,42,64
REX,Conglomerates,BiGRU,multiclass,20,5,7,0.934696482653594,1.936834692955017,398,42,64
REX,Conglomerates,BiGRU,multiclass,20,5,8,0.8959861002375732,2.000619888305664,398,42,64
REX,Conglomerates,BiGRU,multiclass,20,5,9,0.8722331514909639,2.526620626449585,398,42,64
REX,Conglomerates,BiGRU,multiclass,20,5,10,0.8788872525919622,2.267559766769409,398,42,64
REX,Conglomerates,BiGRU,multiclass,20,5,11,0.808304438039885,2.022160291671753,398,42,64
REX,Conglomerates,BiGRU,multiclass,20,5,12,0.782138794211287,1.7267719507217407,398,42,64
REX,Conglomerates,BiGRU,multiclass,20,5,13,0.7676351046442387,1.9728018045425415,398,42,64
REX,Conglomerates,BiGRU,multiclass,20,5,14,0.7543012462369162,2.7643773555755615,398,42,64
REX,Conglomerates,BiGRU,multiclass,20,5,15,0.6412118604434794,2.8981833457946777,398,42,64
REX,Conglomerates,BiGRU,multiclass,20,5,16,0.6433304392512719,2.27073073387146,398,42,64
REX,Conglomerates,BiGRU,multiclass,20,5,17,0.5849730435328268,2.6932687759399414,398,42,64
REX,Conglomerates,BiGRU,multiclass,20,5,18,0.5422065135222583,3.3319458961486816,398,42,64
SLB,Basic Matierials,BiGRU,multiclass,20,5,1,1.9323267939701751,1.6475027799606323,398,42,64
SLB,Basic Matierials,BiGRU,multiclass,20,5,2,1.5668757671686873,1.495901107788086,398,42,64
SLB,Basic Matierials,BiGRU,multiclass,20,5,3,1.4084072481447727,1.3060206174850464,398,42,64
SLB,Basic Matierials,BiGRU,multiclass,20,5,4,1.2093342054429366,1.2672170400619507,398,42,64
SLB,Basic Matierials,BiGRU,multiclass,20,5,5,1.102704740798653,1.3768373727798462,398,42,64
SLB,Basic Matierials,BiGRU,multiclass,20,5,6,1.1183336808453852,1.4663255214691162,398,42,64
SLB,Basic Matierials,BiGRU,multiclass,20,5,7,1.0445108084223378,1.2944029569625854,398,42,64
SLB,Basic Matierials,BiGRU,multiclass,20,5,8,1.0102406365787564,1.5064972639083862,398,42,64
SLB,Basic Matierials,BiGRU,multiclass,20,5,9,0.9436459133972475,1.4880871772766113,398,42,64
SLB,Basic Matierials,BiGRU,multiclass,20,5,10,0.9012261259196391,1.4049981832504272,398,42,64
SLB,Basic Matierials,BiGRU,multiclass,20,5,11,0.7912664524274855,1.608058214187622,398,42,64
SLB,Basic Matierials,BiGRU,multiclass,20,5,12,0.9201284823705204,2.2585060596466064,398,42,64
SLB,Basic Matierials,BiGRU,multiclass,20,5,13,0.6975398214917686,1.6464004516601562,398,42,64
SLB,Basic Matierials,BiGRU,multiclass,20,5,14,0.8160962643635333,1.7326850891113281,398,42,64
SLB,Basic Matierials,BiGRU,multiclass,20,5,15,0.6630875303517634,2.675107955932617,398,42,64
SLB,Basic Matierials,BiGRU,multiclass,20,5,16,0.682326653195386,2.5419883728027344,398,42,64
SLB,Basic Matierials,BiGRU,multiclass,20,5,17,0.6223541656930243,2.5803208351135254,398,42,64
SLB,Basic Matierials,BiGRU,multiclass,20,5,18,0.6341612550181959,2.0785090923309326,398,42,64
SLB,Basic Matierials,BiGRU,multiclass,20,5,19,0.6742754142787588,3.117306709289551,398,42,64
SNP,Basic Matierials,BiGRU,multiclass,20,5,1,1.7185693902885495,1.3738293647766113,398,42,64
SNP,Basic Matierials,BiGRU,multiclass,20,5,2,1.390415766880141,1.0983186960220337,398,42,64
SNP,Basic Matierials,BiGRU,multiclass,20,5,3,1.3332374404423202,0.9075266122817993,398,42,64
SNP,Basic Matierials,BiGRU,multiclass,20,5,4,1.1578135235824776,1.0865347385406494,398,42,64
SNP,Basic Matierials,BiGRU,multiclass,20,5,5,1.0628571734955563,1.2911388874053955,398,42,64
SNP,Basic Matierials,BiGRU,multiclass,20,5,6,1.0363672130071937,1.8164209127426147,398,42,64
SNP,Basic Matierials,BiGRU,multiclass,20,5,7,1.0159593146650037,2.7943811416625977,398,42,64
SNP,Basic Matierials,BiGRU,multiclass,20,5,8,0.9369898988074393,3.682924747467041,398,42,64
SNP,Basic Matierials,BiGRU,multiclass,20,5,9,0.9140026313276147,3.3051013946533203,398,42,64
SNP,Basic Matierials,BiGRU,multiclass,20,5,10,0.7563315285510154,1.8649227619171143,398,42,64
SNP,Basic Matierials,BiGRU,multiclass,20,5,11,0.7914734306047909,3.27691650390625,398,42,64
SNP,Basic Matierials,BiGRU,multiclass,20,5,12,0.7450793804834835,3.1972508430480957,398,42,64
SNP,Basic Matierials,BiGRU,multiclass,20,5,13,0.7500865904230568,2.1611669063568115,398,42,64
SNP,Basic Matierials,BiGRU,multiclass,20,5,14,0.684713030879821,1.7962003946304321,398,42,64
SNP,Basic Matierials,BiGRU,multiclass,20,5,15,0.7119517263455607,1.6163374185562134,398,42,64
SNP,Basic Matierials,BiGRU,multiclass,20,5,16,0.6530431649792734,2.411855459213257,398,42,64
SNP,Basic Matierials,BiGRU,multiclass,20,5,17,0.6581511193483918,1.7705261707305908,398,42,64
SNP,Basic Matierials,BiGRU,multiclass,20,5,18,0.631041378980905,2.846428871154785,398,42,64
SNY,Healthcare,BiGRU,multiclass,20,5,1,1.7369779114747168,1.2275155782699585,398,42,64
SNY,Healthcare,BiGRU,multiclass,20,5,2,1.335057185522875,0.93658447265625,398,42,64
SNY,Healthcare,BiGRU,multiclass,20,5,3,1.1329577640073383,0.7230104804039001,398,42,64
SNY,Healthcare,BiGRU,multiclass,20,5,4,1.0183980099519891,0.7493200302124023,398,42,64
SNY,Healthcare,BiGRU,multiclass,20,5,5,1.0116329534568977,0.815339207649231,398,42,64
SNY,Healthcare,BiGRU,multiclass,20,5,6,0.918624312733885,0.9371679425239563,398,42,64
SNY,Healthcare,BiGRU,multiclass,20,5,7,0.9570137025722906,0.9833381772041321,398,42,64
SNY,Healthcare,BiGRU,multiclass,20,5,8,0.8599892414394935,0.8480278849601746,398,42,64
SNY,Healthcare,BiGRU,multiclass,20,5,9,0.821334620216983,0.9876322150230408,398,42,64
SNY,Healthcare,BiGRU,multiclass,20,5,10,0.7770867003268332,1.3403050899505615,398,42,64
SNY,Healthcare,BiGRU,multiclass,20,5,11,0.7521183922063166,1.2619889974594116,398,42,64
SNY,Healthcare,BiGRU,multiclass,20,5,12,0.7300802115818963,1.3271794319152832,398,42,64
SNY,Healthcare,BiGRU,multiclass,20,5,13,0.6854675756626992,1.3567160367965698,398,42,64
SNY,Healthcare,BiGRU,multiclass,20,5,14,0.6463950728651268,1.4639147520065308,398,42,64
SNY,Healthcare,BiGRU,multiclass,20,5,15,0.6629562920062386,1.1463159322738647,398,42,64
SNY,Healthcare,BiGRU,multiclass,20,5,16,0.6575957336018433,1.2257798910140991,398,42,64
SNY,Healthcare,BiGRU,multiclass,20,5,17,0.6789710463291436,1.300931453704834,398,42,64
SNY,Healthcare,BiGRU,multiclass,20,5,18,0.6350916013046725,1.258087396621704,398,42,64
SO,Utilities,BiGRU,multiclass,20,5,1,1.4842252887074072,1.9174927473068237,398,42,64
SO,Utilities,BiGRU,multiclass,20,5,2,1.2166095379009918,1.739885687828064,398,42,64
SO,Utilities,BiGRU,multiclass,20,5,3,1.1976625703687045,1.6775236129760742,398,42,64
SO,Utilities,BiGRU,multiclass,20,5,4,1.0854200780691214,1.6760174036026,398,42,64
SO,Utilities,BiGRU,multiclass,20,5,5,0.9498117703888285,1.711529016494751,398,42,64
SO,Utilities,BiGRU,multiclass,20,5,6,0.8865146544111434,1.773917555809021,398,42,64
SO,Utilities,BiGRU,multiclass,20,5,7,0.8671512022689359,1.7085758447647095,398,42,64
SO,Utilities,BiGRU,multiclass,20,5,8,0.8179226095352939,1.607767105102539,398,42,64
SO,Utilities,BiGRU,multiclass,20,5,9,0.8158193491212088,1.723779320716858,398,42,64
SO,Utilities,BiGRU,multiclass,20,5,10,0.7533606455553716,1.810190200805664,398,42,64
SO,Utilities,BiGRU,multiclass,20,5,11,0.6910836963198292,1.7641645669937134,398,42,64
SO,Utilities,BiGRU,multiclass,20,5,12,0.7096218664442474,1.6414631605148315,398,42,64
SO,Utilities,BiGRU,multiclass,20,5,13,0.6534769403275533,1.598860502243042,398,42,64
SO,Utilities,BiGRU,multiclass,20,5,14,0.6204068560396606,1.4449732303619385,398,42,64
SO,Utilities,BiGRU,multiclass,20,5,15,0.591176144591528,1.3960542678833008,398,42,64
SO,Utilities,BiGRU,multiclass,20,5,16,0.5830162315811943,1.5261926651000977,398,42,64
SO,Utilities,BiGRU,multiclass,20,5,17,0.6065478660353464,1.6932224035263062,398,42,64
SO,Utilities,BiGRU,multiclass,20,5,18,0.5523294987690509,1.684281587600708,398,42,64
SO,Utilities,BiGRU,multiclass,20,5,19,0.5776981277082434,1.506097435951233,398,42,64
SO,Utilities,BiGRU,multiclass,20,5,20,0.605980525064708,1.5028988122940063,398,42,64
SO,Utilities,BiGRU,multiclass,20,5,21,0.6217576770027679,1.7468891143798828,398,42,64
SO,Utilities,BiGRU,multiclass,20,5,22,0.5312543228343504,1.4971431493759155,398,42,64
SO,Utilities,BiGRU,multiclass,20,5,23,0.5685498438887859,1.6167446374893188,398,42,64
SO,Utilities,BiGRU,multiclass,20,5,24,0.5249142285866953,1.6893644332885742,398,42,64
SO,Utilities,BiGRU,multiclass,20,5,25,0.4913078473141445,1.6343616247177124,398,42,64
SO,Utilities,BiGRU,multiclass,20,5,26,0.4849899742171992,1.7255429029464722,398,42,64
SO,Utilities,BiGRU,multiclass,20,5,27,0.5307970965028408,1.6469135284423828,398,42,64
SO,Utilities,BiGRU,multiclass,20,5,28,0.49435980565583887,1.6347461938858032,398,42,64
SO,Utilities,BiGRU,multiclass,20,5,29,0.4703223953894035,1.6758975982666016,398,42,64
SO,Utilities,BiGRU,multiclass,20,5,30,0.4525034003820851,1.638676643371582,398,42,64
SPLP,Conglomerates,BiGRU,multiclass,20,5,1,1.8967399197307664,2.140554189682007,398,42,64
SPLP,Conglomerates,BiGRU,multiclass,20,5,2,1.4308830514625088,1.8189376592636108,398,42,64
SPLP,Conglomerates,BiGRU,multiclass,20,5,3,1.3288243441425975,1.62445867061615,398,42,64
SPLP,Conglomerates,BiGRU,multiclass,20,5,4,1.1898577568219535,1.4273836612701416,398,42,64
SPLP,Conglomerates,BiGRU,multiclass,20,5,5,1.064895922364901,1.230983018875122,398,42,64
SPLP,Conglomerates,BiGRU,multiclass,20,5,6,0.99072899021695,1.2365554571151733,398,42,64
SPLP,Conglomerates,BiGRU,multiclass,20,5,7,0.9131982239646528,1.3486992120742798,398,42,64
SPLP,Conglomerates,BiGRU,multiclass,20,5,8,0.987815359279738,1.2858420610427856,398,42,64
SPLP,Conglomerates,BiGRU,multiclass,20,5,9,0.9049347904159795,1.4083948135375977,398,42,64
SPLP,Conglomerates,BiGRU,multiclass,20,5,10,0.8924685418605804,1.5869144201278687,398,42,64
SPLP,Conglomerates,BiGRU,multiclass,20,5,11,0.7613935689980061,1.5336992740631104,398,42,64
SPLP,Conglomerates,BiGRU,multiclass,20,5,12,0.8405847082185984,1.773533821105957,398,42,64
SPLP,Conglomerates,BiGRU,multiclass,20,5,13,0.8118006443258506,1.2938196659088135,398,42,64
SPLP,Conglomerates,BiGRU,multiclass,20,5,14,0.7764371835706222,1.190793752670288,398,42,64
SPLP,Conglomerates,BiGRU,multiclass,20,5,15,0.7679664941888359,1.2705565690994263,398,42,64
SPLP,Conglomerates,BiGRU,multiclass,20,5,16,0.7488924491046062,1.3551063537597656,398,42,64
SPLP,Conglomerates,BiGRU,multiclass,20,5,17,0.8199327123824076,1.534743309020996,398,42,64
SPLP,Conglomerates,BiGRU,multiclass,20,5,18,0.7677442681549782,1.298494815826416,398,42,64
SPLP,Conglomerates,BiGRU,multiclass,20,5,19,0.7474758397394689,1.3580414056777954,398,42,64
SPLP,Conglomerates,BiGRU,multiclass,20,5,20,0.7641252646194631,1.4279974699020386,398,42,64
SPLP,Conglomerates,BiGRU,multiclass,20,5,21,0.8367650156943642,1.4557623863220215,398,42,64
SPLP,Conglomerates,BiGRU,multiclass,20,5,22,0.6422887016181371,1.5737136602401733,398,42,64
SPLP,Conglomerates,BiGRU,multiclass,20,5,23,0.6312566329186885,1.7062263488769531,398,42,64
SPLP,Conglomerates,BiGRU,multiclass,20,5,24,0.5691196148719021,1.6453272104263306,398,42,64
SPLP,Conglomerates,BiGRU,multiclass,20,5,25,0.6623770795275817,1.3498337268829346,398,42,64
SPLP,Conglomerates,BiGRU,multiclass,20,5,26,0.6636679939289188,1.4811862707138062,398,42,64
SPLP,Conglomerates,BiGRU,multiclass,20,5,27,0.6607389757830893,1.6034008264541626,398,42,64
SPLP,Conglomerates,BiGRU,multiclass,20,5,28,0.5760504550220978,1.827715277671814,398,42,64
SPLP,Conglomerates,BiGRU,multiclass,20,5,29,0.6184590741917116,1.8500295877456665,398,42,64
SRE,Utilities,BiGRU,multiclass,20,5,1,1.4981158552457339,2.080488920211792,398,42,64
SRE,Utilities,BiGRU,multiclass,20,5,2,1.103010497500549,1.5695720911026,398,42,64
SRE,Utilities,BiGRU,multiclass,20,5,3,1.0081274209909104,1.5457271337509155,398,42,64
SRE,Utilities,BiGRU,multiclass,20,5,4,0.9499652778083955,1.7239080667495728,398,42,64
SRE,Utilities,BiGRU,multiclass,20,5,5,0.8992400400003596,1.965513825416565,398,42,64
SRE,Utilities,BiGRU,multiclass,20,5,6,0.8087936647273787,1.978218674659729,398,42,64
SRE,Utilities,BiGRU,multiclass,20,5,7,0.7554575673599339,2.1364052295684814,398,42,64
SRE,Utilities,BiGRU,multiclass,20,5,8,0.789534191090857,2.421623706817627,398,42,64
SRE,Utilities,BiGRU,multiclass,20,5,9,0.6762634974029196,2.6814308166503906,398,42,64
SRE,Utilities,BiGRU,multiclass,20,5,10,0.7237003197023018,2.5947446823120117,398,42,64
SRE,Utilities,BiGRU,multiclass,20,5,11,0.7038440063371131,3.1308724880218506,398,42,64
SRE,Utilities,BiGRU,multiclass,20,5,12,0.5988114970413285,3.324298143386841,398,42,64
SRE,Utilities,BiGRU,multiclass,20,5,13,0.5894866100507765,3.238107681274414,398,42,64
SRE,Utilities,BiGRU,multiclass,20,5,14,0.6478790675275888,3.385669708251953,398,42,64
SRE,Utilities,BiGRU,multiclass,20,5,15,0.6042194227177893,3.3969109058380127,398,42,64
SRE,Utilities,BiGRU,multiclass,20,5,16,0.5625180350476174,3.330369710922241,398,42,64
SRE,Utilities,BiGRU,multiclass,20,5,17,0.5627071126621572,3.335470676422119,398,42,64
SRE,Utilities,BiGRU,multiclass,20,5,18,0.5647700109973026,3.5690057277679443,398,42,64
T,Technology,BiGRU,multiclass,20,5,1,2.029331236628432,1.0478752851486206,398,42,64
T,Technology,BiGRU,multiclass,20,5,2,1.6043952769370535,0.8422945141792297,398,42,64
T,Technology,BiGRU,multiclass,20,5,3,1.431252184824728,0.6925029158592224,398,42,64
T,Technology,BiGRU,multiclass,20,5,4,1.2133526253939872,0.8304145932197571,398,42,64
T,Technology,BiGRU,multiclass,20,5,5,1.000061230144309,0.9465289115905762,398,42,64
T,Technology,BiGRU,multiclass,20,5,6,1.0599862501848882,0.9880855679512024,398,42,64
T,Technology,BiGRU,multiclass,20,5,7,1.011239605033817,0.8539053201675415,398,42,64
T,Technology,BiGRU,multiclass,20,5,8,0.8817464336378491,0.7042680978775024,398,42,64
T,Technology,BiGRU,multiclass,20,5,9,0.9549077386832118,1.0245851278305054,398,42,64
T,Technology,BiGRU,multiclass,20,5,10,0.7986206494683596,0.8799360394477844,398,42,64
T,Technology,BiGRU,multiclass,20,5,11,0.7525673998360658,0.8434157371520996,398,42,64
T,Technology,BiGRU,multiclass,20,5,12,0.8360589769617397,0.8801475763320923,398,42,64
T,Technology,BiGRU,multiclass,20,5,13,0.856263716915744,0.8342989087104797,398,42,64
T,Technology,BiGRU,multiclass,20,5,14,0.7883239909632123,0.7651467323303223,398,42,64
T,Technology,BiGRU,multiclass,20,5,15,0.6774742998669495,0.6923475861549377,398,42,64
T,Technology,BiGRU,multiclass,20,5,16,0.7056014925690751,0.7667953968048096,398,42,64
T,Technology,BiGRU,multiclass,20,5,17,0.7122242965889936,0.831836998462677,398,42,64
T,Technology,BiGRU,multiclass,20,5,18,0.6663074484422579,0.7936189770698547,398,42,64
TM,Consumer Goods,BiGRU,multiclass,20,5,1,1.7212283111097824,1.2679895162582397,398,42,64
TM,Consumer Goods,BiGRU,multiclass,20,5,2,1.3135297795635972,0.8862003684043884,398,42,64
TM,Consumer Goods,BiGRU,multiclass,20,5,3,1.1715378659454423,0.767673671245575,398,42,64
TM,Consumer Goods,BiGRU,multiclass,20,5,4,1.1991506416593964,0.674517810344696,398,42,64
TM,Consumer Goods,BiGRU,multiclass,20,5,5,1.0032169534333388,0.7060293555259705,398,42,64
TM,Consumer Goods,BiGRU,multiclass,20,5,6,0.9459841675195263,0.8778845071792603,398,42,64
TM,Consumer Goods,BiGRU,multiclass,20,5,7,0.9161559184591974,1.138579249382019,398,42,64
TM,Consumer Goods,BiGRU,multiclass,20,5,8,0.8580095501401317,1.1419686079025269,398,42,64
TM,Consumer Goods,BiGRU,multiclass,20,5,9,0.8112655696856915,1.3442567586898804,398,42,64
TM,Consumer Goods,BiGRU,multiclass,20,5,10,0.7328351128041445,0.9853045344352722,398,42,64
TM,Consumer Goods,BiGRU,multiclass,20,5,11,0.7390859774009666,1.3423601388931274,398,42,64
TM,Consumer Goods,BiGRU,multiclass,20,5,12,0.7644462905936504,1.3359324932098389,398,42,64
TM,Consumer Goods,BiGRU,multiclass,20,5,13,0.7094770813707131,0.9216930270195007,398,42,64
TM,Consumer Goods,BiGRU,multiclass,20,5,14,0.7441234699445753,1.1241858005523682,398,42,64
TM,Consumer Goods,BiGRU,multiclass,20,5,15,0.6752261520929672,1.014325737953186,398,42,64
TM,Consumer Goods,BiGRU,multiclass,20,5,16,0.6158478472700071,1.1958330869674683,398,42,64
TM,Consumer Goods,BiGRU,multiclass,20,5,17,0.615775489477656,1.077866792678833,398,42,64
TM,Consumer Goods,BiGRU,multiclass,20,5,18,0.6219678622993392,1.1173877716064453,398,42,64
TM,Consumer Goods,BiGRU,multiclass,20,5,19,0.6591204159223853,1.0036187171936035,398,42,64
TOT,Basic Matierials,BiGRU,multiclass,20,5,1,1.5612250219038384,1.523427963256836,398,42,64
TOT,Basic Matierials,BiGRU,multiclass,20,5,2,1.2194062417476021,1.0344175100326538,398,42,64
TOT,Basic Matierials,BiGRU,multiclass,20,5,3,1.038728214088996,0.96514892578125,398,42,64
TOT,Basic Matierials,BiGRU,multiclass,20,5,4,1.0912823000145917,1.218024492263794,398,42,64
TOT,Basic Matierials,BiGRU,multiclass,20,5,5,0.9951874817436065,1.4580405950546265,398,42,64
TOT,Basic Matierials,BiGRU,multiclass,20,5,6,0.9852025556803947,2.35990047454834,398,42,64
TOT,Basic Matierials,BiGRU,multiclass,20,5,7,0.7977687536771573,2.600806474685669,398,42,64
TOT,Basic Matierials,BiGRU,multiclass,20,5,8,0.7232510109043601,3.5637519359588623,398,42,64
TOT,Basic Matierials,BiGRU,multiclass,20,5,9,0.705954123981035,4.106783390045166,398,42,64
TOT,Basic Matierials,BiGRU,multiclass,20,5,10,0.6993959457730529,2.6740245819091797,398,42,64
TOT,Basic Matierials,BiGRU,multiclass,20,5,11,0.7195624815459227,3.2041947841644287,398,42,64
TOT,Basic Matierials,BiGRU,multiclass,20,5,12,0.5958431126484319,3.078369617462158,398,42,64
TOT,Basic Matierials,BiGRU,multiclass,20,5,13,0.6898727974100928,3.1298463344573975,398,42,64
TOT,Basic Matierials,BiGRU,multiclass,20,5,14,0.6064054128812186,3.334425687789917,398,42,64
TOT,Basic Matierials,BiGRU,multiclass,20,5,15,0.6037466558978786,3.3147237300872803,398,42,64
TOT,Basic Matierials,BiGRU,multiclass,20,5,16,0.5917185691732857,3.9282989501953125,398,42,64
TOT,Basic Matierials,BiGRU,multiclass,20,5,17,0.6203608435003003,3.7701618671417236,398,42,64
TOT,Basic Matierials,BiGRU,multiclass,20,5,18,0.5745695691611898,4.620297908782959,398,42,64
TSM,Technology,BiGRU,multiclass,20,5,1,1.3775655258840054,1.1313972473144531,398,42,64
TSM,Technology,BiGRU,multiclass,20,5,2,1.0520434050104726,0.9013105630874634,398,42,64
TSM,Technology,BiGRU,multiclass,20,5,3,0.9681843465297066,0.9223535656929016,398,42,64
TSM,Technology,BiGRU,multiclass,20,5,4,0.930344933241456,1.0249437093734741,398,42,64
TSM,Technology,BiGRU,multiclass,20,5,5,0.7914769832213321,1.341592788696289,398,42,64
TSM,Technology,BiGRU,multiclass,20,5,6,0.7981019421438476,1.5165185928344727,398,42,64
TSM,Technology,BiGRU,multiclass,20,5,7,0.7855823794801031,1.7658613920211792,398,42,64
TSM,Technology,BiGRU,multiclass,20,5,8,0.7165620315015017,2.2459263801574707,398,42,64
TSM,Technology,BiGRU,multiclass,20,5,9,0.6143637949497855,2.0843327045440674,398,42,64
TSM,Technology,BiGRU,multiclass,20,5,10,0.5996636730342654,3.508253812789917,398,42,64
TSM,Technology,BiGRU,multiclass,20,5,11,0.661557453062067,2.6050374507904053,398,42,64
TSM,Technology,BiGRU,multiclass,20,5,12,0.5368534700954379,2.2063851356506348,398,42,64
TSM,Technology,BiGRU,multiclass,20,5,13,0.5834666232966897,2.8482978343963623,398,42,64
TSM,Technology,BiGRU,multiclass,20,5,14,0.584383395449001,2.4375431537628174,398,42,64
TSM,Technology,BiGRU,multiclass,20,5,15,0.5484372796724789,2.4697585105895996,398,42,64
TSM,Technology,BiGRU,multiclass,20,5,16,0.5097687954279646,3.0024044513702393,398,42,64
TSM,Technology,BiGRU,multiclass,20,5,17,0.5150207050481633,2.144866943359375,398,42,64
UL,Consumer Goods,BiGRU,multiclass,20,5,1,1.5758099993269647,1.5327657461166382,398,42,64
UL,Consumer Goods,BiGRU,multiclass,20,5,2,1.2259207508671823,1.0427021980285645,398,42,64
UL,Consumer Goods,BiGRU,multiclass,20,5,3,1.1025318194873368,0.8511724472045898,398,42,64
UL,Consumer Goods,BiGRU,multiclass,20,5,4,0.9622843280509489,1.148200511932373,398,42,64
UL,Consumer Goods,BiGRU,multiclass,20,5,5,0.8883818831276055,1.7176029682159424,398,42,64
UL,Consumer Goods,BiGRU,multiclass,20,5,6,0.8106997153866831,2.3021702766418457,398,42,64
UL,Consumer Goods,BiGRU,multiclass,20,5,7,0.9139145163435433,1.988564133644104,398,42,64
UL,Consumer Goods,BiGRU,multiclass,20,5,8,0.8202771550446899,1.9344991445541382,398,42,64
UL,Consumer Goods,BiGRU,multiclass,20,5,9,0.7700250261093504,2.641447067260742,398,42,64
UL,Consumer Goods,BiGRU,multiclass,20,5,10,0.8157799531466997,2.7191882133483887,398,42,64
UL,Consumer Goods,BiGRU,multiclass,20,5,11,0.8127470624506773,3.1914327144622803,398,42,64
UL,Consumer Goods,BiGRU,multiclass,20,5,12,0.6882502173059549,3.1757991313934326,398,42,64
UL,Consumer Goods,BiGRU,multiclass,20,5,13,0.7020813192254934,2.868213176727295,398,42,64
UL,Consumer Goods,BiGRU,multiclass,20,5,14,0.6748245710404075,3.0457541942596436,398,42,64
UL,Consumer Goods,BiGRU,multiclass,20,5,15,0.6356233087316829,3.41520094871521,398,42,64
UL,Consumer Goods,BiGRU,multiclass,20,5,16,0.6308580300017218,3.392529010772705,398,42,64
UL,Consumer Goods,BiGRU,multiclass,20,5,17,0.5970143448168309,3.538073778152466,398,42,64
UL,Consumer Goods,BiGRU,multiclass,20,5,18,0.5506617687455374,2.9717049598693848,398,42,64
UN,Consumer Goods,BiGRU,multiclass,20,5,1,1.7180012027222906,1.5285371541976929,398,42,64
UN,Consumer Goods,BiGRU,multiclass,20,5,2,1.3804348485553684,1.1255382299423218,398,42,64
UN,Consumer Goods,BiGRU,multiclass,20,5,3,1.1585780741581366,0.9992868304252625,398,42,64
UN,Consumer Goods,BiGRU,multiclass,20,5,4,1.0092986720291215,1.2342219352722168,398,42,64
UN,Consumer Goods,BiGRU,multiclass,20,5,5,0.9165139132408641,1.437200903892517,398,42,64
UN,Consumer Goods,BiGRU,multiclass,20,5,6,0.8778839908053527,1.7207993268966675,398,42,64
UN,Consumer Goods,BiGRU,multiclass,20,5,7,1.0132263590343034,1.491851568222046,398,42,64
UN,Consumer Goods,BiGRU,multiclass,20,5,8,0.8201943773720133,1.0814309120178223,398,42,64
UN,Consumer Goods,BiGRU,multiclass,20,5,9,0.7867380784983611,1.0284185409545898,398,42,64
UN,Consumer Goods,BiGRU,multiclass,20,5,10,0.8205871719810831,1.4553967714309692,398,42,64
UN,Consumer Goods,BiGRU,multiclass,20,5,11,0.6871442010055235,0.9884975552558899,398,42,64
UN,Consumer Goods,BiGRU,multiclass,20,5,12,0.6251206973090244,1.5699939727783203,398,42,64
UN,Consumer Goods,BiGRU,multiclass,20,5,13,0.6805064690172972,1.1056145429611206,398,42,64
UN,Consumer Goods,BiGRU,multiclass,20,5,14,0.6876693883133893,0.9913323521614075,398,42,64
UN,Consumer Goods,BiGRU,multiclass,20,5,15,0.6368859910485732,1.2102545499801636,398,42,64
UN,Consumer Goods,BiGRU,multiclass,20,5,16,0.6161706476055797,1.2749242782592773,398,42,64
UN,Consumer Goods,BiGRU,multiclass,20,5,17,0.5497317011631913,0.9836431741714478,398,42,64
UN,Consumer Goods,BiGRU,multiclass,20,5,18,0.563978352289104,1.0615899562835693,398,42,64
UN,Consumer Goods,BiGRU,multiclass,20,5,19,0.5623563793136845,0.9975347518920898,398,42,64
UN,Consumer Goods,BiGRU,multiclass,20,5,20,0.5552986190846217,1.098434329032898,398,42,64
UN,Consumer Goods,BiGRU,multiclass,20,5,21,0.570686427792113,0.8910951018333435,398,42,64
UN,Consumer Goods,BiGRU,multiclass,20,5,22,0.5556847033788211,0.893314003944397,398,42,64
UN,Consumer Goods,BiGRU,multiclass,20,5,23,0.48260106363488203,0.9090380072593689,398,42,64
UN,Consumer Goods,BiGRU,multiclass,20,5,24,0.4839485973569017,0.8924018740653992,398,42,64
UN,Consumer Goods,BiGRU,multiclass,20,5,25,0.48161111105626553,0.8390424847602844,398,42,64
UN,Consumer Goods,BiGRU,multiclass,20,5,26,0.4978092932820919,0.9569622874259949,398,42,64
UN,Consumer Goods,BiGRU,multiclass,20,5,27,0.4862583585120925,0.855019211769104,398,42,64
UN,Consumer Goods,BiGRU,multiclass,20,5,28,0.4788929170100533,0.8153915405273438,398,42,64
UN,Consumer Goods,BiGRU,multiclass,20,5,29,0.49180692973448403,0.860724151134491,398,42,64
UN,Consumer Goods,BiGRU,multiclass,20,5,30,0.4203749327503856,0.8546148538589478,398,42,64
UNH,Healthcare,BiGRU,multiclass,20,5,1,1.3691106243948241,1.44027841091156,398,42,64
UNH,Healthcare,BiGRU,multiclass,20,5,2,1.035716405765495,0.9840330481529236,398,42,64
UNH,Healthcare,BiGRU,multiclass,20,5,3,0.9560631657365578,0.7677541971206665,398,42,64
UNH,Healthcare,BiGRU,multiclass,20,5,4,0.9272630283580953,0.7485060691833496,398,42,64
UNH,Healthcare,BiGRU,multiclass,20,5,5,0.8034220364824611,0.9978872537612915,398,42,64
UNH,Healthcare,BiGRU,multiclass,20,5,6,0.7986582939948269,1.5911568403244019,398,42,64
UNH,Healthcare,BiGRU,multiclass,20,5,7,0.7906605002269074,2.4204518795013428,398,42,64
UNH,Healthcare,BiGRU,multiclass,20,5,8,0.666372670001121,2.7130987644195557,398,42,64
UNH,Healthcare,BiGRU,multiclass,20,5,9,0.7047517530283137,2.7420356273651123,398,42,64
UNH,Healthcare,BiGRU,multiclass,20,5,10,0.6860442805529838,2.734114408493042,398,42,64
UNH,Healthcare,BiGRU,multiclass,20,5,11,0.6407539787603982,3.0197083950042725,398,42,64
UNH,Healthcare,BiGRU,multiclass,20,5,12,0.580092499903099,3.518156051635742,398,42,64
UNH,Healthcare,BiGRU,multiclass,20,5,13,0.5671618657195987,2.7407500743865967,398,42,64
UNH,Healthcare,BiGRU,multiclass,20,5,14,0.5598178191400652,2.974679946899414,398,42,64
UNH,Healthcare,BiGRU,multiclass,20,5,15,0.5174729045312009,3.600407361984253,398,42,64
UNH,Healthcare,BiGRU,multiclass,20,5,16,0.5085310253066633,2.835521697998047,398,42,64
UNH,Healthcare,BiGRU,multiclass,20,5,17,0.5406381803840848,2.333786725997925,398,42,64
UNH,Healthcare,BiGRU,multiclass,20,5,18,0.47022257932466477,2.975219488143921,398,42,64
UNH,Healthcare,BiGRU,multiclass,20,5,19,0.4658239160350819,2.7428414821624756,398,42,64
UPS,Services,BiGRU,multiclass,20,5,1,1.520115544448546,1.8207571506500244,398,42,64
UPS,Services,BiGRU,multiclass,20,5,2,1.3412085621800256,1.1933931112289429,398,42,64
UPS,Services,BiGRU,multiclass,20,5,3,1.196311563702684,0.9738877415657043,398,42,64
UPS,Services,BiGRU,multiclass,20,5,4,1.1974977332742969,0.8838564157485962,398,42,64
UPS,Services,BiGRU,multiclass,20,5,5,1.1130571569030607,0.776159942150116,398,42,64
UPS,Services,BiGRU,multiclass,20,5,6,1.0185533696083566,0.8088987469673157,398,42,64
UPS,Services,BiGRU,multiclass,20,5,7,0.9367904261728028,0.8978702425956726,398,42,64
UPS,Services,BiGRU,multiclass,20,5,8,0.9410907569243081,0.896017849445343,398,42,64
UPS,Services,BiGRU,multiclass,20,5,9,0.9093517646118624,0.9153860211372375,398,42,64
UPS,Services,BiGRU,multiclass,20,5,10,0.8879733672693148,1.0048412084579468,398,42,64
UPS,Services,BiGRU,multiclass,20,5,11,0.7872576545830348,1.0057305097579956,398,42,64
UPS,Services,BiGRU,multiclass,20,5,12,0.7772778979497939,0.9366529583930969,398,42,64
UPS,Services,BiGRU,multiclass,20,5,13,0.6735498360053978,1.2373358011245728,398,42,64
UPS,Services,BiGRU,multiclass,20,5,14,0.6691939156858167,0.9352356195449829,398,42,64
UPS,Services,BiGRU,multiclass,20,5,15,0.7361640199344961,0.9702661633491516,398,42,64
UPS,Services,BiGRU,multiclass,20,5,16,0.6714032211495404,0.9434733390808105,398,42,64
UPS,Services,BiGRU,multiclass,20,5,17,0.6579254428345953,1.0623611211776733,398,42,64
UPS,Services,BiGRU,multiclass,20,5,18,0.5974101478130973,1.032966136932373,398,42,64
UPS,Services,BiGRU,multiclass,20,5,19,0.5637743778564223,1.0758934020996094,398,42,64
UPS,Services,BiGRU,multiclass,20,5,20,0.6387950075631166,1.154414415359497,398,42,64
UTX,Industrial Goods,BiGRU,multiclass,20,5,1,1.9732130431949193,1.7350819110870361,398,42,64
UTX,Industrial Goods,BiGRU,multiclass,20,5,2,1.6489283370612255,1.0939913988113403,398,42,64
UTX,Industrial Goods,BiGRU,multiclass,20,5,3,1.4563720588708045,0.9745944142341614,398,42,64
UTX,Industrial Goods,BiGRU,multiclass,20,5,4,1.381543157238457,1.322641372680664,398,42,64
UTX,Industrial Goods,BiGRU,multiclass,20,5,5,1.330977716937137,1.9290825128555298,398,42,64
UTX,Industrial Goods,BiGRU,multiclass,20,5,6,1.181775448909357,2.2043263912200928,398,42,64
UTX,Industrial Goods,BiGRU,multiclass,20,5,7,1.145934799957515,2.9169788360595703,398,42,64
UTX,Industrial Goods,BiGRU,multiclass,20,5,8,1.0947915426450758,3.8900697231292725,398,42,64
UTX,Industrial Goods,BiGRU,multiclass,20,5,9,0.9840218409821017,3.8375587463378906,398,42,64
UTX,Industrial Goods,BiGRU,multiclass,20,5,10,1.011259727891366,3.5757369995117188,398,42,64
UTX,Industrial Goods,BiGRU,multiclass,20,5,11,0.9078848886130443,4.1155829429626465,398,42,64
UTX,Industrial Goods,BiGRU,multiclass,20,5,12,0.8946940666766622,4.3000030517578125,398,42,64
UTX,Industrial Goods,BiGRU,multiclass,20,5,13,0.9411897007843957,4.262245178222656,398,42,64
UTX,Industrial Goods,BiGRU,multiclass,20,5,14,0.8150544230961919,3.7082717418670654,398,42,64
UTX,Industrial Goods,BiGRU,multiclass,20,5,15,0.9543610802247896,3.461280584335327,398,42,64
UTX,Industrial Goods,BiGRU,multiclass,20,5,16,0.7201353709901398,3.431030035018921,398,42,64
UTX,Industrial Goods,BiGRU,multiclass,20,5,17,0.7174644613984841,2.9876279830932617,398,42,64
UTX,Industrial Goods,BiGRU,multiclass,20,5,18,0.7243834891211447,4.184942722320557,398,42,64
V,Financial,BiGRU,multiclass,20,5,1,1.734819057598785,1.3820009231567383,398,42,64
V,Financial,BiGRU,multiclass,20,5,2,1.2784208808112982,1.3864901065826416,398,42,64
V,Financial,BiGRU,multiclass,20,5,3,1.2611072590602703,1.3602100610733032,398,42,64
V,Financial,BiGRU,multiclass,20,5,4,1.1439921951773178,1.3483179807662964,398,42,64
V,Financial,BiGRU,multiclass,20,5,5,1.0304117041017542,1.2443455457687378,398,42,64
V,Financial,BiGRU,multiclass,20,5,6,1.0087549494738555,1.0730842351913452,398,42,64
V,Financial,BiGRU,multiclass,20,5,7,0.9651360469846869,1.0117911100387573,398,42,64
V,Financial,BiGRU,multiclass,20,5,8,0.9861617819148691,0.9881040453910828,398,42,64
V,Financial,BiGRU,multiclass,20,5,9,0.833284835719583,1.0352860689163208,398,42,64
V,Financial,BiGRU,multiclass,20,5,10,0.7513826055143347,1.0450124740600586,398,42,64
V,Financial,BiGRU,multiclass,20,5,11,0.8003363411630219,1.0672985315322876,398,42,64
V,Financial,BiGRU,multiclass,20,5,12,0.6721600333050867,0.903327465057373,398,42,64
V,Financial,BiGRU,multiclass,20,5,13,0.6986628980492827,0.9484941363334656,398,42,64
V,Financial,BiGRU,multiclass,20,5,14,0.6687096351355164,0.9407514929771423,398,42,64
V,Financial,BiGRU,multiclass,20,5,15,0.659607630279196,0.8338301777839661,398,42,64
V,Financial,BiGRU,multiclass,20,5,16,0.6876931052711142,0.7475263476371765,398,42,64
V,Financial,BiGRU,multiclass,20,5,17,0.5342420014604252,0.7181193232536316,398,42,64
V,Financial,BiGRU,multiclass,20,5,18,0.5620173789448475,0.7155342102050781,398,42,64
V,Financial,BiGRU,multiclass,20,5,19,0.5782932471390345,0.7247225046157837,398,42,64
V,Financial,BiGRU,multiclass,20,5,20,0.5397392586248004,0.7525731921195984,398,42,64
V,Financial,BiGRU,multiclass,20,5,21,0.5016709407370294,0.8477262854576111,398,42,64
V,Financial,BiGRU,multiclass,20,5,22,0.5721593906531981,0.8383841514587402,398,42,64
V,Financial,BiGRU,multiclass,20,5,23,0.4960352059584766,0.8266535997390747,398,42,64
V,Financial,BiGRU,multiclass,20,5,24,0.4915211304048797,0.7960646748542786,398,42,64
V,Financial,BiGRU,multiclass,20,5,25,0.5214885732336859,0.789969801902771,398,42,64
V,Financial,BiGRU,multiclass,20,5,26,0.5016963104506833,0.821821391582489,398,42,64
V,Financial,BiGRU,multiclass,20,5,27,0.4296668186858671,0.7069754600524902,398,42,64
V,Financial,BiGRU,multiclass,20,5,28,0.44892139380900703,0.7069975733757019,398,42,64
V,Financial,BiGRU,multiclass,20,5,29,0.4169336591833201,0.728637158870697,398,42,64
V,Financial,BiGRU,multiclass,20,5,30,0.4385114397535372,0.7093101739883423,398,42,64
VZ,Technology,BiGRU,multiclass,20,5,1,1.7266152977344378,1.46846604347229,398,42,64
VZ,Technology,BiGRU,multiclass,20,5,2,1.225028735608911,1.127272129058838,398,42,64
VZ,Technology,BiGRU,multiclass,20,5,3,1.105393667316916,1.3453868627548218,398,42,64
VZ,Technology,BiGRU,multiclass,20,5,4,1.1293593818817906,1.6511691808700562,398,42,64
VZ,Technology,BiGRU,multiclass,20,5,5,0.9939558246926447,1.771399736404419,398,42,64
VZ,Technology,BiGRU,multiclass,20,5,6,1.0039933491591833,2.0981268882751465,398,42,64
VZ,Technology,BiGRU,multiclass,20,5,7,0.862480293865779,2.8347413539886475,398,42,64
VZ,Technology,BiGRU,multiclass,20,5,8,0.8117087989596267,4.1682047843933105,398,42,64
VZ,Technology,BiGRU,multiclass,20,5,9,0.7135245226435925,2.275937795639038,398,42,64
VZ,Technology,BiGRU,multiclass,20,5,10,0.7952765019694764,4.220462799072266,398,42,64
VZ,Technology,BiGRU,multiclass,20,5,11,0.7041270297076834,4.024690628051758,398,42,64
VZ,Technology,BiGRU,multiclass,20,5,12,0.7423676021734075,3.9405860900878906,398,42,64
VZ,Technology,BiGRU,multiclass,20,5,13,0.6911242027678083,4.4258036613464355,398,42,64
VZ,Technology,BiGRU,multiclass,20,5,14,0.6852980573572706,4.092966556549072,398,42,64
VZ,Technology,BiGRU,multiclass,20,5,15,0.703223005311573,2.6216697692871094,398,42,64
VZ,Technology,BiGRU,multiclass,20,5,16,0.6479852108200591,2.7824251651763916,398,42,64
VZ,Technology,BiGRU,multiclass,20,5,17,0.6518014037429388,3.2997665405273438,398,42,64
WFC,Financial,BiGRU,multiclass,20,5,1,1.7552819662357695,1.3380603790283203,398,42,64
WFC,Financial,BiGRU,multiclass,20,5,2,1.4707658281877412,1.0225244760513306,398,42,64
WFC,Financial,BiGRU,multiclass,20,5,3,1.310883566812055,0.8800865411758423,398,42,64
WFC,Financial,BiGRU,multiclass,20,5,4,1.2094776052326413,1.1957107782363892,398,42,64
WFC,Financial,BiGRU,multiclass,20,5,5,0.9700741582180388,1.7894668579101562,398,42,64
WFC,Financial,BiGRU,multiclass,20,5,6,0.9990378583795462,2.391327381134033,398,42,64
WFC,Financial,BiGRU,multiclass,20,5,7,0.995107184852188,2.759281873703003,398,42,64
WFC,Financial,BiGRU,multiclass,20,5,8,0.8367073228910341,2.828415632247925,398,42,64
WFC,Financial,BiGRU,multiclass,20,5,9,0.7774671886734028,2.907289505004883,398,42,64
WFC,Financial,BiGRU,multiclass,20,5,10,0.76605299849007,3.030954360961914,398,42,64
WFC,Financial,BiGRU,multiclass,20,5,11,0.7568922938413956,2.9163968563079834,398,42,64
WFC,Financial,BiGRU,multiclass,20,5,12,0.6589899488429928,2.7350270748138428,398,42,64
WFC,Financial,BiGRU,multiclass,20,5,13,0.7866492657805207,2.8162758350372314,398,42,64
WFC,Financial,BiGRU,multiclass,20,5,14,0.660813020551624,3.049147367477417,398,42,64
WFC,Financial,BiGRU,multiclass,20,5,15,0.6905130071556149,2.6415212154388428,398,42,64
WFC,Financial,BiGRU,multiclass,20,5,16,0.6399635849286563,2.3089675903320312,398,42,64
WFC,Financial,BiGRU,multiclass,20,5,17,0.6908800654375373,2.7480599880218506,398,42,64
WFC,Financial,BiGRU,multiclass,20,5,18,0.6498287357577127,2.462494373321533,398,42,64
WMT,Services,BiGRU,multiclass,20,5,1,1.8232146390718431,1.0410438776016235,398,42,64
WMT,Services,BiGRU,multiclass,20,5,2,1.412861124654511,0.9389088749885559,398,42,64
WMT,Services,BiGRU,multiclass,20,5,3,1.3851582635587185,1.2308090925216675,398,42,64
WMT,Services,BiGRU,multiclass,20,5,4,1.0994173854439702,1.8194313049316406,398,42,64
WMT,Services,BiGRU,multiclass,20,5,5,1.0534038059975035,2.406576633453369,398,42,64
WMT,Services,BiGRU,multiclass,20,5,6,1.1255901586170771,3.402402639389038,398,42,64
WMT,Services,BiGRU,multiclass,20,5,7,0.9823289877505758,4.124480724334717,398,42,64
WMT,Services,BiGRU,multiclass,20,5,8,0.9110613740868305,3.9560258388519287,398,42,64
WMT,Services,BiGRU,multiclass,20,5,9,0.8154055747255009,4.508250713348389,398,42,64
WMT,Services,BiGRU,multiclass,20,5,10,0.8443960671748348,4.2771148681640625,398,42,64
WMT,Services,BiGRU,multiclass,20,5,11,0.843296578182048,4.634511470794678,398,42,64
WMT,Services,BiGRU,multiclass,20,5,12,0.7638981068254116,4.794886112213135,398,42,64
WMT,Services,BiGRU,multiclass,20,5,13,0.757157150375184,4.222146034240723,398,42,64
WMT,Services,BiGRU,multiclass,20,5,14,0.6844406442426557,5.242828369140625,398,42,64
WMT,Services,BiGRU,multiclass,20,5,15,0.7807401617867263,5.0924811363220215,398,42,64
WMT,Services,BiGRU,multiclass,20,5,16,0.7550325565901234,4.715051174163818,398,42,64
WMT,Services,BiGRU,multiclass,20,5,17,0.7095981247760542,4.612504482269287,398,42,64
XOM,Basic Matierials,BiGRU,multiclass,20,5,1,1.8599993577554597,2.0637619495391846,398,42,64
XOM,Basic Matierials,BiGRU,multiclass,20,5,2,1.3886500456225332,1.3881467580795288,398,42,64
XOM,Basic Matierials,BiGRU,multiclass,20,5,3,1.3065114365750221,1.2644548416137695,398,42,64
XOM,Basic Matierials,BiGRU,multiclass,20,5,4,1.2313206878738787,1.6521615982055664,398,42,64
XOM,Basic Matierials,BiGRU,multiclass,20,5,5,1.1343272247506146,1.5679010152816772,398,42,64
XOM,Basic Matierials,BiGRU,multiclass,20,5,6,1.0069440270788106,1.224103331565857,398,42,64
XOM,Basic Matierials,BiGRU,multiclass,20,5,7,0.9882328695987337,1.581497073173523,398,42,64
XOM,Basic Matierials,BiGRU,multiclass,20,5,8,0.9461759930879028,1.6747788190841675,398,42,64
XOM,Basic Matierials,BiGRU,multiclass,20,5,9,0.9465009803748011,2.7376811504364014,398,42,64
XOM,Basic Matierials,BiGRU,multiclass,20,5,10,0.8154853992725737,2.6009469032287598,398,42,64
XOM,Basic Matierials,BiGRU,multiclass,20,5,11,0.8014488699448169,3.3233489990234375,398,42,64
XOM,Basic Matierials,BiGRU,multiclass,20,5,12,0.797402045235562,4.441002368927002,398,42,64
XOM,Basic Matierials,BiGRU,multiclass,20,5,13,0.8280217587648324,2.6132798194885254,398,42,64
XOM,Basic Matierials,BiGRU,multiclass,20,5,14,0.8288593371609347,2.8661105632781982,398,42,64
XOM,Basic Matierials,BiGRU,multiclass,20,5,15,0.7367890033889656,3.103455066680908,398,42,64
XOM,Basic Matierials,BiGRU,multiclass,20,5,16,0.6491382577311453,2.4529225826263428,398,42,64
XOM,Basic Matierials,BiGRU,multiclass,20,5,17,0.6751458923421313,3.3497283458709717,398,42,64
XOM,Basic Matierials,BiGRU,multiclass,20,5,18,0.6730083839677686,2.840559720993042,398,42,64
XOM,Basic Matierials,BiGRU,multiclass,20,5,19,0.6140430307568018,2.4200704097747803,398,42,64
XOM,Basic Matierials,BiGRU,multiclass,20,5,20,0.6455020314484985,2.0722012519836426,398,42,64
XOM,Basic Matierials,BiGRU,multiclass,20,5,21,0.6728175433736351,2.4913430213928223,398,42,64
