company,sector,model_type,problem_type,sequence_length,horizon_steps,epoch,train_loss,val_loss,train_samples,val_samples,test_samples
AAPL,Consumer Goods,LSTM,regression,10,5,1,0.37111167751964014,0.5308114290237427,398,42,64
AAPL,Consumer Goods,LSTM,regression,10,5,2,0.37035375264421777,0.5286885499954224,398,42,64
AAPL,Consumer Goods,LSTM,regression,10,5,3,0.36971402168273926,0.5254133939743042,398,42,64
AAPL,Consumer Goods,LSTM,regression,10,5,4,0.36908817920253506,0.5209429264068604,398,42,64
AAPL,Consumer Goods,LSTM,regression,10,5,5,0.3684609562308345,0.5154170393943787,398,42,64
AAPL,Consumer Goods,LSTM,regression,10,5,6,0.3678316057626925,0.5092032551765442,398,42,64
AAPL,Consumer Goods,LSTM,regression,10,5,7,0.36722304922851484,0.50287264585495,398,42,64
AAPL,Consumer Goods,LSTM,regression,10,5,8,0.3666084220061949,0.49739959836006165,398,42,64
AAPL,Consumer Goods,LSTM,regression,10,5,9,0.36599864732080967,0.4933259189128876,398,42,64
AAPL,Consumer Goods,LSTM,regression,10,5,10,0.36538452479108496,0.4906260669231415,398,42,64
AAPL,Consumer Goods,LSTM,regression,10,5,11,0.3647850431389545,0.4889862537384033,398,42,64
AAPL,Consumer Goods,LSTM,regression,10,5,12,0.3641814343893348,0.4881179928779602,398,42,64
AAPL,Consumer Goods,LSTM,regression,10,5,13,0.3635746564098339,0.48765018582344055,398,42,64
AAPL,Consumer Goods,LSTM,regression,10,5,14,0.3630034899591801,0.4873866140842438,398,42,64
AAPL,Consumer Goods,LSTM,regression,10,5,15,0.3624115223860621,0.4872141480445862,398,42,64
AAPL,Consumer Goods,LSTM,regression,10,5,16,0.3618231511595261,0.4870881140232086,398,42,64
AAPL,Consumer Goods,LSTM,regression,10,5,17,0.3612600987281033,0.4869919717311859,398,42,64
AAPL,Consumer Goods,LSTM,regression,10,5,18,0.36067561947520654,0.4869145154953003,398,42,64
AAPL,Consumer Goods,LSTM,regression,10,5,19,0.36009454787077017,0.48684757947921753,398,42,64
AAPL,Consumer Goods,LSTM,regression,10,5,20,0.3595273195199631,0.4867834448814392,398,42,64
AAPL,Consumer Goods,LSTM,regression,10,5,21,0.3589722418305862,0.48672622442245483,398,42,64
AAPL,Consumer Goods,LSTM,regression,10,5,22,0.3584212558952408,0.4866718053817749,398,42,64
AAPL,Consumer Goods,LSTM,regression,10,5,23,0.3578634606533913,0.4866197407245636,398,42,64
AAPL,Consumer Goods,LSTM,regression,10,5,24,0.3572901358556508,0.4865637719631195,398,42,64
AAPL,Consumer Goods,LSTM,regression,10,5,25,0.3567477015394661,0.4865012466907501,398,42,64
AAPL,Consumer Goods,LSTM,regression,10,5,26,0.35619343225680405,0.486441969871521,398,42,64
AAPL,Consumer Goods,LSTM,regression,10,5,27,0.3556480614384215,0.4863958954811096,398,42,64
AAPL,Consumer Goods,LSTM,regression,10,5,28,0.3551122516243901,0.4863438606262207,398,42,64
ABB,Industrial Goods,LSTM,regression,10,5,1,0.35774103480966846,0.5850869417190552,398,42,64
ABB,Industrial Goods,LSTM,regression,10,5,2,0.35679711109429746,0.5846976637840271,398,42,64
ABB,Industrial Goods,LSTM,regression,10,5,3,0.355936635678737,0.5841419100761414,398,42,64
ABB,Industrial Goods,LSTM,regression,10,5,4,0.355110396242621,0.5837901830673218,398,42,64
ABB,Industrial Goods,LSTM,regression,10,5,5,0.35430613384773985,0.5836740136146545,398,42,64
ABB,Industrial Goods,LSTM,regression,10,5,6,0.35350195816413843,0.5834640860557556,398,42,64
ABB,Industrial Goods,LSTM,regression,10,5,7,0.35269128332785027,0.5826140642166138,398,42,64
ABB,Industrial Goods,LSTM,regression,10,5,8,0.3518993866503538,0.5809603333473206,398,42,64
ABB,Industrial Goods,LSTM,regression,10,5,9,0.3511164767957812,0.5794169902801514,398,42,64
ABB,Industrial Goods,LSTM,regression,10,5,10,0.35033027086425667,0.5783656239509583,398,42,64
ABB,Industrial Goods,LSTM,regression,10,5,11,0.34957025308704853,0.5777988433837891,398,42,64
ABB,Industrial Goods,LSTM,regression,10,5,12,0.34881957107452893,0.5774422287940979,398,42,64
ABB,Industrial Goods,LSTM,regression,10,5,13,0.34807643339262534,0.5774140357971191,398,42,64
ABB,Industrial Goods,LSTM,regression,10,5,14,0.34733065723174783,0.5775802135467529,398,42,64
ABB,Industrial Goods,LSTM,regression,10,5,15,0.34659947477393416,0.5778821706771851,398,42,64
ABB,Industrial Goods,LSTM,regression,10,5,16,0.3458525903859929,0.5782619118690491,398,42,64
ABBV,Healthcare,LSTM,regression,10,5,1,0.3601472068521845,0.6761628985404968,398,42,64
ABBV,Healthcare,LSTM,regression,10,5,2,0.3591408241334273,0.6759591102600098,398,42,64
ABBV,Healthcare,LSTM,regression,10,5,3,0.3582876956642573,0.6767070293426514,398,42,64
ABBV,Healthcare,LSTM,regression,10,5,4,0.3574477023814791,0.6788172125816345,398,42,64
ABBV,Healthcare,LSTM,regression,10,5,5,0.35662055861710307,0.6826963424682617,398,42,64
ABBV,Healthcare,LSTM,regression,10,5,6,0.3557979353708238,0.6892915368080139,398,42,64
ABBV,Healthcare,LSTM,regression,10,5,7,0.3549911003166707,0.6986703872680664,398,42,64
ABBV,Healthcare,LSTM,regression,10,5,8,0.3541865934379137,0.7107170224189758,398,42,64
ABBV,Healthcare,LSTM,regression,10,5,9,0.3534210786298292,0.7240623831748962,398,42,64
ABBV,Healthcare,LSTM,regression,10,5,10,0.35277164484088747,0.7355639338493347,398,42,64
ABBV,Healthcare,LSTM,regression,10,5,11,0.3521419759072251,0.7434777617454529,398,42,64
ABBV,Healthcare,LSTM,regression,10,5,12,0.35150954247120036,0.7478221654891968,398,42,64
ABBV,Healthcare,LSTM,regression,10,5,13,0.35087061085593163,0.7494171857833862,398,42,64
ABBV,Healthcare,LSTM,regression,10,5,14,0.35023340994688734,0.7494367361068726,398,42,64
ABBV,Healthcare,LSTM,regression,10,5,15,0.3496304783389796,0.7489173412322998,398,42,64
ABBV,Healthcare,LSTM,regression,10,5,16,0.34915687518203675,0.7478955984115601,398,42,64
AEP,Utilities,LSTM,regression,10,5,1,0.3780658378373438,0.4800989031791687,398,42,64
AEP,Utilities,LSTM,regression,10,5,2,0.37707639534269743,0.481536865234375,398,42,64
AEP,Utilities,LSTM,regression,10,5,3,0.3761564529121821,0.4830906391143799,398,42,64
AEP,Utilities,LSTM,regression,10,5,4,0.3752753084628426,0.4852367639541626,398,42,64
AEP,Utilities,LSTM,regression,10,5,5,0.37439394626186123,0.48826539516448975,398,42,64
AEP,Utilities,LSTM,regression,10,5,6,0.37354406010565444,0.4919626712799072,398,42,64
AEP,Utilities,LSTM,regression,10,5,7,0.3726566031051041,0.49589380621910095,398,42,64
AEP,Utilities,LSTM,regression,10,5,8,0.3718854046646674,0.4997228682041168,398,42,64
AEP,Utilities,LSTM,regression,10,5,9,0.371224689273978,0.5030788779258728,398,42,64
AEP,Utilities,LSTM,regression,10,5,10,0.3705272646106068,0.5055184960365295,398,42,64
AEP,Utilities,LSTM,regression,10,5,11,0.36986223177694194,0.5068981647491455,398,42,64
AEP,Utilities,LSTM,regression,10,5,12,0.3692228222761921,0.5073357820510864,398,42,64
AEP,Utilities,LSTM,regression,10,5,13,0.36857749499268266,0.5071324110031128,398,42,64
AEP,Utilities,LSTM,regression,10,5,14,0.36796272774437566,0.5067799687385559,398,42,64
AEP,Utilities,LSTM,regression,10,5,15,0.36746764819526195,0.506278932094574,398,42,64
AEP,Utilities,LSTM,regression,10,5,16,0.3669545653477386,0.5057053565979004,398,42,64
AGFS,Conglomerates,LSTM,regression,10,5,1,0.33927395758421525,1.0008684396743774,115,42,64
AGFS,Conglomerates,LSTM,regression,10,5,2,0.338911523507989,1.001300573348999,115,42,64
AGFS,Conglomerates,LSTM,regression,10,5,3,0.3385447675767152,1.0017776489257812,115,42,64
AGFS,Conglomerates,LSTM,regression,10,5,4,0.33819219703259673,1.0022754669189453,115,42,64
AGFS,Conglomerates,LSTM,regression,10,5,5,0.337818427707838,1.00283682346344,115,42,64
AGFS,Conglomerates,LSTM,regression,10,5,6,0.3374583392039589,1.0034642219543457,115,42,64
AGFS,Conglomerates,LSTM,regression,10,5,7,0.33710890334585436,1.0041329860687256,115,42,64
AGFS,Conglomerates,LSTM,regression,10,5,8,0.33676114419232245,1.0049657821655273,115,42,64
AGFS,Conglomerates,LSTM,regression,10,5,9,0.3364743947982788,1.0058798789978027,115,42,64
AGFS,Conglomerates,LSTM,regression,10,5,10,0.3361948495325835,1.0068531036376953,115,42,64
AGFS,Conglomerates,LSTM,regression,10,5,11,0.33592468966608463,1.007906198501587,115,42,64
AGFS,Conglomerates,LSTM,regression,10,5,12,0.3356322977853858,1.0090694427490234,115,42,64
AGFS,Conglomerates,LSTM,regression,10,5,13,0.33534657540528673,1.0103626251220703,115,42,64
AGFS,Conglomerates,LSTM,regression,10,5,14,0.3350746745648591,1.0117852687835693,115,42,64
AGFS,Conglomerates,LSTM,regression,10,5,15,0.33486278964125593,1.0133795738220215,115,42,64
AGFS,Conglomerates,LSTM,regression,10,5,16,0.3346503830474356,1.0151176452636719,115,42,64
AMGN,Healthcare,LSTM,regression,10,5,1,0.35157115600216926,0.785301148891449,398,42,64
AMGN,Healthcare,LSTM,regression,10,5,2,0.35073843298844953,0.7815598845481873,398,42,64
AMGN,Healthcare,LSTM,regression,10,5,3,0.3500272454927914,0.77764493227005,398,42,64
AMGN,Healthcare,LSTM,regression,10,5,4,0.34931684319098394,0.7719884514808655,398,42,64
AMGN,Healthcare,LSTM,regression,10,5,5,0.3486304166328967,0.7645981311798096,398,42,64
AMGN,Healthcare,LSTM,regression,10,5,6,0.347928098997279,0.7557971477508545,398,42,64
AMGN,Healthcare,LSTM,regression,10,5,7,0.34725941710136643,0.7461195588111877,398,42,64
AMGN,Healthcare,LSTM,regression,10,5,8,0.3465794516568208,0.7373654842376709,398,42,64
AMGN,Healthcare,LSTM,regression,10,5,9,0.34591272353526936,0.7307989001274109,398,42,64
AMGN,Healthcare,LSTM,regression,10,5,10,0.34525485778573767,0.7265139818191528,398,42,64
AMGN,Healthcare,LSTM,regression,10,5,11,0.344620396144426,0.7238262295722961,398,42,64
AMGN,Healthcare,LSTM,regression,10,5,12,0.34397126741744766,0.7218620777130127,398,42,64
AMGN,Healthcare,LSTM,regression,10,5,13,0.34332204763613755,0.7200993895530701,398,42,64
AMGN,Healthcare,LSTM,regression,10,5,14,0.342654625674588,0.7184576392173767,398,42,64
AMGN,Healthcare,LSTM,regression,10,5,15,0.34202746784866755,0.7168506383895874,398,42,64
AMGN,Healthcare,LSTM,regression,10,5,16,0.34139010609693865,0.7153007388114929,398,42,64
AMGN,Healthcare,LSTM,regression,10,5,17,0.34077030000974184,0.7137561440467834,398,42,64
AMGN,Healthcare,LSTM,regression,10,5,18,0.3401734187974403,0.7122547626495361,398,42,64
AMGN,Healthcare,LSTM,regression,10,5,19,0.33954733056039665,0.7107419371604919,398,42,64
AMGN,Healthcare,LSTM,regression,10,5,20,0.3389268863440758,0.709238588809967,398,42,64
AMGN,Healthcare,LSTM,regression,10,5,21,0.33833616882113354,0.7077541351318359,398,42,64
AMGN,Healthcare,LSTM,regression,10,5,22,0.33771278840213564,0.706260085105896,398,42,64
AMGN,Healthcare,LSTM,regression,10,5,23,0.3371297860864419,0.70479816198349,398,42,64
AMGN,Healthcare,LSTM,regression,10,5,24,0.3365537103396564,0.7033276557922363,398,42,64
AMGN,Healthcare,LSTM,regression,10,5,25,0.33591107552375027,0.7018552422523499,398,42,64
AMGN,Healthcare,LSTM,regression,10,5,26,0.3353204110159946,0.7004072070121765,398,42,64
AMGN,Healthcare,LSTM,regression,10,5,27,0.33474383551870757,0.6989428997039795,398,42,64
AMGN,Healthcare,LSTM,regression,10,5,28,0.334148876930601,0.6974928379058838,398,42,64
AMGN,Healthcare,LSTM,regression,10,5,29,0.33355335045100454,0.6960759162902832,398,42,64
AMGN,Healthcare,LSTM,regression,10,5,30,0.33297966428138503,0.694659948348999,398,42,64
AMZN,Services,LSTM,regression,10,5,1,0.35937085882503184,0.43768075108528137,398,42,64
AMZN,Services,LSTM,regression,10,5,2,0.35816572808740127,0.43722644448280334,398,42,64
AMZN,Services,LSTM,regression,10,5,3,0.3570886739534349,0.4384477734565735,398,42,64
AMZN,Services,LSTM,regression,10,5,4,0.3560289503940985,0.4437328577041626,398,42,64
AMZN,Services,LSTM,regression,10,5,5,0.3550065875652447,0.4569721221923828,398,42,64
AMZN,Services,LSTM,regression,10,5,6,0.3539619158260786,0.4838487207889557,398,42,64
AMZN,Services,LSTM,regression,10,5,7,0.352952919413696,0.5277253985404968,398,42,64
AMZN,Services,LSTM,regression,10,5,8,0.3519262368954606,0.5827308297157288,398,42,64
AMZN,Services,LSTM,regression,10,5,9,0.3510053834723468,0.6352941989898682,398,42,64
AMZN,Services,LSTM,regression,10,5,10,0.3502195276806702,0.6730307936668396,398,42,64
AMZN,Services,LSTM,regression,10,5,11,0.3494391111872304,0.6940854787826538,398,42,64
AMZN,Services,LSTM,regression,10,5,12,0.3486539811345201,0.702917754650116,398,42,64
AMZN,Services,LSTM,regression,10,5,13,0.34785703618322783,0.7045617699623108,398,42,64
AMZN,Services,LSTM,regression,10,5,14,0.3470760044740073,0.7025302052497864,398,42,64
AMZN,Services,LSTM,regression,10,5,15,0.34637887304152676,0.6997369527816772,398,42,64
AMZN,Services,LSTM,regression,10,5,16,0.3457770766924374,0.6962049603462219,398,42,64
BA,Industrial Goods,LSTM,regression,10,5,1,0.30683022423006184,0.5989362001419067,398,42,64
BA,Industrial Goods,LSTM,regression,10,5,2,0.3064442318138765,0.5929324626922607,398,42,64
BA,Industrial Goods,LSTM,regression,10,5,3,0.306100759224676,0.585298478603363,398,42,64
BA,Industrial Goods,LSTM,regression,10,5,4,0.30577031736397864,0.5757893919944763,398,42,64
BA,Industrial Goods,LSTM,regression,10,5,5,0.30545368880482776,0.5650487542152405,398,42,64
BA,Industrial Goods,LSTM,regression,10,5,6,0.30513273336779534,0.554871678352356,398,42,64
BA,Industrial Goods,LSTM,regression,10,5,7,0.3048017085646864,0.5469534397125244,398,42,64
BA,Industrial Goods,LSTM,regression,10,5,8,0.30448205042724036,0.5414081811904907,398,42,64
BA,Industrial Goods,LSTM,regression,10,5,9,0.30416204858964413,0.5380018353462219,398,42,64
BA,Industrial Goods,LSTM,regression,10,5,10,0.3038465668957437,0.535945475101471,398,42,64
BA,Industrial Goods,LSTM,regression,10,5,11,0.30353155485050165,0.5349940657615662,398,42,64
BA,Industrial Goods,LSTM,regression,10,5,12,0.30322096964821743,0.5344830751419067,398,42,64
BA,Industrial Goods,LSTM,regression,10,5,13,0.30291908874583606,0.5341565608978271,398,42,64
BA,Industrial Goods,LSTM,regression,10,5,14,0.3026103055357334,0.5339296460151672,398,42,64
BA,Industrial Goods,LSTM,regression,10,5,15,0.3023036447302181,0.533744752407074,398,42,64
BA,Industrial Goods,LSTM,regression,10,5,16,0.3020124651079801,0.5335826873779297,398,42,64
BA,Industrial Goods,LSTM,regression,10,5,17,0.3017188620627226,0.533423900604248,398,42,64
BA,Industrial Goods,LSTM,regression,10,5,18,0.3014157733426022,0.5332688689231873,398,42,64
BA,Industrial Goods,LSTM,regression,10,5,19,0.30112101983784434,0.533118724822998,398,42,64
BA,Industrial Goods,LSTM,regression,10,5,20,0.30082998825377555,0.5329747200012207,398,42,64
BA,Industrial Goods,LSTM,regression,10,5,21,0.3005393430515749,0.5328328609466553,398,42,64
BA,Industrial Goods,LSTM,regression,10,5,22,0.30024605517710873,0.5326936841011047,398,42,64
BA,Industrial Goods,LSTM,regression,10,5,23,0.29996021705955717,0.5325567126274109,398,42,64
BABA,Services,LSTM,regression,10,5,1,0.35675042886404124,0.7171191573143005,159,42,64
BABA,Services,LSTM,regression,10,5,2,0.35624721009026533,0.7176336646080017,159,42,64
BABA,Services,LSTM,regression,10,5,3,0.35580914331682073,0.7181934118270874,159,42,64
BABA,Services,LSTM,regression,10,5,4,0.3553614935035226,0.7187631130218506,159,42,64
BABA,Services,LSTM,regression,10,5,5,0.354928656850221,0.7195772528648376,159,42,64
BABA,Services,LSTM,regression,10,5,6,0.3544711229748696,0.7207320928573608,159,42,64
BABA,Services,LSTM,regression,10,5,7,0.35404126018098314,0.7221677303314209,159,42,64
BABA,Services,LSTM,regression,10,5,8,0.3536457212278678,0.7239081263542175,159,42,64
BABA,Services,LSTM,regression,10,5,9,0.35327298770535664,0.7259612679481506,159,42,64
BABA,Services,LSTM,regression,10,5,10,0.35293389781840945,0.7283251285552979,159,42,64
BABA,Services,LSTM,regression,10,5,11,0.35259059905630985,0.731024980545044,159,42,64
BABA,Services,LSTM,regression,10,5,12,0.35226065098489606,0.7341756820678711,159,42,64
BABA,Services,LSTM,regression,10,5,13,0.35190218743288293,0.7378189563751221,159,42,64
BABA,Services,LSTM,regression,10,5,14,0.35158805005580374,0.7419402599334717,159,42,64
BABA,Services,LSTM,regression,10,5,15,0.3513048449589771,0.746583878993988,159,42,64
BABA,Services,LSTM,regression,10,5,16,0.35103824050546445,0.7516745924949646,159,42,64
BAC,Financial,LSTM,regression,10,5,1,0.40964806109816587,0.4947783350944519,398,42,64
BAC,Financial,LSTM,regression,10,5,2,0.40821872943609805,0.49564847350120544,398,42,64
BAC,Financial,LSTM,regression,10,5,3,0.40683407834426843,0.4975317120552063,398,42,64
BAC,Financial,LSTM,regression,10,5,4,0.4054941464608638,0.5010579228401184,398,42,64
BAC,Financial,LSTM,regression,10,5,5,0.40414938270746165,0.5068584084510803,398,42,64
BAC,Financial,LSTM,regression,10,5,6,0.40281628663815444,0.5162790417671204,398,42,64
BAC,Financial,LSTM,regression,10,5,7,0.40148521383204056,0.5290679335594177,398,42,64
BAC,Financial,LSTM,regression,10,5,8,0.400251434226731,0.5428893566131592,398,42,64
BAC,Financial,LSTM,regression,10,5,9,0.3992213624805661,0.5545176267623901,398,42,64
BAC,Financial,LSTM,regression,10,5,10,0.3981746194051139,0.5628678202629089,398,42,64
BAC,Financial,LSTM,regression,10,5,11,0.39713014085688186,0.5676372647285461,398,42,64
BAC,Financial,LSTM,regression,10,5,12,0.3960728389234399,0.5698061585426331,398,42,64
BAC,Financial,LSTM,regression,10,5,13,0.3950496359386636,0.5704135298728943,398,42,64
BAC,Financial,LSTM,regression,10,5,14,0.3941057324409485,0.5704208016395569,398,42,64
BAC,Financial,LSTM,regression,10,5,15,0.393272930653251,0.5700339674949646,398,42,64
BAC,Financial,LSTM,regression,10,5,16,0.39245966136755056,0.5694591999053955,398,42,64
BBL,Basic Matierials,LSTM,regression,10,5,1,0.3676264512179485,0.6952964663505554,398,42,64
BBL,Basic Matierials,LSTM,regression,10,5,2,0.36700510289800825,0.6914113759994507,398,42,64
BBL,Basic Matierials,LSTM,regression,10,5,3,0.36650392832468504,0.6855852603912354,398,42,64
BBL,Basic Matierials,LSTM,regression,10,5,4,0.3660001853602615,0.6780528426170349,398,42,64
BBL,Basic Matierials,LSTM,regression,10,5,5,0.365501718604984,0.6691928505897522,398,42,64
BBL,Basic Matierials,LSTM,regression,10,5,6,0.3650117362264413,0.6601992845535278,398,42,64
BBL,Basic Matierials,LSTM,regression,10,5,7,0.36452746556032845,0.6532225608825684,398,42,64
BBL,Basic Matierials,LSTM,regression,10,5,8,0.3640338588300063,0.6501719951629639,398,42,64
BBL,Basic Matierials,LSTM,regression,10,5,9,0.3635374190819323,0.6512016654014587,398,42,64
BBL,Basic Matierials,LSTM,regression,10,5,10,0.3630579561743904,0.6550397276878357,398,42,64
BBL,Basic Matierials,LSTM,regression,10,5,11,0.36258998902598816,0.6591324806213379,398,42,64
BBL,Basic Matierials,LSTM,regression,10,5,12,0.36209795792498184,0.6618835926055908,398,42,64
BBL,Basic Matierials,LSTM,regression,10,5,13,0.3616133091138236,0.6632025837898254,398,42,64
BBL,Basic Matierials,LSTM,regression,10,5,14,0.36114902142903316,0.6634194850921631,398,42,64
BBL,Basic Matierials,LSTM,regression,10,5,15,0.36072788316400806,0.663286030292511,398,42,64
BBL,Basic Matierials,LSTM,regression,10,5,16,0.3603391260956999,0.662837028503418,398,42,64
BBL,Basic Matierials,LSTM,regression,10,5,17,0.35995521841935774,0.6622475981712341,398,42,64
BBL,Basic Matierials,LSTM,regression,10,5,18,0.35959609279680493,0.6615838408470154,398,42,64
BBL,Basic Matierials,LSTM,regression,10,5,19,0.35921100051558796,0.6608748435974121,398,42,64
BBL,Basic Matierials,LSTM,regression,10,5,20,0.35884360033064033,0.6601563692092896,398,42,64
BBL,Basic Matierials,LSTM,regression,10,5,21,0.3584999591860939,0.6596001982688904,398,42,64
BBL,Basic Matierials,LSTM,regression,10,5,22,0.35820581161197107,0.6590325832366943,398,42,64
BCH,Financial,LSTM,regression,10,5,1,0.35415123725057246,0.6760502457618713,398,42,64
BCH,Financial,LSTM,regression,10,5,2,0.35335160050559883,0.6752052307128906,398,42,64
BCH,Financial,LSTM,regression,10,5,3,0.3526114479980277,0.674312174320221,398,42,64
BCH,Financial,LSTM,regression,10,5,4,0.35190033193808706,0.6734465956687927,398,42,64
BCH,Financial,LSTM,regression,10,5,5,0.35118975801084507,0.6732738018035889,398,42,64
BCH,Financial,LSTM,regression,10,5,6,0.3504808826662188,0.6754079461097717,398,42,64
BCH,Financial,LSTM,regression,10,5,7,0.34981826157426116,0.6814637780189514,398,42,64
BCH,Financial,LSTM,regression,10,5,8,0.3491128783429687,0.6910776495933533,398,42,64
BCH,Financial,LSTM,regression,10,5,9,0.3484402418735638,0.7022102475166321,398,42,64
BCH,Financial,LSTM,regression,10,5,10,0.34777225187076394,0.7113736867904663,398,42,64
BCH,Financial,LSTM,regression,10,5,11,0.34709689395511567,0.717255175113678,398,42,64
BCH,Financial,LSTM,regression,10,5,12,0.3464974046652041,0.7203763723373413,398,42,64
BCH,Financial,LSTM,regression,10,5,13,0.3459593297249109,0.7220052480697632,398,42,64
BCH,Financial,LSTM,regression,10,5,14,0.3454507837942497,0.7229056358337402,398,42,64
BCH,Financial,LSTM,regression,10,5,15,0.3449510915495043,0.7234559059143066,398,42,64
BCH,Financial,LSTM,regression,10,5,16,0.34442519527583865,0.7238363027572632,398,42,64
BHP,Basic Matierials,LSTM,regression,10,5,1,0.36359305552501775,0.7407889366149902,398,42,64
BHP,Basic Matierials,LSTM,regression,10,5,2,0.362850507749385,0.7411949038505554,398,42,64
BHP,Basic Matierials,LSTM,regression,10,5,3,0.36219035860282095,0.741813063621521,398,42,64
BHP,Basic Matierials,LSTM,regression,10,5,4,0.36158438079321203,0.7425779700279236,398,42,64
BHP,Basic Matierials,LSTM,regression,10,5,5,0.3609782023046484,0.7433611154556274,398,42,64
BHP,Basic Matierials,LSTM,regression,10,5,6,0.3603567850949177,0.7435505390167236,398,42,64
BHP,Basic Matierials,LSTM,regression,10,5,7,0.3597671858329869,0.7422286868095398,398,42,64
BHP,Basic Matierials,LSTM,regression,10,5,8,0.35922421851948877,0.7384292483329773,398,42,64
BHP,Basic Matierials,LSTM,regression,10,5,9,0.35875181711498816,0.7331603765487671,398,42,64
BHP,Basic Matierials,LSTM,regression,10,5,10,0.3582953866103187,0.7284069061279297,398,42,64
BHP,Basic Matierials,LSTM,regression,10,5,11,0.35784482072346174,0.7253497838973999,398,42,64
BHP,Basic Matierials,LSTM,regression,10,5,12,0.35738648646440935,0.7236218452453613,398,42,64
BHP,Basic Matierials,LSTM,regression,10,5,13,0.3569411114232624,0.7226666808128357,398,42,64
BHP,Basic Matierials,LSTM,regression,10,5,14,0.35647528584878047,0.7221137881278992,398,42,64
BHP,Basic Matierials,LSTM,regression,10,5,15,0.35605161738156077,0.721771776676178,398,42,64
BHP,Basic Matierials,LSTM,regression,10,5,16,0.3556174131194551,0.7215130925178528,398,42,64
BHP,Basic Matierials,LSTM,regression,10,5,17,0.3551819845659649,0.7213084697723389,398,42,64
BHP,Basic Matierials,LSTM,regression,10,5,18,0.35475609500204497,0.7211249470710754,398,42,64
BHP,Basic Matierials,LSTM,regression,10,5,19,0.3543199800965774,0.7209633588790894,398,42,64
BHP,Basic Matierials,LSTM,regression,10,5,20,0.35390045520049246,0.7208014130592346,398,42,64
BHP,Basic Matierials,LSTM,regression,10,5,21,0.3534844746841258,0.7206366658210754,398,42,64
BHP,Basic Matierials,LSTM,regression,10,5,22,0.3530853284363771,0.7204757332801819,398,42,64
BHP,Basic Matierials,LSTM,regression,10,5,23,0.3526740619285622,0.7203188538551331,398,42,64
BHP,Basic Matierials,LSTM,regression,10,5,24,0.35226789760829214,0.7201622128486633,398,42,64
BHP,Basic Matierials,LSTM,regression,10,5,25,0.35188127133115454,0.7200128436088562,398,42,64
BP,Basic Matierials,LSTM,regression,10,5,1,0.33113960554851357,0.8952794671058655,398,42,64
BP,Basic Matierials,LSTM,regression,10,5,2,0.3306731174339601,0.901555597782135,398,42,64
BP,Basic Matierials,LSTM,regression,10,5,3,0.3302832506409842,0.9121273756027222,398,42,64
BP,Basic Matierials,LSTM,regression,10,5,4,0.3299204686179233,0.9291003942489624,398,42,64
BP,Basic Matierials,LSTM,regression,10,5,5,0.32957203903389937,0.9553337097167969,398,42,64
BP,Basic Matierials,LSTM,regression,10,5,6,0.3292098015397038,0.9922380447387695,398,42,64
BP,Basic Matierials,LSTM,regression,10,5,7,0.3288576045827051,1.0377466678619385,398,42,64
BP,Basic Matierials,LSTM,regression,10,5,8,0.32852649598864453,1.0859540700912476,398,42,64
BP,Basic Matierials,LSTM,regression,10,5,9,0.32824616635864107,1.1280204057693481,398,42,64
BP,Basic Matierials,LSTM,regression,10,5,10,0.3279701147846241,1.1590999364852905,398,42,64
BP,Basic Matierials,LSTM,regression,10,5,11,0.3276883040241261,1.1784747838974,398,42,64
BP,Basic Matierials,LSTM,regression,10,5,12,0.3274189871759271,1.1891344785690308,398,42,64
BP,Basic Matierials,LSTM,regression,10,5,13,0.3271573620225916,1.1945728063583374,398,42,64
BP,Basic Matierials,LSTM,regression,10,5,14,0.3269125708383531,1.197196364402771,398,42,64
BP,Basic Matierials,LSTM,regression,10,5,15,0.3266775404388581,1.1984094381332397,398,42,64
BP,Basic Matierials,LSTM,regression,10,5,16,0.32648057823804155,1.1989096403121948,398,42,64
BRK-A,Financial,LSTM,regression,10,5,1,0.35238687506872207,0.6546748280525208,398,42,64
BRK-A,Financial,LSTM,regression,10,5,2,0.3518096627901547,0.6574458479881287,398,42,64
BRK-A,Financial,LSTM,regression,10,5,3,0.35133746835454627,0.6618406176567078,398,42,64
BRK-A,Financial,LSTM,regression,10,5,4,0.3508564100493139,0.6677912473678589,398,42,64
BRK-A,Financial,LSTM,regression,10,5,5,0.35038033726826384,0.6762310862541199,398,42,64
BRK-A,Financial,LSTM,regression,10,5,6,0.3499387249575188,0.6886753439903259,398,42,64
BRK-A,Financial,LSTM,regression,10,5,7,0.34945822151462036,0.7058186531066895,398,42,64
BRK-A,Financial,LSTM,regression,10,5,8,0.34904719110409815,0.7267048358917236,398,42,64
BRK-A,Financial,LSTM,regression,10,5,9,0.3486816024211184,0.7479936480522156,398,42,64
BRK-A,Financial,LSTM,regression,10,5,10,0.34832835347209146,0.7659001350402832,398,42,64
BRK-A,Financial,LSTM,regression,10,5,11,0.34796031261209265,0.7792729139328003,398,42,64
BRK-A,Financial,LSTM,regression,10,5,12,0.34761655824867327,0.7879570722579956,398,42,64
BRK-A,Financial,LSTM,regression,10,5,13,0.34725077098338447,0.7930440306663513,398,42,64
BRK-A,Financial,LSTM,regression,10,5,14,0.34691199510540793,0.7959010601043701,398,42,64
BRK-A,Financial,LSTM,regression,10,5,15,0.34663192433628004,0.797502875328064,398,42,64
BRK-A,Financial,LSTM,regression,10,5,16,0.34635782960671274,0.79845130443573,398,42,64
BSAC,Financial,LSTM,regression,10,5,1,0.3566952712047639,0.5538656115531921,398,42,64
BSAC,Financial,LSTM,regression,10,5,2,0.3562064729443747,0.5550414323806763,398,42,64
BSAC,Financial,LSTM,regression,10,5,3,0.35579146901566777,0.5564505457878113,398,42,64
BSAC,Financial,LSTM,regression,10,5,4,0.35539041890121587,0.5583564043045044,398,42,64
BSAC,Financial,LSTM,regression,10,5,5,0.3550015315787876,0.5610061287879944,398,42,64
BSAC,Financial,LSTM,regression,10,5,6,0.35461042566814616,0.564643144607544,398,42,64
BSAC,Financial,LSTM,regression,10,5,7,0.35421831673713183,0.5687190890312195,398,42,64
BSAC,Financial,LSTM,regression,10,5,8,0.35384574274172137,0.572174072265625,398,42,64
BSAC,Financial,LSTM,regression,10,5,9,0.3535426132867684,0.5744489431381226,398,42,64
BSAC,Financial,LSTM,regression,10,5,10,0.35325004894230233,0.5757319927215576,398,42,64
BSAC,Financial,LSTM,regression,10,5,11,0.3529473520703052,0.576440155506134,398,42,64
BSAC,Financial,LSTM,regression,10,5,12,0.3526469625570067,0.5766689777374268,398,42,64
BSAC,Financial,LSTM,regression,10,5,13,0.3523335849220429,0.5765736103057861,398,42,64
BSAC,Financial,LSTM,regression,10,5,14,0.3520738276554711,0.5763927698135376,398,42,64
BSAC,Financial,LSTM,regression,10,5,15,0.3518375868174299,0.576119601726532,398,42,64
BSAC,Financial,LSTM,regression,10,5,16,0.35159795091080304,0.5758155584335327,398,42,64
BUD,Consumer Goods,LSTM,regression,10,5,1,0.3725707521989717,0.7707698345184326,398,42,64
BUD,Consumer Goods,LSTM,regression,10,5,2,0.37162189926933403,0.7732635140419006,398,42,64
BUD,Consumer Goods,LSTM,regression,10,5,3,0.37079294842092236,0.7769303917884827,398,42,64
BUD,Consumer Goods,LSTM,regression,10,5,4,0.36992832643901885,0.7819225192070007,398,42,64
BUD,Consumer Goods,LSTM,regression,10,5,5,0.36909900268717627,0.7887086272239685,398,42,64
BUD,Consumer Goods,LSTM,regression,10,5,6,0.368284311126824,0.7974860668182373,398,42,64
BUD,Consumer Goods,LSTM,regression,10,5,7,0.36746654857942207,0.8080119490623474,398,42,64
BUD,Consumer Goods,LSTM,regression,10,5,8,0.3667143223872736,0.8194416761398315,398,42,64
BUD,Consumer Goods,LSTM,regression,10,5,9,0.3660787505720129,0.831243097782135,398,42,64
BUD,Consumer Goods,LSTM,regression,10,5,10,0.3654301711662331,0.8416998982429504,398,42,64
BUD,Consumer Goods,LSTM,regression,10,5,11,0.36481321127570454,0.8499541878700256,398,42,64
BUD,Consumer Goods,LSTM,regression,10,5,12,0.36418914675113545,0.8555127382278442,398,42,64
BUD,Consumer Goods,LSTM,regression,10,5,13,0.3635265027458344,0.8591455817222595,398,42,64
BUD,Consumer Goods,LSTM,regression,10,5,14,0.3629599162681618,0.8613179922103882,398,42,64
BUD,Consumer Goods,LSTM,regression,10,5,15,0.3624672817824474,0.8627471923828125,398,42,64
BUD,Consumer Goods,LSTM,regression,10,5,16,0.3619771584793551,0.8638129830360413,398,42,64
C,Financial,LSTM,regression,10,5,1,0.37179993759447605,0.5723605751991272,398,42,64
C,Financial,LSTM,regression,10,5,2,0.3707127388398252,0.570902407169342,398,42,64
C,Financial,LSTM,regression,10,5,3,0.3697161803293468,0.5694295763969421,398,42,64
C,Financial,LSTM,regression,10,5,4,0.36870232389200874,0.5684704780578613,398,42,64
C,Financial,LSTM,regression,10,5,5,0.3677342966872843,0.5676422119140625,398,42,64
C,Financial,LSTM,regression,10,5,6,0.3667734552867449,0.5676369667053223,398,42,64
C,Financial,LSTM,regression,10,5,7,0.3657964947235644,0.5689326524734497,398,42,64
C,Financial,LSTM,regression,10,5,8,0.3648202624452773,0.5723607540130615,398,42,64
C,Financial,LSTM,regression,10,5,9,0.3638560776434951,0.577025294303894,398,42,64
C,Financial,LSTM,regression,10,5,10,0.36290791720601184,0.5815938711166382,398,42,64
C,Financial,LSTM,regression,10,5,11,0.36195716830953284,0.5850681066513062,398,42,64
C,Financial,LSTM,regression,10,5,12,0.36108832203563135,0.5873140692710876,398,42,64
C,Financial,LSTM,regression,10,5,13,0.3603404781327176,0.5886965990066528,398,42,64
C,Financial,LSTM,regression,10,5,14,0.35958051891183135,0.5895673036575317,398,42,64
C,Financial,LSTM,regression,10,5,15,0.35885635452653897,0.5901803374290466,398,42,64
C,Financial,LSTM,regression,10,5,16,0.358123345590716,0.5906540155410767,398,42,64
CAT,Industrial Goods,LSTM,regression,10,5,1,0.3870286039970628,0.808719277381897,398,42,64
CAT,Industrial Goods,LSTM,regression,10,5,2,0.386308020982311,0.8021383881568909,398,42,64
CAT,Industrial Goods,LSTM,regression,10,5,3,0.38566581298358477,0.794435977935791,398,42,64
CAT,Industrial Goods,LSTM,regression,10,5,4,0.38502871570874697,0.7866743206977844,398,42,64
CAT,Industrial Goods,LSTM,regression,10,5,5,0.38441098814633623,0.7807608246803284,398,42,64
CAT,Industrial Goods,LSTM,regression,10,5,6,0.3837983701097306,0.7796254754066467,398,42,64
CAT,Industrial Goods,LSTM,regression,10,5,7,0.38317673679572256,0.7849944233894348,398,42,64
CAT,Industrial Goods,LSTM,regression,10,5,8,0.38255528738750283,0.7952277660369873,398,42,64
CAT,Industrial Goods,LSTM,regression,10,5,9,0.3819363284949681,0.8064122796058655,398,42,64
CAT,Industrial Goods,LSTM,regression,10,5,10,0.38133282098338833,0.8149760961532593,398,42,64
CAT,Industrial Goods,LSTM,regression,10,5,11,0.3807247364940356,0.819765567779541,398,42,64
CAT,Industrial Goods,LSTM,regression,10,5,12,0.38011754697291694,0.8216246962547302,398,42,64
CAT,Industrial Goods,LSTM,regression,10,5,13,0.3795512899681551,0.8220952749252319,398,42,64
CAT,Industrial Goods,LSTM,regression,10,5,14,0.37907022058065215,0.8216676115989685,398,42,64
CAT,Industrial Goods,LSTM,regression,10,5,15,0.3786027518349077,0.820790708065033,398,42,64
CAT,Industrial Goods,LSTM,regression,10,5,16,0.37812693125039487,0.8197152614593506,398,42,64
CAT,Industrial Goods,LSTM,regression,10,5,17,0.3776490942916678,0.8185811042785645,398,42,64
CAT,Industrial Goods,LSTM,regression,10,5,18,0.3771783613679397,0.8174264430999756,398,42,64
CAT,Industrial Goods,LSTM,regression,10,5,19,0.3767299256732116,0.81650710105896,398,42,64
CAT,Industrial Goods,LSTM,regression,10,5,20,0.37635650916315205,0.8155982494354248,398,42,64
CELG,Healthcare,LSTM,regression,10,5,1,0.3577692597056154,0.694028913974762,398,42,64
CELG,Healthcare,LSTM,regression,10,5,2,0.3570281132381765,0.6951053142547607,398,42,64
CELG,Healthcare,LSTM,regression,10,5,3,0.3563462798319869,0.69644695520401,398,42,64
CELG,Healthcare,LSTM,regression,10,5,4,0.3556806072218334,0.6984193325042725,398,42,64
CELG,Healthcare,LSTM,regression,10,5,5,0.35502216070141623,0.7014638781547546,398,42,64
CELG,Healthcare,LSTM,regression,10,5,6,0.3543698377345675,0.7051413059234619,398,42,64
CELG,Healthcare,LSTM,regression,10,5,7,0.35370798940634607,0.7094326615333557,398,42,64
CELG,Healthcare,LSTM,regression,10,5,8,0.3531429487556668,0.7150124907493591,398,42,64
CELG,Healthcare,LSTM,regression,10,5,9,0.35261930383030493,0.7216739058494568,398,42,64
CELG,Healthcare,LSTM,regression,10,5,10,0.352111036154493,0.727687418460846,398,42,64
CELG,Healthcare,LSTM,regression,10,5,11,0.35159475300180254,0.7320287227630615,398,42,64
CELG,Healthcare,LSTM,regression,10,5,12,0.35110899701190357,0.7344061136245728,398,42,64
CELG,Healthcare,LSTM,regression,10,5,13,0.350602153258108,0.7352160811424255,398,42,64
CELG,Healthcare,LSTM,regression,10,5,14,0.3501549806427117,0.7353389263153076,398,42,64
CELG,Healthcare,LSTM,regression,10,5,15,0.3497793382436187,0.7350113391876221,398,42,64
CELG,Healthcare,LSTM,regression,10,5,16,0.3493927480587408,0.7344552278518677,398,42,64
CHL,Technology,LSTM,regression,10,5,1,0.3470336865989407,0.367139607667923,398,42,64
CHL,Technology,LSTM,regression,10,5,2,0.3464022969930016,0.36474788188934326,398,42,64
CHL,Technology,LSTM,regression,10,5,3,0.3458834843120383,0.36176612973213196,398,42,64
CHL,Technology,LSTM,regression,10,5,4,0.3453475338729782,0.35838767886161804,398,42,64
CHL,Technology,LSTM,regression,10,5,5,0.3448362378918346,0.3547617197036743,398,42,64
CHL,Technology,LSTM,regression,10,5,6,0.3443064011970357,0.35191595554351807,398,42,64
CHL,Technology,LSTM,regression,10,5,7,0.34379001770486783,0.3508341610431671,398,42,64
CHL,Technology,LSTM,regression,10,5,8,0.3432665551876902,0.351591557264328,398,42,64
CHL,Technology,LSTM,regression,10,5,9,0.34275249814867376,0.353077232837677,398,42,64
CHL,Technology,LSTM,regression,10,5,10,0.342238760773261,0.3542632758617401,398,42,64
CHL,Technology,LSTM,regression,10,5,11,0.34171549257022055,0.35494571924209595,398,42,64
CHL,Technology,LSTM,regression,10,5,12,0.3412163580332569,0.35523757338523865,398,42,64
CHL,Technology,LSTM,regression,10,5,13,0.34070512015915394,0.3553522527217865,398,42,64
CHL,Technology,LSTM,regression,10,5,14,0.3402315541427938,0.3554084897041321,398,42,64
CHL,Technology,LSTM,regression,10,5,15,0.3398335824659721,0.3554478585720062,398,42,64
CHL,Technology,LSTM,regression,10,5,16,0.33941902721946565,0.3554801642894745,398,42,64
CHL,Technology,LSTM,regression,10,5,17,0.33903246459050396,0.35551127791404724,398,42,64
CHL,Technology,LSTM,regression,10,5,18,0.33862675718925705,0.3555549085140228,398,42,64
CHL,Technology,LSTM,regression,10,5,19,0.3382403217068869,0.3555971384048462,398,42,64
CHL,Technology,LSTM,regression,10,5,20,0.3378736213523539,0.3556409180164337,398,42,64
CHTR,Services,LSTM,regression,10,5,1,0.362949027113579,0.5917393565177917,398,42,64
CHTR,Services,LSTM,regression,10,5,2,0.3623694117045283,0.5967884659767151,398,42,64
CHTR,Services,LSTM,regression,10,5,3,0.36187428468136335,0.603760838508606,398,42,64
CHTR,Services,LSTM,regression,10,5,4,0.36138485147425875,0.6133754849433899,398,42,64
CHTR,Services,LSTM,regression,10,5,5,0.3609193046787875,0.6265693306922913,398,42,64
CHTR,Services,LSTM,regression,10,5,6,0.36043344258363524,0.6426581144332886,398,42,64
CHTR,Services,LSTM,regression,10,5,7,0.35997129467564015,0.6612884402275085,398,42,64
CHTR,Services,LSTM,regression,10,5,8,0.3595377443423822,0.6805387139320374,398,42,64
CHTR,Services,LSTM,regression,10,5,9,0.35917170465591564,0.6984149813652039,398,42,64
CHTR,Services,LSTM,regression,10,5,10,0.35879229608193114,0.7131970524787903,398,42,64
CHTR,Services,LSTM,regression,10,5,11,0.3584229594948304,0.7236120104789734,398,42,64
CHTR,Services,LSTM,regression,10,5,12,0.35806142662338275,0.7298728227615356,398,42,64
CHTR,Services,LSTM,regression,10,5,13,0.3577055746137197,0.7332730293273926,398,42,64
CHTR,Services,LSTM,regression,10,5,14,0.3573738825530862,0.7349870204925537,398,42,64
CHTR,Services,LSTM,regression,10,5,15,0.3570805820987452,0.7357673048973083,398,42,64
CHTR,Services,LSTM,regression,10,5,16,0.3567997123578086,0.7360857725143433,398,42,64
CMCSA,Services,LSTM,regression,10,5,1,0.3464342403651482,0.6010700464248657,398,42,64
CMCSA,Services,LSTM,regression,10,5,2,0.3459309417398731,0.5988655090332031,398,42,64
CMCSA,Services,LSTM,regression,10,5,3,0.34554280408063726,0.5958756804466248,398,42,64
CMCSA,Services,LSTM,regression,10,5,4,0.34514804132020654,0.5922608971595764,398,42,64
CMCSA,Services,LSTM,regression,10,5,5,0.34477137261299634,0.5889684557914734,398,42,64
CMCSA,Services,LSTM,regression,10,5,6,0.3443860657251061,0.5864760875701904,398,42,64
CMCSA,Services,LSTM,regression,10,5,7,0.3440091034874844,0.5851263403892517,398,42,64
CMCSA,Services,LSTM,regression,10,5,8,0.3436522154352773,0.5846335291862488,398,42,64
CMCSA,Services,LSTM,regression,10,5,9,0.3432719989038592,0.58461594581604,398,42,64
CMCSA,Services,LSTM,regression,10,5,10,0.342917122433533,0.5847346782684326,398,42,64
CMCSA,Services,LSTM,regression,10,5,11,0.3425562393725218,0.5848525762557983,398,42,64
CMCSA,Services,LSTM,regression,10,5,12,0.3421948234639575,0.5848779082298279,398,42,64
CMCSA,Services,LSTM,regression,10,5,13,0.3418312054782657,0.5848351716995239,398,42,64
CMCSA,Services,LSTM,regression,10,5,14,0.34147627629227373,0.5847457647323608,398,42,64
CMCSA,Services,LSTM,regression,10,5,15,0.3411471978503855,0.5846787691116333,398,42,64
CMCSA,Services,LSTM,regression,10,5,16,0.3408493750059425,0.5846075415611267,398,42,64
CMCSA,Services,LSTM,regression,10,5,17,0.34056372948028335,0.5845374464988708,398,42,64
CMCSA,Services,LSTM,regression,10,5,18,0.34027952974166104,0.5844638347625732,398,42,64
CMCSA,Services,LSTM,regression,10,5,19,0.34000764809661177,0.5843916535377502,398,42,64
CMCSA,Services,LSTM,regression,10,5,20,0.339733332545314,0.584318995475769,398,42,64
CODI,Conglomerates,LSTM,regression,10,5,1,0.3544561304339212,0.2715683877468109,398,42,64
CODI,Conglomerates,LSTM,regression,10,5,2,0.35371751678948427,0.2706531882286072,398,42,64
CODI,Conglomerates,LSTM,regression,10,5,3,0.3530663296804955,0.2698499262332916,398,42,64
CODI,Conglomerates,LSTM,regression,10,5,4,0.3524336504127512,0.26953625679016113,398,42,64
CODI,Conglomerates,LSTM,regression,10,5,5,0.3518284067286918,0.26985958218574524,398,42,64
CODI,Conglomerates,LSTM,regression,10,5,6,0.35122405988487165,0.27106088399887085,398,42,64
CODI,Conglomerates,LSTM,regression,10,5,7,0.3505995837438047,0.27341383695602417,398,42,64
CODI,Conglomerates,LSTM,regression,10,5,8,0.3500149156430259,0.27693793177604675,398,42,64
CODI,Conglomerates,LSTM,regression,10,5,9,0.34941131775103623,0.28039586544036865,398,42,64
CODI,Conglomerates,LSTM,regression,10,5,10,0.34880754231807576,0.2829131782054901,398,42,64
CODI,Conglomerates,LSTM,regression,10,5,11,0.3482545628469793,0.2849697172641754,398,42,64
CODI,Conglomerates,LSTM,regression,10,5,12,0.34777856801622475,0.2864306569099426,398,42,64
CODI,Conglomerates,LSTM,regression,10,5,13,0.34731626465691995,0.2873881161212921,398,42,64
CODI,Conglomerates,LSTM,regression,10,5,14,0.34685192223469813,0.2880353629589081,398,42,64
CODI,Conglomerates,LSTM,regression,10,5,15,0.3463799579059658,0.28850215673446655,398,42,64
CODI,Conglomerates,LSTM,regression,10,5,16,0.3459212293277434,0.2888621389865875,398,42,64
CSCO,Technology,LSTM,regression,10,5,1,0.3968760988969899,0.603034496307373,398,42,64
CSCO,Technology,LSTM,regression,10,5,2,0.39573629395147064,0.6010929346084595,398,42,64
CSCO,Technology,LSTM,regression,10,5,3,0.39472894108475154,0.5988606214523315,398,42,64
CSCO,Technology,LSTM,regression,10,5,4,0.39374621586883485,0.5963185429573059,398,42,64
CSCO,Technology,LSTM,regression,10,5,5,0.3927023771719717,0.5941674113273621,398,42,64
CSCO,Technology,LSTM,regression,10,5,6,0.3917241046326843,0.5942776203155518,398,42,64
CSCO,Technology,LSTM,regression,10,5,7,0.39075294848363,0.5987356901168823,398,42,64
CSCO,Technology,LSTM,regression,10,5,8,0.38978739539582524,0.6085286140441895,398,42,64
CSCO,Technology,LSTM,regression,10,5,9,0.38881294871095434,0.6236969828605652,398,42,64
CSCO,Technology,LSTM,regression,10,5,10,0.38784797474667054,0.6412912011146545,398,42,64
CSCO,Technology,LSTM,regression,10,5,11,0.38689836200757244,0.6558791399002075,398,42,64
CSCO,Technology,LSTM,regression,10,5,12,0.38602459999784156,0.6655083894729614,398,42,64
CSCO,Technology,LSTM,regression,10,5,13,0.3852568962915459,0.670715868473053,398,42,64
CSCO,Technology,LSTM,regression,10,5,14,0.3845326473664998,0.6730477809906006,398,42,64
CSCO,Technology,LSTM,regression,10,5,15,0.38380660760642293,0.6737081408500671,398,42,64
CSCO,Technology,LSTM,regression,10,5,16,0.383056298422454,0.6734901070594788,398,42,64
CVX,Basic Matierials,LSTM,regression,10,5,1,0.34633701979814463,1.124849557876587,398,42,64
CVX,Basic Matierials,LSTM,regression,10,5,2,0.3457714385123708,1.1307399272918701,398,42,64
CVX,Basic Matierials,LSTM,regression,10,5,3,0.3453325275799737,1.1391897201538086,398,42,64
CVX,Basic Matierials,LSTM,regression,10,5,4,0.344907752233534,1.1512211561203003,398,42,64
CVX,Basic Matierials,LSTM,regression,10,5,5,0.3444791933399948,1.1678061485290527,398,42,64
CVX,Basic Matierials,LSTM,regression,10,5,6,0.34405220393559444,1.189322590827942,398,42,64
CVX,Basic Matierials,LSTM,regression,10,5,7,0.3436405658721924,1.2146110534667969,398,42,64
CVX,Basic Matierials,LSTM,regression,10,5,8,0.3432284944021522,1.2408297061920166,398,42,64
CVX,Basic Matierials,LSTM,regression,10,5,9,0.34288246577708564,1.2648353576660156,398,42,64
CVX,Basic Matierials,LSTM,regression,10,5,10,0.3425575413895612,1.2836118936538696,398,42,64
CVX,Basic Matierials,LSTM,regression,10,5,11,0.3422259963936542,1.29618501663208,398,42,64
CVX,Basic Matierials,LSTM,regression,10,5,12,0.3418937484223639,1.3032152652740479,398,42,64
CVX,Basic Matierials,LSTM,regression,10,5,13,0.3415765028503073,1.3065614700317383,398,42,64
CVX,Basic Matierials,LSTM,regression,10,5,14,0.34127138637418125,1.3079733848571777,398,42,64
CVX,Basic Matierials,LSTM,regression,10,5,15,0.3410092616201046,1.3082339763641357,398,42,64
CVX,Basic Matierials,LSTM,regression,10,5,16,0.3407513397422867,1.3079676628112793,398,42,64
D,Utilities,LSTM,regression,10,5,1,0.3538892670492431,0.5843057632446289,398,42,64
D,Utilities,LSTM,regression,10,5,2,0.35282133766754187,0.5844079852104187,398,42,64
D,Utilities,LSTM,regression,10,5,3,0.35187515331872143,0.5841671228408813,398,42,64
D,Utilities,LSTM,regression,10,5,4,0.35093990881838394,0.5839802026748657,398,42,64
D,Utilities,LSTM,regression,10,5,5,0.350028233612003,0.5840251445770264,398,42,64
D,Utilities,LSTM,regression,10,5,6,0.349102070583171,0.5843409299850464,398,42,64
D,Utilities,LSTM,regression,10,5,7,0.34819122115571294,0.5851247310638428,398,42,64
D,Utilities,LSTM,regression,10,5,8,0.3472680898767021,0.5855910181999207,398,42,64
D,Utilities,LSTM,regression,10,5,9,0.3463690038302436,0.5851202607154846,398,42,64
D,Utilities,LSTM,regression,10,5,10,0.3454877966312907,0.5840530395507812,398,42,64
D,Utilities,LSTM,regression,10,5,11,0.34465397871918413,0.5827303528785706,398,42,64
D,Utilities,LSTM,regression,10,5,12,0.3439507205881665,0.58151775598526,398,42,64
D,Utilities,LSTM,regression,10,5,13,0.34327254238440164,0.5804610848426819,398,42,64
D,Utilities,LSTM,regression,10,5,14,0.3425987323923926,0.5795148611068726,398,42,64
D,Utilities,LSTM,regression,10,5,15,0.3419183062848134,0.5786321759223938,398,42,64
D,Utilities,LSTM,regression,10,5,16,0.3412391396623161,0.577769935131073,398,42,64
DHR,Industrial Goods,LSTM,regression,10,5,1,0.3611499038173925,0.5792094469070435,398,42,64
DHR,Industrial Goods,LSTM,regression,10,5,2,0.36063517487827856,0.5770604610443115,398,42,64
DHR,Industrial Goods,LSTM,regression,10,5,3,0.3602262393913077,0.574049711227417,398,42,64
DHR,Industrial Goods,LSTM,regression,10,5,4,0.35980866422605273,0.5705186724662781,398,42,64
DHR,Industrial Goods,LSTM,regression,10,5,5,0.35941306610203266,0.5673827528953552,398,42,64
DHR,Industrial Goods,LSTM,regression,10,5,6,0.3590059442136755,0.5660632848739624,398,42,64
DHR,Industrial Goods,LSTM,regression,10,5,7,0.3585989229643165,0.5676953792572021,398,42,64
DHR,Industrial Goods,LSTM,regression,10,5,8,0.3582020929111308,0.5720767378807068,398,42,64
DHR,Industrial Goods,LSTM,regression,10,5,9,0.35782192999394097,0.576966404914856,398,42,64
DHR,Industrial Goods,LSTM,regression,10,5,10,0.35740192691285405,0.5811589360237122,398,42,64
DHR,Industrial Goods,LSTM,regression,10,5,11,0.3570118214017782,0.5840285420417786,398,42,64
DHR,Industrial Goods,LSTM,regression,10,5,12,0.35663149015388296,0.5856689214706421,398,42,64
DHR,Industrial Goods,LSTM,regression,10,5,13,0.35624778360577686,0.5864897966384888,398,42,64
DHR,Industrial Goods,LSTM,regression,10,5,14,0.35592873372025224,0.5869355201721191,398,42,64
DHR,Industrial Goods,LSTM,regression,10,5,15,0.35562162213589077,0.5871889591217041,398,42,64
DHR,Industrial Goods,LSTM,regression,10,5,16,0.3553056285608953,0.587359607219696,398,42,64
DHR,Industrial Goods,LSTM,regression,10,5,17,0.355012715761386,0.5874772071838379,398,42,64
DHR,Industrial Goods,LSTM,regression,10,5,18,0.35469240818790454,0.5875734686851501,398,42,64
DHR,Industrial Goods,LSTM,regression,10,5,19,0.3544130741651334,0.5876361131668091,398,42,64
DHR,Industrial Goods,LSTM,regression,10,5,20,0.35415893853010244,0.5877013802528381,398,42,64
DIS,Services,LSTM,regression,10,5,1,0.34566361490805547,0.8130692839622498,398,42,64
DIS,Services,LSTM,regression,10,5,2,0.34495894483585454,0.8103575110435486,398,42,64
DIS,Services,LSTM,regression,10,5,3,0.34432128116713095,0.8062555193901062,398,42,64
DIS,Services,LSTM,regression,10,5,4,0.3437170485156265,0.8007863759994507,398,42,64
DIS,Services,LSTM,regression,10,5,5,0.3431648339458446,0.7946862578392029,398,42,64
DIS,Services,LSTM,regression,10,5,6,0.3425594029115073,0.7891693115234375,398,42,64
DIS,Services,LSTM,regression,10,5,7,0.3420104677952714,0.7865014672279358,398,42,64
DIS,Services,LSTM,regression,10,5,8,0.3414403658416403,0.787230372428894,398,42,64
DIS,Services,LSTM,regression,10,5,9,0.34085281140840235,0.7914285063743591,398,42,64
DIS,Services,LSTM,regression,10,5,10,0.34032424640415904,0.7958828210830688,398,42,64
DIS,Services,LSTM,regression,10,5,11,0.33977031737715757,0.798915684223175,398,42,64
DIS,Services,LSTM,regression,10,5,12,0.3392134581378956,0.8005563616752625,398,42,64
DIS,Services,LSTM,regression,10,5,13,0.33867669315194365,0.8013211488723755,398,42,64
DIS,Services,LSTM,regression,10,5,14,0.3381749783928071,0.8015975952148438,398,42,64
DIS,Services,LSTM,regression,10,5,15,0.33775878282048594,0.8016127943992615,398,42,64
DIS,Services,LSTM,regression,10,5,16,0.33732978153468374,0.8015214800834656,398,42,64
DIS,Services,LSTM,regression,10,5,17,0.33690021175835,0.8013614416122437,398,42,64
DIS,Services,LSTM,regression,10,5,18,0.33650344310693403,0.8011558055877686,398,42,64
DIS,Services,LSTM,regression,10,5,19,0.3360965150085526,0.8009389638900757,398,42,64
DIS,Services,LSTM,regression,10,5,20,0.3357134182848523,0.8007562756538391,398,42,64
DIS,Services,LSTM,regression,10,5,21,0.3353893238695423,0.8005683422088623,398,42,64
DUK,Utilities,LSTM,regression,10,5,1,0.42303204476533823,0.637273371219635,398,42,64
DUK,Utilities,LSTM,regression,10,5,2,0.4220261193400052,0.6416895985603333,398,42,64
DUK,Utilities,LSTM,regression,10,5,3,0.4211529213279935,0.6479983925819397,398,42,64
DUK,Utilities,LSTM,regression,10,5,4,0.42030532980085017,0.6570172905921936,398,42,64
DUK,Utilities,LSTM,regression,10,5,5,0.41944755711148135,0.6693504452705383,398,42,64
DUK,Utilities,LSTM,regression,10,5,6,0.41861632376459973,0.6848391890525818,398,42,64
DUK,Utilities,LSTM,regression,10,5,7,0.41776956580392083,0.7003849148750305,398,42,64
DUK,Utilities,LSTM,regression,10,5,8,0.4170059051046419,0.7136913537979126,398,42,64
DUK,Utilities,LSTM,regression,10,5,9,0.4163443149633743,0.7225430011749268,398,42,64
DUK,Utilities,LSTM,regression,10,5,10,0.41568367969450637,0.7271775603294373,398,42,64
DUK,Utilities,LSTM,regression,10,5,11,0.41502174315740115,0.729457676410675,398,42,64
DUK,Utilities,LSTM,regression,10,5,12,0.41441217409306436,0.7301307320594788,398,42,64
DUK,Utilities,LSTM,regression,10,5,13,0.41375097347863354,0.7298708558082581,398,42,64
DUK,Utilities,LSTM,regression,10,5,14,0.4131493282378019,0.7293624877929688,398,42,64
DUK,Utilities,LSTM,regression,10,5,15,0.41263751558323003,0.7286156415939331,398,42,64
DUK,Utilities,LSTM,regression,10,5,16,0.4121337531499527,0.7277529835700989,398,42,64
EXC,Utilities,LSTM,regression,10,5,1,0.37013665695286274,0.639026939868927,398,42,64
EXC,Utilities,LSTM,regression,10,5,2,0.3695386600254768,0.6370086073875427,398,42,64
EXC,Utilities,LSTM,regression,10,5,3,0.3690308533122192,0.6342822313308716,398,42,64
EXC,Utilities,LSTM,regression,10,5,4,0.368530309979041,0.6301167607307434,398,42,64
EXC,Utilities,LSTM,regression,10,5,5,0.3680461935661546,0.6245849132537842,398,42,64
EXC,Utilities,LSTM,regression,10,5,6,0.3675625788506551,0.6187050342559814,398,42,64
EXC,Utilities,LSTM,regression,10,5,7,0.36707838546091587,0.613426923751831,398,42,64
EXC,Utilities,LSTM,regression,10,5,8,0.36659224698291953,0.6089574098587036,398,42,64
EXC,Utilities,LSTM,regression,10,5,9,0.3661057703459083,0.6056838035583496,398,42,64
EXC,Utilities,LSTM,regression,10,5,10,0.36565232276916504,0.6030782461166382,398,42,64
EXC,Utilities,LSTM,regression,10,5,11,0.3651714366884088,0.6012834310531616,398,42,64
EXC,Utilities,LSTM,regression,10,5,12,0.36470556888149014,0.6002981066703796,398,42,64
EXC,Utilities,LSTM,regression,10,5,13,0.3642484357009581,0.5998529195785522,398,42,64
EXC,Utilities,LSTM,regression,10,5,14,0.36378818361004395,0.59967041015625,398,42,64
EXC,Utilities,LSTM,regression,10,5,15,0.36333245338507036,0.5996384024620056,398,42,64
EXC,Utilities,LSTM,regression,10,5,16,0.3628765419499958,0.5997014045715332,398,42,64
EXC,Utilities,LSTM,regression,10,5,17,0.36241571028627945,0.5998197197914124,398,42,64
EXC,Utilities,LSTM,regression,10,5,18,0.3619554926402605,0.5999656319618225,398,42,64
EXC,Utilities,LSTM,regression,10,5,19,0.36151830215549946,0.6001272797584534,398,42,64
EXC,Utilities,LSTM,regression,10,5,20,0.3610698442962301,0.6002894639968872,398,42,64
EXC,Utilities,LSTM,regression,10,5,21,0.3606454193891592,0.6004273891448975,398,42,64
EXC,Utilities,LSTM,regression,10,5,22,0.3602885993281801,0.6005722880363464,398,42,64
EXC,Utilities,LSTM,regression,10,5,23,0.3599386676472036,0.6007219552993774,398,42,64
EXC,Utilities,LSTM,regression,10,5,24,0.3595896288378155,0.6008737087249756,398,42,64
EXC,Utilities,LSTM,regression,10,5,25,0.3592403051841199,0.601030170917511,398,42,64
FB,Technology,LSTM,regression,10,5,1,0.3424637426982573,0.4784354865550995,398,42,64
FB,Technology,LSTM,regression,10,5,2,0.3418855124981559,0.47718575596809387,398,42,64
FB,Technology,LSTM,regression,10,5,3,0.3414409347814531,0.4755578935146332,398,42,64
FB,Technology,LSTM,regression,10,5,4,0.34099860137431465,0.47401177883148193,398,42,64
FB,Technology,LSTM,regression,10,5,5,0.3405601045294623,0.47292613983154297,398,42,64
FB,Technology,LSTM,regression,10,5,6,0.3401169101497037,0.47360220551490784,398,42,64
FB,Technology,LSTM,regression,10,5,7,0.33968303056817556,0.47788792848587036,398,42,64
FB,Technology,LSTM,regression,10,5,8,0.33925076001253557,0.4869464337825775,398,42,64
FB,Technology,LSTM,regression,10,5,9,0.3388268922142048,0.4982135593891144,398,42,64
FB,Technology,LSTM,regression,10,5,10,0.3383940925550221,0.5084698796272278,398,42,64
FB,Technology,LSTM,regression,10,5,11,0.3379641301068828,0.5159580707550049,398,42,64
FB,Technology,LSTM,regression,10,5,12,0.33756057895607683,0.5206369757652283,398,42,64
FB,Technology,LSTM,regression,10,5,13,0.3372193324805504,0.5235983729362488,398,42,64
FB,Technology,LSTM,regression,10,5,14,0.3368863682051999,0.5255563259124756,398,42,64
FB,Technology,LSTM,regression,10,5,15,0.33654741261472654,0.5270141959190369,398,42,64
FB,Technology,LSTM,regression,10,5,16,0.33620751578005115,0.5282039642333984,398,42,64
GD,Industrial Goods,LSTM,regression,10,5,1,0.3977565654558153,0.4317391812801361,398,42,64
GD,Industrial Goods,LSTM,regression,10,5,2,0.39673520662077705,0.4305371940135956,398,42,64
GD,Industrial Goods,LSTM,regression,10,5,3,0.3958466187793406,0.42905953526496887,398,42,64
GD,Industrial Goods,LSTM,regression,10,5,4,0.39494325048360396,0.4277268946170807,398,42,64
GD,Industrial Goods,LSTM,regression,10,5,5,0.3940593417565427,0.42760753631591797,398,42,64
GD,Industrial Goods,LSTM,regression,10,5,6,0.3931578975826053,0.4299101233482361,398,42,64
GD,Industrial Goods,LSTM,regression,10,5,7,0.3922832206865052,0.4346926212310791,398,42,64
GD,Industrial Goods,LSTM,regression,10,5,8,0.3914449891852374,0.44020774960517883,398,42,64
GD,Industrial Goods,LSTM,regression,10,5,9,0.3905806775069117,0.44453126192092896,398,42,64
GD,Industrial Goods,LSTM,regression,10,5,10,0.3897299131556372,0.44712314009666443,398,42,64
GD,Industrial Goods,LSTM,regression,10,5,11,0.3888915375848511,0.4486328065395355,398,42,64
GD,Industrial Goods,LSTM,regression,10,5,12,0.388108803698765,0.4493991434574127,398,42,64
GD,Industrial Goods,LSTM,regression,10,5,13,0.38742987624364883,0.44982248544692993,398,42,64
GD,Industrial Goods,LSTM,regression,10,5,14,0.3867633630282915,0.45006880164146423,398,42,64
GD,Industrial Goods,LSTM,regression,10,5,15,0.38610330358821543,0.45021331310272217,398,42,64
GD,Industrial Goods,LSTM,regression,10,5,16,0.3854541520976541,0.45030248165130615,398,42,64
GE,Industrial Goods,LSTM,regression,10,5,1,0.34941926044435356,0.7010034918785095,398,42,64
GE,Industrial Goods,LSTM,regression,10,5,2,0.3486667801087825,0.7050856947898865,398,42,64
GE,Industrial Goods,LSTM,regression,10,5,3,0.34798001973473247,0.7117160558700562,398,42,64
GE,Industrial Goods,LSTM,regression,10,5,4,0.34731183639123814,0.7212436199188232,398,42,64
GE,Industrial Goods,LSTM,regression,10,5,5,0.34666037095251995,0.7337367534637451,398,42,64
GE,Industrial Goods,LSTM,regression,10,5,6,0.34600392463219226,0.7479689717292786,398,42,64
GE,Industrial Goods,LSTM,regression,10,5,7,0.3453611512879031,0.7612366676330566,398,42,64
GE,Industrial Goods,LSTM,regression,10,5,8,0.34477082359131855,0.771396279335022,398,42,64
GE,Industrial Goods,LSTM,regression,10,5,9,0.3442597127140467,0.7781012654304504,398,42,64
GE,Industrial Goods,LSTM,regression,10,5,10,0.3437398854811587,0.7816142439842224,398,42,64
GE,Industrial Goods,LSTM,regression,10,5,11,0.34322895880919607,0.7828665375709534,398,42,64
GE,Industrial Goods,LSTM,regression,10,5,12,0.3427210664329816,0.7829091548919678,398,42,64
GE,Industrial Goods,LSTM,regression,10,5,13,0.34223352709607263,0.7823615670204163,398,42,64
GE,Industrial Goods,LSTM,regression,10,5,14,0.3417699721889879,0.7817680835723877,398,42,64
GE,Industrial Goods,LSTM,regression,10,5,15,0.3413609607734872,0.7810481786727905,398,42,64
GE,Industrial Goods,LSTM,regression,10,5,16,0.3409732562213687,0.7802732586860657,398,42,64
GOOG,Technology,LSTM,regression,10,5,1,0.3422646172082604,0.5234695672988892,398,42,64
GOOG,Technology,LSTM,regression,10,5,2,0.34139484736188574,0.5219596028327942,398,42,64
GOOG,Technology,LSTM,regression,10,5,3,0.34057843146012656,0.520161509513855,398,42,64
GOOG,Technology,LSTM,regression,10,5,4,0.3397579669353351,0.518345057964325,398,42,64
GOOG,Technology,LSTM,regression,10,5,5,0.33896820419397783,0.516852080821991,398,42,64
GOOG,Technology,LSTM,regression,10,5,6,0.33820074886532886,0.5166662335395813,398,42,64
GOOG,Technology,LSTM,regression,10,5,7,0.3374188401591239,0.5174852609634399,398,42,64
GOOG,Technology,LSTM,regression,10,5,8,0.33660762992935567,0.5182530283927917,398,42,64
GOOG,Technology,LSTM,regression,10,5,9,0.33583829121374004,0.5192931294441223,398,42,64
GOOG,Technology,LSTM,regression,10,5,10,0.33507083288988276,0.5202280879020691,398,42,64
GOOG,Technology,LSTM,regression,10,5,11,0.33429636128583745,0.5205506682395935,398,42,64
GOOG,Technology,LSTM,regression,10,5,12,0.3335242627853125,0.5205355882644653,398,42,64
GOOG,Technology,LSTM,regression,10,5,13,0.3328197745222542,0.5204392671585083,398,42,64
GOOG,Technology,LSTM,regression,10,5,14,0.33222058220724365,0.5202189087867737,398,42,64
GOOG,Technology,LSTM,regression,10,5,15,0.3316041866139551,0.5199437141418457,398,42,64
GOOG,Technology,LSTM,regression,10,5,16,0.33099409952834624,0.5196475386619568,398,42,64
HD,Services,LSTM,regression,10,5,1,0.4065978399023938,0.47177714109420776,398,42,64
HD,Services,LSTM,regression,10,5,2,0.40531050679671704,0.47309622168540955,398,42,64
HD,Services,LSTM,regression,10,5,3,0.404087643377745,0.4755934774875641,398,42,64
HD,Services,LSTM,regression,10,5,4,0.40294012824195113,0.4796235263347626,398,42,64
HD,Services,LSTM,regression,10,5,5,0.4018049457264905,0.4861396551132202,398,42,64
HD,Services,LSTM,regression,10,5,6,0.40067279488597085,0.4964979290962219,398,42,64
HD,Services,LSTM,regression,10,5,7,0.3995471888750642,0.5119742155075073,398,42,64
HD,Services,LSTM,regression,10,5,8,0.3985154788997305,0.5325819849967957,398,42,64
HD,Services,LSTM,regression,10,5,9,0.39760512757540944,0.5540366768836975,398,42,64
HD,Services,LSTM,regression,10,5,10,0.3967361555776404,0.5725809335708618,398,42,64
HD,Services,LSTM,regression,10,5,11,0.39584832275333115,0.5850507020950317,398,42,64
HD,Services,LSTM,regression,10,5,12,0.39499731758731094,0.5917948484420776,398,42,64
HD,Services,LSTM,regression,10,5,13,0.3941224099852931,0.5947941541671753,398,42,64
HD,Services,LSTM,regression,10,5,14,0.3933364960865759,0.5959109663963318,398,42,64
HD,Services,LSTM,regression,10,5,15,0.3926316154512329,0.5959942936897278,398,42,64
HD,Services,LSTM,regression,10,5,16,0.3919408336356657,0.5955461263656616,398,42,64
HON,Industrial Goods,LSTM,regression,10,5,1,0.4146814126165668,0.8788635730743408,398,42,64
HON,Industrial Goods,LSTM,regression,10,5,2,0.41334674016914175,0.8832116723060608,398,42,64
HON,Industrial Goods,LSTM,regression,10,5,3,0.41211832243593494,0.889714777469635,398,42,64
HON,Industrial Goods,LSTM,regression,10,5,4,0.4108743516344521,0.8995300531387329,398,42,64
HON,Industrial Goods,LSTM,regression,10,5,5,0.40966059664386,0.9140827655792236,398,42,64
HON,Industrial Goods,LSTM,regression,10,5,6,0.40845805406570435,0.9345589876174927,398,42,64
HON,Industrial Goods,LSTM,regression,10,5,7,0.4072692271453052,0.9605709314346313,398,42,64
HON,Industrial Goods,LSTM,regression,10,5,8,0.4061769360872968,0.9895078539848328,398,42,64
HON,Industrial Goods,LSTM,regression,10,5,9,0.4052112908219572,1.0163854360580444,398,42,64
HON,Industrial Goods,LSTM,regression,10,5,10,0.40428207342948147,1.0366650819778442,398,42,64
HON,Industrial Goods,LSTM,regression,10,5,11,0.4033450250649572,1.0493135452270508,398,42,64
HON,Industrial Goods,LSTM,regression,10,5,12,0.4023972207577384,1.0559403896331787,398,42,64
HON,Industrial Goods,LSTM,regression,10,5,13,0.40144500331063965,1.058700442314148,398,42,64
HON,Industrial Goods,LSTM,regression,10,5,14,0.4006052589296696,1.0595905780792236,398,42,64
HON,Industrial Goods,LSTM,regression,10,5,15,0.39988564426575474,1.059356927871704,398,42,64
HON,Industrial Goods,LSTM,regression,10,5,16,0.3991342251324773,1.0586047172546387,398,42,64
HRG,Conglomerates,LSTM,regression,10,5,1,0.35564668199524807,0.6972932815551758,398,42,64
HRG,Conglomerates,LSTM,regression,10,5,2,0.355077779922054,0.6937322020530701,398,42,64
HRG,Conglomerates,LSTM,regression,10,5,3,0.35456504594141514,0.6883025765419006,398,42,64
HRG,Conglomerates,LSTM,regression,10,5,4,0.3540640112443186,0.6806668639183044,398,42,64
HRG,Conglomerates,LSTM,regression,10,5,5,0.3535697388289562,0.6715666055679321,398,42,64
HRG,Conglomerates,LSTM,regression,10,5,6,0.3530784452979888,0.6626558899879456,398,42,64
HRG,Conglomerates,LSTM,regression,10,5,7,0.3525990685026849,0.656056821346283,398,42,64
HRG,Conglomerates,LSTM,regression,10,5,8,0.3520938948770264,0.6520497798919678,398,42,64
HRG,Conglomerates,LSTM,regression,10,5,9,0.35161730721967305,0.6499195098876953,398,42,64
HRG,Conglomerates,LSTM,regression,10,5,10,0.3511482131241554,0.6479419469833374,398,42,64
HRG,Conglomerates,LSTM,regression,10,5,11,0.35066582928949863,0.6462973952293396,398,42,64
HRG,Conglomerates,LSTM,regression,10,5,12,0.3501951710962171,0.6451125144958496,398,42,64
HRG,Conglomerates,LSTM,regression,10,5,13,0.3497309534993004,0.6440507173538208,398,42,64
HRG,Conglomerates,LSTM,regression,10,5,14,0.34925851675134206,0.6430707573890686,398,42,64
HRG,Conglomerates,LSTM,regression,10,5,15,0.3487903555134433,0.6421843767166138,398,42,64
HRG,Conglomerates,LSTM,regression,10,5,16,0.3483396783545988,0.6413320302963257,398,42,64
HRG,Conglomerates,LSTM,regression,10,5,17,0.3478828240279576,0.6404963731765747,398,42,64
HRG,Conglomerates,LSTM,regression,10,5,18,0.3474311085801628,0.6396709680557251,398,42,64
HRG,Conglomerates,LSTM,regression,10,5,19,0.34697961897107227,0.6388654112815857,398,42,64
HRG,Conglomerates,LSTM,regression,10,5,20,0.3465177722312697,0.6380559802055359,398,42,64
HRG,Conglomerates,LSTM,regression,10,5,21,0.34607486104845403,0.6372469067573547,398,42,64
HRG,Conglomerates,LSTM,regression,10,5,22,0.3456396301787103,0.636443555355072,398,42,64
HRG,Conglomerates,LSTM,regression,10,5,23,0.3451670146168177,0.6356366276741028,398,42,64
HRG,Conglomerates,LSTM,regression,10,5,24,0.344718101935171,0.6348310112953186,398,42,64
HRG,Conglomerates,LSTM,regression,10,5,25,0.34427258671827654,0.6340301632881165,398,42,64
HRG,Conglomerates,LSTM,regression,10,5,26,0.34382064977482935,0.6332345008850098,398,42,64
HRG,Conglomerates,LSTM,regression,10,5,27,0.34337496967171904,0.6324636340141296,398,42,64
HRG,Conglomerates,LSTM,regression,10,5,28,0.3429479323439862,0.6316918134689331,398,42,64
HRG,Conglomerates,LSTM,regression,10,5,29,0.34249571489928354,0.6309287548065186,398,42,64
HRG,Conglomerates,LSTM,regression,10,5,30,0.3420659983577441,0.6301688551902771,398,42,64
HSBC,Financial,LSTM,regression,10,5,1,0.3680670972745023,0.7966712117195129,398,42,64
HSBC,Financial,LSTM,regression,10,5,2,0.3669835498285054,0.7934203743934631,398,42,64
HSBC,Financial,LSTM,regression,10,5,3,0.36604577048340037,0.788895845413208,398,42,64
HSBC,Financial,LSTM,regression,10,5,4,0.365135356109945,0.7832313179969788,398,42,64
HSBC,Financial,LSTM,regression,10,5,5,0.3642054820180538,0.77695232629776,398,42,64
HSBC,Financial,LSTM,regression,10,5,6,0.3633050976985663,0.7713308930397034,398,42,64
HSBC,Financial,LSTM,regression,10,5,7,0.3623998090250408,0.7673569917678833,398,42,64
HSBC,Financial,LSTM,regression,10,5,8,0.3615197713051609,0.7665004134178162,398,42,64
HSBC,Financial,LSTM,regression,10,5,9,0.3606216796678514,0.7681400775909424,398,42,64
HSBC,Financial,LSTM,regression,10,5,10,0.3597610281340441,0.7706068158149719,398,42,64
HSBC,Financial,LSTM,regression,10,5,11,0.35888886631433686,0.7719837427139282,398,42,64
HSBC,Financial,LSTM,regression,10,5,12,0.3580562610123026,0.7720289826393127,398,42,64
HSBC,Financial,LSTM,regression,10,5,13,0.3571942661275816,0.7712213397026062,398,42,64
HSBC,Financial,LSTM,regression,10,5,14,0.3563290271327723,0.769991934299469,398,42,64
HSBC,Financial,LSTM,regression,10,5,15,0.35558131561806455,0.7689248919487,398,42,64
HSBC,Financial,LSTM,regression,10,5,16,0.3549260188586748,0.767810046672821,398,42,64
HSBC,Financial,LSTM,regression,10,5,17,0.35424756329862317,0.7667138576507568,398,42,64
HSBC,Financial,LSTM,regression,10,5,18,0.3535969209431404,0.7656482458114624,398,42,64
HSBC,Financial,LSTM,regression,10,5,19,0.3529661236396387,0.7646061182022095,398,42,64
HSBC,Financial,LSTM,regression,10,5,20,0.3523209986075684,0.7636140584945679,398,42,64
HSBC,Financial,LSTM,regression,10,5,21,0.3516923413803829,0.7626581788063049,398,42,64
IEP,Conglomerates,LSTM,regression,10,5,1,0.36779920839185093,0.8391355276107788,398,42,64
IEP,Conglomerates,LSTM,regression,10,5,2,0.3669392894859889,0.8389129042625427,398,42,64
IEP,Conglomerates,LSTM,regression,10,5,3,0.3661929791297146,0.8386261463165283,398,42,64
IEP,Conglomerates,LSTM,regression,10,5,4,0.36544915749200024,0.8381643891334534,398,42,64
IEP,Conglomerates,LSTM,regression,10,5,5,0.3647088752919106,0.8368712067604065,398,42,64
IEP,Conglomerates,LSTM,regression,10,5,6,0.36397235597198335,0.8337516784667969,398,42,64
IEP,Conglomerates,LSTM,regression,10,5,7,0.3632669436871706,0.8278741240501404,398,42,64
IEP,Conglomerates,LSTM,regression,10,5,8,0.3625496805612765,0.8200970888137817,398,42,64
IEP,Conglomerates,LSTM,regression,10,5,9,0.36184883836525766,0.813441812992096,398,42,64
IEP,Conglomerates,LSTM,regression,10,5,10,0.3611386202687594,0.8096573352813721,398,42,64
IEP,Conglomerates,LSTM,regression,10,5,11,0.36043600041662627,0.8079345226287842,398,42,64
IEP,Conglomerates,LSTM,regression,10,5,12,0.3597528101810858,0.8071536421775818,398,42,64
IEP,Conglomerates,LSTM,regression,10,5,13,0.35906168923306103,0.806731104850769,398,42,64
IEP,Conglomerates,LSTM,regression,10,5,14,0.3583639503723413,0.8065301179885864,398,42,64
IEP,Conglomerates,LSTM,regression,10,5,15,0.3577000816263745,0.8064753413200378,398,42,64
IEP,Conglomerates,LSTM,regression,10,5,16,0.35701947955030894,0.8064998388290405,398,42,64
IEP,Conglomerates,LSTM,regression,10,5,17,0.35634206078160346,0.8065747618675232,398,42,64
IEP,Conglomerates,LSTM,regression,10,5,18,0.35569036695825396,0.8066689968109131,398,42,64
IEP,Conglomerates,LSTM,regression,10,5,19,0.3550256023454906,0.8067746758460999,398,42,64
IEP,Conglomerates,LSTM,regression,10,5,20,0.3543609779084747,0.8068932294845581,398,42,64
IEP,Conglomerates,LSTM,regression,10,5,21,0.3537407244869213,0.8069813251495361,398,42,64
IEP,Conglomerates,LSTM,regression,10,5,22,0.3532196666727114,0.8070889711380005,398,42,64
IEP,Conglomerates,LSTM,regression,10,5,23,0.35270338052481265,0.8071971535682678,398,42,64
IEP,Conglomerates,LSTM,regression,10,5,24,0.35218555723602446,0.8072908520698547,398,42,64
INTC,Technology,LSTM,regression,10,5,1,0.36997443153031506,0.6787313222885132,398,42,64
INTC,Technology,LSTM,regression,10,5,2,0.36923038540174014,0.6801978349685669,398,42,64
INTC,Technology,LSTM,regression,10,5,3,0.36862030879936025,0.6827557682991028,398,42,64
INTC,Technology,LSTM,regression,10,5,4,0.36804219017076734,0.6859301924705505,398,42,64
INTC,Technology,LSTM,regression,10,5,5,0.36747113926027286,0.6896098256111145,398,42,64
INTC,Technology,LSTM,regression,10,5,6,0.36689677834510803,0.6939641833305359,398,42,64
INTC,Technology,LSTM,regression,10,5,7,0.3663302230924817,0.698594868183136,398,42,64
INTC,Technology,LSTM,regression,10,5,8,0.36576930032902627,0.7026620507240295,398,42,64
INTC,Technology,LSTM,regression,10,5,9,0.36531891917164,0.705472469329834,398,42,64
INTC,Technology,LSTM,regression,10,5,10,0.36484732752169796,0.7071544528007507,398,42,64
INTC,Technology,LSTM,regression,10,5,11,0.36437500212060747,0.7078356146812439,398,42,64
INTC,Technology,LSTM,regression,10,5,12,0.3639425960317928,0.7079269886016846,398,42,64
INTC,Technology,LSTM,regression,10,5,13,0.36351676075602296,0.7077059149742126,398,42,64
INTC,Technology,LSTM,regression,10,5,14,0.36309785234868225,0.7074203491210938,398,42,64
INTC,Technology,LSTM,regression,10,5,15,0.36271948812894483,0.7070931792259216,398,42,64
INTC,Technology,LSTM,regression,10,5,16,0.36234810386770333,0.7067327499389648,398,42,64
JNJ,Healthcare,LSTM,regression,10,5,1,0.3652847886235271,0.4629956781864166,398,42,64
JNJ,Healthcare,LSTM,regression,10,5,2,0.36425007737461645,0.4624757468700409,398,42,64
JNJ,Healthcare,LSTM,regression,10,5,3,0.3632502472730138,0.4621031582355499,398,42,64
JNJ,Healthcare,LSTM,regression,10,5,4,0.3622768766167176,0.46169763803482056,398,42,64
JNJ,Healthcare,LSTM,regression,10,5,5,0.36133819503999837,0.461472749710083,398,42,64
JNJ,Healthcare,LSTM,regression,10,5,6,0.36034838780386363,0.46181192994117737,398,42,64
JNJ,Healthcare,LSTM,regression,10,5,7,0.359415795859979,0.46338051557540894,398,42,64
JNJ,Healthcare,LSTM,regression,10,5,8,0.3584792041149571,0.46660083532333374,398,42,64
JNJ,Healthcare,LSTM,regression,10,5,9,0.35754390607527153,0.47034120559692383,398,42,64
JNJ,Healthcare,LSTM,regression,10,5,10,0.3566105869696967,0.4731746017932892,398,42,64
JNJ,Healthcare,LSTM,regression,10,5,11,0.35568362429513406,0.47525107860565186,398,42,64
JNJ,Healthcare,LSTM,regression,10,5,12,0.35482455782554856,0.4766491949558258,398,42,64
JNJ,Healthcare,LSTM,regression,10,5,13,0.35410314633618645,0.4777127206325531,398,42,64
JNJ,Healthcare,LSTM,regression,10,5,14,0.35339850172325593,0.47860950231552124,398,42,64
JNJ,Healthcare,LSTM,regression,10,5,15,0.35265602875295,0.47944554686546326,398,42,64
JNJ,Healthcare,LSTM,regression,10,5,16,0.3519400975961781,0.48025140166282654,398,42,64
JPM,Financial,LSTM,regression,10,5,1,0.3792938177085402,0.5267945528030396,398,42,64
JPM,Financial,LSTM,regression,10,5,2,0.37815074757415446,0.5287978649139404,398,42,64
JPM,Financial,LSTM,regression,10,5,3,0.3771121637081381,0.531396210193634,398,42,64
JPM,Financial,LSTM,regression,10,5,4,0.3760331097859234,0.5352552533149719,398,42,64
JPM,Financial,LSTM,regression,10,5,5,0.3750387255345757,0.5403643846511841,398,42,64
JPM,Financial,LSTM,regression,10,5,6,0.374003464440305,0.5468510985374451,398,42,64
JPM,Financial,LSTM,regression,10,5,7,0.3729965550141718,0.5548356771469116,398,42,64
JPM,Financial,LSTM,regression,10,5,8,0.3720993908056662,0.5650107264518738,398,42,64
JPM,Financial,LSTM,regression,10,5,9,0.37130892261787873,0.5764046907424927,398,42,64
JPM,Financial,LSTM,regression,10,5,10,0.3705298395537252,0.5857940316200256,398,42,64
JPM,Financial,LSTM,regression,10,5,11,0.36974110031247737,0.5918956398963928,398,42,64
JPM,Financial,LSTM,regression,10,5,12,0.3689583887406929,0.5951592326164246,398,42,64
JPM,Financial,LSTM,regression,10,5,13,0.3681807787574116,0.5967637300491333,398,42,64
JPM,Financial,LSTM,regression,10,5,14,0.3674787962107203,0.5974678993225098,398,42,64
JPM,Financial,LSTM,regression,10,5,15,0.36688917527096954,0.5976771712303162,398,42,64
JPM,Financial,LSTM,regression,10,5,16,0.366285404518022,0.5976113080978394,398,42,64
KO,Consumer Goods,LSTM,regression,10,5,1,0.34459161563734314,0.4811527729034424,398,42,64
KO,Consumer Goods,LSTM,regression,10,5,2,0.3438017573488418,0.4782617688179016,398,42,64
KO,Consumer Goods,LSTM,regression,10,5,3,0.3430799099069145,0.4744265377521515,398,42,64
KO,Consumer Goods,LSTM,regression,10,5,4,0.3423756387964565,0.4688129127025604,398,42,64
KO,Consumer Goods,LSTM,regression,10,5,5,0.3416799182568363,0.4619058072566986,398,42,64
KO,Consumer Goods,LSTM,regression,10,5,6,0.3409791972169924,0.4552515149116516,398,42,64
KO,Consumer Goods,LSTM,regression,10,5,7,0.3402830929911915,0.4503387212753296,398,42,64
KO,Consumer Goods,LSTM,regression,10,5,8,0.339589149508644,0.44787663221359253,398,42,64
KO,Consumer Goods,LSTM,regression,10,5,9,0.33890900644824734,0.447268009185791,398,42,64
KO,Consumer Goods,LSTM,regression,10,5,10,0.3382396483840655,0.4479128122329712,398,42,64
KO,Consumer Goods,LSTM,regression,10,5,11,0.33755222232497517,0.44883039593696594,398,42,64
KO,Consumer Goods,LSTM,regression,10,5,12,0.33690284784115737,0.4495445191860199,398,42,64
KO,Consumer Goods,LSTM,regression,10,5,13,0.33625106071706995,0.45003461837768555,398,42,64
KO,Consumer Goods,LSTM,regression,10,5,14,0.335579846222796,0.45041322708129883,398,42,64
KO,Consumer Goods,LSTM,regression,10,5,15,0.3349309854171983,0.4507298469543457,398,42,64
KO,Consumer Goods,LSTM,regression,10,5,16,0.3343607787810378,0.45097070932388306,398,42,64
KO,Consumer Goods,LSTM,regression,10,5,17,0.3338546718484792,0.4511949419975281,398,42,64
KO,Consumer Goods,LSTM,regression,10,5,18,0.33333197939935044,0.45141667127609253,398,42,64
KO,Consumer Goods,LSTM,regression,10,5,19,0.33282460489464766,0.4516414403915405,398,42,64
KO,Consumer Goods,LSTM,regression,10,5,20,0.3323327394286592,0.4518885612487793,398,42,64
KO,Consumer Goods,LSTM,regression,10,5,21,0.33182734101261924,0.45215633511543274,398,42,64
LMT,Industrial Goods,LSTM,regression,10,5,1,0.40322355401875387,0.3732842803001404,398,42,64
LMT,Industrial Goods,LSTM,regression,10,5,2,0.4017914253563138,0.3760596513748169,398,42,64
LMT,Industrial Goods,LSTM,regression,10,5,3,0.4004658319093474,0.3794654309749603,398,42,64
LMT,Industrial Goods,LSTM,regression,10,5,4,0.3991744758645494,0.38421571254730225,398,42,64
LMT,Industrial Goods,LSTM,regression,10,5,5,0.3979034721102547,0.3908010423183441,398,42,64
LMT,Industrial Goods,LSTM,regression,10,5,6,0.3966292101683928,0.39953386783599854,398,42,64
LMT,Industrial Goods,LSTM,regression,10,5,7,0.3953814593391802,0.410401314496994,398,42,64
LMT,Industrial Goods,LSTM,regression,10,5,8,0.3941883853632002,0.42189598083496094,398,42,64
LMT,Industrial Goods,LSTM,regression,10,5,9,0.3931957810518131,0.43149277567863464,398,42,64
LMT,Industrial Goods,LSTM,regression,10,5,10,0.39221662282943726,0.437854140996933,398,42,64
LMT,Industrial Goods,LSTM,regression,10,5,11,0.3912205625718562,0.44135618209838867,398,42,64
LMT,Industrial Goods,LSTM,regression,10,5,12,0.3902457465778044,0.4427837133407593,398,42,64
LMT,Industrial Goods,LSTM,regression,10,5,13,0.38927502495859134,0.44275394082069397,398,42,64
LMT,Industrial Goods,LSTM,regression,10,5,14,0.3884044041735443,0.44235602021217346,398,42,64
LMT,Industrial Goods,LSTM,regression,10,5,15,0.3876195328319492,0.4415915012359619,398,42,64
LMT,Industrial Goods,LSTM,regression,10,5,16,0.3868526310926706,0.4406479597091675,398,42,64
MA,Financial,LSTM,regression,10,5,1,0.3584505054519404,0.517396092414856,398,42,64
MA,Financial,LSTM,regression,10,5,2,0.35768666429136264,0.5198363661766052,398,42,64
MA,Financial,LSTM,regression,10,5,3,0.3570218364797046,0.5236791968345642,398,42,64
MA,Financial,LSTM,regression,10,5,4,0.3563693731124677,0.5293709635734558,398,42,64
MA,Financial,LSTM,regression,10,5,5,0.3557218610491585,0.5375514030456543,398,42,64
MA,Financial,LSTM,regression,10,5,6,0.3550952599575771,0.5492469072341919,398,42,64
MA,Financial,LSTM,regression,10,5,7,0.35446984699024026,0.5646854639053345,398,42,64
MA,Financial,LSTM,regression,10,5,8,0.35385561738181953,0.5832092761993408,398,42,64
MA,Financial,LSTM,regression,10,5,9,0.35336588989550144,0.6006342768669128,398,42,64
MA,Financial,LSTM,regression,10,5,10,0.35284276119428665,0.6129303574562073,398,42,64
MA,Financial,LSTM,regression,10,5,11,0.3523481133295663,0.6197043061256409,398,42,64
MA,Financial,LSTM,regression,10,5,12,0.3518673560427661,0.6227260828018188,398,42,64
MA,Financial,LSTM,regression,10,5,13,0.3513901536189132,0.6236125230789185,398,42,64
MA,Financial,LSTM,regression,10,5,14,0.3509335807669702,0.6236646175384521,398,42,64
MA,Financial,LSTM,regression,10,5,15,0.35053608308185885,0.6231575608253479,398,42,64
MA,Financial,LSTM,regression,10,5,16,0.35015422150717307,0.6223281621932983,398,42,64
MCD,Services,LSTM,regression,10,5,1,0.37771777576537585,0.5917345881462097,398,42,64
MCD,Services,LSTM,regression,10,5,2,0.3767527842042434,0.5910981893539429,398,42,64
MCD,Services,LSTM,regression,10,5,3,0.3758888749321501,0.5903104543685913,398,42,64
MCD,Services,LSTM,regression,10,5,4,0.37500268190949404,0.5893007516860962,398,42,64
MCD,Services,LSTM,regression,10,5,5,0.37413888316058636,0.5883006453514099,398,42,64
MCD,Services,LSTM,regression,10,5,6,0.3732983279767348,0.5873720049858093,398,42,64
MCD,Services,LSTM,regression,10,5,7,0.37243649333565676,0.5867623686790466,398,42,64
MCD,Services,LSTM,regression,10,5,8,0.37159022943458364,0.5866466760635376,398,42,64
MCD,Services,LSTM,regression,10,5,9,0.37076692919635296,0.5866596698760986,398,42,64
MCD,Services,LSTM,regression,10,5,10,0.36994325201116013,0.5870052576065063,398,42,64
MCD,Services,LSTM,regression,10,5,11,0.3691038544753089,0.5874457955360413,398,42,64
MCD,Services,LSTM,regression,10,5,12,0.36827953047488804,0.587666392326355,398,42,64
MCD,Services,LSTM,regression,10,5,13,0.3674534442436755,0.5877234935760498,398,42,64
MCD,Services,LSTM,regression,10,5,14,0.3666397894746694,0.5877001881599426,398,42,64
MCD,Services,LSTM,regression,10,5,15,0.36591027190337827,0.5876599550247192,398,42,64
MCD,Services,LSTM,regression,10,5,16,0.36525768955149246,0.5875931978225708,398,42,64
MDT,Healthcare,LSTM,regression,10,5,1,0.3972409199829677,0.7556955218315125,398,42,64
MDT,Healthcare,LSTM,regression,10,5,2,0.39631298461451603,0.7580612897872925,398,42,64
MDT,Healthcare,LSTM,regression,10,5,3,0.39549072588508455,0.7616361379623413,398,42,64
MDT,Healthcare,LSTM,regression,10,5,4,0.39467610366380396,0.766828179359436,398,42,64
MDT,Healthcare,LSTM,regression,10,5,5,0.3938838327350329,0.7734487056732178,398,42,64
MDT,Healthcare,LSTM,regression,10,5,6,0.39307496438373873,0.7809446454048157,398,42,64
MDT,Healthcare,LSTM,regression,10,5,7,0.3922909555123679,0.7885827422142029,398,42,64
MDT,Healthcare,LSTM,regression,10,5,8,0.3915419914015573,0.7962217926979065,398,42,64
MDT,Healthcare,LSTM,regression,10,5,9,0.39093079998265556,0.8039008975028992,398,42,64
MDT,Healthcare,LSTM,regression,10,5,10,0.39030703116002397,0.8109239339828491,398,42,64
MDT,Healthcare,LSTM,regression,10,5,11,0.38971206238820927,0.8159562349319458,398,42,64
MDT,Healthcare,LSTM,regression,10,5,12,0.3890836174464106,0.8189355731010437,398,42,64
MDT,Healthcare,LSTM,regression,10,5,13,0.3884739329167946,0.8204168081283569,398,42,64
MDT,Healthcare,LSTM,regression,10,5,14,0.3879123189341483,0.8210265636444092,398,42,64
MDT,Healthcare,LSTM,regression,10,5,15,0.38742964493868937,0.8211087584495544,398,42,64
MDT,Healthcare,LSTM,regression,10,5,16,0.38696380850657747,0.820931613445282,398,42,64
MMM,Industrial Goods,LSTM,regression,10,5,1,0.35021983049622735,0.5168774724006653,398,42,64
MMM,Industrial Goods,LSTM,regression,10,5,2,0.34933443614585913,0.5149624347686768,398,42,64
MMM,Industrial Goods,LSTM,regression,10,5,3,0.34851278327218255,0.5124906897544861,398,42,64
MMM,Industrial Goods,LSTM,regression,10,5,4,0.34771440121995745,0.5095692873001099,398,42,64
MMM,Industrial Goods,LSTM,regression,10,5,5,0.34691551672154336,0.506166398525238,398,42,64
MMM,Industrial Goods,LSTM,regression,10,5,6,0.3461674312550818,0.5027228593826294,398,42,64
MMM,Industrial Goods,LSTM,regression,10,5,7,0.34539860382151966,0.49990910291671753,398,42,64
MMM,Industrial Goods,LSTM,regression,10,5,8,0.3446338006000423,0.49815452098846436,398,42,64
MMM,Industrial Goods,LSTM,regression,10,5,9,0.34388140922215715,0.4974632263183594,398,42,64
MMM,Industrial Goods,LSTM,regression,10,5,10,0.34313160974775725,0.4973733127117157,398,42,64
MMM,Industrial Goods,LSTM,regression,10,5,11,0.34236847021471917,0.4976336658000946,398,42,64
MMM,Industrial Goods,LSTM,regression,10,5,12,0.3416521937104326,0.4980819523334503,398,42,64
MMM,Industrial Goods,LSTM,regression,10,5,13,0.34092775196885344,0.4985378086566925,398,42,64
MMM,Industrial Goods,LSTM,regression,10,5,14,0.34018917029826484,0.4990118145942688,398,42,64
MMM,Industrial Goods,LSTM,regression,10,5,15,0.3394705837395922,0.4994753897190094,398,42,64
MMM,Industrial Goods,LSTM,regression,10,5,16,0.3387451278204894,0.4999505877494812,398,42,64
MMM,Industrial Goods,LSTM,regression,10,5,17,0.33806095440783096,0.5003319978713989,398,42,64
MMM,Industrial Goods,LSTM,regression,10,5,18,0.33749100296341594,0.5007250905036926,398,42,64
MMM,Industrial Goods,LSTM,regression,10,5,19,0.33692758331945794,0.5011296272277832,398,42,64
MMM,Industrial Goods,LSTM,regression,10,5,20,0.336378733566658,0.5015390515327454,398,42,64
MO,Consumer Goods,LSTM,regression,10,5,1,0.3682578024852216,0.34108197689056396,398,42,64
MO,Consumer Goods,LSTM,regression,10,5,2,0.36764472243773877,0.3412807285785675,398,42,64
MO,Consumer Goods,LSTM,regression,10,5,3,0.3670887252194199,0.3419567942619324,398,42,64
MO,Consumer Goods,LSTM,regression,10,5,4,0.366555168101536,0.34298866987228394,398,42,64
MO,Consumer Goods,LSTM,regression,10,5,5,0.36601837211517835,0.3442384600639343,398,42,64
MO,Consumer Goods,LSTM,regression,10,5,6,0.36549250474527256,0.3454490005970001,398,42,64
MO,Consumer Goods,LSTM,regression,10,5,7,0.3649942915343759,0.3463155925273895,398,42,64
MO,Consumer Goods,LSTM,regression,10,5,8,0.36448935557849443,0.34673604369163513,398,42,64
MO,Consumer Goods,LSTM,regression,10,5,9,0.36407596591729013,0.34832456707954407,398,42,64
MO,Consumer Goods,LSTM,regression,10,5,10,0.36368328048356213,0.3516926169395447,398,42,64
MO,Consumer Goods,LSTM,regression,10,5,11,0.3632843459970388,0.35550469160079956,398,42,64
MO,Consumer Goods,LSTM,regression,10,5,12,0.3628892113815001,0.35831642150878906,398,42,64
MO,Consumer Goods,LSTM,regression,10,5,13,0.3624950033336429,0.36010274291038513,398,42,64
MO,Consumer Goods,LSTM,regression,10,5,14,0.36213041505022864,0.3611205816268921,398,42,64
MO,Consumer Goods,LSTM,regression,10,5,15,0.36180594054298787,0.36168372631073,398,42,64
MO,Consumer Goods,LSTM,regression,10,5,16,0.36148680199929817,0.3620196580886841,398,42,64
MRK,Healthcare,LSTM,regression,10,5,1,0.3604605121528683,0.7670971155166626,398,42,64
MRK,Healthcare,LSTM,regression,10,5,2,0.3594312282962416,0.7651316523551941,398,42,64
MRK,Healthcare,LSTM,regression,10,5,3,0.35845804693710864,0.762606143951416,398,42,64
MRK,Healthcare,LSTM,regression,10,5,4,0.35755357820184985,0.7602329850196838,398,42,64
MRK,Healthcare,LSTM,regression,10,5,5,0.3566568574713702,0.7592875957489014,398,42,64
MRK,Healthcare,LSTM,regression,10,5,6,0.35571878309824956,0.7619636058807373,398,42,64
MRK,Healthcare,LSTM,regression,10,5,7,0.3547692571453114,0.7692811489105225,398,42,64
MRK,Healthcare,LSTM,regression,10,5,8,0.35389234567407385,0.7826492786407471,398,42,64
MRK,Healthcare,LSTM,regression,10,5,9,0.3529997339200734,0.7978341579437256,398,42,64
MRK,Healthcare,LSTM,regression,10,5,10,0.3521247266525,0.8105270862579346,398,42,64
MRK,Healthcare,LSTM,regression,10,5,11,0.35121461644244556,0.819092333316803,398,42,64
MRK,Healthcare,LSTM,regression,10,5,12,0.35035093255977534,0.8237828016281128,398,42,64
MRK,Healthcare,LSTM,regression,10,5,13,0.34964556235763894,0.8254064321517944,398,42,64
MRK,Healthcare,LSTM,regression,10,5,14,0.3489624883361797,0.8252894282341003,398,42,64
MRK,Healthcare,LSTM,regression,10,5,15,0.34826061863396035,0.8242537975311279,398,42,64
MRK,Healthcare,LSTM,regression,10,5,16,0.347577810437236,0.8227984309196472,398,42,64
MSFT,Technology,LSTM,regression,10,5,1,0.347263966822744,0.471299946308136,398,42,64
MSFT,Technology,LSTM,regression,10,5,2,0.34627669540481953,0.4710000455379486,398,42,64
MSFT,Technology,LSTM,regression,10,5,3,0.34540809009542417,0.47077178955078125,398,42,64
MSFT,Technology,LSTM,regression,10,5,4,0.34452183716860246,0.47059541940689087,398,42,64
MSFT,Technology,LSTM,regression,10,5,5,0.3436653835689602,0.4713638424873352,398,42,64
MSFT,Technology,LSTM,regression,10,5,6,0.34280424186931785,0.4741706848144531,398,42,64
MSFT,Technology,LSTM,regression,10,5,7,0.3419412416429376,0.4802720844745636,398,42,64
MSFT,Technology,LSTM,regression,10,5,8,0.3410948371168357,0.4899539053440094,398,42,64
MSFT,Technology,LSTM,regression,10,5,9,0.34026793678801265,0.5011308193206787,398,42,64
MSFT,Technology,LSTM,regression,10,5,10,0.339411289548155,0.5111749172210693,398,42,64
MSFT,Technology,LSTM,regression,10,5,11,0.33864494574129883,0.5183382034301758,398,42,64
MSFT,Technology,LSTM,regression,10,5,12,0.33801331052828076,0.5226197838783264,398,42,64
MSFT,Technology,LSTM,regression,10,5,13,0.3373315257942257,0.524829626083374,398,42,64
MSFT,Technology,LSTM,regression,10,5,14,0.33669371880478594,0.5258397459983826,398,42,64
MSFT,Technology,LSTM,regression,10,5,15,0.336053918953517,0.5261932015419006,398,42,64
MSFT,Technology,LSTM,regression,10,5,16,0.3354039213166165,0.5262315273284912,398,42,64
NEE,Utilities,LSTM,regression,10,5,1,0.3501452438196345,0.651736855506897,398,42,64
NEE,Utilities,LSTM,regression,10,5,2,0.3493951118771155,0.6521703600883484,398,42,64
NEE,Utilities,LSTM,regression,10,5,3,0.34874990582466125,0.6525405645370483,398,42,64
NEE,Utilities,LSTM,regression,10,5,4,0.34813769393829846,0.6531306505203247,398,42,64
NEE,Utilities,LSTM,regression,10,5,5,0.34751573759107734,0.6536367535591125,398,42,64
NEE,Utilities,LSTM,regression,10,5,6,0.34689158171265566,0.654002845287323,398,42,64
NEE,Utilities,LSTM,regression,10,5,7,0.34625834391344734,0.6540127992630005,398,42,64
NEE,Utilities,LSTM,regression,10,5,8,0.3457342723206659,0.6532975435256958,398,42,64
NEE,Utilities,LSTM,regression,10,5,9,0.3452462935867022,0.6520578265190125,398,42,64
NEE,Utilities,LSTM,regression,10,5,10,0.3447783265880604,0.650842010974884,398,42,64
NEE,Utilities,LSTM,regression,10,5,11,0.3442963820006979,0.6494384407997131,398,42,64
NEE,Utilities,LSTM,regression,10,5,12,0.3438374882367388,0.6481126546859741,398,42,64
NEE,Utilities,LSTM,regression,10,5,13,0.3433776496343277,0.6470978856086731,398,42,64
NEE,Utilities,LSTM,regression,10,5,14,0.34291797711621574,0.6462447643280029,398,42,64
NEE,Utilities,LSTM,regression,10,5,15,0.3424752980620418,0.6454995274543762,398,42,64
NEE,Utilities,LSTM,regression,10,5,16,0.34201394343495967,0.6447898149490356,398,42,64
NGG,Utilities,LSTM,regression,10,5,1,0.35986262290322,0.4310864210128784,398,42,64
NGG,Utilities,LSTM,regression,10,5,2,0.35882607312058684,0.4307014048099518,398,42,64
NGG,Utilities,LSTM,regression,10,5,3,0.35780101220811433,0.4295864701271057,398,42,64
NGG,Utilities,LSTM,regression,10,5,4,0.35682329116155154,0.42801445722579956,398,42,64
NGG,Utilities,LSTM,regression,10,5,5,0.3558755841986019,0.426155686378479,398,42,64
NGG,Utilities,LSTM,regression,10,5,6,0.3549102209321219,0.42455655336380005,398,42,64
NGG,Utilities,LSTM,regression,10,5,7,0.35396744842505334,0.42313602566719055,398,42,64
NGG,Utilities,LSTM,regression,10,5,8,0.35301947893209795,0.4218182861804962,398,42,64
NGG,Utilities,LSTM,regression,10,5,9,0.3520613532869061,0.42077359557151794,398,42,64
NGG,Utilities,LSTM,regression,10,5,10,0.351115056917296,0.420081228017807,398,42,64
NGG,Utilities,LSTM,regression,10,5,11,0.3501821561674377,0.4195786416530609,398,42,64
NGG,Utilities,LSTM,regression,10,5,12,0.34927076041398936,0.4192202091217041,398,42,64
NGG,Utilities,LSTM,regression,10,5,13,0.3483468315110135,0.4189768433570862,398,42,64
NGG,Utilities,LSTM,regression,10,5,14,0.3474484662614276,0.41883009672164917,398,42,64
NGG,Utilities,LSTM,regression,10,5,15,0.3465421617630139,0.4187470078468323,398,42,64
NGG,Utilities,LSTM,regression,10,5,16,0.3456284573030232,0.4186887741088867,398,42,64
NGG,Utilities,LSTM,regression,10,5,17,0.34474411232387603,0.4186406433582306,398,42,64
NGG,Utilities,LSTM,regression,10,5,18,0.34387736284553105,0.4186175763607025,398,42,64
NGG,Utilities,LSTM,regression,10,5,19,0.3429987625261048,0.41860368847846985,398,42,64
NGG,Utilities,LSTM,regression,10,5,20,0.3421414256395407,0.41859713196754456,398,42,64
NGG,Utilities,LSTM,regression,10,5,21,0.3412765188133297,0.4185986816883087,398,42,64
NGG,Utilities,LSTM,regression,10,5,22,0.34041351199749126,0.4186048209667206,398,42,64
NGG,Utilities,LSTM,regression,10,5,23,0.3395545138186546,0.41861552000045776,398,42,64
NGG,Utilities,LSTM,regression,10,5,24,0.33871649767286216,0.41862669587135315,398,42,64
NVS,Healthcare,LSTM,regression,10,5,1,0.3729030618715526,0.6542431116104126,398,42,64
NVS,Healthcare,LSTM,regression,10,5,2,0.3719397708399212,0.6536560654640198,398,42,64
NVS,Healthcare,LSTM,regression,10,5,3,0.3710741829033473,0.6524099111557007,398,42,64
NVS,Healthcare,LSTM,regression,10,5,4,0.37023459067895786,0.6508041024208069,398,42,64
NVS,Healthcare,LSTM,regression,10,5,5,0.3694119980586833,0.6485751271247864,398,42,64
NVS,Healthcare,LSTM,regression,10,5,6,0.3685716591288696,0.6455796957015991,398,42,64
NVS,Healthcare,LSTM,regression,10,5,7,0.36775586892612017,0.6420268416404724,398,42,64
NVS,Healthcare,LSTM,regression,10,5,8,0.36695331365019834,0.6399449706077576,398,42,64
NVS,Healthcare,LSTM,regression,10,5,9,0.36613213027541963,0.6382797956466675,398,42,64
NVS,Healthcare,LSTM,regression,10,5,10,0.3653359161549477,0.6370738744735718,398,42,64
NVS,Healthcare,LSTM,regression,10,5,11,0.36455421501667656,0.6363322138786316,398,42,64
NVS,Healthcare,LSTM,regression,10,5,12,0.3637471768125218,0.6357592940330505,398,42,64
NVS,Healthcare,LSTM,regression,10,5,13,0.36297043963293335,0.6353272795677185,398,42,64
NVS,Healthcare,LSTM,regression,10,5,14,0.3621812531696492,0.6350173950195312,398,42,64
NVS,Healthcare,LSTM,regression,10,5,15,0.3614191904139878,0.634751558303833,398,42,64
NVS,Healthcare,LSTM,regression,10,5,16,0.3606315593623636,0.6345051527023315,398,42,64
NVS,Healthcare,LSTM,regression,10,5,17,0.3598742604854718,0.634290874004364,398,42,64
NVS,Healthcare,LSTM,regression,10,5,18,0.359114953620949,0.6340844631195068,398,42,64
NVS,Healthcare,LSTM,regression,10,5,19,0.3583626860949262,0.6338859796524048,398,42,64
NVS,Healthcare,LSTM,regression,10,5,20,0.3576077079054099,0.6337037086486816,398,42,64
NVS,Healthcare,LSTM,regression,10,5,21,0.35687389475616377,0.6335394978523254,398,42,64
NVS,Healthcare,LSTM,regression,10,5,22,0.35613143503965444,0.6333831548690796,398,42,64
ORCL,Technology,LSTM,regression,10,5,1,0.3555482959927027,0.5770461559295654,398,42,64
ORCL,Technology,LSTM,regression,10,5,2,0.3543544395185595,0.5805196166038513,398,42,64
ORCL,Technology,LSTM,regression,10,5,3,0.3532031770028062,0.5851407647132874,398,42,64
ORCL,Technology,LSTM,regression,10,5,4,0.35211635819032566,0.5913636684417725,398,42,64
ORCL,Technology,LSTM,regression,10,5,5,0.3510525033402084,0.5995187759399414,398,42,64
ORCL,Technology,LSTM,regression,10,5,6,0.3499808513638961,0.6093725562095642,398,42,64
ORCL,Technology,LSTM,regression,10,5,7,0.3489149855309395,0.6195213198661804,398,42,64
ORCL,Technology,LSTM,regression,10,5,8,0.34797743531926795,0.6281201839447021,398,42,64
ORCL,Technology,LSTM,regression,10,5,9,0.34713654092807866,0.6340770721435547,398,42,64
ORCL,Technology,LSTM,regression,10,5,10,0.3463391872806166,0.6378692388534546,398,42,64
ORCL,Technology,LSTM,regression,10,5,11,0.34550207329155813,0.6400641798973083,398,42,64
ORCL,Technology,LSTM,regression,10,5,12,0.3447027309755584,0.6414374709129333,398,42,64
ORCL,Technology,LSTM,regression,10,5,13,0.34391024049802044,0.6423962116241455,398,42,64
ORCL,Technology,LSTM,regression,10,5,14,0.3432030155131565,0.6430199146270752,398,42,64
ORCL,Technology,LSTM,regression,10,5,15,0.3425719182395456,0.6435530781745911,398,42,64
ORCL,Technology,LSTM,regression,10,5,16,0.34195534712705183,0.6440346837043762,398,42,64
PCG,Utilities,LSTM,regression,10,5,1,0.3781607979206584,0.6532142162322998,398,42,64
PCG,Utilities,LSTM,regression,10,5,2,0.37734659248261,0.6542724370956421,398,42,64
PCG,Utilities,LSTM,regression,10,5,3,0.37664347153213157,0.6558396220207214,398,42,64
PCG,Utilities,LSTM,regression,10,5,4,0.3759761532047885,0.6582621335983276,398,42,64
PCG,Utilities,LSTM,regression,10,5,5,0.3753354113605154,0.661873996257782,398,42,64
PCG,Utilities,LSTM,regression,10,5,6,0.37468377085187327,0.6672362685203552,398,42,64
PCG,Utilities,LSTM,regression,10,5,7,0.3740433379633343,0.6742700934410095,398,42,64
PCG,Utilities,LSTM,regression,10,5,8,0.37343478786885437,0.6822323799133301,398,42,64
PCG,Utilities,LSTM,regression,10,5,9,0.37293352044407446,0.6885287761688232,398,42,64
PCG,Utilities,LSTM,regression,10,5,10,0.3724374065746614,0.692378580570221,398,42,64
PCG,Utilities,LSTM,regression,10,5,11,0.371921921794738,0.6940079927444458,398,42,64
PCG,Utilities,LSTM,regression,10,5,12,0.37142484915915447,0.6943666338920593,398,42,64
PCG,Utilities,LSTM,regression,10,5,13,0.3709334284815956,0.6942447423934937,398,42,64
PCG,Utilities,LSTM,regression,10,5,14,0.37048822132187276,0.6940416097640991,398,42,64
PCG,Utilities,LSTM,regression,10,5,15,0.370095320382909,0.6937631368637085,398,42,64
PCG,Utilities,LSTM,regression,10,5,16,0.36970477322837214,0.6934457421302795,398,42,64
PCLN,Services,LSTM,regression,10,5,1,0.3963028719676799,0.4478141665458679,398,42,64
PCLN,Services,LSTM,regression,10,5,2,0.39543503193400015,0.4489213526248932,398,42,64
PCLN,Services,LSTM,regression,10,5,3,0.3947060126156064,0.4500810503959656,398,42,64
PCLN,Services,LSTM,regression,10,5,4,0.3939602890206342,0.450851172208786,398,42,64
PCLN,Services,LSTM,regression,10,5,5,0.39324803418250537,0.45164453983306885,398,42,64
PCLN,Services,LSTM,regression,10,5,6,0.3925735644958726,0.45233726501464844,398,42,64
PCLN,Services,LSTM,regression,10,5,7,0.39186709280589116,0.4530087411403656,398,42,64
PCLN,Services,LSTM,regression,10,5,8,0.3912273965888287,0.4539634585380554,398,42,64
PCLN,Services,LSTM,regression,10,5,9,0.39068367073883364,0.45487749576568604,398,42,64
PCLN,Services,LSTM,regression,10,5,10,0.3901175287500698,0.45503225922584534,398,42,64
PCLN,Services,LSTM,regression,10,5,11,0.3895705345287994,0.45463046431541443,398,42,64
PCLN,Services,LSTM,regression,10,5,12,0.38901333203866856,0.4538889527320862,398,42,64
PCLN,Services,LSTM,regression,10,5,13,0.3884687516557511,0.4530170261859894,398,42,64
PCLN,Services,LSTM,regression,10,5,14,0.3879526931436817,0.4523167610168457,398,42,64
PCLN,Services,LSTM,regression,10,5,15,0.3875262949933958,0.45155560970306396,398,42,64
PCLN,Services,LSTM,regression,10,5,16,0.38711872771756733,0.4507819712162018,398,42,64
PEP,Consumer Goods,LSTM,regression,10,5,1,0.38820305781148784,0.6387752294540405,398,42,64
PEP,Consumer Goods,LSTM,regression,10,5,2,0.38685178532073244,0.6405417323112488,398,42,64
PEP,Consumer Goods,LSTM,regression,10,5,3,0.3856203642921831,0.6429015398025513,398,42,64
PEP,Consumer Goods,LSTM,regression,10,5,4,0.38438929355324214,0.6470260620117188,398,42,64
PEP,Consumer Goods,LSTM,regression,10,5,5,0.3831312145719576,0.6536332368850708,398,42,64
PEP,Consumer Goods,LSTM,regression,10,5,6,0.38193857025860545,0.6642237305641174,398,42,64
PEP,Consumer Goods,LSTM,regression,10,5,7,0.38075302773384595,0.6784474849700928,398,42,64
PEP,Consumer Goods,LSTM,regression,10,5,8,0.37964144259241955,0.6931023597717285,398,42,64
PEP,Consumer Goods,LSTM,regression,10,5,9,0.37868153464854065,0.7040910124778748,398,42,64
PEP,Consumer Goods,LSTM,regression,10,5,10,0.37773865326565115,0.7101573348045349,398,42,64
PEP,Consumer Goods,LSTM,regression,10,5,11,0.37679532589624876,0.7122963666915894,398,42,64
PEP,Consumer Goods,LSTM,regression,10,5,12,0.3758723584551308,0.7123662829399109,398,42,64
PEP,Consumer Goods,LSTM,regression,10,5,13,0.3749349759751229,0.7115979194641113,398,42,64
PEP,Consumer Goods,LSTM,regression,10,5,14,0.37410448708725935,0.7107788920402527,398,42,64
PEP,Consumer Goods,LSTM,regression,10,5,15,0.3733632943438525,0.709769606590271,398,42,64
PEP,Consumer Goods,LSTM,regression,10,5,16,0.37264356271705434,0.7086681723594666,398,42,64
PFE,Healthcare,LSTM,regression,10,5,1,0.3615744212763992,0.781101405620575,398,42,64
PFE,Healthcare,LSTM,regression,10,5,2,0.3606221229586769,0.7808607220649719,398,42,64
PFE,Healthcare,LSTM,regression,10,5,3,0.35979461055904177,0.7799888253211975,398,42,64
PFE,Healthcare,LSTM,regression,10,5,4,0.35898166745152305,0.7789073586463928,398,42,64
PFE,Healthcare,LSTM,regression,10,5,5,0.3581669796351811,0.7784479260444641,398,42,64
PFE,Healthcare,LSTM,regression,10,5,6,0.35733937782857883,0.7795108556747437,398,42,64
PFE,Healthcare,LSTM,regression,10,5,7,0.35653203785718984,0.7828018665313721,398,42,64
PFE,Healthcare,LSTM,regression,10,5,8,0.35571513178959563,0.7878503203392029,398,42,64
PFE,Healthcare,LSTM,regression,10,5,9,0.35494749629916855,0.7928205132484436,398,42,64
PFE,Healthcare,LSTM,regression,10,5,10,0.35416565977748315,0.7960190773010254,398,42,64
PFE,Healthcare,LSTM,regression,10,5,11,0.3533840303744503,0.7970450520515442,398,42,64
PFE,Healthcare,LSTM,regression,10,5,12,0.35265241915257134,0.7970986366271973,398,42,64
PFE,Healthcare,LSTM,regression,10,5,13,0.35204651697197153,0.796378493309021,398,42,64
PFE,Healthcare,LSTM,regression,10,5,14,0.3514382359969556,0.7953618764877319,398,42,64
PFE,Healthcare,LSTM,regression,10,5,15,0.3508058582718049,0.7942201495170593,398,42,64
PFE,Healthcare,LSTM,regression,10,5,16,0.35022040392885256,0.7929996252059937,398,42,64
PG,Consumer Goods,LSTM,regression,10,5,1,0.31476191899285244,0.6699894070625305,398,42,64
PG,Consumer Goods,LSTM,regression,10,5,2,0.3142162216967674,0.6726096868515015,398,42,64
PG,Consumer Goods,LSTM,regression,10,5,3,0.31378230108088584,0.6770331263542175,398,42,64
PG,Consumer Goods,LSTM,regression,10,5,4,0.31336044965676924,0.6848286986351013,398,42,64
PG,Consumer Goods,LSTM,regression,10,5,5,0.31293724889132246,0.6982789635658264,398,42,64
PG,Consumer Goods,LSTM,regression,10,5,6,0.312526938603751,0.7200970649719238,398,42,64
PG,Consumer Goods,LSTM,regression,10,5,7,0.3121095365615346,0.7503570318222046,398,42,64
PG,Consumer Goods,LSTM,regression,10,5,8,0.3117200291935523,0.7831252217292786,398,42,64
PG,Consumer Goods,LSTM,regression,10,5,9,0.31137892918371074,0.810092568397522,398,42,64
PG,Consumer Goods,LSTM,regression,10,5,10,0.311049787243407,0.828872799873352,398,42,64
PG,Consumer Goods,LSTM,regression,10,5,11,0.31073591277826973,0.8402742743492126,398,42,64
PG,Consumer Goods,LSTM,regression,10,5,12,0.3104091714974025,0.8468884229660034,398,42,64
PG,Consumer Goods,LSTM,regression,10,5,13,0.3100826650408644,0.8505773544311523,398,42,64
PG,Consumer Goods,LSTM,regression,10,5,14,0.30977234738555987,0.8526219129562378,398,42,64
PG,Consumer Goods,LSTM,regression,10,5,15,0.30951836001333877,0.8539111018180847,398,42,64
PG,Consumer Goods,LSTM,regression,10,5,16,0.30927124394843325,0.8548689484596252,398,42,64
PICO,Conglomerates,LSTM,regression,10,5,1,0.34509724049112905,0.6620602607727051,398,42,64
PICO,Conglomerates,LSTM,regression,10,5,2,0.3444665706337397,0.6623303890228271,398,42,64
PICO,Conglomerates,LSTM,regression,10,5,3,0.3439124220579713,0.663218080997467,398,42,64
PICO,Conglomerates,LSTM,regression,10,5,4,0.3434059218545655,0.6652261018753052,398,42,64
PICO,Conglomerates,LSTM,regression,10,5,5,0.34288597975543994,0.6690731048583984,398,42,64
PICO,Conglomerates,LSTM,regression,10,5,6,0.3423663991779538,0.6746165752410889,398,42,64
PICO,Conglomerates,LSTM,regression,10,5,7,0.34186249372348115,0.6808539628982544,398,42,64
PICO,Conglomerates,LSTM,regression,10,5,8,0.34139452687459976,0.6859079003334045,398,42,64
PICO,Conglomerates,LSTM,regression,10,5,9,0.3409905023311251,0.6892929077148438,398,42,64
PICO,Conglomerates,LSTM,regression,10,5,10,0.3405806652864619,0.6912686228752136,398,42,64
PICO,Conglomerates,LSTM,regression,10,5,11,0.3401918453187799,0.6926711797714233,398,42,64
PICO,Conglomerates,LSTM,regression,10,5,12,0.3397940927414439,0.6938215494155884,398,42,64
PICO,Conglomerates,LSTM,regression,10,5,13,0.3394079558813392,0.6948049068450928,398,42,64
PICO,Conglomerates,LSTM,regression,10,5,14,0.3390569216641948,0.6955294013023376,398,42,64
PICO,Conglomerates,LSTM,regression,10,5,15,0.3387580121581878,0.6962035298347473,398,42,64
PICO,Conglomerates,LSTM,regression,10,5,16,0.3384464826416131,0.6968538165092468,398,42,64
PM,Consumer Goods,LSTM,regression,10,5,1,0.3572702514166808,0.4891456961631775,398,42,64
PM,Consumer Goods,LSTM,regression,10,5,2,0.35647915520859724,0.48791950941085815,398,42,64
PM,Consumer Goods,LSTM,regression,10,5,3,0.35575265418644525,0.4865170419216156,398,42,64
PM,Consumer Goods,LSTM,regression,10,5,4,0.3550508199025638,0.4853303134441376,398,42,64
PM,Consumer Goods,LSTM,regression,10,5,5,0.354357752069157,0.4850510358810425,398,42,64
PM,Consumer Goods,LSTM,regression,10,5,6,0.35367413404299386,0.4861805737018585,398,42,64
PM,Consumer Goods,LSTM,regression,10,5,7,0.3529946489549761,0.48884856700897217,398,42,64
PM,Consumer Goods,LSTM,regression,10,5,8,0.3522962217953936,0.492684930562973,398,42,64
PM,Consumer Goods,LSTM,regression,10,5,9,0.3516161683666047,0.4964161813259125,398,42,64
PM,Consumer Goods,LSTM,regression,10,5,10,0.3509553853590884,0.4989980161190033,398,42,64
PM,Consumer Goods,LSTM,regression,10,5,11,0.35028891310320426,0.5004719495773315,398,42,64
PM,Consumer Goods,LSTM,regression,10,5,12,0.3496766322521708,0.5011468529701233,398,42,64
PM,Consumer Goods,LSTM,regression,10,5,13,0.349149939402863,0.5012520551681519,398,42,64
PM,Consumer Goods,LSTM,regression,10,5,14,0.3486333714058651,0.5010907649993896,398,42,64
PM,Consumer Goods,LSTM,regression,10,5,15,0.3480812542552325,0.5007937550544739,398,42,64
PM,Consumer Goods,LSTM,regression,10,5,16,0.3475642912651426,0.5004376769065857,398,42,64
PPL,Utilities,LSTM,regression,10,5,1,0.34604423938684126,0.7251643538475037,398,42,64
PPL,Utilities,LSTM,regression,10,5,2,0.3453251992787548,0.7241485714912415,398,42,64
PPL,Utilities,LSTM,regression,10,5,3,0.3446487824072191,0.723249614238739,398,42,64
PPL,Utilities,LSTM,regression,10,5,4,0.3440096561782923,0.7228010296821594,398,42,64
PPL,Utilities,LSTM,regression,10,5,5,0.34334656790872314,0.7233284115791321,398,42,64
PPL,Utilities,LSTM,regression,10,5,6,0.3427158442124649,0.7250662446022034,398,42,64
PPL,Utilities,LSTM,regression,10,5,7,0.3420858777797402,0.7283158302307129,398,42,64
PPL,Utilities,LSTM,regression,10,5,8,0.34143590642579236,0.7328299880027771,398,42,64
PPL,Utilities,LSTM,regression,10,5,9,0.3408134710698871,0.7373558878898621,398,42,64
PPL,Utilities,LSTM,regression,10,5,10,0.3402106772415602,0.7406879663467407,398,42,64
PPL,Utilities,LSTM,regression,10,5,11,0.33966289984820475,0.7423973083496094,398,42,64
PPL,Utilities,LSTM,regression,10,5,12,0.3391690330589237,0.7430480122566223,398,42,64
PPL,Utilities,LSTM,regression,10,5,13,0.33870387099795607,0.7431239485740662,398,42,64
PPL,Utilities,LSTM,regression,10,5,14,0.3382237129025723,0.742925763130188,398,42,64
PPL,Utilities,LSTM,regression,10,5,15,0.3377629367250893,0.742620587348938,398,42,64
PPL,Utilities,LSTM,regression,10,5,16,0.3372885739084464,0.7422797679901123,398,42,64
PTR,Basic Matierials,LSTM,regression,10,5,1,0.36760509523315044,0.7275888919830322,398,42,64
PTR,Basic Matierials,LSTM,regression,10,5,2,0.3669889666626801,0.7305422425270081,398,42,64
PTR,Basic Matierials,LSTM,regression,10,5,3,0.36650089567630134,0.7334752678871155,398,42,64
PTR,Basic Matierials,LSTM,regression,10,5,4,0.36603439138762317,0.7375521659851074,398,42,64
PTR,Basic Matierials,LSTM,regression,10,5,5,0.3655884487545071,0.7439804077148438,398,42,64
PTR,Basic Matierials,LSTM,regression,10,5,6,0.3651058795164578,0.7540265917778015,398,42,64
PTR,Basic Matierials,LSTM,regression,10,5,7,0.3646444248494191,0.7682517170906067,398,42,64
PTR,Basic Matierials,LSTM,regression,10,5,8,0.36421093254832165,0.784881591796875,398,42,64
PTR,Basic Matierials,LSTM,regression,10,5,9,0.36385531581226904,0.8024749755859375,398,42,64
PTR,Basic Matierials,LSTM,regression,10,5,10,0.36350681419348596,0.817227303981781,398,42,64
PTR,Basic Matierials,LSTM,regression,10,5,11,0.36315175591401716,0.8277584314346313,398,42,64
PTR,Basic Matierials,LSTM,regression,10,5,12,0.3627945568094301,0.8348044753074646,398,42,64
PTR,Basic Matierials,LSTM,regression,10,5,13,0.36245414974102425,0.8395997285842896,398,42,64
PTR,Basic Matierials,LSTM,regression,10,5,14,0.3621158137093836,0.842657208442688,398,42,64
PTR,Basic Matierials,LSTM,regression,10,5,15,0.3618309039566385,0.8450880646705627,398,42,64
PTR,Basic Matierials,LSTM,regression,10,5,16,0.3615464873649367,0.8472272157669067,398,42,64
RDS-B,Basic Matierials,LSTM,regression,10,5,1,0.36349294817627376,0.8499507904052734,398,42,64
RDS-B,Basic Matierials,LSTM,regression,10,5,2,0.362706352568152,0.848393976688385,398,42,64
RDS-B,Basic Matierials,LSTM,regression,10,5,3,0.3620610767273448,0.8462279438972473,398,42,64
RDS-B,Basic Matierials,LSTM,regression,10,5,4,0.36142251105164763,0.8433608412742615,398,42,64
RDS-B,Basic Matierials,LSTM,regression,10,5,5,0.3607788655027073,0.8401479721069336,398,42,64
RDS-B,Basic Matierials,LSTM,regression,10,5,6,0.36015153575183156,0.8367345333099365,398,42,64
RDS-B,Basic Matierials,LSTM,regression,10,5,7,0.3595226264778693,0.8336603045463562,398,42,64
RDS-B,Basic Matierials,LSTM,regression,10,5,8,0.35887030575742673,0.8320046663284302,398,42,64
RDS-B,Basic Matierials,LSTM,regression,10,5,9,0.3582692366449078,0.8312556743621826,398,42,64
RDS-B,Basic Matierials,LSTM,regression,10,5,10,0.3576550759262775,0.830968976020813,398,42,64
RDS-B,Basic Matierials,LSTM,regression,10,5,11,0.35702006166903816,0.8307891488075256,398,42,64
RDS-B,Basic Matierials,LSTM,regression,10,5,12,0.3564094836687922,0.8308855891227722,398,42,64
RDS-B,Basic Matierials,LSTM,regression,10,5,13,0.35580173194707937,0.8310545086860657,398,42,64
RDS-B,Basic Matierials,LSTM,regression,10,5,14,0.3551867122027143,0.8312242031097412,398,42,64
RDS-B,Basic Matierials,LSTM,regression,10,5,15,0.35458554529664504,0.8314401507377625,398,42,64
RDS-B,Basic Matierials,LSTM,regression,10,5,16,0.3539838379052416,0.8316906690597534,398,42,64
RDS-B,Basic Matierials,LSTM,regression,10,5,17,0.35337970783962075,0.8319554924964905,398,42,64
RDS-B,Basic Matierials,LSTM,regression,10,5,18,0.352823981987172,0.8321722149848938,398,42,64
RDS-B,Basic Matierials,LSTM,regression,10,5,19,0.35235595553364585,0.8323794007301331,398,42,64
RDS-B,Basic Matierials,LSTM,regression,10,5,20,0.3518914261355472,0.8325985670089722,398,42,64
REX,Conglomerates,LSTM,regression,10,5,1,0.35899988670444966,0.4872856140136719,398,42,64
REX,Conglomerates,LSTM,regression,10,5,2,0.3584852326455428,0.48813411593437195,398,42,64
REX,Conglomerates,LSTM,regression,10,5,3,0.3580370973702052,0.48895061016082764,398,42,64
REX,Conglomerates,LSTM,regression,10,5,4,0.35761160017857,0.4899408221244812,398,42,64
REX,Conglomerates,LSTM,regression,10,5,5,0.3571667587337781,0.49089473485946655,398,42,64
REX,Conglomerates,LSTM,regression,10,5,6,0.35674703780131123,0.49180564284324646,398,42,64
REX,Conglomerates,LSTM,regression,10,5,7,0.35630632015927954,0.49227479100227356,398,42,64
REX,Conglomerates,LSTM,regression,10,5,8,0.3559193572207312,0.49218329787254333,398,42,64
REX,Conglomerates,LSTM,regression,10,5,9,0.35558271737553965,0.4929933249950409,398,42,64
REX,Conglomerates,LSTM,regression,10,5,10,0.35523532742830977,0.49564361572265625,398,42,64
REX,Conglomerates,LSTM,regression,10,5,11,0.3549228705952515,0.4983717203140259,398,42,64
REX,Conglomerates,LSTM,regression,10,5,12,0.3546026618636433,0.5004687905311584,398,42,64
REX,Conglomerates,LSTM,regression,10,5,13,0.35426882283771455,0.5018886923789978,398,42,64
REX,Conglomerates,LSTM,regression,10,5,14,0.3539869827241754,0.5027257800102234,398,42,64
REX,Conglomerates,LSTM,regression,10,5,15,0.35372839411299434,0.5032634139060974,398,42,64
REX,Conglomerates,LSTM,regression,10,5,16,0.3534895133732551,0.5036485195159912,398,42,64
SLB,Basic Matierials,LSTM,regression,10,5,1,0.35792913156837675,0.6937506794929504,398,42,64
SLB,Basic Matierials,LSTM,regression,10,5,2,0.3573862086588414,0.6927273273468018,398,42,64
SLB,Basic Matierials,LSTM,regression,10,5,3,0.3569769885522037,0.6913432478904724,398,42,64
SLB,Basic Matierials,LSTM,regression,10,5,4,0.35660266763900395,0.6895554065704346,398,42,64
SLB,Basic Matierials,LSTM,regression,10,5,5,0.35620822326921336,0.6880360841751099,398,42,64
SLB,Basic Matierials,LSTM,regression,10,5,6,0.3558005904732038,0.6881924867630005,398,42,64
SLB,Basic Matierials,LSTM,regression,10,5,7,0.3554026249739992,0.6936710476875305,398,42,64
SLB,Basic Matierials,LSTM,regression,10,5,8,0.3550325026314462,0.7066990733146667,398,42,64
SLB,Basic Matierials,LSTM,regression,10,5,9,0.35464848649112424,0.7260511517524719,398,42,64
SLB,Basic Matierials,LSTM,regression,10,5,10,0.35426025373402553,0.7456269860267639,398,42,64
SLB,Basic Matierials,LSTM,regression,10,5,11,0.3538590508639513,0.7599895000457764,398,42,64
SLB,Basic Matierials,LSTM,regression,10,5,12,0.35350974821415376,0.7685232758522034,398,42,64
SLB,Basic Matierials,LSTM,regression,10,5,13,0.3531954458460736,0.7726629376411438,398,42,64
SLB,Basic Matierials,LSTM,regression,10,5,14,0.3528920532620732,0.7742664217948914,398,42,64
SLB,Basic Matierials,LSTM,regression,10,5,15,0.35258024672617266,0.7745468616485596,398,42,64
SLB,Basic Matierials,LSTM,regression,10,5,16,0.35228942525596474,0.7741838097572327,398,42,64
SNP,Basic Matierials,LSTM,regression,10,5,1,0.3870082838301683,0.795016884803772,398,42,64
SNP,Basic Matierials,LSTM,regression,10,5,2,0.38634265861918576,0.7965009808540344,398,42,64
SNP,Basic Matierials,LSTM,regression,10,5,3,0.3857661461710331,0.7987731695175171,398,42,64
SNP,Basic Matierials,LSTM,regression,10,5,4,0.38521460881784336,0.8020225763320923,398,42,64
SNP,Basic Matierials,LSTM,regression,10,5,5,0.3846503076840885,0.8066553473472595,398,42,64
SNP,Basic Matierials,LSTM,regression,10,5,6,0.3840817044578006,0.8126617074012756,398,42,64
SNP,Basic Matierials,LSTM,regression,10,5,7,0.3835571318415541,0.8188484907150269,398,42,64
SNP,Basic Matierials,LSTM,regression,10,5,8,0.3830514184793635,0.8246394991874695,398,42,64
SNP,Basic Matierials,LSTM,regression,10,5,9,0.38262227514580865,0.8277209997177124,398,42,64
SNP,Basic Matierials,LSTM,regression,10,5,10,0.38219926165575957,0.8288213610649109,398,42,64
SNP,Basic Matierials,LSTM,regression,10,5,11,0.3817630717952048,0.8290526866912842,398,42,64
SNP,Basic Matierials,LSTM,regression,10,5,12,0.3813416951864808,0.8288149237632751,398,42,64
SNP,Basic Matierials,LSTM,regression,10,5,13,0.38090821232028943,0.8283143043518066,398,42,64
SNP,Basic Matierials,LSTM,regression,10,5,14,0.38052153572365266,0.8278656005859375,398,42,64
SNP,Basic Matierials,LSTM,regression,10,5,15,0.3801929866099477,0.8274143934249878,398,42,64
SNP,Basic Matierials,LSTM,regression,10,5,16,0.3798550438491543,0.8269553780555725,398,42,64
SNY,Healthcare,LSTM,regression,10,5,1,0.3455972915618264,0.44408726692199707,398,42,64
SNY,Healthcare,LSTM,regression,10,5,2,0.344817653672779,0.44010332226753235,398,42,64
SNY,Healthcare,LSTM,regression,10,5,3,0.3441432677022177,0.43474245071411133,398,42,64
SNY,Healthcare,LSTM,regression,10,5,4,0.3434744224176934,0.42754361033439636,398,42,64
SNY,Healthcare,LSTM,regression,10,5,5,0.34280375874222224,0.41909778118133545,398,42,64
SNY,Healthcare,LSTM,regression,10,5,6,0.342149812522246,0.4107089936733246,398,42,64
SNY,Healthcare,LSTM,regression,10,5,7,0.3415196797805815,0.4037654995918274,398,42,64
SNY,Healthcare,LSTM,regression,10,5,8,0.3408742803874327,0.39847761392593384,398,42,64
SNY,Healthcare,LSTM,regression,10,5,9,0.3402202078445473,0.39478757977485657,398,42,64
SNY,Healthcare,LSTM,regression,10,5,10,0.3395873163662963,0.3922882676124573,398,42,64
SNY,Healthcare,LSTM,regression,10,5,11,0.33896312147528684,0.3906739056110382,398,42,64
SNY,Healthcare,LSTM,regression,10,5,12,0.33833839590825027,0.3895937204360962,398,42,64
SNY,Healthcare,LSTM,regression,10,5,13,0.3377231286848011,0.38882800936698914,398,42,64
SNY,Healthcare,LSTM,regression,10,5,14,0.33709553999816955,0.38826093077659607,398,42,64
SNY,Healthcare,LSTM,regression,10,5,15,0.3364599916204136,0.3877989649772644,398,42,64
SNY,Healthcare,LSTM,regression,10,5,16,0.33582727341496166,0.3873918354511261,398,42,64
SNY,Healthcare,LSTM,regression,10,5,17,0.3352237900148085,0.38701730966567993,398,42,64
SNY,Healthcare,LSTM,regression,10,5,18,0.33461656574927384,0.38666847348213196,398,42,64
SNY,Healthcare,LSTM,regression,10,5,19,0.3340173160760247,0.3863370716571808,398,42,64
SNY,Healthcare,LSTM,regression,10,5,20,0.33340509108562566,0.38601648807525635,398,42,64
SNY,Healthcare,LSTM,regression,10,5,21,0.332812964466948,0.3857017755508423,398,42,64
SNY,Healthcare,LSTM,regression,10,5,22,0.33219717061100296,0.38539841771125793,398,42,64
SNY,Healthcare,LSTM,regression,10,5,23,0.3315960704231981,0.38510367274284363,398,42,64
SNY,Healthcare,LSTM,regression,10,5,24,0.3310005437938412,0.3848240375518799,398,42,64
SNY,Healthcare,LSTM,regression,10,5,25,0.3304040020883982,0.38453447818756104,398,42,64
SNY,Healthcare,LSTM,regression,10,5,26,0.3298172502212189,0.38424548506736755,398,42,64
SNY,Healthcare,LSTM,regression,10,5,27,0.3292030161948659,0.3839629888534546,398,42,64
SNY,Healthcare,LSTM,regression,10,5,28,0.3286304032832534,0.3836885392665863,398,42,64
SO,Utilities,LSTM,regression,10,5,1,0.3324059513046514,0.5446158647537231,398,42,64
SO,Utilities,LSTM,regression,10,5,2,0.3320178438970192,0.5437108278274536,398,42,64
SO,Utilities,LSTM,regression,10,5,3,0.33171846968444746,0.5423022508621216,398,42,64
SO,Utilities,LSTM,regression,10,5,4,0.3313997831176873,0.5408759713172913,398,42,64
SO,Utilities,LSTM,regression,10,5,5,0.3310908613792017,0.5397035479545593,398,42,64
SO,Utilities,LSTM,regression,10,5,6,0.33078517176997124,0.5388128161430359,398,42,64
SO,Utilities,LSTM,regression,10,5,7,0.3304705673725761,0.5377306342124939,398,42,64
SO,Utilities,LSTM,regression,10,5,8,0.33016394265932053,0.5366415977478027,398,42,64
SO,Utilities,LSTM,regression,10,5,9,0.32985624191749036,0.5364055037498474,398,42,64
SO,Utilities,LSTM,regression,10,5,10,0.32954830754941433,0.5365066528320312,398,42,64
SO,Utilities,LSTM,regression,10,5,11,0.32925891471867585,0.5366120934486389,398,42,64
SO,Utilities,LSTM,regression,10,5,12,0.3289547495206996,0.5366343855857849,398,42,64
SO,Utilities,LSTM,regression,10,5,13,0.3286537680793647,0.5365568995475769,398,42,64
SO,Utilities,LSTM,regression,10,5,14,0.328358101635123,0.5363800525665283,398,42,64
SO,Utilities,LSTM,regression,10,5,15,0.32805413112568493,0.5361447334289551,398,42,64
SO,Utilities,LSTM,regression,10,5,16,0.32776456876615784,0.5358947515487671,398,42,64
SPLP,Conglomerates,LSTM,regression,10,5,1,0.40211626063639194,0.2818010151386261,398,42,64
SPLP,Conglomerates,LSTM,regression,10,5,2,0.40104016369611173,0.2840317487716675,398,42,64
SPLP,Conglomerates,LSTM,regression,10,5,3,0.4000445015765914,0.2879917025566101,398,42,64
SPLP,Conglomerates,LSTM,regression,10,5,4,0.3991081946758769,0.29380589723587036,398,42,64
SPLP,Conglomerates,LSTM,regression,10,5,5,0.3981836511561619,0.3021007478237152,398,42,64
SPLP,Conglomerates,LSTM,regression,10,5,6,0.39722131027947716,0.3129342794418335,398,42,64
SPLP,Conglomerates,LSTM,regression,10,5,7,0.3963291263909795,0.3260919451713562,398,42,64
SPLP,Conglomerates,LSTM,regression,10,5,8,0.3954851035796218,0.34031927585601807,398,42,64
SPLP,Conglomerates,LSTM,regression,10,5,9,0.3947162096524358,0.35339459776878357,398,42,64
SPLP,Conglomerates,LSTM,regression,10,5,10,0.393975365251752,0.3634607791900635,398,42,64
SPLP,Conglomerates,LSTM,regression,10,5,11,0.3932950823900089,0.3697698712348938,398,42,64
SPLP,Conglomerates,LSTM,regression,10,5,12,0.3925899756913209,0.37298038601875305,398,42,64
SPLP,Conglomerates,LSTM,regression,10,5,13,0.391868703179623,0.37417617440223694,398,42,64
SPLP,Conglomerates,LSTM,regression,10,5,14,0.3912327249894789,0.3744732737541199,398,42,64
SPLP,Conglomerates,LSTM,regression,10,5,15,0.39068232596519603,0.374176949262619,398,42,64
SPLP,Conglomerates,LSTM,regression,10,5,16,0.39010980875048806,0.37359607219696045,398,42,64
SRE,Utilities,LSTM,regression,10,5,1,0.3539205244438133,0.8886008858680725,398,42,64
SRE,Utilities,LSTM,regression,10,5,2,0.3528751040523376,0.8885071277618408,398,42,64
SRE,Utilities,LSTM,regression,10,5,3,0.35195426305933813,0.8875834345817566,398,42,64
SRE,Utilities,LSTM,regression,10,5,4,0.3510479723388825,0.8868083357810974,398,42,64
SRE,Utilities,LSTM,regression,10,5,5,0.3501511425828215,0.8868921399116516,398,42,64
SRE,Utilities,LSTM,regression,10,5,6,0.3492459711717002,0.8885480165481567,398,42,64
SRE,Utilities,LSTM,regression,10,5,7,0.3483660234578291,0.8917977809906006,398,42,64
SRE,Utilities,LSTM,regression,10,5,8,0.3474989349219068,0.8950702548027039,398,42,64
SRE,Utilities,LSTM,regression,10,5,9,0.3466060061251099,0.8970386385917664,398,42,64
SRE,Utilities,LSTM,regression,10,5,10,0.3457666629522889,0.8963481783866882,398,42,64
SRE,Utilities,LSTM,regression,10,5,11,0.3449659822274692,0.8946467041969299,398,42,64
SRE,Utilities,LSTM,regression,10,5,12,0.34429503730194055,0.892791748046875,398,42,64
SRE,Utilities,LSTM,regression,10,5,13,0.34362039344394624,0.891204297542572,398,42,64
SRE,Utilities,LSTM,regression,10,5,14,0.3429624111808125,0.8898397088050842,398,42,64
SRE,Utilities,LSTM,regression,10,5,15,0.3422882878900173,0.8886929750442505,398,42,64
SRE,Utilities,LSTM,regression,10,5,16,0.3416346217220153,0.8876851797103882,398,42,64
T,Technology,LSTM,regression,10,5,1,0.38826058647740425,0.33452117443084717,398,42,64
T,Technology,LSTM,regression,10,5,2,0.3872228791965312,0.334984689950943,398,42,64
T,Technology,LSTM,regression,10,5,3,0.38629836502985737,0.3363672196865082,398,42,64
T,Technology,LSTM,regression,10,5,4,0.3853553809113239,0.3396918773651123,398,42,64
T,Technology,LSTM,regression,10,5,5,0.38444387792941914,0.34497350454330444,398,42,64
T,Technology,LSTM,regression,10,5,6,0.3835267926280822,0.3523102402687073,398,42,64
T,Technology,LSTM,regression,10,5,7,0.3826063678192733,0.3611694276332855,398,42,64
T,Technology,LSTM,regression,10,5,8,0.38175863372021585,0.3690631091594696,398,42,64
T,Technology,LSTM,regression,10,5,9,0.381061441035726,0.3748682141304016,398,42,64
T,Technology,LSTM,regression,10,5,10,0.3803613898742139,0.37906742095947266,398,42,64
T,Technology,LSTM,regression,10,5,11,0.37964475664062114,0.38166946172714233,398,42,64
T,Technology,LSTM,regression,10,5,12,0.37894716214894053,0.3832673132419586,398,42,64
T,Technology,LSTM,regression,10,5,13,0.3782624421107709,0.38427844643592834,398,42,64
T,Technology,LSTM,regression,10,5,14,0.37763416272910993,0.3849107623100281,398,42,64
T,Technology,LSTM,regression,10,5,15,0.37707203656584776,0.38535454869270325,398,42,64
T,Technology,LSTM,regression,10,5,16,0.37652618411797373,0.3857267200946808,398,42,64
TM,Consumer Goods,LSTM,regression,10,5,1,0.4149663442343324,0.6783264875411987,398,42,64
TM,Consumer Goods,LSTM,regression,10,5,2,0.413622324490667,0.6796247363090515,398,42,64
TM,Consumer Goods,LSTM,regression,10,5,3,0.4123585095357655,0.6820038557052612,398,42,64
TM,Consumer Goods,LSTM,regression,10,5,4,0.411093607170498,0.6855939030647278,398,42,64
TM,Consumer Goods,LSTM,regression,10,5,5,0.40984829556402846,0.6915794610977173,398,42,64
TM,Consumer Goods,LSTM,regression,10,5,6,0.4086397122498134,0.7012861371040344,398,42,64
TM,Consumer Goods,LSTM,regression,10,5,7,0.4074209375896646,0.7155634760856628,398,42,64
TM,Consumer Goods,LSTM,regression,10,5,8,0.40628626628137715,0.7343006730079651,398,42,64
TM,Consumer Goods,LSTM,regression,10,5,9,0.40531380107654397,0.7541797161102295,398,42,64
TM,Consumer Goods,LSTM,regression,10,5,10,0.4043633118646229,0.7715402245521545,398,42,64
TM,Consumer Goods,LSTM,regression,10,5,11,0.40340368517080144,0.7837314009666443,398,42,64
TM,Consumer Goods,LSTM,regression,10,5,12,0.4024479935816185,0.7907696962356567,398,42,64
TM,Consumer Goods,LSTM,regression,10,5,13,0.4015160518974515,0.7945241332054138,398,42,64
TM,Consumer Goods,LSTM,regression,10,5,14,0.4006402896876311,0.7964543104171753,398,42,64
TM,Consumer Goods,LSTM,regression,10,5,15,0.39990346545550093,0.7974609136581421,398,42,64
TM,Consumer Goods,LSTM,regression,10,5,16,0.39916084819103603,0.7980377674102783,398,42,64
TOT,Basic Matierials,LSTM,regression,10,5,1,0.3760909292865638,0.8331061005592346,398,42,64
TOT,Basic Matierials,LSTM,regression,10,5,2,0.37514011981199735,0.8352957367897034,398,42,64
TOT,Basic Matierials,LSTM,regression,10,5,3,0.37427325786358145,0.839175283908844,398,42,64
TOT,Basic Matierials,LSTM,regression,10,5,4,0.37341025022406077,0.8443507552146912,398,42,64
TOT,Basic Matierials,LSTM,regression,10,5,5,0.3725622040991807,0.851138710975647,398,42,64
TOT,Basic Matierials,LSTM,regression,10,5,6,0.37172986731756874,0.8592273592948914,398,42,64
TOT,Basic Matierials,LSTM,regression,10,5,7,0.37089836874499393,0.8680155873298645,398,42,64
TOT,Basic Matierials,LSTM,regression,10,5,8,0.3701247724156883,0.8768211007118225,398,42,64
TOT,Basic Matierials,LSTM,regression,10,5,9,0.3694788526051008,0.883828341960907,398,42,64
TOT,Basic Matierials,LSTM,regression,10,5,10,0.36883800390677235,0.8885918855667114,398,42,64
TOT,Basic Matierials,LSTM,regression,10,5,11,0.3681814349326656,0.8917461633682251,398,42,64
TOT,Basic Matierials,LSTM,regression,10,5,12,0.36755484185326637,0.8933112621307373,398,42,64
TOT,Basic Matierials,LSTM,regression,10,5,13,0.3669007201140849,0.8937426209449768,398,42,64
TOT,Basic Matierials,LSTM,regression,10,5,14,0.3663488595779218,0.8936920166015625,398,42,64
TOT,Basic Matierials,LSTM,regression,10,5,15,0.36582722398803463,0.8932914137840271,398,42,64
TOT,Basic Matierials,LSTM,regression,10,5,16,0.3653271357767546,0.8927083611488342,398,42,64
TSM,Technology,LSTM,regression,10,5,1,0.3553435754536384,0.5588367581367493,398,42,64
TSM,Technology,LSTM,regression,10,5,2,0.3547649119966593,0.5604528188705444,398,42,64
TSM,Technology,LSTM,regression,10,5,3,0.3542712124148805,0.5630918741226196,398,42,64
TSM,Technology,LSTM,regression,10,5,4,0.3538042636372935,0.5679826140403748,398,42,64
TSM,Technology,LSTM,regression,10,5,5,0.3533427583512349,0.5764403939247131,398,42,64
TSM,Technology,LSTM,regression,10,5,6,0.35287882634742773,0.5896419286727905,398,42,64
TSM,Technology,LSTM,regression,10,5,7,0.35241410780192617,0.6082978248596191,398,42,64
TSM,Technology,LSTM,regression,10,5,8,0.351969818973062,0.6304040551185608,398,42,64
TSM,Technology,LSTM,regression,10,5,9,0.3516038725124532,0.6515657305717468,398,42,64
TSM,Technology,LSTM,regression,10,5,10,0.3512380853969248,0.6682555675506592,398,42,64
TSM,Technology,LSTM,regression,10,5,11,0.3508817280956249,0.6795071363449097,398,42,64
TSM,Technology,LSTM,regression,10,5,12,0.350510696370398,0.6859710216522217,398,42,64
TSM,Technology,LSTM,regression,10,5,13,0.35014014447753755,0.6893979907035828,398,42,64
TSM,Technology,LSTM,regression,10,5,14,0.3498019662933733,0.6910986304283142,398,42,64
TSM,Technology,LSTM,regression,10,5,15,0.349508976816532,0.6918969750404358,398,42,64
TSM,Technology,LSTM,regression,10,5,16,0.3492222101844136,0.6922595500946045,398,42,64
UL,Consumer Goods,LSTM,regression,10,5,1,0.4284418851286922,0.7345488667488098,398,42,64
UL,Consumer Goods,LSTM,regression,10,5,2,0.42706037466250474,0.7278187274932861,398,42,64
UL,Consumer Goods,LSTM,regression,10,5,3,0.4257608962118925,0.7183997631072998,398,42,64
UL,Consumer Goods,LSTM,regression,10,5,4,0.4244956887846616,0.7056835889816284,398,42,64
UL,Consumer Goods,LSTM,regression,10,5,5,0.423283671014872,0.6893159747123718,398,42,64
UL,Consumer Goods,LSTM,regression,10,5,6,0.4220374105264194,0.6699467897415161,398,42,64
UL,Consumer Goods,LSTM,regression,10,5,7,0.42083366312573306,0.6484629511833191,398,42,64
UL,Consumer Goods,LSTM,regression,10,5,8,0.4196111911804832,0.6269325017929077,398,42,64
UL,Consumer Goods,LSTM,regression,10,5,9,0.4183812857273236,0.6089382171630859,398,42,64
UL,Consumer Goods,LSTM,regression,10,5,10,0.41720295446601946,0.5961951613426208,398,42,64
UL,Consumer Goods,LSTM,regression,10,5,11,0.41601053883681943,0.5883064866065979,398,42,64
UL,Consumer Goods,LSTM,regression,10,5,12,0.4148013740029167,0.5836508274078369,398,42,64
UL,Consumer Goods,LSTM,regression,10,5,13,0.4136448593894441,0.580919623374939,398,42,64
UL,Consumer Goods,LSTM,regression,10,5,14,0.4124794967809514,0.5791774392127991,398,42,64
UL,Consumer Goods,LSTM,regression,10,5,15,0.4113130263946763,0.5779114961624146,398,42,64
UL,Consumer Goods,LSTM,regression,10,5,16,0.4101621063809898,0.5769096612930298,398,42,64
UL,Consumer Goods,LSTM,regression,10,5,17,0.4090493258519388,0.5760690569877625,398,42,64
UL,Consumer Goods,LSTM,regression,10,5,18,0.40791084269183364,0.5753026604652405,398,42,64
UL,Consumer Goods,LSTM,regression,10,5,19,0.4067806983413409,0.5746062397956848,398,42,64
UL,Consumer Goods,LSTM,regression,10,5,20,0.40567858734322554,0.5739632248878479,398,42,64
UL,Consumer Goods,LSTM,regression,10,5,21,0.40454579912238386,0.5733588933944702,398,42,64
UL,Consumer Goods,LSTM,regression,10,5,22,0.4034890507034321,0.5728067755699158,398,42,64
UL,Consumer Goods,LSTM,regression,10,5,23,0.4024254714124766,0.5722997188568115,398,42,64
UL,Consumer Goods,LSTM,regression,10,5,24,0.4013194440297745,0.5717971324920654,398,42,64
UL,Consumer Goods,LSTM,regression,10,5,25,0.4002625034682116,0.5713284611701965,398,42,64
UL,Consumer Goods,LSTM,regression,10,5,26,0.39919277441561524,0.5709055066108704,398,42,64
UL,Consumer Goods,LSTM,regression,10,5,27,0.3981018941007068,0.5705336332321167,398,42,64
UL,Consumer Goods,LSTM,regression,10,5,28,0.3970885708104426,0.5701801776885986,398,42,64
UL,Consumer Goods,LSTM,regression,10,5,29,0.39606180891918774,0.5698565244674683,398,42,64
UL,Consumer Goods,LSTM,regression,10,5,30,0.3949935710310337,0.569571852684021,398,42,64
UN,Consumer Goods,LSTM,regression,10,5,1,0.36610809702370034,0.7935637831687927,398,42,64
UN,Consumer Goods,LSTM,regression,10,5,2,0.36538260695922314,0.7944381237030029,398,42,64
UN,Consumer Goods,LSTM,regression,10,5,3,0.3647736641929377,0.7957475185394287,398,42,64
UN,Consumer Goods,LSTM,regression,10,5,4,0.3641799264517262,0.798495888710022,398,42,64
UN,Consumer Goods,LSTM,regression,10,5,5,0.3635670157832716,0.8038259148597717,398,42,64
UN,Consumer Goods,LSTM,regression,10,5,6,0.3629512493334823,0.8129632472991943,398,42,64
UN,Consumer Goods,LSTM,regression,10,5,7,0.36235224242186426,0.8252204060554504,398,42,64
UN,Consumer Goods,LSTM,regression,10,5,8,0.36180515145536646,0.839982271194458,398,42,64
UN,Consumer Goods,LSTM,regression,10,5,9,0.3613423787469241,0.8552706837654114,398,42,64
UN,Consumer Goods,LSTM,regression,10,5,10,0.360879777963437,0.8668729662895203,398,42,64
UN,Consumer Goods,LSTM,regression,10,5,11,0.36040375580140693,0.873866081237793,398,42,64
UN,Consumer Goods,LSTM,regression,10,5,12,0.3599453394736477,0.8773319721221924,398,42,64
UN,Consumer Goods,LSTM,regression,10,5,13,0.35948077473209133,0.8787745833396912,398,42,64
UN,Consumer Goods,LSTM,regression,10,5,14,0.35904994037882165,0.879271388053894,398,42,64
UN,Consumer Goods,LSTM,regression,10,5,15,0.35866627142057944,0.8792219758033752,398,42,64
UN,Consumer Goods,LSTM,regression,10,5,16,0.3582937853719721,0.8789048790931702,398,42,64
UNH,Healthcare,LSTM,regression,10,5,1,0.36802997960517153,0.7571187615394592,398,42,64
UNH,Healthcare,LSTM,regression,10,5,2,0.3671005249922,0.7559667229652405,398,42,64
UNH,Healthcare,LSTM,regression,10,5,3,0.3662716136805376,0.7544841766357422,398,42,64
UNH,Healthcare,LSTM,regression,10,5,4,0.365448318534161,0.752516508102417,398,42,64
UNH,Healthcare,LSTM,regression,10,5,5,0.3646456419523038,0.7503296136856079,398,42,64
UNH,Healthcare,LSTM,regression,10,5,6,0.36384320543639026,0.7481756806373596,398,42,64
UNH,Healthcare,LSTM,regression,10,5,7,0.3630318169917294,0.7466450929641724,398,42,64
UNH,Healthcare,LSTM,regression,10,5,8,0.36225298166874065,0.7460991144180298,398,42,64
UNH,Healthcare,LSTM,regression,10,5,9,0.36146871303793177,0.7461927533149719,398,42,64
UNH,Healthcare,LSTM,regression,10,5,10,0.36069591261034634,0.7465986013412476,398,42,64
UNH,Healthcare,LSTM,regression,10,5,11,0.35992233253004563,0.7468904852867126,398,42,64
UNH,Healthcare,LSTM,regression,10,5,12,0.3591432310828012,0.7467026710510254,398,42,64
UNH,Healthcare,LSTM,regression,10,5,13,0.35838025239244775,0.7462446093559265,398,42,64
UNH,Healthcare,LSTM,regression,10,5,14,0.35763381069629036,0.7456561923027039,398,42,64
UNH,Healthcare,LSTM,regression,10,5,15,0.3568720452150508,0.7450591325759888,398,42,64
UNH,Healthcare,LSTM,regression,10,5,16,0.3561267360071441,0.7444743514060974,398,42,64
UNH,Healthcare,LSTM,regression,10,5,17,0.35539431128669624,0.7438823580741882,398,42,64
UNH,Healthcare,LSTM,regression,10,5,18,0.35467514710210674,0.7433032989501953,398,42,64
UNH,Healthcare,LSTM,regression,10,5,19,0.3539366831432036,0.7427355647087097,398,42,64
UNH,Healthcare,LSTM,regression,10,5,20,0.3532235535544966,0.7421685457229614,398,42,64
UNH,Healthcare,LSTM,regression,10,5,21,0.35252346195767276,0.7416098713874817,398,42,64
UNH,Healthcare,LSTM,regression,10,5,22,0.35180706205080503,0.7410621643066406,398,42,64
UPS,Services,LSTM,regression,10,5,1,0.30648306835835903,0.4390653073787689,398,42,64
UPS,Services,LSTM,regression,10,5,2,0.305847037377669,0.43764638900756836,398,42,64
UPS,Services,LSTM,regression,10,5,3,0.3053032321546545,0.43444979190826416,398,42,64
UPS,Services,LSTM,regression,10,5,4,0.30476114258694287,0.43061158061027527,398,42,64
UPS,Services,LSTM,regression,10,5,5,0.30424151618277007,0.426986962556839,398,42,64
UPS,Services,LSTM,regression,10,5,6,0.30372868141337256,0.42464715242385864,398,42,64
UPS,Services,LSTM,regression,10,5,7,0.3032205661936621,0.4244130551815033,398,42,64
UPS,Services,LSTM,regression,10,5,8,0.30271439456460464,0.42621028423309326,398,42,64
UPS,Services,LSTM,regression,10,5,9,0.30221576576855913,0.4286031723022461,398,42,64
UPS,Services,LSTM,regression,10,5,10,0.30172247922600215,0.43044671416282654,398,42,64
UPS,Services,LSTM,regression,10,5,11,0.3012336657274908,0.431412935256958,398,42,64
UPS,Services,LSTM,regression,10,5,12,0.3007479498733827,0.4317072629928589,398,42,64
UPS,Services,LSTM,regression,10,5,13,0.3002588769898343,0.4316096603870392,398,42,64
UPS,Services,LSTM,regression,10,5,14,0.2998258549364368,0.43141764402389526,398,42,64
UPS,Services,LSTM,regression,10,5,15,0.2994615920824022,0.4311251640319824,398,42,64
UPS,Services,LSTM,regression,10,5,16,0.2990736799623499,0.43078163266181946,398,42,64
UPS,Services,LSTM,regression,10,5,17,0.29870343927162973,0.4304223954677582,398,42,64
UPS,Services,LSTM,regression,10,5,18,0.2983293407526448,0.4300570487976074,398,42,64
UPS,Services,LSTM,regression,10,5,19,0.29796049343281655,0.4296915829181671,398,42,64
UPS,Services,LSTM,regression,10,5,20,0.29763222399668476,0.4294058680534363,398,42,64
UTX,Industrial Goods,LSTM,regression,10,5,1,0.31810418385357114,0.6377895474433899,398,42,64
UTX,Industrial Goods,LSTM,regression,10,5,2,0.3175099297384521,0.6389371156692505,398,42,64
UTX,Industrial Goods,LSTM,regression,10,5,3,0.3170058008414417,0.6427791118621826,398,42,64
UTX,Industrial Goods,LSTM,regression,10,5,4,0.31651528456702305,0.6523033380508423,398,42,64
UTX,Industrial Goods,LSTM,regression,10,5,5,0.3160335873838645,0.6721562743186951,398,42,64
UTX,Industrial Goods,LSTM,regression,10,5,6,0.3155624644840183,0.7069271206855774,398,42,64
UTX,Industrial Goods,LSTM,regression,10,5,7,0.31509132541004736,0.7552682757377625,398,42,64
UTX,Industrial Goods,LSTM,regression,10,5,8,0.31464784828262715,0.8061351776123047,398,42,64
UTX,Industrial Goods,LSTM,regression,10,5,9,0.31427045922782554,0.8484942317008972,398,42,64
UTX,Industrial Goods,LSTM,regression,10,5,10,0.3139078497287616,0.8779277205467224,398,42,64
UTX,Industrial Goods,LSTM,regression,10,5,11,0.31355410964045694,0.8962960243225098,398,42,64
UTX,Industrial Goods,LSTM,regression,10,5,12,0.31317130105579316,0.9075743556022644,398,42,64
UTX,Industrial Goods,LSTM,regression,10,5,13,0.3128113135620577,0.914953887462616,398,42,64
UTX,Industrial Goods,LSTM,regression,10,5,14,0.3124534568594928,0.919577956199646,398,42,64
UTX,Industrial Goods,LSTM,regression,10,5,15,0.31217923356061006,0.9231405854225159,398,42,64
UTX,Industrial Goods,LSTM,regression,10,5,16,0.31189210450828975,0.9262452125549316,398,42,64
V,Financial,LSTM,regression,10,5,1,0.33185347360582207,0.4154888391494751,398,42,64
V,Financial,LSTM,regression,10,5,2,0.33132768186492534,0.4146898090839386,398,42,64
V,Financial,LSTM,regression,10,5,3,0.33087283941968604,0.41400146484375,398,42,64
V,Financial,LSTM,regression,10,5,4,0.330412794297664,0.4134725034236908,398,42,64
V,Financial,LSTM,regression,10,5,5,0.3299627019532362,0.41389837861061096,398,42,64
V,Financial,LSTM,regression,10,5,6,0.3295158324529178,0.4153972864151001,398,42,64
V,Financial,LSTM,regression,10,5,7,0.3290836876960256,0.41784733533859253,398,42,64
V,Financial,LSTM,regression,10,5,8,0.32863480781190957,0.42021188139915466,398,42,64
V,Financial,LSTM,regression,10,5,9,0.3281945631132653,0.42127105593681335,398,42,64
V,Financial,LSTM,regression,10,5,10,0.32775961364333955,0.4209959805011749,398,42,64
V,Financial,LSTM,regression,10,5,11,0.32736215279929004,0.41972246766090393,398,42,64
V,Financial,LSTM,regression,10,5,12,0.3270340924286962,0.4189930856227875,398,42,64
V,Financial,LSTM,regression,10,5,13,0.3266846372853571,0.41861388087272644,398,42,64
V,Financial,LSTM,regression,10,5,14,0.3263493434867667,0.41849392652511597,398,42,64
V,Financial,LSTM,regression,10,5,15,0.32601942908224746,0.4184834659099579,398,42,64
V,Financial,LSTM,regression,10,5,16,0.3256856868015462,0.4185352325439453,398,42,64
VZ,Technology,LSTM,regression,10,5,1,0.3886789064011981,0.5203635692596436,398,42,64
VZ,Technology,LSTM,regression,10,5,2,0.38766966378269485,0.5220119953155518,398,42,64
VZ,Technology,LSTM,regression,10,5,3,0.38678783822299245,0.5246483087539673,398,42,64
VZ,Technology,LSTM,regression,10,5,4,0.38591286435199146,0.5292289853096008,398,42,64
VZ,Technology,LSTM,regression,10,5,5,0.3850138659153751,0.5368714332580566,398,42,64
VZ,Technology,LSTM,regression,10,5,6,0.38413902008952805,0.5488157868385315,398,42,64
VZ,Technology,LSTM,regression,10,5,7,0.3832677643203256,0.5637279748916626,398,42,64
VZ,Technology,LSTM,regression,10,5,8,0.3824902476377823,0.5781029462814331,398,42,64
VZ,Technology,LSTM,regression,10,5,9,0.3817892510387766,0.5893019437789917,398,42,64
VZ,Technology,LSTM,regression,10,5,10,0.381101065245106,0.596238374710083,398,42,64
VZ,Technology,LSTM,regression,10,5,11,0.380432299633122,0.6002179980278015,398,42,64
VZ,Technology,LSTM,regression,10,5,12,0.379757421849361,0.6024426221847534,398,42,64
VZ,Technology,LSTM,regression,10,5,13,0.37906311295140327,0.603908360004425,398,42,64
VZ,Technology,LSTM,regression,10,5,14,0.3784390625043131,0.6048659682273865,398,42,64
VZ,Technology,LSTM,regression,10,5,15,0.3779253931201283,0.6056835651397705,398,42,64
VZ,Technology,LSTM,regression,10,5,16,0.37739991692442393,0.6064512133598328,398,42,64
WFC,Financial,LSTM,regression,10,5,1,0.33581513540828645,0.7802316546440125,398,42,64
WFC,Financial,LSTM,regression,10,5,2,0.3351386282312211,0.7802770137786865,398,42,64
WFC,Financial,LSTM,regression,10,5,3,0.3345373766356377,0.7807261347770691,398,42,64
WFC,Financial,LSTM,regression,10,5,4,0.33394521969047625,0.7829045653343201,398,42,64
WFC,Financial,LSTM,regression,10,5,5,0.33337184629548133,0.7878659963607788,398,42,64
WFC,Financial,LSTM,regression,10,5,6,0.3327810494743999,0.7966329455375671,398,42,64
WFC,Financial,LSTM,regression,10,5,7,0.33221703198686914,0.807600200176239,398,42,64
WFC,Financial,LSTM,regression,10,5,8,0.3316922819045321,0.8188913464546204,398,42,64
WFC,Financial,LSTM,regression,10,5,9,0.33123941348874986,0.8288892507553101,398,42,64
WFC,Financial,LSTM,regression,10,5,10,0.3307952057177098,0.8367375135421753,398,42,64
WFC,Financial,LSTM,regression,10,5,11,0.3303553928157792,0.8421859741210938,398,42,64
WFC,Financial,LSTM,regression,10,5,12,0.3299143981169816,0.8459375500679016,398,42,64
WFC,Financial,LSTM,regression,10,5,13,0.3294741600452356,0.8485138416290283,398,42,64
WFC,Financial,LSTM,regression,10,5,14,0.3290719385422654,0.8501468300819397,398,42,64
WFC,Financial,LSTM,regression,10,5,15,0.3287338580767713,0.8513375520706177,398,42,64
WFC,Financial,LSTM,regression,10,5,16,0.32837810393553885,0.8522832989692688,398,42,64
WMT,Services,LSTM,regression,10,5,1,0.42455082847245373,0.6398710012435913,398,42,64
WMT,Services,LSTM,regression,10,5,2,0.42351313227385134,0.6420968770980835,398,42,64
WMT,Services,LSTM,regression,10,5,3,0.4226071900458791,0.6465009450912476,398,42,64
WMT,Services,LSTM,regression,10,5,4,0.42170830407933374,0.6547862887382507,398,42,64
WMT,Services,LSTM,regression,10,5,5,0.420839196173989,0.6696256399154663,398,42,64
WMT,Services,LSTM,regression,10,5,6,0.4199592087736082,0.69524747133255,398,42,64
WMT,Services,LSTM,regression,10,5,7,0.41907996118967256,0.7350605726242065,398,42,64
WMT,Services,LSTM,regression,10,5,8,0.41826769365138144,0.7870807647705078,398,42,64
WMT,Services,LSTM,regression,10,5,9,0.417576992781318,0.839904248714447,398,42,64
WMT,Services,LSTM,regression,10,5,10,0.41688328022932886,0.8808937072753906,398,42,64
WMT,Services,LSTM,regression,10,5,11,0.4162102898760657,0.905269980430603,398,42,64
WMT,Services,LSTM,regression,10,5,12,0.41553969284397874,0.9166059494018555,398,42,64
WMT,Services,LSTM,regression,10,5,13,0.4148752225104289,0.9201259016990662,398,42,64
WMT,Services,LSTM,regression,10,5,14,0.41425731149151096,0.9204961061477661,398,42,64
WMT,Services,LSTM,regression,10,5,15,0.4137063290006551,0.9188615679740906,398,42,64
WMT,Services,LSTM,regression,10,5,16,0.4131480149887315,0.9162405133247375,398,42,64
XOM,Basic Matierials,LSTM,regression,10,5,1,0.3331134340271878,0.7538362145423889,398,42,64
XOM,Basic Matierials,LSTM,regression,10,5,2,0.33277991189429507,0.7526492476463318,398,42,64
XOM,Basic Matierials,LSTM,regression,10,5,3,0.3325124125384805,0.751550018787384,398,42,64
XOM,Basic Matierials,LSTM,regression,10,5,4,0.33225674784962256,0.7510358691215515,398,42,64
XOM,Basic Matierials,LSTM,regression,10,5,5,0.33200426856477055,0.752111554145813,398,42,64
XOM,Basic Matierials,LSTM,regression,10,5,6,0.33175540988768765,0.7558954358100891,398,42,64
XOM,Basic Matierials,LSTM,regression,10,5,7,0.3315176607376367,0.7631126046180725,398,42,64
XOM,Basic Matierials,LSTM,regression,10,5,8,0.33125688712201523,0.773499071598053,398,42,64
XOM,Basic Matierials,LSTM,regression,10,5,9,0.33100788886822646,0.7848897576332092,398,42,64
XOM,Basic Matierials,LSTM,regression,10,5,10,0.3307661632796628,0.7949958443641663,398,42,64
XOM,Basic Matierials,LSTM,regression,10,5,11,0.3305219861131218,0.8020530939102173,398,42,64
XOM,Basic Matierials,LSTM,regression,10,5,12,0.330323984575032,0.8064877986907959,398,42,64
XOM,Basic Matierials,LSTM,regression,10,5,13,0.33012470558061074,0.8089351058006287,398,42,64
XOM,Basic Matierials,LSTM,regression,10,5,14,0.329945237792317,0.8103719353675842,398,42,64
XOM,Basic Matierials,LSTM,regression,10,5,15,0.32973807331305655,0.8112611174583435,398,42,64
XOM,Basic Matierials,LSTM,regression,10,5,16,0.32954854432062886,0.8118789196014404,398,42,64
