company,sector,model_type,problem_type,sequence_length,horizon_steps,epoch,train_loss,val_loss,train_samples,val_samples,test_samples
AAPL,Consumer Goods,BiGRU,classification,20,1,1,0.7029977081409052,0.7996836247898284,398,42,64
AAPL,Consumer Goods,BiGRU,classification,20,1,2,0.6210416142065921,1.1134371360143025,398,42,64
AAPL,Consumer Goods,BiGRU,classification,20,1,3,0.5678001564351758,1.2234248377027965,398,42,64
AAPL,Consumer Goods,BiGRU,classification,20,1,4,0.513782835785468,1.1553556067602975,398,42,64
AAPL,Consumer Goods,BiGRU,classification,20,1,5,0.4556176923028189,1.5167968386695498,398,42,64
AAPL,Consumer Goods,BiGRU,classification,20,1,6,0.395961308449357,1.3623315720331102,398,42,64
AAPL,Consumer Goods,BiGRU,classification,20,1,7,0.3722619588051609,2.119323514756702,398,42,64
AAPL,Consumer Goods,BiGRU,classification,20,1,8,0.3762760026071539,1.9078299772171747,398,42,64
AAPL,Consumer Goods,BiGRU,classification,20,1,9,0.33018922730905925,2.160878272283645,398,42,64
AAPL,Consumer Goods,BiGRU,classification,20,1,10,0.34157517028214346,2.0743466218312583,398,42,64
AAPL,Consumer Goods,BiGRU,classification,20,1,11,0.24341332972349233,2.296556654430571,398,42,64
AAPL,Consumer Goods,BiGRU,classification,20,1,12,0.24201288463632067,2.2347259407951716,398,42,64
AAPL,Consumer Goods,BiGRU,classification,20,1,13,0.22728862781920026,2.7841845126379106,398,42,64
AAPL,Consumer Goods,BiGRU,classification,20,1,14,0.18081778628592515,2.7397991929735457,398,42,64
AAPL,Consumer Goods,BiGRU,classification,20,1,15,0.14227792794755356,2.9372252509707497,398,42,64
AAPL,Consumer Goods,BiGRU,classification,20,1,16,0.1231100318307553,2.9888088816688176,398,42,64
ABB,Industrial Goods,BiGRU,classification,20,1,1,0.6928030950340194,0.8904282649358114,398,42,64
ABB,Industrial Goods,BiGRU,classification,20,1,2,0.6086174213706549,1.4928432419186546,398,42,64
ABB,Industrial Goods,BiGRU,classification,20,1,3,0.5595171748094223,2.5953416597275507,398,42,64
ABB,Industrial Goods,BiGRU,classification,20,1,4,0.5134367521983295,2.9283029919578913,398,42,64
ABB,Industrial Goods,BiGRU,classification,20,1,5,0.45426465323821985,4.084921904972622,398,42,64
ABB,Industrial Goods,BiGRU,classification,20,1,6,0.41490127543109145,5.307988393874395,398,42,64
ABB,Industrial Goods,BiGRU,classification,20,1,7,0.3902506018104266,4.964972950163341,398,42,64
ABB,Industrial Goods,BiGRU,classification,20,1,8,0.3710826539514053,4.80706212634132,398,42,64
ABB,Industrial Goods,BiGRU,classification,20,1,9,0.37119447818054024,6.457859084719703,398,42,64
ABB,Industrial Goods,BiGRU,classification,20,1,10,0.3737470399794267,4.947983151390439,398,42,64
ABB,Industrial Goods,BiGRU,classification,20,1,11,0.30743181061505076,6.545512789771671,398,42,64
ABB,Industrial Goods,BiGRU,classification,20,1,12,0.3050436715235063,5.283529258909679,398,42,64
ABB,Industrial Goods,BiGRU,classification,20,1,13,0.25821522230179467,6.990243412199474,398,42,64
ABB,Industrial Goods,BiGRU,classification,20,1,14,0.2519980844990093,9.674474216642833,398,42,64
ABB,Industrial Goods,BiGRU,classification,20,1,15,0.213573842548096,5.147010939461844,398,42,64
ABB,Industrial Goods,BiGRU,classification,20,1,16,0.1880914938247683,9.317401113964262,398,42,64
ABBV,Healthcare,BiGRU,classification,20,1,1,0.6954635729087643,0.7106326761699858,326,42,64
ABBV,Healthcare,BiGRU,classification,20,1,2,0.6179778217538002,0.7033315130642482,326,42,64
ABBV,Healthcare,BiGRU,classification,20,1,3,0.5651278514072208,0.6952378466015771,326,42,64
ABBV,Healthcare,BiGRU,classification,20,1,4,0.5232052821323184,0.7739366065888178,326,42,64
ABBV,Healthcare,BiGRU,classification,20,1,5,0.45679341558298453,1.1536770037242345,326,42,64
ABBV,Healthcare,BiGRU,classification,20,1,6,0.4063690650316835,1.254282622110276,326,42,64
ABBV,Healthcare,BiGRU,classification,20,1,7,0.3783154344997523,1.0814129738580613,326,42,64
ABBV,Healthcare,BiGRU,classification,20,1,8,0.36284878466026915,1.7301158905029297,326,42,64
ABBV,Healthcare,BiGRU,classification,20,1,9,0.3179858672015506,1.6448850574947538,326,42,64
ABBV,Healthcare,BiGRU,classification,20,1,10,0.2760577337142149,1.5019281591687883,326,42,64
ABBV,Healthcare,BiGRU,classification,20,1,11,0.25945567572775063,2.6611815861293246,326,42,64
ABBV,Healthcare,BiGRU,classification,20,1,12,0.21753893701211074,1.9829481442769368,326,42,64
ABBV,Healthcare,BiGRU,classification,20,1,13,0.21807635008740278,2.3988041196550642,326,42,64
ABBV,Healthcare,BiGRU,classification,20,1,14,0.23350929195187026,2.5898373808179582,326,42,64
ABBV,Healthcare,BiGRU,classification,20,1,15,0.2695475455053562,2.4665443556649342,326,42,64
ABBV,Healthcare,BiGRU,classification,20,1,16,0.1255776313207815,2.6585127172015963,326,42,64
ABBV,Healthcare,BiGRU,classification,20,1,17,0.13681231275703643,2.678434303828648,326,42,64
ABBV,Healthcare,BiGRU,classification,20,1,18,0.12168172029549816,2.8604225998833064,326,42,64
AEP,Utilities,BiGRU,classification,20,1,1,0.693983207994969,0.665496460029057,398,42,64
AEP,Utilities,BiGRU,classification,20,1,2,0.62640784553547,0.7209212070419675,398,42,64
AEP,Utilities,BiGRU,classification,20,1,3,0.580455589084769,0.753692110379537,398,42,64
AEP,Utilities,BiGRU,classification,20,1,4,0.5216732237806272,0.8903963310377938,398,42,64
AEP,Utilities,BiGRU,classification,20,1,5,0.46882852133195,1.100759466489156,398,42,64
AEP,Utilities,BiGRU,classification,20,1,6,0.4285425811856236,1.340525195712135,398,42,64
AEP,Utilities,BiGRU,classification,20,1,7,0.3994769858355498,1.2032018701235454,398,42,64
AEP,Utilities,BiGRU,classification,20,1,8,0.38456361916796045,1.4741195213227045,398,42,64
AEP,Utilities,BiGRU,classification,20,1,9,0.38822913199812925,1.5633283683231898,398,42,64
AEP,Utilities,BiGRU,classification,20,1,10,0.3223872657996326,1.9030972974640983,398,42,64
AEP,Utilities,BiGRU,classification,20,1,11,0.3671241353205101,1.3876951081412179,398,42,64
AEP,Utilities,BiGRU,classification,20,1,12,0.3112885185971332,1.5852323316392445,398,42,64
AEP,Utilities,BiGRU,classification,20,1,13,0.27688494586764867,1.9535538752873738,398,42,64
AEP,Utilities,BiGRU,classification,20,1,14,0.2678049467316824,1.69650822026389,398,42,64
AEP,Utilities,BiGRU,classification,20,1,15,0.2844919986161754,1.6971166304179601,398,42,64
AEP,Utilities,BiGRU,classification,20,1,16,0.22931020044202183,2.0754831461679366,398,42,64
AMGN,Healthcare,BiGRU,classification,20,1,1,0.7001318724910218,0.6436160405476888,398,42,64
AMGN,Healthcare,BiGRU,classification,20,1,2,0.6248685552846247,0.735803987298693,398,42,64
AMGN,Healthcare,BiGRU,classification,20,1,3,0.528513383326219,0.9010101500011626,398,42,64
AMGN,Healthcare,BiGRU,classification,20,1,4,0.4659255003210288,0.960827628771464,398,42,64
AMGN,Healthcare,BiGRU,classification,20,1,5,0.42992355026791446,1.1905882557233174,398,42,64
AMGN,Healthcare,BiGRU,classification,20,1,6,0.4090679045298591,1.354570053872608,398,42,64
AMGN,Healthcare,BiGRU,classification,20,1,7,0.34557782121040115,1.4184152739388602,398,42,64
AMGN,Healthcare,BiGRU,classification,20,1,8,0.3290452753479157,1.3065622931434995,398,42,64
AMGN,Healthcare,BiGRU,classification,20,1,9,0.31101014476325645,1.3917806120145888,398,42,64
AMGN,Healthcare,BiGRU,classification,20,1,10,0.2512424927410768,1.5797723418190366,398,42,64
AMGN,Healthcare,BiGRU,classification,20,1,11,0.26480549364233735,2.1524882259823026,398,42,64
AMGN,Healthcare,BiGRU,classification,20,1,12,0.2228437963143066,1.6664504493985857,398,42,64
AMGN,Healthcare,BiGRU,classification,20,1,13,0.31084604868337734,1.9343039421808153,398,42,64
AMGN,Healthcare,BiGRU,classification,20,1,14,0.19839699446555958,2.2478697413489934,398,42,64
AMGN,Healthcare,BiGRU,classification,20,1,15,0.14765691828338345,2.1135433174314953,398,42,64
AMGN,Healthcare,BiGRU,classification,20,1,16,0.202234158741694,2.2543736469177973,398,42,64
AMZN,Services,BiGRU,classification,20,1,1,0.6915705230966884,0.7032651049750192,398,42,64
AMZN,Services,BiGRU,classification,20,1,2,0.6249453653043239,1.3608822652271815,398,42,64
AMZN,Services,BiGRU,classification,20,1,3,0.5758152643040796,2.547175997779483,398,42,64
AMZN,Services,BiGRU,classification,20,1,4,0.5342598171090361,3.0860756578899564,398,42,64
AMZN,Services,BiGRU,classification,20,1,5,0.4801738340051929,4.846738383883522,398,42,64
AMZN,Services,BiGRU,classification,20,1,6,0.47443703236292356,4.711170923142206,398,42,64
AMZN,Services,BiGRU,classification,20,1,7,0.40215056131233523,6.913123743874686,398,42,64
AMZN,Services,BiGRU,classification,20,1,8,0.3803538750463994,7.142563297635033,398,42,64
AMZN,Services,BiGRU,classification,20,1,9,0.34063183752136617,8.253719125475202,398,42,64
AMZN,Services,BiGRU,classification,20,1,10,0.34064789917600813,8.332114810035343,398,42,64
AMZN,Services,BiGRU,classification,20,1,11,0.29678610536321326,9.427990118662516,398,42,64
AMZN,Services,BiGRU,classification,20,1,12,0.3749056111029045,9.810254119691395,398,42,64
AMZN,Services,BiGRU,classification,20,1,13,0.34848465542098384,9.689875784374419,398,42,64
AMZN,Services,BiGRU,classification,20,1,14,0.19700391036481713,9.914637701851982,398,42,64
AMZN,Services,BiGRU,classification,20,1,15,0.1754778917860146,10.50593021937779,398,42,64
AMZN,Services,BiGRU,classification,20,1,16,0.1515778565601488,10.364532970246815,398,42,64
BA,Industrial Goods,BiGRU,classification,20,1,1,0.69529438078703,0.7586610373996553,398,42,64
BA,Industrial Goods,BiGRU,classification,20,1,2,0.6079956353010245,1.0831995691571916,398,42,64
BA,Industrial Goods,BiGRU,classification,20,1,3,0.5413140495817865,1.4508091495150612,398,42,64
BA,Industrial Goods,BiGRU,classification,20,1,4,0.4727049041633031,1.559705552600679,398,42,64
BA,Industrial Goods,BiGRU,classification,20,1,5,0.4130858749001469,2.3295685109638034,398,42,64
BA,Industrial Goods,BiGRU,classification,20,1,6,0.37163748558442194,2.716215338025774,398,42,64
BA,Industrial Goods,BiGRU,classification,20,1,7,0.3731578708294049,2.3603560016268776,398,42,64
BA,Industrial Goods,BiGRU,classification,20,1,8,0.3337201115174509,3.032520294189453,398,42,64
BA,Industrial Goods,BiGRU,classification,20,1,9,0.3380756056188938,2.082047666822161,398,42,64
BA,Industrial Goods,BiGRU,classification,20,1,10,0.33246979252177866,1.9133159206027077,398,42,64
BA,Industrial Goods,BiGRU,classification,20,1,11,0.2682938247769322,2.3446363721575056,398,42,64
BA,Industrial Goods,BiGRU,classification,20,1,12,0.25754303728515776,2.672174340202695,398,42,64
BA,Industrial Goods,BiGRU,classification,20,1,13,0.18724190410058103,3.042019526163737,398,42,64
BA,Industrial Goods,BiGRU,classification,20,1,14,0.14240952480078942,2.945278281257266,398,42,64
BA,Industrial Goods,BiGRU,classification,20,1,15,0.10276612145217819,3.84189544405256,398,42,64
BA,Industrial Goods,BiGRU,classification,20,1,16,0.10356704651111334,3.7701244127182734,398,42,64
BAC,Financial,BiGRU,classification,20,1,1,0.7014212135094494,0.7411797216960362,398,42,64
BAC,Financial,BiGRU,classification,20,1,2,0.607797333643065,0.9637647413072132,398,42,64
BAC,Financial,BiGRU,classification,20,1,3,0.5654600834726689,1.2214236940656389,398,42,64
BAC,Financial,BiGRU,classification,20,1,4,0.5076968132251471,1.6534956239518666,398,42,64
BAC,Financial,BiGRU,classification,20,1,5,0.4492075155727827,1.6689346404302687,398,42,64
BAC,Financial,BiGRU,classification,20,1,6,0.3859524490995024,1.9387273901984805,398,42,64
BAC,Financial,BiGRU,classification,20,1,7,0.3599735739542611,1.858353927021935,398,42,64
BAC,Financial,BiGRU,classification,20,1,8,0.36079793472086363,2.691704647881644,398,42,64
BAC,Financial,BiGRU,classification,20,1,9,0.2939712194042589,2.6194971175420854,398,42,64
BAC,Financial,BiGRU,classification,20,1,10,0.265955671780373,2.9803292070116316,398,42,64
BAC,Financial,BiGRU,classification,20,1,11,0.24541438823968323,2.97708645321074,398,42,64
BAC,Financial,BiGRU,classification,20,1,12,0.22737953287722476,2.8160979066576277,398,42,64
BAC,Financial,BiGRU,classification,20,1,13,0.1964503824336445,3.970552546637399,398,42,64
BAC,Financial,BiGRU,classification,20,1,14,0.14227110885046235,3.789069573084513,398,42,64
BAC,Financial,BiGRU,classification,20,1,15,0.14013729514039341,3.465988726842971,398,42,64
BAC,Financial,BiGRU,classification,20,1,16,0.09702080785853778,4.247459615979876,398,42,64
BBL,Basic Matierials,BiGRU,classification,20,1,1,0.697620209137998,0.690636070001693,398,42,64
BBL,Basic Matierials,BiGRU,classification,20,1,2,0.6688075580788617,0.6942465049879891,398,42,64
BBL,Basic Matierials,BiGRU,classification,20,1,3,0.5973817125037687,0.6967378173555646,398,42,64
BBL,Basic Matierials,BiGRU,classification,20,1,4,0.5602632961680541,0.772149764356159,398,42,64
BBL,Basic Matierials,BiGRU,classification,20,1,5,0.5107683268324215,0.7258752754756382,398,42,64
BBL,Basic Matierials,BiGRU,classification,20,1,6,0.4606664947528935,0.770037211122967,398,42,64
BBL,Basic Matierials,BiGRU,classification,20,1,7,0.42976258178452154,0.8778511087099711,398,42,64
BBL,Basic Matierials,BiGRU,classification,20,1,8,0.4042302039100896,0.8950329082352775,398,42,64
BBL,Basic Matierials,BiGRU,classification,20,1,9,0.4323306820500436,0.8669898424829755,398,42,64
BBL,Basic Matierials,BiGRU,classification,20,1,10,0.37590811060900664,1.2549004952112834,398,42,64
BBL,Basic Matierials,BiGRU,classification,20,1,11,0.36360939648283186,0.9961686787151155,398,42,64
BBL,Basic Matierials,BiGRU,classification,20,1,12,0.34923391291244543,0.8782659187203362,398,42,64
BBL,Basic Matierials,BiGRU,classification,20,1,13,0.3147139204806419,1.3040434973580497,398,42,64
BBL,Basic Matierials,BiGRU,classification,20,1,14,0.28029412854855984,1.0915162648473467,398,42,64
BBL,Basic Matierials,BiGRU,classification,20,1,15,0.28881514866148406,1.2403263591584706,398,42,64
BBL,Basic Matierials,BiGRU,classification,20,1,16,0.24018051074677377,1.4671285776864915,398,42,64
BCH,Financial,BiGRU,classification,20,1,1,0.7092944126033304,0.698315095333826,398,42,64
BCH,Financial,BiGRU,classification,20,1,2,0.6429360218383559,1.1598904132843018,398,42,64
BCH,Financial,BiGRU,classification,20,1,3,0.5953338691337624,1.5034478448686146,398,42,64
BCH,Financial,BiGRU,classification,20,1,4,0.5570744219137795,1.9054201671055384,398,42,64
BCH,Financial,BiGRU,classification,20,1,5,0.5219458167876431,1.6455603213537306,398,42,64
BCH,Financial,BiGRU,classification,20,1,6,0.47212382417228355,2.7444123200007846,398,42,64
BCH,Financial,BiGRU,classification,20,1,7,0.443565653796172,1.743714656148638,398,42,64
BCH,Financial,BiGRU,classification,20,1,8,0.41642788217295357,3.0909999211629233,398,42,64
BCH,Financial,BiGRU,classification,20,1,9,0.39046632973992046,3.094388098943801,398,42,64
BCH,Financial,BiGRU,classification,20,1,10,0.3904819473549349,1.7664280732472737,398,42,64
BCH,Financial,BiGRU,classification,20,1,11,0.3640572979821632,3.8202172233944847,398,42,64
BCH,Financial,BiGRU,classification,20,1,12,0.3568038089790536,2.7379196030753,398,42,64
BCH,Financial,BiGRU,classification,20,1,13,0.351195466129025,4.678174314044771,398,42,64
BCH,Financial,BiGRU,classification,20,1,14,0.31101196195612,3.0445690155029297,398,42,64
BCH,Financial,BiGRU,classification,20,1,15,0.27503263980299986,4.08315202168056,398,42,64
BCH,Financial,BiGRU,classification,20,1,16,0.27273249775920083,4.006675788334438,398,42,64
BHP,Basic Matierials,BiGRU,classification,20,1,1,0.7032917639118942,0.6706336197398958,398,42,64
BHP,Basic Matierials,BiGRU,classification,20,1,2,0.628935694694519,0.6479401418140956,398,42,64
BHP,Basic Matierials,BiGRU,classification,20,1,3,0.5758035925764534,0.653655971799578,398,42,64
BHP,Basic Matierials,BiGRU,classification,20,1,4,0.5207453337147008,0.6416760030246916,398,42,64
BHP,Basic Matierials,BiGRU,classification,20,1,5,0.4660600067383081,0.7125840187072754,398,42,64
BHP,Basic Matierials,BiGRU,classification,20,1,6,0.4593647895895656,0.9622079730033875,398,42,64
BHP,Basic Matierials,BiGRU,classification,20,1,7,0.40477649320909126,0.8144880306153071,398,42,64
BHP,Basic Matierials,BiGRU,classification,20,1,8,0.4109771070468366,1.6497215940838768,398,42,64
BHP,Basic Matierials,BiGRU,classification,20,1,9,0.37304395152695813,1.5663690112885975,398,42,64
BHP,Basic Matierials,BiGRU,classification,20,1,10,0.4454632373760693,0.9652301328522819,398,42,64
BHP,Basic Matierials,BiGRU,classification,20,1,11,0.323509932275693,0.8945939881461007,398,42,64
BHP,Basic Matierials,BiGRU,classification,20,1,12,0.31420802847299745,1.6016775256111508,398,42,64
BHP,Basic Matierials,BiGRU,classification,20,1,13,0.30936763806259215,0.9780278915450686,398,42,64
BHP,Basic Matierials,BiGRU,classification,20,1,14,0.26579337110321727,1.3302627347764515,398,42,64
BHP,Basic Matierials,BiGRU,classification,20,1,15,0.3345725252550451,1.2004877896535964,398,42,64
BHP,Basic Matierials,BiGRU,classification,20,1,16,0.22270291798453234,1.3178215651285081,398,42,64
BHP,Basic Matierials,BiGRU,classification,20,1,17,0.16898858237393838,1.4708965562638783,398,42,64
BP,Basic Matierials,BiGRU,classification,20,1,1,0.7094871788168672,0.8457968320165362,398,42,64
BP,Basic Matierials,BiGRU,classification,20,1,2,0.6396827907418486,1.378696118082319,398,42,64
BP,Basic Matierials,BiGRU,classification,20,1,3,0.5678262818398787,2.2138211273011708,398,42,64
BP,Basic Matierials,BiGRU,classification,20,1,4,0.5003206079928719,3.0858299164544967,398,42,64
BP,Basic Matierials,BiGRU,classification,20,1,5,0.4325141736011409,2.37388657388233,398,42,64
BP,Basic Matierials,BiGRU,classification,20,1,6,0.39605585923746006,4.943549791971843,398,42,64
BP,Basic Matierials,BiGRU,classification,20,1,7,0.37108121670071204,4.609392098018101,398,42,64
BP,Basic Matierials,BiGRU,classification,20,1,8,0.3724234635805964,1.7648216769808815,398,42,64
BP,Basic Matierials,BiGRU,classification,20,1,9,0.3253504648879545,2.93826116834368,398,42,64
BP,Basic Matierials,BiGRU,classification,20,1,10,0.29839995376129247,1.6493252686091833,398,42,64
BP,Basic Matierials,BiGRU,classification,20,1,11,0.30544709283203336,3.533755892799014,398,42,64
BP,Basic Matierials,BiGRU,classification,20,1,12,0.3199135021273814,3.4761420658656528,398,42,64
BP,Basic Matierials,BiGRU,classification,20,1,13,0.2760942155242565,1.8940448533921015,398,42,64
BP,Basic Matierials,BiGRU,classification,20,1,14,0.18422220076373474,2.204354456492833,398,42,64
BP,Basic Matierials,BiGRU,classification,20,1,15,0.1683457508758085,3.6109807037171864,398,42,64
BP,Basic Matierials,BiGRU,classification,20,1,16,0.14561084558691212,4.4852085794721335,398,42,64
BRK-A,Financial,BiGRU,classification,20,1,1,0.6882871829684655,0.8832493623097738,398,42,64
BRK-A,Financial,BiGRU,classification,20,1,2,0.6109835758580634,1.9476458912804013,398,42,64
BRK-A,Financial,BiGRU,classification,20,1,3,0.5900600967395245,3.0472915059044245,398,42,64
BRK-A,Financial,BiGRU,classification,20,1,4,0.5416747246255826,2.831493718283517,398,42,64
BRK-A,Financial,BiGRU,classification,20,1,5,0.5122859289298705,4.63024225689116,398,42,64
BRK-A,Financial,BiGRU,classification,20,1,6,0.49263764416153105,4.269035203116281,398,42,64
BRK-A,Financial,BiGRU,classification,20,1,7,0.46411658336768796,4.284429958888462,398,42,64
BRK-A,Financial,BiGRU,classification,20,1,8,0.4487269129884902,4.618479092915853,398,42,64
BRK-A,Financial,BiGRU,classification,20,1,9,0.42555116918218794,4.960361980256581,398,42,64
BRK-A,Financial,BiGRU,classification,20,1,10,0.37126357082146494,5.801836831229074,398,42,64
BRK-A,Financial,BiGRU,classification,20,1,11,0.382934741039372,5.163145246959868,398,42,64
BRK-A,Financial,BiGRU,classification,20,1,12,0.37162643423931085,7.503012112208775,398,42,64
BRK-A,Financial,BiGRU,classification,20,1,13,0.35634195782131883,5.80232774643671,398,42,64
BRK-A,Financial,BiGRU,classification,20,1,14,0.3504419175524208,7.201334226699102,398,42,64
BRK-A,Financial,BiGRU,classification,20,1,15,0.2948186030639476,8.095765658787318,398,42,64
BRK-A,Financial,BiGRU,classification,20,1,16,0.2512455664986941,7.346054531279064,398,42,64
BSAC,Financial,BiGRU,classification,20,1,1,0.7156363381213279,0.7689279857135954,398,42,64
BSAC,Financial,BiGRU,classification,20,1,2,0.6213241707739519,1.0378752095358712,398,42,64
BSAC,Financial,BiGRU,classification,20,1,3,0.5745741497332127,0.9729265485491071,398,42,64
BSAC,Financial,BiGRU,classification,20,1,4,0.5363979785885643,1.0921284755071003,398,42,64
BSAC,Financial,BiGRU,classification,20,1,5,0.480460627294665,1.1098130260195052,398,42,64
BSAC,Financial,BiGRU,classification,20,1,6,0.4273482995416651,1.35859515553429,398,42,64
BSAC,Financial,BiGRU,classification,20,1,7,0.42946859640092705,1.0004664432434809,398,42,64
BSAC,Financial,BiGRU,classification,20,1,8,0.3855543930326874,1.0486149277005876,398,42,64
BSAC,Financial,BiGRU,classification,20,1,9,0.3817977965177603,0.7766346448943728,398,42,64
BSAC,Financial,BiGRU,classification,20,1,10,0.4129975524979021,1.1332189185278756,398,42,64
BSAC,Financial,BiGRU,classification,20,1,11,0.4016617368813136,1.2763497148241316,398,42,64
BSAC,Financial,BiGRU,classification,20,1,12,0.3781653745989105,0.8870692820776076,398,42,64
BSAC,Financial,BiGRU,classification,20,1,13,0.3304405622745878,1.3918794223240443,398,42,64
BSAC,Financial,BiGRU,classification,20,1,14,0.29122701871335205,1.287525318917774,398,42,64
BSAC,Financial,BiGRU,classification,20,1,15,0.2616791146334691,0.9599448243776957,398,42,64
BSAC,Financial,BiGRU,classification,20,1,16,0.2597277979155881,1.07583072639647,398,42,64
BUD,Consumer Goods,BiGRU,classification,20,1,1,0.705683105555012,0.7995773525465102,398,42,64
BUD,Consumer Goods,BiGRU,classification,20,1,2,0.6343023532898582,1.1472823449543543,398,42,64
BUD,Consumer Goods,BiGRU,classification,20,1,3,0.5827399836712747,1.3422534352257138,398,42,64
BUD,Consumer Goods,BiGRU,classification,20,1,4,0.5424881581984573,2.193000838870094,398,42,64
BUD,Consumer Goods,BiGRU,classification,20,1,5,0.5115916359065166,2.0648127851032076,398,42,64
BUD,Consumer Goods,BiGRU,classification,20,1,6,0.4683892094909246,2.408985660189674,398,42,64
BUD,Consumer Goods,BiGRU,classification,20,1,7,0.43040347990378663,3.7681104796273366,398,42,64
BUD,Consumer Goods,BiGRU,classification,20,1,8,0.4192295365746896,2.347120512099493,398,42,64
BUD,Consumer Goods,BiGRU,classification,20,1,9,0.43323142235003526,3.8011887414114818,398,42,64
BUD,Consumer Goods,BiGRU,classification,20,1,10,0.40903363942201415,2.638546830131894,398,42,64
BUD,Consumer Goods,BiGRU,classification,20,1,11,0.39639392577523563,3.7590290932428267,398,42,64
BUD,Consumer Goods,BiGRU,classification,20,1,12,0.3829594871506619,4.474755150931222,398,42,64
BUD,Consumer Goods,BiGRU,classification,20,1,13,0.3882571037615364,4.116865884690058,398,42,64
BUD,Consumer Goods,BiGRU,classification,20,1,14,0.3134529968751735,3.948458330971854,398,42,64
BUD,Consumer Goods,BiGRU,classification,20,1,15,0.30436639562623585,4.939414932614281,398,42,64
BUD,Consumer Goods,BiGRU,classification,20,1,16,0.293029178514253,4.018287091028123,398,42,64
C,Financial,BiGRU,classification,20,1,1,0.6718614430882823,0.7606115823700315,398,42,64
C,Financial,BiGRU,classification,20,1,2,0.6023670701525319,1.2628879036222185,398,42,64
C,Financial,BiGRU,classification,20,1,3,0.5455719720778154,1.5643469265529089,398,42,64
C,Financial,BiGRU,classification,20,1,4,0.4969830038259976,1.9586828209104992,398,42,64
C,Financial,BiGRU,classification,20,1,5,0.4423473758164363,2.1591698896317255,398,42,64
C,Financial,BiGRU,classification,20,1,6,0.39087050419356956,2.7546647843860446,398,42,64
C,Financial,BiGRU,classification,20,1,7,0.3528870355768419,2.7974470456441245,398,42,64
C,Financial,BiGRU,classification,20,1,8,0.3397342764103233,2.98110100201198,398,42,64
C,Financial,BiGRU,classification,20,1,9,0.31964835749199644,2.9868826866149902,398,42,64
C,Financial,BiGRU,classification,20,1,10,0.2505942271208044,3.1867973918006536,398,42,64
C,Financial,BiGRU,classification,20,1,11,0.24500622297052163,3.1312131200517928,398,42,64
C,Financial,BiGRU,classification,20,1,12,0.22081437984940094,3.9048482122875394,398,42,64
C,Financial,BiGRU,classification,20,1,13,0.21589199918317586,3.472821212950207,398,42,64
C,Financial,BiGRU,classification,20,1,14,0.16183941171097396,3.968856311979748,398,42,64
C,Financial,BiGRU,classification,20,1,15,0.1706103939216715,5.40570745014009,398,42,64
C,Financial,BiGRU,classification,20,1,16,0.12585051227875765,3.588552395502726,398,42,64
CAT,Industrial Goods,BiGRU,classification,20,1,1,0.7179876904391763,0.7683438091051011,398,42,64
CAT,Industrial Goods,BiGRU,classification,20,1,2,0.6333811720411981,1.2864456744421096,398,42,64
CAT,Industrial Goods,BiGRU,classification,20,1,3,0.568570274204465,1.777334383555821,398,42,64
CAT,Industrial Goods,BiGRU,classification,20,1,4,0.5015818683346313,2.0730813457852317,398,42,64
CAT,Industrial Goods,BiGRU,classification,20,1,5,0.4680621996896351,3.061663105374291,398,42,64
CAT,Industrial Goods,BiGRU,classification,20,1,6,0.4169647486964662,3.3475575901213146,398,42,64
CAT,Industrial Goods,BiGRU,classification,20,1,7,0.42220580727610757,2.765958172934396,398,42,64
CAT,Industrial Goods,BiGRU,classification,20,1,8,0.3615611280927706,3.416310946146647,398,42,64
CAT,Industrial Goods,BiGRU,classification,20,1,9,0.31426983607474285,3.581801868620373,398,42,64
CAT,Industrial Goods,BiGRU,classification,20,1,10,0.3289428102460938,3.856025990985689,398,42,64
CAT,Industrial Goods,BiGRU,classification,20,1,11,0.2917804438714406,2.371685436793736,398,42,64
CAT,Industrial Goods,BiGRU,classification,20,1,12,0.3318012736400767,4.376137324741909,398,42,64
CAT,Industrial Goods,BiGRU,classification,20,1,13,0.2753612951717185,2.7984664667220343,398,42,64
CAT,Industrial Goods,BiGRU,classification,20,1,14,0.1854044498885097,3.5717529569353377,398,42,64
CAT,Industrial Goods,BiGRU,classification,20,1,15,0.14484210145758025,4.742400237492153,398,42,64
CAT,Industrial Goods,BiGRU,classification,20,1,16,0.1562907454281596,4.717808519090925,398,42,64
CELG,Healthcare,BiGRU,classification,20,1,1,0.7037509583947646,0.6563081400735038,398,42,64
CELG,Healthcare,BiGRU,classification,20,1,2,0.6147866494691552,0.6719695939904168,398,42,64
CELG,Healthcare,BiGRU,classification,20,1,3,0.5574381668963025,0.7679133855161213,398,42,64
CELG,Healthcare,BiGRU,classification,20,1,4,0.47327627309003667,0.8087096342018673,398,42,64
CELG,Healthcare,BiGRU,classification,20,1,5,0.44156797567204614,1.1146577241874875,398,42,64
CELG,Healthcare,BiGRU,classification,20,1,6,0.39070433288363354,1.4093260623159862,398,42,64
CELG,Healthcare,BiGRU,classification,20,1,7,0.37437092314413445,1.245946739401136,398,42,64
CELG,Healthcare,BiGRU,classification,20,1,8,0.3477321318046531,1.2928038083371662,398,42,64
CELG,Healthcare,BiGRU,classification,20,1,9,0.3053168064011401,1.3980849328495206,398,42,64
CELG,Healthcare,BiGRU,classification,20,1,10,0.3725172709205642,1.5534649306819552,398,42,64
CELG,Healthcare,BiGRU,classification,20,1,11,0.2954114142374777,1.6221800730341958,398,42,64
CELG,Healthcare,BiGRU,classification,20,1,12,0.29299257909083487,1.1004753701743626,398,42,64
CELG,Healthcare,BiGRU,classification,20,1,13,0.22886086172943737,1.974852706704821,398,42,64
CELG,Healthcare,BiGRU,classification,20,1,14,0.22816544209592907,1.9983500015167963,398,42,64
CELG,Healthcare,BiGRU,classification,20,1,15,0.16028076292357252,2.005495023159754,398,42,64
CELG,Healthcare,BiGRU,classification,20,1,16,0.1327216066700879,2.591978589693705,398,42,64
CHL,Technology,BiGRU,classification,20,1,1,0.7104884847324697,0.6983836349986848,398,42,64
CHL,Technology,BiGRU,classification,20,1,2,0.6262732574987651,0.7565705123401824,398,42,64
CHL,Technology,BiGRU,classification,20,1,3,0.5935227336296484,0.8439564790044513,398,42,64
CHL,Technology,BiGRU,classification,20,1,4,0.5269717362957385,1.0041509128752208,398,42,64
CHL,Technology,BiGRU,classification,20,1,5,0.4966991495846504,1.2295475630533128,398,42,64
CHL,Technology,BiGRU,classification,20,1,6,0.4625224590151753,0.9176944494247437,398,42,64
CHL,Technology,BiGRU,classification,20,1,7,0.43855159561238694,1.3551880234763736,398,42,64
CHL,Technology,BiGRU,classification,20,1,8,0.42852817183762937,1.2458947329294114,398,42,64
CHL,Technology,BiGRU,classification,20,1,9,0.39843935972482114,1.3510687322843642,398,42,64
CHL,Technology,BiGRU,classification,20,1,10,0.39929806077899643,1.5905054523831321,398,42,64
CHL,Technology,BiGRU,classification,20,1,11,0.34464965798147956,1.3030312118076144,398,42,64
CHL,Technology,BiGRU,classification,20,1,12,0.37501156667069574,1.4714177421161108,398,42,64
CHL,Technology,BiGRU,classification,20,1,13,0.33129139813646,1.6152327571596419,398,42,64
CHL,Technology,BiGRU,classification,20,1,14,0.27906031577131857,1.4042301121212186,398,42,64
CHL,Technology,BiGRU,classification,20,1,15,0.2544883451419859,1.6441046510423933,398,42,64
CHL,Technology,BiGRU,classification,20,1,16,0.23393043044523978,1.874360129946754,398,42,64
CHTR,Services,BiGRU,classification,20,1,1,0.7076774494132804,0.6467346463884626,398,42,64
CHTR,Services,BiGRU,classification,20,1,2,0.6304471912096493,0.607035273597354,398,42,64
CHTR,Services,BiGRU,classification,20,1,3,0.5841726972230116,0.6286092883064633,398,42,64
CHTR,Services,BiGRU,classification,20,1,4,0.5406824574997676,0.7015736812636966,398,42,64
CHTR,Services,BiGRU,classification,20,1,5,0.490742767875518,0.7898286183675131,398,42,64
CHTR,Services,BiGRU,classification,20,1,6,0.44011490129346226,0.7872512482461476,398,42,64
CHTR,Services,BiGRU,classification,20,1,7,0.39925736173912507,0.6291866586321876,398,42,64
CHTR,Services,BiGRU,classification,20,1,8,0.422154216760367,0.8584430302892413,398,42,64
CHTR,Services,BiGRU,classification,20,1,9,0.3937112608147626,0.866538439478193,398,42,64
CHTR,Services,BiGRU,classification,20,1,10,0.40464216171197553,0.8152645996638707,398,42,64
CHTR,Services,BiGRU,classification,20,1,11,0.3514824067827445,0.7477183852876935,398,42,64
CHTR,Services,BiGRU,classification,20,1,12,0.3740622846025917,0.8341314707483564,398,42,64
CHTR,Services,BiGRU,classification,20,1,13,0.2682974954795598,0.7551633772395906,398,42,64
CHTR,Services,BiGRU,classification,20,1,14,0.25404417013103636,1.057130944161188,398,42,64
CHTR,Services,BiGRU,classification,20,1,15,0.26121615756995714,0.8676037987073263,398,42,64
CHTR,Services,BiGRU,classification,20,1,16,0.20848618687397272,0.8727779175554004,398,42,64
CHTR,Services,BiGRU,classification,20,1,17,0.18118134620201648,1.0822194417317708,398,42,64
CMCSA,Services,BiGRU,classification,20,1,1,0.700635115405423,0.7411575714747111,398,42,64
CMCSA,Services,BiGRU,classification,20,1,2,0.621640805922561,0.8012737177667164,398,42,64
CMCSA,Services,BiGRU,classification,20,1,3,0.5599714471167655,0.7566115061442057,398,42,64
CMCSA,Services,BiGRU,classification,20,1,4,0.5012745804822625,0.7611506978670756,398,42,64
CMCSA,Services,BiGRU,classification,20,1,5,0.4377773023729947,0.818502216112046,398,42,64
CMCSA,Services,BiGRU,classification,20,1,6,0.41065791893244985,0.8854820841834659,398,42,64
CMCSA,Services,BiGRU,classification,20,1,7,0.34153397912955163,1.1711027991204035,398,42,64
CMCSA,Services,BiGRU,classification,20,1,8,0.33095911639419634,1.1226634269668943,398,42,64
CMCSA,Services,BiGRU,classification,20,1,9,0.28588009966378236,1.6078269765490578,398,42,64
CMCSA,Services,BiGRU,classification,20,1,10,0.297286254976263,1.2044504313241868,398,42,64
CMCSA,Services,BiGRU,classification,20,1,11,0.26599850269717784,1.3058913775852747,398,42,64
CMCSA,Services,BiGRU,classification,20,1,12,0.22479193300083655,1.5114394994009108,398,42,64
CMCSA,Services,BiGRU,classification,20,1,13,0.21595365969679464,1.2787258284432548,398,42,64
CMCSA,Services,BiGRU,classification,20,1,14,0.2228139426240969,1.667503833770752,398,42,64
CMCSA,Services,BiGRU,classification,20,1,15,0.15549767822326727,1.3959351948329382,398,42,64
CMCSA,Services,BiGRU,classification,20,1,16,0.14083156740320987,1.5196878001803444,398,42,64
CODI,Conglomerates,BiGRU,classification,20,1,1,0.6912024874783042,0.7180393167904445,398,42,64
CODI,Conglomerates,BiGRU,classification,20,1,2,0.6026767995489303,0.8155356446901957,398,42,64
CODI,Conglomerates,BiGRU,classification,20,1,3,0.5562399480510597,0.930688392548334,398,42,64
CODI,Conglomerates,BiGRU,classification,20,1,4,0.5141122949183287,1.1268878834588187,398,42,64
CODI,Conglomerates,BiGRU,classification,20,1,5,0.4620991043709031,1.3200152487981887,398,42,64
CODI,Conglomerates,BiGRU,classification,20,1,6,0.41889512508957827,1.244168105579558,398,42,64
CODI,Conglomerates,BiGRU,classification,20,1,7,0.4180173113118464,1.49069040729886,398,42,64
CODI,Conglomerates,BiGRU,classification,20,1,8,0.4238201960846407,1.444571506409418,398,42,64
CODI,Conglomerates,BiGRU,classification,20,1,9,0.34896038053323275,1.4690116360073997,398,42,64
CODI,Conglomerates,BiGRU,classification,20,1,10,0.35268308147413646,1.7412776265825545,398,42,64
CODI,Conglomerates,BiGRU,classification,20,1,11,0.34213544271100105,1.7010871455782937,398,42,64
CODI,Conglomerates,BiGRU,classification,20,1,12,0.3187402727166612,1.9398168268657865,398,42,64
CODI,Conglomerates,BiGRU,classification,20,1,13,0.4124577689036053,1.7559600217001778,398,42,64
CODI,Conglomerates,BiGRU,classification,20,1,14,0.3003183527657734,2.246420667285011,398,42,64
CODI,Conglomerates,BiGRU,classification,20,1,15,0.2562506897515388,1.7354201816377186,398,42,64
CODI,Conglomerates,BiGRU,classification,20,1,16,0.26344101187122526,2.3641039530436196,398,42,64
CSCO,Technology,BiGRU,classification,20,1,1,0.6947814019481141,0.7598725670859927,398,42,64
CSCO,Technology,BiGRU,classification,20,1,2,0.5989552841114638,1.1589607851845878,398,42,64
CSCO,Technology,BiGRU,classification,20,1,3,0.5445638736288752,1.7514147872016543,398,42,64
CSCO,Technology,BiGRU,classification,20,1,4,0.49754387245106335,2.153402941567557,398,42,64
CSCO,Technology,BiGRU,classification,20,1,5,0.4536523672204521,2.3805529049464633,398,42,64
CSCO,Technology,BiGRU,classification,20,1,6,0.4394556102740705,2.6840942246573314,398,42,64
CSCO,Technology,BiGRU,classification,20,1,7,0.38449163742400894,3.3039741970243908,398,42,64
CSCO,Technology,BiGRU,classification,20,1,8,0.361763021005458,2.4805826913742792,398,42,64
CSCO,Technology,BiGRU,classification,20,1,9,0.3354871307485667,4.636712846301851,398,42,64
CSCO,Technology,BiGRU,classification,20,1,10,0.339041772349995,3.001906849089123,398,42,64
CSCO,Technology,BiGRU,classification,20,1,11,0.29036908926226984,3.192521503993443,398,42,64
CSCO,Technology,BiGRU,classification,20,1,12,0.2800195232857412,5.128649802435012,398,42,64
CSCO,Technology,BiGRU,classification,20,1,13,0.2607843494931957,4.559923558008103,398,42,64
CSCO,Technology,BiGRU,classification,20,1,14,0.2039848216364731,4.714161237080892,398,42,64
CSCO,Technology,BiGRU,classification,20,1,15,0.15106413655694406,5.087898390633719,398,42,64
CSCO,Technology,BiGRU,classification,20,1,16,0.14374338761533625,5.092792828877767,398,42,64
CVX,Basic Matierials,BiGRU,classification,20,1,1,0.6927991713111724,0.8303470668338594,398,42,64
CVX,Basic Matierials,BiGRU,classification,20,1,2,0.6298867901365961,1.4604641766775222,398,42,64
CVX,Basic Matierials,BiGRU,classification,20,1,3,0.5693815407441489,1.8552829254241217,398,42,64
CVX,Basic Matierials,BiGRU,classification,20,1,4,0.5222161561999489,2.605349688302903,398,42,64
CVX,Basic Matierials,BiGRU,classification,20,1,5,0.4747055658143968,3.194651728584653,398,42,64
CVX,Basic Matierials,BiGRU,classification,20,1,6,0.43485293226625454,4.0788424128577825,398,42,64
CVX,Basic Matierials,BiGRU,classification,20,1,7,0.40021845893045166,3.7088839440118697,398,42,64
CVX,Basic Matierials,BiGRU,classification,20,1,8,0.38242800121930376,5.196018650418236,398,42,64
CVX,Basic Matierials,BiGRU,classification,20,1,9,0.33450957713414675,4.307063488733201,398,42,64
CVX,Basic Matierials,BiGRU,classification,20,1,10,0.3048247553445586,5.043698878515334,398,42,64
CVX,Basic Matierials,BiGRU,classification,20,1,11,0.2755391707821707,4.180803298950195,398,42,64
CVX,Basic Matierials,BiGRU,classification,20,1,12,0.2599937060670038,6.935397715795608,398,42,64
CVX,Basic Matierials,BiGRU,classification,20,1,13,0.19719471980878456,5.593163376762753,398,42,64
CVX,Basic Matierials,BiGRU,classification,20,1,14,0.18207588604646713,5.188229856036958,398,42,64
CVX,Basic Matierials,BiGRU,classification,20,1,15,0.16103185151689617,6.305935700734456,398,42,64
CVX,Basic Matierials,BiGRU,classification,20,1,16,0.19603112729350528,8.182902971903482,398,42,64
D,Utilities,BiGRU,classification,20,1,1,0.6921863774558408,0.7660655322529021,398,42,64
D,Utilities,BiGRU,classification,20,1,2,0.5872293050265193,1.0763747408276512,398,42,64
D,Utilities,BiGRU,classification,20,1,3,0.5416487512277,1.2407155405907404,398,42,64
D,Utilities,BiGRU,classification,20,1,4,0.47785988547394626,1.2630784596715654,398,42,64
D,Utilities,BiGRU,classification,20,1,5,0.422609333267164,1.9706999517622448,398,42,64
D,Utilities,BiGRU,classification,20,1,6,0.40313542682920867,1.472833363782792,398,42,64
D,Utilities,BiGRU,classification,20,1,7,0.4027468136057782,1.8684524922143846,398,42,64
D,Utilities,BiGRU,classification,20,1,8,0.3588063080406668,1.9266965559550695,398,42,64
D,Utilities,BiGRU,classification,20,1,9,0.3324765813111061,1.4543668485823131,398,42,64
D,Utilities,BiGRU,classification,20,1,10,0.31860156252456073,2.1150175673621043,398,42,64
D,Utilities,BiGRU,classification,20,1,11,0.2758390354226582,2.0886326403844926,398,42,64
D,Utilities,BiGRU,classification,20,1,12,0.24015235799790627,1.6976824828556605,398,42,64
D,Utilities,BiGRU,classification,20,1,13,0.25014690845156434,2.3498546112151373,398,42,64
D,Utilities,BiGRU,classification,20,1,14,0.18943498193768402,2.2621029558635892,398,42,64
D,Utilities,BiGRU,classification,20,1,15,0.19191900801718534,2.5975903556460427,398,42,64
D,Utilities,BiGRU,classification,20,1,16,0.14075218242167228,2.4532254536946616,398,42,64
DHR,Industrial Goods,BiGRU,classification,20,1,1,0.7334813984794233,0.7529221744764418,398,42,64
DHR,Industrial Goods,BiGRU,classification,20,1,2,0.6411757831597448,1.1179971467880976,398,42,64
DHR,Industrial Goods,BiGRU,classification,20,1,3,0.5855052941408588,1.8209551572799683,398,42,64
DHR,Industrial Goods,BiGRU,classification,20,1,4,0.5525047425648675,2.3786070006234303,398,42,64
DHR,Industrial Goods,BiGRU,classification,20,1,5,0.5000921342540626,2.5153821195874895,398,42,64
DHR,Industrial Goods,BiGRU,classification,20,1,6,0.4732689480086667,2.599915561221895,398,42,64
DHR,Industrial Goods,BiGRU,classification,20,1,7,0.4807061109710578,3.2502046199071977,398,42,64
DHR,Industrial Goods,BiGRU,classification,20,1,8,0.4419197986772911,3.7495186896551225,398,42,64
DHR,Industrial Goods,BiGRU,classification,20,1,9,0.4329003311281827,2.820768799100603,398,42,64
DHR,Industrial Goods,BiGRU,classification,20,1,10,0.4735929071903229,3.1798027015867687,398,42,64
DHR,Industrial Goods,BiGRU,classification,20,1,11,0.4429401532938732,3.440041769118536,398,42,64
DHR,Industrial Goods,BiGRU,classification,20,1,12,0.3577350743451909,3.293472346805391,398,42,64
DHR,Industrial Goods,BiGRU,classification,20,1,13,0.3306688100249324,4.131413482484364,398,42,64
DHR,Industrial Goods,BiGRU,classification,20,1,14,0.29340367438505643,3.7593422049567815,398,42,64
DHR,Industrial Goods,BiGRU,classification,20,1,15,0.24390215325595146,3.873519806634812,398,42,64
DHR,Industrial Goods,BiGRU,classification,20,1,16,0.24229667167268207,4.646503607432048,398,42,64
DIS,Services,BiGRU,classification,20,1,1,0.6998260826920745,0.958518419946943,398,42,64
DIS,Services,BiGRU,classification,20,1,2,0.6365077294895997,2.2925649938129244,398,42,64
DIS,Services,BiGRU,classification,20,1,3,0.5729044765683274,3.4021864845639183,398,42,64
DIS,Services,BiGRU,classification,20,1,4,0.5121381893828886,3.9988586334955123,398,42,64
DIS,Services,BiGRU,classification,20,1,5,0.458270319742174,4.134959697723389,398,42,64
DIS,Services,BiGRU,classification,20,1,6,0.4136991457423972,4.406203655969529,398,42,64
DIS,Services,BiGRU,classification,20,1,7,0.3479788303375244,6.522450855800083,398,42,64
DIS,Services,BiGRU,classification,20,1,8,0.3343722528249175,6.548308190845308,398,42,64
DIS,Services,BiGRU,classification,20,1,9,0.34763056219522676,4.257135436648414,398,42,64
DIS,Services,BiGRU,classification,20,1,10,0.32740597509259556,6.599467913309733,398,42,64
DIS,Services,BiGRU,classification,20,1,11,0.3622673757411727,5.456864992777507,398,42,64
DIS,Services,BiGRU,classification,20,1,12,0.28775265580745196,6.138971692039853,398,42,64
DIS,Services,BiGRU,classification,20,1,13,0.24127765846012825,6.712579091389974,398,42,64
DIS,Services,BiGRU,classification,20,1,14,0.20858189987776868,6.368409156799316,398,42,64
DIS,Services,BiGRU,classification,20,1,15,0.1259908280031166,7.393779709225609,398,42,64
DIS,Services,BiGRU,classification,20,1,16,0.14563754844905144,7.380542346409389,398,42,64
DUK,Utilities,BiGRU,classification,20,1,1,0.6909854454011773,0.715816338857015,398,42,64
DUK,Utilities,BiGRU,classification,20,1,2,0.6262163043621197,0.7924995252064296,398,42,64
DUK,Utilities,BiGRU,classification,20,1,3,0.583105428584257,0.915957734698341,398,42,64
DUK,Utilities,BiGRU,classification,20,1,4,0.5401365491912593,0.9084914071219308,398,42,64
DUK,Utilities,BiGRU,classification,20,1,5,0.49627452100341646,1.0844447215398152,398,42,64
DUK,Utilities,BiGRU,classification,20,1,6,0.4586281927686241,0.9654357092721122,398,42,64
DUK,Utilities,BiGRU,classification,20,1,7,0.42576207699787677,1.1318138724281674,398,42,64
DUK,Utilities,BiGRU,classification,20,1,8,0.4272073383007816,1.3287981294450306,398,42,64
DUK,Utilities,BiGRU,classification,20,1,9,0.4136290381002666,1.088946126756214,398,42,64
DUK,Utilities,BiGRU,classification,20,1,10,0.39925171667007947,1.6119610355013894,398,42,64
DUK,Utilities,BiGRU,classification,20,1,11,0.3545956815307464,1.0247718209312076,398,42,64
DUK,Utilities,BiGRU,classification,20,1,12,0.30212978404670504,1.1448008389700026,398,42,64
DUK,Utilities,BiGRU,classification,20,1,13,0.28534150378188894,1.2523778563454038,398,42,64
DUK,Utilities,BiGRU,classification,20,1,14,0.2532115632565177,1.147056982630775,398,42,64
DUK,Utilities,BiGRU,classification,20,1,15,0.2221260293194996,1.1238115571794056,398,42,64
DUK,Utilities,BiGRU,classification,20,1,16,0.18465057187643483,0.9007072846094767,398,42,64
EXC,Utilities,BiGRU,classification,20,1,1,0.6874088641986176,0.7746938154810951,398,42,64
EXC,Utilities,BiGRU,classification,20,1,2,0.6258185472919713,1.0268344368253435,398,42,64
EXC,Utilities,BiGRU,classification,20,1,3,0.5683782210002593,1.2472164460590907,398,42,64
EXC,Utilities,BiGRU,classification,20,1,4,0.5112359760394648,2.0521112510136197,398,42,64
EXC,Utilities,BiGRU,classification,20,1,5,0.45330358405209065,2.82344084694272,398,42,64
EXC,Utilities,BiGRU,classification,20,1,6,0.42994184904362087,2.46604323387146,398,42,64
EXC,Utilities,BiGRU,classification,20,1,7,0.4475910809995541,2.6780555361793157,398,42,64
EXC,Utilities,BiGRU,classification,20,1,8,0.43442194410903967,3.6530944052196683,398,42,64
EXC,Utilities,BiGRU,classification,20,1,9,0.3710481469056115,2.2543585413978215,398,42,64
EXC,Utilities,BiGRU,classification,20,1,10,0.3781679520317957,4.106822695050921,398,42,64
EXC,Utilities,BiGRU,classification,20,1,11,0.29435265775601466,4.23599436169579,398,42,64
EXC,Utilities,BiGRU,classification,20,1,12,0.24883775843597536,3.8593267713274275,398,42,64
EXC,Utilities,BiGRU,classification,20,1,13,0.215870250783973,5.281913552965436,398,42,64
EXC,Utilities,BiGRU,classification,20,1,14,0.2128636984894024,4.680285930633545,398,42,64
EXC,Utilities,BiGRU,classification,20,1,15,0.20686799995413976,5.901693934486026,398,42,64
EXC,Utilities,BiGRU,classification,20,1,16,0.17032602315197637,6.42016483488537,398,42,64
FB,Technology,BiGRU,classification,20,1,1,0.6869276776984709,0.7440404154005504,398,42,64
FB,Technology,BiGRU,classification,20,1,2,0.6035958423686387,1.3724636747723533,398,42,64
FB,Technology,BiGRU,classification,20,1,3,0.5368441019825001,2.188985052562895,398,42,64
FB,Technology,BiGRU,classification,20,1,4,0.49124494599337554,3.12749897866022,398,42,64
FB,Technology,BiGRU,classification,20,1,5,0.4235819004588391,4.249019690922329,398,42,64
FB,Technology,BiGRU,classification,20,1,6,0.3890533224122608,4.033794425782704,398,42,64
FB,Technology,BiGRU,classification,20,1,7,0.3702510685177904,7.621575741540818,398,42,64
FB,Technology,BiGRU,classification,20,1,8,0.385049427798645,6.1957992144993375,398,42,64
FB,Technology,BiGRU,classification,20,1,9,0.30658795186622656,7.439312571570987,398,42,64
FB,Technology,BiGRU,classification,20,1,10,0.30983427219354925,6.704354626791818,398,42,64
FB,Technology,BiGRU,classification,20,1,11,0.2907334853656328,6.343808128720238,398,42,64
FB,Technology,BiGRU,classification,20,1,12,0.24736904468967688,8.06771419161842,398,42,64
FB,Technology,BiGRU,classification,20,1,13,0.26008213861803314,8.232245922088623,398,42,64
FB,Technology,BiGRU,classification,20,1,14,0.2081381381681217,7.017272903805687,398,42,64
FB,Technology,BiGRU,classification,20,1,15,0.161551989053362,8.685497511000861,398,42,64
FB,Technology,BiGRU,classification,20,1,16,0.15537245062427904,9.037698564075288,398,42,64
GD,Industrial Goods,BiGRU,classification,20,1,1,0.7120620776061437,0.70315553744634,398,42,64
GD,Industrial Goods,BiGRU,classification,20,1,2,0.6373817699039401,0.7733711117789859,398,42,64
GD,Industrial Goods,BiGRU,classification,20,1,3,0.5753346760967868,0.8911880084446498,398,42,64
GD,Industrial Goods,BiGRU,classification,20,1,4,0.4979293304472113,1.0123931907472157,398,42,64
GD,Industrial Goods,BiGRU,classification,20,1,5,0.45302947082711226,1.1724159660793485,398,42,64
GD,Industrial Goods,BiGRU,classification,20,1,6,0.4273215529307648,1.4138511419296265,398,42,64
GD,Industrial Goods,BiGRU,classification,20,1,7,0.39736167955488416,1.5584296669278825,398,42,64
GD,Industrial Goods,BiGRU,classification,20,1,8,0.3445104595329893,1.376251635097322,398,42,64
GD,Industrial Goods,BiGRU,classification,20,1,9,0.33252396050784455,1.45308294182732,398,42,64
GD,Industrial Goods,BiGRU,classification,20,1,10,0.31250709942986615,1.642022235052926,398,42,64
GD,Industrial Goods,BiGRU,classification,20,1,11,0.3106279674561779,1.8238963740212577,398,42,64
GD,Industrial Goods,BiGRU,classification,20,1,12,0.33732571203879375,2.015291940598261,398,42,64
GD,Industrial Goods,BiGRU,classification,20,1,13,0.3145122823759389,1.985536223366147,398,42,64
GD,Industrial Goods,BiGRU,classification,20,1,14,0.2111975782780192,1.6932515700658162,398,42,64
GD,Industrial Goods,BiGRU,classification,20,1,15,0.2110334806350158,2.709844010216849,398,42,64
GD,Industrial Goods,BiGRU,classification,20,1,16,0.24281245964256362,1.8447847082501365,398,42,64
GE,Industrial Goods,BiGRU,classification,20,1,1,0.6948746607531255,0.6896524713152931,398,42,64
GE,Industrial Goods,BiGRU,classification,20,1,2,0.6223604277749757,0.858966398806799,398,42,64
GE,Industrial Goods,BiGRU,classification,20,1,3,0.5674798296923613,1.030338031905038,398,42,64
GE,Industrial Goods,BiGRU,classification,20,1,4,0.5167907093038511,1.1472590821129935,398,42,64
GE,Industrial Goods,BiGRU,classification,20,1,5,0.44750448836753115,1.2149924948101951,398,42,64
GE,Industrial Goods,BiGRU,classification,20,1,6,0.39245949880262115,1.8923226367859614,398,42,64
GE,Industrial Goods,BiGRU,classification,20,1,7,0.34566768696859257,1.3879414115633284,398,42,64
GE,Industrial Goods,BiGRU,classification,20,1,8,0.3039828183962472,2.1241914601553056,398,42,64
GE,Industrial Goods,BiGRU,classification,20,1,9,0.26182964339328174,1.7292090370541526,398,42,64
GE,Industrial Goods,BiGRU,classification,20,1,10,0.23373490092742383,2.272704215276809,398,42,64
GE,Industrial Goods,BiGRU,classification,20,1,11,0.23734309331481182,2.650316584677923,398,42,64
GE,Industrial Goods,BiGRU,classification,20,1,12,0.2552444774226927,3.3297660577864874,398,42,64
GE,Industrial Goods,BiGRU,classification,20,1,13,0.19105236090008337,2.9641354311080206,398,42,64
GE,Industrial Goods,BiGRU,classification,20,1,14,0.1684472356085202,2.7412693614051458,398,42,64
GE,Industrial Goods,BiGRU,classification,20,1,15,0.13373130231384356,2.5796205145972118,398,42,64
GE,Industrial Goods,BiGRU,classification,20,1,16,0.09690598956772581,3.833481096086048,398,42,64
GOOG,Technology,BiGRU,classification,20,1,1,0.6773348208048835,0.916608262629736,398,42,64
GOOG,Technology,BiGRU,classification,20,1,2,0.6076187266776311,1.1258057866777693,398,42,64
GOOG,Technology,BiGRU,classification,20,1,3,0.5581872088825284,1.2114066623506092,398,42,64
GOOG,Technology,BiGRU,classification,20,1,4,0.5090237198463038,0.9604292568706331,398,42,64
GOOG,Technology,BiGRU,classification,20,1,5,0.4545360045816431,0.7764626854941958,398,42,64
GOOG,Technology,BiGRU,classification,20,1,6,0.3847618929704829,1.169022418203808,398,42,64
GOOG,Technology,BiGRU,classification,20,1,7,0.3302746976739797,0.9495686576479957,398,42,64
GOOG,Technology,BiGRU,classification,20,1,8,0.3113552092307776,0.8772865959576198,398,42,64
GOOG,Technology,BiGRU,classification,20,1,9,0.30989481740860486,1.2146958311398823,398,42,64
GOOG,Technology,BiGRU,classification,20,1,10,0.29343277156053477,3.032169376100813,398,42,64
GOOG,Technology,BiGRU,classification,20,1,11,0.27907977271918677,0.98904559583891,398,42,64
GOOG,Technology,BiGRU,classification,20,1,12,0.24286301516408298,1.3570215985888527,398,42,64
GOOG,Technology,BiGRU,classification,20,1,13,0.22328101937195763,0.9510679301761445,398,42,64
GOOG,Technology,BiGRU,classification,20,1,14,0.1600142703883013,2.2731009324391684,398,42,64
GOOG,Technology,BiGRU,classification,20,1,15,0.16060550859076295,0.9639121577853248,398,42,64
GOOG,Technology,BiGRU,classification,20,1,16,0.11617513322950009,1.3288292771294004,398,42,64
GOOG,Technology,BiGRU,classification,20,1,17,0.11567334115654979,1.1053588361967177,398,42,64
GOOG,Technology,BiGRU,classification,20,1,18,0.08179270831783812,1.440177872067406,398,42,64
GOOG,Technology,BiGRU,classification,20,1,19,0.06289548135769726,1.5320382799421037,398,42,64
GOOG,Technology,BiGRU,classification,20,1,20,0.07888551726562892,1.3524930349418096,398,42,64
HD,Services,BiGRU,classification,20,1,1,0.6799025451717664,0.7052323080244518,398,42,64
HD,Services,BiGRU,classification,20,1,2,0.5894017321380538,0.9538188179334005,398,42,64
HD,Services,BiGRU,classification,20,1,3,0.5276505190822947,1.3404336458160764,398,42,64
HD,Services,BiGRU,classification,20,1,4,0.4766750690625541,1.4255112012227376,398,42,64
HD,Services,BiGRU,classification,20,1,5,0.43549298206765447,2.1150789828527543,398,42,64
HD,Services,BiGRU,classification,20,1,6,0.38236797829369207,2.1704926377251033,398,42,64
HD,Services,BiGRU,classification,20,1,7,0.35311922752977015,1.5387489511853172,398,42,64
HD,Services,BiGRU,classification,20,1,8,0.35628393741708303,2.379205998920259,398,42,64
HD,Services,BiGRU,classification,20,1,9,0.3603788334221097,2.866532552809942,398,42,64
HD,Services,BiGRU,classification,20,1,10,0.29807347332562634,2.224786468914577,398,42,64
HD,Services,BiGRU,classification,20,1,11,0.2478037350366463,3.2896712791352045,398,42,64
HD,Services,BiGRU,classification,20,1,12,0.2834136583772137,3.1229046072278703,398,42,64
HD,Services,BiGRU,classification,20,1,13,0.23180591400207287,3.0279332229069302,398,42,64
HD,Services,BiGRU,classification,20,1,14,0.19860121600292435,3.384632797468276,398,42,64
HD,Services,BiGRU,classification,20,1,15,0.16662981916200276,3.406766113780794,398,42,64
HD,Services,BiGRU,classification,20,1,16,0.15067412350420376,3.705046369915917,398,42,64
HON,Industrial Goods,BiGRU,classification,20,1,1,0.6856316708440158,0.7660602501460484,398,42,64
HON,Industrial Goods,BiGRU,classification,20,1,2,0.61424602365973,1.0236425797144573,398,42,64
HON,Industrial Goods,BiGRU,classification,20,1,3,0.5510906813731745,1.3621478194282168,398,42,64
HON,Industrial Goods,BiGRU,classification,20,1,4,0.5128783549196158,2.2021707126072476,398,42,64
HON,Industrial Goods,BiGRU,classification,20,1,5,0.4580635846260205,2.092824027651832,398,42,64
HON,Industrial Goods,BiGRU,classification,20,1,6,0.43957906572063965,1.834447531473069,398,42,64
HON,Industrial Goods,BiGRU,classification,20,1,7,0.426948418494445,3.008007458278111,398,42,64
HON,Industrial Goods,BiGRU,classification,20,1,8,0.42002372084251,2.2042329765501476,398,42,64
HON,Industrial Goods,BiGRU,classification,20,1,9,0.38824771434517963,2.845117727915446,398,42,64
HON,Industrial Goods,BiGRU,classification,20,1,10,0.31393893254012917,2.487252394358317,398,42,64
HON,Industrial Goods,BiGRU,classification,20,1,11,0.28772190595092484,2.5462723686581565,398,42,64
HON,Industrial Goods,BiGRU,classification,20,1,12,0.2647659265291152,2.7668670018514,398,42,64
HON,Industrial Goods,BiGRU,classification,20,1,13,0.22646960681631936,2.993088881174723,398,42,64
HON,Industrial Goods,BiGRU,classification,20,1,14,0.19547642424852404,3.0068369820004417,398,42,64
HON,Industrial Goods,BiGRU,classification,20,1,15,0.20557927737134185,3.504222211383638,398,42,64
HON,Industrial Goods,BiGRU,classification,20,1,16,0.18721609227546496,3.5645874568394254,398,42,64
HRG,Conglomerates,BiGRU,classification,20,1,1,0.6863771149860555,0.6494265340623402,398,42,64
HRG,Conglomerates,BiGRU,classification,20,1,2,0.6166529745312791,0.6921963947159904,398,42,64
HRG,Conglomerates,BiGRU,classification,20,1,3,0.5748133000416972,0.7002503389403933,398,42,64
HRG,Conglomerates,BiGRU,classification,20,1,4,0.5404593549182067,0.8025434556461516,398,42,64
HRG,Conglomerates,BiGRU,classification,20,1,5,0.4773392903445354,0.8600775173732212,398,42,64
HRG,Conglomerates,BiGRU,classification,20,1,6,0.4639704721656876,0.8535817577725365,398,42,64
HRG,Conglomerates,BiGRU,classification,20,1,7,0.43921812230618157,0.8581196240016392,398,42,64
HRG,Conglomerates,BiGRU,classification,20,1,8,0.43059337214009846,1.0837256340753465,398,42,64
HRG,Conglomerates,BiGRU,classification,20,1,9,0.3986045784087636,1.0198625241007124,398,42,64
HRG,Conglomerates,BiGRU,classification,20,1,10,0.3745114812299834,0.9320845831008184,398,42,64
HRG,Conglomerates,BiGRU,classification,20,1,11,0.38314317488790156,0.9362014759154547,398,42,64
HRG,Conglomerates,BiGRU,classification,20,1,12,0.3767101411244378,1.2980222560110546,398,42,64
HRG,Conglomerates,BiGRU,classification,20,1,13,0.32655362979551056,1.0882380973725092,398,42,64
HRG,Conglomerates,BiGRU,classification,20,1,14,0.3121108824583753,0.8898341996329171,398,42,64
HRG,Conglomerates,BiGRU,classification,20,1,15,0.29923758008072726,1.2904199674015953,398,42,64
HRG,Conglomerates,BiGRU,classification,20,1,16,0.26978916648644297,1.1602998290743147,398,42,64
HSBC,Financial,BiGRU,classification,20,1,1,0.684333695538679,0.9199265610604059,398,42,64
HSBC,Financial,BiGRU,classification,20,1,2,0.6328789049656547,1.8491938908894856,398,42,64
HSBC,Financial,BiGRU,classification,20,1,3,0.5745191341968038,3.1062663963862827,398,42,64
HSBC,Financial,BiGRU,classification,20,1,4,0.5192034806138907,3.602223339534941,398,42,64
HSBC,Financial,BiGRU,classification,20,1,5,0.47654873731747344,4.290869531177339,398,42,64
HSBC,Financial,BiGRU,classification,20,1,6,0.4471597625083061,5.739013876233782,398,42,64
HSBC,Financial,BiGRU,classification,20,1,7,0.42694995046860007,5.451872257959275,398,42,64
HSBC,Financial,BiGRU,classification,20,1,8,0.42277127384540425,5.786091236841111,398,42,64
HSBC,Financial,BiGRU,classification,20,1,9,0.38700421895813103,6.5760849089849565,398,42,64
HSBC,Financial,BiGRU,classification,20,1,10,0.3522961158773408,7.070206051781064,398,42,64
HSBC,Financial,BiGRU,classification,20,1,11,0.3138121979395349,7.729005177815755,398,42,64
HSBC,Financial,BiGRU,classification,20,1,12,0.3205574267174131,5.688940752120245,398,42,64
HSBC,Financial,BiGRU,classification,20,1,13,0.32723042275288594,8.511454945518857,398,42,64
HSBC,Financial,BiGRU,classification,20,1,14,0.2665756817663734,7.7819734300885886,398,42,64
HSBC,Financial,BiGRU,classification,20,1,15,0.2280307438542795,7.657824697948637,398,42,64
HSBC,Financial,BiGRU,classification,20,1,16,0.1916305827136016,8.409546806698753,398,42,64
IEP,Conglomerates,BiGRU,classification,20,1,1,0.7119169028560121,0.8004385715439206,398,42,64
IEP,Conglomerates,BiGRU,classification,20,1,2,0.6376715032898601,1.9044634160541354,398,42,64
IEP,Conglomerates,BiGRU,classification,20,1,3,0.5856373034529949,2.6087490490504672,398,42,64
IEP,Conglomerates,BiGRU,classification,20,1,4,0.5286286590087353,3.9116284052530923,398,42,64
IEP,Conglomerates,BiGRU,classification,20,1,5,0.4797718887353063,3.5763382003420876,398,42,64
IEP,Conglomerates,BiGRU,classification,20,1,6,0.44658756241127473,2.358270077478318,398,42,64
IEP,Conglomerates,BiGRU,classification,20,1,7,0.4367875277097501,3.4073797861735025,398,42,64
IEP,Conglomerates,BiGRU,classification,20,1,8,0.43378791647340786,4.760725816090901,398,42,64
IEP,Conglomerates,BiGRU,classification,20,1,9,0.418216466005124,0.9463362778936114,398,42,64
IEP,Conglomerates,BiGRU,classification,20,1,10,0.37416184607462666,3.6956422669546947,398,42,64
IEP,Conglomerates,BiGRU,classification,20,1,11,0.38540138895787185,1.18782563436599,398,42,64
IEP,Conglomerates,BiGRU,classification,20,1,12,0.3492848682942702,1.2246449504579817,398,42,64
IEP,Conglomerates,BiGRU,classification,20,1,13,0.28369502783121175,2.051066898164295,398,42,64
IEP,Conglomerates,BiGRU,classification,20,1,14,0.26022248366969314,1.920850083941505,398,42,64
IEP,Conglomerates,BiGRU,classification,20,1,15,0.22266658406760825,0.984660614104498,398,42,64
IEP,Conglomerates,BiGRU,classification,20,1,16,0.24435158665455767,1.4389543987455822,398,42,64
INTC,Technology,BiGRU,classification,20,1,1,0.7120430244872319,0.7287115057309469,398,42,64
INTC,Technology,BiGRU,classification,20,1,2,0.6251317115884331,1.0254976806186495,398,42,64
INTC,Technology,BiGRU,classification,20,1,3,0.5776994535371885,1.4718281541551863,398,42,64
INTC,Technology,BiGRU,classification,20,1,4,0.521571652074555,1.902120170139131,398,42,64
INTC,Technology,BiGRU,classification,20,1,5,0.4501541634300845,2.4640371799468994,398,42,64
INTC,Technology,BiGRU,classification,20,1,6,0.4039904326200485,1.7518571671985446,398,42,64
INTC,Technology,BiGRU,classification,20,1,7,0.3828973311874735,2.725402355194092,398,42,64
INTC,Technology,BiGRU,classification,20,1,8,0.37577181949687366,2.9592071828388034,398,42,64
INTC,Technology,BiGRU,classification,20,1,9,0.3569443620853688,3.7486176036653065,398,42,64
INTC,Technology,BiGRU,classification,20,1,10,0.3437438286728595,2.7814576625823975,398,42,64
INTC,Technology,BiGRU,classification,20,1,11,0.3531736403553929,2.978975875037057,398,42,64
INTC,Technology,BiGRU,classification,20,1,12,0.3127925249949173,3.3232885542370023,398,42,64
INTC,Technology,BiGRU,classification,20,1,13,0.2767784127113807,4.271436827523368,398,42,64
INTC,Technology,BiGRU,classification,20,1,14,0.1640476444408522,3.3839415595644997,398,42,64
INTC,Technology,BiGRU,classification,20,1,15,0.1394749379450053,4.7476958093189054,398,42,64
INTC,Technology,BiGRU,classification,20,1,16,0.1490776209375966,5.3933696292695545,398,42,64
JNJ,Healthcare,BiGRU,classification,20,1,1,0.698982150410887,0.8320003918239048,398,42,64
JNJ,Healthcare,BiGRU,classification,20,1,2,0.620606297823652,1.6882412774222237,398,42,64
JNJ,Healthcare,BiGRU,classification,20,1,3,0.5610304620098229,2.249340466090611,398,42,64
JNJ,Healthcare,BiGRU,classification,20,1,4,0.505465639446249,3.1236283211481,398,42,64
JNJ,Healthcare,BiGRU,classification,20,1,5,0.4546007563420876,2.7611002922058105,398,42,64
JNJ,Healthcare,BiGRU,classification,20,1,6,0.38804689094648886,4.784224192301433,398,42,64
JNJ,Healthcare,BiGRU,classification,20,1,7,0.34095628971430525,3.9050332251049222,398,42,64
JNJ,Healthcare,BiGRU,classification,20,1,8,0.33810663354306963,5.501740001496815,398,42,64
JNJ,Healthcare,BiGRU,classification,20,1,9,0.34288611749758074,4.359275817871094,398,42,64
JNJ,Healthcare,BiGRU,classification,20,1,10,0.24096193943341174,6.668433552696591,398,42,64
JNJ,Healthcare,BiGRU,classification,20,1,11,0.2089063587724863,6.500509125845773,398,42,64
JNJ,Healthcare,BiGRU,classification,20,1,12,0.27178021812409014,5.9930390403384255,398,42,64
JNJ,Healthcare,BiGRU,classification,20,1,13,0.1896686307224796,7.783368110656738,398,42,64
JNJ,Healthcare,BiGRU,classification,20,1,14,0.16320608348478025,6.509730702354794,398,42,64
JNJ,Healthcare,BiGRU,classification,20,1,15,0.14644001628361156,7.877828098478771,398,42,64
JNJ,Healthcare,BiGRU,classification,20,1,16,0.10688442678831929,7.357587678091867,398,42,64
JPM,Financial,BiGRU,classification,20,1,1,0.6751880265360501,0.7530061602592468,398,42,64
JPM,Financial,BiGRU,classification,20,1,2,0.5949357598271202,1.0463560393878393,398,42,64
JPM,Financial,BiGRU,classification,20,1,3,0.5360165084127205,1.4567348446164812,398,42,64
JPM,Financial,BiGRU,classification,20,1,4,0.4962522297648329,1.6071083403768993,398,42,64
JPM,Financial,BiGRU,classification,20,1,5,0.43833955029147353,1.629312481198992,398,42,64
JPM,Financial,BiGRU,classification,20,1,6,0.39643934638655964,2.2110201319058738,398,42,64
JPM,Financial,BiGRU,classification,20,1,7,0.3816341768257582,2.0828842293648493,398,42,64
JPM,Financial,BiGRU,classification,20,1,8,0.3696734971137502,2.522962817123958,398,42,64
JPM,Financial,BiGRU,classification,20,1,9,0.32438154166667305,2.1702137844903127,398,42,64
JPM,Financial,BiGRU,classification,20,1,10,0.32140956744177257,2.5175248781840005,398,42,64
JPM,Financial,BiGRU,classification,20,1,11,0.2940746056075072,2.434286531947908,398,42,64
JPM,Financial,BiGRU,classification,20,1,12,0.25415474116502695,2.5418073052451726,398,42,64
JPM,Financial,BiGRU,classification,20,1,13,0.2413301646672002,2.666724633602869,398,42,64
JPM,Financial,BiGRU,classification,20,1,14,0.18796669220055767,3.065953935895647,398,42,64
JPM,Financial,BiGRU,classification,20,1,15,0.15148208256642423,3.218966222944714,398,42,64
JPM,Financial,BiGRU,classification,20,1,16,0.1442319102697636,3.2173640103567216,398,42,64
KO,Consumer Goods,BiGRU,classification,20,1,1,0.7207788399715519,0.6593440118290129,398,42,64
KO,Consumer Goods,BiGRU,classification,20,1,2,0.6410702092563687,0.8392180459839957,398,42,64
KO,Consumer Goods,BiGRU,classification,20,1,3,0.5851296905297131,1.0885931934629167,398,42,64
KO,Consumer Goods,BiGRU,classification,20,1,4,0.5393526503189126,1.4482710588546026,398,42,64
KO,Consumer Goods,BiGRU,classification,20,1,5,0.4850113998405897,1.3630463225500924,398,42,64
KO,Consumer Goods,BiGRU,classification,20,1,6,0.4310080024165724,2.0082679021926153,398,42,64
KO,Consumer Goods,BiGRU,classification,20,1,7,0.3996920046494834,2.1260483378455755,398,42,64
KO,Consumer Goods,BiGRU,classification,20,1,8,0.39420132017015813,2.374906312851679,398,42,64
KO,Consumer Goods,BiGRU,classification,20,1,9,0.350954385408804,2.0668669995807467,398,42,64
KO,Consumer Goods,BiGRU,classification,20,1,10,0.33269328328233266,2.078873429979597,398,42,64
KO,Consumer Goods,BiGRU,classification,20,1,11,0.3167700130286528,2.6739044302985784,398,42,64
KO,Consumer Goods,BiGRU,classification,20,1,12,0.37231502221457324,2.0290077186766124,398,42,64
KO,Consumer Goods,BiGRU,classification,20,1,13,0.2755477920399239,1.8966682524908156,398,42,64
KO,Consumer Goods,BiGRU,classification,20,1,14,0.23776188328038508,2.4424962883903865,398,42,64
KO,Consumer Goods,BiGRU,classification,20,1,15,0.18453901938757106,2.5347496895563033,398,42,64
KO,Consumer Goods,BiGRU,classification,20,1,16,0.156835242619167,2.4996541341145835,398,42,64
LMT,Industrial Goods,BiGRU,classification,20,1,1,0.704829295975479,0.6810085972150167,398,42,64
LMT,Industrial Goods,BiGRU,classification,20,1,2,0.6263331369539002,0.8656984113511585,398,42,64
LMT,Industrial Goods,BiGRU,classification,20,1,3,0.5697464266015058,1.0224046678770156,398,42,64
LMT,Industrial Goods,BiGRU,classification,20,1,4,0.5169291968022159,1.2215160812650407,398,42,64
LMT,Industrial Goods,BiGRU,classification,20,1,5,0.4639752647984567,1.1717133351734705,398,42,64
LMT,Industrial Goods,BiGRU,classification,20,1,6,0.41199903691833345,1.3045628354662941,398,42,64
LMT,Industrial Goods,BiGRU,classification,20,1,7,0.4402425152872076,1.9035880168279011,398,42,64
LMT,Industrial Goods,BiGRU,classification,20,1,8,0.44668085341477515,1.5670332000369118,398,42,64
LMT,Industrial Goods,BiGRU,classification,20,1,9,0.4120587859321479,2.0653138160705566,398,42,64
LMT,Industrial Goods,BiGRU,classification,20,1,10,0.35005527592484076,2.136153981799171,398,42,64
LMT,Industrial Goods,BiGRU,classification,20,1,11,0.35658525065261515,1.9758025578090124,398,42,64
LMT,Industrial Goods,BiGRU,classification,20,1,12,0.32579059737860855,2.26385007585798,398,42,64
LMT,Industrial Goods,BiGRU,classification,20,1,13,0.25967423329551015,2.1184253635860624,398,42,64
LMT,Industrial Goods,BiGRU,classification,20,1,14,0.22290297193293596,2.1714071603048417,398,42,64
LMT,Industrial Goods,BiGRU,classification,20,1,15,0.20268426734448677,2.462605362846738,398,42,64
LMT,Industrial Goods,BiGRU,classification,20,1,16,0.20132272106468976,2.81676223164513,398,42,64
MA,Financial,BiGRU,classification,20,1,1,0.680588197768034,0.6928865881193251,398,42,64
MA,Financial,BiGRU,classification,20,1,2,0.6140397116167462,0.8505923464184716,398,42,64
MA,Financial,BiGRU,classification,20,1,3,0.5481323966728383,1.3231766791570754,398,42,64
MA,Financial,BiGRU,classification,20,1,4,0.49713315646253037,1.7735447202410017,398,42,64
MA,Financial,BiGRU,classification,20,1,5,0.4293293049886598,2.162007445380801,398,42,64
MA,Financial,BiGRU,classification,20,1,6,0.4109102662034969,2.5801015808468772,398,42,64
MA,Financial,BiGRU,classification,20,1,7,0.35906731992510693,2.289404267356509,398,42,64
MA,Financial,BiGRU,classification,20,1,8,0.3419866029491377,2.781819400333223,398,42,64
MA,Financial,BiGRU,classification,20,1,9,0.27648568804839146,2.5386973222096763,398,42,64
MA,Financial,BiGRU,classification,20,1,10,0.30303762916793775,3.7202990622747514,398,42,64
MA,Financial,BiGRU,classification,20,1,11,0.2535673922779572,3.6744365919203985,398,42,64
MA,Financial,BiGRU,classification,20,1,12,0.16805425275060998,3.330362705957322,398,42,64
MA,Financial,BiGRU,classification,20,1,13,0.2018461604251634,3.9157516615731374,398,42,64
MA,Financial,BiGRU,classification,20,1,14,0.13641325136337748,4.5894293785095215,398,42,64
MA,Financial,BiGRU,classification,20,1,15,0.11591084538280365,3.844847315833682,398,42,64
MA,Financial,BiGRU,classification,20,1,16,0.11401771630474071,4.852305117107573,398,42,64
MCD,Services,BiGRU,classification,20,1,1,0.6995258579901116,0.7391376012847537,398,42,64
MCD,Services,BiGRU,classification,20,1,2,0.6260302719758384,0.8456823910985675,398,42,64
MCD,Services,BiGRU,classification,20,1,3,0.564450087559283,0.9921604139464242,398,42,64
MCD,Services,BiGRU,classification,20,1,4,0.5013965735183888,1.1012994533493405,398,42,64
MCD,Services,BiGRU,classification,20,1,5,0.4539446359004208,1.1456098102387928,398,42,64
MCD,Services,BiGRU,classification,20,1,6,0.4056329566929209,1.3884023825327556,398,42,64
MCD,Services,BiGRU,classification,20,1,7,0.3659027121474395,1.9336043880099343,398,42,64
MCD,Services,BiGRU,classification,20,1,8,0.34142603249705616,1.375077290194375,398,42,64
MCD,Services,BiGRU,classification,20,1,9,0.300708204957109,1.4272440132640658,398,42,64
MCD,Services,BiGRU,classification,20,1,10,0.32104135203601125,2.6403736330214,398,42,64
MCD,Services,BiGRU,classification,20,1,11,0.2938085608745939,2.4589332796278454,398,42,64
MCD,Services,BiGRU,classification,20,1,12,0.2673895041547229,2.0754115070615495,398,42,64
MCD,Services,BiGRU,classification,20,1,13,0.23466982089694421,3.018284627369472,398,42,64
MCD,Services,BiGRU,classification,20,1,14,0.16133793604433835,2.6393935283025107,398,42,64
MCD,Services,BiGRU,classification,20,1,15,0.12262304175888473,3.1448852505002702,398,42,64
MCD,Services,BiGRU,classification,20,1,16,0.12374165159973068,3.619670521645319,398,42,64
MDT,Healthcare,BiGRU,classification,20,1,1,0.7019396912512468,0.7033153346606663,398,42,64
MDT,Healthcare,BiGRU,classification,20,1,2,0.6259810984434195,0.8158071097873506,398,42,64
MDT,Healthcare,BiGRU,classification,20,1,3,0.556187641980061,0.95004065263839,398,42,64
MDT,Healthcare,BiGRU,classification,20,1,4,0.5136529472305547,0.9214087157022386,398,42,64
MDT,Healthcare,BiGRU,classification,20,1,5,0.4626147306744178,1.2185825790677751,398,42,64
MDT,Healthcare,BiGRU,classification,20,1,6,0.4083343428283481,1.953237669808524,398,42,64
MDT,Healthcare,BiGRU,classification,20,1,7,0.3879894566296333,1.554966920898074,398,42,64
MDT,Healthcare,BiGRU,classification,20,1,8,0.3682639666238622,2.0690918195815313,398,42,64
MDT,Healthcare,BiGRU,classification,20,1,9,0.3346606075164661,2.802761123293922,398,42,64
MDT,Healthcare,BiGRU,classification,20,1,10,0.36249668701509735,2.2058036554427374,398,42,64
MDT,Healthcare,BiGRU,classification,20,1,11,0.3322023243161302,2.628542900085449,398,42,64
MDT,Healthcare,BiGRU,classification,20,1,12,0.2914409435274613,2.6235178992861794,398,42,64
MDT,Healthcare,BiGRU,classification,20,1,13,0.32500509550823037,3.3355036008925665,398,42,64
MDT,Healthcare,BiGRU,classification,20,1,14,0.24367784031072454,3.2759226390293668,398,42,64
MDT,Healthcare,BiGRU,classification,20,1,15,0.1931721503710627,3.99347836630685,398,42,64
MDT,Healthcare,BiGRU,classification,20,1,16,0.17027904123217616,3.4891061328706288,398,42,64
MMM,Industrial Goods,BiGRU,classification,20,1,1,0.7055017567759183,0.782104179972694,398,42,64
MMM,Industrial Goods,BiGRU,classification,20,1,2,0.6457404332544336,1.395436792146592,398,42,64
MMM,Industrial Goods,BiGRU,classification,20,1,3,0.5813840196360296,2.1107461906614757,398,42,64
MMM,Industrial Goods,BiGRU,classification,20,1,4,0.5437597410762729,2.8066100165957497,398,42,64
MMM,Industrial Goods,BiGRU,classification,20,1,5,0.49416857538510806,3.0976839519682384,398,42,64
MMM,Industrial Goods,BiGRU,classification,20,1,6,0.4386893136417446,3.4020577385312034,398,42,64
MMM,Industrial Goods,BiGRU,classification,20,1,7,0.3894963608914284,3.8764138221740723,398,42,64
MMM,Industrial Goods,BiGRU,classification,20,1,8,0.3815849356016322,5.84207820892334,398,42,64
MMM,Industrial Goods,BiGRU,classification,20,1,9,0.3376160674358732,3.64500093460083,398,42,64
MMM,Industrial Goods,BiGRU,classification,20,1,10,0.3869129832665525,5.752267746698289,398,42,64
MMM,Industrial Goods,BiGRU,classification,20,1,11,0.2886861061031495,4.961796215602329,398,42,64
MMM,Industrial Goods,BiGRU,classification,20,1,12,0.25977907213733425,6.549066588992164,398,42,64
MMM,Industrial Goods,BiGRU,classification,20,1,13,0.2642482529633009,5.105547859555199,398,42,64
MMM,Industrial Goods,BiGRU,classification,20,1,14,0.1948374431935986,7.478469939458938,398,42,64
MMM,Industrial Goods,BiGRU,classification,20,1,15,0.1903696401634408,6.7723199753534224,398,42,64
MMM,Industrial Goods,BiGRU,classification,20,1,16,0.22831938187381132,6.11840143657866,398,42,64
MO,Consumer Goods,BiGRU,classification,20,1,1,0.7182921767234802,0.7157336189633324,398,42,64
MO,Consumer Goods,BiGRU,classification,20,1,2,0.617772344368786,0.7474873037565322,398,42,64
MO,Consumer Goods,BiGRU,classification,20,1,3,0.559219536320049,0.7992093052182879,398,42,64
MO,Consumer Goods,BiGRU,classification,20,1,4,0.5041145965382082,0.8094181077820914,398,42,64
MO,Consumer Goods,BiGRU,classification,20,1,5,0.4251411711450797,1.1102452221370878,398,42,64
MO,Consumer Goods,BiGRU,classification,20,1,6,0.3913306009829344,0.8268815960202899,398,42,64
MO,Consumer Goods,BiGRU,classification,20,1,7,0.3682906480889824,1.0244058682805015,398,42,64
MO,Consumer Goods,BiGRU,classification,20,1,8,0.3881310704515208,0.9576221988314674,398,42,64
MO,Consumer Goods,BiGRU,classification,20,1,9,0.38864358301138757,1.320785062653678,398,42,64
MO,Consumer Goods,BiGRU,classification,20,1,10,0.2799406775727344,1.0842462210428148,398,42,64
MO,Consumer Goods,BiGRU,classification,20,1,11,0.2822123141444508,1.1267612264269875,398,42,64
MO,Consumer Goods,BiGRU,classification,20,1,12,0.28074475516326464,1.0157019694646199,398,42,64
MO,Consumer Goods,BiGRU,classification,20,1,13,0.3013781347316713,1.2848044350033714,398,42,64
MO,Consumer Goods,BiGRU,classification,20,1,14,0.2808817749721321,1.585314705258324,398,42,64
MO,Consumer Goods,BiGRU,classification,20,1,15,0.21238938432617402,1.1918710583732242,398,42,64
MO,Consumer Goods,BiGRU,classification,20,1,16,0.1607491389927852,1.174773891766866,398,42,64
MRK,Healthcare,BiGRU,classification,20,1,1,0.7015162942996577,1.0654697872343517,398,42,64
MRK,Healthcare,BiGRU,classification,20,1,2,0.6269370979400136,2.08632839293707,398,42,64
MRK,Healthcare,BiGRU,classification,20,1,3,0.5598314272698446,2.4121764500935874,398,42,64
MRK,Healthcare,BiGRU,classification,20,1,4,0.4919897145661876,3.7102919760204496,398,42,64
MRK,Healthcare,BiGRU,classification,20,1,5,0.451444792537833,3.7814142136346724,398,42,64
MRK,Healthcare,BiGRU,classification,20,1,6,0.39815699140630173,3.433101222628639,398,42,64
MRK,Healthcare,BiGRU,classification,20,1,7,0.37333933672114233,4.372888383411226,398,42,64
MRK,Healthcare,BiGRU,classification,20,1,8,0.3725944185376766,5.228865850539434,398,42,64
MRK,Healthcare,BiGRU,classification,20,1,9,0.30915574063008755,4.316626866658528,398,42,64
MRK,Healthcare,BiGRU,classification,20,1,10,0.2819236776038031,6.574861526489258,398,42,64
MRK,Healthcare,BiGRU,classification,20,1,11,0.2574534392985866,4.627237637837728,398,42,64
MRK,Healthcare,BiGRU,classification,20,1,12,0.2639977595015387,5.013966015407017,398,42,64
MRK,Healthcare,BiGRU,classification,20,1,13,0.21089522870042215,7.911679131644113,398,42,64
MRK,Healthcare,BiGRU,classification,20,1,14,0.2020517649063513,5.003750891912551,398,42,64
MRK,Healthcare,BiGRU,classification,20,1,15,0.1497384540586915,6.0956266948155,398,42,64
MRK,Healthcare,BiGRU,classification,20,1,16,0.14876534701816402,6.687991460164388,398,42,64
MSFT,Technology,BiGRU,classification,20,1,1,0.6823280884991938,0.6813090840975443,398,42,64
MSFT,Technology,BiGRU,classification,20,1,2,0.5909516658615227,0.8155387668382554,398,42,64
MSFT,Technology,BiGRU,classification,20,1,3,0.534833219482671,1.0628407342093331,398,42,64
MSFT,Technology,BiGRU,classification,20,1,4,0.4900128706615774,1.1980564991633098,398,42,64
MSFT,Technology,BiGRU,classification,20,1,5,0.4014417635436034,1.657137291772025,398,42,64
MSFT,Technology,BiGRU,classification,20,1,6,0.35738052749753596,1.4330434231531053,398,42,64
MSFT,Technology,BiGRU,classification,20,1,7,0.3360817525255021,2.172150282632737,398,42,64
MSFT,Technology,BiGRU,classification,20,1,8,0.3056236733144252,1.9149776186261858,398,42,64
MSFT,Technology,BiGRU,classification,20,1,9,0.28735183561267563,2.2574137392498197,398,42,64
MSFT,Technology,BiGRU,classification,20,1,10,0.2870169350849324,2.3595185620444163,398,42,64
MSFT,Technology,BiGRU,classification,20,1,11,0.20549669083039365,2.600199653988793,398,42,64
MSFT,Technology,BiGRU,classification,20,1,12,0.1924370207528972,2.5081639062790644,398,42,64
MSFT,Technology,BiGRU,classification,20,1,13,0.15966996924961033,2.810596397944859,398,42,64
MSFT,Technology,BiGRU,classification,20,1,14,0.12129349145457972,2.8837574550083707,398,42,64
MSFT,Technology,BiGRU,classification,20,1,15,0.09212023708688553,3.21192082904634,398,42,64
MSFT,Technology,BiGRU,classification,20,1,16,0.07914715870540945,3.424382277897426,398,42,64
NEE,Utilities,BiGRU,classification,20,1,1,0.6932752752423885,0.6710625148954845,398,42,64
NEE,Utilities,BiGRU,classification,20,1,2,0.6058108003894288,0.8111739555994669,398,42,64
NEE,Utilities,BiGRU,classification,20,1,3,0.5506704662313413,1.0204578183946156,398,42,64
NEE,Utilities,BiGRU,classification,20,1,4,0.5053935588604241,1.1487831728799003,398,42,64
NEE,Utilities,BiGRU,classification,20,1,5,0.440600008970529,1.1992421320506506,398,42,64
NEE,Utilities,BiGRU,classification,20,1,6,0.4023324788814813,1.8727170399257116,398,42,64
NEE,Utilities,BiGRU,classification,20,1,7,0.3807628413840155,1.5024053709847587,398,42,64
NEE,Utilities,BiGRU,classification,20,1,8,0.3678734958471365,1.6242927312850952,398,42,64
NEE,Utilities,BiGRU,classification,20,1,9,0.3648341386461977,1.995365233648391,398,42,64
NEE,Utilities,BiGRU,classification,20,1,10,0.3721833223074525,2.0725360484350297,398,42,64
NEE,Utilities,BiGRU,classification,20,1,11,0.3000964034891608,1.7479512748264132,398,42,64
NEE,Utilities,BiGRU,classification,20,1,12,0.2709940925015876,2.1672256276721047,398,42,64
NEE,Utilities,BiGRU,classification,20,1,13,0.23455773907989713,2.32022872425261,398,42,64
NEE,Utilities,BiGRU,classification,20,1,14,0.20803934403100804,1.9481573445456368,398,42,64
NEE,Utilities,BiGRU,classification,20,1,15,0.2429546173942748,2.984562260763986,398,42,64
NEE,Utilities,BiGRU,classification,20,1,16,0.20163540542125702,2.1428438935961043,398,42,64
NGG,Utilities,BiGRU,classification,20,1,1,0.7030835094763406,0.7060617123331342,398,42,64
NGG,Utilities,BiGRU,classification,20,1,2,0.6349557311690632,0.7998242321468535,398,42,64
NGG,Utilities,BiGRU,classification,20,1,3,0.5768130697197651,1.1319931631996518,398,42,64
NGG,Utilities,BiGRU,classification,20,1,4,0.5262794714776715,1.3680046853565035,398,42,64
NGG,Utilities,BiGRU,classification,20,1,5,0.4899836178101487,1.8157080355144681,398,42,64
NGG,Utilities,BiGRU,classification,20,1,6,0.47221687660744444,1.952586946033296,398,42,64
NGG,Utilities,BiGRU,classification,20,1,7,0.4228340589520919,2.969944340842111,398,42,64
NGG,Utilities,BiGRU,classification,20,1,8,0.43734779549603486,2.3238148916335333,398,42,64
NGG,Utilities,BiGRU,classification,20,1,9,0.37570956356860885,2.761193411690848,398,42,64
NGG,Utilities,BiGRU,classification,20,1,10,0.36846492428276406,4.10382536479405,398,42,64
NGG,Utilities,BiGRU,classification,20,1,11,0.3794983403766575,3.0024790309724354,398,42,64
NGG,Utilities,BiGRU,classification,20,1,12,0.34992050375770684,3.334306830451602,398,42,64
NGG,Utilities,BiGRU,classification,20,1,13,0.38157658585950954,4.499745278131394,398,42,64
NGG,Utilities,BiGRU,classification,20,1,14,0.27082939288724006,3.863252707890102,398,42,64
NGG,Utilities,BiGRU,classification,20,1,15,0.27014428684160335,3.0859387034461614,398,42,64
NGG,Utilities,BiGRU,classification,20,1,16,0.22828606392570477,5.598115648542132,398,42,64
NVS,Healthcare,BiGRU,classification,20,1,1,0.7065865100927688,0.7906598590669178,398,42,64
NVS,Healthcare,BiGRU,classification,20,1,2,0.6136646633172155,0.8742768196832567,398,42,64
NVS,Healthcare,BiGRU,classification,20,1,3,0.5706931268749524,0.9155397244862148,398,42,64
NVS,Healthcare,BiGRU,classification,20,1,4,0.5176224639667338,0.8607236090160552,398,42,64
NVS,Healthcare,BiGRU,classification,20,1,5,0.45490921082808145,1.0425242696489607,398,42,64
NVS,Healthcare,BiGRU,classification,20,1,6,0.42706413604506294,0.9979163748877389,398,42,64
NVS,Healthcare,BiGRU,classification,20,1,7,0.3853754790584047,1.2438193559646606,398,42,64
NVS,Healthcare,BiGRU,classification,20,1,8,0.4345942930360535,1.3928089297953106,398,42,64
NVS,Healthcare,BiGRU,classification,20,1,9,0.34000996683710183,1.2777464843931652,398,42,64
NVS,Healthcare,BiGRU,classification,20,1,10,0.38268490547510847,1.5716417971111478,398,42,64
NVS,Healthcare,BiGRU,classification,20,1,11,0.3382171059972677,1.4403910622710274,398,42,64
NVS,Healthcare,BiGRU,classification,20,1,12,0.2653507551356177,1.5624369099026634,398,42,64
NVS,Healthcare,BiGRU,classification,20,1,13,0.29444957902683083,1.8327430742127555,398,42,64
NVS,Healthcare,BiGRU,classification,20,1,14,0.21523795063471673,1.6530383825302124,398,42,64
NVS,Healthcare,BiGRU,classification,20,1,15,0.2418418847885563,1.7469916968118577,398,42,64
NVS,Healthcare,BiGRU,classification,20,1,16,0.18992042608896093,2.0551302376247587,398,42,64
ORCL,Technology,BiGRU,classification,20,1,1,0.703120083365608,0.839408244405474,398,42,64
ORCL,Technology,BiGRU,classification,20,1,2,0.6244182212268887,1.426981528600057,398,42,64
ORCL,Technology,BiGRU,classification,20,1,3,0.5807133059405801,1.5749457336607433,398,42,64
ORCL,Technology,BiGRU,classification,20,1,4,0.5286780152488594,1.7132495698474703,398,42,64
ORCL,Technology,BiGRU,classification,20,1,5,0.4717670646145116,2.736597242809477,398,42,64
ORCL,Technology,BiGRU,classification,20,1,6,0.4360966287066589,1.0682301152320135,398,42,64
ORCL,Technology,BiGRU,classification,20,1,7,0.4024098292367542,1.883071638288952,398,42,64
ORCL,Technology,BiGRU,classification,20,1,8,0.39559944475715486,2.59448740595863,398,42,64
ORCL,Technology,BiGRU,classification,20,1,9,0.38240040936062686,2.688817796253023,398,42,64
ORCL,Technology,BiGRU,classification,20,1,10,0.32526428091466125,1.6472098089399791,398,42,64
ORCL,Technology,BiGRU,classification,20,1,11,0.30984519684135015,4.278931413378034,398,42,64
ORCL,Technology,BiGRU,classification,20,1,12,0.27551841660959636,2.3192931697482155,398,42,64
ORCL,Technology,BiGRU,classification,20,1,13,0.2969528775119302,3.310764857700893,398,42,64
ORCL,Technology,BiGRU,classification,20,1,14,0.22773481575987448,2.590134404954456,398,42,64
ORCL,Technology,BiGRU,classification,20,1,15,0.17893416348414207,3.055362167812529,398,42,64
ORCL,Technology,BiGRU,classification,20,1,16,0.1456113388789958,2.795028629757109,398,42,64
PCG,Utilities,BiGRU,classification,20,1,1,0.6834376777835827,0.6680688574200585,398,42,64
PCG,Utilities,BiGRU,classification,20,1,2,0.6076474141834969,0.7414684693018595,398,42,64
PCG,Utilities,BiGRU,classification,20,1,3,0.5610576945932666,0.8522479903130304,398,42,64
PCG,Utilities,BiGRU,classification,20,1,4,0.5167056426930068,0.9491185716220311,398,42,64
PCG,Utilities,BiGRU,classification,20,1,5,0.44720744487628267,1.3728649956839425,398,42,64
PCG,Utilities,BiGRU,classification,20,1,6,0.4017297004035969,1.2747491427830286,398,42,64
PCG,Utilities,BiGRU,classification,20,1,7,0.37720999585923237,1.727289324715024,398,42,64
PCG,Utilities,BiGRU,classification,20,1,8,0.3688202224784161,1.8772188822428386,398,42,64
PCG,Utilities,BiGRU,classification,20,1,9,0.3017505676902119,2.3915005638485862,398,42,64
PCG,Utilities,BiGRU,classification,20,1,10,0.3483281113843822,2.382439511162894,398,42,64
PCG,Utilities,BiGRU,classification,20,1,11,0.38725487790515073,2.502024082910447,398,42,64
PCG,Utilities,BiGRU,classification,20,1,12,0.3310105580480854,2.111249106270926,398,42,64
PCG,Utilities,BiGRU,classification,20,1,13,0.26836414410540804,2.4555759202866327,398,42,64
PCG,Utilities,BiGRU,classification,20,1,14,0.20331003895057506,2.4269371713910783,398,42,64
PCG,Utilities,BiGRU,classification,20,1,15,0.2020854834261252,3.2899358840215776,398,42,64
PCG,Utilities,BiGRU,classification,20,1,16,0.17740079476006665,2.9819779850187755,398,42,64
PCLN,Services,BiGRU,classification,20,1,1,0.7037131897169142,0.6856416577384585,398,42,64
PCLN,Services,BiGRU,classification,20,1,2,0.6133228564382198,0.8540774158069065,398,42,64
PCLN,Services,BiGRU,classification,20,1,3,0.5766797461102356,0.9447072119939894,398,42,64
PCLN,Services,BiGRU,classification,20,1,4,0.5360290761569038,1.0344526654198056,398,42,64
PCLN,Services,BiGRU,classification,20,1,5,0.46875826258156167,0.9156221917697361,398,42,64
PCLN,Services,BiGRU,classification,20,1,6,0.4352584740324835,1.2887284755706787,398,42,64
PCLN,Services,BiGRU,classification,20,1,7,0.3948856261956632,0.8801425525120327,398,42,64
PCLN,Services,BiGRU,classification,20,1,8,0.39474829312544973,1.5920912254424322,398,42,64
PCLN,Services,BiGRU,classification,20,1,9,0.3372847530335637,1.9933672746022542,398,42,64
PCLN,Services,BiGRU,classification,20,1,10,0.28321336932368013,1.7146847986039662,398,42,64
PCLN,Services,BiGRU,classification,20,1,11,0.2872882310170025,2.1727171738942466,398,42,64
PCLN,Services,BiGRU,classification,20,1,12,0.29785279757413435,2.2528078101930165,398,42,64
PCLN,Services,BiGRU,classification,20,1,13,0.26845665032689897,2.360329798289708,398,42,64
PCLN,Services,BiGRU,classification,20,1,14,0.19032510592784713,3.7556576955886114,398,42,64
PCLN,Services,BiGRU,classification,20,1,15,0.1721859118110271,2.4321832145963396,398,42,64
PCLN,Services,BiGRU,classification,20,1,16,0.15033143450828954,3.843165556589762,398,42,64
PEP,Consumer Goods,BiGRU,classification,20,1,1,0.7017415600206385,0.6960276989709764,398,42,64
PEP,Consumer Goods,BiGRU,classification,20,1,2,0.6264468727998398,1.0464568478720528,398,42,64
PEP,Consumer Goods,BiGRU,classification,20,1,3,0.5545288024835251,1.6179244347981043,398,42,64
PEP,Consumer Goods,BiGRU,classification,20,1,4,0.48941239250365215,2.205208114215306,398,42,64
PEP,Consumer Goods,BiGRU,classification,20,1,5,0.43467689788521235,2.4498801685514904,398,42,64
PEP,Consumer Goods,BiGRU,classification,20,1,6,0.3778507764914527,2.85723648752485,398,42,64
PEP,Consumer Goods,BiGRU,classification,20,1,7,0.41122007774348235,4.0161082063402445,398,42,64
PEP,Consumer Goods,BiGRU,classification,20,1,8,0.4140355040380104,3.7029740583328974,398,42,64
PEP,Consumer Goods,BiGRU,classification,20,1,9,0.3787977983005083,2.9785578477950323,398,42,64
PEP,Consumer Goods,BiGRU,classification,20,1,10,0.3160489821553829,3.954564242135911,398,42,64
PEP,Consumer Goods,BiGRU,classification,20,1,11,0.3388147467943891,4.261539652234032,398,42,64
PEP,Consumer Goods,BiGRU,classification,20,1,12,0.3153353073638887,3.624143498284476,398,42,64
PEP,Consumer Goods,BiGRU,classification,20,1,13,0.2836331499731121,4.101904278709775,398,42,64
PEP,Consumer Goods,BiGRU,classification,20,1,14,0.22092936075662248,4.888332957313175,398,42,64
PEP,Consumer Goods,BiGRU,classification,20,1,15,0.18444215233002476,4.657133897145589,398,42,64
PEP,Consumer Goods,BiGRU,classification,20,1,16,0.1585742259145382,4.477119809105282,398,42,64
PFE,Healthcare,BiGRU,classification,20,1,1,0.6805137273055225,0.7595600939932323,398,42,64
PFE,Healthcare,BiGRU,classification,20,1,2,0.5692412985030131,0.9582143766539437,398,42,64
PFE,Healthcare,BiGRU,classification,20,1,3,0.49975338054062735,1.2700904437473841,398,42,64
PFE,Healthcare,BiGRU,classification,20,1,4,0.4497703526487303,1.7773484729585194,398,42,64
PFE,Healthcare,BiGRU,classification,20,1,5,0.38410920578630725,1.7795796280815488,398,42,64
PFE,Healthcare,BiGRU,classification,20,1,6,0.35141996163219663,2.062425284158616,398,42,64
PFE,Healthcare,BiGRU,classification,20,1,7,0.3144625835682279,2.793532371520996,398,42,64
PFE,Healthcare,BiGRU,classification,20,1,8,0.32805632137173985,2.515478497459775,398,42,64
PFE,Healthcare,BiGRU,classification,20,1,9,0.27080102182512905,3.192111083439418,398,42,64
PFE,Healthcare,BiGRU,classification,20,1,10,0.32355703435950545,3.501414140065511,398,42,64
PFE,Healthcare,BiGRU,classification,20,1,11,0.30861229146245733,3.310231322333926,398,42,64
PFE,Healthcare,BiGRU,classification,20,1,12,0.30800464666968014,2.806130681719099,398,42,64
PFE,Healthcare,BiGRU,classification,20,1,13,0.2665119897480586,3.7361415227254233,398,42,64
PFE,Healthcare,BiGRU,classification,20,1,14,0.18005104553909157,2.8945568175542924,398,42,64
PFE,Healthcare,BiGRU,classification,20,1,15,0.14908951902808856,3.7218036424546015,398,42,64
PFE,Healthcare,BiGRU,classification,20,1,16,0.1551982789632663,3.5443233989533924,398,42,64
PG,Consumer Goods,BiGRU,classification,20,1,1,0.7129389014675389,1.390809939021156,398,42,64
PG,Consumer Goods,BiGRU,classification,20,1,2,0.6207856568858852,4.165977773212251,398,42,64
PG,Consumer Goods,BiGRU,classification,20,1,3,0.5493284306634012,5.744710922241211,398,42,64
PG,Consumer Goods,BiGRU,classification,20,1,4,0.48450952843206013,6.429061571756999,398,42,64
PG,Consumer Goods,BiGRU,classification,20,1,5,0.4221981745868472,9.72223881312779,398,42,64
PG,Consumer Goods,BiGRU,classification,20,1,6,0.3800691292813076,7.346509343101864,398,42,64
PG,Consumer Goods,BiGRU,classification,20,1,7,0.3464983557935935,12.123630296616327,398,42,64
PG,Consumer Goods,BiGRU,classification,20,1,8,0.3659845479768724,9.931514649164109,398,42,64
PG,Consumer Goods,BiGRU,classification,20,1,9,0.40502230036797837,10.28011045001802,398,42,64
PG,Consumer Goods,BiGRU,classification,20,1,10,0.286194040098382,11.004545711335682,398,42,64
PG,Consumer Goods,BiGRU,classification,20,1,11,0.24812884321763887,11.613530522301083,398,42,64
PG,Consumer Goods,BiGRU,classification,20,1,12,0.2225149715665597,12.479738235473633,398,42,64
PG,Consumer Goods,BiGRU,classification,20,1,13,0.17133035761627122,14.830474126906623,398,42,64
PG,Consumer Goods,BiGRU,classification,20,1,14,0.1773245161651966,15.99573076338995,398,42,64
PG,Consumer Goods,BiGRU,classification,20,1,15,0.16303483580225078,17.85095314752488,398,42,64
PG,Consumer Goods,BiGRU,classification,20,1,16,0.1102752600183439,18.73387881687709,398,42,64
PICO,Conglomerates,BiGRU,classification,20,1,1,0.7209764527316069,0.7701431654748463,398,42,64
PICO,Conglomerates,BiGRU,classification,20,1,2,0.6308682105649057,0.9093926407042003,398,42,64
PICO,Conglomerates,BiGRU,classification,20,1,3,0.5821723213147878,0.825923828851609,398,42,64
PICO,Conglomerates,BiGRU,classification,20,1,4,0.5355818055981967,0.823317167304811,398,42,64
PICO,Conglomerates,BiGRU,classification,20,1,5,0.5003145639620834,0.8869657431329999,398,42,64
PICO,Conglomerates,BiGRU,classification,20,1,6,0.46432747852862183,1.3531654108138311,398,42,64
PICO,Conglomerates,BiGRU,classification,20,1,7,0.46449559597513784,0.8412177222115653,398,42,64
PICO,Conglomerates,BiGRU,classification,20,1,8,0.4820025389517971,1.6474863432702564,398,42,64
PICO,Conglomerates,BiGRU,classification,20,1,9,0.421123929359206,1.1990171670913696,398,42,64
PICO,Conglomerates,BiGRU,classification,20,1,10,0.3678348009011254,1.3806511050178891,398,42,64
PICO,Conglomerates,BiGRU,classification,20,1,11,0.3777762085349117,1.8789899207296825,398,42,64
PICO,Conglomerates,BiGRU,classification,20,1,12,0.38959189081311824,1.5342203946340651,398,42,64
PICO,Conglomerates,BiGRU,classification,20,1,13,0.32244797073416975,1.8320032556851704,398,42,64
PICO,Conglomerates,BiGRU,classification,20,1,14,0.2841642749069923,2.2341368993123374,398,42,64
PICO,Conglomerates,BiGRU,classification,20,1,15,0.2601306301415266,2.370161919366746,398,42,64
PICO,Conglomerates,BiGRU,classification,20,1,16,0.2449483464860437,2.886187093598502,398,42,64
PM,Consumer Goods,BiGRU,classification,20,1,1,0.6892895521830075,0.7946557771591913,398,42,64
PM,Consumer Goods,BiGRU,classification,20,1,2,0.6268682761407977,1.072017612911406,398,42,64
PM,Consumer Goods,BiGRU,classification,20,1,3,0.5800224731315919,1.2299025456110637,398,42,64
PM,Consumer Goods,BiGRU,classification,20,1,4,0.5381179739482439,1.3436613082885742,398,42,64
PM,Consumer Goods,BiGRU,classification,20,1,5,0.49390348926860483,1.644791534968785,398,42,64
PM,Consumer Goods,BiGRU,classification,20,1,6,0.4553151127681061,1.7420581295376731,398,42,64
PM,Consumer Goods,BiGRU,classification,20,1,7,0.39407869978765747,1.6561313243139357,398,42,64
PM,Consumer Goods,BiGRU,classification,20,1,8,0.3532935310548274,1.3132465510141282,398,42,64
PM,Consumer Goods,BiGRU,classification,20,1,9,0.3320220813679336,2.4248739310673306,398,42,64
PM,Consumer Goods,BiGRU,classification,20,1,10,0.3446839331981525,2.0117012092045377,398,42,64
PM,Consumer Goods,BiGRU,classification,20,1,11,0.31301657578453945,1.1402288277943928,398,42,64
PM,Consumer Goods,BiGRU,classification,20,1,12,0.3270463330961352,2.4124811036246165,398,42,64
PM,Consumer Goods,BiGRU,classification,20,1,13,0.25716182469722615,1.7337174302055722,398,42,64
PM,Consumer Goods,BiGRU,classification,20,1,14,0.22292314417398157,1.60260009765625,398,42,64
PM,Consumer Goods,BiGRU,classification,20,1,15,0.21091736149248766,2.0070308844248452,398,42,64
PM,Consumer Goods,BiGRU,classification,20,1,16,0.19239110368580076,1.8133229187556676,398,42,64
PPL,Utilities,BiGRU,classification,20,1,1,0.708639743939117,0.7050991597629729,398,42,64
PPL,Utilities,BiGRU,classification,20,1,2,0.6415844697449076,0.7818313978967213,398,42,64
PPL,Utilities,BiGRU,classification,20,1,3,0.5859904400068312,0.8888081056731088,398,42,64
PPL,Utilities,BiGRU,classification,20,1,4,0.5235114492962708,0.9768510404087248,398,42,64
PPL,Utilities,BiGRU,classification,20,1,5,0.46738971253136297,1.3048587072463262,398,42,64
PPL,Utilities,BiGRU,classification,20,1,6,0.4147675118254657,1.4865886370340984,398,42,64
PPL,Utilities,BiGRU,classification,20,1,7,0.4042742375153393,1.4796656653994607,398,42,64
PPL,Utilities,BiGRU,classification,20,1,8,0.39375580300637825,1.552776234490531,398,42,64
PPL,Utilities,BiGRU,classification,20,1,9,0.37080184838280605,1.3285943099430628,398,42,64
PPL,Utilities,BiGRU,classification,20,1,10,0.32894309494064083,1.7657304491315569,398,42,64
PPL,Utilities,BiGRU,classification,20,1,11,0.33945749437988704,1.8354427360353016,398,42,64
PPL,Utilities,BiGRU,classification,20,1,12,0.322066331628579,1.4898657571701777,398,42,64
PPL,Utilities,BiGRU,classification,20,1,13,0.3085476090410846,1.6549482232048398,398,42,64
PPL,Utilities,BiGRU,classification,20,1,14,0.24687922090741257,1.9180559544336229,398,42,64
PPL,Utilities,BiGRU,classification,20,1,15,0.22621866880948818,1.878367821375529,398,42,64
PPL,Utilities,BiGRU,classification,20,1,16,0.20325142646854247,1.9887483574095226,398,42,64
PTR,Basic Matierials,BiGRU,classification,20,1,1,0.7005545916269772,1.1610354412169683,398,42,64
PTR,Basic Matierials,BiGRU,classification,20,1,2,0.6071263237215166,2.0051303704579673,398,42,64
PTR,Basic Matierials,BiGRU,classification,20,1,3,0.564929535640544,2.9075749942234586,398,42,64
PTR,Basic Matierials,BiGRU,classification,20,1,4,0.5192346515967019,1.9501976172129314,398,42,64
PTR,Basic Matierials,BiGRU,classification,20,1,5,0.46858961183821135,2.4760098230271113,398,42,64
PTR,Basic Matierials,BiGRU,classification,20,1,6,0.44609744030626575,5.144051392873128,398,42,64
PTR,Basic Matierials,BiGRU,classification,20,1,7,0.4653672382759689,4.43707495643979,398,42,64
PTR,Basic Matierials,BiGRU,classification,20,1,8,0.408557186773674,3.9421634447006952,398,42,64
PTR,Basic Matierials,BiGRU,classification,20,1,9,0.35098016396838816,2.9134172257922946,398,42,64
PTR,Basic Matierials,BiGRU,classification,20,1,10,0.3666949007079829,5.513006709870838,398,42,64
PTR,Basic Matierials,BiGRU,classification,20,1,11,0.33422339965949704,6.9137313933599565,398,42,64
PTR,Basic Matierials,BiGRU,classification,20,1,12,0.3676401044256124,2.3194490387326194,398,42,64
PTR,Basic Matierials,BiGRU,classification,20,1,13,0.2573345467523115,5.187846274602981,398,42,64
PTR,Basic Matierials,BiGRU,classification,20,1,14,0.24201526968323406,4.564919131142752,398,42,64
PTR,Basic Matierials,BiGRU,classification,20,1,15,0.22870505964336682,2.803942839304606,398,42,64
PTR,Basic Matierials,BiGRU,classification,20,1,16,0.19902486822113918,5.577101344153995,398,42,64
RDS-B,Basic Matierials,BiGRU,classification,20,1,1,0.6989041938254582,0.7744531347638085,398,42,64
RDS-B,Basic Matierials,BiGRU,classification,20,1,2,0.6379502817014953,1.421185050691877,398,42,64
RDS-B,Basic Matierials,BiGRU,classification,20,1,3,0.5816457283556761,2.4214034648168656,398,42,64
RDS-B,Basic Matierials,BiGRU,classification,20,1,4,0.5538134582378157,2.9593211923326765,398,42,64
RDS-B,Basic Matierials,BiGRU,classification,20,1,5,0.5188562357845019,2.373244149344308,398,42,64
RDS-B,Basic Matierials,BiGRU,classification,20,1,6,0.4952488035412889,3.620022387731643,398,42,64
RDS-B,Basic Matierials,BiGRU,classification,20,1,7,0.481701662342752,2.295657294137137,398,42,64
RDS-B,Basic Matierials,BiGRU,classification,20,1,8,0.5100817010929836,2.9318842660813105,398,42,64
RDS-B,Basic Matierials,BiGRU,classification,20,1,9,0.5133734108814642,2.967845360438029,398,42,64
RDS-B,Basic Matierials,BiGRU,classification,20,1,10,0.4669167373947163,1.6499290352775937,398,42,64
RDS-B,Basic Matierials,BiGRU,classification,20,1,11,0.4435295330070371,1.9132930778321766,398,42,64
RDS-B,Basic Matierials,BiGRU,classification,20,1,12,0.4208890659425726,2.797754548844837,398,42,64
RDS-B,Basic Matierials,BiGRU,classification,20,1,13,0.37270900052995537,2.1480112757001604,398,42,64
RDS-B,Basic Matierials,BiGRU,classification,20,1,14,0.36541735594296576,1.6509204762322562,398,42,64
RDS-B,Basic Matierials,BiGRU,classification,20,1,15,0.3688771514287546,2.698210432415917,398,42,64
RDS-B,Basic Matierials,BiGRU,classification,20,1,16,0.33845982270025127,2.3470792997451055,398,42,64
REX,Conglomerates,BiGRU,classification,20,1,1,0.711035289357056,0.7709106036594936,398,42,64
REX,Conglomerates,BiGRU,classification,20,1,2,0.6143029185395744,1.1828393992923556,398,42,64
REX,Conglomerates,BiGRU,classification,20,1,3,0.5651854721445534,1.5539302315030779,398,42,64
REX,Conglomerates,BiGRU,classification,20,1,4,0.5104878806888159,2.082421893165225,398,42,64
REX,Conglomerates,BiGRU,classification,20,1,5,0.4749303623360006,1.830057110105242,398,42,64
REX,Conglomerates,BiGRU,classification,20,1,6,0.4449458255540186,2.0265343756902787,398,42,64
REX,Conglomerates,BiGRU,classification,20,1,7,0.4026110251644748,2.6285695348467146,398,42,64
REX,Conglomerates,BiGRU,classification,20,1,8,0.3850522166370747,1.7340724241165888,398,42,64
REX,Conglomerates,BiGRU,classification,20,1,9,0.422470694510781,3.6742125238691057,398,42,64
REX,Conglomerates,BiGRU,classification,20,1,10,0.4173975283626336,1.9457884288969494,398,42,64
REX,Conglomerates,BiGRU,classification,20,1,11,0.371109166673979,1.9967307703835624,398,42,64
REX,Conglomerates,BiGRU,classification,20,1,12,0.33295531604607503,3.0593786466689337,398,42,64
REX,Conglomerates,BiGRU,classification,20,1,13,0.33166696302517873,2.0457371530078707,398,42,64
REX,Conglomerates,BiGRU,classification,20,1,14,0.26657902971658876,3.0070940199352445,398,42,64
REX,Conglomerates,BiGRU,classification,20,1,15,0.264590098695764,3.5882657141912553,398,42,64
REX,Conglomerates,BiGRU,classification,20,1,16,0.23908620064694378,2.324917793273926,398,42,64
SLB,Basic Matierials,BiGRU,classification,20,1,1,0.6942812144456796,0.9199700752894083,398,42,64
SLB,Basic Matierials,BiGRU,classification,20,1,2,0.6332296372658044,1.5645531359173002,398,42,64
SLB,Basic Matierials,BiGRU,classification,20,1,3,0.5760977340103993,1.8149213677360898,398,42,64
SLB,Basic Matierials,BiGRU,classification,20,1,4,0.5003909652856127,2.2826810904911587,398,42,64
SLB,Basic Matierials,BiGRU,classification,20,1,5,0.44292459490910246,3.038174265906924,398,42,64
SLB,Basic Matierials,BiGRU,classification,20,1,6,0.38723598967245476,4.87952945345924,398,42,64
SLB,Basic Matierials,BiGRU,classification,20,1,7,0.3984002749524524,2.392632552555629,398,42,64
SLB,Basic Matierials,BiGRU,classification,20,1,8,0.3910958573746322,5.474632490248907,398,42,64
SLB,Basic Matierials,BiGRU,classification,20,1,9,0.3261231149560842,2.8113821120489213,398,42,64
SLB,Basic Matierials,BiGRU,classification,20,1,10,0.2801326135894162,6.224055063156855,398,42,64
SLB,Basic Matierials,BiGRU,classification,20,1,11,0.32479589863039143,5.243129366920108,398,42,64
SLB,Basic Matierials,BiGRU,classification,20,1,12,0.29152265104965946,5.040556135631743,398,42,64
SLB,Basic Matierials,BiGRU,classification,20,1,13,0.24535706875162508,4.430334499904087,398,42,64
SLB,Basic Matierials,BiGRU,classification,20,1,14,0.17461914593475547,6.953221684410458,398,42,64
SLB,Basic Matierials,BiGRU,classification,20,1,15,0.14941060717156784,5.5807245799473355,398,42,64
SLB,Basic Matierials,BiGRU,classification,20,1,16,0.1519224078548913,7.441669237046015,398,42,64
SNP,Basic Matierials,BiGRU,classification,20,1,1,0.6823301354245325,0.7194467584292094,398,42,64
SNP,Basic Matierials,BiGRU,classification,20,1,2,0.6201161466651226,0.8044453178133283,398,42,64
SNP,Basic Matierials,BiGRU,classification,20,1,3,0.5639623756983771,0.903993288675944,398,42,64
SNP,Basic Matierials,BiGRU,classification,20,1,4,0.5270898279233195,1.1146858817055112,398,42,64
SNP,Basic Matierials,BiGRU,classification,20,1,5,0.4884341994122644,1.0659329380307878,398,42,64
SNP,Basic Matierials,BiGRU,classification,20,1,6,0.4714855899163826,1.7387798116320656,398,42,64
SNP,Basic Matierials,BiGRU,classification,20,1,7,0.4418528699994686,1.690995415051778,398,42,64
SNP,Basic Matierials,BiGRU,classification,20,1,8,0.43889014669998205,1.6655658824103219,398,42,64
SNP,Basic Matierials,BiGRU,classification,20,1,9,0.43051105303380954,2.0966957750774564,398,42,64
SNP,Basic Matierials,BiGRU,classification,20,1,10,0.4068173953336687,1.6702491272063482,398,42,64
SNP,Basic Matierials,BiGRU,classification,20,1,11,0.35995872011735813,1.7812518789654685,398,42,64
SNP,Basic Matierials,BiGRU,classification,20,1,12,0.33144258823826084,2.1181605827240717,398,42,64
SNP,Basic Matierials,BiGRU,classification,20,1,13,0.2960385362706592,2.0513214894703458,398,42,64
SNP,Basic Matierials,BiGRU,classification,20,1,14,0.2854880169408405,1.9171937249955677,398,42,64
SNP,Basic Matierials,BiGRU,classification,20,1,15,0.26224783796760903,2.230427764710926,398,42,64
SNP,Basic Matierials,BiGRU,classification,20,1,16,0.2902125332822752,2.3081251950491044,398,42,64
SNY,Healthcare,BiGRU,classification,20,1,1,0.6951688000904256,0.6873174139431545,398,42,64
SNY,Healthcare,BiGRU,classification,20,1,2,0.6233865516868669,0.8217655022939047,398,42,64
SNY,Healthcare,BiGRU,classification,20,1,3,0.5687657750431617,0.9873830193565005,398,42,64
SNY,Healthcare,BiGRU,classification,20,1,4,0.5226640452691658,1.2968163036164784,398,42,64
SNY,Healthcare,BiGRU,classification,20,1,5,0.4735227528229431,1.5087956814538865,398,42,64
SNY,Healthcare,BiGRU,classification,20,1,6,0.4226718685734811,1.5248065448942638,398,42,64
SNY,Healthcare,BiGRU,classification,20,1,7,0.4075461325034424,1.6006560666220528,398,42,64
SNY,Healthcare,BiGRU,classification,20,1,8,0.3490640172107735,2.156965584982009,398,42,64
SNY,Healthcare,BiGRU,classification,20,1,9,0.3397306178382893,1.8430707114083427,398,42,64
SNY,Healthcare,BiGRU,classification,20,1,10,0.2888633532440243,2.1818975039890836,398,42,64
SNY,Healthcare,BiGRU,classification,20,1,11,0.27626875477220547,2.221336046854655,398,42,64
SNY,Healthcare,BiGRU,classification,20,1,12,0.26662437647730863,2.3070433139801025,398,42,64
SNY,Healthcare,BiGRU,classification,20,1,13,0.2734154847698595,2.6835415476844426,398,42,64
SNY,Healthcare,BiGRU,classification,20,1,14,0.2419319332544528,2.511178595679147,398,42,64
SNY,Healthcare,BiGRU,classification,20,1,15,0.16673360192146733,2.4217785653613864,398,42,64
SNY,Healthcare,BiGRU,classification,20,1,16,0.16332374861342225,3.2119385401407876,398,42,64
SO,Utilities,BiGRU,classification,20,1,1,0.703500617089583,0.7041301273164295,398,42,64
SO,Utilities,BiGRU,classification,20,1,2,0.6280056492767142,0.8107458381425767,398,42,64
SO,Utilities,BiGRU,classification,20,1,3,0.5971114967935648,0.7801261146863302,398,42,64
SO,Utilities,BiGRU,classification,20,1,4,0.5318204712628121,0.7673785913558233,398,42,64
SO,Utilities,BiGRU,classification,20,1,5,0.47939266032309985,0.7765290623619443,398,42,64
SO,Utilities,BiGRU,classification,20,1,6,0.4505217979900801,0.8529251728739057,398,42,64
SO,Utilities,BiGRU,classification,20,1,7,0.4296039107756399,1.2805523588543846,398,42,64
SO,Utilities,BiGRU,classification,20,1,8,0.4140623926217832,1.054883559544881,398,42,64
SO,Utilities,BiGRU,classification,20,1,9,0.3697203520554394,0.9976694782574972,398,42,64
SO,Utilities,BiGRU,classification,20,1,10,0.34089661775222374,1.1428525731677102,398,42,64
SO,Utilities,BiGRU,classification,20,1,11,0.3611272121194619,1.463907519976298,398,42,64
SO,Utilities,BiGRU,classification,20,1,12,0.35984978027379694,1.5267877124604725,398,42,64
SO,Utilities,BiGRU,classification,20,1,13,0.3243241377511815,1.0113942140624637,398,42,64
SO,Utilities,BiGRU,classification,20,1,14,0.28132957669358755,1.6203006562732516,398,42,64
SO,Utilities,BiGRU,classification,20,1,15,0.25184830555214954,1.3947158257166545,398,42,64
SO,Utilities,BiGRU,classification,20,1,16,0.20861282622694372,1.3016758816582816,398,42,64
SPLP,Conglomerates,BiGRU,classification,20,1,1,0.7071995947828245,0.6696947898183551,398,42,64
SPLP,Conglomerates,BiGRU,classification,20,1,2,0.6349386965210114,0.6826361531303042,398,42,64
SPLP,Conglomerates,BiGRU,classification,20,1,3,0.5902303750790543,0.6886691791670663,398,42,64
SPLP,Conglomerates,BiGRU,classification,20,1,4,0.5561795778310479,0.6811145118304661,398,42,64
SPLP,Conglomerates,BiGRU,classification,20,1,5,0.5204513447368564,0.8123420647212437,398,42,64
SPLP,Conglomerates,BiGRU,classification,20,1,6,0.5195836342459348,0.7406568016324725,398,42,64
SPLP,Conglomerates,BiGRU,classification,20,1,7,0.5003584428648253,0.9254306100663685,398,42,64
SPLP,Conglomerates,BiGRU,classification,20,1,8,0.5125064936714556,0.8284061068580264,398,42,64
SPLP,Conglomerates,BiGRU,classification,20,1,9,0.4854865414113855,0.7899355434236073,398,42,64
SPLP,Conglomerates,BiGRU,classification,20,1,10,0.4654934142702189,0.9328627813430059,398,42,64
SPLP,Conglomerates,BiGRU,classification,20,1,11,0.44766789360262044,0.9238414934703282,398,42,64
SPLP,Conglomerates,BiGRU,classification,20,1,12,0.42569053270409457,1.2553932723544894,398,42,64
SPLP,Conglomerates,BiGRU,classification,20,1,13,0.37708705483968535,0.8672294616699219,398,42,64
SPLP,Conglomerates,BiGRU,classification,20,1,14,0.3610643293689843,1.1437192757924397,398,42,64
SPLP,Conglomerates,BiGRU,classification,20,1,15,0.3267263597878978,1.135398853392828,398,42,64
SPLP,Conglomerates,BiGRU,classification,20,1,16,0.3143500738107978,1.1039466574078514,398,42,64
SRE,Utilities,BiGRU,classification,20,1,1,0.6897546786758768,0.7438726226488749,398,42,64
SRE,Utilities,BiGRU,classification,20,1,2,0.5921717459832004,0.9312790632247925,398,42,64
SRE,Utilities,BiGRU,classification,20,1,3,0.5423043322323555,1.2454687243416196,398,42,64
SRE,Utilities,BiGRU,classification,20,1,4,0.4976671011603657,2.0965846606663296,398,42,64
SRE,Utilities,BiGRU,classification,20,1,5,0.4668974027262261,1.4779750165485201,398,42,64
SRE,Utilities,BiGRU,classification,20,1,6,0.4706642931729705,1.3405543963114421,398,42,64
SRE,Utilities,BiGRU,classification,20,1,7,0.4440840630974602,2.6899076302846274,398,42,64
SRE,Utilities,BiGRU,classification,20,1,8,0.46378148530595864,1.6696708429427374,398,42,64
SRE,Utilities,BiGRU,classification,20,1,9,0.4081580029360613,1.708068609237671,398,42,64
SRE,Utilities,BiGRU,classification,20,1,10,0.4137167776349801,2.4193972632998513,398,42,64
SRE,Utilities,BiGRU,classification,20,1,11,0.3915503734919294,2.359433026540847,398,42,64
SRE,Utilities,BiGRU,classification,20,1,12,0.3487633421792457,2.0698879332769486,398,42,64
SRE,Utilities,BiGRU,classification,20,1,13,0.3750709861367192,2.1041370119367326,398,42,64
SRE,Utilities,BiGRU,classification,20,1,14,0.2874560849600701,3.2280952589852467,398,42,64
SRE,Utilities,BiGRU,classification,20,1,15,0.29993112437689123,1.8337772346678234,398,42,64
SRE,Utilities,BiGRU,classification,20,1,16,0.2427099925189761,3.0942734763735817,398,42,64
T,Technology,BiGRU,classification,20,1,1,0.679522916000692,0.855984784307934,398,42,64
T,Technology,BiGRU,classification,20,1,2,0.5964970070513049,1.0260380109151204,398,42,64
T,Technology,BiGRU,classification,20,1,3,0.5443169901418925,1.4105964388166154,398,42,64
T,Technology,BiGRU,classification,20,1,4,0.46278809467751775,1.7811013630458288,398,42,64
T,Technology,BiGRU,classification,20,1,5,0.40414257519808244,1.9968278748648507,398,42,64
T,Technology,BiGRU,classification,20,1,6,0.34046265969623873,2.306565455027989,398,42,64
T,Technology,BiGRU,classification,20,1,7,0.330035766464981,2.216281470798311,398,42,64
T,Technology,BiGRU,classification,20,1,8,0.29356722391430456,3.0565510931469144,398,42,64
T,Technology,BiGRU,classification,20,1,9,0.279385218443583,2.669125897543771,398,42,64
T,Technology,BiGRU,classification,20,1,10,0.2183048404640888,3.2460620516822454,398,42,64
T,Technology,BiGRU,classification,20,1,11,0.20733659755644487,2.74264889671689,398,42,64
T,Technology,BiGRU,classification,20,1,12,0.20560001271154413,4.3390180724007745,398,42,64
T,Technology,BiGRU,classification,20,1,13,0.17524229506751401,3.671865077245803,398,42,64
T,Technology,BiGRU,classification,20,1,14,0.13051251778800285,3.270501431964693,398,42,64
T,Technology,BiGRU,classification,20,1,15,0.1233594263318795,4.352380911509196,398,42,64
T,Technology,BiGRU,classification,20,1,16,0.11208626773938461,4.441964989616757,398,42,64
TM,Consumer Goods,BiGRU,classification,20,1,1,0.6905264114614708,0.9551578760147095,398,42,64
TM,Consumer Goods,BiGRU,classification,20,1,2,0.6225136192000691,1.8060243016197568,398,42,64
TM,Consumer Goods,BiGRU,classification,20,1,3,0.5594167125284971,2.5603229318346297,398,42,64
TM,Consumer Goods,BiGRU,classification,20,1,4,0.5223330767010924,3.1118795531136647,398,42,64
TM,Consumer Goods,BiGRU,classification,20,1,5,0.4542578577096738,4.181043034508114,398,42,64
TM,Consumer Goods,BiGRU,classification,20,1,6,0.4107902255190078,4.254266852424259,398,42,64
TM,Consumer Goods,BiGRU,classification,20,1,7,0.3712408119559887,4.2804072470892045,398,42,64
TM,Consumer Goods,BiGRU,classification,20,1,8,0.38220069920597366,5.571524824414935,398,42,64
TM,Consumer Goods,BiGRU,classification,20,1,9,0.3613850817308953,5.104497341882615,398,42,64
TM,Consumer Goods,BiGRU,classification,20,1,10,0.34698100163409457,4.931227298009963,398,42,64
TM,Consumer Goods,BiGRU,classification,20,1,11,0.3008389880309752,4.312040487925212,398,42,64
TM,Consumer Goods,BiGRU,classification,20,1,12,0.30432632947387406,7.290270396641323,398,42,64
TM,Consumer Goods,BiGRU,classification,20,1,13,0.25032930817436333,6.810394173576718,398,42,64
TM,Consumer Goods,BiGRU,classification,20,1,14,0.21569825903554657,5.497038750421433,398,42,64
TM,Consumer Goods,BiGRU,classification,20,1,15,0.21374556235033065,8.195169585091728,398,42,64
TM,Consumer Goods,BiGRU,classification,20,1,16,0.1861477106360335,6.58061542965117,398,42,64
TOT,Basic Matierials,BiGRU,classification,20,1,1,0.7032333549542643,0.7214659764653161,398,42,64
TOT,Basic Matierials,BiGRU,classification,20,1,2,0.6331307172176227,0.9709537369864327,398,42,64
TOT,Basic Matierials,BiGRU,classification,20,1,3,0.5909546919204481,1.1404991263435,398,42,64
TOT,Basic Matierials,BiGRU,classification,20,1,4,0.5270828279718083,1.0848837608382815,398,42,64
TOT,Basic Matierials,BiGRU,classification,20,1,5,0.48455779351780764,1.1346484124660492,398,42,64
TOT,Basic Matierials,BiGRU,classification,20,1,6,0.4676762233726942,1.0240210663704645,398,42,64
TOT,Basic Matierials,BiGRU,classification,20,1,7,0.41589515877129446,1.1094622753915333,398,42,64
TOT,Basic Matierials,BiGRU,classification,20,1,8,0.4132580677019292,1.0096801491010756,398,42,64
TOT,Basic Matierials,BiGRU,classification,20,1,9,0.43338131837209865,0.9836488238402775,398,42,64
TOT,Basic Matierials,BiGRU,classification,20,1,10,0.3730469273412647,1.2264978899842216,398,42,64
TOT,Basic Matierials,BiGRU,classification,20,1,11,0.326127602901291,1.2701280571165539,398,42,64
TOT,Basic Matierials,BiGRU,classification,20,1,12,0.37851996465244486,1.459537188212077,398,42,64
TOT,Basic Matierials,BiGRU,classification,20,1,13,0.30629085899148156,1.2007982049669539,398,42,64
TOT,Basic Matierials,BiGRU,classification,20,1,14,0.2668548966547353,1.4359274492377327,398,42,64
TOT,Basic Matierials,BiGRU,classification,20,1,15,0.21118961184767623,1.3589528174627394,398,42,64
TOT,Basic Matierials,BiGRU,classification,20,1,16,0.1645664888710233,1.5306471586227417,398,42,64
TSM,Technology,BiGRU,classification,20,1,1,0.6775535470876263,0.8991939198403132,398,42,64
TSM,Technology,BiGRU,classification,20,1,2,0.5998140217071801,1.2064273868288313,398,42,64
TSM,Technology,BiGRU,classification,20,1,3,0.5418727005546417,1.3453010490962438,398,42,64
TSM,Technology,BiGRU,classification,20,1,4,0.5141097528850613,1.175419120561509,398,42,64
TSM,Technology,BiGRU,classification,20,1,5,0.4523450067294902,1.4361311140514554,398,42,64
TSM,Technology,BiGRU,classification,20,1,6,0.42498975842442344,1.3434644142786663,398,42,64
TSM,Technology,BiGRU,classification,20,1,7,0.4068698030919885,2.061488594327654,398,42,64
TSM,Technology,BiGRU,classification,20,1,8,0.38384120817759526,1.8897946789151145,398,42,64
TSM,Technology,BiGRU,classification,20,1,9,0.36067493746628115,1.3093000934237526,398,42,64
TSM,Technology,BiGRU,classification,20,1,10,0.3552763584121388,3.0268197740827287,398,42,64
TSM,Technology,BiGRU,classification,20,1,11,0.30773267816359073,1.4000455424899148,398,42,64
TSM,Technology,BiGRU,classification,20,1,12,0.2976671774782727,2.0862505549476262,398,42,64
TSM,Technology,BiGRU,classification,20,1,13,0.2577721756606845,1.6528666814168294,398,42,64
TSM,Technology,BiGRU,classification,20,1,14,0.25407370793909284,2.448588564282372,398,42,64
TSM,Technology,BiGRU,classification,20,1,15,0.2234510154505471,1.4832534790039062,398,42,64
TSM,Technology,BiGRU,classification,20,1,16,0.20330451247305725,2.944071429116385,398,42,64
UL,Consumer Goods,BiGRU,classification,20,1,1,0.6904767634880603,0.8930103892371768,398,42,64
UL,Consumer Goods,BiGRU,classification,20,1,2,0.6223683432118976,1.4829310405822027,398,42,64
UL,Consumer Goods,BiGRU,classification,20,1,3,0.5718440203810456,1.715348209653582,398,42,64
UL,Consumer Goods,BiGRU,classification,20,1,4,0.5266353158495534,2.2397273722149076,398,42,64
UL,Consumer Goods,BiGRU,classification,20,1,5,0.49169946061306863,1.9335880506606329,398,42,64
UL,Consumer Goods,BiGRU,classification,20,1,6,0.465591547327425,2.2688369069780623,398,42,64
UL,Consumer Goods,BiGRU,classification,20,1,7,0.4667665551056215,2.483436255227952,398,42,64
UL,Consumer Goods,BiGRU,classification,20,1,8,0.43503798941271987,2.32411942027864,398,42,64
UL,Consumer Goods,BiGRU,classification,20,1,9,0.44940011465369756,2.1671829450698126,398,42,64
UL,Consumer Goods,BiGRU,classification,20,1,10,0.3757432868432759,2.956755059106009,398,42,64
UL,Consumer Goods,BiGRU,classification,20,1,11,0.36779800686404934,3.471767925080799,398,42,64
UL,Consumer Goods,BiGRU,classification,20,1,12,0.345083059827287,2.667288303375244,398,42,64
UL,Consumer Goods,BiGRU,classification,20,1,13,0.3156827840972785,4.300870191483271,398,42,64
UL,Consumer Goods,BiGRU,classification,20,1,14,0.26753107499537154,3.763952096303304,398,42,64
UL,Consumer Goods,BiGRU,classification,20,1,15,0.2661510950806153,3.601332437424433,398,42,64
UL,Consumer Goods,BiGRU,classification,20,1,16,0.24105184023554002,4.921752316611154,398,42,64
UN,Consumer Goods,BiGRU,classification,20,1,1,0.7269933909627061,0.7170645793279012,398,42,64
UN,Consumer Goods,BiGRU,classification,20,1,2,0.6238892096370908,0.9871873969123477,398,42,64
UN,Consumer Goods,BiGRU,classification,20,1,3,0.5586976937612697,1.3567562330336798,398,42,64
UN,Consumer Goods,BiGRU,classification,20,1,4,0.48361549290580363,1.7764836720057897,398,42,64
UN,Consumer Goods,BiGRU,classification,20,1,5,0.4579597208368119,1.8886248157137917,398,42,64
UN,Consumer Goods,BiGRU,classification,20,1,6,0.41141687356047896,2.497775974727812,398,42,64
UN,Consumer Goods,BiGRU,classification,20,1,7,0.3632559509732615,2.6244734695979526,398,42,64
UN,Consumer Goods,BiGRU,classification,20,1,8,0.35200079077452273,3.017617009934925,398,42,64
UN,Consumer Goods,BiGRU,classification,20,1,9,0.37687009558006745,3.1890082472846624,398,42,64
UN,Consumer Goods,BiGRU,classification,20,1,10,0.34932645556315706,2.5328247320084345,398,42,64
UN,Consumer Goods,BiGRU,classification,20,1,11,0.3286065340191875,3.0667853696005687,398,42,64
UN,Consumer Goods,BiGRU,classification,20,1,12,0.32063763382746346,3.7688720112755183,398,42,64
UN,Consumer Goods,BiGRU,classification,20,1,13,0.30819605238473596,2.9181697368621826,398,42,64
UN,Consumer Goods,BiGRU,classification,20,1,14,0.24067243956141735,4.240892092386882,398,42,64
UN,Consumer Goods,BiGRU,classification,20,1,15,0.2023545395788835,3.7020341895875477,398,42,64
UN,Consumer Goods,BiGRU,classification,20,1,16,0.20554046441412452,4.375032924470448,398,42,64
UNH,Healthcare,BiGRU,classification,20,1,1,0.6805336017105448,0.6773471718742734,398,42,64
UNH,Healthcare,BiGRU,classification,20,1,2,0.6476289546070386,0.6615393842969622,398,42,64
UNH,Healthcare,BiGRU,classification,20,1,3,0.5824667383078954,0.696676907085237,398,42,64
UNH,Healthcare,BiGRU,classification,20,1,4,0.520110841971546,0.7450953409785316,398,42,64
UNH,Healthcare,BiGRU,classification,20,1,5,0.4791646075608143,0.7274206678072611,398,42,64
UNH,Healthcare,BiGRU,classification,20,1,6,0.43112328633591157,0.7938097573461986,398,42,64
UNH,Healthcare,BiGRU,classification,20,1,7,0.39807221008904614,0.8951239642642793,398,42,64
UNH,Healthcare,BiGRU,classification,20,1,8,0.3692534871436843,0.969895737511771,398,42,64
UNH,Healthcare,BiGRU,classification,20,1,9,0.3578910281011208,0.8904223612376622,398,42,64
UNH,Healthcare,BiGRU,classification,20,1,10,0.3605443622598696,1.1778560422715687,398,42,64
UNH,Healthcare,BiGRU,classification,20,1,11,0.3266279183739993,1.3057195572626024,398,42,64
UNH,Healthcare,BiGRU,classification,20,1,12,0.3139162998103616,1.5216095447540283,398,42,64
UNH,Healthcare,BiGRU,classification,20,1,13,0.31429036448349307,1.259358320917402,398,42,64
UNH,Healthcare,BiGRU,classification,20,1,14,0.2365169147750241,1.4623961789267403,398,42,64
UNH,Healthcare,BiGRU,classification,20,1,15,0.17282850928043,1.615930125826881,398,42,64
UNH,Healthcare,BiGRU,classification,20,1,16,0.1269838073520205,1.8082924570356096,398,42,64
UNH,Healthcare,BiGRU,classification,20,1,17,0.15439553521386343,1.0939532745452154,398,42,64
UPS,Services,BiGRU,classification,20,1,1,0.6984929424434451,0.690096500374022,398,42,64
UPS,Services,BiGRU,classification,20,1,2,0.6214771645152988,0.7306101237024579,398,42,64
UPS,Services,BiGRU,classification,20,1,3,0.5670524985346962,0.8122866040184384,398,42,64
UPS,Services,BiGRU,classification,20,1,4,0.511110603210315,0.7935110529263815,398,42,64
UPS,Services,BiGRU,classification,20,1,5,0.4558821006036883,0.8919460432870048,398,42,64
UPS,Services,BiGRU,classification,20,1,6,0.40192138594598625,1.121043670745123,398,42,64
UPS,Services,BiGRU,classification,20,1,7,0.3607219481588009,1.182263399873461,398,42,64
UPS,Services,BiGRU,classification,20,1,8,0.3543467444540867,1.3375397948991685,398,42,64
UPS,Services,BiGRU,classification,20,1,9,0.3353338428777666,1.5994926293690999,398,42,64
UPS,Services,BiGRU,classification,20,1,10,0.29690038588777856,1.1918485902604603,398,42,64
UPS,Services,BiGRU,classification,20,1,11,0.2643171881311503,1.55129527477991,398,42,64
UPS,Services,BiGRU,classification,20,1,12,0.24744557450764143,1.8347042685463315,398,42,64
UPS,Services,BiGRU,classification,20,1,13,0.2111314138275894,1.788689170564924,398,42,64
UPS,Services,BiGRU,classification,20,1,14,0.2007674460285273,1.7692865473883492,398,42,64
UPS,Services,BiGRU,classification,20,1,15,0.16474686514342848,1.6337485654013497,398,42,64
UPS,Services,BiGRU,classification,20,1,16,0.15579992135865006,2.0132138899394443,398,42,64
UTX,Industrial Goods,BiGRU,classification,20,1,1,0.701950722004301,1.118852178255717,398,42,64
UTX,Industrial Goods,BiGRU,classification,20,1,2,0.6222017500268754,1.4311738354819161,398,42,64
UTX,Industrial Goods,BiGRU,classification,20,1,3,0.5875502177818337,1.7457017671494257,398,42,64
UTX,Industrial Goods,BiGRU,classification,20,1,4,0.5245692168348398,1.3046178023020427,398,42,64
UTX,Industrial Goods,BiGRU,classification,20,1,5,0.4676607270636151,1.0356831210000175,398,42,64
UTX,Industrial Goods,BiGRU,classification,20,1,6,0.42786794324316574,1.0060687008358182,398,42,64
UTX,Industrial Goods,BiGRU,classification,20,1,7,0.38669690549673147,2.6938539913722446,398,42,64
UTX,Industrial Goods,BiGRU,classification,20,1,8,0.36339995085294524,2.37006798244658,398,42,64
UTX,Industrial Goods,BiGRU,classification,20,1,9,0.36238196664419603,2.0109932082039967,398,42,64
UTX,Industrial Goods,BiGRU,classification,20,1,10,0.29581681912268826,4.331897735595703,398,42,64
UTX,Industrial Goods,BiGRU,classification,20,1,11,0.2784626877787125,2.3964498383658275,398,42,64
UTX,Industrial Goods,BiGRU,classification,20,1,12,0.2438689952519671,2.4498800323123024,398,42,64
UTX,Industrial Goods,BiGRU,classification,20,1,13,0.20488941924056814,2.016172658829462,398,42,64
UTX,Industrial Goods,BiGRU,classification,20,1,14,0.20065698926173262,5.055145240965343,398,42,64
UTX,Industrial Goods,BiGRU,classification,20,1,15,0.18255239485496252,2.6409527233668735,398,42,64
UTX,Industrial Goods,BiGRU,classification,20,1,16,0.16095720961615068,4.687220210120792,398,42,64
UTX,Industrial Goods,BiGRU,classification,20,1,17,0.1491829920279321,2.661768300192697,398,42,64
UTX,Industrial Goods,BiGRU,classification,20,1,18,0.15397768138191809,2.8866733823503767,398,42,64
UTX,Industrial Goods,BiGRU,classification,20,1,19,0.10540453747532626,5.290228480384464,398,42,64
UTX,Industrial Goods,BiGRU,classification,20,1,20,0.07896412017020449,3.454953193664551,398,42,64
V,Financial,BiGRU,classification,20,1,1,0.7036251102260609,0.7437710506575448,398,42,64
V,Financial,BiGRU,classification,20,1,2,0.6348715424537659,1.0630710749399095,398,42,64
V,Financial,BiGRU,classification,20,1,3,0.5752572561029213,1.1044569980530512,398,42,64
V,Financial,BiGRU,classification,20,1,4,0.5248084760191453,1.2751629806700207,398,42,64
V,Financial,BiGRU,classification,20,1,5,0.47492718262289035,1.508076616695949,398,42,64
V,Financial,BiGRU,classification,20,1,6,0.4300379281367489,1.429858026050386,398,42,64
V,Financial,BiGRU,classification,20,1,7,0.4219412736257716,1.6626397030694144,398,42,64
V,Financial,BiGRU,classification,20,1,8,0.3983361686593923,1.5903762238366264,398,42,64
V,Financial,BiGRU,classification,20,1,9,0.3480259275915635,1.4230168206351144,398,42,64
V,Financial,BiGRU,classification,20,1,10,0.3163915087829283,1.4201417366663616,398,42,64
V,Financial,BiGRU,classification,20,1,11,0.31440034534913214,1.4947543144226074,398,42,64
V,Financial,BiGRU,classification,20,1,12,0.27944801687894755,1.6697289830162412,398,42,64
V,Financial,BiGRU,classification,20,1,13,0.2236269015313393,1.7930986824489774,398,42,64
V,Financial,BiGRU,classification,20,1,14,0.21064293594216582,1.6811367670694988,398,42,64
V,Financial,BiGRU,classification,20,1,15,0.17966559619160752,1.9341669536772228,398,42,64
V,Financial,BiGRU,classification,20,1,16,0.14984876288091717,1.7103972151165916,398,42,64
VZ,Technology,BiGRU,classification,20,1,1,0.6933509653537118,1.2397300799687703,398,42,64
VZ,Technology,BiGRU,classification,20,1,2,0.6312622146390791,1.5984913508097331,398,42,64
VZ,Technology,BiGRU,classification,20,1,3,0.5568451198501203,2.1467367580958774,398,42,64
VZ,Technology,BiGRU,classification,20,1,4,0.5087564178747148,2.533888953072684,398,42,64
VZ,Technology,BiGRU,classification,20,1,5,0.4538001647247142,2.7048724038260326,398,42,64
VZ,Technology,BiGRU,classification,20,1,6,0.40880908244219255,3.1611958912440707,398,42,64
VZ,Technology,BiGRU,classification,20,1,7,0.35169480928224534,2.1760579972040084,398,42,64
VZ,Technology,BiGRU,classification,20,1,8,0.3261561240982171,3.7793670154753185,398,42,64
VZ,Technology,BiGRU,classification,20,1,9,0.2758631385750507,5.185272103264218,398,42,64
VZ,Technology,BiGRU,classification,20,1,10,0.22883665786316645,3.3840833391462053,398,42,64
VZ,Technology,BiGRU,classification,20,1,11,0.21514394312123558,5.558389595576695,398,42,64
VZ,Technology,BiGRU,classification,20,1,12,0.1696194981660076,5.646302018846784,398,42,64
VZ,Technology,BiGRU,classification,20,1,13,0.19109601508732418,4.972980612800235,398,42,64
VZ,Technology,BiGRU,classification,20,1,14,0.11832361335131392,6.380559830438523,398,42,64
VZ,Technology,BiGRU,classification,20,1,15,0.08498281665876432,6.203819343021938,398,42,64
VZ,Technology,BiGRU,classification,20,1,16,0.10490192846399755,6.0493404524666925,398,42,64
WFC,Financial,BiGRU,classification,20,1,1,0.6805620510973523,0.6874173936389741,398,42,64
WFC,Financial,BiGRU,classification,20,1,2,0.6085581860350604,0.9438506478355044,398,42,64
WFC,Financial,BiGRU,classification,20,1,3,0.5546126413584953,1.2832990260351271,398,42,64
WFC,Financial,BiGRU,classification,20,1,4,0.5149076251528371,1.4328974655696325,398,42,64
WFC,Financial,BiGRU,classification,20,1,5,0.453694203391147,1.4090964112962996,398,42,64
WFC,Financial,BiGRU,classification,20,1,6,0.4253456661449605,1.659184489931379,398,42,64
WFC,Financial,BiGRU,classification,20,1,7,0.3858363102728398,2.2140297435578846,398,42,64
WFC,Financial,BiGRU,classification,20,1,8,0.37594944508231465,3.1025441714695523,398,42,64
WFC,Financial,BiGRU,classification,20,1,9,0.3355795541899887,1.5114504723321824,398,42,64
WFC,Financial,BiGRU,classification,20,1,10,0.3553998338517232,2.6405461175101146,398,42,64
WFC,Financial,BiGRU,classification,20,1,11,0.27818999697814634,3.319762252625965,398,42,64
WFC,Financial,BiGRU,classification,20,1,12,0.2733427325834581,2.5049755913870677,398,42,64
WFC,Financial,BiGRU,classification,20,1,13,0.23485719476213407,2.9292420205615817,398,42,64
WFC,Financial,BiGRU,classification,20,1,14,0.1748817801924806,3.359175296056838,398,42,64
WFC,Financial,BiGRU,classification,20,1,15,0.15176640031625277,2.664962337130592,398,42,64
WFC,Financial,BiGRU,classification,20,1,16,0.13931421883142175,3.3939646766299294,398,42,64
WMT,Services,BiGRU,classification,20,1,1,0.7279194653333732,0.8754188276472545,398,42,64
WMT,Services,BiGRU,classification,20,1,2,0.641321265218246,1.7388820534660703,398,42,64
WMT,Services,BiGRU,classification,20,1,3,0.580172340474536,2.183224564506894,398,42,64
WMT,Services,BiGRU,classification,20,1,4,0.5318020439926704,2.587661833990188,398,42,64
WMT,Services,BiGRU,classification,20,1,5,0.4797430346958601,2.6602455434345065,398,42,64
WMT,Services,BiGRU,classification,20,1,6,0.42554564541907763,2.3159825120653426,398,42,64
WMT,Services,BiGRU,classification,20,1,7,0.3696135131258461,3.620382104601179,398,42,64
WMT,Services,BiGRU,classification,20,1,8,0.3471178285141087,1.8894864036923362,398,42,64
WMT,Services,BiGRU,classification,20,1,9,0.33175951639311996,3.2786492847260975,398,42,64
WMT,Services,BiGRU,classification,20,1,10,0.327835606270699,1.9344355038234167,398,42,64
WMT,Services,BiGRU,classification,20,1,11,0.275729324013444,4.856824670519147,398,42,64
WMT,Services,BiGRU,classification,20,1,12,0.2336320938476965,3.466242404211135,398,42,64
WMT,Services,BiGRU,classification,20,1,13,0.19836672481579995,2.450046187355405,398,42,64
WMT,Services,BiGRU,classification,20,1,14,0.16720782744525067,3.626390184674944,398,42,64
WMT,Services,BiGRU,classification,20,1,15,0.12278213649613773,3.4335234505789622,398,42,64
WMT,Services,BiGRU,classification,20,1,16,0.13255871255793164,3.225433871859596,398,42,64
XOM,Basic Matierials,BiGRU,classification,20,1,1,0.6829254273793206,0.7865466929617382,398,42,64
XOM,Basic Matierials,BiGRU,classification,20,1,2,0.6278085160495048,1.2667099407741003,398,42,64
XOM,Basic Matierials,BiGRU,classification,20,1,3,0.5611128237978298,1.5581985712051392,398,42,64
XOM,Basic Matierials,BiGRU,classification,20,1,4,0.4988014284689822,2.3251765001387823,398,42,64
XOM,Basic Matierials,BiGRU,classification,20,1,5,0.42595910606671816,3.033743937810262,398,42,64
XOM,Basic Matierials,BiGRU,classification,20,1,6,0.38023192678863676,2.523886033466884,398,42,64
XOM,Basic Matierials,BiGRU,classification,20,1,7,0.33787090829269373,2.9056028638567244,398,42,64
XOM,Basic Matierials,BiGRU,classification,20,1,8,0.33268033020460425,4.122056325276692,398,42,64
XOM,Basic Matierials,BiGRU,classification,20,1,9,0.2873541926169515,3.1432446298145114,398,42,64
XOM,Basic Matierials,BiGRU,classification,20,1,10,0.27922368936952036,4.191638923826671,398,42,64
XOM,Basic Matierials,BiGRU,classification,20,1,11,0.28160276911666043,2.851376465388707,398,42,64
XOM,Basic Matierials,BiGRU,classification,20,1,12,0.22000844289909055,4.67161902927217,398,42,64
XOM,Basic Matierials,BiGRU,classification,20,1,13,0.2071859423801228,4.233219464619954,398,42,64
XOM,Basic Matierials,BiGRU,classification,20,1,14,0.18695665881898835,3.6540284610929943,398,42,64
XOM,Basic Matierials,BiGRU,classification,20,1,15,0.11389184816174172,4.314142340705509,398,42,64
XOM,Basic Matierials,BiGRU,classification,20,1,16,0.11200931540985204,4.750228087107341,398,42,64
