company,sector,model_type,problem_type,sequence_length,horizon_steps,epoch,train_loss,val_loss,train_samples,val_samples,test_samples
AAPL,Consumer Goods,GRU,classification,10,5,1,0.6830606146074419,0.871601905141558,398,42,64
AAPL,Consumer Goods,GRU,classification,10,5,2,0.5459677987362272,1.6363427752540225,398,42,64
AAPL,Consumer Goods,GRU,classification,10,5,3,0.47880924317105933,2.4466333843412853,398,42,64
AAPL,Consumer Goods,GRU,classification,10,5,4,0.41318185485188086,3.2563657533554804,398,42,64
AAPL,Consumer Goods,GRU,classification,10,5,5,0.36134964377436807,4.442389896937779,398,42,64
AAPL,Consumer Goods,GRU,classification,10,5,6,0.3530503211908005,3.775425138927641,398,42,64
AAPL,Consumer Goods,GRU,classification,10,5,7,0.36648297249971323,3.870751108442034,398,42,64
AAPL,Consumer Goods,GRU,classification,10,5,8,0.28253281865287666,5.0244394938151045,398,42,64
AAPL,Consumer Goods,GRU,classification,10,5,9,0.2581260250740914,3.9012277239844915,398,42,64
AAPL,Consumer Goods,GRU,classification,10,5,10,0.1937474323876539,6.204426674615769,398,42,64
AAPL,Consumer Goods,GRU,classification,10,5,11,0.2710726547181307,3.6128484180995395,398,42,64
AAPL,Consumer Goods,GRU,classification,10,5,12,0.19183066285135758,5.63261281876337,398,42,64
AAPL,Consumer Goods,GRU,classification,10,5,13,0.13338203862983378,5.394719396318708,398,42,64
AAPL,Consumer Goods,GRU,classification,10,5,14,0.0822178738275964,5.370191256205241,398,42,64
AAPL,Consumer Goods,GRU,classification,10,5,15,0.06754298934984447,5.9630658740089055,398,42,64
AAPL,Consumer Goods,GRU,classification,10,5,16,0.057872050596241974,6.532887140909831,398,42,64
AAPL,Consumer Goods,GRU,classification,10,5,17,0.05505109890995912,6.5970295043218705,398,42,64
AAPL,Consumer Goods,GRU,classification,10,5,18,0.058514171752648135,6.8291681834629605,398,42,64
AAPL,Consumer Goods,GRU,classification,10,5,19,0.04162389624058901,7.204978624979655,398,42,64
AAPL,Consumer Goods,GRU,classification,10,5,20,0.04582134233647255,7.417902038210914,398,42,64
AAPL,Consumer Goods,GRU,classification,10,5,21,0.04042515783902988,7.797830536251976,398,42,64
ABB,Industrial Goods,GRU,classification,10,5,1,0.6447015000348115,1.2501649884950548,398,42,64
ABB,Industrial Goods,GRU,classification,10,5,2,0.5337816599625439,2.5616280805496943,398,42,64
ABB,Industrial Goods,GRU,classification,10,5,3,0.47265053544212227,3.3236982027689614,398,42,64
ABB,Industrial Goods,GRU,classification,10,5,4,0.40486681775831096,4.240159341267177,398,42,64
ABB,Industrial Goods,GRU,classification,10,5,5,0.34813957155948905,4.089723450796945,398,42,64
ABB,Industrial Goods,GRU,classification,10,5,6,0.30286596266169047,3.4225252128782726,398,42,64
ABB,Industrial Goods,GRU,classification,10,5,7,0.2641138126278043,5.11761272521246,398,42,64
ABB,Industrial Goods,GRU,classification,10,5,8,0.2826510491083615,4.063056310017903,398,42,64
ABB,Industrial Goods,GRU,classification,10,5,9,0.2280266039709949,3.6126384280976795,398,42,64
ABB,Industrial Goods,GRU,classification,10,5,10,0.17547762197390873,8.656127362024217,398,42,64
ABB,Industrial Goods,GRU,classification,10,5,11,0.1605403850126506,4.948462440854027,398,42,64
ABB,Industrial Goods,GRU,classification,10,5,12,0.15436563062383302,7.586492311386835,398,42,64
ABB,Industrial Goods,GRU,classification,10,5,13,0.13220774659409595,7.8121739115033835,398,42,64
ABB,Industrial Goods,GRU,classification,10,5,14,0.07270900857396162,7.3134572846548895,398,42,64
ABB,Industrial Goods,GRU,classification,10,5,15,0.06055781208961528,7.501289072490874,398,42,64
ABB,Industrial Goods,GRU,classification,10,5,16,0.047430957293128545,7.906147048586891,398,42,64
ABB,Industrial Goods,GRU,classification,10,5,17,0.041230353063449784,8.79978540965489,398,42,64
ABB,Industrial Goods,GRU,classification,10,5,18,0.041138031945830614,7.849205743698847,398,42,64
ABB,Industrial Goods,GRU,classification,10,5,19,0.03542091274498283,8.842977115086146,398,42,64
ABB,Industrial Goods,GRU,classification,10,5,20,0.03382593911052237,7.938634849729992,398,42,64
ABB,Industrial Goods,GRU,classification,10,5,21,0.036572534227088546,8.846502372196742,398,42,64
ABBV,Healthcare,GRU,classification,10,5,1,0.6386794646581014,1.1196847359339397,336,42,64
ABBV,Healthcare,GRU,classification,10,5,2,0.530139840784527,1.8283007599058605,336,42,64
ABBV,Healthcare,GRU,classification,10,5,3,0.4361998126620338,2.81332220349993,336,42,64
ABBV,Healthcare,GRU,classification,10,5,4,0.3613088996637435,3.2352237701416016,336,42,64
ABBV,Healthcare,GRU,classification,10,5,5,0.2893392660078548,3.2185070628211614,336,42,64
ABBV,Healthcare,GRU,classification,10,5,6,0.27597223825397943,2.8900743212018694,336,42,64
ABBV,Healthcare,GRU,classification,10,5,7,0.3050204244043146,4.4728760492234,336,42,64
ABBV,Healthcare,GRU,classification,10,5,8,0.28675090255481855,2.913786592937651,336,42,64
ABBV,Healthcare,GRU,classification,10,5,9,0.316097835877112,4.738513583228702,336,42,64
ABBV,Healthcare,GRU,classification,10,5,10,0.26485249178395387,4.717592103140695,336,42,64
ABBV,Healthcare,GRU,classification,10,5,11,0.2026077735991705,2.9782043411618186,336,42,64
ABBV,Healthcare,GRU,classification,10,5,12,0.19900269717687652,5.70450142451695,336,42,64
ABBV,Healthcare,GRU,classification,10,5,13,0.16383076237425917,4.239308084760394,336,42,64
ABBV,Healthcare,GRU,classification,10,5,14,0.10481558638137012,4.277246134621756,336,42,64
ABBV,Healthcare,GRU,classification,10,5,15,0.08240879282710098,4.637932459513347,336,42,64
ABBV,Healthcare,GRU,classification,10,5,16,0.06900262967905119,4.294069744291759,336,42,64
ABBV,Healthcare,GRU,classification,10,5,17,0.055609514825933036,5.280300639924549,336,42,64
ABBV,Healthcare,GRU,classification,10,5,18,0.060557005516741244,4.64485890524728,336,42,64
ABBV,Healthcare,GRU,classification,10,5,19,0.04973141288030006,5.258346148899624,336,42,64
ABBV,Healthcare,GRU,classification,10,5,20,0.04560562934992569,5.285237039838519,336,42,64
ABBV,Healthcare,GRU,classification,10,5,21,0.041527910401955956,5.127575965154739,336,42,64
AEP,Utilities,GRU,classification,10,5,1,0.6507397434819284,0.6911722308113462,398,42,64
AEP,Utilities,GRU,classification,10,5,2,0.5537391954929984,0.9537614172413236,398,42,64
AEP,Utilities,GRU,classification,10,5,3,0.47906270458470634,1.0992151356878734,398,42,64
AEP,Utilities,GRU,classification,10,5,4,0.4164195929340382,1.0827636605217343,398,42,64
AEP,Utilities,GRU,classification,10,5,5,0.35430439153508325,1.125364865575518,398,42,64
AEP,Utilities,GRU,classification,10,5,6,0.30029644775929765,1.0705952502432323,398,42,64
AEP,Utilities,GRU,classification,10,5,7,0.2708601257459602,1.0023917016528903,398,42,64
AEP,Utilities,GRU,classification,10,5,8,0.22421795526641097,1.0719592486109053,398,42,64
AEP,Utilities,GRU,classification,10,5,9,0.20729029803869115,1.2834658338910057,398,42,64
AEP,Utilities,GRU,classification,10,5,10,0.21279102174480954,1.2843284209569295,398,42,64
AEP,Utilities,GRU,classification,10,5,11,0.21358862339551724,1.3328827619552612,398,42,64
AEP,Utilities,GRU,classification,10,5,12,0.20004926442201412,1.035896979627155,398,42,64
AEP,Utilities,GRU,classification,10,5,13,0.13619477069707372,0.9759254654248556,398,42,64
AEP,Utilities,GRU,classification,10,5,14,0.08315128539150683,1.0667105118433635,398,42,64
AEP,Utilities,GRU,classification,10,5,15,0.07002796620205419,0.9916458129882812,398,42,64
AEP,Utilities,GRU,classification,10,5,16,0.061787817402550925,1.1523446525846208,398,42,64
AEP,Utilities,GRU,classification,10,5,17,0.05104955079867013,1.091575032188779,398,42,64
AEP,Utilities,GRU,classification,10,5,18,0.044378567468281366,1.1519512789590018,398,42,64
AEP,Utilities,GRU,classification,10,5,19,0.04348110910224256,1.2088012411480857,398,42,64
AEP,Utilities,GRU,classification,10,5,20,0.04068448512473298,1.1870414926892234,398,42,64
AEP,Utilities,GRU,classification,10,5,21,0.03388059372316353,1.240792643456232,398,42,64
AMGN,Healthcare,GRU,classification,10,5,1,0.6463041101867829,0.619990504923321,398,42,64
AMGN,Healthcare,GRU,classification,10,5,2,0.5473045191573138,0.7860495817093622,398,42,64
AMGN,Healthcare,GRU,classification,10,5,3,0.48518442418707075,0.9449467999594552,398,42,64
AMGN,Healthcare,GRU,classification,10,5,4,0.419327683484734,0.8980105831509545,398,42,64
AMGN,Healthcare,GRU,classification,10,5,5,0.3744496574353932,0.794300187201727,398,42,64
AMGN,Healthcare,GRU,classification,10,5,6,0.3285044040811721,1.4087748981657482,398,42,64
AMGN,Healthcare,GRU,classification,10,5,7,0.33520088153867866,0.819428529058184,398,42,64
AMGN,Healthcare,GRU,classification,10,5,8,0.29319999168566124,1.5820730867839994,398,42,64
AMGN,Healthcare,GRU,classification,10,5,9,0.24681996864889136,1.9987578164963495,398,42,64
AMGN,Healthcare,GRU,classification,10,5,10,0.2349727482502185,0.9334619102023897,398,42,64
AMGN,Healthcare,GRU,classification,10,5,11,0.21004652902109539,2.581337815239316,398,42,64
AMGN,Healthcare,GRU,classification,10,5,12,0.21867639290627522,1.5264650242669242,398,42,64
AMGN,Healthcare,GRU,classification,10,5,13,0.20293533423887425,1.5541434855688185,398,42,64
AMGN,Healthcare,GRU,classification,10,5,14,0.11925418143296361,1.3610208148048037,398,42,64
AMGN,Healthcare,GRU,classification,10,5,15,0.09329566082463192,1.6759409677414667,398,42,64
AMGN,Healthcare,GRU,classification,10,5,16,0.0830135961348687,1.59846373966762,398,42,64
AMGN,Healthcare,GRU,classification,10,5,17,0.06916166798927677,1.8097165425618489,398,42,64
AMGN,Healthcare,GRU,classification,10,5,18,0.06891950377118049,1.8590034076145716,398,42,64
AMGN,Healthcare,GRU,classification,10,5,19,0.0627073305261195,2.1952688580467585,398,42,64
AMGN,Healthcare,GRU,classification,10,5,20,0.06658551323428825,1.8248240380060106,398,42,64
AMGN,Healthcare,GRU,classification,10,5,21,0.05474604095271484,1.846016179947626,398,42,64
AMZN,Services,GRU,classification,10,5,1,0.701986337127398,1.1297648804528373,398,42,64
AMZN,Services,GRU,classification,10,5,2,0.6148574457096694,2.7161441246668496,398,42,64
AMZN,Services,GRU,classification,10,5,3,0.5516780617848114,3.741923684165591,398,42,64
AMZN,Services,GRU,classification,10,5,4,0.4756225624575687,4.435148091543288,398,42,64
AMZN,Services,GRU,classification,10,5,5,0.4035474398926874,5.172257729939052,398,42,64
AMZN,Services,GRU,classification,10,5,6,0.3466411700200795,6.792628220149449,398,42,64
AMZN,Services,GRU,classification,10,5,7,0.326418459490316,5.965340330487206,398,42,64
AMZN,Services,GRU,classification,10,5,8,0.29869679717262787,5.224722907656715,398,42,64
AMZN,Services,GRU,classification,10,5,9,0.2687174765458658,5.706328460148403,398,42,64
AMZN,Services,GRU,classification,10,5,10,0.30431855922967344,8.965335641588483,398,42,64
AMZN,Services,GRU,classification,10,5,11,0.22391540414873679,6.355766750517345,398,42,64
AMZN,Services,GRU,classification,10,5,12,0.19219814869926202,6.2648515020098,398,42,64
AMZN,Services,GRU,classification,10,5,13,0.20190866212898761,6.3685040928068615,398,42,64
AMZN,Services,GRU,classification,10,5,14,0.11027364638732307,7.001733507428851,398,42,64
AMZN,Services,GRU,classification,10,5,15,0.09304803918728877,6.9872227396283835,398,42,64
AMZN,Services,GRU,classification,10,5,16,0.08328670804299901,8.241323993319558,398,42,64
AMZN,Services,GRU,classification,10,5,17,0.07170599713996427,8.327137220473517,398,42,64
AMZN,Services,GRU,classification,10,5,18,0.061875886251054814,8.364034039633614,398,42,64
AMZN,Services,GRU,classification,10,5,19,0.05684520592959832,8.384036540985107,398,42,64
AMZN,Services,GRU,classification,10,5,20,0.05792059163895234,8.352540220533099,398,42,64
AMZN,Services,GRU,classification,10,5,21,0.05599356600874333,9.612722850981212,398,42,64
BA,Industrial Goods,GRU,classification,10,5,1,0.662656094860192,0.6160768270492554,398,42,64
BA,Industrial Goods,GRU,classification,10,5,2,0.5778679272637295,0.6410440291677203,398,42,64
BA,Industrial Goods,GRU,classification,10,5,3,0.498750502589959,0.705343382699149,398,42,64
BA,Industrial Goods,GRU,classification,10,5,4,0.42880713685074046,0.9411762214842296,398,42,64
BA,Industrial Goods,GRU,classification,10,5,5,0.37622943835042827,0.9539601348695301,398,42,64
BA,Industrial Goods,GRU,classification,10,5,6,0.3387611861804023,2.112434236776261,398,42,64
BA,Industrial Goods,GRU,classification,10,5,7,0.3489517539589848,1.364363772528512,398,42,64
BA,Industrial Goods,GRU,classification,10,5,8,0.282524556445716,1.3225459144228982,398,42,64
BA,Industrial Goods,GRU,classification,10,5,9,0.27071229027743315,2.7739428012143996,398,42,64
BA,Industrial Goods,GRU,classification,10,5,10,0.2420316139732174,2.3317370414733887,398,42,64
BA,Industrial Goods,GRU,classification,10,5,11,0.23500653899195206,1.6550453858716148,398,42,64
BA,Industrial Goods,GRU,classification,10,5,12,0.22071196430891601,2.1276080835433233,398,42,64
BA,Industrial Goods,GRU,classification,10,5,13,0.1670192915890085,1.2891923245929537,398,42,64
BA,Industrial Goods,GRU,classification,10,5,14,0.09882642553379788,1.1683284555162703,398,42,64
BA,Industrial Goods,GRU,classification,10,5,15,0.07542726013753283,1.4061237062726701,398,42,64
BA,Industrial Goods,GRU,classification,10,5,16,0.06306848528996185,1.5879391715640114,398,42,64
BA,Industrial Goods,GRU,classification,10,5,17,0.0614212911351392,1.5888197876158214,398,42,64
BA,Industrial Goods,GRU,classification,10,5,18,0.044295979298688656,1.822425092969622,398,42,64
BA,Industrial Goods,GRU,classification,10,5,19,0.04091668675592796,1.7747452486129034,398,42,64
BA,Industrial Goods,GRU,classification,10,5,20,0.041187715749420116,2.101254031771705,398,42,64
BA,Industrial Goods,GRU,classification,10,5,21,0.0400748169190021,1.7368195738111223,398,42,64
BAC,Financial,GRU,classification,10,5,1,0.6545031795549632,0.7506164880025954,398,42,64
BAC,Financial,GRU,classification,10,5,2,0.5646182439435068,0.9745362542924427,398,42,64
BAC,Financial,GRU,classification,10,5,3,0.4787131181014842,1.2780636832827614,398,42,64
BAC,Financial,GRU,classification,10,5,4,0.41122681591378984,1.7038161981673468,398,42,64
BAC,Financial,GRU,classification,10,5,5,0.33402695600411403,2.15557861328125,398,42,64
BAC,Financial,GRU,classification,10,5,6,0.27599317265964635,2.762442702338809,398,42,64
BAC,Financial,GRU,classification,10,5,7,0.26951943734782424,2.1135018780117942,398,42,64
BAC,Financial,GRU,classification,10,5,8,0.21968289288743656,3.4105398541405085,398,42,64
BAC,Financial,GRU,classification,10,5,9,0.2301276929713973,3.833907127380371,398,42,64
BAC,Financial,GRU,classification,10,5,10,0.21067918653613957,2.076111452920096,398,42,64
BAC,Financial,GRU,classification,10,5,11,0.21589561124992132,3.8100353422619047,398,42,64
BAC,Financial,GRU,classification,10,5,12,0.1601592156305984,3.0036863826570057,398,42,64
BAC,Financial,GRU,classification,10,5,13,0.1390770553662699,3.9173895517985025,398,42,64
BAC,Financial,GRU,classification,10,5,14,0.07465904163917404,4.001389321826753,398,42,64
BAC,Financial,GRU,classification,10,5,15,0.057667152343046424,3.9807724952697754,398,42,64
BAC,Financial,GRU,classification,10,5,16,0.05787013131357617,4.467615445454915,398,42,64
BAC,Financial,GRU,classification,10,5,17,0.0442653779951322,4.116361027672177,398,42,64
BAC,Financial,GRU,classification,10,5,18,0.04233191176153832,4.6627628689720515,398,42,64
BAC,Financial,GRU,classification,10,5,19,0.03280304652175412,4.487219242822556,398,42,64
BAC,Financial,GRU,classification,10,5,20,0.03260553067540703,5.141969998677571,398,42,64
BAC,Financial,GRU,classification,10,5,21,0.03214337825587946,4.840618406023298,398,42,64
BBL,Basic Matierials,GRU,classification,10,5,1,0.6875402663820352,0.7089710065296718,398,42,64
BBL,Basic Matierials,GRU,classification,10,5,2,0.5821720920315939,0.7484031944047838,398,42,64
BBL,Basic Matierials,GRU,classification,10,5,3,0.5147537780766511,0.7085988833790734,398,42,64
BBL,Basic Matierials,GRU,classification,10,5,4,0.4483607290078647,1.0077288207553683,398,42,64
BBL,Basic Matierials,GRU,classification,10,5,5,0.38074531964021713,1.1882028636478243,398,42,64
BBL,Basic Matierials,GRU,classification,10,5,6,0.3334652833902656,1.9816405659630185,398,42,64
BBL,Basic Matierials,GRU,classification,10,5,7,0.278905748647062,1.6558853331066312,398,42,64
BBL,Basic Matierials,GRU,classification,10,5,8,0.3139730373294509,1.8333048252832322,398,42,64
BBL,Basic Matierials,GRU,classification,10,5,9,0.3122234783280435,1.6070944354647683,398,42,64
BBL,Basic Matierials,GRU,classification,10,5,10,0.2237937960343145,1.9018387567429316,398,42,64
BBL,Basic Matierials,GRU,classification,10,5,11,0.21015693763991697,2.6677595320202054,398,42,64
BBL,Basic Matierials,GRU,classification,10,5,12,0.24224571322076885,1.8969750120526268,398,42,64
BBL,Basic Matierials,GRU,classification,10,5,13,0.19150827859701522,4.306758698962984,398,42,64
BBL,Basic Matierials,GRU,classification,10,5,14,0.14114711589025492,1.86732660588764,398,42,64
BBL,Basic Matierials,GRU,classification,10,5,15,0.1358416812148076,2.195623795191447,398,42,64
BBL,Basic Matierials,GRU,classification,10,5,16,0.07595846156154445,2.367218778246925,398,42,64
BBL,Basic Matierials,GRU,classification,10,5,17,0.06631974337725484,2.743538118544079,398,42,64
BBL,Basic Matierials,GRU,classification,10,5,18,0.07327946635833638,2.7264914172036305,398,42,64
BBL,Basic Matierials,GRU,classification,10,5,19,0.054295784176032445,2.916024378367833,398,42,64
BBL,Basic Matierials,GRU,classification,10,5,20,0.05691241476703529,2.7610527106693814,398,42,64
BBL,Basic Matierials,GRU,classification,10,5,21,0.0510273572225966,3.4174274603525796,398,42,64
BCH,Financial,GRU,classification,10,5,1,0.6369517673200099,0.6314295558702379,398,42,64
BCH,Financial,GRU,classification,10,5,2,0.5328390122059002,1.1164730276380266,398,42,64
BCH,Financial,GRU,classification,10,5,3,0.4846803137105913,1.6391503470284599,398,42,64
BCH,Financial,GRU,classification,10,5,4,0.4227979329962227,2.1038656007675898,398,42,64
BCH,Financial,GRU,classification,10,5,5,0.35816179388132524,2.086420218149821,398,42,64
BCH,Financial,GRU,classification,10,5,6,0.3232609324119798,1.8867738019852411,398,42,64
BCH,Financial,GRU,classification,10,5,7,0.3368899101887516,2.8101653030940463,398,42,64
BCH,Financial,GRU,classification,10,5,8,0.3507465041013219,1.7757903848375594,398,42,64
BCH,Financial,GRU,classification,10,5,9,0.2594572989335611,2.4210144792284285,398,42,64
BCH,Financial,GRU,classification,10,5,10,0.2215072579270032,2.531796699478513,398,42,64
BCH,Financial,GRU,classification,10,5,11,0.21639343755478835,1.6922281242552257,398,42,64
BCH,Financial,GRU,classification,10,5,12,0.1971647992879901,3.5302597114018033,398,42,64
BCH,Financial,GRU,classification,10,5,13,0.14755225855501453,3.2657727741059803,398,42,64
BCH,Financial,GRU,classification,10,5,14,0.09985067611139024,3.180423861458188,398,42,64
BCH,Financial,GRU,classification,10,5,15,0.08065524899480331,3.4921524978819347,398,42,64
BCH,Financial,GRU,classification,10,5,16,0.07111677914932744,3.5479116212754023,398,42,64
BCH,Financial,GRU,classification,10,5,17,0.06432582104775175,3.8267432280949185,398,42,64
BCH,Financial,GRU,classification,10,5,18,0.06309728681966288,3.4670535042172386,398,42,64
BCH,Financial,GRU,classification,10,5,19,0.06463478529011485,4.194405476252238,398,42,64
BCH,Financial,GRU,classification,10,5,20,0.05874882332381591,3.434691769736154,398,42,64
BCH,Financial,GRU,classification,10,5,21,0.052327084729457324,4.674340293520973,398,42,64
BHP,Basic Matierials,GRU,classification,10,5,1,0.6792432734714681,0.8678052113169715,398,42,64
BHP,Basic Matierials,GRU,classification,10,5,2,0.5758994145309506,1.1538197199503581,398,42,64
BHP,Basic Matierials,GRU,classification,10,5,3,0.5057768320018922,1.4435947679338001,398,42,64
BHP,Basic Matierials,GRU,classification,10,5,4,0.437198974379343,2.068177972521101,398,42,64
BHP,Basic Matierials,GRU,classification,10,5,5,0.3653304086408423,3.008431831995646,398,42,64
BHP,Basic Matierials,GRU,classification,10,5,6,0.3171749015399559,2.8586976187569753,398,42,64
BHP,Basic Matierials,GRU,classification,10,5,7,0.30140129956018985,4.901461828322637,398,42,64
BHP,Basic Matierials,GRU,classification,10,5,8,0.2989629451279065,4.5199276606241865,398,42,64
BHP,Basic Matierials,GRU,classification,10,5,9,0.23127187927014864,3.6814353352501277,398,42,64
BHP,Basic Matierials,GRU,classification,10,5,10,0.25444675045995857,5.975793747674851,398,42,64
BHP,Basic Matierials,GRU,classification,10,5,11,0.23357645639372832,4.606410480680919,398,42,64
BHP,Basic Matierials,GRU,classification,10,5,12,0.15214219285016084,7.074883233933222,398,42,64
BHP,Basic Matierials,GRU,classification,10,5,13,0.14897160748272537,5.765009448641822,398,42,64
BHP,Basic Matierials,GRU,classification,10,5,14,0.08462485079489761,6.421953496478853,398,42,64
BHP,Basic Matierials,GRU,classification,10,5,15,0.07212938454432703,6.728324186234247,398,42,64
BHP,Basic Matierials,GRU,classification,10,5,16,0.06548466532018467,6.988126868293399,398,42,64
BHP,Basic Matierials,GRU,classification,10,5,17,0.06102384818745917,7.558562097095308,398,42,64
BHP,Basic Matierials,GRU,classification,10,5,18,0.053764468828805874,7.406860306149437,398,42,64
BHP,Basic Matierials,GRU,classification,10,5,19,0.04181775881618673,8.042220978509812,398,42,64
BHP,Basic Matierials,GRU,classification,10,5,20,0.04210326061981857,8.022030194600424,398,42,64
BHP,Basic Matierials,GRU,classification,10,5,21,0.03620180142247797,7.926738239469982,398,42,64
BP,Basic Matierials,GRU,classification,10,5,1,0.6992966101397222,1.034210735843295,398,42,64
BP,Basic Matierials,GRU,classification,10,5,2,0.5978778705525039,1.7089985609054565,398,42,64
BP,Basic Matierials,GRU,classification,10,5,3,0.5226813074032864,2.7022861469359625,398,42,64
BP,Basic Matierials,GRU,classification,10,5,4,0.46215794718445247,3.478395904813494,398,42,64
BP,Basic Matierials,GRU,classification,10,5,5,0.39221387637320476,4.095786923453922,398,42,64
BP,Basic Matierials,GRU,classification,10,5,6,0.33553920678756943,4.035108952295213,398,42,64
BP,Basic Matierials,GRU,classification,10,5,7,0.29567364741809404,6.224988392421177,398,42,64
BP,Basic Matierials,GRU,classification,10,5,8,0.3594580622174632,6.274551209949312,398,42,64
BP,Basic Matierials,GRU,classification,10,5,9,0.29443524575712693,5.571716058821905,398,42,64
BP,Basic Matierials,GRU,classification,10,5,10,0.2902565072079999,3.6175761222839355,398,42,64
BP,Basic Matierials,GRU,classification,10,5,11,0.23953939412706463,6.859465258462088,398,42,64
BP,Basic Matierials,GRU,classification,10,5,12,0.1848093397803043,5.345243987582979,398,42,64
BP,Basic Matierials,GRU,classification,10,5,13,0.15163340295978528,6.195054304032099,398,42,64
BP,Basic Matierials,GRU,classification,10,5,14,0.09510535739324799,6.0351435116359164,398,42,64
BP,Basic Matierials,GRU,classification,10,5,15,0.07299346656505785,6.323205698104132,398,42,64
BP,Basic Matierials,GRU,classification,10,5,16,0.06683437402673702,6.747838678814116,398,42,64
BP,Basic Matierials,GRU,classification,10,5,17,0.05444670865433899,7.215479373931885,398,42,64
BP,Basic Matierials,GRU,classification,10,5,18,0.05164952596752488,7.18695710954212,398,42,64
BP,Basic Matierials,GRU,classification,10,5,19,0.04111298512498937,7.564215501149495,398,42,64
BP,Basic Matierials,GRU,classification,10,5,20,0.035695837408154456,7.818671884990874,398,42,64
BP,Basic Matierials,GRU,classification,10,5,21,0.027715905939214792,8.019566490536643,398,42,64
BRK-A,Financial,GRU,classification,10,5,1,0.7070598293788469,1.158143591313135,398,42,64
BRK-A,Financial,GRU,classification,10,5,2,0.6074326268991633,2.7630779175531295,398,42,64
BRK-A,Financial,GRU,classification,10,5,3,0.5356420002990032,4.235749925885882,398,42,64
BRK-A,Financial,GRU,classification,10,5,4,0.48465349012283826,4.718736762092227,398,42,64
BRK-A,Financial,GRU,classification,10,5,5,0.4236399414551318,5.115569795880999,398,42,64
BRK-A,Financial,GRU,classification,10,5,6,0.37688303877360857,7.813581035250709,398,42,64
BRK-A,Financial,GRU,classification,10,5,7,0.3405313812308575,7.79578499566941,398,42,64
BRK-A,Financial,GRU,classification,10,5,8,0.38901400461268787,5.953447614397321,398,42,64
BRK-A,Financial,GRU,classification,10,5,9,0.351056718496821,9.682477769397554,398,42,64
BRK-A,Financial,GRU,classification,10,5,10,0.28397307368978186,5.506194182804653,398,42,64
BRK-A,Financial,GRU,classification,10,5,11,0.22753918942195087,10.490860212416877,398,42,64
BRK-A,Financial,GRU,classification,10,5,12,0.20332647770193954,9.855325471787225,398,42,64
BRK-A,Financial,GRU,classification,10,5,13,0.18712311661123632,8.636040233430409,398,42,64
BRK-A,Financial,GRU,classification,10,5,14,0.14087659592304996,10.805241675603957,398,42,64
BRK-A,Financial,GRU,classification,10,5,15,0.11781396364896142,9.877704211643763,398,42,64
BRK-A,Financial,GRU,classification,10,5,16,0.11263098361803658,10.328943116324288,398,42,64
BRK-A,Financial,GRU,classification,10,5,17,0.0891421957493727,11.049934069315592,398,42,64
BRK-A,Financial,GRU,classification,10,5,18,0.07993368482469913,10.71207028343564,398,42,64
BRK-A,Financial,GRU,classification,10,5,19,0.07397348122980127,11.008491970243908,398,42,64
BRK-A,Financial,GRU,classification,10,5,20,0.07008022567884407,11.171459061758858,398,42,64
BRK-A,Financial,GRU,classification,10,5,21,0.061128307957595315,11.201381138392858,398,42,64
BSAC,Financial,GRU,classification,10,5,1,0.6861521910183394,0.6627820417994544,398,42,64
BSAC,Financial,GRU,classification,10,5,2,0.5765930495070453,0.9172117710113525,398,42,64
BSAC,Financial,GRU,classification,10,5,3,0.5032378367742701,1.2566531612759544,398,42,64
BSAC,Financial,GRU,classification,10,5,4,0.4299947372333488,1.8590765112922305,398,42,64
BSAC,Financial,GRU,classification,10,5,5,0.35554743786553045,2.5508852345602855,398,42,64
BSAC,Financial,GRU,classification,10,5,6,0.29959489981732773,2.316139232544672,398,42,64
BSAC,Financial,GRU,classification,10,5,7,0.29111360859631297,3.685945851462228,398,42,64
BSAC,Financial,GRU,classification,10,5,8,0.24526337051211888,2.9487584431966147,398,42,64
BSAC,Financial,GRU,classification,10,5,9,0.21532856339785322,5.207722641172863,398,42,64
BSAC,Financial,GRU,classification,10,5,10,0.18670388801613047,3.587947572980608,398,42,64
BSAC,Financial,GRU,classification,10,5,11,0.21913030144557283,4.133029801504953,398,42,64
BSAC,Financial,GRU,classification,10,5,12,0.1975662337625446,5.4120627130780905,398,42,64
BSAC,Financial,GRU,classification,10,5,13,0.14450291304582327,4.294524533408029,398,42,64
BSAC,Financial,GRU,classification,10,5,14,0.08271493377098486,4.744255406515939,398,42,64
BSAC,Financial,GRU,classification,10,5,15,0.06602334753427673,4.833877904074533,398,42,64
BSAC,Financial,GRU,classification,10,5,16,0.05960109773742494,5.369849613734654,398,42,64
BSAC,Financial,GRU,classification,10,5,17,0.04817382957617841,5.67220215570359,398,42,64
BSAC,Financial,GRU,classification,10,5,18,0.05084288769855571,5.8303600038800925,398,42,64
BSAC,Financial,GRU,classification,10,5,19,0.0404283027515639,6.349980081830706,398,42,64
BSAC,Financial,GRU,classification,10,5,20,0.04212995959286714,6.059355009169805,398,42,64
BSAC,Financial,GRU,classification,10,5,21,0.031320878028420346,6.134211313156855,398,42,64
BUD,Consumer Goods,GRU,classification,10,5,1,0.6700526733494284,0.9781772607848758,398,42,64
BUD,Consumer Goods,GRU,classification,10,5,2,0.5926553511140334,1.4929497979936146,398,42,64
BUD,Consumer Goods,GRU,classification,10,5,3,0.5123692809337348,1.5607140121005831,398,42,64
BUD,Consumer Goods,GRU,classification,10,5,4,0.43839963896190703,1.7928358543486822,398,42,64
BUD,Consumer Goods,GRU,classification,10,5,5,0.3634271947433002,2.906445560001192,398,42,64
BUD,Consumer Goods,GRU,classification,10,5,6,0.31728542105636404,3.6732629253750755,398,42,64
BUD,Consumer Goods,GRU,classification,10,5,7,0.277375180218088,3.4208270595187233,398,42,64
BUD,Consumer Goods,GRU,classification,10,5,8,0.27160580868098005,3.4258535475957963,398,42,64
BUD,Consumer Goods,GRU,classification,10,5,9,0.3672968469672467,3.941630897067842,398,42,64
BUD,Consumer Goods,GRU,classification,10,5,10,0.2554814802791605,3.769003391265869,398,42,64
BUD,Consumer Goods,GRU,classification,10,5,11,0.1874685736008026,4.763395343508039,398,42,64
BUD,Consumer Goods,GRU,classification,10,5,12,0.1656861215380568,5.911604086558024,398,42,64
BUD,Consumer Goods,GRU,classification,10,5,13,0.11008091237227521,5.798428762526739,398,42,64
BUD,Consumer Goods,GRU,classification,10,5,14,0.08524274099711797,6.377976190476191,398,42,64
BUD,Consumer Goods,GRU,classification,10,5,15,0.0697821204424204,5.919517131078811,398,42,64
BUD,Consumer Goods,GRU,classification,10,5,16,0.05990916455922714,6.8498491786775135,398,42,64
BUD,Consumer Goods,GRU,classification,10,5,17,0.05706676043307961,7.04230751310076,398,42,64
BUD,Consumer Goods,GRU,classification,10,5,18,0.05318375665638315,7.334701197487967,398,42,64
BUD,Consumer Goods,GRU,classification,10,5,19,0.0474064469562104,7.20696853456043,398,42,64
BUD,Consumer Goods,GRU,classification,10,5,20,0.04968317248039509,7.164113748641241,398,42,64
BUD,Consumer Goods,GRU,classification,10,5,21,0.04299268020719439,8.375825200762067,398,42,64
C,Financial,GRU,classification,10,5,1,0.6636321778273463,0.8069095384506952,398,42,64
C,Financial,GRU,classification,10,5,2,0.5304544852606615,1.4200126897721064,398,42,64
C,Financial,GRU,classification,10,5,3,0.4543263883746449,1.7639152776627314,398,42,64
C,Financial,GRU,classification,10,5,4,0.3753683236076604,1.6641860916501,398,42,64
C,Financial,GRU,classification,10,5,5,0.3148774152724587,3.192262127285912,398,42,64
C,Financial,GRU,classification,10,5,6,0.32310806416985977,5.933452061244419,398,42,64
C,Financial,GRU,classification,10,5,7,0.3171045160173771,3.767221836816697,398,42,64
C,Financial,GRU,classification,10,5,8,0.2368422488321611,5.700078283037458,398,42,64
C,Financial,GRU,classification,10,5,9,0.20631120765778288,7.82208115713937,398,42,64
C,Financial,GRU,classification,10,5,10,0.17786515695066307,5.835351217360723,398,42,64
C,Financial,GRU,classification,10,5,11,0.18162655261293728,7.546145938691639,398,42,64
C,Financial,GRU,classification,10,5,12,0.1481484522172554,8.971695899963379,398,42,64
C,Financial,GRU,classification,10,5,13,0.10412588445048536,8.836549668085008,398,42,64
C,Financial,GRU,classification,10,5,14,0.07019896579709783,8.248326074509393,398,42,64
C,Financial,GRU,classification,10,5,15,0.0587883781379641,9.668223153977166,398,42,64
C,Financial,GRU,classification,10,5,16,0.04806706083741919,9.131179219200497,398,42,64
C,Financial,GRU,classification,10,5,17,0.04159656820360141,10.44474728902181,398,42,64
C,Financial,GRU,classification,10,5,18,0.0375495484080072,10.004248028709775,398,42,64
C,Financial,GRU,classification,10,5,19,0.041507708011709867,11.367462703159877,398,42,64
C,Financial,GRU,classification,10,5,20,0.035614498221694525,10.76303345816476,398,42,64
C,Financial,GRU,classification,10,5,21,0.03491468256779352,11.546821140107655,398,42,64
CAT,Industrial Goods,GRU,classification,10,5,1,0.6933686808126056,1.0462882234936668,398,42,64
CAT,Industrial Goods,GRU,classification,10,5,2,0.5753071919158476,1.4253249792825609,398,42,64
CAT,Industrial Goods,GRU,classification,10,5,3,0.5145808055472734,1.4505013454528082,398,42,64
CAT,Industrial Goods,GRU,classification,10,5,4,0.4429451126848633,1.3229374772026425,398,42,64
CAT,Industrial Goods,GRU,classification,10,5,5,0.37493146184700815,1.6150227387746174,398,42,64
CAT,Industrial Goods,GRU,classification,10,5,6,0.31389446009942634,1.2653397492000036,398,42,64
CAT,Industrial Goods,GRU,classification,10,5,7,0.2938428745796932,1.120430038088844,398,42,64
CAT,Industrial Goods,GRU,classification,10,5,8,0.30859754672601597,1.1647946039835613,398,42,64
CAT,Industrial Goods,GRU,classification,10,5,9,0.2816425925073911,0.9023485581080118,398,42,64
CAT,Industrial Goods,GRU,classification,10,5,10,0.22857025842271259,1.0799410201254345,398,42,64
CAT,Industrial Goods,GRU,classification,10,5,11,0.21554255635295083,1.1483428535007296,398,42,64
CAT,Industrial Goods,GRU,classification,10,5,12,0.15140087898801918,1.0871176208768571,398,42,64
CAT,Industrial Goods,GRU,classification,10,5,13,0.13341731514463473,1.581438524382455,398,42,64
CAT,Industrial Goods,GRU,classification,10,5,14,0.14958258452427448,2.0070399216243198,398,42,64
CAT,Industrial Goods,GRU,classification,10,5,15,0.14062972851659186,1.2777343704586936,398,42,64
CAT,Industrial Goods,GRU,classification,10,5,16,0.09998233683744268,1.3889258816128685,398,42,64
CAT,Industrial Goods,GRU,classification,10,5,17,0.16934512111933986,1.9001072588421049,398,42,64
CAT,Industrial Goods,GRU,classification,10,5,18,0.10527696891046649,1.5210382313955397,398,42,64
CAT,Industrial Goods,GRU,classification,10,5,19,0.09520366576373876,1.80623155548459,398,42,64
CAT,Industrial Goods,GRU,classification,10,5,20,0.06362942162545482,1.1752434628350394,398,42,64
CAT,Industrial Goods,GRU,classification,10,5,21,0.05699278296313094,1.4738253582091558,398,42,64
CAT,Industrial Goods,GRU,classification,10,5,22,0.032057228034839555,1.3275683437074934,398,42,64
CAT,Industrial Goods,GRU,classification,10,5,23,0.018670287240652284,1.384066138948713,398,42,64
CAT,Industrial Goods,GRU,classification,10,5,24,0.027530626342374475,1.8442337967100597,398,42,64
CAT,Industrial Goods,GRU,classification,10,5,25,0.02103558347452825,1.6445114782878332,398,42,64
CAT,Industrial Goods,GRU,classification,10,5,26,0.0163668357865445,1.8558501856667655,398,42,64
CAT,Industrial Goods,GRU,classification,10,5,27,0.016113347308382618,1.7188877491723924,398,42,64
CAT,Industrial Goods,GRU,classification,10,5,28,0.011139291556243172,1.6334928898584276,398,42,64
CAT,Industrial Goods,GRU,classification,10,5,29,0.02022516104303787,2.196901945840745,398,42,64
CELG,Healthcare,GRU,classification,10,5,1,0.6347241663753088,0.6144883547510419,398,42,64
CELG,Healthcare,GRU,classification,10,5,2,0.5460490010791088,0.6707482451484317,398,42,64
CELG,Healthcare,GRU,classification,10,5,3,0.47135623960039724,0.6712089862142291,398,42,64
CELG,Healthcare,GRU,classification,10,5,4,0.4289442703652023,0.7617638763927278,398,42,64
CELG,Healthcare,GRU,classification,10,5,5,0.36354562101052634,0.7107003473100209,398,42,64
CELG,Healthcare,GRU,classification,10,5,6,0.3165855520035154,0.8942219302767799,398,42,64
CELG,Healthcare,GRU,classification,10,5,7,0.27630912710973365,1.5674360139029366,398,42,64
CELG,Healthcare,GRU,classification,10,5,8,0.29737103988776853,0.9072233026935941,398,42,64
CELG,Healthcare,GRU,classification,10,5,9,0.2172174855093261,1.01612731388637,398,42,64
CELG,Healthcare,GRU,classification,10,5,10,0.19327877634134724,1.1176591189134688,398,42,64
CELG,Healthcare,GRU,classification,10,5,11,0.17911422346255287,1.5486684072585333,398,42,64
CELG,Healthcare,GRU,classification,10,5,12,0.17304561792606085,1.4421889242671786,398,42,64
CELG,Healthcare,GRU,classification,10,5,13,0.13632729683239855,1.5390705608186268,398,42,64
CELG,Healthcare,GRU,classification,10,5,14,0.08366341993736862,1.341011717205956,398,42,64
CELG,Healthcare,GRU,classification,10,5,15,0.07870368225191107,1.6086065428597587,398,42,64
CELG,Healthcare,GRU,classification,10,5,16,0.06262279410458091,1.3921825147810436,398,42,64
CELG,Healthcare,GRU,classification,10,5,17,0.050651868945689654,1.5759063788822718,398,42,64
CELG,Healthcare,GRU,classification,10,5,18,0.04776450985078536,1.5900448390415736,398,42,64
CELG,Healthcare,GRU,classification,10,5,19,0.04550318442397381,1.3977423622494651,398,42,64
CELG,Healthcare,GRU,classification,10,5,20,0.04011933702095669,1.8105502128601074,398,42,64
CELG,Healthcare,GRU,classification,10,5,21,0.036080210886184294,1.4611337468737648,398,42,64
CHL,Technology,GRU,classification,10,5,1,0.6847069640854495,0.6850502093633016,398,42,64
CHL,Technology,GRU,classification,10,5,2,0.561174603862379,0.6903208295504252,398,42,64
CHL,Technology,GRU,classification,10,5,3,0.49024138363761516,0.8050924113818577,398,42,64
CHL,Technology,GRU,classification,10,5,4,0.40808900412003596,0.9537208988553002,398,42,64
CHL,Technology,GRU,classification,10,5,5,0.3343748865864385,1.1672580525988625,398,42,64
CHL,Technology,GRU,classification,10,5,6,0.27484224504561877,2.1287775947934104,398,42,64
CHL,Technology,GRU,classification,10,5,7,0.25088916831280117,1.7657091390518915,398,42,64
CHL,Technology,GRU,classification,10,5,8,0.2334937565590269,1.745494740349906,398,42,64
CHL,Technology,GRU,classification,10,5,9,0.2400229146432637,2.59697349298568,398,42,64
CHL,Technology,GRU,classification,10,5,10,0.20760098159612722,3.1178159486679804,398,42,64
CHL,Technology,GRU,classification,10,5,11,0.16716021276898121,2.8444680032275973,398,42,64
CHL,Technology,GRU,classification,10,5,12,0.1548210149209703,4.327491555895124,398,42,64
CHL,Technology,GRU,classification,10,5,13,0.12554606473326085,3.8089671589079357,398,42,64
CHL,Technology,GRU,classification,10,5,14,0.0835206967464943,3.883356525784447,398,42,64
CHL,Technology,GRU,classification,10,5,15,0.06473188137813429,3.8742168063209173,398,42,64
CHL,Technology,GRU,classification,10,5,16,0.05947630777580654,4.505551133837018,398,42,64
CHL,Technology,GRU,classification,10,5,17,0.05905077486631259,4.187439827691941,398,42,64
CHL,Technology,GRU,classification,10,5,18,0.05291796346480523,4.851531937008812,398,42,64
CHL,Technology,GRU,classification,10,5,19,0.05131782163589744,4.504866486503964,398,42,64
CHL,Technology,GRU,classification,10,5,20,0.05354639631345044,5.0589356195359,398,42,64
CHL,Technology,GRU,classification,10,5,21,0.047572618359746646,4.38764746983846,398,42,64
CHTR,Services,GRU,classification,10,5,1,0.6877800417904878,0.7789222385202136,398,42,64
CHTR,Services,GRU,classification,10,5,2,0.5625707593994524,1.6609321037928264,398,42,64
CHTR,Services,GRU,classification,10,5,3,0.49002918945485024,2.380846608252752,398,42,64
CHTR,Services,GRU,classification,10,5,4,0.42102603831482893,2.6911631595520746,398,42,64
CHTR,Services,GRU,classification,10,5,5,0.36199625697567234,2.967545415673937,398,42,64
CHTR,Services,GRU,classification,10,5,6,0.3429335890403345,2.024693340063095,398,42,64
CHTR,Services,GRU,classification,10,5,7,0.3378767441565068,5.58270990280878,398,42,64
CHTR,Services,GRU,classification,10,5,8,0.31363464495045457,2.4379098316033683,398,42,64
CHTR,Services,GRU,classification,10,5,9,0.2662803421367952,4.110190340450832,398,42,64
CHTR,Services,GRU,classification,10,5,10,0.23747479705954316,3.973876402491615,398,42,64
CHTR,Services,GRU,classification,10,5,11,0.17909003217615674,4.37115296295711,398,42,64
CHTR,Services,GRU,classification,10,5,12,0.17969997010039324,4.23816948845273,398,42,64
CHTR,Services,GRU,classification,10,5,13,0.12466123168492436,4.892329953965687,398,42,64
CHTR,Services,GRU,classification,10,5,14,0.08584078985392748,5.535744178862799,398,42,64
CHTR,Services,GRU,classification,10,5,15,0.07163379633396715,5.715514852887108,398,42,64
CHTR,Services,GRU,classification,10,5,16,0.05948821078967209,6.411994128000169,398,42,64
CHTR,Services,GRU,classification,10,5,17,0.055201081091060714,5.955718119939168,398,42,64
CHTR,Services,GRU,classification,10,5,18,0.04952723252114339,6.519059010914394,398,42,64
CHTR,Services,GRU,classification,10,5,19,0.0454504177835419,6.902765012922741,398,42,64
CHTR,Services,GRU,classification,10,5,20,0.039151268931639255,6.466413577397664,398,42,64
CHTR,Services,GRU,classification,10,5,21,0.033511267787772206,7.8351773988632925,398,42,64
CMCSA,Services,GRU,classification,10,5,1,0.6499800532307457,0.7062352697054545,398,42,64
CMCSA,Services,GRU,classification,10,5,2,0.5169764703242623,1.680087583405631,398,42,64
CMCSA,Services,GRU,classification,10,5,3,0.45301158239494016,2.5857923257918585,398,42,64
CMCSA,Services,GRU,classification,10,5,4,0.3834035447494468,3.345863421758016,398,42,64
CMCSA,Services,GRU,classification,10,5,5,0.3295097634121401,3.2637801510947093,398,42,64
CMCSA,Services,GRU,classification,10,5,6,0.303519825090715,3.571255536306472,398,42,64
CMCSA,Services,GRU,classification,10,5,7,0.27652140081527843,4.593827872049241,398,42,64
CMCSA,Services,GRU,classification,10,5,8,0.29136718023362473,4.020871105648222,398,42,64
CMCSA,Services,GRU,classification,10,5,9,0.2335939248602594,5.755399862925212,398,42,64
CMCSA,Services,GRU,classification,10,5,10,0.19953814381031534,4.948192244484311,398,42,64
CMCSA,Services,GRU,classification,10,5,11,0.24351074512879453,5.719611622038341,398,42,64
CMCSA,Services,GRU,classification,10,5,12,0.15335219720350438,5.728729679470971,398,42,64
CMCSA,Services,GRU,classification,10,5,13,0.12281606859298208,6.219838800884428,398,42,64
CMCSA,Services,GRU,classification,10,5,14,0.07738545942284054,6.238927977425711,398,42,64
CMCSA,Services,GRU,classification,10,5,15,0.062057179291194406,6.866213548751104,398,42,64
CMCSA,Services,GRU,classification,10,5,16,0.06212708916533832,7.274304140181768,398,42,64
CMCSA,Services,GRU,classification,10,5,17,0.05617112234871292,7.354294186546689,398,42,64
CMCSA,Services,GRU,classification,10,5,18,0.048627638917921774,8.361407847631545,398,42,64
CMCSA,Services,GRU,classification,10,5,19,0.04890630001099265,8.3563125928243,398,42,64
CMCSA,Services,GRU,classification,10,5,20,0.04115351403703043,8.540790058317638,398,42,64
CMCSA,Services,GRU,classification,10,5,21,0.03548427081044445,8.9390226545788,398,42,64
CODI,Conglomerates,GRU,classification,10,5,1,0.7084783968613975,0.9418850115367344,398,42,64
CODI,Conglomerates,GRU,classification,10,5,2,0.5610473257812423,2.194576388313657,398,42,64
CODI,Conglomerates,GRU,classification,10,5,3,0.4813086067012806,3.7477184477306547,398,42,64
CODI,Conglomerates,GRU,classification,10,5,4,0.39694234039915266,5.568214461916969,398,42,64
CODI,Conglomerates,GRU,classification,10,5,5,0.34176435587394177,5.038909957522438,398,42,64
CODI,Conglomerates,GRU,classification,10,5,6,0.3047989981258335,7.315580595107305,398,42,64
CODI,Conglomerates,GRU,classification,10,5,7,0.3209583348964327,4.346259821028936,398,42,64
CODI,Conglomerates,GRU,classification,10,5,8,0.22829595986922183,7.240297680809384,398,42,64
CODI,Conglomerates,GRU,classification,10,5,9,0.19632230182388918,5.822444325401669,398,42,64
CODI,Conglomerates,GRU,classification,10,5,10,0.21660507107200336,6.845461164202009,398,42,64
CODI,Conglomerates,GRU,classification,10,5,11,0.19857859259574256,6.624853906177339,398,42,64
CODI,Conglomerates,GRU,classification,10,5,12,0.1651491060778124,6.334925742376418,398,42,64
CODI,Conglomerates,GRU,classification,10,5,13,0.10525088311739303,6.077221507117862,398,42,64
CODI,Conglomerates,GRU,classification,10,5,14,0.06867301640049298,7.225787753150577,398,42,64
CODI,Conglomerates,GRU,classification,10,5,15,0.051364555093810785,7.765230678376698,398,42,64
CODI,Conglomerates,GRU,classification,10,5,16,0.04387745972554288,7.89257762545631,398,42,64
CODI,Conglomerates,GRU,classification,10,5,17,0.0365333073402769,8.3610474722726,398,42,64
CODI,Conglomerates,GRU,classification,10,5,18,0.03316054257316206,8.270943596249534,398,42,64
CODI,Conglomerates,GRU,classification,10,5,19,0.029979115810675836,9.166149956839424,398,42,64
CODI,Conglomerates,GRU,classification,10,5,20,0.02167805061961089,9.168158485775901,398,42,64
CODI,Conglomerates,GRU,classification,10,5,21,0.019308182186255202,9.073685146513439,398,42,64
CSCO,Technology,GRU,classification,10,5,1,0.6592450076012156,0.6957864818118867,398,42,64
CSCO,Technology,GRU,classification,10,5,2,0.5307174507697024,0.691253145535787,398,42,64
CSCO,Technology,GRU,classification,10,5,3,0.4451007636348207,0.8488377559752691,398,42,64
CSCO,Technology,GRU,classification,10,5,4,0.37079096529352007,0.8613318318412417,398,42,64
CSCO,Technology,GRU,classification,10,5,5,0.3156404649492484,1.5582510119392758,398,42,64
CSCO,Technology,GRU,classification,10,5,6,0.2910483767039812,1.4407950469425745,398,42,64
CSCO,Technology,GRU,classification,10,5,7,0.2616907853876526,2.6292035579681396,398,42,64
CSCO,Technology,GRU,classification,10,5,8,0.268986521803554,1.0177795716694422,398,42,64
CSCO,Technology,GRU,classification,10,5,9,0.21015897625355265,3.2410267761775424,398,42,64
CSCO,Technology,GRU,classification,10,5,10,0.16241492218707673,2.102394802229745,398,42,64
CSCO,Technology,GRU,classification,10,5,11,0.16870980754719309,1.7751355398268926,398,42,64
CSCO,Technology,GRU,classification,10,5,12,0.13881202259255415,4.022505169823056,398,42,64
CSCO,Technology,GRU,classification,10,5,13,0.1373564492368219,1.5510761170160203,398,42,64
CSCO,Technology,GRU,classification,10,5,14,0.09583076808470578,2.3192566349392845,398,42,64
CSCO,Technology,GRU,classification,10,5,15,0.05932462640368759,2.1159678300221763,398,42,64
CSCO,Technology,GRU,classification,10,5,16,0.046435166000571085,2.4183682827722457,398,42,64
CSCO,Technology,GRU,classification,10,5,17,0.038668982497411755,2.3422579651787165,398,42,64
CSCO,Technology,GRU,classification,10,5,18,0.03748750581813218,2.748952865600586,398,42,64
CSCO,Technology,GRU,classification,10,5,19,0.03923845083345121,2.7869398026239303,398,42,64
CSCO,Technology,GRU,classification,10,5,20,0.031176662727741142,2.8096378303709484,398,42,64
CSCO,Technology,GRU,classification,10,5,21,0.03007013325453104,2.831571578979492,398,42,64
CVX,Basic Matierials,GRU,classification,10,5,1,0.6533926632536117,1.0696015812101818,398,42,64
CVX,Basic Matierials,GRU,classification,10,5,2,0.548648499064709,1.436209763799395,398,42,64
CVX,Basic Matierials,GRU,classification,10,5,3,0.49055587870990813,1.33224032890229,398,42,64
CVX,Basic Matierials,GRU,classification,10,5,4,0.43299793418328364,1.709480779511588,398,42,64
CVX,Basic Matierials,GRU,classification,10,5,5,0.382535006532717,1.2506536160196577,398,42,64
CVX,Basic Matierials,GRU,classification,10,5,6,0.33083196059243763,1.476596889041719,398,42,64
CVX,Basic Matierials,GRU,classification,10,5,7,0.29499442014262905,2.261212150255839,398,42,64
CVX,Basic Matierials,GRU,classification,10,5,8,0.2956215024893008,1.6585510798863001,398,42,64
CVX,Basic Matierials,GRU,classification,10,5,9,0.27460667019213864,2.7837421042578563,398,42,64
CVX,Basic Matierials,GRU,classification,10,5,10,0.25291044276263847,1.9029370376041956,398,42,64
CVX,Basic Matierials,GRU,classification,10,5,11,0.20557558714370033,2.4270452431270053,398,42,64
CVX,Basic Matierials,GRU,classification,10,5,12,0.17028458691646706,2.3939194679260254,398,42,64
CVX,Basic Matierials,GRU,classification,10,5,13,0.14189536292948315,2.379169918241955,398,42,64
CVX,Basic Matierials,GRU,classification,10,5,14,0.0987315694310108,2.6304363977341425,398,42,64
CVX,Basic Matierials,GRU,classification,10,5,15,0.08242342501279697,2.507140738623483,398,42,64
CVX,Basic Matierials,GRU,classification,10,5,16,0.07713492748201192,2.6758661497206915,398,42,64
CVX,Basic Matierials,GRU,classification,10,5,17,0.05969909020704241,2.9312816574459983,398,42,64
CVX,Basic Matierials,GRU,classification,10,5,18,0.051601079222395194,2.8110212144397555,398,42,64
CVX,Basic Matierials,GRU,classification,10,5,19,0.05165384519826527,3.203432083129883,398,42,64
CVX,Basic Matierials,GRU,classification,10,5,20,0.05086152845684757,2.820954163869222,398,42,64
CVX,Basic Matierials,GRU,classification,10,5,21,0.04427572707154194,3.228389558337984,398,42,64
D,Utilities,GRU,classification,10,5,1,0.6287799522505334,1.0957248551504952,398,42,64
D,Utilities,GRU,classification,10,5,2,0.5630962024981053,1.2172675558498927,398,42,64
D,Utilities,GRU,classification,10,5,3,0.5003687710917775,1.5228955036117917,398,42,64
D,Utilities,GRU,classification,10,5,4,0.45216856260395527,1.2680048885799589,398,42,64
D,Utilities,GRU,classification,10,5,5,0.38780961286782023,1.5379640942528134,398,42,64
D,Utilities,GRU,classification,10,5,6,0.3317798683841025,1.478978781473069,398,42,64
D,Utilities,GRU,classification,10,5,7,0.28802009952727275,1.3280041161037626,398,42,64
D,Utilities,GRU,classification,10,5,8,0.24702568359710464,1.6780991781325567,398,42,64
D,Utilities,GRU,classification,10,5,9,0.23704067044821217,1.7304613136109852,398,42,64
D,Utilities,GRU,classification,10,5,10,0.22237625257603488,1.5073670546213787,398,42,64
D,Utilities,GRU,classification,10,5,11,0.19577649099069025,1.101072146779015,398,42,64
D,Utilities,GRU,classification,10,5,12,0.17981882464496335,2.3013091200873967,398,42,64
D,Utilities,GRU,classification,10,5,13,0.15290559481960445,1.4221165974934895,398,42,64
D,Utilities,GRU,classification,10,5,14,0.09683120186117726,1.5716617107391357,398,42,64
D,Utilities,GRU,classification,10,5,15,0.07871365249531354,1.6595230443137032,398,42,64
D,Utilities,GRU,classification,10,5,16,0.06376564291179479,1.7209201767331077,398,42,64
D,Utilities,GRU,classification,10,5,17,0.05540226939036019,1.9554605370476132,398,42,64
D,Utilities,GRU,classification,10,5,18,0.05029091090151114,1.8126078900836764,398,42,64
D,Utilities,GRU,classification,10,5,19,0.04553327118818784,2.011515458424886,398,42,64
D,Utilities,GRU,classification,10,5,20,0.04028994727636402,1.9329648244948614,398,42,64
D,Utilities,GRU,classification,10,5,21,0.03290065684725516,2.0001016684940884,398,42,64
DHR,Industrial Goods,GRU,classification,10,5,1,0.7004300038419177,0.6289548760368711,398,42,64
DHR,Industrial Goods,GRU,classification,10,5,2,0.5967046100290576,0.8352252003692445,398,42,64
DHR,Industrial Goods,GRU,classification,10,5,3,0.5297791423210546,1.2809125383694966,398,42,64
DHR,Industrial Goods,GRU,classification,10,5,4,0.46232682077129883,2.1687909137635004,398,42,64
DHR,Industrial Goods,GRU,classification,10,5,5,0.40494996728609556,3.2800976094745455,398,42,64
DHR,Industrial Goods,GRU,classification,10,5,6,0.3505157588714331,3.8933951287042525,398,42,64
DHR,Industrial Goods,GRU,classification,10,5,7,0.30891826479279216,3.4301638149079823,398,42,64
DHR,Industrial Goods,GRU,classification,10,5,8,0.2971361114002352,3.625416188012986,398,42,64
DHR,Industrial Goods,GRU,classification,10,5,9,0.24912844830421946,4.925528912317185,398,42,64
DHR,Industrial Goods,GRU,classification,10,5,10,0.24153004451912252,4.199644679114932,398,42,64
DHR,Industrial Goods,GRU,classification,10,5,11,0.22397997870517136,3.427333286830357,398,42,64
DHR,Industrial Goods,GRU,classification,10,5,12,0.2436655030478185,5.141537053244455,398,42,64
DHR,Industrial Goods,GRU,classification,10,5,13,0.15653379823095234,4.471524533771333,398,42,64
DHR,Industrial Goods,GRU,classification,10,5,14,0.11003959646925854,4.740636893681118,398,42,64
DHR,Industrial Goods,GRU,classification,10,5,15,0.09588285127476831,5.0402684438796275,398,42,64
DHR,Industrial Goods,GRU,classification,10,5,16,0.08008152699500472,5.238232090359642,398,42,64
DHR,Industrial Goods,GRU,classification,10,5,17,0.07534331981860214,5.74897643498012,398,42,64
DHR,Industrial Goods,GRU,classification,10,5,18,0.07033713753498978,5.909614767347064,398,42,64
DHR,Industrial Goods,GRU,classification,10,5,19,0.06168353690499037,5.916642756689162,398,42,64
DHR,Industrial Goods,GRU,classification,10,5,20,0.061952947578088724,6.7764791534060524,398,42,64
DHR,Industrial Goods,GRU,classification,10,5,21,0.05684055462853992,6.374972638629732,398,42,64
DIS,Services,GRU,classification,10,5,1,0.6533476545583063,0.7050065199534098,398,42,64
DIS,Services,GRU,classification,10,5,2,0.5336156390120635,0.8069011483873639,398,42,64
DIS,Services,GRU,classification,10,5,3,0.45560994145259187,1.3741187339737302,398,42,64
DIS,Services,GRU,classification,10,5,4,0.397519434366993,1.4915019756271726,398,42,64
DIS,Services,GRU,classification,10,5,5,0.34835668215200527,1.0864024588039942,398,42,64
DIS,Services,GRU,classification,10,5,6,0.2940959831578049,2.5979651524907066,398,42,64
DIS,Services,GRU,classification,10,5,7,0.26631184708532973,1.780575985000247,398,42,64
DIS,Services,GRU,classification,10,5,8,0.2610347299420055,1.9008593985012598,398,42,64
DIS,Services,GRU,classification,10,5,9,0.24635407268701487,1.9210425785609655,398,42,64
DIS,Services,GRU,classification,10,5,10,0.20711462386888474,1.653615264665513,398,42,64
DIS,Services,GRU,classification,10,5,11,0.1870113244308299,2.3475806826636907,398,42,64
DIS,Services,GRU,classification,10,5,12,0.15113478479672915,2.1471064374560402,398,42,64
DIS,Services,GRU,classification,10,5,13,0.15916818163203234,1.97995620682126,398,42,64
DIS,Services,GRU,classification,10,5,14,0.08775301652038517,2.0252410684313094,398,42,64
DIS,Services,GRU,classification,10,5,15,0.06878624781591808,2.0834243184044245,398,42,64
DIS,Services,GRU,classification,10,5,16,0.05865456953869393,2.4336339292072116,398,42,64
DIS,Services,GRU,classification,10,5,17,0.0546986771064188,2.4062491257985434,398,42,64
DIS,Services,GRU,classification,10,5,18,0.04879148663887427,2.7575056779952276,398,42,64
DIS,Services,GRU,classification,10,5,19,0.037748225931845715,2.7302652654193698,398,42,64
DIS,Services,GRU,classification,10,5,20,0.04121857310584442,3.014812719254267,398,42,64
DIS,Services,GRU,classification,10,5,21,0.03758289185750425,3.028569993518648,398,42,64
DUK,Utilities,GRU,classification,10,5,1,0.6698866034272927,0.7888705790752456,398,42,64
DUK,Utilities,GRU,classification,10,5,2,0.563811321504152,1.2844636083935344,398,42,64
DUK,Utilities,GRU,classification,10,5,3,0.4896781931270906,1.769231224091657,398,42,64
DUK,Utilities,GRU,classification,10,5,4,0.41619193494020396,1.901409023169392,398,42,64
DUK,Utilities,GRU,classification,10,5,5,0.3514753935774367,2.200040858874109,398,42,64
DUK,Utilities,GRU,classification,10,5,6,0.34726734736456943,2.903142324180364,398,42,64
DUK,Utilities,GRU,classification,10,5,7,0.33676844775377207,2.0681281372280647,398,42,64
DUK,Utilities,GRU,classification,10,5,8,0.26262701351438933,2.720101738487691,398,42,64
DUK,Utilities,GRU,classification,10,5,9,0.2342573707576972,2.5438444202521904,398,42,64
DUK,Utilities,GRU,classification,10,5,10,0.2134119981347616,3.046902552138146,398,42,64
DUK,Utilities,GRU,classification,10,5,11,0.15010186236108367,3.143477967361827,398,42,64
DUK,Utilities,GRU,classification,10,5,12,0.18331517005835346,3.076389598794993,398,42,64
DUK,Utilities,GRU,classification,10,5,13,0.13395987181507762,3.077454446312621,398,42,64
DUK,Utilities,GRU,classification,10,5,14,0.07983145902129873,2.889564290770268,398,42,64
DUK,Utilities,GRU,classification,10,5,15,0.06297844959114066,3.1409420330545896,398,42,64
DUK,Utilities,GRU,classification,10,5,16,0.060177709944733426,3.0321432793223937,398,42,64
DUK,Utilities,GRU,classification,10,5,17,0.05336705657031069,3.088667462924561,398,42,64
DUK,Utilities,GRU,classification,10,5,18,0.049639986912209784,3.4087267497006852,398,42,64
DUK,Utilities,GRU,classification,10,5,19,0.043630120255539764,3.295576918305742,398,42,64
DUK,Utilities,GRU,classification,10,5,20,0.03875088248982202,3.366389322681918,398,42,64
DUK,Utilities,GRU,classification,10,5,21,0.03536696132534563,3.705449200085955,398,42,64
EXC,Utilities,GRU,classification,10,5,1,0.651344644663921,0.7161468863487244,398,42,64
EXC,Utilities,GRU,classification,10,5,2,0.5598911610080968,1.3821694453557332,398,42,64
EXC,Utilities,GRU,classification,10,5,3,0.48707063166639913,1.3423306771687098,398,42,64
EXC,Utilities,GRU,classification,10,5,4,0.4032844731855632,1.1656800849097115,398,42,64
EXC,Utilities,GRU,classification,10,5,5,0.33661927125561775,1.2263062057040988,398,42,64
EXC,Utilities,GRU,classification,10,5,6,0.29657686146060425,1.1246090588115512,398,42,64
EXC,Utilities,GRU,classification,10,5,7,0.26302361196309476,1.0927384864716303,398,42,64
EXC,Utilities,GRU,classification,10,5,8,0.24805012247969757,1.1940947004726954,398,42,64
EXC,Utilities,GRU,classification,10,5,9,0.1995696797592556,1.0658552192506336,398,42,64
EXC,Utilities,GRU,classification,10,5,10,0.1657457765397714,1.3062356256303334,398,42,64
EXC,Utilities,GRU,classification,10,5,11,0.15361418638696622,1.5149763936088199,398,42,64
EXC,Utilities,GRU,classification,10,5,12,0.1726824885711598,0.8594211339950562,398,42,64
EXC,Utilities,GRU,classification,10,5,13,0.10490146246574931,1.081387264387948,398,42,64
EXC,Utilities,GRU,classification,10,5,14,0.06779131069592195,1.174924061411903,398,42,64
EXC,Utilities,GRU,classification,10,5,15,0.06437652500524144,1.2486669846943446,398,42,64
EXC,Utilities,GRU,classification,10,5,16,0.050191324723687904,1.273215305237543,398,42,64
EXC,Utilities,GRU,classification,10,5,17,0.04683944016189581,1.436680603595007,398,42,64
EXC,Utilities,GRU,classification,10,5,18,0.04358208195385921,1.3191955430167062,398,42,64
EXC,Utilities,GRU,classification,10,5,19,0.04494063583572381,1.4531818997292292,398,42,64
EXC,Utilities,GRU,classification,10,5,20,0.038205540095498064,1.467653995468503,398,42,64
EXC,Utilities,GRU,classification,10,5,21,0.043124426933164574,1.4139071532658167,398,42,64
FB,Technology,GRU,classification,10,5,1,0.6389495141841658,0.8205025082542783,398,42,64
FB,Technology,GRU,classification,10,5,2,0.5369397180164279,1.3964908520380657,398,42,64
FB,Technology,GRU,classification,10,5,3,0.4619364528799776,2.0780769189198813,398,42,64
FB,Technology,GRU,classification,10,5,4,0.4017608263834038,2.756139391944522,398,42,64
FB,Technology,GRU,classification,10,5,5,0.3429416706364358,2.2394478718439736,398,42,64
FB,Technology,GRU,classification,10,5,6,0.2875686439137962,3.202895788919358,398,42,64
FB,Technology,GRU,classification,10,5,7,0.2879739572579537,3.6562475590478805,398,42,64
FB,Technology,GRU,classification,10,5,8,0.23710495679073,3.292028154645647,398,42,64
FB,Technology,GRU,classification,10,5,9,0.26850278896452795,3.064739499773298,398,42,64
FB,Technology,GRU,classification,10,5,10,0.21269833313385447,3.594805751528059,398,42,64
FB,Technology,GRU,classification,10,5,11,0.21038065150604776,2.2429305485316684,398,42,64
FB,Technology,GRU,classification,10,5,12,0.15409798830298324,2.5315037227812267,398,42,64
FB,Technology,GRU,classification,10,5,13,0.13448065226364075,3.3969843160538447,398,42,64
FB,Technology,GRU,classification,10,5,14,0.08471161730812123,2.9836658523196267,398,42,64
FB,Technology,GRU,classification,10,5,15,0.07158500167199565,3.504719609305972,398,42,64
FB,Technology,GRU,classification,10,5,16,0.059984187661066425,3.2434444313957576,398,42,64
FB,Technology,GRU,classification,10,5,17,0.05183114547600698,3.5740623814719066,398,42,64
FB,Technology,GRU,classification,10,5,18,0.04866782563209683,3.3806439467838834,398,42,64
FB,Technology,GRU,classification,10,5,19,0.043912713497820964,3.4530691419328963,398,42,64
FB,Technology,GRU,classification,10,5,20,0.04214680970800881,3.6334214210510254,398,42,64
FB,Technology,GRU,classification,10,5,21,0.03359734180650145,3.4847768374851773,398,42,64
GD,Industrial Goods,GRU,classification,10,5,1,0.67368271931931,1.1403041226523263,398,42,64
GD,Industrial Goods,GRU,classification,10,5,2,0.5597673097447534,1.754419451668149,398,42,64
GD,Industrial Goods,GRU,classification,10,5,3,0.47428952659194795,1.9635342075711204,398,42,64
GD,Industrial Goods,GRU,classification,10,5,4,0.39409851039474336,2.1770873296828497,398,42,64
GD,Industrial Goods,GRU,classification,10,5,5,0.3350075468346102,2.708160718282064,398,42,64
GD,Industrial Goods,GRU,classification,10,5,6,0.29186828007650134,2.0331562019529796,398,42,64
GD,Industrial Goods,GRU,classification,10,5,7,0.3331374887695265,2.8098404975164506,398,42,64
GD,Industrial Goods,GRU,classification,10,5,8,0.2693329712553839,2.132798683075678,398,42,64
GD,Industrial Goods,GRU,classification,10,5,9,0.21974861906401477,3.268628506433396,398,42,64
GD,Industrial Goods,GRU,classification,10,5,10,0.19970597716132601,2.08276435307094,398,42,64
GD,Industrial Goods,GRU,classification,10,5,11,0.18090012385018506,4.4380324227469305,398,42,64
GD,Industrial Goods,GRU,classification,10,5,12,0.1651682997468728,2.4638032686142695,398,42,64
GD,Industrial Goods,GRU,classification,10,5,13,0.12146166764461815,3.9314103580656505,398,42,64
GD,Industrial Goods,GRU,classification,10,5,14,0.07324787412756052,3.9113980247860862,398,42,64
GD,Industrial Goods,GRU,classification,10,5,15,0.061774510216323575,3.9748512449718656,398,42,64
GD,Industrial Goods,GRU,classification,10,5,16,0.058381037964443466,3.8458506720406667,398,42,64
GD,Industrial Goods,GRU,classification,10,5,17,0.047251981771995674,4.29841441199893,398,42,64
GD,Industrial Goods,GRU,classification,10,5,18,0.04347763785240638,3.8137430463518416,398,42,64
GD,Industrial Goods,GRU,classification,10,5,19,0.039624746505114904,4.862474895658947,398,42,64
GD,Industrial Goods,GRU,classification,10,5,20,0.051282665439549104,4.456878253391811,398,42,64
GD,Industrial Goods,GRU,classification,10,5,21,0.041570146460479226,4.757266271682012,398,42,64
GE,Industrial Goods,GRU,classification,10,5,1,0.661582625990537,0.6347429156303406,398,42,64
GE,Industrial Goods,GRU,classification,10,5,2,0.553694958662867,0.6518950377191816,398,42,64
GE,Industrial Goods,GRU,classification,10,5,3,0.5011146398045909,0.7853686241876512,398,42,64
GE,Industrial Goods,GRU,classification,10,5,4,0.4443972560029533,0.9539617441949391,398,42,64
GE,Industrial Goods,GRU,classification,10,5,5,0.37990995567647656,1.0114909978139968,398,42,64
GE,Industrial Goods,GRU,classification,10,5,6,0.33227469843236646,1.4708469935825892,398,42,64
GE,Industrial Goods,GRU,classification,10,5,7,0.29117994347409387,2.2376359757922946,398,42,64
GE,Industrial Goods,GRU,classification,10,5,8,0.3093577545491894,1.9195148944854736,398,42,64
GE,Industrial Goods,GRU,classification,10,5,9,0.22774275358597837,2.1775608630407426,398,42,64
GE,Industrial Goods,GRU,classification,10,5,10,0.20039053942689944,3.471675055367606,398,42,64
GE,Industrial Goods,GRU,classification,10,5,11,0.1935967868895986,2.065823929650443,398,42,64
GE,Industrial Goods,GRU,classification,10,5,12,0.16720896274150915,3.231374286469959,398,42,64
GE,Industrial Goods,GRU,classification,10,5,13,0.1282864329054128,3.662112440381731,398,42,64
GE,Industrial Goods,GRU,classification,10,5,14,0.08871955877572447,3.274126166389102,398,42,64
GE,Industrial Goods,GRU,classification,10,5,15,0.07326586698018127,4.006553377423968,398,42,64
GE,Industrial Goods,GRU,classification,10,5,16,0.06461763980999664,3.262520222436814,398,42,64
GE,Industrial Goods,GRU,classification,10,5,17,0.05955321768570186,4.093985444023495,398,42,64
GE,Industrial Goods,GRU,classification,10,5,18,0.05042625666039074,3.740330287388393,398,42,64
GE,Industrial Goods,GRU,classification,10,5,19,0.0483992458999756,4.129251480102539,398,42,64
GE,Industrial Goods,GRU,classification,10,5,20,0.039783016165446994,4.025571891239712,398,42,64
GE,Industrial Goods,GRU,classification,10,5,21,0.03431553224185903,4.441749708993094,398,42,64
GOOG,Technology,GRU,classification,10,5,1,0.6541475096539636,1.8726040465491158,398,42,64
GOOG,Technology,GRU,classification,10,5,2,0.5598586510174238,2.2649844203676497,398,42,64
GOOG,Technology,GRU,classification,10,5,3,0.49010506122555564,3.2455912204015824,398,42,64
GOOG,Technology,GRU,classification,10,5,4,0.42687751255442746,3.391879751568749,398,42,64
GOOG,Technology,GRU,classification,10,5,5,0.3591982669866265,3.59339325768607,398,42,64
GOOG,Technology,GRU,classification,10,5,6,0.30145789495664627,3.3623037111191523,398,42,64
GOOG,Technology,GRU,classification,10,5,7,0.2506226757213698,1.9275095008668446,398,42,64
GOOG,Technology,GRU,classification,10,5,8,0.2235960078673746,4.447592054094587,398,42,64
GOOG,Technology,GRU,classification,10,5,9,0.23996931838629834,2.8303587323143367,398,42,64
GOOG,Technology,GRU,classification,10,5,10,0.18685040918726417,3.6462245328085765,398,42,64
GOOG,Technology,GRU,classification,10,5,11,0.17730683425263544,3.567935341880435,398,42,64
GOOG,Technology,GRU,classification,10,5,12,0.16353131445059224,2.875934260232108,398,42,64
GOOG,Technology,GRU,classification,10,5,13,0.16363008790204872,5.240878127870106,398,42,64
GOOG,Technology,GRU,classification,10,5,14,0.09232387480199636,4.073535714830671,398,42,64
GOOG,Technology,GRU,classification,10,5,15,0.0685881178208332,3.7720433303288052,398,42,64
GOOG,Technology,GRU,classification,10,5,16,0.05544336054979557,5.229007266816639,398,42,64
GOOG,Technology,GRU,classification,10,5,17,0.043378767314081516,3.5979686918712797,398,42,64
GOOG,Technology,GRU,classification,10,5,18,0.04223389247778672,5.302405266534715,398,42,64
GOOG,Technology,GRU,classification,10,5,19,0.04419690549336187,3.8423030376434326,398,42,64
GOOG,Technology,GRU,classification,10,5,20,0.04875030442510717,4.859441325778053,398,42,64
GOOG,Technology,GRU,classification,10,5,21,0.034805819743205256,3.7620288530985513,398,42,64
HD,Services,GRU,classification,10,5,1,0.6697756028055546,0.7568928201993307,398,42,64
HD,Services,GRU,classification,10,5,2,0.547981772890043,1.1242897396995908,398,42,64
HD,Services,GRU,classification,10,5,3,0.4813514100247292,1.1783772309621174,398,42,64
HD,Services,GRU,classification,10,5,4,0.424388196075981,1.4488739569981892,398,42,64
HD,Services,GRU,classification,10,5,5,0.36565353942276846,1.5814039082754225,398,42,64
HD,Services,GRU,classification,10,5,6,0.3209359454524577,1.3367591074534826,398,42,64
HD,Services,GRU,classification,10,5,7,0.3000432783035777,2.91983387583778,398,42,64
HD,Services,GRU,classification,10,5,8,0.32098871083864616,2.2634203888121105,398,42,64
HD,Services,GRU,classification,10,5,9,0.2706985884725149,1.385005967957633,398,42,64
HD,Services,GRU,classification,10,5,10,0.23893904045748351,2.623618795758202,398,42,64
HD,Services,GRU,classification,10,5,11,0.2020225395546786,2.1505377973828996,398,42,64
HD,Services,GRU,classification,10,5,12,0.18876562275029907,2.148987122944423,398,42,64
HD,Services,GRU,classification,10,5,13,0.1505062596114287,2.3313481580643427,398,42,64
HD,Services,GRU,classification,10,5,14,0.09325289372448346,2.5639886288415816,398,42,64
HD,Services,GRU,classification,10,5,15,0.08033891556194829,2.1936140855153403,398,42,64
HD,Services,GRU,classification,10,5,16,0.07036259319240125,2.172382945106143,398,42,64
HD,Services,GRU,classification,10,5,17,0.054785477198735257,2.1833012217567083,398,42,64
HD,Services,GRU,classification,10,5,18,0.04834938602961937,1.9771475110735213,398,42,64
HD,Services,GRU,classification,10,5,19,0.044839515076978274,2.1257365317571733,398,42,64
HD,Services,GRU,classification,10,5,20,0.0456763993218616,2.202076548621768,398,42,64
HD,Services,GRU,classification,10,5,21,0.035419730144323563,2.2506405853089833,398,42,64
HON,Industrial Goods,GRU,classification,10,5,1,0.6538551875095272,0.6949572421255565,398,42,64
HON,Industrial Goods,GRU,classification,10,5,2,0.5621040812389335,0.8702099976085481,398,42,64
HON,Industrial Goods,GRU,classification,10,5,3,0.5002312386155727,0.9366028479167393,398,42,64
HON,Industrial Goods,GRU,classification,10,5,4,0.4391329724285471,0.8841740630921864,398,42,64
HON,Industrial Goods,GRU,classification,10,5,5,0.37571987367455084,1.146033954052698,398,42,64
HON,Industrial Goods,GRU,classification,10,5,6,0.33021088625917483,0.9110672630014873,398,42,64
HON,Industrial Goods,GRU,classification,10,5,7,0.31273686406600415,1.2610694056465512,398,42,64
HON,Industrial Goods,GRU,classification,10,5,8,0.26769647503917543,2.099429976372492,398,42,64
HON,Industrial Goods,GRU,classification,10,5,9,0.33905031797873914,1.2716591925848097,398,42,64
HON,Industrial Goods,GRU,classification,10,5,10,0.25938636671059095,1.5215691328048706,398,42,64
HON,Industrial Goods,GRU,classification,10,5,11,0.22619510730307305,1.6842597183727084,398,42,64
HON,Industrial Goods,GRU,classification,10,5,12,0.19986853550127404,2.789768866130284,398,42,64
HON,Industrial Goods,GRU,classification,10,5,13,0.16637908386525196,1.7057612368038721,398,42,64
HON,Industrial Goods,GRU,classification,10,5,14,0.1023948795756503,1.9981611967086792,398,42,64
HON,Industrial Goods,GRU,classification,10,5,15,0.08297292283506849,1.9261405695052374,398,42,64
HON,Industrial Goods,GRU,classification,10,5,16,0.06850955685853359,2.3258632989156816,398,42,64
HON,Industrial Goods,GRU,classification,10,5,17,0.060929842443022894,2.1293106930596486,398,42,64
HON,Industrial Goods,GRU,classification,10,5,18,0.053586093896073314,2.2077191841034662,398,42,64
HON,Industrial Goods,GRU,classification,10,5,19,0.042727365743499904,2.423590132168361,398,42,64
HON,Industrial Goods,GRU,classification,10,5,20,0.04211688369287917,2.697633743286133,398,42,64
HON,Industrial Goods,GRU,classification,10,5,21,0.041335110856809805,2.3258491499083385,398,42,64
HRG,Conglomerates,GRU,classification,10,5,1,0.672404420735249,0.5832961286817279,398,42,64
HRG,Conglomerates,GRU,classification,10,5,2,0.5664875357594322,0.6741191091991606,398,42,64
HRG,Conglomerates,GRU,classification,10,5,3,0.4993993259554532,0.7355858655202956,398,42,64
HRG,Conglomerates,GRU,classification,10,5,4,0.4337170381641867,0.9997285036813646,398,42,64
HRG,Conglomerates,GRU,classification,10,5,5,0.3599589809999993,1.175731931413923,398,42,64
HRG,Conglomerates,GRU,classification,10,5,6,0.2965124941351426,1.7713892005738758,398,42,64
HRG,Conglomerates,GRU,classification,10,5,7,0.27981986397474856,1.951268440201169,398,42,64
HRG,Conglomerates,GRU,classification,10,5,8,0.31971853342487583,3.7918091728573753,398,42,64
HRG,Conglomerates,GRU,classification,10,5,9,0.3036680184117514,2.0299224172319685,398,42,64
HRG,Conglomerates,GRU,classification,10,5,10,0.24639328295861057,2.7326039586748396,398,42,64
HRG,Conglomerates,GRU,classification,10,5,11,0.23781135693267363,2.4403752372378396,398,42,64
HRG,Conglomerates,GRU,classification,10,5,12,0.23719677074470713,2.1538892473493303,398,42,64
HRG,Conglomerates,GRU,classification,10,5,13,0.15903549944635612,2.564849126906622,398,42,64
HRG,Conglomerates,GRU,classification,10,5,14,0.10894418137157383,2.477754592895508,398,42,64
HRG,Conglomerates,GRU,classification,10,5,15,0.09297239952650502,2.696767420995803,398,42,64
HRG,Conglomerates,GRU,classification,10,5,16,0.08424418221166985,2.89154052734375,398,42,64
HRG,Conglomerates,GRU,classification,10,5,17,0.0734433345309454,3.0059201149713424,398,42,64
HRG,Conglomerates,GRU,classification,10,5,18,0.06953556977923792,3.4153401056925454,398,42,64
HRG,Conglomerates,GRU,classification,10,5,19,0.06469117415760031,3.2345051765441895,398,42,64
HRG,Conglomerates,GRU,classification,10,5,20,0.062077419354987506,4.1161070097060435,398,42,64
HRG,Conglomerates,GRU,classification,10,5,21,0.05938013701058512,3.6046916870843795,398,42,64
HSBC,Financial,GRU,classification,10,5,1,0.6740738590758051,1.0221206630979265,398,42,64
HSBC,Financial,GRU,classification,10,5,2,0.5420000452791626,2.1781081585657027,398,42,64
HSBC,Financial,GRU,classification,10,5,3,0.462612013421466,2.7594703379131498,398,42,64
HSBC,Financial,GRU,classification,10,5,4,0.39531281815102354,4.595004104432606,398,42,64
HSBC,Financial,GRU,classification,10,5,5,0.34524868428707123,3.6837514582134427,398,42,64
HSBC,Financial,GRU,classification,10,5,6,0.30519572304720854,5.720031374976749,398,42,64
HSBC,Financial,GRU,classification,10,5,7,0.28928323505661596,5.888782342274983,398,42,64
HSBC,Financial,GRU,classification,10,5,8,0.2538253401017668,4.792561076936268,398,42,64
HSBC,Financial,GRU,classification,10,5,9,0.2436781395320317,7.790922391982305,398,42,64
HSBC,Financial,GRU,classification,10,5,10,0.20664028658639247,7.571175893147786,398,42,64
HSBC,Financial,GRU,classification,10,5,11,0.19210633583104791,7.396468162536621,398,42,64
HSBC,Financial,GRU,classification,10,5,12,0.1661715830428217,10.03159881773449,398,42,64
HSBC,Financial,GRU,classification,10,5,13,0.14075608495342073,7.921254521324521,398,42,64
HSBC,Financial,GRU,classification,10,5,14,0.09100110113302518,8.865863754635765,398,42,64
HSBC,Financial,GRU,classification,10,5,15,0.07728016493495685,8.094073295593262,398,42,64
HSBC,Financial,GRU,classification,10,5,16,0.07159286573641564,9.753608067830404,398,42,64
HSBC,Financial,GRU,classification,10,5,17,0.06325883514261875,8.855523109436035,398,42,64
HSBC,Financial,GRU,classification,10,5,18,0.05599697139675743,10.343829382033576,398,42,64
HSBC,Financial,GRU,classification,10,5,19,0.055135571678641755,9.11417734055292,398,42,64
HSBC,Financial,GRU,classification,10,5,20,0.04245407255506845,10.636789730616979,398,42,64
HSBC,Financial,GRU,classification,10,5,21,0.037629749848221865,10.520212218874978,398,42,64
IEP,Conglomerates,GRU,classification,10,5,1,0.6608623838304875,1.162767645858583,398,42,64
IEP,Conglomerates,GRU,classification,10,5,2,0.5401627819741791,2.856622786748977,398,42,64
IEP,Conglomerates,GRU,classification,10,5,3,0.4748362973706806,4.00395857720148,398,42,64
IEP,Conglomerates,GRU,classification,10,5,4,0.4158951409498052,4.608505226316906,398,42,64
IEP,Conglomerates,GRU,classification,10,5,5,0.3548160178877001,2.5700924623580206,398,42,64
IEP,Conglomerates,GRU,classification,10,5,6,0.329346023612286,5.258635430108933,398,42,64
IEP,Conglomerates,GRU,classification,10,5,7,0.2989461344091137,3.7187068575904485,398,42,64
IEP,Conglomerates,GRU,classification,10,5,8,0.29811780259537335,1.2760223774682908,398,42,64
IEP,Conglomerates,GRU,classification,10,5,9,0.24294469928621648,6.112357366652716,398,42,64
IEP,Conglomerates,GRU,classification,10,5,10,0.24166085926731626,2.72440310886928,398,42,64
IEP,Conglomerates,GRU,classification,10,5,11,0.18535978747672172,6.13043737411499,398,42,64
IEP,Conglomerates,GRU,classification,10,5,12,0.1423724130095549,4.6554743221827914,398,42,64
IEP,Conglomerates,GRU,classification,10,5,13,0.11836870108267769,4.460830870128813,398,42,64
IEP,Conglomerates,GRU,classification,10,5,14,0.08464296963346664,5.492818537212553,398,42,64
IEP,Conglomerates,GRU,classification,10,5,15,0.06644389694135393,3.858693554287865,398,42,64
IEP,Conglomerates,GRU,classification,10,5,16,0.06114329642911053,5.526502563839867,398,42,64
IEP,Conglomerates,GRU,classification,10,5,17,0.056285999846368576,4.529718149276007,398,42,64
IEP,Conglomerates,GRU,classification,10,5,18,0.06077886638629377,5.021279993511381,398,42,64
IEP,Conglomerates,GRU,classification,10,5,19,0.05128033694123203,4.107007866814023,398,42,64
IEP,Conglomerates,GRU,classification,10,5,20,0.041324114230409936,5.351198173704601,398,42,64
IEP,Conglomerates,GRU,classification,10,5,21,0.04092884415657676,4.627164386567616,398,42,64
INTC,Technology,GRU,classification,10,5,1,0.6877169141817332,0.6873136531739008,398,42,64
INTC,Technology,GRU,classification,10,5,2,0.5606899599933145,0.8387802640597025,398,42,64
INTC,Technology,GRU,classification,10,5,3,0.4817311122788856,1.0697995651335943,398,42,64
INTC,Technology,GRU,classification,10,5,4,0.41568931203391685,1.2228585084279378,398,42,64
INTC,Technology,GRU,classification,10,5,5,0.341702876228783,1.6050748314176286,398,42,64
INTC,Technology,GRU,classification,10,5,6,0.28599946822353345,1.627573501496088,398,42,64
INTC,Technology,GRU,classification,10,5,7,0.2902948049145128,1.907259770802089,398,42,64
INTC,Technology,GRU,classification,10,5,8,0.24734123717600376,2.3802060059138705,398,42,64
INTC,Technology,GRU,classification,10,5,9,0.2536612102883545,2.3108929906572615,398,42,64
INTC,Technology,GRU,classification,10,5,10,0.1937570261520956,2.2522793383825395,398,42,64
INTC,Technology,GRU,classification,10,5,11,0.19867342388510106,2.99217346736363,398,42,64
INTC,Technology,GRU,classification,10,5,12,0.1652898708704728,1.8760815007346017,398,42,64
INTC,Technology,GRU,classification,10,5,13,0.1302615081395336,2.228266273226057,398,42,64
INTC,Technology,GRU,classification,10,5,14,0.07571559607158954,2.4921889986310686,398,42,64
INTC,Technology,GRU,classification,10,5,15,0.061188072153371784,2.685743036724272,398,42,64
INTC,Technology,GRU,classification,10,5,16,0.05059882219712339,2.6849570274353027,398,42,64
INTC,Technology,GRU,classification,10,5,17,0.041839041817353,3.048686913081578,398,42,64
INTC,Technology,GRU,classification,10,5,18,0.034598231034812015,3.3632082030886696,398,42,64
INTC,Technology,GRU,classification,10,5,19,0.03633102060918083,3.4096837043762207,398,42,64
INTC,Technology,GRU,classification,10,5,20,0.03492483347373542,3.469691526322138,398,42,64
INTC,Technology,GRU,classification,10,5,21,0.031033532885862653,3.6379543713160922,398,42,64
JNJ,Healthcare,GRU,classification,10,5,1,0.642648660357873,0.792158203465598,398,42,64
JNJ,Healthcare,GRU,classification,10,5,2,0.5486071867559423,1.5299332255408877,398,42,64
JNJ,Healthcare,GRU,classification,10,5,3,0.4955955926497378,2.056041331518264,398,42,64
JNJ,Healthcare,GRU,classification,10,5,4,0.42957170614645107,2.956687791006906,398,42,64
JNJ,Healthcare,GRU,classification,10,5,5,0.3631969185630281,3.5605127470833913,398,42,64
JNJ,Healthcare,GRU,classification,10,5,6,0.31679140757675744,5.992541449410575,398,42,64
JNJ,Healthcare,GRU,classification,10,5,7,0.28223638573483606,3.9620660146077475,398,42,64
JNJ,Healthcare,GRU,classification,10,5,8,0.2897048800734419,4.578444798787435,398,42,64
JNJ,Healthcare,GRU,classification,10,5,9,0.39125247928664914,5.488068626040504,398,42,64
JNJ,Healthcare,GRU,classification,10,5,10,0.2962215000660575,4.911877495901925,398,42,64
JNJ,Healthcare,GRU,classification,10,5,11,0.20754081564932014,5.851740655444917,398,42,64
JNJ,Healthcare,GRU,classification,10,5,12,0.1875603222217991,4.629968166351318,398,42,64
JNJ,Healthcare,GRU,classification,10,5,13,0.14091290945383772,5.693863732474191,398,42,64
JNJ,Healthcare,GRU,classification,10,5,14,0.09634639023236893,6.084262711661203,398,42,64
JNJ,Healthcare,GRU,classification,10,5,15,0.07828172251357506,6.481862295241583,398,42,64
JNJ,Healthcare,GRU,classification,10,5,16,0.07327830254207904,6.810666175115676,398,42,64
JNJ,Healthcare,GRU,classification,10,5,17,0.059561511866710895,6.543682007562547,398,42,64
JNJ,Healthcare,GRU,classification,10,5,18,0.055684273042271484,7.4126470656622026,398,42,64
JNJ,Healthcare,GRU,classification,10,5,19,0.049782772216215805,6.781545003255208,398,42,64
JNJ,Healthcare,GRU,classification,10,5,20,0.04908332698533883,7.215195178985596,398,42,64
JNJ,Healthcare,GRU,classification,10,5,21,0.042360175522652706,7.490233489445278,398,42,64
JPM,Financial,GRU,classification,10,5,1,0.6445067909794238,0.7728529175122579,398,42,64
JPM,Financial,GRU,classification,10,5,2,0.534777159217614,1.181400185539609,398,42,64
JPM,Financial,GRU,classification,10,5,3,0.45735920448998113,1.4596652189890544,398,42,64
JPM,Financial,GRU,classification,10,5,4,0.37935990993701035,2.4336911950792586,398,42,64
JPM,Financial,GRU,classification,10,5,5,0.31420571398195907,2.9094023818061467,398,42,64
JPM,Financial,GRU,classification,10,5,6,0.2765729823453942,2.7523837203071233,398,42,64
JPM,Financial,GRU,classification,10,5,7,0.26198157203856426,3.963855720701672,398,42,64
JPM,Financial,GRU,classification,10,5,8,0.276196239506779,3.9296198118300665,398,42,64
JPM,Financial,GRU,classification,10,5,9,0.20193012964785398,3.620117709750221,398,42,64
JPM,Financial,GRU,classification,10,5,10,0.17696969063213122,4.456161521729969,398,42,64
JPM,Financial,GRU,classification,10,5,11,0.1544313698482873,5.102912607647124,398,42,64
JPM,Financial,GRU,classification,10,5,12,0.17238296613321832,5.8110731442769366,398,42,64
JPM,Financial,GRU,classification,10,5,13,0.11209605890677203,5.426097620101202,398,42,64
JPM,Financial,GRU,classification,10,5,14,0.07717332895377174,4.877048696790423,398,42,64
JPM,Financial,GRU,classification,10,5,15,0.060885482327310586,5.160908403850737,398,42,64
JPM,Financial,GRU,classification,10,5,16,0.05107777417829288,5.145758469899495,398,42,64
JPM,Financial,GRU,classification,10,5,17,0.04765762759831233,5.614001274108887,398,42,64
JPM,Financial,GRU,classification,10,5,18,0.044357382430315916,5.750276542845226,398,42,64
JPM,Financial,GRU,classification,10,5,19,0.03644693845733252,6.388433706192743,398,42,64
JPM,Financial,GRU,classification,10,5,20,0.03414689576786816,5.968003908793132,398,42,64
JPM,Financial,GRU,classification,10,5,21,0.03034383542929313,6.499542213621593,398,42,64
KO,Consumer Goods,GRU,classification,10,5,1,0.6808735201107198,0.8384427300521305,398,42,64
KO,Consumer Goods,GRU,classification,10,5,2,0.5714275482012399,1.4063740713255746,398,42,64
KO,Consumer Goods,GRU,classification,10,5,3,0.4974922638143127,1.5000337191990443,398,42,64
KO,Consumer Goods,GRU,classification,10,5,4,0.4213420383295222,1.933684161731175,398,42,64
KO,Consumer Goods,GRU,classification,10,5,5,0.3631707170051546,1.8571987776529222,398,42,64
KO,Consumer Goods,GRU,classification,10,5,6,0.30233460533708784,2.162518796466646,398,42,64
KO,Consumer Goods,GRU,classification,10,5,7,0.3317253590378929,3.018256800515311,398,42,64
KO,Consumer Goods,GRU,classification,10,5,8,0.334676642027033,1.8279708169755482,398,42,64
KO,Consumer Goods,GRU,classification,10,5,9,0.26533846954005447,4.14232659907568,398,42,64
KO,Consumer Goods,GRU,classification,10,5,10,0.27387094752273367,2.026897294180734,398,42,64
KO,Consumer Goods,GRU,classification,10,5,11,0.257815049146887,4.042282859484355,398,42,64
KO,Consumer Goods,GRU,classification,10,5,12,0.19929363638462133,3.5071262972695485,398,42,64
KO,Consumer Goods,GRU,classification,10,5,13,0.14649027313606525,3.6310449157442366,398,42,64
KO,Consumer Goods,GRU,classification,10,5,14,0.09384972819281583,3.4749398969468617,398,42,64
KO,Consumer Goods,GRU,classification,10,5,15,0.07695118364077716,3.489236803281875,398,42,64
KO,Consumer Goods,GRU,classification,10,5,16,0.0654104970741886,3.9741670063563754,398,42,64
KO,Consumer Goods,GRU,classification,10,5,17,0.06235186403252222,3.7085376864387873,398,42,64
KO,Consumer Goods,GRU,classification,10,5,18,0.052927877941173526,4.215946504047939,398,42,64
KO,Consumer Goods,GRU,classification,10,5,19,0.048455785267317114,4.258831495330448,398,42,64
KO,Consumer Goods,GRU,classification,10,5,20,0.042136003097154234,4.090956960405622,398,42,64
KO,Consumer Goods,GRU,classification,10,5,21,0.03642818488030877,4.592955328169323,398,42,64
LMT,Industrial Goods,GRU,classification,10,5,1,0.6322109354800315,0.674939493338267,398,42,64
LMT,Industrial Goods,GRU,classification,10,5,2,0.517870333027001,0.8257902207828703,398,42,64
LMT,Industrial Goods,GRU,classification,10,5,3,0.4514277240439276,0.8817340532938639,398,42,64
LMT,Industrial Goods,GRU,classification,10,5,4,0.37707286489069763,1.1554892857869465,398,42,64
LMT,Industrial Goods,GRU,classification,10,5,5,0.3337672342307604,1.4290124461764382,398,42,64
LMT,Industrial Goods,GRU,classification,10,5,6,0.31024198750754695,1.2478067108563013,398,42,64
LMT,Industrial Goods,GRU,classification,10,5,7,0.2991500788897126,2.250413247517177,398,42,64
LMT,Industrial Goods,GRU,classification,10,5,8,0.25642789982671116,1.9619887726647514,398,42,64
LMT,Industrial Goods,GRU,classification,10,5,9,0.22924112652114886,1.5996764926683336,398,42,64
LMT,Industrial Goods,GRU,classification,10,5,10,0.20916324719112722,1.5709182705198015,398,42,64
LMT,Industrial Goods,GRU,classification,10,5,11,0.18318905280762582,2.047823190689087,398,42,64
LMT,Industrial Goods,GRU,classification,10,5,12,0.18438004983130413,1.64282602923257,398,42,64
LMT,Industrial Goods,GRU,classification,10,5,13,0.13682162318023006,1.6127374001911707,398,42,64
LMT,Industrial Goods,GRU,classification,10,5,14,0.08419039293225088,1.4003574025063288,398,42,64
LMT,Industrial Goods,GRU,classification,10,5,15,0.0717415470049609,1.6243950128555298,398,42,64
LMT,Industrial Goods,GRU,classification,10,5,16,0.06590192508532773,1.7074913552829198,398,42,64
LMT,Industrial Goods,GRU,classification,10,5,17,0.05433124388057982,1.6750221536273049,398,42,64
LMT,Industrial Goods,GRU,classification,10,5,18,0.04705056450774322,1.7041814639454795,398,42,64
LMT,Industrial Goods,GRU,classification,10,5,19,0.04161748408934279,1.9357204834620159,398,42,64
LMT,Industrial Goods,GRU,classification,10,5,20,0.0345353432954406,1.6392650575864882,398,42,64
LMT,Industrial Goods,GRU,classification,10,5,21,0.030693219506635738,1.8631328826858884,398,42,64
MA,Financial,GRU,classification,10,5,1,0.6668611821816794,0.7876793401581901,398,42,64
MA,Financial,GRU,classification,10,5,2,0.5685824946542481,0.9602349996566772,398,42,64
MA,Financial,GRU,classification,10,5,3,0.49580375243670977,1.3289621699424017,398,42,64
MA,Financial,GRU,classification,10,5,4,0.4275610097988167,1.587603713784899,398,42,64
MA,Financial,GRU,classification,10,5,5,0.3569650886645868,1.985173185666402,398,42,64
MA,Financial,GRU,classification,10,5,6,0.3083853678188132,2.988463628859747,398,42,64
MA,Financial,GRU,classification,10,5,7,0.30872558963358704,2.2608650355111983,398,42,64
MA,Financial,GRU,classification,10,5,8,0.2601570794031249,2.8556857222602483,398,42,64
MA,Financial,GRU,classification,10,5,9,0.2273990650422609,1.715029864084153,398,42,64
MA,Financial,GRU,classification,10,5,10,0.22854613643794802,5.845115638914562,398,42,64
MA,Financial,GRU,classification,10,5,11,0.23555185080473148,2.696905260994321,398,42,64
MA,Financial,GRU,classification,10,5,12,0.23467136402825015,4.035376321701777,398,42,64
MA,Financial,GRU,classification,10,5,13,0.1658446853933622,4.180841264270601,398,42,64
MA,Financial,GRU,classification,10,5,14,0.10072375268642626,4.3232098533993675,398,42,64
MA,Financial,GRU,classification,10,5,15,0.08686471307397488,4.5904374576750255,398,42,64
MA,Financial,GRU,classification,10,5,16,0.07764746698003318,4.7179117656889415,398,42,64
MA,Financial,GRU,classification,10,5,17,0.07130795425206572,4.379127865745907,398,42,64
MA,Financial,GRU,classification,10,5,18,0.06855011166040621,5.344905512673514,398,42,64
MA,Financial,GRU,classification,10,5,19,0.060378838835948676,4.914954071953183,398,42,64
MA,Financial,GRU,classification,10,5,20,0.05446243825270303,5.776647113618397,398,42,64
MA,Financial,GRU,classification,10,5,21,0.049551810863329535,5.244313785008022,398,42,64
MCD,Services,GRU,classification,10,5,1,0.6347629953568904,0.68193481082008,398,42,64
MCD,Services,GRU,classification,10,5,2,0.5299879155266825,1.0460138945352464,398,42,64
MCD,Services,GRU,classification,10,5,3,0.45490747555416433,1.7111772809709822,398,42,64
MCD,Services,GRU,classification,10,5,4,0.389569987079606,1.9913310891106015,398,42,64
MCD,Services,GRU,classification,10,5,5,0.3197450675257486,3.251781486329578,398,42,64
MCD,Services,GRU,classification,10,5,6,0.2587804574163715,2.0589977559589205,398,42,64
MCD,Services,GRU,classification,10,5,7,0.2364520862249274,4.657167684464228,398,42,64
MCD,Services,GRU,classification,10,5,8,0.20876077027177092,4.5827037039257235,398,42,64
MCD,Services,GRU,classification,10,5,9,0.2170484926008699,3.476469289688837,398,42,64
MCD,Services,GRU,classification,10,5,10,0.1603410479486288,2.470821017310733,398,42,64
MCD,Services,GRU,classification,10,5,11,0.1746913238086892,6.267618043082101,398,42,64
MCD,Services,GRU,classification,10,5,12,0.13106032269983436,1.3725002322878157,398,42,64
MCD,Services,GRU,classification,10,5,13,0.11268579490932089,3.1061998776027133,398,42,64
MCD,Services,GRU,classification,10,5,14,0.07136536513609652,3.364772433326358,398,42,64
MCD,Services,GRU,classification,10,5,15,0.05789608791021247,3.7427710578555153,398,42,64
MCD,Services,GRU,classification,10,5,16,0.05182111341431363,4.074487754276821,398,42,64
MCD,Services,GRU,classification,10,5,17,0.05314815485026294,4.3887883595057895,398,42,64
MCD,Services,GRU,classification,10,5,18,0.04432597566845279,4.166245937347412,398,42,64
MCD,Services,GRU,classification,10,5,19,0.04297721825409025,5.867651530674526,398,42,64
MCD,Services,GRU,classification,10,5,20,0.040042147976369714,3.9262589727129256,398,42,64
MCD,Services,GRU,classification,10,5,21,0.03706455186720769,6.474483944120861,398,42,64
MDT,Healthcare,GRU,classification,10,5,1,0.618495894736381,1.2861597594760714,398,42,64
MDT,Healthcare,GRU,classification,10,5,2,0.5072437491848241,1.7610778695061093,398,42,64
MDT,Healthcare,GRU,classification,10,5,3,0.45110732811180193,1.2159954933893113,398,42,64
MDT,Healthcare,GRU,classification,10,5,4,0.3906336115233263,2.0333488555181596,398,42,64
MDT,Healthcare,GRU,classification,10,5,5,0.3287674471661074,2.194439161391485,398,42,64
MDT,Healthcare,GRU,classification,10,5,6,0.3114431975175388,1.4318248203822546,398,42,64
MDT,Healthcare,GRU,classification,10,5,7,0.34758679321662866,1.282398712067377,398,42,64
MDT,Healthcare,GRU,classification,10,5,8,0.3011654717239303,4.244000389462426,398,42,64
MDT,Healthcare,GRU,classification,10,5,9,0.2965812161190426,0.9265043394906181,398,42,64
MDT,Healthcare,GRU,classification,10,5,10,0.24553322357748023,2.974457263946533,398,42,64
MDT,Healthcare,GRU,classification,10,5,11,0.23031947181452458,1.6322040217263358,398,42,64
MDT,Healthcare,GRU,classification,10,5,12,0.18027326951374362,2.4849827403113958,398,42,64
MDT,Healthcare,GRU,classification,10,5,13,0.15993446111679077,3.167385691688174,398,42,64
MDT,Healthcare,GRU,classification,10,5,14,0.12576339790719238,1.8556970528193883,398,42,64
MDT,Healthcare,GRU,classification,10,5,15,0.12660882217650438,3.9403163819085982,398,42,64
MDT,Healthcare,GRU,classification,10,5,16,0.11469518380174086,3.471248286111014,398,42,64
MDT,Healthcare,GRU,classification,10,5,17,0.149249584456185,4.340792338053386,398,42,64
MDT,Healthcare,GRU,classification,10,5,18,0.08656558143583375,2.8444687071300687,398,42,64
MDT,Healthcare,GRU,classification,10,5,19,0.08771301366051837,3.5415303593590144,398,42,64
MDT,Healthcare,GRU,classification,10,5,20,0.10137676405509811,3.4537537892659507,398,42,64
MDT,Healthcare,GRU,classification,10,5,21,0.058077305709784054,3.7200242905389693,398,42,64
MDT,Healthcare,GRU,classification,10,5,22,0.0313245017062779,3.790867078871954,398,42,64
MDT,Healthcare,GRU,classification,10,5,23,0.021746953500050997,4.119304929460798,398,42,64
MDT,Healthcare,GRU,classification,10,5,24,0.016835525126463205,3.9234718595232283,398,42,64
MDT,Healthcare,GRU,classification,10,5,25,0.015586364613003542,4.221631140935989,398,42,64
MDT,Healthcare,GRU,classification,10,5,26,0.015506451385535637,3.9675019127982005,398,42,64
MDT,Healthcare,GRU,classification,10,5,27,0.011425350067304007,4.190812928336007,398,42,64
MDT,Healthcare,GRU,classification,10,5,28,0.01207144057785334,4.2213186990647085,398,42,64
MDT,Healthcare,GRU,classification,10,5,29,0.00925504484321529,4.460262480236235,398,42,64
MMM,Industrial Goods,GRU,classification,10,5,1,0.677085787207637,0.9955485860506693,398,42,64
MMM,Industrial Goods,GRU,classification,10,5,2,0.5562530094055674,2.486068021683466,398,42,64
MMM,Industrial Goods,GRU,classification,10,5,3,0.4831781788687011,3.504756768544515,398,42,64
MMM,Industrial Goods,GRU,classification,10,5,4,0.4093602113987333,4.158045814150856,398,42,64
MMM,Industrial Goods,GRU,classification,10,5,5,0.3378821594930773,4.861142726171584,398,42,64
MMM,Industrial Goods,GRU,classification,10,5,6,0.29431954715120134,3.92181472551255,398,42,64
MMM,Industrial Goods,GRU,classification,10,5,7,0.27012988266034343,7.845261142367408,398,42,64
MMM,Industrial Goods,GRU,classification,10,5,8,0.38960319787413633,4.042400746118455,398,42,64
MMM,Industrial Goods,GRU,classification,10,5,9,0.24132265607316292,6.90704329808553,398,42,64
MMM,Industrial Goods,GRU,classification,10,5,10,0.24724794055648786,6.937124592917306,398,42,64
MMM,Industrial Goods,GRU,classification,10,5,11,0.2066125276699737,6.527459621429443,398,42,64
MMM,Industrial Goods,GRU,classification,10,5,12,0.21278677835835882,7.477573099590483,398,42,64
MMM,Industrial Goods,GRU,classification,10,5,13,0.1724973432532507,6.439939022064209,398,42,64
MMM,Industrial Goods,GRU,classification,10,5,14,0.09927655232312092,6.843199298495338,398,42,64
MMM,Industrial Goods,GRU,classification,10,5,15,0.08295676969553357,6.817151569184803,398,42,64
MMM,Industrial Goods,GRU,classification,10,5,16,0.0742793468449583,7.421853542327881,398,42,64
MMM,Industrial Goods,GRU,classification,10,5,17,0.07860374182986854,7.812698273431687,398,42,64
MMM,Industrial Goods,GRU,classification,10,5,18,0.06196201763972266,7.0246195793151855,398,42,64
MMM,Industrial Goods,GRU,classification,10,5,19,0.05407933434050287,8.169732547941662,398,42,64
MMM,Industrial Goods,GRU,classification,10,5,20,0.0545933593214307,8.02758502960205,398,42,64
MMM,Industrial Goods,GRU,classification,10,5,21,0.042482720921986065,9.383221353803362,398,42,64
MO,Consumer Goods,GRU,classification,10,5,1,0.6618893937249879,0.8577668155942645,398,42,64
MO,Consumer Goods,GRU,classification,10,5,2,0.5750160069022346,1.061422728356861,398,42,64
MO,Consumer Goods,GRU,classification,10,5,3,0.5040079711669654,1.0410645746049427,398,42,64
MO,Consumer Goods,GRU,classification,10,5,4,0.44507804483025515,1.0036679619834536,398,42,64
MO,Consumer Goods,GRU,classification,10,5,5,0.38793414786233377,1.3809123152778262,398,42,64
MO,Consumer Goods,GRU,classification,10,5,6,0.34214026604465503,0.934032122294108,398,42,64
MO,Consumer Goods,GRU,classification,10,5,7,0.2899645322830833,1.1603394349416096,398,42,64
MO,Consumer Goods,GRU,classification,10,5,8,0.2679630401895274,2.168503829411098,398,42,64
MO,Consumer Goods,GRU,classification,10,5,9,0.24385041754748954,1.604361477352324,398,42,64
MO,Consumer Goods,GRU,classification,10,5,10,0.2626037810316038,2.3230186644054593,398,42,64
MO,Consumer Goods,GRU,classification,10,5,11,0.2591688022691401,1.9008363769167946,398,42,64
MO,Consumer Goods,GRU,classification,10,5,12,0.22797300288425618,1.2718477249145508,398,42,64
MO,Consumer Goods,GRU,classification,10,5,13,0.16560219613900737,1.8496125993274508,398,42,64
MO,Consumer Goods,GRU,classification,10,5,14,0.12439039278419772,1.7410236994425456,398,42,64
MO,Consumer Goods,GRU,classification,10,5,15,0.09246225400486184,1.8398737680344355,398,42,64
MO,Consumer Goods,GRU,classification,10,5,16,0.07840795728878759,1.9800464085170202,398,42,64
MO,Consumer Goods,GRU,classification,10,5,17,0.06992364897575211,2.186526026044573,398,42,64
MO,Consumer Goods,GRU,classification,10,5,18,0.07047938899928002,2.0039192608424594,398,42,64
MO,Consumer Goods,GRU,classification,10,5,19,0.0669097312581,2.2570469492957708,398,42,64
MO,Consumer Goods,GRU,classification,10,5,20,0.0569744325388017,2.056706496647426,398,42,64
MO,Consumer Goods,GRU,classification,10,5,21,0.04865553948897213,2.3471943537394204,398,42,64
MRK,Healthcare,GRU,classification,10,5,1,0.6630926566507349,1.264282328741891,398,42,64
MRK,Healthcare,GRU,classification,10,5,2,0.5391419600302251,2.6204846245901927,398,42,64
MRK,Healthcare,GRU,classification,10,5,3,0.454161146028557,3.1877763384864446,398,42,64
MRK,Healthcare,GRU,classification,10,5,4,0.40636334287461323,3.8958124206179665,398,42,64
MRK,Healthcare,GRU,classification,10,5,5,0.3490378547403681,4.709743318103609,398,42,64
MRK,Healthcare,GRU,classification,10,5,6,0.32687200396204713,2.489383197966076,398,42,64
MRK,Healthcare,GRU,classification,10,5,7,0.27820316773263654,5.534569286164784,398,42,64
MRK,Healthcare,GRU,classification,10,5,8,0.2761232574381421,4.186002458844866,398,42,64
MRK,Healthcare,GRU,classification,10,5,9,0.21467349771878227,3.5702928815569197,398,42,64
MRK,Healthcare,GRU,classification,10,5,10,0.23198966666981202,5.022533325921922,398,42,64
MRK,Healthcare,GRU,classification,10,5,11,0.22402032079109593,6.373058636983235,398,42,64
MRK,Healthcare,GRU,classification,10,5,12,0.1891798330236919,3.865114825112479,398,42,64
MRK,Healthcare,GRU,classification,10,5,13,0.16754955457682585,5.653570084344773,398,42,64
MRK,Healthcare,GRU,classification,10,5,14,0.10093491318537362,5.256789343697684,398,42,64
MRK,Healthcare,GRU,classification,10,5,15,0.08243258897421049,5.37012563432966,398,42,64
MRK,Healthcare,GRU,classification,10,5,16,0.0769115637978492,5.564775557745071,398,42,64
MRK,Healthcare,GRU,classification,10,5,17,0.05997092131263197,5.852084886460077,398,42,64
MRK,Healthcare,GRU,classification,10,5,18,0.061003010886155035,5.476523535592215,398,42,64
MRK,Healthcare,GRU,classification,10,5,19,0.04441452527596573,6.145660809108189,398,42,64
MRK,Healthcare,GRU,classification,10,5,20,0.04180026081058398,6.102363541012719,398,42,64
MRK,Healthcare,GRU,classification,10,5,21,0.03927729633781853,6.6443988255092075,398,42,64
MSFT,Technology,GRU,classification,10,5,1,0.6583024353238206,0.6957729174977257,398,42,64
MSFT,Technology,GRU,classification,10,5,2,0.5269745591297821,1.1494311207816714,398,42,64
MSFT,Technology,GRU,classification,10,5,3,0.44948669893657744,1.8054698762439547,398,42,64
MSFT,Technology,GRU,classification,10,5,4,0.3942009490638522,1.9425959246499198,398,42,64
MSFT,Technology,GRU,classification,10,5,5,0.3315544660067439,2.6812100296928767,398,42,64
MSFT,Technology,GRU,classification,10,5,6,0.3063523908655847,1.945483230409168,398,42,64
MSFT,Technology,GRU,classification,10,5,7,0.3139493509602906,2.7298197405678883,398,42,64
MSFT,Technology,GRU,classification,10,5,8,0.26127318161815855,3.0034003371284124,398,42,64
MSFT,Technology,GRU,classification,10,5,9,0.24655858153973392,3.1801780632564,398,42,64
MSFT,Technology,GRU,classification,10,5,10,0.19459259847001215,3.857358864375523,398,42,64
MSFT,Technology,GRU,classification,10,5,11,0.2052029600769431,2.773384934379941,398,42,64
MSFT,Technology,GRU,classification,10,5,12,0.1812682071298211,4.0992168471926735,398,42,64
MSFT,Technology,GRU,classification,10,5,13,0.155907344372578,3.9281118483770463,398,42,64
MSFT,Technology,GRU,classification,10,5,14,0.10110600071786037,3.898960658482143,398,42,64
MSFT,Technology,GRU,classification,10,5,15,0.08509011941039982,4.544242949712844,398,42,64
MSFT,Technology,GRU,classification,10,5,16,0.07329991510390636,4.475871517544701,398,42,64
MSFT,Technology,GRU,classification,10,5,17,0.07062957645510909,5.323326474144345,398,42,64
MSFT,Technology,GRU,classification,10,5,18,0.06768212526400186,5.202396824246361,398,42,64
MSFT,Technology,GRU,classification,10,5,19,0.061993110353997606,5.6418526740301225,398,42,64
MSFT,Technology,GRU,classification,10,5,20,0.06157345504467212,5.924245175861177,398,42,64
MSFT,Technology,GRU,classification,10,5,21,0.054992004367873895,6.405273323967343,398,42,64
NEE,Utilities,GRU,classification,10,5,1,0.6859609206118177,0.7039098768007188,398,42,64
NEE,Utilities,GRU,classification,10,5,2,0.5793870295112457,1.0820065963835943,398,42,64
NEE,Utilities,GRU,classification,10,5,3,0.5130509744636976,1.0589182830992199,398,42,64
NEE,Utilities,GRU,classification,10,5,4,0.4478293618365149,1.1594477324258714,398,42,64
NEE,Utilities,GRU,classification,10,5,5,0.37583502303415806,1.0044218188240415,398,42,64
NEE,Utilities,GRU,classification,10,5,6,0.32341252709153906,1.2128468127477736,398,42,64
NEE,Utilities,GRU,classification,10,5,7,0.28160152790234916,1.1882629564830236,398,42,64
NEE,Utilities,GRU,classification,10,5,8,0.2475893103222751,1.2384601774669828,398,42,64
NEE,Utilities,GRU,classification,10,5,9,0.21923363751652253,1.6598722480592274,398,42,64
NEE,Utilities,GRU,classification,10,5,10,0.2266668720760537,1.2200655596596854,398,42,64
NEE,Utilities,GRU,classification,10,5,11,0.2057656385566122,1.3270821344284784,398,42,64
NEE,Utilities,GRU,classification,10,5,12,0.19450807073457757,1.1491363729749406,398,42,64
NEE,Utilities,GRU,classification,10,5,13,0.13035887099297053,1.513622726712908,398,42,64
NEE,Utilities,GRU,classification,10,5,14,0.08499328000704996,1.379064571289789,398,42,64
NEE,Utilities,GRU,classification,10,5,15,0.08250835521062415,1.5741167068481445,398,42,64
NEE,Utilities,GRU,classification,10,5,16,0.0764832687821595,1.5011143797919864,398,42,64
NEE,Utilities,GRU,classification,10,5,17,0.06891125811254559,1.4078941004616874,398,42,64
NEE,Utilities,GRU,classification,10,5,18,0.07208917316180377,1.7494821207863944,398,42,64
NEE,Utilities,GRU,classification,10,5,19,0.05439903259969986,1.4768935498737155,398,42,64
NEE,Utilities,GRU,classification,10,5,20,0.060503454607485525,1.9067810376485188,398,42,64
NEE,Utilities,GRU,classification,10,5,21,0.047731902501803244,1.5568592548370361,398,42,64
NGG,Utilities,GRU,classification,10,5,1,0.6299313699180756,0.6026479204495748,398,42,64
NGG,Utilities,GRU,classification,10,5,2,0.5178024978493926,0.7666921438205809,398,42,64
NGG,Utilities,GRU,classification,10,5,3,0.4504612672269045,1.0091235481557392,398,42,64
NGG,Utilities,GRU,classification,10,5,4,0.3821863708783634,1.4185591233628136,398,42,64
NGG,Utilities,GRU,classification,10,5,5,0.3126830274435743,1.8699675534097921,398,42,64
NGG,Utilities,GRU,classification,10,5,6,0.2816869020087635,1.8840678477925914,398,42,64
NGG,Utilities,GRU,classification,10,5,7,0.22460629102123442,2.1571378563752486,398,42,64
NGG,Utilities,GRU,classification,10,5,8,0.18949842958444327,2.837962494212358,398,42,64
NGG,Utilities,GRU,classification,10,5,9,0.2036307724052338,2.90360485475685,398,42,64
NGG,Utilities,GRU,classification,10,5,10,0.16005554274847758,2.257388631547136,398,42,64
NGG,Utilities,GRU,classification,10,5,11,0.16497115201162332,3.5770908890796513,398,42,64
NGG,Utilities,GRU,classification,10,5,12,0.14724017350218405,2.850637007138825,398,42,64
NGG,Utilities,GRU,classification,10,5,13,0.11706892298955714,3.133405037490385,398,42,64
NGG,Utilities,GRU,classification,10,5,14,0.0718010422684739,3.563107840730698,398,42,64
NGG,Utilities,GRU,classification,10,5,15,0.05625098027363794,3.660770305112237,398,42,64
NGG,Utilities,GRU,classification,10,5,16,0.04769576074621036,3.868262242311695,398,42,64
NGG,Utilities,GRU,classification,10,5,17,0.039526999193295165,3.90317673187556,398,42,64
NGG,Utilities,GRU,classification,10,5,18,0.037134546421505696,4.190275006921313,398,42,64
NGG,Utilities,GRU,classification,10,5,19,0.03544956350689707,4.188601421259331,398,42,64
NGG,Utilities,GRU,classification,10,5,20,0.03204847395129914,4.459199362563508,398,42,64
NGG,Utilities,GRU,classification,10,5,21,0.02501692113948602,4.434070467767664,398,42,64
NVS,Healthcare,GRU,classification,10,5,1,0.6809599956675391,0.8282259475617182,398,42,64
NVS,Healthcare,GRU,classification,10,5,2,0.553420960304126,1.755379392987206,398,42,64
NVS,Healthcare,GRU,classification,10,5,3,0.47791601829792385,2.091025715782529,398,42,64
NVS,Healthcare,GRU,classification,10,5,4,0.4093452164875203,2.854740165528797,398,42,64
NVS,Healthcare,GRU,classification,10,5,5,0.35062201912678664,2.8649210248674666,398,42,64
NVS,Healthcare,GRU,classification,10,5,6,0.30520356450248604,2.5443130220685686,398,42,64
NVS,Healthcare,GRU,classification,10,5,7,0.29701959270628253,3.8674984886532737,398,42,64
NVS,Healthcare,GRU,classification,10,5,8,0.35483902722746885,2.9587135087876093,398,42,64
NVS,Healthcare,GRU,classification,10,5,9,0.26294311203399495,3.097968510219029,398,42,64
NVS,Healthcare,GRU,classification,10,5,10,0.23277804577470423,3.6973758879162015,398,42,64
NVS,Healthcare,GRU,classification,10,5,11,0.21595283492875458,3.861003739493234,398,42,64
NVS,Healthcare,GRU,classification,10,5,12,0.15710036769209795,3.9286376408168246,398,42,64
NVS,Healthcare,GRU,classification,10,5,13,0.14216820951832,3.893938359760103,398,42,64
NVS,Healthcare,GRU,classification,10,5,14,0.09589011776237631,4.010382470630464,398,42,64
NVS,Healthcare,GRU,classification,10,5,15,0.07039532289096159,4.03754118510655,398,42,64
NVS,Healthcare,GRU,classification,10,5,16,0.07020596445692544,4.3637039093744185,398,42,64
NVS,Healthcare,GRU,classification,10,5,17,0.05740599907073543,4.266776766095843,398,42,64
NVS,Healthcare,GRU,classification,10,5,18,0.05351588724358897,4.484236717224121,398,42,64
NVS,Healthcare,GRU,classification,10,5,19,0.04928340060851682,4.340465000697544,398,42,64
NVS,Healthcare,GRU,classification,10,5,20,0.043066545670393426,4.80069096883138,398,42,64
NVS,Healthcare,GRU,classification,10,5,21,0.04203993205130849,4.839781216212681,398,42,64
ORCL,Technology,GRU,classification,10,5,1,0.6423720579650534,0.7209405984197345,398,42,64
ORCL,Technology,GRU,classification,10,5,2,0.520928748887987,1.3629656973339261,398,42,64
ORCL,Technology,GRU,classification,10,5,3,0.44205533679406245,1.5469314597901844,398,42,64
ORCL,Technology,GRU,classification,10,5,4,0.37425458955405344,1.7728173051561629,398,42,64
ORCL,Technology,GRU,classification,10,5,5,0.32015780138609995,1.797149658203125,398,42,64
ORCL,Technology,GRU,classification,10,5,6,0.26192815946274667,0.7487165189924694,398,42,64
ORCL,Technology,GRU,classification,10,5,7,0.23681185132444804,3.708586102440244,398,42,64
ORCL,Technology,GRU,classification,10,5,8,0.28275586986661555,1.2077840566635132,398,42,64
ORCL,Technology,GRU,classification,10,5,9,0.20710933515474425,1.4037620794205439,398,42,64
ORCL,Technology,GRU,classification,10,5,10,0.16607418259484086,3.085194020044236,398,42,64
ORCL,Technology,GRU,classification,10,5,11,0.15915043932858425,1.4242758864448184,398,42,64
ORCL,Technology,GRU,classification,10,5,12,0.16003509062393825,1.7031120686304002,398,42,64
ORCL,Technology,GRU,classification,10,5,13,0.11570905280023364,1.4584873176756359,398,42,64
ORCL,Technology,GRU,classification,10,5,14,0.06321304774932077,1.8721402826763334,398,42,64
ORCL,Technology,GRU,classification,10,5,15,0.05336948137393399,2.2496091297694614,398,42,64
ORCL,Technology,GRU,classification,10,5,16,0.04449652907574297,2.556961945125035,398,42,64
ORCL,Technology,GRU,classification,10,5,17,0.047801964181526824,2.625110376448858,398,42,64
ORCL,Technology,GRU,classification,10,5,18,0.04523845430669473,2.6348565419514975,398,42,64
ORCL,Technology,GRU,classification,10,5,19,0.034529956076387786,2.830740701584589,398,42,64
ORCL,Technology,GRU,classification,10,5,20,0.031662416157673054,3.0621007283528647,398,42,64
ORCL,Technology,GRU,classification,10,5,21,0.029274195619863483,2.9990868795485723,398,42,64
PCG,Utilities,GRU,classification,10,5,1,0.649951557118689,0.6290480650606609,398,42,64
PCG,Utilities,GRU,classification,10,5,2,0.5439293138944923,0.7725243270397186,398,42,64
PCG,Utilities,GRU,classification,10,5,3,0.47859197016337407,0.9031392520382291,398,42,64
PCG,Utilities,GRU,classification,10,5,4,0.4057845254639285,1.114112912189393,398,42,64
PCG,Utilities,GRU,classification,10,5,5,0.34853999234324123,1.1523336129529136,398,42,64
PCG,Utilities,GRU,classification,10,5,6,0.29600822161789514,1.3089494989031838,398,42,64
PCG,Utilities,GRU,classification,10,5,7,0.24878956295138027,1.0402046697480338,398,42,64
PCG,Utilities,GRU,classification,10,5,8,0.23417647684638823,1.6440262354555584,398,42,64
PCG,Utilities,GRU,classification,10,5,9,0.20864507833018375,1.1185571693238758,398,42,64
PCG,Utilities,GRU,classification,10,5,10,0.18812375212434548,2.6486941065107072,398,42,64
PCG,Utilities,GRU,classification,10,5,11,0.1633338636189849,1.8924308632101332,398,42,64
PCG,Utilities,GRU,classification,10,5,12,0.17548643737731867,2.042972621463594,398,42,64
PCG,Utilities,GRU,classification,10,5,13,0.1338291054020575,2.0866796232405163,398,42,64
PCG,Utilities,GRU,classification,10,5,14,0.06429330134137191,2.522796619506109,398,42,64
PCG,Utilities,GRU,classification,10,5,15,0.05427611132512739,2.4570312272934687,398,42,64
PCG,Utilities,GRU,classification,10,5,16,0.044638187133112746,2.4270805404299782,398,42,64
PCG,Utilities,GRU,classification,10,5,17,0.04272773994797438,2.5515697456541515,398,42,64
PCG,Utilities,GRU,classification,10,5,18,0.036064846272669246,2.3679805369604203,398,42,64
PCG,Utilities,GRU,classification,10,5,19,0.032557858378818284,2.8454613458542597,398,42,64
PCG,Utilities,GRU,classification,10,5,20,0.034296337028394394,2.4163046110244024,398,42,64
PCG,Utilities,GRU,classification,10,5,21,0.031247155291575884,2.8229444367544994,398,42,64
PCLN,Services,GRU,classification,10,5,1,0.6721939848895049,0.8149045478729975,398,42,64
PCLN,Services,GRU,classification,10,5,2,0.5809243195620014,1.600099353563218,398,42,64
PCLN,Services,GRU,classification,10,5,3,0.5221673549719192,2.0852178051358177,398,42,64
PCLN,Services,GRU,classification,10,5,4,0.43949456775008733,2.068635957581656,398,42,64
PCLN,Services,GRU,classification,10,5,5,0.3826903284494601,2.511512625785101,398,42,64
PCLN,Services,GRU,classification,10,5,6,0.320967100523225,3.2117810930524553,398,42,64
PCLN,Services,GRU,classification,10,5,7,0.2561365648280436,1.8992623459725153,398,42,64
PCLN,Services,GRU,classification,10,5,8,0.24631275408831074,1.5545251128219424,398,42,64
PCLN,Services,GRU,classification,10,5,9,0.24978696146802087,3.527227901277088,398,42,64
PCLN,Services,GRU,classification,10,5,10,0.23604780143529328,1.8631603050799597,398,42,64
PCLN,Services,GRU,classification,10,5,11,0.17728059810010632,2.3658532926014493,398,42,64
PCLN,Services,GRU,classification,10,5,12,0.16042238683556792,1.2000289758046467,398,42,64
PCLN,Services,GRU,classification,10,5,13,0.17377402086803062,1.4147958599385762,398,42,64
PCLN,Services,GRU,classification,10,5,14,0.08729403904035463,2.2928281539962407,398,42,64
PCLN,Services,GRU,classification,10,5,15,0.06860446396410166,2.1328262991848446,398,42,64
PCLN,Services,GRU,classification,10,5,16,0.05520683274272099,2.442662237655549,398,42,64
PCLN,Services,GRU,classification,10,5,17,0.05623579099212759,2.380187649102438,398,42,64
PCLN,Services,GRU,classification,10,5,18,0.04295456789471396,2.3017007069928304,398,42,64
PCLN,Services,GRU,classification,10,5,19,0.051592528033795666,2.937818413689023,398,42,64
PCLN,Services,GRU,classification,10,5,20,0.045690643034837955,2.729645209653037,398,42,64
PCLN,Services,GRU,classification,10,5,21,0.03855501231386434,3.3682382305463157,398,42,64
PEP,Consumer Goods,GRU,classification,10,5,1,0.6318725467327252,1.122882916813805,398,42,64
PEP,Consumer Goods,GRU,classification,10,5,2,0.5410947593013246,2.4416109720865884,398,42,64
PEP,Consumer Goods,GRU,classification,10,5,3,0.46824813443212654,2.8455337910425094,398,42,64
PEP,Consumer Goods,GRU,classification,10,5,4,0.4057978638752022,3.823634738013858,398,42,64
PEP,Consumer Goods,GRU,classification,10,5,5,0.3517032981517926,4.992364054634457,398,42,64
PEP,Consumer Goods,GRU,classification,10,5,6,0.31284764319208996,3.813702344894409,398,42,64
PEP,Consumer Goods,GRU,classification,10,5,7,0.3685286581216745,5.537294251578195,398,42,64
PEP,Consumer Goods,GRU,classification,10,5,8,0.3316592976975082,6.336356094905308,398,42,64
PEP,Consumer Goods,GRU,classification,10,5,9,0.30964251641352575,4.5854212783631825,398,42,64
PEP,Consumer Goods,GRU,classification,10,5,10,0.24760006016223274,6.408649103982108,398,42,64
PEP,Consumer Goods,GRU,classification,10,5,11,0.1898111885965769,5.490681863966442,398,42,64
PEP,Consumer Goods,GRU,classification,10,5,12,0.17661818861961365,6.332685697646368,398,42,64
PEP,Consumer Goods,GRU,classification,10,5,13,0.16664254051357058,6.645540078481038,398,42,64
PEP,Consumer Goods,GRU,classification,10,5,14,0.1105303757229642,6.918448834192185,398,42,64
PEP,Consumer Goods,GRU,classification,10,5,15,0.09140666615423845,7.549402146112351,398,42,64
PEP,Consumer Goods,GRU,classification,10,5,16,0.07870073580936571,7.547193572634742,398,42,64
PEP,Consumer Goods,GRU,classification,10,5,17,0.07585774618551959,7.8936609994797475,398,42,64
PEP,Consumer Goods,GRU,classification,10,5,18,0.07202594723533745,8.505946363721575,398,42,64
PEP,Consumer Goods,GRU,classification,10,5,19,0.06397420377587554,8.251045999072847,398,42,64
PEP,Consumer Goods,GRU,classification,10,5,20,0.060997736963195416,8.858700002942767,398,42,64
PEP,Consumer Goods,GRU,classification,10,5,21,0.052475847996509256,8.82252007439023,398,42,64
PFE,Healthcare,GRU,classification,10,5,1,0.6759387257710174,0.6666788742655799,398,42,64
PFE,Healthcare,GRU,classification,10,5,2,0.5521094396186235,1.1115844476790655,398,42,64
PFE,Healthcare,GRU,classification,10,5,3,0.4934939710638631,1.245389183362325,398,42,64
PFE,Healthcare,GRU,classification,10,5,4,0.42476639421141926,1.634199028923398,398,42,64
PFE,Healthcare,GRU,classification,10,5,5,0.3780712701717214,2.2972570828029086,398,42,64
PFE,Healthcare,GRU,classification,10,5,6,0.33307752245335126,1.9357675597781228,398,42,64
PFE,Healthcare,GRU,classification,10,5,7,0.37606312776330725,2.4029445080530074,398,42,64
PFE,Healthcare,GRU,classification,10,5,8,0.2821510394464186,3.3085355304536366,398,42,64
PFE,Healthcare,GRU,classification,10,5,9,0.26892842195141853,2.6001409803118025,398,42,64
PFE,Healthcare,GRU,classification,10,5,10,0.23881168319052787,3.468458993094308,398,42,64
PFE,Healthcare,GRU,classification,10,5,11,0.20865766805170768,3.0886069933573403,398,42,64
PFE,Healthcare,GRU,classification,10,5,12,0.1799538322729082,4.373992692856562,398,42,64
PFE,Healthcare,GRU,classification,10,5,13,0.17618008212528036,3.7665261995224726,398,42,64
PFE,Healthcare,GRU,classification,10,5,14,0.09923821766322581,4.109288374582927,398,42,64
PFE,Healthcare,GRU,classification,10,5,15,0.08677928271380501,4.247194857824416,398,42,64
PFE,Healthcare,GRU,classification,10,5,16,0.07080760547638539,4.580759298233759,398,42,64
PFE,Healthcare,GRU,classification,10,5,17,0.06438843685965143,5.047469411577497,398,42,64
PFE,Healthcare,GRU,classification,10,5,18,0.06438513666428813,4.96476598013015,398,42,64
PFE,Healthcare,GRU,classification,10,5,19,0.05430198467369355,5.681428591410319,398,42,64
PFE,Healthcare,GRU,classification,10,5,20,0.04755798643033708,5.506894838242304,398,42,64
PFE,Healthcare,GRU,classification,10,5,21,0.04482730249195692,6.0453317278907415,398,42,64
PG,Consumer Goods,GRU,classification,10,5,1,0.7029718226523854,1.2731319921357291,398,42,64
PG,Consumer Goods,GRU,classification,10,5,2,0.5931503149732273,2.375038669222877,398,42,64
PG,Consumer Goods,GRU,classification,10,5,3,0.5162984204651723,3.1743145159312656,398,42,64
PG,Consumer Goods,GRU,classification,10,5,4,0.44303760097254463,4.187751029218946,398,42,64
PG,Consumer Goods,GRU,classification,10,5,5,0.3777893479145951,4.178270027751014,398,42,64
PG,Consumer Goods,GRU,classification,10,5,6,0.31256725740193125,4.2892461106890725,398,42,64
PG,Consumer Goods,GRU,classification,10,5,7,0.27799720710246406,6.237286215736752,398,42,64
PG,Consumer Goods,GRU,classification,10,5,8,0.2893083645920059,4.324731511729104,398,42,64
PG,Consumer Goods,GRU,classification,10,5,9,0.24135373944613203,4.407100251742771,398,42,64
PG,Consumer Goods,GRU,classification,10,5,10,0.2167051949692731,6.435600070726304,398,42,64
PG,Consumer Goods,GRU,classification,10,5,11,0.21551116686969546,5.16023055712382,398,42,64
PG,Consumer Goods,GRU,classification,10,5,12,0.1610417494072986,4.397939125696818,398,42,64
PG,Consumer Goods,GRU,classification,10,5,13,0.1284535879915084,4.104118046306429,398,42,64
PG,Consumer Goods,GRU,classification,10,5,14,0.07938032602919406,5.216285773686001,398,42,64
PG,Consumer Goods,GRU,classification,10,5,15,0.060132026035881525,5.201740787142799,398,42,64
PG,Consumer Goods,GRU,classification,10,5,16,0.04914654031321032,5.827652000245594,398,42,64
PG,Consumer Goods,GRU,classification,10,5,17,0.043969550436765106,5.721366922060649,398,42,64
PG,Consumer Goods,GRU,classification,10,5,18,0.038737688719028204,6.682857042267209,398,42,64
PG,Consumer Goods,GRU,classification,10,5,19,0.03647775246045697,5.697800494375683,398,42,64
PG,Consumer Goods,GRU,classification,10,5,20,0.029315160578069974,6.851816103571937,398,42,64
PG,Consumer Goods,GRU,classification,10,5,21,0.029148734169988776,6.143631112007868,398,42,64
PICO,Conglomerates,GRU,classification,10,5,1,0.6683156193800308,1.0995587621416365,398,42,64
PICO,Conglomerates,GRU,classification,10,5,2,0.5482178844099668,2.433166946683611,398,42,64
PICO,Conglomerates,GRU,classification,10,5,3,0.4699056178481136,3.371028173537481,398,42,64
PICO,Conglomerates,GRU,classification,10,5,4,0.4111123365073947,3.7725580419812883,398,42,64
PICO,Conglomerates,GRU,classification,10,5,5,0.36807908844109155,4.360080151330857,398,42,64
PICO,Conglomerates,GRU,classification,10,5,6,0.3189140799357064,2.8936086268652055,398,42,64
PICO,Conglomerates,GRU,classification,10,5,7,0.2863526766623684,3.938786574772426,398,42,64
PICO,Conglomerates,GRU,classification,10,5,8,0.28817120142018976,4.746897742861793,398,42,64
PICO,Conglomerates,GRU,classification,10,5,9,0.2478092042120857,3.1816770349230086,398,42,64
PICO,Conglomerates,GRU,classification,10,5,10,0.22506449102007564,4.956829911186581,398,42,64
PICO,Conglomerates,GRU,classification,10,5,11,0.18141942531169958,2.4908430462791804,398,42,64
PICO,Conglomerates,GRU,classification,10,5,12,0.16574256095904202,4.184001127878825,398,42,64
PICO,Conglomerates,GRU,classification,10,5,13,0.1337565960147273,3.1754824434007918,398,42,64
PICO,Conglomerates,GRU,classification,10,5,14,0.09276797778754678,4.170513266608829,398,42,64
PICO,Conglomerates,GRU,classification,10,5,15,0.0846779909471621,4.184650523321969,398,42,64
PICO,Conglomerates,GRU,classification,10,5,16,0.07355499253538086,4.875960917699905,398,42,64
PICO,Conglomerates,GRU,classification,10,5,17,0.07556483438753303,3.955427567164103,398,42,64
PICO,Conglomerates,GRU,classification,10,5,18,0.05904933187324348,5.839697588057745,398,42,64
PICO,Conglomerates,GRU,classification,10,5,19,0.05320701647044426,5.070630028134301,398,42,64
PICO,Conglomerates,GRU,classification,10,5,20,0.046928467350689014,5.4802190235682895,398,42,64
PICO,Conglomerates,GRU,classification,10,5,21,0.04380763985740779,5.782213892255511,398,42,64
PM,Consumer Goods,GRU,classification,10,5,1,0.6923822577874265,0.7544623159226918,398,42,64
PM,Consumer Goods,GRU,classification,10,5,2,0.5828555220335572,0.8856455428259713,398,42,64
PM,Consumer Goods,GRU,classification,10,5,3,0.5234057238353557,0.997512868472508,398,42,64
PM,Consumer Goods,GRU,classification,10,5,4,0.4551828593464952,1.0718709060123988,398,42,64
PM,Consumer Goods,GRU,classification,10,5,5,0.39817769653234053,1.6454707440875826,398,42,64
PM,Consumer Goods,GRU,classification,10,5,6,0.3537667508251104,1.1081512996128626,398,42,64
PM,Consumer Goods,GRU,classification,10,5,7,0.3233349492501973,1.7995621817452567,398,42,64
PM,Consumer Goods,GRU,classification,10,5,8,0.31583860621380444,2.304713726043701,398,42,64
PM,Consumer Goods,GRU,classification,10,5,9,0.2874754983276578,1.5128764652070545,398,42,64
PM,Consumer Goods,GRU,classification,10,5,10,0.23759040056760586,3.325016419092814,398,42,64
PM,Consumer Goods,GRU,classification,10,5,11,0.26004751827848616,1.6642097291492282,398,42,64
PM,Consumer Goods,GRU,classification,10,5,12,0.2196978099981145,2.575875849950881,398,42,64
PM,Consumer Goods,GRU,classification,10,5,13,0.1600365563478302,2.287464425677345,398,42,64
PM,Consumer Goods,GRU,classification,10,5,14,0.11500527889435015,2.3435069719950357,398,42,64
PM,Consumer Goods,GRU,classification,10,5,15,0.09487056715329688,2.5992689586821056,398,42,64
PM,Consumer Goods,GRU,classification,10,5,16,0.07480992799877521,2.2240698905218217,398,42,64
PM,Consumer Goods,GRU,classification,10,5,17,0.07193041106115035,2.837321985335577,398,42,64
PM,Consumer Goods,GRU,classification,10,5,18,0.06925453629400861,2.1860164460681735,398,42,64
PM,Consumer Goods,GRU,classification,10,5,19,0.05918454464955546,3.1492249852135066,398,42,64
PM,Consumer Goods,GRU,classification,10,5,20,0.059530376058876816,2.5836773826962425,398,42,64
PM,Consumer Goods,GRU,classification,10,5,21,0.04655201876320731,2.7030368759518577,398,42,64
PPL,Utilities,GRU,classification,10,5,1,0.6667320608493671,0.6898475502218518,398,42,64
PPL,Utilities,GRU,classification,10,5,2,0.5611731362103218,0.723206904672441,398,42,64
PPL,Utilities,GRU,classification,10,5,3,0.4883233212945449,0.8477289265110379,398,42,64
PPL,Utilities,GRU,classification,10,5,4,0.4106085605956801,0.7118715487775349,398,42,64
PPL,Utilities,GRU,classification,10,5,5,0.3435956648546248,0.7488086890606653,398,42,64
PPL,Utilities,GRU,classification,10,5,6,0.280428509766133,0.4881123389516558,398,42,64
PPL,Utilities,GRU,classification,10,5,7,0.24647311065065203,0.560637769244966,398,42,64
PPL,Utilities,GRU,classification,10,5,8,0.24588446060766528,0.6200710421516782,398,42,64
PPL,Utilities,GRU,classification,10,5,9,0.21357418342151835,0.7502280757540748,398,42,64
PPL,Utilities,GRU,classification,10,5,10,0.19904712875883782,0.2972481648127238,398,42,64
PPL,Utilities,GRU,classification,10,5,11,0.16112807350017916,0.7900257791791644,398,42,64
PPL,Utilities,GRU,classification,10,5,12,0.15088427821221065,0.44514020284016925,398,42,64
PPL,Utilities,GRU,classification,10,5,13,0.11266745402285801,0.8194782946790967,398,42,64
PPL,Utilities,GRU,classification,10,5,14,0.14147220802816315,1.2286768385342188,398,42,64
PPL,Utilities,GRU,classification,10,5,15,0.10881100306708609,0.8605426294463021,398,42,64
PPL,Utilities,GRU,classification,10,5,16,0.09382655842220364,0.759752604223433,398,42,64
PPL,Utilities,GRU,classification,10,5,17,0.08570183946016297,0.8869064478647142,398,42,64
PPL,Utilities,GRU,classification,10,5,18,0.09676345078340128,0.8972329525720506,398,42,64
PPL,Utilities,GRU,classification,10,5,19,0.07233868677861727,0.8410044681458246,398,42,64
PPL,Utilities,GRU,classification,10,5,20,0.05423729163337143,1.3217903801373072,398,42,64
PPL,Utilities,GRU,classification,10,5,21,0.040685172695853755,0.853305649189722,398,42,64
PPL,Utilities,GRU,classification,10,5,22,0.01968619598300388,0.821188109261649,398,42,64
PPL,Utilities,GRU,classification,10,5,23,0.014961560954101122,0.9737042302177066,398,42,64
PPL,Utilities,GRU,classification,10,5,24,0.013861922418520828,0.981273543267023,398,42,64
PPL,Utilities,GRU,classification,10,5,25,0.009211404922993938,0.9700073003768921,398,42,64
PPL,Utilities,GRU,classification,10,5,26,0.00898644220477073,0.948629841918037,398,42,64
PPL,Utilities,GRU,classification,10,5,27,0.007898966130103224,0.9670245335215614,398,42,64
PPL,Utilities,GRU,classification,10,5,28,0.007120469290220258,1.0098534907613481,398,42,64
PPL,Utilities,GRU,classification,10,5,29,0.007129020593480099,0.9936507940292358,398,42,64
PPL,Utilities,GRU,classification,10,5,30,0.005563107661987145,1.0127220920154028,398,42,64
PTR,Basic Matierials,GRU,classification,10,5,1,0.6902213893344055,1.295649534180051,398,42,64
PTR,Basic Matierials,GRU,classification,10,5,2,0.5748857649127442,2.2850028446742465,398,42,64
PTR,Basic Matierials,GRU,classification,10,5,3,0.5062579099257388,1.987805201893761,398,42,64
PTR,Basic Matierials,GRU,classification,10,5,4,0.44894665569516284,1.8886758656728835,398,42,64
PTR,Basic Matierials,GRU,classification,10,5,5,0.3829341650608197,3.060338474455334,398,42,64
PTR,Basic Matierials,GRU,classification,10,5,6,0.34129108525999824,1.7977679456983293,398,42,64
PTR,Basic Matierials,GRU,classification,10,5,7,0.2992695406753214,1.0882085107621693,398,42,64
PTR,Basic Matierials,GRU,classification,10,5,8,0.2825639526448657,4.997524375007266,398,42,64
PTR,Basic Matierials,GRU,classification,10,5,9,0.2531426934590891,1.5697652044750394,398,42,64
PTR,Basic Matierials,GRU,classification,10,5,10,0.1702992877918272,3.4037631579807828,398,42,64
PTR,Basic Matierials,GRU,classification,10,5,11,0.14205741335698707,2.75859800974528,398,42,64
PTR,Basic Matierials,GRU,classification,10,5,12,0.14744476910362292,2.5555031186058406,398,42,64
PTR,Basic Matierials,GRU,classification,10,5,13,0.11388116442228681,2.9543181373959495,398,42,64
PTR,Basic Matierials,GRU,classification,10,5,14,0.11716527757632672,7.00034559340704,398,42,64
PTR,Basic Matierials,GRU,classification,10,5,15,0.0900749325302977,4.642230601537795,398,42,64
PTR,Basic Matierials,GRU,classification,10,5,16,0.06689296442846857,4.996505532945905,398,42,64
PTR,Basic Matierials,GRU,classification,10,5,17,0.059090597957522424,5.403285230909075,398,42,64
PTR,Basic Matierials,GRU,classification,10,5,18,0.11218875294654214,5.106987726120722,398,42,64
PTR,Basic Matierials,GRU,classification,10,5,19,0.04187806815508023,4.806139764331636,398,42,64
PTR,Basic Matierials,GRU,classification,10,5,20,0.029866152728472522,4.315920625414167,398,42,64
PTR,Basic Matierials,GRU,classification,10,5,21,0.02305065225997013,4.889507702418736,398,42,64
PTR,Basic Matierials,GRU,classification,10,5,22,0.015844606892697177,5.229644548325312,398,42,64
PTR,Basic Matierials,GRU,classification,10,5,23,0.01410712941020877,6.6728620529174805,398,42,64
PTR,Basic Matierials,GRU,classification,10,5,24,0.013906767357833421,6.792956988016765,398,42,64
PTR,Basic Matierials,GRU,classification,10,5,25,0.01282611665966448,6.43754091716948,398,42,64
PTR,Basic Matierials,GRU,classification,10,5,26,0.013410402316806005,6.062901587713332,398,42,64
PTR,Basic Matierials,GRU,classification,10,5,27,0.009160271394136712,5.982464971996489,398,42,64
RDS-B,Basic Matierials,GRU,classification,10,5,1,0.6816604062540448,1.2284614869526453,398,42,64
RDS-B,Basic Matierials,GRU,classification,10,5,2,0.5778798952174546,2.8726826962970553,398,42,64
RDS-B,Basic Matierials,GRU,classification,10,5,3,0.511892593685706,4.371611129669916,398,42,64
RDS-B,Basic Matierials,GRU,classification,10,5,4,0.44607668560952995,5.516033626738048,398,42,64
RDS-B,Basic Matierials,GRU,classification,10,5,5,0.3984147099094774,6.708359672909691,398,42,64
RDS-B,Basic Matierials,GRU,classification,10,5,6,0.36099617310504817,6.874220030648368,398,42,64
RDS-B,Basic Matierials,GRU,classification,10,5,7,0.3808591112344708,8.328663212912423,398,42,64
RDS-B,Basic Matierials,GRU,classification,10,5,8,0.3345415370922592,7.00366160983131,398,42,64
RDS-B,Basic Matierials,GRU,classification,10,5,9,0.3234059706929341,7.3960128284636,398,42,64
RDS-B,Basic Matierials,GRU,classification,10,5,10,0.2564339439323799,9.619527498881022,398,42,64
RDS-B,Basic Matierials,GRU,classification,10,5,11,0.21509104476651952,5.304304758707683,398,42,64
RDS-B,Basic Matierials,GRU,classification,10,5,12,0.27984059986719234,9.08535471416655,398,42,64
RDS-B,Basic Matierials,GRU,classification,10,5,13,0.17955846143839646,9.103931472415017,398,42,64
RDS-B,Basic Matierials,GRU,classification,10,5,14,0.1297518963078458,9.505473591032482,398,42,64
RDS-B,Basic Matierials,GRU,classification,10,5,15,0.10956976030152946,9.554156167166573,398,42,64
RDS-B,Basic Matierials,GRU,classification,10,5,16,0.09539830989096706,11.584921791439964,398,42,64
RDS-B,Basic Matierials,GRU,classification,10,5,17,0.09531289729612631,9.592511313302177,398,42,64
RDS-B,Basic Matierials,GRU,classification,10,5,18,0.08879869736628092,13.026793025788807,398,42,64
RDS-B,Basic Matierials,GRU,classification,10,5,19,0.07518905735850784,10.735490299406505,398,42,64
RDS-B,Basic Matierials,GRU,classification,10,5,20,0.06999488924185385,12.788465545290993,398,42,64
RDS-B,Basic Matierials,GRU,classification,10,5,21,0.05927492032557651,11.608164878118606,398,42,64
REX,Conglomerates,GRU,classification,10,5,1,0.6844713565093189,0.9112266813005719,398,42,64
REX,Conglomerates,GRU,classification,10,5,2,0.5834272024619519,2.3323647748856318,398,42,64
REX,Conglomerates,GRU,classification,10,5,3,0.5090222568368193,3.104093528929211,398,42,64
REX,Conglomerates,GRU,classification,10,5,4,0.45816090688034516,4.070018018995013,398,42,64
REX,Conglomerates,GRU,classification,10,5,5,0.39804508218813184,3.404383591243199,398,42,64
REX,Conglomerates,GRU,classification,10,5,6,0.33442194258148344,5.298917815798805,398,42,64
REX,Conglomerates,GRU,classification,10,5,7,0.3301060133842967,3.7227719170706615,398,42,64
REX,Conglomerates,GRU,classification,10,5,8,0.26829858251552485,5.094533602396647,398,42,64
REX,Conglomerates,GRU,classification,10,5,9,0.26522884297011484,3.266400382632301,398,42,64
REX,Conglomerates,GRU,classification,10,5,10,0.2002635617651532,7.445715540931339,398,42,64
REX,Conglomerates,GRU,classification,10,5,11,0.1987760088701344,5.938123385111491,398,42,64
REX,Conglomerates,GRU,classification,10,5,12,0.19017929033418396,3.6136893999008906,398,42,64
REX,Conglomerates,GRU,classification,10,5,13,0.16871572776355936,6.911135718936012,398,42,64
REX,Conglomerates,GRU,classification,10,5,14,0.09848134788736027,6.131409917558942,398,42,64
REX,Conglomerates,GRU,classification,10,5,15,0.08488851692059532,7.390998340788341,398,42,64
REX,Conglomerates,GRU,classification,10,5,16,0.07186078162274169,6.577744166056315,398,42,64
REX,Conglomerates,GRU,classification,10,5,17,0.06499969435097584,7.6566560836065385,398,42,64
REX,Conglomerates,GRU,classification,10,5,18,0.05769574945446235,7.528350875491188,398,42,64
REX,Conglomerates,GRU,classification,10,5,19,0.045028028906739535,7.750140008472261,398,42,64
REX,Conglomerates,GRU,classification,10,5,20,0.042589025581302356,7.409917286464146,398,42,64
REX,Conglomerates,GRU,classification,10,5,21,0.03419879250153525,8.491377103896369,398,42,64
SLB,Basic Matierials,GRU,classification,10,5,1,0.6963707289504046,1.2092821938650948,398,42,64
SLB,Basic Matierials,GRU,classification,10,5,2,0.5805584389959747,1.4318775619779314,398,42,64
SLB,Basic Matierials,GRU,classification,10,5,3,0.5143513326069817,1.2548064788182576,398,42,64
SLB,Basic Matierials,GRU,classification,10,5,4,0.45358121814440244,1.7425329912276495,398,42,64
SLB,Basic Matierials,GRU,classification,10,5,5,0.3917172549657486,1.7624138991038005,398,42,64
SLB,Basic Matierials,GRU,classification,10,5,6,0.36200322068516333,1.2533926169077556,398,42,64
SLB,Basic Matierials,GRU,classification,10,5,7,0.30997950497584126,2.3876125926063176,398,42,64
SLB,Basic Matierials,GRU,classification,10,5,8,0.3130113471992052,2.219551302137829,398,42,64
SLB,Basic Matierials,GRU,classification,10,5,9,0.3308247574909249,1.8781980105808802,398,42,64
SLB,Basic Matierials,GRU,classification,10,5,10,0.20424604610582092,1.8974749247233074,398,42,64
SLB,Basic Matierials,GRU,classification,10,5,11,0.17202610301612012,0.9056276764188494,398,42,64
SLB,Basic Matierials,GRU,classification,10,5,12,0.15855185702518004,3.976499534788586,398,42,64
SLB,Basic Matierials,GRU,classification,10,5,13,0.11669978701589095,1.5595404420580183,398,42,64
SLB,Basic Matierials,GRU,classification,10,5,14,0.13459846549597218,1.54317383539109,398,42,64
SLB,Basic Matierials,GRU,classification,10,5,15,0.11466177470570234,3.4366890362330844,398,42,64
SLB,Basic Matierials,GRU,classification,10,5,16,0.11573274871662034,1.2940860362279982,398,42,64
SLB,Basic Matierials,GRU,classification,10,5,17,0.12158107265230998,1.472290970030285,398,42,64
SLB,Basic Matierials,GRU,classification,10,5,18,0.0832547396234232,1.2520917370205833,398,42,64
SLB,Basic Matierials,GRU,classification,10,5,19,0.057977046780101016,2.300412722996303,398,42,64
SLB,Basic Matierials,GRU,classification,10,5,20,0.04806003010078291,1.2227733305522375,398,42,64
SLB,Basic Matierials,GRU,classification,10,5,21,0.04286411532842035,1.6961165155683244,398,42,64
SLB,Basic Matierials,GRU,classification,10,5,22,0.030487222264722065,1.6828424476441883,398,42,64
SLB,Basic Matierials,GRU,classification,10,5,23,0.02382582725591995,1.1361595335460843,398,42,64
SLB,Basic Matierials,GRU,classification,10,5,24,0.009162780271852435,1.1190768877665203,398,42,64
SLB,Basic Matierials,GRU,classification,10,5,25,0.0072588185328129095,1.1246137335186912,398,42,64
SLB,Basic Matierials,GRU,classification,10,5,26,0.00817232866345638,1.1418182055155437,398,42,64
SLB,Basic Matierials,GRU,classification,10,5,27,0.008237348499721917,1.1715025220598494,398,42,64
SLB,Basic Matierials,GRU,classification,10,5,28,0.008770857305832245,1.1834088734218053,398,42,64
SLB,Basic Matierials,GRU,classification,10,5,29,0.005963612977303003,1.1980688344864618,398,42,64
SLB,Basic Matierials,GRU,classification,10,5,30,0.005233330069456118,1.2253190676371257,398,42,64
SLB,Basic Matierials,GRU,classification,10,5,31,0.005693162103469048,1.2624685764312744,398,42,64
SNP,Basic Matierials,GRU,classification,10,5,1,0.6597241313014198,1.3392043511072795,398,42,64
SNP,Basic Matierials,GRU,classification,10,5,2,0.5384548210618484,2.6801003274463473,398,42,64
SNP,Basic Matierials,GRU,classification,10,5,3,0.45032112921901685,3.747566336677188,398,42,64
SNP,Basic Matierials,GRU,classification,10,5,4,0.383808757042765,4.037226563408261,398,42,64
SNP,Basic Matierials,GRU,classification,10,5,5,0.3260645003774058,4.036016623179118,398,42,64
SNP,Basic Matierials,GRU,classification,10,5,6,0.2922958796048284,4.269419965289888,398,42,64
SNP,Basic Matierials,GRU,classification,10,5,7,0.27321015178558217,2.1932495208013627,398,42,64
SNP,Basic Matierials,GRU,classification,10,5,8,0.24205897733494264,3.219535714104062,398,42,64
SNP,Basic Matierials,GRU,classification,10,5,9,0.21153535248346664,6.017118317740304,398,42,64
SNP,Basic Matierials,GRU,classification,10,5,10,0.1697233193483784,3.0184209914434526,398,42,64
SNP,Basic Matierials,GRU,classification,10,5,11,0.15377941383189292,2.5712923322405135,398,42,64
SNP,Basic Matierials,GRU,classification,10,5,12,0.12507822214808295,3.374055022285098,398,42,64
SNP,Basic Matierials,GRU,classification,10,5,13,0.11504918031731443,3.7356215658641996,398,42,64
SNP,Basic Matierials,GRU,classification,10,5,14,0.06028088257091129,3.2433347702026367,398,42,64
SNP,Basic Matierials,GRU,classification,10,5,15,0.04926588823410434,4.022454420725505,398,42,64
SNP,Basic Matierials,GRU,classification,10,5,16,0.047458971892694136,2.9332424572535922,398,42,64
SNP,Basic Matierials,GRU,classification,10,5,17,0.03754077809652192,3.7345732280186246,398,42,64
SNP,Basic Matierials,GRU,classification,10,5,18,0.03604523525877514,3.0418549265180315,398,42,64
SNP,Basic Matierials,GRU,classification,10,5,19,0.0369268112989077,3.749675500960577,398,42,64
SNP,Basic Matierials,GRU,classification,10,5,20,0.027864770252426067,2.8846105620974587,398,42,64
SNP,Basic Matierials,GRU,classification,10,5,21,0.024936880329015417,4.039127054668608,398,42,64
SNY,Healthcare,GRU,classification,10,5,1,0.7043022669140419,0.7148714775130862,398,42,64
SNY,Healthcare,GRU,classification,10,5,2,0.5984305266159863,1.1916623058773221,398,42,64
SNY,Healthcare,GRU,classification,10,5,3,0.5243695953383518,1.4180342696961903,398,42,64
SNY,Healthcare,GRU,classification,10,5,4,0.45518991485911997,1.8118393988836379,398,42,64
SNY,Healthcare,GRU,classification,10,5,5,0.3842016078119901,2.0369809695652554,398,42,64
SNY,Healthcare,GRU,classification,10,5,6,0.3276534979067855,2.5171732221330916,398,42,64
SNY,Healthcare,GRU,classification,10,5,7,0.27279241929701226,3.056149414607457,398,42,64
SNY,Healthcare,GRU,classification,10,5,8,0.28277741739498313,3.0025449253263927,398,42,64
SNY,Healthcare,GRU,classification,10,5,9,0.2438981500103246,3.1330038138798306,398,42,64
SNY,Healthcare,GRU,classification,10,5,10,0.25901535887215005,3.6018098422459195,398,42,64
SNY,Healthcare,GRU,classification,10,5,11,0.20880148361376183,2.8378568376813615,398,42,64
SNY,Healthcare,GRU,classification,10,5,12,0.15063848866889226,4.762192385537284,398,42,64
SNY,Healthcare,GRU,classification,10,5,13,0.1650767878222106,3.425432977222261,398,42,64
SNY,Healthcare,GRU,classification,10,5,14,0.07957041046427722,3.90132322765532,398,42,64
SNY,Healthcare,GRU,classification,10,5,15,0.06240705299617058,4.0818866321018765,398,42,64
SNY,Healthcare,GRU,classification,10,5,16,0.05222700386490654,4.862714585803804,398,42,64
SNY,Healthcare,GRU,classification,10,5,17,0.04461062935429003,4.82122144244966,398,42,64
SNY,Healthcare,GRU,classification,10,5,18,0.03978697000885729,5.276847930181594,398,42,64
SNY,Healthcare,GRU,classification,10,5,19,0.03696507427036463,5.356077829996745,398,42,64
SNY,Healthcare,GRU,classification,10,5,20,0.039850480498830276,5.994085856846401,398,42,64
SNY,Healthcare,GRU,classification,10,5,21,0.0348992351648496,5.609479949587867,398,42,64
SO,Utilities,GRU,classification,10,5,1,0.6533206830072642,0.6489866730712709,398,42,64
SO,Utilities,GRU,classification,10,5,2,0.562169475471554,0.6869540881542933,398,42,64
SO,Utilities,GRU,classification,10,5,3,0.4812040547629697,0.7634671898115248,398,42,64
SO,Utilities,GRU,classification,10,5,4,0.41278412953094024,0.7069778172742753,398,42,64
SO,Utilities,GRU,classification,10,5,5,0.3489155883166059,0.8144764886015937,398,42,64
SO,Utilities,GRU,classification,10,5,6,0.30511043404214944,0.5346523849737077,398,42,64
SO,Utilities,GRU,classification,10,5,7,0.27628415104132803,0.6533104968922478,398,42,64
SO,Utilities,GRU,classification,10,5,8,0.25932583407541016,1.11990591386954,398,42,64
SO,Utilities,GRU,classification,10,5,9,0.2253272905945778,0.995753634543646,398,42,64
SO,Utilities,GRU,classification,10,5,10,0.2660260975510631,0.6691924198752358,398,42,64
SO,Utilities,GRU,classification,10,5,11,0.2055326595939883,1.2249905197393327,398,42,64
SO,Utilities,GRU,classification,10,5,12,0.17971940922677218,0.8460333148638407,398,42,64
SO,Utilities,GRU,classification,10,5,13,0.20563246369661398,0.9754620073806672,398,42,64
SO,Utilities,GRU,classification,10,5,14,0.18316024865711752,1.1587538470824559,398,42,64
SO,Utilities,GRU,classification,10,5,15,0.16808534829161276,1.3676001677910488,398,42,64
SO,Utilities,GRU,classification,10,5,16,0.11366267227123131,1.5057405417873746,398,42,64
SO,Utilities,GRU,classification,10,5,17,0.12869296775166714,1.3253501022145862,398,42,64
SO,Utilities,GRU,classification,10,5,18,0.06243163551058826,1.1173127314874105,398,42,64
SO,Utilities,GRU,classification,10,5,19,0.04048182809697324,1.326976671460129,398,42,64
SO,Utilities,GRU,classification,10,5,20,0.03481933870937806,1.280235077298823,398,42,64
SO,Utilities,GRU,classification,10,5,21,0.027454438366594926,1.3930170301880156,398,42,64
SO,Utilities,GRU,classification,10,5,22,0.024341866966037445,1.3615522221440362,398,42,64
SO,Utilities,GRU,classification,10,5,23,0.02167439969471801,1.489596925675869,398,42,64
SO,Utilities,GRU,classification,10,5,24,0.019581175027836357,1.3930701471510387,398,42,64
SO,Utilities,GRU,classification,10,5,25,0.017209176428091884,1.693825058993839,398,42,64
SO,Utilities,GRU,classification,10,5,26,0.017262974424034957,1.4164254452501024,398,42,64
SPLP,Conglomerates,GRU,classification,10,5,1,0.695799166832737,0.6660888336953663,398,42,64
SPLP,Conglomerates,GRU,classification,10,5,2,0.5724798560741559,0.6951613511357989,398,42,64
SPLP,Conglomerates,GRU,classification,10,5,3,0.50232919316795,0.7367838081859407,398,42,64
SPLP,Conglomerates,GRU,classification,10,5,4,0.43418519341166895,0.651650777884892,398,42,64
SPLP,Conglomerates,GRU,classification,10,5,5,0.3778896575896584,0.7122774209295001,398,42,64
SPLP,Conglomerates,GRU,classification,10,5,6,0.3417727727087299,1.9787593114943731,398,42,64
SPLP,Conglomerates,GRU,classification,10,5,7,0.33003193125053865,1.2761816013427008,398,42,64
SPLP,Conglomerates,GRU,classification,10,5,8,0.30137480428470437,2.065023138409569,398,42,64
SPLP,Conglomerates,GRU,classification,10,5,9,0.25966641606397967,4.042305174328032,398,42,64
SPLP,Conglomerates,GRU,classification,10,5,10,0.22594171717538306,2.4697030839465914,398,42,64
SPLP,Conglomerates,GRU,classification,10,5,11,0.2297507124630051,3.950749238332113,398,42,64
SPLP,Conglomerates,GRU,classification,10,5,12,0.18180823580703542,5.547691594986689,398,42,64
SPLP,Conglomerates,GRU,classification,10,5,13,0.16667591739240004,3.5081862949189686,398,42,64
SPLP,Conglomerates,GRU,classification,10,5,14,0.14092762049418597,5.182652132851737,398,42,64
SPLP,Conglomerates,GRU,classification,10,5,15,0.12069569097541684,4.4807674544198175,398,42,64
SPLP,Conglomerates,GRU,classification,10,5,16,0.09421201361034384,3.641518309002831,398,42,64
SPLP,Conglomerates,GRU,classification,10,5,17,0.059702813494295334,4.031804947626023,398,42,64
SPLP,Conglomerates,GRU,classification,10,5,18,0.04868383042926165,4.054091975802467,398,42,64
SPLP,Conglomerates,GRU,classification,10,5,19,0.041997330328777206,4.095958482651484,398,42,64
SPLP,Conglomerates,GRU,classification,10,5,20,0.037407206483746895,3.957617612112136,398,42,64
SPLP,Conglomerates,GRU,classification,10,5,21,0.036265016538114404,4.3955982980274015,398,42,64
SPLP,Conglomerates,GRU,classification,10,5,22,0.03240135939670118,4.159014372598557,398,42,64
SPLP,Conglomerates,GRU,classification,10,5,23,0.03748233211530962,5.319042035511562,398,42,64
SPLP,Conglomerates,GRU,classification,10,5,24,0.02040579980098872,4.204749232246762,398,42,64
SRE,Utilities,GRU,classification,10,5,1,0.6352594228246105,0.9685093348934537,398,42,64
SRE,Utilities,GRU,classification,10,5,2,0.5626567024082395,1.6570916346141271,398,42,64
SRE,Utilities,GRU,classification,10,5,3,0.48954172739431484,2.0528022221156528,398,42,64
SRE,Utilities,GRU,classification,10,5,4,0.4328489869683232,2.0623141555559066,398,42,64
SRE,Utilities,GRU,classification,10,5,5,0.3818298137966712,2.026356259981791,398,42,64
SRE,Utilities,GRU,classification,10,5,6,0.333568912355145,1.7161159969511486,398,42,64
SRE,Utilities,GRU,classification,10,5,7,0.301720055203941,2.21324630578359,398,42,64
SRE,Utilities,GRU,classification,10,5,8,0.275638417682456,2.054802860532488,398,42,64
SRE,Utilities,GRU,classification,10,5,9,0.23643621787353974,1.4018772670200892,398,42,64
SRE,Utilities,GRU,classification,10,5,10,0.2486341955074713,2.3645792518343245,398,42,64
SRE,Utilities,GRU,classification,10,5,11,0.18579780546265032,2.308935364087423,398,42,64
SRE,Utilities,GRU,classification,10,5,12,0.1664961182591903,1.8471693424951463,398,42,64
SRE,Utilities,GRU,classification,10,5,13,0.155171452754706,1.8763885781878518,398,42,64
SRE,Utilities,GRU,classification,10,5,14,0.10044462544534674,1.970684323992048,398,42,64
SRE,Utilities,GRU,classification,10,5,15,0.06959652372790341,2.1475116582143876,398,42,64
SRE,Utilities,GRU,classification,10,5,16,0.06725009474622544,2.1213609661374773,398,42,64
SRE,Utilities,GRU,classification,10,5,17,0.06129612519064141,2.347617892991929,398,42,64
SRE,Utilities,GRU,classification,10,5,18,0.06435774738465122,2.132695856548491,398,42,64
SRE,Utilities,GRU,classification,10,5,19,0.06252702613871301,2.4208789496194747,398,42,64
SRE,Utilities,GRU,classification,10,5,20,0.047766206495875686,2.320675566082909,398,42,64
SRE,Utilities,GRU,classification,10,5,21,0.03921104374168506,2.277166247367859,398,42,64
T,Technology,GRU,classification,10,5,1,0.5910656284447291,1.252468574614752,398,42,64
T,Technology,GRU,classification,10,5,2,0.4788653896981148,1.6501994303294591,398,42,64
T,Technology,GRU,classification,10,5,3,0.41231913812196436,1.6041191305433,398,42,64
T,Technology,GRU,classification,10,5,4,0.34548233561779385,1.594006061553955,398,42,64
T,Technology,GRU,classification,10,5,5,0.29860227229307645,1.5465966236023676,398,42,64
T,Technology,GRU,classification,10,5,6,0.2662289459351918,1.0705187036877586,398,42,64
T,Technology,GRU,classification,10,5,7,0.2754347849281589,0.9578993831362043,398,42,64
T,Technology,GRU,classification,10,5,8,0.21397192319433891,1.963506812141055,398,42,64
T,Technology,GRU,classification,10,5,9,0.20249837532115342,1.0319356662886483,398,42,64
T,Technology,GRU,classification,10,5,10,0.16312834897532535,1.261706102462042,398,42,64
T,Technology,GRU,classification,10,5,11,0.1697009080206629,1.6867573090962,398,42,64
T,Technology,GRU,classification,10,5,12,0.13571143820507442,1.2872101125263034,398,42,64
T,Technology,GRU,classification,10,5,13,0.10956718263464357,1.9401643446513586,398,42,64
T,Technology,GRU,classification,10,5,14,0.10358141353775059,1.7887499843324934,398,42,64
T,Technology,GRU,classification,10,5,15,0.07740895456433221,1.8254666612261818,398,42,64
T,Technology,GRU,classification,10,5,16,0.04187021524313107,1.660094638665517,398,42,64
T,Technology,GRU,classification,10,5,17,0.04310265897735766,1.9877436955769856,398,42,64
T,Technology,GRU,classification,10,5,18,0.04835657665421765,1.9875787808781578,398,42,64
T,Technology,GRU,classification,10,5,19,0.031702961737580186,1.7763921135947818,398,42,64
T,Technology,GRU,classification,10,5,20,0.01711982310206709,1.8064066427094596,398,42,64
T,Technology,GRU,classification,10,5,21,0.01310357349531622,1.8565720177832103,398,42,64
T,Technology,GRU,classification,10,5,22,0.011321625175029413,1.8930899585996355,398,42,64
T,Technology,GRU,classification,10,5,23,0.01029514172523933,1.9974822430383592,398,42,64
T,Technology,GRU,classification,10,5,24,0.012542303988532205,1.985568608556475,398,42,64
T,Technology,GRU,classification,10,5,25,0.009661270045773617,1.9961476184072948,398,42,64
T,Technology,GRU,classification,10,5,26,0.007418907680969929,2.0375821789105735,398,42,64
T,Technology,GRU,classification,10,5,27,0.007184539559465744,2.0879684800193425,398,42,64
TM,Consumer Goods,GRU,classification,10,5,1,0.6597048661217617,0.8613137943404061,398,42,64
TM,Consumer Goods,GRU,classification,10,5,2,0.5710953956273332,1.6577835480372112,398,42,64
TM,Consumer Goods,GRU,classification,10,5,3,0.475910587526446,2.743275755927676,398,42,64
TM,Consumer Goods,GRU,classification,10,5,4,0.4042292821347414,3.289166632152739,398,42,64
TM,Consumer Goods,GRU,classification,10,5,5,0.3385288953481607,3.6407048134576705,398,42,64
TM,Consumer Goods,GRU,classification,10,5,6,0.28228312730789185,3.480595838455927,398,42,64
TM,Consumer Goods,GRU,classification,10,5,7,0.26129884561102595,4.02308634349278,398,42,64
TM,Consumer Goods,GRU,classification,10,5,8,0.25357536365039385,3.9976810046604703,398,42,64
TM,Consumer Goods,GRU,classification,10,5,9,0.21475426440861956,4.048284530639648,398,42,64
TM,Consumer Goods,GRU,classification,10,5,10,0.20478531815598358,4.928621564592634,398,42,64
TM,Consumer Goods,GRU,classification,10,5,11,0.2055378577217984,3.495253154209682,398,42,64
TM,Consumer Goods,GRU,classification,10,5,12,0.21361912974161118,4.887723468598866,398,42,64
TM,Consumer Goods,GRU,classification,10,5,13,0.13870694080189844,4.521055721101307,398,42,64
TM,Consumer Goods,GRU,classification,10,5,14,0.08942838844342448,5.0873840876988,398,42,64
TM,Consumer Goods,GRU,classification,10,5,15,0.07343700906289882,4.594710736047654,398,42,64
TM,Consumer Goods,GRU,classification,10,5,16,0.06675666795304074,5.189765725816999,398,42,64
TM,Consumer Goods,GRU,classification,10,5,17,0.060242270367528925,4.952092397780645,398,42,64
TM,Consumer Goods,GRU,classification,10,5,18,0.051998396259007144,5.099450849351429,398,42,64
TM,Consumer Goods,GRU,classification,10,5,19,0.04253109192578637,5.517653187115987,398,42,64
TM,Consumer Goods,GRU,classification,10,5,20,0.04108292852813874,5.705224003110613,398,42,64
TM,Consumer Goods,GRU,classification,10,5,21,0.04678359009961986,6.0065745796476095,398,42,64
TOT,Basic Matierials,GRU,classification,10,5,1,0.6922115686550812,0.8230916091373989,398,42,64
TOT,Basic Matierials,GRU,classification,10,5,2,0.5637569768943979,2.15264516217368,398,42,64
TOT,Basic Matierials,GRU,classification,10,5,3,0.48335351499181295,3.5104459467388334,398,42,64
TOT,Basic Matierials,GRU,classification,10,5,4,0.41197175581251555,4.425885450272333,398,42,64
TOT,Basic Matierials,GRU,classification,10,5,5,0.36459768312660296,5.981004805791946,398,42,64
TOT,Basic Matierials,GRU,classification,10,5,6,0.295442746568415,6.317197958628337,398,42,64
TOT,Basic Matierials,GRU,classification,10,5,7,0.320122056439444,5.161149195262364,398,42,64
TOT,Basic Matierials,GRU,classification,10,5,8,0.30857794252622067,8.176085767291841,398,42,64
TOT,Basic Matierials,GRU,classification,10,5,9,0.29039444315748,5.718566122509184,398,42,64
TOT,Basic Matierials,GRU,classification,10,5,10,0.24021170895790037,7.150226865495954,398,42,64
TOT,Basic Matierials,GRU,classification,10,5,11,0.18019534065271142,8.616474219730922,398,42,64
TOT,Basic Matierials,GRU,classification,10,5,12,0.21295290309280607,8.329559575943719,398,42,64
TOT,Basic Matierials,GRU,classification,10,5,13,0.12235816806816875,8.14869011016119,398,42,64
TOT,Basic Matierials,GRU,classification,10,5,14,0.08857722846725628,8.988732428777785,398,42,64
TOT,Basic Matierials,GRU,classification,10,5,15,0.07498369568809118,9.775700591859364,398,42,64
TOT,Basic Matierials,GRU,classification,10,5,16,0.06452501127870763,10.222206660679408,398,42,64
TOT,Basic Matierials,GRU,classification,10,5,17,0.06031751324277577,10.741990430014473,398,42,64
TOT,Basic Matierials,GRU,classification,10,5,18,0.05347254491252029,11.495020616622199,398,42,64
TOT,Basic Matierials,GRU,classification,10,5,19,0.041141928894323616,11.317820639837356,398,42,64
TOT,Basic Matierials,GRU,classification,10,5,20,0.03930232242035244,12.164244470142183,398,42,64
TOT,Basic Matierials,GRU,classification,10,5,21,0.03696558422329438,12.431457610357375,398,42,64
TSM,Technology,GRU,classification,10,5,1,0.6636270548231039,1.5911104735873995,398,42,64
TSM,Technology,GRU,classification,10,5,2,0.554877226975695,3.0237099897293818,398,42,64
TSM,Technology,GRU,classification,10,5,3,0.4900314568275183,3.8371970767066594,398,42,64
TSM,Technology,GRU,classification,10,5,4,0.42564264314258515,5.190948781513033,398,42,64
TSM,Technology,GRU,classification,10,5,5,0.37098969092321155,2.905426411401658,398,42,64
TSM,Technology,GRU,classification,10,5,6,0.33778182465826445,5.946722643715995,398,42,64
TSM,Technology,GRU,classification,10,5,7,0.3205958615295851,2.248303072793143,398,42,64
TSM,Technology,GRU,classification,10,5,8,0.2769140753913764,6.376755555470784,398,42,64
TSM,Technology,GRU,classification,10,5,9,0.2674136416396903,2.5943219321114674,398,42,64
TSM,Technology,GRU,classification,10,5,10,0.20868107099928448,5.201272964477539,398,42,64
TSM,Technology,GRU,classification,10,5,11,0.20102028735918015,2.167871844200861,398,42,64
TSM,Technology,GRU,classification,10,5,12,0.19804968516431262,6.380953152974446,398,42,64
TSM,Technology,GRU,classification,10,5,13,0.15331721066230505,4.679275285629999,398,42,64
TSM,Technology,GRU,classification,10,5,14,0.08871324274258398,4.393778460366385,398,42,64
TSM,Technology,GRU,classification,10,5,15,0.08082387592624779,4.395671867188954,398,42,64
TSM,Technology,GRU,classification,10,5,16,0.06752339316223135,5.145130520775204,398,42,64
TSM,Technology,GRU,classification,10,5,17,0.06243600276996143,4.46008841196696,398,42,64
TSM,Technology,GRU,classification,10,5,18,0.05645271926069979,5.663932028270903,398,42,64
TSM,Technology,GRU,classification,10,5,19,0.05223028745558394,5.459714344569615,398,42,64
TSM,Technology,GRU,classification,10,5,20,0.0485160652660395,5.663987114315941,398,42,64
TSM,Technology,GRU,classification,10,5,21,0.04179386897995394,5.445714269365583,398,42,64
UL,Consumer Goods,GRU,classification,10,5,1,0.6507943413365427,0.7843104175158909,398,42,64
UL,Consumer Goods,GRU,classification,10,5,2,0.5259834873915916,1.439706149555388,398,42,64
UL,Consumer Goods,GRU,classification,10,5,3,0.4399597474079036,1.7631920178731282,398,42,64
UL,Consumer Goods,GRU,classification,10,5,4,0.36941595188337356,2.2798468271891275,398,42,64
UL,Consumer Goods,GRU,classification,10,5,5,0.29556570265760373,2.742783637273879,398,42,64
UL,Consumer Goods,GRU,classification,10,5,6,0.2560041201249439,3.2649266833350774,398,42,64
UL,Consumer Goods,GRU,classification,10,5,7,0.2538397983652563,2.6592639571144465,398,42,64
UL,Consumer Goods,GRU,classification,10,5,8,0.24085516265439028,1.8685724621727353,398,42,64
UL,Consumer Goods,GRU,classification,10,5,9,0.2367627713922879,4.721003986540294,398,42,64
UL,Consumer Goods,GRU,classification,10,5,10,0.19105077415105687,2.8575494289398193,398,42,64
UL,Consumer Goods,GRU,classification,10,5,11,0.15196785351364456,3.28328309740339,398,42,64
UL,Consumer Goods,GRU,classification,10,5,12,0.13533187784891032,4.834086236499605,398,42,64
UL,Consumer Goods,GRU,classification,10,5,13,0.12438136741668734,4.644454206739153,398,42,64
UL,Consumer Goods,GRU,classification,10,5,14,0.0669382815132264,3.740545329593477,398,42,64
UL,Consumer Goods,GRU,classification,10,5,15,0.0534597601994273,4.126581362315586,398,42,64
UL,Consumer Goods,GRU,classification,10,5,16,0.04127603089296488,4.546609424409413,398,42,64
UL,Consumer Goods,GRU,classification,10,5,17,0.03786893188719399,4.480708008720761,398,42,64
UL,Consumer Goods,GRU,classification,10,5,18,0.031344839005529805,4.9184847105117075,398,42,64
UL,Consumer Goods,GRU,classification,10,5,19,0.039657357584067326,4.008120082673573,398,42,64
UL,Consumer Goods,GRU,classification,10,5,20,0.03150621604118215,5.375678028379168,398,42,64
UL,Consumer Goods,GRU,classification,10,5,21,0.025924216946540166,4.150973899023874,398,42,64
UN,Consumer Goods,GRU,classification,10,5,1,0.6716776888574189,1.0271214275133043,398,42,64
UN,Consumer Goods,GRU,classification,10,5,2,0.5277121393524822,1.6613657133919852,398,42,64
UN,Consumer Goods,GRU,classification,10,5,3,0.4384794801323857,2.102574450629098,398,42,64
UN,Consumer Goods,GRU,classification,10,5,4,0.37096266126512883,3.0003225008646646,398,42,64
UN,Consumer Goods,GRU,classification,10,5,5,0.29549179259856145,2.7604273614429293,398,42,64
UN,Consumer Goods,GRU,classification,10,5,6,0.23156460924963257,3.0846288885389055,398,42,64
UN,Consumer Goods,GRU,classification,10,5,7,0.23673519072820193,5.723044667925153,398,42,64
UN,Consumer Goods,GRU,classification,10,5,8,0.2875520942648451,4.06100827171689,398,42,64
UN,Consumer Goods,GRU,classification,10,5,9,0.19974676485936246,2.2383577483040944,398,42,64
UN,Consumer Goods,GRU,classification,10,5,10,0.1789060744957708,6.188371749151321,398,42,64
UN,Consumer Goods,GRU,classification,10,5,11,0.22998614182424307,3.8875015576680503,398,42,64
UN,Consumer Goods,GRU,classification,10,5,12,0.1612794787889749,5.660143806820824,398,42,64
UN,Consumer Goods,GRU,classification,10,5,13,0.11526578627339559,5.063433556329636,398,42,64
UN,Consumer Goods,GRU,classification,10,5,14,0.06470234040638909,4.579392966769991,398,42,64
UN,Consumer Goods,GRU,classification,10,5,15,0.048408680487817254,5.84960583278111,398,42,64
UN,Consumer Goods,GRU,classification,10,5,16,0.042430324348897194,5.0250460874466665,398,42,64
UN,Consumer Goods,GRU,classification,10,5,17,0.03652528235361205,6.154750778561547,398,42,64
UN,Consumer Goods,GRU,classification,10,5,18,0.03301240854788965,5.440385704948788,398,42,64
UN,Consumer Goods,GRU,classification,10,5,19,0.03197422796326816,6.489053782962618,398,42,64
UN,Consumer Goods,GRU,classification,10,5,20,0.02467008589078958,6.025830053147816,398,42,64
UN,Consumer Goods,GRU,classification,10,5,21,0.024943221028164105,6.709422565641857,398,42,64
UNH,Healthcare,GRU,classification,10,5,1,0.6723723591272556,0.5305168912524268,398,42,64
UNH,Healthcare,GRU,classification,10,5,2,0.5596212576981165,0.6093604536283583,398,42,64
UNH,Healthcare,GRU,classification,10,5,3,0.48489775594754436,0.5771817792029608,398,42,64
UNH,Healthcare,GRU,classification,10,5,4,0.4220490151613801,0.6352855449631101,398,42,64
UNH,Healthcare,GRU,classification,10,5,5,0.38058827420574937,0.7768969479061308,398,42,64
UNH,Healthcare,GRU,classification,10,5,6,0.3613620491782625,0.7141040364901224,398,42,64
UNH,Healthcare,GRU,classification,10,5,7,0.324832586487334,1.0413301501955305,398,42,64
UNH,Healthcare,GRU,classification,10,5,8,0.2987328410597902,0.9826708237330118,398,42,64
UNH,Healthcare,GRU,classification,10,5,9,0.3034143649303733,0.7354526377859569,398,42,64
UNH,Healthcare,GRU,classification,10,5,10,0.3578365476961112,0.696954642023359,398,42,64
UNH,Healthcare,GRU,classification,10,5,11,0.2897055209731337,0.7132735933576312,398,42,64
UNH,Healthcare,GRU,classification,10,5,12,0.26083140524487997,0.7804714781897408,398,42,64
UNH,Healthcare,GRU,classification,10,5,13,0.19011802937666974,0.8151267426354545,398,42,64
UNH,Healthcare,GRU,classification,10,5,14,0.15348285592006677,0.803026346933274,398,42,64
UNH,Healthcare,GRU,classification,10,5,15,0.11513058876796584,0.8578320684887114,398,42,64
UNH,Healthcare,GRU,classification,10,5,16,0.10489519180065424,0.8457940476281303,398,42,64
UNH,Healthcare,GRU,classification,10,5,17,0.09273692984227559,0.8347089460917881,398,42,64
UNH,Healthcare,GRU,classification,10,5,18,0.08696318215610993,0.9437537817727952,398,42,64
UNH,Healthcare,GRU,classification,10,5,19,0.07496716059632037,0.9208235116232009,398,42,64
UNH,Healthcare,GRU,classification,10,5,20,0.06805305035045399,1.0364586455481393,398,42,64
UNH,Healthcare,GRU,classification,10,5,21,0.07396434822667335,1.029776170140221,398,42,64
UPS,Services,GRU,classification,10,5,1,0.6561001104925146,0.5605406789552598,398,42,64
UPS,Services,GRU,classification,10,5,2,0.5520137976761439,0.6337817297095344,398,42,64
UPS,Services,GRU,classification,10,5,3,0.4761864809534658,0.7753550239971706,398,42,64
UPS,Services,GRU,classification,10,5,4,0.40971606835049,2.280285506021409,398,42,64
UPS,Services,GRU,classification,10,5,5,0.3674448258313701,1.5712820177986508,398,42,64
UPS,Services,GRU,classification,10,5,6,0.33148335556888103,4.307044982910156,398,42,64
UPS,Services,GRU,classification,10,5,7,0.3276006273887864,3.316002754938035,398,42,64
UPS,Services,GRU,classification,10,5,8,0.2910312523494414,1.8477651278177898,398,42,64
UPS,Services,GRU,classification,10,5,9,0.2554243740124918,4.5903128896440775,398,42,64
UPS,Services,GRU,classification,10,5,10,0.2491929123000284,2.7158230599902926,398,42,64
UPS,Services,GRU,classification,10,5,11,0.19961487947396897,2.685399134953817,398,42,64
UPS,Services,GRU,classification,10,5,12,0.210657556527224,2.3115824233917963,398,42,64
UPS,Services,GRU,classification,10,5,13,0.1509427509116168,3.936473869142078,398,42,64
UPS,Services,GRU,classification,10,5,14,0.110940274131957,2.958037785121373,398,42,64
UPS,Services,GRU,classification,10,5,15,0.08305486594911796,3.8146987642560686,398,42,64
UPS,Services,GRU,classification,10,5,16,0.07386644727470887,3.739490509033203,398,42,64
UPS,Services,GRU,classification,10,5,17,0.07240041474526251,3.9768036887759255,398,42,64
UPS,Services,GRU,classification,10,5,18,0.060845901113209415,4.745506332034156,398,42,64
UPS,Services,GRU,classification,10,5,19,0.05463473277924648,5.086711701892671,398,42,64
UPS,Services,GRU,classification,10,5,20,0.05037159998737388,4.494504837762742,398,42,64
UPS,Services,GRU,classification,10,5,21,0.044075348587641165,5.8603496097383045,398,42,64
UTX,Industrial Goods,GRU,classification,10,5,1,0.6571628466323393,1.159371827329908,398,42,64
UTX,Industrial Goods,GRU,classification,10,5,2,0.5714543554651078,2.115410816101801,398,42,64
UTX,Industrial Goods,GRU,classification,10,5,3,0.5071252265467716,2.4528719697679793,398,42,64
UTX,Industrial Goods,GRU,classification,10,5,4,0.4436089086472689,2.8959820497603643,398,42,64
UTX,Industrial Goods,GRU,classification,10,5,5,0.3764970591619386,3.306238753455026,398,42,64
UTX,Industrial Goods,GRU,classification,10,5,6,0.32326961207629445,2.330186094556536,398,42,64
UTX,Industrial Goods,GRU,classification,10,5,7,0.28531537178772776,2.9114783377874467,398,42,64
UTX,Industrial Goods,GRU,classification,10,5,8,0.2530039646966973,2.2919013046082997,398,42,64
UTX,Industrial Goods,GRU,classification,10,5,9,0.26816459194799164,1.8593196925662814,398,42,64
UTX,Industrial Goods,GRU,classification,10,5,10,0.2699983734731099,2.637151014237177,398,42,64
UTX,Industrial Goods,GRU,classification,10,5,11,0.21366878456656058,1.186732536270505,398,42,64
UTX,Industrial Goods,GRU,classification,10,5,12,0.15261419087498632,4.232519513084775,398,42,64
UTX,Industrial Goods,GRU,classification,10,5,13,0.12277175607768136,2.5594107537042525,398,42,64
UTX,Industrial Goods,GRU,classification,10,5,14,0.08793999823793094,3.0447712398710705,398,42,64
UTX,Industrial Goods,GRU,classification,10,5,15,0.07360289157859644,3.4967858450753346,398,42,64
UTX,Industrial Goods,GRU,classification,10,5,16,0.06530362912383511,3.28171477999006,398,42,64
UTX,Industrial Goods,GRU,classification,10,5,17,0.06597296484563518,3.2856831550598145,398,42,64
UTX,Industrial Goods,GRU,classification,10,5,18,0.05647269677108706,2.9277580124991283,398,42,64
UTX,Industrial Goods,GRU,classification,10,5,19,0.04869193389506346,3.6132149696350098,398,42,64
UTX,Industrial Goods,GRU,classification,10,5,20,0.043220130333573976,3.6153912317185175,398,42,64
UTX,Industrial Goods,GRU,classification,10,5,21,0.034697745379116664,4.1186234383356,398,42,64
V,Financial,GRU,classification,10,5,1,0.6809170863137173,0.773821302822658,398,42,64
V,Financial,GRU,classification,10,5,2,0.5896474173919639,1.1220773344948178,398,42,64
V,Financial,GRU,classification,10,5,3,0.5169968239626094,1.4365658249173845,398,42,64
V,Financial,GRU,classification,10,5,4,0.44757084421177007,1.8593281110127766,398,42,64
V,Financial,GRU,classification,10,5,5,0.38430621755782085,1.7401145157359896,398,42,64
V,Financial,GRU,classification,10,5,6,0.32975671923340266,1.9484526401474362,398,42,64
V,Financial,GRU,classification,10,5,7,0.29597270503715056,2.237016422407968,398,42,64
V,Financial,GRU,classification,10,5,8,0.2958304254553426,1.761122805731637,398,42,64
V,Financial,GRU,classification,10,5,9,0.26116678642867197,1.7273061133566356,398,42,64
V,Financial,GRU,classification,10,5,10,0.25088254665609583,2.5309519200097945,398,42,64
V,Financial,GRU,classification,10,5,11,0.20696550952130227,1.9945668265933083,398,42,64
V,Financial,GRU,classification,10,5,12,0.21113110135248558,1.2344044532094682,398,42,64
V,Financial,GRU,classification,10,5,13,0.16350816435475446,1.8816123860222953,398,42,64
V,Financial,GRU,classification,10,5,14,0.11433123898266548,1.8914998003414698,398,42,64
V,Financial,GRU,classification,10,5,15,0.09039431016648834,2.0355108862831477,398,42,64
V,Financial,GRU,classification,10,5,16,0.08107293020915146,1.9234460280055092,398,42,64
V,Financial,GRU,classification,10,5,17,0.06643263954463316,2.0146028229168484,398,42,64
V,Financial,GRU,classification,10,5,18,0.06044799905626019,2.1491344514347257,398,42,64
V,Financial,GRU,classification,10,5,19,0.05931669801248977,1.9152780686106001,398,42,64
V,Financial,GRU,classification,10,5,20,0.051486638678827475,2.186926529521034,398,42,64
V,Financial,GRU,classification,10,5,21,0.04507045791339335,2.156726014046442,398,42,64
VZ,Technology,GRU,classification,10,5,1,0.6464897016784055,0.9374922968092418,398,42,64
VZ,Technology,GRU,classification,10,5,2,0.5401252665411886,1.8229598317827498,398,42,64
VZ,Technology,GRU,classification,10,5,3,0.4629753600412877,2.508429799761091,398,42,64
VZ,Technology,GRU,classification,10,5,4,0.4038582251748847,2.0015881402151927,398,42,64
VZ,Technology,GRU,classification,10,5,5,0.34311052640179296,3.2057886577787853,398,42,64
VZ,Technology,GRU,classification,10,5,6,0.2865383565500753,2.007561286290487,398,42,64
VZ,Technology,GRU,classification,10,5,7,0.26031572439113454,4.83502417518979,398,42,64
VZ,Technology,GRU,classification,10,5,8,0.2527927807976852,3.3870070094153997,398,42,64
VZ,Technology,GRU,classification,10,5,9,0.22118948723877493,4.22594386055356,398,42,64
VZ,Technology,GRU,classification,10,5,10,0.17667552111810775,4.067445596059163,398,42,64
VZ,Technology,GRU,classification,10,5,11,0.1502848415256445,5.121626013801212,398,42,64
VZ,Technology,GRU,classification,10,5,12,0.14619754113481573,3.939639159611293,398,42,64
VZ,Technology,GRU,classification,10,5,13,0.11818293303756708,5.068239915938604,398,42,64
VZ,Technology,GRU,classification,10,5,14,0.07386515122936599,5.483461879548573,398,42,64
VZ,Technology,GRU,classification,10,5,15,0.060612204582921825,5.85771453948248,398,42,64
VZ,Technology,GRU,classification,10,5,16,0.0472314746502843,6.157888321649461,398,42,64
VZ,Technology,GRU,classification,10,5,17,0.043698079989352566,6.524731272742862,398,42,64
VZ,Technology,GRU,classification,10,5,18,0.038725944622021974,6.452457518804641,398,42,64
VZ,Technology,GRU,classification,10,5,19,0.032470061987797595,6.842521758306594,398,42,64
VZ,Technology,GRU,classification,10,5,20,0.02906057777833287,7.513303938366118,398,42,64
VZ,Technology,GRU,classification,10,5,21,0.028306614813493124,7.075643811907087,398,42,64
WFC,Financial,GRU,classification,10,5,1,0.6847768554735423,0.7893262590680804,398,42,64
WFC,Financial,GRU,classification,10,5,2,0.557999120435523,1.4972719181151617,398,42,64
WFC,Financial,GRU,classification,10,5,3,0.49070696300597644,1.4620014542625064,398,42,64
WFC,Financial,GRU,classification,10,5,4,0.42665707271302766,1.6576699756440663,398,42,64
WFC,Financial,GRU,classification,10,5,5,0.36422568963999724,2.3892735072544644,398,42,64
WFC,Financial,GRU,classification,10,5,6,0.3214521554097458,1.9348104340689523,398,42,64
WFC,Financial,GRU,classification,10,5,7,0.3116528749016661,2.1255190599532354,398,42,64
WFC,Financial,GRU,classification,10,5,8,0.2908456990467244,2.594842161451067,398,42,64
WFC,Financial,GRU,classification,10,5,9,0.2254868969695652,3.278540543147496,398,42,64
WFC,Financial,GRU,classification,10,5,10,0.18236428222165035,2.757650852203369,398,42,64
WFC,Financial,GRU,classification,10,5,11,0.2678798692460036,3.8936054365975514,398,42,64
WFC,Financial,GRU,classification,10,5,12,0.19805224662899373,1.5848507994697207,398,42,64
WFC,Financial,GRU,classification,10,5,13,0.13648851421759955,2.392840203784761,398,42,64
WFC,Financial,GRU,classification,10,5,14,0.09155692540146598,2.9591297649201893,398,42,64
WFC,Financial,GRU,classification,10,5,15,0.07579045143708511,3.146254925500779,398,42,64
WFC,Financial,GRU,classification,10,5,16,0.06487660915895023,3.3879739216395786,398,42,64
WFC,Financial,GRU,classification,10,5,17,0.05606042137884315,3.3162845884050642,398,42,64
WFC,Financial,GRU,classification,10,5,18,0.04829682925500762,3.7445606731233143,398,42,64
WFC,Financial,GRU,classification,10,5,19,0.04202398494934317,3.6459371703011647,398,42,64
WFC,Financial,GRU,classification,10,5,20,0.03901616950056062,3.6280103638058616,398,42,64
WFC,Financial,GRU,classification,10,5,21,0.034517553630261565,4.031541892460415,398,42,64
WMT,Services,GRU,classification,10,5,1,0.691569325612418,0.7443395313762483,398,42,64
WMT,Services,GRU,classification,10,5,2,0.5726492216239623,1.1512363865261985,398,42,64
WMT,Services,GRU,classification,10,5,3,0.5079092110820751,1.1636897382282076,398,42,64
WMT,Services,GRU,classification,10,5,4,0.42860930603952263,1.0618703024727958,398,42,64
WMT,Services,GRU,classification,10,5,5,0.35343552204831763,1.1321252215476263,398,42,64
WMT,Services,GRU,classification,10,5,6,0.27898393833457524,0.9851185395604088,398,42,64
WMT,Services,GRU,classification,10,5,7,0.26208695514717295,1.3935173466092063,398,42,64
WMT,Services,GRU,classification,10,5,8,0.2549455636859539,0.8259045651980809,398,42,64
WMT,Services,GRU,classification,10,5,9,0.21085723830227876,1.4822482551847185,398,42,64
WMT,Services,GRU,classification,10,5,10,0.1903552249747904,1.055228835060483,398,42,64
WMT,Services,GRU,classification,10,5,11,0.20927349152277464,2.953493368057978,398,42,64
WMT,Services,GRU,classification,10,5,12,0.19842724674311116,1.0625267057191758,398,42,64
WMT,Services,GRU,classification,10,5,13,0.13369046743191668,0.8560914624304998,398,42,64
WMT,Services,GRU,classification,10,5,14,0.08535593325019482,1.5386433090482439,398,42,64
WMT,Services,GRU,classification,10,5,15,0.06593926198518456,1.2926555417832875,398,42,64
WMT,Services,GRU,classification,10,5,16,0.057783355122085794,1.560850393204462,398,42,64
WMT,Services,GRU,classification,10,5,17,0.05062686905601815,1.4900800812812078,398,42,64
WMT,Services,GRU,classification,10,5,18,0.045538561849213725,1.7441991141864233,398,42,64
WMT,Services,GRU,classification,10,5,19,0.04120508748008378,1.8149226506551106,398,42,64
WMT,Services,GRU,classification,10,5,20,0.040405664761461804,2.0090778299740384,398,42,64
WMT,Services,GRU,classification,10,5,21,0.034693316767113895,1.4238536017281669,398,42,64
XOM,Basic Matierials,GRU,classification,10,5,1,0.7063293028716466,0.7113819604828244,398,42,64
XOM,Basic Matierials,GRU,classification,10,5,2,0.6086262575346022,1.282295701049623,398,42,64
XOM,Basic Matierials,GRU,classification,10,5,3,0.5390834886225024,1.9368146090280443,398,42,64
XOM,Basic Matierials,GRU,classification,10,5,4,0.4860129777211041,2.0055864935829524,398,42,64
XOM,Basic Matierials,GRU,classification,10,5,5,0.41758254260274036,2.408856533822559,398,42,64
XOM,Basic Matierials,GRU,classification,10,5,6,0.37483523059729956,2.7743979578926448,398,42,64
XOM,Basic Matierials,GRU,classification,10,5,7,0.33721675854831484,2.8055516878763833,398,42,64
XOM,Basic Matierials,GRU,classification,10,5,8,0.3034969180373091,1.9441673017683483,398,42,64
XOM,Basic Matierials,GRU,classification,10,5,9,0.27243572728118703,2.6831089087894986,398,42,64
XOM,Basic Matierials,GRU,classification,10,5,10,0.3737910500722914,3.5449498097101846,398,42,64
XOM,Basic Matierials,GRU,classification,10,5,11,0.25572922309139867,0.9811417886189052,398,42,64
XOM,Basic Matierials,GRU,classification,10,5,12,0.23403207456047212,4.41901281334105,398,42,64
XOM,Basic Matierials,GRU,classification,10,5,13,0.19259943449916553,2.5050183761687506,398,42,64
XOM,Basic Matierials,GRU,classification,10,5,14,0.1276053486008141,2.770595834368751,398,42,64
XOM,Basic Matierials,GRU,classification,10,5,15,0.10158658548066364,2.6142940578006564,398,42,64
XOM,Basic Matierials,GRU,classification,10,5,16,0.07888605784456335,2.89085206531343,398,42,64
XOM,Basic Matierials,GRU,classification,10,5,17,0.07443347760480852,3.0886627378917875,398,42,64
XOM,Basic Matierials,GRU,classification,10,5,18,0.06794572494287587,2.995474173909142,398,42,64
XOM,Basic Matierials,GRU,classification,10,5,19,0.0582577631663737,3.804989899907793,398,42,64
XOM,Basic Matierials,GRU,classification,10,5,20,0.05026340095242064,3.6709122828074863,398,42,64
XOM,Basic Matierials,GRU,classification,10,5,21,0.039198855452950876,3.9674493187949773,398,42,64
