company,sector,model_type,problem_type,sequence_length,horizon_steps,epoch,train_loss,val_loss,train_samples,val_samples,test_samples
AAPL,Consumer Goods,BiLSTM,regression,15,5,1,0.521762411798065,0.7558456063270569,398,42,64
AAPL,Consumer Goods,BiLSTM,regression,15,5,2,0.5308418303877864,0.7545771598815918,398,42,64
AAPL,Consumer Goods,BiLSTM,regression,15,5,3,0.5399506984643601,0.7534112930297852,398,42,64
AAPL,Consumer Goods,BiLSTM,regression,15,5,4,0.5451602552404355,0.7524087429046631,398,42,64
AAPL,Consumer Goods,BiLSTM,regression,15,5,5,0.5133892088080171,0.7516831755638123,398,42,64
AAPL,Consumer Goods,BiLSTM,regression,15,5,6,0.5446320909950602,0.7513440847396851,398,42,64
AAPL,Consumer Goods,BiLSTM,regression,15,5,7,0.5024943627304768,0.7509433031082153,398,42,64
AAPL,Consumer Goods,BiLSTM,regression,15,5,8,0.5262607965038051,0.750873327255249,398,42,64
AAPL,Consumer Goods,BiLSTM,regression,15,5,9,0.5073705713952606,0.7506380677223206,398,42,64
AAPL,Consumer Goods,BiLSTM,regression,15,5,10,0.493460241274618,0.751763105392456,398,42,64
AAPL,Consumer Goods,BiLSTM,regression,15,5,11,0.5138539171698105,0.7541289925575256,398,42,64
ABB,Industrial Goods,BiLSTM,regression,15,5,1,0.5114959455914234,0.8599931597709656,398,42,64
ABB,Industrial Goods,BiLSTM,regression,15,5,2,0.5147828906025719,0.8618935346603394,398,42,64
ABB,Industrial Goods,BiLSTM,regression,15,5,3,0.5247845908804755,0.8646152019500732,398,42,64
ABB,Industrial Goods,BiLSTM,regression,15,5,4,0.5171632175169998,0.8676236867904663,398,42,64
ABB,Industrial Goods,BiLSTM,regression,15,5,5,0.5161521425798311,0.8721356391906738,398,42,64
ABB,Industrial Goods,BiLSTM,regression,15,5,6,0.49801041073535557,0.877820611000061,398,42,64
ABB,Industrial Goods,BiLSTM,regression,15,5,7,0.5190631576518917,0.8848909139633179,398,42,64
ABB,Industrial Goods,BiLSTM,regression,15,5,8,0.495542962047922,0.8929118514060974,398,42,64
ABB,Industrial Goods,BiLSTM,regression,15,5,9,0.4947499105678731,0.903691291809082,398,42,64
ABB,Industrial Goods,BiLSTM,regression,15,5,10,0.48663789602979346,0.9167549014091492,398,42,64
ABB,Industrial Goods,BiLSTM,regression,15,5,11,0.48971929277606946,0.9337007403373718,398,42,64
ABBV,Healthcare,BiLSTM,regression,15,5,1,0.5425280207413561,1.1562823057174683,331,42,64
ABBV,Healthcare,BiLSTM,regression,15,5,2,0.5554752864866458,1.1570518016815186,331,42,64
ABBV,Healthcare,BiLSTM,regression,15,5,3,0.5547934995677176,1.1586538553237915,331,42,64
ABBV,Healthcare,BiLSTM,regression,15,5,4,0.566298277626585,1.16061270236969,331,42,64
ABBV,Healthcare,BiLSTM,regression,15,5,5,0.5444696776096194,1.1630505323410034,331,42,64
ABBV,Healthcare,BiLSTM,regression,15,5,6,0.5320467153884854,1.16566801071167,331,42,64
ABBV,Healthcare,BiLSTM,regression,15,5,7,0.5545611421147142,1.1685775518417358,331,42,64
ABBV,Healthcare,BiLSTM,regression,15,5,8,0.5476478701991977,1.1725760698318481,331,42,64
ABBV,Healthcare,BiLSTM,regression,15,5,9,0.518328009190156,1.177605390548706,331,42,64
ABBV,Healthcare,BiLSTM,regression,15,5,10,0.5313952602108439,1.183677315711975,331,42,64
ABBV,Healthcare,BiLSTM,regression,15,5,11,0.5097119224755786,1.1909525394439697,331,42,64
AEP,Utilities,BiLSTM,regression,15,5,1,0.5431164227538372,0.751105546951294,398,42,64
AEP,Utilities,BiLSTM,regression,15,5,2,0.547767940028828,0.751761257648468,398,42,64
AEP,Utilities,BiLSTM,regression,15,5,3,0.5125873413816768,0.7525469660758972,398,42,64
AEP,Utilities,BiLSTM,regression,15,5,4,0.515838905195495,0.7534681558609009,398,42,64
AEP,Utilities,BiLSTM,regression,15,5,5,0.5438156005126148,0.7546752691268921,398,42,64
AEP,Utilities,BiLSTM,regression,15,5,6,0.5364315517284163,0.7558101415634155,398,42,64
AEP,Utilities,BiLSTM,regression,15,5,7,0.537664776471392,0.7568659782409668,398,42,64
AEP,Utilities,BiLSTM,regression,15,5,8,0.5195788213955098,0.7580772638320923,398,42,64
AEP,Utilities,BiLSTM,regression,15,5,9,0.5211073958394515,0.7592517733573914,398,42,64
AEP,Utilities,BiLSTM,regression,15,5,10,0.4857036264697511,0.7606595158576965,398,42,64
AEP,Utilities,BiLSTM,regression,15,5,11,0.5101144179027883,0.7618685960769653,398,42,64
AMGN,Healthcare,BiLSTM,regression,15,5,1,0.5434160181625405,1.2317237854003906,398,42,64
AMGN,Healthcare,BiLSTM,regression,15,5,2,0.5026152592208517,1.232140302658081,398,42,64
AMGN,Healthcare,BiLSTM,regression,15,5,3,0.5129584346584339,1.2314273118972778,398,42,64
AMGN,Healthcare,BiLSTM,regression,15,5,4,0.5284918918082463,1.2294732332229614,398,42,64
AMGN,Healthcare,BiLSTM,regression,15,5,5,0.5499952803904088,1.2256994247436523,398,42,64
AMGN,Healthcare,BiLSTM,regression,15,5,6,0.5249428383669063,1.221124529838562,398,42,64
AMGN,Healthcare,BiLSTM,regression,15,5,7,0.4857499371820958,1.2149839401245117,398,42,64
AMGN,Healthcare,BiLSTM,regression,15,5,8,0.5073790160854857,1.2098808288574219,398,42,64
AMGN,Healthcare,BiLSTM,regression,15,5,9,0.4923500194022404,1.204146146774292,398,42,64
AMGN,Healthcare,BiLSTM,regression,15,5,10,0.4850015274843379,1.1967097520828247,398,42,64
AMGN,Healthcare,BiLSTM,regression,15,5,11,0.5351831781205221,1.1893988847732544,398,42,64
AMGN,Healthcare,BiLSTM,regression,15,5,12,0.5041649075009715,1.1807703971862793,398,42,64
AMGN,Healthcare,BiLSTM,regression,15,5,13,0.47484234948853155,1.1768261194229126,398,42,64
AMGN,Healthcare,BiLSTM,regression,15,5,14,0.5075291038757592,1.175370693206787,398,42,64
AMGN,Healthcare,BiLSTM,regression,15,5,15,0.492351928847519,1.17252779006958,398,42,64
AMGN,Healthcare,BiLSTM,regression,15,5,16,0.506736157527521,1.1756675243377686,398,42,64
AMGN,Healthcare,BiLSTM,regression,15,5,17,0.4918645473580864,1.1805552244186401,398,42,64
AMGN,Healthcare,BiLSTM,regression,15,5,18,0.47214994059136167,1.1901477575302124,398,42,64
AMGN,Healthcare,BiLSTM,regression,15,5,19,0.4576425899812325,1.1980674266815186,398,42,64
AMGN,Healthcare,BiLSTM,regression,15,5,20,0.4752922905749412,1.2035386562347412,398,42,64
AMGN,Healthcare,BiLSTM,regression,15,5,21,0.493603722533988,1.2064297199249268,398,42,64
AMGN,Healthcare,BiLSTM,regression,15,5,22,0.49588379248901826,1.2107934951782227,398,42,64
AMGN,Healthcare,BiLSTM,regression,15,5,23,0.45692011998526416,1.219101905822754,398,42,64
AMGN,Healthcare,BiLSTM,regression,15,5,24,0.4636785690508895,1.2228503227233887,398,42,64
AMGN,Healthcare,BiLSTM,regression,15,5,25,0.48860671711926484,1.2238123416900635,398,42,64
AMZN,Services,BiLSTM,regression,15,5,1,0.5577615819983746,0.6395560503005981,398,42,64
AMZN,Services,BiLSTM,regression,15,5,2,0.5752669300266247,0.6376159191131592,398,42,64
AMZN,Services,BiLSTM,regression,15,5,3,0.5507788792926462,0.6351670622825623,398,42,64
AMZN,Services,BiLSTM,regression,15,5,4,0.5499581161455892,0.632321298122406,398,42,64
AMZN,Services,BiLSTM,regression,15,5,5,0.567898948587964,0.6286870241165161,398,42,64
AMZN,Services,BiLSTM,regression,15,5,6,0.5404201503375068,0.6243184804916382,398,42,64
AMZN,Services,BiLSTM,regression,15,5,7,0.5552242793629517,0.619423508644104,398,42,64
AMZN,Services,BiLSTM,regression,15,5,8,0.5291799549481377,0.6132822632789612,398,42,64
AMZN,Services,BiLSTM,regression,15,5,9,0.5193138044683179,0.6074137687683105,398,42,64
AMZN,Services,BiLSTM,regression,15,5,10,0.5227547898963468,0.6014034152030945,398,42,64
AMZN,Services,BiLSTM,regression,15,5,11,0.518846643030943,0.5960149765014648,398,42,64
AMZN,Services,BiLSTM,regression,15,5,12,0.5448142916113887,0.5909598469734192,398,42,64
AMZN,Services,BiLSTM,regression,15,5,13,0.5319683941165406,0.5866446495056152,398,42,64
AMZN,Services,BiLSTM,regression,15,5,14,0.4968663379175579,0.5830439925193787,398,42,64
AMZN,Services,BiLSTM,regression,15,5,15,0.5110950724563407,0.5794258713722229,398,42,64
AMZN,Services,BiLSTM,regression,15,5,16,0.5166160682937009,0.5773589015007019,398,42,64
AMZN,Services,BiLSTM,regression,15,5,17,0.4946243295717479,0.5770213603973389,398,42,64
AMZN,Services,BiLSTM,regression,15,5,18,0.5018008704760566,0.5770081877708435,398,42,64
AMZN,Services,BiLSTM,regression,15,5,19,0.5203312249039885,0.5780639052391052,398,42,64
AMZN,Services,BiLSTM,regression,15,5,20,0.5194041276696938,0.576340913772583,398,42,64
AMZN,Services,BiLSTM,regression,15,5,21,0.48643789429161416,0.5798242092132568,398,42,64
AMZN,Services,BiLSTM,regression,15,5,22,0.46475704830495557,0.5786811113357544,398,42,64
AMZN,Services,BiLSTM,regression,15,5,23,0.4833124920950463,0.5823142528533936,398,42,64
AMZN,Services,BiLSTM,regression,15,5,24,0.4995207804531308,0.5846250653266907,398,42,64
AMZN,Services,BiLSTM,regression,15,5,25,0.4725627506797637,0.5874965190887451,398,42,64
AMZN,Services,BiLSTM,regression,15,5,26,0.45882900396184106,0.5869083404541016,398,42,64
BA,Industrial Goods,BiLSTM,regression,15,5,1,0.518592157555585,0.9992488622665405,398,42,64
BA,Industrial Goods,BiLSTM,regression,15,5,2,0.4944332354332334,0.9976409077644348,398,42,64
BA,Industrial Goods,BiLSTM,regression,15,5,3,0.4990309190810026,0.995930016040802,398,42,64
BA,Industrial Goods,BiLSTM,regression,15,5,4,0.5025291342531616,0.9940252900123596,398,42,64
BA,Industrial Goods,BiLSTM,regression,15,5,5,0.4826758640195856,0.9921539425849915,398,42,64
BA,Industrial Goods,BiLSTM,regression,15,5,6,0.46319911003711833,0.9898481965065002,398,42,64
BA,Industrial Goods,BiLSTM,regression,15,5,7,0.4891544358814182,0.9875360131263733,398,42,64
BA,Industrial Goods,BiLSTM,regression,15,5,8,0.4836109369693689,0.9852639436721802,398,42,64
BA,Industrial Goods,BiLSTM,regression,15,5,9,0.474205233493642,0.9828071594238281,398,42,64
BA,Industrial Goods,BiLSTM,regression,15,5,10,0.5000981884685594,0.9817187786102295,398,42,64
BA,Industrial Goods,BiLSTM,regression,15,5,11,0.4856290901126574,0.9802363514900208,398,42,64
BA,Industrial Goods,BiLSTM,regression,15,5,12,0.46938291356791206,0.9817458987236023,398,42,64
BA,Industrial Goods,BiLSTM,regression,15,5,13,0.46416753178565345,0.9836564064025879,398,42,64
BA,Industrial Goods,BiLSTM,regression,15,5,14,0.456951976646131,0.9866653084754944,398,42,64
BA,Industrial Goods,BiLSTM,regression,15,5,15,0.4445447163965235,0.9907964468002319,398,42,64
BA,Industrial Goods,BiLSTM,regression,15,5,16,0.44576894158694014,0.996816098690033,398,42,64
BA,Industrial Goods,BiLSTM,regression,15,5,17,0.45577443567053155,0.998051643371582,398,42,64
BA,Industrial Goods,BiLSTM,regression,15,5,18,0.44704398692552766,1.001367211341858,398,42,64
BA,Industrial Goods,BiLSTM,regression,15,5,19,0.44426423895299133,1.0044314861297607,398,42,64
BA,Industrial Goods,BiLSTM,regression,15,5,20,0.4439327066867196,1.0052095651626587,398,42,64
BAC,Financial,BiLSTM,regression,15,5,1,0.5579326031495578,0.8319032788276672,398,42,64
BAC,Financial,BiLSTM,regression,15,5,2,0.5119393463410324,0.8327137231826782,398,42,64
BAC,Financial,BiLSTM,regression,15,5,3,0.5175492130032736,0.8335017561912537,398,42,64
BAC,Financial,BiLSTM,regression,15,5,4,0.4968300887837482,0.8337554931640625,398,42,64
BAC,Financial,BiLSTM,regression,15,5,5,0.5403845863575911,0.8335558772087097,398,42,64
BAC,Financial,BiLSTM,regression,15,5,6,0.519707239452918,0.8328593373298645,398,42,64
BAC,Financial,BiLSTM,regression,15,5,7,0.499301532180465,0.8316286206245422,398,42,64
BAC,Financial,BiLSTM,regression,15,5,8,0.5099567228825248,0.8303852081298828,398,42,64
BAC,Financial,BiLSTM,regression,15,5,9,0.5002777957586787,0.8283947706222534,398,42,64
BAC,Financial,BiLSTM,regression,15,5,10,0.5046475633005401,0.8251261115074158,398,42,64
BAC,Financial,BiLSTM,regression,15,5,11,0.4978598222211378,0.8210093379020691,398,42,64
BAC,Financial,BiLSTM,regression,15,5,12,0.45943946657168805,0.8172397613525391,398,42,64
BAC,Financial,BiLSTM,regression,15,5,13,0.5054586096924154,0.8113446831703186,398,42,64
BAC,Financial,BiLSTM,regression,15,5,14,0.48885791183416566,0.806795597076416,398,42,64
BAC,Financial,BiLSTM,regression,15,5,15,0.49907458652204006,0.8032592535018921,398,42,64
BAC,Financial,BiLSTM,regression,15,5,16,0.4683053687439492,0.798251748085022,398,42,64
BAC,Financial,BiLSTM,regression,15,5,17,0.4777275349327068,0.7948169112205505,398,42,64
BAC,Financial,BiLSTM,regression,15,5,18,0.49176773473845053,0.7917816042900085,398,42,64
BAC,Financial,BiLSTM,regression,15,5,19,0.4490291283058761,0.789594292640686,398,42,64
BAC,Financial,BiLSTM,regression,15,5,20,0.45276614469499443,0.7877282500267029,398,42,64
BAC,Financial,BiLSTM,regression,15,5,21,0.46766792320126865,0.7867336273193359,398,42,64
BAC,Financial,BiLSTM,regression,15,5,22,0.45409226552325876,0.7861796021461487,398,42,64
BAC,Financial,BiLSTM,regression,15,5,23,0.46442293499282855,0.786453366279602,398,42,64
BAC,Financial,BiLSTM,regression,15,5,24,0.48192000074602254,0.7854796051979065,398,42,64
BAC,Financial,BiLSTM,regression,15,5,25,0.4666362745528245,0.785653293132782,398,42,64
BAC,Financial,BiLSTM,regression,15,5,26,0.466450349919161,0.7872083187103271,398,42,64
BAC,Financial,BiLSTM,regression,15,5,27,0.45713727842623264,0.7896156311035156,398,42,64
BAC,Financial,BiLSTM,regression,15,5,28,0.4557696699197568,0.7914813160896301,398,42,64
BAC,Financial,BiLSTM,regression,15,5,29,0.43970525728997273,0.790682852268219,398,42,64
BAC,Financial,BiLSTM,regression,15,5,30,0.4690591764060696,0.7934039235115051,398,42,64
BAC,Financial,BiLSTM,regression,15,5,31,0.44821113153318665,0.7924584746360779,398,42,64
BBL,Basic Matierials,BiLSTM,regression,15,5,1,0.5344756095852684,1.1328121423721313,398,42,64
BBL,Basic Matierials,BiLSTM,regression,15,5,2,0.5033031737984125,1.1332740783691406,398,42,64
BBL,Basic Matierials,BiLSTM,regression,15,5,3,0.5226978881275235,1.1336888074874878,398,42,64
BBL,Basic Matierials,BiLSTM,regression,15,5,4,0.5333032649965143,1.134609580039978,398,42,64
BBL,Basic Matierials,BiLSTM,regression,15,5,5,0.5161347766617435,1.1356316804885864,398,42,64
BBL,Basic Matierials,BiLSTM,regression,15,5,6,0.5004159370858465,1.1366955041885376,398,42,64
BBL,Basic Matierials,BiLSTM,regression,15,5,7,0.49512813738243067,1.1389845609664917,398,42,64
BBL,Basic Matierials,BiLSTM,regression,15,5,8,0.5205467346325592,1.1407734155654907,398,42,64
BBL,Basic Matierials,BiLSTM,regression,15,5,9,0.522126012112028,1.144059658050537,398,42,64
BBL,Basic Matierials,BiLSTM,regression,15,5,10,0.5199451500446952,1.1480836868286133,398,42,64
BBL,Basic Matierials,BiLSTM,regression,15,5,11,0.5024254001564716,1.1509636640548706,398,42,64
BCH,Financial,BiLSTM,regression,15,5,1,0.5349700567710339,1.0071579217910767,398,42,64
BCH,Financial,BiLSTM,regression,15,5,2,0.5304161717544249,1.0079272985458374,398,42,64
BCH,Financial,BiLSTM,regression,15,5,3,0.5093123220918166,1.0088820457458496,398,42,64
BCH,Financial,BiLSTM,regression,15,5,4,0.5226002230716111,1.0106323957443237,398,42,64
BCH,Financial,BiLSTM,regression,15,5,5,0.5183639169937402,1.0120794773101807,398,42,64
BCH,Financial,BiLSTM,regression,15,5,6,0.5157934127740524,1.0130330324172974,398,42,64
BCH,Financial,BiLSTM,regression,15,5,7,0.5114674846730639,1.0132153034210205,398,42,64
BCH,Financial,BiLSTM,regression,15,5,8,0.4917152645300381,1.0134485960006714,398,42,64
BCH,Financial,BiLSTM,regression,15,5,9,0.4951158363615448,1.012414813041687,398,42,64
BCH,Financial,BiLSTM,regression,15,5,10,0.49080264148999697,1.011933445930481,398,42,64
BCH,Financial,BiLSTM,regression,15,5,11,0.5026912335774407,1.010844111442566,398,42,64
BHP,Basic Matierials,BiLSTM,regression,15,5,1,0.5754114617055385,1.2365814447402954,398,42,64
BHP,Basic Matierials,BiLSTM,regression,15,5,2,0.5299382338571788,1.2352458238601685,398,42,64
BHP,Basic Matierials,BiLSTM,regression,15,5,3,0.49768380453838174,1.2336422204971313,398,42,64
BHP,Basic Matierials,BiLSTM,regression,15,5,4,0.5299688592628019,1.231849193572998,398,42,64
BHP,Basic Matierials,BiLSTM,regression,15,5,5,0.5026615405801552,1.2296472787857056,398,42,64
BHP,Basic Matierials,BiLSTM,regression,15,5,6,0.5230135120938172,1.227033257484436,398,42,64
BHP,Basic Matierials,BiLSTM,regression,15,5,7,0.5196091224200762,1.2231677770614624,398,42,64
BHP,Basic Matierials,BiLSTM,regression,15,5,8,0.5126984676524023,1.2202363014221191,398,42,64
BHP,Basic Matierials,BiLSTM,regression,15,5,9,0.498327938755553,1.2164208889007568,398,42,64
BHP,Basic Matierials,BiLSTM,regression,15,5,10,0.4711015949297191,1.2128150463104248,398,42,64
BHP,Basic Matierials,BiLSTM,regression,15,5,11,0.4888013122069776,1.2091147899627686,398,42,64
BHP,Basic Matierials,BiLSTM,regression,15,5,12,0.4808003902435303,1.2069785594940186,398,42,64
BHP,Basic Matierials,BiLSTM,regression,15,5,13,0.4966181157222345,1.2039146423339844,398,42,64
BHP,Basic Matierials,BiLSTM,regression,15,5,14,0.5243315825510264,1.2021174430847168,398,42,64
BHP,Basic Matierials,BiLSTM,regression,15,5,15,0.5235985957797448,1.2030847072601318,398,42,64
BHP,Basic Matierials,BiLSTM,regression,15,5,16,0.48573900886516475,1.2035702466964722,398,42,64
BHP,Basic Matierials,BiLSTM,regression,15,5,17,0.47495045164721694,1.2042336463928223,398,42,64
BHP,Basic Matierials,BiLSTM,regression,15,5,18,0.4907027563857074,1.2079366445541382,398,42,64
BHP,Basic Matierials,BiLSTM,regression,15,5,19,0.47694184402724604,1.2111538648605347,398,42,64
BHP,Basic Matierials,BiLSTM,regression,15,5,20,0.4893131025472478,1.2118630409240723,398,42,64
BHP,Basic Matierials,BiLSTM,regression,15,5,21,0.4681182946991082,1.2126110792160034,398,42,64
BHP,Basic Matierials,BiLSTM,regression,15,5,22,0.4800585664097388,1.2097216844558716,398,42,64
BP,Basic Matierials,BiLSTM,regression,15,5,1,0.535009083735883,1.5774855613708496,398,42,64
BP,Basic Matierials,BiLSTM,regression,15,5,2,0.5279066481781964,1.5774598121643066,398,42,64
BP,Basic Matierials,BiLSTM,regression,15,5,3,0.5319292045118821,1.5778281688690186,398,42,64
BP,Basic Matierials,BiLSTM,regression,15,5,4,0.4967406059629354,1.5785300731658936,398,42,64
BP,Basic Matierials,BiLSTM,regression,15,5,5,0.4956001031338869,1.5795564651489258,398,42,64
BP,Basic Matierials,BiLSTM,regression,15,5,6,0.5144350651520581,1.5805444717407227,398,42,64
BP,Basic Matierials,BiLSTM,regression,15,5,7,0.5050638201248706,1.5820788145065308,398,42,64
BP,Basic Matierials,BiLSTM,regression,15,5,8,0.49786737995531094,1.5835102796554565,398,42,64
BP,Basic Matierials,BiLSTM,regression,15,5,9,0.4955142020580158,1.5851887464523315,398,42,64
BP,Basic Matierials,BiLSTM,regression,15,5,10,0.5021935572576284,1.5872362852096558,398,42,64
BP,Basic Matierials,BiLSTM,regression,15,5,11,0.4933644140785064,1.5890707969665527,398,42,64
BRK-A,Financial,BiLSTM,regression,15,5,1,0.5676015995854709,1.0764609575271606,398,42,64
BRK-A,Financial,BiLSTM,regression,15,5,2,0.5393763660036739,1.075531005859375,398,42,64
BRK-A,Financial,BiLSTM,regression,15,5,3,0.5293215832219051,1.0751080513000488,398,42,64
BRK-A,Financial,BiLSTM,regression,15,5,4,0.5451636119703551,1.0743067264556885,398,42,64
BRK-A,Financial,BiLSTM,regression,15,5,5,0.5166190260618775,1.072513461112976,398,42,64
BRK-A,Financial,BiLSTM,regression,15,5,6,0.5526642243766305,1.0703212022781372,398,42,64
BRK-A,Financial,BiLSTM,regression,15,5,7,0.5419153491755826,1.0679824352264404,398,42,64
BRK-A,Financial,BiLSTM,regression,15,5,8,0.535877559802041,1.0650811195373535,398,42,64
BRK-A,Financial,BiLSTM,regression,15,5,9,0.5283050337179223,1.0626153945922852,398,42,64
BRK-A,Financial,BiLSTM,regression,15,5,10,0.5369620609972345,1.0595701932907104,398,42,64
BRK-A,Financial,BiLSTM,regression,15,5,11,0.555505592469594,1.057823896408081,398,42,64
BRK-A,Financial,BiLSTM,regression,15,5,12,0.5264288902881756,1.0551553964614868,398,42,64
BRK-A,Financial,BiLSTM,regression,15,5,13,0.5060745627436806,1.0543678998947144,398,42,64
BRK-A,Financial,BiLSTM,regression,15,5,14,0.5364709503986128,1.0537283420562744,398,42,64
BRK-A,Financial,BiLSTM,regression,15,5,15,0.5208911693575394,1.0517878532409668,398,42,64
BRK-A,Financial,BiLSTM,regression,15,5,16,0.5183034880676461,1.0481154918670654,398,42,64
BRK-A,Financial,BiLSTM,regression,15,5,17,0.5180091959747237,1.0463436841964722,398,42,64
BRK-A,Financial,BiLSTM,regression,15,5,18,0.5137043897830063,1.0435107946395874,398,42,64
BRK-A,Financial,BiLSTM,regression,15,5,19,0.5096559999276645,1.0400277376174927,398,42,64
BRK-A,Financial,BiLSTM,regression,15,5,20,0.4928927727081069,1.0374765396118164,398,42,64
BRK-A,Financial,BiLSTM,regression,15,5,21,0.47962351255680447,1.0442460775375366,398,42,64
BRK-A,Financial,BiLSTM,regression,15,5,22,0.5042511704728831,1.0512566566467285,398,42,64
BRK-A,Financial,BiLSTM,regression,15,5,23,0.48153658458335913,1.0512903928756714,398,42,64
BRK-A,Financial,BiLSTM,regression,15,5,24,0.476609008695612,1.055247187614441,398,42,64
BRK-A,Financial,BiLSTM,regression,15,5,25,0.5108255177886043,1.0604044198989868,398,42,64
BRK-A,Financial,BiLSTM,regression,15,5,26,0.462163193591276,1.0591975450515747,398,42,64
BRK-A,Financial,BiLSTM,regression,15,5,27,0.490191336402941,1.0633890628814697,398,42,64
BRK-A,Financial,BiLSTM,regression,15,5,28,0.46562166774093205,1.0744162797927856,398,42,64
BSAC,Financial,BiLSTM,regression,15,5,1,0.5310275700673386,0.8125136494636536,398,42,64
BSAC,Financial,BiLSTM,regression,15,5,2,0.5483378793426494,0.8137650489807129,398,42,64
BSAC,Financial,BiLSTM,regression,15,5,3,0.5531371458241688,0.8147451281547546,398,42,64
BSAC,Financial,BiLSTM,regression,15,5,4,0.5285646330621374,0.8158329725265503,398,42,64
BSAC,Financial,BiLSTM,regression,15,5,5,0.5241957360775626,0.816341757774353,398,42,64
BSAC,Financial,BiLSTM,regression,15,5,6,0.4883690075808434,0.8170011639595032,398,42,64
BSAC,Financial,BiLSTM,regression,15,5,7,0.5003232613730071,0.8175266981124878,398,42,64
BSAC,Financial,BiLSTM,regression,15,5,8,0.5197375573255308,0.817812442779541,398,42,64
BSAC,Financial,BiLSTM,regression,15,5,9,0.5102191666262833,0.8200580477714539,398,42,64
BSAC,Financial,BiLSTM,regression,15,5,10,0.5150700323845274,0.8229572176933289,398,42,64
BSAC,Financial,BiLSTM,regression,15,5,11,0.5200385341991731,0.8260915279388428,398,42,64
BUD,Consumer Goods,BiLSTM,regression,15,5,1,0.6477820576734878,1.186744213104248,398,42,64
BUD,Consumer Goods,BiLSTM,regression,15,5,2,0.6900068088692037,1.1846836805343628,398,42,64
BUD,Consumer Goods,BiLSTM,regression,15,5,3,0.6691465102248455,1.1814433336257935,398,42,64
BUD,Consumer Goods,BiLSTM,regression,15,5,4,0.6711742710228541,1.1770648956298828,398,42,64
BUD,Consumer Goods,BiLSTM,regression,15,5,5,0.6286551241000095,1.171224594116211,398,42,64
BUD,Consumer Goods,BiLSTM,regression,15,5,6,0.6217122476304596,1.1638145446777344,398,42,64
BUD,Consumer Goods,BiLSTM,regression,15,5,7,0.5668451726137094,1.1558473110198975,398,42,64
BUD,Consumer Goods,BiLSTM,regression,15,5,8,0.6157624970129387,1.1466904878616333,398,42,64
BUD,Consumer Goods,BiLSTM,regression,15,5,9,0.57406235849438,1.1362189054489136,398,42,64
BUD,Consumer Goods,BiLSTM,regression,15,5,10,0.582994386778405,1.1247889995574951,398,42,64
BUD,Consumer Goods,BiLSTM,regression,15,5,11,0.5727605563611841,1.1135618686676025,398,42,64
BUD,Consumer Goods,BiLSTM,regression,15,5,12,0.5780922093583112,1.101089596748352,398,42,64
BUD,Consumer Goods,BiLSTM,regression,15,5,13,0.5663650524077104,1.089229941368103,398,42,64
BUD,Consumer Goods,BiLSTM,regression,15,5,14,0.5434921988889799,1.0770221948623657,398,42,64
BUD,Consumer Goods,BiLSTM,regression,15,5,15,0.5560015917722904,1.0683047771453857,398,42,64
BUD,Consumer Goods,BiLSTM,regression,15,5,16,0.5241491584921601,1.0589282512664795,398,42,64
BUD,Consumer Goods,BiLSTM,regression,15,5,17,0.5464682261548449,1.0509850978851318,398,42,64
BUD,Consumer Goods,BiLSTM,regression,15,5,18,0.543382605116571,1.0483896732330322,398,42,64
BUD,Consumer Goods,BiLSTM,regression,15,5,19,0.5334670606570028,1.053027868270874,398,42,64
BUD,Consumer Goods,BiLSTM,regression,15,5,20,0.5387719719853233,1.0534616708755493,398,42,64
BUD,Consumer Goods,BiLSTM,regression,15,5,21,0.5337560452408527,1.055611252784729,398,42,64
BUD,Consumer Goods,BiLSTM,regression,15,5,22,0.5071343521975992,1.060259461402893,398,42,64
BUD,Consumer Goods,BiLSTM,regression,15,5,23,0.5309589526162075,1.0647008419036865,398,42,64
BUD,Consumer Goods,BiLSTM,regression,15,5,24,0.5171045761312073,1.068983793258667,398,42,64
BUD,Consumer Goods,BiLSTM,regression,15,5,25,0.5178618269350062,1.0726810693740845,398,42,64
BUD,Consumer Goods,BiLSTM,regression,15,5,26,0.4963011871929744,1.0725483894348145,398,42,64
BUD,Consumer Goods,BiLSTM,regression,15,5,27,0.4803277937012102,1.0738976001739502,398,42,64
C,Financial,BiLSTM,regression,15,5,1,0.5166283624256076,0.9238618612289429,398,42,64
C,Financial,BiLSTM,regression,15,5,2,0.5420459598752122,0.9218127727508545,398,42,64
C,Financial,BiLSTM,regression,15,5,3,0.542227857076942,0.9194833040237427,398,42,64
C,Financial,BiLSTM,regression,15,5,4,0.5129126937844646,0.917770504951477,398,42,64
C,Financial,BiLSTM,regression,15,5,5,0.5098597206662049,0.9165040850639343,398,42,64
C,Financial,BiLSTM,regression,15,5,6,0.5240971152506881,0.9150272607803345,398,42,64
C,Financial,BiLSTM,regression,15,5,7,0.5271550527769118,0.9131380915641785,398,42,64
C,Financial,BiLSTM,regression,15,5,8,0.5091072217603425,0.9113006591796875,398,42,64
C,Financial,BiLSTM,regression,15,5,9,0.5205296638922475,0.9092786312103271,398,42,64
C,Financial,BiLSTM,regression,15,5,10,0.4978903415215075,0.9072262048721313,398,42,64
C,Financial,BiLSTM,regression,15,5,11,0.48843023465506397,0.9047402143478394,398,42,64
C,Financial,BiLSTM,regression,15,5,12,0.48776152056066235,0.9036466479301453,398,42,64
C,Financial,BiLSTM,regression,15,5,13,0.49911006551292075,0.9018514752388,398,42,64
C,Financial,BiLSTM,regression,15,5,14,0.4611674896137199,0.9042514562606812,398,42,64
C,Financial,BiLSTM,regression,15,5,15,0.47216948028185857,0.9041311144828796,398,42,64
C,Financial,BiLSTM,regression,15,5,16,0.483698738579774,0.9032089710235596,398,42,64
C,Financial,BiLSTM,regression,15,5,17,0.46205569406849656,0.9009056091308594,398,42,64
C,Financial,BiLSTM,regression,15,5,18,0.4827286063426703,0.9006734490394592,398,42,64
C,Financial,BiLSTM,regression,15,5,19,0.4793144904788415,0.8993616104125977,398,42,64
C,Financial,BiLSTM,regression,15,5,20,0.4493355872343533,0.9030669927597046,398,42,64
C,Financial,BiLSTM,regression,15,5,21,0.4610803552608394,0.9006545543670654,398,42,64
C,Financial,BiLSTM,regression,15,5,22,0.4443882106237076,0.9016653895378113,398,42,64
C,Financial,BiLSTM,regression,15,5,23,0.43562440851225925,0.9015846252441406,398,42,64
C,Financial,BiLSTM,regression,15,5,24,0.4551961074522392,0.9027988314628601,398,42,64
C,Financial,BiLSTM,regression,15,5,25,0.45642340063449727,0.9010772109031677,398,42,64
C,Financial,BiLSTM,regression,15,5,26,0.43490737676620483,0.9021621942520142,398,42,64
C,Financial,BiLSTM,regression,15,5,27,0.4497710658078218,0.9040111303329468,398,42,64
C,Financial,BiLSTM,regression,15,5,28,0.4485279949166667,0.9034545421600342,398,42,64
C,Financial,BiLSTM,regression,15,5,29,0.44133843294340164,0.9047534465789795,398,42,64
CAT,Industrial Goods,BiLSTM,regression,15,5,1,0.5160723732943511,1.4407000541687012,398,42,64
CAT,Industrial Goods,BiLSTM,regression,15,5,2,0.4978617777177437,1.4445905685424805,398,42,64
CAT,Industrial Goods,BiLSTM,regression,15,5,3,0.5119994399535596,1.4488000869750977,398,42,64
CAT,Industrial Goods,BiLSTM,regression,15,5,4,0.5179193942391094,1.4546574354171753,398,42,64
CAT,Industrial Goods,BiLSTM,regression,15,5,5,0.5114478477880583,1.4612529277801514,398,42,64
CAT,Industrial Goods,BiLSTM,regression,15,5,6,0.5001973039540814,1.469841718673706,398,42,64
CAT,Industrial Goods,BiLSTM,regression,15,5,7,0.486105996160651,1.4805129766464233,398,42,64
CAT,Industrial Goods,BiLSTM,regression,15,5,8,0.48405323915146103,1.491086721420288,398,42,64
CAT,Industrial Goods,BiLSTM,regression,15,5,9,0.48598336754132754,1.505138874053955,398,42,64
CAT,Industrial Goods,BiLSTM,regression,15,5,10,0.4956748928856011,1.5197538137435913,398,42,64
CAT,Industrial Goods,BiLSTM,regression,15,5,11,0.4893923201153626,1.5352078676223755,398,42,64
CELG,Healthcare,BiLSTM,regression,15,5,1,0.5718679655736415,1.1716560125350952,398,42,64
CELG,Healthcare,BiLSTM,regression,15,5,2,0.5458174290968545,1.170503854751587,398,42,64
CELG,Healthcare,BiLSTM,regression,15,5,3,0.5536549834150765,1.1691170930862427,398,42,64
CELG,Healthcare,BiLSTM,regression,15,5,4,0.5445197751773662,1.1675864458084106,398,42,64
CELG,Healthcare,BiLSTM,regression,15,5,5,0.5638858130828819,1.1655977964401245,398,42,64
CELG,Healthcare,BiLSTM,regression,15,5,6,0.5047482138303057,1.1628773212432861,398,42,64
CELG,Healthcare,BiLSTM,regression,15,5,7,0.5631294564985151,1.1601046323776245,398,42,64
CELG,Healthcare,BiLSTM,regression,15,5,8,0.5427903251432294,1.1570860147476196,398,42,64
CELG,Healthcare,BiLSTM,regression,15,5,9,0.5495049191180186,1.1534900665283203,398,42,64
CELG,Healthcare,BiLSTM,regression,15,5,10,0.5366837061829304,1.1486636400222778,398,42,64
CELG,Healthcare,BiLSTM,regression,15,5,11,0.4988353790050775,1.1468091011047363,398,42,64
CELG,Healthcare,BiLSTM,regression,15,5,12,0.5141246306836306,1.1424047946929932,398,42,64
CELG,Healthcare,BiLSTM,regression,15,5,13,0.5184765044768253,1.140750765800476,398,42,64
CELG,Healthcare,BiLSTM,regression,15,5,14,0.5279797974543355,1.1397554874420166,398,42,64
CELG,Healthcare,BiLSTM,regression,15,5,15,0.5100432412708225,1.1394531726837158,398,42,64
CELG,Healthcare,BiLSTM,regression,15,5,16,0.5153534262623619,1.1373090744018555,398,42,64
CELG,Healthcare,BiLSTM,regression,15,5,17,0.49919311050793636,1.1393821239471436,398,42,64
CELG,Healthcare,BiLSTM,regression,15,5,18,0.4887600690875221,1.1359155178070068,398,42,64
CELG,Healthcare,BiLSTM,regression,15,5,19,0.49801476007729917,1.1354864835739136,398,42,64
CELG,Healthcare,BiLSTM,regression,15,5,20,0.5014132499395303,1.1349679231643677,398,42,64
CELG,Healthcare,BiLSTM,regression,15,5,21,0.48180141610715854,1.1368193626403809,398,42,64
CELG,Healthcare,BiLSTM,regression,15,5,22,0.49532704586958765,1.1352393627166748,398,42,64
CHL,Technology,BiLSTM,regression,15,5,1,0.48688584985445493,0.4830862283706665,398,42,64
CHL,Technology,BiLSTM,regression,15,5,2,0.49127268521629985,0.4814505875110626,398,42,64
CHL,Technology,BiLSTM,regression,15,5,3,0.48687593481648506,0.47938650846481323,398,42,64
CHL,Technology,BiLSTM,regression,15,5,4,0.47627537371824735,0.4767652750015259,398,42,64
CHL,Technology,BiLSTM,regression,15,5,5,0.4651208585081388,0.47370320558547974,398,42,64
CHL,Technology,BiLSTM,regression,15,5,6,0.46027334933005387,0.4705181121826172,398,42,64
CHL,Technology,BiLSTM,regression,15,5,7,0.463789312608877,0.4664504826068878,398,42,64
CHL,Technology,BiLSTM,regression,15,5,8,0.47406975123750505,0.46165788173675537,398,42,64
CHL,Technology,BiLSTM,regression,15,5,9,0.4826914601439807,0.45622631907463074,398,42,64
CHL,Technology,BiLSTM,regression,15,5,10,0.46542723499350813,0.4511568546295166,398,42,64
CHL,Technology,BiLSTM,regression,15,5,11,0.474051048557962,0.4463547468185425,398,42,64
CHL,Technology,BiLSTM,regression,15,5,12,0.4736968612101809,0.4422546327114105,398,42,64
CHL,Technology,BiLSTM,regression,15,5,13,0.47548899676033,0.43731001019477844,398,42,64
CHL,Technology,BiLSTM,regression,15,5,14,0.465743260167951,0.4346938133239746,398,42,64
CHL,Technology,BiLSTM,regression,15,5,15,0.4609002205894221,0.430240273475647,398,42,64
CHL,Technology,BiLSTM,regression,15,5,16,0.43160519962334754,0.42783311009407043,398,42,64
CHL,Technology,BiLSTM,regression,15,5,17,0.43251596443617163,0.4248724579811096,398,42,64
CHL,Technology,BiLSTM,regression,15,5,18,0.45736363073389735,0.42369651794433594,398,42,64
CHL,Technology,BiLSTM,regression,15,5,19,0.43879000790155115,0.4221915304660797,398,42,64
CHL,Technology,BiLSTM,regression,15,5,20,0.44090252320970125,0.42178982496261597,398,42,64
CHL,Technology,BiLSTM,regression,15,5,21,0.4295413223043758,0.42043060064315796,398,42,64
CHL,Technology,BiLSTM,regression,15,5,22,0.44969582041004796,0.41831889748573303,398,42,64
CHL,Technology,BiLSTM,regression,15,5,23,0.4499003089702309,0.4195880591869354,398,42,64
CHL,Technology,BiLSTM,regression,15,5,24,0.43065753564163667,0.4200243353843689,398,42,64
CHL,Technology,BiLSTM,regression,15,5,25,0.45555306600416123,0.42042112350463867,398,42,64
CHL,Technology,BiLSTM,regression,15,5,26,0.43707690047259307,0.41938912868499756,398,42,64
CHL,Technology,BiLSTM,regression,15,5,27,0.464616577529428,0.41912415623664856,398,42,64
CHL,Technology,BiLSTM,regression,15,5,28,0.4397612965136916,0.41836097836494446,398,42,64
CHL,Technology,BiLSTM,regression,15,5,29,0.428702901955226,0.4197533428668976,398,42,64
CHTR,Services,BiLSTM,regression,15,5,1,0.4686290835914899,0.9178482294082642,398,42,64
CHTR,Services,BiLSTM,regression,15,5,2,0.5183022667714698,0.9178003668785095,398,42,64
CHTR,Services,BiLSTM,regression,15,5,3,0.5148300491086203,0.9173200726509094,398,42,64
CHTR,Services,BiLSTM,regression,15,5,4,0.5067257192266647,0.9169577956199646,398,42,64
CHTR,Services,BiLSTM,regression,15,5,5,0.5202679834773193,0.9163872003555298,398,42,64
CHTR,Services,BiLSTM,regression,15,5,6,0.5322632597918486,0.915706992149353,398,42,64
CHTR,Services,BiLSTM,regression,15,5,7,0.494161993265152,0.9152495861053467,398,42,64
CHTR,Services,BiLSTM,regression,15,5,8,0.49531741365415966,0.915411114692688,398,42,64
CHTR,Services,BiLSTM,regression,15,5,9,0.5145996016773147,0.916456937789917,398,42,64
CHTR,Services,BiLSTM,regression,15,5,10,0.4949503943848251,0.9185759425163269,398,42,64
CHTR,Services,BiLSTM,regression,15,5,11,0.48370166182817526,0.921644926071167,398,42,64
CMCSA,Services,BiLSTM,regression,15,5,1,0.5369604298816854,0.9998165369033813,398,42,64
CMCSA,Services,BiLSTM,regression,15,5,2,0.5433803281592364,0.9984607696533203,398,42,64
CMCSA,Services,BiLSTM,regression,15,5,3,0.5308248457597129,0.9972925186157227,398,42,64
CMCSA,Services,BiLSTM,regression,15,5,4,0.515233334284931,0.996137261390686,398,42,64
CMCSA,Services,BiLSTM,regression,15,5,5,0.5227466300504291,0.9948305487632751,398,42,64
CMCSA,Services,BiLSTM,regression,15,5,6,0.5159703672830783,0.9927912354469299,398,42,64
CMCSA,Services,BiLSTM,regression,15,5,7,0.5115442569531388,0.9902471899986267,398,42,64
CMCSA,Services,BiLSTM,regression,15,5,8,0.5118797694019337,0.987601637840271,398,42,64
CMCSA,Services,BiLSTM,regression,15,5,9,0.5177324866529686,0.983859121799469,398,42,64
CMCSA,Services,BiLSTM,regression,15,5,10,0.5081291923570872,0.979435920715332,398,42,64
CMCSA,Services,BiLSTM,regression,15,5,11,0.5029268600233835,0.9750391840934753,398,42,64
CMCSA,Services,BiLSTM,regression,15,5,12,0.5153409080888758,0.9697030782699585,398,42,64
CMCSA,Services,BiLSTM,regression,15,5,13,0.48716880688116176,0.9639876484870911,398,42,64
CMCSA,Services,BiLSTM,regression,15,5,14,0.5060869922590017,0.9580747485160828,398,42,64
CMCSA,Services,BiLSTM,regression,15,5,15,0.5074901293270552,0.9524616003036499,398,42,64
CMCSA,Services,BiLSTM,regression,15,5,16,0.5070026921267485,0.9476184844970703,398,42,64
CMCSA,Services,BiLSTM,regression,15,5,17,0.48833194989055845,0.9421946406364441,398,42,64
CMCSA,Services,BiLSTM,regression,15,5,18,0.4773959358732904,0.9391796588897705,398,42,64
CMCSA,Services,BiLSTM,regression,15,5,19,0.48342082009243603,0.9350665211677551,398,42,64
CMCSA,Services,BiLSTM,regression,15,5,20,0.48653080894719414,0.9318559169769287,398,42,64
CMCSA,Services,BiLSTM,regression,15,5,21,0.47908987411901577,0.928222119808197,398,42,64
CMCSA,Services,BiLSTM,regression,15,5,22,0.4633762806504216,0.9257451295852661,398,42,64
CMCSA,Services,BiLSTM,regression,15,5,23,0.5048639558667514,0.9254702925682068,398,42,64
CMCSA,Services,BiLSTM,regression,15,5,24,0.471344530582428,0.9201894402503967,398,42,64
CMCSA,Services,BiLSTM,regression,15,5,25,0.45622449304590273,0.9168863296508789,398,42,64
CMCSA,Services,BiLSTM,regression,15,5,26,0.4728987923818617,0.9138370156288147,398,42,64
CMCSA,Services,BiLSTM,regression,15,5,27,0.4588415383094519,0.9119133949279785,398,42,64
CMCSA,Services,BiLSTM,regression,15,5,28,0.47963649543685527,0.9109004735946655,398,42,64
CMCSA,Services,BiLSTM,regression,15,5,29,0.48993750313418594,0.909300684928894,398,42,64
CMCSA,Services,BiLSTM,regression,15,5,30,0.491330640998917,0.9078633785247803,398,42,64
CMCSA,Services,BiLSTM,regression,15,5,31,0.4493696860332585,0.9060777425765991,398,42,64
CMCSA,Services,BiLSTM,regression,15,5,32,0.4389699275170139,0.9044906497001648,398,42,64
CMCSA,Services,BiLSTM,regression,15,5,33,0.47573128657125346,0.9046241641044617,398,42,64
CMCSA,Services,BiLSTM,regression,15,5,34,0.45252109742044805,0.903033435344696,398,42,64
CMCSA,Services,BiLSTM,regression,15,5,35,0.4719084399429398,0.9008392095565796,398,42,64
CMCSA,Services,BiLSTM,regression,15,5,36,0.4660388033593719,0.9006102681159973,398,42,64
CMCSA,Services,BiLSTM,regression,15,5,37,0.4308055657238217,0.8988631963729858,398,42,64
CMCSA,Services,BiLSTM,regression,15,5,38,0.46809010649446264,0.8981569409370422,398,42,64
CMCSA,Services,BiLSTM,regression,15,5,39,0.43531340091072734,0.8977820873260498,398,42,64
CMCSA,Services,BiLSTM,regression,15,5,40,0.4594318555228075,0.8954828381538391,398,42,64
CMCSA,Services,BiLSTM,regression,15,5,41,0.42992471660201875,0.8946912288665771,398,42,64
CMCSA,Services,BiLSTM,regression,15,5,42,0.44023021681224883,0.8924325704574585,398,42,64
CMCSA,Services,BiLSTM,regression,15,5,43,0.4435746951318865,0.8905426263809204,398,42,64
CMCSA,Services,BiLSTM,regression,15,5,44,0.45602746525002485,0.8897876143455505,398,42,64
CMCSA,Services,BiLSTM,regression,15,5,45,0.42583391354910693,0.8894533514976501,398,42,64
CMCSA,Services,BiLSTM,regression,15,5,46,0.4329778872542645,0.8873624801635742,398,42,64
CMCSA,Services,BiLSTM,regression,15,5,47,0.455441970921042,0.8853923678398132,398,42,64
CMCSA,Services,BiLSTM,regression,15,5,48,0.41371958159921157,0.884283721446991,398,42,64
CMCSA,Services,BiLSTM,regression,15,5,49,0.4510069109087613,0.8848094940185547,398,42,64
CMCSA,Services,BiLSTM,regression,15,5,50,0.4134699600425797,0.8840560913085938,398,42,64
CODI,Conglomerates,BiLSTM,regression,15,5,1,0.5135770395173499,0.3093196153640747,398,42,64
CODI,Conglomerates,BiLSTM,regression,15,5,2,0.5158811293954226,0.30982017517089844,398,42,64
CODI,Conglomerates,BiLSTM,regression,15,5,3,0.5315667332416802,0.3107728958129883,398,42,64
CODI,Conglomerates,BiLSTM,regression,15,5,4,0.5093241745802626,0.3119535744190216,398,42,64
CODI,Conglomerates,BiLSTM,regression,15,5,5,0.5036268653582089,0.313482403755188,398,42,64
CODI,Conglomerates,BiLSTM,regression,15,5,6,0.5109101577320291,0.31577107310295105,398,42,64
CODI,Conglomerates,BiLSTM,regression,15,5,7,0.4937156528683763,0.3197587728500366,398,42,64
CODI,Conglomerates,BiLSTM,regression,15,5,8,0.49768527773157434,0.32457518577575684,398,42,64
CODI,Conglomerates,BiLSTM,regression,15,5,9,0.49150516309929854,0.3315829336643219,398,42,64
CODI,Conglomerates,BiLSTM,regression,15,5,10,0.4672005065721483,0.34017565846443176,398,42,64
CODI,Conglomerates,BiLSTM,regression,15,5,11,0.48535016253964985,0.35145270824432373,398,42,64
CSCO,Technology,BiLSTM,regression,15,5,1,0.5270453114156148,1.035901427268982,398,42,64
CSCO,Technology,BiLSTM,regression,15,5,2,0.5452981161412283,1.035903811454773,398,42,64
CSCO,Technology,BiLSTM,regression,15,5,3,0.5313451698976546,1.0361937284469604,398,42,64
CSCO,Technology,BiLSTM,regression,15,5,4,0.5309316508434526,1.03611421585083,398,42,64
CSCO,Technology,BiLSTM,regression,15,5,5,0.536671059140608,1.0355503559112549,398,42,64
CSCO,Technology,BiLSTM,regression,15,5,6,0.5222326083548704,1.0346369743347168,398,42,64
CSCO,Technology,BiLSTM,regression,15,5,7,0.5379162453976108,1.0336625576019287,398,42,64
CSCO,Technology,BiLSTM,regression,15,5,8,0.5247921654626951,1.032570242881775,398,42,64
CSCO,Technology,BiLSTM,regression,15,5,9,0.5195330149264791,1.0310436487197876,398,42,64
CSCO,Technology,BiLSTM,regression,15,5,10,0.517049938140802,1.0299127101898193,398,42,64
CSCO,Technology,BiLSTM,regression,15,5,11,0.5220443056755929,1.0272539854049683,398,42,64
CSCO,Technology,BiLSTM,regression,15,5,12,0.508534949254151,1.0247430801391602,398,42,64
CSCO,Technology,BiLSTM,regression,15,5,13,0.5235122585266678,1.0215723514556885,398,42,64
CSCO,Technology,BiLSTM,regression,15,5,14,0.49186159677840957,1.0178122520446777,398,42,64
CSCO,Technology,BiLSTM,regression,15,5,15,0.5115284734784659,1.0139893293380737,398,42,64
CSCO,Technology,BiLSTM,regression,15,5,16,0.48189835782027124,1.0119906663894653,398,42,64
CSCO,Technology,BiLSTM,regression,15,5,17,0.4656441025997526,1.0052908658981323,398,42,64
CSCO,Technology,BiLSTM,regression,15,5,18,0.5043915993154947,1.0017492771148682,398,42,64
CSCO,Technology,BiLSTM,regression,15,5,19,0.4991200641172016,0.99937504529953,398,42,64
CSCO,Technology,BiLSTM,regression,15,5,20,0.4776927694753187,0.9974238276481628,398,42,64
CSCO,Technology,BiLSTM,regression,15,5,21,0.4994855788185369,0.9932690858840942,398,42,64
CSCO,Technology,BiLSTM,regression,15,5,22,0.5017587481880906,0.9887025356292725,398,42,64
CSCO,Technology,BiLSTM,regression,15,5,23,0.47458644712989656,0.9858455061912537,398,42,64
CSCO,Technology,BiLSTM,regression,15,5,24,0.4866993666893274,0.9830219745635986,398,42,64
CSCO,Technology,BiLSTM,regression,15,5,25,0.4734290534227937,0.9813731908798218,398,42,64
CSCO,Technology,BiLSTM,regression,15,5,26,0.44621289600079983,0.9794762134552002,398,42,64
CSCO,Technology,BiLSTM,regression,15,5,27,0.44726604268179465,0.9782553315162659,398,42,64
CSCO,Technology,BiLSTM,regression,15,5,28,0.4524661289836893,0.9749438166618347,398,42,64
CSCO,Technology,BiLSTM,regression,15,5,29,0.45431896138131317,0.972780168056488,398,42,64
CSCO,Technology,BiLSTM,regression,15,5,30,0.459408533707935,0.9714481830596924,398,42,64
CSCO,Technology,BiLSTM,regression,15,5,31,0.47823242970447444,0.9720476269721985,398,42,64
CSCO,Technology,BiLSTM,regression,15,5,32,0.42477686452356417,0.9706872701644897,398,42,64
CSCO,Technology,BiLSTM,regression,15,5,33,0.4391402647872666,0.9697792530059814,398,42,64
CSCO,Technology,BiLSTM,regression,15,5,34,0.43982504390591953,0.9673104286193848,398,42,64
CSCO,Technology,BiLSTM,regression,15,5,35,0.4260924583553669,0.9674516320228577,398,42,64
CSCO,Technology,BiLSTM,regression,15,5,36,0.43402180266589974,0.9652817249298096,398,42,64
CSCO,Technology,BiLSTM,regression,15,5,37,0.4151101348987177,0.9634929895401001,398,42,64
CSCO,Technology,BiLSTM,regression,15,5,38,0.4165446095580432,0.9636548757553101,398,42,64
CSCO,Technology,BiLSTM,regression,15,5,39,0.4346177008508438,0.9605749249458313,398,42,64
CSCO,Technology,BiLSTM,regression,15,5,40,0.4521176806047334,0.9584432244300842,398,42,64
CSCO,Technology,BiLSTM,regression,15,5,41,0.4294230881797608,0.9566923975944519,398,42,64
CSCO,Technology,BiLSTM,regression,15,5,42,0.43801167502475147,0.9550108313560486,398,42,64
CSCO,Technology,BiLSTM,regression,15,5,43,0.4353904162519541,0.9545998573303223,398,42,64
CSCO,Technology,BiLSTM,regression,15,5,44,0.42810387744675926,0.9543066620826721,398,42,64
CSCO,Technology,BiLSTM,regression,15,5,45,0.4133562993763679,0.9543991088867188,398,42,64
CSCO,Technology,BiLSTM,regression,15,5,46,0.4082255176638239,0.9531265497207642,398,42,64
CSCO,Technology,BiLSTM,regression,15,5,47,0.40527623936758567,0.9517064094543457,398,42,64
CSCO,Technology,BiLSTM,regression,15,5,48,0.4251385648271546,0.9518302083015442,398,42,64
CSCO,Technology,BiLSTM,regression,15,5,49,0.4092176468602976,0.9507355690002441,398,42,64
CSCO,Technology,BiLSTM,regression,15,5,50,0.40198635448463,0.9487498998641968,398,42,64
CVX,Basic Matierials,BiLSTM,regression,15,5,1,0.5377870696273881,2.018718957901001,398,42,64
CVX,Basic Matierials,BiLSTM,regression,15,5,2,0.5283892484166515,2.018331289291382,398,42,64
CVX,Basic Matierials,BiLSTM,regression,15,5,3,0.5065208619563424,2.0178678035736084,398,42,64
CVX,Basic Matierials,BiLSTM,regression,15,5,4,0.49271502327080346,2.017259359359741,398,42,64
CVX,Basic Matierials,BiLSTM,regression,15,5,5,0.530356089074408,2.0163955688476562,398,42,64
CVX,Basic Matierials,BiLSTM,regression,15,5,6,0.47952718171642056,2.015601873397827,398,42,64
CVX,Basic Matierials,BiLSTM,regression,15,5,7,0.5331287971094026,2.0145466327667236,398,42,64
CVX,Basic Matierials,BiLSTM,regression,15,5,8,0.48431269427639756,2.01373291015625,398,42,64
CVX,Basic Matierials,BiLSTM,regression,15,5,9,0.4929349721975662,2.0137908458709717,398,42,64
CVX,Basic Matierials,BiLSTM,regression,15,5,10,0.49014455768930254,2.014991521835327,398,42,64
CVX,Basic Matierials,BiLSTM,regression,15,5,11,0.48887407480172773,2.0172224044799805,398,42,64
D,Utilities,BiLSTM,regression,15,5,1,0.546098512920303,0.9463692903518677,398,42,64
D,Utilities,BiLSTM,regression,15,5,2,0.5371771916073171,0.9470540285110474,398,42,64
D,Utilities,BiLSTM,regression,15,5,3,0.5430634559398919,0.9481523633003235,398,42,64
D,Utilities,BiLSTM,regression,15,5,4,0.5360928070006059,0.9489336013793945,398,42,64
D,Utilities,BiLSTM,regression,15,5,5,0.5536592815389585,0.9493555426597595,398,42,64
D,Utilities,BiLSTM,regression,15,5,6,0.5174403201096022,0.9498018622398376,398,42,64
D,Utilities,BiLSTM,regression,15,5,7,0.5194767644656962,0.9499101638793945,398,42,64
D,Utilities,BiLSTM,regression,15,5,8,0.5427847768194113,0.9505215883255005,398,42,64
D,Utilities,BiLSTM,regression,15,5,9,0.4986062642916962,0.9511973857879639,398,42,64
D,Utilities,BiLSTM,regression,15,5,10,0.49665626973363025,0.9518212080001831,398,42,64
D,Utilities,BiLSTM,regression,15,5,11,0.5125980254393726,0.9527817964553833,398,42,64
DHR,Industrial Goods,BiLSTM,regression,15,5,1,0.49950230690702124,0.9707511067390442,398,42,64
DHR,Industrial Goods,BiLSTM,regression,15,5,2,0.5238523713907405,0.9708267450332642,398,42,64
DHR,Industrial Goods,BiLSTM,regression,15,5,3,0.5172046785378576,0.9702292084693909,398,42,64
DHR,Industrial Goods,BiLSTM,regression,15,5,4,0.5107667518021474,0.9699729084968567,398,42,64
DHR,Industrial Goods,BiLSTM,regression,15,5,5,0.5179677243208766,0.970492959022522,398,42,64
DHR,Industrial Goods,BiLSTM,regression,15,5,6,0.4914059363417889,0.971078634262085,398,42,64
DHR,Industrial Goods,BiLSTM,regression,15,5,7,0.5008884605450846,0.9718399047851562,398,42,64
DHR,Industrial Goods,BiLSTM,regression,15,5,8,0.4913565836959149,0.9731788635253906,398,42,64
DHR,Industrial Goods,BiLSTM,regression,15,5,9,0.5004350081760081,0.974793016910553,398,42,64
DHR,Industrial Goods,BiLSTM,regression,15,5,10,0.4743635447780092,0.9764956831932068,398,42,64
DHR,Industrial Goods,BiLSTM,regression,15,5,11,0.488797833572081,0.9782695174217224,398,42,64
DIS,Services,BiLSTM,regression,15,5,1,0.5648790663810231,1.336072325706482,398,42,64
DIS,Services,BiLSTM,regression,15,5,2,0.5259342828587671,1.3355647325515747,398,42,64
DIS,Services,BiLSTM,regression,15,5,3,0.5176742792728558,1.3352997303009033,398,42,64
DIS,Services,BiLSTM,regression,15,5,4,0.5278970901690536,1.3350582122802734,398,42,64
DIS,Services,BiLSTM,regression,15,5,5,0.5159690637684348,1.3349119424819946,398,42,64
DIS,Services,BiLSTM,regression,15,5,6,0.5393261759724449,1.3342448472976685,398,42,64
DIS,Services,BiLSTM,regression,15,5,7,0.5087406203974432,1.333308458328247,398,42,64
DIS,Services,BiLSTM,regression,15,5,8,0.5232070013506329,1.3323928117752075,398,42,64
DIS,Services,BiLSTM,regression,15,5,9,0.5036957845016939,1.330875039100647,398,42,64
DIS,Services,BiLSTM,regression,15,5,10,0.50857553889404,1.3283573389053345,398,42,64
DIS,Services,BiLSTM,regression,15,5,11,0.4835832364595116,1.3250231742858887,398,42,64
DIS,Services,BiLSTM,regression,15,5,12,0.5062301099000863,1.3216559886932373,398,42,64
DIS,Services,BiLSTM,regression,15,5,13,0.5226914750870748,1.316268801689148,398,42,64
DIS,Services,BiLSTM,regression,15,5,14,0.4821254847636774,1.3121507167816162,398,42,64
DIS,Services,BiLSTM,regression,15,5,15,0.4825542584136503,1.3104757070541382,398,42,64
DIS,Services,BiLSTM,regression,15,5,16,0.4649825365699116,1.3093334436416626,398,42,64
DIS,Services,BiLSTM,regression,15,5,17,0.4875781200638968,1.3087592124938965,398,42,64
DIS,Services,BiLSTM,regression,15,5,18,0.48492533357898193,1.3078795671463013,398,42,64
DIS,Services,BiLSTM,regression,15,5,19,0.4785442897422829,1.3101508617401123,398,42,64
DIS,Services,BiLSTM,regression,15,5,20,0.44473283015303877,1.3124135732650757,398,42,64
DIS,Services,BiLSTM,regression,15,5,21,0.4775105151698817,1.3135370016098022,398,42,64
DIS,Services,BiLSTM,regression,15,5,22,0.4629913191100461,1.3173210620880127,398,42,64
DIS,Services,BiLSTM,regression,15,5,23,0.4829814937246505,1.3204423189163208,398,42,64
DIS,Services,BiLSTM,regression,15,5,24,0.45738229320276924,1.3195934295654297,398,42,64
DIS,Services,BiLSTM,regression,15,5,25,0.45838909352844087,1.3218979835510254,398,42,64
DIS,Services,BiLSTM,regression,15,5,26,0.45915023585659775,1.326200008392334,398,42,64
DIS,Services,BiLSTM,regression,15,5,27,0.4698511541788302,1.328239917755127,398,42,64
DIS,Services,BiLSTM,regression,15,5,28,0.4296783424502042,1.3351359367370605,398,42,64
DUK,Utilities,BiLSTM,regression,15,5,1,0.5584587152279801,0.9960850477218628,398,42,64
DUK,Utilities,BiLSTM,regression,15,5,2,0.5420342575964616,0.9952634572982788,398,42,64
DUK,Utilities,BiLSTM,regression,15,5,3,0.5195701568569969,0.9945404529571533,398,42,64
DUK,Utilities,BiLSTM,regression,15,5,4,0.544505691408512,0.993256151676178,398,42,64
DUK,Utilities,BiLSTM,regression,15,5,5,0.5126026401567698,0.9920440912246704,398,42,64
DUK,Utilities,BiLSTM,regression,15,5,6,0.5301190351121988,0.990544319152832,398,42,64
DUK,Utilities,BiLSTM,regression,15,5,7,0.4988594372667859,0.9881076216697693,398,42,64
DUK,Utilities,BiLSTM,regression,15,5,8,0.5040789432262056,0.9849558472633362,398,42,64
DUK,Utilities,BiLSTM,regression,15,5,9,0.5130311550207474,0.981604278087616,398,42,64
DUK,Utilities,BiLSTM,regression,15,5,10,0.5135502216204926,0.9775024652481079,398,42,64
DUK,Utilities,BiLSTM,regression,15,5,11,0.5308553465646715,0.9720826148986816,398,42,64
DUK,Utilities,BiLSTM,regression,15,5,12,0.5093769040239516,0.9670466780662537,398,42,64
DUK,Utilities,BiLSTM,regression,15,5,13,0.493655677117295,0.9603469371795654,398,42,64
DUK,Utilities,BiLSTM,regression,15,5,14,0.5153857745117878,0.9548620581626892,398,42,64
DUK,Utilities,BiLSTM,regression,15,5,15,0.4959478289937254,0.9490967988967896,398,42,64
DUK,Utilities,BiLSTM,regression,15,5,16,0.48405672557389917,0.9458082318305969,398,42,64
DUK,Utilities,BiLSTM,regression,15,5,17,0.4898066625523208,0.9418985247612,398,42,64
DUK,Utilities,BiLSTM,regression,15,5,18,0.502026648976695,0.9395835399627686,398,42,64
DUK,Utilities,BiLSTM,regression,15,5,19,0.4964412160255202,0.9373226165771484,398,42,64
DUK,Utilities,BiLSTM,regression,15,5,20,0.4721087790913318,0.9368787407875061,398,42,64
DUK,Utilities,BiLSTM,regression,15,5,21,0.48273602113052827,0.9368223547935486,398,42,64
DUK,Utilities,BiLSTM,regression,15,5,22,0.4815954521073768,0.935705304145813,398,42,64
DUK,Utilities,BiLSTM,regression,15,5,23,0.4891401906708377,0.9347322583198547,398,42,64
DUK,Utilities,BiLSTM,regression,15,5,24,0.4757477203805243,0.9355575442314148,398,42,64
DUK,Utilities,BiLSTM,regression,15,5,25,0.4679348080901045,0.9358646273612976,398,42,64
DUK,Utilities,BiLSTM,regression,15,5,26,0.4762715227040813,0.9363690614700317,398,42,64
DUK,Utilities,BiLSTM,regression,15,5,27,0.47912788436041404,0.9357732534408569,398,42,64
DUK,Utilities,BiLSTM,regression,15,5,28,0.4582920568672257,0.935796320438385,398,42,64
DUK,Utilities,BiLSTM,regression,15,5,29,0.4712016705292553,0.9361162781715393,398,42,64
EXC,Utilities,BiLSTM,regression,15,5,1,0.569780156840032,0.9881806373596191,398,42,64
EXC,Utilities,BiLSTM,regression,15,5,2,0.5499272885634072,0.9895410537719727,398,42,64
EXC,Utilities,BiLSTM,regression,15,5,3,0.5614906034277911,0.9908581972122192,398,42,64
EXC,Utilities,BiLSTM,regression,15,5,4,0.5403687450753983,0.9922547340393066,398,42,64
EXC,Utilities,BiLSTM,regression,15,5,5,0.5361340021967289,0.9940950274467468,398,42,64
EXC,Utilities,BiLSTM,regression,15,5,6,0.514760197706558,0.9959619641304016,398,42,64
EXC,Utilities,BiLSTM,regression,15,5,7,0.5235950569411618,0.9982848763465881,398,42,64
EXC,Utilities,BiLSTM,regression,15,5,8,0.5364009926666566,1.0008530616760254,398,42,64
EXC,Utilities,BiLSTM,regression,15,5,9,0.5082691015310623,1.0045722723007202,398,42,64
EXC,Utilities,BiLSTM,regression,15,5,10,0.5090762867999437,1.0089101791381836,398,42,64
EXC,Utilities,BiLSTM,regression,15,5,11,0.516213040256021,1.013609528541565,398,42,64
FB,Technology,BiLSTM,regression,15,5,1,0.49495786458403623,0.7206739187240601,398,42,64
FB,Technology,BiLSTM,regression,15,5,2,0.5157200686596147,0.7206758260726929,398,42,64
FB,Technology,BiLSTM,regression,15,5,3,0.5165613934622338,0.7213286757469177,398,42,64
FB,Technology,BiLSTM,regression,15,5,4,0.5019497833958823,0.7216165065765381,398,42,64
FB,Technology,BiLSTM,regression,15,5,5,0.5146220664882181,0.7215847373008728,398,42,64
FB,Technology,BiLSTM,regression,15,5,6,0.4945693306587449,0.7207465171813965,398,42,64
FB,Technology,BiLSTM,regression,15,5,7,0.4994241098063675,0.7198636531829834,398,42,64
FB,Technology,BiLSTM,regression,15,5,8,0.501906503085515,0.7188937664031982,398,42,64
FB,Technology,BiLSTM,regression,15,5,9,0.4769660670254099,0.7181442975997925,398,42,64
FB,Technology,BiLSTM,regression,15,5,10,0.47194190031320005,0.7170732021331787,398,42,64
FB,Technology,BiLSTM,regression,15,5,11,0.49202572865102756,0.7153424620628357,398,42,64
GD,Industrial Goods,BiLSTM,regression,15,5,1,0.5104532930719193,0.7200650572776794,398,42,64
GD,Industrial Goods,BiLSTM,regression,15,5,2,0.5319646441157738,0.7201224565505981,398,42,64
GD,Industrial Goods,BiLSTM,regression,15,5,3,0.5017860780409233,0.7203342318534851,398,42,64
GD,Industrial Goods,BiLSTM,regression,15,5,4,0.513152973436231,0.7208390235900879,398,42,64
GD,Industrial Goods,BiLSTM,regression,15,5,5,0.5084138560534721,0.7214174866676331,398,42,64
GD,Industrial Goods,BiLSTM,regression,15,5,6,0.4982816055791462,0.7217466235160828,398,42,64
GD,Industrial Goods,BiLSTM,regression,15,5,7,0.4814756617474197,0.7222103476524353,398,42,64
GD,Industrial Goods,BiLSTM,regression,15,5,8,0.5081854588422344,0.7226430773735046,398,42,64
GD,Industrial Goods,BiLSTM,regression,15,5,9,0.49945738627083935,0.7246834635734558,398,42,64
GD,Industrial Goods,BiLSTM,regression,15,5,10,0.4633193273640158,0.7254714965820312,398,42,64
GD,Industrial Goods,BiLSTM,regression,15,5,11,0.48335145436339644,0.7260838747024536,398,42,64
GE,Industrial Goods,BiLSTM,regression,15,5,1,0.48065605954309204,1.181130051612854,398,42,64
GE,Industrial Goods,BiLSTM,regression,15,5,2,0.4619392722695317,1.1815241575241089,398,42,64
GE,Industrial Goods,BiLSTM,regression,15,5,3,0.4796747303188746,1.1819016933441162,398,42,64
GE,Industrial Goods,BiLSTM,regression,15,5,4,0.4378202425774617,1.1821001768112183,398,42,64
GE,Industrial Goods,BiLSTM,regression,15,5,5,0.43954415716717593,1.1824769973754883,398,42,64
GE,Industrial Goods,BiLSTM,regression,15,5,6,0.4463470933125846,1.1831682920455933,398,42,64
GE,Industrial Goods,BiLSTM,regression,15,5,7,0.43054796058927947,1.183625340461731,398,42,64
GE,Industrial Goods,BiLSTM,regression,15,5,8,0.45619902389133393,1.183740496635437,398,42,64
GE,Industrial Goods,BiLSTM,regression,15,5,9,0.45440522914555803,1.18409264087677,398,42,64
GE,Industrial Goods,BiLSTM,regression,15,5,10,0.44794251144531383,1.1855483055114746,398,42,64
GE,Industrial Goods,BiLSTM,regression,15,5,11,0.4237087825734412,1.1873806715011597,398,42,64
GOOG,Technology,BiLSTM,regression,15,5,1,0.46920151986069414,0.7509812712669373,398,42,64
GOOG,Technology,BiLSTM,regression,15,5,2,0.4624239709509078,0.7497690320014954,398,42,64
GOOG,Technology,BiLSTM,regression,15,5,3,0.4681955294393415,0.748534619808197,398,42,64
GOOG,Technology,BiLSTM,regression,15,5,4,0.4441793156628633,0.7471126317977905,398,42,64
GOOG,Technology,BiLSTM,regression,15,5,5,0.4534529136053881,0.7452744841575623,398,42,64
GOOG,Technology,BiLSTM,regression,15,5,6,0.4640551583850803,0.7430660128593445,398,42,64
GOOG,Technology,BiLSTM,regression,15,5,7,0.4266877503850352,0.7405797243118286,398,42,64
GOOG,Technology,BiLSTM,regression,15,5,8,0.45359927385895693,0.7376015782356262,398,42,64
GOOG,Technology,BiLSTM,regression,15,5,9,0.4372118447893229,0.7341040968894958,398,42,64
GOOG,Technology,BiLSTM,regression,15,5,10,0.43852229334002163,0.7300693392753601,398,42,64
GOOG,Technology,BiLSTM,regression,15,5,11,0.4375611154278319,0.7247295379638672,398,42,64
GOOG,Technology,BiLSTM,regression,15,5,12,0.4521774670586514,0.7194886803627014,398,42,64
GOOG,Technology,BiLSTM,regression,15,5,13,0.4454004554892305,0.7135608196258545,398,42,64
GOOG,Technology,BiLSTM,regression,15,5,14,0.4584628960595059,0.7072283625602722,398,42,64
GOOG,Technology,BiLSTM,regression,15,5,15,0.4269038342950332,0.7024322748184204,398,42,64
GOOG,Technology,BiLSTM,regression,15,5,16,0.42034716522274307,0.6983073353767395,398,42,64
GOOG,Technology,BiLSTM,regression,15,5,17,0.4265926908608058,0.6958550810813904,398,42,64
GOOG,Technology,BiLSTM,regression,15,5,18,0.400396520168937,0.6925645470619202,398,42,64
GOOG,Technology,BiLSTM,regression,15,5,19,0.4112240231815894,0.6910725831985474,398,42,64
GOOG,Technology,BiLSTM,regression,15,5,20,0.43315508137995273,0.6877709627151489,398,42,64
GOOG,Technology,BiLSTM,regression,15,5,21,0.40171541940027744,0.6878329515457153,398,42,64
GOOG,Technology,BiLSTM,regression,15,5,22,0.42616655718741103,0.6885473132133484,398,42,64
GOOG,Technology,BiLSTM,regression,15,5,23,0.4105752682566044,0.6899805068969727,398,42,64
GOOG,Technology,BiLSTM,regression,15,5,24,0.40503634340199995,0.6905975341796875,398,42,64
GOOG,Technology,BiLSTM,regression,15,5,25,0.4196507864861033,0.6894391775131226,398,42,64
GOOG,Technology,BiLSTM,regression,15,5,26,0.4102822572142635,0.6893578767776489,398,42,64
GOOG,Technology,BiLSTM,regression,15,5,27,0.40981633998640815,0.6915709376335144,398,42,64
GOOG,Technology,BiLSTM,regression,15,5,28,0.39666417555593364,0.6929581165313721,398,42,64
HD,Services,BiLSTM,regression,15,5,1,0.5190002894281742,0.6913846731185913,398,42,64
HD,Services,BiLSTM,regression,15,5,2,0.5099651461570107,0.6917192339897156,398,42,64
HD,Services,BiLSTM,regression,15,5,3,0.510951648480329,0.6918191313743591,398,42,64
HD,Services,BiLSTM,regression,15,5,4,0.5021141163967363,0.692077100276947,398,42,64
HD,Services,BiLSTM,regression,15,5,5,0.500405695869695,0.6923598647117615,398,42,64
HD,Services,BiLSTM,regression,15,5,6,0.5230811811871265,0.6924561858177185,398,42,64
HD,Services,BiLSTM,regression,15,5,7,0.5052136556437267,0.6926586627960205,398,42,64
HD,Services,BiLSTM,regression,15,5,8,0.5271433561890568,0.693071722984314,398,42,64
HD,Services,BiLSTM,regression,15,5,9,0.5082682570320877,0.6938234567642212,398,42,64
HD,Services,BiLSTM,regression,15,5,10,0.49455908824451006,0.6949137449264526,398,42,64
HD,Services,BiLSTM,regression,15,5,11,0.489904942524493,0.695240318775177,398,42,64
HON,Industrial Goods,BiLSTM,regression,15,5,1,0.5297916215568331,1.5543365478515625,398,42,64
HON,Industrial Goods,BiLSTM,regression,15,5,2,0.5551321012290877,1.5544404983520508,398,42,64
HON,Industrial Goods,BiLSTM,regression,15,5,3,0.5319806069285427,1.5542216300964355,398,42,64
HON,Industrial Goods,BiLSTM,regression,15,5,4,0.5359407438704716,1.5539169311523438,398,42,64
HON,Industrial Goods,BiLSTM,regression,15,5,5,0.5274826524844721,1.553465723991394,398,42,64
HON,Industrial Goods,BiLSTM,regression,15,5,6,0.4996594722247004,1.552525520324707,398,42,64
HON,Industrial Goods,BiLSTM,regression,15,5,7,0.4979789827636738,1.550934076309204,398,42,64
HON,Industrial Goods,BiLSTM,regression,15,5,8,0.523421556656085,1.548887014389038,398,42,64
HON,Industrial Goods,BiLSTM,regression,15,5,9,0.5145343852103056,1.5467551946640015,398,42,64
HON,Industrial Goods,BiLSTM,regression,15,5,10,0.4947718253087758,1.5441691875457764,398,42,64
HON,Industrial Goods,BiLSTM,regression,15,5,11,0.5282169737708029,1.5426452159881592,398,42,64
HON,Industrial Goods,BiLSTM,regression,15,5,12,0.5358955902070855,1.5386850833892822,398,42,64
HON,Industrial Goods,BiLSTM,regression,15,5,13,0.48144220751733635,1.535772442817688,398,42,64
HON,Industrial Goods,BiLSTM,regression,15,5,14,0.5123614568506653,1.5318019390106201,398,42,64
HON,Industrial Goods,BiLSTM,regression,15,5,15,0.5083690311141948,1.528623342514038,398,42,64
HON,Industrial Goods,BiLSTM,regression,15,5,16,0.5076327809137315,1.5253715515136719,398,42,64
HON,Industrial Goods,BiLSTM,regression,15,5,17,0.5044796784319471,1.5233899354934692,398,42,64
HON,Industrial Goods,BiLSTM,regression,15,5,18,0.498569862327384,1.522141933441162,398,42,64
HON,Industrial Goods,BiLSTM,regression,15,5,19,0.48973868120854824,1.5188627243041992,398,42,64
HON,Industrial Goods,BiLSTM,regression,15,5,20,0.4967147770838522,1.5182178020477295,398,42,64
HON,Industrial Goods,BiLSTM,regression,15,5,21,0.4751745412996666,1.5202140808105469,398,42,64
HON,Industrial Goods,BiLSTM,regression,15,5,22,0.4673889176030854,1.5164273977279663,398,42,64
HON,Industrial Goods,BiLSTM,regression,15,5,23,0.4918342213235309,1.515844702720642,398,42,64
HON,Industrial Goods,BiLSTM,regression,15,5,24,0.4642931142045026,1.5143698453903198,398,42,64
HON,Industrial Goods,BiLSTM,regression,15,5,25,0.4801607232297485,1.5115771293640137,398,42,64
HON,Industrial Goods,BiLSTM,regression,15,5,26,0.48063614605060173,1.509507417678833,398,42,64
HON,Industrial Goods,BiLSTM,regression,15,5,27,0.47240060148526675,1.5072015523910522,398,42,64
HON,Industrial Goods,BiLSTM,regression,15,5,28,0.4648840109906604,1.5075887441635132,398,42,64
HON,Industrial Goods,BiLSTM,regression,15,5,29,0.4657962855382181,1.5113452672958374,398,42,64
HON,Industrial Goods,BiLSTM,regression,15,5,30,0.4579713732453447,1.5062956809997559,398,42,64
HON,Industrial Goods,BiLSTM,regression,15,5,31,0.4734427527566651,1.511633038520813,398,42,64
HON,Industrial Goods,BiLSTM,regression,15,5,32,0.46709032229442693,1.5124168395996094,398,42,64
HON,Industrial Goods,BiLSTM,regression,15,5,33,0.45688008108929773,1.5126286745071411,398,42,64
HON,Industrial Goods,BiLSTM,regression,15,5,34,0.4509689178898107,1.5116046667099,398,42,64
HON,Industrial Goods,BiLSTM,regression,15,5,35,0.4501282764439607,1.5110036134719849,398,42,64
HON,Industrial Goods,BiLSTM,regression,15,5,36,0.4512950722596154,1.505570650100708,398,42,64
HON,Industrial Goods,BiLSTM,regression,15,5,37,0.4614087735588227,1.5034373998641968,398,42,64
HRG,Conglomerates,BiLSTM,regression,15,5,1,0.550534549370483,1.1242619752883911,398,42,64
HRG,Conglomerates,BiLSTM,regression,15,5,2,0.5185016453565665,1.1257593631744385,398,42,64
HRG,Conglomerates,BiLSTM,regression,15,5,3,0.5157453986867588,1.1277928352355957,398,42,64
HRG,Conglomerates,BiLSTM,regression,15,5,4,0.5066721935068542,1.1308321952819824,398,42,64
HRG,Conglomerates,BiLSTM,regression,15,5,5,0.4922305264664655,1.1335524320602417,398,42,64
HRG,Conglomerates,BiLSTM,regression,15,5,6,0.5072800972353873,1.1352856159210205,398,42,64
HRG,Conglomerates,BiLSTM,regression,15,5,7,0.478227333806867,1.1361933946609497,398,42,64
HRG,Conglomerates,BiLSTM,regression,15,5,8,0.5075739148873181,1.1367498636245728,398,42,64
HRG,Conglomerates,BiLSTM,regression,15,5,9,0.47835378775644544,1.1375099420547485,398,42,64
HRG,Conglomerates,BiLSTM,regression,15,5,10,0.48897346060479707,1.1373867988586426,398,42,64
HRG,Conglomerates,BiLSTM,regression,15,5,11,0.46390698393385615,1.1372309923171997,398,42,64
HSBC,Financial,BiLSTM,regression,15,5,1,0.5164653458187928,1.3435838222503662,398,42,64
HSBC,Financial,BiLSTM,regression,15,5,2,0.5008856097058435,1.3439806699752808,398,42,64
HSBC,Financial,BiLSTM,regression,15,5,3,0.4853428311683425,1.3438622951507568,398,42,64
HSBC,Financial,BiLSTM,regression,15,5,4,0.510509017873649,1.3440278768539429,398,42,64
HSBC,Financial,BiLSTM,regression,15,5,5,0.5142680957688758,1.3433730602264404,398,42,64
HSBC,Financial,BiLSTM,regression,15,5,6,0.49641875615671055,1.3429232835769653,398,42,64
HSBC,Financial,BiLSTM,regression,15,5,7,0.5031137882764615,1.3428717851638794,398,42,64
HSBC,Financial,BiLSTM,regression,15,5,8,0.49004792373384065,1.3421224355697632,398,42,64
HSBC,Financial,BiLSTM,regression,15,5,9,0.4947542007544532,1.3417925834655762,398,42,64
HSBC,Financial,BiLSTM,regression,15,5,10,0.49916440682794583,1.3415348529815674,398,42,64
HSBC,Financial,BiLSTM,regression,15,5,11,0.49387502835024544,1.3415071964263916,398,42,64
IEP,Conglomerates,BiLSTM,regression,15,5,1,0.5977047529052849,1.3361610174179077,398,42,64
IEP,Conglomerates,BiLSTM,regression,15,5,2,0.5893311557458274,1.3367007970809937,398,42,64
IEP,Conglomerates,BiLSTM,regression,15,5,3,0.6142651753209943,1.3374857902526855,398,42,64
IEP,Conglomerates,BiLSTM,regression,15,5,4,0.5687432567677905,1.3388762474060059,398,42,64
IEP,Conglomerates,BiLSTM,regression,15,5,5,0.5654695219730013,1.3406081199645996,398,42,64
IEP,Conglomerates,BiLSTM,regression,15,5,6,0.5675504917475447,1.3428184986114502,398,42,64
IEP,Conglomerates,BiLSTM,regression,15,5,7,0.5458212135425166,1.345357894897461,398,42,64
IEP,Conglomerates,BiLSTM,regression,15,5,8,0.5499840699248577,1.3486212491989136,398,42,64
IEP,Conglomerates,BiLSTM,regression,15,5,9,0.5449814742534005,1.352577805519104,398,42,64
IEP,Conglomerates,BiLSTM,regression,15,5,10,0.5380516222972965,1.3568603992462158,398,42,64
IEP,Conglomerates,BiLSTM,regression,15,5,11,0.5378672214009654,1.3630763292312622,398,42,64
INTC,Technology,BiLSTM,regression,15,5,1,0.5197371460085538,1.065658688545227,398,42,64
INTC,Technology,BiLSTM,regression,15,5,2,0.5297605726287593,1.0650264024734497,398,42,64
INTC,Technology,BiLSTM,regression,15,5,3,0.5086377965445494,1.0652157068252563,398,42,64
INTC,Technology,BiLSTM,regression,15,5,4,0.5079511245291437,1.06619393825531,398,42,64
INTC,Technology,BiLSTM,regression,15,5,5,0.526715021337097,1.0676052570343018,398,42,64
INTC,Technology,BiLSTM,regression,15,5,6,0.504068360855831,1.069596767425537,398,42,64
INTC,Technology,BiLSTM,regression,15,5,7,0.48853858257058874,1.0719438791275024,398,42,64
INTC,Technology,BiLSTM,regression,15,5,8,0.4872190697708322,1.0752924680709839,398,42,64
INTC,Technology,BiLSTM,regression,15,5,9,0.521474511629373,1.0795634984970093,398,42,64
INTC,Technology,BiLSTM,regression,15,5,10,0.49644614044745367,1.0831907987594604,398,42,64
INTC,Technology,BiLSTM,regression,15,5,11,0.49988468747642173,1.088907241821289,398,42,64
JNJ,Healthcare,BiLSTM,regression,15,5,1,0.5436086849351625,0.7466443777084351,398,42,64
JNJ,Healthcare,BiLSTM,regression,15,5,2,0.5412632110130847,0.7474899888038635,398,42,64
JNJ,Healthcare,BiLSTM,regression,15,5,3,0.5410477643336483,0.7487084865570068,398,42,64
JNJ,Healthcare,BiLSTM,regression,15,5,4,0.5268127683119558,0.7502569556236267,398,42,64
JNJ,Healthcare,BiLSTM,regression,15,5,5,0.5295977093766083,0.7517699003219604,398,42,64
JNJ,Healthcare,BiLSTM,regression,15,5,6,0.5221993965120172,0.7529858946800232,398,42,64
JNJ,Healthcare,BiLSTM,regression,15,5,7,0.5086251871669711,0.7551174163818359,398,42,64
JNJ,Healthcare,BiLSTM,regression,15,5,8,0.5098592773753794,0.7585148215293884,398,42,64
JNJ,Healthcare,BiLSTM,regression,15,5,9,0.5076311398391149,0.7629848718643188,398,42,64
JNJ,Healthcare,BiLSTM,regression,15,5,10,0.5003866228326481,0.7675489187240601,398,42,64
JNJ,Healthcare,BiLSTM,regression,15,5,11,0.5182822715097936,0.7730255126953125,398,42,64
JPM,Financial,BiLSTM,regression,15,5,1,0.541085466180914,0.8327376246452332,398,42,64
JPM,Financial,BiLSTM,regression,15,5,2,0.5411988000324623,0.833243727684021,398,42,64
JPM,Financial,BiLSTM,regression,15,5,3,0.5455504573469785,0.8338782787322998,398,42,64
JPM,Financial,BiLSTM,regression,15,5,4,0.5116338099367056,0.834316074848175,398,42,64
JPM,Financial,BiLSTM,regression,15,5,5,0.49910411807759925,0.8348920941352844,398,42,64
JPM,Financial,BiLSTM,regression,15,5,6,0.5312803698020365,0.8355327844619751,398,42,64
JPM,Financial,BiLSTM,regression,15,5,7,0.49807914709625534,0.8367382287979126,398,42,64
JPM,Financial,BiLSTM,regression,15,5,8,0.49667589051939137,0.8377492427825928,398,42,64
JPM,Financial,BiLSTM,regression,15,5,9,0.503397455598092,0.8388638496398926,398,42,64
JPM,Financial,BiLSTM,regression,15,5,10,0.505095563042703,0.8401758074760437,398,42,64
JPM,Financial,BiLSTM,regression,15,5,11,0.5115986697038813,0.8415403366088867,398,42,64
KO,Consumer Goods,BiLSTM,regression,15,5,1,0.5132376204183953,0.7102076411247253,398,42,64
KO,Consumer Goods,BiLSTM,regression,15,5,2,0.4832600046641863,0.7100366353988647,398,42,64
KO,Consumer Goods,BiLSTM,regression,15,5,3,0.5048591707220029,0.7093845009803772,398,42,64
KO,Consumer Goods,BiLSTM,regression,15,5,4,0.4966189349116992,0.7090098261833191,398,42,64
KO,Consumer Goods,BiLSTM,regression,15,5,5,0.49042271908803203,0.7083441615104675,398,42,64
KO,Consumer Goods,BiLSTM,regression,15,5,6,0.476076093600623,0.7080272436141968,398,42,64
KO,Consumer Goods,BiLSTM,regression,15,5,7,0.48128994131208064,0.7079984545707703,398,42,64
KO,Consumer Goods,BiLSTM,regression,15,5,8,0.48472904634835134,0.7082324624061584,398,42,64
KO,Consumer Goods,BiLSTM,regression,15,5,9,0.4969551814860435,0.7083739638328552,398,42,64
KO,Consumer Goods,BiLSTM,regression,15,5,10,0.4857240615777634,0.7080157399177551,398,42,64
KO,Consumer Goods,BiLSTM,regression,15,5,11,0.4786615003293483,0.707218587398529,398,42,64
LMT,Industrial Goods,BiLSTM,regression,15,5,1,0.5422302346732748,0.5137085318565369,398,42,64
LMT,Industrial Goods,BiLSTM,regression,15,5,2,0.5148261084628465,0.5115373134613037,398,42,64
LMT,Industrial Goods,BiLSTM,regression,15,5,3,0.5390297481462584,0.5090308785438538,398,42,64
LMT,Industrial Goods,BiLSTM,regression,15,5,4,0.47563923550910087,0.5060094594955444,398,42,64
LMT,Industrial Goods,BiLSTM,regression,15,5,5,0.5147957087461673,0.5027285814285278,398,42,64
LMT,Industrial Goods,BiLSTM,regression,15,5,6,0.4991102799698336,0.4994429647922516,398,42,64
LMT,Industrial Goods,BiLSTM,regression,15,5,7,0.5093545299678591,0.4962485134601593,398,42,64
LMT,Industrial Goods,BiLSTM,regression,15,5,8,0.4961084482358329,0.4927894175052643,398,42,64
LMT,Industrial Goods,BiLSTM,regression,15,5,9,0.5001366428993456,0.48974600434303284,398,42,64
LMT,Industrial Goods,BiLSTM,regression,15,5,10,0.4807640412944046,0.4876393973827362,398,42,64
LMT,Industrial Goods,BiLSTM,regression,15,5,11,0.48479402993791665,0.4862395226955414,398,42,64
LMT,Industrial Goods,BiLSTM,regression,15,5,12,0.498736346187304,0.48452574014663696,398,42,64
LMT,Industrial Goods,BiLSTM,regression,15,5,13,0.46268416439468535,0.4839678704738617,398,42,64
LMT,Industrial Goods,BiLSTM,regression,15,5,14,0.44048146791194553,0.48596787452697754,398,42,64
LMT,Industrial Goods,BiLSTM,regression,15,5,15,0.47375281057765134,0.4870932102203369,398,42,64
LMT,Industrial Goods,BiLSTM,regression,15,5,16,0.47081503137272207,0.4875209629535675,398,42,64
LMT,Industrial Goods,BiLSTM,regression,15,5,17,0.45908905558250657,0.48439908027648926,398,42,64
LMT,Industrial Goods,BiLSTM,regression,15,5,18,0.4816337172409997,0.4830918610095978,398,42,64
LMT,Industrial Goods,BiLSTM,regression,15,5,19,0.4556058097125298,0.4795209467411041,398,42,64
LMT,Industrial Goods,BiLSTM,regression,15,5,20,0.47460587569816626,0.4783315360546112,398,42,64
LMT,Industrial Goods,BiLSTM,regression,15,5,21,0.44530517087509885,0.47750547528266907,398,42,64
LMT,Industrial Goods,BiLSTM,regression,15,5,22,0.4637916985169128,0.47383201122283936,398,42,64
LMT,Industrial Goods,BiLSTM,regression,15,5,23,0.44888044841325464,0.4752475321292877,398,42,64
LMT,Industrial Goods,BiLSTM,regression,15,5,24,0.46319206770341,0.47548049688339233,398,42,64
LMT,Industrial Goods,BiLSTM,regression,15,5,25,0.4708028208820065,0.47639021277427673,398,42,64
LMT,Industrial Goods,BiLSTM,regression,15,5,26,0.4583053602345625,0.4766542911529541,398,42,64
LMT,Industrial Goods,BiLSTM,regression,15,5,27,0.4463501906574671,0.47974786162376404,398,42,64
LMT,Industrial Goods,BiLSTM,regression,15,5,28,0.4517065204268125,0.4785662293434143,398,42,64
LMT,Industrial Goods,BiLSTM,regression,15,5,29,0.4598787732459792,0.47788724303245544,398,42,64
MA,Financial,BiLSTM,regression,15,5,1,0.4846634243301411,0.775881826877594,398,42,64
MA,Financial,BiLSTM,regression,15,5,2,0.4957209076713677,0.775583028793335,398,42,64
MA,Financial,BiLSTM,regression,15,5,3,0.47630457722361963,0.7747790813446045,398,42,64
MA,Financial,BiLSTM,regression,15,5,4,0.4812841418400482,0.7736760377883911,398,42,64
MA,Financial,BiLSTM,regression,15,5,5,0.49236016005427397,0.7722892165184021,398,42,64
MA,Financial,BiLSTM,regression,15,5,6,0.4989138537615388,0.7704477906227112,398,42,64
MA,Financial,BiLSTM,regression,15,5,7,0.4929472246960779,0.768405020236969,398,42,64
MA,Financial,BiLSTM,regression,15,5,8,0.4931243596664026,0.7662174701690674,398,42,64
MA,Financial,BiLSTM,regression,15,5,9,0.4803784029867182,0.7639661431312561,398,42,64
MA,Financial,BiLSTM,regression,15,5,10,0.4816045203999658,0.7614471316337585,398,42,64
MA,Financial,BiLSTM,regression,15,5,11,0.4943795903543731,0.7590976357460022,398,42,64
MA,Financial,BiLSTM,regression,15,5,12,0.4730247447838136,0.756404459476471,398,42,64
MA,Financial,BiLSTM,regression,15,5,13,0.45833865526932566,0.75431227684021,398,42,64
MA,Financial,BiLSTM,regression,15,5,14,0.4609095804655372,0.7517914772033691,398,42,64
MA,Financial,BiLSTM,regression,15,5,15,0.4545475034857515,0.7501074075698853,398,42,64
MA,Financial,BiLSTM,regression,15,5,16,0.4665698897299455,0.7496108412742615,398,42,64
MA,Financial,BiLSTM,regression,15,5,17,0.48840231107707,0.7499150633811951,398,42,64
MA,Financial,BiLSTM,regression,15,5,18,0.4716628045592476,0.7493588924407959,398,42,64
MA,Financial,BiLSTM,regression,15,5,19,0.46421972373921666,0.749428927898407,398,42,64
MA,Financial,BiLSTM,regression,15,5,20,0.47305984952341973,0.749076247215271,398,42,64
MA,Financial,BiLSTM,regression,15,5,21,0.45435884385252717,0.7498783469200134,398,42,64
MA,Financial,BiLSTM,regression,15,5,22,0.4621397843163217,0.7504323720932007,398,42,64
MCD,Services,BiLSTM,regression,15,5,1,0.47229365397937334,0.9580806493759155,398,42,64
MCD,Services,BiLSTM,regression,15,5,2,0.47152498529185005,0.959139883518219,398,42,64
MCD,Services,BiLSTM,regression,15,5,3,0.4513965810663137,0.9602109789848328,398,42,64
MCD,Services,BiLSTM,regression,15,5,4,0.45762672930506604,0.9615435004234314,398,42,64
MCD,Services,BiLSTM,regression,15,5,5,0.45734983667656404,0.9625881910324097,398,42,64
MCD,Services,BiLSTM,regression,15,5,6,0.4500783801677838,0.9633207321166992,398,42,64
MCD,Services,BiLSTM,regression,15,5,7,0.47272931376294275,0.9640859961509705,398,42,64
MCD,Services,BiLSTM,regression,15,5,8,0.45922634185259065,0.9646493792533875,398,42,64
MCD,Services,BiLSTM,regression,15,5,9,0.450827017501371,0.965524435043335,398,42,64
MCD,Services,BiLSTM,regression,15,5,10,0.4609258505866755,0.9660352468490601,398,42,64
MCD,Services,BiLSTM,regression,15,5,11,0.4535758944612053,0.9669303297996521,398,42,64
MDT,Healthcare,BiLSTM,regression,15,5,1,0.56100163088372,1.2014048099517822,398,42,64
MDT,Healthcare,BiLSTM,regression,15,5,2,0.5485580527602728,1.2018541097640991,398,42,64
MDT,Healthcare,BiLSTM,regression,15,5,3,0.559631668517937,1.201499104499817,398,42,64
MDT,Healthcare,BiLSTM,regression,15,5,4,0.5486775720538806,1.200305700302124,398,42,64
MDT,Healthcare,BiLSTM,regression,15,5,5,0.544975821621454,1.1981853246688843,398,42,64
MDT,Healthcare,BiLSTM,regression,15,5,6,0.5636378216683565,1.1958575248718262,398,42,64
MDT,Healthcare,BiLSTM,regression,15,5,7,0.557262727812906,1.1924453973770142,398,42,64
MDT,Healthcare,BiLSTM,regression,15,5,8,0.5510652848524065,1.1887264251708984,398,42,64
MDT,Healthcare,BiLSTM,regression,15,5,9,0.5284748920543709,1.1848924160003662,398,42,64
MDT,Healthcare,BiLSTM,regression,15,5,10,0.5536838388023664,1.1799778938293457,398,42,64
MDT,Healthcare,BiLSTM,regression,15,5,11,0.5167971204722946,1.1749435663223267,398,42,64
MDT,Healthcare,BiLSTM,regression,15,5,12,0.5397247191350064,1.1710010766983032,398,42,64
MDT,Healthcare,BiLSTM,regression,15,5,13,0.5381974028283029,1.1685791015625,398,42,64
MDT,Healthcare,BiLSTM,regression,15,5,14,0.5410387807305733,1.1649786233901978,398,42,64
MDT,Healthcare,BiLSTM,regression,15,5,15,0.5158947006841401,1.1615065336227417,398,42,64
MDT,Healthcare,BiLSTM,regression,15,5,16,0.5118029444061931,1.1591417789459229,398,42,64
MDT,Healthcare,BiLSTM,regression,15,5,17,0.5225530698071772,1.1579877138137817,398,42,64
MDT,Healthcare,BiLSTM,regression,15,5,18,0.510143675097269,1.1565970182418823,398,42,64
MDT,Healthcare,BiLSTM,regression,15,5,19,0.5224357787238892,1.1587944030761719,398,42,64
MDT,Healthcare,BiLSTM,regression,15,5,20,0.5005596954768626,1.1610265970230103,398,42,64
MDT,Healthcare,BiLSTM,regression,15,5,21,0.5141294795514351,1.1608928442001343,398,42,64
MDT,Healthcare,BiLSTM,regression,15,5,22,0.5043378346529438,1.1647372245788574,398,42,64
MDT,Healthcare,BiLSTM,regression,15,5,23,0.5070811811104492,1.170297622680664,398,42,64
MDT,Healthcare,BiLSTM,regression,15,5,24,0.5115297719761355,1.1696661710739136,398,42,64
MDT,Healthcare,BiLSTM,regression,15,5,25,0.5175607291298296,1.1744426488876343,398,42,64
MMM,Industrial Goods,BiLSTM,regression,15,5,1,0.5747690107954208,0.7486310601234436,398,42,64
MMM,Industrial Goods,BiLSTM,regression,15,5,2,0.5434998941780934,0.7491839528083801,398,42,64
MMM,Industrial Goods,BiLSTM,regression,15,5,3,0.519403291407542,0.7493376731872559,398,42,64
MMM,Industrial Goods,BiLSTM,regression,15,5,4,0.5368078090437692,0.7498210668563843,398,42,64
MMM,Industrial Goods,BiLSTM,regression,15,5,5,0.513930498655118,0.7506625056266785,398,42,64
MMM,Industrial Goods,BiLSTM,regression,15,5,6,0.5152251873184089,0.7508032321929932,398,42,64
MMM,Industrial Goods,BiLSTM,regression,15,5,7,0.5220062472113413,0.7507663369178772,398,42,64
MMM,Industrial Goods,BiLSTM,regression,15,5,8,0.507428641594834,0.7505660653114319,398,42,64
MMM,Industrial Goods,BiLSTM,regression,15,5,9,0.5166863304885787,0.7505853176116943,398,42,64
MMM,Industrial Goods,BiLSTM,regression,15,5,10,0.5102088109931754,0.7508465647697449,398,42,64
MMM,Industrial Goods,BiLSTM,regression,15,5,11,0.5138499191657981,0.7514039874076843,398,42,64
MO,Consumer Goods,BiLSTM,regression,15,5,1,0.5279890971267642,0.48150336742401123,398,42,64
MO,Consumer Goods,BiLSTM,regression,15,5,2,0.5445837198789395,0.48173627257347107,398,42,64
MO,Consumer Goods,BiLSTM,regression,15,5,3,0.5405009934051552,0.4823269844055176,398,42,64
MO,Consumer Goods,BiLSTM,regression,15,5,4,0.5166699011721204,0.4832878112792969,398,42,64
MO,Consumer Goods,BiLSTM,regression,15,5,5,0.5259706138366431,0.48476648330688477,398,42,64
MO,Consumer Goods,BiLSTM,regression,15,5,6,0.5338306235308623,0.4871904253959656,398,42,64
MO,Consumer Goods,BiLSTM,regression,15,5,7,0.5252550795449683,0.490859717130661,398,42,64
MO,Consumer Goods,BiLSTM,regression,15,5,8,0.5074518850101298,0.49635574221611023,398,42,64
MO,Consumer Goods,BiLSTM,regression,15,5,9,0.5185053976786197,0.5037105083465576,398,42,64
MO,Consumer Goods,BiLSTM,regression,15,5,10,0.5075462107083306,0.5139085650444031,398,42,64
MO,Consumer Goods,BiLSTM,regression,15,5,11,0.5074658336950906,0.5265704989433289,398,42,64
MRK,Healthcare,BiLSTM,regression,15,5,1,0.5180933683661361,1.2936519384384155,398,42,64
MRK,Healthcare,BiLSTM,regression,15,5,2,0.5058608682610881,1.2946680784225464,398,42,64
MRK,Healthcare,BiLSTM,regression,15,5,3,0.5022080705393499,1.295301914215088,398,42,64
MRK,Healthcare,BiLSTM,regression,15,5,4,0.5124059335969801,1.2962851524353027,398,42,64
MRK,Healthcare,BiLSTM,regression,15,5,5,0.49981716769424517,1.2967109680175781,398,42,64
MRK,Healthcare,BiLSTM,regression,15,5,6,0.4931438026116721,1.297212839126587,398,42,64
MRK,Healthcare,BiLSTM,regression,15,5,7,0.4855190800062975,1.2965903282165527,398,42,64
MRK,Healthcare,BiLSTM,regression,15,5,8,0.49566303979811355,1.2973005771636963,398,42,64
MRK,Healthcare,BiLSTM,regression,15,5,9,0.4953010363794451,1.2999752759933472,398,42,64
MRK,Healthcare,BiLSTM,regression,15,5,10,0.487135614731803,1.3029489517211914,398,42,64
MRK,Healthcare,BiLSTM,regression,15,5,11,0.4749430196369114,1.3063957691192627,398,42,64
MSFT,Technology,BiLSTM,regression,15,5,1,0.45060758944132817,0.7774155139923096,398,42,64
MSFT,Technology,BiLSTM,regression,15,5,2,0.45078370634035847,0.7770381569862366,398,42,64
MSFT,Technology,BiLSTM,regression,15,5,3,0.47411554827162966,0.7765488624572754,398,42,64
MSFT,Technology,BiLSTM,regression,15,5,4,0.4599565701868067,0.7760661244392395,398,42,64
MSFT,Technology,BiLSTM,regression,15,5,5,0.44798360098546475,0.7753902077674866,398,42,64
MSFT,Technology,BiLSTM,regression,15,5,6,0.44186867211931313,0.7746983766555786,398,42,64
MSFT,Technology,BiLSTM,regression,15,5,7,0.4552662111257189,0.7745277285575867,398,42,64
MSFT,Technology,BiLSTM,regression,15,5,8,0.4308621203480054,0.7741749286651611,398,42,64
MSFT,Technology,BiLSTM,regression,15,5,9,0.44708227317536897,0.7745743989944458,398,42,64
MSFT,Technology,BiLSTM,regression,15,5,10,0.44833988273263575,0.775441586971283,398,42,64
MSFT,Technology,BiLSTM,regression,15,5,11,0.4241095586637756,0.7757232189178467,398,42,64
NEE,Utilities,BiLSTM,regression,15,5,1,0.4945075706620911,1.0499022006988525,398,42,64
NEE,Utilities,BiLSTM,regression,15,5,2,0.5161314220284697,1.0489271879196167,398,42,64
NEE,Utilities,BiLSTM,regression,15,5,3,0.5174026978974366,1.0483222007751465,398,42,64
NEE,Utilities,BiLSTM,regression,15,5,4,0.5078807419268929,1.0477372407913208,398,42,64
NEE,Utilities,BiLSTM,regression,15,5,5,0.5056862877541451,1.0471270084381104,398,42,64
NEE,Utilities,BiLSTM,regression,15,5,6,0.47784605083154075,1.0461844205856323,398,42,64
NEE,Utilities,BiLSTM,regression,15,5,7,0.523276940961579,1.0453035831451416,398,42,64
NEE,Utilities,BiLSTM,regression,15,5,8,0.5060069334866414,1.0437397956848145,398,42,64
NEE,Utilities,BiLSTM,regression,15,5,9,0.47747116247613225,1.0429991483688354,398,42,64
NEE,Utilities,BiLSTM,regression,15,5,10,0.4987006292271255,1.04189932346344,398,42,64
NEE,Utilities,BiLSTM,regression,15,5,11,0.49764396886729717,1.0419237613677979,398,42,64
NEE,Utilities,BiLSTM,regression,15,5,12,0.4813902084551864,1.0416722297668457,398,42,64
NEE,Utilities,BiLSTM,regression,15,5,13,0.47133031247848245,1.0421286821365356,398,42,64
NEE,Utilities,BiLSTM,regression,15,5,14,0.47688841295601736,1.0429167747497559,398,42,64
NEE,Utilities,BiLSTM,regression,15,5,15,0.4712998672346374,1.0435611009597778,398,42,64
NEE,Utilities,BiLSTM,regression,15,5,16,0.48441339242997483,1.0450862646102905,398,42,64
NEE,Utilities,BiLSTM,regression,15,5,17,0.47906061228196223,1.0475856065750122,398,42,64
NEE,Utilities,BiLSTM,regression,15,5,18,0.4531739490415583,1.0514397621154785,398,42,64
NEE,Utilities,BiLSTM,regression,15,5,19,0.47720468044281006,1.051378607749939,398,42,64
NEE,Utilities,BiLSTM,regression,15,5,20,0.4715764796614048,1.0553486347198486,398,42,64
NGG,Utilities,BiLSTM,regression,15,5,1,0.5357547875624805,0.684198260307312,398,42,64
NGG,Utilities,BiLSTM,regression,15,5,2,0.5328949438267617,0.6838396787643433,398,42,64
NGG,Utilities,BiLSTM,regression,15,5,3,0.5378069861150866,0.6832700967788696,398,42,64
NGG,Utilities,BiLSTM,regression,15,5,4,0.5144491248094856,0.6822282075881958,398,42,64
NGG,Utilities,BiLSTM,regression,15,5,5,0.5174302247600939,0.6807942986488342,398,42,64
NGG,Utilities,BiLSTM,regression,15,5,6,0.5256712842526747,0.6788989305496216,398,42,64
NGG,Utilities,BiLSTM,regression,15,5,7,0.5185731688336511,0.6767356991767883,398,42,64
NGG,Utilities,BiLSTM,regression,15,5,8,0.5241804849262812,0.6741969585418701,398,42,64
NGG,Utilities,BiLSTM,regression,15,5,9,0.4984877654655495,0.6707234978675842,398,42,64
NGG,Utilities,BiLSTM,regression,15,5,10,0.5023314499076287,0.6678629517555237,398,42,64
NGG,Utilities,BiLSTM,regression,15,5,11,0.4897651305450267,0.663470447063446,398,42,64
NGG,Utilities,BiLSTM,regression,15,5,12,0.48607760428184243,0.660169780254364,398,42,64
NGG,Utilities,BiLSTM,regression,15,5,13,0.48738507978880224,0.6565300226211548,398,42,64
NGG,Utilities,BiLSTM,regression,15,5,14,0.47008893283168274,0.6525568962097168,398,42,64
NGG,Utilities,BiLSTM,regression,15,5,15,0.47683404902716975,0.6498167514801025,398,42,64
NGG,Utilities,BiLSTM,regression,15,5,16,0.4593837794347025,0.6469792723655701,398,42,64
NGG,Utilities,BiLSTM,regression,15,5,17,0.4835029105145728,0.6437352895736694,398,42,64
NGG,Utilities,BiLSTM,regression,15,5,18,0.47588263189972346,0.6414939165115356,398,42,64
NGG,Utilities,BiLSTM,regression,15,5,19,0.4683505335644861,0.6408827304840088,398,42,64
NGG,Utilities,BiLSTM,regression,15,5,20,0.4843185758171369,0.6389211416244507,398,42,64
NGG,Utilities,BiLSTM,regression,15,5,21,0.4764465918792552,0.6380335092544556,398,42,64
NGG,Utilities,BiLSTM,regression,15,5,22,0.4607027680730101,0.6366816759109497,398,42,64
NGG,Utilities,BiLSTM,regression,15,5,23,0.44337631200426186,0.6363247036933899,398,42,64
NGG,Utilities,BiLSTM,regression,15,5,24,0.4509905214285731,0.6366647481918335,398,42,64
NGG,Utilities,BiLSTM,regression,15,5,25,0.4469519804170982,0.6364282369613647,398,42,64
NGG,Utilities,BiLSTM,regression,15,5,26,0.46994801936437136,0.6360797882080078,398,42,64
NGG,Utilities,BiLSTM,regression,15,5,27,0.45924305691191897,0.6362658739089966,398,42,64
NVS,Healthcare,BiLSTM,regression,15,5,1,0.5398286823651299,1.1863099336624146,398,42,64
NVS,Healthcare,BiLSTM,regression,15,5,2,0.5426548075436348,1.1865098476409912,398,42,64
NVS,Healthcare,BiLSTM,regression,15,5,3,0.542869405530805,1.1865379810333252,398,42,64
NVS,Healthcare,BiLSTM,regression,15,5,4,0.5201476596707675,1.1874449253082275,398,42,64
NVS,Healthcare,BiLSTM,regression,15,5,5,0.5234674484885518,1.1892449855804443,398,42,64
NVS,Healthcare,BiLSTM,regression,15,5,6,0.5128811097624314,1.191999912261963,398,42,64
NVS,Healthcare,BiLSTM,regression,15,5,7,0.5155238787732531,1.1959739923477173,398,42,64
NVS,Healthcare,BiLSTM,regression,15,5,8,0.5335784281917553,1.2002389430999756,398,42,64
NVS,Healthcare,BiLSTM,regression,15,5,9,0.5225263546459639,1.2055764198303223,398,42,64
NVS,Healthcare,BiLSTM,regression,15,5,10,0.483619509330347,1.2125104665756226,398,42,64
NVS,Healthcare,BiLSTM,regression,15,5,11,0.5117716396873321,1.2200218439102173,398,42,64
ORCL,Technology,BiLSTM,regression,15,5,1,0.5612573366069314,0.8937629461288452,398,42,64
ORCL,Technology,BiLSTM,regression,15,5,2,0.5569908906466997,0.8957992792129517,398,42,64
ORCL,Technology,BiLSTM,regression,15,5,3,0.5374873229606667,0.8989997506141663,398,42,64
ORCL,Technology,BiLSTM,regression,15,5,4,0.5193672527619941,0.9035283327102661,398,42,64
ORCL,Technology,BiLSTM,regression,15,5,5,0.5151000268495263,0.9098489284515381,398,42,64
ORCL,Technology,BiLSTM,regression,15,5,6,0.4919344606111996,0.9181422591209412,398,42,64
ORCL,Technology,BiLSTM,regression,15,5,7,0.4955930227610334,0.9292037487030029,398,42,64
ORCL,Technology,BiLSTM,regression,15,5,8,0.47716578526712544,0.9446561932563782,398,42,64
ORCL,Technology,BiLSTM,regression,15,5,9,0.4820439093676045,0.9652099013328552,398,42,64
ORCL,Technology,BiLSTM,regression,15,5,10,0.5070428887204309,0.9897931814193726,398,42,64
ORCL,Technology,BiLSTM,regression,15,5,11,0.4784788439920799,1.0197978019714355,398,42,64
PCG,Utilities,BiLSTM,regression,15,5,1,0.5772283466617066,1.0680876970291138,398,42,64
PCG,Utilities,BiLSTM,regression,15,5,2,0.5469298602348596,1.0700476169586182,398,42,64
PCG,Utilities,BiLSTM,regression,15,5,3,0.5674657620976319,1.0721688270568848,398,42,64
PCG,Utilities,BiLSTM,regression,15,5,4,0.5624383208739697,1.0744554996490479,398,42,64
PCG,Utilities,BiLSTM,regression,15,5,5,0.5398908742708177,1.0774134397506714,398,42,64
PCG,Utilities,BiLSTM,regression,15,5,6,0.5419760328441409,1.0807162523269653,398,42,64
PCG,Utilities,BiLSTM,regression,15,5,7,0.5467169108103268,1.0840760469436646,398,42,64
PCG,Utilities,BiLSTM,regression,15,5,8,0.5109592412584391,1.0875494480133057,398,42,64
PCG,Utilities,BiLSTM,regression,15,5,9,0.5362177329446802,1.0912706851959229,398,42,64
PCG,Utilities,BiLSTM,regression,15,5,10,0.5275556824015613,1.095603108406067,398,42,64
PCG,Utilities,BiLSTM,regression,15,5,11,0.5031319922538259,1.099966049194336,398,42,64
PCLN,Services,BiLSTM,regression,15,5,1,0.5375440779642843,0.5974982380867004,398,42,64
PCLN,Services,BiLSTM,regression,15,5,2,0.5107447370212881,0.5979306697845459,398,42,64
PCLN,Services,BiLSTM,regression,15,5,3,0.5438357513753613,0.5980430841445923,398,42,64
PCLN,Services,BiLSTM,regression,15,5,4,0.5109931823596283,0.598000705242157,398,42,64
PCLN,Services,BiLSTM,regression,15,5,5,0.5314420892964655,0.5976094007492065,398,42,64
PCLN,Services,BiLSTM,regression,15,5,6,0.49912416994871206,0.597501277923584,398,42,64
PCLN,Services,BiLSTM,regression,15,5,7,0.46849286466387646,0.5975590348243713,398,42,64
PCLN,Services,BiLSTM,regression,15,5,8,0.5327454829335811,0.5981942415237427,398,42,64
PCLN,Services,BiLSTM,regression,15,5,9,0.5239336023378611,0.5986387729644775,398,42,64
PCLN,Services,BiLSTM,regression,15,5,10,0.4803378042863242,0.5995925664901733,398,42,64
PCLN,Services,BiLSTM,regression,15,5,11,0.4960421575373741,0.6013133525848389,398,42,64
PEP,Consumer Goods,BiLSTM,regression,15,5,1,0.5566451738228151,1.0817763805389404,398,42,64
PEP,Consumer Goods,BiLSTM,regression,15,5,2,0.5405595218715955,1.082733392715454,398,42,64
PEP,Consumer Goods,BiLSTM,regression,15,5,3,0.5370299327912642,1.0837651491165161,398,42,64
PEP,Consumer Goods,BiLSTM,regression,15,5,4,0.5289712853767164,1.0853984355926514,398,42,64
PEP,Consumer Goods,BiLSTM,regression,15,5,5,0.5353283753347158,1.0876643657684326,398,42,64
PEP,Consumer Goods,BiLSTM,regression,15,5,6,0.5318307097832761,1.09035325050354,398,42,64
PEP,Consumer Goods,BiLSTM,regression,15,5,7,0.50667307095312,1.092417597770691,398,42,64
PEP,Consumer Goods,BiLSTM,regression,15,5,8,0.5139533808482951,1.0957785844802856,398,42,64
PEP,Consumer Goods,BiLSTM,regression,15,5,9,0.49428509587618574,1.099555492401123,398,42,64
PEP,Consumer Goods,BiLSTM,regression,15,5,10,0.4945841572392526,1.1028831005096436,398,42,64
PEP,Consumer Goods,BiLSTM,regression,15,5,11,0.5159790752521113,1.108405590057373,398,42,64
PFE,Healthcare,BiLSTM,regression,15,5,1,0.5509924496238555,1.278602123260498,398,42,64
PFE,Healthcare,BiLSTM,regression,15,5,2,0.5571039675468177,1.2771131992340088,398,42,64
PFE,Healthcare,BiLSTM,regression,15,5,3,0.5595792229451126,1.2755557298660278,398,42,64
PFE,Healthcare,BiLSTM,regression,15,5,4,0.5472159568388858,1.2738393545150757,398,42,64
PFE,Healthcare,BiLSTM,regression,15,5,5,0.5312682135620309,1.2723890542984009,398,42,64
PFE,Healthcare,BiLSTM,regression,15,5,6,0.5374997818290289,1.2710829973220825,398,42,64
PFE,Healthcare,BiLSTM,regression,15,5,7,0.5543029664748877,1.2691165208816528,398,42,64
PFE,Healthcare,BiLSTM,regression,15,5,8,0.5355847810381021,1.267025351524353,398,42,64
PFE,Healthcare,BiLSTM,regression,15,5,9,0.5285215252008869,1.2656677961349487,398,42,64
PFE,Healthcare,BiLSTM,regression,15,5,10,0.5487033380335898,1.2646052837371826,398,42,64
PFE,Healthcare,BiLSTM,regression,15,5,11,0.4948107441466058,1.2622298002243042,398,42,64
PFE,Healthcare,BiLSTM,regression,15,5,12,0.5109845173718343,1.2612258195877075,398,42,64
PFE,Healthcare,BiLSTM,regression,15,5,13,0.5108174471998933,1.2603542804718018,398,42,64
PFE,Healthcare,BiLSTM,regression,15,5,14,0.5064440513376015,1.2611674070358276,398,42,64
PFE,Healthcare,BiLSTM,regression,15,5,15,0.49656980181459204,1.2600773572921753,398,42,64
PFE,Healthcare,BiLSTM,regression,15,5,16,0.4893555287739739,1.260045051574707,398,42,64
PFE,Healthcare,BiLSTM,regression,15,5,17,0.5086953541142257,1.2613584995269775,398,42,64
PFE,Healthcare,BiLSTM,regression,15,5,18,0.5275264541108404,1.2645395994186401,398,42,64
PFE,Healthcare,BiLSTM,regression,15,5,19,0.4871398330333844,1.2658874988555908,398,42,64
PFE,Healthcare,BiLSTM,regression,15,5,20,0.47494991850014306,1.2696192264556885,398,42,64
PFE,Healthcare,BiLSTM,regression,15,5,21,0.49839498589386294,1.2737867832183838,398,42,64
PFE,Healthcare,BiLSTM,regression,15,5,22,0.46851012455159097,1.2847273349761963,398,42,64
PG,Consumer Goods,BiLSTM,regression,15,5,1,0.5190799787415931,1.060638427734375,398,42,64
PG,Consumer Goods,BiLSTM,regression,15,5,2,0.537278321520168,1.060797929763794,398,42,64
PG,Consumer Goods,BiLSTM,regression,15,5,3,0.5467703965441066,1.0599929094314575,398,42,64
PG,Consumer Goods,BiLSTM,regression,15,5,4,0.5241954799872547,1.0593823194503784,398,42,64
PG,Consumer Goods,BiLSTM,regression,15,5,5,0.5191730320753165,1.0586844682693481,398,42,64
PG,Consumer Goods,BiLSTM,regression,15,5,6,0.5260835017391186,1.0577465295791626,398,42,64
PG,Consumer Goods,BiLSTM,regression,15,5,7,0.5291196712896452,1.0562151670455933,398,42,64
PG,Consumer Goods,BiLSTM,regression,15,5,8,0.5360997100571292,1.0551139116287231,398,42,64
PG,Consumer Goods,BiLSTM,regression,15,5,9,0.4950318779777642,1.0546199083328247,398,42,64
PG,Consumer Goods,BiLSTM,regression,15,5,10,0.5049365165844635,1.0541093349456787,398,42,64
PG,Consumer Goods,BiLSTM,regression,15,5,11,0.5050328616520867,1.0538548231124878,398,42,64
PICO,Conglomerates,BiLSTM,regression,15,5,1,0.5268593217859316,1.1210665702819824,398,42,64
PICO,Conglomerates,BiLSTM,regression,15,5,2,0.5274144096590166,1.1228528022766113,398,42,64
PICO,Conglomerates,BiLSTM,regression,15,5,3,0.510102366682273,1.1250770092010498,398,42,64
PICO,Conglomerates,BiLSTM,regression,15,5,4,0.5124646575007606,1.1275241374969482,398,42,64
PICO,Conglomerates,BiLSTM,regression,15,5,5,0.5297163838717207,1.1306465864181519,398,42,64
PICO,Conglomerates,BiLSTM,regression,15,5,6,0.5048259442775094,1.134846806526184,398,42,64
PICO,Conglomerates,BiLSTM,regression,15,5,7,0.5002088840283341,1.1410229206085205,398,42,64
PICO,Conglomerates,BiLSTM,regression,15,5,8,0.48861476105062207,1.1485728025436401,398,42,64
PICO,Conglomerates,BiLSTM,regression,15,5,9,0.49204385460321626,1.158359408378601,398,42,64
PICO,Conglomerates,BiLSTM,regression,15,5,10,0.4948294845657732,1.169816017150879,398,42,64
PICO,Conglomerates,BiLSTM,regression,15,5,11,0.46251303886049355,1.1814898252487183,398,42,64
PM,Consumer Goods,BiLSTM,regression,15,5,1,0.5297860769770253,0.7199273109436035,398,42,64
PM,Consumer Goods,BiLSTM,regression,15,5,2,0.5117220649467641,0.7209590673446655,398,42,64
PM,Consumer Goods,BiLSTM,regression,15,5,3,0.5354618957294291,0.7220582962036133,398,42,64
PM,Consumer Goods,BiLSTM,regression,15,5,4,0.5076280953596585,0.7228993773460388,398,42,64
PM,Consumer Goods,BiLSTM,regression,15,5,5,0.5232307970074553,0.7233169078826904,398,42,64
PM,Consumer Goods,BiLSTM,regression,15,5,6,0.508111588918983,0.7240411043167114,398,42,64
PM,Consumer Goods,BiLSTM,regression,15,5,7,0.5116838219776825,0.724057137966156,398,42,64
PM,Consumer Goods,BiLSTM,regression,15,5,8,0.5078313759523421,0.7237057089805603,398,42,64
PM,Consumer Goods,BiLSTM,regression,15,5,9,0.5007392587374203,0.722418487071991,398,42,64
PM,Consumer Goods,BiLSTM,regression,15,5,10,0.5064347498680479,0.7213351726531982,398,42,64
PM,Consumer Goods,BiLSTM,regression,15,5,11,0.5155093912503228,0.7200847268104553,398,42,64
PPL,Utilities,BiLSTM,regression,15,5,1,0.5300510429856765,1.122096300125122,398,42,64
PPL,Utilities,BiLSTM,regression,15,5,2,0.5360791786531707,1.1206778287887573,398,42,64
PPL,Utilities,BiLSTM,regression,15,5,3,0.5205294745950843,1.1194117069244385,398,42,64
PPL,Utilities,BiLSTM,regression,15,5,4,0.5286405637635657,1.1183691024780273,398,42,64
PPL,Utilities,BiLSTM,regression,15,5,5,0.5215567558554549,1.1167190074920654,398,42,64
PPL,Utilities,BiLSTM,regression,15,5,6,0.5029695069969599,1.1139171123504639,398,42,64
PPL,Utilities,BiLSTM,regression,15,5,7,0.5039298017719882,1.1105411052703857,398,42,64
PPL,Utilities,BiLSTM,regression,15,5,8,0.4815650475983644,1.1068960428237915,398,42,64
PPL,Utilities,BiLSTM,regression,15,5,9,0.5037671061017406,1.1037214994430542,398,42,64
PPL,Utilities,BiLSTM,regression,15,5,10,0.49678908969888735,1.0994911193847656,398,42,64
PPL,Utilities,BiLSTM,regression,15,5,11,0.47662841180461135,1.0944021940231323,398,42,64
PPL,Utilities,BiLSTM,regression,15,5,12,0.4867705565002096,1.089977741241455,398,42,64
PPL,Utilities,BiLSTM,regression,15,5,13,0.5438593922547958,1.084530234336853,398,42,64
PPL,Utilities,BiLSTM,regression,15,5,14,0.5216695226017555,1.078412413597107,398,42,64
PPL,Utilities,BiLSTM,regression,15,5,15,0.5077646114119333,1.0754348039627075,398,42,64
PPL,Utilities,BiLSTM,regression,15,5,16,0.45566252682676267,1.0712002515792847,398,42,64
PPL,Utilities,BiLSTM,regression,15,5,17,0.48363609484691716,1.0697863101959229,398,42,64
PPL,Utilities,BiLSTM,regression,15,5,18,0.4867725165645082,1.0685527324676514,398,42,64
PPL,Utilities,BiLSTM,regression,15,5,19,0.4777077227531366,1.0676555633544922,398,42,64
PPL,Utilities,BiLSTM,regression,15,5,20,0.46658239607235896,1.0677067041397095,398,42,64
PPL,Utilities,BiLSTM,regression,15,5,21,0.45993239002012126,1.0668659210205078,398,42,64
PPL,Utilities,BiLSTM,regression,15,5,22,0.46555932075833556,1.0689939260482788,398,42,64
PPL,Utilities,BiLSTM,regression,15,5,23,0.4474196090320846,1.069474220275879,398,42,64
PPL,Utilities,BiLSTM,regression,15,5,24,0.48208272681763426,1.0714203119277954,398,42,64
PPL,Utilities,BiLSTM,regression,15,5,25,0.4574360998731163,1.0744270086288452,398,42,64
PPL,Utilities,BiLSTM,regression,15,5,26,0.45802739232628786,1.0760267972946167,398,42,64
PPL,Utilities,BiLSTM,regression,15,5,27,0.47974865490467705,1.078749418258667,398,42,64
PPL,Utilities,BiLSTM,regression,15,5,28,0.4432320501936141,1.0814756155014038,398,42,64
PPL,Utilities,BiLSTM,regression,15,5,29,0.46943636051374465,1.0848828554153442,398,42,64
PTR,Basic Matierials,BiLSTM,regression,15,5,1,0.5540683658877809,1.348812460899353,398,42,64
PTR,Basic Matierials,BiLSTM,regression,15,5,2,0.5247001282533809,1.35548996925354,398,42,64
PTR,Basic Matierials,BiLSTM,regression,15,5,3,0.5404300132588525,1.3624701499938965,398,42,64
PTR,Basic Matierials,BiLSTM,regression,15,5,4,0.5451503123470287,1.371713399887085,398,42,64
PTR,Basic Matierials,BiLSTM,regression,15,5,5,0.5533905676261863,1.3801451921463013,398,42,64
PTR,Basic Matierials,BiLSTM,regression,15,5,6,0.5423710343226715,1.3889678716659546,398,42,64
PTR,Basic Matierials,BiLSTM,regression,15,5,7,0.5310893142642688,1.4007110595703125,398,42,64
PTR,Basic Matierials,BiLSTM,regression,15,5,8,0.5251548610739971,1.413962960243225,398,42,64
PTR,Basic Matierials,BiLSTM,regression,15,5,9,0.501809857898022,1.4310208559036255,398,42,64
PTR,Basic Matierials,BiLSTM,regression,15,5,10,0.5233465513991351,1.4505412578582764,398,42,64
PTR,Basic Matierials,BiLSTM,regression,15,5,11,0.5086700973199241,1.4705814123153687,398,42,64
RDS-B,Basic Matierials,BiLSTM,regression,15,5,1,0.5357537059927705,1.4870203733444214,398,42,64
RDS-B,Basic Matierials,BiLSTM,regression,15,5,2,0.5301570476000034,1.4871575832366943,398,42,64
RDS-B,Basic Matierials,BiLSTM,regression,15,5,3,0.5390463076045166,1.4870312213897705,398,42,64
RDS-B,Basic Matierials,BiLSTM,regression,15,5,4,0.5391284580805793,1.4867198467254639,398,42,64
RDS-B,Basic Matierials,BiLSTM,regression,15,5,5,0.5438773119868945,1.4860789775848389,398,42,64
RDS-B,Basic Matierials,BiLSTM,regression,15,5,6,0.5072817790448366,1.4853355884552002,398,42,64
RDS-B,Basic Matierials,BiLSTM,regression,15,5,7,0.5257820034745949,1.4833006858825684,398,42,64
RDS-B,Basic Matierials,BiLSTM,regression,15,5,8,0.5295802965835111,1.4809640645980835,398,42,64
RDS-B,Basic Matierials,BiLSTM,regression,15,5,9,0.5172666440057994,1.4784905910491943,398,42,64
RDS-B,Basic Matierials,BiLSTM,regression,15,5,10,0.4674902687120677,1.4754960536956787,398,42,64
RDS-B,Basic Matierials,BiLSTM,regression,15,5,11,0.5146237983176457,1.4715529680252075,398,42,64
RDS-B,Basic Matierials,BiLSTM,regression,15,5,12,0.49446072889931836,1.4680231809616089,398,42,64
RDS-B,Basic Matierials,BiLSTM,regression,15,5,13,0.4828338976481452,1.4662058353424072,398,42,64
RDS-B,Basic Matierials,BiLSTM,regression,15,5,14,0.4929838327307198,1.4632678031921387,398,42,64
RDS-B,Basic Matierials,BiLSTM,regression,15,5,15,0.47247387850703904,1.4623019695281982,398,42,64
RDS-B,Basic Matierials,BiLSTM,regression,15,5,16,0.48795720680275156,1.4636971950531006,398,42,64
RDS-B,Basic Matierials,BiLSTM,regression,15,5,17,0.478000638472974,1.462836742401123,398,42,64
RDS-B,Basic Matierials,BiLSTM,regression,15,5,18,0.4860352810902811,1.4609322547912598,398,42,64
RDS-B,Basic Matierials,BiLSTM,regression,15,5,19,0.47870672677629555,1.4611204862594604,398,42,64
RDS-B,Basic Matierials,BiLSTM,regression,15,5,20,0.47480300473208403,1.460029125213623,398,42,64
RDS-B,Basic Matierials,BiLSTM,regression,15,5,21,0.4734239262252597,1.4588679075241089,398,42,64
RDS-B,Basic Matierials,BiLSTM,regression,15,5,22,0.46375924768160337,1.4595530033111572,398,42,64
RDS-B,Basic Matierials,BiLSTM,regression,15,5,23,0.4784365422162578,1.4599567651748657,398,42,64
RDS-B,Basic Matierials,BiLSTM,regression,15,5,24,0.4756783378783183,1.4606918096542358,398,42,64
RDS-B,Basic Matierials,BiLSTM,regression,15,5,25,0.46882050300962363,1.4633357524871826,398,42,64
RDS-B,Basic Matierials,BiLSTM,regression,15,5,26,0.44931642284345386,1.4611846208572388,398,42,64
RDS-B,Basic Matierials,BiLSTM,regression,15,5,27,0.4523982756101905,1.4653193950653076,398,42,64
RDS-B,Basic Matierials,BiLSTM,regression,15,5,28,0.46443292932893765,1.4692679643630981,398,42,64
RDS-B,Basic Matierials,BiLSTM,regression,15,5,29,0.4536306333901295,1.4698381423950195,398,42,64
RDS-B,Basic Matierials,BiLSTM,regression,15,5,30,0.4497969068174985,1.4659790992736816,398,42,64
REX,Conglomerates,BiLSTM,regression,15,5,1,0.5262477379947451,0.7402241230010986,398,42,64
REX,Conglomerates,BiLSTM,regression,15,5,2,0.5471766348460212,0.7402097582817078,398,42,64
REX,Conglomerates,BiLSTM,regression,15,5,3,0.5104673975077106,0.7402130961418152,398,42,64
REX,Conglomerates,BiLSTM,regression,15,5,4,0.4995251962886983,0.7402510643005371,398,42,64
REX,Conglomerates,BiLSTM,regression,15,5,5,0.523017934219322,0.740234375,398,42,64
REX,Conglomerates,BiLSTM,regression,15,5,6,0.5216361416045145,0.7400844097137451,398,42,64
REX,Conglomerates,BiLSTM,regression,15,5,7,0.5139800651588632,0.7392894625663757,398,42,64
REX,Conglomerates,BiLSTM,regression,15,5,8,0.5151842646862395,0.738429069519043,398,42,64
REX,Conglomerates,BiLSTM,regression,15,5,9,0.5186081897074254,0.7368272542953491,398,42,64
REX,Conglomerates,BiLSTM,regression,15,5,10,0.5207990623598722,0.7343877553939819,398,42,64
REX,Conglomerates,BiLSTM,regression,15,5,11,0.5108563618444318,0.7312095761299133,398,42,64
REX,Conglomerates,BiLSTM,regression,15,5,12,0.5127927322483542,0.7277490496635437,398,42,64
REX,Conglomerates,BiLSTM,regression,15,5,13,0.48987427129218325,0.7241660952568054,398,42,64
REX,Conglomerates,BiLSTM,regression,15,5,14,0.4866031863581595,0.7206337451934814,398,42,64
REX,Conglomerates,BiLSTM,regression,15,5,15,0.4862176617186273,0.7179494500160217,398,42,64
REX,Conglomerates,BiLSTM,regression,15,5,16,0.4947519835515238,0.715157687664032,398,42,64
REX,Conglomerates,BiLSTM,regression,15,5,17,0.49375432759673155,0.7131311297416687,398,42,64
REX,Conglomerates,BiLSTM,regression,15,5,18,0.49113773281250767,0.7114641070365906,398,42,64
REX,Conglomerates,BiLSTM,regression,15,5,19,0.48816860201370776,0.7106328010559082,398,42,64
REX,Conglomerates,BiLSTM,regression,15,5,20,0.505807488407921,0.7108991146087646,398,42,64
REX,Conglomerates,BiLSTM,regression,15,5,21,0.4762274592965092,0.7112497091293335,398,42,64
REX,Conglomerates,BiLSTM,regression,15,5,22,0.4806696745618504,0.7135480642318726,398,42,64
REX,Conglomerates,BiLSTM,regression,15,5,23,0.474842545375153,0.7135912775993347,398,42,64
REX,Conglomerates,BiLSTM,regression,15,5,24,0.4618799644498969,0.7151914238929749,398,42,64
REX,Conglomerates,BiLSTM,regression,15,5,25,0.46751730795481694,0.7158544063568115,398,42,64
REX,Conglomerates,BiLSTM,regression,15,5,26,0.46434554562496777,0.7174753546714783,398,42,64
REX,Conglomerates,BiLSTM,regression,15,5,27,0.47452337238656817,0.7183960676193237,398,42,64
REX,Conglomerates,BiLSTM,regression,15,5,28,0.4601253642508732,0.7178252339363098,398,42,64
SLB,Basic Matierials,BiLSTM,regression,15,5,1,0.5252323562101503,1.097192645072937,398,42,64
SLB,Basic Matierials,BiLSTM,regression,15,5,2,0.502373973478624,1.0978660583496094,398,42,64
SLB,Basic Matierials,BiLSTM,regression,15,5,3,0.5438242452827531,1.0986791849136353,398,42,64
SLB,Basic Matierials,BiLSTM,regression,15,5,4,0.542505304268257,1.1000423431396484,398,42,64
SLB,Basic Matierials,BiLSTM,regression,15,5,5,0.5108933501207649,1.1017985343933105,398,42,64
SLB,Basic Matierials,BiLSTM,regression,15,5,6,0.5212975226005717,1.104370355606079,398,42,64
SLB,Basic Matierials,BiLSTM,regression,15,5,7,0.5002755196250264,1.1078011989593506,398,42,64
SLB,Basic Matierials,BiLSTM,regression,15,5,8,0.49578098099135876,1.1122413873672485,398,42,64
SLB,Basic Matierials,BiLSTM,regression,15,5,9,0.4972431025463133,1.1171154975891113,398,42,64
SLB,Basic Matierials,BiLSTM,regression,15,5,10,0.5026853361995376,1.1230162382125854,398,42,64
SLB,Basic Matierials,BiLSTM,regression,15,5,11,0.506958954822478,1.130128264427185,398,42,64
SNP,Basic Matierials,BiLSTM,regression,15,5,1,0.5354497202077703,1.3750089406967163,398,42,64
SNP,Basic Matierials,BiLSTM,regression,15,5,2,0.5824646039224749,1.3763365745544434,398,42,64
SNP,Basic Matierials,BiLSTM,regression,15,5,3,0.5298849868414989,1.3778395652770996,398,42,64
SNP,Basic Matierials,BiLSTM,regression,15,5,4,0.5145000905247789,1.3801499605178833,398,42,64
SNP,Basic Matierials,BiLSTM,regression,15,5,5,0.5300516328919473,1.3834515810012817,398,42,64
SNP,Basic Matierials,BiLSTM,regression,15,5,6,0.5367619344337502,1.3874751329421997,398,42,64
SNP,Basic Matierials,BiLSTM,regression,15,5,7,0.5351926309978543,1.3928298950195312,398,42,64
SNP,Basic Matierials,BiLSTM,regression,15,5,8,0.5355572818811215,1.3996416330337524,398,42,64
SNP,Basic Matierials,BiLSTM,regression,15,5,9,0.5285839941633407,1.4076045751571655,398,42,64
SNP,Basic Matierials,BiLSTM,regression,15,5,10,0.5083600796347287,1.419303059577942,398,42,64
SNP,Basic Matierials,BiLSTM,regression,15,5,11,0.5458359275031929,1.431309461593628,398,42,64
SNY,Healthcare,BiLSTM,regression,15,5,1,0.49691149240462623,0.7434228658676147,398,42,64
SNY,Healthcare,BiLSTM,regression,15,5,2,0.47621092934105264,0.7453588247299194,398,42,64
SNY,Healthcare,BiLSTM,regression,15,5,3,0.47600017270850176,0.7478642463684082,398,42,64
SNY,Healthcare,BiLSTM,regression,15,5,4,0.48426738313993617,0.7504401803016663,398,42,64
SNY,Healthcare,BiLSTM,regression,15,5,5,0.5022035736459584,0.75382000207901,398,42,64
SNY,Healthcare,BiLSTM,regression,15,5,6,0.4709089504713988,0.7578253149986267,398,42,64
SNY,Healthcare,BiLSTM,regression,15,5,7,0.48170757435973566,0.7621414661407471,398,42,64
SNY,Healthcare,BiLSTM,regression,15,5,8,0.47154942671557765,0.767780601978302,398,42,64
SNY,Healthcare,BiLSTM,regression,15,5,9,0.48344525694847107,0.7746709585189819,398,42,64
SNY,Healthcare,BiLSTM,regression,15,5,10,0.47683264644601236,0.783331036567688,398,42,64
SNY,Healthcare,BiLSTM,regression,15,5,11,0.487142161732942,0.7913933992385864,398,42,64
SO,Utilities,BiLSTM,regression,15,5,1,0.530037191345464,0.8628367781639099,398,42,64
SO,Utilities,BiLSTM,regression,15,5,2,0.5237107124160881,0.8621298670768738,398,42,64
SO,Utilities,BiLSTM,regression,15,5,3,0.49136639210447,0.8614256978034973,398,42,64
SO,Utilities,BiLSTM,regression,15,5,4,0.49389875234670977,0.8604905605316162,398,42,64
SO,Utilities,BiLSTM,regression,15,5,5,0.4983355208257934,0.8592218160629272,398,42,64
SO,Utilities,BiLSTM,regression,15,5,6,0.5119479538208276,0.8580992817878723,398,42,64
SO,Utilities,BiLSTM,regression,15,5,7,0.4993006507655484,0.8569141030311584,398,42,64
SO,Utilities,BiLSTM,regression,15,5,8,0.49063286050480215,0.8556922078132629,398,42,64
SO,Utilities,BiLSTM,regression,15,5,9,0.5069016059439386,0.8538221716880798,398,42,64
SO,Utilities,BiLSTM,regression,15,5,10,0.5063665539176021,0.8518213629722595,398,42,64
SO,Utilities,BiLSTM,regression,15,5,11,0.46919868564485906,0.8490797877311707,398,42,64
SO,Utilities,BiLSTM,regression,15,5,12,0.49203697341171343,0.8454301953315735,398,42,64
SO,Utilities,BiLSTM,regression,15,5,13,0.4978212405688799,0.8413458466529846,398,42,64
SO,Utilities,BiLSTM,regression,15,5,14,0.5061937615500024,0.8366124629974365,398,42,64
SO,Utilities,BiLSTM,regression,15,5,15,0.4712861478328705,0.8311815857887268,398,42,64
SO,Utilities,BiLSTM,regression,15,5,16,0.4822219849830896,0.8255840539932251,398,42,64
SO,Utilities,BiLSTM,regression,15,5,17,0.4982056473966819,0.8208716511726379,398,42,64
SO,Utilities,BiLSTM,regression,15,5,18,0.48137860831303814,0.8148881793022156,398,42,64
SO,Utilities,BiLSTM,regression,15,5,19,0.4542730828026431,0.8106602430343628,398,42,64
SO,Utilities,BiLSTM,regression,15,5,20,0.4739155369487839,0.8054599761962891,398,42,64
SO,Utilities,BiLSTM,regression,15,5,21,0.47034834767106787,0.8024078011512756,398,42,64
SO,Utilities,BiLSTM,regression,15,5,22,0.469126566271087,0.7987716197967529,398,42,64
SO,Utilities,BiLSTM,regression,15,5,23,0.4828855847593528,0.7989435791969299,398,42,64
SO,Utilities,BiLSTM,regression,15,5,24,0.4744864941841394,0.7972947359085083,398,42,64
SO,Utilities,BiLSTM,regression,15,5,25,0.4568810106521875,0.7959703803062439,398,42,64
SO,Utilities,BiLSTM,regression,15,5,26,0.43952148598642204,0.794860303401947,398,42,64
SO,Utilities,BiLSTM,regression,15,5,27,0.4689431912335918,0.7941928505897522,398,42,64
SO,Utilities,BiLSTM,regression,15,5,28,0.4672387938703125,0.7932806611061096,398,42,64
SO,Utilities,BiLSTM,regression,15,5,29,0.48309238457200515,0.7930427193641663,398,42,64
SO,Utilities,BiLSTM,regression,15,5,30,0.46925242612110313,0.7917109131813049,398,42,64
SO,Utilities,BiLSTM,regression,15,5,31,0.4465927369330996,0.7900475859642029,398,42,64
SO,Utilities,BiLSTM,regression,15,5,32,0.442409329677946,0.7882959246635437,398,42,64
SO,Utilities,BiLSTM,regression,15,5,33,0.4422935642788758,0.7898120880126953,398,42,64
SO,Utilities,BiLSTM,regression,15,5,34,0.44809133293640674,0.788674533367157,398,42,64
SO,Utilities,BiLSTM,regression,15,5,35,0.4591950986852598,0.7888844013214111,398,42,64
SO,Utilities,BiLSTM,regression,15,5,36,0.4533772690212307,0.7884823083877563,398,42,64
SO,Utilities,BiLSTM,regression,15,5,37,0.4468445204310681,0.7856048345565796,398,42,64
SO,Utilities,BiLSTM,regression,15,5,38,0.4544371721433036,0.7833066582679749,398,42,64
SO,Utilities,BiLSTM,regression,15,5,39,0.43588800076863277,0.7829676270484924,398,42,64
SO,Utilities,BiLSTM,regression,15,5,40,0.4459750444146257,0.7810001373291016,398,42,64
SO,Utilities,BiLSTM,regression,15,5,41,0.45961569167261745,0.7791053652763367,398,42,64
SO,Utilities,BiLSTM,regression,15,5,42,0.43640940497868025,0.7791194915771484,398,42,64
SO,Utilities,BiLSTM,regression,15,5,43,0.43115054198245906,0.7782604098320007,398,42,64
SO,Utilities,BiLSTM,regression,15,5,44,0.4650786998283923,0.7776541113853455,398,42,64
SO,Utilities,BiLSTM,regression,15,5,45,0.45639297261309986,0.7759641408920288,398,42,64
SO,Utilities,BiLSTM,regression,15,5,46,0.4302113357201294,0.775817334651947,398,42,64
SO,Utilities,BiLSTM,regression,15,5,47,0.4378187334417698,0.7769426107406616,398,42,64
SO,Utilities,BiLSTM,regression,15,5,48,0.4347155204969435,0.7758323550224304,398,42,64
SO,Utilities,BiLSTM,regression,15,5,49,0.42231491163148355,0.774827241897583,398,42,64
SO,Utilities,BiLSTM,regression,15,5,50,0.4554782132407529,0.7739554047584534,398,42,64
SPLP,Conglomerates,BiLSTM,regression,15,5,1,0.5213700715620914,0.33918821811676025,398,42,64
SPLP,Conglomerates,BiLSTM,regression,15,5,2,0.5168436559001405,0.33872097730636597,398,42,64
SPLP,Conglomerates,BiLSTM,regression,15,5,3,0.5089254190574339,0.3381904661655426,398,42,64
SPLP,Conglomerates,BiLSTM,regression,15,5,4,0.49972261046644434,0.3374466598033905,398,42,64
SPLP,Conglomerates,BiLSTM,regression,15,5,5,0.5180489483790182,0.3367561101913452,398,42,64
SPLP,Conglomerates,BiLSTM,regression,15,5,6,0.49322557269628325,0.3361712098121643,398,42,64
SPLP,Conglomerates,BiLSTM,regression,15,5,7,0.5082575765686419,0.3354147672653198,398,42,64
SPLP,Conglomerates,BiLSTM,regression,15,5,8,0.4955845590512357,0.3347623646259308,398,42,64
SPLP,Conglomerates,BiLSTM,regression,15,5,9,0.49093136281224353,0.33385616540908813,398,42,64
SPLP,Conglomerates,BiLSTM,regression,15,5,10,0.47755187345509553,0.33299559354782104,398,42,64
SPLP,Conglomerates,BiLSTM,regression,15,5,11,0.5135889565525342,0.331994891166687,398,42,64
SRE,Utilities,BiLSTM,regression,15,5,1,0.5780505645814253,1.4381648302078247,398,42,64
SRE,Utilities,BiLSTM,regression,15,5,2,0.5750621769895505,1.4347918033599854,398,42,64
SRE,Utilities,BiLSTM,regression,15,5,3,0.5722078373983278,1.4308706521987915,398,42,64
SRE,Utilities,BiLSTM,regression,15,5,4,0.5485617209918535,1.4269436597824097,398,42,64
SRE,Utilities,BiLSTM,regression,15,5,5,0.5466893122124312,1.4220061302185059,398,42,64
SRE,Utilities,BiLSTM,regression,15,5,6,0.5833387533623968,1.416390061378479,398,42,64
SRE,Utilities,BiLSTM,regression,15,5,7,0.5469599924794394,1.4090183973312378,398,42,64
SRE,Utilities,BiLSTM,regression,15,5,8,0.55226290345791,1.3999732732772827,398,42,64
SRE,Utilities,BiLSTM,regression,15,5,9,0.498662312875441,1.3902246952056885,398,42,64
SRE,Utilities,BiLSTM,regression,15,5,10,0.5211135619249775,1.379969835281372,398,42,64
SRE,Utilities,BiLSTM,regression,15,5,11,0.5271667875536722,1.3681633472442627,398,42,64
SRE,Utilities,BiLSTM,regression,15,5,12,0.5269539556910644,1.3560302257537842,398,42,64
SRE,Utilities,BiLSTM,regression,15,5,13,0.5175889648085263,1.3451342582702637,398,42,64
SRE,Utilities,BiLSTM,regression,15,5,14,0.5242334876827259,1.3371288776397705,398,42,64
SRE,Utilities,BiLSTM,regression,15,5,15,0.5083195203213237,1.3310973644256592,398,42,64
SRE,Utilities,BiLSTM,regression,15,5,16,0.4828903714017053,1.3297277688980103,398,42,64
SRE,Utilities,BiLSTM,regression,15,5,17,0.5413225941622077,1.3282866477966309,398,42,64
SRE,Utilities,BiLSTM,regression,15,5,18,0.5062641541862009,1.3285936117172241,398,42,64
SRE,Utilities,BiLSTM,regression,15,5,19,0.4937876349118487,1.328593373298645,398,42,64
SRE,Utilities,BiLSTM,regression,15,5,20,0.5032191310995188,1.3281288146972656,398,42,64
SRE,Utilities,BiLSTM,regression,15,5,21,0.4989665244991456,1.3305373191833496,398,42,64
SRE,Utilities,BiLSTM,regression,15,5,22,0.4969493529604907,1.3381811380386353,398,42,64
SRE,Utilities,BiLSTM,regression,15,5,23,0.4955248022498797,1.342444896697998,398,42,64
SRE,Utilities,BiLSTM,regression,15,5,24,0.5089222844222083,1.3490606546401978,398,42,64
SRE,Utilities,BiLSTM,regression,15,5,25,0.5058117156951272,1.3515994548797607,398,42,64
SRE,Utilities,BiLSTM,regression,15,5,26,0.5022626370940376,1.35419762134552,398,42,64
SRE,Utilities,BiLSTM,regression,15,5,27,0.4662060471036326,1.3591768741607666,398,42,64
T,Technology,BiLSTM,regression,15,5,1,0.5593207256877841,0.4731203019618988,398,42,64
T,Technology,BiLSTM,regression,15,5,2,0.5535659313800946,0.47465142607688904,398,42,64
T,Technology,BiLSTM,regression,15,5,3,0.5364491033494173,0.4764084815979004,398,42,64
T,Technology,BiLSTM,regression,15,5,4,0.5257195138452041,0.47840186953544617,398,42,64
T,Technology,BiLSTM,regression,15,5,5,0.5413361548179358,0.4807235598564148,398,42,64
T,Technology,BiLSTM,regression,15,5,6,0.5187974647061908,0.4838729202747345,398,42,64
T,Technology,BiLSTM,regression,15,5,7,0.5284848412377151,0.48776060342788696,398,42,64
T,Technology,BiLSTM,regression,15,5,8,0.5262992103495191,0.49227771162986755,398,42,64
T,Technology,BiLSTM,regression,15,5,9,0.5105277554473685,0.4985834062099457,398,42,64
T,Technology,BiLSTM,regression,15,5,10,0.500481945485925,0.5064485669136047,398,42,64
T,Technology,BiLSTM,regression,15,5,11,0.4964906871318817,0.5158706307411194,398,42,64
TM,Consumer Goods,BiLSTM,regression,15,5,1,0.5679500857789312,1.146362543106079,398,42,64
TM,Consumer Goods,BiLSTM,regression,15,5,2,0.5079042207655595,1.1479899883270264,398,42,64
TM,Consumer Goods,BiLSTM,regression,15,5,3,0.5319467080597902,1.1498627662658691,398,42,64
TM,Consumer Goods,BiLSTM,regression,15,5,4,0.538038861212419,1.151961326599121,398,42,64
TM,Consumer Goods,BiLSTM,regression,15,5,5,0.5204091344646473,1.1548207998275757,398,42,64
TM,Consumer Goods,BiLSTM,regression,15,5,6,0.5232166456217742,1.158400058746338,398,42,64
TM,Consumer Goods,BiLSTM,regression,15,5,7,0.5004451581880675,1.1634535789489746,398,42,64
TM,Consumer Goods,BiLSTM,regression,15,5,8,0.5330816586712497,1.1689177751541138,398,42,64
TM,Consumer Goods,BiLSTM,regression,15,5,9,0.4940749297489473,1.175937533378601,398,42,64
TM,Consumer Goods,BiLSTM,regression,15,5,10,0.530965115257244,1.1844151020050049,398,42,64
TM,Consumer Goods,BiLSTM,regression,15,5,11,0.49326170209664194,1.1948866844177246,398,42,64
TOT,Basic Matierials,BiLSTM,regression,15,5,1,0.5108644420178092,1.3512954711914062,398,42,64
TOT,Basic Matierials,BiLSTM,regression,15,5,2,0.5036710885601428,1.3505803346633911,398,42,64
TOT,Basic Matierials,BiLSTM,regression,15,5,3,0.531077104447475,1.3494360446929932,398,42,64
TOT,Basic Matierials,BiLSTM,regression,15,5,4,0.5336981808120881,1.3483538627624512,398,42,64
TOT,Basic Matierials,BiLSTM,regression,15,5,5,0.5265683531761169,1.3470524549484253,398,42,64
TOT,Basic Matierials,BiLSTM,regression,15,5,6,0.5317332701167868,1.34542977809906,398,42,64
TOT,Basic Matierials,BiLSTM,regression,15,5,7,0.5134169526735143,1.343909502029419,398,42,64
TOT,Basic Matierials,BiLSTM,regression,15,5,8,0.5004219698097239,1.3422412872314453,398,42,64
TOT,Basic Matierials,BiLSTM,regression,15,5,9,0.4878919654755137,1.3402535915374756,398,42,64
TOT,Basic Matierials,BiLSTM,regression,15,5,10,0.4974352335510541,1.3385738134384155,398,42,64
TOT,Basic Matierials,BiLSTM,regression,15,5,11,0.5078616381889611,1.336817741394043,398,42,64
TOT,Basic Matierials,BiLSTM,regression,15,5,12,0.5253522122026089,1.3330830335617065,398,42,64
TOT,Basic Matierials,BiLSTM,regression,15,5,13,0.48194507460797853,1.3280730247497559,398,42,64
TOT,Basic Matierials,BiLSTM,regression,15,5,14,0.5029577905658501,1.3230513334274292,398,42,64
TOT,Basic Matierials,BiLSTM,regression,15,5,15,0.4931004229352702,1.3202131986618042,398,42,64
TOT,Basic Matierials,BiLSTM,regression,15,5,16,0.49566810170010706,1.3174006938934326,398,42,64
TOT,Basic Matierials,BiLSTM,regression,15,5,17,0.4836280122773731,1.3158148527145386,398,42,64
TOT,Basic Matierials,BiLSTM,regression,15,5,18,0.4799991272502209,1.3142699003219604,398,42,64
TOT,Basic Matierials,BiLSTM,regression,15,5,19,0.4835732848425606,1.3121691942214966,398,42,64
TOT,Basic Matierials,BiLSTM,regression,15,5,20,0.5041467685196268,1.3115198612213135,398,42,64
TOT,Basic Matierials,BiLSTM,regression,15,5,21,0.4723150938300032,1.3097078800201416,398,42,64
TOT,Basic Matierials,BiLSTM,regression,15,5,22,0.47002051860543353,1.3084012269973755,398,42,64
TOT,Basic Matierials,BiLSTM,regression,15,5,23,0.4882954174100454,1.3067430257797241,398,42,64
TOT,Basic Matierials,BiLSTM,regression,15,5,24,0.463903722152039,1.3041763305664062,398,42,64
TOT,Basic Matierials,BiLSTM,regression,15,5,25,0.4833046555818625,1.3030173778533936,398,42,64
TOT,Basic Matierials,BiLSTM,regression,15,5,26,0.4646548126360879,1.3030800819396973,398,42,64
TOT,Basic Matierials,BiLSTM,regression,15,5,27,0.4801024286890749,1.3027422428131104,398,42,64
TOT,Basic Matierials,BiLSTM,regression,15,5,28,0.49707335158808147,1.3018039464950562,398,42,64
TOT,Basic Matierials,BiLSTM,regression,15,5,29,0.46430960537201194,1.2984453439712524,398,42,64
TOT,Basic Matierials,BiLSTM,regression,15,5,30,0.4674731514711476,1.2976399660110474,398,42,64
TOT,Basic Matierials,BiLSTM,regression,15,5,31,0.45956167466376896,1.2971522808074951,398,42,64
TOT,Basic Matierials,BiLSTM,regression,15,5,32,0.486653287955864,1.2950806617736816,398,42,64
TOT,Basic Matierials,BiLSTM,regression,15,5,33,0.4752871451815169,1.2941371202468872,398,42,64
TOT,Basic Matierials,BiLSTM,regression,15,5,34,0.45942860781846934,1.2921464443206787,398,42,64
TOT,Basic Matierials,BiLSTM,regression,15,5,35,0.4575845838791162,1.2915143966674805,398,42,64
TOT,Basic Matierials,BiLSTM,regression,15,5,36,0.4292821120377162,1.2937153577804565,398,42,64
TOT,Basic Matierials,BiLSTM,regression,15,5,37,0.45703277111652507,1.2917336225509644,398,42,64
TOT,Basic Matierials,BiLSTM,regression,15,5,38,0.44142532483417185,1.2894580364227295,398,42,64
TOT,Basic Matierials,BiLSTM,regression,15,5,39,0.4497610836023062,1.2863589525222778,398,42,64
TOT,Basic Matierials,BiLSTM,regression,15,5,40,0.43499751950628196,1.2869068384170532,398,42,64
TOT,Basic Matierials,BiLSTM,regression,15,5,41,0.4493045285718525,1.2876107692718506,398,42,64
TOT,Basic Matierials,BiLSTM,regression,15,5,42,0.4625923635821846,1.2878258228302002,398,42,64
TOT,Basic Matierials,BiLSTM,regression,15,5,43,0.4338243296697511,1.2872885465621948,398,42,64
TOT,Basic Matierials,BiLSTM,regression,15,5,44,0.4351837086917168,1.2884833812713623,398,42,64
TOT,Basic Matierials,BiLSTM,regression,15,5,45,0.4714441193108583,1.2863863706588745,398,42,64
TOT,Basic Matierials,BiLSTM,regression,15,5,46,0.43043455975738604,1.2856700420379639,398,42,64
TOT,Basic Matierials,BiLSTM,regression,15,5,47,0.4291048010614649,1.2848689556121826,398,42,64
TOT,Basic Matierials,BiLSTM,regression,15,5,48,0.4480098235097962,1.2813644409179688,398,42,64
TOT,Basic Matierials,BiLSTM,regression,15,5,49,0.449793976230837,1.2806364297866821,398,42,64
TSM,Technology,BiLSTM,regression,15,5,1,0.5033483421383191,0.7431329488754272,398,42,64
TSM,Technology,BiLSTM,regression,15,5,2,0.5357563899989104,0.7411789894104004,398,42,64
TSM,Technology,BiLSTM,regression,15,5,3,0.526667826439268,0.7389907240867615,398,42,64
TSM,Technology,BiLSTM,regression,15,5,4,0.5149322823064411,0.7364879250526428,398,42,64
TSM,Technology,BiLSTM,regression,15,5,5,0.5050523916081567,0.7337615489959717,398,42,64
TSM,Technology,BiLSTM,regression,15,5,6,0.5011979299574042,0.7305375933647156,398,42,64
TSM,Technology,BiLSTM,regression,15,5,7,0.5069348566496192,0.7267871499061584,398,42,64
TSM,Technology,BiLSTM,regression,15,5,8,0.4997205283474084,0.7229898571968079,398,42,64
TSM,Technology,BiLSTM,regression,15,5,9,0.4981914995303705,0.7193565368652344,398,42,64
TSM,Technology,BiLSTM,regression,15,5,10,0.5020302692849432,0.7162541151046753,398,42,64
TSM,Technology,BiLSTM,regression,15,5,11,0.4821051998653604,0.7134679555892944,398,42,64
TSM,Technology,BiLSTM,regression,15,5,12,0.5204598511283721,0.7118614912033081,398,42,64
TSM,Technology,BiLSTM,regression,15,5,13,0.4770515483228405,0.7135633230209351,398,42,64
TSM,Technology,BiLSTM,regression,15,5,14,0.497343159500678,0.7149703502655029,398,42,64
TSM,Technology,BiLSTM,regression,15,5,15,0.47951178185304805,0.7189518213272095,398,42,64
TSM,Technology,BiLSTM,regression,15,5,16,0.46455758810043335,0.7212100028991699,398,42,64
TSM,Technology,BiLSTM,regression,15,5,17,0.47002949786545645,0.7230297327041626,398,42,64
TSM,Technology,BiLSTM,regression,15,5,18,0.4358808919413006,0.7249776721000671,398,42,64
TSM,Technology,BiLSTM,regression,15,5,19,0.46875813857993887,0.7286840677261353,398,42,64
TSM,Technology,BiLSTM,regression,15,5,20,0.47307564205859776,0.7279938459396362,398,42,64
TSM,Technology,BiLSTM,regression,15,5,21,0.4430269068809011,0.7223985195159912,398,42,64
UL,Consumer Goods,BiLSTM,regression,15,5,1,0.5409461807216233,1.2461005449295044,398,42,64
UL,Consumer Goods,BiLSTM,regression,15,5,2,0.5314152034832604,1.2453980445861816,398,42,64
UL,Consumer Goods,BiLSTM,regression,15,5,3,0.5263264170244112,1.2442634105682373,398,42,64
UL,Consumer Goods,BiLSTM,regression,15,5,4,0.5231976729242047,1.2432035207748413,398,42,64
UL,Consumer Goods,BiLSTM,regression,15,5,5,0.5172702520336937,1.2419730424880981,398,42,64
UL,Consumer Goods,BiLSTM,regression,15,5,6,0.5344322798539646,1.2402087450027466,398,42,64
UL,Consumer Goods,BiLSTM,regression,15,5,7,0.5484687979496903,1.2375372648239136,398,42,64
UL,Consumer Goods,BiLSTM,regression,15,5,8,0.5127246064606623,1.2342740297317505,398,42,64
UL,Consumer Goods,BiLSTM,regression,15,5,9,0.49077869854380735,1.2305407524108887,398,42,64
UL,Consumer Goods,BiLSTM,regression,15,5,10,0.5093242219045534,1.2238683700561523,398,42,64
UL,Consumer Goods,BiLSTM,regression,15,5,11,0.4947835503511093,1.2176604270935059,398,42,64
UL,Consumer Goods,BiLSTM,regression,15,5,12,0.4821018761576121,1.2092243432998657,398,42,64
UL,Consumer Goods,BiLSTM,regression,15,5,13,0.47536378934155754,1.2013258934020996,398,42,64
UL,Consumer Goods,BiLSTM,regression,15,5,14,0.49820665183977864,1.1942839622497559,398,42,64
UL,Consumer Goods,BiLSTM,regression,15,5,15,0.49191471290348765,1.185166835784912,398,42,64
UL,Consumer Goods,BiLSTM,regression,15,5,16,0.4973648584368241,1.176482915878296,398,42,64
UL,Consumer Goods,BiLSTM,regression,15,5,17,0.5057968581142138,1.1704418659210205,398,42,64
UL,Consumer Goods,BiLSTM,regression,15,5,18,0.4788812885631868,1.1643424034118652,398,42,64
UL,Consumer Goods,BiLSTM,regression,15,5,19,0.4834923145160004,1.1616922616958618,398,42,64
UL,Consumer Goods,BiLSTM,regression,15,5,20,0.46433304332608555,1.162549376487732,398,42,64
UL,Consumer Goods,BiLSTM,regression,15,5,21,0.4842848554627979,1.1601841449737549,398,42,64
UL,Consumer Goods,BiLSTM,regression,15,5,22,0.4830724032380473,1.1612403392791748,398,42,64
UL,Consumer Goods,BiLSTM,regression,15,5,23,0.47685019716845084,1.1640126705169678,398,42,64
UL,Consumer Goods,BiLSTM,regression,15,5,24,0.4798500456252889,1.1625850200653076,398,42,64
UL,Consumer Goods,BiLSTM,regression,15,5,25,0.4816218327787054,1.162160038948059,398,42,64
UL,Consumer Goods,BiLSTM,regression,15,5,26,0.46020755651009143,1.1635351181030273,398,42,64
UL,Consumer Goods,BiLSTM,regression,15,5,27,0.4664198354860047,1.1639796495437622,398,42,64
UL,Consumer Goods,BiLSTM,regression,15,5,28,0.4573459605026485,1.1610047817230225,398,42,64
UN,Consumer Goods,BiLSTM,regression,15,5,1,0.5113408266749214,1.326122522354126,398,42,64
UN,Consumer Goods,BiLSTM,regression,15,5,2,0.5175239225128787,1.3273570537567139,398,42,64
UN,Consumer Goods,BiLSTM,regression,15,5,3,0.49917088127016424,1.3283573389053345,398,42,64
UN,Consumer Goods,BiLSTM,regression,15,5,4,0.5174006410879106,1.329445481300354,398,42,64
UN,Consumer Goods,BiLSTM,regression,15,5,5,0.51467051405703,1.3305113315582275,398,42,64
UN,Consumer Goods,BiLSTM,regression,15,5,6,0.4854043871913124,1.3317561149597168,398,42,64
UN,Consumer Goods,BiLSTM,regression,15,5,7,0.5094016044583153,1.332730770111084,398,42,64
UN,Consumer Goods,BiLSTM,regression,15,5,8,0.5145521247806262,1.3342247009277344,398,42,64
UN,Consumer Goods,BiLSTM,regression,15,5,9,0.5143519026699976,1.3372114896774292,398,42,64
UN,Consumer Goods,BiLSTM,regression,15,5,10,0.4778413208735049,1.340364694595337,398,42,64
UN,Consumer Goods,BiLSTM,regression,15,5,11,0.48757233534326505,1.3451628684997559,398,42,64
UNH,Healthcare,BiLSTM,regression,15,5,1,0.5733675600296289,1.3010162115097046,398,42,64
UNH,Healthcare,BiLSTM,regression,15,5,2,0.567968207388068,1.3004541397094727,398,42,64
UNH,Healthcare,BiLSTM,regression,15,5,3,0.5522485333471442,1.2996186017990112,398,42,64
UNH,Healthcare,BiLSTM,regression,15,5,4,0.560131867027762,1.298505187034607,398,42,64
UNH,Healthcare,BiLSTM,regression,15,5,5,0.5468067032607955,1.2974398136138916,398,42,64
UNH,Healthcare,BiLSTM,regression,15,5,6,0.5317660660000901,1.2960211038589478,398,42,64
UNH,Healthcare,BiLSTM,regression,15,5,7,0.5309947234901351,1.2939618825912476,398,42,64
UNH,Healthcare,BiLSTM,regression,15,5,8,0.5587300604312264,1.2917934656143188,398,42,64
UNH,Healthcare,BiLSTM,regression,15,5,9,0.5475778642611288,1.2888681888580322,398,42,64
UNH,Healthcare,BiLSTM,regression,15,5,10,0.5501810096616122,1.2853827476501465,398,42,64
UNH,Healthcare,BiLSTM,regression,15,5,11,0.5272337994982849,1.2821589708328247,398,42,64
UNH,Healthcare,BiLSTM,regression,15,5,12,0.5204628720954435,1.2792079448699951,398,42,64
UNH,Healthcare,BiLSTM,regression,15,5,13,0.5210285237686119,1.275407314300537,398,42,64
UNH,Healthcare,BiLSTM,regression,15,5,14,0.4975290286481081,1.2712475061416626,398,42,64
UNH,Healthcare,BiLSTM,regression,15,5,15,0.510785044138156,1.2670540809631348,398,42,64
UNH,Healthcare,BiLSTM,regression,15,5,16,0.5237414824902712,1.2630833387374878,398,42,64
UNH,Healthcare,BiLSTM,regression,15,5,17,0.5323709285438959,1.2616437673568726,398,42,64
UNH,Healthcare,BiLSTM,regression,15,5,18,0.515081756378538,1.2606724500656128,398,42,64
UNH,Healthcare,BiLSTM,regression,15,5,19,0.49455717131121074,1.2579028606414795,398,42,64
UNH,Healthcare,BiLSTM,regression,15,5,20,0.5249057331276898,1.255982518196106,398,42,64
UNH,Healthcare,BiLSTM,regression,15,5,21,0.5032485292185491,1.252022385597229,398,42,64
UNH,Healthcare,BiLSTM,regression,15,5,22,0.4970161375687949,1.252619981765747,398,42,64
UNH,Healthcare,BiLSTM,regression,15,5,23,0.4927321989931653,1.2527037858963013,398,42,64
UNH,Healthcare,BiLSTM,regression,15,5,24,0.509463301855116,1.249430537223816,398,42,64
UNH,Healthcare,BiLSTM,regression,15,5,25,0.5153138257151273,1.2499991655349731,398,42,64
UNH,Healthcare,BiLSTM,regression,15,5,26,0.4763067469524978,1.2501482963562012,398,42,64
UNH,Healthcare,BiLSTM,regression,15,5,27,0.48686061881894444,1.2506273984909058,398,42,64
UNH,Healthcare,BiLSTM,regression,15,5,28,0.4741895770906803,1.2508310079574585,398,42,64
UNH,Healthcare,BiLSTM,regression,15,5,29,0.48768191780876274,1.2490341663360596,398,42,64
UNH,Healthcare,BiLSTM,regression,15,5,30,0.480613600069554,1.250791072845459,398,42,64
UNH,Healthcare,BiLSTM,regression,15,5,31,0.48855864866894094,1.2507364749908447,398,42,64
UPS,Services,BiLSTM,regression,15,5,1,0.49054144555000806,0.6483029127120972,398,42,64
UPS,Services,BiLSTM,regression,15,5,2,0.47842813496613623,0.6477223038673401,398,42,64
UPS,Services,BiLSTM,regression,15,5,3,0.48764798329703174,0.6467890739440918,398,42,64
UPS,Services,BiLSTM,regression,15,5,4,0.48559820951528887,0.6457080245018005,398,42,64
UPS,Services,BiLSTM,regression,15,5,5,0.4679384165672801,0.6444689035415649,398,42,64
UPS,Services,BiLSTM,regression,15,5,6,0.48370791679650693,0.6428007483482361,398,42,64
UPS,Services,BiLSTM,regression,15,5,7,0.46285678933014224,0.6406341195106506,398,42,64
UPS,Services,BiLSTM,regression,15,5,8,0.47333171798955254,0.6382392644882202,398,42,64
UPS,Services,BiLSTM,regression,15,5,9,0.469514048878272,0.6352041959762573,398,42,64
UPS,Services,BiLSTM,regression,15,5,10,0.4624800843809118,0.6312515735626221,398,42,64
UPS,Services,BiLSTM,regression,15,5,11,0.45680350933841724,0.6269307732582092,398,42,64
UPS,Services,BiLSTM,regression,15,5,12,0.4488399040758909,0.6226672530174255,398,42,64
UPS,Services,BiLSTM,regression,15,5,13,0.4527985558437942,0.6172824501991272,398,42,64
UPS,Services,BiLSTM,regression,15,5,14,0.4419302658819074,0.6122282147407532,398,42,64
UPS,Services,BiLSTM,regression,15,5,15,0.44566561049552417,0.6073485612869263,398,42,64
UPS,Services,BiLSTM,regression,15,5,16,0.4361726051598937,0.6021210551261902,398,42,64
UPS,Services,BiLSTM,regression,15,5,17,0.43048751384169615,0.596926212310791,398,42,64
UPS,Services,BiLSTM,regression,15,5,18,0.44670524609148804,0.592959463596344,398,42,64
UPS,Services,BiLSTM,regression,15,5,19,0.4734549408581988,0.5908777713775635,398,42,64
UPS,Services,BiLSTM,regression,15,5,20,0.45291321481292574,0.5891648530960083,398,42,64
UPS,Services,BiLSTM,regression,15,5,21,0.4381207455342738,0.5885266661643982,398,42,64
UPS,Services,BiLSTM,regression,15,5,22,0.4345211557407475,0.5872002243995667,398,42,64
UPS,Services,BiLSTM,regression,15,5,23,0.4153623185565124,0.5856270790100098,398,42,64
UPS,Services,BiLSTM,regression,15,5,24,0.43319034276895185,0.5861147046089172,398,42,64
UPS,Services,BiLSTM,regression,15,5,25,0.44756271192176855,0.5865355730056763,398,42,64
UPS,Services,BiLSTM,regression,15,5,26,0.43897435802910195,0.5853222608566284,398,42,64
UPS,Services,BiLSTM,regression,15,5,27,0.4446904263903747,0.5836915373802185,398,42,64
UPS,Services,BiLSTM,regression,15,5,28,0.4244376385032232,0.5825671553611755,398,42,64
UPS,Services,BiLSTM,regression,15,5,29,0.4382611315454071,0.5809020400047302,398,42,64
UPS,Services,BiLSTM,regression,15,5,30,0.40664063027156655,0.5806218385696411,398,42,64
UPS,Services,BiLSTM,regression,15,5,31,0.4003162830319237,0.5781639814376831,398,42,64
UPS,Services,BiLSTM,regression,15,5,32,0.41849378844601426,0.577643632888794,398,42,64
UPS,Services,BiLSTM,regression,15,5,33,0.4380411580579365,0.5765751004219055,398,42,64
UPS,Services,BiLSTM,regression,15,5,34,0.4359555172560802,0.5766749978065491,398,42,64
UPS,Services,BiLSTM,regression,15,5,35,0.4333029500204115,0.5763549208641052,398,42,64
UPS,Services,BiLSTM,regression,15,5,36,0.4247694542659587,0.5747406482696533,398,42,64
UPS,Services,BiLSTM,regression,15,5,37,0.4032472653604632,0.5755687355995178,398,42,64
UPS,Services,BiLSTM,regression,15,5,38,0.3952124424316176,0.573889970779419,398,42,64
UPS,Services,BiLSTM,regression,15,5,39,0.4196558966109501,0.574248194694519,398,42,64
UPS,Services,BiLSTM,regression,15,5,40,0.4181958176382822,0.5739525556564331,398,42,64
UPS,Services,BiLSTM,regression,15,5,41,0.4003450708772669,0.5750006437301636,398,42,64
UPS,Services,BiLSTM,regression,15,5,42,0.4236605922181403,0.5757964253425598,398,42,64
UPS,Services,BiLSTM,regression,15,5,43,0.4019334346205745,0.575517475605011,398,42,64
UPS,Services,BiLSTM,regression,15,5,44,0.4006909407562946,0.5752893686294556,398,42,64
UPS,Services,BiLSTM,regression,15,5,45,0.4084105216079022,0.5755689144134521,398,42,64
UPS,Services,BiLSTM,regression,15,5,46,0.39990348162962563,0.5738207697868347,398,42,64
UTX,Industrial Goods,BiLSTM,regression,15,5,1,0.5143780864063819,1.0923893451690674,398,42,64
UTX,Industrial Goods,BiLSTM,regression,15,5,2,0.5312597979253261,1.0949006080627441,398,42,64
UTX,Industrial Goods,BiLSTM,regression,15,5,3,0.48867947971401504,1.0983401536941528,398,42,64
UTX,Industrial Goods,BiLSTM,regression,15,5,4,0.4758434056037634,1.1032140254974365,398,42,64
UTX,Industrial Goods,BiLSTM,regression,15,5,5,0.510956397607698,1.1096442937850952,398,42,64
UTX,Industrial Goods,BiLSTM,regression,15,5,6,0.4933502937681112,1.1174249649047852,398,42,64
UTX,Industrial Goods,BiLSTM,regression,15,5,7,0.47766195349956875,1.1278730630874634,398,42,64
UTX,Industrial Goods,BiLSTM,regression,15,5,8,0.47861591176171997,1.1416069269180298,398,42,64
UTX,Industrial Goods,BiLSTM,regression,15,5,9,0.4777236679690567,1.157569169998169,398,42,64
UTX,Industrial Goods,BiLSTM,regression,15,5,10,0.48281986030501933,1.1759920120239258,398,42,64
UTX,Industrial Goods,BiLSTM,regression,15,5,11,0.45712809107411445,1.1970224380493164,398,42,64
V,Financial,BiLSTM,regression,15,5,1,0.5151779043614565,0.6682044267654419,398,42,64
V,Financial,BiLSTM,regression,15,5,2,0.5087093618047897,0.6663457155227661,398,42,64
V,Financial,BiLSTM,regression,15,5,3,0.5572482185747156,0.6644008159637451,398,42,64
V,Financial,BiLSTM,regression,15,5,4,0.5213833355424392,0.6618333458900452,398,42,64
V,Financial,BiLSTM,regression,15,5,5,0.5200105216634933,0.6587985754013062,398,42,64
V,Financial,BiLSTM,regression,15,5,6,0.5061078970156723,0.6549113988876343,398,42,64
V,Financial,BiLSTM,regression,15,5,7,0.5163111252401342,0.6508517861366272,398,42,64
V,Financial,BiLSTM,regression,15,5,8,0.5124413856309862,0.6465783715248108,398,42,64
V,Financial,BiLSTM,regression,15,5,9,0.5319043703414686,0.642320454120636,398,42,64
V,Financial,BiLSTM,regression,15,5,10,0.5130752969027763,0.6378940939903259,398,42,64
V,Financial,BiLSTM,regression,15,5,11,0.5237687146244336,0.6343445777893066,398,42,64
V,Financial,BiLSTM,regression,15,5,12,0.553386229965555,0.6310826539993286,398,42,64
V,Financial,BiLSTM,regression,15,5,13,0.5176419079603263,0.6283437609672546,398,42,64
V,Financial,BiLSTM,regression,15,5,14,0.4855255137136833,0.625315248966217,398,42,64
V,Financial,BiLSTM,regression,15,5,15,0.4866972080427199,0.621536374092102,398,42,64
V,Financial,BiLSTM,regression,15,5,16,0.5039460410424812,0.617301344871521,398,42,64
V,Financial,BiLSTM,regression,15,5,17,0.4776489078699045,0.6130958795547485,398,42,64
V,Financial,BiLSTM,regression,15,5,18,0.5069253061284971,0.6092854738235474,398,42,64
V,Financial,BiLSTM,regression,15,5,19,0.4867543937572882,0.6071017980575562,398,42,64
V,Financial,BiLSTM,regression,15,5,20,0.4671100369050874,0.6032466292381287,398,42,64
V,Financial,BiLSTM,regression,15,5,21,0.4838388729934117,0.599972665309906,398,42,64
V,Financial,BiLSTM,regression,15,5,22,0.48511865690125894,0.5984694361686707,398,42,64
V,Financial,BiLSTM,regression,15,5,23,0.483689839216932,0.5964112281799316,398,42,64
V,Financial,BiLSTM,regression,15,5,24,0.47880923448495527,0.5943188667297363,398,42,64
V,Financial,BiLSTM,regression,15,5,25,0.49764825141609614,0.5920657515525818,398,42,64
V,Financial,BiLSTM,regression,15,5,26,0.4851520372994581,0.5915050506591797,398,42,64
V,Financial,BiLSTM,regression,15,5,27,0.47756047674159907,0.5925353169441223,398,42,64
V,Financial,BiLSTM,regression,15,5,28,0.48947634079947544,0.5916212201118469,398,42,64
V,Financial,BiLSTM,regression,15,5,29,0.4668567779675201,0.591562032699585,398,42,64
V,Financial,BiLSTM,regression,15,5,30,0.4542900240001966,0.5906326770782471,398,42,64
V,Financial,BiLSTM,regression,15,5,31,0.4746741008518928,0.5891570448875427,398,42,64
V,Financial,BiLSTM,regression,15,5,32,0.45359091393312617,0.5872358083724976,398,42,64
V,Financial,BiLSTM,regression,15,5,33,0.47631468724964854,0.5854178667068481,398,42,64
V,Financial,BiLSTM,regression,15,5,34,0.4566788373880051,0.5863345861434937,398,42,64
V,Financial,BiLSTM,regression,15,5,35,0.4437836369677405,0.5836290121078491,398,42,64
V,Financial,BiLSTM,regression,15,5,36,0.46817474419148125,0.5826104879379272,398,42,64
V,Financial,BiLSTM,regression,15,5,37,0.46566095933243257,0.581713080406189,398,42,64
V,Financial,BiLSTM,regression,15,5,38,0.43926555996564165,0.580212414264679,398,42,64
V,Financial,BiLSTM,regression,15,5,39,0.4409256161157809,0.5795131921768188,398,42,64
V,Financial,BiLSTM,regression,15,5,40,0.4717189474920532,0.577661395072937,398,42,64
V,Financial,BiLSTM,regression,15,5,41,0.4495485182383552,0.5783440470695496,398,42,64
V,Financial,BiLSTM,regression,15,5,42,0.4446316349446474,0.5773581266403198,398,42,64
V,Financial,BiLSTM,regression,15,5,43,0.4437832820355593,0.5759223103523254,398,42,64
V,Financial,BiLSTM,regression,15,5,44,0.42922104633034175,0.5753269195556641,398,42,64
V,Financial,BiLSTM,regression,15,5,45,0.4396785428775615,0.5752406716346741,398,42,64
V,Financial,BiLSTM,regression,15,5,46,0.4359587242255858,0.5765934586524963,398,42,64
V,Financial,BiLSTM,regression,15,5,47,0.43641171413450386,0.5745744109153748,398,42,64
V,Financial,BiLSTM,regression,15,5,48,0.44984807081558,0.5741786956787109,398,42,64
V,Financial,BiLSTM,regression,15,5,49,0.4286363364464075,0.5750738382339478,398,42,64
V,Financial,BiLSTM,regression,15,5,50,0.4313345821059529,0.5754373669624329,398,42,64
VZ,Technology,BiLSTM,regression,15,5,1,0.5331064315896538,0.833014190196991,398,42,64
VZ,Technology,BiLSTM,regression,15,5,2,0.5171930592263764,0.8328784108161926,398,42,64
VZ,Technology,BiLSTM,regression,15,5,3,0.5213553590990191,0.8328338265419006,398,42,64
VZ,Technology,BiLSTM,regression,15,5,4,0.469024282004965,0.8332412242889404,398,42,64
VZ,Technology,BiLSTM,regression,15,5,5,0.49057749797351397,0.8344679474830627,398,42,64
VZ,Technology,BiLSTM,regression,15,5,6,0.5084766589816491,0.8357659578323364,398,42,64
VZ,Technology,BiLSTM,regression,15,5,7,0.4788539831961819,0.8380635976791382,398,42,64
VZ,Technology,BiLSTM,regression,15,5,8,0.48703802530489976,0.8417558670043945,398,42,64
VZ,Technology,BiLSTM,regression,15,5,9,0.508317897367717,0.8460689783096313,398,42,64
VZ,Technology,BiLSTM,regression,15,5,10,0.5059153320801318,0.8519223928451538,398,42,64
VZ,Technology,BiLSTM,regression,15,5,11,0.4873318546381428,0.8573274612426758,398,42,64
WFC,Financial,BiLSTM,regression,15,5,1,0.5487932547477622,1.3375635147094727,398,42,64
WFC,Financial,BiLSTM,regression,15,5,2,0.5190833883369388,1.3385437726974487,398,42,64
WFC,Financial,BiLSTM,regression,15,5,3,0.5336450202830473,1.339396357536316,398,42,64
WFC,Financial,BiLSTM,regression,15,5,4,0.5230562497473242,1.3401983976364136,398,42,64
WFC,Financial,BiLSTM,regression,15,5,5,0.5141127106532379,1.3408961296081543,398,42,64
WFC,Financial,BiLSTM,regression,15,5,6,0.5061033658271459,1.3411716222763062,398,42,64
WFC,Financial,BiLSTM,regression,15,5,7,0.518221077345424,1.3421326875686646,398,42,64
WFC,Financial,BiLSTM,regression,15,5,8,0.5072710290176785,1.343656063079834,398,42,64
WFC,Financial,BiLSTM,regression,15,5,9,0.5145397391451064,1.3452783823013306,398,42,64
WFC,Financial,BiLSTM,regression,15,5,10,0.5071568849997304,1.3467092514038086,398,42,64
WFC,Financial,BiLSTM,regression,15,5,11,0.4877409489834728,1.3495181798934937,398,42,64
WMT,Services,BiLSTM,regression,15,5,1,0.6000780924480764,1.101356863975525,398,42,64
WMT,Services,BiLSTM,regression,15,5,2,0.6011224956668202,1.1003941297531128,398,42,64
WMT,Services,BiLSTM,regression,15,5,3,0.5806335281187566,1.0988914966583252,398,42,64
WMT,Services,BiLSTM,regression,15,5,4,0.5482481084576803,1.097483515739441,398,42,64
WMT,Services,BiLSTM,regression,15,5,5,0.5636836712683865,1.0961030721664429,398,42,64
WMT,Services,BiLSTM,regression,15,5,6,0.5570294545523485,1.0952162742614746,398,42,64
WMT,Services,BiLSTM,regression,15,5,7,0.53957136746627,1.0944268703460693,398,42,64
WMT,Services,BiLSTM,regression,15,5,8,0.5497480003378499,1.0933531522750854,398,42,64
WMT,Services,BiLSTM,regression,15,5,9,0.5583918495992919,1.0931013822555542,398,42,64
WMT,Services,BiLSTM,regression,15,5,10,0.5738833317505055,1.0932303667068481,398,42,64
WMT,Services,BiLSTM,regression,15,5,11,0.53143526501392,1.0945713520050049,398,42,64
WMT,Services,BiLSTM,regression,15,5,12,0.552292159304547,1.0972398519515991,398,42,64
WMT,Services,BiLSTM,regression,15,5,13,0.541801671586444,1.1003897190093994,398,42,64
WMT,Services,BiLSTM,regression,15,5,14,0.5244908674278451,1.1036444902420044,398,42,64
WMT,Services,BiLSTM,regression,15,5,15,0.5081547543631127,1.1055541038513184,398,42,64
WMT,Services,BiLSTM,regression,15,5,16,0.550369021581046,1.1096816062927246,398,42,64
WMT,Services,BiLSTM,regression,15,5,17,0.5117784165707066,1.1126867532730103,398,42,64
WMT,Services,BiLSTM,regression,15,5,18,0.519728392512355,1.1137458086013794,398,42,64
XOM,Basic Matierials,BiLSTM,regression,15,5,1,0.5461133835303723,1.3506615161895752,398,42,64
XOM,Basic Matierials,BiLSTM,regression,15,5,2,0.5452735136501753,1.3500880002975464,398,42,64
XOM,Basic Matierials,BiLSTM,regression,15,5,3,0.5364005385930813,1.3489840030670166,398,42,64
XOM,Basic Matierials,BiLSTM,regression,15,5,4,0.5202665859131358,1.3473490476608276,398,42,64
XOM,Basic Matierials,BiLSTM,regression,15,5,5,0.5242965206428988,1.345445156097412,398,42,64
XOM,Basic Matierials,BiLSTM,regression,15,5,6,0.5287127395970138,1.3426311016082764,398,42,64
XOM,Basic Matierials,BiLSTM,regression,15,5,7,0.54074852520497,1.3389782905578613,398,42,64
XOM,Basic Matierials,BiLSTM,regression,15,5,8,0.5324369393401409,1.3347296714782715,398,42,64
XOM,Basic Matierials,BiLSTM,regression,15,5,9,0.5370365090705641,1.3303284645080566,398,42,64
XOM,Basic Matierials,BiLSTM,regression,15,5,10,0.5359152507542366,1.326267123222351,398,42,64
XOM,Basic Matierials,BiLSTM,regression,15,5,11,0.567777017552649,1.321990728378296,398,42,64
XOM,Basic Matierials,BiLSTM,regression,15,5,12,0.5217495264120438,1.3186335563659668,398,42,64
XOM,Basic Matierials,BiLSTM,regression,15,5,13,0.5252089913765988,1.313847303390503,398,42,64
XOM,Basic Matierials,BiLSTM,regression,15,5,14,0.5068327784538269,1.310252070426941,398,42,64
XOM,Basic Matierials,BiLSTM,regression,15,5,15,0.5214533167867804,1.3073240518569946,398,42,64
XOM,Basic Matierials,BiLSTM,regression,15,5,16,0.5136372102564902,1.3051419258117676,398,42,64
XOM,Basic Matierials,BiLSTM,regression,15,5,17,0.4938816488088675,1.3038772344589233,398,42,64
XOM,Basic Matierials,BiLSTM,regression,15,5,18,0.5101926383660667,1.3034437894821167,398,42,64
XOM,Basic Matierials,BiLSTM,regression,15,5,19,0.506598352187842,1.3036372661590576,398,42,64
XOM,Basic Matierials,BiLSTM,regression,15,5,20,0.5249137524983392,1.3051371574401855,398,42,64
XOM,Basic Matierials,BiLSTM,regression,15,5,21,0.51414489476525,1.3036439418792725,398,42,64
XOM,Basic Matierials,BiLSTM,regression,15,5,22,0.49625868413915586,1.3013368844985962,398,42,64
XOM,Basic Matierials,BiLSTM,regression,15,5,23,0.47956810045481923,1.3003367185592651,398,42,64
XOM,Basic Matierials,BiLSTM,regression,15,5,24,0.5157624411223521,1.3004426956176758,398,42,64
XOM,Basic Matierials,BiLSTM,regression,15,5,25,0.4909212655158498,1.3015021085739136,398,42,64
XOM,Basic Matierials,BiLSTM,regression,15,5,26,0.49152868417040185,1.300782561302185,398,42,64
