company,sector,model_type,problem_type,sequence_length,horizon_steps,epoch,train_loss,val_loss,train_samples,val_samples,test_samples
AAPL,Consumer Goods,GRU,multiclass,15,5,1,1.266983080149895,0.9697020649909973,398,42,64
AAPL,Consumer Goods,GRU,multiclass,15,5,2,0.7691375652150293,0.9897623970395043,398,42,64
AAPL,Consumer Goods,GRU,multiclass,15,5,3,0.618428879047758,1.6781011308942522,398,42,64
AAPL,Consumer Goods,GRU,multiclass,15,5,4,0.5673033460300771,1.5830302976426625,398,42,64
AAPL,Consumer Goods,GRU,multiclass,15,5,5,0.5237336071891401,2.713990393139067,398,42,64
AAPL,Consumer Goods,GRU,multiclass,15,5,6,0.4444271772351097,1.1501626684552146,398,42,64
AAPL,Consumer Goods,GRU,multiclass,15,5,7,0.4425455414170596,2.3845623447781517,398,42,64
AAPL,Consumer Goods,GRU,multiclass,15,5,8,0.416769921929393,2.0905476751781644,398,42,64
AAPL,Consumer Goods,GRU,multiclass,15,5,9,0.3505945734342738,2.712686992826916,398,42,64
AAPL,Consumer Goods,GRU,multiclass,15,5,10,0.35597718900172554,3.0983056795029413,398,42,64
AAPL,Consumer Goods,GRU,multiclass,15,5,11,0.3502853658031579,2.5735539141155424,398,42,64
AAPL,Consumer Goods,GRU,multiclass,15,5,12,0.322284460067749,3.767111959911528,398,42,64
AAPL,Consumer Goods,GRU,multiclass,15,5,13,0.3321466407733946,1.088682350658235,398,42,64
AAPL,Consumer Goods,GRU,multiclass,15,5,14,0.3377078720672646,1.6064079375494094,398,42,64
AAPL,Consumer Goods,GRU,multiclass,15,5,15,0.2816032371928344,2.3813075111025857,398,42,64
AAPL,Consumer Goods,GRU,multiclass,15,5,16,0.2642188574276378,2.9039759862990606,398,42,64
AAPL,Consumer Goods,GRU,multiclass,15,5,17,0.25563253284474113,2.6657723699297224,398,42,64
AAPL,Consumer Goods,GRU,multiclass,15,5,18,0.28124621999099025,2.795861834571475,398,42,64
AAPL,Consumer Goods,GRU,multiclass,15,5,19,0.24618253542400484,2.755686635062808,398,42,64
AAPL,Consumer Goods,GRU,multiclass,15,5,20,0.23904837402117313,2.959953330812,398,42,64
AAPL,Consumer Goods,GRU,multiclass,15,5,21,0.21931824625362104,2.6451182819548107,398,42,64
ABB,Industrial Goods,GRU,multiclass,15,5,1,1.2373227405188671,1.3690518821988786,398,42,64
ABB,Industrial Goods,GRU,multiclass,15,5,2,0.8851030474931152,3.6144587766556513,398,42,64
ABB,Industrial Goods,GRU,multiclass,15,5,3,0.7536533897246548,4.5404907294682095,398,42,64
ABB,Industrial Goods,GRU,multiclass,15,5,4,0.694501446868906,5.092215481258574,398,42,64
ABB,Industrial Goods,GRU,multiclass,15,5,5,0.659297520491346,6.406531061444964,398,42,64
ABB,Industrial Goods,GRU,multiclass,15,5,6,0.656327612286237,4.025364262717111,398,42,64
ABB,Industrial Goods,GRU,multiclass,15,5,7,0.6845307982147638,6.822262605031331,398,42,64
ABB,Industrial Goods,GRU,multiclass,15,5,8,0.6425611297389371,5.090198868796939,398,42,64
ABB,Industrial Goods,GRU,multiclass,15,5,9,0.4922271559585878,5.937846410842169,398,42,64
ABB,Industrial Goods,GRU,multiclass,15,5,10,0.4285704286853273,4.999048312505086,398,42,64
ABB,Industrial Goods,GRU,multiclass,15,5,11,0.37735001345974717,5.094658363433111,398,42,64
ABB,Industrial Goods,GRU,multiclass,15,5,12,0.35633477568626404,4.811995551699684,398,42,64
ABB,Industrial Goods,GRU,multiclass,15,5,13,0.3924747545215952,5.147872323081607,398,42,64
ABB,Industrial Goods,GRU,multiclass,15,5,14,0.39330135982240266,4.600518544514974,398,42,64
ABB,Industrial Goods,GRU,multiclass,15,5,15,0.3634173487448812,5.930185431525821,398,42,64
ABB,Industrial Goods,GRU,multiclass,15,5,16,0.3105510485980978,4.647027322224209,398,42,64
ABB,Industrial Goods,GRU,multiclass,15,5,17,0.2997080950281728,5.761230287097749,398,42,64
ABB,Industrial Goods,GRU,multiclass,15,5,18,0.3033738048681662,4.997413340068999,398,42,64
ABB,Industrial Goods,GRU,multiclass,15,5,19,0.2951797071713299,6.222472758520217,398,42,64
ABB,Industrial Goods,GRU,multiclass,15,5,20,0.2649103896551995,5.511867682139079,398,42,64
ABB,Industrial Goods,GRU,multiclass,15,5,21,0.26064850921606897,5.447858401707241,398,42,64
ABBV,Healthcare,GRU,multiclass,15,5,1,1.1459682221859244,0.7682703392846244,331,42,64
ABBV,Healthcare,GRU,multiclass,15,5,2,0.6994606285296898,0.8190749571436927,331,42,64
ABBV,Healthcare,GRU,multiclass,15,5,3,0.6902394814253574,1.7801106997898646,331,42,64
ABBV,Healthcare,GRU,multiclass,15,5,4,0.5848495323672396,1.6600687503814697,331,42,64
ABBV,Healthcare,GRU,multiclass,15,5,5,0.49381462477845367,2.239344755808512,331,42,64
ABBV,Healthcare,GRU,multiclass,15,5,6,0.47208498990067543,2.1900104454585483,331,42,64
ABBV,Healthcare,GRU,multiclass,15,5,7,0.42805631994480814,2.7170131433577764,331,42,64
ABBV,Healthcare,GRU,multiclass,15,5,8,0.3916792084443245,1.8745307354699998,331,42,64
ABBV,Healthcare,GRU,multiclass,15,5,9,0.3624693388485116,2.024482454572405,331,42,64
ABBV,Healthcare,GRU,multiclass,15,5,10,0.3259050792977889,3.038688932146345,331,42,64
ABBV,Healthcare,GRU,multiclass,15,5,11,0.305584279837205,2.697177921022688,331,42,64
ABBV,Healthcare,GRU,multiclass,15,5,12,0.26797960414987315,3.123206002371652,331,42,64
ABBV,Healthcare,GRU,multiclass,15,5,13,0.2558780614613046,3.3562379564557756,331,42,64
ABBV,Healthcare,GRU,multiclass,15,5,14,0.2546074974302799,3.758706705910819,331,42,64
ABBV,Healthcare,GRU,multiclass,15,5,15,0.2398919704007238,3.471947601863316,331,42,64
ABBV,Healthcare,GRU,multiclass,15,5,16,0.23973657713015634,3.31862059093657,331,42,64
ABBV,Healthcare,GRU,multiclass,15,5,17,0.23251676311845865,4.160981314522879,331,42,64
ABBV,Healthcare,GRU,multiclass,15,5,18,0.20191633624792818,3.605824107215518,331,42,64
ABBV,Healthcare,GRU,multiclass,15,5,19,0.19521104276540416,3.438874153863816,331,42,64
ABBV,Healthcare,GRU,multiclass,15,5,20,0.20319479339252425,4.406347774323963,331,42,64
ABBV,Healthcare,GRU,multiclass,15,5,21,0.20050657484286502,3.5684671629042852,331,42,64
AEP,Utilities,GRU,multiclass,15,5,1,1.2701260600257758,1.1209740809031896,398,42,64
AEP,Utilities,GRU,multiclass,15,5,2,0.7999925282432805,1.1230341082527524,398,42,64
AEP,Utilities,GRU,multiclass,15,5,3,0.6230227664187925,1.1004205204191662,398,42,64
AEP,Utilities,GRU,multiclass,15,5,4,0.5036207913753376,1.176154959769476,398,42,64
AEP,Utilities,GRU,multiclass,15,5,5,0.5218680572869191,1.4516609736851283,398,42,64
AEP,Utilities,GRU,multiclass,15,5,6,0.49591736136069847,1.6570459320431663,398,42,64
AEP,Utilities,GRU,multiclass,15,5,7,0.4337266402028913,1.0284188985824585,398,42,64
AEP,Utilities,GRU,multiclass,15,5,8,0.42271704275404387,1.3465326797394526,398,42,64
AEP,Utilities,GRU,multiclass,15,5,9,0.4852478694376634,1.2958543300628662,398,42,64
AEP,Utilities,GRU,multiclass,15,5,10,0.5068162734334792,1.4017452909832908,398,42,64
AEP,Utilities,GRU,multiclass,15,5,11,0.39116609478416153,1.346810792173658,398,42,64
AEP,Utilities,GRU,multiclass,15,5,12,0.34119645764480283,1.4843762147994268,398,42,64
AEP,Utilities,GRU,multiclass,15,5,13,0.41055537483200955,1.145325535819644,398,42,64
AEP,Utilities,GRU,multiclass,15,5,14,0.3899294954148968,1.1545898800804502,398,42,64
AEP,Utilities,GRU,multiclass,15,5,15,0.3203652849299225,1.167758549962725,398,42,64
AEP,Utilities,GRU,multiclass,15,5,16,0.27725184091071986,1.0566290787288122,398,42,64
AEP,Utilities,GRU,multiclass,15,5,17,0.2644532108726214,1.3906960998262679,398,42,64
AEP,Utilities,GRU,multiclass,15,5,18,0.26931752811125176,1.1138061852682204,398,42,64
AEP,Utilities,GRU,multiclass,15,5,19,0.2431354818481896,1.394591598283677,398,42,64
AEP,Utilities,GRU,multiclass,15,5,20,0.2300625923440684,1.4120952628907704,398,42,64
AEP,Utilities,GRU,multiclass,15,5,21,0.21992216599946046,1.49797294821058,398,42,64
AEP,Utilities,GRU,multiclass,15,5,22,0.2245666304575139,1.3808302992866153,398,42,64
AEP,Utilities,GRU,multiclass,15,5,23,0.22608501872225623,1.4593079430716378,398,42,64
AEP,Utilities,GRU,multiclass,15,5,24,0.21996746515508872,1.3349828663326444,398,42,64
AEP,Utilities,GRU,multiclass,15,5,25,0.20422327525951156,1.459746582167489,398,42,64
AEP,Utilities,GRU,multiclass,15,5,26,0.18446256033140213,1.55674143632253,398,42,64
AEP,Utilities,GRU,multiclass,15,5,27,0.1749775792336344,1.4726856776646204,398,42,64
AMGN,Healthcare,GRU,multiclass,15,5,1,1.3157416498241712,0.6623951764333815,398,42,64
AMGN,Healthcare,GRU,multiclass,15,5,2,0.790851995573571,0.8039058744907379,398,42,64
AMGN,Healthcare,GRU,multiclass,15,5,3,0.6448024726992276,1.2286593204452878,398,42,64
AMGN,Healthcare,GRU,multiclass,15,5,4,0.6307320373142185,0.9505309349014646,398,42,64
AMGN,Healthcare,GRU,multiclass,15,5,5,0.528034433348095,0.9279450178146362,398,42,64
AMGN,Healthcare,GRU,multiclass,15,5,6,0.46636807499219424,2.2682477860223678,398,42,64
AMGN,Healthcare,GRU,multiclass,15,5,7,0.44630477101958577,1.8404838811783564,398,42,64
AMGN,Healthcare,GRU,multiclass,15,5,8,0.4092156948456213,1.921191896711077,398,42,64
AMGN,Healthcare,GRU,multiclass,15,5,9,0.3967559198338782,2.933030469076974,398,42,64
AMGN,Healthcare,GRU,multiclass,15,5,10,0.41561543005495216,2.6371723129635765,398,42,64
AMGN,Healthcare,GRU,multiclass,15,5,11,0.35743140882283597,1.89703521274385,398,42,64
AMGN,Healthcare,GRU,multiclass,15,5,12,0.336343642230609,2.825024968101865,398,42,64
AMGN,Healthcare,GRU,multiclass,15,5,13,0.40798011077708335,1.517740737824213,398,42,64
AMGN,Healthcare,GRU,multiclass,15,5,14,0.35680187347546294,1.638278983888172,398,42,64
AMGN,Healthcare,GRU,multiclass,15,5,15,0.28612984203962827,1.484946534747169,398,42,64
AMGN,Healthcare,GRU,multiclass,15,5,16,0.2620301188610906,1.5654963538760232,398,42,64
AMGN,Healthcare,GRU,multiclass,15,5,17,0.25739915575364125,1.9346061774662562,398,42,64
AMGN,Healthcare,GRU,multiclass,15,5,18,0.2559988975300262,1.5311720257713681,398,42,64
AMGN,Healthcare,GRU,multiclass,15,5,19,0.25607828058339843,2.145036061604818,398,42,64
AMGN,Healthcare,GRU,multiclass,15,5,20,0.24876190669572534,1.6276329699016752,398,42,64
AMGN,Healthcare,GRU,multiclass,15,5,21,0.2201434944817169,1.7774583839234852,398,42,64
AMZN,Services,GRU,multiclass,15,5,1,1.2992032131358007,1.0692085141227359,398,42,64
AMZN,Services,GRU,multiclass,15,5,2,0.8586762068259656,1.1276258173443021,398,42,64
AMZN,Services,GRU,multiclass,15,5,3,0.743106057595967,3.1839817819141207,398,42,64
AMZN,Services,GRU,multiclass,15,5,4,0.65060654686923,3.7968650318327404,398,42,64
AMZN,Services,GRU,multiclass,15,5,5,0.6544585253425579,2.0144248122260686,398,42,64
AMZN,Services,GRU,multiclass,15,5,6,0.5738718660932091,3.3199649992443265,398,42,64
AMZN,Services,GRU,multiclass,15,5,7,0.5377149083207001,2.22465071224031,398,42,64
AMZN,Services,GRU,multiclass,15,5,8,0.49724402439654175,2.580579167320615,398,42,64
AMZN,Services,GRU,multiclass,15,5,9,0.5022718084217915,3.7079584257943288,398,42,64
AMZN,Services,GRU,multiclass,15,5,10,0.41821978020308603,2.331646976016817,398,42,64
AMZN,Services,GRU,multiclass,15,5,11,0.3950837637162089,4.338231064024425,398,42,64
AMZN,Services,GRU,multiclass,15,5,12,0.3810741325568913,1.9715626126243955,398,42,64
AMZN,Services,GRU,multiclass,15,5,13,0.3715357824635865,4.129271166665213,398,42,64
AMZN,Services,GRU,multiclass,15,5,14,0.32554543055781165,3.0011961800711497,398,42,64
AMZN,Services,GRU,multiclass,15,5,15,0.335968731635779,3.6353943007332936,398,42,64
AMZN,Services,GRU,multiclass,15,5,16,0.3037046036079301,3.2341809953962053,398,42,64
AMZN,Services,GRU,multiclass,15,5,17,0.2869959256457324,4.047603311992827,398,42,64
AMZN,Services,GRU,multiclass,15,5,18,0.2894466530587805,3.930746214730399,398,42,64
AMZN,Services,GRU,multiclass,15,5,19,0.26243078506472123,3.6499493689764115,398,42,64
AMZN,Services,GRU,multiclass,15,5,20,0.2482173654751562,4.002849646977016,398,42,64
AMZN,Services,GRU,multiclass,15,5,21,0.22402401665347305,4.596761226654053,398,42,64
BA,Industrial Goods,GRU,multiclass,15,5,1,1.2224088616706619,0.7289711038271586,398,42,64
BA,Industrial Goods,GRU,multiclass,15,5,2,0.8031085427082962,0.6634426954246703,398,42,64
BA,Industrial Goods,GRU,multiclass,15,5,3,0.6718144353909709,0.8046810854048956,398,42,64
BA,Industrial Goods,GRU,multiclass,15,5,4,0.642112814152061,1.1687081654866536,398,42,64
BA,Industrial Goods,GRU,multiclass,15,5,5,0.5249631106853485,0.9321296811103821,398,42,64
BA,Industrial Goods,GRU,multiclass,15,5,6,0.5149344891759019,0.8735349235080537,398,42,64
BA,Industrial Goods,GRU,multiclass,15,5,7,0.5008983004033266,1.285698033514477,398,42,64
BA,Industrial Goods,GRU,multiclass,15,5,8,0.47676189760466914,0.7036078898679643,398,42,64
BA,Industrial Goods,GRU,multiclass,15,5,9,0.41624360842321384,0.9720085802532378,398,42,64
BA,Industrial Goods,GRU,multiclass,15,5,10,0.365056041497082,0.721366388457162,398,42,64
BA,Industrial Goods,GRU,multiclass,15,5,11,0.3446854153769699,0.7888744842438471,398,42,64
BA,Industrial Goods,GRU,multiclass,15,5,12,0.34437494511580347,0.7118524525846753,398,42,64
BA,Industrial Goods,GRU,multiclass,15,5,13,0.35261451209609834,0.9135357737541199,398,42,64
BA,Industrial Goods,GRU,multiclass,15,5,14,0.32650989548644826,0.8441457975478399,398,42,64
BA,Industrial Goods,GRU,multiclass,15,5,15,0.3178721882739858,0.7969600260257721,398,42,64
BA,Industrial Goods,GRU,multiclass,15,5,16,0.30817879549222976,1.000845349970318,398,42,64
BA,Industrial Goods,GRU,multiclass,15,5,17,0.26774569612052573,0.9368616214820317,398,42,64
BA,Industrial Goods,GRU,multiclass,15,5,18,0.24258997579615318,0.8930495452313196,398,42,64
BA,Industrial Goods,GRU,multiclass,15,5,19,0.2289973593237412,1.0025453567504883,398,42,64
BA,Industrial Goods,GRU,multiclass,15,5,20,0.21840478494838256,0.9541577540692829,398,42,64
BA,Industrial Goods,GRU,multiclass,15,5,21,0.2094614129120381,1.0007875504947843,398,42,64
BA,Industrial Goods,GRU,multiclass,15,5,22,0.20824177308597758,1.0058457411470867,398,42,64
BAC,Financial,GRU,multiclass,15,5,1,1.0678826694812007,0.8497451600574312,398,42,64
BAC,Financial,GRU,multiclass,15,5,2,0.7428676739110419,2.199157567251296,398,42,64
BAC,Financial,GRU,multiclass,15,5,3,0.6723541711742554,1.7114205473945254,398,42,64
BAC,Financial,GRU,multiclass,15,5,4,0.5757450997529916,1.1266828321275257,398,42,64
BAC,Financial,GRU,multiclass,15,5,5,0.4911959187768812,1.7006352969578333,398,42,64
BAC,Financial,GRU,multiclass,15,5,6,0.5190894981874293,0.8408447191828773,398,42,64
BAC,Financial,GRU,multiclass,15,5,7,0.4560825942299474,1.2239233312152682,398,42,64
BAC,Financial,GRU,multiclass,15,5,8,0.45024718194451163,1.0673387277693975,398,42,64
BAC,Financial,GRU,multiclass,15,5,9,0.4544901418775769,1.1344694807415916,398,42,64
BAC,Financial,GRU,multiclass,15,5,10,0.4311259335758698,1.6954341729482014,398,42,64
BAC,Financial,GRU,multiclass,15,5,11,0.40216882025177153,1.1857760066077823,398,42,64
BAC,Financial,GRU,multiclass,15,5,12,0.3918102850117276,1.0818645414851962,398,42,64
BAC,Financial,GRU,multiclass,15,5,13,0.36273802644643355,1.3477469625927152,398,42,64
BAC,Financial,GRU,multiclass,15,5,14,0.3573158482211319,1.3495423055830456,398,42,64
BAC,Financial,GRU,multiclass,15,5,15,0.34029525301264757,1.3682129099255516,398,42,64
BAC,Financial,GRU,multiclass,15,5,16,0.320840670235792,1.5082003729684013,398,42,64
BAC,Financial,GRU,multiclass,15,5,17,0.29281399140705416,1.1884983153570265,398,42,64
BAC,Financial,GRU,multiclass,15,5,18,0.29193053892509424,1.434750380970183,398,42,64
BAC,Financial,GRU,multiclass,15,5,19,0.28864544405410036,1.2441007012412661,398,42,64
BAC,Financial,GRU,multiclass,15,5,20,0.2687118467523824,1.1798056676274253,398,42,64
BAC,Financial,GRU,multiclass,15,5,21,0.24809025520056335,1.4104317767279488,398,42,64
BAC,Financial,GRU,multiclass,15,5,22,0.23610897122615546,1.1830301256406874,398,42,64
BAC,Financial,GRU,multiclass,15,5,23,0.2294892058450373,1.5969082173847018,398,42,64
BAC,Financial,GRU,multiclass,15,5,24,0.23266100988316177,1.3524775334766932,398,42,64
BAC,Financial,GRU,multiclass,15,5,25,0.22510137255467363,1.356038735026405,398,42,64
BAC,Financial,GRU,multiclass,15,5,26,0.21068626544882904,1.3769315566335405,398,42,64
BBL,Basic Matierials,GRU,multiclass,15,5,1,1.458870862596598,1.1299386336689903,398,42,64
BBL,Basic Matierials,GRU,multiclass,15,5,2,0.9523254126759629,1.7701735893885295,398,42,64
BBL,Basic Matierials,GRU,multiclass,15,5,3,0.7764626437395661,2.001628523781186,398,42,64
BBL,Basic Matierials,GRU,multiclass,15,5,4,0.692646080075796,1.798016593569801,398,42,64
BBL,Basic Matierials,GRU,multiclass,15,5,5,0.6227997345241469,2.172566811243693,398,42,64
BBL,Basic Matierials,GRU,multiclass,15,5,6,0.686943696371874,3.4551092102414085,398,42,64
BBL,Basic Matierials,GRU,multiclass,15,5,7,0.6339470260406859,1.473448049454462,398,42,64
BBL,Basic Matierials,GRU,multiclass,15,5,8,0.5930080358407006,4.400443849109468,398,42,64
BBL,Basic Matierials,GRU,multiclass,15,5,9,0.5794674179062771,1.5570287988299416,398,42,64
BBL,Basic Matierials,GRU,multiclass,15,5,10,0.54534416537189,1.6791825975690569,398,42,64
BBL,Basic Matierials,GRU,multiclass,15,5,11,0.4994258820711069,2.3490734554472423,398,42,64
BBL,Basic Matierials,GRU,multiclass,15,5,12,0.5678073486790585,2.7917094003586542,398,42,64
BBL,Basic Matierials,GRU,multiclass,15,5,13,0.4733616170571677,2.148087501525879,398,42,64
BBL,Basic Matierials,GRU,multiclass,15,5,14,0.41482204333621653,2.6599151406969344,398,42,64
BBL,Basic Matierials,GRU,multiclass,15,5,15,0.3849131762981415,2.5981562364669073,398,42,64
BBL,Basic Matierials,GRU,multiclass,15,5,16,0.3676876603957996,1.8091985781987507,398,42,64
BBL,Basic Matierials,GRU,multiclass,15,5,17,0.34434331092403164,1.6213483299527849,398,42,64
BBL,Basic Matierials,GRU,multiclass,15,5,18,0.35652029409480457,2.686350039073399,398,42,64
BBL,Basic Matierials,GRU,multiclass,15,5,19,0.3939492060011955,1.7095471450260706,398,42,64
BBL,Basic Matierials,GRU,multiclass,15,5,20,0.3390829802757532,1.4124702896390642,398,42,64
BBL,Basic Matierials,GRU,multiclass,15,5,21,0.28179105517253206,1.7386143661680675,398,42,64
BCH,Financial,GRU,multiclass,15,5,1,1.3322240880985357,1.7205915791647775,398,42,64
BCH,Financial,GRU,multiclass,15,5,2,0.8885684336849193,3.0147806462787448,398,42,64
BCH,Financial,GRU,multiclass,15,5,3,0.7469030906207598,3.9265304179418656,398,42,64
BCH,Financial,GRU,multiclass,15,5,4,0.6463657698439593,4.153456108910697,398,42,64
BCH,Financial,GRU,multiclass,15,5,5,0.60356917228531,4.627529711950393,398,42,64
BCH,Financial,GRU,multiclass,15,5,6,0.6294166039881395,4.042668308530535,398,42,64
BCH,Financial,GRU,multiclass,15,5,7,0.5622759567732787,5.942079612186977,398,42,64
BCH,Financial,GRU,multiclass,15,5,8,0.5503347300404879,3.686575787408011,398,42,64
BCH,Financial,GRU,multiclass,15,5,9,0.4415238709305998,5.2333017985026045,398,42,64
BCH,Financial,GRU,multiclass,15,5,10,0.41178154241499587,5.90411867414202,398,42,64
BCH,Financial,GRU,multiclass,15,5,11,0.4065661861668879,4.8168291591462635,398,42,64
BCH,Financial,GRU,multiclass,15,5,12,0.457053668385175,5.491719586508615,398,42,64
BCH,Financial,GRU,multiclass,15,5,13,0.4396905195922708,4.756131830669585,398,42,64
BCH,Financial,GRU,multiclass,15,5,14,0.39441462280462736,4.991991974058605,398,42,64
BCH,Financial,GRU,multiclass,15,5,15,0.35933082569484137,4.843975805100941,398,42,64
BCH,Financial,GRU,multiclass,15,5,16,0.36351106244715015,4.530216568992252,398,42,64
BCH,Financial,GRU,multiclass,15,5,17,0.327164247032985,5.556701274145217,398,42,64
BCH,Financial,GRU,multiclass,15,5,18,0.30301038426669996,5.121099449339367,398,42,64
BCH,Financial,GRU,multiclass,15,5,19,0.30042788322696734,5.381731487455822,398,42,64
BCH,Financial,GRU,multiclass,15,5,20,0.3346285112014967,5.552086103530157,398,42,64
BCH,Financial,GRU,multiclass,15,5,21,0.30030361585431364,4.716537782124111,398,42,64
BHP,Basic Matierials,GRU,multiclass,15,5,1,1.3558858093903892,1.4954906304677327,398,42,64
BHP,Basic Matierials,GRU,multiclass,15,5,2,1.0261117815971375,4.447628305071876,398,42,64
BHP,Basic Matierials,GRU,multiclass,15,5,3,0.9627526713975111,2.226848256020319,398,42,64
BHP,Basic Matierials,GRU,multiclass,15,5,4,0.7483650499851859,3.248175405320667,398,42,64
BHP,Basic Matierials,GRU,multiclass,15,5,5,0.7425494778096376,4.667798223949614,398,42,64
BHP,Basic Matierials,GRU,multiclass,15,5,6,0.7235460494031858,2.0174999237060547,398,42,64
BHP,Basic Matierials,GRU,multiclass,15,5,7,0.6504534741292647,2.6319946334475564,398,42,64
BHP,Basic Matierials,GRU,multiclass,15,5,8,0.5445703010463235,1.680313161441258,398,42,64
BHP,Basic Matierials,GRU,multiclass,15,5,9,0.5013039941014956,3.2261675766536166,398,42,64
BHP,Basic Matierials,GRU,multiclass,15,5,10,0.5985004826256978,2.352206672940935,398,42,64
BHP,Basic Matierials,GRU,multiclass,15,5,11,0.49013440812652437,2.093735655148824,398,42,64
BHP,Basic Matierials,GRU,multiclass,15,5,12,0.4275908537545995,0.9995119458153134,398,42,64
BHP,Basic Matierials,GRU,multiclass,15,5,13,0.39662288473778634,2.021202558562869,398,42,64
BHP,Basic Matierials,GRU,multiclass,15,5,14,0.3750497060804511,2.393486749558222,398,42,64
BHP,Basic Matierials,GRU,multiclass,15,5,15,0.3563248780205022,2.2649268082209995,398,42,64
BHP,Basic Matierials,GRU,multiclass,15,5,16,0.33062969589952246,2.66542919476827,398,42,64
BHP,Basic Matierials,GRU,multiclass,15,5,17,0.36618475129256894,1.4860214449110485,398,42,64
BHP,Basic Matierials,GRU,multiclass,15,5,18,0.28794761181776246,2.2672115848177956,398,42,64
BHP,Basic Matierials,GRU,multiclass,15,5,19,0.2814837194342709,1.6035493385224115,398,42,64
BHP,Basic Matierials,GRU,multiclass,15,5,20,0.2613771908621692,1.6195510682605563,398,42,64
BHP,Basic Matierials,GRU,multiclass,15,5,21,0.24689209083067112,1.7443312747137887,398,42,64
BHP,Basic Matierials,GRU,multiclass,15,5,22,0.24672737114842813,1.6818568536213465,398,42,64
BHP,Basic Matierials,GRU,multiclass,15,5,23,0.2347139905220899,1.7623629286175682,398,42,64
BHP,Basic Matierials,GRU,multiclass,15,5,24,0.22705440279377165,2.2832045555114746,398,42,64
BHP,Basic Matierials,GRU,multiclass,15,5,25,0.22737476892357494,1.779840662365868,398,42,64
BHP,Basic Matierials,GRU,multiclass,15,5,26,0.22776590444933828,2.231278578440348,398,42,64
BHP,Basic Matierials,GRU,multiclass,15,5,27,0.2057930590893755,2.5140691030593145,398,42,64
BHP,Basic Matierials,GRU,multiclass,15,5,28,0.20004034413015423,2.6507414068494524,398,42,64
BHP,Basic Matierials,GRU,multiclass,15,5,29,0.19091423810576674,2.700111059915452,398,42,64
BHP,Basic Matierials,GRU,multiclass,15,5,30,0.18616166467492903,2.5225675900777182,398,42,64
BHP,Basic Matierials,GRU,multiclass,15,5,31,0.17975099991314375,2.669393221537272,398,42,64
BHP,Basic Matierials,GRU,multiclass,15,5,32,0.17197821716118097,2.602284068153018,398,42,64
BP,Basic Matierials,GRU,multiclass,15,5,1,1.3996495679395282,1.4245659056163968,398,42,64
BP,Basic Matierials,GRU,multiclass,15,5,2,0.8127464427420842,2.507260833467756,398,42,64
BP,Basic Matierials,GRU,multiclass,15,5,3,0.6493154857026872,3.6249595823742093,398,42,64
BP,Basic Matierials,GRU,multiclass,15,5,4,0.6319212124275801,2.953860288574582,398,42,64
BP,Basic Matierials,GRU,multiclass,15,5,5,0.5886008935657578,3.104003735951015,398,42,64
BP,Basic Matierials,GRU,multiclass,15,5,6,0.6325630347932404,2.7688671350479126,398,42,64
BP,Basic Matierials,GRU,multiclass,15,5,7,0.5286923283009074,2.058688067254566,398,42,64
BP,Basic Matierials,GRU,multiclass,15,5,8,0.541116203345246,3.13114971773965,398,42,64
BP,Basic Matierials,GRU,multiclass,15,5,9,0.4669104875931189,1.7810224351428805,398,42,64
BP,Basic Matierials,GRU,multiclass,15,5,10,0.4520809227347973,2.3037185555412654,398,42,64
BP,Basic Matierials,GRU,multiclass,15,5,11,0.44135922245943365,1.5821291775930495,398,42,64
BP,Basic Matierials,GRU,multiclass,15,5,12,0.3994352704466288,1.8259170282454718,398,42,64
BP,Basic Matierials,GRU,multiclass,15,5,13,0.397812960210757,1.7986784435453869,398,42,64
BP,Basic Matierials,GRU,multiclass,15,5,14,0.41376886850026384,2.3499382677532377,398,42,64
BP,Basic Matierials,GRU,multiclass,15,5,15,0.3548180785161167,1.9645218735649472,398,42,64
BP,Basic Matierials,GRU,multiclass,15,5,16,0.32106416975733026,1.1653320789337158,398,42,64
BP,Basic Matierials,GRU,multiclass,15,5,17,0.2941200768378512,1.9390174263999576,398,42,64
BP,Basic Matierials,GRU,multiclass,15,5,18,0.2912691358345837,0.9832516681580317,398,42,64
BP,Basic Matierials,GRU,multiclass,15,5,19,0.30243469587522537,1.1670568386713664,398,42,64
BP,Basic Matierials,GRU,multiclass,15,5,20,0.29384773703825534,1.9479710828690302,398,42,64
BP,Basic Matierials,GRU,multiclass,15,5,21,0.2846513378934645,0.8900411299296788,398,42,64
BP,Basic Matierials,GRU,multiclass,15,5,22,0.27728000635178246,1.7551130680810838,398,42,64
BP,Basic Matierials,GRU,multiclass,15,5,23,0.28972951880651504,0.9787212723777408,398,42,64
BP,Basic Matierials,GRU,multiclass,15,5,24,0.26992494167394976,0.9382489465531849,398,42,64
BP,Basic Matierials,GRU,multiclass,15,5,25,0.24189709168133425,0.9936033600852603,398,42,64
BP,Basic Matierials,GRU,multiclass,15,5,26,0.23501870923455637,1.0393472739628382,398,42,64
BP,Basic Matierials,GRU,multiclass,15,5,27,0.23588798352372106,1.0767732801891507,398,42,64
BP,Basic Matierials,GRU,multiclass,15,5,28,0.23464161408456727,0.9896095366705031,398,42,64
BP,Basic Matierials,GRU,multiclass,15,5,29,0.21068575663782244,1.0147090071723575,398,42,64
BP,Basic Matierials,GRU,multiclass,15,5,30,0.19726415019688295,1.000379937035697,398,42,64
BP,Basic Matierials,GRU,multiclass,15,5,31,0.192991831082495,1.0768335773831321,398,42,64
BP,Basic Matierials,GRU,multiclass,15,5,32,0.18761931569432494,1.0216080801827567,398,42,64
BP,Basic Matierials,GRU,multiclass,15,5,33,0.18294322434531984,1.1778162774585543,398,42,64
BP,Basic Matierials,GRU,multiclass,15,5,34,0.18103847510401327,1.05514052936009,398,42,64
BP,Basic Matierials,GRU,multiclass,15,5,35,0.1757035981770137,1.414491131192162,398,42,64
BP,Basic Matierials,GRU,multiclass,15,5,36,0.17294262753958678,1.243025643484933,398,42,64
BP,Basic Matierials,GRU,multiclass,15,5,37,0.16983341223480714,1.5789779822031658,398,42,64
BP,Basic Matierials,GRU,multiclass,15,5,38,0.16921390042682388,1.3671290647415888,398,42,64
BP,Basic Matierials,GRU,multiclass,15,5,39,0.16784683951930185,1.7590994834899902,398,42,64
BP,Basic Matierials,GRU,multiclass,15,5,40,0.1690316203625957,1.3321690218789237,398,42,64
BP,Basic Matierials,GRU,multiclass,15,5,41,0.16287649115875139,1.8120171910240537,398,42,64
BRK-A,Financial,GRU,multiclass,15,5,1,1.406456120349654,1.2995285817555018,398,42,64
BRK-A,Financial,GRU,multiclass,15,5,2,0.7235703674992126,2.4047974972497848,398,42,64
BRK-A,Financial,GRU,multiclass,15,5,3,0.6744659546032623,3.558874016716367,398,42,64
BRK-A,Financial,GRU,multiclass,15,5,4,0.5678942958314215,3.0766230878375826,398,42,64
BRK-A,Financial,GRU,multiclass,15,5,5,0.6609614723591349,4.8035830316089445,398,42,64
BRK-A,Financial,GRU,multiclass,15,5,6,0.5818028249333252,3.267084553128197,398,42,64
BRK-A,Financial,GRU,multiclass,15,5,7,0.5218037324934149,4.303945836566744,398,42,64
BRK-A,Financial,GRU,multiclass,15,5,8,0.484590449075603,3.6533847763424827,398,42,64
BRK-A,Financial,GRU,multiclass,15,5,9,0.4446962785780729,4.079816398166475,398,42,64
BRK-A,Financial,GRU,multiclass,15,5,10,0.4251825074155127,3.2263322330656505,398,42,64
BRK-A,Financial,GRU,multiclass,15,5,11,0.3809796728980002,4.127725692022414,398,42,64
BRK-A,Financial,GRU,multiclass,15,5,12,0.3594826311621834,3.379890623546782,398,42,64
BRK-A,Financial,GRU,multiclass,15,5,13,0.34563109518295554,3.7675065313066756,398,42,64
BRK-A,Financial,GRU,multiclass,15,5,14,0.37018004149647815,3.30927342460269,398,42,64
BRK-A,Financial,GRU,multiclass,15,5,15,0.345048642787502,3.8380234355018255,398,42,64
BRK-A,Financial,GRU,multiclass,15,5,16,0.3299868437812556,2.6648898351760137,398,42,64
BRK-A,Financial,GRU,multiclass,15,5,17,0.35167479560003806,4.229755923861549,398,42,64
BRK-A,Financial,GRU,multiclass,15,5,18,0.3344506923876815,3.062946535292126,398,42,64
BRK-A,Financial,GRU,multiclass,15,5,19,0.32415281662988904,3.839187326885405,398,42,64
BRK-A,Financial,GRU,multiclass,15,5,20,0.296908230937306,3.1790395350683305,398,42,64
BRK-A,Financial,GRU,multiclass,15,5,21,0.2754145487768566,3.5918241228376115,398,42,64
BSAC,Financial,GRU,multiclass,15,5,1,1.541249999149361,1.3044354631787254,398,42,64
BSAC,Financial,GRU,multiclass,15,5,2,1.004164588211769,2.712968951179868,398,42,64
BSAC,Financial,GRU,multiclass,15,5,3,0.7362593061959923,3.1821971393766857,398,42,64
BSAC,Financial,GRU,multiclass,15,5,4,0.6658078150533552,4.6296039535885765,398,42,64
BSAC,Financial,GRU,multiclass,15,5,5,0.6103107445503599,3.2533818085988364,398,42,64
BSAC,Financial,GRU,multiclass,15,5,6,0.564271270779509,3.7593730063665483,398,42,64
BSAC,Financial,GRU,multiclass,15,5,7,0.5668858909726742,3.694978816168649,398,42,64
BSAC,Financial,GRU,multiclass,15,5,8,0.49403976315829023,3.339602243332636,398,42,64
BSAC,Financial,GRU,multiclass,15,5,9,0.42216774297119986,3.6730004719325473,398,42,64
BSAC,Financial,GRU,multiclass,15,5,10,0.40207480560595066,3.544927506219773,398,42,64
BSAC,Financial,GRU,multiclass,15,5,11,0.4001167624739546,3.5058786414918446,398,42,64
BSAC,Financial,GRU,multiclass,15,5,12,0.4302206830163697,2.907052062806629,398,42,64
BSAC,Financial,GRU,multiclass,15,5,13,0.37984348871001045,3.6627339067913236,398,42,64
BSAC,Financial,GRU,multiclass,15,5,14,0.3521712676963614,2.8081865197136286,398,42,64
BSAC,Financial,GRU,multiclass,15,5,15,0.29547472934627056,3.224538564682007,398,42,64
BSAC,Financial,GRU,multiclass,15,5,16,0.2691887071983299,2.5751397155580067,398,42,64
BSAC,Financial,GRU,multiclass,15,5,17,0.267047147355487,3.0219426495688304,398,42,64
BSAC,Financial,GRU,multiclass,15,5,18,0.28823560820752053,3.5174687703450522,398,42,64
BSAC,Financial,GRU,multiclass,15,5,19,0.2559200374025795,3.171989633923485,398,42,64
BSAC,Financial,GRU,multiclass,15,5,20,0.25449200925515525,3.9746745200384233,398,42,64
BSAC,Financial,GRU,multiclass,15,5,21,0.24023738967713398,3.445550657453991,398,42,64
BUD,Consumer Goods,GRU,multiclass,15,5,1,1.1957005807502785,1.4357513359614782,398,42,64
BUD,Consumer Goods,GRU,multiclass,15,5,2,0.7384645001373099,2.7289087431771413,398,42,64
BUD,Consumer Goods,GRU,multiclass,15,5,3,0.650153704923601,2.827326808656965,398,42,64
BUD,Consumer Goods,GRU,multiclass,15,5,4,0.5837697159105809,4.156301453000023,398,42,64
BUD,Consumer Goods,GRU,multiclass,15,5,5,0.5776219332038458,2.97962524777367,398,42,64
BUD,Consumer Goods,GRU,multiclass,15,5,6,0.49759618900529107,3.29167602175758,398,42,64
BUD,Consumer Goods,GRU,multiclass,15,5,7,0.4231767139243121,2.951255480448405,398,42,64
BUD,Consumer Goods,GRU,multiclass,15,5,8,0.3888101034128486,3.6544956820351735,398,42,64
BUD,Consumer Goods,GRU,multiclass,15,5,9,0.3743510816864033,3.3484025455656505,398,42,64
BUD,Consumer Goods,GRU,multiclass,15,5,10,0.3735128555765104,3.5732875097365606,398,42,64
BUD,Consumer Goods,GRU,multiclass,15,5,11,0.36703408842709795,3.643270969390869,398,42,64
BUD,Consumer Goods,GRU,multiclass,15,5,12,0.34104128825904134,3.44967177936009,398,42,64
BUD,Consumer Goods,GRU,multiclass,15,5,13,0.32680338082002036,3.079010781787691,398,42,64
BUD,Consumer Goods,GRU,multiclass,15,5,14,0.30396628027884803,3.8223885808672224,398,42,64
BUD,Consumer Goods,GRU,multiclass,15,5,15,0.29117952122460655,2.773189385732015,398,42,64
BUD,Consumer Goods,GRU,multiclass,15,5,16,0.27111654387946105,3.3010760034833635,398,42,64
BUD,Consumer Goods,GRU,multiclass,15,5,17,0.26361227799300574,3.1849877493722096,398,42,64
BUD,Consumer Goods,GRU,multiclass,15,5,18,0.26694883039249245,3.0965176763988675,398,42,64
BUD,Consumer Goods,GRU,multiclass,15,5,19,0.25061553596851216,3.6279947417122975,398,42,64
BUD,Consumer Goods,GRU,multiclass,15,5,20,0.2421996904977003,3.1720781326293945,398,42,64
BUD,Consumer Goods,GRU,multiclass,15,5,21,0.21544949118815473,3.267092909131731,398,42,64
C,Financial,GRU,multiclass,15,5,1,1.2675187026136485,0.7670875333604359,398,42,64
C,Financial,GRU,multiclass,15,5,2,0.7759408196013178,1.070826910790943,398,42,64
C,Financial,GRU,multiclass,15,5,3,0.7103052179717538,1.474682365145002,398,42,64
C,Financial,GRU,multiclass,15,5,4,0.5999735433552134,2.6305751346406483,398,42,64
C,Financial,GRU,multiclass,15,5,5,0.5596569846173627,2.3513663155691966,398,42,64
C,Financial,GRU,multiclass,15,5,6,0.5705946562577732,2.154680910564604,398,42,64
C,Financial,GRU,multiclass,15,5,7,0.4616679292378114,2.2268549601236978,398,42,64
C,Financial,GRU,multiclass,15,5,8,0.3942164965161127,2.260642551240467,398,42,64
C,Financial,GRU,multiclass,15,5,9,0.36726938787117674,2.5217926388695124,398,42,64
C,Financial,GRU,multiclass,15,5,10,0.3596334265704131,1.9110205059959775,398,42,64
C,Financial,GRU,multiclass,15,5,11,0.38322400110750343,3.7414381617591497,398,42,64
C,Financial,GRU,multiclass,15,5,12,0.3786896063604547,1.9048045135679699,398,42,64
C,Financial,GRU,multiclass,15,5,13,0.35537621611027265,3.4127770832606723,398,42,64
C,Financial,GRU,multiclass,15,5,14,0.3369604086306826,1.964591832388015,398,42,64
C,Financial,GRU,multiclass,15,5,15,0.30369459100105056,2.472985710416521,398,42,64
C,Financial,GRU,multiclass,15,5,16,0.28417002975042144,2.149195841380528,398,42,64
C,Financial,GRU,multiclass,15,5,17,0.2643181684628204,2.2035192989167713,398,42,64
C,Financial,GRU,multiclass,15,5,18,0.27285858344792124,1.8535617079053606,398,42,64
C,Financial,GRU,multiclass,15,5,19,0.25237027551960106,2.4415870848156156,398,42,64
C,Financial,GRU,multiclass,15,5,20,0.2411755446962376,2.583550044468471,398,42,64
C,Financial,GRU,multiclass,15,5,21,0.22525243715724752,2.2578788825443814,398,42,64
CAT,Industrial Goods,GRU,multiclass,15,5,1,1.3655323281360032,1.0403982968557448,398,42,64
CAT,Industrial Goods,GRU,multiclass,15,5,2,0.8454403445948309,2.8661476771036782,398,42,64
CAT,Industrial Goods,GRU,multiclass,15,5,3,0.7084513737927729,3.6531204723176502,398,42,64
CAT,Industrial Goods,GRU,multiclass,15,5,4,0.6288198228157944,4.881419840313139,398,42,64
CAT,Industrial Goods,GRU,multiclass,15,5,5,0.607885291827983,3.1562566416604176,398,42,64
CAT,Industrial Goods,GRU,multiclass,15,5,6,0.5874452885970398,2.5440114452725364,398,42,64
CAT,Industrial Goods,GRU,multiclass,15,5,7,0.6294488602846711,2.6656626633235385,398,42,64
CAT,Industrial Goods,GRU,multiclass,15,5,8,0.5435139569804897,3.4495882987976074,398,42,64
CAT,Industrial Goods,GRU,multiclass,15,5,9,0.46567292796007953,2.383531752086821,398,42,64
CAT,Industrial Goods,GRU,multiclass,15,5,10,0.41364818803928605,2.6597785836174372,398,42,64
CAT,Industrial Goods,GRU,multiclass,15,5,11,0.37876787572050813,1.637631825038365,398,42,64
CAT,Industrial Goods,GRU,multiclass,15,5,12,0.37602063234726985,1.6432793821607317,398,42,64
CAT,Industrial Goods,GRU,multiclass,15,5,13,0.33551718055003854,1.543641623996553,398,42,64
CAT,Industrial Goods,GRU,multiclass,15,5,14,0.4241187046071393,1.4392146383013045,398,42,64
CAT,Industrial Goods,GRU,multiclass,15,5,15,0.3223067092610963,1.4879039923350017,398,42,64
CAT,Industrial Goods,GRU,multiclass,15,5,16,0.3197044574810033,1.389140492393857,398,42,64
CAT,Industrial Goods,GRU,multiclass,15,5,17,0.3141849315795467,1.0512889566875638,398,42,64
CAT,Industrial Goods,GRU,multiclass,15,5,18,0.2796184811834714,1.0019920496713548,398,42,64
CAT,Industrial Goods,GRU,multiclass,15,5,19,0.2638105080280472,1.0689214695067633,398,42,64
CAT,Industrial Goods,GRU,multiclass,15,5,20,0.26579492756320006,1.1281451384226482,398,42,64
CAT,Industrial Goods,GRU,multiclass,15,5,21,0.2637291029844452,1.0798088198616391,398,42,64
CAT,Industrial Goods,GRU,multiclass,15,5,22,0.2666335459330573,1.1980682866913932,398,42,64
CAT,Industrial Goods,GRU,multiclass,15,5,23,0.2417119180212668,1.0892815306073143,398,42,64
CAT,Industrial Goods,GRU,multiclass,15,5,24,0.24363439058388897,1.0825899725868589,398,42,64
CAT,Industrial Goods,GRU,multiclass,15,5,25,0.2334614643199959,1.2589807992889768,398,42,64
CAT,Industrial Goods,GRU,multiclass,15,5,26,0.20953078579213752,1.1735937425068446,398,42,64
CAT,Industrial Goods,GRU,multiclass,15,5,27,0.19217848130057205,1.2325162036078317,398,42,64
CAT,Industrial Goods,GRU,multiclass,15,5,28,0.18287419168344096,1.285417962641943,398,42,64
CAT,Industrial Goods,GRU,multiclass,15,5,29,0.17867233218559667,1.284943313825698,398,42,64
CAT,Industrial Goods,GRU,multiclass,15,5,30,0.17675969270455777,1.3236678895496188,398,42,64
CAT,Industrial Goods,GRU,multiclass,15,5,31,0.17630278903186022,1.2950784336952936,398,42,64
CAT,Industrial Goods,GRU,multiclass,15,5,32,0.17573024976493126,1.3069063879194713,398,42,64
CAT,Industrial Goods,GRU,multiclass,15,5,33,0.17203209122371435,1.348372098945436,398,42,64
CAT,Industrial Goods,GRU,multiclass,15,5,34,0.16898219392227767,1.317396981375558,398,42,64
CAT,Industrial Goods,GRU,multiclass,15,5,35,0.16745570609018431,1.3614322883742196,398,42,64
CAT,Industrial Goods,GRU,multiclass,15,5,36,0.16609024533524586,1.3678849538167317,398,42,64
CAT,Industrial Goods,GRU,multiclass,15,5,37,0.16512607438630195,1.4043710771061124,398,42,64
CAT,Industrial Goods,GRU,multiclass,15,5,38,0.1587207027191493,1.4096197854904902,398,42,64
CELG,Healthcare,GRU,multiclass,15,5,1,1.124825556224315,0.6729179194995335,398,42,64
CELG,Healthcare,GRU,multiclass,15,5,2,0.8168425621399328,0.9491952700274331,398,42,64
CELG,Healthcare,GRU,multiclass,15,5,3,0.7385984789486506,0.5824935798134122,398,42,64
CELG,Healthcare,GRU,multiclass,15,5,4,0.6642344694341248,1.4929994287944974,398,42,64
CELG,Healthcare,GRU,multiclass,15,5,5,0.6201917834617384,0.6698291975827444,398,42,64
CELG,Healthcare,GRU,multiclass,15,5,6,0.6195761742603839,1.6494472977660952,398,42,64
CELG,Healthcare,GRU,multiclass,15,5,7,0.4911882989670164,0.9434814467316582,398,42,64
CELG,Healthcare,GRU,multiclass,15,5,8,0.4990067270083643,1.5505670195534116,398,42,64
CELG,Healthcare,GRU,multiclass,15,5,9,0.4896778896376116,1.1734563644443239,398,42,64
CELG,Healthcare,GRU,multiclass,15,5,10,0.4116492031806677,1.1369721332476252,398,42,64
CELG,Healthcare,GRU,multiclass,15,5,11,0.4367734933618325,1.4509779115517933,398,42,64
CELG,Healthcare,GRU,multiclass,15,5,12,0.33849150369215253,1.1405997829777854,398,42,64
CELG,Healthcare,GRU,multiclass,15,5,13,0.32354972732426535,1.2405451387166977,398,42,64
CELG,Healthcare,GRU,multiclass,15,5,14,0.3438345832591081,1.760702451779729,398,42,64
CELG,Healthcare,GRU,multiclass,15,5,15,0.4613391826650006,1.4422430090961003,398,42,64
CELG,Healthcare,GRU,multiclass,15,5,16,0.3342667914664925,1.5427870537553514,398,42,64
CELG,Healthcare,GRU,multiclass,15,5,17,0.2797346982225102,0.9954825185594105,398,42,64
CELG,Healthcare,GRU,multiclass,15,5,18,0.258205791326923,1.5931766153801055,398,42,64
CELG,Healthcare,GRU,multiclass,15,5,19,0.26556993391945133,1.152406820583911,398,42,64
CELG,Healthcare,GRU,multiclass,15,5,20,0.2624577254281571,1.3092514794497263,398,42,64
CELG,Healthcare,GRU,multiclass,15,5,21,0.2575647189239761,1.2640603912018595,398,42,64
CELG,Healthcare,GRU,multiclass,15,5,22,0.1913468729910539,1.211763053777672,398,42,64
CELG,Healthcare,GRU,multiclass,15,5,23,0.17440512315861545,1.2687746410568554,398,42,64
CHL,Technology,GRU,multiclass,15,5,1,1.2244188492022567,1.011343382653736,398,42,64
CHL,Technology,GRU,multiclass,15,5,2,0.7764056834144208,1.3498498031071253,398,42,64
CHL,Technology,GRU,multiclass,15,5,3,0.7240360750624882,1.4204777763003396,398,42,64
CHL,Technology,GRU,multiclass,15,5,4,0.6168065517391991,1.9727982452937536,398,42,64
CHL,Technology,GRU,multiclass,15,5,5,0.6332980067885701,1.7693864277430944,398,42,64
CHL,Technology,GRU,multiclass,15,5,6,0.5360247016552105,1.9335509708949499,398,42,64
CHL,Technology,GRU,multiclass,15,5,7,0.5553579632960373,1.6202929587591262,398,42,64
CHL,Technology,GRU,multiclass,15,5,8,0.4690393618303328,1.7545185429709298,398,42,64
CHL,Technology,GRU,multiclass,15,5,9,0.43397299293896663,1.632958559762864,398,42,64
CHL,Technology,GRU,multiclass,15,5,10,0.4230264587018957,1.763093528293428,398,42,64
CHL,Technology,GRU,multiclass,15,5,11,0.40084865000379744,1.6044082641601562,398,42,64
CHL,Technology,GRU,multiclass,15,5,12,0.36098046847923315,1.3596425510588146,398,42,64
CHL,Technology,GRU,multiclass,15,5,13,0.35485765847129436,1.5763463633401054,398,42,64
CHL,Technology,GRU,multiclass,15,5,14,0.3394642762802354,1.6052079314277286,398,42,64
CHL,Technology,GRU,multiclass,15,5,15,0.30767519113106945,1.5466868877410889,398,42,64
CHL,Technology,GRU,multiclass,15,5,16,0.2973423834571886,1.5058435939607167,398,42,64
CHL,Technology,GRU,multiclass,15,5,17,0.2924610886292242,1.9091946738106864,398,42,64
CHL,Technology,GRU,multiclass,15,5,18,0.31103104839672396,1.5370324112120128,398,42,64
CHL,Technology,GRU,multiclass,15,5,19,0.29240798036656784,1.644906100772676,398,42,64
CHL,Technology,GRU,multiclass,15,5,20,0.281098177534851,1.3848796117873419,398,42,64
CHL,Technology,GRU,multiclass,15,5,21,0.24757541326721708,1.7012199333735876,398,42,64
CHTR,Services,GRU,multiclass,15,5,1,1.2238518368059665,1.554644329207284,398,42,64
CHTR,Services,GRU,multiclass,15,5,2,0.7966783025755955,1.212041437625885,398,42,64
CHTR,Services,GRU,multiclass,15,5,3,0.7340845441698429,1.240358171008882,398,42,64
CHTR,Services,GRU,multiclass,15,5,4,0.607452949986386,1.1191277362051464,398,42,64
CHTR,Services,GRU,multiclass,15,5,5,0.5697063755749459,2.192308709734962,398,42,64
CHTR,Services,GRU,multiclass,15,5,6,0.5316934474748582,1.1571916341781616,398,42,64
CHTR,Services,GRU,multiclass,15,5,7,0.5165609949497721,2.0909089701516286,398,42,64
CHTR,Services,GRU,multiclass,15,5,8,0.5113929520599806,1.2823145389556885,398,42,64
CHTR,Services,GRU,multiclass,15,5,9,0.4671779300399761,2.3613650117601668,398,42,64
CHTR,Services,GRU,multiclass,15,5,10,0.42006249598522283,1.466897618202936,398,42,64
CHTR,Services,GRU,multiclass,15,5,11,0.3741817318614404,2.8923819405691966,398,42,64
CHTR,Services,GRU,multiclass,15,5,12,0.3370503248581335,1.7357649349030995,398,42,64
CHTR,Services,GRU,multiclass,15,5,13,0.3273640823124641,2.4617456595102944,398,42,64
CHTR,Services,GRU,multiclass,15,5,14,0.3372328630344352,1.8114191123417445,398,42,64
CHTR,Services,GRU,multiclass,15,5,15,0.3483402161442455,2.352568297159104,398,42,64
CHTR,Services,GRU,multiclass,15,5,16,0.35175396704194534,1.9098664124806721,398,42,64
CHTR,Services,GRU,multiclass,15,5,17,0.2932902611230486,2.2645798978351412,398,42,64
CHTR,Services,GRU,multiclass,15,5,18,0.24281671283832149,2.282193410964239,398,42,64
CHTR,Services,GRU,multiclass,15,5,19,0.22064705807060453,2.198918410709926,398,42,64
CHTR,Services,GRU,multiclass,15,5,20,0.20574415149401182,2.422581604548863,398,42,64
CHTR,Services,GRU,multiclass,15,5,21,0.19668498118618624,2.4752573058718728,398,42,64
CHTR,Services,GRU,multiclass,15,5,22,0.19484626947335862,2.8412348429361978,398,42,64
CHTR,Services,GRU,multiclass,15,5,23,0.1852832506948979,2.75591246287028,398,42,64
CHTR,Services,GRU,multiclass,15,5,24,0.1791755656650917,2.817705517723447,398,42,64
CMCSA,Services,GRU,multiclass,15,5,1,1.1969171450964768,1.0224843422571819,398,42,64
CMCSA,Services,GRU,multiclass,15,5,2,0.7655036299671959,1.005454727581569,398,42,64
CMCSA,Services,GRU,multiclass,15,5,3,0.6554941873454568,1.224091263044448,398,42,64
CMCSA,Services,GRU,multiclass,15,5,4,0.5741791045246412,1.5089582375117712,398,42,64
CMCSA,Services,GRU,multiclass,15,5,5,0.534091389658463,2.0403587250482467,398,42,64
CMCSA,Services,GRU,multiclass,15,5,6,0.5457757289086155,1.5151904821395874,398,42,64
CMCSA,Services,GRU,multiclass,15,5,7,0.4621308478877772,3.327494292032151,398,42,64
CMCSA,Services,GRU,multiclass,15,5,8,0.4538717163567567,3.268472592035929,398,42,64
CMCSA,Services,GRU,multiclass,15,5,9,0.44564398254581433,3.2159347761245,398,42,64
CMCSA,Services,GRU,multiclass,15,5,10,0.422074631230915,3.433529081798735,398,42,64
CMCSA,Services,GRU,multiclass,15,5,11,0.3656974980729309,3.524808611188616,398,42,64
CMCSA,Services,GRU,multiclass,15,5,12,0.3309784383330513,3.9872150194077265,398,42,64
CMCSA,Services,GRU,multiclass,15,5,13,0.32343932619346444,4.528196516491118,398,42,64
CMCSA,Services,GRU,multiclass,15,5,14,0.3416674540719794,3.9234436125982377,398,42,64
CMCSA,Services,GRU,multiclass,15,5,15,0.35367666776455825,4.088935534159343,398,42,64
CMCSA,Services,GRU,multiclass,15,5,16,0.29146381546205014,4.2035587174551825,398,42,64
CMCSA,Services,GRU,multiclass,15,5,17,0.2690414350536001,4.53008999143328,398,42,64
CMCSA,Services,GRU,multiclass,15,5,18,0.2501389395501745,4.7033292679559615,398,42,64
CMCSA,Services,GRU,multiclass,15,5,19,0.2397444258682692,4.805838675726028,398,42,64
CMCSA,Services,GRU,multiclass,15,5,20,0.23692067222080038,5.099194549378895,398,42,64
CMCSA,Services,GRU,multiclass,15,5,21,0.2443406827485741,4.546255588531494,398,42,64
CMCSA,Services,GRU,multiclass,15,5,22,0.22937826288105853,5.483198302132743,398,42,64
CODI,Conglomerates,GRU,multiclass,15,5,1,1.3954213671947844,0.7847320919945127,398,42,64
CODI,Conglomerates,GRU,multiclass,15,5,2,0.8868408733276866,2.675426505860828,398,42,64
CODI,Conglomerates,GRU,multiclass,15,5,3,0.7245639517678687,2.0963969344184514,398,42,64
CODI,Conglomerates,GRU,multiclass,15,5,4,0.6925190195965407,4.292232399895077,398,42,64
CODI,Conglomerates,GRU,multiclass,15,5,5,0.6895190480366424,2.4435270513807024,398,42,64
CODI,Conglomerates,GRU,multiclass,15,5,6,0.6534037961432683,5.183490185510545,398,42,64
CODI,Conglomerates,GRU,multiclass,15,5,7,0.5889925091110881,3.749473208472842,398,42,64
CODI,Conglomerates,GRU,multiclass,15,5,8,0.4926247321181561,4.025035494849796,398,42,64
CODI,Conglomerates,GRU,multiclass,15,5,9,0.4532840416659063,4.605947653452556,398,42,64
CODI,Conglomerates,GRU,multiclass,15,5,10,0.48788984262164514,4.109677519117083,398,42,64
CODI,Conglomerates,GRU,multiclass,15,5,11,0.46455877180674565,3.8787832941327776,398,42,64
CODI,Conglomerates,GRU,multiclass,15,5,12,0.4741022994170836,5.410806996481759,398,42,64
CODI,Conglomerates,GRU,multiclass,15,5,13,0.397483274864791,3.633094151814779,398,42,64
CODI,Conglomerates,GRU,multiclass,15,5,14,0.37253268040604326,4.0716205551510765,398,42,64
CODI,Conglomerates,GRU,multiclass,15,5,15,0.3418840674599211,4.645781948452904,398,42,64
CODI,Conglomerates,GRU,multiclass,15,5,16,0.3390621535442582,3.724388826461065,398,42,64
CODI,Conglomerates,GRU,multiclass,15,5,17,0.34822408413168177,5.406281970796131,398,42,64
CODI,Conglomerates,GRU,multiclass,15,5,18,0.32522205342000454,4.485522905985515,398,42,64
CODI,Conglomerates,GRU,multiclass,15,5,19,0.307114040132743,5.15721675327846,398,42,64
CODI,Conglomerates,GRU,multiclass,15,5,20,0.29840174317359924,5.3203106834774925,398,42,64
CODI,Conglomerates,GRU,multiclass,15,5,21,0.2835646490355832,5.111382620675223,398,42,64
CSCO,Technology,GRU,multiclass,15,5,1,1.2481658692335962,0.8976899073237464,398,42,64
CSCO,Technology,GRU,multiclass,15,5,2,0.7091779469245643,1.8068563484010243,398,42,64
CSCO,Technology,GRU,multiclass,15,5,3,0.6277997550652854,1.6970916191736858,398,42,64
CSCO,Technology,GRU,multiclass,15,5,4,0.562672590640322,1.9446154094877697,398,42,64
CSCO,Technology,GRU,multiclass,15,5,5,0.536132474640506,1.6323669410887218,398,42,64
CSCO,Technology,GRU,multiclass,15,5,6,0.5782039923284521,2.3624795845576694,398,42,64
CSCO,Technology,GRU,multiclass,15,5,7,0.523640015316968,2.0227692013695124,398,42,64
CSCO,Technology,GRU,multiclass,15,5,8,0.4755186687162773,1.9838929971059163,398,42,64
CSCO,Technology,GRU,multiclass,15,5,9,0.4523272867777839,2.0779642377580916,398,42,64
CSCO,Technology,GRU,multiclass,15,5,10,0.4372974737505218,2.2611346471877325,398,42,64
CSCO,Technology,GRU,multiclass,15,5,11,0.39299089075931953,1.9142553238641649,398,42,64
CSCO,Technology,GRU,multiclass,15,5,12,0.37627216754247195,2.5380160013834634,398,42,64
CSCO,Technology,GRU,multiclass,15,5,13,0.37231146765114675,2.0894867238544284,398,42,64
CSCO,Technology,GRU,multiclass,15,5,14,0.3398108718982294,2.175895952043079,398,42,64
CSCO,Technology,GRU,multiclass,15,5,15,0.32318540269406,2.4627864020211354,398,42,64
CSCO,Technology,GRU,multiclass,15,5,16,0.2941486459581097,2.2419111955733526,398,42,64
CSCO,Technology,GRU,multiclass,15,5,17,0.29105846396642715,2.3494773024604436,398,42,64
CSCO,Technology,GRU,multiclass,15,5,18,0.2798019864750867,2.2068185352143788,398,42,64
CSCO,Technology,GRU,multiclass,15,5,19,0.2832618158816093,1.851783621878851,398,42,64
CSCO,Technology,GRU,multiclass,15,5,20,0.2642313328070856,2.1006307374863398,398,42,64
CSCO,Technology,GRU,multiclass,15,5,21,0.2571602132002912,1.804756488118853,398,42,64
CVX,Basic Matierials,GRU,multiclass,15,5,1,1.6070613288999203,1.6817179407392229,398,42,64
CVX,Basic Matierials,GRU,multiclass,15,5,2,0.9490247196588085,1.6253650074913388,398,42,64
CVX,Basic Matierials,GRU,multiclass,15,5,3,0.7229178496940651,3.1366959526425315,398,42,64
CVX,Basic Matierials,GRU,multiclass,15,5,4,0.6712598510123976,2.517364042145865,398,42,64
CVX,Basic Matierials,GRU,multiclass,15,5,5,0.574168132028388,2.907771967706226,398,42,64
CVX,Basic Matierials,GRU,multiclass,15,5,6,0.5867492251060716,1.9455779393513997,398,42,64
CVX,Basic Matierials,GRU,multiclass,15,5,7,0.5122380018533774,2.299707770347595,398,42,64
CVX,Basic Matierials,GRU,multiclass,15,5,8,0.42605059110938603,1.9075166214080084,398,42,64
CVX,Basic Matierials,GRU,multiclass,15,5,9,0.44066327907631747,1.5483763444991339,398,42,64
CVX,Basic Matierials,GRU,multiclass,15,5,10,0.40214712865388574,1.9992607207525344,398,42,64
CVX,Basic Matierials,GRU,multiclass,15,5,11,0.40894263518515545,2.0816405500684465,398,42,64
CVX,Basic Matierials,GRU,multiclass,15,5,12,0.40760032563053783,1.724866503760928,398,42,64
CVX,Basic Matierials,GRU,multiclass,15,5,13,0.34234368479132055,1.6013544627598353,398,42,64
CVX,Basic Matierials,GRU,multiclass,15,5,14,0.35388219259192594,1.9263694286346436,398,42,64
CVX,Basic Matierials,GRU,multiclass,15,5,15,0.3645783971302473,1.4362633909497942,398,42,64
CVX,Basic Matierials,GRU,multiclass,15,5,16,0.35793615046458027,1.82157944497608,398,42,64
CVX,Basic Matierials,GRU,multiclass,15,5,17,0.3187481310199853,1.4984938814526512,398,42,64
CVX,Basic Matierials,GRU,multiclass,15,5,18,0.32048905375015796,2.2329835153761364,398,42,64
CVX,Basic Matierials,GRU,multiclass,15,5,19,0.3411277226317468,1.6636112814857846,398,42,64
CVX,Basic Matierials,GRU,multiclass,15,5,20,0.31161849320533885,2.7488804033824374,398,42,64
CVX,Basic Matierials,GRU,multiclass,15,5,21,0.29973166319892636,1.6307923396428425,398,42,64
CVX,Basic Matierials,GRU,multiclass,15,5,22,0.25850603643374226,1.9798476412182762,398,42,64
CVX,Basic Matierials,GRU,multiclass,15,5,23,0.2525665563105339,1.6781229234877086,398,42,64
CVX,Basic Matierials,GRU,multiclass,15,5,24,0.24237392213775885,1.6736677828289213,398,42,64
CVX,Basic Matierials,GRU,multiclass,15,5,25,0.23057336524952596,1.7813324076788766,398,42,64
CVX,Basic Matierials,GRU,multiclass,15,5,26,0.21905871095070287,1.6656611419859386,398,42,64
CVX,Basic Matierials,GRU,multiclass,15,5,27,0.2211810320840409,1.8233421813874018,398,42,64
CVX,Basic Matierials,GRU,multiclass,15,5,28,0.22472582682592784,1.7783431609471638,398,42,64
CVX,Basic Matierials,GRU,multiclass,15,5,29,0.21149298455098167,1.8030331986291068,398,42,64
CVX,Basic Matierials,GRU,multiclass,15,5,30,0.19790293811703447,1.8209758542832875,398,42,64
CVX,Basic Matierials,GRU,multiclass,15,5,31,0.1922322087476601,1.777771995181129,398,42,64
CVX,Basic Matierials,GRU,multiclass,15,5,32,0.18810380605896512,1.8270418019521804,398,42,64
CVX,Basic Matierials,GRU,multiclass,15,5,33,0.18612469661625186,1.8198627347037906,398,42,64
CVX,Basic Matierials,GRU,multiclass,15,5,34,0.18458196666821763,1.8699704862776256,398,42,64
CVX,Basic Matierials,GRU,multiclass,15,5,35,0.18201681799325511,1.9177169232141404,398,42,64
D,Utilities,GRU,multiclass,15,5,1,1.3345344117538414,1.2200355870383126,398,42,64
D,Utilities,GRU,multiclass,15,5,2,0.8279931302645698,1.1657407454081945,398,42,64
D,Utilities,GRU,multiclass,15,5,3,0.6535593006179561,1.4309837874912081,398,42,64
D,Utilities,GRU,multiclass,15,5,4,0.5453839694435273,1.419957893235343,398,42,64
D,Utilities,GRU,multiclass,15,5,5,0.47471502992376013,1.4714891059058053,398,42,64
D,Utilities,GRU,multiclass,15,5,6,0.43339152072542275,1.4390924544561476,398,42,64
D,Utilities,GRU,multiclass,15,5,7,0.42912746883516933,2.073655826704843,398,42,64
D,Utilities,GRU,multiclass,15,5,8,0.4895117889397108,1.1791920037496657,398,42,64
D,Utilities,GRU,multiclass,15,5,9,0.43643475342635535,1.2507708441643488,398,42,64
D,Utilities,GRU,multiclass,15,5,10,0.3990124282076131,1.7101109027862549,398,42,64
D,Utilities,GRU,multiclass,15,5,11,0.372693533424157,1.4165418971152532,398,42,64
D,Utilities,GRU,multiclass,15,5,12,0.3450669429110522,1.644368086542402,398,42,64
D,Utilities,GRU,multiclass,15,5,13,0.3166979287736979,1.6973810706819807,398,42,64
D,Utilities,GRU,multiclass,15,5,14,0.31401373595748117,1.4905873991194225,398,42,64
D,Utilities,GRU,multiclass,15,5,15,0.3097313664217091,1.8581468093962896,398,42,64
D,Utilities,GRU,multiclass,15,5,16,0.2905929024944353,1.740960569608779,398,42,64
D,Utilities,GRU,multiclass,15,5,17,0.2745259780829875,1.893002913111732,398,42,64
D,Utilities,GRU,multiclass,15,5,18,0.26796322461947725,1.8876241729373024,398,42,64
D,Utilities,GRU,multiclass,15,5,19,0.2553099404327833,1.902270515759786,398,42,64
D,Utilities,GRU,multiclass,15,5,20,0.2555655181108408,2.195645576431638,398,42,64
D,Utilities,GRU,multiclass,15,5,21,0.24044792780924082,1.8659169333321708,398,42,64
D,Utilities,GRU,multiclass,15,5,22,0.23503443958172246,2.2584194399061657,398,42,64
DHR,Industrial Goods,GRU,multiclass,15,5,1,1.3140813489655154,1.4025332927703857,398,42,64
DHR,Industrial Goods,GRU,multiclass,15,5,2,0.7683132752102224,1.532851673307873,398,42,64
DHR,Industrial Goods,GRU,multiclass,15,5,3,0.633785964256555,1.5396027451469785,398,42,64
DHR,Industrial Goods,GRU,multiclass,15,5,4,0.5304662436995674,1.5527296520414806,398,42,64
DHR,Industrial Goods,GRU,multiclass,15,5,5,0.5637247923331045,1.541038535890125,398,42,64
DHR,Industrial Goods,GRU,multiclass,15,5,6,0.5369227867030618,1.264652513322376,398,42,64
DHR,Industrial Goods,GRU,multiclass,15,5,7,0.5083570290150954,1.2290862174261183,398,42,64
DHR,Industrial Goods,GRU,multiclass,15,5,8,0.4785662251501227,1.2531876791091192,398,42,64
DHR,Industrial Goods,GRU,multiclass,15,5,9,0.587334837895542,1.4865047931671143,398,42,64
DHR,Industrial Goods,GRU,multiclass,15,5,10,0.5125260582221812,0.9984796671640306,398,42,64
DHR,Industrial Goods,GRU,multiclass,15,5,11,0.4230038393382451,1.1503679638817197,398,42,64
DHR,Industrial Goods,GRU,multiclass,15,5,12,0.43946318088763925,1.2904580320630754,398,42,64
DHR,Industrial Goods,GRU,multiclass,15,5,13,0.422328010875376,1.2237395502272106,398,42,64
DHR,Industrial Goods,GRU,multiclass,15,5,14,0.4052893292514523,1.1674042542775471,398,42,64
DHR,Industrial Goods,GRU,multiclass,15,5,15,0.39245453709034467,1.1959102437609719,398,42,64
DHR,Industrial Goods,GRU,multiclass,15,5,16,0.4062386477862171,1.1542236237298875,398,42,64
DHR,Industrial Goods,GRU,multiclass,15,5,17,0.3449599173799831,1.1892624696095784,398,42,64
DHR,Industrial Goods,GRU,multiclass,15,5,18,0.3224692492928337,1.1723102160862513,398,42,64
DHR,Industrial Goods,GRU,multiclass,15,5,19,0.3008935691124231,1.1718083903903054,398,42,64
DHR,Industrial Goods,GRU,multiclass,15,5,20,0.2760915703809441,1.2563943295251756,398,42,64
DHR,Industrial Goods,GRU,multiclass,15,5,21,0.2714906789399871,1.2341967423756917,398,42,64
DHR,Industrial Goods,GRU,multiclass,15,5,22,0.26376610941922846,1.217422814596267,398,42,64
DHR,Industrial Goods,GRU,multiclass,15,5,23,0.25686337495569006,1.2413452012198312,398,42,64
DHR,Industrial Goods,GRU,multiclass,15,5,24,0.23999488653250076,1.1875219345092773,398,42,64
DHR,Industrial Goods,GRU,multiclass,15,5,25,0.2294811962836951,1.245642514455886,398,42,64
DHR,Industrial Goods,GRU,multiclass,15,5,26,0.220246013534728,1.2602521010807581,398,42,64
DHR,Industrial Goods,GRU,multiclass,15,5,27,0.21457712127635228,1.3745491391136533,398,42,64
DHR,Industrial Goods,GRU,multiclass,15,5,28,0.21750080705288066,1.3131862254369826,398,42,64
DHR,Industrial Goods,GRU,multiclass,15,5,29,0.22399372476429197,1.450110707964216,398,42,64
DHR,Industrial Goods,GRU,multiclass,15,5,30,0.21989763741517188,1.3246881734757197,398,42,64
DIS,Services,GRU,multiclass,15,5,1,1.0670713162302372,1.3669484910510836,398,42,64
DIS,Services,GRU,multiclass,15,5,2,0.6766131041037976,2.622046220870245,398,42,64
DIS,Services,GRU,multiclass,15,5,3,0.5429843780982434,4.5948318753923685,398,42,64
DIS,Services,GRU,multiclass,15,5,4,0.507705067569886,3.6880100114004954,398,42,64
DIS,Services,GRU,multiclass,15,5,5,0.48536769229563037,4.542201428186326,398,42,64
DIS,Services,GRU,multiclass,15,5,6,0.4332782528807769,5.4570060684567405,398,42,64
DIS,Services,GRU,multiclass,15,5,7,0.5209084696805657,3.535630566733224,398,42,64
DIS,Services,GRU,multiclass,15,5,8,0.4677331507505484,4.496415115538097,398,42,64
DIS,Services,GRU,multiclass,15,5,9,0.40996319414982246,3.370981216430664,398,42,64
DIS,Services,GRU,multiclass,15,5,10,0.34167414349527214,4.171967460995629,398,42,64
DIS,Services,GRU,multiclass,15,5,11,0.3415961623491354,3.9021232582273937,398,42,64
DIS,Services,GRU,multiclass,15,5,12,0.318292669689835,4.283516509192331,398,42,64
DIS,Services,GRU,multiclass,15,5,13,0.3446091111730691,4.2331645375206355,398,42,64
DIS,Services,GRU,multiclass,15,5,14,0.3057521793560766,4.327037447974796,398,42,64
DIS,Services,GRU,multiclass,15,5,15,0.2765134680810286,4.650726318359375,398,42,64
DIS,Services,GRU,multiclass,15,5,16,0.27394784522715526,4.441263028553554,398,42,64
DIS,Services,GRU,multiclass,15,5,17,0.2643386121820565,5.06401743207659,398,42,64
DIS,Services,GRU,multiclass,15,5,18,0.27218564064358947,4.437115249179659,398,42,64
DIS,Services,GRU,multiclass,15,5,19,0.26412908216217656,5.091131391979399,398,42,64
DIS,Services,GRU,multiclass,15,5,20,0.24754327048907926,4.664505481719971,398,42,64
DIS,Services,GRU,multiclass,15,5,21,0.23090532781490727,4.5033222153073265,398,42,64
DUK,Utilities,GRU,multiclass,15,5,1,1.2459145329106394,0.8684659060977754,398,42,64
DUK,Utilities,GRU,multiclass,15,5,2,0.7993152535440934,1.2956101780846006,398,42,64
DUK,Utilities,GRU,multiclass,15,5,3,0.6463535929744567,2.276347268195379,398,42,64
DUK,Utilities,GRU,multiclass,15,5,4,0.570288730176849,1.859943761712029,398,42,64
DUK,Utilities,GRU,multiclass,15,5,5,0.5623662488244886,1.6009937326113384,398,42,64
DUK,Utilities,GRU,multiclass,15,5,6,0.509918526488932,1.8547670245170593,398,42,64
DUK,Utilities,GRU,multiclass,15,5,7,0.4277408826141501,2.8228932278496877,398,42,64
DUK,Utilities,GRU,multiclass,15,5,8,0.4845830789163484,1.5626207959084284,398,42,64
DUK,Utilities,GRU,multiclass,15,5,9,0.4141713502119534,3.0451239233925227,398,42,64
DUK,Utilities,GRU,multiclass,15,5,10,0.380487963781884,2.1445477860314504,398,42,64
DUK,Utilities,GRU,multiclass,15,5,11,0.3501693875196591,2.2048869814191545,398,42,64
DUK,Utilities,GRU,multiclass,15,5,12,0.3658835590634514,2.278449793656667,398,42,64
DUK,Utilities,GRU,multiclass,15,5,13,0.3334185179304238,1.666994605745588,398,42,64
DUK,Utilities,GRU,multiclass,15,5,14,0.32284943130447635,2.437851042974563,398,42,64
DUK,Utilities,GRU,multiclass,15,5,15,0.29750288259144403,1.9088550351914906,398,42,64
DUK,Utilities,GRU,multiclass,15,5,16,0.2715987941278285,2.003055234750112,398,42,64
DUK,Utilities,GRU,multiclass,15,5,17,0.26025992886504934,2.098532194182986,398,42,64
DUK,Utilities,GRU,multiclass,15,5,18,0.25446957986258983,1.8602367355709983,398,42,64
DUK,Utilities,GRU,multiclass,15,5,19,0.251824338756614,1.8013899269558133,398,42,64
DUK,Utilities,GRU,multiclass,15,5,20,0.2469839786914126,2.1481195716630843,398,42,64
DUK,Utilities,GRU,multiclass,15,5,21,0.24335584748330427,1.7120260113761538,398,42,64
EXC,Utilities,GRU,multiclass,15,5,1,1.2410105601627024,0.8450342331613813,398,42,64
EXC,Utilities,GRU,multiclass,15,5,2,0.766335060997824,1.7938958349682035,398,42,64
EXC,Utilities,GRU,multiclass,15,5,3,0.6331991768961576,2.8645180634089877,398,42,64
EXC,Utilities,GRU,multiclass,15,5,4,0.50032708228533,3.0469747384389243,398,42,64
EXC,Utilities,GRU,multiclass,15,5,5,0.44069735234107205,2.9139854453858876,398,42,64
EXC,Utilities,GRU,multiclass,15,5,6,0.3962970386497938,3.3718298957461403,398,42,64
EXC,Utilities,GRU,multiclass,15,5,7,0.4225312679556746,3.073089974267142,398,42,64
EXC,Utilities,GRU,multiclass,15,5,8,0.42915490202268763,3.57069046156747,398,42,64
EXC,Utilities,GRU,multiclass,15,5,9,0.3606594164467337,2.4014629977090016,398,42,64
EXC,Utilities,GRU,multiclass,15,5,10,0.3292336813618789,3.3934117612384616,398,42,64
EXC,Utilities,GRU,multiclass,15,5,11,0.313360015501329,2.947415147508894,398,42,64
EXC,Utilities,GRU,multiclass,15,5,12,0.3466092000654594,2.6931976023174466,398,42,64
EXC,Utilities,GRU,multiclass,15,5,13,0.32398795722117973,3.187417053041004,398,42,64
EXC,Utilities,GRU,multiclass,15,5,14,0.31565819238897547,2.8962688673110235,398,42,64
EXC,Utilities,GRU,multiclass,15,5,15,0.2679065748225504,3.0127228101094565,398,42,64
EXC,Utilities,GRU,multiclass,15,5,16,0.2465872759345788,2.9958354177929105,398,42,64
EXC,Utilities,GRU,multiclass,15,5,17,0.22958809399425084,2.8756508713676814,398,42,64
EXC,Utilities,GRU,multiclass,15,5,18,0.22248608420542137,3.201343263898577,398,42,64
EXC,Utilities,GRU,multiclass,15,5,19,0.22479301189357911,2.912956430798485,398,42,64
EXC,Utilities,GRU,multiclass,15,5,20,0.21708392505370191,3.3230579921177457,398,42,64
EXC,Utilities,GRU,multiclass,15,5,21,0.20317112837904064,3.2917722293308804,398,42,64
FB,Technology,GRU,multiclass,15,5,1,1.1911611477633817,1.2009765193575905,398,42,64
FB,Technology,GRU,multiclass,15,5,2,0.8800469536577636,1.322070842697507,398,42,64
FB,Technology,GRU,multiclass,15,5,3,0.6226323837011902,1.2287905329749698,398,42,64
FB,Technology,GRU,multiclass,15,5,4,0.536435299183256,1.0942968612625485,398,42,64
FB,Technology,GRU,multiclass,15,5,5,0.5531257170079341,1.3151378659974962,398,42,64
FB,Technology,GRU,multiclass,15,5,6,0.5039705604165043,1.3129176270394098,398,42,64
FB,Technology,GRU,multiclass,15,5,7,0.5574998115025573,1.408817484265282,398,42,64
FB,Technology,GRU,multiclass,15,5,8,0.4449959186153795,1.378061212244488,398,42,64
FB,Technology,GRU,multiclass,15,5,9,0.435975187837179,1.545234890211196,398,42,64
FB,Technology,GRU,multiclass,15,5,10,0.4192808457654924,2.038525859514872,398,42,64
FB,Technology,GRU,multiclass,15,5,11,0.42504008578595204,2.102369030316671,398,42,64
FB,Technology,GRU,multiclass,15,5,12,0.3750555006103899,2.075504320008414,398,42,64
FB,Technology,GRU,multiclass,15,5,13,0.31861955706198614,2.3166709002994357,398,42,64
FB,Technology,GRU,multiclass,15,5,14,0.3195280562243869,2.515534554209028,398,42,64
FB,Technology,GRU,multiclass,15,5,15,0.28949279349353446,2.163435839471363,398,42,64
FB,Technology,GRU,multiclass,15,5,16,0.27152032611058585,2.208293636639913,398,42,64
FB,Technology,GRU,multiclass,15,5,17,0.27134089725999977,2.502045364606948,398,42,64
FB,Technology,GRU,multiclass,15,5,18,0.24114113357198896,2.116282139505659,398,42,64
FB,Technology,GRU,multiclass,15,5,19,0.23060307378445438,2.692715502920605,398,42,64
FB,Technology,GRU,multiclass,15,5,20,0.21864851073703573,2.3912429298673357,398,42,64
FB,Technology,GRU,multiclass,15,5,21,0.21283145308794088,3.039551780337379,398,42,64
FB,Technology,GRU,multiclass,15,5,22,0.2100764042019245,2.4071137394223894,398,42,64
FB,Technology,GRU,multiclass,15,5,23,0.2178347228310216,2.719376972743443,398,42,64
FB,Technology,GRU,multiclass,15,5,24,0.20560315730583728,2.51678957257952,398,42,64
GD,Industrial Goods,GRU,multiclass,15,5,1,1.207186927447966,0.7260734041531881,398,42,64
GD,Industrial Goods,GRU,multiclass,15,5,2,0.7414386997270823,0.6255788547652108,398,42,64
GD,Industrial Goods,GRU,multiclass,15,5,3,0.5933159080582049,0.6772886713345846,398,42,64
GD,Industrial Goods,GRU,multiclass,15,5,4,0.5750105297894933,0.7158937965120588,398,42,64
GD,Industrial Goods,GRU,multiclass,15,5,5,0.5158601981311587,0.9876317381858826,398,42,64
GD,Industrial Goods,GRU,multiclass,15,5,6,0.4808442552185538,0.8282628570284162,398,42,64
GD,Industrial Goods,GRU,multiclass,15,5,7,0.4165016677810918,0.8886570419584002,398,42,64
GD,Industrial Goods,GRU,multiclass,15,5,8,0.5498208718833013,1.087950689452035,398,42,64
GD,Industrial Goods,GRU,multiclass,15,5,9,0.4774350385420286,1.1346001397995722,398,42,64
GD,Industrial Goods,GRU,multiclass,15,5,10,0.3674288626442003,0.8063544517471677,398,42,64
GD,Industrial Goods,GRU,multiclass,15,5,11,0.35201857295168104,0.9797109195164272,398,42,64
GD,Industrial Goods,GRU,multiclass,15,5,12,0.3277117011684868,0.7959851594198317,398,42,64
GD,Industrial Goods,GRU,multiclass,15,5,13,0.3283234990796252,1.0089807765824454,398,42,64
GD,Industrial Goods,GRU,multiclass,15,5,14,0.2760604717698529,0.8714229265848795,398,42,64
GD,Industrial Goods,GRU,multiclass,15,5,15,0.2610918428355725,0.9266535327548072,398,42,64
GD,Industrial Goods,GRU,multiclass,15,5,16,0.2636046436938209,0.8674888866288322,398,42,64
GD,Industrial Goods,GRU,multiclass,15,5,17,0.2547742723295437,1.0089409805479503,398,42,64
GD,Industrial Goods,GRU,multiclass,15,5,18,0.2550941628951523,1.076062730380467,398,42,64
GD,Industrial Goods,GRU,multiclass,15,5,19,0.25671293361851916,0.9060293038686117,398,42,64
GD,Industrial Goods,GRU,multiclass,15,5,20,0.2253841372890089,1.0011020813669478,398,42,64
GD,Industrial Goods,GRU,multiclass,15,5,21,0.21635925728621794,0.9382440958704267,398,42,64
GD,Industrial Goods,GRU,multiclass,15,5,22,0.20421962230349305,0.9523587709381467,398,42,64
GE,Industrial Goods,GRU,multiclass,15,5,1,1.3772857021446803,1.8555754934038435,398,42,64
GE,Industrial Goods,GRU,multiclass,15,5,2,0.973025734999671,1.0719380861236936,398,42,64
GE,Industrial Goods,GRU,multiclass,15,5,3,0.8742711738725404,2.651032595407395,398,42,64
GE,Industrial Goods,GRU,multiclass,15,5,4,0.8227560380894934,1.2599203075681413,398,42,64
GE,Industrial Goods,GRU,multiclass,15,5,5,0.7000737949531881,1.840866281872704,398,42,64
GE,Industrial Goods,GRU,multiclass,15,5,6,0.6158764348856768,1.3224180369150071,398,42,64
GE,Industrial Goods,GRU,multiclass,15,5,7,0.5391249812428077,1.2646933226358323,398,42,64
GE,Industrial Goods,GRU,multiclass,15,5,8,0.5391016006469727,1.8212533791859944,398,42,64
GE,Industrial Goods,GRU,multiclass,15,5,9,0.5512979655110057,0.9891760434423175,398,42,64
GE,Industrial Goods,GRU,multiclass,15,5,10,0.4690544498176431,1.6852159273056757,398,42,64
GE,Industrial Goods,GRU,multiclass,15,5,11,0.43972617582460144,1.152847877570561,398,42,64
GE,Industrial Goods,GRU,multiclass,15,5,12,0.41331044842849424,1.7361866292499362,398,42,64
GE,Industrial Goods,GRU,multiclass,15,5,13,0.38107930400862766,1.0860144694646199,398,42,64
GE,Industrial Goods,GRU,multiclass,15,5,14,0.38557921701939263,1.5817664861679077,398,42,64
GE,Industrial Goods,GRU,multiclass,15,5,15,0.33005216567959617,1.2568147012165614,398,42,64
GE,Industrial Goods,GRU,multiclass,15,5,16,0.33739739536640034,1.7322077410561698,398,42,64
GE,Industrial Goods,GRU,multiclass,15,5,17,0.3486405258352433,1.4994119036765325,398,42,64
GE,Industrial Goods,GRU,multiclass,15,5,18,0.3348006627068448,1.5101020165852137,398,42,64
GE,Industrial Goods,GRU,multiclass,15,5,19,0.32007936713983065,1.3389278621900649,398,42,64
GE,Industrial Goods,GRU,multiclass,15,5,20,0.2778183817114662,1.5290729602177937,398,42,64
GE,Industrial Goods,GRU,multiclass,15,5,21,0.2684617366023998,1.321487565835317,398,42,64
GE,Industrial Goods,GRU,multiclass,15,5,22,0.28183695336981635,1.5686423097337996,398,42,64
GE,Industrial Goods,GRU,multiclass,15,5,23,0.2508596730741424,1.342343358766465,398,42,64
GE,Industrial Goods,GRU,multiclass,15,5,24,0.2396981524462676,1.443350763547988,398,42,64
GE,Industrial Goods,GRU,multiclass,15,5,25,0.22970803725959069,1.39239197685605,398,42,64
GE,Industrial Goods,GRU,multiclass,15,5,26,0.23279894206991147,1.51419921148391,398,42,64
GE,Industrial Goods,GRU,multiclass,15,5,27,0.23484525541264809,1.433788274015699,398,42,64
GE,Industrial Goods,GRU,multiclass,15,5,28,0.23714256803294523,1.5134765874771845,398,42,64
GE,Industrial Goods,GRU,multiclass,15,5,29,0.21977732895906246,1.4397315269424802,398,42,64
GOOG,Technology,GRU,multiclass,15,5,1,1.4010709149753628,2.435496375674293,398,42,64
GOOG,Technology,GRU,multiclass,15,5,2,0.8827622931207245,1.271522732008071,398,42,64
GOOG,Technology,GRU,multiclass,15,5,3,0.7543039624415451,1.0579883995510282,398,42,64
GOOG,Technology,GRU,multiclass,15,5,4,0.6476497534830966,1.398773119563148,398,42,64
GOOG,Technology,GRU,multiclass,15,5,5,0.5704143119217763,1.3252321935835338,398,42,64
GOOG,Technology,GRU,multiclass,15,5,6,0.5339760729415932,1.3627316781452723,398,42,64
GOOG,Technology,GRU,multiclass,15,5,7,0.5136997219006619,1.172475190389724,398,42,64
GOOG,Technology,GRU,multiclass,15,5,8,0.43261411561438784,1.1356610854466755,398,42,64
GOOG,Technology,GRU,multiclass,15,5,9,0.39671030333593266,1.2574193647929601,398,42,64
GOOG,Technology,GRU,multiclass,15,5,10,0.3831858463473056,0.9531066587993077,398,42,64
GOOG,Technology,GRU,multiclass,15,5,11,0.34113473808346084,1.49667204277856,398,42,64
GOOG,Technology,GRU,multiclass,15,5,12,0.3353405215183095,1.4678210190364294,398,42,64
GOOG,Technology,GRU,multiclass,15,5,13,0.3063186512670325,1.4545526163918632,398,42,64
GOOG,Technology,GRU,multiclass,15,5,14,0.29842380969668153,1.59918288957505,398,42,64
GOOG,Technology,GRU,multiclass,15,5,15,0.2834033086222021,3.2207105727422807,398,42,64
GOOG,Technology,GRU,multiclass,15,5,16,0.298616447715304,1.2106698524384272,398,42,64
GOOG,Technology,GRU,multiclass,15,5,17,0.2958290766381738,1.7023649215698242,398,42,64
GOOG,Technology,GRU,multiclass,15,5,18,0.25640468291900864,1.6515067986079626,398,42,64
GOOG,Technology,GRU,multiclass,15,5,19,0.2396259808809913,1.7155483734040033,398,42,64
GOOG,Technology,GRU,multiclass,15,5,20,0.22153683620781156,1.8574088017145793,398,42,64
GOOG,Technology,GRU,multiclass,15,5,21,0.21335480987426625,2.0365908429736184,398,42,64
GOOG,Technology,GRU,multiclass,15,5,22,0.20945208149040165,1.609781957807995,398,42,64
GOOG,Technology,GRU,multiclass,15,5,23,0.20415833390238297,3.439311901728312,398,42,64
GOOG,Technology,GRU,multiclass,15,5,24,0.2083844455642317,1.0849255181494213,398,42,64
GOOG,Technology,GRU,multiclass,15,5,25,0.20899085498335374,2.7914839755921137,398,42,64
GOOG,Technology,GRU,multiclass,15,5,26,0.20649987616431173,1.5109237318947202,398,42,64
GOOG,Technology,GRU,multiclass,15,5,27,0.1936513467050677,1.6547841060729254,398,42,64
GOOG,Technology,GRU,multiclass,15,5,28,0.19413011502380947,2.1109310388565063,398,42,64
GOOG,Technology,GRU,multiclass,15,5,29,0.1796078833952621,1.957226622672308,398,42,64
GOOG,Technology,GRU,multiclass,15,5,30,0.17308196814815005,2.4431111699058894,398,42,64
HD,Services,GRU,multiclass,15,5,1,1.0894818770226522,1.2020168134144373,398,42,64
HD,Services,GRU,multiclass,15,5,2,0.7578064553701698,1.0890807197207497,398,42,64
HD,Services,GRU,multiclass,15,5,3,0.610586222841512,1.080207591965085,398,42,64
HD,Services,GRU,multiclass,15,5,4,0.6245830258232864,1.0729354392914545,398,42,64
HD,Services,GRU,multiclass,15,5,5,0.6419293775630357,0.996965365750449,398,42,64
HD,Services,GRU,multiclass,15,5,6,0.5339343776954478,1.2098843512080966,398,42,64
HD,Services,GRU,multiclass,15,5,7,0.42859674203934983,1.2631250563121976,398,42,64
HD,Services,GRU,multiclass,15,5,8,0.44968154831747315,1.4980264902114868,398,42,64
HD,Services,GRU,multiclass,15,5,9,0.4437124386205146,2.1345944631667364,398,42,64
HD,Services,GRU,multiclass,15,5,10,0.45884490926661087,1.5468725874310447,398,42,64
HD,Services,GRU,multiclass,15,5,11,0.4044918837259762,2.1170805919738043,398,42,64
HD,Services,GRU,multiclass,15,5,12,0.3580545061946514,1.8473668041683378,398,42,64
HD,Services,GRU,multiclass,15,5,13,0.338299639036308,1.9051494541622342,398,42,64
HD,Services,GRU,multiclass,15,5,14,0.29253065982955184,2.0039359558196295,398,42,64
HD,Services,GRU,multiclass,15,5,15,0.2610751782080636,1.9711548373812722,398,42,64
HD,Services,GRU,multiclass,15,5,16,0.24852824937458615,1.9704182545344036,398,42,64
HD,Services,GRU,multiclass,15,5,17,0.2647942753892448,1.9155666998454504,398,42,64
HD,Services,GRU,multiclass,15,5,18,0.2461934852689954,1.6993699130557833,398,42,64
HD,Services,GRU,multiclass,15,5,19,0.2319633050929362,1.769905720438276,398,42,64
HD,Services,GRU,multiclass,15,5,20,0.2202376714303865,1.7168350900922502,398,42,64
HD,Services,GRU,multiclass,15,5,21,0.21362850197296046,1.5343569744200933,398,42,64
HD,Services,GRU,multiclass,15,5,22,0.21961879378287635,1.5657491967791604,398,42,64
HD,Services,GRU,multiclass,15,5,23,0.2255157073538507,1.983332946186974,398,42,64
HD,Services,GRU,multiclass,15,5,24,0.23000627726166692,1.9803483202343894,398,42,64
HD,Services,GRU,multiclass,15,5,25,0.20707491571879266,1.9805125452223278,398,42,64
HON,Industrial Goods,GRU,multiclass,15,5,1,1.1749879451253307,1.092095795131865,398,42,64
HON,Industrial Goods,GRU,multiclass,15,5,2,0.766326065039515,1.4957490818841117,398,42,64
HON,Industrial Goods,GRU,multiclass,15,5,3,0.6476229983358527,1.3193407512846447,398,42,64
HON,Industrial Goods,GRU,multiclass,15,5,4,0.6566361302706465,1.617133038384574,398,42,64
HON,Industrial Goods,GRU,multiclass,15,5,5,0.6394759961708107,1.6064859685443698,398,42,64
HON,Industrial Goods,GRU,multiclass,15,5,6,0.5391892010542616,1.899231683640253,398,42,64
HON,Industrial Goods,GRU,multiclass,15,5,7,0.4815297911514589,1.8938026201157343,398,42,64
HON,Industrial Goods,GRU,multiclass,15,5,8,0.5095052975206519,1.3861966303416662,398,42,64
HON,Industrial Goods,GRU,multiclass,15,5,9,0.649175958118247,2.2189952645983015,398,42,64
HON,Industrial Goods,GRU,multiclass,15,5,10,0.5185807956822553,1.5678469567071824,398,42,64
HON,Industrial Goods,GRU,multiclass,15,5,11,0.4221097251877713,2.2009101254599437,398,42,64
HON,Industrial Goods,GRU,multiclass,15,5,12,0.457238629535215,1.6333125772930326,398,42,64
HON,Industrial Goods,GRU,multiclass,15,5,13,0.3990158756174634,1.710521311987014,398,42,64
HON,Industrial Goods,GRU,multiclass,15,5,14,0.3599225421946252,1.8001603626069569,398,42,64
HON,Industrial Goods,GRU,multiclass,15,5,15,0.3197202084951065,1.8249919414520264,398,42,64
HON,Industrial Goods,GRU,multiclass,15,5,16,0.3033868576114501,2.0510872091565813,398,42,64
HON,Industrial Goods,GRU,multiclass,15,5,17,0.32364622327550574,2.012115785053798,398,42,64
HON,Industrial Goods,GRU,multiclass,15,5,18,0.33639674809709863,2.1246405442555747,398,42,64
HON,Industrial Goods,GRU,multiclass,15,5,19,0.3354179805247628,2.169399931317284,398,42,64
HON,Industrial Goods,GRU,multiclass,15,5,20,0.29754276940571006,2.373201358885992,398,42,64
HON,Industrial Goods,GRU,multiclass,15,5,21,0.28007723952657615,2.1563302221752347,398,42,64
HRG,Conglomerates,GRU,multiclass,15,5,1,1.190160611167026,0.5547775711332049,398,42,64
HRG,Conglomerates,GRU,multiclass,15,5,2,0.8117753464971954,0.7319699100085667,398,42,64
HRG,Conglomerates,GRU,multiclass,15,5,3,0.6439406901747737,0.712385682832627,398,42,64
HRG,Conglomerates,GRU,multiclass,15,5,4,0.592732151848587,0.7134428875786918,398,42,64
HRG,Conglomerates,GRU,multiclass,15,5,5,0.5535640527854613,0.877387767746335,398,42,64
HRG,Conglomerates,GRU,multiclass,15,5,6,0.5886349159868518,1.2374074913206554,398,42,64
HRG,Conglomerates,GRU,multiclass,15,5,7,0.6127069451701102,0.6901588298025585,398,42,64
HRG,Conglomerates,GRU,multiclass,15,5,8,0.525539714936635,0.9715400820686704,398,42,64
HRG,Conglomerates,GRU,multiclass,15,5,9,0.46380057047359907,0.7659493003572736,398,42,64
HRG,Conglomerates,GRU,multiclass,15,5,10,0.39065210244164394,0.8924880567051116,398,42,64
HRG,Conglomerates,GRU,multiclass,15,5,11,0.3828242493035206,0.628417330128806,398,42,64
HRG,Conglomerates,GRU,multiclass,15,5,12,0.41210955606034055,1.0350201754342943,398,42,64
HRG,Conglomerates,GRU,multiclass,15,5,13,0.36216864513991465,0.6727491588819594,398,42,64
HRG,Conglomerates,GRU,multiclass,15,5,14,0.34598230244825834,0.8483798617408389,398,42,64
HRG,Conglomerates,GRU,multiclass,15,5,15,0.3260602003066384,1.0118932780765353,398,42,64
HRG,Conglomerates,GRU,multiclass,15,5,16,0.3319018597728643,0.7944305482364836,398,42,64
HRG,Conglomerates,GRU,multiclass,15,5,17,0.3094321022830417,0.9884351946058727,398,42,64
HRG,Conglomerates,GRU,multiclass,15,5,18,0.28208082158062325,1.060412775902521,398,42,64
HRG,Conglomerates,GRU,multiclass,15,5,19,0.2704340954821313,1.0243538731620425,398,42,64
HRG,Conglomerates,GRU,multiclass,15,5,20,0.24990907026894726,1.264862957454863,398,42,64
HRG,Conglomerates,GRU,multiclass,15,5,21,0.2263435970748489,1.253979654539199,398,42,64
HSBC,Financial,GRU,multiclass,15,5,1,1.2983149679461916,1.4302479255767095,398,42,64
HSBC,Financial,GRU,multiclass,15,5,2,0.8036719135303593,3.0858027140299478,398,42,64
HSBC,Financial,GRU,multiclass,15,5,3,0.7110215386553626,4.0961529186793735,398,42,64
HSBC,Financial,GRU,multiclass,15,5,4,0.6633589192850506,7.703298046475365,398,42,64
HSBC,Financial,GRU,multiclass,15,5,5,0.6606376015361229,5.657850912639073,398,42,64
HSBC,Financial,GRU,multiclass,15,5,6,0.5752675540782698,5.848745459601993,398,42,64
HSBC,Financial,GRU,multiclass,15,5,7,0.49491324451700525,4.335822593598139,398,42,64
HSBC,Financial,GRU,multiclass,15,5,8,0.6056495996276338,7.164331617809477,398,42,64
HSBC,Financial,GRU,multiclass,15,5,9,0.5376915471937189,5.95445221946353,398,42,64
HSBC,Financial,GRU,multiclass,15,5,10,0.4580025174210419,7.640613396962483,398,42,64
HSBC,Financial,GRU,multiclass,15,5,11,0.4555486642835128,6.463308425176711,398,42,64
HSBC,Financial,GRU,multiclass,15,5,12,0.442384116913206,7.4540169806707475,398,42,64
HSBC,Financial,GRU,multiclass,15,5,13,0.4863330404363086,6.575939519064767,398,42,64
HSBC,Financial,GRU,multiclass,15,5,14,0.4216506946925542,5.4436544463748024,398,42,64
HSBC,Financial,GRU,multiclass,15,5,15,0.3944989532681566,5.015917528243292,398,42,64
HSBC,Financial,GRU,multiclass,15,5,16,0.3316333915420513,6.5593791007995605,398,42,64
HSBC,Financial,GRU,multiclass,15,5,17,0.3124954371745862,5.968563829149518,398,42,64
HSBC,Financial,GRU,multiclass,15,5,18,0.3094530995916482,6.8131768589928035,398,42,64
HSBC,Financial,GRU,multiclass,15,5,19,0.3072918759818053,5.944896380106608,398,42,64
HSBC,Financial,GRU,multiclass,15,5,20,0.28836674943341684,6.666290623801095,398,42,64
HSBC,Financial,GRU,multiclass,15,5,21,0.2674382994672162,6.707285449618385,398,42,64
IEP,Conglomerates,GRU,multiclass,15,5,1,1.4733913771471185,2.0634716181528,398,42,64
IEP,Conglomerates,GRU,multiclass,15,5,2,1.0332406729310002,3.5781400884900774,398,42,64
IEP,Conglomerates,GRU,multiclass,15,5,3,0.9906733879192391,2.5050960041227794,398,42,64
IEP,Conglomerates,GRU,multiclass,15,5,4,0.8454591029852478,4.8261406648726695,398,42,64
IEP,Conglomerates,GRU,multiclass,15,5,5,0.7876424114009244,3.4010231721968878,398,42,64
IEP,Conglomerates,GRU,multiclass,15,5,6,0.7031922157685361,4.434014036541893,398,42,64
IEP,Conglomerates,GRU,multiclass,15,5,7,0.7334206993855423,1.5444507939474923,398,42,64
IEP,Conglomerates,GRU,multiclass,15,5,8,0.6687992189697285,5.162939434959775,398,42,64
IEP,Conglomerates,GRU,multiclass,15,5,9,0.6572611333437302,1.6336438201722645,398,42,64
IEP,Conglomerates,GRU,multiclass,15,5,10,0.6725198517193147,1.9726577656609672,398,42,64
IEP,Conglomerates,GRU,multiclass,15,5,11,0.6414096343457399,2.970489399773734,398,42,64
IEP,Conglomerates,GRU,multiclass,15,5,12,0.5419422374598345,2.9061185745965865,398,42,64
IEP,Conglomerates,GRU,multiclass,15,5,13,0.4935983361760576,2.1635193711235408,398,42,64
IEP,Conglomerates,GRU,multiclass,15,5,14,0.5408360752927598,3.045615797951108,398,42,64
IEP,Conglomerates,GRU,multiclass,15,5,15,0.4875614622879268,2.426272812343779,398,42,64
IEP,Conglomerates,GRU,multiclass,15,5,16,0.47028579072437093,2.180451296624683,398,42,64
IEP,Conglomerates,GRU,multiclass,15,5,17,0.39669866463047776,2.484504904065813,398,42,64
IEP,Conglomerates,GRU,multiclass,15,5,18,0.37371722245635697,1.8973566747847057,398,42,64
IEP,Conglomerates,GRU,multiclass,15,5,19,0.5248143419099214,2.2865151110149564,398,42,64
IEP,Conglomerates,GRU,multiclass,15,5,20,0.4020809484786125,2.505703120004563,398,42,64
IEP,Conglomerates,GRU,multiclass,15,5,21,0.3502490915844788,2.2705240703764415,398,42,64
IEP,Conglomerates,GRU,multiclass,15,5,22,0.3421775460542746,3.049341531026931,398,42,64
IEP,Conglomerates,GRU,multiclass,15,5,23,0.34007997773400506,2.537472986039661,398,42,64
IEP,Conglomerates,GRU,multiclass,15,5,24,0.30278396980846345,2.7388224942343578,398,42,64
IEP,Conglomerates,GRU,multiclass,15,5,25,0.29510305477446647,2.2639371894654774,398,42,64
IEP,Conglomerates,GRU,multiclass,15,5,26,0.3018218217483118,2.448192460196359,398,42,64
IEP,Conglomerates,GRU,multiclass,15,5,27,0.26934816414986423,2.261435724440075,398,42,64
INTC,Technology,GRU,multiclass,15,5,1,1.318253970026371,0.7526667487053644,398,42,64
INTC,Technology,GRU,multiclass,15,5,2,0.8583970245104938,2.073317539124262,398,42,64
INTC,Technology,GRU,multiclass,15,5,3,0.7713786230314916,3.009602887289865,398,42,64
INTC,Technology,GRU,multiclass,15,5,4,0.6818684772330912,2.1191873209817067,398,42,64
INTC,Technology,GRU,multiclass,15,5,5,0.6862066834416222,2.1484693799700056,398,42,64
INTC,Technology,GRU,multiclass,15,5,6,0.548768200017699,2.606685201327006,398,42,64
INTC,Technology,GRU,multiclass,15,5,7,0.5668310344818249,2.972260134560721,398,42,64
INTC,Technology,GRU,multiclass,15,5,8,0.5264102216042466,2.109744452294849,398,42,64
INTC,Technology,GRU,multiclass,15,5,9,0.43215526932448,2.653025263831729,398,42,64
INTC,Technology,GRU,multiclass,15,5,10,0.4290318799078764,2.3162053993770053,398,42,64
INTC,Technology,GRU,multiclass,15,5,11,0.414186127221764,3.1049278179804483,398,42,64
INTC,Technology,GRU,multiclass,15,5,12,0.3860556513220821,2.1787876884142556,398,42,64
INTC,Technology,GRU,multiclass,15,5,13,0.40332349258751127,3.082731564839681,398,42,64
INTC,Technology,GRU,multiclass,15,5,14,0.37656382827004,2.3226468108949208,398,42,64
INTC,Technology,GRU,multiclass,15,5,15,0.31112793282647827,2.495145945321946,398,42,64
INTC,Technology,GRU,multiclass,15,5,16,0.2750699005684062,2.6282498041788735,398,42,64
INTC,Technology,GRU,multiclass,15,5,17,0.25912858980085385,2.5094100804555985,398,42,64
INTC,Technology,GRU,multiclass,15,5,18,0.2551554232536249,2.7760026227860224,398,42,64
INTC,Technology,GRU,multiclass,15,5,19,0.2774714513789469,2.3350434587115334,398,42,64
INTC,Technology,GRU,multiclass,15,5,20,0.2612496338897015,2.1660807643617903,398,42,64
INTC,Technology,GRU,multiclass,15,5,21,0.2323404689080751,2.436749503726051,398,42,64
JNJ,Healthcare,GRU,multiclass,15,5,1,1.1923585009934314,1.8816882882799422,398,42,64
JNJ,Healthcare,GRU,multiclass,15,5,2,0.7493574352719676,3.022450254077003,398,42,64
JNJ,Healthcare,GRU,multiclass,15,5,3,0.6171906828580789,3.1968034449077787,398,42,64
JNJ,Healthcare,GRU,multiclass,15,5,4,0.5736748737905493,4.398409593672979,398,42,64
JNJ,Healthcare,GRU,multiclass,15,5,5,0.538973866096094,4.226992493584042,398,42,64
JNJ,Healthcare,GRU,multiclass,15,5,6,0.48163395640838086,4.183630432401385,398,42,64
JNJ,Healthcare,GRU,multiclass,15,5,7,0.4225752817925496,2.5551333086831227,398,42,64
JNJ,Healthcare,GRU,multiclass,15,5,8,0.40950935300271113,3.6985404037293934,398,42,64
JNJ,Healthcare,GRU,multiclass,15,5,9,0.3724216577695243,3.5242651871272495,398,42,64
JNJ,Healthcare,GRU,multiclass,15,5,10,0.34581807929666797,2.1083170743215653,398,42,64
JNJ,Healthcare,GRU,multiclass,15,5,11,0.3616422675362784,4.641031753449213,398,42,64
JNJ,Healthcare,GRU,multiclass,15,5,12,0.35558571685199164,2.1889724277314686,398,42,64
JNJ,Healthcare,GRU,multiclass,15,5,13,0.31358217219611506,3.071573847816104,398,42,64
JNJ,Healthcare,GRU,multiclass,15,5,14,0.2991439804958938,2.8713808740888322,398,42,64
JNJ,Healthcare,GRU,multiclass,15,5,15,0.28269499195880027,2.4159678504580544,398,42,64
JNJ,Healthcare,GRU,multiclass,15,5,16,0.2691172647416292,2.8524177301497686,398,42,64
JNJ,Healthcare,GRU,multiclass,15,5,17,0.2781762837914366,2.7300157036100114,398,42,64
JNJ,Healthcare,GRU,multiclass,15,5,18,0.27763920333517256,2.9068031992231096,398,42,64
JNJ,Healthcare,GRU,multiclass,15,5,19,0.27163622127705483,2.778484344482422,398,42,64
JNJ,Healthcare,GRU,multiclass,15,5,20,0.26287646606639403,3.2000509784335183,398,42,64
JNJ,Healthcare,GRU,multiclass,15,5,21,0.25921972410463207,2.001718214579991,398,42,64
JPM,Financial,GRU,multiclass,15,5,1,1.0716510696626789,0.7534667594092233,398,42,64
JPM,Financial,GRU,multiclass,15,5,2,0.7081599410754352,0.6957736696515765,398,42,64
JPM,Financial,GRU,multiclass,15,5,3,0.5643730533482442,0.819722314675649,398,42,64
JPM,Financial,GRU,multiclass,15,5,4,0.4783467304466957,0.9917972314925421,398,42,64
JPM,Financial,GRU,multiclass,15,5,5,0.4665351968314779,1.0243860880533855,398,42,64
JPM,Financial,GRU,multiclass,15,5,6,0.4507489596779023,0.8910504238946098,398,42,64
JPM,Financial,GRU,multiclass,15,5,7,0.4560331447639657,1.0583857865560622,398,42,64
JPM,Financial,GRU,multiclass,15,5,8,0.5158278067507337,1.44527762844449,398,42,64
JPM,Financial,GRU,multiclass,15,5,9,0.4409668646266113,1.37896047887348,398,42,64
JPM,Financial,GRU,multiclass,15,5,10,0.35247146589073103,1.5512835525331043,398,42,64
JPM,Financial,GRU,multiclass,15,5,11,0.3507566848891464,1.0371372529438563,398,42,64
JPM,Financial,GRU,multiclass,15,5,12,0.33446136446454416,1.4397575855255127,398,42,64
JPM,Financial,GRU,multiclass,15,5,13,0.299976967387463,1.0081113293057395,398,42,64
JPM,Financial,GRU,multiclass,15,5,14,0.2869456738383327,1.3643507219496227,398,42,64
JPM,Financial,GRU,multiclass,15,5,15,0.2823497378197148,1.1350511397634233,398,42,64
JPM,Financial,GRU,multiclass,15,5,16,0.26473297785274946,1.4007261991500854,398,42,64
JPM,Financial,GRU,multiclass,15,5,17,0.25400405598046194,1.2141509737287248,398,42,64
JPM,Financial,GRU,multiclass,15,5,18,0.251722356557247,1.4687384366989136,398,42,64
JPM,Financial,GRU,multiclass,15,5,19,0.25465334839557285,1.0543262589545477,398,42,64
JPM,Financial,GRU,multiclass,15,5,20,0.25994395116465774,1.5241810140155612,398,42,64
JPM,Financial,GRU,multiclass,15,5,21,0.23469141417711822,1.1652753097670419,398,42,64
JPM,Financial,GRU,multiclass,15,5,22,0.22267585386283434,1.1928822596867878,398,42,64
KO,Consumer Goods,GRU,multiclass,15,5,1,1.0923885035155407,0.9942766541526431,398,42,64
KO,Consumer Goods,GRU,multiclass,15,5,2,0.6794093107458336,1.6318441515877133,398,42,64
KO,Consumer Goods,GRU,multiclass,15,5,3,0.595235037144704,1.8606736489704676,398,42,64
KO,Consumer Goods,GRU,multiclass,15,5,4,0.5372351154909661,2.0842326425370716,398,42,64
KO,Consumer Goods,GRU,multiclass,15,5,5,0.48994868619358123,1.6553018972987221,398,42,64
KO,Consumer Goods,GRU,multiclass,15,5,6,0.4730378611003933,3.0018348807380315,398,42,64
KO,Consumer Goods,GRU,multiclass,15,5,7,0.495152567499247,1.8254066478638422,398,42,64
KO,Consumer Goods,GRU,multiclass,15,5,8,0.4490942125344396,2.2886763981410434,398,42,64
KO,Consumer Goods,GRU,multiclass,15,5,9,0.4190663888526322,2.0823865561258224,398,42,64
KO,Consumer Goods,GRU,multiclass,15,5,10,0.3526826807901488,2.2437429428100586,398,42,64
KO,Consumer Goods,GRU,multiclass,15,5,11,0.3293331793354983,2.1939967643646967,398,42,64
KO,Consumer Goods,GRU,multiclass,15,5,12,0.31630985041958604,2.446752809342884,398,42,64
KO,Consumer Goods,GRU,multiclass,15,5,13,0.32915586105842687,2.2173131931395758,398,42,64
KO,Consumer Goods,GRU,multiclass,15,5,14,0.3329631403912252,2.011651947384789,398,42,64
KO,Consumer Goods,GRU,multiclass,15,5,15,0.3077519671551546,2.6003856488636563,398,42,64
KO,Consumer Goods,GRU,multiclass,15,5,16,0.3091832279559955,2.1831377148628235,398,42,64
KO,Consumer Goods,GRU,multiclass,15,5,17,0.2938787718514102,2.494874562535967,398,42,64
KO,Consumer Goods,GRU,multiclass,15,5,18,0.2929334311030019,2.1392983198165894,398,42,64
KO,Consumer Goods,GRU,multiclass,15,5,19,0.26762528313164735,2.2406293721426103,398,42,64
KO,Consumer Goods,GRU,multiclass,15,5,20,0.25288700001623166,2.329494220869882,398,42,64
KO,Consumer Goods,GRU,multiclass,15,5,21,0.23941030357051735,2.153045109340123,398,42,64
LMT,Industrial Goods,GRU,multiclass,15,5,1,1.321659836337794,1.1047371001470656,398,42,64
LMT,Industrial Goods,GRU,multiclass,15,5,2,0.8445604683166772,0.7979859511057535,398,42,64
LMT,Industrial Goods,GRU,multiclass,15,5,3,0.7728295389132284,0.8622986191794986,398,42,64
LMT,Industrial Goods,GRU,multiclass,15,5,4,0.7039737581607685,0.7213142769677299,398,42,64
LMT,Industrial Goods,GRU,multiclass,15,5,5,0.6171820894557627,0.8708495384170896,398,42,64
LMT,Industrial Goods,GRU,multiclass,15,5,6,0.5443058565034339,0.8302291660081773,398,42,64
LMT,Industrial Goods,GRU,multiclass,15,5,7,0.5048207117984044,1.2354425986607869,398,42,64
LMT,Industrial Goods,GRU,multiclass,15,5,8,0.5211547936626415,0.9516484254882449,398,42,64
LMT,Industrial Goods,GRU,multiclass,15,5,9,0.4678848971374071,1.3517328869728815,398,42,64
LMT,Industrial Goods,GRU,multiclass,15,5,10,0.3899191027909667,0.9706259767214457,398,42,64
LMT,Industrial Goods,GRU,multiclass,15,5,11,0.3587811229816034,1.8519172498158045,398,42,64
LMT,Industrial Goods,GRU,multiclass,15,5,12,0.5020028370708677,1.3490973512331645,398,42,64
LMT,Industrial Goods,GRU,multiclass,15,5,13,0.45165497813392524,1.4307768316495986,398,42,64
LMT,Industrial Goods,GRU,multiclass,15,5,14,0.3269347961823545,1.4628681994619823,398,42,64
LMT,Industrial Goods,GRU,multiclass,15,5,15,0.2928585236396023,1.6757446697780065,398,42,64
LMT,Industrial Goods,GRU,multiclass,15,5,16,0.3027154416894194,1.7405770279112316,398,42,64
LMT,Industrial Goods,GRU,multiclass,15,5,17,0.3131262293113536,1.3756055718376523,398,42,64
LMT,Industrial Goods,GRU,multiclass,15,5,18,0.2563645254127943,1.8167152007420857,398,42,64
LMT,Industrial Goods,GRU,multiclass,15,5,19,0.23139698271775366,2.025164016655513,398,42,64
LMT,Industrial Goods,GRU,multiclass,15,5,20,0.22634981385427505,1.8451169558933802,398,42,64
LMT,Industrial Goods,GRU,multiclass,15,5,21,0.22696844372318017,2.098489741484324,398,42,64
LMT,Industrial Goods,GRU,multiclass,15,5,22,0.22558573360119633,1.884169944695064,398,42,64
LMT,Industrial Goods,GRU,multiclass,15,5,23,0.21588244158119413,1.7641534436316717,398,42,64
LMT,Industrial Goods,GRU,multiclass,15,5,24,0.19549732396950076,2.0655720631281533,398,42,64
MA,Financial,GRU,multiclass,15,5,1,1.2387217052617865,0.9680204505012149,398,42,64
MA,Financial,GRU,multiclass,15,5,2,0.826064378172908,0.8711353710719517,398,42,64
MA,Financial,GRU,multiclass,15,5,3,0.6937939996395878,1.007630081403823,398,42,64
MA,Financial,GRU,multiclass,15,5,4,0.7038155532062952,0.9523589923268273,398,42,64
MA,Financial,GRU,multiclass,15,5,5,0.6472361722783228,1.094029460634504,398,42,64
MA,Financial,GRU,multiclass,15,5,6,0.5706655466975878,1.062649233000619,398,42,64
MA,Financial,GRU,multiclass,15,5,7,0.6021965911340474,0.9768851881935483,398,42,64
MA,Financial,GRU,multiclass,15,5,8,0.5609711754561668,0.9173447262673151,398,42,64
MA,Financial,GRU,multiclass,15,5,9,0.4649563774691155,0.9096187920797438,398,42,64
MA,Financial,GRU,multiclass,15,5,10,0.4702699188910537,0.8871760567029318,398,42,64
MA,Financial,GRU,multiclass,15,5,11,0.4115229189096384,0.9866757137434823,398,42,64
MA,Financial,GRU,multiclass,15,5,12,0.46948274640581716,1.1133166409674145,398,42,64
MA,Financial,GRU,multiclass,15,5,13,0.4382931672448489,0.892821539015997,398,42,64
MA,Financial,GRU,multiclass,15,5,14,0.3765551657532927,0.9097429031417483,398,42,64
MA,Financial,GRU,multiclass,15,5,15,0.37251961830273345,0.9747540865625653,398,42,64
MA,Financial,GRU,multiclass,15,5,16,0.3404614172089639,0.8404584186417716,398,42,64
MA,Financial,GRU,multiclass,15,5,17,0.33566921814602224,1.1417896974654425,398,42,64
MA,Financial,GRU,multiclass,15,5,18,0.3215059035986512,1.0444315444855463,398,42,64
MA,Financial,GRU,multiclass,15,5,19,0.31023068853359126,1.3205369256791615,398,42,64
MA,Financial,GRU,multiclass,15,5,20,0.28668923833262383,1.4255605538686116,398,42,64
MA,Financial,GRU,multiclass,15,5,21,0.2656206146406768,1.293500094186692,398,42,64
MA,Financial,GRU,multiclass,15,5,22,0.26661292399892855,1.317999624070667,398,42,64
MA,Financial,GRU,multiclass,15,5,23,0.2757154845412652,1.2482215960820515,398,42,64
MA,Financial,GRU,multiclass,15,5,24,0.23839269967833956,1.497754448936099,398,42,64
MA,Financial,GRU,multiclass,15,5,25,0.22432256523688235,1.373974431128729,398,42,64
MA,Financial,GRU,multiclass,15,5,26,0.2201329701060626,1.4447072914668493,398,42,64
MA,Financial,GRU,multiclass,15,5,27,0.21723626703772714,1.4780141966683524,398,42,64
MA,Financial,GRU,multiclass,15,5,28,0.21906929025098906,1.5825294653574626,398,42,64
MA,Financial,GRU,multiclass,15,5,29,0.20153622299282994,1.527293466386341,398,42,64
MA,Financial,GRU,multiclass,15,5,30,0.1927760046480888,1.6258358160654705,398,42,64
MA,Financial,GRU,multiclass,15,5,31,0.1956301164537219,1.6870596749441964,398,42,64
MA,Financial,GRU,multiclass,15,5,32,0.19088952280768198,1.6523751758393788,398,42,64
MA,Financial,GRU,multiclass,15,5,33,0.18596728280860575,1.784478289740426,398,42,64
MA,Financial,GRU,multiclass,15,5,34,0.18505324430801162,1.708322525024414,398,42,64
MA,Financial,GRU,multiclass,15,5,35,0.1777342360223358,1.8765264465695335,398,42,64
MA,Financial,GRU,multiclass,15,5,36,0.170429553443463,1.8353639330182756,398,42,64
MCD,Services,GRU,multiclass,15,5,1,1.23241672024655,2.339171772911435,398,42,64
MCD,Services,GRU,multiclass,15,5,2,0.7795333263263031,1.8011012644994826,398,42,64
MCD,Services,GRU,multiclass,15,5,3,0.6807216317509887,1.8475789796738398,398,42,64
MCD,Services,GRU,multiclass,15,5,4,0.5848696555324535,1.9201969986870175,398,42,64
MCD,Services,GRU,multiclass,15,5,5,0.5556385240063595,1.6407480921064104,398,42,64
MCD,Services,GRU,multiclass,15,5,6,0.5020078296337894,1.8271458489554269,398,42,64
MCD,Services,GRU,multiclass,15,5,7,0.5271566233143734,1.8637433165595645,398,42,64
MCD,Services,GRU,multiclass,15,5,8,0.48234066262317066,2.234557867050171,398,42,64
MCD,Services,GRU,multiclass,15,5,9,0.44582927436684844,2.03946662516821,398,42,64
MCD,Services,GRU,multiclass,15,5,10,0.4632193266446866,1.9439117113749187,398,42,64
MCD,Services,GRU,multiclass,15,5,11,0.5346506932872025,1.6069909845079695,398,42,64
MCD,Services,GRU,multiclass,15,5,12,0.4324540380556979,1.7213598092397053,398,42,64
MCD,Services,GRU,multiclass,15,5,13,0.3957750756836417,1.9527496723901658,398,42,64
MCD,Services,GRU,multiclass,15,5,14,0.3597071590136044,2.019749153228033,398,42,64
MCD,Services,GRU,multiclass,15,5,15,0.3463770798103294,1.9683208692641485,398,42,64
MCD,Services,GRU,multiclass,15,5,16,0.3301306701634997,2.083646059036255,398,42,64
MCD,Services,GRU,multiclass,15,5,17,0.331510866781575,2.0074535665057955,398,42,64
MCD,Services,GRU,multiclass,15,5,18,0.3247819042685044,1.9083865143003917,398,42,64
MCD,Services,GRU,multiclass,15,5,19,0.296197378081293,2.0234210718245733,398,42,64
MCD,Services,GRU,multiclass,15,5,20,0.29249346480896726,1.9398641472771054,398,42,64
MCD,Services,GRU,multiclass,15,5,21,0.27265309613553723,1.6207691714877175,398,42,64
MCD,Services,GRU,multiclass,15,5,22,0.2572539311707319,1.8504993688492548,398,42,64
MCD,Services,GRU,multiclass,15,5,23,0.2544223442299282,1.8546232723054432,398,42,64
MCD,Services,GRU,multiclass,15,5,24,0.24781243248501017,1.8858929929279147,398,42,64
MCD,Services,GRU,multiclass,15,5,25,0.2318962190917988,1.926894607998076,398,42,64
MCD,Services,GRU,multiclass,15,5,26,0.21996338365964554,1.9533175286792575,398,42,64
MCD,Services,GRU,multiclass,15,5,27,0.21872496867000157,2.0564898876916793,398,42,64
MCD,Services,GRU,multiclass,15,5,28,0.23118333705705613,1.902168830235799,398,42,64
MCD,Services,GRU,multiclass,15,5,29,0.22821502537284066,2.0938823450179327,398,42,64
MCD,Services,GRU,multiclass,15,5,30,0.2157664377635448,2.10586903208778,398,42,64
MCD,Services,GRU,multiclass,15,5,31,0.20196059982680795,2.058884609313238,398,42,64
MDT,Healthcare,GRU,multiclass,15,5,1,1.1620321034187049,0.7704540547870454,398,42,64
MDT,Healthcare,GRU,multiclass,15,5,2,0.7092202659228339,0.6815525009518578,398,42,64
MDT,Healthcare,GRU,multiclass,15,5,3,0.6634177577555479,0.9131153935477847,398,42,64
MDT,Healthcare,GRU,multiclass,15,5,4,0.531630361199978,1.113296077364967,398,42,64
MDT,Healthcare,GRU,multiclass,15,5,5,0.5347990759054021,1.2686160121645247,398,42,64
MDT,Healthcare,GRU,multiclass,15,5,6,0.4719602127171042,1.668907154174078,398,42,64
MDT,Healthcare,GRU,multiclass,15,5,7,0.4474772274793692,3.527312914530436,398,42,64
MDT,Healthcare,GRU,multiclass,15,5,8,0.40648593615047895,2.806449299766904,398,42,64
MDT,Healthcare,GRU,multiclass,15,5,9,0.49692876344949155,2.4307424227396646,398,42,64
MDT,Healthcare,GRU,multiclass,15,5,10,0.43612685814574736,4.079710415431431,398,42,64
MDT,Healthcare,GRU,multiclass,15,5,11,0.3844211767965825,5.418631235758464,398,42,64
MDT,Healthcare,GRU,multiclass,15,5,12,0.33920168726887534,4.9097432636079335,398,42,64
MDT,Healthcare,GRU,multiclass,15,5,13,0.31723294680442043,6.170913605462937,398,42,64
MDT,Healthcare,GRU,multiclass,15,5,14,0.3105576027877367,4.574722971235003,398,42,64
MDT,Healthcare,GRU,multiclass,15,5,15,0.2696700332751825,5.369623275030227,398,42,64
MDT,Healthcare,GRU,multiclass,15,5,16,0.25227393082637883,4.5378670919509165,398,42,64
MDT,Healthcare,GRU,multiclass,15,5,17,0.25954502955753,5.465697379339309,398,42,64
MDT,Healthcare,GRU,multiclass,15,5,18,0.27043265433766733,5.554675011407761,398,42,64
MDT,Healthcare,GRU,multiclass,15,5,19,0.2628098362354777,5.317754563831148,398,42,64
MDT,Healthcare,GRU,multiclass,15,5,20,0.25226717857859243,5.253498395284017,398,42,64
MDT,Healthcare,GRU,multiclass,15,5,21,0.23103633815020172,4.766395886739095,398,42,64
MDT,Healthcare,GRU,multiclass,15,5,22,0.2160249822702839,5.01294131506057,398,42,64
MMM,Industrial Goods,GRU,multiclass,15,5,1,1.4339795355221734,1.096381956622714,398,42,64
MMM,Industrial Goods,GRU,multiclass,15,5,2,0.9004972762797945,2.2348205872944424,398,42,64
MMM,Industrial Goods,GRU,multiclass,15,5,3,0.7187834976606033,1.9843485355377197,398,42,64
MMM,Industrial Goods,GRU,multiclass,15,5,4,0.6246924383855944,4.075445004871914,398,42,64
MMM,Industrial Goods,GRU,multiclass,15,5,5,0.5775431485930879,2.9967817692529586,398,42,64
MMM,Industrial Goods,GRU,multiclass,15,5,6,0.5104145365743781,3.8129463536398753,398,42,64
MMM,Industrial Goods,GRU,multiclass,15,5,7,0.48167421979520786,2.5141390845889138,398,42,64
MMM,Industrial Goods,GRU,multiclass,15,5,8,0.45043875224626245,3.050054368518648,398,42,64
MMM,Industrial Goods,GRU,multiclass,15,5,9,0.442242352057941,3.62492941674732,398,42,64
MMM,Industrial Goods,GRU,multiclass,15,5,10,0.38517678285663454,3.192738311631339,398,42,64
MMM,Industrial Goods,GRU,multiclass,15,5,11,0.35895179751230843,4.330407778422038,398,42,64
MMM,Industrial Goods,GRU,multiclass,15,5,12,0.36881916606845566,2.831626227923802,398,42,64
MMM,Industrial Goods,GRU,multiclass,15,5,13,0.3395439740551177,4.137988771711077,398,42,64
MMM,Industrial Goods,GRU,multiclass,15,5,14,0.3514936084873113,3.258681581133888,398,42,64
MMM,Industrial Goods,GRU,multiclass,15,5,15,0.3237675764602632,3.960980222338722,398,42,64
MMM,Industrial Goods,GRU,multiclass,15,5,16,0.3015850283692231,3.40304057938712,398,42,64
MMM,Industrial Goods,GRU,multiclass,15,5,17,0.277659403019814,3.7400848411378407,398,42,64
MMM,Industrial Goods,GRU,multiclass,15,5,18,0.2631157288449493,3.5217985766274587,398,42,64
MMM,Industrial Goods,GRU,multiclass,15,5,19,0.25323566337626185,4.173553682508922,398,42,64
MMM,Industrial Goods,GRU,multiclass,15,5,20,0.2495099078470738,3.714257592246646,398,42,64
MMM,Industrial Goods,GRU,multiclass,15,5,21,0.25149258521933054,3.795057149160476,398,42,64
MO,Consumer Goods,GRU,multiclass,15,5,1,0.9303743926124957,1.1018897635596139,398,42,64
MO,Consumer Goods,GRU,multiclass,15,5,2,0.61721759615232,1.0706395705540974,398,42,64
MO,Consumer Goods,GRU,multiclass,15,5,3,0.5289975356816048,1.473798388526553,398,42,64
MO,Consumer Goods,GRU,multiclass,15,5,4,0.46498973555301304,1.8903554791495913,398,42,64
MO,Consumer Goods,GRU,multiclass,15,5,5,0.4405748224138615,1.2530526603971208,398,42,64
MO,Consumer Goods,GRU,multiclass,15,5,6,0.4253675611174885,1.2317012548446655,398,42,64
MO,Consumer Goods,GRU,multiclass,15,5,7,0.4139234124116562,1.2756487414950417,398,42,64
MO,Consumer Goods,GRU,multiclass,15,5,8,0.4118002278720913,2.2219813153857277,398,42,64
MO,Consumer Goods,GRU,multiclass,15,5,9,0.3670938691901202,1.5472034215927124,398,42,64
MO,Consumer Goods,GRU,multiclass,15,5,10,0.3615375415763663,1.4751266751970564,398,42,64
MO,Consumer Goods,GRU,multiclass,15,5,11,0.3274016886500258,1.9942295437767392,398,42,64
MO,Consumer Goods,GRU,multiclass,15,5,12,0.30669712391330967,1.8119715281895228,398,42,64
MO,Consumer Goods,GRU,multiclass,15,5,13,0.2836275515544355,1.814752873920259,398,42,64
MO,Consumer Goods,GRU,multiclass,15,5,14,0.2941612542873651,1.8229244209471203,398,42,64
MO,Consumer Goods,GRU,multiclass,15,5,15,0.2817182936261048,2.169816698346819,398,42,64
MO,Consumer Goods,GRU,multiclass,15,5,16,0.2562298051376439,1.7871743270329066,398,42,64
MO,Consumer Goods,GRU,multiclass,15,5,17,0.24779951789570814,2.0172784555526007,398,42,64
MO,Consumer Goods,GRU,multiclass,15,5,18,0.23465274409133585,2.194952135994321,398,42,64
MO,Consumer Goods,GRU,multiclass,15,5,19,0.22361459511907855,2.31974839028858,398,42,64
MO,Consumer Goods,GRU,multiclass,15,5,20,0.22782788519284233,2.6189568042755127,398,42,64
MO,Consumer Goods,GRU,multiclass,15,5,21,0.2310583765183262,2.5728167579287575,398,42,64
MO,Consumer Goods,GRU,multiclass,15,5,22,0.20934831055264977,2.4762703350612094,398,42,64
MRK,Healthcare,GRU,multiclass,15,5,1,1.093106102404283,2.058066583815075,398,42,64
MRK,Healthcare,GRU,multiclass,15,5,2,0.7382639068454954,4.806317692711239,398,42,64
MRK,Healthcare,GRU,multiclass,15,5,3,0.6629207378356301,3.4282485189891996,398,42,64
MRK,Healthcare,GRU,multiclass,15,5,4,0.5767402737284425,4.968433561779204,398,42,64
MRK,Healthcare,GRU,multiclass,15,5,5,0.5032679950771619,4.6321258544921875,398,42,64
MRK,Healthcare,GRU,multiclass,15,5,6,0.4710098690723055,4.08577839533488,398,42,64
MRK,Healthcare,GRU,multiclass,15,5,7,0.5010425996540779,4.740697179521833,398,42,64
MRK,Healthcare,GRU,multiclass,15,5,8,0.447427195070976,5.020488194056919,398,42,64
MRK,Healthcare,GRU,multiclass,15,5,9,0.46169064197708015,4.963885125659761,398,42,64
MRK,Healthcare,GRU,multiclass,15,5,10,0.4213791778638734,4.506528627304804,398,42,64
MRK,Healthcare,GRU,multiclass,15,5,11,0.39556627514673837,4.258875710623605,398,42,64
MRK,Healthcare,GRU,multiclass,15,5,12,0.4013256360238521,4.357457683199928,398,42,64
MRK,Healthcare,GRU,multiclass,15,5,13,0.3952223823298162,4.407623790559315,398,42,64
MRK,Healthcare,GRU,multiclass,15,5,14,0.35683536537029037,4.837878227233887,398,42,64
MRK,Healthcare,GRU,multiclass,15,5,15,0.3276033148394158,4.108372665586925,398,42,64
MRK,Healthcare,GRU,multiclass,15,5,16,0.30518066823182993,5.2214337303524925,398,42,64
MRK,Healthcare,GRU,multiclass,15,5,17,0.31245043649146303,4.5164008140563965,398,42,64
MRK,Healthcare,GRU,multiclass,15,5,18,0.31169150500141796,4.4231024242582775,398,42,64
MRK,Healthcare,GRU,multiclass,15,5,19,0.3255820346986828,4.76044545854841,398,42,64
MRK,Healthcare,GRU,multiclass,15,5,20,0.3349039582301624,4.21372820082165,398,42,64
MRK,Healthcare,GRU,multiclass,15,5,21,0.2891186308770923,5.048216774350121,398,42,64
MSFT,Technology,GRU,multiclass,15,5,1,1.0239341417748724,0.8064794966152736,398,42,64
MSFT,Technology,GRU,multiclass,15,5,2,0.7224592855527773,0.9874023340997242,398,42,64
MSFT,Technology,GRU,multiclass,15,5,3,0.5672025286672103,1.1257776618003845,398,42,64
MSFT,Technology,GRU,multiclass,15,5,4,0.5211613522702127,1.660573198681786,398,42,64
MSFT,Technology,GRU,multiclass,15,5,5,0.48655902620536,1.6182253190449305,398,42,64
MSFT,Technology,GRU,multiclass,15,5,6,0.4639631386977344,1.6703017155329387,398,42,64
MSFT,Technology,GRU,multiclass,15,5,7,0.524152668277223,1.8011773086729503,398,42,64
MSFT,Technology,GRU,multiclass,15,5,8,0.4102902395940905,1.825090726216634,398,42,64
MSFT,Technology,GRU,multiclass,15,5,9,0.36643390275126125,1.9864141373407274,398,42,64
MSFT,Technology,GRU,multiclass,15,5,10,0.3754897938301815,1.623300694283985,398,42,64
MSFT,Technology,GRU,multiclass,15,5,11,0.3425386157167617,1.9191898050762357,398,42,64
MSFT,Technology,GRU,multiclass,15,5,12,0.3301603885451753,1.6915910016922724,398,42,64
MSFT,Technology,GRU,multiclass,15,5,13,0.3128587617047468,1.620288854553586,398,42,64
MSFT,Technology,GRU,multiclass,15,5,14,0.29232378536133313,1.730568522498721,398,42,64
MSFT,Technology,GRU,multiclass,15,5,15,0.2671417297430374,1.683587670326233,398,42,64
MSFT,Technology,GRU,multiclass,15,5,16,0.24721377429051614,1.7099133048738753,398,42,64
MSFT,Technology,GRU,multiclass,15,5,17,0.23718994773512508,1.7668102411996751,398,42,64
MSFT,Technology,GRU,multiclass,15,5,18,0.23649030938819426,1.9081273873647053,398,42,64
MSFT,Technology,GRU,multiclass,15,5,19,0.2465729187032086,1.6209617739632016,398,42,64
MSFT,Technology,GRU,multiclass,15,5,20,0.25840622920486794,2.0755111489977156,398,42,64
MSFT,Technology,GRU,multiclass,15,5,21,0.22782646688684147,1.6998001280285062,398,42,64
NEE,Utilities,GRU,multiclass,15,5,1,1.2977077074386367,1.0378776675178891,398,42,64
NEE,Utilities,GRU,multiclass,15,5,2,0.7777128614971985,1.0049053260258265,398,42,64
NEE,Utilities,GRU,multiclass,15,5,3,0.6271557488932682,1.135027567545573,398,42,64
NEE,Utilities,GRU,multiclass,15,5,4,0.5558507306192388,1.0515580461138772,398,42,64
NEE,Utilities,GRU,multiclass,15,5,5,0.5408534004760148,1.307092805703481,398,42,64
NEE,Utilities,GRU,multiclass,15,5,6,0.5193320738909831,1.1112130142393566,398,42,64
NEE,Utilities,GRU,multiclass,15,5,7,0.5433630161548979,1.0205784752255393,398,42,64
NEE,Utilities,GRU,multiclass,15,5,8,0.41483949491726096,1.4675370965685164,398,42,64
NEE,Utilities,GRU,multiclass,15,5,9,0.426243082812084,0.9264828193755377,398,42,64
NEE,Utilities,GRU,multiclass,15,5,10,0.3914658404774402,1.1400939850580125,398,42,64
NEE,Utilities,GRU,multiclass,15,5,11,0.3495847403104581,0.9862557592846098,398,42,64
NEE,Utilities,GRU,multiclass,15,5,12,0.36471826407178565,1.1459667114984422,398,42,64
NEE,Utilities,GRU,multiclass,15,5,13,0.3509761430510324,1.1446212189538139,398,42,64
NEE,Utilities,GRU,multiclass,15,5,14,0.31065133992751043,1.1733727313223339,398,42,64
NEE,Utilities,GRU,multiclass,15,5,15,0.28073987372257003,1.1752452509743827,398,42,64
NEE,Utilities,GRU,multiclass,15,5,16,0.278345797304532,1.1270169757661366,398,42,64
NEE,Utilities,GRU,multiclass,15,5,17,0.2620774274645139,1.143133731115432,398,42,64
NEE,Utilities,GRU,multiclass,15,5,18,0.2552133681037318,1.0625422284716652,398,42,64
NEE,Utilities,GRU,multiclass,15,5,19,0.25490145991795027,1.0430048079717726,398,42,64
NEE,Utilities,GRU,multiclass,15,5,20,0.2756786467741482,1.5185596091406686,398,42,64
NEE,Utilities,GRU,multiclass,15,5,21,0.27889344006327527,0.9958984227407546,398,42,64
NEE,Utilities,GRU,multiclass,15,5,22,0.2553694761877683,1.2817961318152291,398,42,64
NEE,Utilities,GRU,multiclass,15,5,23,0.22367692600243055,1.200965716725304,398,42,64
NEE,Utilities,GRU,multiclass,15,5,24,0.21346736890287255,1.241414955684117,398,42,64
NEE,Utilities,GRU,multiclass,15,5,25,0.20861713236300788,1.1987207106181554,398,42,64
NEE,Utilities,GRU,multiclass,15,5,26,0.20737068751948562,1.2551813579740978,398,42,64
NEE,Utilities,GRU,multiclass,15,5,27,0.20260420553947814,1.2807318653379167,398,42,64
NEE,Utilities,GRU,multiclass,15,5,28,0.1974143332722199,1.3136569942746843,398,42,64
NEE,Utilities,GRU,multiclass,15,5,29,0.19067022069614736,1.274789117631458,398,42,64
NGG,Utilities,GRU,multiclass,15,5,1,1.1140829636223952,1.582632269178118,398,42,64
NGG,Utilities,GRU,multiclass,15,5,2,0.8001871511864302,0.9339888521603176,398,42,64
NGG,Utilities,GRU,multiclass,15,5,3,0.6088995571112513,1.159835315885998,398,42,64
NGG,Utilities,GRU,multiclass,15,5,4,0.5694385978145216,0.8818507960864476,398,42,64
NGG,Utilities,GRU,multiclass,15,5,5,0.5703008791909145,1.1427429488727026,398,42,64
NGG,Utilities,GRU,multiclass,15,5,6,0.4977242039825449,1.1405730928693498,398,42,64
NGG,Utilities,GRU,multiclass,15,5,7,0.4211468558814657,0.7929281507219587,398,42,64
NGG,Utilities,GRU,multiclass,15,5,8,0.4673196734046217,1.2350132749194191,398,42,64
NGG,Utilities,GRU,multiclass,15,5,9,0.5204025132572232,0.9635663202830723,398,42,64
NGG,Utilities,GRU,multiclass,15,5,10,0.4406925772302714,1.0069581894647508,398,42,64
NGG,Utilities,GRU,multiclass,15,5,11,0.4318554304053436,1.5741270156133742,398,42,64
NGG,Utilities,GRU,multiclass,15,5,12,0.4814313301189461,0.8245247063182649,398,42,64
NGG,Utilities,GRU,multiclass,15,5,13,0.4124359984194214,1.231264897755214,398,42,64
NGG,Utilities,GRU,multiclass,15,5,14,0.35356634847782364,1.0959954829443068,398,42,64
NGG,Utilities,GRU,multiclass,15,5,15,0.2996090099440148,0.9760223229726156,398,42,64
NGG,Utilities,GRU,multiclass,15,5,16,0.2684230562580291,1.1037009557088215,398,42,64
NGG,Utilities,GRU,multiclass,15,5,17,0.2582273407647358,1.1625995408921015,398,42,64
NGG,Utilities,GRU,multiclass,15,5,18,0.2757159680427618,1.0907645452590216,398,42,64
NGG,Utilities,GRU,multiclass,15,5,19,0.27318545764115587,1.0564112152372087,398,42,64
NGG,Utilities,GRU,multiclass,15,5,20,0.27018878096012616,1.1372504574911935,398,42,64
NGG,Utilities,GRU,multiclass,15,5,21,0.2546728446555497,1.0828204949696858,398,42,64
NGG,Utilities,GRU,multiclass,15,5,22,0.24485600990566178,1.2228265716916038,398,42,64
NGG,Utilities,GRU,multiclass,15,5,23,0.2339235566668774,1.2323254063015892,398,42,64
NGG,Utilities,GRU,multiclass,15,5,24,0.220739306591863,1.2034291199275426,398,42,64
NGG,Utilities,GRU,multiclass,15,5,25,0.218331396429982,1.275517395564488,398,42,64
NGG,Utilities,GRU,multiclass,15,5,26,0.21145403849419636,1.3216184888567244,398,42,64
NGG,Utilities,GRU,multiclass,15,5,27,0.2005862615366078,1.198109513237363,398,42,64
NVS,Healthcare,GRU,multiclass,15,5,1,1.0701788825605383,1.2600378422510057,398,42,64
NVS,Healthcare,GRU,multiclass,15,5,2,0.6239309874012242,2.6865113349187943,398,42,64
NVS,Healthcare,GRU,multiclass,15,5,3,0.5523141468290108,1.5361183030264718,398,42,64
NVS,Healthcare,GRU,multiclass,15,5,4,0.5352503163131637,3.3452586446489607,398,42,64
NVS,Healthcare,GRU,multiclass,15,5,5,0.5329568191389342,2.6738756951831637,398,42,64
NVS,Healthcare,GRU,multiclass,15,5,6,0.5022229874253872,4.1651163555326915,398,42,64
NVS,Healthcare,GRU,multiclass,15,5,7,0.4784106390560093,2.8225441660199846,398,42,64
NVS,Healthcare,GRU,multiclass,15,5,8,0.42437843177186785,2.627372832525344,398,42,64
NVS,Healthcare,GRU,multiclass,15,5,9,0.37666265426868173,2.9027993111383346,398,42,64
NVS,Healthcare,GRU,multiclass,15,5,10,0.35691656396916166,3.0744735399881997,398,42,64
NVS,Healthcare,GRU,multiclass,15,5,11,0.34351886516839414,3.1236048425946916,398,42,64
NVS,Healthcare,GRU,multiclass,15,5,12,0.3453975060028047,3.1508130118960427,398,42,64
NVS,Healthcare,GRU,multiclass,15,5,13,0.36494755333092943,4.152132670084636,398,42,64
NVS,Healthcare,GRU,multiclass,15,5,14,0.3838126310451546,2.714329515184675,398,42,64
NVS,Healthcare,GRU,multiclass,15,5,15,0.3206240924908288,3.483720892951602,398,42,64
NVS,Healthcare,GRU,multiclass,15,5,16,0.28648001172734266,2.9903073764982677,398,42,64
NVS,Healthcare,GRU,multiclass,15,5,17,0.26931284195813704,3.873860631670271,398,42,64
NVS,Healthcare,GRU,multiclass,15,5,18,0.26448165535477536,3.1371066456749324,398,42,64
NVS,Healthcare,GRU,multiclass,15,5,19,0.2587966058197333,3.9394858678181968,398,42,64
NVS,Healthcare,GRU,multiclass,15,5,20,0.2555517711157176,3.4519873346601213,398,42,64
NVS,Healthcare,GRU,multiclass,15,5,21,0.24067480641244046,3.8143712225414457,398,42,64
ORCL,Technology,GRU,multiclass,15,5,1,1.2970288795741958,0.7551475110508147,398,42,64
ORCL,Technology,GRU,multiclass,15,5,2,0.8384677784227247,2.849195423580351,398,42,64
ORCL,Technology,GRU,multiclass,15,5,3,0.7056751779874965,4.545202232542492,398,42,64
ORCL,Technology,GRU,multiclass,15,5,4,0.635609234098214,4.3561076663789295,398,42,64
ORCL,Technology,GRU,multiclass,15,5,5,0.5850720155478721,3.667939765112741,398,42,64
ORCL,Technology,GRU,multiclass,15,5,6,0.5254192958824598,4.829007443927583,398,42,64
ORCL,Technology,GRU,multiclass,15,5,7,0.5507235950111744,3.6373743556794667,398,42,64
ORCL,Technology,GRU,multiclass,15,5,8,0.5535603710005631,3.7135183016459146,398,42,64
ORCL,Technology,GRU,multiclass,15,5,9,0.4923401098305257,4.699784119923909,398,42,64
ORCL,Technology,GRU,multiclass,15,5,10,0.4318368965806674,2.7374294144766673,398,42,64
ORCL,Technology,GRU,multiclass,15,5,11,0.4038234129173672,3.7064376331510998,398,42,64
ORCL,Technology,GRU,multiclass,15,5,12,0.3887326787764104,3.067970798129127,398,42,64
ORCL,Technology,GRU,multiclass,15,5,13,0.36571038592999905,3.1419229734511602,398,42,64
ORCL,Technology,GRU,multiclass,15,5,14,0.37233889245208185,3.1300792467026484,398,42,64
ORCL,Technology,GRU,multiclass,15,5,15,0.3461963747763753,3.3873138427734375,398,42,64
ORCL,Technology,GRU,multiclass,15,5,16,0.32814217085514835,2.495644285565331,398,42,64
ORCL,Technology,GRU,multiclass,15,5,17,0.31483827486409616,2.81757961000715,398,42,64
ORCL,Technology,GRU,multiclass,15,5,18,0.3138357429348644,2.7627010572524298,398,42,64
ORCL,Technology,GRU,multiclass,15,5,19,0.31422482640599486,2.1714903740655807,398,42,64
ORCL,Technology,GRU,multiclass,15,5,20,0.2877544958387787,2.70719880149478,398,42,64
ORCL,Technology,GRU,multiclass,15,5,21,0.264806950212124,2.126687310990833,398,42,64
PCG,Utilities,GRU,multiclass,15,5,1,1.163419410511477,1.0266632437705994,398,42,64
PCG,Utilities,GRU,multiclass,15,5,2,0.8515990362994036,1.501301490125202,398,42,64
PCG,Utilities,GRU,multiclass,15,5,3,0.690559213484951,1.117881831668672,398,42,64
PCG,Utilities,GRU,multiclass,15,5,4,0.5355894793218104,1.3152515547616142,398,42,64
PCG,Utilities,GRU,multiclass,15,5,5,0.43992297987842083,1.3692968459356398,398,42,64
PCG,Utilities,GRU,multiclass,15,5,6,0.4551379237342719,1.9420440651121593,398,42,64
PCG,Utilities,GRU,multiclass,15,5,7,0.48895820076741164,1.9954953080131894,398,42,64
PCG,Utilities,GRU,multiclass,15,5,8,0.4045741677883282,1.9140784059252058,398,42,64
PCG,Utilities,GRU,multiclass,15,5,9,0.37394470545514746,1.9792322431291853,398,42,64
PCG,Utilities,GRU,multiclass,15,5,10,0.37625224746052344,2.2685545058477494,398,42,64
PCG,Utilities,GRU,multiclass,15,5,11,0.4525181537297503,2.0967051131384715,398,42,64
PCG,Utilities,GRU,multiclass,15,5,12,0.35374206678951203,2.0318667548043385,398,42,64
PCG,Utilities,GRU,multiclass,15,5,13,0.31078595611917315,2.1917747315906344,398,42,64
PCG,Utilities,GRU,multiclass,15,5,14,0.29337327961047094,2.3620559828622,398,42,64
PCG,Utilities,GRU,multiclass,15,5,15,0.2694108258539708,2.407689156986418,398,42,64
PCG,Utilities,GRU,multiclass,15,5,16,0.2584695279897757,2.718689691452753,398,42,64
PCG,Utilities,GRU,multiclass,15,5,17,0.2575439512729645,2.7235924289340065,398,42,64
PCG,Utilities,GRU,multiclass,15,5,18,0.2795459928374794,2.5968462853204635,398,42,64
PCG,Utilities,GRU,multiclass,15,5,19,0.26299761924611864,2.668829179945446,398,42,64
PCG,Utilities,GRU,multiclass,15,5,20,0.2532709249899016,2.4459030968802318,398,42,64
PCG,Utilities,GRU,multiclass,15,5,21,0.23167169139013818,2.7659494309198287,398,42,64
PCLN,Services,GRU,multiclass,15,5,1,1.427025913593158,1.6934364239374797,398,42,64
PCLN,Services,GRU,multiclass,15,5,2,1.0694498946918316,1.3772119964872087,398,42,64
PCLN,Services,GRU,multiclass,15,5,3,0.8067066423857032,0.9790811992826915,398,42,64
PCLN,Services,GRU,multiclass,15,5,4,0.6594278719556991,0.9999166755449205,398,42,64
PCLN,Services,GRU,multiclass,15,5,5,0.6175373702792067,1.2610563096545993,398,42,64
PCLN,Services,GRU,multiclass,15,5,6,0.561589703637751,0.845317372253963,398,42,64
PCLN,Services,GRU,multiclass,15,5,7,0.5266646363926892,1.023000873270489,398,42,64
PCLN,Services,GRU,multiclass,15,5,8,0.48529228770253646,1.0526083395594643,398,42,64
PCLN,Services,GRU,multiclass,15,5,9,0.44911128027954295,1.4777646291823614,398,42,64
PCLN,Services,GRU,multiclass,15,5,10,0.45383763717646575,2.2829603354136148,398,42,64
PCLN,Services,GRU,multiclass,15,5,11,0.4142431197453983,1.9091416483833676,398,42,64
PCLN,Services,GRU,multiclass,15,5,12,0.43656379029379416,1.4114940734136672,398,42,64
PCLN,Services,GRU,multiclass,15,5,13,0.3977794709367369,0.9455700318018595,398,42,64
PCLN,Services,GRU,multiclass,15,5,14,0.3600998258770411,1.067032794157664,398,42,64
PCLN,Services,GRU,multiclass,15,5,15,0.2964654751309198,1.0992464934076582,398,42,64
PCLN,Services,GRU,multiclass,15,5,16,0.27533412608669033,1.5249532092185247,398,42,64
PCLN,Services,GRU,multiclass,15,5,17,0.2755708994353237,0.9685909606161571,398,42,64
PCLN,Services,GRU,multiclass,15,5,18,0.26231353737451324,1.3417424701509022,398,42,64
PCLN,Services,GRU,multiclass,15,5,19,0.2692543507071596,1.0882580024855477,398,42,64
PCLN,Services,GRU,multiclass,15,5,20,0.22966434975065778,1.4144574119931175,398,42,64
PCLN,Services,GRU,multiclass,15,5,21,0.2199130374657449,1.1722557346026103,398,42,64
PCLN,Services,GRU,multiclass,15,5,22,0.19897715938300942,1.3103039662043254,398,42,64
PCLN,Services,GRU,multiclass,15,5,23,0.18946439263658907,1.1626081324758983,398,42,64
PCLN,Services,GRU,multiclass,15,5,24,0.18089860050597384,1.3333096504211426,398,42,64
PCLN,Services,GRU,multiclass,15,5,25,0.18182100063592346,1.1484730413981847,398,42,64
PCLN,Services,GRU,multiclass,15,5,26,0.18065683951779227,1.4116400735718864,398,42,64
PEP,Consumer Goods,GRU,multiclass,15,5,1,1.0810209677447027,1.4286873397373019,398,42,64
PEP,Consumer Goods,GRU,multiclass,15,5,2,0.660716378958381,1.9005032096590315,398,42,64
PEP,Consumer Goods,GRU,multiclass,15,5,3,0.6192650067147298,1.1012143606231326,398,42,64
PEP,Consumer Goods,GRU,multiclass,15,5,4,0.6351513846136218,2.2847317400432767,398,42,64
PEP,Consumer Goods,GRU,multiclass,15,5,5,0.5370484249076651,1.9029978456951322,398,42,64
PEP,Consumer Goods,GRU,multiclass,15,5,6,0.4862073778207578,1.6712892055511475,398,42,64
PEP,Consumer Goods,GRU,multiclass,15,5,7,0.4740561784511835,2.0656736691792807,398,42,64
PEP,Consumer Goods,GRU,multiclass,15,5,8,0.494895790464914,2.907554308573405,398,42,64
PEP,Consumer Goods,GRU,multiclass,15,5,9,0.48544957170534375,1.5002887362525577,398,42,64
PEP,Consumer Goods,GRU,multiclass,15,5,10,0.4591020675909579,2.5102006878171648,398,42,64
PEP,Consumer Goods,GRU,multiclass,15,5,11,0.4301432013960939,2.1691306432088218,398,42,64
PEP,Consumer Goods,GRU,multiclass,15,5,12,0.3794056001919598,1.8669220209121704,398,42,64
PEP,Consumer Goods,GRU,multiclass,15,5,13,0.36619483024331195,2.2573299407958984,398,42,64
PEP,Consumer Goods,GRU,multiclass,15,5,14,0.3490316396083065,2.0991978418259394,398,42,64
PEP,Consumer Goods,GRU,multiclass,15,5,15,0.3461476865425781,1.775855717204866,398,42,64
PEP,Consumer Goods,GRU,multiclass,15,5,16,0.3327443360833067,2.2184126377105713,398,42,64
PEP,Consumer Goods,GRU,multiclass,15,5,17,0.322062410451659,2.026460988180978,398,42,64
PEP,Consumer Goods,GRU,multiclass,15,5,18,0.30529919266700745,1.9898050058455694,398,42,64
PEP,Consumer Goods,GRU,multiclass,15,5,19,0.28876982636787185,2.401493537993658,398,42,64
PEP,Consumer Goods,GRU,multiclass,15,5,20,0.2799570630842717,2.073273193268549,398,42,64
PEP,Consumer Goods,GRU,multiclass,15,5,21,0.2726502843837642,2.2939442169098627,398,42,64
PEP,Consumer Goods,GRU,multiclass,15,5,22,0.2717058340358974,2.146149237950643,398,42,64
PEP,Consumer Goods,GRU,multiclass,15,5,23,0.2638960520376512,2.162913237299238,398,42,64
PFE,Healthcare,GRU,multiclass,15,5,1,1.143575020171889,0.9184765191305251,398,42,64
PFE,Healthcare,GRU,multiclass,15,5,2,0.710801096717317,1.1509311880384172,398,42,64
PFE,Healthcare,GRU,multiclass,15,5,3,0.5240834043852648,2.7747765495663597,398,42,64
PFE,Healthcare,GRU,multiclass,15,5,4,0.5536564913526851,1.7021482672010149,398,42,64
PFE,Healthcare,GRU,multiclass,15,5,5,0.4848734968571208,2.7705098447345553,398,42,64
PFE,Healthcare,GRU,multiclass,15,5,6,0.46440829703556236,1.8578389712742396,398,42,64
PFE,Healthcare,GRU,multiclass,15,5,7,0.4403847370614958,3.0002154395693825,398,42,64
PFE,Healthcare,GRU,multiclass,15,5,8,0.42917649425453874,2.396822146006993,398,42,64
PFE,Healthcare,GRU,multiclass,15,5,9,0.36820492073519145,2.436879453204927,398,42,64
PFE,Healthcare,GRU,multiclass,15,5,10,0.36683509120689567,3.050286752837045,398,42,64
PFE,Healthcare,GRU,multiclass,15,5,11,0.34011922851579274,2.544910408201672,398,42,64
PFE,Healthcare,GRU,multiclass,15,5,12,0.3634998938396348,2.565073535555885,398,42,64
PFE,Healthcare,GRU,multiclass,15,5,13,0.3109623912590832,1.9633501030149914,398,42,64
PFE,Healthcare,GRU,multiclass,15,5,14,0.29834685852779214,1.9287170342036657,398,42,64
PFE,Healthcare,GRU,multiclass,15,5,15,0.2776434501661128,2.184480281103225,398,42,64
PFE,Healthcare,GRU,multiclass,15,5,16,0.2639479604947507,2.098178965704782,398,42,64
PFE,Healthcare,GRU,multiclass,15,5,17,0.2580495462495478,2.254178524017334,398,42,64
PFE,Healthcare,GRU,multiclass,15,5,18,0.25286802963994853,2.153382585162208,398,42,64
PFE,Healthcare,GRU,multiclass,15,5,19,0.24954291107367033,2.1655445439474925,398,42,64
PFE,Healthcare,GRU,multiclass,15,5,20,0.2524152037561239,2.115573372159685,398,42,64
PFE,Healthcare,GRU,multiclass,15,5,21,0.2394837458903466,2.233766896384103,398,42,64
PG,Consumer Goods,GRU,multiclass,15,5,1,1.4051240221339854,2.161059476080395,398,42,64
PG,Consumer Goods,GRU,multiclass,15,5,2,0.7682565402745003,4.366245014326913,398,42,64
PG,Consumer Goods,GRU,multiclass,15,5,3,0.6292639683239424,2.7848867717243375,398,42,64
PG,Consumer Goods,GRU,multiclass,15,5,4,0.5213920727147529,5.112306997889564,398,42,64
PG,Consumer Goods,GRU,multiclass,15,5,5,0.5675921377225138,4.629067608288357,398,42,64
PG,Consumer Goods,GRU,multiclass,15,5,6,0.5063658798459786,3.549613370781853,398,42,64
PG,Consumer Goods,GRU,multiclass,15,5,7,0.5436513970545189,5.1527895132700605,398,42,64
PG,Consumer Goods,GRU,multiclass,15,5,8,0.46698470540981196,2.262943457989466,398,42,64
PG,Consumer Goods,GRU,multiclass,15,5,9,0.41455585648067034,4.239576458930969,398,42,64
PG,Consumer Goods,GRU,multiclass,15,5,10,0.3638088162520423,2.285196134022304,398,42,64
PG,Consumer Goods,GRU,multiclass,15,5,11,0.34980421303654435,2.7752190970239186,398,42,64
PG,Consumer Goods,GRU,multiclass,15,5,12,0.3399362029816637,2.6143267977805364,398,42,64
PG,Consumer Goods,GRU,multiclass,15,5,13,0.3557484566641213,2.309338711556934,398,42,64
PG,Consumer Goods,GRU,multiclass,15,5,14,0.3362794601962195,2.6445723062469844,398,42,64
PG,Consumer Goods,GRU,multiclass,15,5,15,0.3084865233406949,1.7577976470901853,398,42,64
PG,Consumer Goods,GRU,multiclass,15,5,16,0.30128229956081765,2.186204141094571,398,42,64
PG,Consumer Goods,GRU,multiclass,15,5,17,0.28389371369951333,1.6677957943507604,398,42,64
PG,Consumer Goods,GRU,multiclass,15,5,18,0.28271762393976574,1.7823202524866377,398,42,64
PG,Consumer Goods,GRU,multiclass,15,5,19,0.2678488060532503,1.5676571868714833,398,42,64
PG,Consumer Goods,GRU,multiclass,15,5,20,0.2753660055860203,1.6899593415714445,398,42,64
PG,Consumer Goods,GRU,multiclass,15,5,21,0.2873450066875573,1.4078687514577592,398,42,64
PG,Consumer Goods,GRU,multiclass,15,5,22,0.28920854055252504,2.5768108878816878,398,42,64
PG,Consumer Goods,GRU,multiclass,15,5,23,0.28016836727833627,1.4721871642839341,398,42,64
PG,Consumer Goods,GRU,multiclass,15,5,24,0.2563694480001627,2.522291663147154,398,42,64
PG,Consumer Goods,GRU,multiclass,15,5,25,0.24480988770423823,1.3334284282865978,398,42,64
PG,Consumer Goods,GRU,multiclass,15,5,26,0.24217524443139982,1.9338459344137282,398,42,64
PG,Consumer Goods,GRU,multiclass,15,5,27,0.2553192438492224,1.5723760610535031,398,42,64
PG,Consumer Goods,GRU,multiclass,15,5,28,0.26228268931259463,2.014531527246748,398,42,64
PG,Consumer Goods,GRU,multiclass,15,5,29,0.25915929675102234,1.3919118444124858,398,42,64
PG,Consumer Goods,GRU,multiclass,15,5,30,0.23312002293129064,2.041599991775694,398,42,64
PG,Consumer Goods,GRU,multiclass,15,5,31,0.22488071526115264,1.4473999653543745,398,42,64
PG,Consumer Goods,GRU,multiclass,15,5,32,0.21295689988001507,1.6565084712845939,398,42,64
PG,Consumer Goods,GRU,multiclass,15,5,33,0.2023549533669074,1.5168979565302532,398,42,64
PG,Consumer Goods,GRU,multiclass,15,5,34,0.19763381153944148,1.5519469323612394,398,42,64
PG,Consumer Goods,GRU,multiclass,15,5,35,0.19439724342307851,1.5452653623762584,398,42,64
PG,Consumer Goods,GRU,multiclass,15,5,36,0.1938024571717684,1.4407024014563787,398,42,64
PG,Consumer Goods,GRU,multiclass,15,5,37,0.1970112249816782,1.5762717496781122,398,42,64
PG,Consumer Goods,GRU,multiclass,15,5,38,0.1969026993567021,1.3788382751601083,398,42,64
PG,Consumer Goods,GRU,multiclass,15,5,39,0.1924492067952252,1.9578932977858043,398,42,64
PG,Consumer Goods,GRU,multiclass,15,5,40,0.185940546512454,1.3903972534906297,398,42,64
PG,Consumer Goods,GRU,multiclass,15,5,41,0.17961039865885547,1.5160219271977742,398,42,64
PG,Consumer Goods,GRU,multiclass,15,5,42,0.1766643999846437,1.4657324240321206,398,42,64
PG,Consumer Goods,GRU,multiclass,15,5,43,0.17455337499853354,1.495919976915632,398,42,64
PG,Consumer Goods,GRU,multiclass,15,5,44,0.17330770971412635,1.5418193936347961,398,42,64
PG,Consumer Goods,GRU,multiclass,15,5,45,0.17208078688937217,1.4098547810599917,398,42,64
PICO,Conglomerates,GRU,multiclass,15,5,1,1.3900789277038383,2.069518872669765,398,42,64
PICO,Conglomerates,GRU,multiclass,15,5,2,0.9567813456957065,2.5632913453238353,398,42,64
PICO,Conglomerates,GRU,multiclass,15,5,3,0.7298508169663013,6.264500004904611,398,42,64
PICO,Conglomerates,GRU,multiclass,15,5,4,0.69926201683193,6.644098713284447,398,42,64
PICO,Conglomerates,GRU,multiclass,15,5,5,0.6889287552342342,4.692300047193255,398,42,64
PICO,Conglomerates,GRU,multiclass,15,5,6,0.6667144788270021,4.894115879422142,398,42,64
PICO,Conglomerates,GRU,multiclass,15,5,7,0.529455284227678,5.08752407346453,398,42,64
PICO,Conglomerates,GRU,multiclass,15,5,8,0.535775679589516,4.257901872907366,398,42,64
PICO,Conglomerates,GRU,multiclass,15,5,9,0.500696723934394,4.317773796263195,398,42,64
PICO,Conglomerates,GRU,multiclass,15,5,10,0.501146139511511,2.910248018446423,398,42,64
PICO,Conglomerates,GRU,multiclass,15,5,11,0.423799833161148,3.8497333299546015,398,42,64
PICO,Conglomerates,GRU,multiclass,15,5,12,0.42010241627094136,4.048847357432048,398,42,64
PICO,Conglomerates,GRU,multiclass,15,5,13,0.5199956360773824,2.9362152758098783,398,42,64
PICO,Conglomerates,GRU,multiclass,15,5,14,0.45033684253093587,3.977204686119443,398,42,64
PICO,Conglomerates,GRU,multiclass,15,5,15,0.40704212670949236,3.5067922955467585,398,42,64
PICO,Conglomerates,GRU,multiclass,15,5,16,0.36702622211159175,3.448611372993106,398,42,64
PICO,Conglomerates,GRU,multiclass,15,5,17,0.32139950391635225,3.029225394839332,398,42,64
PICO,Conglomerates,GRU,multiclass,15,5,18,0.32423761082654023,2.562539157413301,398,42,64
PICO,Conglomerates,GRU,multiclass,15,5,19,0.31939400979621924,3.5748998324076333,398,42,64
PICO,Conglomerates,GRU,multiclass,15,5,20,0.3355886201612913,2.522654885337466,398,42,64
PICO,Conglomerates,GRU,multiclass,15,5,21,0.29542165245842095,3.082103593008859,398,42,64
PM,Consumer Goods,GRU,multiclass,15,5,1,1.1720146998089163,0.9925916194915771,398,42,64
PM,Consumer Goods,GRU,multiclass,15,5,2,0.8197698762368917,1.3885405631292433,398,42,64
PM,Consumer Goods,GRU,multiclass,15,5,3,0.6965696926991544,1.5284246263049899,398,42,64
PM,Consumer Goods,GRU,multiclass,15,5,4,0.6293780137246577,2.020927622204735,398,42,64
PM,Consumer Goods,GRU,multiclass,15,5,5,0.5947203177902567,1.5858989783695765,398,42,64
PM,Consumer Goods,GRU,multiclass,15,5,6,0.5712243364983468,1.8815299102238245,398,42,64
PM,Consumer Goods,GRU,multiclass,15,5,7,0.5194313662435541,1.4308852695283436,398,42,64
PM,Consumer Goods,GRU,multiclass,15,5,8,0.4981465113522419,2.109184753327143,398,42,64
PM,Consumer Goods,GRU,multiclass,15,5,9,0.4297372915936475,1.430404299781436,398,42,64
PM,Consumer Goods,GRU,multiclass,15,5,10,0.41234064072220766,2.0505998702276322,398,42,64
PM,Consumer Goods,GRU,multiclass,15,5,11,0.3952663305716299,1.6163089615958077,398,42,64
PM,Consumer Goods,GRU,multiclass,15,5,12,0.3701537458141844,1.9429641110556466,398,42,64
PM,Consumer Goods,GRU,multiclass,15,5,13,0.34447586716119966,1.6661030905587333,398,42,64
PM,Consumer Goods,GRU,multiclass,15,5,14,0.3671920232137843,2.105944576717558,398,42,64
PM,Consumer Goods,GRU,multiclass,15,5,15,0.33944290816484385,1.9233769462222146,398,42,64
PM,Consumer Goods,GRU,multiclass,15,5,16,0.3348820065733176,1.524863322575887,398,42,64
PM,Consumer Goods,GRU,multiclass,15,5,17,0.3064545192311158,1.6011367865971156,398,42,64
PM,Consumer Goods,GRU,multiclass,15,5,18,0.28814085045052534,1.7188167458488828,398,42,64
PM,Consumer Goods,GRU,multiclass,15,5,19,0.27761837315918814,1.629894426890782,398,42,64
PM,Consumer Goods,GRU,multiclass,15,5,20,0.2712033921150706,1.732533227829706,398,42,64
PM,Consumer Goods,GRU,multiclass,15,5,21,0.2622754870347641,1.618025745664324,398,42,64
PPL,Utilities,GRU,multiclass,15,5,1,1.3491150979420647,1.601326658612206,398,42,64
PPL,Utilities,GRU,multiclass,15,5,2,0.7956503679105384,1.121526227110908,398,42,64
PPL,Utilities,GRU,multiclass,15,5,3,0.655611604751654,0.8372925292877924,398,42,64
PPL,Utilities,GRU,multiclass,15,5,4,0.5829299147704139,0.8314779883339292,398,42,64
PPL,Utilities,GRU,multiclass,15,5,5,0.5415396362393345,0.9721746955599103,398,42,64
PPL,Utilities,GRU,multiclass,15,5,6,0.46974063653442727,0.7570596649533227,398,42,64
PPL,Utilities,GRU,multiclass,15,5,7,0.45100169580186433,1.0884897453444344,398,42,64
PPL,Utilities,GRU,multiclass,15,5,8,0.43918007522372143,1.2899960620062692,398,42,64
PPL,Utilities,GRU,multiclass,15,5,9,0.4012608186683463,0.5827389047259376,398,42,64
PPL,Utilities,GRU,multiclass,15,5,10,0.37225699469671775,1.2802917503175282,398,42,64
PPL,Utilities,GRU,multiclass,15,5,11,0.33948081866580637,1.7917372555959792,398,42,64
PPL,Utilities,GRU,multiclass,15,5,12,0.3684256651892734,0.5020334238097781,398,42,64
PPL,Utilities,GRU,multiclass,15,5,13,0.3998315425673921,1.9961567038581485,398,42,64
PPL,Utilities,GRU,multiclass,15,5,14,0.38886681273954,0.8275730155763172,398,42,64
PPL,Utilities,GRU,multiclass,15,5,15,0.36678736054118555,1.4483494872138614,398,42,64
PPL,Utilities,GRU,multiclass,15,5,16,0.3226041885177095,0.9621719661213103,398,42,64
PPL,Utilities,GRU,multiclass,15,5,17,0.3082588705135949,1.054233954066322,398,42,64
PPL,Utilities,GRU,multiclass,15,5,18,0.28424874307522224,1.4155762252353488,398,42,64
PPL,Utilities,GRU,multiclass,15,5,19,0.2751586425244509,0.9585439647947039,398,42,64
PPL,Utilities,GRU,multiclass,15,5,20,0.25472850378733786,1.1675480433872767,398,42,64
PPL,Utilities,GRU,multiclass,15,5,21,0.24110228452251184,0.9361291556131273,398,42,64
PPL,Utilities,GRU,multiclass,15,5,22,0.22969530036101987,1.093647213209243,398,42,64
PPL,Utilities,GRU,multiclass,15,5,23,0.21692424690603612,1.1540669146038236,398,42,64
PPL,Utilities,GRU,multiclass,15,5,24,0.21646589774582253,1.2057493300664992,398,42,64
PPL,Utilities,GRU,multiclass,15,5,25,0.20350387265634298,1.0953268323625838,398,42,64
PPL,Utilities,GRU,multiclass,15,5,26,0.189324385781384,1.2109161955969674,398,42,64
PPL,Utilities,GRU,multiclass,15,5,27,0.18153095537394134,1.204536449341547,398,42,64
PPL,Utilities,GRU,multiclass,15,5,28,0.17730187089299437,1.1457204932258243,398,42,64
PPL,Utilities,GRU,multiclass,15,5,29,0.17657479314348806,1.2956650597708566,398,42,64
PPL,Utilities,GRU,multiclass,15,5,30,0.18315455968955055,1.0070500317074003,398,42,64
PPL,Utilities,GRU,multiclass,15,5,31,0.19189510033957324,1.200576560837882,398,42,64
PPL,Utilities,GRU,multiclass,15,5,32,0.1883278692038215,1.3360545521690732,398,42,64
PTR,Basic Matierials,GRU,multiclass,15,5,1,1.4681488895536068,1.730803677013942,398,42,64
PTR,Basic Matierials,GRU,multiclass,15,5,2,0.9877748058069891,4.140557516188848,398,42,64
PTR,Basic Matierials,GRU,multiclass,15,5,3,0.7961315326954252,5.526489621117001,398,42,64
PTR,Basic Matierials,GRU,multiclass,15,5,4,0.7127985738629672,4.751408758617583,398,42,64
PTR,Basic Matierials,GRU,multiclass,15,5,5,0.6328819480972674,7.082571892511277,398,42,64
PTR,Basic Matierials,GRU,multiclass,15,5,6,0.5961600321920673,5.508554163433256,398,42,64
PTR,Basic Matierials,GRU,multiclass,15,5,7,0.5492728147374925,7.514022509256999,398,42,64
PTR,Basic Matierials,GRU,multiclass,15,5,8,0.49847906693142263,2.939863329841977,398,42,64
PTR,Basic Matierials,GRU,multiclass,15,5,9,0.4885073757950385,7.467429433550153,398,42,64
PTR,Basic Matierials,GRU,multiclass,15,5,10,0.45724237099963816,6.548671518053327,398,42,64
PTR,Basic Matierials,GRU,multiclass,15,5,11,0.46381885726847244,5.160241240546817,398,42,64
PTR,Basic Matierials,GRU,multiclass,15,5,12,0.37788334578724964,7.51920173281715,398,42,64
PTR,Basic Matierials,GRU,multiclass,15,5,13,0.379330816730183,5.035819961911156,398,42,64
PTR,Basic Matierials,GRU,multiclass,15,5,14,0.3356712840909335,6.468178045182001,398,42,64
PTR,Basic Matierials,GRU,multiclass,15,5,15,0.30722297121532,6.653995695568266,398,42,64
PTR,Basic Matierials,GRU,multiclass,15,5,16,0.316879258533219,7.850049677349272,398,42,64
PTR,Basic Matierials,GRU,multiclass,15,5,17,0.3180735611436355,6.453219413757324,398,42,64
PTR,Basic Matierials,GRU,multiclass,15,5,18,0.2701326077757169,6.414012341272263,398,42,64
PTR,Basic Matierials,GRU,multiclass,15,5,19,0.2606809878319352,7.6048711368015836,398,42,64
PTR,Basic Matierials,GRU,multiclass,15,5,20,0.2560486607815153,5.460486434754872,398,42,64
PTR,Basic Matierials,GRU,multiclass,15,5,21,0.2264320041666079,7.26070329121181,398,42,64
RDS-B,Basic Matierials,GRU,multiclass,15,5,1,1.3270633675944266,1.2147040253593808,398,42,64
RDS-B,Basic Matierials,GRU,multiclass,15,5,2,0.8308150014985147,3.506397871744065,398,42,64
RDS-B,Basic Matierials,GRU,multiclass,15,5,3,0.7789043856775342,4.959493410019648,398,42,64
RDS-B,Basic Matierials,GRU,multiclass,15,5,4,0.7119956020284538,4.909986654917399,398,42,64
RDS-B,Basic Matierials,GRU,multiclass,15,5,5,0.6198871650138692,4.091965380169096,398,42,64
RDS-B,Basic Matierials,GRU,multiclass,15,5,6,0.6087808908529617,3.366217885698591,398,42,64
RDS-B,Basic Matierials,GRU,multiclass,15,5,7,0.6210466374703987,4.082840817315238,398,42,64
RDS-B,Basic Matierials,GRU,multiclass,15,5,8,0.522107076480161,5.229369254339309,398,42,64
RDS-B,Basic Matierials,GRU,multiclass,15,5,9,0.44990110479707096,4.440032629739671,398,42,64
RDS-B,Basic Matierials,GRU,multiclass,15,5,10,0.43995768101371113,3.7850673652830578,398,42,64
RDS-B,Basic Matierials,GRU,multiclass,15,5,11,0.4749837323049804,2.99946962084089,398,42,64
RDS-B,Basic Matierials,GRU,multiclass,15,5,12,0.4134649599916372,3.153907401221139,398,42,64
RDS-B,Basic Matierials,GRU,multiclass,15,5,13,0.38587942427426725,3.4942722774687267,398,42,64
RDS-B,Basic Matierials,GRU,multiclass,15,5,14,0.3397431190139684,3.4791982173919678,398,42,64
RDS-B,Basic Matierials,GRU,multiclass,15,5,15,0.30651220069009455,3.642671959740775,398,42,64
RDS-B,Basic Matierials,GRU,multiclass,15,5,16,0.3051993313746237,3.8230241480327787,398,42,64
RDS-B,Basic Matierials,GRU,multiclass,15,5,17,0.28866001952383386,3.5258238996778215,398,42,64
RDS-B,Basic Matierials,GRU,multiclass,15,5,18,0.2765414779584611,3.0892883255368186,398,42,64
RDS-B,Basic Matierials,GRU,multiclass,15,5,19,0.2575185802114669,3.502888100487845,398,42,64
RDS-B,Basic Matierials,GRU,multiclass,15,5,20,0.26737306667632194,3.057880327815101,398,42,64
RDS-B,Basic Matierials,GRU,multiclass,15,5,21,0.263236085860873,3.9741776897793724,398,42,64
REX,Conglomerates,GRU,multiclass,15,5,1,1.3573109732201352,1.8347934654780798,398,42,64
REX,Conglomerates,GRU,multiclass,15,5,2,0.952508580744566,2.4851375080290294,398,42,64
REX,Conglomerates,GRU,multiclass,15,5,3,0.8425687290915292,2.1408266794113886,398,42,64
REX,Conglomerates,GRU,multiclass,15,5,4,0.7341742165124596,1.1617084400994437,398,42,64
REX,Conglomerates,GRU,multiclass,15,5,5,0.7246713389703376,1.2728401649565924,398,42,64
REX,Conglomerates,GRU,multiclass,15,5,6,0.62560339908504,1.4872756742295765,398,42,64
REX,Conglomerates,GRU,multiclass,15,5,7,0.5363448461396011,1.7185333229246593,398,42,64
REX,Conglomerates,GRU,multiclass,15,5,8,0.45193237111197043,1.2857457172302973,398,42,64
REX,Conglomerates,GRU,multiclass,15,5,9,0.44946341373812615,0.9464239676793417,398,42,64
REX,Conglomerates,GRU,multiclass,15,5,10,0.5292105858200159,1.3197211481276012,398,42,64
REX,Conglomerates,GRU,multiclass,15,5,11,0.4387969273568398,1.1599668150856381,398,42,64
REX,Conglomerates,GRU,multiclass,15,5,12,0.33138923208467924,1.3258856989088512,398,42,64
REX,Conglomerates,GRU,multiclass,15,5,13,0.32851236678622475,1.049527401015872,398,42,64
REX,Conglomerates,GRU,multiclass,15,5,14,0.3157818990586391,1.439130425453186,398,42,64
REX,Conglomerates,GRU,multiclass,15,5,15,0.34324761712221646,1.3341124398367745,398,42,64
REX,Conglomerates,GRU,multiclass,15,5,16,0.3041063109833991,1.4524117424374534,398,42,64
REX,Conglomerates,GRU,multiclass,15,5,17,0.25809118162896766,1.2440709273020427,398,42,64
REX,Conglomerates,GRU,multiclass,15,5,18,0.21523816906028057,1.365552578653608,398,42,64
REX,Conglomerates,GRU,multiclass,15,5,19,0.19453563230421075,1.2402398643039523,398,42,64
REX,Conglomerates,GRU,multiclass,15,5,20,0.2180006344189596,1.563190568061102,398,42,64
REX,Conglomerates,GRU,multiclass,15,5,21,0.22503555494936267,1.7365967830022175,398,42,64
REX,Conglomerates,GRU,multiclass,15,5,22,0.21443671167795383,1.441714780671256,398,42,64
REX,Conglomerates,GRU,multiclass,15,5,23,0.1689679636222184,1.501225715591794,398,42,64
REX,Conglomerates,GRU,multiclass,15,5,24,0.1547255520357858,1.6104293096633184,398,42,64
REX,Conglomerates,GRU,multiclass,15,5,25,0.143397448097716,1.6233305363428026,398,42,64
REX,Conglomerates,GRU,multiclass,15,5,26,0.1368295216287051,1.7863874094826835,398,42,64
REX,Conglomerates,GRU,multiclass,15,5,27,0.13330695015289376,1.742656985918681,398,42,64
REX,Conglomerates,GRU,multiclass,15,5,28,0.12702160053441872,2.0689025152297247,398,42,64
REX,Conglomerates,GRU,multiclass,15,5,29,0.11989521625540664,1.9294319096065702,398,42,64
SLB,Basic Matierials,GRU,multiclass,15,5,1,1.2212923232035422,1.1749235391616821,398,42,64
SLB,Basic Matierials,GRU,multiclass,15,5,2,0.8009756006787171,1.8988041764213925,398,42,64
SLB,Basic Matierials,GRU,multiclass,15,5,3,0.7272620413770627,1.9121489638373965,398,42,64
SLB,Basic Matierials,GRU,multiclass,15,5,4,0.5949241620811385,2.802921658470517,398,42,64
SLB,Basic Matierials,GRU,multiclass,15,5,5,0.53911715057028,2.8659623009817943,398,42,64
SLB,Basic Matierials,GRU,multiclass,15,5,6,0.5099743902683258,3.3097531227838424,398,42,64
SLB,Basic Matierials,GRU,multiclass,15,5,7,0.5250356424993007,2.3077149164109003,398,42,64
SLB,Basic Matierials,GRU,multiclass,15,5,8,0.46348748674344775,2.169566858382452,398,42,64
SLB,Basic Matierials,GRU,multiclass,15,5,9,0.4422015248231552,2.6262228943052746,398,42,64
SLB,Basic Matierials,GRU,multiclass,15,5,10,0.39331299965106065,3.0369371005467007,398,42,64
SLB,Basic Matierials,GRU,multiclass,15,5,11,0.36745978135559426,2.2353731109982444,398,42,64
SLB,Basic Matierials,GRU,multiclass,15,5,12,0.3529501579814221,2.547497510910034,398,42,64
SLB,Basic Matierials,GRU,multiclass,15,5,13,0.32630548300455564,2.7000245480310348,398,42,64
SLB,Basic Matierials,GRU,multiclass,15,5,14,0.2967331966563086,2.0500697067805698,398,42,64
SLB,Basic Matierials,GRU,multiclass,15,5,15,0.27098600109617915,2.0469554719470797,398,42,64
SLB,Basic Matierials,GRU,multiclass,15,5,16,0.2665639581093237,1.6985495771680559,398,42,64
SLB,Basic Matierials,GRU,multiclass,15,5,17,0.24753251993775965,1.8944877556392126,398,42,64
SLB,Basic Matierials,GRU,multiclass,15,5,18,0.24367971448742565,1.7434008689153762,398,42,64
SLB,Basic Matierials,GRU,multiclass,15,5,19,0.2376886033382847,1.9342120942615328,398,42,64
SLB,Basic Matierials,GRU,multiclass,15,5,20,0.23452420173278407,1.770927520025344,398,42,64
SLB,Basic Matierials,GRU,multiclass,15,5,21,0.21411950931177667,1.717950287319365,398,42,64
SNP,Basic Matierials,GRU,multiclass,15,5,1,1.4655396303339818,2.1995577925727483,398,42,64
SNP,Basic Matierials,GRU,multiclass,15,5,2,1.0419309055385877,3.3155695370265414,398,42,64
SNP,Basic Matierials,GRU,multiclass,15,5,3,0.8091981425956266,3.951650869278681,398,42,64
SNP,Basic Matierials,GRU,multiclass,15,5,4,0.6671991653777846,2.822356031054542,398,42,64
SNP,Basic Matierials,GRU,multiclass,15,5,5,0.5998018136875114,2.6674500647045316,398,42,64
SNP,Basic Matierials,GRU,multiclass,15,5,6,0.5860988843680626,1.958443902787708,398,42,64
SNP,Basic Matierials,GRU,multiclass,15,5,7,0.5137826794355957,2.215924104054769,398,42,64
SNP,Basic Matierials,GRU,multiclass,15,5,8,0.4988917594578997,1.6139602661132812,398,42,64
SNP,Basic Matierials,GRU,multiclass,15,5,9,0.4565409863713998,1.5011772541772752,398,42,64
SNP,Basic Matierials,GRU,multiclass,15,5,10,0.4458311683868044,0.954606606846764,398,42,64
SNP,Basic Matierials,GRU,multiclass,15,5,11,0.4199502244966114,1.209391781261989,398,42,64
SNP,Basic Matierials,GRU,multiclass,15,5,12,0.4426005424267084,1.361175537109375,398,42,64
SNP,Basic Matierials,GRU,multiclass,15,5,13,0.38565868408835713,2.272013391767229,398,42,64
SNP,Basic Matierials,GRU,multiclass,15,5,14,0.36957146249823836,1.1948395002455938,398,42,64
SNP,Basic Matierials,GRU,multiclass,15,5,15,0.329638182817392,1.0050571475710188,398,42,64
SNP,Basic Matierials,GRU,multiclass,15,5,16,0.402342924894999,1.5445564531144642,398,42,64
SNP,Basic Matierials,GRU,multiclass,15,5,17,0.3215188381809685,1.5966501065662928,398,42,64
SNP,Basic Matierials,GRU,multiclass,15,5,18,0.2743190173527703,1.5483639240264893,398,42,64
SNP,Basic Matierials,GRU,multiclass,15,5,19,0.27258710076461484,2.5194901511782692,398,42,64
SNP,Basic Matierials,GRU,multiclass,15,5,20,0.24991956914789112,1.9901629856654577,398,42,64
SNP,Basic Matierials,GRU,multiclass,15,5,21,0.24199876458800618,2.147625355493455,398,42,64
SNP,Basic Matierials,GRU,multiclass,15,5,22,0.22973777189027125,2.210606257120768,398,42,64
SNP,Basic Matierials,GRU,multiclass,15,5,23,0.2316349297013115,2.917936438605899,398,42,64
SNP,Basic Matierials,GRU,multiclass,15,5,24,0.20144320058463208,1.6746542680831182,398,42,64
SNP,Basic Matierials,GRU,multiclass,15,5,25,0.1852655265499,2.0804535093761625,398,42,64
SNP,Basic Matierials,GRU,multiclass,15,5,26,0.1757402426783164,2.0044061569940474,398,42,64
SNP,Basic Matierials,GRU,multiclass,15,5,27,0.17316821217536926,2.6610580398922874,398,42,64
SNP,Basic Matierials,GRU,multiclass,15,5,28,0.17768301661290117,2.4727213382720947,398,42,64
SNP,Basic Matierials,GRU,multiclass,15,5,29,0.18843507351138483,2.3220472108750116,398,42,64
SNP,Basic Matierials,GRU,multiclass,15,5,30,0.17385706151999422,2.5037807396480014,398,42,64
SNY,Healthcare,GRU,multiclass,15,5,1,1.2415102558519373,0.9584147135416666,398,42,64
SNY,Healthcare,GRU,multiclass,15,5,2,0.8060534740213173,1.8300224599384127,398,42,64
SNY,Healthcare,GRU,multiclass,15,5,3,0.6579448784416045,2.6717751026153564,398,42,64
SNY,Healthcare,GRU,multiclass,15,5,4,0.6093159698361728,2.4749500978560675,398,42,64
SNY,Healthcare,GRU,multiclass,15,5,5,0.540554837964887,2.3218881402696883,398,42,64
SNY,Healthcare,GRU,multiclass,15,5,6,0.5322721025452541,1.495552659034729,398,42,64
SNY,Healthcare,GRU,multiclass,15,5,7,0.5930928689750594,2.3130629516783214,398,42,64
SNY,Healthcare,GRU,multiclass,15,5,8,0.47474681372618555,2.1863046430406117,398,42,64
SNY,Healthcare,GRU,multiclass,15,5,9,0.4477171164062155,2.197695459638323,398,42,64
SNY,Healthcare,GRU,multiclass,15,5,10,0.3991315586483059,1.680135653132484,398,42,64
SNY,Healthcare,GRU,multiclass,15,5,11,0.39862173256562583,1.7397132033393496,398,42,64
SNY,Healthcare,GRU,multiclass,15,5,12,0.33615786226550537,2.014167274747576,398,42,64
SNY,Healthcare,GRU,multiclass,15,5,13,0.3199234580873844,2.0291645413353327,398,42,64
SNY,Healthcare,GRU,multiclass,15,5,14,0.3298918657266914,1.8259285518101283,398,42,64
SNY,Healthcare,GRU,multiclass,15,5,15,0.29429945918782874,1.9793467010770525,398,42,64
SNY,Healthcare,GRU,multiclass,15,5,16,0.2757488999834013,1.9521341777983165,398,42,64
SNY,Healthcare,GRU,multiclass,15,5,17,0.2648947769073985,1.6639902137574696,398,42,64
SNY,Healthcare,GRU,multiclass,15,5,18,0.2399676961814938,1.8805104550861178,398,42,64
SNY,Healthcare,GRU,multiclass,15,5,19,0.24019466617598606,1.7502902008238292,398,42,64
SNY,Healthcare,GRU,multiclass,15,5,20,0.2476021957457365,1.8897706440516882,398,42,64
SNY,Healthcare,GRU,multiclass,15,5,21,0.22959181891014827,1.805901674997239,398,42,64
SO,Utilities,GRU,multiclass,15,5,1,1.2542979723245056,1.2009158191226779,398,42,64
SO,Utilities,GRU,multiclass,15,5,2,0.8283005329831761,1.283856885773795,398,42,64
SO,Utilities,GRU,multiclass,15,5,3,0.6495827334610063,0.7757055958112081,398,42,64
SO,Utilities,GRU,multiclass,15,5,4,0.5274305887258233,1.2025938544954573,398,42,64
SO,Utilities,GRU,multiclass,15,5,5,0.4758728043218354,1.2779275292441958,398,42,64
SO,Utilities,GRU,multiclass,15,5,6,0.4675352282859572,0.8752013189452035,398,42,64
SO,Utilities,GRU,multiclass,15,5,7,0.4864426366048842,1.1866519224076044,398,42,64
SO,Utilities,GRU,multiclass,15,5,8,0.48538751817827847,1.017334676924206,398,42,64
SO,Utilities,GRU,multiclass,15,5,9,0.45191102853072945,1.1694480209123521,398,42,64
SO,Utilities,GRU,multiclass,15,5,10,0.4764398181408494,1.1208781855446952,398,42,64
SO,Utilities,GRU,multiclass,15,5,11,0.37513110445971465,1.0031114986964635,398,42,64
SO,Utilities,GRU,multiclass,15,5,12,0.3616971317397889,1.1105610075451078,398,42,64
SO,Utilities,GRU,multiclass,15,5,13,0.3436077028213434,0.9738336177099318,398,42,64
SO,Utilities,GRU,multiclass,15,5,14,0.3529268201421853,1.3246252423241025,398,42,64
SO,Utilities,GRU,multiclass,15,5,15,0.338701768960785,0.9385548404284886,398,42,64
SO,Utilities,GRU,multiclass,15,5,16,0.3294892533490406,1.021202422323681,398,42,64
SO,Utilities,GRU,multiclass,15,5,17,0.2895569421687917,0.9869280769711449,398,42,64
SO,Utilities,GRU,multiclass,15,5,18,0.2761970903705712,1.2914160717101324,398,42,64
SO,Utilities,GRU,multiclass,15,5,19,0.2642099902258446,1.1142009894053142,398,42,64
SO,Utilities,GRU,multiclass,15,5,20,0.259195525966697,1.3630164975211734,398,42,64
SO,Utilities,GRU,multiclass,15,5,21,0.2640210236586518,1.2028917528334118,398,42,64
SO,Utilities,GRU,multiclass,15,5,22,0.256308070753687,1.2987557422547114,398,42,64
SO,Utilities,GRU,multiclass,15,5,23,0.23709542105844872,1.2884950297219413,398,42,64
SPLP,Conglomerates,GRU,multiclass,15,5,1,1.4042588082989256,1.2311431339808874,398,42,64
SPLP,Conglomerates,GRU,multiclass,15,5,2,1.0305511514146124,1.00539003099714,398,42,64
SPLP,Conglomerates,GRU,multiclass,15,5,3,0.8603993941791094,1.2198248761040824,398,42,64
SPLP,Conglomerates,GRU,multiclass,15,5,4,0.7441798706150534,1.0752365929739816,398,42,64
SPLP,Conglomerates,GRU,multiclass,15,5,5,0.7803574044201242,1.3714313166482108,398,42,64
SPLP,Conglomerates,GRU,multiclass,15,5,6,0.6516832164184532,1.1775595857983543,398,42,64
SPLP,Conglomerates,GRU,multiclass,15,5,7,0.7191126818333439,1.913789499373663,398,42,64
SPLP,Conglomerates,GRU,multiclass,15,5,8,0.584867572814376,1.1955822706222534,398,42,64
SPLP,Conglomerates,GRU,multiclass,15,5,9,0.5160122756382928,1.4726074650174095,398,42,64
SPLP,Conglomerates,GRU,multiclass,15,5,10,0.4465933529725626,1.5253067924862815,398,42,64
SPLP,Conglomerates,GRU,multiclass,15,5,11,0.44514391088306005,1.6689891815185547,398,42,64
SPLP,Conglomerates,GRU,multiclass,15,5,12,0.4213957697452612,1.3405722549983434,398,42,64
SPLP,Conglomerates,GRU,multiclass,15,5,13,0.4344891358410294,1.198635112671625,398,42,64
SPLP,Conglomerates,GRU,multiclass,15,5,14,0.4496611361228042,1.2140232949029832,398,42,64
SPLP,Conglomerates,GRU,multiclass,15,5,15,0.42118064879472533,1.1243994235992432,398,42,64
SPLP,Conglomerates,GRU,multiclass,15,5,16,0.3596424013376236,1.2581709850402105,398,42,64
SPLP,Conglomerates,GRU,multiclass,15,5,17,0.3207349965919801,1.4074406283242362,398,42,64
SPLP,Conglomerates,GRU,multiclass,15,5,18,0.3118423951705496,1.4020204203469413,398,42,64
SPLP,Conglomerates,GRU,multiclass,15,5,19,0.3309497144354049,1.1478378375371296,398,42,64
SPLP,Conglomerates,GRU,multiclass,15,5,20,0.32973770250627144,1.014314821788243,398,42,64
SPLP,Conglomerates,GRU,multiclass,15,5,21,0.3073503284448355,1.2827030533836001,398,42,64
SPLP,Conglomerates,GRU,multiclass,15,5,22,0.2839827256361444,1.177334291594369,398,42,64
SRE,Utilities,GRU,multiclass,15,5,1,1.2067206148526177,1.3922589023907979,398,42,64
SRE,Utilities,GRU,multiclass,15,5,2,0.6987042714602983,1.777916635785784,398,42,64
SRE,Utilities,GRU,multiclass,15,5,3,0.5412518530335259,2.3464076746077764,398,42,64
SRE,Utilities,GRU,multiclass,15,5,4,0.5176384772487621,2.5369106985273815,398,42,64
SRE,Utilities,GRU,multiclass,15,5,5,0.4816709996467859,2.9852284022739957,398,42,64
SRE,Utilities,GRU,multiclass,15,5,6,0.47332485461953894,2.562928943406968,398,42,64
SRE,Utilities,GRU,multiclass,15,5,7,0.4218640301994343,3.008681649253482,398,42,64
SRE,Utilities,GRU,multiclass,15,5,8,0.412278402540552,2.5047473453340077,398,42,64
SRE,Utilities,GRU,multiclass,15,5,9,0.3812560864429378,2.5804339079629806,398,42,64
SRE,Utilities,GRU,multiclass,15,5,10,0.3541791626256914,2.2201999652953375,398,42,64
SRE,Utilities,GRU,multiclass,15,5,11,0.3362631224208142,2.5261354049046836,398,42,64
SRE,Utilities,GRU,multiclass,15,5,12,0.38053407119446664,2.4255509149460566,398,42,64
SRE,Utilities,GRU,multiclass,15,5,13,0.34269935379375766,2.6487900075458346,398,42,64
SRE,Utilities,GRU,multiclass,15,5,14,0.31918150635819936,1.995359182357788,398,42,64
SRE,Utilities,GRU,multiclass,15,5,15,0.28923369539742494,2.0842432919002714,398,42,64
SRE,Utilities,GRU,multiclass,15,5,16,0.2734509189823764,1.9869360639935447,398,42,64
SRE,Utilities,GRU,multiclass,15,5,17,0.2718591073799373,2.415184196971712,398,42,64
SRE,Utilities,GRU,multiclass,15,5,18,0.2687422372587961,1.7512317101160686,398,42,64
SRE,Utilities,GRU,multiclass,15,5,19,0.2698719036489276,2.1677666107813516,398,42,64
SRE,Utilities,GRU,multiclass,15,5,20,0.2529272225184656,1.9199352207637967,398,42,64
SRE,Utilities,GRU,multiclass,15,5,21,0.2336757651076245,1.9403023435955955,398,42,64
T,Technology,GRU,multiclass,15,5,1,1.118218755003196,0.6430945481572833,398,42,64
T,Technology,GRU,multiclass,15,5,2,0.7161880454525875,1.0966695774169195,398,42,64
T,Technology,GRU,multiclass,15,5,3,0.599870802469589,3.142184030442011,398,42,64
T,Technology,GRU,multiclass,15,5,4,0.5877620446023031,0.8358917775608244,398,42,64
T,Technology,GRU,multiclass,15,5,5,0.5546150770618687,1.9093858628045945,398,42,64
T,Technology,GRU,multiclass,15,5,6,0.4910504078146201,2.27255494253976,398,42,64
T,Technology,GRU,multiclass,15,5,7,0.44580620317602876,0.9746340655145191,398,42,64
T,Technology,GRU,multiclass,15,5,8,0.4367760526175475,2.0049531119210378,398,42,64
T,Technology,GRU,multiclass,15,5,9,0.4232211265731696,1.2837368590491158,398,42,64
T,Technology,GRU,multiclass,15,5,10,0.3872153144236186,1.3898239306041174,398,42,64
T,Technology,GRU,multiclass,15,5,11,0.3719785777318418,1.6308592387608118,398,42,64
T,Technology,GRU,multiclass,15,5,12,0.39594899005626316,1.436888058980306,398,42,64
T,Technology,GRU,multiclass,15,5,13,0.3883387415702619,1.6168406804402669,398,42,64
T,Technology,GRU,multiclass,15,5,14,0.3906513234628505,1.29465042977106,398,42,64
T,Technology,GRU,multiclass,15,5,15,0.3123030619106101,1.626797534170605,398,42,64
T,Technology,GRU,multiclass,15,5,16,0.3062335933422923,1.7721935567401705,398,42,64
T,Technology,GRU,multiclass,15,5,17,0.3041367670848741,1.315418391000657,398,42,64
T,Technology,GRU,multiclass,15,5,18,0.2905361111739173,1.7442564453397478,398,42,64
T,Technology,GRU,multiclass,15,5,19,0.30648578957996175,1.2002080877621968,398,42,64
T,Technology,GRU,multiclass,15,5,20,0.2935339243118487,1.416441593851362,398,42,64
T,Technology,GRU,multiclass,15,5,21,0.2583441614505634,1.4850995597385226,398,42,64
TM,Consumer Goods,GRU,multiclass,15,5,1,1.0223728130810226,1.7958534445081438,398,42,64
TM,Consumer Goods,GRU,multiclass,15,5,2,0.7913468716731623,3.041891892751058,398,42,64
TM,Consumer Goods,GRU,multiclass,15,5,3,0.6398892582361423,4.471490360441662,398,42,64
TM,Consumer Goods,GRU,multiclass,15,5,4,0.5427062584826695,3.481471266065325,398,42,64
TM,Consumer Goods,GRU,multiclass,15,5,5,0.4982000492026458,4.738663764227004,398,42,64
TM,Consumer Goods,GRU,multiclass,15,5,6,0.5265704531166422,2.261912255060105,398,42,64
TM,Consumer Goods,GRU,multiclass,15,5,7,0.5653480682241258,5.252625374566941,398,42,64
TM,Consumer Goods,GRU,multiclass,15,5,8,0.4715981176450624,2.465357099260603,398,42,64
TM,Consumer Goods,GRU,multiclass,15,5,9,0.36790910153532747,3.111162299201602,398,42,64
TM,Consumer Goods,GRU,multiclass,15,5,10,0.3523832577556821,2.057115316390991,398,42,64
TM,Consumer Goods,GRU,multiclass,15,5,11,0.33282516424979397,2.510083175840832,398,42,64
TM,Consumer Goods,GRU,multiclass,15,5,12,0.35237013260323796,1.3015482823053997,398,42,64
TM,Consumer Goods,GRU,multiclass,15,5,13,0.36988656649637464,1.302146023228055,398,42,64
TM,Consumer Goods,GRU,multiclass,15,5,14,0.3394342706580857,2.2207815192994618,398,42,64
TM,Consumer Goods,GRU,multiclass,15,5,15,0.3221209661744947,1.5798581327710832,398,42,64
TM,Consumer Goods,GRU,multiclass,15,5,16,0.2905126439416828,2.6199829351334345,398,42,64
TM,Consumer Goods,GRU,multiclass,15,5,17,0.2821334008146171,1.4417678160326821,398,42,64
TM,Consumer Goods,GRU,multiclass,15,5,18,0.25512406297365026,1.869189591634841,398,42,64
TM,Consumer Goods,GRU,multiclass,15,5,19,0.23622381971709094,1.7912683430172147,398,42,64
TM,Consumer Goods,GRU,multiclass,15,5,20,0.2249822387443715,1.6256282883031028,398,42,64
TM,Consumer Goods,GRU,multiclass,15,5,21,0.21742654281045923,1.9478900602885656,398,42,64
TM,Consumer Goods,GRU,multiclass,15,5,22,0.22098291302146625,2.668488173257737,398,42,64
TM,Consumer Goods,GRU,multiclass,15,5,23,0.22755782223826077,3.5145932152157737,398,42,64
TM,Consumer Goods,GRU,multiclass,15,5,24,0.2245039021100231,2.497162864321754,398,42,64
TM,Consumer Goods,GRU,multiclass,15,5,25,0.21154142249768704,3.3184766542343866,398,42,64
TM,Consumer Goods,GRU,multiclass,15,5,26,0.20124232068882517,2.750694990158081,398,42,64
TM,Consumer Goods,GRU,multiclass,15,5,27,0.1880684120571194,2.6183422747112455,398,42,64
TM,Consumer Goods,GRU,multiclass,15,5,28,0.18353563258845604,2.8672126134236655,398,42,64
TM,Consumer Goods,GRU,multiclass,15,5,29,0.18168550579991172,2.508007742109753,398,42,64
TM,Consumer Goods,GRU,multiclass,15,5,30,0.18530306643127797,2.491410431407747,398,42,64
TM,Consumer Goods,GRU,multiclass,15,5,31,0.17896338125419378,2.4608795983450755,398,42,64
TM,Consumer Goods,GRU,multiclass,15,5,32,0.17218030378896387,2.5312940222876414,398,42,64
TOT,Basic Matierials,GRU,multiclass,15,5,1,1.3418012024769232,1.3430387406122117,398,42,64
TOT,Basic Matierials,GRU,multiclass,15,5,2,0.7659804036269835,2.5792951243264333,398,42,64
TOT,Basic Matierials,GRU,multiclass,15,5,3,0.6390368167179913,3.063089126632327,398,42,64
TOT,Basic Matierials,GRU,multiclass,15,5,4,0.5570325211963462,5.195766255969093,398,42,64
TOT,Basic Matierials,GRU,multiclass,15,5,5,0.5749191283880166,3.93839921270098,398,42,64
TOT,Basic Matierials,GRU,multiclass,15,5,6,0.5346662036737605,5.501204717726934,398,42,64
TOT,Basic Matierials,GRU,multiclass,15,5,7,0.4774980104748328,2.601710719721658,398,42,64
TOT,Basic Matierials,GRU,multiclass,15,5,8,0.473150958517688,4.42323865209307,398,42,64
TOT,Basic Matierials,GRU,multiclass,15,5,9,0.4357669957019576,3.5565529494058516,398,42,64
TOT,Basic Matierials,GRU,multiclass,15,5,10,0.4706370611136882,3.7335069066002253,398,42,64
TOT,Basic Matierials,GRU,multiclass,15,5,11,0.38903081244859267,3.1611688193820773,398,42,64
TOT,Basic Matierials,GRU,multiclass,15,5,12,0.3628613789327181,4.243172878310794,398,42,64
TOT,Basic Matierials,GRU,multiclass,15,5,13,0.37611800709261967,3.8346257550375804,398,42,64
TOT,Basic Matierials,GRU,multiclass,15,5,14,0.3367734746867089,4.223583334968204,398,42,64
TOT,Basic Matierials,GRU,multiclass,15,5,15,0.2916021830023234,4.328449385506766,398,42,64
TOT,Basic Matierials,GRU,multiclass,15,5,16,0.26897046920941703,3.544302917662121,398,42,64
TOT,Basic Matierials,GRU,multiclass,15,5,17,0.24381911103150353,3.994143945830209,398,42,64
TOT,Basic Matierials,GRU,multiclass,15,5,18,0.23304414487064784,4.102504548572359,398,42,64
TOT,Basic Matierials,GRU,multiclass,15,5,19,0.23871268863654016,4.120850841204326,398,42,64
TOT,Basic Matierials,GRU,multiclass,15,5,20,0.2553387043913405,3.76921576545352,398,42,64
TOT,Basic Matierials,GRU,multiclass,15,5,21,0.22705210872630976,4.0497792561848955,398,42,64
TSM,Technology,GRU,multiclass,15,5,1,1.16692597961905,1.4126400720505488,398,42,64
TSM,Technology,GRU,multiclass,15,5,2,0.7160303766403965,3.08711154120309,398,42,64
TSM,Technology,GRU,multiclass,15,5,3,0.6497237832102943,2.974005403972807,398,42,64
TSM,Technology,GRU,multiclass,15,5,4,0.5948135816871222,3.9916605722336542,398,42,64
TSM,Technology,GRU,multiclass,15,5,5,0.5734636013831326,3.5469545069194974,398,42,64
TSM,Technology,GRU,multiclass,15,5,6,0.5750811216819226,4.3714340981983,398,42,64
TSM,Technology,GRU,multiclass,15,5,7,0.506628298579748,3.3742161251249767,398,42,64
TSM,Technology,GRU,multiclass,15,5,8,0.4992726913948155,4.796367849622454,398,42,64
TSM,Technology,GRU,multiclass,15,5,9,0.4522323687771457,4.487371694473993,398,42,64
TSM,Technology,GRU,multiclass,15,5,10,0.3865352925942771,5.369360106331961,398,42,64
TSM,Technology,GRU,multiclass,15,5,11,0.36485893088369514,3.7694818405877974,398,42,64
TSM,Technology,GRU,multiclass,15,5,12,0.3376899225328436,5.037233420780727,398,42,64
TSM,Technology,GRU,multiclass,15,5,13,0.3294738593263243,4.10737217040289,398,42,64
TSM,Technology,GRU,multiclass,15,5,14,0.31639517289609764,4.045682294028146,398,42,64
TSM,Technology,GRU,multiclass,15,5,15,0.29428871073315493,4.026619207291376,398,42,64
TSM,Technology,GRU,multiclass,15,5,16,0.268736293941886,4.055712450118292,398,42,64
TSM,Technology,GRU,multiclass,15,5,17,0.26688886407631723,3.467826003120059,398,42,64
TSM,Technology,GRU,multiclass,15,5,18,0.2774806011412012,5.036929947989328,398,42,64
TSM,Technology,GRU,multiclass,15,5,19,0.28666318226699256,3.96568420955113,398,42,64
TSM,Technology,GRU,multiclass,15,5,20,0.27671747396339724,5.268151419503348,398,42,64
TSM,Technology,GRU,multiclass,15,5,21,0.24084140584995997,4.79209261848813,398,42,64
UL,Consumer Goods,GRU,multiclass,15,5,1,1.203970671299115,1.1371724832625616,398,42,64
UL,Consumer Goods,GRU,multiclass,15,5,2,0.8381908122618594,1.8557451793125697,398,42,64
UL,Consumer Goods,GRU,multiclass,15,5,3,0.675315389681102,2.2887612183888755,398,42,64
UL,Consumer Goods,GRU,multiclass,15,5,4,0.5582342420391102,1.9663961841946556,398,42,64
UL,Consumer Goods,GRU,multiclass,15,5,5,0.4867992414601484,2.2787165074121383,398,42,64
UL,Consumer Goods,GRU,multiclass,15,5,6,0.4753628148505436,1.6626905656996227,398,42,64
UL,Consumer Goods,GRU,multiclass,15,5,7,0.40497259638417304,1.4873620101383753,398,42,64
UL,Consumer Goods,GRU,multiclass,15,5,8,0.40766371958818864,2.3797099703834173,398,42,64
UL,Consumer Goods,GRU,multiclass,15,5,9,0.3645670906682709,1.8111071359543574,398,42,64
UL,Consumer Goods,GRU,multiclass,15,5,10,0.3282103093724754,2.1332629294622514,398,42,64
UL,Consumer Goods,GRU,multiclass,15,5,11,0.32065453736027283,1.625171763556344,398,42,64
UL,Consumer Goods,GRU,multiclass,15,5,12,0.3237750110913761,2.1394517648787725,398,42,64
UL,Consumer Goods,GRU,multiclass,15,5,13,0.332080251757224,2.1465495768047513,398,42,64
UL,Consumer Goods,GRU,multiclass,15,5,14,0.2904099215514696,2.2813331286112466,398,42,64
UL,Consumer Goods,GRU,multiclass,15,5,15,0.25698242138079064,2.201341810680571,398,42,64
UL,Consumer Goods,GRU,multiclass,15,5,16,0.24393658347465286,2.007583663577125,398,42,64
UL,Consumer Goods,GRU,multiclass,15,5,17,0.2352450694420829,2.2012837387266613,398,42,64
UL,Consumer Goods,GRU,multiclass,15,5,18,0.23494756364043634,2.030361845379784,398,42,64
UL,Consumer Goods,GRU,multiclass,15,5,19,0.23554178982523818,2.4003129118964788,398,42,64
UL,Consumer Goods,GRU,multiclass,15,5,20,0.2295971932872456,2.0259033271244595,398,42,64
UL,Consumer Goods,GRU,multiclass,15,5,21,0.21725850690848864,2.2541085992540633,398,42,64
UN,Consumer Goods,GRU,multiclass,15,5,1,1.3267385336621922,0.9156762247993833,398,42,64
UN,Consumer Goods,GRU,multiclass,15,5,2,0.8619987898735545,1.7999319235483806,398,42,64
UN,Consumer Goods,GRU,multiclass,15,5,3,0.631555748045744,2.4830026967184886,398,42,64
UN,Consumer Goods,GRU,multiclass,15,5,4,0.5181126634978769,1.7726812760035198,398,42,64
UN,Consumer Goods,GRU,multiclass,15,5,5,0.47459163947321065,3.5305027053469704,398,42,64
UN,Consumer Goods,GRU,multiclass,15,5,6,0.5518941584244446,1.8557052725837344,398,42,64
UN,Consumer Goods,GRU,multiclass,15,5,7,0.44973209410456555,2.153051013038272,398,42,64
UN,Consumer Goods,GRU,multiclass,15,5,8,0.42823401647596504,2.244426057452247,398,42,64
UN,Consumer Goods,GRU,multiclass,15,5,9,0.35405282533947546,2.6482311884562173,398,42,64
UN,Consumer Goods,GRU,multiclass,15,5,10,0.3222614007080021,2.095197916030884,398,42,64
UN,Consumer Goods,GRU,multiclass,15,5,11,0.31166626535468367,2.5174676804315474,398,42,64
UN,Consumer Goods,GRU,multiclass,15,5,12,0.289424584289292,2.2012064911070324,398,42,64
UN,Consumer Goods,GRU,multiclass,15,5,13,0.2814460473144474,2.2149990513211204,398,42,64
UN,Consumer Goods,GRU,multiclass,15,5,14,0.28950265461775526,2.1232129278637113,398,42,64
UN,Consumer Goods,GRU,multiclass,15,5,15,0.2734485374173926,2.2885582333519343,398,42,64
UN,Consumer Goods,GRU,multiclass,15,5,16,0.2627997346709122,2.160108838762556,398,42,64
UN,Consumer Goods,GRU,multiclass,15,5,17,0.24089533157983617,2.535889126005627,398,42,64
UN,Consumer Goods,GRU,multiclass,15,5,18,0.2288732834197768,2.011109318052019,398,42,64
UN,Consumer Goods,GRU,multiclass,15,5,19,0.22757820822485728,2.5246620178222656,398,42,64
UN,Consumer Goods,GRU,multiclass,15,5,20,0.23243000339623074,2.2893615677243186,398,42,64
UN,Consumer Goods,GRU,multiclass,15,5,21,0.2211700418037386,2.213506289890834,398,42,64
UNH,Healthcare,GRU,multiclass,15,5,1,1.029127217716907,0.8974281890051705,398,42,64
UNH,Healthcare,GRU,multiclass,15,5,2,0.667297014938527,0.676918781939007,398,42,64
UNH,Healthcare,GRU,multiclass,15,5,3,0.6147422844441093,0.7189970640909105,398,42,64
UNH,Healthcare,GRU,multiclass,15,5,4,0.5456542163038972,0.8179842631022135,398,42,64
UNH,Healthcare,GRU,multiclass,15,5,5,0.5245192450794143,0.8138810225895473,398,42,64
UNH,Healthcare,GRU,multiclass,15,5,6,0.4886349548946074,0.7890502838861375,398,42,64
UNH,Healthcare,GRU,multiclass,15,5,7,0.4330861933866338,0.8114445181120009,398,42,64
UNH,Healthcare,GRU,multiclass,15,5,8,0.45284816263309075,0.87601257505871,398,42,64
UNH,Healthcare,GRU,multiclass,15,5,9,0.41799520023504094,1.0606704609734672,398,42,64
UNH,Healthcare,GRU,multiclass,15,5,10,0.42598708011397163,0.962249619620187,398,42,64
UNH,Healthcare,GRU,multiclass,15,5,11,0.39930520824451543,1.1507378305707658,398,42,64
UNH,Healthcare,GRU,multiclass,15,5,12,0.3568089727181286,1.307567108245123,398,42,64
UNH,Healthcare,GRU,multiclass,15,5,13,0.34395248461608313,1.021910031636556,398,42,64
UNH,Healthcare,GRU,multiclass,15,5,14,0.30465747064082466,1.1237713382357644,398,42,64
UNH,Healthcare,GRU,multiclass,15,5,15,0.2904486926506512,1.234852949778239,398,42,64
UNH,Healthcare,GRU,multiclass,15,5,16,0.2796732664258037,1.0499069974535988,398,42,64
UNH,Healthcare,GRU,multiclass,15,5,17,0.29182008762455464,1.2260506550470989,398,42,64
UNH,Healthcare,GRU,multiclass,15,5,18,0.26437030283350443,1.1994547730400449,398,42,64
UNH,Healthcare,GRU,multiclass,15,5,19,0.24793369753576402,1.397660425731114,398,42,64
UNH,Healthcare,GRU,multiclass,15,5,20,0.24147160134123796,1.2471870467776345,398,42,64
UNH,Healthcare,GRU,multiclass,15,5,21,0.22391895500559303,1.417081321988787,398,42,64
UNH,Healthcare,GRU,multiclass,15,5,22,0.21662224275083397,1.3895966552552723,398,42,64
UPS,Services,GRU,multiclass,15,5,1,1.194597262233945,0.8934527550424848,398,42,64
UPS,Services,GRU,multiclass,15,5,2,0.8914363426179742,0.953525151525225,398,42,64
UPS,Services,GRU,multiclass,15,5,3,0.7350054607918514,1.0619912005606151,398,42,64
UPS,Services,GRU,multiclass,15,5,4,0.6290377291602705,1.111945350964864,398,42,64
UPS,Services,GRU,multiclass,15,5,5,0.5766176883898788,1.5421168577103388,398,42,64
UPS,Services,GRU,multiclass,15,5,6,0.5333496955171901,1.719354504630679,398,42,64
UPS,Services,GRU,multiclass,15,5,7,0.520725626592061,1.0831091290428525,398,42,64
UPS,Services,GRU,multiclass,15,5,8,0.475236121733584,1.8545145704632713,398,42,64
UPS,Services,GRU,multiclass,15,5,9,0.45411154822488525,1.7904649689084007,398,42,64
UPS,Services,GRU,multiclass,15,5,10,0.4145933214444012,2.3244662511916387,398,42,64
UPS,Services,GRU,multiclass,15,5,11,0.4073932748943118,1.4960233540762038,398,42,64
UPS,Services,GRU,multiclass,15,5,12,0.42239579011746986,2.189753838947841,398,42,64
UPS,Services,GRU,multiclass,15,5,13,0.39405538328927964,2.6737260534649803,398,42,64
UPS,Services,GRU,multiclass,15,5,14,0.3784249102200695,1.7861596459434146,398,42,64
UPS,Services,GRU,multiclass,15,5,15,0.37364643362898325,2.040382226308187,398,42,64
UPS,Services,GRU,multiclass,15,5,16,0.3376766503905531,2.4879681042262485,398,42,64
UPS,Services,GRU,multiclass,15,5,17,0.34404525437846256,1.8743896200543357,398,42,64
UPS,Services,GRU,multiclass,15,5,18,0.32339204570755886,2.433604842140561,398,42,64
UPS,Services,GRU,multiclass,15,5,19,0.31213402590859474,2.044431283360436,398,42,64
UPS,Services,GRU,multiclass,15,5,20,0.2924694391950291,2.108231612614223,398,42,64
UPS,Services,GRU,multiclass,15,5,21,0.2892917909813886,2.2487617447262718,398,42,64
UTX,Industrial Goods,GRU,multiclass,15,5,1,1.373012710456273,1.323635737101237,398,42,64
UTX,Industrial Goods,GRU,multiclass,15,5,2,0.8397066769887455,3.334014052436465,398,42,64
UTX,Industrial Goods,GRU,multiclass,15,5,3,0.7050705547608322,2.887507427306402,398,42,64
UTX,Industrial Goods,GRU,multiclass,15,5,4,0.6433711039960085,6.042650472550165,398,42,64
UTX,Industrial Goods,GRU,multiclass,15,5,5,0.5669254296688578,4.484249376115345,398,42,64
UTX,Industrial Goods,GRU,multiclass,15,5,6,0.4963943222958838,4.65963507833935,398,42,64
UTX,Industrial Goods,GRU,multiclass,15,5,7,0.5136972921877051,4.53002761659168,398,42,64
UTX,Industrial Goods,GRU,multiclass,15,5,8,0.5709999366920797,5.495968069349017,398,42,64
UTX,Industrial Goods,GRU,multiclass,15,5,9,0.4678664609565208,4.650520892370315,398,42,64
UTX,Industrial Goods,GRU,multiclass,15,5,10,0.4295310882767241,4.157575800305321,398,42,64
UTX,Industrial Goods,GRU,multiclass,15,5,11,0.39331412442665004,5.004026776268368,398,42,64
UTX,Industrial Goods,GRU,multiclass,15,5,12,0.4222465583577228,4.3268074081057595,398,42,64
UTX,Industrial Goods,GRU,multiclass,15,5,13,0.42445737393058125,5.961414473397391,398,42,64
UTX,Industrial Goods,GRU,multiclass,15,5,14,0.3698708738513927,4.7904401279631115,398,42,64
UTX,Industrial Goods,GRU,multiclass,15,5,15,0.313614080973606,4.620360238211496,398,42,64
UTX,Industrial Goods,GRU,multiclass,15,5,16,0.29487418117535175,4.430434397288731,398,42,64
UTX,Industrial Goods,GRU,multiclass,15,5,17,0.2856144726126637,3.7716692856379916,398,42,64
UTX,Industrial Goods,GRU,multiclass,15,5,18,0.27950317992936424,4.667639051164899,398,42,64
UTX,Industrial Goods,GRU,multiclass,15,5,19,0.2791359530920958,4.691890727906,398,42,64
UTX,Industrial Goods,GRU,multiclass,15,5,20,0.26301571869071405,4.436157885051909,398,42,64
UTX,Industrial Goods,GRU,multiclass,15,5,21,0.25129584129431737,4.786332289377849,398,42,64
V,Financial,GRU,multiclass,15,5,1,1.374815039898283,0.9933813015619913,398,42,64
V,Financial,GRU,multiclass,15,5,2,0.8446706305796178,1.1787418581190563,398,42,64
V,Financial,GRU,multiclass,15,5,3,0.8376620342983073,0.7311584239914304,398,42,64
V,Financial,GRU,multiclass,15,5,4,0.7655608031018895,0.9745848519461495,398,42,64
V,Financial,GRU,multiclass,15,5,5,0.6995407411800557,0.932033862386431,398,42,64
V,Financial,GRU,multiclass,15,5,6,0.6338253191967106,0.9143005098615374,398,42,64
V,Financial,GRU,multiclass,15,5,7,0.552302602547497,0.8881909506661552,398,42,64
V,Financial,GRU,multiclass,15,5,8,0.5059958223122448,1.0022547528857277,398,42,64
V,Financial,GRU,multiclass,15,5,9,0.48217522558854453,1.0279054641723633,398,42,64
V,Financial,GRU,multiclass,15,5,10,0.4406545789697062,0.7398224983896527,398,42,64
V,Financial,GRU,multiclass,15,5,11,0.46244845453219197,0.999089967636835,398,42,64
V,Financial,GRU,multiclass,15,5,12,0.41246875087220464,0.6798937916755676,398,42,64
V,Financial,GRU,multiclass,15,5,13,0.4164477147948203,0.7723268355642047,398,42,64
V,Financial,GRU,multiclass,15,5,14,0.3580317244158318,0.9845900308518183,398,42,64
V,Financial,GRU,multiclass,15,5,15,0.3531824542799188,1.112986025356111,398,42,64
V,Financial,GRU,multiclass,15,5,16,0.354529141031917,0.7989674040249416,398,42,64
V,Financial,GRU,multiclass,15,5,17,0.39933958327650426,1.2749695721126737,398,42,64
V,Financial,GRU,multiclass,15,5,18,0.390740106228608,1.1459212246395292,398,42,64
V,Financial,GRU,multiclass,15,5,19,0.3027413755505528,0.857592971551986,398,42,64
V,Financial,GRU,multiclass,15,5,20,0.2741968144274237,0.8948657597814288,398,42,64
V,Financial,GRU,multiclass,15,5,21,0.2535040693816228,0.9794844672793434,398,42,64
V,Financial,GRU,multiclass,15,5,22,0.23841935995236113,0.9659168266114735,398,42,64
V,Financial,GRU,multiclass,15,5,23,0.228722444581027,1.1658376909437633,398,42,64
V,Financial,GRU,multiclass,15,5,24,0.22751707265424967,0.9869533096040998,398,42,64
V,Financial,GRU,multiclass,15,5,25,0.23843439125535476,1.1398767176128568,398,42,64
V,Financial,GRU,multiclass,15,5,26,0.22857790646241538,1.5266278698330833,398,42,64
V,Financial,GRU,multiclass,15,5,27,0.21342649434379596,1.3230208555857341,398,42,64
V,Financial,GRU,multiclass,15,5,28,0.21171027541759624,1.4310174328940255,398,42,64
V,Financial,GRU,multiclass,15,5,29,0.20454784561341732,1.4335256417592366,398,42,64
V,Financial,GRU,multiclass,15,5,30,0.1979402284975627,1.5897008805047899,398,42,64
V,Financial,GRU,multiclass,15,5,31,0.19034713454282465,1.3194070600327992,398,42,64
V,Financial,GRU,multiclass,15,5,32,0.18616309799441141,1.6049277895972842,398,42,64
VZ,Technology,GRU,multiclass,15,5,1,1.132888709480439,2.003099169049944,398,42,64
VZ,Technology,GRU,multiclass,15,5,2,0.7355661080710253,2.3618621826171875,398,42,64
VZ,Technology,GRU,multiclass,15,5,3,0.5923494295259217,3.822920072646368,398,42,64
VZ,Technology,GRU,multiclass,15,5,4,0.5010090238185384,3.118674391791934,398,42,64
VZ,Technology,GRU,multiclass,15,5,5,0.4626986941500525,3.495514710744222,398,42,64
VZ,Technology,GRU,multiclass,15,5,6,0.44095761796936916,4.004668281191871,398,42,64
VZ,Technology,GRU,multiclass,15,5,7,0.4749632775783539,3.7120595886593772,398,42,64
VZ,Technology,GRU,multiclass,15,5,8,0.44767315026803234,3.9017522902715776,398,42,64
VZ,Technology,GRU,multiclass,15,5,9,0.4094841811974444,3.410266013372512,398,42,64
VZ,Technology,GRU,multiclass,15,5,10,0.38827567506375626,4.143641517275856,398,42,64
VZ,Technology,GRU,multiclass,15,5,11,0.35804321268695083,2.9145515419188,398,42,64
VZ,Technology,GRU,multiclass,15,5,12,0.3518225288570826,3.4822884060087658,398,42,64
VZ,Technology,GRU,multiclass,15,5,13,0.3722439770722509,3.6696163586207797,398,42,64
VZ,Technology,GRU,multiclass,15,5,14,0.3304240866072813,2.9962351208641413,398,42,64
VZ,Technology,GRU,multiclass,15,5,15,0.2953706255659985,3.2582368623642695,398,42,64
VZ,Technology,GRU,multiclass,15,5,16,0.2766635957824525,3.240942637125651,398,42,64
VZ,Technology,GRU,multiclass,15,5,17,0.2630877997258201,3.104013193221319,398,42,64
VZ,Technology,GRU,multiclass,15,5,18,0.25660362892114935,2.938754376910982,398,42,64
VZ,Technology,GRU,multiclass,15,5,19,0.244592061968305,2.71986300604684,398,42,64
VZ,Technology,GRU,multiclass,15,5,20,0.24127730914396256,2.575238193784441,398,42,64
VZ,Technology,GRU,multiclass,15,5,21,0.23401718066265834,3.0332777613685247,398,42,64
WFC,Financial,GRU,multiclass,15,5,1,1.2252083191620045,0.8133854184831891,398,42,64
WFC,Financial,GRU,multiclass,15,5,2,0.6957691130626141,1.9436038448697044,398,42,64
WFC,Financial,GRU,multiclass,15,5,3,0.5755247861596208,1.2184880517777943,398,42,64
WFC,Financial,GRU,multiclass,15,5,4,0.5417559539253388,2.080532017208281,398,42,64
WFC,Financial,GRU,multiclass,15,5,5,0.5128950349350071,1.6967877206348239,398,42,64
WFC,Financial,GRU,multiclass,15,5,6,0.5294815951855338,1.3890645787829445,398,42,64
WFC,Financial,GRU,multiclass,15,5,7,0.4747752575718578,2.781356629871187,398,42,64
WFC,Financial,GRU,multiclass,15,5,8,0.44212749211033386,1.7533767563956124,398,42,64
WFC,Financial,GRU,multiclass,15,5,9,0.3997398197051868,2.2182343346732005,398,42,64
WFC,Financial,GRU,multiclass,15,5,10,0.3883291105529172,1.883303165435791,398,42,64
WFC,Financial,GRU,multiclass,15,5,11,0.3533711099444921,2.046622219539824,398,42,64
WFC,Financial,GRU,multiclass,15,5,12,0.3453957044599044,1.8858060382661366,398,42,64
WFC,Financial,GRU,multiclass,15,5,13,0.32980048881104246,2.4474749110993885,398,42,64
WFC,Financial,GRU,multiclass,15,5,14,0.3069706661018295,1.8908259300958543,398,42,64
WFC,Financial,GRU,multiclass,15,5,15,0.2885993954224802,2.4209127880278087,398,42,64
WFC,Financial,GRU,multiclass,15,5,16,0.28563355238892923,1.9799737816765195,398,42,64
WFC,Financial,GRU,multiclass,15,5,17,0.2800684662620027,2.5730474903469993,398,42,64
WFC,Financial,GRU,multiclass,15,5,18,0.2741361386961673,2.1407088211604526,398,42,64
WFC,Financial,GRU,multiclass,15,5,19,0.2621747335447139,2.4016891661144437,398,42,64
WFC,Financial,GRU,multiclass,15,5,20,0.25783391177055226,2.062183766137986,398,42,64
WFC,Financial,GRU,multiclass,15,5,21,0.24587231784609695,2.3575975667862665,398,42,64
WMT,Services,GRU,multiclass,15,5,1,1.7143681485149729,1.484282842704228,398,42,64
WMT,Services,GRU,multiclass,15,5,2,1.0303089630663695,3.9852083921432495,398,42,64
WMT,Services,GRU,multiclass,15,5,3,0.786537974473819,4.109314379237947,398,42,64
WMT,Services,GRU,multiclass,15,5,4,0.7251696035490564,4.286924123764038,398,42,64
WMT,Services,GRU,multiclass,15,5,5,0.6060461262662207,3.3065150408517745,398,42,64
WMT,Services,GRU,multiclass,15,5,6,0.584606830498681,3.7703102089109874,398,42,64
WMT,Services,GRU,multiclass,15,5,7,0.5496653411256608,6.7734730924878805,398,42,64
WMT,Services,GRU,multiclass,15,5,8,0.48276615547175383,3.3682421843210855,398,42,64
WMT,Services,GRU,multiclass,15,5,9,0.47238430545557686,3.493157988502866,398,42,64
WMT,Services,GRU,multiclass,15,5,10,0.45128911299322116,3.8433859745661416,398,42,64
WMT,Services,GRU,multiclass,15,5,11,0.4818370493512657,2.9144506000337147,398,42,64
WMT,Services,GRU,multiclass,15,5,12,0.4042759796782355,5.62830917040507,398,42,64
WMT,Services,GRU,multiclass,15,5,13,0.37695155925487156,2.5298717759904408,398,42,64
WMT,Services,GRU,multiclass,15,5,14,0.33844159011864783,4.86326543490092,398,42,64
WMT,Services,GRU,multiclass,15,5,15,0.3133992955612777,3.3491362560363043,398,42,64
WMT,Services,GRU,multiclass,15,5,16,0.2957124507157647,4.206371670677548,398,42,64
WMT,Services,GRU,multiclass,15,5,17,0.2870760950161584,3.634154546828497,398,42,64
WMT,Services,GRU,multiclass,15,5,18,0.2847255861489617,4.5594227995191305,398,42,64
WMT,Services,GRU,multiclass,15,5,19,0.2916874250574927,3.539764551889329,398,42,64
WMT,Services,GRU,multiclass,15,5,20,0.28552129842228624,3.7053626775741577,398,42,64
WMT,Services,GRU,multiclass,15,5,21,0.27671804380177256,4.496991237004598,398,42,64
XOM,Basic Matierials,GRU,multiclass,15,5,1,1.5954089170724304,1.2145365476608276,398,42,64
XOM,Basic Matierials,GRU,multiclass,15,5,2,0.9443004463785257,1.313321488244193,398,42,64
XOM,Basic Matierials,GRU,multiclass,15,5,3,0.7655487542775408,2.0775372811726163,398,42,64
XOM,Basic Matierials,GRU,multiclass,15,5,4,0.6594864001226186,2.858143409093221,398,42,64
XOM,Basic Matierials,GRU,multiclass,15,5,5,0.6175778193689471,2.0419760601861134,398,42,64
XOM,Basic Matierials,GRU,multiclass,15,5,6,0.680649154749348,2.9361183586574735,398,42,64
XOM,Basic Matierials,GRU,multiclass,15,5,7,0.5899765871877047,2.553367336591085,398,42,64
XOM,Basic Matierials,GRU,multiclass,15,5,8,0.5279200142951467,2.904434624172392,398,42,64
XOM,Basic Matierials,GRU,multiclass,15,5,9,0.4812369791407082,2.670498405184065,398,42,64
XOM,Basic Matierials,GRU,multiclass,15,5,10,0.4784455089712862,2.0204895791553317,398,42,64
XOM,Basic Matierials,GRU,multiclass,15,5,11,0.4286172938107246,3.1633405571892146,398,42,64
XOM,Basic Matierials,GRU,multiclass,15,5,12,0.44499984698079936,1.8608795801798503,398,42,64
XOM,Basic Matierials,GRU,multiclass,15,5,13,0.4307712025229056,2.7070750281924294,398,42,64
XOM,Basic Matierials,GRU,multiclass,15,5,14,0.37355276785004676,2.4658300479253135,398,42,64
XOM,Basic Matierials,GRU,multiclass,15,5,15,0.32651269495786733,2.386465793564206,398,42,64
XOM,Basic Matierials,GRU,multiclass,15,5,16,0.2986886480720199,2.5089951015654064,398,42,64
XOM,Basic Matierials,GRU,multiclass,15,5,17,0.3001610374630396,2.066840506735302,398,42,64
XOM,Basic Matierials,GRU,multiclass,15,5,18,0.3129620327422367,2.3086674156643094,398,42,64
XOM,Basic Matierials,GRU,multiclass,15,5,19,0.315497978286228,1.9157658190954299,398,42,64
XOM,Basic Matierials,GRU,multiclass,15,5,20,0.30528001932792326,1.896060824394226,398,42,64
XOM,Basic Matierials,GRU,multiclass,15,5,21,0.2748654649859697,2.163222903297061,398,42,64
